+----------------------------------------------------+
| loading miniforge with conda 24.7.1 and python 3.9 |
+----------------------------------------------------+

Thu Nov 20 19:02:55 CST 2025
/work/u4526725/ntuh/nnUNet
/work/u4526725/Dataset/nnUNet/nnUNet_raw
/work/u4526725/Dataset/nnUNet/nnUNet_preprocessed
/work/u4526725/Dataset/nnUNet/nnUNet_results
/work/u4526725/Dataset/nnUNet/nnUNet_predictions
/home/u4526725/.conda/envs/nnUNet/bin:/work/HPC_SYS/twnia2/pkg-rocky8/tools/miniforge/Miniforge-pypy3-24.7.1-2/condabin:/opt/conda/bin:/opt/conda/bin:/home/u4526725/.vscode-server/data/User/globalStorage/github.copilot-chat/copilotCli:/home/u4526725/.vscode-server/data/User/globalStorage/github.copilot-chat/debugCommand:/home/u4526725/.vscode-server/cli/servers/Stable-cb1933bbc38d329b3595673a600fab5c7368f0a7/server/bin/remote-cli:/opt/conda/bin:/usr/local/bin:/usr/bin:/usr/local/sbin:/usr/sbin:/home/u4526725/.vscode-server/extensions/ms-python.debugpy-2025.16.0-linux-x64/bundled/scripts/noConfigScripts:/home/u4526725/.local/bin:/home/u4526725/bin:/home/u4526725/.local/bin:/home/u4526725/.local/bin

############################
INFO: You are using the old nnU-Net default plans. We have updated our recommendations. Please consider using those instead! Read more here: https://github.com/MIC-DKFZ/nnUNet/blob/master/documentation/resenc_presets.md
############################

Using device: cuda:0

#######################################################################
Please cite the following paper when using nnU-Net:
Isensee, F., Jaeger, P. F., Kohl, S. A., Petersen, J., & Maier-Hein, K. H. (2021). nnU-Net: a self-configuring method for deep learning-based biomedical image segmentation. Nature methods, 18(2), 203-211.
#######################################################################

2025-11-20 19:03:00.404219: Using torch.compile...
2025-11-20 19:03:01.932883: do_dummy_2d_data_aug: False
2025-11-20 19:03:01.933316: Using splits from existing split file: /work/u4526725/Dataset/nnUNet/nnUNet_preprocessed/Dataset306_aicup2025/splits_final.json
2025-11-20 19:03:01.933492: The split file contains 5 splits.
2025-11-20 19:03:01.933560: Desired fold for training: 3
2025-11-20 19:03:01.933616: This split has 40 training and 10 validation cases.
using pin_memory on device 0
/home/u4526725/.local/lib/python3.12/site-packages/fft_conv_pytorch/fft_conv.py:139: UserWarning: Using a non-tuple sequence for multidimensional indexing is deprecated and will be changed in pytorch 2.9; use x[tuple(seq)] instead of x[seq]. In pytorch 2.9 this will be interpreted as tensor index, x[torch.tensor(seq)], which will result either in an error or a different result (Triggered internally at /pytorch/torch/csrc/autograd/python_variable_indexing.cpp:306.)
  output = output[crop_slices].contiguous()
/home/u4526725/.local/lib/python3.12/site-packages/fft_conv_pytorch/fft_conv.py:139: UserWarning: Using a non-tuple sequence for multidimensional indexing is deprecated and will be changed in pytorch 2.9; use x[tuple(seq)] instead of x[seq]. In pytorch 2.9 this will be interpreted as tensor index, x[torch.tensor(seq)], which will result either in an error or a different result (Triggered internally at /pytorch/torch/csrc/autograd/python_variable_indexing.cpp:306.)
  output = output[crop_slices].contiguous()
/home/u4526725/.local/lib/python3.12/site-packages/fft_conv_pytorch/fft_conv.py:139: UserWarning: Using a non-tuple sequence for multidimensional indexing is deprecated and will be changed in pytorch 2.9; use x[tuple(seq)] instead of x[seq]. In pytorch 2.9 this will be interpreted as tensor index, x[torch.tensor(seq)], which will result either in an error or a different result (Triggered internally at /pytorch/torch/csrc/autograd/python_variable_indexing.cpp:306.)
  output = output[crop_slices].contiguous()
/home/u4526725/.local/lib/python3.12/site-packages/fft_conv_pytorch/fft_conv.py:139: UserWarning: Using a non-tuple sequence for multidimensional indexing is deprecated and will be changed in pytorch 2.9; use x[tuple(seq)] instead of x[seq]. In pytorch 2.9 this will be interpreted as tensor index, x[torch.tensor(seq)], which will result either in an error or a different result (Triggered internally at /pytorch/torch/csrc/autograd/python_variable_indexing.cpp:306.)
  output = output[crop_slices].contiguous()
/home/u4526725/.local/lib/python3.12/site-packages/fft_conv_pytorch/fft_conv.py:139: UserWarning: Using a non-tuple sequence for multidimensional indexing is deprecated and will be changed in pytorch 2.9; use x[tuple(seq)] instead of x[seq]. In pytorch 2.9 this will be interpreted as tensor index, x[torch.tensor(seq)], which will result either in an error or a different result (Triggered internally at /pytorch/torch/csrc/autograd/python_variable_indexing.cpp:306.)
  output = output[crop_slices].contiguous()
/home/u4526725/.local/lib/python3.12/site-packages/fft_conv_pytorch/fft_conv.py:139: UserWarning: Using a non-tuple sequence for multidimensional indexing is deprecated and will be changed in pytorch 2.9; use x[tuple(seq)] instead of x[seq]. In pytorch 2.9 this will be interpreted as tensor index, x[torch.tensor(seq)], which will result either in an error or a different result (Triggered internally at /pytorch/torch/csrc/autograd/python_variable_indexing.cpp:306.)
  output = output[crop_slices].contiguous()
/home/u4526725/.local/lib/python3.12/site-packages/fft_conv_pytorch/fft_conv.py:139: UserWarning: Using a non-tuple sequence for multidimensional indexing is deprecated and will be changed in pytorch 2.9; use x[tuple(seq)] instead of x[seq]. In pytorch 2.9 this will be interpreted as tensor index, x[torch.tensor(seq)], which will result either in an error or a different result (Triggered internally at /pytorch/torch/csrc/autograd/python_variable_indexing.cpp:306.)
  output = output[crop_slices].contiguous()
/home/u4526725/.local/lib/python3.12/site-packages/fft_conv_pytorch/fft_conv.py:139: UserWarning: Using a non-tuple sequence for multidimensional indexing is deprecated and will be changed in pytorch 2.9; use x[tuple(seq)] instead of x[seq]. In pytorch 2.9 this will be interpreted as tensor index, x[torch.tensor(seq)], which will result either in an error or a different result (Triggered internally at /pytorch/torch/csrc/autograd/python_variable_indexing.cpp:306.)
  output = output[crop_slices].contiguous()
/home/u4526725/.local/lib/python3.12/site-packages/fft_conv_pytorch/fft_conv.py:139: UserWarning: Using a non-tuple sequence for multidimensional indexing is deprecated and will be changed in pytorch 2.9; use x[tuple(seq)] instead of x[seq]. In pytorch 2.9 this will be interpreted as tensor index, x[torch.tensor(seq)], which will result either in an error or a different result (Triggered internally at /pytorch/torch/csrc/autograd/python_variable_indexing.cpp:306.)
  output = output[crop_slices].contiguous()
/home/u4526725/.local/lib/python3.12/site-packages/fft_conv_pytorch/fft_conv.py:139: UserWarning: Using a non-tuple sequence for multidimensional indexing is deprecated and will be changed in pytorch 2.9; use x[tuple(seq)] instead of x[seq]. In pytorch 2.9 this will be interpreted as tensor index, x[torch.tensor(seq)], which will result either in an error or a different result (Triggered internally at /pytorch/torch/csrc/autograd/python_variable_indexing.cpp:306.)
  output = output[crop_slices].contiguous()
/home/u4526725/.local/lib/python3.12/site-packages/fft_conv_pytorch/fft_conv.py:139: UserWarning: Using a non-tuple sequence for multidimensional indexing is deprecated and will be changed in pytorch 2.9; use x[tuple(seq)] instead of x[seq]. In pytorch 2.9 this will be interpreted as tensor index, x[torch.tensor(seq)], which will result either in an error or a different result (Triggered internally at /pytorch/torch/csrc/autograd/python_variable_indexing.cpp:306.)
  output = output[crop_slices].contiguous()
/home/u4526725/.local/lib/python3.12/site-packages/fft_conv_pytorch/fft_conv.py:139: UserWarning: Using a non-tuple sequence for multidimensional indexing is deprecated and will be changed in pytorch 2.9; use x[tuple(seq)] instead of x[seq]. In pytorch 2.9 this will be interpreted as tensor index, x[torch.tensor(seq)], which will result either in an error or a different result (Triggered internally at /pytorch/torch/csrc/autograd/python_variable_indexing.cpp:306.)
  output = output[crop_slices].contiguous()
using pin_memory on device 0

This is the configuration used by this training:
Configuration name: 3d_fullres
 {'data_identifier': 'nnUNetPlans_3d_fullres', 'preprocessor_name': 'DefaultPreprocessor', 'batch_size': 2, 'patch_size': [96, 160, 160], 'median_image_size_in_voxels': [302.5, 512.0, 512.0], 'spacing': [0.5, 0.39453125, 0.39453125], 'normalization_schemes': ['CTNormalization'], 'use_mask_for_norm': [False], 'resampling_fn_data': 'resample_data_or_seg_to_shape', 'resampling_fn_seg': 'resample_data_or_seg_to_shape', 'resampling_fn_data_kwargs': {'is_seg': False, 'order': 3, 'order_z': 0, 'force_separate_z': None}, 'resampling_fn_seg_kwargs': {'is_seg': True, 'order': 1, 'order_z': 0, 'force_separate_z': None}, 'resampling_fn_probabilities': 'resample_data_or_seg_to_shape', 'resampling_fn_probabilities_kwargs': {'is_seg': False, 'order': 1, 'order_z': 0, 'force_separate_z': None}, 'architecture': {'network_class_name': 'dynamic_network_architectures.architectures.unet.PlainConvUNet', 'arch_kwargs': {'n_stages': 6, 'features_per_stage': [32, 64, 128, 256, 320, 320], 'conv_op': 'torch.nn.modules.conv.Conv3d', 'kernel_sizes': [[3, 3, 3], [3, 3, 3], [3, 3, 3], [3, 3, 3], [3, 3, 3], [3, 3, 3]], 'strides': [[1, 1, 1], [2, 2, 2], [2, 2, 2], [2, 2, 2], [2, 2, 2], [1, 2, 2]], 'n_conv_per_stage': [2, 2, 2, 2, 2, 2], 'n_conv_per_stage_decoder': [2, 2, 2, 2, 2], 'conv_bias': True, 'norm_op': 'torch.nn.modules.instancenorm.InstanceNorm3d', 'norm_op_kwargs': {'eps': 1e-05, 'affine': True}, 'dropout_op': None, 'dropout_op_kwargs': None, 'nonlin': 'torch.nn.LeakyReLU', 'nonlin_kwargs': {'inplace': True}}, '_kw_requires_import': ['conv_op', 'norm_op', 'dropout_op', 'nonlin']}, 'batch_dice': True} 

These are the global plan.json settings:
 {'dataset_name': 'Dataset306_aicup2025', 'plans_name': 'nnUNetPlans', 'original_median_spacing_after_transp': [0.5, 0.39453125, 0.39453125], 'original_median_shape_after_transp': [340, 512, 512], 'image_reader_writer': 'NibabelIOWithReorient', 'transpose_forward': [0, 1, 2], 'transpose_backward': [0, 1, 2], 'experiment_planner_used': 'ExperimentPlanner', 'label_manager': 'LabelManager', 'foreground_intensity_properties_per_channel': {'0': {'max': 1819.0, 'mean': 136.50274658203125, 'median': 115.0, 'min': -873.0, 'percentile_00_5': -30.0, 'percentile_99_5': 478.0, 'std': 91.3067398071289}}} 

2025-11-20 19:03:04.467177: Unable to plot network architecture: nnUNet_compile is enabled!
2025-11-20 19:03:04.503983: 
2025-11-20 19:03:04.504143: Epoch 0
2025-11-20 19:03:04.504319: Current learning rate: 0.01
2025-11-20 19:04:46.127946: train_loss -0.105
2025-11-20 19:04:46.128277: val_loss -0.1819
2025-11-20 19:04:46.128387: Pseudo dice [np.float32(0.6017), np.float32(0.3176), np.float32(0.0)]
2025-11-20 19:04:46.128489: Epoch time: 101.63 s
2025-11-20 19:04:46.128569: Yayy! New best EMA pseudo Dice: 0.30640000104904175
2025-11-20 19:04:47.313304: 
2025-11-20 19:04:47.313596: Epoch 1
2025-11-20 19:04:47.313722: Current learning rate: 0.00999
2025-11-20 19:05:56.434315: train_loss -0.2088
2025-11-20 19:05:56.434672: val_loss -0.2204
2025-11-20 19:05:56.434777: Pseudo dice [np.float32(0.6965), np.float32(0.3276), np.float32(0.0)]
2025-11-20 19:05:56.440518: Epoch time: 69.12 s
2025-11-20 19:05:56.440754: Yayy! New best EMA pseudo Dice: 0.3098999857902527
2025-11-20 19:05:58.266534: 
2025-11-20 19:05:58.266732: Epoch 2
2025-11-20 19:05:58.266845: Current learning rate: 0.00998
2025-11-20 19:07:04.630190: train_loss -0.257
2025-11-20 19:07:04.630444: val_loss -0.3221
2025-11-20 19:07:04.630547: Pseudo dice [np.float32(0.7422), np.float32(0.533), np.float32(0.0)]
2025-11-20 19:07:04.630648: Epoch time: 66.36 s
2025-11-20 19:07:04.630732: Yayy! New best EMA pseudo Dice: 0.3215000033378601
2025-11-20 19:07:06.103424: 
2025-11-20 19:07:06.103632: Epoch 3
2025-11-20 19:07:06.103747: Current learning rate: 0.00997
2025-11-20 19:08:14.303557: train_loss -0.3022
2025-11-20 19:08:14.305389: val_loss -0.3082
2025-11-20 19:08:14.305499: Pseudo dice [np.float32(0.7184), np.float32(0.5484), np.float32(0.0)]
2025-11-20 19:08:14.305596: Epoch time: 68.2 s
2025-11-20 19:08:14.305671: Yayy! New best EMA pseudo Dice: 0.33149999380111694
2025-11-20 19:08:16.297723: 
2025-11-20 19:08:16.297924: Epoch 4
2025-11-20 19:08:16.298044: Current learning rate: 0.00996
2025-11-20 19:09:26.579167: train_loss -0.3029
2025-11-20 19:09:26.579455: val_loss -0.3268
2025-11-20 19:09:26.579551: Pseudo dice [np.float32(0.7741), np.float32(0.5831), np.float32(0.0)]
2025-11-20 19:09:26.579647: Epoch time: 70.28 s
2025-11-20 19:09:26.580889: Yayy! New best EMA pseudo Dice: 0.34360000491142273
2025-11-20 19:09:28.149520: 
2025-11-20 19:09:28.149771: Epoch 5
2025-11-20 19:09:28.149907: Current learning rate: 0.00995
2025-11-20 19:10:37.848518: train_loss -0.3412
2025-11-20 19:10:37.848819: val_loss -0.3543
2025-11-20 19:10:37.848921: Pseudo dice [np.float32(0.7948), np.float32(0.623), np.float32(0.0)]
2025-11-20 19:10:37.849017: Epoch time: 69.7 s
2025-11-20 19:10:37.849094: Yayy! New best EMA pseudo Dice: 0.3564999997615814
2025-11-20 19:10:39.221274: 
2025-11-20 19:10:39.221570: Epoch 6
2025-11-20 19:10:39.221696: Current learning rate: 0.00995
2025-11-20 19:11:52.342244: train_loss -0.3336
2025-11-20 19:11:52.342520: val_loss -0.3515
2025-11-20 19:11:52.342623: Pseudo dice [np.float32(0.8176), np.float32(0.5979), np.float32(0.0)]
2025-11-20 19:11:52.342724: Epoch time: 73.12 s
2025-11-20 19:11:52.342874: Yayy! New best EMA pseudo Dice: 0.36809998750686646
2025-11-20 19:11:53.779793: 
2025-11-20 19:11:53.780045: Epoch 7
2025-11-20 19:11:53.780182: Current learning rate: 0.00994
2025-11-20 19:13:02.685364: train_loss -0.3654
2025-11-20 19:13:02.685651: val_loss -0.3807
2025-11-20 19:13:02.685760: Pseudo dice [np.float32(0.8213), np.float32(0.6454), np.float32(0.0)]
2025-11-20 19:13:02.685865: Epoch time: 68.91 s
2025-11-20 19:13:02.685945: Yayy! New best EMA pseudo Dice: 0.3801000118255615
2025-11-20 19:13:04.995917: 
2025-11-20 19:13:04.996136: Epoch 8
2025-11-20 19:13:04.996263: Current learning rate: 0.00993
2025-11-20 19:14:12.093356: train_loss -0.3582
2025-11-20 19:14:12.094404: val_loss -0.394
2025-11-20 19:14:12.094526: Pseudo dice [np.float32(0.8318), np.float32(0.6456), np.float32(0.0)]
2025-11-20 19:14:12.094635: Epoch time: 67.1 s
2025-11-20 19:14:12.094716: Yayy! New best EMA pseudo Dice: 0.391400009393692
2025-11-20 19:14:13.728286: 
2025-11-20 19:14:13.728537: Epoch 9
2025-11-20 19:14:13.728661: Current learning rate: 0.00992
2025-11-20 19:15:20.015157: train_loss -0.3706
2025-11-20 19:15:20.015546: val_loss -0.3754
2025-11-20 19:15:20.015654: Pseudo dice [np.float32(0.8298), np.float32(0.6511), np.float32(0.0)]
2025-11-20 19:15:20.015756: Epoch time: 66.29 s
2025-11-20 19:15:20.015834: Yayy! New best EMA pseudo Dice: 0.4016000032424927
2025-11-20 19:15:21.977705: 
2025-11-20 19:15:21.977907: Epoch 10
2025-11-20 19:15:21.978024: Current learning rate: 0.00991
2025-11-20 19:16:32.296880: train_loss -0.3769
2025-11-20 19:16:32.297112: val_loss -0.372
2025-11-20 19:16:32.297306: Pseudo dice [np.float32(0.8385), np.float32(0.6176), np.float32(0.0)]
2025-11-20 19:16:32.297420: Epoch time: 70.32 s
2025-11-20 19:16:32.297504: Yayy! New best EMA pseudo Dice: 0.4099999964237213
2025-11-20 19:16:33.741331: 
2025-11-20 19:16:33.741631: Epoch 11
2025-11-20 19:16:33.741759: Current learning rate: 0.0099
2025-11-20 19:17:42.168543: train_loss -0.3678
2025-11-20 19:17:42.168806: val_loss -0.3558
2025-11-20 19:17:42.168909: Pseudo dice [np.float32(0.831), np.float32(0.6539), np.float32(0.0)]
2025-11-20 19:17:42.169014: Epoch time: 68.43 s
2025-11-20 19:17:42.169091: Yayy! New best EMA pseudo Dice: 0.41850000619888306
2025-11-20 19:17:43.696872: 
2025-11-20 19:17:43.697056: Epoch 12
2025-11-20 19:17:43.697181: Current learning rate: 0.00989
2025-11-20 19:18:54.863111: train_loss -0.3767
2025-11-20 19:18:54.863379: val_loss -0.3995
2025-11-20 19:18:54.863481: Pseudo dice [np.float32(0.8521), np.float32(0.6644), np.float32(0.0)]
2025-11-20 19:18:54.863580: Epoch time: 71.17 s
2025-11-20 19:18:54.863658: Yayy! New best EMA pseudo Dice: 0.42719998955726624
2025-11-20 19:18:57.168534: 
2025-11-20 19:18:57.168827: Epoch 13
2025-11-20 19:18:57.168957: Current learning rate: 0.00988
2025-11-20 19:20:05.284470: train_loss -0.3904
2025-11-20 19:20:05.284763: val_loss -0.4073
2025-11-20 19:20:05.284869: Pseudo dice [np.float32(0.8278), np.float32(0.6807), np.float32(0.0)]
2025-11-20 19:20:05.284976: Epoch time: 68.12 s
2025-11-20 19:20:05.285058: Yayy! New best EMA pseudo Dice: 0.43470001220703125
2025-11-20 19:20:07.316989: 
2025-11-20 19:20:07.317201: Epoch 14
2025-11-20 19:20:07.317372: Current learning rate: 0.00987
2025-11-20 19:21:16.409618: train_loss -0.3864
2025-11-20 19:21:16.409891: val_loss -0.4179
2025-11-20 19:21:16.410021: Pseudo dice [np.float32(0.8407), np.float32(0.7024), np.float32(0.0)]
2025-11-20 19:21:16.410126: Epoch time: 69.09 s
2025-11-20 19:21:16.410216: Yayy! New best EMA pseudo Dice: 0.44269999861717224
2025-11-20 19:21:18.143849: 
2025-11-20 19:21:18.144043: Epoch 15
2025-11-20 19:21:18.144167: Current learning rate: 0.00986
2025-11-20 19:22:29.805417: train_loss -0.4115
2025-11-20 19:22:29.806244: val_loss -0.4029
2025-11-20 19:22:29.806358: Pseudo dice [np.float32(0.8314), np.float32(0.6762), np.float32(0.0)]
2025-11-20 19:22:29.806455: Epoch time: 71.66 s
2025-11-20 19:22:29.806528: Yayy! New best EMA pseudo Dice: 0.4487000107765198
2025-11-20 19:22:31.292013: 
2025-11-20 19:22:31.292273: Epoch 16
2025-11-20 19:22:31.292447: Current learning rate: 0.00986
2025-11-20 19:23:41.669503: train_loss -0.4015
2025-11-20 19:23:41.669783: val_loss -0.423
2025-11-20 19:23:41.669887: Pseudo dice [np.float32(0.8671), np.float32(0.6853), np.float32(0.0)]
2025-11-20 19:23:41.669987: Epoch time: 70.38 s
2025-11-20 19:23:41.670065: Yayy! New best EMA pseudo Dice: 0.45559999346733093
2025-11-20 19:23:43.208365: 
2025-11-20 19:23:43.208594: Epoch 17
2025-11-20 19:23:43.208715: Current learning rate: 0.00985
2025-11-20 19:24:52.441560: train_loss -0.4101
2025-11-20 19:24:52.441840: val_loss -0.4026
2025-11-20 19:24:52.441935: Pseudo dice [np.float32(0.8699), np.float32(0.6874), np.float32(0.0)]
2025-11-20 19:24:52.442032: Epoch time: 69.23 s
2025-11-20 19:24:52.442105: Yayy! New best EMA pseudo Dice: 0.461899995803833
2025-11-20 19:24:53.970565: 
2025-11-20 19:24:53.970742: Epoch 18
2025-11-20 19:24:53.970859: Current learning rate: 0.00984
2025-11-20 19:26:04.906842: train_loss -0.4149
2025-11-20 19:26:04.911909: val_loss -0.4155
2025-11-20 19:26:04.912031: Pseudo dice [np.float32(0.8463), np.float32(0.6877), np.float32(0.0)]
2025-11-20 19:26:04.912131: Epoch time: 70.94 s
2025-11-20 19:26:04.912214: Yayy! New best EMA pseudo Dice: 0.4668999910354614
2025-11-20 19:26:06.463776: 
2025-11-20 19:26:06.464045: Epoch 19
2025-11-20 19:26:06.464169: Current learning rate: 0.00983
2025-11-20 19:27:14.305255: train_loss -0.4122
2025-11-20 19:27:14.305582: val_loss -0.3828
2025-11-20 19:27:14.305748: Pseudo dice [np.float32(0.8567), np.float32(0.6762), np.float32(0.0)]
2025-11-20 19:27:14.305856: Epoch time: 67.84 s
2025-11-20 19:27:14.305938: Yayy! New best EMA pseudo Dice: 0.47130000591278076
2025-11-20 19:27:15.972983: 
2025-11-20 19:27:15.973230: Epoch 20
2025-11-20 19:27:15.973358: Current learning rate: 0.00982
2025-11-20 19:28:25.450354: train_loss -0.4006
2025-11-20 19:28:25.450630: val_loss -0.4051
2025-11-20 19:28:25.450734: Pseudo dice [np.float32(0.8616), np.float32(0.6899), np.float32(0.0)]
2025-11-20 19:28:25.450838: Epoch time: 69.48 s
2025-11-20 19:28:25.450918: Yayy! New best EMA pseudo Dice: 0.47589999437332153
2025-11-20 19:28:27.578425: 
2025-11-20 19:28:27.578695: Epoch 21
2025-11-20 19:28:27.578823: Current learning rate: 0.00981
2025-11-20 19:29:38.215461: train_loss -0.4129
2025-11-20 19:29:38.215783: val_loss -0.4343
2025-11-20 19:29:38.215879: Pseudo dice [np.float32(0.8578), np.float32(0.6942), np.float32(0.0)]
2025-11-20 19:29:38.215975: Epoch time: 70.64 s
2025-11-20 19:29:38.216049: Yayy! New best EMA pseudo Dice: 0.47999998927116394
2025-11-20 19:29:39.975918: 
2025-11-20 19:29:39.976107: Epoch 22
2025-11-20 19:29:39.976233: Current learning rate: 0.0098
2025-11-20 19:30:49.488642: train_loss -0.4231
2025-11-20 19:30:49.488898: val_loss -0.4574
2025-11-20 19:30:49.488992: Pseudo dice [np.float32(0.8713), np.float32(0.7319), np.float32(0.0)]
2025-11-20 19:30:49.489085: Epoch time: 69.51 s
2025-11-20 19:30:49.489156: Yayy! New best EMA pseudo Dice: 0.48539999127388
2025-11-20 19:30:50.925787: 
2025-11-20 19:30:50.926008: Epoch 23
2025-11-20 19:30:50.926135: Current learning rate: 0.00979
2025-11-20 19:32:04.528382: train_loss -0.4123
2025-11-20 19:32:04.528611: val_loss -0.4225
2025-11-20 19:32:04.528715: Pseudo dice [np.float32(0.8857), np.float32(0.72), np.float32(0.0)]
2025-11-20 19:32:04.528818: Epoch time: 73.6 s
2025-11-20 19:32:04.528897: Yayy! New best EMA pseudo Dice: 0.4903999865055084
2025-11-20 19:32:07.498989: 
2025-11-20 19:32:07.499219: Epoch 24
2025-11-20 19:32:07.499401: Current learning rate: 0.00978
2025-11-20 19:33:17.791264: train_loss -0.4144
2025-11-20 19:33:17.791509: val_loss -0.4494
2025-11-20 19:33:17.791604: Pseudo dice [np.float32(0.8618), np.float32(0.7224), np.float32(0.0)]
2025-11-20 19:33:17.791696: Epoch time: 70.29 s
2025-11-20 19:33:17.791767: Yayy! New best EMA pseudo Dice: 0.4941999912261963
2025-11-20 19:33:19.176902: 
2025-11-20 19:33:19.177126: Epoch 25
2025-11-20 19:33:19.177250: Current learning rate: 0.00977
2025-11-20 19:34:24.135781: train_loss -0.4172
2025-11-20 19:34:24.136121: val_loss -0.4387
2025-11-20 19:34:24.136220: Pseudo dice [np.float32(0.8578), np.float32(0.7086), np.float32(0.0)]
2025-11-20 19:34:24.136314: Epoch time: 64.96 s
2025-11-20 19:34:24.136402: Yayy! New best EMA pseudo Dice: 0.4970000088214874
2025-11-20 19:34:25.513922: 
2025-11-20 19:34:25.514213: Epoch 26
2025-11-20 19:34:25.514398: Current learning rate: 0.00977
2025-11-20 19:35:33.705464: train_loss -0.4317
2025-11-20 19:35:33.705836: val_loss -0.4558
2025-11-20 19:35:33.705941: Pseudo dice [np.float32(0.8616), np.float32(0.721), np.float32(0.0)]
2025-11-20 19:35:33.706043: Epoch time: 68.19 s
2025-11-20 19:35:33.706120: Yayy! New best EMA pseudo Dice: 0.5
2025-11-20 19:35:35.701725: 
2025-11-20 19:35:35.701971: Epoch 27
2025-11-20 19:35:35.702094: Current learning rate: 0.00976
2025-11-20 19:36:45.953947: train_loss -0.426
2025-11-20 19:36:45.954237: val_loss -0.4156
2025-11-20 19:36:45.954344: Pseudo dice [np.float32(0.8485), np.float32(0.6996), np.float32(0.0)]
2025-11-20 19:36:45.954447: Epoch time: 70.25 s
2025-11-20 19:36:45.954525: Yayy! New best EMA pseudo Dice: 0.5016000270843506
2025-11-20 19:36:47.353215: 
2025-11-20 19:36:47.353466: Epoch 28
2025-11-20 19:36:47.353619: Current learning rate: 0.00975
2025-11-20 19:37:56.277401: train_loss -0.433
2025-11-20 19:37:56.279346: val_loss -0.4435
2025-11-20 19:37:56.279458: Pseudo dice [np.float32(0.854), np.float32(0.714), np.float32(0.0)]
2025-11-20 19:37:56.279554: Epoch time: 68.93 s
2025-11-20 19:37:56.279627: Yayy! New best EMA pseudo Dice: 0.5037000179290771
2025-11-20 19:37:58.858245: 
2025-11-20 19:37:58.858436: Epoch 29
2025-11-20 19:37:58.858548: Current learning rate: 0.00974
2025-11-20 19:39:04.989437: train_loss -0.4157
2025-11-20 19:39:04.989721: val_loss -0.4413
2025-11-20 19:39:04.989825: Pseudo dice [np.float32(0.8863), np.float32(0.7124), np.float32(0.0)]
2025-11-20 19:39:04.989929: Epoch time: 66.13 s
2025-11-20 19:39:04.990010: Yayy! New best EMA pseudo Dice: 0.5066999793052673
2025-11-20 19:39:07.002204: 
2025-11-20 19:39:07.002385: Epoch 30
2025-11-20 19:39:07.002499: Current learning rate: 0.00973
2025-11-20 19:40:14.384808: train_loss -0.4358
2025-11-20 19:40:14.385144: val_loss -0.4302
2025-11-20 19:40:14.385251: Pseudo dice [np.float32(0.8758), np.float32(0.6954), np.float32(0.0)]
2025-11-20 19:40:14.385351: Epoch time: 67.38 s
2025-11-20 19:40:14.385424: Yayy! New best EMA pseudo Dice: 0.508400022983551
2025-11-20 19:40:15.832095: 
2025-11-20 19:40:15.832393: Epoch 31
2025-11-20 19:40:15.832554: Current learning rate: 0.00972
2025-11-20 19:41:22.720809: train_loss -0.4346
2025-11-20 19:41:22.722691: val_loss -0.438
2025-11-20 19:41:22.722794: Pseudo dice [np.float32(0.8841), np.float32(0.7112), np.float32(0.0)]
2025-11-20 19:41:22.722960: Epoch time: 66.89 s
2025-11-20 19:41:22.723042: Yayy! New best EMA pseudo Dice: 0.510699987411499
2025-11-20 19:41:24.340638: 
2025-11-20 19:41:24.340817: Epoch 32
2025-11-20 19:41:24.340933: Current learning rate: 0.00971
2025-11-20 19:42:36.538533: train_loss -0.4254
2025-11-20 19:42:36.538930: val_loss -0.4218
2025-11-20 19:42:36.539041: Pseudo dice [np.float32(0.8728), np.float32(0.672), np.float32(0.0)]
2025-11-20 19:42:36.539146: Epoch time: 72.2 s
2025-11-20 19:42:36.539232: Yayy! New best EMA pseudo Dice: 0.5110999941825867
2025-11-20 19:42:38.347081: 
2025-11-20 19:42:38.347352: Epoch 33
2025-11-20 19:42:38.347490: Current learning rate: 0.0097
2025-11-20 19:43:48.239738: train_loss -0.4243
2025-11-20 19:43:48.240001: val_loss -0.4357
2025-11-20 19:43:48.240101: Pseudo dice [np.float32(0.8807), np.float32(0.7222), np.float32(0.0)]
2025-11-20 19:43:48.242336: Epoch time: 69.89 s
2025-11-20 19:43:48.242593: Yayy! New best EMA pseudo Dice: 0.5134000182151794
2025-11-20 19:43:50.296129: 
2025-11-20 19:43:50.296322: Epoch 34
2025-11-20 19:43:50.296435: Current learning rate: 0.00969
2025-11-20 19:44:57.908936: train_loss -0.432
2025-11-20 19:44:57.909235: val_loss -0.4575
2025-11-20 19:44:57.909344: Pseudo dice [np.float32(0.8584), np.float32(0.7174), np.float32(0.0)]
2025-11-20 19:44:57.909445: Epoch time: 67.61 s
2025-11-20 19:44:57.909525: Yayy! New best EMA pseudo Dice: 0.5145999789237976
2025-11-20 19:44:59.628793: 
2025-11-20 19:44:59.629114: Epoch 35
2025-11-20 19:44:59.629257: Current learning rate: 0.00968
2025-11-20 19:46:09.280592: train_loss -0.4391
2025-11-20 19:46:09.280864: val_loss -0.4575
2025-11-20 19:46:09.280968: Pseudo dice [np.float32(0.8717), np.float32(0.7052), np.float32(0.0)]
2025-11-20 19:46:09.281073: Epoch time: 69.65 s
2025-11-20 19:46:09.281152: Yayy! New best EMA pseudo Dice: 0.5156999826431274
2025-11-20 19:46:10.839124: 
2025-11-20 19:46:10.839316: Epoch 36
2025-11-20 19:46:10.839424: Current learning rate: 0.00968
2025-11-20 19:47:21.362070: train_loss -0.4344
2025-11-20 19:47:21.363338: val_loss -0.4309
2025-11-20 19:47:21.363488: Pseudo dice [np.float32(0.8745), np.float32(0.6962), np.float32(0.0)]
2025-11-20 19:47:21.363583: Epoch time: 70.52 s
2025-11-20 19:47:21.363655: Yayy! New best EMA pseudo Dice: 0.5164999961853027
2025-11-20 19:47:22.902563: 
2025-11-20 19:47:22.902827: Epoch 37
2025-11-20 19:47:22.902955: Current learning rate: 0.00967
2025-11-20 19:48:30.685968: train_loss -0.4396
2025-11-20 19:48:30.686240: val_loss -0.4425
2025-11-20 19:48:30.686460: Pseudo dice [np.float32(0.8744), np.float32(0.7314), np.float32(0.0)]
2025-11-20 19:48:30.686558: Epoch time: 67.78 s
2025-11-20 19:48:30.686632: Yayy! New best EMA pseudo Dice: 0.5184000134468079
2025-11-20 19:48:32.085199: 
2025-11-20 19:48:32.085368: Epoch 38
2025-11-20 19:48:32.085480: Current learning rate: 0.00966
2025-11-20 19:49:36.979411: train_loss -0.4374
2025-11-20 19:49:36.979667: val_loss -0.4534
2025-11-20 19:49:36.979774: Pseudo dice [np.float32(0.8887), np.float32(0.7252), np.float32(0.0)]
2025-11-20 19:49:36.979877: Epoch time: 64.9 s
2025-11-20 19:49:36.979959: Yayy! New best EMA pseudo Dice: 0.5202999711036682
2025-11-20 19:49:38.381015: 
2025-11-20 19:49:38.381362: Epoch 39
2025-11-20 19:49:38.381484: Current learning rate: 0.00965
2025-11-20 19:50:51.222077: train_loss -0.4413
2025-11-20 19:50:51.222308: val_loss -0.4697
2025-11-20 19:50:51.222412: Pseudo dice [np.float32(0.8806), np.float32(0.7343), np.float32(0.0)]
2025-11-20 19:50:51.222512: Epoch time: 72.84 s
2025-11-20 19:50:51.222592: Yayy! New best EMA pseudo Dice: 0.5220999717712402
2025-11-20 19:50:53.037902: 
2025-11-20 19:50:53.038093: Epoch 40
2025-11-20 19:50:53.038218: Current learning rate: 0.00964
2025-11-20 19:52:02.939259: train_loss -0.4508
2025-11-20 19:52:02.939635: val_loss -0.4548
2025-11-20 19:52:02.939750: Pseudo dice [np.float32(0.8782), np.float32(0.7406), np.float32(0.0)]
2025-11-20 19:52:02.939862: Epoch time: 69.9 s
2025-11-20 19:52:02.939942: Yayy! New best EMA pseudo Dice: 0.5238999724388123
2025-11-20 19:52:04.360950: 
2025-11-20 19:52:04.361243: Epoch 41
2025-11-20 19:52:04.361371: Current learning rate: 0.00963
2025-11-20 19:53:14.308879: train_loss -0.4379
2025-11-20 19:53:14.309261: val_loss -0.4655
2025-11-20 19:53:14.309370: Pseudo dice [np.float32(0.8825), np.float32(0.7249), np.float32(0.0)]
2025-11-20 19:53:14.309472: Epoch time: 69.95 s
2025-11-20 19:53:14.309552: Yayy! New best EMA pseudo Dice: 0.5250999927520752
2025-11-20 19:53:15.744229: 
2025-11-20 19:53:15.744411: Epoch 42
2025-11-20 19:53:15.744524: Current learning rate: 0.00962
2025-11-20 19:54:22.268358: train_loss -0.45
2025-11-20 19:54:22.268703: val_loss -0.4438
2025-11-20 19:54:22.268806: Pseudo dice [np.float32(0.8824), np.float32(0.7286), np.float32(0.0)]
2025-11-20 19:54:22.268905: Epoch time: 66.53 s
2025-11-20 19:54:22.268984: Yayy! New best EMA pseudo Dice: 0.5263000130653381
2025-11-20 19:54:24.232066: 
2025-11-20 19:54:24.232307: Epoch 43
2025-11-20 19:54:24.232446: Current learning rate: 0.00961
2025-11-20 19:55:35.120995: train_loss -0.4492
2025-11-20 19:55:35.121268: val_loss -0.4561
2025-11-20 19:55:35.121366: Pseudo dice [np.float32(0.8792), np.float32(0.7296), np.float32(0.0)]
2025-11-20 19:55:35.121460: Epoch time: 70.89 s
2025-11-20 19:55:35.121533: Yayy! New best EMA pseudo Dice: 0.5273000001907349
2025-11-20 19:55:36.740120: 
2025-11-20 19:55:36.740324: Epoch 44
2025-11-20 19:55:36.740441: Current learning rate: 0.0096
2025-11-20 19:56:44.166220: train_loss -0.4411
2025-11-20 19:56:44.166552: val_loss -0.4324
2025-11-20 19:56:44.166650: Pseudo dice [np.float32(0.8607), np.float32(0.7332), np.float32(0.0)]
2025-11-20 19:56:44.166743: Epoch time: 67.43 s
2025-11-20 19:56:44.166813: Yayy! New best EMA pseudo Dice: 0.5277000069618225
2025-11-20 19:56:45.466854: 
2025-11-20 19:56:45.467050: Epoch 45
2025-11-20 19:56:45.467167: Current learning rate: 0.00959
2025-11-20 19:57:53.282727: train_loss -0.4441
2025-11-20 19:57:53.284604: val_loss -0.4342
2025-11-20 19:57:53.284753: Pseudo dice [np.float32(0.8875), np.float32(0.7382), np.float32(0.0)]
2025-11-20 19:57:53.284857: Epoch time: 67.82 s
2025-11-20 19:57:53.286587: Yayy! New best EMA pseudo Dice: 0.5291000008583069
2025-11-20 19:57:55.480757: 
2025-11-20 19:57:55.480948: Epoch 46
2025-11-20 19:57:55.481060: Current learning rate: 0.00959
2025-11-20 19:59:03.733361: train_loss -0.4412
2025-11-20 19:59:03.733743: val_loss -0.4514
2025-11-20 19:59:03.733851: Pseudo dice [np.float32(0.8827), np.float32(0.737), np.float32(0.0)]
2025-11-20 19:59:03.733953: Epoch time: 68.25 s
2025-11-20 19:59:03.734032: Yayy! New best EMA pseudo Dice: 0.5302000045776367
2025-11-20 19:59:05.238674: 
2025-11-20 19:59:05.238911: Epoch 47
2025-11-20 19:59:05.239084: Current learning rate: 0.00958
2025-11-20 20:00:11.733037: train_loss -0.4537
2025-11-20 20:00:11.733276: val_loss -0.4354
2025-11-20 20:00:11.733380: Pseudo dice [np.float32(0.8847), np.float32(0.7026), np.float32(0.0)]
2025-11-20 20:00:11.733481: Epoch time: 66.5 s
2025-11-20 20:00:13.550066: 
2025-11-20 20:00:13.550287: Epoch 48
2025-11-20 20:00:13.550410: Current learning rate: 0.00957
2025-11-20 20:01:21.578158: train_loss -0.443
2025-11-20 20:01:21.586038: val_loss -0.4396
2025-11-20 20:01:21.586258: Pseudo dice [np.float32(0.8686), np.float32(0.7237), np.float32(0.0)]
2025-11-20 20:01:21.586360: Epoch time: 68.03 s
2025-11-20 20:01:22.819916: 
2025-11-20 20:01:22.820108: Epoch 49
2025-11-20 20:01:22.820225: Current learning rate: 0.00956
2025-11-20 20:02:27.724137: train_loss -0.4427
2025-11-20 20:02:27.724499: val_loss -0.4317
2025-11-20 20:02:27.724607: Pseudo dice [np.float32(0.885), np.float32(0.7157), np.float32(0.0)]
2025-11-20 20:02:27.724715: Epoch time: 64.91 s
2025-11-20 20:02:28.256665: Yayy! New best EMA pseudo Dice: 0.5304999947547913
2025-11-20 20:02:29.797590: 
2025-11-20 20:02:29.797789: Epoch 50
2025-11-20 20:02:29.797904: Current learning rate: 0.00955
2025-11-20 20:03:44.429283: train_loss -0.4313
2025-11-20 20:03:44.429555: val_loss -0.4483
2025-11-20 20:03:44.429659: Pseudo dice [np.float32(0.8905), np.float32(0.7167), np.float32(0.0)]
2025-11-20 20:03:44.430977: Epoch time: 74.63 s
2025-11-20 20:03:44.431118: Yayy! New best EMA pseudo Dice: 0.531000018119812
2025-11-20 20:03:46.290438: 
2025-11-20 20:03:46.290636: Epoch 51
2025-11-20 20:03:46.290750: Current learning rate: 0.00954
2025-11-20 20:04:53.312665: train_loss -0.4423
2025-11-20 20:04:53.312917: val_loss -0.461
2025-11-20 20:04:53.313087: Pseudo dice [np.float32(0.8849), np.float32(0.7097), np.float32(0.0)]
2025-11-20 20:04:53.313253: Epoch time: 67.02 s
2025-11-20 20:04:53.313338: Yayy! New best EMA pseudo Dice: 0.5310999751091003
2025-11-20 20:04:55.122873: 
2025-11-20 20:04:55.123200: Epoch 52
2025-11-20 20:04:55.123378: Current learning rate: 0.00953
2025-11-20 20:06:06.896965: train_loss -0.4595
2025-11-20 20:06:06.898932: val_loss -0.4627
2025-11-20 20:06:06.899054: Pseudo dice [np.float32(0.8984), np.float32(0.7429), np.float32(0.0)]
2025-11-20 20:06:06.899155: Epoch time: 71.77 s
2025-11-20 20:06:06.902803: Yayy! New best EMA pseudo Dice: 0.5327000021934509
2025-11-20 20:06:08.577057: 
2025-11-20 20:06:08.577356: Epoch 53
2025-11-20 20:06:08.577515: Current learning rate: 0.00952
2025-11-20 20:07:13.669657: train_loss -0.4364
2025-11-20 20:07:13.673485: val_loss -0.4534
2025-11-20 20:07:13.673608: Pseudo dice [np.float32(0.8973), np.float32(0.7332), np.float32(0.0)]
2025-11-20 20:07:13.673715: Epoch time: 65.09 s
2025-11-20 20:07:13.673797: Yayy! New best EMA pseudo Dice: 0.5336999893188477
2025-11-20 20:07:15.108182: 
2025-11-20 20:07:15.108371: Epoch 54
2025-11-20 20:07:15.108490: Current learning rate: 0.00951
2025-11-20 20:08:22.570586: train_loss -0.4446
2025-11-20 20:08:22.570867: val_loss -0.4582
2025-11-20 20:08:22.570969: Pseudo dice [np.float32(0.8856), np.float32(0.729), np.float32(0.0)]
2025-11-20 20:08:22.571071: Epoch time: 67.46 s
2025-11-20 20:08:22.571201: Yayy! New best EMA pseudo Dice: 0.5342000126838684
2025-11-20 20:08:23.946950: 
2025-11-20 20:08:23.947177: Epoch 55
2025-11-20 20:08:23.947299: Current learning rate: 0.0095
2025-11-20 20:09:33.381052: train_loss -0.4445
2025-11-20 20:09:33.383528: val_loss -0.4514
2025-11-20 20:09:33.383695: Pseudo dice [np.float32(0.8801), np.float32(0.7292), np.float32(0.0)]
2025-11-20 20:09:33.383792: Epoch time: 69.44 s
2025-11-20 20:09:33.383865: Yayy! New best EMA pseudo Dice: 0.5343999862670898
2025-11-20 20:09:35.490269: 
2025-11-20 20:09:35.490530: Epoch 56
2025-11-20 20:09:35.490664: Current learning rate: 0.00949
2025-11-20 20:10:42.287721: train_loss -0.4507
2025-11-20 20:10:42.287972: val_loss -0.4393
2025-11-20 20:10:42.288093: Pseudo dice [np.float32(0.8851), np.float32(0.7126), np.float32(0.0)]
2025-11-20 20:10:42.288213: Epoch time: 66.8 s
2025-11-20 20:10:44.250921: 
2025-11-20 20:10:44.251125: Epoch 57
2025-11-20 20:10:44.251252: Current learning rate: 0.00949
2025-11-20 20:11:54.487292: train_loss -0.445
2025-11-20 20:11:54.487527: val_loss -0.4622
2025-11-20 20:11:54.487630: Pseudo dice [np.float32(0.8844), np.float32(0.7233), np.float32(0.0)]
2025-11-20 20:11:54.487736: Epoch time: 70.24 s
2025-11-20 20:11:55.787242: 
2025-11-20 20:11:55.787452: Epoch 58
2025-11-20 20:11:55.787568: Current learning rate: 0.00948
2025-11-20 20:13:03.605618: train_loss -0.4571
2025-11-20 20:13:03.605878: val_loss -0.4656
2025-11-20 20:13:03.608152: Pseudo dice [np.float32(0.9009), np.float32(0.7537), np.float32(0.0)]
2025-11-20 20:13:03.608375: Epoch time: 67.82 s
2025-11-20 20:13:03.608455: Yayy! New best EMA pseudo Dice: 0.5360999703407288
2025-11-20 20:13:05.511311: 
2025-11-20 20:13:05.511604: Epoch 59
2025-11-20 20:13:05.511754: Current learning rate: 0.00947
2025-11-20 20:14:13.241330: train_loss -0.4535
2025-11-20 20:14:13.241701: val_loss -0.4614
2025-11-20 20:14:13.241808: Pseudo dice [np.float32(0.89), np.float32(0.7466), np.float32(0.0)]
2025-11-20 20:14:13.241908: Epoch time: 67.73 s
2025-11-20 20:14:13.241985: Yayy! New best EMA pseudo Dice: 0.5371000170707703
2025-11-20 20:14:15.322644: 
2025-11-20 20:14:15.322882: Epoch 60
2025-11-20 20:14:15.323008: Current learning rate: 0.00946
2025-11-20 20:15:24.954963: train_loss -0.4331
2025-11-20 20:15:24.957377: val_loss -0.4575
2025-11-20 20:15:24.957569: Pseudo dice [np.float32(0.882), np.float32(0.7543), np.float32(0.0)]
2025-11-20 20:15:24.957677: Epoch time: 69.63 s
2025-11-20 20:15:24.957756: Yayy! New best EMA pseudo Dice: 0.5378999710083008
2025-11-20 20:15:26.436990: 
2025-11-20 20:15:26.437205: Epoch 61
2025-11-20 20:15:26.437329: Current learning rate: 0.00945
2025-11-20 20:16:35.926719: train_loss -0.4546
2025-11-20 20:16:35.926986: val_loss -0.4871
2025-11-20 20:16:35.927091: Pseudo dice [np.float32(0.8983), np.float32(0.7503), np.float32(0.0)]
2025-11-20 20:16:35.927204: Epoch time: 69.49 s
2025-11-20 20:16:35.928321: Yayy! New best EMA pseudo Dice: 0.5390999913215637
2025-11-20 20:16:37.553092: 
2025-11-20 20:16:37.553345: Epoch 62
2025-11-20 20:16:37.553515: Current learning rate: 0.00944
2025-11-20 20:17:44.817774: train_loss -0.4534
2025-11-20 20:17:44.818084: val_loss -0.4646
2025-11-20 20:17:44.818201: Pseudo dice [np.float32(0.8871), np.float32(0.7619), np.float32(0.0)]
2025-11-20 20:17:44.818306: Epoch time: 67.27 s
2025-11-20 20:17:44.818386: Yayy! New best EMA pseudo Dice: 0.5400999784469604
2025-11-20 20:17:46.252971: 
2025-11-20 20:17:46.253153: Epoch 63
2025-11-20 20:17:46.253273: Current learning rate: 0.00943
2025-11-20 20:18:53.140577: train_loss -0.4541
2025-11-20 20:18:53.140862: val_loss -0.4574
2025-11-20 20:18:53.140963: Pseudo dice [np.float32(0.9015), np.float32(0.7374), np.float32(0.0)]
2025-11-20 20:18:53.141066: Epoch time: 66.89 s
2025-11-20 20:18:53.141144: Yayy! New best EMA pseudo Dice: 0.5407000184059143
2025-11-20 20:18:54.597076: 
2025-11-20 20:18:54.597322: Epoch 64
2025-11-20 20:18:54.597443: Current learning rate: 0.00942
2025-11-20 20:20:03.814199: train_loss -0.4468
2025-11-20 20:20:03.814465: val_loss -0.4263
2025-11-20 20:20:03.814567: Pseudo dice [np.float32(0.8795), np.float32(0.7365), np.float32(0.0)]
2025-11-20 20:20:03.815667: Epoch time: 69.22 s
2025-11-20 20:20:04.990198: 
2025-11-20 20:20:04.990384: Epoch 65
2025-11-20 20:20:04.990505: Current learning rate: 0.00941
2025-11-20 20:21:17.378265: train_loss -0.4572
2025-11-20 20:21:17.378529: val_loss -0.4342
2025-11-20 20:21:17.378633: Pseudo dice [np.float32(0.8968), np.float32(0.707), np.float32(0.0)]
2025-11-20 20:21:17.378735: Epoch time: 72.39 s
2025-11-20 20:21:18.526323: 
2025-11-20 20:21:18.526531: Epoch 66
2025-11-20 20:21:18.526651: Current learning rate: 0.0094
2025-11-20 20:22:27.287884: train_loss -0.4481
2025-11-20 20:22:27.288130: val_loss -0.4604
2025-11-20 20:22:27.288246: Pseudo dice [np.float32(0.8844), np.float32(0.7432), np.float32(0.0)]
2025-11-20 20:22:27.291552: Epoch time: 68.76 s
2025-11-20 20:22:29.033807: 
2025-11-20 20:22:29.034092: Epoch 67
2025-11-20 20:22:29.034218: Current learning rate: 0.00939
2025-11-20 20:23:34.964479: train_loss -0.4602
2025-11-20 20:23:34.964866: val_loss -0.4607
2025-11-20 20:23:34.964975: Pseudo dice [np.float32(0.8921), np.float32(0.7349), np.float32(0.0)]
2025-11-20 20:23:34.965080: Epoch time: 65.93 s
2025-11-20 20:23:36.085999: 
2025-11-20 20:23:36.086309: Epoch 68
2025-11-20 20:23:36.086500: Current learning rate: 0.00939
2025-11-20 20:24:45.649170: train_loss -0.4446
2025-11-20 20:24:45.649438: val_loss -0.4507
2025-11-20 20:24:45.649541: Pseudo dice [np.float32(0.8944), np.float32(0.7327), np.float32(0.0)]
2025-11-20 20:24:45.649642: Epoch time: 69.56 s
2025-11-20 20:24:46.751123: 
2025-11-20 20:24:46.751321: Epoch 69
2025-11-20 20:24:46.751439: Current learning rate: 0.00938
2025-11-20 20:25:56.454377: train_loss -0.4567
2025-11-20 20:25:56.454626: val_loss -0.455
2025-11-20 20:25:56.454721: Pseudo dice [np.float32(0.8881), np.float32(0.7326), np.float32(0.0)]
2025-11-20 20:25:56.454816: Epoch time: 69.7 s
2025-11-20 20:25:57.554990: 
2025-11-20 20:25:57.555199: Epoch 70
2025-11-20 20:25:57.555320: Current learning rate: 0.00937
2025-11-20 20:27:05.366456: train_loss -0.4517
2025-11-20 20:27:05.366819: val_loss -0.4517
2025-11-20 20:27:05.366925: Pseudo dice [np.float32(0.8848), np.float32(0.7335), np.float32(0.0)]
2025-11-20 20:27:05.367099: Epoch time: 67.81 s
2025-11-20 20:27:06.968731: 
2025-11-20 20:27:06.968953: Epoch 71
2025-11-20 20:27:06.969075: Current learning rate: 0.00936
2025-11-20 20:28:13.879827: train_loss -0.4449
2025-11-20 20:28:13.880111: val_loss -0.4367
2025-11-20 20:28:13.880222: Pseudo dice [np.float32(0.8911), np.float32(0.746), np.float32(0.0)]
2025-11-20 20:28:13.880326: Epoch time: 66.91 s
2025-11-20 20:28:13.880404: Yayy! New best EMA pseudo Dice: 0.5410000085830688
2025-11-20 20:28:17.788306: 
2025-11-20 20:28:17.788542: Epoch 72
2025-11-20 20:28:17.788660: Current learning rate: 0.00935
2025-11-20 20:29:27.642813: train_loss -0.4547
2025-11-20 20:29:27.644574: val_loss -0.4381
2025-11-20 20:29:27.644717: Pseudo dice [np.float32(0.8877), np.float32(0.7572), np.float32(0.0)]
2025-11-20 20:29:27.644820: Epoch time: 69.86 s
2025-11-20 20:29:27.644901: Yayy! New best EMA pseudo Dice: 0.541700005531311
2025-11-20 20:29:29.382011: 
2025-11-20 20:29:29.382213: Epoch 73
2025-11-20 20:29:29.382325: Current learning rate: 0.00934
2025-11-20 20:30:37.441653: train_loss -0.4575
2025-11-20 20:30:37.442007: val_loss -0.4619
2025-11-20 20:30:37.442111: Pseudo dice [np.float32(0.8907), np.float32(0.7276), np.float32(0.0)]
2025-11-20 20:30:37.442222: Epoch time: 68.06 s
2025-11-20 20:30:38.600655: 
2025-11-20 20:30:38.600909: Epoch 74
2025-11-20 20:30:38.601039: Current learning rate: 0.00933
2025-11-20 20:31:48.763452: train_loss -0.4616
2025-11-20 20:31:48.763721: val_loss -0.4328
2025-11-20 20:31:48.763825: Pseudo dice [np.float32(0.8992), np.float32(0.7431), np.float32(0.0)]
2025-11-20 20:31:48.763926: Epoch time: 70.16 s
2025-11-20 20:31:48.764005: Yayy! New best EMA pseudo Dice: 0.5421000123023987
2025-11-20 20:31:50.302993: 
2025-11-20 20:31:50.303208: Epoch 75
2025-11-20 20:31:50.303329: Current learning rate: 0.00932
2025-11-20 20:32:56.527912: train_loss -0.4561
2025-11-20 20:32:56.528325: val_loss -0.4592
2025-11-20 20:32:56.528440: Pseudo dice [np.float32(0.8902), np.float32(0.7162), np.float32(0.0)]
2025-11-20 20:32:56.528542: Epoch time: 66.23 s
2025-11-20 20:32:57.676194: 
2025-11-20 20:32:57.676405: Epoch 76
2025-11-20 20:32:57.676524: Current learning rate: 0.00931
2025-11-20 20:34:06.589479: train_loss -0.4422
2025-11-20 20:34:06.589812: val_loss -0.4413
2025-11-20 20:34:06.589910: Pseudo dice [np.float32(0.8733), np.float32(0.7365), np.float32(0.0)]
2025-11-20 20:34:06.590005: Epoch time: 68.91 s
2025-11-20 20:34:07.730542: 
2025-11-20 20:34:07.730786: Epoch 77
2025-11-20 20:34:07.730907: Current learning rate: 0.0093
2025-11-20 20:35:17.383748: train_loss -0.4483
2025-11-20 20:35:17.384024: val_loss -0.4676
2025-11-20 20:35:17.384126: Pseudo dice [np.float32(0.8743), np.float32(0.7313), np.float32(0.0)]
2025-11-20 20:35:17.384236: Epoch time: 69.65 s
2025-11-20 20:35:18.667149: 
2025-11-20 20:35:18.667369: Epoch 78
2025-11-20 20:35:18.667489: Current learning rate: 0.0093
2025-11-20 20:36:27.716451: train_loss -0.4553
2025-11-20 20:36:27.718874: val_loss -0.4656
2025-11-20 20:36:27.719034: Pseudo dice [np.float32(0.8939), np.float32(0.7478), np.float32(0.0)]
2025-11-20 20:36:27.719155: Epoch time: 69.05 s
2025-11-20 20:36:29.108096: 
2025-11-20 20:36:29.108281: Epoch 79
2025-11-20 20:36:29.108388: Current learning rate: 0.00929
2025-11-20 20:37:40.558724: train_loss -0.4574
2025-11-20 20:37:40.558985: val_loss -0.4768
2025-11-20 20:37:40.559091: Pseudo dice [np.float32(0.9004), np.float32(0.7411), np.float32(0.0)]
2025-11-20 20:37:40.559200: Epoch time: 71.45 s
2025-11-20 20:37:42.278151: 
2025-11-20 20:37:42.278348: Epoch 80
2025-11-20 20:37:42.278461: Current learning rate: 0.00928
2025-11-20 20:38:50.382411: train_loss -0.4566
2025-11-20 20:38:50.382685: val_loss -0.4752
2025-11-20 20:38:50.382787: Pseudo dice [np.float32(0.8954), np.float32(0.7564), np.float32(0.0)]
2025-11-20 20:38:50.382891: Epoch time: 68.11 s
2025-11-20 20:38:50.382971: Yayy! New best EMA pseudo Dice: 0.5425999760627747
2025-11-20 20:38:53.154177: 
2025-11-20 20:38:53.154371: Epoch 81
2025-11-20 20:38:53.154492: Current learning rate: 0.00927
2025-11-20 20:40:01.621412: train_loss -0.4564
2025-11-20 20:40:01.621682: val_loss -0.4702
2025-11-20 20:40:01.621786: Pseudo dice [np.float32(0.8859), np.float32(0.749), np.float32(0.0)]
2025-11-20 20:40:01.621888: Epoch time: 68.47 s
2025-11-20 20:40:01.621967: Yayy! New best EMA pseudo Dice: 0.5428000092506409
2025-11-20 20:40:03.263762: 
2025-11-20 20:40:03.264059: Epoch 82
2025-11-20 20:40:03.264198: Current learning rate: 0.00926
2025-11-20 20:41:11.308273: train_loss -0.4564
2025-11-20 20:41:11.308535: val_loss -0.4591
2025-11-20 20:41:11.308637: Pseudo dice [np.float32(0.8964), np.float32(0.736), np.float32(0.0)]
2025-11-20 20:41:11.308738: Epoch time: 68.05 s
2025-11-20 20:41:11.308818: Yayy! New best EMA pseudo Dice: 0.542900025844574
2025-11-20 20:41:13.168021: 
2025-11-20 20:41:13.168225: Epoch 83
2025-11-20 20:41:13.168338: Current learning rate: 0.00925
2025-11-20 20:42:17.858541: train_loss -0.4641
2025-11-20 20:42:17.865160: val_loss -0.4438
2025-11-20 20:42:17.865356: Pseudo dice [np.float32(0.8961), np.float32(0.726), np.float32(0.0)]
2025-11-20 20:42:17.865463: Epoch time: 64.69 s
2025-11-20 20:42:19.922677: 
2025-11-20 20:42:19.922973: Epoch 84
2025-11-20 20:42:19.923097: Current learning rate: 0.00924
2025-11-20 20:43:26.763867: train_loss -0.4715
2025-11-20 20:43:26.764183: val_loss -0.4474
2025-11-20 20:43:26.764292: Pseudo dice [np.float32(0.897), np.float32(0.7569), np.float32(0.0)]
2025-11-20 20:43:26.764395: Epoch time: 66.84 s
2025-11-20 20:43:26.764540: Yayy! New best EMA pseudo Dice: 0.5436000227928162
2025-11-20 20:43:28.146703: 
2025-11-20 20:43:28.146902: Epoch 85
2025-11-20 20:43:28.147020: Current learning rate: 0.00923
2025-11-20 20:44:36.634472: train_loss -0.4385
2025-11-20 20:44:36.634814: val_loss -0.4391
2025-11-20 20:44:36.634921: Pseudo dice [np.float32(0.8774), np.float32(0.7381), np.float32(0.0)]
2025-11-20 20:44:36.635024: Epoch time: 68.49 s
2025-11-20 20:44:38.123350: 
2025-11-20 20:44:38.123554: Epoch 86
2025-11-20 20:44:38.123675: Current learning rate: 0.00922
2025-11-20 20:45:47.429569: train_loss -0.4477
2025-11-20 20:45:47.429853: val_loss -0.4626
2025-11-20 20:45:47.432161: Pseudo dice [np.float32(0.8893), np.float32(0.7474), np.float32(0.0)]
2025-11-20 20:45:47.432342: Epoch time: 69.31 s
2025-11-20 20:45:48.594683: 
2025-11-20 20:45:48.594954: Epoch 87
2025-11-20 20:45:48.595126: Current learning rate: 0.00921
2025-11-20 20:46:58.319453: train_loss -0.4546
2025-11-20 20:46:58.319720: val_loss -0.4594
2025-11-20 20:46:58.319822: Pseudo dice [np.float32(0.8977), np.float32(0.7448), np.float32(0.0)]
2025-11-20 20:46:58.319922: Epoch time: 69.73 s
2025-11-20 20:46:58.320000: Yayy! New best EMA pseudo Dice: 0.5436999797821045
2025-11-20 20:46:59.720886: 
2025-11-20 20:46:59.721121: Epoch 88
2025-11-20 20:46:59.721537: Current learning rate: 0.0092
2025-11-20 20:48:09.656296: train_loss -0.4414
2025-11-20 20:48:09.656560: val_loss -0.4617
2025-11-20 20:48:09.656662: Pseudo dice [np.float32(0.8797), np.float32(0.7268), np.float32(0.0)]
2025-11-20 20:48:09.656763: Epoch time: 69.94 s
2025-11-20 20:48:10.911021: 
2025-11-20 20:48:10.911227: Epoch 89
2025-11-20 20:48:10.911351: Current learning rate: 0.0092
2025-11-20 20:49:20.970190: train_loss -0.4525
2025-11-20 20:49:20.970442: val_loss -0.4688
2025-11-20 20:49:20.970547: Pseudo dice [np.float32(0.8902), np.float32(0.7458), np.float32(0.0)]
2025-11-20 20:49:20.970645: Epoch time: 70.06 s
2025-11-20 20:49:22.070095: 
2025-11-20 20:49:22.070295: Epoch 90
2025-11-20 20:49:22.070413: Current learning rate: 0.00919
2025-11-20 20:50:32.339093: train_loss -0.4552
2025-11-20 20:50:32.339375: val_loss -0.4581
2025-11-20 20:50:32.339478: Pseudo dice [np.float32(0.8831), np.float32(0.7556), np.float32(0.0)]
2025-11-20 20:50:32.339580: Epoch time: 70.27 s
2025-11-20 20:50:33.939340: 
2025-11-20 20:50:33.939603: Epoch 91
2025-11-20 20:50:33.939721: Current learning rate: 0.00918
2025-11-20 20:51:38.509150: train_loss -0.47
2025-11-20 20:51:38.509450: val_loss -0.4654
2025-11-20 20:51:38.509555: Pseudo dice [np.float32(0.897), np.float32(0.7407), np.float32(0.0)]
2025-11-20 20:51:38.509734: Epoch time: 64.57 s
2025-11-20 20:51:39.578103: 
2025-11-20 20:51:39.578302: Epoch 92
2025-11-20 20:51:39.578418: Current learning rate: 0.00917
2025-11-20 20:52:53.975792: train_loss -0.457
2025-11-20 20:52:53.976069: val_loss -0.4847
2025-11-20 20:52:53.976178: Pseudo dice [np.float32(0.8978), np.float32(0.7447), np.float32(0.0)]
2025-11-20 20:52:53.976283: Epoch time: 74.4 s
2025-11-20 20:52:53.976364: Yayy! New best EMA pseudo Dice: 0.5440999865531921
2025-11-20 20:52:55.792633: 
2025-11-20 20:52:55.792893: Epoch 93
2025-11-20 20:52:55.793018: Current learning rate: 0.00916
2025-11-20 20:54:05.552953: train_loss -0.4542
2025-11-20 20:54:05.553336: val_loss -0.4384
2025-11-20 20:54:05.553449: Pseudo dice [np.float32(0.8785), np.float32(0.7377), np.float32(0.0)]
2025-11-20 20:54:05.553557: Epoch time: 69.76 s
2025-11-20 20:54:06.743545: 
2025-11-20 20:54:06.743837: Epoch 94
2025-11-20 20:54:06.743962: Current learning rate: 0.00915
2025-11-20 20:55:15.949187: train_loss -0.4683
2025-11-20 20:55:15.949415: val_loss -0.4562
2025-11-20 20:55:15.949517: Pseudo dice [np.float32(0.8929), np.float32(0.7428), np.float32(0.0)]
2025-11-20 20:55:15.949616: Epoch time: 69.21 s
2025-11-20 20:55:17.446364: 
2025-11-20 20:55:17.446635: Epoch 95
2025-11-20 20:55:17.446767: Current learning rate: 0.00914
2025-11-20 20:56:25.885857: train_loss -0.4603
2025-11-20 20:56:25.887085: val_loss -0.4727
2025-11-20 20:56:25.887209: Pseudo dice [np.float32(0.9017), np.float32(0.7469), np.float32(0.0)]
2025-11-20 20:56:25.887316: Epoch time: 68.44 s
2025-11-20 20:56:25.887397: Yayy! New best EMA pseudo Dice: 0.5443000197410583
2025-11-20 20:56:27.458553: 
2025-11-20 20:56:27.458799: Epoch 96
2025-11-20 20:56:27.458925: Current learning rate: 0.00913
2025-11-20 20:57:37.387972: train_loss -0.4683
2025-11-20 20:57:37.389119: val_loss -0.4557
2025-11-20 20:57:37.389245: Pseudo dice [np.float32(0.8956), np.float32(0.7425), np.float32(0.0)]
2025-11-20 20:57:37.389355: Epoch time: 69.93 s
2025-11-20 20:57:37.389440: Yayy! New best EMA pseudo Dice: 0.5444999933242798
2025-11-20 20:57:38.890111: 
2025-11-20 20:57:38.890317: Epoch 97
2025-11-20 20:57:38.890457: Current learning rate: 0.00912
2025-11-20 20:58:47.628404: train_loss -0.4625
2025-11-20 20:58:47.628677: val_loss -0.4381
2025-11-20 20:58:47.628786: Pseudo dice [np.float32(0.8936), np.float32(0.7576), np.float32(0.0)]
2025-11-20 20:58:47.628890: Epoch time: 68.74 s
2025-11-20 20:58:47.628968: Yayy! New best EMA pseudo Dice: 0.5450999736785889
2025-11-20 20:58:49.325279: 
2025-11-20 20:58:49.325554: Epoch 98
2025-11-20 20:58:49.325676: Current learning rate: 0.00911
2025-11-20 20:59:59.957609: train_loss -0.4788
2025-11-20 20:59:59.957945: val_loss -0.4512
2025-11-20 20:59:59.958077: Pseudo dice [np.float32(0.892), np.float32(0.7455), np.float32(0.0)]
2025-11-20 20:59:59.958210: Epoch time: 70.63 s
2025-11-20 20:59:59.958295: Yayy! New best EMA pseudo Dice: 0.5450999736785889
2025-11-20 21:00:01.392421: 
2025-11-20 21:00:01.392634: Epoch 99
2025-11-20 21:00:01.392752: Current learning rate: 0.0091
2025-11-20 21:01:08.882400: train_loss -0.4625
2025-11-20 21:01:08.884356: val_loss -0.4648
2025-11-20 21:01:08.884483: Pseudo dice [np.float32(0.8774), np.float32(0.7411), np.float32(0.0)]
2025-11-20 21:01:08.884587: Epoch time: 67.49 s
2025-11-20 21:01:10.938389: 
2025-11-20 21:01:10.938634: Epoch 100
2025-11-20 21:01:10.938752: Current learning rate: 0.0091
2025-11-20 21:02:18.672488: train_loss -0.4631
2025-11-20 21:02:18.672808: val_loss -0.4631
2025-11-20 21:02:18.672918: Pseudo dice [np.float32(0.8992), np.float32(0.7518), np.float32(0.0)]
2025-11-20 21:02:18.673021: Epoch time: 67.74 s
2025-11-20 21:02:18.673100: Yayy! New best EMA pseudo Dice: 0.545199990272522
2025-11-20 21:02:20.155265: 
2025-11-20 21:02:20.155458: Epoch 101
2025-11-20 21:02:20.155568: Current learning rate: 0.00909
2025-11-20 21:03:28.388395: train_loss -0.4584
2025-11-20 21:03:28.388662: val_loss -0.4948
2025-11-20 21:03:28.388763: Pseudo dice [np.float32(0.9016), np.float32(0.7623), np.float32(0.0)]
2025-11-20 21:03:28.388863: Epoch time: 68.23 s
2025-11-20 21:03:28.388940: Yayy! New best EMA pseudo Dice: 0.5461000204086304
2025-11-20 21:03:30.250340: 
2025-11-20 21:03:30.250537: Epoch 102
2025-11-20 21:03:30.250654: Current learning rate: 0.00908
2025-11-20 21:04:41.412192: train_loss -0.4645
2025-11-20 21:04:41.412466: val_loss -0.4541
2025-11-20 21:04:41.412651: Pseudo dice [np.float32(0.8936), np.float32(0.7438), np.float32(0.0)]
2025-11-20 21:04:41.412759: Epoch time: 71.16 s
2025-11-20 21:04:42.536211: 
2025-11-20 21:04:42.536402: Epoch 103
2025-11-20 21:04:42.536531: Current learning rate: 0.00907
2025-11-20 21:05:52.337615: train_loss -0.4661
2025-11-20 21:05:52.337899: val_loss -0.4577
2025-11-20 21:05:52.338007: Pseudo dice [np.float32(0.8994), np.float32(0.7569), np.float32(0.0)]
2025-11-20 21:05:52.338111: Epoch time: 69.8 s
2025-11-20 21:05:52.338199: Yayy! New best EMA pseudo Dice: 0.5467000007629395
2025-11-20 21:05:53.811771: 
2025-11-20 21:05:53.811976: Epoch 104
2025-11-20 21:05:53.812100: Current learning rate: 0.00906
2025-11-20 21:07:05.835254: train_loss -0.4686
2025-11-20 21:07:05.835527: val_loss -0.4715
2025-11-20 21:07:05.835631: Pseudo dice [np.float32(0.9013), np.float32(0.7546), np.float32(0.0)]
2025-11-20 21:07:05.835731: Epoch time: 72.02 s
2025-11-20 21:07:05.835812: Yayy! New best EMA pseudo Dice: 0.5472000241279602
2025-11-20 21:07:07.842942: 
2025-11-20 21:07:07.843124: Epoch 105
2025-11-20 21:07:07.843242: Current learning rate: 0.00905
2025-11-20 21:08:17.255915: train_loss -0.4604
2025-11-20 21:08:17.257681: val_loss -0.4667
2025-11-20 21:08:17.257805: Pseudo dice [np.float32(0.9036), np.float32(0.7695), np.float32(0.0)]
2025-11-20 21:08:17.257910: Epoch time: 69.41 s
2025-11-20 21:08:17.257999: Yayy! New best EMA pseudo Dice: 0.54830002784729
2025-11-20 21:08:18.841015: 
2025-11-20 21:08:18.841227: Epoch 106
2025-11-20 21:08:18.841349: Current learning rate: 0.00904
2025-11-20 21:09:27.965640: train_loss -0.4658
2025-11-20 21:09:27.968300: val_loss -0.4595
2025-11-20 21:09:27.968433: Pseudo dice [np.float32(0.9015), np.float32(0.7369), np.float32(0.0)]
2025-11-20 21:09:27.968540: Epoch time: 69.13 s
2025-11-20 21:09:29.437237: 
2025-11-20 21:09:29.437435: Epoch 107
2025-11-20 21:09:29.437553: Current learning rate: 0.00903
2025-11-20 21:10:38.973908: train_loss -0.4571
2025-11-20 21:10:38.978384: val_loss -0.4703
2025-11-20 21:10:38.980548: Pseudo dice [np.float32(0.8994), np.float32(0.7587), np.float32(0.0)]
2025-11-20 21:10:38.982590: Epoch time: 69.54 s
2025-11-20 21:10:38.982695: Yayy! New best EMA pseudo Dice: 0.5485000014305115
2025-11-20 21:10:40.432284: 
2025-11-20 21:10:40.432488: Epoch 108
2025-11-20 21:10:40.432609: Current learning rate: 0.00902
2025-11-20 21:11:51.998079: train_loss -0.4494
2025-11-20 21:11:51.998850: val_loss -0.4611
2025-11-20 21:11:51.998963: Pseudo dice [np.float32(0.8731), np.float32(0.7578), np.float32(0.0)]
2025-11-20 21:11:51.999067: Epoch time: 71.57 s
2025-11-20 21:11:53.741208: 
2025-11-20 21:11:53.741400: Epoch 109
2025-11-20 21:11:53.741520: Current learning rate: 0.00901
2025-11-20 21:13:02.228968: train_loss -0.4634
2025-11-20 21:13:02.229257: val_loss -0.4784
2025-11-20 21:13:02.229361: Pseudo dice [np.float32(0.9081), np.float32(0.7587), np.float32(0.0)]
2025-11-20 21:13:02.229462: Epoch time: 68.49 s
2025-11-20 21:13:02.229541: Yayy! New best EMA pseudo Dice: 0.548799991607666
2025-11-20 21:13:03.882196: 
2025-11-20 21:13:03.882386: Epoch 110
2025-11-20 21:13:03.882504: Current learning rate: 0.009
2025-11-20 21:14:10.264937: train_loss -0.4518
2025-11-20 21:14:10.265291: val_loss -0.4676
2025-11-20 21:14:10.265396: Pseudo dice [np.float32(0.8993), np.float32(0.7482), np.float32(0.0)]
2025-11-20 21:14:10.265496: Epoch time: 66.38 s
2025-11-20 21:14:10.265574: Yayy! New best EMA pseudo Dice: 0.548799991607666
2025-11-20 21:14:12.075560: 
2025-11-20 21:14:12.075802: Epoch 111
2025-11-20 21:14:12.075928: Current learning rate: 0.009
2025-11-20 21:15:19.777560: train_loss -0.4685
2025-11-20 21:15:19.777862: val_loss -0.4188
2025-11-20 21:15:19.777966: Pseudo dice [np.float32(0.8747), np.float32(0.7043), np.float32(0.0)]
2025-11-20 21:15:19.778139: Epoch time: 67.7 s
2025-11-20 21:15:21.123330: 
2025-11-20 21:15:21.123548: Epoch 112
2025-11-20 21:15:21.123670: Current learning rate: 0.00899
2025-11-20 21:16:29.396338: train_loss -0.4629
2025-11-20 21:16:29.396605: val_loss -0.4435
2025-11-20 21:16:29.396710: Pseudo dice [np.float32(0.9016), np.float32(0.7585), np.float32(0.0)]
2025-11-20 21:16:29.396810: Epoch time: 68.27 s
2025-11-20 21:16:30.488530: 
2025-11-20 21:16:30.488727: Epoch 113
2025-11-20 21:16:30.488840: Current learning rate: 0.00898
2025-11-20 21:17:35.160398: train_loss -0.4729
2025-11-20 21:17:35.160693: val_loss -0.457
2025-11-20 21:17:35.160798: Pseudo dice [np.float32(0.8873), np.float32(0.7474), np.float32(0.0)]
2025-11-20 21:17:35.160908: Epoch time: 64.67 s
2025-11-20 21:17:36.246248: 
2025-11-20 21:17:36.246471: Epoch 114
2025-11-20 21:17:36.246634: Current learning rate: 0.00897
2025-11-20 21:18:44.216215: train_loss -0.463
2025-11-20 21:18:44.216553: val_loss -0.4366
2025-11-20 21:18:44.216674: Pseudo dice [np.float32(0.875), np.float32(0.7048), np.float32(0.0)]
2025-11-20 21:18:44.216781: Epoch time: 67.97 s
2025-11-20 21:18:45.344329: 
2025-11-20 21:18:45.344550: Epoch 115
2025-11-20 21:18:45.344680: Current learning rate: 0.00896
2025-11-20 21:19:58.682969: train_loss -0.4507
2025-11-20 21:19:58.683646: val_loss -0.46
2025-11-20 21:19:58.683748: Pseudo dice [np.float32(0.8916), np.float32(0.7312), np.float32(0.0)]
2025-11-20 21:19:58.683841: Epoch time: 73.34 s
2025-11-20 21:19:59.919810: 
2025-11-20 21:19:59.920049: Epoch 116
2025-11-20 21:19:59.920202: Current learning rate: 0.00895
2025-11-20 21:21:06.247516: train_loss -0.4603
2025-11-20 21:21:06.247780: val_loss -0.4554
2025-11-20 21:21:06.247883: Pseudo dice [np.float32(0.9025), np.float32(0.7314), np.float32(0.0)]
2025-11-20 21:21:06.247984: Epoch time: 66.33 s
2025-11-20 21:21:07.416126: 
2025-11-20 21:21:07.416310: Epoch 117
2025-11-20 21:21:07.416425: Current learning rate: 0.00894
2025-11-20 21:22:16.264382: train_loss -0.4566
2025-11-20 21:22:16.264610: val_loss -0.4607
2025-11-20 21:22:16.264714: Pseudo dice [np.float32(0.8976), np.float32(0.7359), np.float32(0.0)]
2025-11-20 21:22:16.264813: Epoch time: 68.85 s
2025-11-20 21:22:17.733028: 
2025-11-20 21:22:17.733224: Epoch 118
2025-11-20 21:22:17.733339: Current learning rate: 0.00893
2025-11-20 21:23:23.989319: train_loss -0.4673
2025-11-20 21:23:23.989680: val_loss -0.4863
2025-11-20 21:23:23.989787: Pseudo dice [np.float32(0.8989), np.float32(0.7594), np.float32(0.0)]
2025-11-20 21:23:23.989887: Epoch time: 66.26 s
2025-11-20 21:23:25.131973: 
2025-11-20 21:23:25.132159: Epoch 119
2025-11-20 21:23:25.132278: Current learning rate: 0.00892
2025-11-20 21:24:34.042837: train_loss -0.458
2025-11-20 21:24:34.043162: val_loss -0.4749
2025-11-20 21:24:34.043285: Pseudo dice [np.float32(0.8955), np.float32(0.7569), np.float32(0.0)]
2025-11-20 21:24:34.043391: Epoch time: 68.91 s
2025-11-20 21:24:35.136376: 
2025-11-20 21:24:35.136566: Epoch 120
2025-11-20 21:24:35.136679: Current learning rate: 0.00891
2025-11-20 21:25:44.593658: train_loss -0.459
2025-11-20 21:25:44.593923: val_loss -0.4437
2025-11-20 21:25:44.594025: Pseudo dice [np.float32(0.9005), np.float32(0.739), np.float32(0.0)]
2025-11-20 21:25:44.594135: Epoch time: 69.46 s
2025-11-20 21:25:46.090115: 
2025-11-20 21:25:46.090332: Epoch 121
2025-11-20 21:25:46.090449: Current learning rate: 0.0089
2025-11-20 21:26:54.668164: train_loss -0.4684
2025-11-20 21:26:54.668430: val_loss -0.4643
2025-11-20 21:26:54.668533: Pseudo dice [np.float32(0.9036), np.float32(0.7489), np.float32(0.0)]
2025-11-20 21:26:54.668635: Epoch time: 68.58 s
2025-11-20 21:26:55.916106: 
2025-11-20 21:26:55.916363: Epoch 122
2025-11-20 21:26:55.916483: Current learning rate: 0.00889
2025-11-20 21:28:05.004648: train_loss -0.4738
2025-11-20 21:28:05.006532: val_loss -0.4826
2025-11-20 21:28:05.006651: Pseudo dice [np.float32(0.9029), np.float32(0.7636), np.float32(0.0)]
2025-11-20 21:28:05.006754: Epoch time: 69.09 s
2025-11-20 21:28:06.499437: 
2025-11-20 21:28:06.499636: Epoch 123
2025-11-20 21:28:06.499752: Current learning rate: 0.00889
2025-11-20 21:29:14.668561: train_loss -0.4704
2025-11-20 21:29:14.668982: val_loss -0.4548
2025-11-20 21:29:14.669097: Pseudo dice [np.float32(0.8988), np.float32(0.7488), np.float32(0.0)]
2025-11-20 21:29:14.669202: Epoch time: 68.17 s
2025-11-20 21:29:15.815219: 
2025-11-20 21:29:15.815486: Epoch 124
2025-11-20 21:29:15.815608: Current learning rate: 0.00888
2025-11-20 21:30:25.313644: train_loss -0.4725
2025-11-20 21:30:25.315530: val_loss -0.4807
2025-11-20 21:30:25.315635: Pseudo dice [np.float32(0.8945), np.float32(0.7599), np.float32(0.0)]
2025-11-20 21:30:25.315728: Epoch time: 69.5 s
2025-11-20 21:30:26.564810: 
2025-11-20 21:30:26.564996: Epoch 125
2025-11-20 21:30:26.565106: Current learning rate: 0.00887
2025-11-20 21:31:34.628899: train_loss -0.455
2025-11-20 21:31:34.629163: val_loss -0.4615
2025-11-20 21:31:34.629268: Pseudo dice [np.float32(0.8965), np.float32(0.7474), np.float32(0.0)]
2025-11-20 21:31:34.629456: Epoch time: 68.06 s
2025-11-20 21:31:35.761942: 
2025-11-20 21:31:35.762205: Epoch 126
2025-11-20 21:31:35.762336: Current learning rate: 0.00886
2025-11-20 21:32:47.546289: train_loss -0.4551
2025-11-20 21:32:47.546666: val_loss -0.4544
2025-11-20 21:32:47.546776: Pseudo dice [np.float32(0.89), np.float32(0.7239), np.float32(0.0)]
2025-11-20 21:32:47.546880: Epoch time: 71.79 s
2025-11-20 21:32:48.686558: 
2025-11-20 21:32:48.686773: Epoch 127
2025-11-20 21:32:48.686889: Current learning rate: 0.00885
2025-11-20 21:33:56.140676: train_loss -0.4516
2025-11-20 21:33:56.140954: val_loss -0.4576
2025-11-20 21:33:56.141048: Pseudo dice [np.float32(0.8922), np.float32(0.7376), np.float32(0.0)]
2025-11-20 21:33:56.141143: Epoch time: 67.46 s
2025-11-20 21:33:57.290257: 
2025-11-20 21:33:57.290452: Epoch 128
2025-11-20 21:33:57.290569: Current learning rate: 0.00884
2025-11-20 21:35:06.239264: train_loss -0.4624
2025-11-20 21:35:06.239554: val_loss -0.4788
2025-11-20 21:35:06.239666: Pseudo dice [np.float32(0.8984), np.float32(0.7637), np.float32(0.0)]
2025-11-20 21:35:06.239769: Epoch time: 68.95 s
2025-11-20 21:35:07.470107: 
2025-11-20 21:35:07.470314: Epoch 129
2025-11-20 21:35:07.470437: Current learning rate: 0.00883
2025-11-20 21:36:17.450356: train_loss -0.4633
2025-11-20 21:36:17.450704: val_loss -0.4803
2025-11-20 21:36:17.450812: Pseudo dice [np.float32(0.9016), np.float32(0.7457), np.float32(0.0)]
2025-11-20 21:36:17.450914: Epoch time: 69.98 s
2025-11-20 21:36:18.823866: 
2025-11-20 21:36:18.824135: Epoch 130
2025-11-20 21:36:18.824266: Current learning rate: 0.00882
2025-11-20 21:37:27.474307: train_loss -0.4567
2025-11-20 21:37:27.474555: val_loss -0.4644
2025-11-20 21:37:27.474648: Pseudo dice [np.float32(0.8841), np.float32(0.7467), np.float32(0.0)]
2025-11-20 21:37:27.474740: Epoch time: 68.65 s
2025-11-20 21:37:28.644197: 
2025-11-20 21:37:28.644379: Epoch 131
2025-11-20 21:37:28.644497: Current learning rate: 0.00881
2025-11-20 21:38:37.403834: train_loss -0.4576
2025-11-20 21:38:37.404097: val_loss -0.4646
2025-11-20 21:38:37.406396: Pseudo dice [np.float32(0.8993), np.float32(0.7407), np.float32(0.0)]
2025-11-20 21:38:37.406584: Epoch time: 68.76 s
2025-11-20 21:38:38.579963: 
2025-11-20 21:38:38.580150: Epoch 132
2025-11-20 21:38:38.580267: Current learning rate: 0.0088
2025-11-20 21:39:48.141309: train_loss -0.4559
2025-11-20 21:39:48.141646: val_loss -0.4677
2025-11-20 21:39:48.141752: Pseudo dice [np.float32(0.8912), np.float32(0.7343), np.float32(0.0)]
2025-11-20 21:39:48.141855: Epoch time: 69.56 s
2025-11-20 21:39:49.617603: 
2025-11-20 21:39:49.617856: Epoch 133
2025-11-20 21:39:49.617999: Current learning rate: 0.00879
2025-11-20 21:40:54.864921: train_loss -0.4624
2025-11-20 21:40:54.865199: val_loss -0.47
2025-11-20 21:40:54.865344: Pseudo dice [np.float32(0.8781), np.float32(0.7478), np.float32(0.0)]
2025-11-20 21:40:54.865453: Epoch time: 65.25 s
2025-11-20 21:40:56.401714: 
2025-11-20 21:40:56.401924: Epoch 134
2025-11-20 21:40:56.402040: Current learning rate: 0.00879
2025-11-20 21:42:05.715090: train_loss -0.4705
2025-11-20 21:42:05.715373: val_loss -0.4582
2025-11-20 21:42:05.715477: Pseudo dice [np.float32(0.8962), np.float32(0.7404), np.float32(0.0)]
2025-11-20 21:42:05.715577: Epoch time: 69.31 s
2025-11-20 21:42:06.857197: 
2025-11-20 21:42:06.857433: Epoch 135
2025-11-20 21:42:06.857552: Current learning rate: 0.00878
2025-11-20 21:43:16.483583: train_loss -0.4718
2025-11-20 21:43:16.483853: val_loss -0.478
2025-11-20 21:43:16.483955: Pseudo dice [np.float32(0.8886), np.float32(0.7484), np.float32(0.0)]
2025-11-20 21:43:16.484055: Epoch time: 69.63 s
2025-11-20 21:43:17.627795: 
2025-11-20 21:43:17.628078: Epoch 136
2025-11-20 21:43:17.628227: Current learning rate: 0.00877
2025-11-20 21:44:27.900506: train_loss -0.4678
2025-11-20 21:44:27.900785: val_loss -0.4807
2025-11-20 21:44:27.900907: Pseudo dice [np.float32(0.8935), np.float32(0.7595), np.float32(0.0)]
2025-11-20 21:44:27.901099: Epoch time: 70.27 s
2025-11-20 21:44:29.460496: 
2025-11-20 21:44:29.460822: Epoch 137
2025-11-20 21:44:29.460943: Current learning rate: 0.00876
2025-11-20 21:45:37.928667: train_loss -0.476
2025-11-20 21:45:37.928965: val_loss -0.4461
2025-11-20 21:45:37.929070: Pseudo dice [np.float32(0.8992), np.float32(0.7452), np.float32(0.0)]
2025-11-20 21:45:37.929169: Epoch time: 68.47 s
2025-11-20 21:45:39.071588: 
2025-11-20 21:45:39.071810: Epoch 138
2025-11-20 21:45:39.071934: Current learning rate: 0.00875
2025-11-20 21:46:51.954870: train_loss -0.4704
2025-11-20 21:46:51.955141: val_loss -0.4662
2025-11-20 21:46:51.955247: Pseudo dice [np.float32(0.9043), np.float32(0.7565), np.float32(0.0)]
2025-11-20 21:46:51.955344: Epoch time: 72.88 s
2025-11-20 21:46:53.014181: 
2025-11-20 21:46:53.014411: Epoch 139
2025-11-20 21:46:53.014532: Current learning rate: 0.00874
2025-11-20 21:48:02.933235: train_loss -0.4798
2025-11-20 21:48:02.934385: val_loss -0.4786
2025-11-20 21:48:02.934542: Pseudo dice [np.float32(0.9046), np.float32(0.7497), np.float32(0.0)]
2025-11-20 21:48:02.934648: Epoch time: 69.92 s
2025-11-20 21:48:04.122787: 
2025-11-20 21:48:04.122978: Epoch 140
2025-11-20 21:48:04.123095: Current learning rate: 0.00873
2025-11-20 21:49:10.581630: train_loss -0.4717
2025-11-20 21:49:10.581914: val_loss -0.4713
2025-11-20 21:49:10.582018: Pseudo dice [np.float32(0.9055), np.float32(0.7613), np.float32(0.0)]
2025-11-20 21:49:10.582121: Epoch time: 66.46 s
2025-11-20 21:49:12.083568: 
2025-11-20 21:49:12.083789: Epoch 141
2025-11-20 21:49:12.083901: Current learning rate: 0.00872
2025-11-20 21:50:18.993380: train_loss -0.4587
2025-11-20 21:50:18.993653: val_loss -0.4735
2025-11-20 21:50:18.993785: Pseudo dice [np.float32(0.8976), np.float32(0.7587), np.float32(0.0)]
2025-11-20 21:50:18.993886: Epoch time: 66.91 s
2025-11-20 21:50:18.993962: Yayy! New best EMA pseudo Dice: 0.5489000082015991
2025-11-20 21:50:20.787009: 
2025-11-20 21:50:20.787206: Epoch 142
2025-11-20 21:50:20.787317: Current learning rate: 0.00871
2025-11-20 21:51:32.637552: train_loss -0.4797
2025-11-20 21:51:32.637822: val_loss -0.4829
2025-11-20 21:51:32.637916: Pseudo dice [np.float32(0.8999), np.float32(0.7515), np.float32(0.0)]
2025-11-20 21:51:32.638009: Epoch time: 71.85 s
2025-11-20 21:51:32.638081: Yayy! New best EMA pseudo Dice: 0.5490999817848206
2025-11-20 21:51:34.923938: 
2025-11-20 21:51:34.924119: Epoch 143
2025-11-20 21:51:34.924240: Current learning rate: 0.0087
2025-11-20 21:52:45.827914: train_loss -0.4624
2025-11-20 21:52:45.833085: val_loss -0.4617
2025-11-20 21:52:45.833260: Pseudo dice [np.float32(0.8932), np.float32(0.7515), np.float32(0.0)]
2025-11-20 21:52:45.833370: Epoch time: 70.9 s
2025-11-20 21:52:47.663151: 
2025-11-20 21:52:47.663376: Epoch 144
2025-11-20 21:52:47.663500: Current learning rate: 0.00869
2025-11-20 21:53:56.715984: train_loss -0.4653
2025-11-20 21:53:56.716988: val_loss -0.458
2025-11-20 21:53:56.717108: Pseudo dice [np.float32(0.8927), np.float32(0.7306), np.float32(0.0292)]
2025-11-20 21:53:56.718441: Epoch time: 69.05 s
2025-11-20 21:53:56.718541: Yayy! New best EMA pseudo Dice: 0.5491999983787537
2025-11-20 21:53:58.465031: 
2025-11-20 21:53:58.465292: Epoch 145
2025-11-20 21:53:58.465403: Current learning rate: 0.00868
2025-11-20 21:55:05.679204: train_loss -0.4554
2025-11-20 21:55:05.680483: val_loss -0.4866
2025-11-20 21:55:05.680592: Pseudo dice [np.float32(0.8931), np.float32(0.7477), np.float32(0.0233)]
2025-11-20 21:55:05.680689: Epoch time: 67.22 s
2025-11-20 21:55:05.680760: Yayy! New best EMA pseudo Dice: 0.5497000217437744
2025-11-20 21:55:07.965056: 
2025-11-20 21:55:07.965253: Epoch 146
2025-11-20 21:55:07.965376: Current learning rate: 0.00868
2025-11-20 21:56:21.560065: train_loss -0.4563
2025-11-20 21:56:21.560433: val_loss -0.4687
2025-11-20 21:56:21.560542: Pseudo dice [np.float32(0.8896), np.float32(0.7429), np.float32(0.0298)]
2025-11-20 21:56:21.560646: Epoch time: 73.6 s
2025-11-20 21:56:21.560726: Yayy! New best EMA pseudo Dice: 0.5501999855041504
2025-11-20 21:56:24.051381: 
2025-11-20 21:56:24.051575: Epoch 147
2025-11-20 21:56:24.051690: Current learning rate: 0.00867
2025-11-20 21:57:35.128300: train_loss -0.4617
2025-11-20 21:57:35.128640: val_loss -0.4813
2025-11-20 21:57:35.128807: Pseudo dice [np.float32(0.8953), np.float32(0.7456), np.float32(0.2245)]
2025-11-20 21:57:35.128913: Epoch time: 71.08 s
2025-11-20 21:57:35.128993: Yayy! New best EMA pseudo Dice: 0.5572999715805054
2025-11-20 21:57:36.599256: 
2025-11-20 21:57:36.599502: Epoch 148
2025-11-20 21:57:36.599620: Current learning rate: 0.00866
2025-11-20 21:58:42.272729: train_loss -0.4792
2025-11-20 21:58:42.272969: val_loss -0.4515
2025-11-20 21:58:42.273071: Pseudo dice [np.float32(0.8954), np.float32(0.7287), np.float32(0.0653)]
2025-11-20 21:58:42.273177: Epoch time: 65.67 s
2025-11-20 21:58:42.273259: Yayy! New best EMA pseudo Dice: 0.5579000115394592
2025-11-20 21:58:44.363918: 
2025-11-20 21:58:44.364124: Epoch 149
2025-11-20 21:58:44.364250: Current learning rate: 0.00865
2025-11-20 21:59:53.560605: train_loss -0.4751
2025-11-20 21:59:53.560939: val_loss -0.4635
2025-11-20 21:59:53.561039: Pseudo dice [np.float32(0.9034), np.float32(0.7402), np.float32(0.1441)]
2025-11-20 21:59:53.561135: Epoch time: 69.2 s
2025-11-20 21:59:54.328736: Yayy! New best EMA pseudo Dice: 0.5616999864578247
2025-11-20 21:59:56.068619: 
2025-11-20 21:59:56.068934: Epoch 150
2025-11-20 21:59:56.069110: Current learning rate: 0.00864
2025-11-20 22:01:05.387053: train_loss -0.4693
2025-11-20 22:01:05.387324: val_loss -0.4484
2025-11-20 22:01:05.387427: Pseudo dice [np.float32(0.9047), np.float32(0.744), np.float32(0.3103)]
2025-11-20 22:01:05.387529: Epoch time: 69.32 s
2025-11-20 22:01:05.387608: Yayy! New best EMA pseudo Dice: 0.5708000063896179
2025-11-20 22:01:06.837754: 
2025-11-20 22:01:06.837995: Epoch 151
2025-11-20 22:01:06.838123: Current learning rate: 0.00863
2025-11-20 22:02:14.472906: train_loss -0.4634
2025-11-20 22:02:14.473272: val_loss -0.44
2025-11-20 22:02:14.473378: Pseudo dice [np.float32(0.892), np.float32(0.718), np.float32(0.0136)]
2025-11-20 22:02:14.473483: Epoch time: 67.64 s
2025-11-20 22:02:15.596796: 
2025-11-20 22:02:15.596988: Epoch 152
2025-11-20 22:02:15.597108: Current learning rate: 0.00862
2025-11-20 22:03:21.799598: train_loss -0.4715
2025-11-20 22:03:21.801405: val_loss -0.471
2025-11-20 22:03:21.801537: Pseudo dice [np.float32(0.8998), np.float32(0.7393), np.float32(0.1789)]
2025-11-20 22:03:21.801642: Epoch time: 66.2 s
2025-11-20 22:03:21.801726: Yayy! New best EMA pseudo Dice: 0.5716999769210815
2025-11-20 22:03:23.571664: 
2025-11-20 22:03:23.571894: Epoch 153
2025-11-20 22:03:23.572018: Current learning rate: 0.00861
2025-11-20 22:04:33.301825: train_loss -0.4752
2025-11-20 22:04:33.302192: val_loss -0.4586
2025-11-20 22:04:33.302292: Pseudo dice [np.float32(0.8785), np.float32(0.7448), np.float32(0.0341)]
2025-11-20 22:04:33.302389: Epoch time: 69.73 s
2025-11-20 22:04:34.908178: 
2025-11-20 22:04:34.908414: Epoch 154
2025-11-20 22:04:34.908551: Current learning rate: 0.0086
2025-11-20 22:05:41.382528: train_loss -0.4719
2025-11-20 22:05:41.382802: val_loss -0.4778
2025-11-20 22:05:41.382983: Pseudo dice [np.float32(0.9024), np.float32(0.7552), np.float32(0.1777)]
2025-11-20 22:05:41.383106: Epoch time: 66.48 s
2025-11-20 22:05:41.390343: Yayy! New best EMA pseudo Dice: 0.5740000009536743
2025-11-20 22:05:43.034826: 
2025-11-20 22:05:43.035006: Epoch 155
2025-11-20 22:05:43.035116: Current learning rate: 0.00859
2025-11-20 22:06:55.160027: train_loss -0.4724
2025-11-20 22:06:55.160359: val_loss -0.4908
2025-11-20 22:06:55.160467: Pseudo dice [np.float32(0.9), np.float32(0.7592), np.float32(0.0602)]
2025-11-20 22:06:55.160575: Epoch time: 72.13 s
2025-11-20 22:06:56.310395: 
2025-11-20 22:06:56.310585: Epoch 156
2025-11-20 22:06:56.310756: Current learning rate: 0.00858
2025-11-20 22:08:04.810203: train_loss -0.4752
2025-11-20 22:08:04.810468: val_loss -0.4766
2025-11-20 22:08:04.810575: Pseudo dice [np.float32(0.8892), np.float32(0.7111), np.float32(0.3181)]
2025-11-20 22:08:04.810682: Epoch time: 68.5 s
2025-11-20 22:08:04.810771: Yayy! New best EMA pseudo Dice: 0.5803999900817871
2025-11-20 22:08:06.252153: 
2025-11-20 22:08:06.252358: Epoch 157
2025-11-20 22:08:06.252480: Current learning rate: 0.00858
2025-11-20 22:09:15.770658: train_loss -0.4543
2025-11-20 22:09:15.771911: val_loss -0.5089
2025-11-20 22:09:15.772027: Pseudo dice [np.float32(0.8837), np.float32(0.7482), np.float32(0.5628)]
2025-11-20 22:09:15.772133: Epoch time: 69.52 s
2025-11-20 22:09:15.772233: Yayy! New best EMA pseudo Dice: 0.5954999923706055
2025-11-20 22:09:17.688951: 
2025-11-20 22:09:17.689164: Epoch 158
2025-11-20 22:09:17.689299: Current learning rate: 0.00857
2025-11-20 22:10:26.881270: train_loss -0.455
2025-11-20 22:10:26.882402: val_loss -0.4485
2025-11-20 22:10:26.882520: Pseudo dice [np.float32(0.9018), np.float32(0.7249), np.float32(0.2046)]
2025-11-20 22:10:26.882625: Epoch time: 69.19 s
2025-11-20 22:10:26.882706: Yayy! New best EMA pseudo Dice: 0.597000002861023
2025-11-20 22:10:29.081958: 
2025-11-20 22:10:29.082223: Epoch 159
2025-11-20 22:10:29.082346: Current learning rate: 0.00856
2025-11-20 22:11:37.836746: train_loss -0.4613
2025-11-20 22:11:37.837024: val_loss -0.4815
2025-11-20 22:11:37.837130: Pseudo dice [np.float32(0.8871), np.float32(0.7507), np.float32(0.1064)]
2025-11-20 22:11:37.837243: Epoch time: 68.76 s
2025-11-20 22:11:39.652193: 
2025-11-20 22:11:39.652407: Epoch 160
2025-11-20 22:11:39.652526: Current learning rate: 0.00855
2025-11-20 22:12:51.431883: train_loss -0.4759
2025-11-20 22:12:51.432165: val_loss -0.4893
2025-11-20 22:12:51.432276: Pseudo dice [np.float32(0.8879), np.float32(0.7407), np.float32(0.0697)]
2025-11-20 22:12:51.432377: Epoch time: 71.78 s
2025-11-20 22:12:52.561229: 
2025-11-20 22:12:52.561533: Epoch 161
2025-11-20 22:12:52.561656: Current learning rate: 0.00854
2025-11-20 22:14:00.933188: train_loss -0.4702
2025-11-20 22:14:00.933441: val_loss -0.4215
2025-11-20 22:14:00.933544: Pseudo dice [np.float32(0.8923), np.float32(0.7353), np.float32(0.0118)]
2025-11-20 22:14:00.933723: Epoch time: 68.37 s
2025-11-20 22:14:02.110021: 
2025-11-20 22:14:02.110226: Epoch 162
2025-11-20 22:14:02.110341: Current learning rate: 0.00853
2025-11-20 22:15:11.773163: train_loss -0.4682
2025-11-20 22:15:11.773439: val_loss -0.5134
2025-11-20 22:15:11.773608: Pseudo dice [np.float32(0.8902), np.float32(0.7543), np.float32(0.4242)]
2025-11-20 22:15:11.773719: Epoch time: 69.66 s
2025-11-20 22:15:11.773798: Yayy! New best EMA pseudo Dice: 0.5981000065803528
2025-11-20 22:15:13.169630: 
2025-11-20 22:15:13.169839: Epoch 163
2025-11-20 22:15:13.169954: Current learning rate: 0.00852
2025-11-20 22:16:20.983963: train_loss -0.4789
2025-11-20 22:16:20.984239: val_loss -0.4803
2025-11-20 22:16:20.984346: Pseudo dice [np.float32(0.9004), np.float32(0.7495), np.float32(0.097)]
2025-11-20 22:16:20.984447: Epoch time: 67.82 s
2025-11-20 22:16:22.129578: 
2025-11-20 22:16:22.129775: Epoch 164
2025-11-20 22:16:22.129890: Current learning rate: 0.00851
2025-11-20 22:17:29.361744: train_loss -0.4885
2025-11-20 22:17:29.362015: val_loss -0.4902
2025-11-20 22:17:29.362119: Pseudo dice [np.float32(0.9045), np.float32(0.7577), np.float32(0.1899)]
2025-11-20 22:17:29.362232: Epoch time: 67.23 s
2025-11-20 22:17:29.362454: Yayy! New best EMA pseudo Dice: 0.5985999703407288
2025-11-20 22:17:30.969413: 
2025-11-20 22:17:30.969696: Epoch 165
2025-11-20 22:17:30.969815: Current learning rate: 0.0085
2025-11-20 22:18:38.169478: train_loss -0.4743
2025-11-20 22:18:38.169738: val_loss -0.4869
2025-11-20 22:18:38.169850: Pseudo dice [np.float32(0.9093), np.float32(0.7515), np.float32(0.524)]
2025-11-20 22:18:38.169955: Epoch time: 67.2 s
2025-11-20 22:18:38.170037: Yayy! New best EMA pseudo Dice: 0.6115999817848206
2025-11-20 22:18:39.692167: 
2025-11-20 22:18:39.692361: Epoch 166
2025-11-20 22:18:39.692478: Current learning rate: 0.00849
2025-11-20 22:19:47.052011: train_loss -0.4752
2025-11-20 22:19:47.054448: val_loss -0.4804
2025-11-20 22:19:47.054594: Pseudo dice [np.float32(0.8999), np.float32(0.7474), np.float32(0.3911)]
2025-11-20 22:19:47.054693: Epoch time: 67.36 s
2025-11-20 22:19:47.054770: Yayy! New best EMA pseudo Dice: 0.618399977684021
2025-11-20 22:19:49.078741: 
2025-11-20 22:19:49.079011: Epoch 167
2025-11-20 22:19:49.079130: Current learning rate: 0.00848
2025-11-20 22:21:01.044703: train_loss -0.4819
2025-11-20 22:21:01.044981: val_loss -0.4395
2025-11-20 22:21:01.045087: Pseudo dice [np.float32(0.8875), np.float32(0.7486), np.float32(0.1685)]
2025-11-20 22:21:01.045197: Epoch time: 71.97 s
2025-11-20 22:21:02.496181: 
2025-11-20 22:21:02.496441: Epoch 168
2025-11-20 22:21:02.496566: Current learning rate: 0.00847
2025-11-20 22:22:10.990552: train_loss -0.4848
2025-11-20 22:22:10.990804: val_loss -0.4834
2025-11-20 22:22:10.990908: Pseudo dice [np.float32(0.8979), np.float32(0.7368), np.float32(0.3553)]
2025-11-20 22:22:10.991010: Epoch time: 68.5 s
2025-11-20 22:22:10.993298: Yayy! New best EMA pseudo Dice: 0.6212999820709229
2025-11-20 22:22:12.480633: 
2025-11-20 22:22:12.480826: Epoch 169
2025-11-20 22:22:12.481029: Current learning rate: 0.00847
2025-11-20 22:23:21.480053: train_loss -0.4839
2025-11-20 22:23:21.481826: val_loss -0.49
2025-11-20 22:23:21.481966: Pseudo dice [np.float32(0.8974), np.float32(0.7611), np.float32(0.2931)]
2025-11-20 22:23:21.482069: Epoch time: 69.0 s
2025-11-20 22:23:21.482152: Yayy! New best EMA pseudo Dice: 0.6243000030517578
2025-11-20 22:23:24.124608: 
2025-11-20 22:23:24.124826: Epoch 170
2025-11-20 22:23:24.124949: Current learning rate: 0.00846
2025-11-20 22:24:34.173552: train_loss -0.472
2025-11-20 22:24:34.173892: val_loss -0.4608
2025-11-20 22:24:34.173999: Pseudo dice [np.float32(0.8901), np.float32(0.7327), np.float32(0.4008)]
2025-11-20 22:24:34.174105: Epoch time: 70.05 s
2025-11-20 22:24:34.174190: Yayy! New best EMA pseudo Dice: 0.6292999982833862
2025-11-20 22:24:35.829015: 
2025-11-20 22:24:35.829283: Epoch 171
2025-11-20 22:24:35.829405: Current learning rate: 0.00845
2025-11-20 22:25:43.262797: train_loss -0.4761
2025-11-20 22:25:43.263022: val_loss -0.4692
2025-11-20 22:25:43.263124: Pseudo dice [np.float32(0.8988), np.float32(0.7422), np.float32(0.0942)]
2025-11-20 22:25:43.263231: Epoch time: 67.43 s
2025-11-20 22:25:44.381058: 
2025-11-20 22:25:44.381379: Epoch 172
2025-11-20 22:25:44.381550: Current learning rate: 0.00844
2025-11-20 22:26:51.818111: train_loss -0.4806
2025-11-20 22:26:51.818354: val_loss -0.5092
2025-11-20 22:26:51.818457: Pseudo dice [np.float32(0.8868), np.float32(0.7528), np.float32(0.562)]
2025-11-20 22:26:51.818560: Epoch time: 67.44 s
2025-11-20 22:26:51.818640: Yayy! New best EMA pseudo Dice: 0.635200023651123
2025-11-20 22:26:53.410122: 
2025-11-20 22:26:53.410357: Epoch 173
2025-11-20 22:26:53.410512: Current learning rate: 0.00843
2025-11-20 22:28:02.929252: train_loss -0.4906
2025-11-20 22:28:02.929531: val_loss -0.4996
2025-11-20 22:28:02.929627: Pseudo dice [np.float32(0.89), np.float32(0.7444), np.float32(0.3668)]
2025-11-20 22:28:02.929721: Epoch time: 69.52 s
2025-11-20 22:28:02.929794: Yayy! New best EMA pseudo Dice: 0.6384000182151794
2025-11-20 22:28:05.087981: 
2025-11-20 22:28:05.088185: Epoch 174
2025-11-20 22:28:05.088367: Current learning rate: 0.00842
2025-11-20 22:29:15.919011: train_loss -0.4783
2025-11-20 22:29:15.919337: val_loss -0.4915
2025-11-20 22:29:15.919447: Pseudo dice [np.float32(0.8885), np.float32(0.7571), np.float32(0.4534)]
2025-11-20 22:29:15.919548: Epoch time: 70.83 s
2025-11-20 22:29:15.919626: Yayy! New best EMA pseudo Dice: 0.6445000171661377
2025-11-20 22:29:17.387923: 
2025-11-20 22:29:17.388167: Epoch 175
2025-11-20 22:29:17.388300: Current learning rate: 0.00841
2025-11-20 22:30:27.552307: train_loss -0.4886
2025-11-20 22:30:27.554358: val_loss -0.4742
2025-11-20 22:30:27.554469: Pseudo dice [np.float32(0.8989), np.float32(0.7442), np.float32(0.3694)]
2025-11-20 22:30:27.554566: Epoch time: 70.17 s
2025-11-20 22:30:27.554637: Yayy! New best EMA pseudo Dice: 0.6470999717712402
2025-11-20 22:30:29.146256: 
2025-11-20 22:30:29.146439: Epoch 176
2025-11-20 22:30:29.146556: Current learning rate: 0.0084
2025-11-20 22:31:38.550098: train_loss -0.4813
2025-11-20 22:31:38.550371: val_loss -0.4869
2025-11-20 22:31:38.550474: Pseudo dice [np.float32(0.8851), np.float32(0.7475), np.float32(0.4371)]
2025-11-20 22:31:38.550576: Epoch time: 69.4 s
2025-11-20 22:31:38.550655: Yayy! New best EMA pseudo Dice: 0.6514000296592712
2025-11-20 22:31:40.069820: 
2025-11-20 22:31:40.070025: Epoch 177
2025-11-20 22:31:40.070147: Current learning rate: 0.00839
2025-11-20 22:32:48.387702: train_loss -0.4816
2025-11-20 22:32:48.387966: val_loss -0.4318
2025-11-20 22:32:48.388065: Pseudo dice [np.float32(0.8921), np.float32(0.7514), np.float32(0.3139)]
2025-11-20 22:32:48.388161: Epoch time: 68.32 s
2025-11-20 22:32:48.388240: Yayy! New best EMA pseudo Dice: 0.6514999866485596
2025-11-20 22:32:49.803932: 
2025-11-20 22:32:49.804231: Epoch 178
2025-11-20 22:32:49.804364: Current learning rate: 0.00838
2025-11-20 22:33:57.647642: train_loss -0.4892
2025-11-20 22:33:57.649646: val_loss -0.4859
2025-11-20 22:33:57.649750: Pseudo dice [np.float32(0.8899), np.float32(0.7481), np.float32(0.2042)]
2025-11-20 22:33:57.649854: Epoch time: 67.84 s
2025-11-20 22:33:59.105589: 
2025-11-20 22:33:59.105773: Epoch 179
2025-11-20 22:33:59.105890: Current learning rate: 0.00837
2025-11-20 22:35:10.755144: train_loss -0.4843
2025-11-20 22:35:10.755445: val_loss -0.4907
2025-11-20 22:35:10.755561: Pseudo dice [np.float32(0.8888), np.float32(0.7525), np.float32(0.4037)]
2025-11-20 22:35:10.755669: Epoch time: 71.65 s
2025-11-20 22:35:12.417837: 
2025-11-20 22:35:12.418061: Epoch 180
2025-11-20 22:35:12.418186: Current learning rate: 0.00836
2025-11-20 22:36:21.277059: train_loss -0.483
2025-11-20 22:36:21.277337: val_loss -0.4652
2025-11-20 22:36:21.277434: Pseudo dice [np.float32(0.8866), np.float32(0.7409), np.float32(0.3352)]
2025-11-20 22:36:21.277528: Epoch time: 68.86 s
2025-11-20 22:36:22.466220: 
2025-11-20 22:36:22.466418: Epoch 181
2025-11-20 22:36:22.466538: Current learning rate: 0.00836
2025-11-20 22:37:29.121140: train_loss -0.4782
2025-11-20 22:37:29.121423: val_loss -0.4778
2025-11-20 22:37:29.121529: Pseudo dice [np.float32(0.9124), np.float32(0.7557), np.float32(0.5204)]
2025-11-20 22:37:29.122648: Epoch time: 66.66 s
2025-11-20 22:37:29.123904: Yayy! New best EMA pseudo Dice: 0.6593000292778015
2025-11-20 22:37:30.964170: 
2025-11-20 22:37:30.964467: Epoch 182
2025-11-20 22:37:30.964637: Current learning rate: 0.00835
2025-11-20 22:38:36.588594: train_loss -0.4961
2025-11-20 22:38:36.588865: val_loss -0.4702
2025-11-20 22:38:36.588969: Pseudo dice [np.float32(0.907), np.float32(0.7522), np.float32(0.2824)]
2025-11-20 22:38:36.589072: Epoch time: 65.63 s
2025-11-20 22:38:37.968222: 
2025-11-20 22:38:37.968518: Epoch 183
2025-11-20 22:38:37.968696: Current learning rate: 0.00834
2025-11-20 22:39:46.188999: train_loss -0.4832
2025-11-20 22:39:46.189234: val_loss -0.4706
2025-11-20 22:39:46.189332: Pseudo dice [np.float32(0.9022), np.float32(0.752), np.float32(0.3197)]
2025-11-20 22:39:46.189428: Epoch time: 68.22 s
2025-11-20 22:39:48.115349: 
2025-11-20 22:39:48.115586: Epoch 184
2025-11-20 22:39:48.115709: Current learning rate: 0.00833
2025-11-20 22:40:52.233598: train_loss -0.49
2025-11-20 22:40:52.233847: val_loss -0.4891
2025-11-20 22:40:52.233941: Pseudo dice [np.float32(0.8981), np.float32(0.7587), np.float32(0.3775)]
2025-11-20 22:40:52.234036: Epoch time: 64.12 s
2025-11-20 22:40:52.234139: Yayy! New best EMA pseudo Dice: 0.660099983215332
2025-11-20 22:40:53.662775: 
2025-11-20 22:40:53.663079: Epoch 185
2025-11-20 22:40:53.663215: Current learning rate: 0.00832
2025-11-20 22:42:04.297714: train_loss -0.4979
2025-11-20 22:42:04.308308: val_loss -0.503
2025-11-20 22:42:04.308503: Pseudo dice [np.float32(0.8917), np.float32(0.7067), np.float32(0.5882)]
2025-11-20 22:42:04.308602: Epoch time: 70.64 s
2025-11-20 22:42:04.308676: Yayy! New best EMA pseudo Dice: 0.6668999791145325
2025-11-20 22:42:06.062146: 
2025-11-20 22:42:06.062402: Epoch 186
2025-11-20 22:42:06.062517: Current learning rate: 0.00831
2025-11-20 22:43:16.034538: train_loss -0.4897
2025-11-20 22:43:16.034771: val_loss -0.5175
2025-11-20 22:43:16.034877: Pseudo dice [np.float32(0.9026), np.float32(0.7551), np.float32(0.6007)]
2025-11-20 22:43:16.034983: Epoch time: 69.97 s
2025-11-20 22:43:16.035064: Yayy! New best EMA pseudo Dice: 0.6754999756813049
2025-11-20 22:43:17.768875: 
2025-11-20 22:43:17.769181: Epoch 187
2025-11-20 22:43:17.769301: Current learning rate: 0.0083
2025-11-20 22:44:26.436743: train_loss -0.4794
2025-11-20 22:44:26.437013: val_loss -0.4868
2025-11-20 22:44:26.437109: Pseudo dice [np.float32(0.8982), np.float32(0.7519), np.float32(0.5817)]
2025-11-20 22:44:26.437210: Epoch time: 68.67 s
2025-11-20 22:44:26.437284: Yayy! New best EMA pseudo Dice: 0.6823999881744385
2025-11-20 22:44:28.105028: 
2025-11-20 22:44:28.105306: Epoch 188
2025-11-20 22:44:28.105435: Current learning rate: 0.00829
2025-11-20 22:45:33.695003: train_loss -0.4905
2025-11-20 22:45:33.695294: val_loss -0.4879
2025-11-20 22:45:33.695400: Pseudo dice [np.float32(0.9037), np.float32(0.7296), np.float32(0.4104)]
2025-11-20 22:45:33.695502: Epoch time: 65.59 s
2025-11-20 22:45:35.260519: 
2025-11-20 22:45:35.260719: Epoch 189
2025-11-20 22:45:35.260840: Current learning rate: 0.00828
2025-11-20 22:46:44.805178: train_loss -0.4844
2025-11-20 22:46:44.805444: val_loss -0.5021
2025-11-20 22:46:44.807694: Pseudo dice [np.float32(0.8966), np.float32(0.7469), np.float32(0.5434)]
2025-11-20 22:46:44.808013: Epoch time: 69.55 s
2025-11-20 22:46:44.808107: Yayy! New best EMA pseudo Dice: 0.6869000196456909
2025-11-20 22:46:46.468280: 
2025-11-20 22:46:46.468475: Epoch 190
2025-11-20 22:46:46.468592: Current learning rate: 0.00827
2025-11-20 22:47:55.585812: train_loss -0.462
2025-11-20 22:47:55.586151: val_loss -0.4802
2025-11-20 22:47:55.586274: Pseudo dice [np.float32(0.9043), np.float32(0.7538), np.float32(0.0)]
2025-11-20 22:47:55.586375: Epoch time: 69.12 s
2025-11-20 22:47:57.442788: 
2025-11-20 22:47:57.443028: Epoch 191
2025-11-20 22:47:57.443150: Current learning rate: 0.00826
2025-11-20 22:49:07.473686: train_loss -0.4742
2025-11-20 22:49:07.474061: val_loss -0.4681
2025-11-20 22:49:07.474167: Pseudo dice [np.float32(0.9014), np.float32(0.7492), np.float32(0.0)]
2025-11-20 22:49:07.474277: Epoch time: 70.03 s
2025-11-20 22:49:08.994609: 
2025-11-20 22:49:08.994837: Epoch 192
2025-11-20 22:49:08.994981: Current learning rate: 0.00825
2025-11-20 22:50:14.021896: train_loss -0.5673
2025-11-20 22:50:14.022998: val_loss -0.6221
2025-11-20 22:50:14.023111: Pseudo dice [np.float32(0.8957), np.float32(0.7441), np.float32(0.0)]
2025-11-20 22:50:14.023222: Epoch time: 65.03 s
2025-11-20 22:50:15.228939: 
2025-11-20 22:50:15.229142: Epoch 193
2025-11-20 22:50:15.229271: Current learning rate: 0.00824
2025-11-20 22:51:24.167128: train_loss -0.6125
2025-11-20 22:51:24.168159: val_loss -0.6105
2025-11-20 22:51:24.168277: Pseudo dice [np.float32(0.8796), np.float32(0.7171), np.float32(0.0)]
2025-11-20 22:51:24.168379: Epoch time: 68.94 s
2025-11-20 22:51:25.984663: 
2025-11-20 22:51:25.984900: Epoch 194
2025-11-20 22:51:25.985090: Current learning rate: 0.00824
2025-11-20 22:52:36.108633: train_loss -0.5708
2025-11-20 22:52:36.109020: val_loss -0.5852
2025-11-20 22:52:36.109137: Pseudo dice [np.float32(0.8468), np.float32(0.7076), np.float32(0.0)]
2025-11-20 22:52:36.109251: Epoch time: 70.12 s
2025-11-20 22:52:37.308030: 
2025-11-20 22:52:37.308332: Epoch 195
2025-11-20 22:52:37.308462: Current learning rate: 0.00823
2025-11-20 22:53:47.224500: train_loss -0.5712
2025-11-20 22:53:47.224874: val_loss -0.5763
2025-11-20 22:53:47.224979: Pseudo dice [np.float32(0.8704), np.float32(0.6881), np.float32(0.0)]
2025-11-20 22:53:47.225081: Epoch time: 69.92 s
2025-11-20 22:53:48.837732: 
2025-11-20 22:53:48.837957: Epoch 196
2025-11-20 22:53:48.838081: Current learning rate: 0.00822
2025-11-20 22:55:00.043829: train_loss -0.5673
2025-11-20 22:55:00.044733: val_loss -0.6109
2025-11-20 22:55:00.044853: Pseudo dice [np.float32(0.8808), np.float32(0.7279), np.float32(0.0)]
2025-11-20 22:55:00.044958: Epoch time: 71.21 s
2025-11-20 22:55:01.255046: 
2025-11-20 22:55:01.255387: Epoch 197
2025-11-20 22:55:01.255546: Current learning rate: 0.00821
2025-11-20 22:56:10.281672: train_loss -0.5337
2025-11-20 22:56:10.281916: val_loss -0.5557
2025-11-20 22:56:10.282011: Pseudo dice [np.float32(0.8381), np.float32(0.6948), np.float32(0.0)]
2025-11-20 22:56:10.282103: Epoch time: 69.03 s
2025-11-20 22:56:11.854802: 
2025-11-20 22:56:11.855012: Epoch 198
2025-11-20 22:56:11.855133: Current learning rate: 0.0082
2025-11-20 22:57:21.058518: train_loss -0.5375
2025-11-20 22:57:21.058740: val_loss -0.5764
2025-11-20 22:57:21.058843: Pseudo dice [np.float32(0.8645), np.float32(0.657), np.float32(0.0)]
2025-11-20 22:57:21.058945: Epoch time: 69.2 s
2025-11-20 22:57:23.360368: 
2025-11-20 22:57:23.360635: Epoch 199
2025-11-20 22:57:23.360759: Current learning rate: 0.00819
2025-11-20 22:58:32.995403: train_loss -0.5339
2025-11-20 22:58:33.000743: val_loss -0.584
2025-11-20 22:58:33.000969: Pseudo dice [np.float32(0.8602), np.float32(0.6997), np.float32(0.0)]
2025-11-20 22:58:33.001073: Epoch time: 69.64 s
2025-11-20 22:58:34.457730: 
2025-11-20 22:58:34.457925: Epoch 200
2025-11-20 22:58:34.458112: Current learning rate: 0.00818
2025-11-20 22:59:43.891492: train_loss -0.5782
2025-11-20 22:59:43.891745: val_loss -0.5563
2025-11-20 22:59:43.891846: Pseudo dice [np.float32(0.8483), np.float32(0.6252), np.float32(0.0)]
2025-11-20 22:59:43.891996: Epoch time: 69.43 s
2025-11-20 22:59:45.031783: 
2025-11-20 22:59:45.032020: Epoch 201
2025-11-20 22:59:45.032150: Current learning rate: 0.00817
2025-11-20 23:00:58.537399: train_loss -0.555
2025-11-20 23:00:58.537686: val_loss -0.5428
2025-11-20 23:00:58.537789: Pseudo dice [np.float32(0.8254), np.float32(0.6677), np.float32(0.0)]
2025-11-20 23:00:58.541205: Epoch time: 73.51 s
2025-11-20 23:00:59.887660: 
2025-11-20 23:00:59.887958: Epoch 202
2025-11-20 23:00:59.888088: Current learning rate: 0.00816
2025-11-20 23:02:08.564053: train_loss -0.5458
2025-11-20 23:02:08.566005: val_loss -0.5436
2025-11-20 23:02:08.566124: Pseudo dice [np.float32(0.8607), np.float32(0.608), np.float32(0.0)]
2025-11-20 23:02:08.566240: Epoch time: 68.68 s
2025-11-20 23:02:09.795609: 
2025-11-20 23:02:09.795875: Epoch 203
2025-11-20 23:02:09.795993: Current learning rate: 0.00815
2025-11-20 23:03:15.861945: train_loss -0.5638
2025-11-20 23:03:15.862226: val_loss -0.5792
2025-11-20 23:03:15.862334: Pseudo dice [np.float32(0.8428), np.float32(0.6952), np.float32(0.0)]
2025-11-20 23:03:15.862440: Epoch time: 66.07 s
2025-11-20 23:03:16.979707: 
2025-11-20 23:03:16.979941: Epoch 204
2025-11-20 23:03:16.980074: Current learning rate: 0.00814
2025-11-20 23:04:25.644234: train_loss -0.5843
2025-11-20 23:04:25.644515: val_loss -0.5674
2025-11-20 23:04:25.644681: Pseudo dice [np.float32(0.8471), np.float32(0.6821), np.float32(0.0)]
2025-11-20 23:04:25.644800: Epoch time: 68.67 s
2025-11-20 23:04:26.785115: 
2025-11-20 23:04:26.785332: Epoch 205
2025-11-20 23:04:26.785456: Current learning rate: 0.00813
2025-11-20 23:05:35.743449: train_loss -0.6038
2025-11-20 23:05:35.743733: val_loss -0.6043
2025-11-20 23:05:35.743841: Pseudo dice [np.float32(0.8802), np.float32(0.7228), np.float32(0.0)]
2025-11-20 23:05:35.743945: Epoch time: 68.96 s
2025-11-20 23:05:36.892330: 
2025-11-20 23:05:36.892514: Epoch 206
2025-11-20 23:05:36.892631: Current learning rate: 0.00813
2025-11-20 23:06:50.692904: train_loss -0.5679
2025-11-20 23:06:50.694089: val_loss -0.5833
2025-11-20 23:06:50.694210: Pseudo dice [np.float32(0.8638), np.float32(0.6768), np.float32(0.0)]
2025-11-20 23:06:50.694315: Epoch time: 73.8 s
2025-11-20 23:06:52.248167: 
2025-11-20 23:06:52.248390: Epoch 207
2025-11-20 23:06:52.248509: Current learning rate: 0.00812
2025-11-20 23:08:02.181780: train_loss -0.5673
2025-11-20 23:08:02.182143: val_loss -0.5977
2025-11-20 23:08:02.182257: Pseudo dice [np.float32(0.8577), np.float32(0.7256), np.float32(0.0)]
2025-11-20 23:08:02.182359: Epoch time: 69.93 s
2025-11-20 23:08:03.511105: 
2025-11-20 23:08:03.511323: Epoch 208
2025-11-20 23:08:03.511491: Current learning rate: 0.00811
2025-11-20 23:09:12.535955: train_loss -0.5495
2025-11-20 23:09:12.536220: val_loss -0.5424
2025-11-20 23:09:12.536318: Pseudo dice [np.float32(0.8631), np.float32(0.6115), np.float32(0.0)]
2025-11-20 23:09:12.536411: Epoch time: 69.03 s
2025-11-20 23:09:13.660667: 
2025-11-20 23:09:13.660923: Epoch 209
2025-11-20 23:09:13.661048: Current learning rate: 0.0081
2025-11-20 23:10:24.309160: train_loss -0.5826
2025-11-20 23:10:24.309524: val_loss -0.606
2025-11-20 23:10:24.309619: Pseudo dice [np.float32(0.879), np.float32(0.6789), np.float32(0.0)]
2025-11-20 23:10:24.309713: Epoch time: 70.65 s
2025-11-20 23:10:25.450879: 
2025-11-20 23:10:25.451193: Epoch 210
2025-11-20 23:10:25.451314: Current learning rate: 0.00809
2025-11-20 23:11:37.943077: train_loss -0.5691
2025-11-20 23:11:37.945486: val_loss -0.5548
2025-11-20 23:11:37.945772: Pseudo dice [np.float32(0.8632), np.float32(0.5952), np.float32(0.0)]
2025-11-20 23:11:37.945886: Epoch time: 72.49 s
2025-11-20 23:11:39.483787: 
2025-11-20 23:11:39.484051: Epoch 211
2025-11-20 23:11:39.484195: Current learning rate: 0.00808
2025-11-20 23:12:47.568042: train_loss -0.5578
2025-11-20 23:12:47.568312: val_loss -0.5714
2025-11-20 23:12:47.568404: Pseudo dice [np.float32(0.866), np.float32(0.6439), np.float32(0.0)]
2025-11-20 23:12:47.568497: Epoch time: 68.09 s
2025-11-20 23:12:48.659950: 
2025-11-20 23:12:48.660221: Epoch 212
2025-11-20 23:12:48.660350: Current learning rate: 0.00807
2025-11-20 23:13:58.358967: train_loss -0.5876
2025-11-20 23:13:58.359237: val_loss -0.6258
2025-11-20 23:13:58.359331: Pseudo dice [np.float32(0.8952), np.float32(0.7258), np.float32(0.0)]
2025-11-20 23:13:58.359421: Epoch time: 69.7 s
2025-11-20 23:13:59.395320: 
2025-11-20 23:13:59.395523: Epoch 213
2025-11-20 23:13:59.395649: Current learning rate: 0.00806
2025-11-20 23:15:11.883137: train_loss -0.606
2025-11-20 23:15:11.883508: val_loss -0.6107
2025-11-20 23:15:11.883613: Pseudo dice [np.float32(0.8857), np.float32(0.7248), np.float32(0.0)]
2025-11-20 23:15:11.883715: Epoch time: 72.49 s
2025-11-20 23:15:13.055138: 
2025-11-20 23:15:13.055491: Epoch 214
2025-11-20 23:15:13.055695: Current learning rate: 0.00805
2025-11-20 23:16:21.997371: train_loss -0.6143
2025-11-20 23:16:21.997730: val_loss -0.6146
2025-11-20 23:16:21.997834: Pseudo dice [np.float32(0.8913), np.float32(0.7192), np.float32(0.0)]
2025-11-20 23:16:21.997937: Epoch time: 68.94 s
2025-11-20 23:16:23.096105: 
2025-11-20 23:16:23.096407: Epoch 215
2025-11-20 23:16:23.096535: Current learning rate: 0.00804
2025-11-20 23:17:31.201669: train_loss -0.5978
2025-11-20 23:17:31.203564: val_loss -0.6157
2025-11-20 23:17:31.203680: Pseudo dice [np.float32(0.8936), np.float32(0.7227), np.float32(0.0)]
2025-11-20 23:17:31.203782: Epoch time: 68.11 s
2025-11-20 23:17:33.404664: 
2025-11-20 23:17:33.409176: Epoch 216
2025-11-20 23:17:33.409382: Current learning rate: 0.00803
2025-11-20 23:18:45.994851: train_loss -0.5911
2025-11-20 23:18:45.995127: val_loss -0.5947
2025-11-20 23:18:45.995240: Pseudo dice [np.float32(0.8829), np.float32(0.7069), np.float32(0.0)]
2025-11-20 23:18:45.995347: Epoch time: 72.59 s
2025-11-20 23:18:47.188375: 
2025-11-20 23:18:47.188564: Epoch 217
2025-11-20 23:18:47.188727: Current learning rate: 0.00802
2025-11-20 23:19:57.318514: train_loss -0.6116
2025-11-20 23:19:57.321405: val_loss -0.6438
2025-11-20 23:19:57.321532: Pseudo dice [np.float32(0.896), np.float32(0.7299), np.float32(0.0)]
2025-11-20 23:19:57.321628: Epoch time: 70.13 s
2025-11-20 23:19:59.577965: 
2025-11-20 23:19:59.578152: Epoch 218
2025-11-20 23:19:59.578276: Current learning rate: 0.00801
2025-11-20 23:21:06.717755: train_loss -0.6234
2025-11-20 23:21:06.718030: val_loss -0.6427
2025-11-20 23:21:06.718132: Pseudo dice [np.float32(0.9031), np.float32(0.7323), np.float32(0.0)]
2025-11-20 23:21:06.718245: Epoch time: 67.14 s
2025-11-20 23:21:08.162647: 
2025-11-20 23:21:08.163074: Epoch 219
2025-11-20 23:21:08.163416: Current learning rate: 0.00801
2025-11-20 23:22:22.223511: train_loss -0.5781
2025-11-20 23:22:22.223765: val_loss -0.5957
2025-11-20 23:22:22.223861: Pseudo dice [np.float32(0.8864), np.float32(0.695), np.float32(0.0)]
2025-11-20 23:22:22.223955: Epoch time: 74.06 s
2025-11-20 23:22:23.742697: 
2025-11-20 23:22:23.742996: Epoch 220
2025-11-20 23:22:23.743142: Current learning rate: 0.008
2025-11-20 23:23:36.900221: train_loss -0.5928
2025-11-20 23:23:36.900538: val_loss -0.5654
2025-11-20 23:23:36.900646: Pseudo dice [np.float32(0.8656), np.float32(0.676), np.float32(0.0)]
2025-11-20 23:23:36.900751: Epoch time: 73.16 s
2025-11-20 23:23:38.059094: 
2025-11-20 23:23:38.059294: Epoch 221
2025-11-20 23:23:38.059412: Current learning rate: 0.00799
2025-11-20 23:24:45.293567: train_loss -0.5761
2025-11-20 23:24:45.294424: val_loss -0.6016
2025-11-20 23:24:45.294537: Pseudo dice [np.float32(0.8815), np.float32(0.7049), np.float32(0.0)]
2025-11-20 23:24:45.294639: Epoch time: 67.24 s
2025-11-20 23:24:46.631219: 
2025-11-20 23:24:46.631455: Epoch 222
2025-11-20 23:24:46.631577: Current learning rate: 0.00798
2025-11-20 23:25:59.075179: train_loss -0.6056
2025-11-20 23:25:59.075436: val_loss -0.5828
2025-11-20 23:25:59.075539: Pseudo dice [np.float32(0.8817), np.float32(0.6635), np.float32(0.0)]
2025-11-20 23:25:59.075644: Epoch time: 72.44 s
2025-11-20 23:26:00.171693: 
2025-11-20 23:26:00.171959: Epoch 223
2025-11-20 23:26:00.172087: Current learning rate: 0.00797
2025-11-20 23:27:10.389865: train_loss -0.6473
2025-11-20 23:27:10.390131: val_loss -0.6819
2025-11-20 23:27:10.390244: Pseudo dice [np.float32(0.8979), np.float32(0.7263), np.float32(0.0)]
2025-11-20 23:27:10.390350: Epoch time: 70.22 s
2025-11-20 23:27:11.511758: 
2025-11-20 23:27:11.512008: Epoch 224
2025-11-20 23:27:11.512130: Current learning rate: 0.00796
2025-11-20 23:28:17.331532: train_loss -0.6396
2025-11-20 23:28:17.331825: val_loss -0.6707
2025-11-20 23:28:17.331935: Pseudo dice [np.float32(0.8721), np.float32(0.7031), np.float32(0.0)]
2025-11-20 23:28:17.332043: Epoch time: 65.82 s
2025-11-20 23:28:18.544110: 
2025-11-20 23:28:18.544353: Epoch 225
2025-11-20 23:28:18.544528: Current learning rate: 0.00795
2025-11-20 23:29:30.770133: train_loss -0.6694
2025-11-20 23:29:30.770404: val_loss -0.6701
2025-11-20 23:29:30.770505: Pseudo dice [np.float32(0.885), np.float32(0.703), np.float32(0.0)]
2025-11-20 23:29:30.770606: Epoch time: 72.23 s
2025-11-20 23:29:32.009373: 
2025-11-20 23:29:32.009600: Epoch 226
2025-11-20 23:29:32.009717: Current learning rate: 0.00794
2025-11-20 23:30:43.188778: train_loss -0.6647
2025-11-20 23:30:43.189060: val_loss -0.6468
2025-11-20 23:30:43.189163: Pseudo dice [np.float32(0.8545), np.float32(0.6874), np.float32(0.0)]
2025-11-20 23:30:43.189305: Epoch time: 71.18 s
2025-11-20 23:30:44.376441: 
2025-11-20 23:30:44.376695: Epoch 227
2025-11-20 23:30:44.376824: Current learning rate: 0.00793
2025-11-20 23:31:54.325230: train_loss -0.6678
2025-11-20 23:31:54.325485: val_loss -0.7108
2025-11-20 23:31:54.325578: Pseudo dice [np.float32(0.8954), np.float32(0.7435), np.float32(0.0)]
2025-11-20 23:31:54.326737: Epoch time: 69.95 s
2025-11-20 23:31:55.505815: 
2025-11-20 23:31:55.506082: Epoch 228
2025-11-20 23:31:55.506237: Current learning rate: 0.00792
2025-11-20 23:33:10.832998: train_loss -0.6843
2025-11-20 23:33:10.833329: val_loss -0.6707
2025-11-20 23:33:10.833436: Pseudo dice [np.float32(0.8904), np.float32(0.7169), np.float32(0.0)]
2025-11-20 23:33:10.833541: Epoch time: 75.33 s
2025-11-20 23:33:13.161773: 
2025-11-20 23:33:13.162010: Epoch 229
2025-11-20 23:33:13.162130: Current learning rate: 0.00791
2025-11-20 23:34:24.838537: train_loss -0.6815
2025-11-20 23:34:24.838819: val_loss -0.7119
2025-11-20 23:34:24.838923: Pseudo dice [np.float32(0.8921), np.float32(0.7431), np.float32(0.0)]
2025-11-20 23:34:24.839025: Epoch time: 71.68 s
2025-11-20 23:34:26.003490: 
2025-11-20 23:34:26.003725: Epoch 230
2025-11-20 23:34:26.003850: Current learning rate: 0.0079
2025-11-20 23:35:34.954961: train_loss -0.6666
2025-11-20 23:35:34.957435: val_loss -0.6596
2025-11-20 23:35:34.957582: Pseudo dice [np.float32(0.8734), np.float32(0.7101), np.float32(0.0)]
2025-11-20 23:35:34.957683: Epoch time: 68.95 s
2025-11-20 23:35:36.622632: 
2025-11-20 23:35:36.622820: Epoch 231
2025-11-20 23:35:36.623069: Current learning rate: 0.00789
2025-11-20 23:36:45.144100: train_loss -0.6553
2025-11-20 23:36:45.144336: val_loss -0.6689
2025-11-20 23:36:45.144438: Pseudo dice [np.float32(0.866), np.float32(0.7304), np.float32(0.0)]
2025-11-20 23:36:45.144537: Epoch time: 68.52 s
2025-11-20 23:36:47.463922: 
2025-11-20 23:36:47.464184: Epoch 232
2025-11-20 23:36:47.464352: Current learning rate: 0.00789
2025-11-20 23:37:56.529181: train_loss -0.6782
2025-11-20 23:37:56.531126: val_loss -0.6942
2025-11-20 23:37:56.531251: Pseudo dice [np.float32(0.8965), np.float32(0.716), np.float32(0.0)]
2025-11-20 23:37:56.531354: Epoch time: 69.07 s
2025-11-20 23:37:58.277820: 
2025-11-20 23:37:58.278013: Epoch 233
2025-11-20 23:37:58.278131: Current learning rate: 0.00788
2025-11-20 23:39:05.227021: train_loss -0.6744
2025-11-20 23:39:05.227307: val_loss -0.6215
2025-11-20 23:39:05.227411: Pseudo dice [np.float32(0.8476), np.float32(0.6416), np.float32(0.0)]
2025-11-20 23:39:05.227514: Epoch time: 66.95 s
2025-11-20 23:39:06.941520: 
2025-11-20 23:39:06.941701: Epoch 234
2025-11-20 23:39:06.941807: Current learning rate: 0.00787
2025-11-20 23:40:18.701926: train_loss -0.6412
2025-11-20 23:40:18.702211: val_loss -0.6751
2025-11-20 23:40:18.702308: Pseudo dice [np.float32(0.8655), np.float32(0.7079), np.float32(0.0)]
2025-11-20 23:40:18.702402: Epoch time: 71.76 s
2025-11-20 23:40:20.054280: 
2025-11-20 23:40:20.054494: Epoch 235
2025-11-20 23:40:20.054606: Current learning rate: 0.00786
2025-11-20 23:41:26.710069: train_loss -0.6812
2025-11-20 23:41:26.710375: val_loss -0.7078
2025-11-20 23:41:26.710481: Pseudo dice [np.float32(0.886), np.float32(0.7279), np.float32(0.0)]
2025-11-20 23:41:26.710584: Epoch time: 66.66 s
2025-11-20 23:41:27.788548: 
2025-11-20 23:41:27.788830: Epoch 236
2025-11-20 23:41:27.788953: Current learning rate: 0.00785
2025-11-20 23:42:34.533325: train_loss -0.7008
2025-11-20 23:42:34.534346: val_loss -0.6839
2025-11-20 23:42:34.534460: Pseudo dice [np.float32(0.9002), np.float32(0.7244), np.float32(0.0)]
2025-11-20 23:42:34.534563: Epoch time: 66.75 s
2025-11-20 23:42:35.776425: 
2025-11-20 23:42:35.776657: Epoch 237
2025-11-20 23:42:35.776776: Current learning rate: 0.00784
2025-11-20 23:43:46.022154: train_loss -0.6855
2025-11-20 23:43:46.022439: val_loss -0.6792
2025-11-20 23:43:46.022546: Pseudo dice [np.float32(0.8997), np.float32(0.7495), np.float32(0.0)]
2025-11-20 23:43:46.022648: Epoch time: 70.25 s
2025-11-20 23:43:47.262294: 
2025-11-20 23:43:47.262568: Epoch 238
2025-11-20 23:43:47.262679: Current learning rate: 0.00783
2025-11-20 23:44:59.131934: train_loss -0.6848
2025-11-20 23:44:59.132295: val_loss -0.6971
2025-11-20 23:44:59.132402: Pseudo dice [np.float32(0.887), np.float32(0.7444), np.float32(0.0)]
2025-11-20 23:44:59.132504: Epoch time: 71.87 s
2025-11-20 23:45:00.290435: 
2025-11-20 23:45:00.290668: Epoch 239
2025-11-20 23:45:00.290788: Current learning rate: 0.00782
2025-11-20 23:46:08.362623: train_loss -0.6656
2025-11-20 23:46:08.362987: val_loss -0.6368
2025-11-20 23:46:08.363162: Pseudo dice [np.float32(0.8852), np.float32(0.7022), np.float32(0.0)]
2025-11-20 23:46:08.363273: Epoch time: 68.07 s
2025-11-20 23:46:09.781201: 
2025-11-20 23:46:09.781441: Epoch 240
2025-11-20 23:46:09.781563: Current learning rate: 0.00781
2025-11-20 23:47:18.652648: train_loss -0.6645
2025-11-20 23:47:18.654716: val_loss -0.638
2025-11-20 23:47:18.654820: Pseudo dice [np.float32(0.8717), np.float32(0.6073), np.float32(0.0)]
2025-11-20 23:47:18.654915: Epoch time: 68.87 s
2025-11-20 23:47:19.773067: 
2025-11-20 23:47:19.773349: Epoch 241
2025-11-20 23:47:19.773469: Current learning rate: 0.0078
2025-11-20 23:48:30.469776: train_loss -0.6663
2025-11-20 23:48:30.476290: val_loss -0.6623
2025-11-20 23:48:30.476490: Pseudo dice [np.float32(0.8967), np.float32(0.7315), np.float32(0.0)]
2025-11-20 23:48:30.476593: Epoch time: 70.7 s
2025-11-20 23:48:32.390707: 
2025-11-20 23:48:32.390965: Epoch 242
2025-11-20 23:48:32.391078: Current learning rate: 0.00779
2025-11-20 23:49:36.288936: train_loss -0.6823
2025-11-20 23:49:36.289240: val_loss -0.6561
2025-11-20 23:49:36.289348: Pseudo dice [np.float32(0.8816), np.float32(0.7143), np.float32(0.0)]
2025-11-20 23:49:36.289452: Epoch time: 63.9 s
2025-11-20 23:49:37.380644: 
2025-11-20 23:49:37.380846: Epoch 243
2025-11-20 23:49:37.380970: Current learning rate: 0.00778
2025-11-20 23:50:46.303474: train_loss -0.6822
2025-11-20 23:50:46.303724: val_loss -0.7139
2025-11-20 23:50:46.303821: Pseudo dice [np.float32(0.8939), np.float32(0.7291), np.float32(0.0)]
2025-11-20 23:50:46.303915: Epoch time: 68.92 s
2025-11-20 23:50:47.411625: 
2025-11-20 23:50:47.411817: Epoch 244
2025-11-20 23:50:47.411961: Current learning rate: 0.00777
2025-11-20 23:51:59.180571: train_loss -0.6664
2025-11-20 23:51:59.180936: val_loss -0.6492
2025-11-20 23:51:59.181043: Pseudo dice [np.float32(0.8636), np.float32(0.7042), np.float32(0.0)]
2025-11-20 23:51:59.181148: Epoch time: 71.77 s
2025-11-20 23:52:00.266817: 
2025-11-20 23:52:00.267016: Epoch 245
2025-11-20 23:52:00.267138: Current learning rate: 0.00777
2025-11-20 23:53:07.074736: train_loss -0.6612
2025-11-20 23:53:07.074965: val_loss -0.6495
2025-11-20 23:53:07.077270: Pseudo dice [np.float32(0.8789), np.float32(0.69), np.float32(0.0)]
2025-11-20 23:53:07.077427: Epoch time: 66.81 s
2025-11-20 23:53:08.371184: 
2025-11-20 23:53:08.371402: Epoch 246
2025-11-20 23:53:08.371524: Current learning rate: 0.00776
2025-11-20 23:54:18.163576: train_loss -0.6622
2025-11-20 23:54:18.163903: val_loss -0.6751
2025-11-20 23:54:18.164013: Pseudo dice [np.float32(0.889), np.float32(0.7273), np.float32(0.0)]
2025-11-20 23:54:18.164114: Epoch time: 69.79 s
2025-11-20 23:54:19.292320: 
2025-11-20 23:54:19.292587: Epoch 247
2025-11-20 23:54:19.292708: Current learning rate: 0.00775
2025-11-20 23:55:28.230071: train_loss -0.6682
2025-11-20 23:55:28.230470: val_loss -0.6652
2025-11-20 23:55:28.230566: Pseudo dice [np.float32(0.8854), np.float32(0.7073), np.float32(0.0)]
2025-11-20 23:55:28.230662: Epoch time: 68.94 s
2025-11-20 23:55:30.227801: 
2025-11-20 23:55:30.228045: Epoch 248
2025-11-20 23:55:30.228181: Current learning rate: 0.00774
2025-11-20 23:56:41.676636: train_loss -0.6746
2025-11-20 23:56:41.683317: val_loss -0.6996
2025-11-20 23:56:41.683437: Pseudo dice [np.float32(0.8945), np.float32(0.7368), np.float32(0.0)]
2025-11-20 23:56:41.683534: Epoch time: 71.45 s
2025-11-20 23:56:42.885196: 
2025-11-20 23:56:42.885421: Epoch 249
2025-11-20 23:56:42.885543: Current learning rate: 0.00773
2025-11-20 23:57:55.520048: train_loss -0.6787
2025-11-20 23:57:55.520321: val_loss -0.67
2025-11-20 23:57:55.520420: Pseudo dice [np.float32(0.8965), np.float32(0.7288), np.float32(0.0)]
2025-11-20 23:57:55.520514: Epoch time: 72.64 s
2025-11-20 23:57:57.445539: 
2025-11-20 23:57:57.445834: Epoch 250
2025-11-20 23:57:57.445955: Current learning rate: 0.00772
2025-11-20 23:59:07.871515: train_loss -0.6949
2025-11-20 23:59:07.871797: val_loss -0.7064
2025-11-20 23:59:07.871900: Pseudo dice [np.float32(0.8871), np.float32(0.7463), np.float32(0.0)]
2025-11-20 23:59:07.872000: Epoch time: 70.43 s
2025-11-20 23:59:09.007226: 
2025-11-20 23:59:09.007439: Epoch 251
2025-11-20 23:59:09.007569: Current learning rate: 0.00771
2025-11-21 00:00:17.613241: train_loss -0.699
2025-11-21 00:00:17.613510: val_loss -0.6895
2025-11-21 00:00:17.613614: Pseudo dice [np.float32(0.8942), np.float32(0.7392), np.float32(0.0)]
2025-11-21 00:00:17.613714: Epoch time: 68.61 s
2025-11-21 00:00:18.694854: 
2025-11-21 00:00:18.695139: Epoch 252
2025-11-21 00:00:18.695269: Current learning rate: 0.0077
2025-11-21 00:01:30.402487: train_loss -0.6731
2025-11-21 00:01:30.402790: val_loss -0.7299
2025-11-21 00:01:30.402888: Pseudo dice [np.float32(0.8957), np.float32(0.7495), np.float32(0.0)]
2025-11-21 00:01:30.402983: Epoch time: 71.71 s
2025-11-21 00:01:31.499338: 
2025-11-21 00:01:31.499614: Epoch 253
2025-11-21 00:01:31.499763: Current learning rate: 0.00769
2025-11-21 00:02:38.245357: train_loss -0.7126
2025-11-21 00:02:38.250862: val_loss -0.6924
2025-11-21 00:02:38.251019: Pseudo dice [np.float32(0.8926), np.float32(0.723), np.float32(0.0)]
2025-11-21 00:02:38.251116: Epoch time: 66.75 s
2025-11-21 00:02:39.377634: 
2025-11-21 00:02:39.377851: Epoch 254
2025-11-21 00:02:39.377990: Current learning rate: 0.00768
2025-11-21 00:03:48.994549: train_loss -0.6768
2025-11-21 00:03:48.994792: val_loss -0.6898
2025-11-21 00:03:49.010306: Pseudo dice [np.float32(0.8938), np.float32(0.7282), np.float32(0.0)]
2025-11-21 00:03:49.010541: Epoch time: 69.62 s
2025-11-21 00:03:50.520788: 
2025-11-21 00:03:50.520982: Epoch 255
2025-11-21 00:03:50.521097: Current learning rate: 0.00767
2025-11-21 00:05:01.363097: train_loss -0.6859
2025-11-21 00:05:01.363509: val_loss -0.6715
2025-11-21 00:05:01.363619: Pseudo dice [np.float32(0.881), np.float32(0.7336), np.float32(0.0)]
2025-11-21 00:05:01.363723: Epoch time: 70.84 s
2025-11-21 00:05:02.477226: 
2025-11-21 00:05:02.477419: Epoch 256
2025-11-21 00:05:02.477535: Current learning rate: 0.00766
2025-11-21 00:06:11.175621: train_loss -0.6859
2025-11-21 00:06:11.175884: val_loss -0.6986
2025-11-21 00:06:11.175987: Pseudo dice [np.float32(0.8857), np.float32(0.7435), np.float32(0.0)]
2025-11-21 00:06:11.176089: Epoch time: 68.7 s
2025-11-21 00:06:12.448874: 
2025-11-21 00:06:12.449131: Epoch 257
2025-11-21 00:06:12.449269: Current learning rate: 0.00765
2025-11-21 00:07:25.892950: train_loss -0.6924
2025-11-21 00:07:25.893245: val_loss -0.6955
2025-11-21 00:07:25.893407: Pseudo dice [np.float32(0.8928), np.float32(0.706), np.float32(0.0)]
2025-11-21 00:07:25.893578: Epoch time: 73.45 s
2025-11-21 00:07:26.992881: 
2025-11-21 00:07:26.993163: Epoch 258
2025-11-21 00:07:26.993359: Current learning rate: 0.00764
2025-11-21 00:08:32.656033: train_loss -0.6596
2025-11-21 00:08:32.656338: val_loss -0.696
2025-11-21 00:08:32.656443: Pseudo dice [np.float32(0.8852), np.float32(0.7285), np.float32(0.0)]
2025-11-21 00:08:32.656543: Epoch time: 65.66 s
2025-11-21 00:08:33.741180: 
2025-11-21 00:08:33.741363: Epoch 259
2025-11-21 00:08:33.741506: Current learning rate: 0.00764
2025-11-21 00:09:44.001200: train_loss -0.6892
2025-11-21 00:09:44.001474: val_loss -0.6904
2025-11-21 00:09:44.001580: Pseudo dice [np.float32(0.8792), np.float32(0.7224), np.float32(0.0)]
2025-11-21 00:09:44.001698: Epoch time: 70.26 s
2025-11-21 00:09:45.346525: 
2025-11-21 00:09:45.346714: Epoch 260
2025-11-21 00:09:45.346826: Current learning rate: 0.00763
2025-11-21 00:10:59.428505: train_loss -0.636
2025-11-21 00:10:59.428779: val_loss -0.6277
2025-11-21 00:10:59.428876: Pseudo dice [np.float32(0.8624), np.float32(0.6963), np.float32(0.0)]
2025-11-21 00:10:59.428972: Epoch time: 74.08 s
2025-11-21 00:11:01.045801: 
2025-11-21 00:11:01.046042: Epoch 261
2025-11-21 00:11:01.046170: Current learning rate: 0.00762
2025-11-21 00:12:11.926442: train_loss -0.6479
2025-11-21 00:12:11.926716: val_loss -0.6401
2025-11-21 00:12:11.926818: Pseudo dice [np.float32(0.8749), np.float32(0.6955), np.float32(0.0)]
2025-11-21 00:12:11.926919: Epoch time: 70.88 s
2025-11-21 00:12:13.070653: 
2025-11-21 00:12:13.070874: Epoch 262
2025-11-21 00:12:13.071114: Current learning rate: 0.00761
2025-11-21 00:13:23.842279: train_loss -0.6764
2025-11-21 00:13:23.843259: val_loss -0.6828
2025-11-21 00:13:23.843361: Pseudo dice [np.float32(0.8953), np.float32(0.7265), np.float32(0.0)]
2025-11-21 00:13:23.843452: Epoch time: 70.77 s
2025-11-21 00:13:25.131783: 
2025-11-21 00:13:25.132008: Epoch 263
2025-11-21 00:13:25.132132: Current learning rate: 0.0076
2025-11-21 00:14:32.221730: train_loss -0.6821
2025-11-21 00:14:32.224150: val_loss -0.6206
2025-11-21 00:14:32.224371: Pseudo dice [np.float32(0.8566), np.float32(0.6316), np.float32(0.0)]
2025-11-21 00:14:32.224471: Epoch time: 67.09 s
2025-11-21 00:14:33.718280: 
2025-11-21 00:14:33.718573: Epoch 264
2025-11-21 00:14:33.718692: Current learning rate: 0.00759
2025-11-21 00:15:41.597441: train_loss -0.6472
2025-11-21 00:15:41.597697: val_loss -0.6011
2025-11-21 00:15:41.597802: Pseudo dice [np.float32(0.8435), np.float32(0.6499), np.float32(0.0)]
2025-11-21 00:15:41.597905: Epoch time: 67.88 s
2025-11-21 00:15:43.107713: 
2025-11-21 00:15:43.108032: Epoch 265
2025-11-21 00:15:43.108167: Current learning rate: 0.00758
2025-11-21 00:16:50.915687: train_loss -0.6479
2025-11-21 00:16:50.915960: val_loss -0.6114
2025-11-21 00:16:50.916066: Pseudo dice [np.float32(0.8429), np.float32(0.6747), np.float32(0.0)]
2025-11-21 00:16:50.916169: Epoch time: 67.81 s
2025-11-21 00:16:52.609629: 
2025-11-21 00:16:52.609865: Epoch 266
2025-11-21 00:16:52.609986: Current learning rate: 0.00757
2025-11-21 00:18:00.781032: train_loss -0.6136
2025-11-21 00:18:00.783008: val_loss -0.6598
2025-11-21 00:18:00.783120: Pseudo dice [np.float32(0.8624), np.float32(0.6665), np.float32(0.0)]
2025-11-21 00:18:00.783224: Epoch time: 68.17 s
2025-11-21 00:18:02.094926: 
2025-11-21 00:18:02.095263: Epoch 267
2025-11-21 00:18:02.095490: Current learning rate: 0.00756
2025-11-21 00:19:12.892989: train_loss -0.6559
2025-11-21 00:19:12.893262: val_loss -0.6393
2025-11-21 00:19:12.893370: Pseudo dice [np.float32(0.881), np.float32(0.6832), np.float32(0.0)]
2025-11-21 00:19:12.893473: Epoch time: 70.8 s
2025-11-21 00:19:13.986247: 
2025-11-21 00:19:13.986439: Epoch 268
2025-11-21 00:19:13.986557: Current learning rate: 0.00755
2025-11-21 00:20:21.641392: train_loss -0.6676
2025-11-21 00:20:21.641656: val_loss -0.6444
2025-11-21 00:20:21.641748: Pseudo dice [np.float32(0.8626), np.float32(0.6569), np.float32(0.0)]
2025-11-21 00:20:21.641841: Epoch time: 67.66 s
2025-11-21 00:20:22.826712: 
2025-11-21 00:20:22.827006: Epoch 269
2025-11-21 00:20:22.827153: Current learning rate: 0.00754
2025-11-21 00:21:33.163588: train_loss -0.6327
2025-11-21 00:21:33.163873: val_loss -0.644
2025-11-21 00:21:33.163976: Pseudo dice [np.float32(0.8703), np.float32(0.6965), np.float32(0.0)]
2025-11-21 00:21:33.164078: Epoch time: 70.34 s
2025-11-21 00:21:34.351560: 
2025-11-21 00:21:34.351753: Epoch 270
2025-11-21 00:21:34.351865: Current learning rate: 0.00753
2025-11-21 00:22:44.264163: train_loss -0.6492
2025-11-21 00:22:44.264560: val_loss -0.6931
2025-11-21 00:22:44.264665: Pseudo dice [np.float32(0.8785), np.float32(0.7044), np.float32(0.0)]
2025-11-21 00:22:44.264767: Epoch time: 69.91 s
2025-11-21 00:22:45.413584: 
2025-11-21 00:22:45.413863: Epoch 271
2025-11-21 00:22:45.413992: Current learning rate: 0.00752
2025-11-21 00:23:56.182483: train_loss -0.6519
2025-11-21 00:23:56.182830: val_loss -0.6783
2025-11-21 00:23:56.182928: Pseudo dice [np.float32(0.8598), np.float32(0.6976), np.float32(0.0)]
2025-11-21 00:23:56.183021: Epoch time: 70.77 s
2025-11-21 00:23:57.370962: 
2025-11-21 00:23:57.371158: Epoch 272
2025-11-21 00:23:57.371292: Current learning rate: 0.00751
2025-11-21 00:25:06.011342: train_loss -0.6784
2025-11-21 00:25:06.011622: val_loss -0.67
2025-11-21 00:25:06.011726: Pseudo dice [np.float32(0.8979), np.float32(0.7361), np.float32(0.0)]
2025-11-21 00:25:06.011825: Epoch time: 68.64 s
2025-11-21 00:25:07.182413: 
2025-11-21 00:25:07.182621: Epoch 273
2025-11-21 00:25:07.182760: Current learning rate: 0.00751
2025-11-21 00:26:19.518980: train_loss -0.6816
2025-11-21 00:26:19.519264: val_loss -0.6746
2025-11-21 00:26:19.519362: Pseudo dice [np.float32(0.8934), np.float32(0.7238), np.float32(0.0)]
2025-11-21 00:26:19.519457: Epoch time: 72.34 s
2025-11-21 00:26:22.016645: 
2025-11-21 00:26:22.016866: Epoch 274
2025-11-21 00:26:22.016993: Current learning rate: 0.0075
2025-11-21 00:27:27.788343: train_loss -0.6825
2025-11-21 00:27:27.788701: val_loss -0.7074
2025-11-21 00:27:27.788801: Pseudo dice [np.float32(0.8965), np.float32(0.7392), np.float32(0.0)]
2025-11-21 00:27:27.788896: Epoch time: 65.77 s
2025-11-21 00:27:28.887844: 
2025-11-21 00:27:28.888068: Epoch 275
2025-11-21 00:27:28.888192: Current learning rate: 0.00749
2025-11-21 00:28:40.301866: train_loss -0.678
2025-11-21 00:28:40.302165: val_loss -0.7085
2025-11-21 00:28:40.306456: Pseudo dice [np.float32(0.873), np.float32(0.73), np.float32(0.0)]
2025-11-21 00:28:40.306726: Epoch time: 71.41 s
2025-11-21 00:28:41.776777: 
2025-11-21 00:28:41.777010: Epoch 276
2025-11-21 00:28:41.779648: Current learning rate: 0.00748
2025-11-21 00:29:49.560720: train_loss -0.6713
2025-11-21 00:29:49.560977: val_loss -0.6947
2025-11-21 00:29:49.562223: Pseudo dice [np.float32(0.8869), np.float32(0.7364), np.float32(0.0)]
2025-11-21 00:29:49.562354: Epoch time: 67.78 s
2025-11-21 00:29:50.715823: 
2025-11-21 00:29:50.716126: Epoch 277
2025-11-21 00:29:50.716278: Current learning rate: 0.00747
2025-11-21 00:31:03.204201: train_loss -0.6874
2025-11-21 00:31:03.204770: val_loss -0.6872
2025-11-21 00:31:03.204872: Pseudo dice [np.float32(0.8714), np.float32(0.7224), np.float32(0.0)]
2025-11-21 00:31:03.204969: Epoch time: 72.49 s
2025-11-21 00:31:04.800930: 
2025-11-21 00:31:04.801136: Epoch 278
2025-11-21 00:31:04.801261: Current learning rate: 0.00746
2025-11-21 00:32:14.223476: train_loss -0.6884
2025-11-21 00:32:14.223774: val_loss -0.7033
2025-11-21 00:32:14.223881: Pseudo dice [np.float32(0.8943), np.float32(0.7398), np.float32(0.0)]
2025-11-21 00:32:14.223985: Epoch time: 69.42 s
2025-11-21 00:32:15.546804: 
2025-11-21 00:32:15.547058: Epoch 279
2025-11-21 00:32:15.547175: Current learning rate: 0.00745
2025-11-21 00:33:27.127671: train_loss -0.6834
2025-11-21 00:33:27.128073: val_loss -0.6857
2025-11-21 00:33:27.128180: Pseudo dice [np.float32(0.891), np.float32(0.7322), np.float32(0.0)]
2025-11-21 00:33:27.128278: Epoch time: 71.58 s
2025-11-21 00:33:28.719838: 
2025-11-21 00:33:28.720079: Epoch 280
2025-11-21 00:33:28.720224: Current learning rate: 0.00744
2025-11-21 00:34:38.788497: train_loss -0.6755
2025-11-21 00:34:38.791154: val_loss -0.6232
2025-11-21 00:34:38.791449: Pseudo dice [np.float32(0.8803), np.float32(0.6877), np.float32(0.0)]
2025-11-21 00:34:38.791551: Epoch time: 70.07 s
2025-11-21 00:34:39.895998: 
2025-11-21 00:34:39.896210: Epoch 281
2025-11-21 00:34:39.896336: Current learning rate: 0.00743
2025-11-21 00:35:51.604526: train_loss -0.6698
2025-11-21 00:35:51.604859: val_loss -0.6894
2025-11-21 00:35:51.604957: Pseudo dice [np.float32(0.8906), np.float32(0.7418), np.float32(0.0)]
2025-11-21 00:35:51.605049: Epoch time: 71.71 s
2025-11-21 00:35:52.779479: 
2025-11-21 00:35:52.779722: Epoch 282
2025-11-21 00:35:52.779843: Current learning rate: 0.00742
2025-11-21 00:37:02.151200: train_loss -0.687
2025-11-21 00:37:02.154453: val_loss -0.6828
2025-11-21 00:37:02.154595: Pseudo dice [np.float32(0.8906), np.float32(0.7375), np.float32(0.0)]
2025-11-21 00:37:02.154692: Epoch time: 69.37 s
2025-11-21 00:37:04.486835: 
2025-11-21 00:37:04.487023: Epoch 283
2025-11-21 00:37:04.487141: Current learning rate: 0.00741
2025-11-21 00:38:11.871925: train_loss -0.6769
2025-11-21 00:38:11.872204: val_loss -0.6848
2025-11-21 00:38:11.872310: Pseudo dice [np.float32(0.8965), np.float32(0.7205), np.float32(0.0)]
2025-11-21 00:38:11.872410: Epoch time: 67.39 s
2025-11-21 00:38:13.345210: 
2025-11-21 00:38:13.345436: Epoch 284
2025-11-21 00:38:13.345563: Current learning rate: 0.0074
2025-11-21 00:39:23.116843: train_loss -0.6702
2025-11-21 00:39:23.117814: val_loss -0.6849
2025-11-21 00:39:23.117931: Pseudo dice [np.float32(0.8841), np.float32(0.7454), np.float32(0.0)]
2025-11-21 00:39:23.118121: Epoch time: 69.77 s
2025-11-21 00:39:24.283047: 
2025-11-21 00:39:24.283250: Epoch 285
2025-11-21 00:39:24.283371: Current learning rate: 0.00739
2025-11-21 00:40:34.711143: train_loss -0.6638
2025-11-21 00:40:34.711488: val_loss -0.66
2025-11-21 00:40:34.711589: Pseudo dice [np.float32(0.8691), np.float32(0.7148), np.float32(0.0)]
2025-11-21 00:40:34.711685: Epoch time: 70.43 s
2025-11-21 00:40:36.385117: 
2025-11-21 00:40:36.385347: Epoch 286
2025-11-21 00:40:36.385478: Current learning rate: 0.00738
2025-11-21 00:41:49.792923: train_loss -0.6689
2025-11-21 00:41:49.795377: val_loss -0.6624
2025-11-21 00:41:49.795520: Pseudo dice [np.float32(0.8808), np.float32(0.7236), np.float32(0.0)]
2025-11-21 00:41:49.795619: Epoch time: 73.41 s
2025-11-21 00:41:51.063133: 
2025-11-21 00:41:51.063487: Epoch 287
2025-11-21 00:41:51.063617: Current learning rate: 0.00738
2025-11-21 00:42:57.038133: train_loss -0.6905
2025-11-21 00:42:57.038395: val_loss -0.6717
2025-11-21 00:42:57.038495: Pseudo dice [np.float32(0.8753), np.float32(0.7281), np.float32(0.0)]
2025-11-21 00:42:57.038594: Epoch time: 65.98 s
2025-11-21 00:42:59.037423: 
2025-11-21 00:42:59.037695: Epoch 288
2025-11-21 00:42:59.037876: Current learning rate: 0.00737
2025-11-21 00:44:09.943865: train_loss -0.6839
2025-11-21 00:44:09.944225: val_loss -0.7006
2025-11-21 00:44:09.944336: Pseudo dice [np.float32(0.8988), np.float32(0.7126), np.float32(0.0)]
2025-11-21 00:44:09.944433: Epoch time: 70.91 s
2025-11-21 00:44:11.731686: 
2025-11-21 00:44:11.731891: Epoch 289
2025-11-21 00:44:11.732012: Current learning rate: 0.00736
2025-11-21 00:45:19.929057: train_loss -0.6761
2025-11-21 00:45:19.929368: val_loss -0.7015
2025-11-21 00:45:19.929471: Pseudo dice [np.float32(0.8899), np.float32(0.7251), np.float32(0.0)]
2025-11-21 00:45:19.929575: Epoch time: 68.2 s
2025-11-21 00:45:21.294828: 
2025-11-21 00:45:21.295044: Epoch 290
2025-11-21 00:45:21.295169: Current learning rate: 0.00735
2025-11-21 00:46:27.630968: train_loss -0.6832
2025-11-21 00:46:27.631268: val_loss -0.7209
2025-11-21 00:46:27.631377: Pseudo dice [np.float32(0.8922), np.float32(0.7469), np.float32(0.0)]
2025-11-21 00:46:27.631479: Epoch time: 66.34 s
2025-11-21 00:46:29.552077: 
2025-11-21 00:46:29.552304: Epoch 291
2025-11-21 00:46:29.552426: Current learning rate: 0.00734
2025-11-21 00:47:35.694808: train_loss -0.6857
2025-11-21 00:47:35.712251: val_loss -0.7037
2025-11-21 00:47:35.712494: Pseudo dice [np.float32(0.9042), np.float32(0.7385), np.float32(0.0)]
2025-11-21 00:47:35.712596: Epoch time: 66.14 s
2025-11-21 00:47:36.906712: 
2025-11-21 00:47:36.907062: Epoch 292
2025-11-21 00:47:36.907189: Current learning rate: 0.00733
2025-11-21 00:48:46.058987: train_loss -0.6643
2025-11-21 00:48:46.059231: val_loss -0.6069
2025-11-21 00:48:46.059341: Pseudo dice [np.float32(0.8592), np.float32(0.6034), np.float32(0.0)]
2025-11-21 00:48:46.059443: Epoch time: 69.15 s
2025-11-21 00:48:47.182887: 
2025-11-21 00:48:47.183125: Epoch 293
2025-11-21 00:48:47.183250: Current learning rate: 0.00732
2025-11-21 00:49:55.965298: train_loss -0.6618
2025-11-21 00:49:55.965530: val_loss -0.6859
2025-11-21 00:49:55.965633: Pseudo dice [np.float32(0.8856), np.float32(0.7173), np.float32(0.0)]
2025-11-21 00:49:55.965739: Epoch time: 68.78 s
2025-11-21 00:49:57.858142: 
2025-11-21 00:49:57.858349: Epoch 294
2025-11-21 00:49:57.858466: Current learning rate: 0.00731
2025-11-21 00:51:07.803193: train_loss -0.6896
2025-11-21 00:51:07.803478: val_loss -0.7262
2025-11-21 00:51:07.803580: Pseudo dice [np.float32(0.8919), np.float32(0.7321), np.float32(0.0)]
2025-11-21 00:51:07.807832: Epoch time: 69.95 s
2025-11-21 00:51:09.505014: 
2025-11-21 00:51:09.505226: Epoch 295
2025-11-21 00:51:09.505345: Current learning rate: 0.0073
2025-11-21 00:52:19.270837: train_loss -0.7117
2025-11-21 00:52:19.271087: val_loss -0.6979
2025-11-21 00:52:19.271202: Pseudo dice [np.float32(0.8893), np.float32(0.7427), np.float32(0.0)]
2025-11-21 00:52:19.271310: Epoch time: 69.77 s
2025-11-21 00:52:20.404747: 
2025-11-21 00:52:20.405087: Epoch 296
2025-11-21 00:52:20.405226: Current learning rate: 0.00729
2025-11-21 00:53:30.398000: train_loss -0.7014
2025-11-21 00:53:30.398291: val_loss -0.6943
2025-11-21 00:53:30.398390: Pseudo dice [np.float32(0.8888), np.float32(0.7246), np.float32(0.0)]
2025-11-21 00:53:30.398483: Epoch time: 69.99 s
2025-11-21 00:53:31.860775: 
2025-11-21 00:53:31.861009: Epoch 297
2025-11-21 00:53:31.861138: Current learning rate: 0.00728
2025-11-21 00:54:36.938911: train_loss -0.6852
2025-11-21 00:54:36.939251: val_loss -0.6552
2025-11-21 00:54:36.939348: Pseudo dice [np.float32(0.8891), np.float32(0.7131), np.float32(0.0)]
2025-11-21 00:54:36.939443: Epoch time: 65.08 s
2025-11-21 00:54:38.149728: 
2025-11-21 00:54:38.149933: Epoch 298
2025-11-21 00:54:38.150056: Current learning rate: 0.00727
2025-11-21 00:55:47.043109: train_loss -0.6791
2025-11-21 00:55:47.043404: val_loss -0.6783
2025-11-21 00:55:47.043510: Pseudo dice [np.float32(0.8882), np.float32(0.7416), np.float32(0.0)]
2025-11-21 00:55:47.043613: Epoch time: 68.89 s
2025-11-21 00:55:48.602245: 
2025-11-21 00:55:48.602438: Epoch 299
2025-11-21 00:55:48.602551: Current learning rate: 0.00726
2025-11-21 00:57:05.627306: train_loss -0.675
2025-11-21 00:57:05.627579: val_loss -0.7028
2025-11-21 00:57:05.627683: Pseudo dice [np.float32(0.8887), np.float32(0.7487), np.float32(0.0)]
2025-11-21 00:57:05.627785: Epoch time: 77.03 s
2025-11-21 00:57:07.469186: 
2025-11-21 00:57:07.469425: Epoch 300
2025-11-21 00:57:07.469553: Current learning rate: 0.00725
2025-11-21 00:58:15.808650: train_loss -0.6827
2025-11-21 00:58:15.808943: val_loss -0.6673
2025-11-21 00:58:15.809037: Pseudo dice [np.float32(0.8898), np.float32(0.6871), np.float32(0.0)]
2025-11-21 00:58:15.809132: Epoch time: 68.34 s
2025-11-21 00:58:17.370642: 
2025-11-21 00:58:17.370944: Epoch 301
2025-11-21 00:58:17.371065: Current learning rate: 0.00724
2025-11-21 00:59:24.584664: train_loss -0.6756
2025-11-21 00:59:24.584937: val_loss -0.68
2025-11-21 00:59:24.585041: Pseudo dice [np.float32(0.8819), np.float32(0.7199), np.float32(0.0)]
2025-11-21 00:59:24.585142: Epoch time: 67.21 s
2025-11-21 00:59:26.460371: 
2025-11-21 00:59:26.460587: Epoch 302
2025-11-21 00:59:26.460707: Current learning rate: 0.00724
2025-11-21 01:00:36.042426: train_loss -0.6888
2025-11-21 01:00:36.042696: val_loss -0.7157
2025-11-21 01:00:36.042792: Pseudo dice [np.float32(0.8844), np.float32(0.7442), np.float32(0.0)]
2025-11-21 01:00:36.042887: Epoch time: 69.58 s
2025-11-21 01:00:37.828276: 
2025-11-21 01:00:37.828500: Epoch 303
2025-11-21 01:00:37.828628: Current learning rate: 0.00723
2025-11-21 01:01:46.378933: train_loss -0.6938
2025-11-21 01:01:46.379255: val_loss -0.6619
2025-11-21 01:01:46.379353: Pseudo dice [np.float32(0.8949), np.float32(0.7194), np.float32(0.0)]
2025-11-21 01:01:46.379446: Epoch time: 68.55 s
2025-11-21 01:01:47.566543: 
2025-11-21 01:01:47.566764: Epoch 304
2025-11-21 01:01:47.566881: Current learning rate: 0.00722
2025-11-21 01:02:56.947374: train_loss -0.6735
2025-11-21 01:02:56.947737: val_loss -0.6815
2025-11-21 01:02:56.947842: Pseudo dice [np.float32(0.8829), np.float32(0.7265), np.float32(0.0)]
2025-11-21 01:02:56.947944: Epoch time: 69.38 s
2025-11-21 01:02:58.115683: 
2025-11-21 01:02:58.115919: Epoch 305
2025-11-21 01:02:58.116038: Current learning rate: 0.00721
2025-11-21 01:04:10.351417: train_loss -0.6824
2025-11-21 01:04:10.353603: val_loss -0.6978
2025-11-21 01:04:10.353711: Pseudo dice [np.float32(0.882), np.float32(0.7084), np.float32(0.0)]
2025-11-21 01:04:10.353808: Epoch time: 72.24 s
2025-11-21 01:04:11.862436: 
2025-11-21 01:04:11.862627: Epoch 306
2025-11-21 01:04:11.862746: Current learning rate: 0.0072
2025-11-21 01:05:21.636981: train_loss -0.6741
2025-11-21 01:05:21.637348: val_loss -0.6973
2025-11-21 01:05:21.637454: Pseudo dice [np.float32(0.8814), np.float32(0.7344), np.float32(0.0)]
2025-11-21 01:05:21.637556: Epoch time: 69.78 s
2025-11-21 01:05:22.783032: 
2025-11-21 01:05:22.783344: Epoch 307
2025-11-21 01:05:22.783548: Current learning rate: 0.00719
2025-11-21 01:06:31.740448: train_loss -0.691
2025-11-21 01:06:31.741476: val_loss -0.6928
2025-11-21 01:06:31.741592: Pseudo dice [np.float32(0.8815), np.float32(0.7285), np.float32(0.0)]
2025-11-21 01:06:31.741700: Epoch time: 68.96 s
2025-11-21 01:06:33.301981: 
2025-11-21 01:06:33.302184: Epoch 308
2025-11-21 01:06:33.302308: Current learning rate: 0.00718
2025-11-21 01:07:41.192940: train_loss -0.6913
2025-11-21 01:07:41.193195: val_loss -0.6657
2025-11-21 01:07:41.193292: Pseudo dice [np.float32(0.8835), np.float32(0.7008), np.float32(0.0)]
2025-11-21 01:07:41.193387: Epoch time: 67.89 s
2025-11-21 01:07:42.676594: 
2025-11-21 01:07:42.676787: Epoch 309
2025-11-21 01:07:42.676901: Current learning rate: 0.00717
2025-11-21 01:08:50.243531: train_loss -0.6495
2025-11-21 01:08:50.243912: val_loss -0.6644
2025-11-21 01:08:50.244015: Pseudo dice [np.float32(0.8818), np.float32(0.6753), np.float32(0.0)]
2025-11-21 01:08:50.244117: Epoch time: 67.57 s
2025-11-21 01:08:52.072266: 
2025-11-21 01:08:52.072543: Epoch 310
2025-11-21 01:08:52.072667: Current learning rate: 0.00716
2025-11-21 01:10:01.616625: train_loss -0.6623
2025-11-21 01:10:01.616995: val_loss -0.698
2025-11-21 01:10:01.617095: Pseudo dice [np.float32(0.8885), np.float32(0.71), np.float32(0.0)]
2025-11-21 01:10:01.617198: Epoch time: 69.55 s
2025-11-21 01:10:03.078101: 
2025-11-21 01:10:03.078293: Epoch 311
2025-11-21 01:10:03.078406: Current learning rate: 0.00715
2025-11-21 01:11:14.180688: train_loss -0.6758
2025-11-21 01:11:14.181012: val_loss -0.6743
2025-11-21 01:11:14.181113: Pseudo dice [np.float32(0.8782), np.float32(0.7093), np.float32(0.0)]
2025-11-21 01:11:14.181213: Epoch time: 71.1 s
2025-11-21 01:11:15.234203: 
2025-11-21 01:11:15.234422: Epoch 312
2025-11-21 01:11:15.234545: Current learning rate: 0.00714
2025-11-21 01:12:27.650483: train_loss -0.6699
2025-11-21 01:12:27.650754: val_loss -0.6944
2025-11-21 01:12:27.650864: Pseudo dice [np.float32(0.8844), np.float32(0.7338), np.float32(0.0)]
2025-11-21 01:12:27.650967: Epoch time: 72.42 s
2025-11-21 01:12:28.751571: 
2025-11-21 01:12:28.751851: Epoch 313
2025-11-21 01:12:28.751980: Current learning rate: 0.00713
2025-11-21 01:13:39.436445: train_loss -0.6913
2025-11-21 01:13:39.436720: val_loss -0.68
2025-11-21 01:13:39.436816: Pseudo dice [np.float32(0.8866), np.float32(0.7271), np.float32(0.0)]
2025-11-21 01:13:39.436909: Epoch time: 70.69 s
2025-11-21 01:13:42.399862: 
2025-11-21 01:13:42.400141: Epoch 314
2025-11-21 01:13:42.400275: Current learning rate: 0.00712
2025-11-21 01:14:56.211602: train_loss -0.6599
2025-11-21 01:14:56.212615: val_loss -0.6719
2025-11-21 01:14:56.212729: Pseudo dice [np.float32(0.8783), np.float32(0.7289), np.float32(0.0)]
2025-11-21 01:14:56.212834: Epoch time: 73.81 s
2025-11-21 01:14:57.468457: 
2025-11-21 01:14:57.468666: Epoch 315
2025-11-21 01:14:57.468787: Current learning rate: 0.00711
2025-11-21 01:16:04.772216: train_loss -0.6762
2025-11-21 01:16:04.772483: val_loss -0.6588
2025-11-21 01:16:04.772576: Pseudo dice [np.float32(0.8726), np.float32(0.7152), np.float32(0.0)]
2025-11-21 01:16:04.772666: Epoch time: 67.3 s
2025-11-21 01:16:06.889470: 
2025-11-21 01:16:06.889725: Epoch 316
2025-11-21 01:16:06.889844: Current learning rate: 0.0071
2025-11-21 01:17:15.908320: train_loss -0.6842
2025-11-21 01:17:15.908662: val_loss -0.7143
2025-11-21 01:17:15.908763: Pseudo dice [np.float32(0.8865), np.float32(0.7301), np.float32(0.0)]
2025-11-21 01:17:15.908867: Epoch time: 69.02 s
2025-11-21 01:17:17.568492: 
2025-11-21 01:17:17.568781: Epoch 317
2025-11-21 01:17:17.568931: Current learning rate: 0.0071
2025-11-21 01:18:25.104800: train_loss -0.6965
2025-11-21 01:18:25.106083: val_loss -0.6884
2025-11-21 01:18:25.106191: Pseudo dice [np.float32(0.895), np.float32(0.7327), np.float32(0.0)]
2025-11-21 01:18:25.106287: Epoch time: 67.54 s
2025-11-21 01:18:26.372267: 
2025-11-21 01:18:26.372490: Epoch 318
2025-11-21 01:18:26.372613: Current learning rate: 0.00709
2025-11-21 01:19:34.022028: train_loss -0.6653
2025-11-21 01:19:34.022404: val_loss -0.6846
2025-11-21 01:19:34.022506: Pseudo dice [np.float32(0.8824), np.float32(0.7273), np.float32(0.0)]
2025-11-21 01:19:34.022601: Epoch time: 67.65 s
2025-11-21 01:19:35.410533: 
2025-11-21 01:19:35.410756: Epoch 319
2025-11-21 01:19:35.410935: Current learning rate: 0.00708
2025-11-21 01:20:47.416081: train_loss -0.6786
2025-11-21 01:20:47.417029: val_loss -0.6893
2025-11-21 01:20:47.417142: Pseudo dice [np.float32(0.894), np.float32(0.7423), np.float32(0.0)]
2025-11-21 01:20:47.417252: Epoch time: 72.01 s
2025-11-21 01:20:48.640951: 
2025-11-21 01:20:48.641208: Epoch 320
2025-11-21 01:20:48.641377: Current learning rate: 0.00707
2025-11-21 01:21:58.017048: train_loss -0.6998
2025-11-21 01:21:58.024936: val_loss -0.7043
2025-11-21 01:21:58.025164: Pseudo dice [np.float32(0.89), np.float32(0.7422), np.float32(0.0)]
2025-11-21 01:21:58.025276: Epoch time: 69.38 s
2025-11-21 01:21:59.323166: 
2025-11-21 01:21:59.323552: Epoch 321
2025-11-21 01:21:59.323881: Current learning rate: 0.00706
2025-11-21 01:23:09.630571: train_loss -0.6937
2025-11-21 01:23:09.630846: val_loss -0.6897
2025-11-21 01:23:09.630950: Pseudo dice [np.float32(0.8917), np.float32(0.7511), np.float32(0.0)]
2025-11-21 01:23:09.631051: Epoch time: 70.31 s
2025-11-21 01:23:11.137964: 
2025-11-21 01:23:11.138186: Epoch 322
2025-11-21 01:23:11.138306: Current learning rate: 0.00705
2025-11-21 01:24:19.131178: train_loss -0.6964
2025-11-21 01:24:19.131504: val_loss -0.7085
2025-11-21 01:24:19.131696: Pseudo dice [np.float32(0.8886), np.float32(0.7382), np.float32(0.0)]
2025-11-21 01:24:19.131804: Epoch time: 67.99 s
2025-11-21 01:24:20.311587: 
2025-11-21 01:24:20.311791: Epoch 323
2025-11-21 01:24:20.311906: Current learning rate: 0.00704
2025-11-21 01:25:29.479611: train_loss -0.6903
2025-11-21 01:25:29.481488: val_loss -0.7008
2025-11-21 01:25:29.481597: Pseudo dice [np.float32(0.895), np.float32(0.7437), np.float32(0.0)]
2025-11-21 01:25:29.481696: Epoch time: 69.17 s
2025-11-21 01:25:31.287491: 
2025-11-21 01:25:31.287706: Epoch 324
2025-11-21 01:25:31.287828: Current learning rate: 0.00703
2025-11-21 01:26:40.748191: train_loss -0.7
2025-11-21 01:26:40.748466: val_loss -0.7221
2025-11-21 01:26:40.748575: Pseudo dice [np.float32(0.8751), np.float32(0.748), np.float32(0.0)]
2025-11-21 01:26:40.748679: Epoch time: 69.46 s
2025-11-21 01:26:42.079153: 
2025-11-21 01:26:42.079443: Epoch 325
2025-11-21 01:26:42.079570: Current learning rate: 0.00702
2025-11-21 01:27:54.855535: train_loss -0.699
2025-11-21 01:27:54.855876: val_loss -0.7179
2025-11-21 01:27:54.856044: Pseudo dice [np.float32(0.8976), np.float32(0.7493), np.float32(0.0)]
2025-11-21 01:27:54.856156: Epoch time: 72.78 s
2025-11-21 01:27:55.967586: 
2025-11-21 01:27:55.967787: Epoch 326
2025-11-21 01:27:55.967906: Current learning rate: 0.00701
2025-11-21 01:29:05.589367: train_loss -0.6825
2025-11-21 01:29:05.589631: val_loss -0.6575
2025-11-21 01:29:05.589735: Pseudo dice [np.float32(0.8822), np.float32(0.5986), np.float32(0.0)]
2025-11-21 01:29:05.589837: Epoch time: 69.62 s
2025-11-21 01:29:07.958276: 
2025-11-21 01:29:07.958566: Epoch 327
2025-11-21 01:29:07.958692: Current learning rate: 0.007
2025-11-21 01:30:19.999678: train_loss -0.6559
2025-11-21 01:30:20.000012: val_loss -0.674
2025-11-21 01:30:20.000121: Pseudo dice [np.float32(0.8983), np.float32(0.7209), np.float32(0.0)]
2025-11-21 01:30:20.000230: Epoch time: 72.04 s
2025-11-21 01:30:21.481135: 
2025-11-21 01:30:21.481380: Epoch 328
2025-11-21 01:30:21.481503: Current learning rate: 0.00699
2025-11-21 01:31:30.380550: train_loss -0.6791
2025-11-21 01:31:30.380924: val_loss -0.6818
2025-11-21 01:31:30.381033: Pseudo dice [np.float32(0.8761), np.float32(0.7137), np.float32(0.0)]
2025-11-21 01:31:30.381141: Epoch time: 68.9 s
2025-11-21 01:31:31.543234: 
2025-11-21 01:31:31.543516: Epoch 329
2025-11-21 01:31:31.543643: Current learning rate: 0.00698
2025-11-21 01:32:38.630000: train_loss -0.6729
2025-11-21 01:32:38.630281: val_loss -0.6775
2025-11-21 01:32:38.630386: Pseudo dice [np.float32(0.8882), np.float32(0.7343), np.float32(0.0)]
2025-11-21 01:32:38.630553: Epoch time: 67.09 s
2025-11-21 01:32:39.746888: 
2025-11-21 01:32:39.747111: Epoch 330
2025-11-21 01:32:39.747237: Current learning rate: 0.00697
2025-11-21 01:33:47.644753: train_loss -0.6949
2025-11-21 01:33:47.645661: val_loss -0.6639
2025-11-21 01:33:47.645784: Pseudo dice [np.float32(0.8784), np.float32(0.7148), np.float32(0.0)]
2025-11-21 01:33:47.645893: Epoch time: 67.9 s
2025-11-21 01:33:49.208170: 
2025-11-21 01:33:49.208395: Epoch 331
2025-11-21 01:33:49.208517: Current learning rate: 0.00696
2025-11-21 01:34:58.769912: train_loss -0.6758
2025-11-21 01:34:58.771001: val_loss -0.7056
2025-11-21 01:34:58.771115: Pseudo dice [np.float32(0.8951), np.float32(0.7378), np.float32(0.0)]
2025-11-21 01:34:58.771229: Epoch time: 69.56 s
2025-11-21 01:35:00.351646: 
2025-11-21 01:35:00.351905: Epoch 332
2025-11-21 01:35:00.352046: Current learning rate: 0.00696
2025-11-21 01:36:08.847577: train_loss -0.6739
2025-11-21 01:36:08.847809: val_loss -0.6671
2025-11-21 01:36:08.847914: Pseudo dice [np.float32(0.8741), np.float32(0.7162), np.float32(0.0)]
2025-11-21 01:36:08.848032: Epoch time: 68.5 s
2025-11-21 01:36:09.981280: 
2025-11-21 01:36:09.981593: Epoch 333
2025-11-21 01:36:09.981756: Current learning rate: 0.00695
2025-11-21 01:37:21.513056: train_loss -0.6834
2025-11-21 01:37:21.513355: val_loss -0.7197
2025-11-21 01:37:21.513455: Pseudo dice [np.float32(0.9011), np.float32(0.7511), np.float32(0.0)]
2025-11-21 01:37:21.513551: Epoch time: 71.53 s
2025-11-21 01:37:22.632318: 
2025-11-21 01:37:22.632517: Epoch 334
2025-11-21 01:37:22.632636: Current learning rate: 0.00694
2025-11-21 01:38:33.540492: train_loss -0.6784
2025-11-21 01:38:33.540729: val_loss -0.6877
2025-11-21 01:38:33.540831: Pseudo dice [np.float32(0.8814), np.float32(0.7404), np.float32(0.0)]
2025-11-21 01:38:33.540934: Epoch time: 70.91 s
2025-11-21 01:38:35.123365: 
2025-11-21 01:38:35.123556: Epoch 335
2025-11-21 01:38:35.123675: Current learning rate: 0.00693
2025-11-21 01:39:41.736193: train_loss -0.6864
2025-11-21 01:39:41.736498: val_loss -0.6737
2025-11-21 01:39:41.736606: Pseudo dice [np.float32(0.8674), np.float32(0.7185), np.float32(0.0)]
2025-11-21 01:39:41.736708: Epoch time: 66.61 s
2025-11-21 01:39:42.926291: 
2025-11-21 01:39:42.926485: Epoch 336
2025-11-21 01:39:42.926613: Current learning rate: 0.00692
2025-11-21 01:40:53.109362: train_loss -0.6783
2025-11-21 01:40:53.109616: val_loss -0.6884
2025-11-21 01:40:53.109723: Pseudo dice [np.float32(0.8918), np.float32(0.7244), np.float32(0.0)]
2025-11-21 01:40:53.109826: Epoch time: 70.18 s
2025-11-21 01:40:54.227999: 
2025-11-21 01:40:54.228193: Epoch 337
2025-11-21 01:40:54.228312: Current learning rate: 0.00691
2025-11-21 01:42:04.052467: train_loss -0.6881
2025-11-21 01:42:04.052727: val_loss -0.6877
2025-11-21 01:42:04.052867: Pseudo dice [np.float32(0.8881), np.float32(0.7367), np.float32(0.0)]
2025-11-21 01:42:04.052982: Epoch time: 69.83 s
2025-11-21 01:42:05.516669: 
2025-11-21 01:42:05.516936: Epoch 338
2025-11-21 01:42:05.517060: Current learning rate: 0.0069
2025-11-21 01:43:10.330974: train_loss -0.6931
2025-11-21 01:43:10.331367: val_loss -0.7215
2025-11-21 01:43:10.331476: Pseudo dice [np.float32(0.9066), np.float32(0.737), np.float32(0.0)]
2025-11-21 01:43:10.331583: Epoch time: 64.82 s
2025-11-21 01:43:11.608504: 
2025-11-21 01:43:11.608709: Epoch 339
2025-11-21 01:43:11.608820: Current learning rate: 0.00689
2025-11-21 01:44:21.997422: train_loss -0.7006
2025-11-21 01:44:21.997794: val_loss -0.7041
2025-11-21 01:44:21.997902: Pseudo dice [np.float32(0.8984), np.float32(0.7542), np.float32(0.0)]
2025-11-21 01:44:21.998004: Epoch time: 70.39 s
2025-11-21 01:44:23.146310: 
2025-11-21 01:44:23.146571: Epoch 340
2025-11-21 01:44:23.146694: Current learning rate: 0.00688
2025-11-21 01:45:33.301325: train_loss -0.7132
2025-11-21 01:45:33.301708: val_loss -0.7198
2025-11-21 01:45:33.301807: Pseudo dice [np.float32(0.9053), np.float32(0.7491), np.float32(0.0)]
2025-11-21 01:45:33.301904: Epoch time: 70.16 s
2025-11-21 01:45:34.538196: 
2025-11-21 01:45:34.538461: Epoch 341
2025-11-21 01:45:34.538607: Current learning rate: 0.00687
2025-11-21 01:46:40.900450: train_loss -0.6999
2025-11-21 01:46:40.900740: val_loss -0.6849
2025-11-21 01:46:40.900845: Pseudo dice [np.float32(0.8999), np.float32(0.7484), np.float32(0.0)]
2025-11-21 01:46:40.900986: Epoch time: 66.36 s
2025-11-21 01:46:42.153763: 
2025-11-21 01:46:42.153973: Epoch 342
2025-11-21 01:46:42.154089: Current learning rate: 0.00686
2025-11-21 01:47:49.797952: train_loss -0.7026
2025-11-21 01:47:49.798263: val_loss -0.7213
2025-11-21 01:47:49.798358: Pseudo dice [np.float32(0.8984), np.float32(0.7482), np.float32(0.0)]
2025-11-21 01:47:49.798453: Epoch time: 67.65 s
2025-11-21 01:47:50.986981: 
2025-11-21 01:47:50.987248: Epoch 343
2025-11-21 01:47:50.987371: Current learning rate: 0.00685
2025-11-21 01:48:56.891160: train_loss -0.7093
2025-11-21 01:48:56.891449: val_loss -0.7026
2025-11-21 01:48:56.891554: Pseudo dice [np.float32(0.8983), np.float32(0.7589), np.float32(0.0)]
2025-11-21 01:48:56.891655: Epoch time: 65.91 s
2025-11-21 01:48:59.800521: 
2025-11-21 01:48:59.800760: Epoch 344
2025-11-21 01:48:59.800885: Current learning rate: 0.00684
2025-11-21 01:50:09.062589: train_loss -0.7172
2025-11-21 01:50:09.062838: val_loss -0.7342
2025-11-21 01:50:09.062932: Pseudo dice [np.float32(0.8923), np.float32(0.7455), np.float32(0.0)]
2025-11-21 01:50:09.063024: Epoch time: 69.26 s
2025-11-21 01:50:10.746488: 
2025-11-21 01:50:10.746781: Epoch 345
2025-11-21 01:50:10.746901: Current learning rate: 0.00683
2025-11-21 01:51:21.191068: train_loss -0.6773
2025-11-21 01:51:21.191351: val_loss -0.6938
2025-11-21 01:51:21.191453: Pseudo dice [np.float32(0.8964), np.float32(0.7417), np.float32(0.0)]
2025-11-21 01:51:21.191556: Epoch time: 70.45 s
2025-11-21 01:51:22.409184: 
2025-11-21 01:51:22.409390: Epoch 346
2025-11-21 01:51:22.409505: Current learning rate: 0.00682
2025-11-21 01:52:34.569517: train_loss -0.7081
2025-11-21 01:52:34.569843: val_loss -0.723
2025-11-21 01:52:34.569950: Pseudo dice [np.float32(0.9053), np.float32(0.7314), np.float32(0.0)]
2025-11-21 01:52:34.570050: Epoch time: 72.16 s
2025-11-21 01:52:35.747232: 
2025-11-21 01:52:35.747488: Epoch 347
2025-11-21 01:52:35.747603: Current learning rate: 0.00681
2025-11-21 01:53:45.739880: train_loss -0.6994
2025-11-21 01:53:45.740264: val_loss -0.7187
2025-11-21 01:53:45.740371: Pseudo dice [np.float32(0.8978), np.float32(0.7458), np.float32(0.0)]
2025-11-21 01:53:45.740474: Epoch time: 69.99 s
2025-11-21 01:53:46.869869: 
2025-11-21 01:53:46.870045: Epoch 348
2025-11-21 01:53:46.870164: Current learning rate: 0.0068
2025-11-21 01:54:55.813753: train_loss -0.6791
2025-11-21 01:54:55.814018: val_loss -0.691
2025-11-21 01:54:55.814121: Pseudo dice [np.float32(0.9095), np.float32(0.742), np.float32(0.0)]
2025-11-21 01:54:55.814229: Epoch time: 68.94 s
2025-11-21 01:54:57.762917: 
2025-11-21 01:54:57.763160: Epoch 349
2025-11-21 01:54:57.763285: Current learning rate: 0.0068
2025-11-21 01:56:09.991404: train_loss -0.684
2025-11-21 01:56:09.997953: val_loss -0.6842
2025-11-21 01:56:09.998195: Pseudo dice [np.float32(0.8859), np.float32(0.7215), np.float32(0.0)]
2025-11-21 01:56:09.998309: Epoch time: 72.23 s
2025-11-21 01:56:11.462128: 
2025-11-21 01:56:11.462325: Epoch 350
2025-11-21 01:56:11.462437: Current learning rate: 0.00679
2025-11-21 01:57:24.629776: train_loss -0.6757
2025-11-21 01:57:24.635102: val_loss -0.6935
2025-11-21 01:57:24.636221: Pseudo dice [np.float32(0.8907), np.float32(0.7367), np.float32(0.0)]
2025-11-21 01:57:24.636356: Epoch time: 73.17 s
2025-11-21 01:57:26.076700: 
2025-11-21 01:57:26.076901: Epoch 351
2025-11-21 01:57:26.077021: Current learning rate: 0.00678
2025-11-21 01:58:36.320652: train_loss -0.6959
2025-11-21 01:58:36.321004: val_loss -0.7126
2025-11-21 01:58:36.321111: Pseudo dice [np.float32(0.8953), np.float32(0.7109), np.float32(0.0)]
2025-11-21 01:58:36.321220: Epoch time: 70.24 s
2025-11-21 01:58:38.247147: 
2025-11-21 01:58:38.247376: Epoch 352
2025-11-21 01:58:38.247496: Current learning rate: 0.00677
2025-11-21 01:59:49.018413: train_loss -0.6611
2025-11-21 01:59:49.018828: val_loss -0.6481
2025-11-21 01:59:49.019008: Pseudo dice [np.float32(0.8642), np.float32(0.6691), np.float32(0.0)]
2025-11-21 01:59:49.019130: Epoch time: 70.77 s
2025-11-21 01:59:50.169594: 
2025-11-21 01:59:50.169872: Epoch 353
2025-11-21 01:59:50.170007: Current learning rate: 0.00676
2025-11-21 02:00:56.945097: train_loss -0.6585
2025-11-21 02:00:56.945485: val_loss -0.675
2025-11-21 02:00:56.945600: Pseudo dice [np.float32(0.8905), np.float32(0.7313), np.float32(0.0)]
2025-11-21 02:00:56.945702: Epoch time: 66.78 s
2025-11-21 02:00:58.100571: 
2025-11-21 02:00:58.100759: Epoch 354
2025-11-21 02:00:58.100897: Current learning rate: 0.00675
2025-11-21 02:02:06.824387: train_loss -0.686
2025-11-21 02:02:06.824659: val_loss -0.7214
2025-11-21 02:02:06.824763: Pseudo dice [np.float32(0.8883), np.float32(0.7435), np.float32(0.0)]
2025-11-21 02:02:06.824864: Epoch time: 68.72 s
2025-11-21 02:02:07.944335: 
2025-11-21 02:02:07.944542: Epoch 355
2025-11-21 02:02:07.944720: Current learning rate: 0.00674
2025-11-21 02:03:19.262355: train_loss -0.6885
2025-11-21 02:03:19.262693: val_loss -0.7272
2025-11-21 02:03:19.262800: Pseudo dice [np.float32(0.8875), np.float32(0.7493), np.float32(0.0)]
2025-11-21 02:03:19.262901: Epoch time: 71.32 s
2025-11-21 02:03:20.577732: 
2025-11-21 02:03:20.577940: Epoch 356
2025-11-21 02:03:20.578056: Current learning rate: 0.00673
2025-11-21 02:04:32.322364: train_loss -0.6893
2025-11-21 02:04:32.322706: val_loss -0.6685
2025-11-21 02:04:32.322814: Pseudo dice [np.float32(0.869), np.float32(0.7465), np.float32(0.0)]
2025-11-21 02:04:32.322922: Epoch time: 71.75 s
2025-11-21 02:04:33.491483: 
2025-11-21 02:04:33.491750: Epoch 357
2025-11-21 02:04:33.491895: Current learning rate: 0.00672
2025-11-21 02:05:41.902593: train_loss -0.6784
2025-11-21 02:05:41.902850: val_loss -0.6981
2025-11-21 02:05:41.902955: Pseudo dice [np.float32(0.8812), np.float32(0.7416), np.float32(0.0)]
2025-11-21 02:05:41.903054: Epoch time: 68.41 s
2025-11-21 02:05:43.035011: 
2025-11-21 02:05:43.035229: Epoch 358
2025-11-21 02:05:43.035351: Current learning rate: 0.00671
2025-11-21 02:06:54.867971: train_loss -0.7062
2025-11-21 02:06:54.868261: val_loss -0.7061
2025-11-21 02:06:54.868373: Pseudo dice [np.float32(0.8943), np.float32(0.7434), np.float32(0.0)]
2025-11-21 02:06:54.868480: Epoch time: 71.83 s
2025-11-21 02:06:56.163662: 
2025-11-21 02:06:56.163934: Epoch 359
2025-11-21 02:06:56.164057: Current learning rate: 0.0067
2025-11-21 02:08:08.078925: train_loss -0.6794
2025-11-21 02:08:08.079200: val_loss -0.6749
2025-11-21 02:08:08.079309: Pseudo dice [np.float32(0.8867), np.float32(0.7353), np.float32(0.0)]
2025-11-21 02:08:08.079410: Epoch time: 71.92 s
2025-11-21 02:08:09.673316: 
2025-11-21 02:08:09.673548: Epoch 360
2025-11-21 02:08:09.673677: Current learning rate: 0.00669
2025-11-21 02:09:18.138823: train_loss -0.7033
2025-11-21 02:09:18.139203: val_loss -0.6994
2025-11-21 02:09:18.139303: Pseudo dice [np.float32(0.9033), np.float32(0.7488), np.float32(0.0)]
2025-11-21 02:09:18.139398: Epoch time: 68.47 s
2025-11-21 02:09:20.041359: 
2025-11-21 02:09:20.041667: Epoch 361
2025-11-21 02:09:20.041819: Current learning rate: 0.00668
2025-11-21 02:10:27.904421: train_loss -0.6945
2025-11-21 02:10:27.904689: val_loss -0.6923
2025-11-21 02:10:27.904807: Pseudo dice [np.float32(0.8931), np.float32(0.7468), np.float32(0.0)]
2025-11-21 02:10:27.905003: Epoch time: 67.86 s
2025-11-21 02:10:29.331180: 
2025-11-21 02:10:29.331378: Epoch 362
2025-11-21 02:10:29.331491: Current learning rate: 0.00667
2025-11-21 02:11:37.327672: train_loss -0.6898
2025-11-21 02:11:37.329483: val_loss -0.7061
2025-11-21 02:11:37.329597: Pseudo dice [np.float32(0.8898), np.float32(0.7477), np.float32(0.0)]
2025-11-21 02:11:37.329693: Epoch time: 68.0 s
2025-11-21 02:11:38.919879: 
2025-11-21 02:11:38.920103: Epoch 363
2025-11-21 02:11:38.920285: Current learning rate: 0.00666
2025-11-21 02:12:48.980106: train_loss -0.6526
2025-11-21 02:12:48.980974: val_loss -0.6283
2025-11-21 02:12:48.981086: Pseudo dice [np.float32(0.8635), np.float32(0.6919), np.float32(0.0)]
2025-11-21 02:12:48.981196: Epoch time: 70.06 s
2025-11-21 02:12:50.428603: 
2025-11-21 02:12:50.428797: Epoch 364
2025-11-21 02:12:50.428922: Current learning rate: 0.00665
2025-11-21 02:13:59.134887: train_loss -0.6723
2025-11-21 02:13:59.135161: val_loss -0.6884
2025-11-21 02:13:59.141006: Pseudo dice [np.float32(0.8922), np.float32(0.7418), np.float32(0.0)]
2025-11-21 02:13:59.141231: Epoch time: 68.71 s
2025-11-21 02:14:00.734282: 
2025-11-21 02:14:00.734546: Epoch 365
2025-11-21 02:14:00.734760: Current learning rate: 0.00665
2025-11-21 02:15:09.980003: train_loss -0.6963
2025-11-21 02:15:09.980270: val_loss -0.6908
2025-11-21 02:15:09.980372: Pseudo dice [np.float32(0.8936), np.float32(0.7397), np.float32(0.0)]
2025-11-21 02:15:09.980519: Epoch time: 69.25 s
2025-11-21 02:15:11.151517: 
2025-11-21 02:15:11.151714: Epoch 366
2025-11-21 02:15:11.151827: Current learning rate: 0.00664
2025-11-21 02:16:20.773869: train_loss -0.7049
2025-11-21 02:16:20.774107: val_loss -0.7091
2025-11-21 02:16:20.774216: Pseudo dice [np.float32(0.8929), np.float32(0.7356), np.float32(0.0)]
2025-11-21 02:16:20.774319: Epoch time: 69.62 s
2025-11-21 02:16:21.852551: 
2025-11-21 02:16:21.852742: Epoch 367
2025-11-21 02:16:21.852858: Current learning rate: 0.00663
2025-11-21 02:17:33.446788: train_loss -0.7035
2025-11-21 02:17:33.447082: val_loss -0.6927
2025-11-21 02:17:33.447197: Pseudo dice [np.float32(0.894), np.float32(0.757), np.float32(0.0)]
2025-11-21 02:17:33.447303: Epoch time: 71.6 s
2025-11-21 02:17:34.763582: 
2025-11-21 02:17:34.763855: Epoch 368
2025-11-21 02:17:34.763986: Current learning rate: 0.00662
2025-11-21 02:18:44.732741: train_loss -0.7196
2025-11-21 02:18:44.732992: val_loss -0.7113
2025-11-21 02:18:44.733097: Pseudo dice [np.float32(0.8885), np.float32(0.7523), np.float32(0.0)]
2025-11-21 02:18:44.733209: Epoch time: 69.97 s
2025-11-21 02:18:46.028180: 
2025-11-21 02:18:46.028475: Epoch 369
2025-11-21 02:18:46.028599: Current learning rate: 0.00661
2025-11-21 02:19:55.791707: train_loss -0.7051
2025-11-21 02:19:55.791990: val_loss -0.7184
2025-11-21 02:19:55.792092: Pseudo dice [np.float32(0.9023), np.float32(0.7458), np.float32(0.0)]
2025-11-21 02:19:55.792261: Epoch time: 69.76 s
2025-11-21 02:19:56.988445: 
2025-11-21 02:19:56.988731: Epoch 370
2025-11-21 02:19:56.988855: Current learning rate: 0.0066
2025-11-21 02:21:05.123574: train_loss -0.7054
2025-11-21 02:21:05.123826: val_loss -0.7104
2025-11-21 02:21:05.123918: Pseudo dice [np.float32(0.8961), np.float32(0.7304), np.float32(0.0)]
2025-11-21 02:21:05.124011: Epoch time: 68.14 s
2025-11-21 02:21:07.142180: 
2025-11-21 02:21:07.142461: Epoch 371
2025-11-21 02:21:07.142585: Current learning rate: 0.00659
2025-11-21 02:22:17.242368: train_loss -0.6786
2025-11-21 02:22:17.242745: val_loss -0.7044
2025-11-21 02:22:17.242854: Pseudo dice [np.float32(0.8963), np.float32(0.7325), np.float32(0.0)]
2025-11-21 02:22:17.242955: Epoch time: 70.1 s
2025-11-21 02:22:18.813446: 
2025-11-21 02:22:18.813662: Epoch 372
2025-11-21 02:22:18.813776: Current learning rate: 0.00658
2025-11-21 02:23:29.504762: train_loss -0.6865
2025-11-21 02:23:29.505072: val_loss -0.686
2025-11-21 02:23:29.505192: Pseudo dice [np.float32(0.8853), np.float32(0.7061), np.float32(0.0)]
2025-11-21 02:23:29.506255: Epoch time: 70.69 s
2025-11-21 02:23:30.684920: 
2025-11-21 02:23:30.685194: Epoch 373
2025-11-21 02:23:30.685322: Current learning rate: 0.00657
2025-11-21 02:24:38.071542: train_loss -0.6832
2025-11-21 02:24:38.073629: val_loss -0.6598
2025-11-21 02:24:38.073738: Pseudo dice [np.float32(0.9086), np.float32(0.7357), np.float32(0.0)]
2025-11-21 02:24:38.073832: Epoch time: 67.39 s
2025-11-21 02:24:39.392743: 
2025-11-21 02:24:39.392940: Epoch 374
2025-11-21 02:24:39.393060: Current learning rate: 0.00656
2025-11-21 02:25:48.190121: train_loss -0.699
2025-11-21 02:25:48.190408: val_loss -0.6869
2025-11-21 02:25:48.190512: Pseudo dice [np.float32(0.8868), np.float32(0.7494), np.float32(0.0)]
2025-11-21 02:25:48.190616: Epoch time: 68.8 s
2025-11-21 02:25:49.325347: 
2025-11-21 02:25:49.325546: Epoch 375
2025-11-21 02:25:49.325707: Current learning rate: 0.00655
2025-11-21 02:27:01.462498: train_loss -0.6827
2025-11-21 02:27:01.462778: val_loss -0.6946
2025-11-21 02:27:01.462885: Pseudo dice [np.float32(0.8848), np.float32(0.7014), np.float32(0.0)]
2025-11-21 02:27:01.462988: Epoch time: 72.14 s
2025-11-21 02:27:02.635108: 
2025-11-21 02:27:02.635321: Epoch 376
2025-11-21 02:27:02.635434: Current learning rate: 0.00654
2025-11-21 02:28:10.700135: train_loss -0.6776
2025-11-21 02:28:10.700420: val_loss -0.6759
2025-11-21 02:28:10.700526: Pseudo dice [np.float32(0.8839), np.float32(0.7212), np.float32(0.0)]
2025-11-21 02:28:10.700630: Epoch time: 68.07 s
2025-11-21 02:28:12.242352: 
2025-11-21 02:28:12.242584: Epoch 377
2025-11-21 02:28:12.242701: Current learning rate: 0.00653
2025-11-21 02:29:22.081863: train_loss -0.6863
2025-11-21 02:29:22.082147: val_loss -0.6723
2025-11-21 02:29:22.082258: Pseudo dice [np.float32(0.8834), np.float32(0.7051), np.float32(0.0)]
2025-11-21 02:29:22.082360: Epoch time: 69.84 s
2025-11-21 02:29:23.572416: 
2025-11-21 02:29:23.572687: Epoch 378
2025-11-21 02:29:23.572816: Current learning rate: 0.00652
2025-11-21 02:30:33.286947: train_loss -0.6902
2025-11-21 02:30:33.287276: val_loss -0.6919
2025-11-21 02:30:33.287383: Pseudo dice [np.float32(0.8835), np.float32(0.7444), np.float32(0.0)]
2025-11-21 02:30:33.287487: Epoch time: 69.72 s
2025-11-21 02:30:34.408788: 
2025-11-21 02:30:34.409211: Epoch 379
2025-11-21 02:30:34.409399: Current learning rate: 0.00651
2025-11-21 02:31:45.915797: train_loss -0.705
2025-11-21 02:31:45.916528: val_loss -0.7305
2025-11-21 02:31:45.916641: Pseudo dice [np.float32(0.8981), np.float32(0.7421), np.float32(0.0)]
2025-11-21 02:31:45.916743: Epoch time: 71.51 s
2025-11-21 02:31:47.416573: 
2025-11-21 02:31:47.416853: Epoch 380
2025-11-21 02:31:47.416978: Current learning rate: 0.0065
2025-11-21 02:32:54.747026: train_loss -0.7088
2025-11-21 02:32:54.747312: val_loss -0.7126
2025-11-21 02:32:54.747416: Pseudo dice [np.float32(0.9015), np.float32(0.7435), np.float32(0.0)]
2025-11-21 02:32:54.747520: Epoch time: 67.33 s
2025-11-21 02:32:56.371738: 
2025-11-21 02:32:56.371991: Epoch 381
2025-11-21 02:32:56.372141: Current learning rate: 0.00649
2025-11-21 02:34:10.223431: train_loss -0.7096
2025-11-21 02:34:10.223711: val_loss -0.6956
2025-11-21 02:34:10.223818: Pseudo dice [np.float32(0.8912), np.float32(0.7369), np.float32(0.0)]
2025-11-21 02:34:10.223996: Epoch time: 73.85 s
2025-11-21 02:34:11.352527: 
2025-11-21 02:34:11.352722: Epoch 382
2025-11-21 02:34:11.352832: Current learning rate: 0.00648
2025-11-21 02:35:19.559634: train_loss -0.7149
2025-11-21 02:35:19.559963: val_loss -0.6927
2025-11-21 02:35:19.560062: Pseudo dice [np.float32(0.9001), np.float32(0.7569), np.float32(0.0)]
2025-11-21 02:35:19.560156: Epoch time: 68.21 s
2025-11-21 02:35:20.994087: 
2025-11-21 02:35:20.994307: Epoch 383
2025-11-21 02:35:20.994431: Current learning rate: 0.00648
2025-11-21 02:36:35.163040: train_loss -0.7101
2025-11-21 02:36:35.163319: val_loss -0.7132
2025-11-21 02:36:35.163423: Pseudo dice [np.float32(0.8913), np.float32(0.7543), np.float32(0.0)]
2025-11-21 02:36:35.165705: Epoch time: 74.17 s
2025-11-21 02:36:36.371782: 
2025-11-21 02:36:36.371991: Epoch 384
2025-11-21 02:36:36.372116: Current learning rate: 0.00647
2025-11-21 02:37:47.921175: train_loss -0.7026
2025-11-21 02:37:47.921525: val_loss -0.7286
2025-11-21 02:37:47.921636: Pseudo dice [np.float32(0.9004), np.float32(0.7534), np.float32(0.0)]
2025-11-21 02:37:47.921743: Epoch time: 71.55 s
2025-11-21 02:37:49.087323: 
2025-11-21 02:37:49.087625: Epoch 385
2025-11-21 02:37:49.087749: Current learning rate: 0.00646
2025-11-21 02:38:59.844227: train_loss -0.7193
2025-11-21 02:38:59.865522: val_loss -0.6789
2025-11-21 02:38:59.865724: Pseudo dice [np.float32(0.8906), np.float32(0.7456), np.float32(0.0)]
2025-11-21 02:38:59.865835: Epoch time: 70.76 s
2025-11-21 02:39:01.177058: 
2025-11-21 02:39:01.177339: Epoch 386
2025-11-21 02:39:01.177510: Current learning rate: 0.00645
2025-11-21 02:40:10.589043: train_loss -0.7213
2025-11-21 02:40:10.590868: val_loss -0.6883
2025-11-21 02:40:10.590984: Pseudo dice [np.float32(0.8986), np.float32(0.7361), np.float32(0.0)]
2025-11-21 02:40:10.604379: Epoch time: 69.41 s
2025-11-21 02:40:12.043534: 
2025-11-21 02:40:12.043747: Epoch 387
2025-11-21 02:40:12.043872: Current learning rate: 0.00644
2025-11-21 02:41:22.815395: train_loss -0.6984
2025-11-21 02:41:22.817941: val_loss -0.7136
2025-11-21 02:41:22.818062: Pseudo dice [np.float32(0.8944), np.float32(0.7549), np.float32(0.0)]
2025-11-21 02:41:22.818156: Epoch time: 70.77 s
2025-11-21 02:41:24.477944: 
2025-11-21 02:41:24.478158: Epoch 388
2025-11-21 02:41:24.478283: Current learning rate: 0.00643
2025-11-21 02:42:32.183334: train_loss -0.6958
2025-11-21 02:42:32.185132: val_loss -0.6713
2025-11-21 02:42:32.185287: Pseudo dice [np.float32(0.8912), np.float32(0.7249), np.float32(0.0)]
2025-11-21 02:42:32.185396: Epoch time: 67.71 s
2025-11-21 02:42:33.845745: 
2025-11-21 02:42:33.845962: Epoch 389
2025-11-21 02:42:33.846077: Current learning rate: 0.00642
2025-11-21 02:43:43.824134: train_loss -0.7005
2025-11-21 02:43:43.826077: val_loss -0.6925
2025-11-21 02:43:43.826213: Pseudo dice [np.float32(0.894), np.float32(0.7457), np.float32(0.0)]
2025-11-21 02:43:43.826310: Epoch time: 69.98 s
2025-11-21 02:43:45.259978: 
2025-11-21 02:43:45.260193: Epoch 390
2025-11-21 02:43:45.260316: Current learning rate: 0.00641
2025-11-21 02:44:53.763663: train_loss -0.7003
2025-11-21 02:44:53.767153: val_loss -0.6912
2025-11-21 02:44:53.767380: Pseudo dice [np.float32(0.8989), np.float32(0.7412), np.float32(0.0)]
2025-11-21 02:44:53.767484: Epoch time: 68.5 s
2025-11-21 02:44:55.517311: 
2025-11-21 02:44:55.517531: Epoch 391
2025-11-21 02:44:55.517653: Current learning rate: 0.0064
2025-11-21 02:46:06.542199: train_loss -0.6757
2025-11-21 02:46:06.542672: val_loss -0.6326
2025-11-21 02:46:06.542779: Pseudo dice [np.float32(0.8477), np.float32(0.6994), np.float32(0.0)]
2025-11-21 02:46:06.542881: Epoch time: 71.03 s
2025-11-21 02:46:07.682615: 
2025-11-21 02:46:07.682886: Epoch 392
2025-11-21 02:46:07.683005: Current learning rate: 0.00639
2025-11-21 02:47:19.657677: train_loss -0.6667
2025-11-21 02:47:19.658199: val_loss -0.6831
2025-11-21 02:47:19.658335: Pseudo dice [np.float32(0.8791), np.float32(0.7278), np.float32(0.0)]
2025-11-21 02:47:19.658435: Epoch time: 71.98 s
2025-11-21 02:47:20.847789: 
2025-11-21 02:47:20.848097: Epoch 393
2025-11-21 02:47:20.848232: Current learning rate: 0.00638
2025-11-21 02:48:31.629929: train_loss -0.6781
2025-11-21 02:48:31.631784: val_loss -0.6815
2025-11-21 02:48:31.631912: Pseudo dice [np.float32(0.8772), np.float32(0.7383), np.float32(0.0)]
2025-11-21 02:48:31.632004: Epoch time: 70.78 s
2025-11-21 02:48:33.464526: 
2025-11-21 02:48:33.464812: Epoch 394
2025-11-21 02:48:33.464932: Current learning rate: 0.00637
2025-11-21 02:49:40.294789: train_loss -0.6806
2025-11-21 02:49:40.296516: val_loss -0.6856
2025-11-21 02:49:40.296654: Pseudo dice [np.float32(0.8747), np.float32(0.7225), np.float32(0.0)]
2025-11-21 02:49:40.296764: Epoch time: 66.83 s
2025-11-21 02:49:41.903973: 
2025-11-21 02:49:41.904221: Epoch 395
2025-11-21 02:49:41.904344: Current learning rate: 0.00636
2025-11-21 02:50:53.954547: train_loss -0.678
2025-11-21 02:50:53.956009: val_loss -0.6934
2025-11-21 02:50:53.956206: Pseudo dice [np.float32(0.8999), np.float32(0.7331), np.float32(0.0)]
2025-11-21 02:50:53.956319: Epoch time: 72.05 s
2025-11-21 02:50:55.445408: 
2025-11-21 02:50:55.445820: Epoch 396
2025-11-21 02:50:55.445962: Current learning rate: 0.00635
2025-11-21 02:52:00.282034: train_loss -0.6953
2025-11-21 02:52:00.282665: val_loss -0.6569
2025-11-21 02:52:00.282784: Pseudo dice [np.float32(0.8908), np.float32(0.7157), np.float32(0.0)]
2025-11-21 02:52:00.282886: Epoch time: 64.84 s
2025-11-21 02:52:01.668923: 
2025-11-21 02:52:01.692266: Epoch 397
2025-11-21 02:52:01.692477: Current learning rate: 0.00634
2025-11-21 02:53:06.205416: train_loss -0.6783
2025-11-21 02:53:06.213413: val_loss -0.655
2025-11-21 02:53:06.213657: Pseudo dice [np.float32(0.8678), np.float32(0.7143), np.float32(0.0)]
2025-11-21 02:53:06.248684: Epoch time: 64.54 s
2025-11-21 02:53:07.920275: 
2025-11-21 02:53:07.920473: Epoch 398
2025-11-21 02:53:07.920587: Current learning rate: 0.00633
2025-11-21 02:54:18.308331: train_loss -0.674
2025-11-21 02:54:18.311362: val_loss -0.6813
2025-11-21 02:54:18.311535: Pseudo dice [np.float32(0.8826), np.float32(0.7111), np.float32(0.0)]
2025-11-21 02:54:18.311640: Epoch time: 70.39 s
2025-11-21 02:54:19.817670: 
2025-11-21 02:54:19.817914: Epoch 399
2025-11-21 02:54:19.818039: Current learning rate: 0.00632
2025-11-21 02:55:31.295077: train_loss -0.6793
2025-11-21 02:55:31.301706: val_loss -0.6744
2025-11-21 02:55:31.301878: Pseudo dice [np.float32(0.8906), np.float32(0.7384), np.float32(0.0)]
2025-11-21 02:55:31.301979: Epoch time: 71.48 s
2025-11-21 02:55:33.469716: 
2025-11-21 02:55:33.469983: Epoch 400
2025-11-21 02:55:33.470116: Current learning rate: 0.00631
2025-11-21 02:56:39.662034: train_loss -0.6777
2025-11-21 02:56:39.664159: val_loss -0.6653
2025-11-21 02:56:39.664281: Pseudo dice [np.float32(0.8757), np.float32(0.7135), np.float32(0.0)]
2025-11-21 02:56:39.664377: Epoch time: 66.19 s
2025-11-21 02:56:41.371429: 
2025-11-21 02:56:41.371605: Epoch 401
2025-11-21 02:56:41.371764: Current learning rate: 0.0063
2025-11-21 02:57:48.476485: train_loss -0.6728
2025-11-21 02:57:48.478918: val_loss -0.678
2025-11-21 02:57:48.479056: Pseudo dice [np.float32(0.9037), np.float32(0.7375), np.float32(0.0)]
2025-11-21 02:57:48.479151: Epoch time: 67.11 s
2025-11-21 02:57:51.252736: 
2025-11-21 02:57:51.252986: Epoch 402
2025-11-21 02:57:51.253116: Current learning rate: 0.0063
2025-11-21 02:59:02.312886: train_loss -0.6849
2025-11-21 02:59:02.315003: val_loss -0.693
2025-11-21 02:59:02.315297: Pseudo dice [np.float32(0.9027), np.float32(0.7256), np.float32(0.0)]
2025-11-21 02:59:02.315411: Epoch time: 71.06 s
2025-11-21 02:59:03.457191: 
2025-11-21 02:59:03.457513: Epoch 403
2025-11-21 02:59:03.457649: Current learning rate: 0.00629
2025-11-21 03:00:14.733690: train_loss -0.707
2025-11-21 03:00:14.735510: val_loss -0.7029
2025-11-21 03:00:14.735632: Pseudo dice [np.float32(0.8924), np.float32(0.759), np.float32(0.0)]
2025-11-21 03:00:14.735728: Epoch time: 71.28 s
2025-11-21 03:00:15.929404: 
2025-11-21 03:00:15.929702: Epoch 404
2025-11-21 03:00:15.929826: Current learning rate: 0.00628
2025-11-21 03:01:22.654224: train_loss -0.7098
2025-11-21 03:01:22.656072: val_loss -0.7016
2025-11-21 03:01:22.656194: Pseudo dice [np.float32(0.9016), np.float32(0.7454), np.float32(0.0)]
2025-11-21 03:01:22.656294: Epoch time: 66.73 s
2025-11-21 03:01:24.415912: 
2025-11-21 03:01:24.416206: Epoch 405
2025-11-21 03:01:24.416330: Current learning rate: 0.00627
2025-11-21 03:02:33.716010: train_loss -0.7076
2025-11-21 03:02:33.717806: val_loss -0.7316
2025-11-21 03:02:33.717940: Pseudo dice [np.float32(0.906), np.float32(0.7551), np.float32(0.0)]
2025-11-21 03:02:33.718046: Epoch time: 69.3 s
2025-11-21 03:02:35.918431: 
2025-11-21 03:02:35.918687: Epoch 406
2025-11-21 03:02:35.918813: Current learning rate: 0.00626
2025-11-21 03:03:47.561270: train_loss -0.7011
2025-11-21 03:03:47.564080: val_loss -0.6616
2025-11-21 03:03:47.564236: Pseudo dice [np.float32(0.8798), np.float32(0.6964), np.float32(0.0)]
2025-11-21 03:03:47.564347: Epoch time: 71.64 s
2025-11-21 03:03:49.003247: 
2025-11-21 03:03:49.003441: Epoch 407
2025-11-21 03:03:49.003559: Current learning rate: 0.00625
2025-11-21 03:04:56.805578: train_loss -0.6992
2025-11-21 03:04:56.809609: val_loss -0.729
2025-11-21 03:04:56.809764: Pseudo dice [np.float32(0.8983), np.float32(0.7432), np.float32(0.0)]
2025-11-21 03:04:56.809862: Epoch time: 67.8 s
2025-11-21 03:04:58.524238: 
2025-11-21 03:04:58.524432: Epoch 408
2025-11-21 03:04:58.524548: Current learning rate: 0.00624
2025-11-21 03:06:10.752270: train_loss -0.6902
2025-11-21 03:06:10.752733: val_loss -0.6574
2025-11-21 03:06:10.752846: Pseudo dice [np.float32(0.8789), np.float32(0.7276), np.float32(0.0)]
2025-11-21 03:06:10.981729: Epoch time: 72.23 s
2025-11-21 03:06:12.124773: 
2025-11-21 03:06:12.125019: Epoch 409
2025-11-21 03:06:12.125180: Current learning rate: 0.00623
2025-11-21 03:07:27.267335: train_loss -0.6922
2025-11-21 03:07:27.267970: val_loss -0.7142
2025-11-21 03:07:27.268111: Pseudo dice [np.float32(0.896), np.float32(0.7497), np.float32(0.0)]
2025-11-21 03:07:27.268250: Epoch time: 75.14 s
2025-11-21 03:07:28.422855: 
2025-11-21 03:07:28.423093: Epoch 410
2025-11-21 03:07:28.423254: Current learning rate: 0.00622
2025-11-21 03:08:37.693913: train_loss -0.7004
2025-11-21 03:08:37.694545: val_loss -0.7079
2025-11-21 03:08:37.694690: Pseudo dice [np.float32(0.8876), np.float32(0.7546), np.float32(0.0)]
2025-11-21 03:08:37.694824: Epoch time: 69.27 s
2025-11-21 03:08:38.846466: 
2025-11-21 03:08:38.846671: Epoch 411
2025-11-21 03:08:38.846810: Current learning rate: 0.00621
2025-11-21 03:09:46.825159: train_loss -0.6962
2025-11-21 03:09:46.825642: val_loss -0.699
2025-11-21 03:09:46.825777: Pseudo dice [np.float32(0.8897), np.float32(0.7413), np.float32(0.0)]
2025-11-21 03:09:46.825911: Epoch time: 67.98 s
2025-11-21 03:09:47.944898: 
2025-11-21 03:09:47.945114: Epoch 412
2025-11-21 03:09:47.945257: Current learning rate: 0.0062
2025-11-21 03:10:59.278757: train_loss -0.7079
2025-11-21 03:10:59.284711: val_loss -0.7208
2025-11-21 03:10:59.286847: Pseudo dice [np.float32(0.8975), np.float32(0.726), np.float32(0.0)]
2025-11-21 03:10:59.288949: Epoch time: 71.33 s
2025-11-21 03:11:00.987347: 
2025-11-21 03:11:00.987567: Epoch 413
2025-11-21 03:11:00.987714: Current learning rate: 0.00619
2025-11-21 03:12:11.759777: train_loss -0.6992
2025-11-21 03:12:11.763920: val_loss -0.6786
2025-11-21 03:12:11.764221: Pseudo dice [np.float32(0.8961), np.float32(0.7373), np.float32(0.0)]
2025-11-21 03:12:11.764346: Epoch time: 70.77 s
2025-11-21 03:12:13.086560: 
2025-11-21 03:12:13.086809: Epoch 414
2025-11-21 03:12:13.086982: Current learning rate: 0.00618
2025-11-21 03:13:21.762440: train_loss -0.6825
2025-11-21 03:13:21.765182: val_loss -0.6797
2025-11-21 03:13:21.766213: Pseudo dice [np.float32(0.8915), np.float32(0.7337), np.float32(0.0)]
2025-11-21 03:13:21.767243: Epoch time: 68.68 s
2025-11-21 03:13:23.358010: 
2025-11-21 03:13:23.358256: Epoch 415
2025-11-21 03:13:23.358397: Current learning rate: 0.00617
2025-11-21 03:14:34.906573: train_loss -0.7048
2025-11-21 03:14:34.907110: val_loss -0.7074
2025-11-21 03:14:34.907257: Pseudo dice [np.float32(0.8927), np.float32(0.7505), np.float32(0.0)]
2025-11-21 03:14:34.907389: Epoch time: 71.55 s
2025-11-21 03:14:36.023580: 
2025-11-21 03:14:36.023828: Epoch 416
2025-11-21 03:14:36.023979: Current learning rate: 0.00616
2025-11-21 03:15:47.108142: train_loss -0.7073
2025-11-21 03:15:47.110471: val_loss -0.7061
2025-11-21 03:15:47.111940: Pseudo dice [np.float32(0.8994), np.float32(0.7522), np.float32(0.0)]
2025-11-21 03:15:47.112589: Epoch time: 71.09 s
2025-11-21 03:15:48.326773: 
2025-11-21 03:15:48.327114: Epoch 417
2025-11-21 03:15:48.327274: Current learning rate: 0.00615
2025-11-21 03:16:57.938286: train_loss -0.6945
2025-11-21 03:16:57.946877: val_loss -0.7032
2025-11-21 03:16:57.948952: Pseudo dice [np.float32(0.9003), np.float32(0.7496), np.float32(0.0)]
2025-11-21 03:16:57.951033: Epoch time: 69.61 s
2025-11-21 03:16:59.715493: 
2025-11-21 03:16:59.715757: Epoch 418
2025-11-21 03:16:59.715900: Current learning rate: 0.00614
2025-11-21 03:18:06.331682: train_loss -0.7127
2025-11-21 03:18:06.335564: val_loss -0.7288
2025-11-21 03:18:06.337687: Pseudo dice [np.float32(0.8999), np.float32(0.7616), np.float32(0.0)]
2025-11-21 03:18:06.339829: Epoch time: 66.62 s
2025-11-21 03:18:08.281460: 
2025-11-21 03:18:08.281717: Epoch 419
2025-11-21 03:18:08.281857: Current learning rate: 0.00613
2025-11-21 03:19:18.356071: train_loss -0.7053
2025-11-21 03:19:18.360046: val_loss -0.7177
2025-11-21 03:19:18.362117: Pseudo dice [np.float32(0.8924), np.float32(0.7504), np.float32(0.0)]
2025-11-21 03:19:18.364210: Epoch time: 70.08 s
2025-11-21 03:19:19.882869: 
2025-11-21 03:19:19.883106: Epoch 420
2025-11-21 03:19:19.883319: Current learning rate: 0.00612
2025-11-21 03:20:31.030649: train_loss -0.7098
2025-11-21 03:20:31.031213: val_loss -0.7079
2025-11-21 03:20:31.031383: Pseudo dice [np.float32(0.8914), np.float32(0.7473), np.float32(0.0)]
2025-11-21 03:20:31.031535: Epoch time: 71.15 s
2025-11-21 03:20:32.159481: 
2025-11-21 03:20:32.159804: Epoch 421
2025-11-21 03:20:32.159943: Current learning rate: 0.00612
2025-11-21 03:21:42.487994: train_loss -0.7022
2025-11-21 03:21:42.491681: val_loss -0.6998
2025-11-21 03:21:42.493755: Pseudo dice [np.float32(0.9013), np.float32(0.7631), np.float32(0.0)]
2025-11-21 03:21:42.495819: Epoch time: 70.33 s
2025-11-21 03:21:44.874316: 
2025-11-21 03:21:44.874599: Epoch 422
2025-11-21 03:21:44.874741: Current learning rate: 0.00611
2025-11-21 03:22:54.804783: train_loss -0.7051
2025-11-21 03:22:54.810658: val_loss -0.7004
2025-11-21 03:22:54.812778: Pseudo dice [np.float32(0.8903), np.float32(0.7337), np.float32(0.0)]
2025-11-21 03:22:54.814836: Epoch time: 69.93 s
2025-11-21 03:22:56.520152: 
2025-11-21 03:22:56.520482: Epoch 423
2025-11-21 03:22:56.520631: Current learning rate: 0.0061
2025-11-21 03:24:07.347474: train_loss -0.6926
2025-11-21 03:24:07.348011: val_loss -0.7265
2025-11-21 03:24:07.348147: Pseudo dice [np.float32(0.9008), np.float32(0.7403), np.float32(0.0)]
2025-11-21 03:24:07.348281: Epoch time: 70.83 s
2025-11-21 03:24:08.546880: 
2025-11-21 03:24:08.547085: Epoch 424
2025-11-21 03:24:08.547237: Current learning rate: 0.00609
2025-11-21 03:25:15.397423: train_loss -0.7015
2025-11-21 03:25:15.400350: val_loss -0.7266
2025-11-21 03:25:15.401195: Pseudo dice [np.float32(0.8971), np.float32(0.7449), np.float32(0.0)]
2025-11-21 03:25:15.402409: Epoch time: 66.85 s
2025-11-21 03:25:17.514088: 
2025-11-21 03:25:17.514386: Epoch 425
2025-11-21 03:25:17.514523: Current learning rate: 0.00608
2025-11-21 03:26:28.476587: train_loss -0.7147
2025-11-21 03:26:28.477098: val_loss -0.7055
2025-11-21 03:26:28.477243: Pseudo dice [np.float32(0.9019), np.float32(0.7521), np.float32(0.0)]
2025-11-21 03:26:28.477371: Epoch time: 70.96 s
2025-11-21 03:26:29.615783: 
2025-11-21 03:26:29.616022: Epoch 426
2025-11-21 03:26:29.616166: Current learning rate: 0.00607
2025-11-21 03:27:41.012681: train_loss -0.7047
2025-11-21 03:27:41.013219: val_loss -0.7087
2025-11-21 03:27:41.013352: Pseudo dice [np.float32(0.8911), np.float32(0.7424), np.float32(0.0)]
2025-11-21 03:27:41.013477: Epoch time: 71.4 s
2025-11-21 03:27:42.202151: 
2025-11-21 03:27:42.202391: Epoch 427
2025-11-21 03:27:42.202543: Current learning rate: 0.00606
2025-11-21 03:28:49.177129: train_loss -0.7043
2025-11-21 03:28:49.180788: val_loss -0.7283
2025-11-21 03:28:49.182921: Pseudo dice [np.float32(0.8935), np.float32(0.7528), np.float32(0.0)]
2025-11-21 03:28:49.185015: Epoch time: 66.98 s
2025-11-21 03:28:50.816322: 
2025-11-21 03:28:50.816552: Epoch 428
2025-11-21 03:28:50.816736: Current learning rate: 0.00605
2025-11-21 03:30:04.897973: train_loss -0.716
2025-11-21 03:30:04.899923: val_loss -0.7187
2025-11-21 03:30:04.902036: Pseudo dice [np.float32(0.9076), np.float32(0.7572), np.float32(0.0)]
2025-11-21 03:30:04.903478: Epoch time: 74.08 s
2025-11-21 03:30:06.119825: 
2025-11-21 03:30:06.120100: Epoch 429
2025-11-21 03:30:06.120263: Current learning rate: 0.00604
2025-11-21 03:31:15.679074: train_loss -0.6948
2025-11-21 03:31:15.680703: val_loss -0.6609
2025-11-21 03:31:15.681505: Pseudo dice [np.float32(0.8964), np.float32(0.7158), np.float32(0.0)]
2025-11-21 03:31:15.682122: Epoch time: 69.56 s
2025-11-21 03:31:16.991655: 
2025-11-21 03:31:16.991969: Epoch 430
2025-11-21 03:31:16.992117: Current learning rate: 0.00603
2025-11-21 03:32:25.819229: train_loss -0.6947
2025-11-21 03:32:25.819846: val_loss -0.6541
2025-11-21 03:32:25.819992: Pseudo dice [np.float32(0.8917), np.float32(0.7309), np.float32(0.0)]
2025-11-21 03:32:25.820126: Epoch time: 68.83 s
2025-11-21 03:32:26.938407: 
2025-11-21 03:32:26.938696: Epoch 431
2025-11-21 03:32:26.938847: Current learning rate: 0.00602
2025-11-21 03:33:36.908396: train_loss -0.7015
2025-11-21 03:33:36.909982: val_loss -0.6774
2025-11-21 03:33:36.911276: Pseudo dice [np.float32(0.8861), np.float32(0.7482), np.float32(0.0)]
2025-11-21 03:33:36.912042: Epoch time: 69.97 s
2025-11-21 03:33:38.383681: 
2025-11-21 03:33:38.384015: Epoch 432
2025-11-21 03:33:38.384179: Current learning rate: 0.00601
2025-11-21 03:34:48.253896: train_loss -0.7119
2025-11-21 03:34:48.255848: val_loss -0.7193
2025-11-21 03:34:48.256104: Pseudo dice [np.float32(0.9114), np.float32(0.7507), np.float32(0.0)]
2025-11-21 03:34:48.257917: Epoch time: 69.87 s
2025-11-21 03:34:49.518227: 
2025-11-21 03:34:49.518484: Epoch 433
2025-11-21 03:34:49.518627: Current learning rate: 0.006
2025-11-21 03:36:04.040684: train_loss -0.7188
2025-11-21 03:36:04.041254: val_loss -0.721
2025-11-21 03:36:04.041394: Pseudo dice [np.float32(0.8886), np.float32(0.7657), np.float32(0.0)]
2025-11-21 03:36:04.041533: Epoch time: 74.52 s
2025-11-21 03:36:05.180261: 
2025-11-21 03:36:05.180502: Epoch 434
2025-11-21 03:36:05.180645: Current learning rate: 0.00599
2025-11-21 03:37:13.722723: train_loss -0.7162
2025-11-21 03:37:13.724968: val_loss -0.7314
2025-11-21 03:37:13.726831: Pseudo dice [np.float32(0.8982), np.float32(0.7607), np.float32(0.0)]
2025-11-21 03:37:13.728887: Epoch time: 68.54 s
2025-11-21 03:37:15.802196: 
2025-11-21 03:37:15.802428: Epoch 435
2025-11-21 03:37:15.802571: Current learning rate: 0.00598
2025-11-21 03:38:27.876987: train_loss -0.709
2025-11-21 03:38:27.878994: val_loss -0.6878
2025-11-21 03:38:27.880888: Pseudo dice [np.float32(0.8733), np.float32(0.751), np.float32(0.0)]
2025-11-21 03:38:27.881068: Epoch time: 72.08 s
2025-11-21 03:38:29.408442: 
2025-11-21 03:38:29.408680: Epoch 436
2025-11-21 03:38:29.408885: Current learning rate: 0.00597
2025-11-21 03:39:35.147323: train_loss -0.7101
2025-11-21 03:39:35.152611: val_loss -0.7099
2025-11-21 03:39:35.152779: Pseudo dice [np.float32(0.8978), np.float32(0.7409), np.float32(0.0)]
2025-11-21 03:39:35.154296: Epoch time: 65.74 s
2025-11-21 03:39:36.307491: 
2025-11-21 03:39:36.307791: Epoch 437
2025-11-21 03:39:36.307928: Current learning rate: 0.00596
2025-11-21 03:40:47.440941: train_loss -0.707
2025-11-21 03:40:47.445891: val_loss -0.7057
2025-11-21 03:40:47.447979: Pseudo dice [np.float32(0.9014), np.float32(0.7657), np.float32(0.0)]
2025-11-21 03:40:47.448188: Epoch time: 71.13 s
2025-11-21 03:40:48.777704: 
2025-11-21 03:40:48.777953: Epoch 438
2025-11-21 03:40:48.778108: Current learning rate: 0.00595
2025-11-21 03:41:58.416160: train_loss -0.7041
2025-11-21 03:41:58.418600: val_loss -0.7168
2025-11-21 03:41:58.418973: Pseudo dice [np.float32(0.8967), np.float32(0.7487), np.float32(0.0)]
2025-11-21 03:41:58.420521: Epoch time: 69.64 s
2025-11-21 03:42:00.279058: 
2025-11-21 03:42:00.279282: Epoch 439
2025-11-21 03:42:00.279438: Current learning rate: 0.00594
2025-11-21 03:43:07.899605: train_loss -0.6984
2025-11-21 03:43:07.904569: val_loss -0.6814
2025-11-21 03:43:07.906643: Pseudo dice [np.float32(0.8872), np.float32(0.747), np.float32(0.0)]
2025-11-21 03:43:07.906818: Epoch time: 67.62 s
2025-11-21 03:43:09.081299: 
2025-11-21 03:43:09.081567: Epoch 440
2025-11-21 03:43:09.081717: Current learning rate: 0.00593
2025-11-21 03:44:16.836713: train_loss -0.7014
2025-11-21 03:44:16.837301: val_loss -0.6756
2025-11-21 03:44:16.837446: Pseudo dice [np.float32(0.9004), np.float32(0.7501), np.float32(0.0)]
2025-11-21 03:44:16.837594: Epoch time: 67.76 s
2025-11-21 03:44:18.414752: 
2025-11-21 03:44:18.415017: Epoch 441
2025-11-21 03:44:18.415159: Current learning rate: 0.00592
2025-11-21 03:45:27.650284: train_loss -0.6969
2025-11-21 03:45:27.655148: val_loss -0.7084
2025-11-21 03:45:27.657228: Pseudo dice [np.float32(0.8975), np.float32(0.7159), np.float32(0.0)]
2025-11-21 03:45:27.657463: Epoch time: 69.24 s
2025-11-21 03:45:28.779557: 
2025-11-21 03:45:28.779798: Epoch 442
2025-11-21 03:45:28.779932: Current learning rate: 0.00592
2025-11-21 03:46:37.678022: train_loss -0.6877
2025-11-21 03:46:37.682481: val_loss -0.694
2025-11-21 03:46:37.684605: Pseudo dice [np.float32(0.9051), np.float32(0.7611), np.float32(0.0)]
2025-11-21 03:46:37.684919: Epoch time: 68.9 s
2025-11-21 03:46:38.807611: 
2025-11-21 03:46:38.807928: Epoch 443
2025-11-21 03:46:38.808070: Current learning rate: 0.00591
2025-11-21 03:47:51.893670: train_loss -0.7182
2025-11-21 03:47:51.897418: val_loss -0.7112
2025-11-21 03:47:51.899474: Pseudo dice [np.float32(0.8866), np.float32(0.739), np.float32(0.0)]
2025-11-21 03:47:51.901538: Epoch time: 73.09 s
2025-11-21 03:47:53.870388: 
2025-11-21 03:47:53.870648: Epoch 444
2025-11-21 03:47:53.870806: Current learning rate: 0.0059
2025-11-21 03:49:02.421710: train_loss -0.7098
2025-11-21 03:49:02.424092: val_loss -0.6907
2025-11-21 03:49:02.425250: Pseudo dice [np.float32(0.8971), np.float32(0.7515), np.float32(0.0)]
2025-11-21 03:49:02.426185: Epoch time: 68.55 s
2025-11-21 03:49:03.640460: 
2025-11-21 03:49:03.640804: Epoch 445
2025-11-21 03:49:03.640958: Current learning rate: 0.00589
2025-11-21 03:50:12.906138: train_loss -0.7185
2025-11-21 03:50:12.906790: val_loss -0.7185
2025-11-21 03:50:12.906922: Pseudo dice [np.float32(0.9143), np.float32(0.7566), np.float32(0.0)]
2025-11-21 03:50:12.907064: Epoch time: 69.27 s
2025-11-21 03:50:14.008321: 
2025-11-21 03:50:14.008548: Epoch 446
2025-11-21 03:50:14.008688: Current learning rate: 0.00588
2025-11-21 03:51:21.958074: train_loss -0.7213
2025-11-21 03:51:21.963252: val_loss -0.7137
2025-11-21 03:51:21.964499: Pseudo dice [np.float32(0.9047), np.float32(0.7661), np.float32(0.0)]
2025-11-21 03:51:21.966579: Epoch time: 67.95 s
2025-11-21 03:51:23.364766: 
2025-11-21 03:51:23.364994: Epoch 447
2025-11-21 03:51:23.365137: Current learning rate: 0.00587
2025-11-21 03:52:32.153512: train_loss -0.711
2025-11-21 03:52:32.154032: val_loss -0.7284
2025-11-21 03:52:32.154190: Pseudo dice [np.float32(0.9088), np.float32(0.7609), np.float32(0.0)]
2025-11-21 03:52:32.154334: Epoch time: 68.79 s
2025-11-21 03:52:33.496431: 
2025-11-21 03:52:33.496664: Epoch 448
2025-11-21 03:52:33.496802: Current learning rate: 0.00586
2025-11-21 03:53:42.914313: train_loss -0.7073
2025-11-21 03:53:42.918021: val_loss -0.6962
2025-11-21 03:53:42.920084: Pseudo dice [np.float32(0.8937), np.float32(0.7186), np.float32(0.0)]
2025-11-21 03:53:42.922150: Epoch time: 69.42 s
2025-11-21 03:53:44.763882: 
2025-11-21 03:53:44.764127: Epoch 449
2025-11-21 03:53:44.764277: Current learning rate: 0.00585
2025-11-21 03:54:52.764616: train_loss -0.6984
2025-11-21 03:54:52.766544: val_loss -0.6812
2025-11-21 03:54:52.767541: Pseudo dice [np.float32(0.8854), np.float32(0.7338), np.float32(0.0)]
2025-11-21 03:54:52.768638: Epoch time: 68.0 s
2025-11-21 03:54:55.330732: 
2025-11-21 03:54:55.330980: Epoch 450
2025-11-21 03:54:55.331137: Current learning rate: 0.00584
2025-11-21 03:56:07.640918: train_loss -0.6817
2025-11-21 03:56:07.643232: val_loss -0.6144
2025-11-21 03:56:07.644899: Pseudo dice [np.float32(0.8702), np.float32(0.6081), np.float32(0.0)]
2025-11-21 03:56:07.645308: Epoch time: 72.31 s
2025-11-21 03:56:08.939517: 
2025-11-21 03:56:08.939818: Epoch 451
2025-11-21 03:56:08.939961: Current learning rate: 0.00583
2025-11-21 03:57:18.996844: train_loss -0.6844
2025-11-21 03:57:18.999948: val_loss -0.7075
2025-11-21 03:57:19.001497: Pseudo dice [np.float32(0.89), np.float32(0.7342), np.float32(0.0)]
2025-11-21 03:57:19.002004: Epoch time: 70.06 s
2025-11-21 03:57:20.885702: 
2025-11-21 03:57:20.885930: Epoch 452
2025-11-21 03:57:20.886075: Current learning rate: 0.00582
2025-11-21 03:58:34.061903: train_loss -0.7005
2025-11-21 03:58:34.065641: val_loss -0.7064
2025-11-21 03:58:34.067714: Pseudo dice [np.float32(0.8876), np.float32(0.7519), np.float32(0.0)]
2025-11-21 03:58:34.069784: Epoch time: 73.18 s
2025-11-21 03:58:35.256104: 
2025-11-21 03:58:35.256385: Epoch 453
2025-11-21 03:58:35.256528: Current learning rate: 0.00581
2025-11-21 03:59:46.049622: train_loss -0.6879
2025-11-21 03:59:46.050154: val_loss -0.7059
2025-11-21 03:59:46.050285: Pseudo dice [np.float32(0.8901), np.float32(0.7057), np.float32(0.0)]
2025-11-21 03:59:46.050417: Epoch time: 70.79 s
2025-11-21 03:59:47.186738: 
2025-11-21 03:59:47.186987: Epoch 454
2025-11-21 03:59:47.187141: Current learning rate: 0.0058
2025-11-21 04:00:55.880346: train_loss -0.6942
2025-11-21 04:00:55.880963: val_loss -0.6795
2025-11-21 04:00:55.881144: Pseudo dice [np.float32(0.881), np.float32(0.7143), np.float32(0.0)]
2025-11-21 04:00:55.881282: Epoch time: 68.69 s
2025-11-21 04:00:57.425018: 
2025-11-21 04:00:57.425280: Epoch 455
2025-11-21 04:00:57.425430: Current learning rate: 0.00579
2025-11-21 04:02:05.861846: train_loss -0.701
2025-11-21 04:02:05.881924: val_loss -0.6917
2025-11-21 04:02:05.884031: Pseudo dice [np.float32(0.88), np.float32(0.7539), np.float32(0.0)]
2025-11-21 04:02:05.886182: Epoch time: 68.44 s
2025-11-21 04:02:07.869945: 
2025-11-21 04:02:07.870178: Epoch 456
2025-11-21 04:02:07.870375: Current learning rate: 0.00578
2025-11-21 04:03:21.756911: train_loss -0.7082
2025-11-21 04:03:21.759212: val_loss -0.7311
2025-11-21 04:03:21.760602: Pseudo dice [np.float32(0.895), np.float32(0.7527), np.float32(0.0)]
2025-11-21 04:03:21.761322: Epoch time: 73.89 s
2025-11-21 04:03:22.880660: 
2025-11-21 04:03:22.880983: Epoch 457
2025-11-21 04:03:22.881124: Current learning rate: 0.00577
2025-11-21 04:04:32.024412: train_loss -0.7048
2025-11-21 04:04:32.028183: val_loss -0.7039
2025-11-21 04:04:32.029455: Pseudo dice [np.float32(0.8984), np.float32(0.7536), np.float32(0.0)]
2025-11-21 04:04:32.029667: Epoch time: 69.14 s
2025-11-21 04:04:33.157273: 
2025-11-21 04:04:33.157518: Epoch 458
2025-11-21 04:04:33.157664: Current learning rate: 0.00576
2025-11-21 04:05:42.771341: train_loss -0.7094
2025-11-21 04:05:42.771836: val_loss -0.7151
2025-11-21 04:05:42.771973: Pseudo dice [np.float32(0.9063), np.float32(0.7529), np.float32(0.0)]
2025-11-21 04:05:42.772095: Epoch time: 69.62 s
2025-11-21 04:05:43.908535: 
2025-11-21 04:05:43.908864: Epoch 459
2025-11-21 04:05:43.909040: Current learning rate: 0.00575
2025-11-21 04:06:57.931755: train_loss -0.7145
2025-11-21 04:06:57.938484: val_loss -0.718
2025-11-21 04:06:57.939146: Pseudo dice [np.float32(0.9037), np.float32(0.7508), np.float32(0.0)]
2025-11-21 04:06:57.940545: Epoch time: 74.02 s
2025-11-21 04:06:59.877983: 
2025-11-21 04:06:59.878263: Epoch 460
2025-11-21 04:06:59.878418: Current learning rate: 0.00574
2025-11-21 04:08:05.267576: train_loss -0.6936
2025-11-21 04:08:05.269040: val_loss -0.7404
2025-11-21 04:08:05.271145: Pseudo dice [np.float32(0.8925), np.float32(0.7437), np.float32(0.0)]
2025-11-21 04:08:05.273255: Epoch time: 65.39 s
2025-11-21 04:08:06.403035: 
2025-11-21 04:08:06.403293: Epoch 461
2025-11-21 04:08:06.403432: Current learning rate: 0.00573
2025-11-21 04:09:16.344253: train_loss -0.6874
2025-11-21 04:09:16.346501: val_loss -0.6887
2025-11-21 04:09:16.348079: Pseudo dice [np.float32(0.9004), np.float32(0.7401), np.float32(0.0)]
2025-11-21 04:09:16.348572: Epoch time: 69.94 s
2025-11-21 04:09:17.713682: 
2025-11-21 04:09:17.713904: Epoch 462
2025-11-21 04:09:17.714078: Current learning rate: 0.00572
2025-11-21 04:10:26.055291: train_loss -0.693
2025-11-21 04:10:26.057551: val_loss -0.6785
2025-11-21 04:10:26.059319: Pseudo dice [np.float32(0.897), np.float32(0.7466), np.float32(0.0)]
2025-11-21 04:10:26.059636: Epoch time: 68.34 s
2025-11-21 04:10:28.257365: 
2025-11-21 04:10:28.257629: Epoch 463
2025-11-21 04:10:28.257787: Current learning rate: 0.00571
2025-11-21 04:11:35.997314: train_loss -0.6987
2025-11-21 04:11:36.006436: val_loss -0.7017
2025-11-21 04:11:36.006618: Pseudo dice [np.float32(0.8958), np.float32(0.7678), np.float32(0.0)]
2025-11-21 04:11:36.006735: Epoch time: 67.74 s
2025-11-21 04:11:37.136463: 
2025-11-21 04:11:37.136683: Epoch 464
2025-11-21 04:11:37.136819: Current learning rate: 0.0057
2025-11-21 04:12:43.794738: train_loss -0.7097
2025-11-21 04:12:43.796967: val_loss -0.6838
2025-11-21 04:12:43.797124: Pseudo dice [np.float32(0.8991), np.float32(0.772), np.float32(0.0)]
2025-11-21 04:12:43.797247: Epoch time: 66.66 s
2025-11-21 04:12:45.016309: 
2025-11-21 04:12:45.016538: Epoch 465
2025-11-21 04:12:45.016691: Current learning rate: 0.0057
2025-11-21 04:13:55.031402: train_loss -0.7104
2025-11-21 04:13:55.031869: val_loss -0.7254
2025-11-21 04:13:55.032003: Pseudo dice [np.float32(0.906), np.float32(0.7632), np.float32(0.0)]
2025-11-21 04:13:55.032126: Epoch time: 70.02 s
2025-11-21 04:13:56.113600: 
2025-11-21 04:13:56.113857: Epoch 466
2025-11-21 04:13:56.114004: Current learning rate: 0.00569
2025-11-21 04:15:03.243814: train_loss -0.7119
2025-11-21 04:15:03.244419: val_loss -0.7191
2025-11-21 04:15:03.244559: Pseudo dice [np.float32(0.901), np.float32(0.7463), np.float32(0.0)]
2025-11-21 04:15:03.244696: Epoch time: 67.13 s
2025-11-21 04:15:04.278283: 
2025-11-21 04:15:04.278534: Epoch 467
2025-11-21 04:15:04.278683: Current learning rate: 0.00568
2025-11-21 04:16:10.411808: train_loss -0.7126
2025-11-21 04:16:10.412342: val_loss -0.7031
2025-11-21 04:16:10.412485: Pseudo dice [np.float32(0.9087), np.float32(0.7643), np.float32(0.0)]
2025-11-21 04:16:10.412636: Epoch time: 66.13 s
2025-11-21 04:16:11.580177: 
2025-11-21 04:16:11.580510: Epoch 468
2025-11-21 04:16:11.580739: Current learning rate: 0.00567
2025-11-21 04:17:25.399824: train_loss -0.6994
2025-11-21 04:17:25.400439: val_loss -0.6976
2025-11-21 04:17:25.400632: Pseudo dice [np.float32(0.891), np.float32(0.7447), np.float32(0.0)]
2025-11-21 04:17:25.400782: Epoch time: 73.82 s
2025-11-21 04:17:26.932854: 
2025-11-21 04:17:26.933163: Epoch 469
2025-11-21 04:17:26.933367: Current learning rate: 0.00566
2025-11-21 04:18:41.405371: train_loss -0.7024
2025-11-21 04:18:41.409415: val_loss -0.7233
2025-11-21 04:18:41.409627: Pseudo dice [np.float32(0.9041), np.float32(0.7461), np.float32(0.0)]
2025-11-21 04:18:41.411516: Epoch time: 74.47 s
2025-11-21 04:18:43.547923: 
2025-11-21 04:18:43.548198: Epoch 470
2025-11-21 04:18:43.548348: Current learning rate: 0.00565
2025-11-21 04:19:52.461914: train_loss -0.7058
2025-11-21 04:19:52.466535: val_loss -0.6936
2025-11-21 04:19:52.467276: Pseudo dice [np.float32(0.8922), np.float32(0.7284), np.float32(0.0)]
2025-11-21 04:19:52.468606: Epoch time: 68.91 s
2025-11-21 04:19:53.873411: 
2025-11-21 04:19:53.873645: Epoch 471
2025-11-21 04:19:53.873814: Current learning rate: 0.00564
2025-11-21 04:21:04.370095: train_loss -0.6933
2025-11-21 04:21:04.372128: val_loss -0.6862
2025-11-21 04:21:04.372286: Pseudo dice [np.float32(0.8962), np.float32(0.7568), np.float32(0.0)]
2025-11-21 04:21:04.372408: Epoch time: 70.5 s
2025-11-21 04:21:05.515692: 
2025-11-21 04:21:05.515931: Epoch 472
2025-11-21 04:21:05.516081: Current learning rate: 0.00563
2025-11-21 04:22:12.808301: train_loss -0.696
2025-11-21 04:22:12.812045: val_loss -0.702
2025-11-21 04:22:12.814151: Pseudo dice [np.float32(0.8922), np.float32(0.7351), np.float32(0.0)]
2025-11-21 04:22:12.816264: Epoch time: 67.29 s
2025-11-21 04:22:15.047885: 
2025-11-21 04:22:15.048176: Epoch 473
2025-11-21 04:22:15.048319: Current learning rate: 0.00562
2025-11-21 04:23:23.746650: train_loss -0.6959
2025-11-21 04:23:23.753088: val_loss -0.7131
2025-11-21 04:23:23.753342: Pseudo dice [np.float32(0.8903), np.float32(0.7622), np.float32(0.0)]
2025-11-21 04:23:23.753515: Epoch time: 68.7 s
2025-11-21 04:23:24.887985: 
2025-11-21 04:23:24.888223: Epoch 474
2025-11-21 04:23:24.888377: Current learning rate: 0.00561
2025-11-21 04:24:35.241705: train_loss -0.713
2025-11-21 04:24:35.243951: val_loss -0.7165
2025-11-21 04:24:35.245435: Pseudo dice [np.float32(0.8915), np.float32(0.7565), np.float32(0.0)]
2025-11-21 04:24:35.246022: Epoch time: 70.35 s
2025-11-21 04:24:36.775473: 
2025-11-21 04:24:36.775718: Epoch 475
2025-11-21 04:24:36.775864: Current learning rate: 0.0056
2025-11-21 04:25:42.504106: train_loss -0.6871
2025-11-21 04:25:42.509552: val_loss -0.6743
2025-11-21 04:25:42.511626: Pseudo dice [np.float32(0.8852), np.float32(0.7262), np.float32(0.0)]
2025-11-21 04:25:42.513683: Epoch time: 65.73 s
2025-11-21 04:25:43.770650: 
2025-11-21 04:25:43.770907: Epoch 476
2025-11-21 04:25:43.771068: Current learning rate: 0.00559
2025-11-21 04:26:52.022477: train_loss -0.667
2025-11-21 04:26:52.028574: val_loss -0.6447
2025-11-21 04:26:52.030333: Pseudo dice [np.float32(0.8651), np.float32(0.6878), np.float32(0.0)]
2025-11-21 04:26:52.030638: Epoch time: 68.25 s
2025-11-21 04:26:53.328797: 
2025-11-21 04:26:53.329252: Epoch 477
2025-11-21 04:26:53.329627: Current learning rate: 0.00558
2025-11-21 04:28:02.623292: train_loss -0.6767
2025-11-21 04:28:02.629154: val_loss -0.6926
2025-11-21 04:28:02.631218: Pseudo dice [np.float32(0.8871), np.float32(0.7501), np.float32(0.0)]
2025-11-21 04:28:02.633270: Epoch time: 69.3 s
2025-11-21 04:28:04.491714: 
2025-11-21 04:28:04.491933: Epoch 478
2025-11-21 04:28:04.492083: Current learning rate: 0.00557
2025-11-21 04:29:19.834538: train_loss -0.6754
2025-11-21 04:29:19.838341: val_loss -0.7401
2025-11-21 04:29:19.840451: Pseudo dice [np.float32(0.9011), np.float32(0.745), np.float32(0.0)]
2025-11-21 04:29:19.842584: Epoch time: 75.34 s
2025-11-21 04:29:21.350931: 
2025-11-21 04:29:21.351153: Epoch 479
2025-11-21 04:29:21.351298: Current learning rate: 0.00556
2025-11-21 04:30:31.620836: train_loss -0.6893
2025-11-21 04:30:31.624531: val_loss -0.7281
2025-11-21 04:30:31.626602: Pseudo dice [np.float32(0.8948), np.float32(0.7249), np.float32(0.0)]
2025-11-21 04:30:31.628666: Epoch time: 70.27 s
2025-11-21 04:30:33.289178: 
2025-11-21 04:30:33.289418: Epoch 480
2025-11-21 04:30:33.289610: Current learning rate: 0.00555
2025-11-21 04:31:45.813205: train_loss -0.6929
2025-11-21 04:31:45.818981: val_loss -0.7019
2025-11-21 04:31:45.821057: Pseudo dice [np.float32(0.8867), np.float32(0.7496), np.float32(0.0)]
2025-11-21 04:31:45.823116: Epoch time: 72.52 s
2025-11-21 04:31:47.285196: 
2025-11-21 04:31:47.285402: Epoch 481
2025-11-21 04:31:47.285541: Current learning rate: 0.00554
2025-11-21 04:32:55.092926: train_loss -0.687
2025-11-21 04:32:55.096360: val_loss -0.6725
2025-11-21 04:32:55.096876: Pseudo dice [np.float32(0.8978), np.float32(0.7566), np.float32(0.0)]
2025-11-21 04:32:55.098413: Epoch time: 67.81 s
2025-11-21 04:32:56.623646: 
2025-11-21 04:32:56.623888: Epoch 482
2025-11-21 04:32:56.624030: Current learning rate: 0.00553
2025-11-21 04:34:06.585208: train_loss -0.7059
2025-11-21 04:34:06.587476: val_loss -0.7088
2025-11-21 04:34:06.589047: Pseudo dice [np.float32(0.8894), np.float32(0.7601), np.float32(0.0)]
2025-11-21 04:34:06.589570: Epoch time: 69.96 s
2025-11-21 04:34:08.205399: 
2025-11-21 04:34:08.205729: Epoch 483
2025-11-21 04:34:08.205882: Current learning rate: 0.00552
2025-11-21 04:35:18.928388: train_loss -0.6935
2025-11-21 04:35:18.928974: val_loss -0.6897
2025-11-21 04:35:18.929108: Pseudo dice [np.float32(0.8954), np.float32(0.7399), np.float32(0.0)]
2025-11-21 04:35:18.929240: Epoch time: 70.72 s
2025-11-21 04:35:20.060432: 
2025-11-21 04:35:20.060679: Epoch 484
2025-11-21 04:35:20.060838: Current learning rate: 0.00551
2025-11-21 04:36:33.306432: train_loss -0.6963
2025-11-21 04:36:33.310154: val_loss -0.6952
2025-11-21 04:36:33.312224: Pseudo dice [np.float32(0.8878), np.float32(0.7344), np.float32(0.0)]
2025-11-21 04:36:33.314281: Epoch time: 73.25 s
2025-11-21 04:36:34.965131: 
2025-11-21 04:36:34.965440: Epoch 485
2025-11-21 04:36:34.965589: Current learning rate: 0.0055
2025-11-21 04:37:42.514616: train_loss -0.6733
2025-11-21 04:37:42.517411: val_loss -0.6785
2025-11-21 04:37:42.518499: Pseudo dice [np.float32(0.8653), np.float32(0.7423), np.float32(0.0)]
2025-11-21 04:37:42.519474: Epoch time: 67.55 s
2025-11-21 04:37:44.551289: 
2025-11-21 04:37:44.551528: Epoch 486
2025-11-21 04:37:44.551674: Current learning rate: 0.00549
2025-11-21 04:38:57.126043: train_loss -0.6895
2025-11-21 04:38:57.151455: val_loss -0.6863
2025-11-21 04:38:57.151678: Pseudo dice [np.float32(0.8989), np.float32(0.7349), np.float32(0.0)]
2025-11-21 04:38:57.151804: Epoch time: 72.58 s
2025-11-21 04:38:58.561865: 
2025-11-21 04:38:58.562124: Epoch 487
2025-11-21 04:38:58.562315: Current learning rate: 0.00548
2025-11-21 04:40:09.396170: train_loss -0.6978
2025-11-21 04:40:09.407268: val_loss -0.7186
2025-11-21 04:40:09.411262: Pseudo dice [np.float32(0.8931), np.float32(0.7214), np.float32(0.0)]
2025-11-21 04:40:09.411530: Epoch time: 70.84 s
2025-11-21 04:40:10.632123: 
2025-11-21 04:40:10.632367: Epoch 488
2025-11-21 04:40:10.632555: Current learning rate: 0.00547
2025-11-21 04:41:21.384193: train_loss -0.6988
2025-11-21 04:41:21.388236: val_loss -0.6798
2025-11-21 04:41:21.388502: Pseudo dice [np.float32(0.8974), np.float32(0.7518), np.float32(0.0)]
2025-11-21 04:41:21.388642: Epoch time: 70.75 s
2025-11-21 04:41:23.477448: 
2025-11-21 04:41:23.477767: Epoch 489
2025-11-21 04:41:23.477911: Current learning rate: 0.00546
2025-11-21 04:42:31.156370: train_loss -0.7089
2025-11-21 04:42:31.156968: val_loss -0.6947
2025-11-21 04:42:31.157128: Pseudo dice [np.float32(0.8903), np.float32(0.7489), np.float32(0.0)]
2025-11-21 04:42:31.157273: Epoch time: 67.68 s
2025-11-21 04:42:32.279050: 
2025-11-21 04:42:32.279324: Epoch 490
2025-11-21 04:42:32.279465: Current learning rate: 0.00546
2025-11-21 04:43:43.075722: train_loss -0.6995
2025-11-21 04:43:43.081625: val_loss -0.6904
2025-11-21 04:43:43.083685: Pseudo dice [np.float32(0.8923), np.float32(0.7396), np.float32(0.0)]
2025-11-21 04:43:43.085757: Epoch time: 70.8 s
2025-11-21 04:43:44.508248: 
2025-11-21 04:43:44.508467: Epoch 491
2025-11-21 04:43:44.508607: Current learning rate: 0.00545
2025-11-21 04:44:50.434024: train_loss -0.7002
2025-11-21 04:44:50.439818: val_loss -0.7221
2025-11-21 04:44:50.440192: Pseudo dice [np.float32(0.8939), np.float32(0.752), np.float32(0.0)]
2025-11-21 04:44:50.440341: Epoch time: 65.93 s
2025-11-21 04:44:51.766730: 
2025-11-21 04:44:51.766939: Epoch 492
2025-11-21 04:44:51.767106: Current learning rate: 0.00544
2025-11-21 04:45:58.429742: train_loss -0.7102
2025-11-21 04:45:58.430187: val_loss -0.6974
2025-11-21 04:45:58.430319: Pseudo dice [np.float32(0.9028), np.float32(0.7591), np.float32(0.0)]
2025-11-21 04:45:58.430443: Epoch time: 66.66 s
2025-11-21 04:45:59.526385: 
2025-11-21 04:45:59.526652: Epoch 493
2025-11-21 04:45:59.526805: Current learning rate: 0.00543
2025-11-21 04:47:12.403512: train_loss -0.701
2025-11-21 04:47:12.403963: val_loss -0.7215
2025-11-21 04:47:12.404090: Pseudo dice [np.float32(0.8989), np.float32(0.7451), np.float32(0.0)]
2025-11-21 04:47:12.404235: Epoch time: 72.88 s
2025-11-21 04:47:13.501925: 
2025-11-21 04:47:13.517732: Epoch 494
2025-11-21 04:47:13.517932: Current learning rate: 0.00542
2025-11-21 04:48:23.534392: train_loss -0.7117
2025-11-21 04:48:23.538998: val_loss -0.7353
2025-11-21 04:48:23.539705: Pseudo dice [np.float32(0.8917), np.float32(0.7453), np.float32(0.0)]
2025-11-21 04:48:23.541075: Epoch time: 70.03 s
2025-11-21 04:48:24.697886: 
2025-11-21 04:48:24.698117: Epoch 495
2025-11-21 04:48:24.698338: Current learning rate: 0.00541
2025-11-21 04:49:36.213271: train_loss -0.7088
2025-11-21 04:49:36.213748: val_loss -0.7299
2025-11-21 04:49:36.213878: Pseudo dice [np.float32(0.891), np.float32(0.7573), np.float32(0.0)]
2025-11-21 04:49:36.214000: Epoch time: 71.52 s
2025-11-21 04:49:37.707732: 
2025-11-21 04:49:37.707979: Epoch 496
2025-11-21 04:49:37.708128: Current learning rate: 0.0054
2025-11-21 04:50:48.351620: train_loss -0.7114
2025-11-21 04:50:48.356031: val_loss -0.7009
2025-11-21 04:50:48.358105: Pseudo dice [np.float32(0.8836), np.float32(0.7548), np.float32(0.0)]
2025-11-21 04:50:48.360848: Epoch time: 70.64 s
2025-11-21 04:50:50.159623: 
2025-11-21 04:50:50.159898: Epoch 497
2025-11-21 04:50:50.160053: Current learning rate: 0.00539
2025-11-21 04:52:02.547244: train_loss -0.704
2025-11-21 04:52:02.547746: val_loss -0.7461
2025-11-21 04:52:02.547889: Pseudo dice [np.float32(0.9025), np.float32(0.763), np.float32(0.0)]
2025-11-21 04:52:02.548018: Epoch time: 72.39 s
2025-11-21 04:52:03.674167: 
2025-11-21 04:52:03.674422: Epoch 498
2025-11-21 04:52:03.674639: Current learning rate: 0.00538
2025-11-21 04:53:14.881130: train_loss -0.7241
2025-11-21 04:53:14.900155: val_loss -0.6955
2025-11-21 04:53:14.900389: Pseudo dice [np.float32(0.9032), np.float32(0.7493), np.float32(0.0)]
2025-11-21 04:53:14.900519: Epoch time: 71.21 s
2025-11-21 04:53:16.465339: 
2025-11-21 04:53:16.465633: Epoch 499
2025-11-21 04:53:16.465769: Current learning rate: 0.00537
2025-11-21 04:54:23.950166: train_loss -0.7071
2025-11-21 04:54:23.952333: val_loss -0.7329
2025-11-21 04:54:23.953805: Pseudo dice [np.float32(0.9122), np.float32(0.7605), np.float32(0.0)]
2025-11-21 04:54:23.954386: Epoch time: 67.49 s
2025-11-21 04:54:25.451215: 
2025-11-21 04:54:25.451458: Epoch 500
2025-11-21 04:54:25.451612: Current learning rate: 0.00536
2025-11-21 04:55:37.957625: train_loss -0.7211
2025-11-21 04:55:37.964448: val_loss -0.7111
2025-11-21 04:55:37.966545: Pseudo dice [np.float32(0.896), np.float32(0.7607), np.float32(0.0)]
2025-11-21 04:55:37.968615: Epoch time: 72.51 s
2025-11-21 04:55:39.613693: 
2025-11-21 04:55:39.613930: Epoch 501
2025-11-21 04:55:39.614077: Current learning rate: 0.00535
2025-11-21 04:56:47.308681: train_loss -0.711
2025-11-21 04:56:47.309252: val_loss -0.7221
2025-11-21 04:56:47.309394: Pseudo dice [np.float32(0.8975), np.float32(0.7553), np.float32(0.0)]
2025-11-21 04:56:47.309547: Epoch time: 67.7 s
2025-11-21 04:56:48.409737: 
2025-11-21 04:56:48.409976: Epoch 502
2025-11-21 04:56:48.410125: Current learning rate: 0.00534
2025-11-21 04:57:59.862482: train_loss -0.7107
2025-11-21 04:57:59.866323: val_loss -0.7268
2025-11-21 04:57:59.868416: Pseudo dice [np.float32(0.8916), np.float32(0.7544), np.float32(0.0)]
2025-11-21 04:57:59.869453: Epoch time: 71.45 s
2025-11-21 04:58:01.128675: 
2025-11-21 04:58:01.128890: Epoch 503
2025-11-21 04:58:01.129038: Current learning rate: 0.00533
2025-11-21 04:59:11.022737: train_loss -0.712
2025-11-21 04:59:11.026727: val_loss -0.7294
2025-11-21 04:59:11.028791: Pseudo dice [np.float32(0.8955), np.float32(0.7595), np.float32(0.0)]
2025-11-21 04:59:11.030855: Epoch time: 69.9 s
2025-11-21 04:59:12.203991: 
2025-11-21 04:59:12.204211: Epoch 504
2025-11-21 04:59:12.204358: Current learning rate: 0.00532
2025-11-21 05:00:19.585644: train_loss -0.7129
2025-11-21 05:00:19.586158: val_loss -0.6919
2025-11-21 05:00:19.586309: Pseudo dice [np.float32(0.8923), np.float32(0.7425), np.float32(0.0)]
2025-11-21 05:00:19.586450: Epoch time: 67.38 s
2025-11-21 05:00:20.704468: 
2025-11-21 05:00:20.704794: Epoch 505
2025-11-21 05:00:20.704942: Current learning rate: 0.00531
2025-11-21 05:01:32.967145: train_loss -0.7076
2025-11-21 05:01:32.967747: val_loss -0.7315
2025-11-21 05:01:32.967889: Pseudo dice [np.float32(0.9034), np.float32(0.7587), np.float32(0.0)]
2025-11-21 05:01:32.968024: Epoch time: 72.26 s
2025-11-21 05:01:34.097040: 
2025-11-21 05:01:34.097257: Epoch 506
2025-11-21 05:01:34.097402: Current learning rate: 0.0053
2025-11-21 05:02:44.540760: train_loss -0.7153
2025-11-21 05:02:44.543512: val_loss -0.6943
2025-11-21 05:02:44.544343: Pseudo dice [np.float32(0.9017), np.float32(0.7587), np.float32(0.0)]
2025-11-21 05:02:44.545603: Epoch time: 70.44 s
2025-11-21 05:02:46.328416: 
2025-11-21 05:02:46.328657: Epoch 507
2025-11-21 05:02:46.328808: Current learning rate: 0.00529
2025-11-21 05:03:53.502434: train_loss -0.7056
2025-11-21 05:03:53.506464: val_loss -0.6373
2025-11-21 05:03:53.508529: Pseudo dice [np.float32(0.8476), np.float32(0.6827), np.float32(0.0)]
2025-11-21 05:03:53.508724: Epoch time: 67.17 s
2025-11-21 05:03:55.040655: 
2025-11-21 05:03:55.040866: Epoch 508
2025-11-21 05:03:55.041007: Current learning rate: 0.00528
2025-11-21 05:05:04.219129: train_loss -0.6723
2025-11-21 05:05:04.249089: val_loss -0.6975
2025-11-21 05:05:04.249324: Pseudo dice [np.float32(0.8866), np.float32(0.7299), np.float32(0.0)]
2025-11-21 05:05:04.249467: Epoch time: 69.18 s
2025-11-21 05:05:05.765309: 
2025-11-21 05:05:05.765541: Epoch 509
2025-11-21 05:05:05.765683: Current learning rate: 0.00527
2025-11-21 05:06:12.871228: train_loss -0.6895
2025-11-21 05:06:12.871691: val_loss -0.6925
2025-11-21 05:06:12.871823: Pseudo dice [np.float32(0.8862), np.float32(0.7105), np.float32(0.0)]
2025-11-21 05:06:12.871948: Epoch time: 67.11 s
2025-11-21 05:06:13.967515: 
2025-11-21 05:06:13.967767: Epoch 510
2025-11-21 05:06:13.967920: Current learning rate: 0.00526
2025-11-21 05:07:23.125426: train_loss -0.693
2025-11-21 05:07:23.126113: val_loss -0.7231
2025-11-21 05:07:23.126271: Pseudo dice [np.float32(0.9078), np.float32(0.7521), np.float32(0.0)]
2025-11-21 05:07:23.126406: Epoch time: 69.16 s
2025-11-21 05:07:24.293936: 
2025-11-21 05:07:24.294155: Epoch 511
2025-11-21 05:07:24.294303: Current learning rate: 0.00525
2025-11-21 05:08:35.990140: train_loss -0.6989
2025-11-21 05:08:35.990660: val_loss -0.7295
2025-11-21 05:08:35.990800: Pseudo dice [np.float32(0.901), np.float32(0.753), np.float32(0.0)]
2025-11-21 05:08:35.991037: Epoch time: 71.7 s
2025-11-21 05:08:37.107969: 
2025-11-21 05:08:37.108274: Epoch 512
2025-11-21 05:08:37.108425: Current learning rate: 0.00524
2025-11-21 05:09:46.764675: train_loss -0.6845
2025-11-21 05:09:46.777369: val_loss -0.7205
2025-11-21 05:09:46.777637: Pseudo dice [np.float32(0.8942), np.float32(0.747), np.float32(0.0)]
2025-11-21 05:09:46.777776: Epoch time: 69.66 s
2025-11-21 05:09:47.905021: 
2025-11-21 05:09:47.905278: Epoch 513
2025-11-21 05:09:47.905439: Current learning rate: 0.00523
2025-11-21 05:10:57.712645: train_loss -0.7099
2025-11-21 05:10:57.715739: val_loss -0.6924
2025-11-21 05:10:57.717198: Pseudo dice [np.float32(0.9025), np.float32(0.7415), np.float32(0.0)]
2025-11-21 05:10:57.717824: Epoch time: 69.81 s
2025-11-21 05:10:58.933844: 
2025-11-21 05:10:58.934105: Epoch 514
2025-11-21 05:10:58.934257: Current learning rate: 0.00522
2025-11-21 05:12:08.046992: train_loss -0.6798
2025-11-21 05:12:08.050809: val_loss -0.6709
2025-11-21 05:12:08.052860: Pseudo dice [np.float32(0.8794), np.float32(0.7195), np.float32(0.0)]
2025-11-21 05:12:08.054920: Epoch time: 69.11 s
2025-11-21 05:12:09.416728: 
2025-11-21 05:12:09.417063: Epoch 515
2025-11-21 05:12:09.417260: Current learning rate: 0.00521
2025-11-21 05:13:21.310140: train_loss -0.6837
2025-11-21 05:13:21.316760: val_loss -0.693
2025-11-21 05:13:21.318846: Pseudo dice [np.float32(0.8919), np.float32(0.7518), np.float32(0.0)]
2025-11-21 05:13:21.320897: Epoch time: 71.89 s
2025-11-21 05:13:22.574693: 
2025-11-21 05:13:22.574930: Epoch 516
2025-11-21 05:13:22.575075: Current learning rate: 0.0052
2025-11-21 05:14:30.279597: train_loss -0.6648
2025-11-21 05:14:30.280125: val_loss -0.6821
2025-11-21 05:14:30.280277: Pseudo dice [np.float32(0.8853), np.float32(0.7229), np.float32(0.0)]
2025-11-21 05:14:30.282571: Epoch time: 67.71 s
2025-11-21 05:14:31.824218: 
2025-11-21 05:14:31.824455: Epoch 517
2025-11-21 05:14:31.824602: Current learning rate: 0.00519
2025-11-21 05:15:41.941602: train_loss -0.6574
2025-11-21 05:15:41.942047: val_loss -0.6743
2025-11-21 05:15:41.942187: Pseudo dice [np.float32(0.8807), np.float32(0.6998), np.float32(0.0)]
2025-11-21 05:15:41.942315: Epoch time: 70.12 s
2025-11-21 05:15:43.056610: 
2025-11-21 05:15:43.056848: Epoch 518
2025-11-21 05:15:43.056995: Current learning rate: 0.00518
2025-11-21 05:16:53.779955: train_loss -0.6675
2025-11-21 05:16:53.783031: val_loss -0.6556
2025-11-21 05:16:53.784257: Pseudo dice [np.float32(0.8903), np.float32(0.6775), np.float32(0.0)]
2025-11-21 05:16:53.785113: Epoch time: 70.72 s
2025-11-21 05:16:55.255414: 
2025-11-21 05:16:55.255705: Epoch 519
2025-11-21 05:16:55.255847: Current learning rate: 0.00518
2025-11-21 05:18:04.757316: train_loss -0.6894
2025-11-21 05:18:04.786242: val_loss -0.6859
2025-11-21 05:18:04.786459: Pseudo dice [np.float32(0.8926), np.float32(0.7497), np.float32(0.0)]
2025-11-21 05:18:04.786596: Epoch time: 69.5 s
2025-11-21 05:18:06.254410: 
2025-11-21 05:18:06.254750: Epoch 520
2025-11-21 05:18:06.254898: Current learning rate: 0.00517
2025-11-21 05:19:13.890526: train_loss -0.691
2025-11-21 05:19:13.891115: val_loss -0.6796
2025-11-21 05:19:13.891307: Pseudo dice [np.float32(0.8922), np.float32(0.7284), np.float32(0.0)]
2025-11-21 05:19:13.891469: Epoch time: 67.64 s
2025-11-21 05:19:14.990512: 
2025-11-21 05:19:14.990717: Epoch 521
2025-11-21 05:19:14.990861: Current learning rate: 0.00516
2025-11-21 05:20:27.545936: train_loss -0.6994
2025-11-21 05:20:27.549818: val_loss -0.6931
2025-11-21 05:20:27.551923: Pseudo dice [np.float32(0.8975), np.float32(0.7487), np.float32(0.0)]
2025-11-21 05:20:27.554050: Epoch time: 72.56 s
2025-11-21 05:20:29.184366: 
2025-11-21 05:20:29.184579: Epoch 522
2025-11-21 05:20:29.184713: Current learning rate: 0.00515
2025-11-21 05:21:40.916504: train_loss -0.7058
2025-11-21 05:21:40.933373: val_loss -0.7073
2025-11-21 05:21:40.933601: Pseudo dice [np.float32(0.8987), np.float32(0.7582), np.float32(0.0)]
2025-11-21 05:21:40.933736: Epoch time: 71.73 s
2025-11-21 05:21:42.305848: 
2025-11-21 05:21:42.306103: Epoch 523
2025-11-21 05:21:42.306264: Current learning rate: 0.00514
2025-11-21 05:22:50.964888: train_loss -0.7157
2025-11-21 05:22:50.968702: val_loss -0.694
2025-11-21 05:22:50.970833: Pseudo dice [np.float32(0.8922), np.float32(0.758), np.float32(0.0)]
2025-11-21 05:22:50.972942: Epoch time: 68.66 s
2025-11-21 05:22:53.132502: 
2025-11-21 05:22:53.132774: Epoch 524
2025-11-21 05:22:53.132962: Current learning rate: 0.00513
2025-11-21 05:24:01.445073: train_loss -0.6974
2025-11-21 05:24:01.450971: val_loss -0.6777
2025-11-21 05:24:01.451254: Pseudo dice [np.float32(0.8874), np.float32(0.7372), np.float32(0.0)]
2025-11-21 05:24:01.451376: Epoch time: 68.31 s
2025-11-21 05:24:02.899233: 
2025-11-21 05:24:02.899491: Epoch 525
2025-11-21 05:24:02.899639: Current learning rate: 0.00512
2025-11-21 05:25:08.455955: train_loss -0.6985
2025-11-21 05:25:08.459691: val_loss -0.709
2025-11-21 05:25:08.461784: Pseudo dice [np.float32(0.9006), np.float32(0.7246), np.float32(0.0)]
2025-11-21 05:25:08.463871: Epoch time: 65.56 s
2025-11-21 05:25:10.157514: 
2025-11-21 05:25:10.157802: Epoch 526
2025-11-21 05:25:10.157947: Current learning rate: 0.00511
2025-11-21 05:26:21.772370: train_loss -0.7144
2025-11-21 05:26:21.796419: val_loss -0.6992
2025-11-21 05:26:21.796724: Pseudo dice [np.float32(0.8879), np.float32(0.751), np.float32(0.0)]
2025-11-21 05:26:21.797447: Epoch time: 71.62 s
2025-11-21 05:26:23.727487: 
2025-11-21 05:26:23.727704: Epoch 527
2025-11-21 05:26:23.727846: Current learning rate: 0.0051
2025-11-21 05:27:35.037006: train_loss -0.6862
2025-11-21 05:27:35.038756: val_loss -0.7069
2025-11-21 05:27:35.040859: Pseudo dice [np.float32(0.8884), np.float32(0.7304), np.float32(0.0)]
2025-11-21 05:27:35.042956: Epoch time: 71.31 s
2025-11-21 05:27:37.165952: 
2025-11-21 05:27:37.166176: Epoch 528
2025-11-21 05:27:37.166354: Current learning rate: 0.00509
2025-11-21 05:28:46.650797: train_loss -0.693
2025-11-21 05:28:46.651424: val_loss -0.7099
2025-11-21 05:28:46.651553: Pseudo dice [np.float32(0.8961), np.float32(0.745), np.float32(0.0)]
2025-11-21 05:28:46.651675: Epoch time: 69.49 s
2025-11-21 05:28:47.761005: 
2025-11-21 05:28:47.761331: Epoch 529
2025-11-21 05:28:47.761548: Current learning rate: 0.00508
2025-11-21 05:29:58.764755: train_loss -0.7112
2025-11-21 05:29:58.765250: val_loss -0.7367
2025-11-21 05:29:58.765381: Pseudo dice [np.float32(0.9026), np.float32(0.7475), np.float32(0.0)]
2025-11-21 05:29:58.765504: Epoch time: 71.0 s
2025-11-21 05:29:59.864787: 
2025-11-21 05:29:59.865033: Epoch 530
2025-11-21 05:29:59.865166: Current learning rate: 0.00507
2025-11-21 05:31:09.561764: train_loss -0.7201
2025-11-21 05:31:09.562242: val_loss -0.7329
2025-11-21 05:31:09.588923: Pseudo dice [np.float32(0.9084), np.float32(0.7653), np.float32(0.0)]
2025-11-21 05:31:09.589131: Epoch time: 69.7 s
2025-11-21 05:31:10.687178: 
2025-11-21 05:31:10.687431: Epoch 531
2025-11-21 05:31:10.687581: Current learning rate: 0.00506
2025-11-21 05:32:20.042825: train_loss -0.6954
2025-11-21 05:32:20.045483: val_loss -0.712
2025-11-21 05:32:20.047285: Pseudo dice [np.float32(0.8951), np.float32(0.7542), np.float32(0.0)]
2025-11-21 05:32:20.047539: Epoch time: 69.36 s
2025-11-21 05:32:21.563964: 
2025-11-21 05:32:21.564190: Epoch 532
2025-11-21 05:32:21.564329: Current learning rate: 0.00505
2025-11-21 05:33:31.507572: train_loss -0.7195
2025-11-21 05:33:31.512453: val_loss -0.7251
2025-11-21 05:33:31.514489: Pseudo dice [np.float32(0.9054), np.float32(0.7547), np.float32(0.0)]
2025-11-21 05:33:31.514739: Epoch time: 69.94 s
2025-11-21 05:33:33.091781: 
2025-11-21 05:33:33.091992: Epoch 533
2025-11-21 05:33:33.092128: Current learning rate: 0.00504
2025-11-21 05:34:43.889646: train_loss -0.7058
2025-11-21 05:34:43.891925: val_loss -0.6958
2025-11-21 05:34:43.893340: Pseudo dice [np.float32(0.9057), np.float32(0.7598), np.float32(0.0)]
2025-11-21 05:34:43.894022: Epoch time: 70.8 s
2025-11-21 05:34:45.181523: 
2025-11-21 05:34:45.181748: Epoch 534
2025-11-21 05:34:45.181904: Current learning rate: 0.00503
2025-11-21 05:35:55.170531: train_loss -0.7113
2025-11-21 05:35:55.175767: val_loss -0.7339
2025-11-21 05:35:55.177211: Pseudo dice [np.float32(0.899), np.float32(0.7647), np.float32(0.0)]
2025-11-21 05:35:55.177853: Epoch time: 69.99 s
2025-11-21 05:35:56.717581: 
2025-11-21 05:35:56.717843: Epoch 535
2025-11-21 05:35:56.718015: Current learning rate: 0.00502
2025-11-21 05:37:10.653816: train_loss -0.7319
2025-11-21 05:37:10.658401: val_loss -0.7333
2025-11-21 05:37:10.660555: Pseudo dice [np.float32(0.9007), np.float32(0.7701), np.float32(0.0)]
2025-11-21 05:37:10.661608: Epoch time: 73.94 s
2025-11-21 05:37:13.913338: 
2025-11-21 05:37:13.913590: Epoch 536
2025-11-21 05:37:13.913737: Current learning rate: 0.00501
2025-11-21 05:38:24.321506: train_loss -0.6964
2025-11-21 05:38:24.325331: val_loss -0.6889
2025-11-21 05:38:24.327424: Pseudo dice [np.float32(0.905), np.float32(0.7161), np.float32(0.0)]
2025-11-21 05:38:24.329522: Epoch time: 70.41 s
2025-11-21 05:38:25.869178: 
2025-11-21 05:38:25.869435: Epoch 537
2025-11-21 05:38:25.869592: Current learning rate: 0.005
2025-11-21 05:39:34.377501: train_loss -0.6908
2025-11-21 05:39:34.379612: val_loss -0.7065
2025-11-21 05:39:34.380525: Pseudo dice [np.float32(0.9072), np.float32(0.7414), np.float32(0.0)]
2025-11-21 05:39:34.381682: Epoch time: 68.51 s
2025-11-21 05:39:35.859954: 
2025-11-21 05:39:35.860214: Epoch 538
2025-11-21 05:39:35.860393: Current learning rate: 0.00499
2025-11-21 05:40:46.133617: train_loss -0.7028
2025-11-21 05:40:46.134200: val_loss -0.7141
2025-11-21 05:40:46.134329: Pseudo dice [np.float32(0.8999), np.float32(0.7427), np.float32(0.0)]
2025-11-21 05:40:46.134453: Epoch time: 70.27 s
2025-11-21 05:40:47.242285: 
2025-11-21 05:40:47.242516: Epoch 539
2025-11-21 05:40:47.242653: Current learning rate: 0.00498
2025-11-21 05:41:59.661202: train_loss -0.7028
2025-11-21 05:41:59.663438: val_loss -0.7094
2025-11-21 05:41:59.665262: Pseudo dice [np.float32(0.8923), np.float32(0.7344), np.float32(0.0)]
2025-11-21 05:41:59.665521: Epoch time: 72.42 s
2025-11-21 05:42:00.960285: 
2025-11-21 05:42:00.960532: Epoch 540
2025-11-21 05:42:00.960672: Current learning rate: 0.00497
2025-11-21 05:43:11.903821: train_loss -0.6946
2025-11-21 05:43:11.905738: val_loss -0.6935
2025-11-21 05:43:11.906245: Pseudo dice [np.float32(0.9096), np.float32(0.7503), np.float32(0.0)]
2025-11-21 05:43:11.907692: Epoch time: 70.94 s
2025-11-21 05:43:13.980374: 
2025-11-21 05:43:13.980654: Epoch 541
2025-11-21 05:43:13.980793: Current learning rate: 0.00496
2025-11-21 05:44:21.477863: train_loss -0.7109
2025-11-21 05:44:21.478372: val_loss -0.6878
2025-11-21 05:44:21.478730: Pseudo dice [np.float32(0.9132), np.float32(0.7603), np.float32(0.0)]
2025-11-21 05:44:21.478868: Epoch time: 67.5 s
2025-11-21 05:44:22.592146: 
2025-11-21 05:44:22.592392: Epoch 542
2025-11-21 05:44:22.592540: Current learning rate: 0.00495
2025-11-21 05:45:33.602714: train_loss -0.7034
2025-11-21 05:45:33.606429: val_loss -0.7062
2025-11-21 05:45:33.608491: Pseudo dice [np.float32(0.9043), np.float32(0.749), np.float32(0.0)]
2025-11-21 05:45:33.610584: Epoch time: 71.01 s
2025-11-21 05:45:35.267874: 
2025-11-21 05:45:35.268138: Epoch 543
2025-11-21 05:45:35.268278: Current learning rate: 0.00494
2025-11-21 05:46:41.206041: train_loss -0.7217
2025-11-21 05:46:41.206602: val_loss -0.714
2025-11-21 05:46:41.206752: Pseudo dice [np.float32(0.9003), np.float32(0.756), np.float32(0.0)]
2025-11-21 05:46:41.206891: Epoch time: 65.94 s
2025-11-21 05:46:42.298160: 
2025-11-21 05:46:42.298440: Epoch 544
2025-11-21 05:46:42.298578: Current learning rate: 0.00493
2025-11-21 05:47:55.181806: train_loss -0.7188
2025-11-21 05:47:55.187116: val_loss -0.6929
2025-11-21 05:47:55.187340: Pseudo dice [np.float32(0.8856), np.float32(0.7455), np.float32(0.0)]
2025-11-21 05:47:55.187632: Epoch time: 72.88 s
2025-11-21 05:47:57.195564: 
2025-11-21 05:47:57.195767: Epoch 545
2025-11-21 05:47:57.195900: Current learning rate: 0.00492
2025-11-21 05:49:05.169289: train_loss -0.7177
2025-11-21 05:49:05.173052: val_loss -0.7121
2025-11-21 05:49:05.175174: Pseudo dice [np.float32(0.9064), np.float32(0.7606), np.float32(0.0)]
2025-11-21 05:49:05.177270: Epoch time: 67.97 s
2025-11-21 05:49:06.502318: 
2025-11-21 05:49:06.502565: Epoch 546
2025-11-21 05:49:06.502719: Current learning rate: 0.00491
2025-11-21 05:50:16.816008: train_loss -0.7202
2025-11-21 05:50:16.819684: val_loss -0.7171
2025-11-21 05:50:16.821752: Pseudo dice [np.float32(0.8992), np.float32(0.7481), np.float32(0.0)]
2025-11-21 05:50:16.823812: Epoch time: 70.31 s
2025-11-21 05:50:18.243089: 
2025-11-21 05:50:18.243332: Epoch 547
2025-11-21 05:50:18.243479: Current learning rate: 0.0049
2025-11-21 05:51:28.133489: train_loss -0.709
2025-11-21 05:51:28.145267: val_loss -0.7134
2025-11-21 05:51:28.151285: Pseudo dice [np.float32(0.8907), np.float32(0.741), np.float32(0.0)]
2025-11-21 05:51:28.151553: Epoch time: 69.89 s
2025-11-21 05:51:29.431258: 
2025-11-21 05:51:29.431502: Epoch 548
2025-11-21 05:51:29.431649: Current learning rate: 0.00489
2025-11-21 05:52:42.454277: train_loss -0.6783
2025-11-21 05:52:42.461236: val_loss -0.6901
2025-11-21 05:52:42.462967: Pseudo dice [np.float32(0.892), np.float32(0.7412), np.float32(0.0)]
2025-11-21 05:52:42.465020: Epoch time: 73.02 s
2025-11-21 05:52:44.534748: 
2025-11-21 05:52:44.535007: Epoch 549
2025-11-21 05:52:44.535176: Current learning rate: 0.00488
2025-11-21 05:53:53.708262: train_loss -0.7137
2025-11-21 05:53:53.710556: val_loss -0.699
2025-11-21 05:53:53.712099: Pseudo dice [np.float32(0.908), np.float32(0.7566), np.float32(0.0)]
2025-11-21 05:53:53.712670: Epoch time: 69.17 s
2025-11-21 05:53:55.624903: 
2025-11-21 05:53:55.625170: Epoch 550
2025-11-21 05:53:55.625318: Current learning rate: 0.00487
2025-11-21 05:55:04.274366: train_loss -0.6953
2025-11-21 05:55:04.276879: val_loss -0.7014
2025-11-21 05:55:04.277909: Pseudo dice [np.float32(0.8931), np.float32(0.746), np.float32(0.0)]
2025-11-21 05:55:04.278940: Epoch time: 68.65 s
2025-11-21 05:55:05.679229: 
2025-11-21 05:55:05.679422: Epoch 551
2025-11-21 05:55:05.679556: Current learning rate: 0.00486
2025-11-21 05:56:15.125134: train_loss -0.7001
2025-11-21 05:56:15.130622: val_loss -0.6763
2025-11-21 05:56:15.132657: Pseudo dice [np.float32(0.8968), np.float32(0.7444), np.float32(0.0)]
2025-11-21 05:56:15.132917: Epoch time: 69.45 s
2025-11-21 05:56:16.319486: 
2025-11-21 05:56:16.319711: Epoch 552
2025-11-21 05:56:16.319858: Current learning rate: 0.00485
2025-11-21 05:57:23.900431: train_loss -0.7002
2025-11-21 05:57:23.905501: val_loss -0.7271
2025-11-21 05:57:23.907563: Pseudo dice [np.float32(0.8924), np.float32(0.7519), np.float32(0.0)]
2025-11-21 05:57:23.926316: Epoch time: 67.58 s
2025-11-21 05:57:25.732001: 
2025-11-21 05:57:25.732343: Epoch 553
2025-11-21 05:57:25.732498: Current learning rate: 0.00484
2025-11-21 05:58:35.980513: train_loss -0.7131
2025-11-21 05:58:35.982754: val_loss -0.6826
2025-11-21 05:58:35.984314: Pseudo dice [np.float32(0.8868), np.float32(0.7318), np.float32(0.0)]
2025-11-21 05:58:35.984838: Epoch time: 70.25 s
2025-11-21 05:58:37.466791: 
2025-11-21 05:58:37.467022: Epoch 554
2025-11-21 05:58:37.467168: Current learning rate: 0.00484
2025-11-21 05:59:45.002613: train_loss -0.7117
2025-11-21 05:59:45.013315: val_loss -0.7108
2025-11-21 05:59:45.018258: Pseudo dice [np.float32(0.8901), np.float32(0.7216), np.float32(0.0)]
2025-11-21 05:59:45.022270: Epoch time: 67.54 s
2025-11-21 05:59:47.057196: 
2025-11-21 05:59:47.057406: Epoch 555
2025-11-21 05:59:47.057551: Current learning rate: 0.00483
2025-11-21 06:00:52.340397: train_loss -0.7161
2025-11-21 06:00:52.344113: val_loss -0.7182
2025-11-21 06:00:52.346251: Pseudo dice [np.float32(0.8916), np.float32(0.7495), np.float32(0.0)]
2025-11-21 06:00:52.348263: Epoch time: 65.28 s
2025-11-21 06:00:53.605761: 
2025-11-21 06:00:53.606005: Epoch 556
2025-11-21 06:00:53.606138: Current learning rate: 0.00482
2025-11-21 06:02:04.057470: train_loss -0.7144
2025-11-21 06:02:04.058031: val_loss -0.7034
2025-11-21 06:02:04.058182: Pseudo dice [np.float32(0.8843), np.float32(0.7484), np.float32(0.0)]
2025-11-21 06:02:04.058320: Epoch time: 70.45 s
2025-11-21 06:02:05.850532: 
2025-11-21 06:02:05.850837: Epoch 557
2025-11-21 06:02:05.850985: Current learning rate: 0.00481
2025-11-21 06:03:17.071963: train_loss -0.709
2025-11-21 06:03:17.076699: val_loss -0.7176
2025-11-21 06:03:17.077430: Pseudo dice [np.float32(0.901), np.float32(0.7565), np.float32(0.0)]
2025-11-21 06:03:17.078766: Epoch time: 71.22 s
2025-11-21 06:03:18.893075: 
2025-11-21 06:03:18.893379: Epoch 558
2025-11-21 06:03:18.893532: Current learning rate: 0.0048
2025-11-21 06:04:27.124423: train_loss -0.7196
2025-11-21 06:04:27.128139: val_loss -0.7167
2025-11-21 06:04:27.128934: Pseudo dice [np.float32(0.8883), np.float32(0.7548), np.float32(0.0)]
2025-11-21 06:04:27.130260: Epoch time: 68.23 s
2025-11-21 06:04:28.878562: 
2025-11-21 06:04:28.878831: Epoch 559
2025-11-21 06:04:28.879038: Current learning rate: 0.00479
2025-11-21 06:05:38.725495: train_loss -0.7103
2025-11-21 06:05:38.726032: val_loss -0.7354
2025-11-21 06:05:38.726169: Pseudo dice [np.float32(0.9057), np.float32(0.7521), np.float32(0.0)]
2025-11-21 06:05:38.726311: Epoch time: 69.85 s
2025-11-21 06:05:39.843521: 
2025-11-21 06:05:39.843807: Epoch 560
2025-11-21 06:05:39.843943: Current learning rate: 0.00478
2025-11-21 06:06:49.688982: train_loss -0.7111
2025-11-21 06:06:49.692881: val_loss -0.6675
2025-11-21 06:06:49.693091: Pseudo dice [np.float32(0.9013), np.float32(0.7563), np.float32(0.0)]
2025-11-21 06:06:49.693228: Epoch time: 69.85 s
2025-11-21 06:06:51.103734: 
2025-11-21 06:06:51.103951: Epoch 561
2025-11-21 06:06:51.104087: Current learning rate: 0.00477
2025-11-21 06:08:04.871341: train_loss -0.724
2025-11-21 06:08:04.876945: val_loss -0.7259
2025-11-21 06:08:04.879019: Pseudo dice [np.float32(0.9158), np.float32(0.7597), np.float32(0.0)]
2025-11-21 06:08:04.881223: Epoch time: 73.77 s
2025-11-21 06:08:06.272092: 
2025-11-21 06:08:06.272380: Epoch 562
2025-11-21 06:08:06.272526: Current learning rate: 0.00476
2025-11-21 06:09:18.479552: train_loss -0.7224
2025-11-21 06:09:18.480961: val_loss -0.7156
2025-11-21 06:09:18.481421: Pseudo dice [np.float32(0.9076), np.float32(0.764), np.float32(0.0)]
2025-11-21 06:09:18.482432: Epoch time: 72.21 s
2025-11-21 06:09:21.130125: 
2025-11-21 06:09:21.130363: Epoch 563
2025-11-21 06:09:21.130512: Current learning rate: 0.00475
2025-11-21 06:10:32.181961: train_loss -0.7144
2025-11-21 06:10:32.185683: val_loss -0.6826
2025-11-21 06:10:32.187750: Pseudo dice [np.float32(0.9003), np.float32(0.7085), np.float32(0.0)]
2025-11-21 06:10:32.219640: Epoch time: 71.05 s
2025-11-21 06:10:33.755364: 
2025-11-21 06:10:33.755654: Epoch 564
2025-11-21 06:10:33.755806: Current learning rate: 0.00474
2025-11-21 06:11:47.281990: train_loss -0.691
2025-11-21 06:11:47.285957: val_loss -0.7278
2025-11-21 06:11:47.288019: Pseudo dice [np.float32(0.9027), np.float32(0.7615), np.float32(0.0)]
2025-11-21 06:11:47.290080: Epoch time: 73.53 s
2025-11-21 06:11:48.644233: 
2025-11-21 06:11:48.644597: Epoch 565
2025-11-21 06:11:48.644773: Current learning rate: 0.00473
2025-11-21 06:12:55.849538: train_loss -0.7118
2025-11-21 06:12:55.860459: val_loss -0.6795
2025-11-21 06:12:55.860620: Pseudo dice [np.float32(0.8806), np.float32(0.7182), np.float32(0.0)]
2025-11-21 06:12:55.860754: Epoch time: 67.2 s
2025-11-21 06:12:57.244856: 
2025-11-21 06:12:57.245250: Epoch 566
2025-11-21 06:12:57.245537: Current learning rate: 0.00472
2025-11-21 06:14:03.751809: train_loss -0.7001
2025-11-21 06:14:03.754074: val_loss -0.6864
2025-11-21 06:14:03.755665: Pseudo dice [np.float32(0.8905), np.float32(0.7513), np.float32(0.0)]
2025-11-21 06:14:03.756180: Epoch time: 66.51 s
2025-11-21 06:14:04.960018: 
2025-11-21 06:14:04.960367: Epoch 567
2025-11-21 06:14:04.960522: Current learning rate: 0.00471
2025-11-21 06:15:13.658645: train_loss -0.7206
2025-11-21 06:15:13.661536: val_loss -0.7135
2025-11-21 06:15:13.663637: Pseudo dice [np.float32(0.8955), np.float32(0.7404), np.float32(0.0)]
2025-11-21 06:15:13.665737: Epoch time: 68.7 s
2025-11-21 06:15:14.832776: 
2025-11-21 06:15:14.832974: Epoch 568
2025-11-21 06:15:14.833113: Current learning rate: 0.0047
2025-11-21 06:16:25.545382: train_loss -0.7158
2025-11-21 06:16:25.547630: val_loss -0.7043
2025-11-21 06:16:25.549063: Pseudo dice [np.float32(0.9008), np.float32(0.7509), np.float32(0.0)]
2025-11-21 06:16:25.549736: Epoch time: 70.71 s
2025-11-21 06:16:26.832035: 
2025-11-21 06:16:26.832274: Epoch 569
2025-11-21 06:16:26.832425: Current learning rate: 0.00469
2025-11-21 06:17:35.295035: train_loss -0.7024
2025-11-21 06:17:35.295582: val_loss -0.7087
2025-11-21 06:17:35.295724: Pseudo dice [np.float32(0.904), np.float32(0.7487), np.float32(0.0)]
2025-11-21 06:17:35.295856: Epoch time: 68.46 s
2025-11-21 06:17:36.404909: 
2025-11-21 06:17:36.405209: Epoch 570
2025-11-21 06:17:36.405354: Current learning rate: 0.00468
2025-11-21 06:18:45.039535: train_loss -0.6828
2025-11-21 06:18:45.043919: val_loss -0.6995
2025-11-21 06:18:45.044600: Pseudo dice [np.float32(0.8814), np.float32(0.7344), np.float32(0.0)]
2025-11-21 06:18:45.045988: Epoch time: 68.64 s
2025-11-21 06:18:46.303499: 
2025-11-21 06:18:46.303745: Epoch 571
2025-11-21 06:18:46.303899: Current learning rate: 0.00467
2025-11-21 06:19:52.346821: train_loss -0.6741
2025-11-21 06:19:52.347413: val_loss -0.6558
2025-11-21 06:19:52.347607: Pseudo dice [np.float32(0.8849), np.float32(0.6907), np.float32(0.0)]
2025-11-21 06:19:52.347745: Epoch time: 66.04 s
2025-11-21 06:19:53.488307: 
2025-11-21 06:19:53.488561: Epoch 572
2025-11-21 06:19:53.488804: Current learning rate: 0.00466
2025-11-21 06:21:07.973088: train_loss -0.6802
2025-11-21 06:21:07.977705: val_loss -0.6892
2025-11-21 06:21:07.978343: Pseudo dice [np.float32(0.895), np.float32(0.7173), np.float32(0.0)]
2025-11-21 06:21:07.979749: Epoch time: 74.49 s
2025-11-21 06:21:09.749933: 
2025-11-21 06:21:09.750164: Epoch 573
2025-11-21 06:21:09.750314: Current learning rate: 0.00465
2025-11-21 06:22:18.228476: train_loss -0.7082
2025-11-21 06:22:18.229074: val_loss -0.7075
2025-11-21 06:22:18.229230: Pseudo dice [np.float32(0.9024), np.float32(0.7461), np.float32(0.0)]
2025-11-21 06:22:18.229364: Epoch time: 68.48 s
2025-11-21 06:22:19.347997: 
2025-11-21 06:22:19.348229: Epoch 574
2025-11-21 06:22:19.348378: Current learning rate: 0.00464
2025-11-21 06:23:32.739555: train_loss -0.6997
2025-11-21 06:23:32.748274: val_loss -0.6885
2025-11-21 06:23:32.748575: Pseudo dice [np.float32(0.898), np.float32(0.755), np.float32(0.0)]
2025-11-21 06:23:32.773776: Epoch time: 73.39 s
2025-11-21 06:23:33.858176: 
2025-11-21 06:23:33.858478: Epoch 575
2025-11-21 06:23:33.858669: Current learning rate: 0.00463
2025-11-21 06:24:40.104187: train_loss -0.7002
2025-11-21 06:24:40.108011: val_loss -0.6945
2025-11-21 06:24:40.110076: Pseudo dice [np.float32(0.9041), np.float32(0.7555), np.float32(0.0)]
2025-11-21 06:24:40.110245: Epoch time: 66.25 s
2025-11-21 06:24:41.726855: 
2025-11-21 06:24:41.727108: Epoch 576
2025-11-21 06:24:41.727334: Current learning rate: 0.00462
2025-11-21 06:25:53.021854: train_loss -0.7224
2025-11-21 06:25:53.025680: val_loss -0.6987
2025-11-21 06:25:53.027775: Pseudo dice [np.float32(0.9067), np.float32(0.7446), np.float32(0.0)]
2025-11-21 06:25:53.029867: Epoch time: 71.3 s
2025-11-21 06:25:54.549187: 
2025-11-21 06:25:54.549442: Epoch 577
2025-11-21 06:25:54.549641: Current learning rate: 0.00461
2025-11-21 06:27:00.503223: train_loss -0.7207
2025-11-21 06:27:00.507093: val_loss -0.7413
2025-11-21 06:27:00.509204: Pseudo dice [np.float32(0.905), np.float32(0.7675), np.float32(0.0)]
2025-11-21 06:27:00.509416: Epoch time: 65.95 s
2025-11-21 06:27:02.242028: 
2025-11-21 06:27:02.242278: Epoch 578
2025-11-21 06:27:02.242486: Current learning rate: 0.0046
2025-11-21 06:28:10.271716: train_loss -0.698
2025-11-21 06:28:10.275467: val_loss -0.7066
2025-11-21 06:28:10.277539: Pseudo dice [np.float32(0.8992), np.float32(0.7499), np.float32(0.0)]
2025-11-21 06:28:10.277762: Epoch time: 68.03 s
2025-11-21 06:28:11.516849: 
2025-11-21 06:28:11.517126: Epoch 579
2025-11-21 06:28:11.517290: Current learning rate: 0.00459
2025-11-21 06:29:23.479053: train_loss -0.6987
2025-11-21 06:29:23.483800: val_loss -0.6769
2025-11-21 06:29:23.485907: Pseudo dice [np.float32(0.8876), np.float32(0.7033), np.float32(0.0)]
2025-11-21 06:29:23.486094: Epoch time: 71.96 s
2025-11-21 06:29:25.434982: 
2025-11-21 06:29:25.435227: Epoch 580
2025-11-21 06:29:25.435373: Current learning rate: 0.00458
2025-11-21 06:30:35.594835: train_loss -0.689
2025-11-21 06:30:35.597095: val_loss -0.7043
2025-11-21 06:30:35.598802: Pseudo dice [np.float32(0.8872), np.float32(0.7292), np.float32(0.0)]
2025-11-21 06:30:35.599196: Epoch time: 70.16 s
2025-11-21 06:30:37.496419: 
2025-11-21 06:30:37.496644: Epoch 581
2025-11-21 06:30:37.496778: Current learning rate: 0.00457
2025-11-21 06:31:46.313292: train_loss -0.6979
2025-11-21 06:31:46.317076: val_loss -0.6853
2025-11-21 06:31:46.317355: Pseudo dice [np.float32(0.8882), np.float32(0.7278), np.float32(0.0)]
2025-11-21 06:31:46.317501: Epoch time: 68.82 s
2025-11-21 06:31:47.758721: 
2025-11-21 06:31:47.758962: Epoch 582
2025-11-21 06:31:47.759113: Current learning rate: 0.00456
2025-11-21 06:32:57.803389: train_loss -0.6669
2025-11-21 06:32:57.812390: val_loss -0.6869
2025-11-21 06:32:57.814462: Pseudo dice [np.float32(0.8534), np.float32(0.7239), np.float32(0.0)]
2025-11-21 06:32:57.816514: Epoch time: 70.05 s
2025-11-21 06:33:00.161548: 
2025-11-21 06:33:00.161845: Epoch 583
2025-11-21 06:33:00.161990: Current learning rate: 0.00455
2025-11-21 06:34:09.828536: train_loss -0.6962
2025-11-21 06:34:09.831053: val_loss -0.663
2025-11-21 06:34:09.832030: Pseudo dice [np.float32(0.8744), np.float32(0.6714), np.float32(0.0)]
2025-11-21 06:34:09.833122: Epoch time: 69.67 s
2025-11-21 06:34:11.102871: 
2025-11-21 06:34:11.103107: Epoch 584
2025-11-21 06:34:11.103261: Current learning rate: 0.00454
2025-11-21 06:35:22.121526: train_loss -0.676
2025-11-21 06:35:22.123325: val_loss -0.7237
2025-11-21 06:35:22.125190: Pseudo dice [np.float32(0.8919), np.float32(0.7424), np.float32(0.0)]
2025-11-21 06:35:22.127308: Epoch time: 71.02 s
2025-11-21 06:35:23.426858: 
2025-11-21 06:35:23.427145: Epoch 585
2025-11-21 06:35:23.427285: Current learning rate: 0.00453
2025-11-21 06:36:35.587590: train_loss -0.711
2025-11-21 06:36:35.591042: val_loss -0.6935
2025-11-21 06:36:35.592541: Pseudo dice [np.float32(0.9045), np.float32(0.7278), np.float32(0.0)]
2025-11-21 06:36:35.594617: Epoch time: 72.16 s
2025-11-21 06:36:37.801208: 
2025-11-21 06:36:37.801430: Epoch 586
2025-11-21 06:36:37.801574: Current learning rate: 0.00452
2025-11-21 06:37:47.101308: train_loss -0.7107
2025-11-21 06:37:47.103588: val_loss -0.7139
2025-11-21 06:37:47.105149: Pseudo dice [np.float32(0.9065), np.float32(0.7437), np.float32(0.0)]
2025-11-21 06:37:47.105691: Epoch time: 69.3 s
2025-11-21 06:37:48.229843: 
2025-11-21 06:37:48.230074: Epoch 587
2025-11-21 06:37:48.230220: Current learning rate: 0.00451
2025-11-21 06:38:53.596534: train_loss -0.6965
2025-11-21 06:38:53.597006: val_loss -0.6822
2025-11-21 06:38:53.597144: Pseudo dice [np.float32(0.8879), np.float32(0.7512), np.float32(0.0)]
2025-11-21 06:38:53.597276: Epoch time: 65.37 s
2025-11-21 06:38:54.713855: 
2025-11-21 06:38:54.714161: Epoch 588
2025-11-21 06:38:54.714311: Current learning rate: 0.0045
2025-11-21 06:40:03.783402: train_loss -0.7036
2025-11-21 06:40:03.783891: val_loss -0.7045
2025-11-21 06:40:03.784039: Pseudo dice [np.float32(0.904), np.float32(0.7579), np.float32(0.0)]
2025-11-21 06:40:03.784182: Epoch time: 69.07 s
2025-11-21 06:40:05.319193: 
2025-11-21 06:40:05.319527: Epoch 589
2025-11-21 06:40:05.319686: Current learning rate: 0.00449
2025-11-21 06:41:22.697079: train_loss -0.7042
2025-11-21 06:41:22.700933: val_loss -0.7044
2025-11-21 06:41:22.703034: Pseudo dice [np.float32(0.8968), np.float32(0.7574), np.float32(0.0)]
2025-11-21 06:41:22.703209: Epoch time: 77.38 s
2025-11-21 06:41:24.401337: 
2025-11-21 06:41:24.401572: Epoch 590
2025-11-21 06:41:24.401723: Current learning rate: 0.00448
2025-11-21 06:42:29.571457: train_loss -0.7171
2025-11-21 06:42:29.579266: val_loss -0.6897
2025-11-21 06:42:29.579502: Pseudo dice [np.float32(0.8972), np.float32(0.7567), np.float32(0.0)]
2025-11-21 06:42:29.579644: Epoch time: 65.17 s
2025-11-21 06:42:31.061703: 
2025-11-21 06:42:31.061922: Epoch 591
2025-11-21 06:42:31.062062: Current learning rate: 0.00447
2025-11-21 06:43:37.237950: train_loss -0.7095
2025-11-21 06:43:37.240253: val_loss -0.7067
2025-11-21 06:43:37.241735: Pseudo dice [np.float32(0.9057), np.float32(0.7572), np.float32(0.0)]
2025-11-21 06:43:37.242325: Epoch time: 66.18 s
2025-11-21 06:43:38.766397: 
2025-11-21 06:43:38.766610: Epoch 592
2025-11-21 06:43:38.766795: Current learning rate: 0.00446
2025-11-21 06:44:44.876818: train_loss -0.7186
2025-11-21 06:44:44.882284: val_loss -0.7039
2025-11-21 06:44:44.883722: Pseudo dice [np.float32(0.9093), np.float32(0.7567), np.float32(0.0)]
2025-11-21 06:44:44.884379: Epoch time: 66.11 s
2025-11-21 06:44:46.996945: 
2025-11-21 06:44:46.997253: Epoch 593
2025-11-21 06:44:46.997394: Current learning rate: 0.00445
2025-11-21 06:46:01.912826: train_loss -0.7156
2025-11-21 06:46:01.915117: val_loss -0.6875
2025-11-21 06:46:01.916528: Pseudo dice [np.float32(0.9017), np.float32(0.7584), np.float32(0.0)]
2025-11-21 06:46:01.917214: Epoch time: 74.92 s
2025-11-21 06:46:03.619598: 
2025-11-21 06:46:03.619796: Epoch 594
2025-11-21 06:46:03.619948: Current learning rate: 0.00444
2025-11-21 06:47:16.273321: train_loss -0.7264
2025-11-21 06:47:16.273890: val_loss -0.6992
2025-11-21 06:47:16.274024: Pseudo dice [np.float32(0.8987), np.float32(0.7614), np.float32(0.0)]
2025-11-21 06:47:16.274154: Epoch time: 72.65 s
2025-11-21 06:47:17.314416: 
2025-11-21 06:47:17.314654: Epoch 595
2025-11-21 06:47:17.314803: Current learning rate: 0.00443
2025-11-21 06:48:30.877177: train_loss -0.7168
2025-11-21 06:48:30.877762: val_loss -0.6726
2025-11-21 06:48:30.877912: Pseudo dice [np.float32(0.9063), np.float32(0.7443), np.float32(0.0)]
2025-11-21 06:48:30.878044: Epoch time: 73.56 s
2025-11-21 06:48:32.021611: 
2025-11-21 06:48:32.021791: Epoch 596
2025-11-21 06:48:32.021917: Current learning rate: 0.00442
2025-11-21 06:49:40.637482: train_loss -0.7271
2025-11-21 06:49:40.641272: val_loss -0.7154
2025-11-21 06:49:40.643351: Pseudo dice [np.float32(0.901), np.float32(0.7566), np.float32(0.0)]
2025-11-21 06:49:40.657866: Epoch time: 68.62 s
2025-11-21 06:49:42.339982: 
2025-11-21 06:49:42.340213: Epoch 597
2025-11-21 06:49:42.340492: Current learning rate: 0.00441
2025-11-21 06:50:50.507158: train_loss -0.6962
2025-11-21 06:50:50.509953: val_loss -0.6951
2025-11-21 06:50:50.510598: Pseudo dice [np.float32(0.8973), np.float32(0.7319), np.float32(0.0)]
2025-11-21 06:50:50.512051: Epoch time: 68.17 s
2025-11-21 06:50:51.703770: 
2025-11-21 06:50:51.704093: Epoch 598
2025-11-21 06:50:51.704289: Current learning rate: 0.0044
2025-11-21 06:51:58.479869: train_loss -0.7053
2025-11-21 06:51:58.482657: val_loss -0.697
2025-11-21 06:51:58.483448: Pseudo dice [np.float32(0.8976), np.float32(0.7614), np.float32(0.0)]
2025-11-21 06:51:58.484731: Epoch time: 66.78 s
2025-11-21 06:51:59.715085: 
2025-11-21 06:51:59.715378: Epoch 599
2025-11-21 06:51:59.715518: Current learning rate: 0.00439
2025-11-21 06:53:11.424451: train_loss -0.7091
2025-11-21 06:53:11.428269: val_loss -0.7628
2025-11-21 06:53:11.430341: Pseudo dice [np.float32(0.9043), np.float32(0.7552), np.float32(0.0)]
2025-11-21 06:53:11.432438: Epoch time: 71.71 s
2025-11-21 06:53:13.682317: 
2025-11-21 06:53:13.682529: Epoch 600
2025-11-21 06:53:13.682671: Current learning rate: 0.00438
2025-11-21 06:54:23.512049: train_loss -0.7054
2025-11-21 06:54:23.514288: val_loss -0.7108
2025-11-21 06:54:23.516139: Pseudo dice [np.float32(0.8875), np.float32(0.7445), np.float32(0.0)]
2025-11-21 06:54:23.518279: Epoch time: 69.83 s
2025-11-21 06:54:24.662576: 
2025-11-21 06:54:24.662781: Epoch 601
2025-11-21 06:54:24.662915: Current learning rate: 0.00437
2025-11-21 06:55:31.009706: train_loss -0.7013
2025-11-21 06:55:31.012203: val_loss -0.7123
2025-11-21 06:55:31.013143: Pseudo dice [np.float32(0.9053), np.float32(0.7511), np.float32(0.0)]
2025-11-21 06:55:31.014266: Epoch time: 66.35 s
2025-11-21 06:55:32.937194: 
2025-11-21 06:55:32.937459: Epoch 602
2025-11-21 06:55:32.937606: Current learning rate: 0.00436
2025-11-21 06:56:42.901612: train_loss -0.7191
2025-11-21 06:56:42.914495: val_loss -0.7255
2025-11-21 06:56:42.914694: Pseudo dice [np.float32(0.9001), np.float32(0.7596), np.float32(0.0)]
2025-11-21 06:56:42.914821: Epoch time: 69.97 s
2025-11-21 06:56:44.154825: 
2025-11-21 06:56:44.155053: Epoch 603
2025-11-21 06:56:44.155204: Current learning rate: 0.00435
2025-11-21 06:57:50.602213: train_loss -0.7303
2025-11-21 06:57:50.605533: val_loss -0.7011
2025-11-21 06:57:50.606566: Pseudo dice [np.float32(0.8999), np.float32(0.7502), np.float32(0.0)]
2025-11-21 06:57:50.607617: Epoch time: 66.45 s
2025-11-21 06:57:52.311527: 
2025-11-21 06:57:52.311775: Epoch 604
2025-11-21 06:57:52.311921: Current learning rate: 0.00434
2025-11-21 06:59:01.921923: train_loss -0.705
2025-11-21 06:59:01.927185: val_loss -0.719
2025-11-21 06:59:01.929269: Pseudo dice [np.float32(0.9031), np.float32(0.749), np.float32(0.0)]
2025-11-21 06:59:01.931349: Epoch time: 69.61 s
2025-11-21 06:59:03.188460: 
2025-11-21 06:59:03.188747: Epoch 605
2025-11-21 06:59:03.188888: Current learning rate: 0.00433
2025-11-21 07:00:11.915281: train_loss -0.7075
2025-11-21 07:00:11.916900: val_loss -0.7051
2025-11-21 07:00:11.917325: Pseudo dice [np.float32(0.904), np.float32(0.7127), np.float32(0.0)]
2025-11-21 07:00:11.917477: Epoch time: 68.73 s
2025-11-21 07:00:13.170380: 
2025-11-21 07:00:13.170603: Epoch 606
2025-11-21 07:00:13.170747: Current learning rate: 0.00432
2025-11-21 07:01:26.809050: train_loss -0.6961
2025-11-21 07:01:26.811029: val_loss -0.7108
2025-11-21 07:01:26.811212: Pseudo dice [np.float32(0.8975), np.float32(0.7525), np.float32(0.0)]
2025-11-21 07:01:26.811431: Epoch time: 73.64 s
2025-11-21 07:01:28.091759: 
2025-11-21 07:01:28.092000: Epoch 607
2025-11-21 07:01:28.092154: Current learning rate: 0.00431
2025-11-21 07:02:39.642160: train_loss -0.6994
2025-11-21 07:02:39.642748: val_loss -0.6885
2025-11-21 07:02:39.642881: Pseudo dice [np.float32(0.8869), np.float32(0.6912), np.float32(0.0)]
2025-11-21 07:02:39.643008: Epoch time: 71.55 s
2025-11-21 07:02:40.912015: 
2025-11-21 07:02:40.912242: Epoch 608
2025-11-21 07:02:40.912391: Current learning rate: 0.0043
2025-11-21 07:03:51.489801: train_loss -0.6978
2025-11-21 07:03:51.490373: val_loss -0.7174
2025-11-21 07:03:51.490517: Pseudo dice [np.float32(0.9004), np.float32(0.7571), np.float32(0.0)]
2025-11-21 07:03:51.490651: Epoch time: 70.58 s
2025-11-21 07:03:52.613410: 
2025-11-21 07:03:52.613616: Epoch 609
2025-11-21 07:03:52.613749: Current learning rate: 0.00429
2025-11-21 07:05:02.432959: train_loss -0.7006
2025-11-21 07:05:02.436439: val_loss -0.7244
2025-11-21 07:05:02.438522: Pseudo dice [np.float32(0.9114), np.float32(0.7619), np.float32(0.0)]
2025-11-21 07:05:02.440623: Epoch time: 69.82 s
2025-11-21 07:05:04.014466: 
2025-11-21 07:05:04.014737: Epoch 610
2025-11-21 07:05:04.014912: Current learning rate: 0.00429
2025-11-21 07:06:16.286637: train_loss -0.7173
2025-11-21 07:06:16.289204: val_loss -0.7047
2025-11-21 07:06:16.291039: Pseudo dice [np.float32(0.8916), np.float32(0.7501), np.float32(0.0)]
2025-11-21 07:06:16.293153: Epoch time: 72.27 s
2025-11-21 07:06:17.826480: 
2025-11-21 07:06:17.826738: Epoch 611
2025-11-21 07:06:17.826943: Current learning rate: 0.00428
2025-11-21 07:07:28.244842: train_loss -0.7031
2025-11-21 07:07:28.247511: val_loss -0.7159
2025-11-21 07:07:28.248543: Pseudo dice [np.float32(0.894), np.float32(0.7534), np.float32(0.0)]
2025-11-21 07:07:28.249576: Epoch time: 70.42 s
2025-11-21 07:07:29.993865: 
2025-11-21 07:07:29.994224: Epoch 612
2025-11-21 07:07:29.994377: Current learning rate: 0.00427
2025-11-21 07:08:41.634824: train_loss -0.7182
2025-11-21 07:08:41.643726: val_loss -0.6957
2025-11-21 07:08:41.645824: Pseudo dice [np.float32(0.897), np.float32(0.7449), np.float32(0.0)]
2025-11-21 07:08:41.647948: Epoch time: 71.64 s
2025-11-21 07:08:43.830152: 
2025-11-21 07:08:43.830351: Epoch 613
2025-11-21 07:08:43.830489: Current learning rate: 0.00426
2025-11-21 07:09:52.943456: train_loss -0.7267
2025-11-21 07:09:52.947179: val_loss -0.7016
2025-11-21 07:09:52.949228: Pseudo dice [np.float32(0.8968), np.float32(0.7427), np.float32(0.0)]
2025-11-21 07:09:52.951276: Epoch time: 69.11 s
2025-11-21 07:09:54.688727: 
2025-11-21 07:09:54.688956: Epoch 614
2025-11-21 07:09:54.689093: Current learning rate: 0.00425
2025-11-21 07:11:04.704628: train_loss -0.7221
2025-11-21 07:11:04.707109: val_loss -0.7426
2025-11-21 07:11:04.708066: Pseudo dice [np.float32(0.895), np.float32(0.765), np.float32(0.0)]
2025-11-21 07:11:04.709162: Epoch time: 70.02 s
2025-11-21 07:11:06.403706: 
2025-11-21 07:11:06.403979: Epoch 615
2025-11-21 07:11:06.404114: Current learning rate: 0.00424
2025-11-21 07:12:17.189370: train_loss -0.7104
2025-11-21 07:12:17.194137: val_loss -0.7146
2025-11-21 07:12:17.196196: Pseudo dice [np.float32(0.8984), np.float32(0.7493), np.float32(0.0)]
2025-11-21 07:12:17.196446: Epoch time: 70.79 s
2025-11-21 07:12:18.376464: 
2025-11-21 07:12:18.376688: Epoch 616
2025-11-21 07:12:18.376829: Current learning rate: 0.00423
2025-11-21 07:13:25.988704: train_loss -0.7286
2025-11-21 07:13:25.992261: val_loss -0.7229
2025-11-21 07:13:25.993051: Pseudo dice [np.float32(0.9045), np.float32(0.7606), np.float32(0.0)]
2025-11-21 07:13:25.994302: Epoch time: 67.61 s
2025-11-21 07:13:27.170165: 
2025-11-21 07:13:27.170395: Epoch 617
2025-11-21 07:13:27.170533: Current learning rate: 0.00422
2025-11-21 07:14:31.595457: train_loss -0.7162
2025-11-21 07:14:31.595919: val_loss -0.7039
2025-11-21 07:14:31.596045: Pseudo dice [np.float32(0.9022), np.float32(0.7562), np.float32(0.0)]
2025-11-21 07:14:31.596166: Epoch time: 64.43 s
2025-11-21 07:14:32.707468: 
2025-11-21 07:14:32.707767: Epoch 618
2025-11-21 07:14:32.707914: Current learning rate: 0.00421
2025-11-21 07:15:40.640367: train_loss -0.7275
2025-11-21 07:15:40.642470: val_loss -0.729
2025-11-21 07:15:40.644141: Pseudo dice [np.float32(0.8996), np.float32(0.7613), np.float32(0.0)]
2025-11-21 07:15:40.644525: Epoch time: 67.93 s
2025-11-21 07:15:41.848094: 
2025-11-21 07:15:41.848340: Epoch 619
2025-11-21 07:15:41.848480: Current learning rate: 0.0042
2025-11-21 07:16:52.451357: train_loss -0.7181
2025-11-21 07:16:52.451909: val_loss -0.7245
2025-11-21 07:16:52.452037: Pseudo dice [np.float32(0.9023), np.float32(0.7533), np.float32(0.0)]
2025-11-21 07:16:52.452168: Epoch time: 70.6 s
2025-11-21 07:16:53.568837: 
2025-11-21 07:16:53.569061: Epoch 620
2025-11-21 07:16:53.569202: Current learning rate: 0.00419
2025-11-21 07:17:59.613389: train_loss -0.7216
2025-11-21 07:17:59.613857: val_loss -0.7064
2025-11-21 07:17:59.613979: Pseudo dice [np.float32(0.8907), np.float32(0.7425), np.float32(0.0)]
2025-11-21 07:17:59.614096: Epoch time: 66.05 s
2025-11-21 07:18:00.730442: 
2025-11-21 07:18:00.730688: Epoch 621
2025-11-21 07:18:00.730841: Current learning rate: 0.00418
2025-11-21 07:19:09.565895: train_loss -0.7161
2025-11-21 07:19:09.568158: val_loss -0.7251
2025-11-21 07:19:09.569875: Pseudo dice [np.float32(0.9066), np.float32(0.7557), np.float32(0.0)]
2025-11-21 07:19:09.570251: Epoch time: 68.84 s
2025-11-21 07:19:11.052126: 
2025-11-21 07:19:11.052428: Epoch 622
2025-11-21 07:19:11.052581: Current learning rate: 0.00417
2025-11-21 07:20:20.532124: train_loss -0.7161
2025-11-21 07:20:20.536119: val_loss -0.7416
2025-11-21 07:20:20.536433: Pseudo dice [np.float32(0.9109), np.float32(0.7573), np.float32(0.0)]
2025-11-21 07:20:20.538154: Epoch time: 69.48 s
2025-11-21 07:20:22.084933: 
2025-11-21 07:20:22.085138: Epoch 623
2025-11-21 07:20:22.085313: Current learning rate: 0.00416
2025-11-21 07:21:31.045539: train_loss -0.707
2025-11-21 07:21:31.072186: val_loss -0.7169
2025-11-21 07:21:31.072497: Pseudo dice [np.float32(0.9084), np.float32(0.7474), np.float32(0.0)]
2025-11-21 07:21:31.072634: Epoch time: 68.96 s
2025-11-21 07:21:32.353001: 
2025-11-21 07:21:32.353252: Epoch 624
2025-11-21 07:21:32.353412: Current learning rate: 0.00415
2025-11-21 07:22:41.292406: train_loss -0.7222
2025-11-21 07:22:41.292973: val_loss -0.7313
2025-11-21 07:22:41.293136: Pseudo dice [np.float32(0.9016), np.float32(0.7618), np.float32(0.0)]
2025-11-21 07:22:41.293282: Epoch time: 68.94 s
2025-11-21 07:22:42.429731: 
2025-11-21 07:22:42.430004: Epoch 625
2025-11-21 07:22:42.430150: Current learning rate: 0.00414
2025-11-21 07:23:55.266265: train_loss -0.718
2025-11-21 07:23:55.268246: val_loss -0.7313
2025-11-21 07:23:55.268794: Pseudo dice [np.float32(0.9097), np.float32(0.7718), np.float32(0.0)]
2025-11-21 07:23:55.270293: Epoch time: 72.84 s
2025-11-21 07:23:57.032598: 
2025-11-21 07:23:57.032802: Epoch 626
2025-11-21 07:23:57.032928: Current learning rate: 0.00413
2025-11-21 07:25:07.855843: train_loss -0.7162
2025-11-21 07:25:07.859295: val_loss -0.7011
2025-11-21 07:25:07.860298: Pseudo dice [np.float32(0.9005), np.float32(0.7516), np.float32(0.0)]
2025-11-21 07:25:07.861388: Epoch time: 70.82 s
2025-11-21 07:25:09.703683: 
2025-11-21 07:25:09.703916: Epoch 627
2025-11-21 07:25:09.704084: Current learning rate: 0.00412
2025-11-21 07:26:18.184402: train_loss -0.6995
2025-11-21 07:26:18.186672: val_loss -0.6882
2025-11-21 07:26:18.188104: Pseudo dice [np.float32(0.8907), np.float32(0.7418), np.float32(0.0)]
2025-11-21 07:26:18.188750: Epoch time: 68.48 s
2025-11-21 07:26:20.156189: 
2025-11-21 07:26:20.156535: Epoch 628
2025-11-21 07:26:20.156685: Current learning rate: 0.00411
2025-11-21 07:27:29.818645: train_loss -0.7096
2025-11-21 07:27:29.823015: val_loss -0.7036
2025-11-21 07:27:29.823224: Pseudo dice [np.float32(0.9094), np.float32(0.7465), np.float32(0.0)]
2025-11-21 07:27:29.823346: Epoch time: 69.66 s
2025-11-21 07:27:31.860073: 
2025-11-21 07:27:31.860316: Epoch 629
2025-11-21 07:27:31.860586: Current learning rate: 0.0041
2025-11-21 07:28:41.644641: train_loss -0.7038
2025-11-21 07:28:41.652275: val_loss -0.7367
2025-11-21 07:28:41.652544: Pseudo dice [np.float32(0.9037), np.float32(0.7497), np.float32(0.0)]
2025-11-21 07:28:41.652678: Epoch time: 69.79 s
2025-11-21 07:28:42.953997: 
2025-11-21 07:28:42.965240: Epoch 630
2025-11-21 07:28:42.965430: Current learning rate: 0.00409
2025-11-21 07:29:53.967419: train_loss -0.7214
2025-11-21 07:29:53.970012: val_loss -0.7378
2025-11-21 07:29:53.970956: Pseudo dice [np.float32(0.9065), np.float32(0.7521), np.float32(0.0)]
2025-11-21 07:29:53.972068: Epoch time: 71.01 s
2025-11-21 07:29:55.658455: 
2025-11-21 07:29:55.658706: Epoch 631
2025-11-21 07:29:55.658851: Current learning rate: 0.00408
2025-11-21 07:31:02.448404: train_loss -0.7261
2025-11-21 07:31:02.448961: val_loss -0.7477
2025-11-21 07:31:02.449095: Pseudo dice [np.float32(0.8983), np.float32(0.7579), np.float32(0.0)]
2025-11-21 07:31:02.449235: Epoch time: 66.79 s
2025-11-21 07:31:03.624127: 
2025-11-21 07:31:03.624375: Epoch 632
2025-11-21 07:31:03.624516: Current learning rate: 0.00407
2025-11-21 07:32:12.141693: train_loss -0.7221
2025-11-21 07:32:12.146112: val_loss -0.7002
2025-11-21 07:32:12.148187: Pseudo dice [np.float32(0.8965), np.float32(0.7504), np.float32(0.0)]
2025-11-21 07:32:12.148430: Epoch time: 68.52 s
2025-11-21 07:32:13.768178: 
2025-11-21 07:32:13.768389: Epoch 633
2025-11-21 07:32:13.768542: Current learning rate: 0.00406
2025-11-21 07:33:22.565162: train_loss -0.7149
2025-11-21 07:33:22.569912: val_loss -0.7247
2025-11-21 07:33:22.571983: Pseudo dice [np.float32(0.8992), np.float32(0.7404), np.float32(0.0)]
2025-11-21 07:33:22.572289: Epoch time: 68.8 s
2025-11-21 07:33:23.859926: 
2025-11-21 07:33:23.860207: Epoch 634
2025-11-21 07:33:23.860408: Current learning rate: 0.00405
2025-11-21 07:34:33.731601: train_loss -0.7274
2025-11-21 07:34:33.733982: val_loss -0.7378
2025-11-21 07:34:33.735009: Pseudo dice [np.float32(0.9028), np.float32(0.7615), np.float32(0.0)]
2025-11-21 07:34:33.736051: Epoch time: 69.87 s
2025-11-21 07:34:34.949416: 
2025-11-21 07:34:34.949668: Epoch 635
2025-11-21 07:34:34.949816: Current learning rate: 0.00404
2025-11-21 07:35:42.422459: train_loss -0.7287
2025-11-21 07:35:42.422889: val_loss -0.7117
2025-11-21 07:35:42.423118: Pseudo dice [np.float32(0.9007), np.float32(0.7547), np.float32(0.0)]
2025-11-21 07:35:42.423256: Epoch time: 67.47 s
2025-11-21 07:35:43.554343: 
2025-11-21 07:35:43.554630: Epoch 636
2025-11-21 07:35:43.554777: Current learning rate: 0.00403
2025-11-21 07:36:54.935248: train_loss -0.7114
2025-11-21 07:36:54.935763: val_loss -0.7285
2025-11-21 07:36:54.935901: Pseudo dice [np.float32(0.9019), np.float32(0.7512), np.float32(0.0)]
2025-11-21 07:36:54.936030: Epoch time: 71.38 s
2025-11-21 07:36:56.073567: 
2025-11-21 07:36:56.073787: Epoch 637
2025-11-21 07:36:56.073934: Current learning rate: 0.00402
2025-11-21 07:38:03.982580: train_loss -0.7196
2025-11-21 07:38:03.984367: val_loss -0.712
2025-11-21 07:38:03.984834: Pseudo dice [np.float32(0.9063), np.float32(0.7665), np.float32(0.0)]
2025-11-21 07:38:03.985301: Epoch time: 67.91 s
2025-11-21 07:38:05.152913: 
2025-11-21 07:38:05.153170: Epoch 638
2025-11-21 07:38:05.153321: Current learning rate: 0.00401
2025-11-21 07:39:13.525480: train_loss -0.7272
2025-11-21 07:39:13.529267: val_loss -0.6928
2025-11-21 07:39:13.531340: Pseudo dice [np.float32(0.893), np.float32(0.7369), np.float32(0.0)]
2025-11-21 07:39:13.531561: Epoch time: 68.37 s
2025-11-21 07:39:14.690596: 
2025-11-21 07:39:14.690923: Epoch 639
2025-11-21 07:39:14.691071: Current learning rate: 0.004
2025-11-21 07:40:24.575073: train_loss -0.7066
2025-11-21 07:40:24.578893: val_loss -0.6956
2025-11-21 07:40:24.580969: Pseudo dice [np.float32(0.9), np.float32(0.7569), np.float32(0.0)]
2025-11-21 07:40:24.583034: Epoch time: 69.89 s
2025-11-21 07:40:25.826247: 
2025-11-21 07:40:25.826460: Epoch 640
2025-11-21 07:40:25.826671: Current learning rate: 0.00399
2025-11-21 07:41:36.415416: train_loss -0.7294
2025-11-21 07:41:36.415993: val_loss -0.6943
2025-11-21 07:41:36.416138: Pseudo dice [np.float32(0.9073), np.float32(0.7511), np.float32(0.0)]
2025-11-21 07:41:36.416280: Epoch time: 70.59 s
2025-11-21 07:41:37.978201: 
2025-11-21 07:41:38.005687: Epoch 641
2025-11-21 07:41:38.005926: Current learning rate: 0.00398
2025-11-21 07:42:45.275399: train_loss -0.7082
2025-11-21 07:42:45.275922: val_loss -0.7028
2025-11-21 07:42:45.276058: Pseudo dice [np.float32(0.9013), np.float32(0.7599), np.float32(0.0)]
2025-11-21 07:42:45.276194: Epoch time: 67.3 s
2025-11-21 07:42:46.389122: 
2025-11-21 07:42:46.389434: Epoch 642
2025-11-21 07:42:46.389573: Current learning rate: 0.00397
2025-11-21 07:43:59.773815: train_loss -0.7262
2025-11-21 07:43:59.776079: val_loss -0.7131
2025-11-21 07:43:59.777562: Pseudo dice [np.float32(0.9054), np.float32(0.7577), np.float32(0.0)]
2025-11-21 07:43:59.778179: Epoch time: 73.39 s
2025-11-21 07:44:00.969727: 
2025-11-21 07:44:00.970042: Epoch 643
2025-11-21 07:44:00.970198: Current learning rate: 0.00396
2025-11-21 07:45:09.477767: train_loss -0.7373
2025-11-21 07:45:09.482892: val_loss -0.6857
2025-11-21 07:45:09.484927: Pseudo dice [np.float32(0.9104), np.float32(0.7654), np.float32(0.0)]
2025-11-21 07:45:09.485075: Epoch time: 68.51 s
2025-11-21 07:45:10.648206: 
2025-11-21 07:45:10.648536: Epoch 644
2025-11-21 07:45:10.648738: Current learning rate: 0.00395
2025-11-21 07:46:19.291829: train_loss -0.7308
2025-11-21 07:46:19.292343: val_loss -0.7354
2025-11-21 07:46:19.292514: Pseudo dice [np.float32(0.8964), np.float32(0.759), np.float32(0.0)]
2025-11-21 07:46:19.292644: Epoch time: 68.64 s
2025-11-21 07:46:20.446462: 
2025-11-21 07:46:20.446686: Epoch 645
2025-11-21 07:46:20.446835: Current learning rate: 0.00394
2025-11-21 07:47:29.847333: train_loss -0.7109
2025-11-21 07:47:29.849809: val_loss -0.7277
2025-11-21 07:47:29.851072: Pseudo dice [np.float32(0.9077), np.float32(0.756), np.float32(0.0)]
2025-11-21 07:47:29.851932: Epoch time: 69.4 s
2025-11-21 07:47:31.446247: 
2025-11-21 07:47:31.446506: Epoch 646
2025-11-21 07:47:31.446649: Current learning rate: 0.00393
2025-11-21 07:48:42.209645: train_loss -0.7178
2025-11-21 07:48:42.211943: val_loss -0.7425
2025-11-21 07:48:42.213660: Pseudo dice [np.float32(0.9118), np.float32(0.768), np.float32(0.0)]
2025-11-21 07:48:42.214038: Epoch time: 70.76 s
2025-11-21 07:48:43.424180: 
2025-11-21 07:48:43.424456: Epoch 647
2025-11-21 07:48:43.424615: Current learning rate: 0.00392
2025-11-21 07:49:50.239150: train_loss -0.7417
2025-11-21 07:49:50.242605: val_loss -0.7169
2025-11-21 07:49:50.243524: Pseudo dice [np.float32(0.9031), np.float32(0.7633), np.float32(0.0)]
2025-11-21 07:49:50.244665: Epoch time: 66.82 s
2025-11-21 07:49:52.250615: 
2025-11-21 07:49:52.250888: Epoch 648
2025-11-21 07:49:52.251090: Current learning rate: 0.00391
2025-11-21 07:51:01.789835: train_loss -0.7152
2025-11-21 07:51:01.792066: val_loss -0.7373
2025-11-21 07:51:01.793937: Pseudo dice [np.float32(0.8976), np.float32(0.7542), np.float32(0.0)]
2025-11-21 07:51:01.794152: Epoch time: 69.54 s
2025-11-21 07:51:03.012256: 
2025-11-21 07:51:03.012474: Epoch 649
2025-11-21 07:51:03.012609: Current learning rate: 0.0039
2025-11-21 07:52:07.491995: train_loss -0.7237
2025-11-21 07:52:07.493843: val_loss -0.69
2025-11-21 07:52:07.495795: Pseudo dice [np.float32(0.9061), np.float32(0.7522), np.float32(0.0)]
2025-11-21 07:52:07.496003: Epoch time: 64.48 s
2025-11-21 07:52:09.253347: 
2025-11-21 07:52:09.253580: Epoch 650
2025-11-21 07:52:09.253738: Current learning rate: 0.00389
2025-11-21 07:53:17.531819: train_loss -0.7271
2025-11-21 07:53:17.532351: val_loss -0.6994
2025-11-21 07:53:17.532490: Pseudo dice [np.float32(0.9043), np.float32(0.7495), np.float32(0.0)]
2025-11-21 07:53:17.532621: Epoch time: 68.28 s
2025-11-21 07:53:18.651826: 
2025-11-21 07:53:18.652043: Epoch 651
2025-11-21 07:53:18.652194: Current learning rate: 0.00388
2025-11-21 07:54:24.229374: train_loss -0.7269
2025-11-21 07:54:24.239445: val_loss -0.7249
2025-11-21 07:54:24.239626: Pseudo dice [np.float32(0.8979), np.float32(0.7647), np.float32(0.0)]
2025-11-21 07:54:24.239755: Epoch time: 65.58 s
2025-11-21 07:54:25.405103: 
2025-11-21 07:54:25.405394: Epoch 652
2025-11-21 07:54:25.428189: Current learning rate: 0.00387
2025-11-21 07:55:38.939336: train_loss -0.7181
2025-11-21 07:55:38.943398: val_loss -0.7154
2025-11-21 07:55:38.945518: Pseudo dice [np.float32(0.9064), np.float32(0.7539), np.float32(0.0)]
2025-11-21 07:55:38.945742: Epoch time: 73.54 s
2025-11-21 07:55:40.787290: 
2025-11-21 07:55:40.787540: Epoch 653
2025-11-21 07:55:40.787683: Current learning rate: 0.00386
2025-11-21 07:56:50.048965: train_loss -0.7187
2025-11-21 07:56:50.050545: val_loss -0.7182
2025-11-21 07:56:50.051196: Pseudo dice [np.float32(0.9105), np.float32(0.7593), np.float32(0.0)]
2025-11-21 07:56:50.052023: Epoch time: 69.26 s
2025-11-21 07:56:51.285656: 
2025-11-21 07:56:51.285914: Epoch 654
2025-11-21 07:56:51.286063: Current learning rate: 0.00385
2025-11-21 07:58:03.288769: train_loss -0.7355
2025-11-21 07:58:03.289247: val_loss -0.7001
2025-11-21 07:58:03.289386: Pseudo dice [np.float32(0.9043), np.float32(0.7659), np.float32(0.0)]
2025-11-21 07:58:03.289513: Epoch time: 72.0 s
2025-11-21 07:58:04.400220: 
2025-11-21 07:58:04.400448: Epoch 655
2025-11-21 07:58:04.400589: Current learning rate: 0.00384
2025-11-21 07:59:13.708387: train_loss -0.718
2025-11-21 07:59:13.708869: val_loss -0.7428
2025-11-21 07:59:13.709007: Pseudo dice [np.float32(0.908), np.float32(0.7534), np.float32(0.0)]
2025-11-21 07:59:13.709136: Epoch time: 69.31 s
2025-11-21 07:59:14.820837: 
2025-11-21 07:59:14.821187: Epoch 656
2025-11-21 07:59:14.821345: Current learning rate: 0.00383
2025-11-21 08:00:23.571507: train_loss -0.7215
2025-11-21 08:00:23.576295: val_loss -0.7148
2025-11-21 08:00:23.578290: Pseudo dice [np.float32(0.8987), np.float32(0.757), np.float32(0.0)]
2025-11-21 08:00:23.578522: Epoch time: 68.75 s
2025-11-21 08:00:25.123547: 
2025-11-21 08:00:25.123789: Epoch 657
2025-11-21 08:00:25.123931: Current learning rate: 0.00382
2025-11-21 08:01:35.409587: train_loss -0.7251
2025-11-21 08:01:35.411858: val_loss -0.7362
2025-11-21 08:01:35.413698: Pseudo dice [np.float32(0.9084), np.float32(0.7601), np.float32(0.0)]
2025-11-21 08:01:35.413929: Epoch time: 70.29 s
2025-11-21 08:01:36.862593: 
2025-11-21 08:01:36.862909: Epoch 658
2025-11-21 08:01:36.863056: Current learning rate: 0.00381
2025-11-21 08:02:45.555820: train_loss -0.733
2025-11-21 08:02:45.556283: val_loss -0.735
2025-11-21 08:02:45.556412: Pseudo dice [np.float32(0.9185), np.float32(0.7651), np.float32(0.0)]
2025-11-21 08:02:45.556555: Epoch time: 68.69 s
2025-11-21 08:02:46.677590: 
2025-11-21 08:02:46.677847: Epoch 659
2025-11-21 08:02:46.677996: Current learning rate: 0.0038
2025-11-21 08:03:59.010556: train_loss -0.7174
2025-11-21 08:03:59.011113: val_loss -0.7251
2025-11-21 08:03:59.011266: Pseudo dice [np.float32(0.8995), np.float32(0.7543), np.float32(0.0)]
2025-11-21 08:03:59.011408: Epoch time: 72.33 s
2025-11-21 08:04:00.265659: 
2025-11-21 08:04:00.265899: Epoch 660
2025-11-21 08:04:00.266057: Current learning rate: 0.00379
2025-11-21 08:05:10.081644: train_loss -0.7346
2025-11-21 08:05:10.082208: val_loss -0.701
2025-11-21 08:05:10.082352: Pseudo dice [np.float32(0.9015), np.float32(0.762), np.float32(0.0)]
2025-11-21 08:05:10.091255: Epoch time: 69.82 s
2025-11-21 08:05:11.489765: 
2025-11-21 08:05:11.490006: Epoch 661
2025-11-21 08:05:11.490181: Current learning rate: 0.00378
2025-11-21 08:06:22.622131: train_loss -0.7267
2025-11-21 08:06:22.622629: val_loss -0.7146
2025-11-21 08:06:22.622765: Pseudo dice [np.float32(0.9101), np.float32(0.7662), np.float32(0.0)]
2025-11-21 08:06:22.622893: Epoch time: 71.13 s
2025-11-21 08:06:23.749457: 
2025-11-21 08:06:23.749717: Epoch 662
2025-11-21 08:06:23.749864: Current learning rate: 0.00377
2025-11-21 08:07:31.699071: train_loss -0.7281
2025-11-21 08:07:31.701272: val_loss -0.7203
2025-11-21 08:07:31.702960: Pseudo dice [np.float32(0.9047), np.float32(0.7544), np.float32(0.0)]
2025-11-21 08:07:31.703343: Epoch time: 67.95 s
2025-11-21 08:07:33.098104: 
2025-11-21 08:07:33.098343: Epoch 663
2025-11-21 08:07:33.098521: Current learning rate: 0.00376
2025-11-21 08:08:42.981483: train_loss -0.7331
2025-11-21 08:08:42.981964: val_loss -0.7301
2025-11-21 08:08:42.982104: Pseudo dice [np.float32(0.9137), np.float32(0.7817), np.float32(0.0)]
2025-11-21 08:08:42.982239: Epoch time: 69.88 s
2025-11-21 08:08:44.129814: 
2025-11-21 08:08:44.130056: Epoch 664
2025-11-21 08:08:44.130227: Current learning rate: 0.00375
2025-11-21 08:09:54.169886: train_loss -0.7356
2025-11-21 08:09:54.175810: val_loss -0.7123
2025-11-21 08:09:54.177868: Pseudo dice [np.float32(0.9153), np.float32(0.7497), np.float32(0.0)]
2025-11-21 08:09:54.179930: Epoch time: 70.04 s
2025-11-21 08:09:55.359360: 
2025-11-21 08:09:55.359690: Epoch 665
2025-11-21 08:09:55.359840: Current learning rate: 0.00374
2025-11-21 08:11:07.439501: train_loss -0.7194
2025-11-21 08:11:07.441847: val_loss -0.7183
2025-11-21 08:11:07.443197: Pseudo dice [np.float32(0.8981), np.float32(0.7621), np.float32(0.0)]
2025-11-21 08:11:07.443961: Epoch time: 72.08 s
2025-11-21 08:11:09.086543: 
2025-11-21 08:11:09.086859: Epoch 666
2025-11-21 08:11:09.087001: Current learning rate: 0.00373
2025-11-21 08:12:19.142016: train_loss -0.7285
2025-11-21 08:12:19.146858: val_loss -0.7052
2025-11-21 08:12:19.148910: Pseudo dice [np.float32(0.8895), np.float32(0.7495), np.float32(0.0)]
2025-11-21 08:12:19.149140: Epoch time: 70.06 s
2025-11-21 08:12:20.428915: 
2025-11-21 08:12:20.429162: Epoch 667
2025-11-21 08:12:20.429315: Current learning rate: 0.00372
2025-11-21 08:13:30.288842: train_loss -0.7339
2025-11-21 08:13:30.289316: val_loss -0.7394
2025-11-21 08:13:30.289442: Pseudo dice [np.float32(0.9027), np.float32(0.7608), np.float32(0.0)]
2025-11-21 08:13:30.289562: Epoch time: 69.86 s
2025-11-21 08:13:31.424367: 
2025-11-21 08:13:31.424608: Epoch 668
2025-11-21 08:13:31.424755: Current learning rate: 0.00371
2025-11-21 08:14:39.633142: train_loss -0.7295
2025-11-21 08:14:39.635505: val_loss -0.7106
2025-11-21 08:14:39.636910: Pseudo dice [np.float32(0.9056), np.float32(0.7679), np.float32(0.0)]
2025-11-21 08:14:39.637531: Epoch time: 68.21 s
2025-11-21 08:14:41.227495: 
2025-11-21 08:14:41.227854: Epoch 669
2025-11-21 08:14:41.228007: Current learning rate: 0.0037
2025-11-21 08:15:49.199908: train_loss -0.7375
2025-11-21 08:15:49.215256: val_loss -0.7314
2025-11-21 08:15:49.217496: Pseudo dice [np.float32(0.8988), np.float32(0.7683), np.float32(0.0)]
2025-11-21 08:15:49.217681: Epoch time: 67.97 s
2025-11-21 08:15:50.421168: 
2025-11-21 08:15:50.421414: Epoch 670
2025-11-21 08:15:50.421559: Current learning rate: 0.00369
2025-11-21 08:17:00.129635: train_loss -0.7223
2025-11-21 08:17:00.130183: val_loss -0.7381
2025-11-21 08:17:00.130333: Pseudo dice [np.float32(0.9128), np.float32(0.7674), np.float32(0.0)]
2025-11-21 08:17:00.130458: Epoch time: 69.71 s
2025-11-21 08:17:01.288155: 
2025-11-21 08:17:01.288391: Epoch 671
2025-11-21 08:17:01.288529: Current learning rate: 0.00368
2025-11-21 08:18:13.772058: train_loss -0.7327
2025-11-21 08:18:13.772650: val_loss -0.6986
2025-11-21 08:18:13.772787: Pseudo dice [np.float32(0.9014), np.float32(0.7589), np.float32(0.0)]
2025-11-21 08:18:13.772916: Epoch time: 72.48 s
2025-11-21 08:18:14.972498: 
2025-11-21 08:18:14.972698: Epoch 672
2025-11-21 08:18:14.972839: Current learning rate: 0.00367
2025-11-21 08:19:22.537276: train_loss -0.733
2025-11-21 08:19:22.539533: val_loss -0.7165
2025-11-21 08:19:22.541130: Pseudo dice [np.float32(0.8982), np.float32(0.7481), np.float32(0.0)]
2025-11-21 08:19:22.541629: Epoch time: 67.57 s
2025-11-21 08:19:23.714298: 
2025-11-21 08:19:23.714581: Epoch 673
2025-11-21 08:19:23.714716: Current learning rate: 0.00366
2025-11-21 08:20:28.743033: train_loss -0.7258
2025-11-21 08:20:28.745285: val_loss -0.722
2025-11-21 08:20:28.746917: Pseudo dice [np.float32(0.8982), np.float32(0.7631), np.float32(0.0)]
2025-11-21 08:20:28.747368: Epoch time: 65.03 s
2025-11-21 08:20:30.074605: 
2025-11-21 08:20:30.074852: Epoch 674
2025-11-21 08:20:30.075009: Current learning rate: 0.00365
2025-11-21 08:21:41.167777: train_loss -0.7221
2025-11-21 08:21:41.172998: val_loss -0.7414
2025-11-21 08:21:41.173258: Pseudo dice [np.float32(0.9103), np.float32(0.7605), np.float32(0.0)]
2025-11-21 08:21:41.175051: Epoch time: 71.09 s
2025-11-21 08:21:42.463940: 
2025-11-21 08:21:42.464166: Epoch 675
2025-11-21 08:21:42.464323: Current learning rate: 0.00364
2025-11-21 08:22:50.234682: train_loss -0.7311
2025-11-21 08:22:50.236939: val_loss -0.7003
2025-11-21 08:22:50.238764: Pseudo dice [np.float32(0.9083), np.float32(0.7717), np.float32(0.0)]
2025-11-21 08:22:50.239020: Epoch time: 67.77 s
2025-11-21 08:22:51.530995: 
2025-11-21 08:22:51.531377: Epoch 676
2025-11-21 08:22:51.531525: Current learning rate: 0.00363
2025-11-21 08:24:01.920002: train_loss -0.7395
2025-11-21 08:24:01.931104: val_loss -0.7101
2025-11-21 08:24:01.933201: Pseudo dice [np.float32(0.912), np.float32(0.7578), np.float32(0.0)]
2025-11-21 08:24:01.935312: Epoch time: 70.39 s
2025-11-21 08:24:03.252040: 
2025-11-21 08:24:03.252279: Epoch 677
2025-11-21 08:24:03.252433: Current learning rate: 0.00362
2025-11-21 08:25:14.250798: train_loss -0.7349
2025-11-21 08:25:14.256752: val_loss -0.7226
2025-11-21 08:25:14.257363: Pseudo dice [np.float32(0.9023), np.float32(0.7405), np.float32(0.0)]
2025-11-21 08:25:14.257547: Epoch time: 71.0 s
2025-11-21 08:25:15.777267: 
2025-11-21 08:25:15.777506: Epoch 678
2025-11-21 08:25:15.777660: Current learning rate: 0.00361
2025-11-21 08:26:26.264110: train_loss -0.7069
2025-11-21 08:26:26.269753: val_loss -0.7027
2025-11-21 08:26:26.271831: Pseudo dice [np.float32(0.898), np.float32(0.7598), np.float32(0.0)]
2025-11-21 08:26:26.273907: Epoch time: 70.49 s
2025-11-21 08:26:28.658017: 
2025-11-21 08:26:28.658263: Epoch 679
2025-11-21 08:26:28.658462: Current learning rate: 0.0036
2025-11-21 08:27:40.544286: train_loss -0.7191
2025-11-21 08:27:40.544924: val_loss -0.7166
2025-11-21 08:27:40.545078: Pseudo dice [np.float32(0.8983), np.float32(0.7666), np.float32(0.0)]
2025-11-21 08:27:40.545219: Epoch time: 71.89 s
2025-11-21 08:27:41.693205: 
2025-11-21 08:27:41.693495: Epoch 680
2025-11-21 08:27:41.693638: Current learning rate: 0.00359
2025-11-21 08:28:50.012061: train_loss -0.7242
2025-11-21 08:28:50.013640: val_loss -0.7128
2025-11-21 08:28:50.014609: Pseudo dice [np.float32(0.9124), np.float32(0.7501), np.float32(0.0)]
2025-11-21 08:28:50.015705: Epoch time: 68.32 s
2025-11-21 08:28:51.313305: 
2025-11-21 08:28:51.313595: Epoch 681
2025-11-21 08:28:51.313757: Current learning rate: 0.00358
2025-11-21 08:30:01.450485: train_loss -0.7166
2025-11-21 08:30:01.451154: val_loss -0.7131
2025-11-21 08:30:01.451309: Pseudo dice [np.float32(0.8993), np.float32(0.7532), np.float32(0.0)]
2025-11-21 08:30:01.451445: Epoch time: 70.14 s
2025-11-21 08:30:02.592496: 
2025-11-21 08:30:02.592837: Epoch 682
2025-11-21 08:30:02.592983: Current learning rate: 0.00357
2025-11-21 08:31:15.672485: train_loss -0.7268
2025-11-21 08:31:15.674820: val_loss -0.7166
2025-11-21 08:31:15.676494: Pseudo dice [np.float32(0.9045), np.float32(0.7575), np.float32(0.0)]
2025-11-21 08:31:15.676915: Epoch time: 73.08 s
2025-11-21 08:31:16.927414: 
2025-11-21 08:31:16.927797: Epoch 683
2025-11-21 08:31:16.928201: Current learning rate: 0.00356
2025-11-21 08:32:26.234481: train_loss -0.7338
2025-11-21 08:32:26.238448: val_loss -0.7377
2025-11-21 08:32:26.238733: Pseudo dice [np.float32(0.9126), np.float32(0.759), np.float32(0.0)]
2025-11-21 08:32:26.240710: Epoch time: 69.31 s
2025-11-21 08:32:27.522727: 
2025-11-21 08:32:27.522983: Epoch 684
2025-11-21 08:32:27.523129: Current learning rate: 0.00355
2025-11-21 08:33:36.221494: train_loss -0.7268
2025-11-21 08:33:36.223775: val_loss -0.7176
2025-11-21 08:33:36.225284: Pseudo dice [np.float32(0.909), np.float32(0.7679), np.float32(0.0)]
2025-11-21 08:33:36.225850: Epoch time: 68.7 s
2025-11-21 08:33:37.406487: 
2025-11-21 08:33:37.406824: Epoch 685
2025-11-21 08:33:37.406995: Current learning rate: 0.00354
2025-11-21 08:34:47.081352: train_loss -0.7221
2025-11-21 08:34:47.085948: val_loss -0.7213
2025-11-21 08:34:47.088031: Pseudo dice [np.float32(0.889), np.float32(0.7519), np.float32(0.0)]
2025-11-21 08:34:47.088214: Epoch time: 69.68 s
2025-11-21 08:34:48.256101: 
2025-11-21 08:34:48.256354: Epoch 686
2025-11-21 08:34:48.256500: Current learning rate: 0.00353
2025-11-21 08:35:56.112448: train_loss -0.7215
2025-11-21 08:35:56.116385: val_loss -0.6838
2025-11-21 08:35:56.118489: Pseudo dice [np.float32(0.8988), np.float32(0.7465), np.float32(0.0)]
2025-11-21 08:35:56.120602: Epoch time: 67.86 s
2025-11-21 08:35:57.574320: 
2025-11-21 08:35:57.574534: Epoch 687
2025-11-21 08:35:57.574673: Current learning rate: 0.00352
2025-11-21 08:37:07.611759: train_loss -0.718
2025-11-21 08:37:07.612860: val_loss -0.7196
2025-11-21 08:37:07.612980: Pseudo dice [np.float32(0.9073), np.float32(0.7624), np.float32(0.0)]
2025-11-21 08:37:07.613090: Epoch time: 70.04 s
2025-11-21 08:37:08.732442: 
2025-11-21 08:37:08.732719: Epoch 688
2025-11-21 08:37:08.732865: Current learning rate: 0.00351
2025-11-21 08:38:15.734484: train_loss -0.7175
2025-11-21 08:38:15.735074: val_loss -0.7112
2025-11-21 08:38:15.735204: Pseudo dice [np.float32(0.9057), np.float32(0.7569), np.float32(0.0)]
2025-11-21 08:38:15.735318: Epoch time: 67.0 s
2025-11-21 08:38:16.900929: 
2025-11-21 08:38:16.901132: Epoch 689
2025-11-21 08:38:16.901267: Current learning rate: 0.0035
2025-11-21 08:39:24.713285: train_loss -0.7079
2025-11-21 08:39:24.713797: val_loss -0.7233
2025-11-21 08:39:24.713928: Pseudo dice [np.float32(0.8994), np.float32(0.7395), np.float32(0.0)]
2025-11-21 08:39:24.714056: Epoch time: 67.81 s
2025-11-21 08:39:25.831781: 
2025-11-21 08:39:25.832039: Epoch 690
2025-11-21 08:39:25.832189: Current learning rate: 0.00349
2025-11-21 08:40:36.971572: train_loss -0.6984
2025-11-21 08:40:36.972119: val_loss -0.7133
2025-11-21 08:40:36.972269: Pseudo dice [np.float32(0.8961), np.float32(0.7458), np.float32(0.0)]
2025-11-21 08:40:36.972439: Epoch time: 71.14 s
2025-11-21 08:40:38.523167: 
2025-11-21 08:40:38.523406: Epoch 691
2025-11-21 08:40:38.523546: Current learning rate: 0.00348
2025-11-21 08:41:50.619276: train_loss -0.7134
2025-11-21 08:41:50.672301: val_loss -0.7338
2025-11-21 08:41:50.672500: Pseudo dice [np.float32(0.9065), np.float32(0.7622), np.float32(0.0)]
2025-11-21 08:41:50.672604: Epoch time: 72.1 s
2025-11-21 08:41:52.148146: 
2025-11-21 08:41:52.148401: Epoch 692
2025-11-21 08:41:52.148525: Current learning rate: 0.00346
2025-11-21 08:43:02.233901: train_loss -0.732
2025-11-21 08:43:02.234163: val_loss -0.7295
2025-11-21 08:43:02.235279: Pseudo dice [np.float32(0.9029), np.float32(0.7569), np.float32(0.0)]
2025-11-21 08:43:02.235425: Epoch time: 70.09 s
2025-11-21 08:43:03.800863: 
2025-11-21 08:43:03.801151: Epoch 693
2025-11-21 08:43:03.801285: Current learning rate: 0.00345
2025-11-21 08:44:15.292505: train_loss -0.7129
2025-11-21 08:44:15.292850: val_loss -0.7232
2025-11-21 08:44:15.292959: Pseudo dice [np.float32(0.9077), np.float32(0.7562), np.float32(0.0)]
2025-11-21 08:44:15.293063: Epoch time: 71.49 s
2025-11-21 08:44:16.441394: 
2025-11-21 08:44:16.441605: Epoch 694
2025-11-21 08:44:16.441721: Current learning rate: 0.00344
2025-11-21 08:45:25.726846: train_loss -0.7217
2025-11-21 08:45:25.727114: val_loss -0.7458
2025-11-21 08:45:25.727228: Pseudo dice [np.float32(0.9089), np.float32(0.7694), np.float32(0.0)]
2025-11-21 08:45:25.727334: Epoch time: 69.29 s
2025-11-21 08:45:26.905821: 
2025-11-21 08:45:26.906090: Epoch 695
2025-11-21 08:45:26.906227: Current learning rate: 0.00343
2025-11-21 08:46:44.242025: train_loss -0.7256
2025-11-21 08:46:44.242403: val_loss -0.7296
2025-11-21 08:46:44.242513: Pseudo dice [np.float32(0.9026), np.float32(0.7523), np.float32(0.0)]
2025-11-21 08:46:44.242615: Epoch time: 77.34 s
2025-11-21 08:46:46.224286: 
2025-11-21 08:46:46.224492: Epoch 696
2025-11-21 08:46:46.224609: Current learning rate: 0.00342
2025-11-21 08:47:54.761943: train_loss -0.7302
2025-11-21 08:47:54.762278: val_loss -0.6978
2025-11-21 08:47:54.762386: Pseudo dice [np.float32(0.9009), np.float32(0.7716), np.float32(0.0)]
2025-11-21 08:47:54.762487: Epoch time: 68.54 s
2025-11-21 08:47:56.278104: 
2025-11-21 08:47:56.278337: Epoch 697
2025-11-21 08:47:56.278471: Current learning rate: 0.00341
2025-11-21 08:49:05.632897: train_loss -0.7176
2025-11-21 08:49:05.633243: val_loss -0.7088
2025-11-21 08:49:05.633341: Pseudo dice [np.float32(0.8993), np.float32(0.7592), np.float32(0.0)]
2025-11-21 08:49:05.633435: Epoch time: 69.36 s
2025-11-21 08:49:06.823681: 
2025-11-21 08:49:06.823985: Epoch 698
2025-11-21 08:49:06.824109: Current learning rate: 0.0034
2025-11-21 08:50:16.479754: train_loss -0.7271
2025-11-21 08:50:16.481453: val_loss -0.6801
2025-11-21 08:50:16.481570: Pseudo dice [np.float32(0.8988), np.float32(0.7567), np.float32(0.0)]
2025-11-21 08:50:16.481677: Epoch time: 69.66 s
2025-11-21 08:50:18.012669: 
2025-11-21 08:50:18.012968: Epoch 699
2025-11-21 08:50:18.013129: Current learning rate: 0.00339
2025-11-21 08:51:28.133678: train_loss -0.7175
2025-11-21 08:51:28.133963: val_loss -0.737
2025-11-21 08:51:28.134067: Pseudo dice [np.float32(0.9034), np.float32(0.7597), np.float32(0.0)]
2025-11-21 08:51:28.134167: Epoch time: 70.12 s
2025-11-21 08:51:29.590490: 
2025-11-21 08:51:29.590678: Epoch 700
2025-11-21 08:51:29.590787: Current learning rate: 0.00338
2025-11-21 08:52:38.118573: train_loss -0.7233
2025-11-21 08:52:38.127539: val_loss -0.6983
2025-11-21 08:52:38.127667: Pseudo dice [np.float32(0.8919), np.float32(0.7528), np.float32(0.0)]
2025-11-21 08:52:38.127769: Epoch time: 68.53 s
2025-11-21 08:52:39.328296: 
2025-11-21 08:52:39.328472: Epoch 701
2025-11-21 08:52:39.328583: Current learning rate: 0.00337
2025-11-21 08:53:49.057581: train_loss -0.7214
2025-11-21 08:53:49.057838: val_loss -0.7062
2025-11-21 08:53:49.057942: Pseudo dice [np.float32(0.8954), np.float32(0.7601), np.float32(0.0)]
2025-11-21 08:53:49.058042: Epoch time: 69.73 s
2025-11-21 08:53:50.197882: 
2025-11-21 08:53:50.198141: Epoch 702
2025-11-21 08:53:50.198282: Current learning rate: 0.00336
2025-11-21 08:54:54.952386: train_loss -0.7301
2025-11-21 08:54:54.954391: val_loss -0.7227
2025-11-21 08:54:54.954499: Pseudo dice [np.float32(0.9075), np.float32(0.7644), np.float32(0.0)]
2025-11-21 08:54:54.954598: Epoch time: 64.76 s
2025-11-21 08:54:56.134415: 
2025-11-21 08:54:56.134631: Epoch 703
2025-11-21 08:54:56.134745: Current learning rate: 0.00335
2025-11-21 08:56:07.648801: train_loss -0.7249
2025-11-21 08:56:07.652953: val_loss -0.7181
2025-11-21 08:56:07.653069: Pseudo dice [np.float32(0.8955), np.float32(0.7529), np.float32(0.0)]
2025-11-21 08:56:07.653166: Epoch time: 71.52 s
2025-11-21 08:56:10.665997: 
2025-11-21 08:56:10.666232: Epoch 704
2025-11-21 08:56:10.666347: Current learning rate: 0.00334
2025-11-21 08:57:18.389051: train_loss -0.7121
2025-11-21 08:57:18.389339: val_loss -0.7179
2025-11-21 08:57:18.389448: Pseudo dice [np.float32(0.8998), np.float32(0.7477), np.float32(0.0)]
2025-11-21 08:57:18.389550: Epoch time: 67.72 s
2025-11-21 08:57:19.792764: 
2025-11-21 08:57:19.792964: Epoch 705
2025-11-21 08:57:19.793078: Current learning rate: 0.00333
2025-11-21 08:58:24.919709: train_loss -0.7331
2025-11-21 08:58:24.920012: val_loss -0.7082
2025-11-21 08:58:24.920110: Pseudo dice [np.float32(0.9009), np.float32(0.7609), np.float32(0.0)]
2025-11-21 08:58:24.920213: Epoch time: 65.13 s
2025-11-21 08:58:26.110558: 
2025-11-21 08:58:26.110774: Epoch 706
2025-11-21 08:58:26.110895: Current learning rate: 0.00332
2025-11-21 08:59:35.932932: train_loss -0.7211
2025-11-21 08:59:35.933248: val_loss -0.7082
2025-11-21 08:59:35.933357: Pseudo dice [np.float32(0.8973), np.float32(0.7494), np.float32(0.0)]
2025-11-21 08:59:35.933460: Epoch time: 69.82 s
2025-11-21 08:59:37.088432: 
2025-11-21 08:59:37.088709: Epoch 707
2025-11-21 08:59:37.088831: Current learning rate: 0.00331
2025-11-21 09:00:49.160021: train_loss -0.7225
2025-11-21 09:00:49.160307: val_loss -0.7036
2025-11-21 09:00:49.160404: Pseudo dice [np.float32(0.9025), np.float32(0.7682), np.float32(0.0)]
2025-11-21 09:00:49.160505: Epoch time: 72.07 s
2025-11-21 09:00:50.751602: 
2025-11-21 09:00:50.751791: Epoch 708
2025-11-21 09:00:50.751911: Current learning rate: 0.0033
2025-11-21 09:01:56.847380: train_loss -0.7377
2025-11-21 09:01:56.847756: val_loss -0.733
2025-11-21 09:01:56.847870: Pseudo dice [np.float32(0.9157), np.float32(0.7663), np.float32(0.0)]
2025-11-21 09:01:56.847972: Epoch time: 66.1 s
2025-11-21 09:01:58.020352: 
2025-11-21 09:01:58.020553: Epoch 709
2025-11-21 09:01:58.020723: Current learning rate: 0.00329
2025-11-21 09:03:11.413316: train_loss -0.7304
2025-11-21 09:03:11.413717: val_loss -0.7197
2025-11-21 09:03:11.413829: Pseudo dice [np.float32(0.9025), np.float32(0.7535), np.float32(0.0)]
2025-11-21 09:03:11.413932: Epoch time: 73.39 s
2025-11-21 09:03:12.549261: 
2025-11-21 09:03:12.549563: Epoch 710
2025-11-21 09:03:12.549725: Current learning rate: 0.00328
2025-11-21 09:04:22.730201: train_loss -0.7316
2025-11-21 09:04:22.730440: val_loss -0.7018
2025-11-21 09:04:22.730545: Pseudo dice [np.float32(0.912), np.float32(0.7623), np.float32(0.0)]
2025-11-21 09:04:22.730647: Epoch time: 70.18 s
2025-11-21 09:04:23.863302: 
2025-11-21 09:04:23.863509: Epoch 711
2025-11-21 09:04:23.863620: Current learning rate: 0.00327
2025-11-21 09:05:34.519917: train_loss -0.7304
2025-11-21 09:05:34.520195: val_loss -0.7021
2025-11-21 09:05:34.520293: Pseudo dice [np.float32(0.9111), np.float32(0.767), np.float32(0.0)]
2025-11-21 09:05:34.520385: Epoch time: 70.66 s
2025-11-21 09:05:35.756897: 
2025-11-21 09:05:35.757081: Epoch 712
2025-11-21 09:05:35.757202: Current learning rate: 0.00326
2025-11-21 09:06:44.317810: train_loss -0.7183
2025-11-21 09:06:44.318086: val_loss -0.7106
2025-11-21 09:06:44.318188: Pseudo dice [np.float32(0.8991), np.float32(0.7629), np.float32(0.0)]
2025-11-21 09:06:44.318285: Epoch time: 68.56 s
2025-11-21 09:06:45.865233: 
2025-11-21 09:06:45.865446: Epoch 713
2025-11-21 09:06:45.865667: Current learning rate: 0.00325
2025-11-21 09:07:57.085276: train_loss -0.7108
2025-11-21 09:07:57.085525: val_loss -0.7011
2025-11-21 09:07:57.085700: Pseudo dice [np.float32(0.9061), np.float32(0.7591), np.float32(0.0)]
2025-11-21 09:07:57.085810: Epoch time: 71.22 s
2025-11-21 09:07:58.631739: 
2025-11-21 09:07:58.632017: Epoch 714
2025-11-21 09:07:58.632150: Current learning rate: 0.00324
2025-11-21 09:09:10.990544: train_loss -0.718
2025-11-21 09:09:10.990921: val_loss -0.727
2025-11-21 09:09:10.991028: Pseudo dice [np.float32(0.9015), np.float32(0.7718), np.float32(0.0)]
2025-11-21 09:09:10.991131: Epoch time: 72.36 s
2025-11-21 09:09:12.216647: 
2025-11-21 09:09:12.216846: Epoch 715
2025-11-21 09:09:12.216969: Current learning rate: 0.00323
2025-11-21 09:10:23.889599: train_loss -0.7285
2025-11-21 09:10:23.902297: val_loss -0.7584
2025-11-21 09:10:23.907364: Pseudo dice [np.float32(0.9164), np.float32(0.7701), np.float32(0.0)]
2025-11-21 09:10:23.907515: Epoch time: 71.67 s
2025-11-21 09:10:26.280664: 
2025-11-21 09:10:26.280882: Epoch 716
2025-11-21 09:10:26.281009: Current learning rate: 0.00322
2025-11-21 09:11:37.398083: train_loss -0.7319
2025-11-21 09:11:37.398356: val_loss -0.7438
2025-11-21 09:11:37.398462: Pseudo dice [np.float32(0.9193), np.float32(0.7608), np.float32(0.0)]
2025-11-21 09:11:37.398564: Epoch time: 71.12 s
2025-11-21 09:11:38.910376: 
2025-11-21 09:11:38.910679: Epoch 717
2025-11-21 09:11:38.910862: Current learning rate: 0.00321
2025-11-21 09:12:52.051063: train_loss -0.7292
2025-11-21 09:12:52.051421: val_loss -0.7021
2025-11-21 09:12:52.051521: Pseudo dice [np.float32(0.8969), np.float32(0.7564), np.float32(0.0)]
2025-11-21 09:12:52.051614: Epoch time: 73.14 s
2025-11-21 09:12:53.455333: 
2025-11-21 09:12:53.455572: Epoch 718
2025-11-21 09:12:53.455775: Current learning rate: 0.0032
2025-11-21 09:14:05.210486: train_loss -0.7031
2025-11-21 09:14:05.215636: val_loss -0.7057
2025-11-21 09:14:05.215809: Pseudo dice [np.float32(0.8923), np.float32(0.7508), np.float32(0.0)]
2025-11-21 09:14:05.215944: Epoch time: 71.76 s
2025-11-21 09:14:06.296964: 
2025-11-21 09:14:06.297183: Epoch 719
2025-11-21 09:14:06.297300: Current learning rate: 0.00319
2025-11-21 09:15:14.819288: train_loss -0.7111
2025-11-21 09:15:14.820168: val_loss -0.7094
2025-11-21 09:15:14.820297: Pseudo dice [np.float32(0.9084), np.float32(0.7652), np.float32(0.0)]
2025-11-21 09:15:14.820402: Epoch time: 68.52 s
2025-11-21 09:15:15.975990: 
2025-11-21 09:15:15.976254: Epoch 720
2025-11-21 09:15:15.976377: Current learning rate: 0.00318
2025-11-21 09:16:24.977829: train_loss -0.7241
2025-11-21 09:16:24.978091: val_loss -0.7447
2025-11-21 09:16:24.978202: Pseudo dice [np.float32(0.9046), np.float32(0.7746), np.float32(0.0)]
2025-11-21 09:16:24.978304: Epoch time: 69.0 s
2025-11-21 09:16:26.158214: 
2025-11-21 09:16:26.158419: Epoch 721
2025-11-21 09:16:26.158535: Current learning rate: 0.00317
2025-11-21 09:17:36.501380: train_loss -0.72
2025-11-21 09:17:36.501639: val_loss -0.7221
2025-11-21 09:17:36.501740: Pseudo dice [np.float32(0.8994), np.float32(0.7457), np.float32(0.0)]
2025-11-21 09:17:36.501840: Epoch time: 70.34 s
2025-11-21 09:17:38.145778: 
2025-11-21 09:17:38.145958: Epoch 722
2025-11-21 09:17:38.146075: Current learning rate: 0.00316
2025-11-21 09:18:45.888549: train_loss -0.7262
2025-11-21 09:18:45.888826: val_loss -0.7105
2025-11-21 09:18:45.888934: Pseudo dice [np.float32(0.9076), np.float32(0.7622), np.float32(0.0)]
2025-11-21 09:18:45.889040: Epoch time: 67.74 s
2025-11-21 09:18:47.208298: 
2025-11-21 09:18:47.208498: Epoch 723
2025-11-21 09:18:47.208613: Current learning rate: 0.00315
2025-11-21 09:19:56.345513: train_loss -0.7129
2025-11-21 09:19:56.345897: val_loss -0.6857
2025-11-21 09:19:56.346006: Pseudo dice [np.float32(0.9166), np.float32(0.745), np.float32(0.0)]
2025-11-21 09:19:56.346108: Epoch time: 69.14 s
2025-11-21 09:19:57.585482: 
2025-11-21 09:19:57.585680: Epoch 724
2025-11-21 09:19:57.585790: Current learning rate: 0.00314
2025-11-21 09:21:10.074648: train_loss -0.7155
2025-11-21 09:21:10.074952: val_loss -0.7254
2025-11-21 09:21:10.075053: Pseudo dice [np.float32(0.9061), np.float32(0.7697), np.float32(0.0)]
2025-11-21 09:21:10.075155: Epoch time: 72.49 s
2025-11-21 09:21:11.302234: 
2025-11-21 09:21:11.302471: Epoch 725
2025-11-21 09:21:11.302588: Current learning rate: 0.00313
2025-11-21 09:22:21.837508: train_loss -0.7229
2025-11-21 09:22:21.838346: val_loss -0.7141
2025-11-21 09:22:21.838458: Pseudo dice [np.float32(0.9093), np.float32(0.7642), np.float32(0.0)]
2025-11-21 09:22:21.838560: Epoch time: 70.54 s
2025-11-21 09:22:23.301336: 
2025-11-21 09:22:23.301531: Epoch 726
2025-11-21 09:22:23.301650: Current learning rate: 0.00312
2025-11-21 09:23:32.360480: train_loss -0.7248
2025-11-21 09:23:32.360701: val_loss -0.7304
2025-11-21 09:23:32.360795: Pseudo dice [np.float32(0.9047), np.float32(0.7601), np.float32(0.0)]
2025-11-21 09:23:32.360885: Epoch time: 69.06 s
2025-11-21 09:23:34.211308: 
2025-11-21 09:23:34.211493: Epoch 727
2025-11-21 09:23:34.211605: Current learning rate: 0.00311
2025-11-21 09:24:48.081140: train_loss -0.7167
2025-11-21 09:24:48.081414: val_loss -0.719
2025-11-21 09:24:48.081521: Pseudo dice [np.float32(0.9084), np.float32(0.7571), np.float32(0.0)]
2025-11-21 09:24:48.081628: Epoch time: 73.87 s
2025-11-21 09:24:49.628701: 
2025-11-21 09:24:49.628910: Epoch 728
2025-11-21 09:24:49.629040: Current learning rate: 0.0031
2025-11-21 09:25:59.092478: train_loss -0.7225
2025-11-21 09:25:59.092789: val_loss -0.7563
2025-11-21 09:25:59.092900: Pseudo dice [np.float32(0.9111), np.float32(0.7621), np.float32(0.0)]
2025-11-21 09:25:59.093001: Epoch time: 69.46 s
2025-11-21 09:26:01.119667: 
2025-11-21 09:26:01.119892: Epoch 729
2025-11-21 09:26:01.120017: Current learning rate: 0.00309
2025-11-21 09:27:12.382208: train_loss -0.7346
2025-11-21 09:27:12.382491: val_loss -0.729
2025-11-21 09:27:12.382592: Pseudo dice [np.float32(0.9105), np.float32(0.7609), np.float32(0.0)]
2025-11-21 09:27:12.382692: Epoch time: 71.26 s
2025-11-21 09:27:14.487102: 
2025-11-21 09:27:14.487382: Epoch 730
2025-11-21 09:27:14.487510: Current learning rate: 0.00308
2025-11-21 09:28:20.437045: train_loss -0.7516
2025-11-21 09:28:20.437313: val_loss -0.7212
2025-11-21 09:28:20.437413: Pseudo dice [np.float32(0.9093), np.float32(0.7558), np.float32(0.0)]
2025-11-21 09:28:20.437512: Epoch time: 65.95 s
2025-11-21 09:28:22.137667: 
2025-11-21 09:28:22.137943: Epoch 731
2025-11-21 09:28:22.138068: Current learning rate: 0.00307
2025-11-21 09:29:31.457260: train_loss -0.7199
2025-11-21 09:29:31.457529: val_loss -0.6959
2025-11-21 09:29:31.457641: Pseudo dice [np.float32(0.9001), np.float32(0.7396), np.float32(0.0)]
2025-11-21 09:29:31.457746: Epoch time: 69.32 s
2025-11-21 09:29:32.605051: 
2025-11-21 09:29:32.605266: Epoch 732
2025-11-21 09:29:32.605385: Current learning rate: 0.00306
2025-11-21 09:30:39.957720: train_loss -0.7212
2025-11-21 09:30:39.957971: val_loss -0.7334
2025-11-21 09:30:39.958139: Pseudo dice [np.float32(0.9001), np.float32(0.7534), np.float32(0.0)]
2025-11-21 09:30:39.958260: Epoch time: 67.35 s
2025-11-21 09:30:41.086650: 
2025-11-21 09:30:41.086859: Epoch 733
2025-11-21 09:30:41.086994: Current learning rate: 0.00305
2025-11-21 09:31:48.723244: train_loss -0.7129
2025-11-21 09:31:48.723500: val_loss -0.7322
2025-11-21 09:31:48.723703: Pseudo dice [np.float32(0.9006), np.float32(0.7511), np.float32(0.0)]
2025-11-21 09:31:48.723812: Epoch time: 67.64 s
2025-11-21 09:31:49.907947: 
2025-11-21 09:31:49.908150: Epoch 734
2025-11-21 09:31:49.908272: Current learning rate: 0.00304
2025-11-21 09:33:02.525595: train_loss -0.7164
2025-11-21 09:33:02.526576: val_loss -0.7344
2025-11-21 09:33:02.526697: Pseudo dice [np.float32(0.8959), np.float32(0.7633), np.float32(0.0)]
2025-11-21 09:33:02.526792: Epoch time: 72.62 s
2025-11-21 09:33:04.016381: 
2025-11-21 09:33:04.016586: Epoch 735
2025-11-21 09:33:04.016752: Current learning rate: 0.00303
2025-11-21 09:34:10.697108: train_loss -0.73
2025-11-21 09:34:10.697375: val_loss -0.7469
2025-11-21 09:34:10.699708: Pseudo dice [np.float32(0.9028), np.float32(0.7585), np.float32(0.0)]
2025-11-21 09:34:10.699852: Epoch time: 66.68 s
2025-11-21 09:34:12.312250: 
2025-11-21 09:34:12.312511: Epoch 736
2025-11-21 09:34:12.312732: Current learning rate: 0.00302
2025-11-21 09:35:24.939983: train_loss -0.7212
2025-11-21 09:35:24.943231: val_loss -0.7394
2025-11-21 09:35:24.943402: Pseudo dice [np.float32(0.9007), np.float32(0.761), np.float32(0.0)]
2025-11-21 09:35:24.943498: Epoch time: 72.63 s
2025-11-21 09:35:26.411368: 
2025-11-21 09:35:26.411562: Epoch 737
2025-11-21 09:35:26.411682: Current learning rate: 0.00301
2025-11-21 09:36:34.849255: train_loss -0.7243
2025-11-21 09:36:34.851182: val_loss -0.712
2025-11-21 09:36:34.851337: Pseudo dice [np.float32(0.9104), np.float32(0.7555), np.float32(0.0)]
2025-11-21 09:36:34.853127: Epoch time: 68.44 s
2025-11-21 09:36:37.679469: 
2025-11-21 09:36:37.679640: Epoch 738
2025-11-21 09:36:37.679749: Current learning rate: 0.003
2025-11-21 09:37:48.185357: train_loss -0.7172
2025-11-21 09:37:48.185612: val_loss -0.7649
2025-11-21 09:37:48.185705: Pseudo dice [np.float32(0.9136), np.float32(0.7497), np.float32(0.0)]
2025-11-21 09:37:48.185801: Epoch time: 70.51 s
2025-11-21 09:37:49.999096: 
2025-11-21 09:37:49.999388: Epoch 739
2025-11-21 09:37:49.999509: Current learning rate: 0.00299
2025-11-21 09:38:58.674417: train_loss -0.7184
2025-11-21 09:38:58.674655: val_loss -0.7253
2025-11-21 09:38:58.674760: Pseudo dice [np.float32(0.9037), np.float32(0.7559), np.float32(0.0)]
2025-11-21 09:38:58.674866: Epoch time: 68.68 s
2025-11-21 09:39:00.168656: 
2025-11-21 09:39:00.168860: Epoch 740
2025-11-21 09:39:00.169054: Current learning rate: 0.00297
2025-11-21 09:40:12.125933: train_loss -0.7177
2025-11-21 09:40:12.126263: val_loss -0.7067
2025-11-21 09:40:12.126371: Pseudo dice [np.float32(0.8996), np.float32(0.7492), np.float32(0.0)]
2025-11-21 09:40:12.126472: Epoch time: 71.96 s
2025-11-21 09:40:13.692225: 
2025-11-21 09:40:13.692461: Epoch 741
2025-11-21 09:40:13.692583: Current learning rate: 0.00296
2025-11-21 09:41:24.041737: train_loss -0.7258
2025-11-21 09:41:24.041999: val_loss -0.7089
2025-11-21 09:41:24.043252: Pseudo dice [np.float32(0.8957), np.float32(0.746), np.float32(0.0)]
2025-11-21 09:41:24.043471: Epoch time: 70.35 s
2025-11-21 09:41:25.201902: 
2025-11-21 09:41:25.202140: Epoch 742
2025-11-21 09:41:25.202266: Current learning rate: 0.00295
2025-11-21 09:42:34.745372: train_loss -0.7208
2025-11-21 09:42:34.745644: val_loss -0.7178
2025-11-21 09:42:34.745749: Pseudo dice [np.float32(0.9099), np.float32(0.7576), np.float32(0.0)]
2025-11-21 09:42:34.745851: Epoch time: 69.54 s
2025-11-21 09:42:35.852885: 
2025-11-21 09:42:35.853090: Epoch 743
2025-11-21 09:42:35.853213: Current learning rate: 0.00294
2025-11-21 09:43:42.965826: train_loss -0.7293
2025-11-21 09:43:42.966120: val_loss -0.7254
2025-11-21 09:43:42.966235: Pseudo dice [np.float32(0.9152), np.float32(0.7653), np.float32(0.0)]
2025-11-21 09:43:42.966343: Epoch time: 67.11 s
2025-11-21 09:43:44.208880: 
2025-11-21 09:43:44.209138: Epoch 744
2025-11-21 09:43:44.209273: Current learning rate: 0.00293
2025-11-21 09:44:57.704119: train_loss -0.7271
2025-11-21 09:44:57.704389: val_loss -0.7044
2025-11-21 09:44:57.704490: Pseudo dice [np.float32(0.9156), np.float32(0.7711), np.float32(0.0)]
2025-11-21 09:44:57.704590: Epoch time: 73.5 s
2025-11-21 09:44:58.926032: 
2025-11-21 09:44:58.926307: Epoch 745
2025-11-21 09:44:58.926432: Current learning rate: 0.00292
2025-11-21 09:46:05.231639: train_loss -0.7202
2025-11-21 09:46:05.231915: val_loss -0.7052
2025-11-21 09:46:05.232018: Pseudo dice [np.float32(0.9017), np.float32(0.761), np.float32(0.0)]
2025-11-21 09:46:05.232117: Epoch time: 66.31 s
2025-11-21 09:46:07.076602: 
2025-11-21 09:46:07.076818: Epoch 746
2025-11-21 09:46:07.076937: Current learning rate: 0.00291
2025-11-21 09:47:20.043051: train_loss -0.7264
2025-11-21 09:47:20.043339: val_loss -0.7223
2025-11-21 09:47:20.043448: Pseudo dice [np.float32(0.9015), np.float32(0.7605), np.float32(0.0)]
2025-11-21 09:47:20.043551: Epoch time: 72.97 s
2025-11-21 09:47:21.970222: 
2025-11-21 09:47:21.970422: Epoch 747
2025-11-21 09:47:21.970539: Current learning rate: 0.0029
2025-11-21 09:48:28.361011: train_loss -0.7292
2025-11-21 09:48:28.361280: val_loss -0.7057
2025-11-21 09:48:28.361380: Pseudo dice [np.float32(0.9023), np.float32(0.7583), np.float32(0.0)]
2025-11-21 09:48:28.361476: Epoch time: 66.39 s
2025-11-21 09:48:30.614931: 
2025-11-21 09:48:30.615201: Epoch 748
2025-11-21 09:48:30.615331: Current learning rate: 0.00289
2025-11-21 09:49:40.520045: train_loss -0.7151
2025-11-21 09:49:40.521928: val_loss -0.68
2025-11-21 09:49:40.522038: Pseudo dice [np.float32(0.9003), np.float32(0.7306), np.float32(0.0)]
2025-11-21 09:49:40.522134: Epoch time: 69.91 s
2025-11-21 09:49:42.077031: 
2025-11-21 09:49:42.077236: Epoch 749
2025-11-21 09:49:42.077347: Current learning rate: 0.00288
2025-11-21 09:50:53.798813: train_loss -0.6997
2025-11-21 09:50:53.799063: val_loss -0.7405
2025-11-21 09:50:53.799167: Pseudo dice [np.float32(0.9193), np.float32(0.7554), np.float32(0.0)]
2025-11-21 09:50:53.799280: Epoch time: 71.72 s
2025-11-21 09:50:55.875010: 
2025-11-21 09:50:55.875277: Epoch 750
2025-11-21 09:50:55.875398: Current learning rate: 0.00287
2025-11-21 09:52:07.198085: train_loss -0.7128
2025-11-21 09:52:07.198393: val_loss -0.715
2025-11-21 09:52:07.198501: Pseudo dice [np.float32(0.9057), np.float32(0.7471), np.float32(0.0)]
2025-11-21 09:52:07.198602: Epoch time: 71.32 s
2025-11-21 09:52:08.341766: 
2025-11-21 09:52:08.341984: Epoch 751
2025-11-21 09:52:08.342107: Current learning rate: 0.00286
2025-11-21 09:53:19.955680: train_loss -0.7208
2025-11-21 09:53:19.959132: val_loss -0.6932
2025-11-21 09:53:19.959452: Pseudo dice [np.float32(0.8997), np.float32(0.746), np.float32(0.0)]
2025-11-21 09:53:19.959567: Epoch time: 71.61 s
2025-11-21 09:53:21.595520: 
2025-11-21 09:53:21.595712: Epoch 752
2025-11-21 09:53:21.595823: Current learning rate: 0.00285
2025-11-21 09:54:33.734264: train_loss -0.7164
2025-11-21 09:54:33.734533: val_loss -0.7241
2025-11-21 09:54:33.734635: Pseudo dice [np.float32(0.9045), np.float32(0.7589), np.float32(0.0)]
2025-11-21 09:54:33.734735: Epoch time: 72.14 s
2025-11-21 09:54:34.890343: 
2025-11-21 09:54:34.890595: Epoch 753
2025-11-21 09:54:34.890717: Current learning rate: 0.00284
2025-11-21 09:55:41.121658: train_loss -0.704
2025-11-21 09:55:41.121915: val_loss -0.7171
2025-11-21 09:55:41.122017: Pseudo dice [np.float32(0.9057), np.float32(0.7559), np.float32(0.0)]
2025-11-21 09:55:41.122116: Epoch time: 66.23 s
2025-11-21 09:55:42.681373: 
2025-11-21 09:55:42.681590: Epoch 754
2025-11-21 09:55:42.681707: Current learning rate: 0.00283
2025-11-21 09:56:51.397505: train_loss -0.7207
2025-11-21 09:56:51.397777: val_loss -0.726
2025-11-21 09:56:51.397880: Pseudo dice [np.float32(0.8983), np.float32(0.7595), np.float32(0.0)]
2025-11-21 09:56:51.397981: Epoch time: 68.72 s
2025-11-21 09:56:52.436444: 
2025-11-21 09:56:52.436665: Epoch 755
2025-11-21 09:56:52.436827: Current learning rate: 0.00282
2025-11-21 09:58:02.387908: train_loss -0.7249
2025-11-21 09:58:02.389843: val_loss -0.7095
2025-11-21 09:58:02.389948: Pseudo dice [np.float32(0.9034), np.float32(0.7636), np.float32(0.0)]
2025-11-21 09:58:02.390042: Epoch time: 69.95 s
2025-11-21 09:58:04.244212: 
2025-11-21 09:58:04.244412: Epoch 756
2025-11-21 09:58:04.244528: Current learning rate: 0.00281
2025-11-21 09:59:15.064585: train_loss -0.7167
2025-11-21 09:59:15.064950: val_loss -0.7112
2025-11-21 09:59:15.065053: Pseudo dice [np.float32(0.8954), np.float32(0.7585), np.float32(0.0)]
2025-11-21 09:59:15.065156: Epoch time: 70.82 s
2025-11-21 09:59:16.277973: 
2025-11-21 09:59:16.278186: Epoch 757
2025-11-21 09:59:16.278306: Current learning rate: 0.0028
2025-11-21 10:00:23.968704: train_loss -0.7149
2025-11-21 10:00:23.968983: val_loss -0.6499
2025-11-21 10:00:23.969089: Pseudo dice [np.float32(0.9051), np.float32(0.7518), np.float32(0.0)]
2025-11-21 10:00:23.971873: Epoch time: 67.69 s
2025-11-21 10:00:25.231303: 
2025-11-21 10:00:25.231522: Epoch 758
2025-11-21 10:00:25.231636: Current learning rate: 0.00279
2025-11-21 10:01:40.163289: train_loss -0.7162
2025-11-21 10:01:40.164068: val_loss -0.7164
2025-11-21 10:01:40.164185: Pseudo dice [np.float32(0.8948), np.float32(0.7625), np.float32(0.0)]
2025-11-21 10:01:40.164355: Epoch time: 74.93 s
2025-11-21 10:01:41.911048: 
2025-11-21 10:01:41.911303: Epoch 759
2025-11-21 10:01:41.911458: Current learning rate: 0.00278
2025-11-21 10:02:53.881813: train_loss -0.7202
2025-11-21 10:02:53.882079: val_loss -0.7292
2025-11-21 10:02:53.882190: Pseudo dice [np.float32(0.9164), np.float32(0.7734), np.float32(0.0)]
2025-11-21 10:02:53.882303: Epoch time: 71.97 s
2025-11-21 10:02:55.013328: 
2025-11-21 10:02:55.013536: Epoch 760
2025-11-21 10:02:55.013698: Current learning rate: 0.00277
2025-11-21 10:04:03.453607: train_loss -0.7217
2025-11-21 10:04:03.453838: val_loss -0.7207
2025-11-21 10:04:03.453942: Pseudo dice [np.float32(0.9008), np.float32(0.7701), np.float32(0.0)]
2025-11-21 10:04:03.454041: Epoch time: 68.44 s
2025-11-21 10:04:05.758667: 
2025-11-21 10:04:05.758903: Epoch 761
2025-11-21 10:04:05.759024: Current learning rate: 0.00276
2025-11-21 10:05:16.189571: train_loss -0.7296
2025-11-21 10:05:16.189933: val_loss -0.7138
2025-11-21 10:05:16.190043: Pseudo dice [np.float32(0.9019), np.float32(0.7211), np.float32(0.0)]
2025-11-21 10:05:16.190143: Epoch time: 70.43 s
2025-11-21 10:05:17.454219: 
2025-11-21 10:05:17.454459: Epoch 762
2025-11-21 10:05:17.454581: Current learning rate: 0.00275
2025-11-21 10:06:31.971709: train_loss -0.709
2025-11-21 10:06:31.972045: val_loss -0.6941
2025-11-21 10:06:31.972143: Pseudo dice [np.float32(0.9031), np.float32(0.7552), np.float32(0.0)]
2025-11-21 10:06:31.978195: Epoch time: 74.52 s
2025-11-21 10:06:33.572675: 
2025-11-21 10:06:33.572865: Epoch 763
2025-11-21 10:06:33.572988: Current learning rate: 0.00274
2025-11-21 10:07:44.388968: train_loss -0.7258
2025-11-21 10:07:44.389351: val_loss -0.709
2025-11-21 10:07:44.389458: Pseudo dice [np.float32(0.9109), np.float32(0.7607), np.float32(0.0)]
2025-11-21 10:07:44.389559: Epoch time: 70.82 s
2025-11-21 10:07:45.597753: 
2025-11-21 10:07:45.597953: Epoch 764
2025-11-21 10:07:45.598073: Current learning rate: 0.00273
2025-11-21 10:08:55.255224: train_loss -0.7341
2025-11-21 10:08:55.255596: val_loss -0.7165
2025-11-21 10:08:55.255710: Pseudo dice [np.float32(0.904), np.float32(0.7554), np.float32(0.0)]
2025-11-21 10:08:55.255816: Epoch time: 69.66 s
2025-11-21 10:08:57.033824: 
2025-11-21 10:08:57.034008: Epoch 765
2025-11-21 10:08:57.034125: Current learning rate: 0.00272
2025-11-21 10:10:07.632402: train_loss -0.7157
2025-11-21 10:10:07.632667: val_loss -0.7158
2025-11-21 10:10:07.632769: Pseudo dice [np.float32(0.8991), np.float32(0.7642), np.float32(0.0)]
2025-11-21 10:10:07.632871: Epoch time: 70.6 s
2025-11-21 10:10:09.413745: 
2025-11-21 10:10:09.414035: Epoch 766
2025-11-21 10:10:09.414154: Current learning rate: 0.00271
2025-11-21 10:11:16.234209: train_loss -0.7218
2025-11-21 10:11:16.234467: val_loss -0.7134
2025-11-21 10:11:16.234570: Pseudo dice [np.float32(0.9026), np.float32(0.761), np.float32(0.0)]
2025-11-21 10:11:16.234669: Epoch time: 66.82 s
2025-11-21 10:11:17.363085: 
2025-11-21 10:11:17.363265: Epoch 767
2025-11-21 10:11:17.363426: Current learning rate: 0.0027
2025-11-21 10:12:25.414952: train_loss -0.7417
2025-11-21 10:12:25.415241: val_loss -0.6943
2025-11-21 10:12:25.415346: Pseudo dice [np.float32(0.9084), np.float32(0.7625), np.float32(0.0)]
2025-11-21 10:12:25.415449: Epoch time: 68.05 s
2025-11-21 10:12:26.672286: 
2025-11-21 10:12:26.672515: Epoch 768
2025-11-21 10:12:26.672637: Current learning rate: 0.00268
2025-11-21 10:13:38.141028: train_loss -0.7354
2025-11-21 10:13:38.141249: val_loss -0.6856
2025-11-21 10:13:38.141351: Pseudo dice [np.float32(0.9141), np.float32(0.7628), np.float32(0.0)]
2025-11-21 10:13:38.141532: Epoch time: 71.47 s
2025-11-21 10:13:39.293439: 
2025-11-21 10:13:39.293723: Epoch 769
2025-11-21 10:13:39.293846: Current learning rate: 0.00267
2025-11-21 10:14:49.711289: train_loss -0.7285
2025-11-21 10:14:49.711578: val_loss -0.7377
2025-11-21 10:14:49.711679: Pseudo dice [np.float32(0.9023), np.float32(0.7478), np.float32(0.0)]
2025-11-21 10:14:49.711780: Epoch time: 70.42 s
2025-11-21 10:14:51.984757: 
2025-11-21 10:14:51.984953: Epoch 770
2025-11-21 10:14:51.985069: Current learning rate: 0.00266
2025-11-21 10:16:01.575218: train_loss -0.7108
2025-11-21 10:16:01.575592: val_loss -0.6906
2025-11-21 10:16:01.575701: Pseudo dice [np.float32(0.905), np.float32(0.761), np.float32(0.0)]
2025-11-21 10:16:01.575804: Epoch time: 69.59 s
2025-11-21 10:16:02.902941: 
2025-11-21 10:16:02.903198: Epoch 771
2025-11-21 10:16:02.903309: Current learning rate: 0.00265
2025-11-21 10:17:09.544731: train_loss -0.7264
2025-11-21 10:17:09.545095: val_loss -0.7368
2025-11-21 10:17:09.545207: Pseudo dice [np.float32(0.9053), np.float32(0.765), np.float32(0.0)]
2025-11-21 10:17:09.545309: Epoch time: 66.64 s
2025-11-21 10:17:10.684853: 
2025-11-21 10:17:10.685029: Epoch 772
2025-11-21 10:17:10.685140: Current learning rate: 0.00264
2025-11-21 10:18:18.115139: train_loss -0.7311
2025-11-21 10:18:18.115458: val_loss -0.7194
2025-11-21 10:18:18.115553: Pseudo dice [np.float32(0.9041), np.float32(0.76), np.float32(0.0)]
2025-11-21 10:18:18.115644: Epoch time: 67.43 s
2025-11-21 10:18:19.280718: 
2025-11-21 10:18:19.280954: Epoch 773
2025-11-21 10:18:19.281084: Current learning rate: 0.00263
2025-11-21 10:19:28.189731: train_loss -0.7328
2025-11-21 10:19:28.189972: val_loss -0.7182
2025-11-21 10:19:28.190072: Pseudo dice [np.float32(0.9084), np.float32(0.7572), np.float32(0.0)]
2025-11-21 10:19:28.192316: Epoch time: 68.91 s
2025-11-21 10:19:29.384090: 
2025-11-21 10:19:29.384395: Epoch 774
2025-11-21 10:19:29.384672: Current learning rate: 0.00262
2025-11-21 10:20:39.146658: train_loss -0.7403
2025-11-21 10:20:39.147016: val_loss -0.7172
2025-11-21 10:20:39.147122: Pseudo dice [np.float32(0.9109), np.float32(0.7634), np.float32(0.0)]
2025-11-21 10:20:39.147230: Epoch time: 69.76 s
2025-11-21 10:20:40.407968: 
2025-11-21 10:20:40.408152: Epoch 775
2025-11-21 10:20:40.408274: Current learning rate: 0.00261
2025-11-21 10:21:48.279216: train_loss -0.7358
2025-11-21 10:21:48.279553: val_loss -0.6946
2025-11-21 10:21:48.279661: Pseudo dice [np.float32(0.9013), np.float32(0.7691), np.float32(0.0)]
2025-11-21 10:21:48.279763: Epoch time: 67.87 s
2025-11-21 10:21:49.454233: 
2025-11-21 10:21:49.454431: Epoch 776
2025-11-21 10:21:49.454547: Current learning rate: 0.0026
2025-11-21 10:22:57.096547: train_loss -0.7126
2025-11-21 10:22:57.096927: val_loss -0.7155
2025-11-21 10:22:57.097039: Pseudo dice [np.float32(0.9087), np.float32(0.7605), np.float32(0.0)]
2025-11-21 10:22:57.097138: Epoch time: 67.64 s
2025-11-21 10:22:58.627685: 
2025-11-21 10:22:58.627890: Epoch 777
2025-11-21 10:22:58.628007: Current learning rate: 0.00259
2025-11-21 10:24:06.952463: train_loss -0.7422
2025-11-21 10:24:06.952738: val_loss -0.7099
2025-11-21 10:24:06.954002: Pseudo dice [np.float32(0.9018), np.float32(0.7675), np.float32(0.0)]
2025-11-21 10:24:06.954313: Epoch time: 68.33 s
2025-11-21 10:24:08.840829: 
2025-11-21 10:24:08.841124: Epoch 778
2025-11-21 10:24:08.841262: Current learning rate: 0.00258
2025-11-21 10:25:20.932178: train_loss -0.7363
2025-11-21 10:25:20.939612: val_loss -0.7065
2025-11-21 10:25:20.939823: Pseudo dice [np.float32(0.9009), np.float32(0.7706), np.float32(0.0)]
2025-11-21 10:25:20.939929: Epoch time: 72.09 s
2025-11-21 10:25:22.406899: 
2025-11-21 10:25:22.407135: Epoch 779
2025-11-21 10:25:22.407331: Current learning rate: 0.00257
2025-11-21 10:26:32.519352: train_loss -0.7347
2025-11-21 10:26:32.519623: val_loss -0.728
2025-11-21 10:26:32.519728: Pseudo dice [np.float32(0.8989), np.float32(0.763), np.float32(0.0)]
2025-11-21 10:26:32.520916: Epoch time: 70.11 s
2025-11-21 10:26:34.148825: 
2025-11-21 10:26:34.149043: Epoch 780
2025-11-21 10:26:34.149158: Current learning rate: 0.00256
2025-11-21 10:27:47.362806: train_loss -0.7281
2025-11-21 10:27:47.363902: val_loss -0.7025
2025-11-21 10:27:47.364028: Pseudo dice [np.float32(0.9048), np.float32(0.7644), np.float32(0.0)]
2025-11-21 10:27:47.364132: Epoch time: 73.21 s
2025-11-21 10:27:48.568777: 
2025-11-21 10:27:48.569078: Epoch 781
2025-11-21 10:27:48.569264: Current learning rate: 0.00255
2025-11-21 10:28:56.679105: train_loss -0.7272
2025-11-21 10:28:56.679392: val_loss -0.6739
2025-11-21 10:28:56.679490: Pseudo dice [np.float32(0.8939), np.float32(0.7314), np.float32(0.0)]
2025-11-21 10:28:56.679584: Epoch time: 68.1 s
2025-11-21 10:28:58.114788: 
2025-11-21 10:28:58.115062: Epoch 782
2025-11-21 10:28:58.115204: Current learning rate: 0.00254
2025-11-21 10:30:06.811709: train_loss -0.7178
2025-11-21 10:30:06.812051: val_loss -0.7072
2025-11-21 10:30:06.812146: Pseudo dice [np.float32(0.8967), np.float32(0.7693), np.float32(0.0)]
2025-11-21 10:30:06.812246: Epoch time: 68.7 s
2025-11-21 10:30:07.998266: 
2025-11-21 10:30:07.998642: Epoch 783
2025-11-21 10:30:07.998769: Current learning rate: 0.00253
2025-11-21 10:31:18.014947: train_loss -0.7352
2025-11-21 10:31:18.015315: val_loss -0.7076
2025-11-21 10:31:18.015422: Pseudo dice [np.float32(0.9121), np.float32(0.7595), np.float32(0.0)]
2025-11-21 10:31:18.015524: Epoch time: 70.02 s
2025-11-21 10:31:19.190625: 
2025-11-21 10:31:19.190831: Epoch 784
2025-11-21 10:31:19.190948: Current learning rate: 0.00252
2025-11-21 10:32:26.616683: train_loss -0.7211
2025-11-21 10:32:26.616966: val_loss -0.7434
2025-11-21 10:32:26.617071: Pseudo dice [np.float32(0.8997), np.float32(0.7679), np.float32(0.0)]
2025-11-21 10:32:26.617187: Epoch time: 67.43 s
2025-11-21 10:32:27.762630: 
2025-11-21 10:32:27.762945: Epoch 785
2025-11-21 10:32:27.763091: Current learning rate: 0.00251
2025-11-21 10:33:36.692613: train_loss -0.7365
2025-11-21 10:33:36.694081: val_loss -0.7203
2025-11-21 10:33:36.694314: Pseudo dice [np.float32(0.9), np.float32(0.761), np.float32(0.0)]
2025-11-21 10:33:36.694417: Epoch time: 68.93 s
2025-11-21 10:33:37.919330: 
2025-11-21 10:33:37.919626: Epoch 786
2025-11-21 10:33:37.919749: Current learning rate: 0.0025
2025-11-21 10:34:45.430464: train_loss -0.7278
2025-11-21 10:34:45.431410: val_loss -0.7281
2025-11-21 10:34:45.431519: Pseudo dice [np.float32(0.9109), np.float32(0.7531), np.float32(0.0)]
2025-11-21 10:34:45.431621: Epoch time: 67.51 s
2025-11-21 10:34:46.838167: 
2025-11-21 10:34:46.838366: Epoch 787
2025-11-21 10:34:46.838480: Current learning rate: 0.00249
2025-11-21 10:35:56.826166: train_loss -0.7304
2025-11-21 10:35:56.826442: val_loss -0.7239
2025-11-21 10:35:56.826534: Pseudo dice [np.float32(0.9072), np.float32(0.7593), np.float32(0.0)]
2025-11-21 10:35:56.826624: Epoch time: 69.99 s
2025-11-21 10:35:57.957430: 
2025-11-21 10:35:57.957624: Epoch 788
2025-11-21 10:35:57.957738: Current learning rate: 0.00248
2025-11-21 10:37:04.943023: train_loss -0.7371
2025-11-21 10:37:04.943303: val_loss -0.723
2025-11-21 10:37:04.943400: Pseudo dice [np.float32(0.9095), np.float32(0.7651), np.float32(0.0)]
2025-11-21 10:37:04.943494: Epoch time: 66.99 s
2025-11-21 10:37:06.324681: 
2025-11-21 10:37:06.324869: Epoch 789
2025-11-21 10:37:06.324985: Current learning rate: 0.00247
2025-11-21 10:38:13.069742: train_loss -0.7422
2025-11-21 10:38:13.070107: val_loss -0.7101
2025-11-21 10:38:13.070223: Pseudo dice [np.float32(0.9004), np.float32(0.759), np.float32(0.0)]
2025-11-21 10:38:13.070326: Epoch time: 66.75 s
2025-11-21 10:38:14.983955: 
2025-11-21 10:38:14.984245: Epoch 790
2025-11-21 10:38:14.984371: Current learning rate: 0.00245
2025-11-21 10:39:30.127398: train_loss -0.7052
2025-11-21 10:39:30.127633: val_loss -0.705
2025-11-21 10:39:30.127735: Pseudo dice [np.float32(0.8976), np.float32(0.7586), np.float32(0.0)]
2025-11-21 10:39:30.127835: Epoch time: 75.14 s
2025-11-21 10:39:32.123654: 
2025-11-21 10:39:32.123884: Epoch 791
2025-11-21 10:39:32.124003: Current learning rate: 0.00244
2025-11-21 10:40:38.830653: train_loss -0.7359
2025-11-21 10:40:38.833096: val_loss -0.7048
2025-11-21 10:40:38.833260: Pseudo dice [np.float32(0.9078), np.float32(0.7574), np.float32(0.0)]
2025-11-21 10:40:38.833357: Epoch time: 66.71 s
2025-11-21 10:40:40.791305: 
2025-11-21 10:40:40.791544: Epoch 792
2025-11-21 10:40:40.791662: Current learning rate: 0.00243
2025-11-21 10:41:49.118601: train_loss -0.7337
2025-11-21 10:41:49.118870: val_loss -0.7221
2025-11-21 10:41:49.118974: Pseudo dice [np.float32(0.9118), np.float32(0.7678), np.float32(0.0)]
2025-11-21 10:41:49.119075: Epoch time: 68.33 s
2025-11-21 10:41:50.891507: 
2025-11-21 10:41:50.891796: Epoch 793
2025-11-21 10:41:50.891920: Current learning rate: 0.00242
2025-11-21 10:43:04.250262: train_loss -0.7275
2025-11-21 10:43:04.250523: val_loss -0.6901
2025-11-21 10:43:04.250627: Pseudo dice [np.float32(0.9076), np.float32(0.7666), np.float32(0.0)]
2025-11-21 10:43:04.250728: Epoch time: 73.36 s
2025-11-21 10:43:05.985043: 
2025-11-21 10:43:05.985277: Epoch 794
2025-11-21 10:43:05.985397: Current learning rate: 0.00241
2025-11-21 10:44:12.522725: train_loss -0.7307
2025-11-21 10:44:12.524573: val_loss -0.7006
2025-11-21 10:44:12.524725: Pseudo dice [np.float32(0.8994), np.float32(0.7578), np.float32(0.0)]
2025-11-21 10:44:12.524829: Epoch time: 66.54 s
2025-11-21 10:44:13.711139: 
2025-11-21 10:44:13.711346: Epoch 795
2025-11-21 10:44:13.711460: Current learning rate: 0.0024
2025-11-21 10:45:19.339184: train_loss -0.735
2025-11-21 10:45:19.339472: val_loss -0.7453
2025-11-21 10:45:19.339575: Pseudo dice [np.float32(0.9127), np.float32(0.7649), np.float32(0.0)]
2025-11-21 10:45:19.339676: Epoch time: 65.63 s
2025-11-21 10:45:20.533267: 
2025-11-21 10:45:20.533441: Epoch 796
2025-11-21 10:45:20.533558: Current learning rate: 0.00239
2025-11-21 10:46:30.721760: train_loss -0.7369
2025-11-21 10:46:30.722018: val_loss -0.703
2025-11-21 10:46:30.722125: Pseudo dice [np.float32(0.9115), np.float32(0.7673), np.float32(0.0)]
2025-11-21 10:46:30.723732: Epoch time: 70.19 s
2025-11-21 10:46:31.870402: 
2025-11-21 10:46:31.870638: Epoch 797
2025-11-21 10:46:31.870758: Current learning rate: 0.00238
2025-11-21 10:47:42.142603: train_loss -0.7245
2025-11-21 10:47:42.142884: val_loss -0.6934
2025-11-21 10:47:42.145287: Pseudo dice [np.float32(0.9012), np.float32(0.7551), np.float32(0.0)]
2025-11-21 10:47:42.145403: Epoch time: 70.27 s
2025-11-21 10:47:43.324093: 
2025-11-21 10:47:43.324319: Epoch 798
2025-11-21 10:47:43.324432: Current learning rate: 0.00237
2025-11-21 10:48:54.740226: train_loss -0.725
2025-11-21 10:48:54.740560: val_loss -0.7342
2025-11-21 10:48:54.740677: Pseudo dice [np.float32(0.9088), np.float32(0.7562), np.float32(0.0)]
2025-11-21 10:48:54.740784: Epoch time: 71.42 s
2025-11-21 10:48:56.237043: 
2025-11-21 10:48:56.237243: Epoch 799
2025-11-21 10:48:56.237359: Current learning rate: 0.00236
2025-11-21 10:50:06.609530: train_loss -0.7237
2025-11-21 10:50:06.609876: val_loss -0.7348
2025-11-21 10:50:06.609987: Pseudo dice [np.float32(0.909), np.float32(0.7504), np.float32(0.0)]
2025-11-21 10:50:06.610087: Epoch time: 70.37 s
2025-11-21 10:50:08.429801: 
2025-11-21 10:50:08.430094: Epoch 800
2025-11-21 10:50:08.430250: Current learning rate: 0.00235
2025-11-21 10:51:16.516303: train_loss -0.7246
2025-11-21 10:51:16.516570: val_loss -0.715
2025-11-21 10:51:16.516674: Pseudo dice [np.float32(0.9116), np.float32(0.7413), np.float32(0.0)]
2025-11-21 10:51:16.516774: Epoch time: 68.09 s
2025-11-21 10:51:17.721987: 
2025-11-21 10:51:17.722204: Epoch 801
2025-11-21 10:51:17.722331: Current learning rate: 0.00234
2025-11-21 10:52:25.269194: train_loss -0.7224
2025-11-21 10:52:25.272369: val_loss -0.6827
2025-11-21 10:52:25.272483: Pseudo dice [np.float32(0.8948), np.float32(0.7497), np.float32(0.0)]
2025-11-21 10:52:25.272579: Epoch time: 67.55 s
2025-11-21 10:52:27.785814: 
2025-11-21 10:52:27.786024: Epoch 802
2025-11-21 10:52:27.786138: Current learning rate: 0.00233
2025-11-21 10:53:36.071694: train_loss -0.7207
2025-11-21 10:53:36.072010: val_loss -0.7221
2025-11-21 10:53:36.072119: Pseudo dice [np.float32(0.9059), np.float32(0.7558), np.float32(0.0)]
2025-11-21 10:53:36.072230: Epoch time: 68.29 s
2025-11-21 10:53:37.678805: 
2025-11-21 10:53:37.679043: Epoch 803
2025-11-21 10:53:37.679163: Current learning rate: 0.00232
2025-11-21 10:54:46.452008: train_loss -0.7271
2025-11-21 10:54:46.452290: val_loss -0.7288
2025-11-21 10:54:46.452397: Pseudo dice [np.float32(0.9194), np.float32(0.7618), np.float32(0.0)]
2025-11-21 10:54:46.452601: Epoch time: 68.77 s
2025-11-21 10:54:47.608496: 
2025-11-21 10:54:47.608720: Epoch 804
2025-11-21 10:54:47.608829: Current learning rate: 0.00231
2025-11-21 10:55:56.141485: train_loss -0.7283
2025-11-21 10:55:56.141790: val_loss -0.7452
2025-11-21 10:55:56.141918: Pseudo dice [np.float32(0.917), np.float32(0.7514), np.float32(0.0)]
2025-11-21 10:55:56.142021: Epoch time: 68.53 s
2025-11-21 10:55:57.297837: 
2025-11-21 10:55:57.298069: Epoch 805
2025-11-21 10:55:57.298188: Current learning rate: 0.0023
2025-11-21 10:57:08.612545: train_loss -0.7256
2025-11-21 10:57:08.612930: val_loss -0.7102
2025-11-21 10:57:08.613047: Pseudo dice [np.float32(0.9116), np.float32(0.7565), np.float32(0.0)]
2025-11-21 10:57:08.613150: Epoch time: 71.32 s
2025-11-21 10:57:10.158306: 
2025-11-21 10:57:10.158525: Epoch 806
2025-11-21 10:57:10.158643: Current learning rate: 0.00229
2025-11-21 10:58:18.074578: train_loss -0.7272
2025-11-21 10:58:18.074845: val_loss -0.7165
2025-11-21 10:58:18.074949: Pseudo dice [np.float32(0.8882), np.float32(0.7544), np.float32(0.0)]
2025-11-21 10:58:18.075051: Epoch time: 67.92 s
2025-11-21 10:58:19.293317: 
2025-11-21 10:58:19.293518: Epoch 807
2025-11-21 10:58:19.293628: Current learning rate: 0.00228
2025-11-21 10:59:28.793368: train_loss -0.7272
2025-11-21 10:59:28.793607: val_loss -0.7182
2025-11-21 10:59:28.793703: Pseudo dice [np.float32(0.9081), np.float32(0.7629), np.float32(0.0)]
2025-11-21 10:59:28.793798: Epoch time: 69.5 s
2025-11-21 10:59:30.082931: 
2025-11-21 10:59:30.083203: Epoch 808
2025-11-21 10:59:30.083361: Current learning rate: 0.00226
2025-11-21 11:00:38.979062: train_loss -0.7334
2025-11-21 11:00:38.979316: val_loss -0.7051
2025-11-21 11:00:38.979421: Pseudo dice [np.float32(0.9054), np.float32(0.7647), np.float32(0.0)]
2025-11-21 11:00:38.979520: Epoch time: 68.9 s
2025-11-21 11:00:40.342218: 
2025-11-21 11:00:40.342481: Epoch 809
2025-11-21 11:00:40.342719: Current learning rate: 0.00225
2025-11-21 11:01:49.093918: train_loss -0.7261
2025-11-21 11:01:49.094208: val_loss -0.7301
2025-11-21 11:01:49.094314: Pseudo dice [np.float32(0.9157), np.float32(0.7634), np.float32(0.0)]
2025-11-21 11:01:49.098835: Epoch time: 68.75 s
2025-11-21 11:01:50.410977: 
2025-11-21 11:01:50.411211: Epoch 810
2025-11-21 11:01:50.411327: Current learning rate: 0.00224
2025-11-21 11:03:02.978081: train_loss -0.7344
2025-11-21 11:03:02.978315: val_loss -0.7339
2025-11-21 11:03:02.978422: Pseudo dice [np.float32(0.9124), np.float32(0.7562), np.float32(0.0)]
2025-11-21 11:03:02.978523: Epoch time: 72.57 s
2025-11-21 11:03:04.541118: 
2025-11-21 11:03:04.541333: Epoch 811
2025-11-21 11:03:04.541455: Current learning rate: 0.00223
2025-11-21 11:04:14.308467: train_loss -0.7445
2025-11-21 11:04:14.308750: val_loss -0.7202
2025-11-21 11:04:14.310979: Pseudo dice [np.float32(0.9107), np.float32(0.758), np.float32(0.0)]
2025-11-21 11:04:14.311241: Epoch time: 69.77 s
2025-11-21 11:04:15.490890: 
2025-11-21 11:04:15.491086: Epoch 812
2025-11-21 11:04:15.491204: Current learning rate: 0.00222
2025-11-21 11:05:25.015153: train_loss -0.734
2025-11-21 11:05:25.015421: val_loss -0.7098
2025-11-21 11:05:25.015524: Pseudo dice [np.float32(0.9071), np.float32(0.7611), np.float32(0.0)]
2025-11-21 11:05:25.017901: Epoch time: 69.53 s
2025-11-21 11:05:26.308068: 
2025-11-21 11:05:26.308237: Epoch 813
2025-11-21 11:05:26.308353: Current learning rate: 0.00221
2025-11-21 11:06:34.742604: train_loss -0.7327
2025-11-21 11:06:34.742970: val_loss -0.725
2025-11-21 11:06:34.743078: Pseudo dice [np.float32(0.9077), np.float32(0.7726), np.float32(0.0)]
2025-11-21 11:06:34.743188: Epoch time: 68.44 s
2025-11-21 11:06:35.885002: 
2025-11-21 11:06:35.885311: Epoch 814
2025-11-21 11:06:35.885479: Current learning rate: 0.0022
2025-11-21 11:07:46.612976: train_loss -0.7305
2025-11-21 11:07:46.619032: val_loss -0.7126
2025-11-21 11:07:46.619148: Pseudo dice [np.float32(0.9234), np.float32(0.7672), np.float32(0.0)]
2025-11-21 11:07:46.619286: Epoch time: 70.73 s
2025-11-21 11:07:48.670501: 
2025-11-21 11:07:48.670719: Epoch 815
2025-11-21 11:07:48.670836: Current learning rate: 0.00219
2025-11-21 11:08:57.581409: train_loss -0.7317
2025-11-21 11:08:57.581780: val_loss -0.7271
2025-11-21 11:08:57.581887: Pseudo dice [np.float32(0.9183), np.float32(0.7456), np.float32(0.0)]
2025-11-21 11:08:57.581989: Epoch time: 68.91 s
2025-11-21 11:08:58.818819: 
2025-11-21 11:08:58.819026: Epoch 816
2025-11-21 11:08:58.819143: Current learning rate: 0.00218
2025-11-21 11:10:09.720271: train_loss -0.7341
2025-11-21 11:10:09.722220: val_loss -0.7479
2025-11-21 11:10:09.722349: Pseudo dice [np.float32(0.9079), np.float32(0.7623), np.float32(0.0)]
2025-11-21 11:10:09.722444: Epoch time: 70.9 s
2025-11-21 11:10:10.967014: 
2025-11-21 11:10:10.967222: Epoch 817
2025-11-21 11:10:10.967340: Current learning rate: 0.00217
2025-11-21 11:11:21.095692: train_loss -0.7366
2025-11-21 11:11:21.096051: val_loss -0.751
2025-11-21 11:11:21.096159: Pseudo dice [np.float32(0.9064), np.float32(0.7587), np.float32(0.0)]
2025-11-21 11:11:21.096269: Epoch time: 70.13 s
2025-11-21 11:11:22.363272: 
2025-11-21 11:11:22.363483: Epoch 818
2025-11-21 11:11:22.363603: Current learning rate: 0.00216
2025-11-21 11:12:31.172956: train_loss -0.7304
2025-11-21 11:12:31.177065: val_loss -0.6858
2025-11-21 11:12:31.177202: Pseudo dice [np.float32(0.9008), np.float32(0.7551), np.float32(0.0)]
2025-11-21 11:12:31.177313: Epoch time: 68.81 s
2025-11-21 11:12:32.828946: 
2025-11-21 11:12:32.829181: Epoch 819
2025-11-21 11:12:32.829381: Current learning rate: 0.00215
2025-11-21 11:13:44.486550: train_loss -0.7306
2025-11-21 11:13:44.486803: val_loss -0.702
2025-11-21 11:13:44.486904: Pseudo dice [np.float32(0.9078), np.float32(0.7589), np.float32(0.0)]
2025-11-21 11:13:44.489694: Epoch time: 71.66 s
2025-11-21 11:13:46.684596: 
2025-11-21 11:13:46.684781: Epoch 820
2025-11-21 11:13:46.684912: Current learning rate: 0.00214
2025-11-21 11:14:55.684443: train_loss -0.7408
2025-11-21 11:14:55.684855: val_loss -0.72
2025-11-21 11:14:55.684966: Pseudo dice [np.float32(0.905), np.float32(0.7676), np.float32(0.0)]
2025-11-21 11:14:55.685068: Epoch time: 69.0 s
2025-11-21 11:14:57.182415: 
2025-11-21 11:14:57.182602: Epoch 821
2025-11-21 11:14:57.182727: Current learning rate: 0.00213
2025-11-21 11:16:06.715449: train_loss -0.7332
2025-11-21 11:16:06.715748: val_loss -0.7054
2025-11-21 11:16:06.715861: Pseudo dice [np.float32(0.9075), np.float32(0.7549), np.float32(0.0)]
2025-11-21 11:16:06.715981: Epoch time: 69.53 s
2025-11-21 11:16:07.857523: 
2025-11-21 11:16:07.857713: Epoch 822
2025-11-21 11:16:07.857884: Current learning rate: 0.00212
2025-11-21 11:17:15.367899: train_loss -0.7289
2025-11-21 11:17:15.368153: val_loss -0.7027
2025-11-21 11:17:15.368277: Pseudo dice [np.float32(0.9048), np.float32(0.7595), np.float32(0.0)]
2025-11-21 11:17:15.368399: Epoch time: 67.51 s
2025-11-21 11:17:17.205325: 
2025-11-21 11:17:17.205496: Epoch 823
2025-11-21 11:17:17.205620: Current learning rate: 0.0021
2025-11-21 11:18:23.335089: train_loss -0.7369
2025-11-21 11:18:23.335325: val_loss -0.7355
2025-11-21 11:18:23.335423: Pseudo dice [np.float32(0.9212), np.float32(0.7729), np.float32(0.0)]
2025-11-21 11:18:23.335587: Epoch time: 66.13 s
2025-11-21 11:18:24.449164: 
2025-11-21 11:18:24.449336: Epoch 824
2025-11-21 11:18:24.449486: Current learning rate: 0.00209
2025-11-21 11:19:30.934695: train_loss -0.7388
2025-11-21 11:19:30.935010: val_loss -0.6844
2025-11-21 11:19:30.935117: Pseudo dice [np.float32(0.9046), np.float32(0.7306), np.float32(0.0)]
2025-11-21 11:19:30.935230: Epoch time: 66.49 s
2025-11-21 11:19:32.052036: 
2025-11-21 11:19:32.052198: Epoch 825
2025-11-21 11:19:32.052314: Current learning rate: 0.00208
2025-11-21 11:20:41.490651: train_loss -0.7282
2025-11-21 11:20:41.490999: val_loss -0.7342
2025-11-21 11:20:41.491111: Pseudo dice [np.float32(0.9241), np.float32(0.769), np.float32(0.0)]
2025-11-21 11:20:41.491234: Epoch time: 69.44 s
2025-11-21 11:20:42.643762: 
2025-11-21 11:20:42.644021: Epoch 826
2025-11-21 11:20:42.644151: Current learning rate: 0.00207
2025-11-21 11:21:56.809382: train_loss -0.7357
2025-11-21 11:21:56.814281: val_loss -0.7079
2025-11-21 11:21:56.816113: Pseudo dice [np.float32(0.9035), np.float32(0.7549), np.float32(0.0)]
2025-11-21 11:21:56.816256: Epoch time: 74.17 s
2025-11-21 11:21:58.048800: 
2025-11-21 11:21:58.048979: Epoch 827
2025-11-21 11:21:58.049109: Current learning rate: 0.00206
2025-11-21 11:23:02.795064: train_loss -0.7283
2025-11-21 11:23:02.795347: val_loss -0.7292
2025-11-21 11:23:02.795462: Pseudo dice [np.float32(0.9054), np.float32(0.7559), np.float32(0.0)]
2025-11-21 11:23:02.795564: Epoch time: 64.75 s
2025-11-21 11:23:04.318783: 
2025-11-21 11:23:04.319062: Epoch 828
2025-11-21 11:23:04.319185: Current learning rate: 0.00205
2025-11-21 11:24:14.750330: train_loss -0.7207
2025-11-21 11:24:14.750592: val_loss -0.7367
2025-11-21 11:24:14.750704: Pseudo dice [np.float32(0.9126), np.float32(0.7704), np.float32(0.0)]
2025-11-21 11:24:14.753032: Epoch time: 70.43 s
2025-11-21 11:24:15.994880: 
2025-11-21 11:24:15.995080: Epoch 829
2025-11-21 11:24:15.995205: Current learning rate: 0.00204
2025-11-21 11:25:27.681495: train_loss -0.7334
2025-11-21 11:25:27.681745: val_loss -0.7312
2025-11-21 11:25:27.681856: Pseudo dice [np.float32(0.9089), np.float32(0.7544), np.float32(0.0)]
2025-11-21 11:25:27.681966: Epoch time: 71.69 s
2025-11-21 11:25:28.928253: 
2025-11-21 11:25:28.928426: Epoch 830
2025-11-21 11:25:28.928549: Current learning rate: 0.00203
2025-11-21 11:26:33.800568: train_loss -0.7389
2025-11-21 11:26:33.800802: val_loss -0.7297
2025-11-21 11:26:33.800907: Pseudo dice [np.float32(0.9035), np.float32(0.7657), np.float32(0.0)]
2025-11-21 11:26:33.801011: Epoch time: 64.87 s
2025-11-21 11:26:35.384741: 
2025-11-21 11:26:35.384934: Epoch 831
2025-11-21 11:26:35.385059: Current learning rate: 0.00202
2025-11-21 11:27:47.347367: train_loss -0.735
2025-11-21 11:27:47.348666: val_loss -0.7318
2025-11-21 11:27:47.350010: Pseudo dice [np.float32(0.9074), np.float32(0.7584), np.float32(0.0)]
2025-11-21 11:27:47.350137: Epoch time: 71.96 s
2025-11-21 11:27:48.818355: 
2025-11-21 11:27:48.818569: Epoch 832
2025-11-21 11:27:48.818693: Current learning rate: 0.00201
2025-11-21 11:28:59.017446: train_loss -0.7406
2025-11-21 11:28:59.017714: val_loss -0.7295
2025-11-21 11:28:59.017837: Pseudo dice [np.float32(0.91), np.float32(0.7673), np.float32(0.0)]
2025-11-21 11:28:59.020311: Epoch time: 70.2 s
2025-11-21 11:29:00.579309: 
2025-11-21 11:29:00.579509: Epoch 833
2025-11-21 11:29:00.579639: Current learning rate: 0.002
2025-11-21 11:30:10.557101: train_loss -0.7339
2025-11-21 11:30:10.557346: val_loss -0.6949
2025-11-21 11:30:10.557485: Pseudo dice [np.float32(0.8914), np.float32(0.7556), np.float32(0.0)]
2025-11-21 11:30:10.557663: Epoch time: 69.98 s
2025-11-21 11:30:11.698755: 
2025-11-21 11:30:11.699033: Epoch 834
2025-11-21 11:30:11.699157: Current learning rate: 0.00199
2025-11-21 11:31:21.990282: train_loss -0.7278
2025-11-21 11:31:21.992477: val_loss -0.7214
2025-11-21 11:31:21.992594: Pseudo dice [np.float32(0.916), np.float32(0.756), np.float32(0.0)]
2025-11-21 11:31:21.992689: Epoch time: 70.29 s
2025-11-21 11:31:23.631944: 
2025-11-21 11:31:23.632131: Epoch 835
2025-11-21 11:31:23.632258: Current learning rate: 0.00198
2025-11-21 11:32:32.478328: train_loss -0.7382
2025-11-21 11:32:32.478605: val_loss -0.7321
2025-11-21 11:32:32.478712: Pseudo dice [np.float32(0.9095), np.float32(0.772), np.float32(0.0)]
2025-11-21 11:32:32.478909: Epoch time: 68.85 s
2025-11-21 11:32:33.603892: 
2025-11-21 11:32:33.604108: Epoch 836
2025-11-21 11:32:33.604246: Current learning rate: 0.00196
2025-11-21 11:33:42.280273: train_loss -0.7402
2025-11-21 11:33:42.280668: val_loss -0.7143
2025-11-21 11:33:42.280788: Pseudo dice [np.float32(0.9111), np.float32(0.7577), np.float32(0.0)]
2025-11-21 11:33:42.280893: Epoch time: 68.68 s
2025-11-21 11:33:43.421309: 
2025-11-21 11:33:43.421491: Epoch 837
2025-11-21 11:33:43.421607: Current learning rate: 0.00195
2025-11-21 11:34:49.099368: train_loss -0.7412
2025-11-21 11:34:49.099613: val_loss -0.7059
2025-11-21 11:34:49.099718: Pseudo dice [np.float32(0.9044), np.float32(0.7521), np.float32(0.0)]
2025-11-21 11:34:49.099822: Epoch time: 65.68 s
2025-11-21 11:34:50.672460: 
2025-11-21 11:34:50.672692: Epoch 838
2025-11-21 11:34:50.672825: Current learning rate: 0.00194
2025-11-21 11:36:02.424442: train_loss -0.7327
2025-11-21 11:36:02.424734: val_loss -0.7216
2025-11-21 11:36:02.424838: Pseudo dice [np.float32(0.9018), np.float32(0.7681), np.float32(0.0)]
2025-11-21 11:36:02.424942: Epoch time: 71.75 s
2025-11-21 11:36:04.290637: 
2025-11-21 11:36:04.290821: Epoch 839
2025-11-21 11:36:04.290950: Current learning rate: 0.00193
2025-11-21 11:37:16.089020: train_loss -0.7364
2025-11-21 11:37:16.089292: val_loss -0.7489
2025-11-21 11:37:16.089389: Pseudo dice [np.float32(0.9162), np.float32(0.7784), np.float32(0.0)]
2025-11-21 11:37:16.089484: Epoch time: 71.8 s
2025-11-21 11:37:18.232561: 
2025-11-21 11:37:18.232735: Epoch 840
2025-11-21 11:37:18.232850: Current learning rate: 0.00192
2025-11-21 11:38:28.576885: train_loss -0.7366
2025-11-21 11:38:28.577113: val_loss -0.7161
2025-11-21 11:38:28.579490: Pseudo dice [np.float32(0.9174), np.float32(0.771), np.float32(0.0)]
2025-11-21 11:38:28.579657: Epoch time: 70.35 s
2025-11-21 11:38:31.067822: 
2025-11-21 11:38:31.068015: Epoch 841
2025-11-21 11:38:31.068133: Current learning rate: 0.00191
2025-11-21 11:39:39.687589: train_loss -0.7393
2025-11-21 11:39:39.687896: val_loss -0.7339
2025-11-21 11:39:39.688013: Pseudo dice [np.float32(0.9203), np.float32(0.7785), np.float32(0.0)]
2025-11-21 11:39:39.688112: Epoch time: 68.62 s
2025-11-21 11:39:40.916444: 
2025-11-21 11:39:40.916644: Epoch 842
2025-11-21 11:39:40.916763: Current learning rate: 0.0019
2025-11-21 11:40:49.472686: train_loss -0.752
2025-11-21 11:40:49.473078: val_loss -0.7166
2025-11-21 11:40:49.473190: Pseudo dice [np.float32(0.9051), np.float32(0.7595), np.float32(0.0)]
2025-11-21 11:40:49.473289: Epoch time: 68.56 s
2025-11-21 11:40:51.353626: 
2025-11-21 11:40:51.353896: Epoch 843
2025-11-21 11:40:51.354035: Current learning rate: 0.00189
2025-11-21 11:42:03.772893: train_loss -0.7313
2025-11-21 11:42:03.773244: val_loss -0.712
2025-11-21 11:42:03.773350: Pseudo dice [np.float32(0.9077), np.float32(0.7671), np.float32(0.0)]
2025-11-21 11:42:03.773509: Epoch time: 72.42 s
2025-11-21 11:42:05.078521: 
2025-11-21 11:42:05.078745: Epoch 844
2025-11-21 11:42:05.078874: Current learning rate: 0.00188
2025-11-21 11:43:15.002115: train_loss -0.7424
2025-11-21 11:43:15.002424: val_loss -0.7204
2025-11-21 11:43:15.002536: Pseudo dice [np.float32(0.9066), np.float32(0.7649), np.float32(0.0)]
2025-11-21 11:43:15.002642: Epoch time: 69.92 s
2025-11-21 11:43:16.588296: 
2025-11-21 11:43:16.588540: Epoch 845
2025-11-21 11:43:16.588665: Current learning rate: 0.00187
2025-11-21 11:44:28.282668: train_loss -0.7394
2025-11-21 11:44:28.283573: val_loss -0.7043
2025-11-21 11:44:28.283691: Pseudo dice [np.float32(0.909), np.float32(0.7687), np.float32(0.0)]
2025-11-21 11:44:28.283803: Epoch time: 71.7 s
2025-11-21 11:44:29.630381: 
2025-11-21 11:44:29.630569: Epoch 846
2025-11-21 11:44:29.630679: Current learning rate: 0.00186
2025-11-21 11:45:37.454058: train_loss -0.7378
2025-11-21 11:45:37.455711: val_loss -0.6999
2025-11-21 11:45:37.455821: Pseudo dice [np.float32(0.9115), np.float32(0.7662), np.float32(0.0)]
2025-11-21 11:45:37.455922: Epoch time: 67.82 s
2025-11-21 11:45:39.135976: 
2025-11-21 11:45:39.136231: Epoch 847
2025-11-21 11:45:39.136369: Current learning rate: 0.00185
2025-11-21 11:46:50.557186: train_loss -0.7462
2025-11-21 11:46:50.557430: val_loss -0.7346
2025-11-21 11:46:50.557525: Pseudo dice [np.float32(0.9107), np.float32(0.7686), np.float32(0.0)]
2025-11-21 11:46:50.557617: Epoch time: 71.42 s
2025-11-21 11:46:51.682663: 
2025-11-21 11:46:51.682902: Epoch 848
2025-11-21 11:46:51.683036: Current learning rate: 0.00184
2025-11-21 11:48:01.848840: train_loss -0.7351
2025-11-21 11:48:01.850790: val_loss -0.7241
2025-11-21 11:48:01.850927: Pseudo dice [np.float32(0.8995), np.float32(0.7595), np.float32(0.0)]
2025-11-21 11:48:01.851036: Epoch time: 70.17 s
2025-11-21 11:48:03.410479: 
2025-11-21 11:48:03.410651: Epoch 849
2025-11-21 11:48:03.410785: Current learning rate: 0.00182
2025-11-21 11:49:14.745266: train_loss -0.7237
2025-11-21 11:49:14.745505: val_loss -0.7374
2025-11-21 11:49:14.745611: Pseudo dice [np.float32(0.906), np.float32(0.7638), np.float32(0.0)]
2025-11-21 11:49:14.745715: Epoch time: 71.34 s
2025-11-21 11:49:17.489909: 
2025-11-21 11:49:17.490101: Epoch 850
2025-11-21 11:49:17.490220: Current learning rate: 0.00181
2025-11-21 11:50:28.037144: train_loss -0.7456
2025-11-21 11:50:28.039105: val_loss -0.7111
2025-11-21 11:50:28.039220: Pseudo dice [np.float32(0.9173), np.float32(0.766), np.float32(0.0)]
2025-11-21 11:50:28.039320: Epoch time: 70.55 s
2025-11-21 11:50:29.737608: 
2025-11-21 11:50:29.737850: Epoch 851
2025-11-21 11:50:29.738007: Current learning rate: 0.0018
2025-11-21 11:51:42.134835: train_loss -0.7343
2025-11-21 11:51:42.135068: val_loss -0.7279
2025-11-21 11:51:42.135181: Pseudo dice [np.float32(0.908), np.float32(0.7551), np.float32(0.0)]
2025-11-21 11:51:42.139477: Epoch time: 72.4 s
2025-11-21 11:51:43.749001: 
2025-11-21 11:51:43.749196: Epoch 852
2025-11-21 11:51:43.749332: Current learning rate: 0.00179
2025-11-21 11:52:54.931078: train_loss -0.7402
2025-11-21 11:52:54.931478: val_loss -0.7252
2025-11-21 11:52:54.931607: Pseudo dice [np.float32(0.9067), np.float32(0.7451), np.float32(0.0)]
2025-11-21 11:52:54.931716: Epoch time: 71.18 s
2025-11-21 11:52:56.040015: 
2025-11-21 11:52:56.040267: Epoch 853
2025-11-21 11:52:56.040405: Current learning rate: 0.00178
2025-11-21 11:54:07.082703: train_loss -0.7397
2025-11-21 11:54:07.082973: val_loss -0.722
2025-11-21 11:54:07.083189: Pseudo dice [np.float32(0.9059), np.float32(0.7673), np.float32(0.0)]
2025-11-21 11:54:07.083304: Epoch time: 71.04 s
2025-11-21 11:54:08.683872: 
2025-11-21 11:54:08.684115: Epoch 854
2025-11-21 11:54:08.684235: Current learning rate: 0.00177
2025-11-21 11:55:17.437765: train_loss -0.7351
2025-11-21 11:55:17.439285: val_loss -0.7041
2025-11-21 11:55:17.443271: Pseudo dice [np.float32(0.9149), np.float32(0.7622), np.float32(0.0)]
2025-11-21 11:55:17.443667: Epoch time: 68.75 s
2025-11-21 11:55:19.424145: 
2025-11-21 11:55:19.424432: Epoch 855
2025-11-21 11:55:19.424559: Current learning rate: 0.00176
2025-11-21 11:56:27.085978: train_loss -0.7308
2025-11-21 11:56:27.087836: val_loss -0.7215
2025-11-21 11:56:27.087973: Pseudo dice [np.float32(0.9129), np.float32(0.7726), np.float32(0.0)]
2025-11-21 11:56:27.088074: Epoch time: 67.66 s
2025-11-21 11:56:28.590338: 
2025-11-21 11:56:28.590564: Epoch 856
2025-11-21 11:56:28.590715: Current learning rate: 0.00175
2025-11-21 11:57:36.961380: train_loss -0.7489
2025-11-21 11:57:36.961726: val_loss -0.7164
2025-11-21 11:57:36.961837: Pseudo dice [np.float32(0.9163), np.float32(0.7555), np.float32(0.0)]
2025-11-21 11:57:36.961941: Epoch time: 68.37 s
2025-11-21 11:57:38.088354: 
2025-11-21 11:57:38.088656: Epoch 857
2025-11-21 11:57:38.088806: Current learning rate: 0.00174
2025-11-21 11:58:47.522212: train_loss -0.7346
2025-11-21 11:58:47.522470: val_loss -0.7435
2025-11-21 11:58:47.522585: Pseudo dice [np.float32(0.9081), np.float32(0.7722), np.float32(0.0)]
2025-11-21 11:58:47.522697: Epoch time: 69.43 s
2025-11-21 11:58:48.630468: 
2025-11-21 11:58:48.630652: Epoch 858
2025-11-21 11:58:48.630773: Current learning rate: 0.00173
2025-11-21 11:59:57.220006: train_loss -0.7404
2025-11-21 11:59:57.220373: val_loss -0.7052
2025-11-21 11:59:57.220495: Pseudo dice [np.float32(0.9123), np.float32(0.7649), np.float32(0.0)]
2025-11-21 11:59:57.220603: Epoch time: 68.59 s
2025-11-21 11:59:58.412155: 
2025-11-21 11:59:58.412356: Epoch 859
2025-11-21 11:59:58.412493: Current learning rate: 0.00172
2025-11-21 12:01:13.823821: train_loss -0.7515
2025-11-21 12:01:13.824030: val_loss -0.7244
2025-11-21 12:01:13.824139: Pseudo dice [np.float32(0.9068), np.float32(0.7578), np.float32(0.0)]
2025-11-21 12:01:13.824254: Epoch time: 75.41 s
2025-11-21 12:01:15.366080: 
2025-11-21 12:01:15.366258: Epoch 860
2025-11-21 12:01:15.366385: Current learning rate: 0.0017
2025-11-21 12:02:23.441354: train_loss -0.749
2025-11-21 12:02:23.442522: val_loss -0.7338
2025-11-21 12:02:23.442750: Pseudo dice [np.float32(0.9118), np.float32(0.7551), np.float32(0.0)]
2025-11-21 12:02:23.442863: Epoch time: 68.08 s
2025-11-21 12:02:24.993030: 
2025-11-21 12:02:24.993213: Epoch 861
2025-11-21 12:02:24.993341: Current learning rate: 0.00169
2025-11-21 12:03:36.408737: train_loss -0.7374
2025-11-21 12:03:36.409002: val_loss -0.7282
2025-11-21 12:03:36.409104: Pseudo dice [np.float32(0.9147), np.float32(0.7494), np.float32(0.0)]
2025-11-21 12:03:36.409218: Epoch time: 71.42 s
2025-11-21 12:03:37.547734: 
2025-11-21 12:03:37.548022: Epoch 862
2025-11-21 12:03:37.548165: Current learning rate: 0.00168
2025-11-21 12:04:49.740939: train_loss -0.7301
2025-11-21 12:04:49.742887: val_loss -0.7275
2025-11-21 12:04:49.742997: Pseudo dice [np.float32(0.9162), np.float32(0.7551), np.float32(0.0)]
2025-11-21 12:04:49.743096: Epoch time: 72.19 s
2025-11-21 12:04:52.383670: 
2025-11-21 12:04:52.383919: Epoch 863
2025-11-21 12:04:52.384057: Current learning rate: 0.00167
2025-11-21 12:06:00.577405: train_loss -0.736
2025-11-21 12:06:00.578429: val_loss -0.7085
2025-11-21 12:06:00.578549: Pseudo dice [np.float32(0.9098), np.float32(0.7618), np.float32(0.0)]
2025-11-21 12:06:00.578654: Epoch time: 68.19 s
2025-11-21 12:06:01.847958: 
2025-11-21 12:06:01.848153: Epoch 864
2025-11-21 12:06:01.848360: Current learning rate: 0.00166
2025-11-21 12:07:15.083420: train_loss -0.7373
2025-11-21 12:07:15.085360: val_loss -0.7022
2025-11-21 12:07:15.085487: Pseudo dice [np.float32(0.9131), np.float32(0.7678), np.float32(0.0)]
2025-11-21 12:07:15.085591: Epoch time: 73.24 s
2025-11-21 12:07:16.372802: 
2025-11-21 12:07:16.372997: Epoch 865
2025-11-21 12:07:16.373116: Current learning rate: 0.00165
2025-11-21 12:08:27.510336: train_loss -0.744
2025-11-21 12:08:27.511428: val_loss -0.7517
2025-11-21 12:08:27.511539: Pseudo dice [np.float32(0.9261), np.float32(0.7652), np.float32(0.0)]
2025-11-21 12:08:27.511648: Epoch time: 71.14 s
2025-11-21 12:08:28.710749: 
2025-11-21 12:08:28.710949: Epoch 866
2025-11-21 12:08:28.711078: Current learning rate: 0.00164
2025-11-21 12:09:38.306505: train_loss -0.7401
2025-11-21 12:09:38.306767: val_loss -0.7056
2025-11-21 12:09:38.306860: Pseudo dice [np.float32(0.9127), np.float32(0.7759), np.float32(0.0)]
2025-11-21 12:09:38.306953: Epoch time: 69.6 s
2025-11-21 12:09:39.806636: 
2025-11-21 12:09:39.806799: Epoch 867
2025-11-21 12:09:39.806911: Current learning rate: 0.00163
2025-11-21 12:10:50.252414: train_loss -0.7427
2025-11-21 12:10:50.252635: val_loss -0.7462
2025-11-21 12:10:50.252732: Pseudo dice [np.float32(0.9154), np.float32(0.7664), np.float32(0.0)]
2025-11-21 12:10:50.252825: Epoch time: 70.45 s
2025-11-21 12:10:51.978736: 
2025-11-21 12:10:51.979058: Epoch 868
2025-11-21 12:10:51.979254: Current learning rate: 0.00162
2025-11-21 12:12:00.333033: train_loss -0.739
2025-11-21 12:12:00.333282: val_loss -0.7184
2025-11-21 12:12:00.333410: Pseudo dice [np.float32(0.9182), np.float32(0.7664), np.float32(0.0)]
2025-11-21 12:12:00.333581: Epoch time: 68.36 s
2025-11-21 12:12:01.421057: 
2025-11-21 12:12:01.421338: Epoch 869
2025-11-21 12:12:01.421470: Current learning rate: 0.00161
2025-11-21 12:13:13.585951: train_loss -0.737
2025-11-21 12:13:13.586990: val_loss -0.7254
2025-11-21 12:13:13.587107: Pseudo dice [np.float32(0.914), np.float32(0.774), np.float32(0.0)]
2025-11-21 12:13:13.587214: Epoch time: 72.17 s
2025-11-21 12:13:15.260176: 
2025-11-21 12:13:15.260483: Epoch 870
2025-11-21 12:13:15.260604: Current learning rate: 0.00159
2025-11-21 12:14:31.821686: train_loss -0.7376
2025-11-21 12:14:31.822044: val_loss -0.7227
2025-11-21 12:14:31.822154: Pseudo dice [np.float32(0.9134), np.float32(0.7661), np.float32(0.0)]
2025-11-21 12:14:31.824088: Epoch time: 76.56 s
2025-11-21 12:14:33.404278: 
2025-11-21 12:14:33.404503: Epoch 871
2025-11-21 12:14:33.404627: Current learning rate: 0.00158
2025-11-21 12:15:46.123008: train_loss -0.7378
2025-11-21 12:15:46.123251: val_loss -0.715
2025-11-21 12:15:46.123415: Pseudo dice [np.float32(0.918), np.float32(0.772), np.float32(0.0)]
2025-11-21 12:15:46.123525: Epoch time: 72.72 s
2025-11-21 12:15:48.106633: 
2025-11-21 12:15:48.106861: Epoch 872
2025-11-21 12:15:48.106988: Current learning rate: 0.00157
2025-11-21 12:16:53.948121: train_loss -0.7423
2025-11-21 12:16:53.948377: val_loss -0.7385
2025-11-21 12:16:53.948469: Pseudo dice [np.float32(0.9183), np.float32(0.771), np.float32(0.0)]
2025-11-21 12:16:53.948560: Epoch time: 65.84 s
2025-11-21 12:16:55.171656: 
2025-11-21 12:16:55.171870: Epoch 873
2025-11-21 12:16:55.172220: Current learning rate: 0.00156
2025-11-21 12:18:02.172234: train_loss -0.7402
2025-11-21 12:18:02.172575: val_loss -0.7027
2025-11-21 12:18:02.172681: Pseudo dice [np.float32(0.9158), np.float32(0.7625), np.float32(0.0)]
2025-11-21 12:18:02.172780: Epoch time: 67.0 s
2025-11-21 12:18:03.322898: 
2025-11-21 12:18:03.323116: Epoch 874
2025-11-21 12:18:03.323248: Current learning rate: 0.00155
2025-11-21 12:19:13.176294: train_loss -0.7464
2025-11-21 12:19:13.189373: val_loss -0.7408
2025-11-21 12:19:13.189515: Pseudo dice [np.float32(0.9156), np.float32(0.7741), np.float32(0.0)]
2025-11-21 12:19:13.189618: Epoch time: 69.85 s
2025-11-21 12:19:14.361887: 
2025-11-21 12:19:14.362137: Epoch 875
2025-11-21 12:19:14.362273: Current learning rate: 0.00154
2025-11-21 12:20:21.392067: train_loss -0.7416
2025-11-21 12:20:21.397501: val_loss -0.7407
2025-11-21 12:20:21.397638: Pseudo dice [np.float32(0.9096), np.float32(0.771), np.float32(0.0)]
2025-11-21 12:20:21.397737: Epoch time: 67.03 s
2025-11-21 12:20:23.264418: 
2025-11-21 12:20:23.264596: Epoch 876
2025-11-21 12:20:23.264719: Current learning rate: 0.00153
2025-11-21 12:21:33.559616: train_loss -0.7329
2025-11-21 12:21:33.559908: val_loss -0.7266
2025-11-21 12:21:33.560080: Pseudo dice [np.float32(0.9167), np.float32(0.7637), np.float32(0.0)]
2025-11-21 12:21:33.560194: Epoch time: 70.3 s
2025-11-21 12:21:34.670538: 
2025-11-21 12:21:34.670790: Epoch 877
2025-11-21 12:21:34.670932: Current learning rate: 0.00152
2025-11-21 12:22:42.667289: train_loss -0.7371
2025-11-21 12:22:42.667649: val_loss -0.7313
2025-11-21 12:22:42.667775: Pseudo dice [np.float32(0.9164), np.float32(0.7672), np.float32(0.0)]
2025-11-21 12:22:42.667879: Epoch time: 68.0 s
2025-11-21 12:22:44.106565: 
2025-11-21 12:22:44.106789: Epoch 878
2025-11-21 12:22:44.106961: Current learning rate: 0.00151
2025-11-21 12:23:55.017788: train_loss -0.7444
2025-11-21 12:23:55.018048: val_loss -0.7375
2025-11-21 12:23:55.018162: Pseudo dice [np.float32(0.901), np.float32(0.7631), np.float32(0.0)]
2025-11-21 12:23:55.018285: Epoch time: 70.91 s
2025-11-21 12:23:56.525515: 
2025-11-21 12:23:56.525746: Epoch 879
2025-11-21 12:23:56.525917: Current learning rate: 0.00149
2025-11-21 12:25:01.818815: train_loss -0.7467
2025-11-21 12:25:01.823898: val_loss -0.7278
2025-11-21 12:25:01.824021: Pseudo dice [np.float32(0.91), np.float32(0.7725), np.float32(0.0)]
2025-11-21 12:25:01.824128: Epoch time: 65.29 s
2025-11-21 12:25:02.958517: 
2025-11-21 12:25:02.958778: Epoch 880
2025-11-21 12:25:02.958895: Current learning rate: 0.00148
2025-11-21 12:26:09.709951: train_loss -0.7487
2025-11-21 12:26:09.713624: val_loss -0.7568
2025-11-21 12:26:09.713788: Pseudo dice [np.float32(0.9159), np.float32(0.7645), np.float32(0.0)]
2025-11-21 12:26:09.713893: Epoch time: 66.75 s
2025-11-21 12:26:10.980615: 
2025-11-21 12:26:10.980798: Epoch 881
2025-11-21 12:26:10.980912: Current learning rate: 0.00147
2025-11-21 12:27:23.579878: train_loss -0.7533
2025-11-21 12:27:23.580124: val_loss -0.7403
2025-11-21 12:27:23.580235: Pseudo dice [np.float32(0.915), np.float32(0.7596), np.float32(0.0)]
2025-11-21 12:27:23.580336: Epoch time: 72.6 s
2025-11-21 12:27:25.295455: 
2025-11-21 12:27:25.295667: Epoch 882
2025-11-21 12:27:25.295798: Current learning rate: 0.00146
2025-11-21 12:28:36.553841: train_loss -0.7445
2025-11-21 12:28:36.554145: val_loss -0.7454
2025-11-21 12:28:36.554259: Pseudo dice [np.float32(0.9184), np.float32(0.7622), np.float32(0.0)]
2025-11-21 12:28:36.554354: Epoch time: 71.26 s
2025-11-21 12:28:37.948087: 
2025-11-21 12:28:37.948276: Epoch 883
2025-11-21 12:28:37.948399: Current learning rate: 0.00145
2025-11-21 12:29:47.343799: train_loss -0.7347
2025-11-21 12:29:47.344138: val_loss -0.7364
2025-11-21 12:29:47.344251: Pseudo dice [np.float32(0.9151), np.float32(0.7622), np.float32(0.0)]
2025-11-21 12:29:47.344353: Epoch time: 69.4 s
2025-11-21 12:29:48.468009: 
2025-11-21 12:29:48.468244: Epoch 884
2025-11-21 12:29:48.468363: Current learning rate: 0.00144
2025-11-21 12:30:53.949121: train_loss -0.7473
2025-11-21 12:30:53.949416: val_loss -0.707
2025-11-21 12:30:53.949522: Pseudo dice [np.float32(0.9082), np.float32(0.7498), np.float32(0.0)]
2025-11-21 12:30:53.949625: Epoch time: 65.48 s
2025-11-21 12:30:55.399768: 
2025-11-21 12:30:55.399985: Epoch 885
2025-11-21 12:30:55.400131: Current learning rate: 0.00143
2025-11-21 12:32:05.193621: train_loss -0.7374
2025-11-21 12:32:05.206279: val_loss -0.7319
2025-11-21 12:32:05.206489: Pseudo dice [np.float32(0.906), np.float32(0.7589), np.float32(0.0)]
2025-11-21 12:32:05.212339: Epoch time: 69.79 s
2025-11-21 12:32:07.910347: 
2025-11-21 12:32:07.910537: Epoch 886
2025-11-21 12:32:07.910663: Current learning rate: 0.00142
2025-11-21 12:33:22.937251: train_loss -0.7458
2025-11-21 12:33:22.937602: val_loss -0.7383
2025-11-21 12:33:22.937713: Pseudo dice [np.float32(0.9125), np.float32(0.7701), np.float32(0.0)]
2025-11-21 12:33:22.937817: Epoch time: 75.03 s
2025-11-21 12:33:24.153010: 
2025-11-21 12:33:24.153327: Epoch 887
2025-11-21 12:33:24.153482: Current learning rate: 0.00141
2025-11-21 12:34:32.412158: train_loss -0.7341
2025-11-21 12:34:32.412387: val_loss -0.7154
2025-11-21 12:34:32.412490: Pseudo dice [np.float32(0.915), np.float32(0.7649), np.float32(0.0)]
2025-11-21 12:34:32.412598: Epoch time: 68.26 s
2025-11-21 12:34:33.514500: 
2025-11-21 12:34:33.514691: Epoch 888
2025-11-21 12:34:33.514803: Current learning rate: 0.00139
2025-11-21 12:35:46.064049: train_loss -0.7349
2025-11-21 12:35:46.064329: val_loss -0.7269
2025-11-21 12:35:46.064435: Pseudo dice [np.float32(0.9112), np.float32(0.7602), np.float32(0.0)]
2025-11-21 12:35:46.079863: Epoch time: 72.55 s
2025-11-21 12:35:47.710804: 
2025-11-21 12:35:47.711119: Epoch 889
2025-11-21 12:35:47.711308: Current learning rate: 0.00138
2025-11-21 12:36:55.414317: train_loss -0.7292
2025-11-21 12:36:55.418823: val_loss -0.7269
2025-11-21 12:36:55.418978: Pseudo dice [np.float32(0.9166), np.float32(0.7589), np.float32(0.0)]
2025-11-21 12:36:55.419076: Epoch time: 67.7 s
2025-11-21 12:36:56.910373: 
2025-11-21 12:36:56.910601: Epoch 890
2025-11-21 12:36:56.910719: Current learning rate: 0.00137
2025-11-21 12:38:07.431607: train_loss -0.7431
2025-11-21 12:38:07.431842: val_loss -0.7285
2025-11-21 12:38:07.431961: Pseudo dice [np.float32(0.9099), np.float32(0.7604), np.float32(0.0)]
2025-11-21 12:38:07.432064: Epoch time: 70.52 s
2025-11-21 12:38:08.734761: 
2025-11-21 12:38:08.734962: Epoch 891
2025-11-21 12:38:08.735096: Current learning rate: 0.00136
2025-11-21 12:39:19.190055: train_loss -0.7439
2025-11-21 12:39:19.190359: val_loss -0.7209
2025-11-21 12:39:19.190466: Pseudo dice [np.float32(0.9164), np.float32(0.7628), np.float32(0.0)]
2025-11-21 12:39:19.190565: Epoch time: 70.46 s
2025-11-21 12:39:20.325058: 
2025-11-21 12:39:20.325253: Epoch 892
2025-11-21 12:39:20.325370: Current learning rate: 0.00135
2025-11-21 12:40:29.496100: train_loss -0.7515
2025-11-21 12:40:29.496341: val_loss -0.7127
2025-11-21 12:40:29.496453: Pseudo dice [np.float32(0.9123), np.float32(0.7582), np.float32(0.0)]
2025-11-21 12:40:29.496558: Epoch time: 69.17 s
2025-11-21 12:40:31.296020: 
2025-11-21 12:40:31.296240: Epoch 893
2025-11-21 12:40:31.296360: Current learning rate: 0.00134
2025-11-21 12:41:40.793409: train_loss -0.7436
2025-11-21 12:41:40.793709: val_loss -0.7269
2025-11-21 12:41:40.793814: Pseudo dice [np.float32(0.9087), np.float32(0.7649), np.float32(0.0)]
2025-11-21 12:41:40.793921: Epoch time: 69.5 s
2025-11-21 12:41:41.916453: 
2025-11-21 12:41:41.916695: Epoch 894
2025-11-21 12:41:41.916879: Current learning rate: 0.00133
2025-11-21 12:42:53.049390: train_loss -0.7533
2025-11-21 12:42:53.049712: val_loss -0.723
2025-11-21 12:42:53.049819: Pseudo dice [np.float32(0.9154), np.float32(0.7715), np.float32(0.0)]
2025-11-21 12:42:53.049921: Epoch time: 71.13 s
2025-11-21 12:42:54.711396: 
2025-11-21 12:42:54.711585: Epoch 895
2025-11-21 12:42:54.711794: Current learning rate: 0.00132
2025-11-21 12:44:03.110521: train_loss -0.7391
2025-11-21 12:44:03.114612: val_loss -0.7342
2025-11-21 12:44:03.114860: Pseudo dice [np.float32(0.9112), np.float32(0.762), np.float32(0.0)]
2025-11-21 12:44:03.115074: Epoch time: 68.4 s
2025-11-21 12:44:04.751071: 
2025-11-21 12:44:04.751283: Epoch 896
2025-11-21 12:44:04.751405: Current learning rate: 0.0013
2025-11-21 12:45:11.517608: train_loss -0.7439
2025-11-21 12:45:11.517885: val_loss -0.7368
2025-11-21 12:45:11.517994: Pseudo dice [np.float32(0.9028), np.float32(0.7653), np.float32(0.0)]
2025-11-21 12:45:11.518099: Epoch time: 66.77 s
2025-11-21 12:45:12.618536: 
2025-11-21 12:45:12.618794: Epoch 897
2025-11-21 12:45:12.618916: Current learning rate: 0.00129
2025-11-21 12:46:25.879014: train_loss -0.745
2025-11-21 12:46:25.879350: val_loss -0.7065
2025-11-21 12:46:25.879458: Pseudo dice [np.float32(0.905), np.float32(0.756), np.float32(0.0)]
2025-11-21 12:46:25.879559: Epoch time: 73.26 s
2025-11-21 12:46:27.585478: 
2025-11-21 12:46:27.585704: Epoch 898
2025-11-21 12:46:27.585844: Current learning rate: 0.00128
2025-11-21 12:47:34.645020: train_loss -0.7195
2025-11-21 12:47:34.645355: val_loss -0.7154
2025-11-21 12:47:34.645505: Pseudo dice [np.float32(0.9122), np.float32(0.7523), np.float32(0.0)]
2025-11-21 12:47:34.645650: Epoch time: 67.06 s
2025-11-21 12:47:35.782217: 
2025-11-21 12:47:35.782470: Epoch 899
2025-11-21 12:47:35.782593: Current learning rate: 0.00127
2025-11-21 12:48:44.802781: train_loss -0.728
2025-11-21 12:48:44.803158: val_loss -0.7465
2025-11-21 12:48:44.803277: Pseudo dice [np.float32(0.9117), np.float32(0.7737), np.float32(0.0)]
2025-11-21 12:48:44.803399: Epoch time: 69.02 s
2025-11-21 12:48:47.558656: 
2025-11-21 12:48:47.558884: Epoch 900
2025-11-21 12:48:47.559015: Current learning rate: 0.00126
2025-11-21 12:50:02.826555: train_loss -0.728
2025-11-21 12:50:02.826843: val_loss -0.6752
2025-11-21 12:50:02.826949: Pseudo dice [np.float32(0.9084), np.float32(0.7652), np.float32(0.0)]
2025-11-21 12:50:02.827053: Epoch time: 75.27 s
2025-11-21 12:50:04.222742: 
2025-11-21 12:50:04.222934: Epoch 901
2025-11-21 12:50:04.223059: Current learning rate: 0.00125
2025-11-21 12:51:12.385908: train_loss -0.7533
2025-11-21 12:51:12.386129: val_loss -0.717
2025-11-21 12:51:12.386232: Pseudo dice [np.float32(0.9108), np.float32(0.7718), np.float32(0.0)]
2025-11-21 12:51:12.386327: Epoch time: 68.16 s
2025-11-21 12:51:13.639609: 
2025-11-21 12:51:13.639877: Epoch 902
2025-11-21 12:51:13.640023: Current learning rate: 0.00124
2025-11-21 12:52:23.310611: train_loss -0.7455
2025-11-21 12:52:23.310963: val_loss -0.7217
2025-11-21 12:52:23.311080: Pseudo dice [np.float32(0.915), np.float32(0.7713), np.float32(0.0)]
2025-11-21 12:52:23.311199: Epoch time: 69.67 s
2025-11-21 12:52:24.653478: 
2025-11-21 12:52:24.653750: Epoch 903
2025-11-21 12:52:24.653884: Current learning rate: 0.00122
2025-11-21 12:53:34.658815: train_loss -0.7525
2025-11-21 12:53:34.659044: val_loss -0.742
2025-11-21 12:53:34.659154: Pseudo dice [np.float32(0.9097), np.float32(0.7712), np.float32(0.0)]
2025-11-21 12:53:34.659268: Epoch time: 70.01 s
2025-11-21 12:53:35.799558: 
2025-11-21 12:53:35.799763: Epoch 904
2025-11-21 12:53:35.799894: Current learning rate: 0.00121
2025-11-21 12:54:48.777874: train_loss -0.7454
2025-11-21 12:54:48.778104: val_loss -0.7312
2025-11-21 12:54:48.778272: Pseudo dice [np.float32(0.9039), np.float32(0.7616), np.float32(0.0)]
2025-11-21 12:54:48.778385: Epoch time: 72.98 s
2025-11-21 12:54:50.769642: 
2025-11-21 12:54:50.769928: Epoch 905
2025-11-21 12:54:50.770157: Current learning rate: 0.0012
2025-11-21 12:55:58.641724: train_loss -0.7499
2025-11-21 12:55:58.641997: val_loss -0.7298
2025-11-21 12:55:58.642099: Pseudo dice [np.float32(0.9081), np.float32(0.7771), np.float32(0.0)]
2025-11-21 12:55:58.642203: Epoch time: 67.87 s
2025-11-21 12:56:00.827124: 
2025-11-21 12:56:00.827302: Epoch 906
2025-11-21 12:56:00.827415: Current learning rate: 0.00119
2025-11-21 12:57:11.690163: train_loss -0.741
2025-11-21 12:57:11.690397: val_loss -0.7532
2025-11-21 12:57:11.690508: Pseudo dice [np.float32(0.9098), np.float32(0.7689), np.float32(0.0)]
2025-11-21 12:57:11.690613: Epoch time: 70.86 s
2025-11-21 12:57:12.825894: 
2025-11-21 12:57:12.826179: Epoch 907
2025-11-21 12:57:12.826315: Current learning rate: 0.00118
2025-11-21 12:58:24.604137: train_loss -0.7492
2025-11-21 12:58:24.604458: val_loss -0.7114
2025-11-21 12:58:24.604619: Pseudo dice [np.float32(0.9084), np.float32(0.7696), np.float32(0.0)]
2025-11-21 12:58:24.604727: Epoch time: 71.78 s
2025-11-21 12:58:25.764559: 
2025-11-21 12:58:25.764729: Epoch 908
2025-11-21 12:58:25.764849: Current learning rate: 0.00117
2025-11-21 12:59:35.190282: train_loss -0.7522
2025-11-21 12:59:35.191006: val_loss -0.7276
2025-11-21 12:59:35.191127: Pseudo dice [np.float32(0.9066), np.float32(0.7645), np.float32(0.0)]
2025-11-21 12:59:35.191242: Epoch time: 69.43 s
2025-11-21 12:59:36.709162: 
2025-11-21 12:59:36.709350: Epoch 909
2025-11-21 12:59:36.709475: Current learning rate: 0.00116
2025-11-21 13:00:47.367298: train_loss -0.7523
2025-11-21 13:00:47.367541: val_loss -0.7297
2025-11-21 13:00:47.367690: Pseudo dice [np.float32(0.902), np.float32(0.7547), np.float32(0.0)]
2025-11-21 13:00:47.367814: Epoch time: 70.66 s
2025-11-21 13:00:48.878837: 
2025-11-21 13:00:48.879045: Epoch 910
2025-11-21 13:00:48.879160: Current learning rate: 0.00115
2025-11-21 13:01:54.979374: train_loss -0.7491
2025-11-21 13:01:54.979678: val_loss -0.7214
2025-11-21 13:01:54.979791: Pseudo dice [np.float32(0.9162), np.float32(0.7668), np.float32(0.0)]
2025-11-21 13:01:54.979973: Epoch time: 66.1 s
2025-11-21 13:01:56.097444: 
2025-11-21 13:01:56.097692: Epoch 911
2025-11-21 13:01:56.097816: Current learning rate: 0.00113
2025-11-21 13:03:06.253531: train_loss -0.7535
2025-11-21 13:03:06.253811: val_loss -0.7149
2025-11-21 13:03:06.253933: Pseudo dice [np.float32(0.9116), np.float32(0.7698), np.float32(0.0)]
2025-11-21 13:03:06.254037: Epoch time: 70.16 s
2025-11-21 13:03:07.393542: 
2025-11-21 13:03:07.393715: Epoch 912
2025-11-21 13:03:07.393833: Current learning rate: 0.00112
2025-11-21 13:04:19.393744: train_loss -0.745
2025-11-21 13:04:19.393985: val_loss -0.7241
2025-11-21 13:04:19.396236: Pseudo dice [np.float32(0.9014), np.float32(0.7622), np.float32(0.0)]
2025-11-21 13:04:19.398344: Epoch time: 72.0 s
2025-11-21 13:04:20.590909: 
2025-11-21 13:04:20.591106: Epoch 913
2025-11-21 13:04:20.591238: Current learning rate: 0.00111
2025-11-21 13:05:30.882271: train_loss -0.7546
2025-11-21 13:05:30.882513: val_loss -0.7293
2025-11-21 13:05:30.882634: Pseudo dice [np.float32(0.912), np.float32(0.7677), np.float32(0.0)]
2025-11-21 13:05:30.882750: Epoch time: 70.29 s
2025-11-21 13:05:33.269828: 
2025-11-21 13:05:33.270082: Epoch 914
2025-11-21 13:05:33.270207: Current learning rate: 0.0011
2025-11-21 13:06:45.207148: train_loss -0.7326
2025-11-21 13:06:45.207832: val_loss -0.7375
2025-11-21 13:06:45.207965: Pseudo dice [np.float32(0.9086), np.float32(0.7657), np.float32(0.0)]
2025-11-21 13:06:45.208079: Epoch time: 71.94 s
2025-11-21 13:06:46.550511: 
2025-11-21 13:06:46.550730: Epoch 915
2025-11-21 13:06:46.550856: Current learning rate: 0.00109
2025-11-21 13:07:54.593994: train_loss -0.7382
2025-11-21 13:07:54.594398: val_loss -0.7433
2025-11-21 13:07:54.594524: Pseudo dice [np.float32(0.9118), np.float32(0.7596), np.float32(0.0)]
2025-11-21 13:07:54.594634: Epoch time: 68.04 s
2025-11-21 13:07:55.874086: 
2025-11-21 13:07:55.874252: Epoch 916
2025-11-21 13:07:55.874378: Current learning rate: 0.00108
2025-11-21 13:09:05.936913: train_loss -0.737
2025-11-21 13:09:05.938653: val_loss -0.7504
2025-11-21 13:09:05.938789: Pseudo dice [np.float32(0.9085), np.float32(0.7644), np.float32(0.0)]
2025-11-21 13:09:05.938943: Epoch time: 70.06 s
2025-11-21 13:09:08.058577: 
2025-11-21 13:09:08.058750: Epoch 917
2025-11-21 13:09:08.058901: Current learning rate: 0.00106
2025-11-21 13:10:14.832658: train_loss -0.7375
2025-11-21 13:10:14.832965: val_loss -0.6907
2025-11-21 13:10:14.833070: Pseudo dice [np.float32(0.9059), np.float32(0.7681), np.float32(0.0)]
2025-11-21 13:10:14.833216: Epoch time: 66.77 s
2025-11-21 13:10:16.047345: 
2025-11-21 13:10:16.047547: Epoch 918
2025-11-21 13:10:16.047664: Current learning rate: 0.00105
2025-11-21 13:11:26.602504: train_loss -0.7474
2025-11-21 13:11:26.602742: val_loss -0.7113
2025-11-21 13:11:26.602845: Pseudo dice [np.float32(0.9071), np.float32(0.7637), np.float32(0.0)]
2025-11-21 13:11:26.602948: Epoch time: 70.56 s
2025-11-21 13:11:28.243426: 
2025-11-21 13:11:28.243706: Epoch 919
2025-11-21 13:11:28.243858: Current learning rate: 0.00104
2025-11-21 13:12:39.134454: train_loss -0.7469
2025-11-21 13:12:39.134680: val_loss -0.7313
2025-11-21 13:12:39.134784: Pseudo dice [np.float32(0.9168), np.float32(0.7651), np.float32(0.0)]
2025-11-21 13:12:39.137154: Epoch time: 70.89 s
2025-11-21 13:12:40.551779: 
2025-11-21 13:12:40.552029: Epoch 920
2025-11-21 13:12:40.552157: Current learning rate: 0.00103
2025-11-21 13:13:50.247609: train_loss -0.7535
2025-11-21 13:13:50.247829: val_loss -0.7569
2025-11-21 13:13:50.247936: Pseudo dice [np.float32(0.9076), np.float32(0.7662), np.float32(0.0)]
2025-11-21 13:13:50.248043: Epoch time: 69.7 s
2025-11-21 13:13:51.365285: 
2025-11-21 13:13:51.365451: Epoch 921
2025-11-21 13:13:51.365574: Current learning rate: 0.00102
2025-11-21 13:15:03.260119: train_loss -0.7611
2025-11-21 13:15:03.260386: val_loss -0.7446
2025-11-21 13:15:03.260494: Pseudo dice [np.float32(0.9165), np.float32(0.7533), np.float32(0.0)]
2025-11-21 13:15:03.260598: Epoch time: 71.9 s
2025-11-21 13:15:04.357256: 
2025-11-21 13:15:04.357436: Epoch 922
2025-11-21 13:15:04.357553: Current learning rate: 0.00101
2025-11-21 13:16:18.638303: train_loss -0.7388
2025-11-21 13:16:18.639526: val_loss -0.7168
2025-11-21 13:16:18.639653: Pseudo dice [np.float32(0.9051), np.float32(0.7569), np.float32(0.0)]
2025-11-21 13:16:18.639757: Epoch time: 74.28 s
2025-11-21 13:16:20.036522: 
2025-11-21 13:16:20.036816: Epoch 923
2025-11-21 13:16:20.036936: Current learning rate: 0.001
2025-11-21 13:17:31.856699: train_loss -0.7469
2025-11-21 13:17:31.856932: val_loss -0.7274
2025-11-21 13:17:31.857043: Pseudo dice [np.float32(0.923), np.float32(0.768), np.float32(0.0)]
2025-11-21 13:17:31.857153: Epoch time: 71.82 s
2025-11-21 13:17:33.630084: 
2025-11-21 13:17:33.630314: Epoch 924
2025-11-21 13:17:33.630443: Current learning rate: 0.00098
2025-11-21 13:18:44.432676: train_loss -0.7469
2025-11-21 13:18:44.432949: val_loss -0.7402
2025-11-21 13:18:44.433055: Pseudo dice [np.float32(0.9146), np.float32(0.7687), np.float32(0.0)]
2025-11-21 13:18:44.433163: Epoch time: 70.8 s
2025-11-21 13:18:45.614972: 
2025-11-21 13:18:45.615139: Epoch 925
2025-11-21 13:18:45.615268: Current learning rate: 0.00097
2025-11-21 13:19:59.185811: train_loss -0.7478
2025-11-21 13:19:59.186986: val_loss -0.7261
2025-11-21 13:19:59.187106: Pseudo dice [np.float32(0.9065), np.float32(0.7647), np.float32(0.0)]
2025-11-21 13:19:59.187217: Epoch time: 73.57 s
2025-11-21 13:20:00.547344: 
2025-11-21 13:20:00.547583: Epoch 926
2025-11-21 13:20:00.547700: Current learning rate: 0.00096
2025-11-21 13:21:12.793380: train_loss -0.738
2025-11-21 13:21:12.793611: val_loss -0.7353
2025-11-21 13:21:12.793719: Pseudo dice [np.float32(0.9092), np.float32(0.7606), np.float32(0.0)]
2025-11-21 13:21:12.793826: Epoch time: 72.25 s
2025-11-21 13:21:14.038513: 
2025-11-21 13:21:14.038807: Epoch 927
2025-11-21 13:21:14.038940: Current learning rate: 0.00095
2025-11-21 13:22:22.450313: train_loss -0.7396
2025-11-21 13:22:22.450550: val_loss -0.7131
2025-11-21 13:22:22.450655: Pseudo dice [np.float32(0.907), np.float32(0.7599), np.float32(0.0)]
2025-11-21 13:22:22.450829: Epoch time: 68.41 s
2025-11-21 13:22:23.572168: 
2025-11-21 13:22:23.572391: Epoch 928
2025-11-21 13:22:23.572578: Current learning rate: 0.00094
2025-11-21 13:23:36.986701: train_loss -0.7494
2025-11-21 13:23:36.986922: val_loss -0.7195
2025-11-21 13:23:36.987036: Pseudo dice [np.float32(0.9119), np.float32(0.7666), np.float32(0.0)]
2025-11-21 13:23:36.987156: Epoch time: 73.42 s
2025-11-21 13:23:38.098150: 
2025-11-21 13:23:38.098374: Epoch 929
2025-11-21 13:23:38.098518: Current learning rate: 0.00092
2025-11-21 13:24:52.834398: train_loss -0.744
2025-11-21 13:24:52.834696: val_loss -0.7205
2025-11-21 13:24:52.834821: Pseudo dice [np.float32(0.902), np.float32(0.7678), np.float32(0.0)]
2025-11-21 13:24:52.834937: Epoch time: 74.74 s
2025-11-21 13:24:54.157057: 
2025-11-21 13:24:54.157346: Epoch 930
2025-11-21 13:24:54.157470: Current learning rate: 0.00091
2025-11-21 13:26:02.025815: train_loss -0.743
2025-11-21 13:26:02.026151: val_loss -0.7248
2025-11-21 13:26:02.026274: Pseudo dice [np.float32(0.9183), np.float32(0.7708), np.float32(0.0)]
2025-11-21 13:26:02.026380: Epoch time: 67.87 s
2025-11-21 13:26:03.153044: 
2025-11-21 13:26:03.153293: Epoch 931
2025-11-21 13:26:03.153418: Current learning rate: 0.0009
2025-11-21 13:27:15.408831: train_loss -0.7403
2025-11-21 13:27:15.409072: val_loss -0.735
2025-11-21 13:27:15.409189: Pseudo dice [np.float32(0.9086), np.float32(0.7698), np.float32(0.0)]
2025-11-21 13:27:15.409301: Epoch time: 72.26 s
2025-11-21 13:27:16.526950: 
2025-11-21 13:27:16.527162: Epoch 932
2025-11-21 13:27:16.527301: Current learning rate: 0.00089
2025-11-21 13:28:25.381433: train_loss -0.7513
2025-11-21 13:28:25.381719: val_loss -0.7185
2025-11-21 13:28:25.381845: Pseudo dice [np.float32(0.9064), np.float32(0.7687), np.float32(0.0)]
2025-11-21 13:28:25.381951: Epoch time: 68.86 s
2025-11-21 13:28:26.580769: 
2025-11-21 13:28:26.580957: Epoch 933
2025-11-21 13:28:26.581082: Current learning rate: 0.00088
2025-11-21 13:29:38.396285: train_loss -0.7452
2025-11-21 13:29:38.396518: val_loss -0.7042
2025-11-21 13:29:38.409382: Pseudo dice [np.float32(0.9035), np.float32(0.7573), np.float32(0.0)]
2025-11-21 13:29:38.409538: Epoch time: 71.82 s
2025-11-21 13:29:39.557139: 
2025-11-21 13:29:39.557309: Epoch 934
2025-11-21 13:29:39.557426: Current learning rate: 0.00087
2025-11-21 13:30:46.119869: train_loss -0.7302
2025-11-21 13:30:46.120160: val_loss -0.7191
2025-11-21 13:30:46.120285: Pseudo dice [np.float32(0.9074), np.float32(0.7625), np.float32(0.0)]
2025-11-21 13:30:46.120424: Epoch time: 66.56 s
2025-11-21 13:30:47.247224: 
2025-11-21 13:30:47.247399: Epoch 935
2025-11-21 13:30:47.247516: Current learning rate: 0.00085
2025-11-21 13:32:00.286611: train_loss -0.7406
2025-11-21 13:32:00.286865: val_loss -0.7187
2025-11-21 13:32:00.288069: Pseudo dice [np.float32(0.9071), np.float32(0.77), np.float32(0.0)]
2025-11-21 13:32:00.288316: Epoch time: 73.04 s
2025-11-21 13:32:02.396996: 
2025-11-21 13:32:02.397180: Epoch 936
2025-11-21 13:32:02.397303: Current learning rate: 0.00084
2025-11-21 13:33:14.197492: train_loss -0.7439
2025-11-21 13:33:14.200566: val_loss -0.7325
2025-11-21 13:33:14.200680: Pseudo dice [np.float32(0.9008), np.float32(0.764), np.float32(0.0)]
2025-11-21 13:33:14.200786: Epoch time: 71.8 s
2025-11-21 13:33:15.373675: 
2025-11-21 13:33:15.374726: Epoch 937
2025-11-21 13:33:15.374853: Current learning rate: 0.00083
2025-11-21 13:34:24.185366: train_loss -0.753
2025-11-21 13:34:24.187103: val_loss -0.7301
2025-11-21 13:34:24.187222: Pseudo dice [np.float32(0.9033), np.float32(0.7536), np.float32(0.0)]
2025-11-21 13:34:24.187320: Epoch time: 68.81 s
2025-11-21 13:34:25.837222: 
2025-11-21 13:34:25.837468: Epoch 938
2025-11-21 13:34:25.837592: Current learning rate: 0.00082
2025-11-21 13:35:36.879513: train_loss -0.7552
2025-11-21 13:35:36.879852: val_loss -0.736
2025-11-21 13:35:36.879958: Pseudo dice [np.float32(0.9157), np.float32(0.7604), np.float32(0.0)]
2025-11-21 13:35:36.880067: Epoch time: 71.04 s
2025-11-21 13:35:37.989452: 
2025-11-21 13:35:37.989653: Epoch 939
2025-11-21 13:35:37.989775: Current learning rate: 0.00081
2025-11-21 13:36:47.014088: train_loss -0.7444
2025-11-21 13:36:47.014448: val_loss -0.7288
2025-11-21 13:36:47.014573: Pseudo dice [np.float32(0.9105), np.float32(0.767), np.float32(0.0)]
2025-11-21 13:36:47.017522: Epoch time: 69.03 s
2025-11-21 13:36:48.118829: 
2025-11-21 13:36:48.119024: Epoch 940
2025-11-21 13:36:48.119152: Current learning rate: 0.00079
2025-11-21 13:38:03.312241: train_loss -0.7453
2025-11-21 13:38:03.312493: val_loss -0.7093
2025-11-21 13:38:03.312605: Pseudo dice [np.float32(0.9133), np.float32(0.764), np.float32(0.0)]
2025-11-21 13:38:03.312713: Epoch time: 75.19 s
2025-11-21 13:38:04.497223: 
2025-11-21 13:38:04.497389: Epoch 941
2025-11-21 13:38:04.497500: Current learning rate: 0.00078
2025-11-21 13:39:13.525028: train_loss -0.736
2025-11-21 13:39:13.525284: val_loss -0.7074
2025-11-21 13:39:13.525386: Pseudo dice [np.float32(0.9181), np.float32(0.7681), np.float32(0.0)]
2025-11-21 13:39:13.525485: Epoch time: 69.03 s
2025-11-21 13:39:15.181527: 
2025-11-21 13:39:15.181717: Epoch 942
2025-11-21 13:39:15.181830: Current learning rate: 0.00077
2025-11-21 13:40:24.565721: train_loss -0.735
2025-11-21 13:40:24.565968: val_loss -0.7288
2025-11-21 13:40:24.566083: Pseudo dice [np.float32(0.8965), np.float32(0.7617), np.float32(0.0)]
2025-11-21 13:40:24.569107: Epoch time: 69.39 s
2025-11-21 13:40:25.692346: 
2025-11-21 13:40:25.692637: Epoch 943
2025-11-21 13:40:25.692762: Current learning rate: 0.00076
2025-11-21 13:41:36.923346: train_loss -0.7299
2025-11-21 13:41:36.923581: val_loss -0.726
2025-11-21 13:41:36.923696: Pseudo dice [np.float32(0.9103), np.float32(0.7685), np.float32(0.0)]
2025-11-21 13:41:36.923802: Epoch time: 71.23 s
2025-11-21 13:41:38.604723: 
2025-11-21 13:41:38.604989: Epoch 944
2025-11-21 13:41:38.605118: Current learning rate: 0.00075
2025-11-21 13:42:45.880891: train_loss -0.7491
2025-11-21 13:42:45.881177: val_loss -0.7226
2025-11-21 13:42:45.881292: Pseudo dice [np.float32(0.9041), np.float32(0.7579), np.float32(0.0)]
2025-11-21 13:42:45.881393: Epoch time: 67.28 s
2025-11-21 13:42:47.000477: 
2025-11-21 13:42:47.000714: Epoch 945
2025-11-21 13:42:47.000900: Current learning rate: 0.00074
2025-11-21 13:43:55.569999: train_loss -0.751
2025-11-21 13:43:55.572141: val_loss -0.7162
2025-11-21 13:43:55.572265: Pseudo dice [np.float32(0.9131), np.float32(0.7701), np.float32(0.0)]
2025-11-21 13:43:55.572380: Epoch time: 68.57 s
2025-11-21 13:43:57.162190: 
2025-11-21 13:43:57.162471: Epoch 946
2025-11-21 13:43:57.162658: Current learning rate: 0.00072
2025-11-21 13:45:08.204925: train_loss -0.7518
2025-11-21 13:45:08.210200: val_loss -0.746
2025-11-21 13:45:08.210341: Pseudo dice [np.float32(0.91), np.float32(0.764), np.float32(0.0)]
2025-11-21 13:45:08.210461: Epoch time: 71.04 s
2025-11-21 13:45:09.337422: 
2025-11-21 13:45:09.337660: Epoch 947
2025-11-21 13:45:09.337791: Current learning rate: 0.00071
2025-11-21 13:46:15.546384: train_loss -0.7536
2025-11-21 13:46:15.546644: val_loss -0.7458
2025-11-21 13:46:15.546763: Pseudo dice [np.float32(0.9105), np.float32(0.7715), np.float32(0.0)]
2025-11-21 13:46:15.546866: Epoch time: 66.21 s
2025-11-21 13:46:16.708840: 
2025-11-21 13:46:16.709047: Epoch 948
2025-11-21 13:46:16.709169: Current learning rate: 0.0007
2025-11-21 13:47:24.158959: train_loss -0.7435
2025-11-21 13:47:24.159209: val_loss -0.7247
2025-11-21 13:47:24.159322: Pseudo dice [np.float32(0.9143), np.float32(0.7764), np.float32(0.0)]
2025-11-21 13:47:24.162281: Epoch time: 67.45 s
2025-11-21 13:47:25.643927: 
2025-11-21 13:47:25.644291: Epoch 949
2025-11-21 13:47:25.644430: Current learning rate: 0.00069
2025-11-21 13:48:32.538029: train_loss -0.739
2025-11-21 13:48:32.538260: val_loss -0.7262
2025-11-21 13:48:32.538378: Pseudo dice [np.float32(0.9166), np.float32(0.7599), np.float32(0.0)]
2025-11-21 13:48:32.538482: Epoch time: 66.89 s
2025-11-21 13:48:33.976948: 
2025-11-21 13:48:33.977138: Epoch 950
2025-11-21 13:48:33.977260: Current learning rate: 0.00067
2025-11-21 13:49:49.264410: train_loss -0.7429
2025-11-21 13:49:49.264777: val_loss -0.7119
2025-11-21 13:49:49.264883: Pseudo dice [np.float32(0.9073), np.float32(0.7705), np.float32(0.0)]
2025-11-21 13:49:49.264984: Epoch time: 75.29 s
2025-11-21 13:49:51.415959: 
2025-11-21 13:49:51.416229: Epoch 951
2025-11-21 13:49:51.416379: Current learning rate: 0.00066
2025-11-21 13:50:59.194845: train_loss -0.744
2025-11-21 13:50:59.195076: val_loss -0.7136
2025-11-21 13:50:59.195192: Pseudo dice [np.float32(0.9057), np.float32(0.7687), np.float32(0.0)]
2025-11-21 13:50:59.195320: Epoch time: 67.78 s
2025-11-21 13:51:00.317701: 
2025-11-21 13:51:00.317919: Epoch 952
2025-11-21 13:51:00.318061: Current learning rate: 0.00065
2025-11-21 13:52:11.586102: train_loss -0.75
2025-11-21 13:52:11.586343: val_loss -0.7163
2025-11-21 13:52:11.586455: Pseudo dice [np.float32(0.9173), np.float32(0.7734), np.float32(0.0)]
2025-11-21 13:52:11.588887: Epoch time: 71.27 s
2025-11-21 13:52:12.756130: 
2025-11-21 13:52:12.756309: Epoch 953
2025-11-21 13:52:12.756422: Current learning rate: 0.00064
2025-11-21 13:53:25.200317: train_loss -0.7454
2025-11-21 13:53:25.200565: val_loss -0.7287
2025-11-21 13:53:25.200675: Pseudo dice [np.float32(0.9145), np.float32(0.7727), np.float32(0.0)]
2025-11-21 13:53:25.204972: Epoch time: 72.45 s
2025-11-21 13:53:26.541671: 
2025-11-21 13:53:26.541859: Epoch 954
2025-11-21 13:53:26.541975: Current learning rate: 0.00063
2025-11-21 13:54:38.130045: train_loss -0.75
2025-11-21 13:54:38.131193: val_loss -0.7303
2025-11-21 13:54:38.131306: Pseudo dice [np.float32(0.9111), np.float32(0.7527), np.float32(0.0)]
2025-11-21 13:54:38.131403: Epoch time: 71.59 s
2025-11-21 13:54:39.562012: 
2025-11-21 13:54:39.562199: Epoch 955
2025-11-21 13:54:39.562354: Current learning rate: 0.00061
2025-11-21 13:55:49.628897: train_loss -0.7445
2025-11-21 13:55:49.629225: val_loss -0.708
2025-11-21 13:55:49.629333: Pseudo dice [np.float32(0.9054), np.float32(0.7539), np.float32(0.0)]
2025-11-21 13:55:49.629441: Epoch time: 70.07 s
2025-11-21 13:55:50.742243: 
2025-11-21 13:55:50.742429: Epoch 956
2025-11-21 13:55:50.742543: Current learning rate: 0.0006
2025-11-21 13:56:57.829888: train_loss -0.7464
2025-11-21 13:56:57.830145: val_loss -0.7311
2025-11-21 13:56:57.830267: Pseudo dice [np.float32(0.916), np.float32(0.7593), np.float32(0.0)]
2025-11-21 13:56:57.830379: Epoch time: 67.09 s
2025-11-21 13:56:58.941872: 
2025-11-21 13:56:58.942069: Epoch 957
2025-11-21 13:56:58.942198: Current learning rate: 0.00059
2025-11-21 13:58:11.745450: train_loss -0.7526
2025-11-21 13:58:11.747546: val_loss -0.7331
2025-11-21 13:58:11.747676: Pseudo dice [np.float32(0.9126), np.float32(0.7682), np.float32(0.0)]
2025-11-21 13:58:11.747780: Epoch time: 72.8 s
2025-11-21 13:58:13.604270: 
2025-11-21 13:58:13.604458: Epoch 958
2025-11-21 13:58:13.604581: Current learning rate: 0.00058
2025-11-21 13:59:23.745010: train_loss -0.7389
2025-11-21 13:59:23.745244: val_loss -0.7404
2025-11-21 13:59:23.745343: Pseudo dice [np.float32(0.9063), np.float32(0.7659), np.float32(0.0)]
2025-11-21 13:59:23.745447: Epoch time: 70.14 s
2025-11-21 13:59:24.917848: 
2025-11-21 13:59:24.918031: Epoch 959
2025-11-21 13:59:24.918161: Current learning rate: 0.00056
2025-11-21 14:00:33.595561: train_loss -0.7459
2025-11-21 14:00:33.595816: val_loss -0.7162
2025-11-21 14:00:33.595930: Pseudo dice [np.float32(0.9084), np.float32(0.7549), np.float32(0.0)]
2025-11-21 14:00:33.596037: Epoch time: 68.68 s
2025-11-21 14:00:35.828956: 
2025-11-21 14:00:35.829220: Epoch 960
2025-11-21 14:00:35.829353: Current learning rate: 0.00055
2025-11-21 14:01:47.947640: train_loss -0.7408
2025-11-21 14:01:47.948003: val_loss -0.7295
2025-11-21 14:01:47.948113: Pseudo dice [np.float32(0.9091), np.float32(0.7557), np.float32(0.0)]
2025-11-21 14:01:47.948235: Epoch time: 72.12 s
2025-11-21 14:01:49.551201: 
2025-11-21 14:01:49.551378: Epoch 961
2025-11-21 14:01:49.551504: Current learning rate: 0.00054
2025-11-21 14:02:56.620341: train_loss -0.7542
2025-11-21 14:02:56.622239: val_loss -0.736
2025-11-21 14:02:56.622362: Pseudo dice [np.float32(0.9105), np.float32(0.7619), np.float32(0.0)]
2025-11-21 14:02:56.622465: Epoch time: 67.07 s
2025-11-21 14:02:58.243151: 
2025-11-21 14:02:58.243395: Epoch 962
2025-11-21 14:02:58.243527: Current learning rate: 0.00053
2025-11-21 14:04:04.881016: train_loss -0.7467
2025-11-21 14:04:04.881268: val_loss -0.7588
2025-11-21 14:04:04.881380: Pseudo dice [np.float32(0.9138), np.float32(0.7718), np.float32(0.0)]
2025-11-21 14:04:04.881499: Epoch time: 66.64 s
2025-11-21 14:04:06.016078: 
2025-11-21 14:04:06.016249: Epoch 963
2025-11-21 14:04:06.016357: Current learning rate: 0.00051
2025-11-21 14:05:14.680957: train_loss -0.7397
2025-11-21 14:05:14.681183: val_loss -0.7128
2025-11-21 14:05:14.681292: Pseudo dice [np.float32(0.9153), np.float32(0.7706), np.float32(0.0)]
2025-11-21 14:05:14.681401: Epoch time: 68.67 s
2025-11-21 14:05:15.799410: 
2025-11-21 14:05:15.799582: Epoch 964
2025-11-21 14:05:15.799697: Current learning rate: 0.0005
2025-11-21 14:06:22.197997: train_loss -0.7485
2025-11-21 14:06:22.198340: val_loss -0.7281
2025-11-21 14:06:22.199716: Pseudo dice [np.float32(0.9136), np.float32(0.7745), np.float32(0.0)]
2025-11-21 14:06:22.199854: Epoch time: 66.4 s
2025-11-21 14:06:23.891845: 
2025-11-21 14:06:23.892106: Epoch 965
2025-11-21 14:06:23.892249: Current learning rate: 0.00049
2025-11-21 14:07:32.953152: train_loss -0.7512
2025-11-21 14:07:32.957732: val_loss -0.7104
2025-11-21 14:07:32.957858: Pseudo dice [np.float32(0.9078), np.float32(0.766), np.float32(0.0)]
2025-11-21 14:07:32.957969: Epoch time: 69.06 s
2025-11-21 14:07:34.108783: 
2025-11-21 14:07:34.109062: Epoch 966
2025-11-21 14:07:34.109199: Current learning rate: 0.00048
2025-11-21 14:08:46.397434: train_loss -0.7316
2025-11-21 14:08:46.397688: val_loss -0.7197
2025-11-21 14:08:46.397799: Pseudo dice [np.float32(0.9033), np.float32(0.7631), np.float32(0.0)]
2025-11-21 14:08:46.397904: Epoch time: 72.29 s
2025-11-21 14:08:47.740503: 
2025-11-21 14:08:47.740751: Epoch 967
2025-11-21 14:08:47.740873: Current learning rate: 0.00046
2025-11-21 14:09:57.727002: train_loss -0.7439
2025-11-21 14:09:57.727357: val_loss -0.7255
2025-11-21 14:09:57.727487: Pseudo dice [np.float32(0.905), np.float32(0.762), np.float32(0.0)]
2025-11-21 14:09:57.727607: Epoch time: 69.99 s
2025-11-21 14:09:58.943805: 
2025-11-21 14:09:58.944000: Epoch 968
2025-11-21 14:09:58.944112: Current learning rate: 0.00045
2025-11-21 14:11:08.797781: train_loss -0.7469
2025-11-21 14:11:08.798016: val_loss -0.7116
2025-11-21 14:11:08.798107: Pseudo dice [np.float32(0.9116), np.float32(0.76), np.float32(0.0)]
2025-11-21 14:11:08.798205: Epoch time: 69.85 s
2025-11-21 14:11:10.183800: 
2025-11-21 14:11:10.184050: Epoch 969
2025-11-21 14:11:10.184198: Current learning rate: 0.00044
2025-11-21 14:12:21.222425: train_loss -0.7494
2025-11-21 14:12:21.224536: val_loss -0.7564
2025-11-21 14:12:21.224650: Pseudo dice [np.float32(0.9112), np.float32(0.7723), np.float32(0.0)]
2025-11-21 14:12:21.224757: Epoch time: 71.04 s
2025-11-21 14:12:22.368362: 
2025-11-21 14:12:22.368570: Epoch 970
2025-11-21 14:12:22.368702: Current learning rate: 0.00043
2025-11-21 14:13:32.839902: train_loss -0.7452
2025-11-21 14:13:32.841859: val_loss -0.7453
2025-11-21 14:13:32.841977: Pseudo dice [np.float32(0.9209), np.float32(0.7666), np.float32(0.0)]
2025-11-21 14:13:32.842071: Epoch time: 70.47 s
2025-11-21 14:13:34.827568: 
2025-11-21 14:13:34.827744: Epoch 971
2025-11-21 14:13:34.827862: Current learning rate: 0.00041
2025-11-21 14:14:41.314743: train_loss -0.7521
2025-11-21 14:14:41.321862: val_loss -0.7231
2025-11-21 14:14:41.323937: Pseudo dice [np.float32(0.907), np.float32(0.7674), np.float32(0.0)]
2025-11-21 14:14:41.325989: Epoch time: 66.49 s
2025-11-21 14:14:42.852571: 
2025-11-21 14:14:42.852745: Epoch 972
2025-11-21 14:14:42.852860: Current learning rate: 0.0004
2025-11-21 14:15:56.113637: train_loss -0.7613
2025-11-21 14:15:56.113864: val_loss -0.7146
2025-11-21 14:15:56.113968: Pseudo dice [np.float32(0.9081), np.float32(0.7658), np.float32(0.0)]
2025-11-21 14:15:56.114072: Epoch time: 73.26 s
2025-11-21 14:15:57.329894: 
2025-11-21 14:15:57.330146: Epoch 973
2025-11-21 14:15:57.330341: Current learning rate: 0.00039
2025-11-21 14:17:10.238947: train_loss -0.7459
2025-11-21 14:17:10.243353: val_loss -0.7212
2025-11-21 14:17:10.243522: Pseudo dice [np.float32(0.9175), np.float32(0.7552), np.float32(0.0)]
2025-11-21 14:17:10.243639: Epoch time: 72.91 s
2025-11-21 14:17:11.342747: 
2025-11-21 14:17:11.342965: Epoch 974
2025-11-21 14:17:11.343082: Current learning rate: 0.00037
2025-11-21 14:18:24.474126: train_loss -0.7471
2025-11-21 14:18:24.474373: val_loss -0.7303
2025-11-21 14:18:24.474491: Pseudo dice [np.float32(0.9112), np.float32(0.7667), np.float32(0.0)]
2025-11-21 14:18:24.474600: Epoch time: 73.13 s
2025-11-21 14:18:26.163098: 
2025-11-21 14:18:26.163379: Epoch 975
2025-11-21 14:18:26.163513: Current learning rate: 0.00036
2025-11-21 14:19:35.536759: train_loss -0.7498
2025-11-21 14:19:35.537711: val_loss -0.729
2025-11-21 14:19:35.537854: Pseudo dice [np.float32(0.9114), np.float32(0.7643), np.float32(0.0)]
2025-11-21 14:19:35.537957: Epoch time: 69.37 s
2025-11-21 14:19:36.733786: 
2025-11-21 14:19:36.733961: Epoch 976
2025-11-21 14:19:36.734079: Current learning rate: 0.00035
2025-11-21 14:20:50.120314: train_loss -0.7407
2025-11-21 14:20:50.120672: val_loss -0.7416
2025-11-21 14:20:50.120803: Pseudo dice [np.float32(0.911), np.float32(0.7725), np.float32(0.0)]
2025-11-21 14:20:50.120910: Epoch time: 73.39 s
2025-11-21 14:20:51.372323: 
2025-11-21 14:20:51.372577: Epoch 977
2025-11-21 14:20:51.372739: Current learning rate: 0.00034
2025-11-21 14:22:00.550490: train_loss -0.758
2025-11-21 14:22:00.550792: val_loss -0.7257
2025-11-21 14:22:00.550896: Pseudo dice [np.float32(0.909), np.float32(0.7684), np.float32(0.0)]
2025-11-21 14:22:00.550997: Epoch time: 69.18 s
2025-11-21 14:22:02.669598: 
2025-11-21 14:22:02.669901: Epoch 978
2025-11-21 14:22:02.670052: Current learning rate: 0.00032
2025-11-21 14:23:13.750025: train_loss -0.7628
2025-11-21 14:23:13.751287: val_loss -0.7184
2025-11-21 14:23:13.751406: Pseudo dice [np.float32(0.9059), np.float32(0.7548), np.float32(0.0)]
2025-11-21 14:23:13.751506: Epoch time: 71.08 s
2025-11-21 14:23:15.156749: 
2025-11-21 14:23:15.156967: Epoch 979
2025-11-21 14:23:15.157092: Current learning rate: 0.00031
2025-11-21 14:24:31.458596: train_loss -0.7426
2025-11-21 14:24:31.458859: val_loss -0.7318
2025-11-21 14:24:31.458965: Pseudo dice [np.float32(0.9106), np.float32(0.7712), np.float32(0.0)]
2025-11-21 14:24:31.467385: Epoch time: 76.3 s
2025-11-21 14:24:32.807895: 
2025-11-21 14:24:32.808096: Epoch 980
2025-11-21 14:24:32.808231: Current learning rate: 0.0003
2025-11-21 14:25:43.084015: train_loss -0.7567
2025-11-21 14:25:43.084351: val_loss -0.7167
2025-11-21 14:25:43.084464: Pseudo dice [np.float32(0.9094), np.float32(0.7546), np.float32(0.0)]
2025-11-21 14:25:43.084583: Epoch time: 70.28 s
2025-11-21 14:25:44.413405: 
2025-11-21 14:25:44.413585: Epoch 981
2025-11-21 14:25:44.413697: Current learning rate: 0.00028
2025-11-21 14:26:56.628669: train_loss -0.7546
2025-11-21 14:26:56.631128: val_loss -0.7246
2025-11-21 14:26:56.631289: Pseudo dice [np.float32(0.9198), np.float32(0.77), np.float32(0.0)]
2025-11-21 14:26:56.631399: Epoch time: 72.22 s
2025-11-21 14:26:58.405711: 
2025-11-21 14:26:58.405946: Epoch 982
2025-11-21 14:26:58.406096: Current learning rate: 0.00027
2025-11-21 14:28:06.557782: train_loss -0.7516
2025-11-21 14:28:06.558031: val_loss -0.7289
2025-11-21 14:28:06.558141: Pseudo dice [np.float32(0.9129), np.float32(0.7623), np.float32(0.0)]
2025-11-21 14:28:06.558253: Epoch time: 68.15 s
2025-11-21 14:28:07.688414: 
2025-11-21 14:28:07.688598: Epoch 983
2025-11-21 14:28:07.688768: Current learning rate: 0.00026
2025-11-21 14:29:16.207486: train_loss -0.7385
2025-11-21 14:29:16.207782: val_loss -0.727
2025-11-21 14:29:16.207901: Pseudo dice [np.float32(0.9107), np.float32(0.7639), np.float32(0.0)]
2025-11-21 14:29:16.208009: Epoch time: 68.52 s
2025-11-21 14:29:17.346199: 
2025-11-21 14:29:17.346372: Epoch 984
2025-11-21 14:29:17.346529: Current learning rate: 0.00024
2025-11-21 14:30:24.550113: train_loss -0.7417
2025-11-21 14:30:24.550351: val_loss -0.7177
2025-11-21 14:30:24.550462: Pseudo dice [np.float32(0.9099), np.float32(0.758), np.float32(0.0)]
2025-11-21 14:30:24.550624: Epoch time: 67.2 s
2025-11-21 14:30:25.662573: 
2025-11-21 14:30:25.662745: Epoch 985
2025-11-21 14:30:25.662861: Current learning rate: 0.00023
2025-11-21 14:31:33.819561: train_loss -0.7567
2025-11-21 14:31:33.821759: val_loss -0.6994
2025-11-21 14:31:33.821877: Pseudo dice [np.float32(0.9229), np.float32(0.7719), np.float32(0.0)]
2025-11-21 14:31:33.821982: Epoch time: 68.16 s
2025-11-21 14:31:36.002427: 
2025-11-21 14:31:36.002634: Epoch 986
2025-11-21 14:31:36.002760: Current learning rate: 0.00021
2025-11-21 14:32:46.201079: train_loss -0.7388
2025-11-21 14:32:46.204533: val_loss -0.7486
2025-11-21 14:32:46.204652: Pseudo dice [np.float32(0.9116), np.float32(0.7587), np.float32(0.0)]
2025-11-21 14:32:46.204771: Epoch time: 70.2 s
2025-11-21 14:32:48.319503: 
2025-11-21 14:32:48.319689: Epoch 987
2025-11-21 14:32:48.319811: Current learning rate: 0.0002
2025-11-21 14:33:59.020051: train_loss -0.7425
2025-11-21 14:33:59.021135: val_loss -0.7144
2025-11-21 14:33:59.021246: Pseudo dice [np.float32(0.9195), np.float32(0.7655), np.float32(0.0)]
2025-11-21 14:33:59.021339: Epoch time: 70.7 s
2025-11-21 14:34:00.654972: 
2025-11-21 14:34:00.655181: Epoch 988
2025-11-21 14:34:00.655311: Current learning rate: 0.00019
2025-11-21 14:35:11.872738: train_loss -0.75
2025-11-21 14:35:11.872974: val_loss -0.7001
2025-11-21 14:35:11.873085: Pseudo dice [np.float32(0.9054), np.float32(0.7704), np.float32(0.0)]
2025-11-21 14:35:11.873201: Epoch time: 71.22 s
2025-11-21 14:35:12.982685: 
2025-11-21 14:35:12.982919: Epoch 989
2025-11-21 14:35:12.983064: Current learning rate: 0.00017
2025-11-21 14:36:19.357193: train_loss -0.754
2025-11-21 14:36:19.357526: val_loss -0.7374
2025-11-21 14:36:19.357635: Pseudo dice [np.float32(0.9096), np.float32(0.7702), np.float32(0.0)]
2025-11-21 14:36:19.357741: Epoch time: 66.38 s
2025-11-21 14:36:21.460976: 
2025-11-21 14:36:21.461182: Epoch 990
2025-11-21 14:36:21.461319: Current learning rate: 0.00016
2025-11-21 14:37:28.733728: train_loss -0.7602
2025-11-21 14:37:28.736125: val_loss -0.7249
2025-11-21 14:37:28.736247: Pseudo dice [np.float32(0.9181), np.float32(0.7687), np.float32(0.0)]
2025-11-21 14:37:28.736340: Epoch time: 67.27 s
2025-11-21 14:37:30.436506: 
2025-11-21 14:37:30.436685: Epoch 991
2025-11-21 14:37:30.436813: Current learning rate: 0.00014
2025-11-21 14:38:39.293185: train_loss -0.7602
2025-11-21 14:38:39.293432: val_loss -0.7304
2025-11-21 14:38:39.293529: Pseudo dice [np.float32(0.9147), np.float32(0.7634), np.float32(0.0)]
2025-11-21 14:38:39.293624: Epoch time: 68.86 s
2025-11-21 14:38:40.847012: 
2025-11-21 14:38:40.847283: Epoch 992
2025-11-21 14:38:40.847407: Current learning rate: 0.00013
2025-11-21 14:39:52.058881: train_loss -0.7558
2025-11-21 14:39:52.059136: val_loss -0.737
2025-11-21 14:39:52.059283: Pseudo dice [np.float32(0.9128), np.float32(0.7682), np.float32(0.0)]
2025-11-21 14:39:52.059397: Epoch time: 71.21 s
2025-11-21 14:39:53.168125: 
2025-11-21 14:39:53.168308: Epoch 993
2025-11-21 14:39:53.168424: Current learning rate: 0.00011
2025-11-21 14:41:00.455302: train_loss -0.7456
2025-11-21 14:41:00.457394: val_loss -0.7015
2025-11-21 14:41:00.459401: Pseudo dice [np.float32(0.9053), np.float32(0.7625), np.float32(0.0)]
2025-11-21 14:41:00.459538: Epoch time: 67.29 s
2025-11-21 14:41:02.288680: 
2025-11-21 14:41:02.288864: Epoch 994
2025-11-21 14:41:02.288986: Current learning rate: 0.0001
2025-11-21 14:42:13.673486: train_loss -0.7511
2025-11-21 14:42:13.673748: val_loss -0.7187
2025-11-21 14:42:13.673849: Pseudo dice [np.float32(0.9026), np.float32(0.7667), np.float32(0.0)]
2025-11-21 14:42:13.673948: Epoch time: 71.39 s
2025-11-21 14:42:14.884342: 
2025-11-21 14:42:14.884518: Epoch 995
2025-11-21 14:42:14.884636: Current learning rate: 8e-05
2025-11-21 14:43:24.000964: train_loss -0.7541
2025-11-21 14:43:24.003156: val_loss -0.7079
2025-11-21 14:43:24.003277: Pseudo dice [np.float32(0.914), np.float32(0.7681), np.float32(0.0)]
2025-11-21 14:43:24.003370: Epoch time: 69.12 s
2025-11-21 14:43:25.798971: 
2025-11-21 14:43:25.799289: Epoch 996
2025-11-21 14:43:25.799513: Current learning rate: 7e-05
2025-11-21 14:44:34.196548: train_loss -0.7596
2025-11-21 14:44:34.196785: val_loss -0.7253
2025-11-21 14:44:34.196900: Pseudo dice [np.float32(0.9099), np.float32(0.7671), np.float32(0.0)]
2025-11-21 14:44:34.199269: Epoch time: 68.4 s
2025-11-21 14:44:35.744662: 
2025-11-21 14:44:35.744857: Epoch 997
2025-11-21 14:44:35.744982: Current learning rate: 5e-05
2025-11-21 14:45:47.235837: train_loss -0.7536
2025-11-21 14:45:47.237061: val_loss -0.7261
2025-11-21 14:45:47.237165: Pseudo dice [np.float32(0.9086), np.float32(0.7706), np.float32(0.0)]
2025-11-21 14:45:47.237267: Epoch time: 71.49 s
2025-11-21 14:45:48.481794: 
2025-11-21 14:45:48.482069: Epoch 998
2025-11-21 14:45:48.482215: Current learning rate: 4e-05
2025-11-21 14:47:02.458635: train_loss -0.7444
2025-11-21 14:47:02.458857: val_loss -0.7026
2025-11-21 14:47:02.458961: Pseudo dice [np.float32(0.9161), np.float32(0.7617), np.float32(0.0)]
2025-11-21 14:47:02.459170: Epoch time: 73.98 s
2025-11-21 14:47:04.401433: 
2025-11-21 14:47:04.401726: Epoch 999
2025-11-21 14:47:04.401846: Current learning rate: 2e-05
2025-11-21 14:48:14.395857: train_loss -0.7572
2025-11-21 14:48:14.396163: val_loss -0.7332
2025-11-21 14:48:14.396276: Pseudo dice [np.float32(0.9125), np.float32(0.7615), np.float32(0.0)]
2025-11-21 14:48:14.396373: Epoch time: 70.0 s
2025-11-21 14:48:16.368789: Training done.
2025-11-21 14:48:16.510181: Using splits from existing split file: /work/u4526725/Dataset/nnUNet/nnUNet_preprocessed/Dataset306_aicup2025/splits_final.json
2025-11-21 14:48:16.510444: The split file contains 5 splits.
2025-11-21 14:48:16.510508: Desired fold for training: 3
2025-11-21 14:48:16.510562: This split has 40 training and 10 validation cases.
2025-11-21 14:48:16.510699: predicting patient0007
2025-11-21 14:48:16.953707: patient0007, shape torch.Size([1, 311, 456, 456]), rank 0
2025-11-21 14:49:09.262159: predicting patient0010
2025-11-21 14:49:09.815117: patient0010, shape torch.Size([1, 280, 550, 550]), rank 0
2025-11-21 14:49:55.376471: predicting patient0011
2025-11-21 14:49:55.804030: patient0011, shape torch.Size([1, 280, 436, 436]), rank 0
2025-11-21 14:50:27.455042: predicting patient0012
2025-11-21 14:50:28.218886: patient0012, shape torch.Size([1, 298, 621, 621]), rank 0
2025-11-21 14:51:42.399494: predicting patient0014
2025-11-21 14:51:42.789913: patient0014, shape torch.Size([1, 280, 449, 449]), rank 0
2025-11-21 14:52:14.494815: predicting patient0015
2025-11-21 14:52:14.991290: patient0015, shape torch.Size([1, 319, 492, 492]), rank 0
2025-11-21 14:53:09.500364: predicting patient0017
2025-11-21 14:53:10.127622: patient0017, shape torch.Size([1, 340, 540, 540]), rank 0
2025-11-21 14:54:13.711946: predicting patient0018
2025-11-21 14:54:14.102959: patient0018, shape torch.Size([1, 289, 446, 446]), rank 0
2025-11-21 14:54:52.128552: predicting patient0019
2025-11-21 14:54:52.693364: patient0019, shape torch.Size([1, 326, 479, 479]), rank 0
2025-11-21 14:55:30.668143: predicting patient0028
2025-11-21 14:55:31.163846: patient0028, shape torch.Size([1, 313, 489, 489]), rank 0
2025-11-21 14:57:05.210114: Validation complete
2025-11-21 14:57:05.210253: Mean Validation Dice:  0.5627787711332511
