+----------------------------------------------------+
| loading miniforge with conda 24.7.1 and python 3.9 |
+----------------------------------------------------+

Mon Nov 10 17:57:36 CST 2025
/work/u4526725/Dataset/nnUNet/nnUNet_raw
/work/u4526725/Dataset/nnUNet/nnUNet_preprocessed
/work/u4526725/Dataset/nnUNet/nnUNet_results
/work/u4526725/Dataset/nnUNet/nnUNet_predictions
/home/u4526725/.conda/envs/nnUNet/bin:/work/HPC_SYS/twnia2/pkg-rocky8/tools/miniforge/Miniforge-pypy3-24.7.1-2/condabin:/opt/conda/bin:/home/u4526725/.vscode-server/cli/servers/Stable-7d842fb85a0275a4a8e4d7e040d2625abbf7f084/server/bin/remote-cli:/opt/conda/bin:/usr/local/bin:/usr/bin:/usr/local/sbin:/usr/sbin:/home/u4526725/.vscode-server/data/User/globalStorage/github.copilot-chat/debugCommand:/home/u4526725/.local/bin

############################
INFO: You are using the old nnU-Net default plans. We have updated our recommendations. Please consider using those instead! Read more here: https://github.com/MIC-DKFZ/nnUNet/blob/master/documentation/resenc_presets.md
############################

Using device: cuda:0

#######################################################################
Please cite the following paper when using nnU-Net:
Isensee, F., Jaeger, P. F., Kohl, S. A., Petersen, J., & Maier-Hein, K. H. (2021). nnU-Net: a self-configuring method for deep learning-based biomedical image segmentation. Nature methods, 18(2), 203-211.
#######################################################################

2025-11-10 17:57:42.333886: Using torch.compile...
2025-11-10 17:57:54.587480: do_dummy_2d_data_aug: False
/home/u4526725/.local/lib/python3.12/site-packages/fft_conv_pytorch/fft_conv.py:139: UserWarning: Using a non-tuple sequence for multidimensional indexing is deprecated and will be changed in pytorch 2.9; use x[tuple(seq)] instead of x[seq]. In pytorch 2.9 this will be interpreted as tensor index, x[torch.tensor(seq)], which will result either in an error or a different result (Triggered internally at /pytorch/torch/csrc/autograd/python_variable_indexing.cpp:306.)
  output = output[crop_slices].contiguous()
/home/u4526725/.local/lib/python3.12/site-packages/fft_conv_pytorch/fft_conv.py:139: UserWarning: Using a non-tuple sequence for multidimensional indexing is deprecated and will be changed in pytorch 2.9; use x[tuple(seq)] instead of x[seq]. In pytorch 2.9 this will be interpreted as tensor index, x[torch.tensor(seq)], which will result either in an error or a different result (Triggered internally at /pytorch/torch/csrc/autograd/python_variable_indexing.cpp:306.)
  output = output[crop_slices].contiguous()
/home/u4526725/.local/lib/python3.12/site-packages/fft_conv_pytorch/fft_conv.py:139: UserWarning: Using a non-tuple sequence for multidimensional indexing is deprecated and will be changed in pytorch 2.9; use x[tuple(seq)] instead of x[seq]. In pytorch 2.9 this will be interpreted as tensor index, x[torch.tensor(seq)], which will result either in an error or a different result (Triggered internally at /pytorch/torch/csrc/autograd/python_variable_indexing.cpp:306.)
  output = output[crop_slices].contiguous()
using pin_memory on device 0
/home/u4526725/.local/lib/python3.12/site-packages/fft_conv_pytorch/fft_conv.py:139: UserWarning: Using a non-tuple sequence for multidimensional indexing is deprecated and will be changed in pytorch 2.9; use x[tuple(seq)] instead of x[seq]. In pytorch 2.9 this will be interpreted as tensor index, x[torch.tensor(seq)], which will result either in an error or a different result (Triggered internally at /pytorch/torch/csrc/autograd/python_variable_indexing.cpp:306.)
  output = output[crop_slices].contiguous()
/home/u4526725/.local/lib/python3.12/site-packages/fft_conv_pytorch/fft_conv.py:139: UserWarning: Using a non-tuple sequence for multidimensional indexing is deprecated and will be changed in pytorch 2.9; use x[tuple(seq)] instead of x[seq]. In pytorch 2.9 this will be interpreted as tensor index, x[torch.tensor(seq)], which will result either in an error or a different result (Triggered internally at /pytorch/torch/csrc/autograd/python_variable_indexing.cpp:306.)
  output = output[crop_slices].contiguous()
/home/u4526725/.local/lib/python3.12/site-packages/fft_conv_pytorch/fft_conv.py:139: UserWarning: Using a non-tuple sequence for multidimensional indexing is deprecated and will be changed in pytorch 2.9; use x[tuple(seq)] instead of x[seq]. In pytorch 2.9 this will be interpreted as tensor index, x[torch.tensor(seq)], which will result either in an error or a different result (Triggered internally at /pytorch/torch/csrc/autograd/python_variable_indexing.cpp:306.)
  output = output[crop_slices].contiguous()
/home/u4526725/.local/lib/python3.12/site-packages/fft_conv_pytorch/fft_conv.py:139: UserWarning: Using a non-tuple sequence for multidimensional indexing is deprecated and will be changed in pytorch 2.9; use x[tuple(seq)] instead of x[seq]. In pytorch 2.9 this will be interpreted as tensor index, x[torch.tensor(seq)], which will result either in an error or a different result (Triggered internally at /pytorch/torch/csrc/autograd/python_variable_indexing.cpp:306.)
  output = output[crop_slices].contiguous()
/home/u4526725/.local/lib/python3.12/site-packages/fft_conv_pytorch/fft_conv.py:139: UserWarning: Using a non-tuple sequence for multidimensional indexing is deprecated and will be changed in pytorch 2.9; use x[tuple(seq)] instead of x[seq]. In pytorch 2.9 this will be interpreted as tensor index, x[torch.tensor(seq)], which will result either in an error or a different result (Triggered internally at /pytorch/torch/csrc/autograd/python_variable_indexing.cpp:306.)
  output = output[crop_slices].contiguous()
/home/u4526725/.local/lib/python3.12/site-packages/fft_conv_pytorch/fft_conv.py:139: UserWarning: Using a non-tuple sequence for multidimensional indexing is deprecated and will be changed in pytorch 2.9; use x[tuple(seq)] instead of x[seq]. In pytorch 2.9 this will be interpreted as tensor index, x[torch.tensor(seq)], which will result either in an error or a different result (Triggered internally at /pytorch/torch/csrc/autograd/python_variable_indexing.cpp:306.)
  output = output[crop_slices].contiguous()
/home/u4526725/.local/lib/python3.12/site-packages/fft_conv_pytorch/fft_conv.py:139: UserWarning: Using a non-tuple sequence for multidimensional indexing is deprecated and will be changed in pytorch 2.9; use x[tuple(seq)] instead of x[seq]. In pytorch 2.9 this will be interpreted as tensor index, x[torch.tensor(seq)], which will result either in an error or a different result (Triggered internally at /pytorch/torch/csrc/autograd/python_variable_indexing.cpp:306.)
  output = output[crop_slices].contiguous()
/home/u4526725/.local/lib/python3.12/site-packages/fft_conv_pytorch/fft_conv.py:139: UserWarning: Using a non-tuple sequence for multidimensional indexing is deprecated and will be changed in pytorch 2.9; use x[tuple(seq)] instead of x[seq]. In pytorch 2.9 this will be interpreted as tensor index, x[torch.tensor(seq)], which will result either in an error or a different result (Triggered internally at /pytorch/torch/csrc/autograd/python_variable_indexing.cpp:306.)
  output = output[crop_slices].contiguous()
/home/u4526725/.local/lib/python3.12/site-packages/fft_conv_pytorch/fft_conv.py:139: UserWarning: Using a non-tuple sequence for multidimensional indexing is deprecated and will be changed in pytorch 2.9; use x[tuple(seq)] instead of x[seq]. In pytorch 2.9 this will be interpreted as tensor index, x[torch.tensor(seq)], which will result either in an error or a different result (Triggered internally at /pytorch/torch/csrc/autograd/python_variable_indexing.cpp:306.)
  output = output[crop_slices].contiguous()
/home/u4526725/.local/lib/python3.12/site-packages/torch/_inductor/lowering.py:7095: UserWarning: 
Online softmax is disabled on the fly since Inductor decides to
split the reduction. Cut an issue to PyTorch if this is an
important use case and you want to speed it up with online
softmax.

  warnings.warn(
/home/u4526725/.local/lib/python3.12/site-packages/torch/_inductor/lowering.py:7095: UserWarning: 
Online softmax is disabled on the fly since Inductor decides to
split the reduction. Cut an issue to PyTorch if this is an
important use case and you want to speed it up with online
softmax.

  warnings.warn(
/home/u4526725/.local/lib/python3.12/site-packages/torch/_inductor/lowering.py:7095: UserWarning: 
Online softmax is disabled on the fly since Inductor decides to
split the reduction. Cut an issue to PyTorch if this is an
important use case and you want to speed it up with online
softmax.

  warnings.warn(
/home/u4526725/.local/lib/python3.12/site-packages/torch/_inductor/lowering.py:7095: UserWarning: 
Online softmax is disabled on the fly since Inductor decides to
split the reduction. Cut an issue to PyTorch if this is an
important use case and you want to speed it up with online
softmax.

  warnings.warn(
using pin_memory on device 0

This is the configuration used by this training:
Configuration name: 3d_cascade_fullres
 {'data_identifier': 'nnUNetPlans_3d_fullres', 'preprocessor_name': 'DefaultPreprocessor', 'batch_size': 2, 'patch_size': [96, 160, 160], 'median_image_size_in_voxels': [302.5, 512.0, 512.0], 'spacing': [0.5, 0.39453125, 0.39453125], 'normalization_schemes': ['CTNormalization'], 'use_mask_for_norm': [False], 'resampling_fn_data': 'resample_data_or_seg_to_shape', 'resampling_fn_seg': 'resample_data_or_seg_to_shape', 'resampling_fn_data_kwargs': {'is_seg': False, 'order': 3, 'order_z': 0, 'force_separate_z': None}, 'resampling_fn_seg_kwargs': {'is_seg': True, 'order': 1, 'order_z': 0, 'force_separate_z': None}, 'resampling_fn_probabilities': 'resample_data_or_seg_to_shape', 'resampling_fn_probabilities_kwargs': {'is_seg': False, 'order': 1, 'order_z': 0, 'force_separate_z': None}, 'architecture': {'network_class_name': 'dynamic_network_architectures.architectures.unet.PlainConvUNet', 'arch_kwargs': {'n_stages': 6, 'features_per_stage': [32, 64, 128, 256, 320, 320], 'conv_op': 'torch.nn.modules.conv.Conv3d', 'kernel_sizes': [[3, 3, 3], [3, 3, 3], [3, 3, 3], [3, 3, 3], [3, 3, 3], [3, 3, 3]], 'strides': [[1, 1, 1], [2, 2, 2], [2, 2, 2], [2, 2, 2], [2, 2, 2], [1, 2, 2]], 'n_conv_per_stage': [2, 2, 2, 2, 2, 2], 'n_conv_per_stage_decoder': [2, 2, 2, 2, 2], 'conv_bias': True, 'norm_op': 'torch.nn.modules.instancenorm.InstanceNorm3d', 'norm_op_kwargs': {'eps': 1e-05, 'affine': True}, 'dropout_op': None, 'dropout_op_kwargs': None, 'nonlin': 'torch.nn.LeakyReLU', 'nonlin_kwargs': {'inplace': True}}, '_kw_requires_import': ['conv_op', 'norm_op', 'dropout_op', 'nonlin']}, 'batch_dice': True, 'inherits_from': '3d_fullres', 'previous_stage': '3d_lowres'} 

These are the global plan.json settings:
 {'dataset_name': 'Dataset306_aicup2025', 'plans_name': 'nnUNetPlans', 'original_median_spacing_after_transp': [0.5, 0.39453125, 0.39453125], 'original_median_shape_after_transp': [340, 512, 512], 'image_reader_writer': 'NibabelIOWithReorient', 'transpose_forward': [0, 1, 2], 'transpose_backward': [0, 1, 2], 'experiment_planner_used': 'ExperimentPlanner', 'label_manager': 'LabelManager', 'foreground_intensity_properties_per_channel': {'0': {'max': 1819.0, 'mean': 136.50274658203125, 'median': 115.0, 'min': -873.0, 'percentile_00_5': -30.0, 'percentile_99_5': 478.0, 'std': 91.3067398071289}}} 

2025-11-10 17:58:03.198605: Unable to plot network architecture: nnUNet_compile is enabled!
2025-11-10 17:58:03.285352: 
2025-11-10 17:58:03.285512: Epoch 0
2025-11-10 17:58:03.285702: Current learning rate: 0.01
2025-11-10 18:01:30.848010: train_loss 0.0294
2025-11-10 18:01:30.848351: val_loss -0.1829
2025-11-10 18:01:30.848472: Pseudo dice [np.float32(0.8907), np.float32(0.0), np.float32(0.0)]
2025-11-10 18:01:30.848574: Epoch time: 207.56 s
2025-11-10 18:01:30.848656: Yayy! New best EMA pseudo Dice: 0.2969000041484833
2025-11-10 18:01:32.712929: 
2025-11-10 18:01:32.713148: Epoch 1
2025-11-10 18:01:32.713271: Current learning rate: 0.00999
2025-11-10 18:04:07.624040: train_loss -0.1715
2025-11-10 18:04:07.624278: val_loss -0.3202
2025-11-10 18:04:07.624393: Pseudo dice [np.float32(0.899), np.float32(0.7374), np.float32(0.0)]
2025-11-10 18:04:07.624493: Epoch time: 154.91 s
2025-11-10 18:04:07.624575: Yayy! New best EMA pseudo Dice: 0.32179999351501465
2025-11-10 18:04:11.808777: 
2025-11-10 18:04:11.808950: Epoch 2
2025-11-10 18:04:11.809064: Current learning rate: 0.00998
2025-11-10 18:06:40.072175: train_loss -0.2293
2025-11-10 18:06:40.072417: val_loss -0.3534
2025-11-10 18:06:40.072520: Pseudo dice [np.float32(0.9043), np.float32(0.7169), np.float32(0.0)]
2025-11-10 18:06:40.072620: Epoch time: 148.26 s
2025-11-10 18:06:40.072703: Yayy! New best EMA pseudo Dice: 0.34360000491142273
2025-11-10 18:06:44.544111: 
2025-11-10 18:06:44.544291: Epoch 3
2025-11-10 18:06:44.544405: Current learning rate: 0.00997
2025-11-10 18:09:04.429581: train_loss -0.2733
2025-11-10 18:09:04.429835: val_loss -0.3587
2025-11-10 18:09:04.429940: Pseudo dice [np.float32(0.9051), np.float32(0.7439), np.float32(0.0)]
2025-11-10 18:09:04.430040: Epoch time: 139.89 s
2025-11-10 18:09:04.430119: Yayy! New best EMA pseudo Dice: 0.36419999599456787
2025-11-10 18:09:09.095238: 
2025-11-10 18:09:09.095407: Epoch 4
2025-11-10 18:09:09.095522: Current learning rate: 0.00996
2025-11-10 18:11:34.936585: train_loss -0.241
2025-11-10 18:11:34.936903: val_loss -0.3599
2025-11-10 18:11:34.937010: Pseudo dice [np.float32(0.9081), np.float32(0.7422), np.float32(0.0)]
2025-11-10 18:11:34.937111: Epoch time: 145.84 s
2025-11-10 18:11:34.937189: Yayy! New best EMA pseudo Dice: 0.38280001282691956
2025-11-10 18:11:38.418212: 
2025-11-10 18:11:38.418362: Epoch 5
2025-11-10 18:11:38.418466: Current learning rate: 0.00995
2025-11-10 18:14:03.211329: train_loss -0.2778
2025-11-10 18:14:03.211572: val_loss -0.3665
2025-11-10 18:14:03.211677: Pseudo dice [np.float32(0.9055), np.float32(0.7483), np.float32(0.0)]
2025-11-10 18:14:03.211774: Epoch time: 144.79 s
2025-11-10 18:14:03.211859: Yayy! New best EMA pseudo Dice: 0.39969998598098755
2025-11-10 18:14:07.612165: 
2025-11-10 18:14:07.612342: Epoch 6
2025-11-10 18:14:07.612450: Current learning rate: 0.00995
2025-11-10 18:16:22.064391: train_loss -0.2967
2025-11-10 18:16:22.064650: val_loss -0.3584
2025-11-10 18:16:22.064759: Pseudo dice [np.float32(0.9065), np.float32(0.7516), np.float32(0.0)]
2025-11-10 18:16:22.064901: Epoch time: 134.45 s
2025-11-10 18:16:22.064984: Yayy! New best EMA pseudo Dice: 0.41499999165534973
2025-11-10 18:16:26.128985: 
2025-11-10 18:16:26.129156: Epoch 7
2025-11-10 18:16:26.129264: Current learning rate: 0.00994
2025-11-10 18:18:46.463688: train_loss -0.2841
2025-11-10 18:18:46.463949: val_loss -0.3939
2025-11-10 18:18:46.464054: Pseudo dice [np.float32(0.9089), np.float32(0.7528), np.float32(0.0)]
2025-11-10 18:18:46.464151: Epoch time: 140.34 s
2025-11-10 18:18:46.464227: Yayy! New best EMA pseudo Dice: 0.42890000343322754
2025-11-10 18:18:51.358108: 
2025-11-10 18:18:51.358315: Epoch 8
2025-11-10 18:18:51.358435: Current learning rate: 0.00993
2025-11-10 18:21:28.330727: train_loss -0.2552
2025-11-10 18:21:28.330981: val_loss -0.37
2025-11-10 18:21:28.331085: Pseudo dice [np.float32(0.9038), np.float32(0.7341), np.float32(0.0)]
2025-11-10 18:21:28.331187: Epoch time: 156.97 s
2025-11-10 18:21:28.331270: Yayy! New best EMA pseudo Dice: 0.4406000077724457
2025-11-10 18:21:32.103287: 
2025-11-10 18:21:32.103462: Epoch 9
2025-11-10 18:21:32.103577: Current learning rate: 0.00992
2025-11-10 18:24:01.515595: train_loss -0.2945
2025-11-10 18:24:01.515837: val_loss -0.3446
2025-11-10 18:24:01.515934: Pseudo dice [np.float32(0.9082), np.float32(0.7339), np.float32(0.0)]
2025-11-10 18:24:01.516025: Epoch time: 149.41 s
2025-11-10 18:24:01.516098: Yayy! New best EMA pseudo Dice: 0.4512999951839447
2025-11-10 18:24:08.378322: 
2025-11-10 18:24:08.378510: Epoch 10
2025-11-10 18:24:08.378626: Current learning rate: 0.00991
2025-11-10 18:26:37.375113: train_loss -0.3137
2025-11-10 18:26:37.375354: val_loss -0.3692
2025-11-10 18:26:37.375455: Pseudo dice [np.float32(0.9089), np.float32(0.7432), np.float32(0.0)]
2025-11-10 18:26:37.375552: Epoch time: 149.0 s
2025-11-10 18:26:37.375629: Yayy! New best EMA pseudo Dice: 0.4611999988555908
2025-11-10 18:26:40.751737: 
2025-11-10 18:26:40.751903: Epoch 11
2025-11-10 18:26:40.752017: Current learning rate: 0.0099
2025-11-10 18:29:06.450078: train_loss -0.3242
2025-11-10 18:29:06.450313: val_loss -0.3944
2025-11-10 18:29:06.450408: Pseudo dice [np.float32(0.9146), np.float32(0.7521), np.float32(0.0)]
2025-11-10 18:29:06.450499: Epoch time: 145.7 s
2025-11-10 18:29:06.450572: Yayy! New best EMA pseudo Dice: 0.4706000089645386
2025-11-10 18:29:10.554636: 
2025-11-10 18:29:10.554809: Epoch 12
2025-11-10 18:29:10.554925: Current learning rate: 0.00989
2025-11-10 18:31:36.132313: train_loss -0.313
2025-11-10 18:31:36.132526: val_loss -0.3725
2025-11-10 18:31:36.132628: Pseudo dice [np.float32(0.904), np.float32(0.7411), np.float32(0.0)]
2025-11-10 18:31:36.132724: Epoch time: 145.58 s
2025-11-10 18:31:36.132807: Yayy! New best EMA pseudo Dice: 0.47839999198913574
2025-11-10 18:31:40.955301: 
2025-11-10 18:31:40.955478: Epoch 13
2025-11-10 18:31:40.955592: Current learning rate: 0.00988
2025-11-10 18:34:12.987850: train_loss -0.3071
2025-11-10 18:34:12.992044: val_loss -0.3958
2025-11-10 18:34:12.992167: Pseudo dice [np.float32(0.9075), np.float32(0.7612), np.float32(0.0)]
2025-11-10 18:34:12.992270: Epoch time: 152.03 s
2025-11-10 18:34:12.992350: Yayy! New best EMA pseudo Dice: 0.4862000048160553
2025-11-10 18:34:16.313522: 
2025-11-10 18:34:16.313684: Epoch 14
2025-11-10 18:34:16.313795: Current learning rate: 0.00987
2025-11-10 18:36:42.304942: train_loss -0.3369
2025-11-10 18:36:42.305186: val_loss -0.3805
2025-11-10 18:36:42.305289: Pseudo dice [np.float32(0.9196), np.float32(0.7306), np.float32(0.0)]
2025-11-10 18:36:42.305386: Epoch time: 145.99 s
2025-11-10 18:36:42.305463: Yayy! New best EMA pseudo Dice: 0.4925999939441681
2025-11-10 18:36:45.855086: 
2025-11-10 18:36:45.855254: Epoch 15
2025-11-10 18:36:45.855365: Current learning rate: 0.00986
2025-11-10 18:39:11.063048: train_loss -0.335
2025-11-10 18:39:11.063269: val_loss -0.4002
2025-11-10 18:39:11.063371: Pseudo dice [np.float32(0.9104), np.float32(0.7658), np.float32(0.0)]
2025-11-10 18:39:11.063469: Epoch time: 145.21 s
2025-11-10 18:39:11.063548: Yayy! New best EMA pseudo Dice: 0.4991999864578247
2025-11-10 18:39:16.313967: 
2025-11-10 18:39:16.314219: Epoch 16
2025-11-10 18:39:16.314333: Current learning rate: 0.00986
2025-11-10 18:41:42.467985: train_loss -0.3325
2025-11-10 18:41:42.468267: val_loss -0.3849
2025-11-10 18:41:42.468389: Pseudo dice [np.float32(0.9146), np.float32(0.7546), np.float32(0.0)]
2025-11-10 18:41:42.468513: Epoch time: 146.14 s
2025-11-10 18:41:42.468588: Yayy! New best EMA pseudo Dice: 0.5048999786376953
2025-11-10 18:41:47.659215: 
2025-11-10 18:41:47.659407: Epoch 17
2025-11-10 18:41:47.659521: Current learning rate: 0.00985
2025-11-10 18:44:21.709787: train_loss -0.3206
2025-11-10 18:44:21.710029: val_loss -0.3844
2025-11-10 18:44:21.710130: Pseudo dice [np.float32(0.9061), np.float32(0.7449), np.float32(0.0)]
2025-11-10 18:44:21.727783: Epoch time: 154.05 s
2025-11-10 18:44:21.727952: Yayy! New best EMA pseudo Dice: 0.5095000267028809
2025-11-10 18:44:26.953253: 
2025-11-10 18:44:26.953434: Epoch 18
2025-11-10 18:44:26.953547: Current learning rate: 0.00984
2025-11-10 18:46:55.626527: train_loss -0.3422
2025-11-10 18:46:55.626760: val_loss -0.3792
2025-11-10 18:46:55.626869: Pseudo dice [np.float32(0.9083), np.float32(0.7101), np.float32(0.0)]
2025-11-10 18:46:55.626970: Epoch time: 148.67 s
2025-11-10 18:46:55.627048: Yayy! New best EMA pseudo Dice: 0.512499988079071
2025-11-10 18:46:59.675976: 
2025-11-10 18:46:59.676159: Epoch 19
2025-11-10 18:46:59.677009: Current learning rate: 0.00983
2025-11-10 18:49:18.322995: train_loss -0.3353
2025-11-10 18:49:18.323227: val_loss -0.3809
2025-11-10 18:49:18.323329: Pseudo dice [np.float32(0.9076), np.float32(0.7648), np.float32(0.0)]
2025-11-10 18:49:18.323426: Epoch time: 138.65 s
2025-11-10 18:49:18.323505: Yayy! New best EMA pseudo Dice: 0.5170000195503235
2025-11-10 18:49:23.090005: 
2025-11-10 18:49:23.090270: Epoch 20
2025-11-10 18:49:23.090381: Current learning rate: 0.00982
2025-11-10 18:51:55.608255: train_loss -0.3342
2025-11-10 18:51:55.616019: val_loss -0.392
2025-11-10 18:51:55.616134: Pseudo dice [np.float32(0.9205), np.float32(0.7086), np.float32(0.0)]
2025-11-10 18:51:55.616225: Epoch time: 152.52 s
2025-11-10 18:51:55.616300: Yayy! New best EMA pseudo Dice: 0.519599974155426
2025-11-10 18:52:00.259282: 
2025-11-10 18:52:00.260949: Epoch 21
2025-11-10 18:52:00.261072: Current learning rate: 0.00981
2025-11-10 18:54:26.344103: train_loss -0.3342
2025-11-10 18:54:26.344337: val_loss -0.3977
2025-11-10 18:54:26.344437: Pseudo dice [np.float32(0.9164), np.float32(0.7453), np.float32(0.0)]
2025-11-10 18:54:26.344533: Epoch time: 146.09 s
2025-11-10 18:54:26.344610: Yayy! New best EMA pseudo Dice: 0.5230000019073486
2025-11-10 18:54:30.774288: 
2025-11-10 18:54:30.774464: Epoch 22
2025-11-10 18:54:30.774577: Current learning rate: 0.0098
2025-11-10 18:57:06.460251: train_loss -0.3218
2025-11-10 18:57:06.460464: val_loss -0.3809
2025-11-10 18:57:06.460563: Pseudo dice [np.float32(0.913), np.float32(0.7467), np.float32(0.0)]
2025-11-10 18:57:06.460660: Epoch time: 155.69 s
2025-11-10 18:57:06.460739: Yayy! New best EMA pseudo Dice: 0.5260000228881836
2025-11-10 18:57:10.787720: 
2025-11-10 18:57:10.787931: Epoch 23
2025-11-10 18:57:10.788048: Current learning rate: 0.00979
2025-11-10 18:59:33.255414: train_loss -0.3331
2025-11-10 18:59:33.255671: val_loss -0.4085
2025-11-10 18:59:33.255774: Pseudo dice [np.float32(0.9009), np.float32(0.7535), np.float32(0.0)]
2025-11-10 18:59:33.255881: Epoch time: 142.47 s
2025-11-10 18:59:33.255961: Yayy! New best EMA pseudo Dice: 0.5285999774932861
2025-11-10 18:59:36.795238: 
2025-11-10 18:59:36.795491: Epoch 24
2025-11-10 18:59:36.795606: Current learning rate: 0.00978
2025-11-10 19:02:11.613049: train_loss -0.3399
2025-11-10 19:02:11.613298: val_loss -0.3729
2025-11-10 19:02:11.613400: Pseudo dice [np.float32(0.9037), np.float32(0.7554), np.float32(0.0)]
2025-11-10 19:02:11.613497: Epoch time: 154.82 s
2025-11-10 19:02:11.613574: Yayy! New best EMA pseudo Dice: 0.531000018119812
2025-11-10 19:02:15.749570: 
2025-11-10 19:02:15.749751: Epoch 25
2025-11-10 19:02:15.749871: Current learning rate: 0.00977
2025-11-10 19:04:42.239125: train_loss -0.3227
2025-11-10 19:04:42.239362: val_loss -0.402
2025-11-10 19:04:42.250190: Pseudo dice [np.float32(0.9139), np.float32(0.756), np.float32(0.0)]
2025-11-10 19:04:42.250322: Epoch time: 146.49 s
2025-11-10 19:04:42.250407: Yayy! New best EMA pseudo Dice: 0.5335999727249146
2025-11-10 19:04:49.213006: 
2025-11-10 19:04:49.213186: Epoch 26
2025-11-10 19:04:49.213298: Current learning rate: 0.00977
2025-11-10 19:07:19.290096: train_loss -0.3322
2025-11-10 19:07:19.290351: val_loss -0.3905
2025-11-10 19:07:19.290452: Pseudo dice [np.float32(0.9077), np.float32(0.7503), np.float32(0.0)]
2025-11-10 19:07:19.300009: Epoch time: 150.08 s
2025-11-10 19:07:19.300149: Yayy! New best EMA pseudo Dice: 0.5354999899864197
2025-11-10 19:07:23.785359: 
2025-11-10 19:07:23.785550: Epoch 27
2025-11-10 19:07:23.785667: Current learning rate: 0.00976
2025-11-10 19:09:46.050431: train_loss -0.3339
2025-11-10 19:09:46.050658: val_loss -0.3902
2025-11-10 19:09:46.050761: Pseudo dice [np.float32(0.9068), np.float32(0.7594), np.float32(0.0)]
2025-11-10 19:09:46.050869: Epoch time: 142.27 s
2025-11-10 19:09:46.050949: Yayy! New best EMA pseudo Dice: 0.5375000238418579
2025-11-10 19:09:49.243599: 
2025-11-10 19:09:49.243772: Epoch 28
2025-11-10 19:09:49.243888: Current learning rate: 0.00975
2025-11-10 19:12:09.384520: train_loss -0.3542
2025-11-10 19:12:09.384760: val_loss -0.4096
2025-11-10 19:12:09.384873: Pseudo dice [np.float32(0.9104), np.float32(0.7608), np.float32(0.0)]
2025-11-10 19:12:09.384973: Epoch time: 140.14 s
2025-11-10 19:12:09.385052: Yayy! New best EMA pseudo Dice: 0.5393999814987183
2025-11-10 19:12:12.766921: 
2025-11-10 19:12:12.767103: Epoch 29
2025-11-10 19:12:12.767213: Current learning rate: 0.00974
2025-11-10 19:14:41.860331: train_loss -0.3462
2025-11-10 19:14:41.860579: val_loss -0.3895
2025-11-10 19:14:41.860675: Pseudo dice [np.float32(0.9097), np.float32(0.769), np.float32(0.0)]
2025-11-10 19:14:41.860765: Epoch time: 149.09 s
2025-11-10 19:14:41.866344: Yayy! New best EMA pseudo Dice: 0.5414000153541565
2025-11-10 19:14:46.450324: 
2025-11-10 19:14:46.450572: Epoch 30
2025-11-10 19:14:46.450687: Current learning rate: 0.00973
2025-11-10 19:17:20.433731: train_loss -0.354
2025-11-10 19:17:20.434071: val_loss -0.4026
2025-11-10 19:17:20.434188: Pseudo dice [np.float32(0.9156), np.float32(0.7684), np.float32(0.0)]
2025-11-10 19:17:20.434286: Epoch time: 153.98 s
2025-11-10 19:17:20.434364: Yayy! New best EMA pseudo Dice: 0.54339998960495
2025-11-10 19:17:23.057192: 
2025-11-10 19:17:23.057368: Epoch 31
2025-11-10 19:17:23.057483: Current learning rate: 0.00972
2025-11-10 19:19:42.842042: train_loss -0.3693
2025-11-10 19:19:42.842265: val_loss -0.4167
2025-11-10 19:19:42.842439: Pseudo dice [np.float32(0.9124), np.float32(0.7669), np.float32(0.0)]
2025-11-10 19:19:42.842542: Epoch time: 139.79 s
2025-11-10 19:19:42.842619: Yayy! New best EMA pseudo Dice: 0.5450999736785889
2025-11-10 19:19:46.204473: 
2025-11-10 19:19:46.204715: Epoch 32
2025-11-10 19:19:46.204836: Current learning rate: 0.00971
2025-11-10 19:22:08.011625: train_loss -0.3755
2025-11-10 19:22:08.011918: val_loss -0.4047
2025-11-10 19:22:08.012026: Pseudo dice [np.float32(0.9156), np.float32(0.7478), np.float32(0.0)]
2025-11-10 19:22:08.012126: Epoch time: 141.81 s
2025-11-10 19:22:08.012205: Yayy! New best EMA pseudo Dice: 0.5460000038146973
2025-11-10 19:22:10.749522: 
2025-11-10 19:22:10.749705: Epoch 33
2025-11-10 19:22:10.749909: Current learning rate: 0.0097
2025-11-10 19:24:23.582393: train_loss -0.3591
2025-11-10 19:24:23.584760: val_loss -0.3986
2025-11-10 19:24:23.584888: Pseudo dice [np.float32(0.9194), np.float32(0.7659), np.float32(0.0)]
2025-11-10 19:24:23.586761: Epoch time: 132.83 s
2025-11-10 19:24:23.586869: Yayy! New best EMA pseudo Dice: 0.5475999712944031
2025-11-10 19:24:25.803401: 
2025-11-10 19:24:25.803637: Epoch 34
2025-11-10 19:24:25.803753: Current learning rate: 0.00969
2025-11-10 19:26:52.810254: train_loss -0.3602
2025-11-10 19:26:52.833961: val_loss -0.4035
2025-11-10 19:26:52.834124: Pseudo dice [np.float32(0.9147), np.float32(0.7594), np.float32(0.0)]
2025-11-10 19:26:52.834239: Epoch time: 147.01 s
2025-11-10 19:26:52.834340: Yayy! New best EMA pseudo Dice: 0.5486000180244446
2025-11-10 19:26:57.406693: 
2025-11-10 19:26:57.406936: Epoch 35
2025-11-10 19:26:57.407052: Current learning rate: 0.00968
2025-11-10 19:29:14.752358: train_loss -0.349
2025-11-10 19:29:14.758962: val_loss -0.4112
2025-11-10 19:29:14.759121: Pseudo dice [np.float32(0.9109), np.float32(0.7603), np.float32(0.0)]
2025-11-10 19:29:14.759218: Epoch time: 137.35 s
2025-11-10 19:29:14.759291: Yayy! New best EMA pseudo Dice: 0.5494999885559082
2025-11-10 19:29:18.044045: 
2025-11-10 19:29:18.044257: Epoch 36
2025-11-10 19:29:18.044403: Current learning rate: 0.00968
2025-11-10 19:31:44.756105: train_loss -0.3497
2025-11-10 19:31:44.756354: val_loss -0.4073
2025-11-10 19:31:44.756450: Pseudo dice [np.float32(0.9145), np.float32(0.7514), np.float32(0.0)]
2025-11-10 19:31:44.756543: Epoch time: 146.71 s
2025-11-10 19:31:44.756615: Yayy! New best EMA pseudo Dice: 0.5501000285148621
2025-11-10 19:31:48.351388: 
2025-11-10 19:31:48.351579: Epoch 37
2025-11-10 19:31:48.351696: Current learning rate: 0.00967
2025-11-10 19:34:26.367414: train_loss -0.3479
2025-11-10 19:34:26.367665: val_loss -0.4028
2025-11-10 19:34:26.367768: Pseudo dice [np.float32(0.9156), np.float32(0.7522), np.float32(0.0)]
2025-11-10 19:34:26.367874: Epoch time: 158.02 s
2025-11-10 19:34:26.367953: Yayy! New best EMA pseudo Dice: 0.550599992275238
2025-11-10 19:34:31.298439: 
2025-11-10 19:34:31.298632: Epoch 38
2025-11-10 19:34:31.298748: Current learning rate: 0.00966
2025-11-10 19:37:09.804342: train_loss -0.3563
2025-11-10 19:37:09.808883: val_loss -0.4006
2025-11-10 19:37:09.809014: Pseudo dice [np.float32(0.9029), np.float32(0.7701), np.float32(0.0)]
2025-11-10 19:37:09.809116: Epoch time: 158.51 s
2025-11-10 19:37:09.809189: Yayy! New best EMA pseudo Dice: 0.5512999892234802
2025-11-10 19:37:13.938372: 
2025-11-10 19:37:13.938547: Epoch 39
2025-11-10 19:37:13.938656: Current learning rate: 0.00965
2025-11-10 19:39:53.819942: train_loss -0.3473
2025-11-10 19:39:53.820184: val_loss -0.4283
2025-11-10 19:39:53.820288: Pseudo dice [np.float32(0.9088), np.float32(0.7577), np.float32(0.0)]
2025-11-10 19:39:53.820390: Epoch time: 159.88 s
2025-11-10 19:39:53.820470: Yayy! New best EMA pseudo Dice: 0.551800012588501
2025-11-10 19:39:58.152632: 
2025-11-10 19:39:58.152820: Epoch 40
2025-11-10 19:39:58.152937: Current learning rate: 0.00964
2025-11-10 19:42:26.212295: train_loss -0.3683
2025-11-10 19:42:26.212557: val_loss -0.4072
2025-11-10 19:42:26.212667: Pseudo dice [np.float32(0.9108), np.float32(0.7519), np.float32(0.0)]
2025-11-10 19:42:26.212874: Epoch time: 148.06 s
2025-11-10 19:42:26.212967: Yayy! New best EMA pseudo Dice: 0.5519999861717224
2025-11-10 19:42:30.209467: 
2025-11-10 19:42:30.209659: Epoch 41
2025-11-10 19:42:30.209769: Current learning rate: 0.00963
2025-11-10 19:44:48.983265: train_loss -0.3725
2025-11-10 19:44:48.983510: val_loss -0.4099
2025-11-10 19:44:48.983611: Pseudo dice [np.float32(0.915), np.float32(0.7656), np.float32(0.0)]
2025-11-10 19:44:48.983708: Epoch time: 138.77 s
2025-11-10 19:44:48.983787: Yayy! New best EMA pseudo Dice: 0.5527999997138977
2025-11-10 19:44:53.364759: 
2025-11-10 19:44:53.365012: Epoch 42
2025-11-10 19:44:53.365129: Current learning rate: 0.00962
2025-11-10 19:47:30.455204: train_loss -0.3688
2025-11-10 19:47:30.476262: val_loss -0.3996
2025-11-10 19:47:30.476413: Pseudo dice [np.float32(0.912), np.float32(0.7517), np.float32(0.0)]
2025-11-10 19:47:30.476533: Epoch time: 157.09 s
2025-11-10 19:47:30.476608: Yayy! New best EMA pseudo Dice: 0.5529999732971191
2025-11-10 19:47:34.834041: 
2025-11-10 19:47:34.834236: Epoch 43
2025-11-10 19:47:34.834350: Current learning rate: 0.00961
2025-11-10 19:50:13.635167: train_loss -0.3562
2025-11-10 19:50:13.637239: val_loss -0.3941
2025-11-10 19:50:13.637355: Pseudo dice [np.float32(0.9149), np.float32(0.7739), np.float32(0.0)]
2025-11-10 19:50:13.637447: Epoch time: 158.8 s
2025-11-10 19:50:13.637522: Yayy! New best EMA pseudo Dice: 0.5540000200271606
2025-11-10 19:50:17.186455: 
2025-11-10 19:50:17.186733: Epoch 44
2025-11-10 19:50:17.186858: Current learning rate: 0.0096
2025-11-10 19:52:44.699059: train_loss -0.3765
2025-11-10 19:52:44.699328: val_loss -0.4122
2025-11-10 19:52:44.699421: Pseudo dice [np.float32(0.9119), np.float32(0.7553), np.float32(0.0)]
2025-11-10 19:52:44.699510: Epoch time: 147.51 s
2025-11-10 19:52:44.699583: Yayy! New best EMA pseudo Dice: 0.5541999936103821
2025-11-10 19:52:49.262583: 
2025-11-10 19:52:49.285838: Epoch 45
2025-11-10 19:52:49.286067: Current learning rate: 0.00959
2025-11-10 19:55:19.390911: train_loss -0.373
2025-11-10 19:55:19.391153: val_loss -0.378
2025-11-10 19:55:19.391253: Pseudo dice [np.float32(0.9199), np.float32(0.7562), np.float32(0.0)]
2025-11-10 19:55:19.391351: Epoch time: 150.13 s
2025-11-10 19:55:19.391428: Yayy! New best EMA pseudo Dice: 0.5546000003814697
2025-11-10 19:55:23.900367: 
2025-11-10 19:55:23.900553: Epoch 46
2025-11-10 19:55:23.900667: Current learning rate: 0.00959
2025-11-10 19:57:57.179622: train_loss -0.374
2025-11-10 19:57:57.179866: val_loss -0.4009
2025-11-10 19:57:57.179966: Pseudo dice [np.float32(0.9162), np.float32(0.7541), np.float32(0.0)]
2025-11-10 19:57:57.180062: Epoch time: 153.28 s
2025-11-10 19:57:57.180140: Yayy! New best EMA pseudo Dice: 0.5547999739646912
2025-11-10 19:58:00.366805: 
2025-11-10 19:58:00.367015: Epoch 47
2025-11-10 19:58:00.367136: Current learning rate: 0.00958
2025-11-10 20:00:24.304911: train_loss -0.3745
2025-11-10 20:00:24.305167: val_loss -0.4052
2025-11-10 20:00:24.305272: Pseudo dice [np.float32(0.9135), np.float32(0.7613), np.float32(0.0)]
2025-11-10 20:00:24.305372: Epoch time: 143.94 s
2025-11-10 20:00:24.305452: Yayy! New best EMA pseudo Dice: 0.5551999807357788
2025-11-10 20:00:28.962800: 
2025-11-10 20:00:28.963032: Epoch 48
2025-11-10 20:00:28.963149: Current learning rate: 0.00957
2025-11-10 20:02:56.379350: train_loss -0.3592
2025-11-10 20:02:56.379602: val_loss -0.3807
2025-11-10 20:02:56.379705: Pseudo dice [np.float32(0.9137), np.float32(0.7562), np.float32(0.0)]
2025-11-10 20:02:56.379812: Epoch time: 147.42 s
2025-11-10 20:02:56.380005: Yayy! New best EMA pseudo Dice: 0.5552999973297119
2025-11-10 20:03:00.135055: 
2025-11-10 20:03:00.135259: Epoch 49
2025-11-10 20:03:00.135379: Current learning rate: 0.00956
2025-11-10 20:05:28.541693: train_loss -0.3567
2025-11-10 20:05:28.541951: val_loss -0.408
2025-11-10 20:05:28.542053: Pseudo dice [np.float32(0.9138), np.float32(0.7769), np.float32(0.0)]
2025-11-10 20:05:28.542151: Epoch time: 148.41 s
2025-11-10 20:05:29.638369: Yayy! New best EMA pseudo Dice: 0.5561000108718872
2025-11-10 20:05:33.550995: 
2025-11-10 20:05:33.551210: Epoch 50
2025-11-10 20:05:33.551332: Current learning rate: 0.00955
2025-11-10 20:07:57.851120: train_loss -0.3666
2025-11-10 20:07:57.851356: val_loss -0.3872
2025-11-10 20:07:57.851460: Pseudo dice [np.float32(0.918), np.float32(0.7558), np.float32(0.0)]
2025-11-10 20:07:57.851561: Epoch time: 144.3 s
2025-11-10 20:07:57.851640: Yayy! New best EMA pseudo Dice: 0.5562999844551086
2025-11-10 20:08:02.536775: 
2025-11-10 20:08:02.536976: Epoch 51
2025-11-10 20:08:02.537097: Current learning rate: 0.00954
2025-11-10 20:10:40.226177: train_loss -0.3644
2025-11-10 20:10:40.226423: val_loss -0.4222
2025-11-10 20:10:40.226528: Pseudo dice [np.float32(0.9185), np.float32(0.7697), np.float32(0.0)]
2025-11-10 20:10:40.226629: Epoch time: 157.69 s
2025-11-10 20:10:40.226709: Yayy! New best EMA pseudo Dice: 0.5569999814033508
2025-11-10 20:10:43.652695: 
2025-11-10 20:10:43.652963: Epoch 52
2025-11-10 20:10:43.653079: Current learning rate: 0.00953
2025-11-10 20:13:22.942404: train_loss -0.368
2025-11-10 20:13:22.942753: val_loss -0.4034
2025-11-10 20:13:22.942866: Pseudo dice [np.float32(0.9145), np.float32(0.7642), np.float32(0.0)]
2025-11-10 20:13:22.942967: Epoch time: 159.29 s
2025-11-10 20:13:22.943045: Yayy! New best EMA pseudo Dice: 0.557200014591217
2025-11-10 20:13:26.750962: 
2025-11-10 20:13:26.751163: Epoch 53
2025-11-10 20:13:26.751288: Current learning rate: 0.00952
2025-11-10 20:15:57.011467: train_loss -0.3823
2025-11-10 20:15:57.011732: val_loss -0.4241
2025-11-10 20:15:57.011845: Pseudo dice [np.float32(0.9204), np.float32(0.7599), np.float32(0.0)]
2025-11-10 20:15:57.011949: Epoch time: 150.26 s
2025-11-10 20:15:57.012028: Yayy! New best EMA pseudo Dice: 0.5575000047683716
2025-11-10 20:16:01.357401: 
2025-11-10 20:16:01.357690: Epoch 54
2025-11-10 20:16:01.357833: Current learning rate: 0.00951
2025-11-10 20:18:29.050182: train_loss -0.3905
2025-11-10 20:18:29.050436: val_loss -0.4139
2025-11-10 20:18:29.050537: Pseudo dice [np.float32(0.9143), np.float32(0.7618), np.float32(0.0)]
2025-11-10 20:18:29.050637: Epoch time: 147.69 s
2025-11-10 20:18:29.050715: Yayy! New best EMA pseudo Dice: 0.5576000213623047
2025-11-10 20:18:34.082831: 
2025-11-10 20:18:34.083025: Epoch 55
2025-11-10 20:18:34.083145: Current learning rate: 0.0095
2025-11-10 20:21:00.991300: train_loss -0.3875
2025-11-10 20:21:00.991552: val_loss -0.3954
2025-11-10 20:21:00.991652: Pseudo dice [np.float32(0.9138), np.float32(0.7638), np.float32(0.0)]
2025-11-10 20:21:00.991755: Epoch time: 146.91 s
2025-11-10 20:21:00.991847: Yayy! New best EMA pseudo Dice: 0.5577999949455261
2025-11-10 20:21:05.115974: 
2025-11-10 20:21:05.116152: Epoch 56
2025-11-10 20:21:05.116264: Current learning rate: 0.00949
2025-11-10 20:23:30.684886: train_loss -0.3761
2025-11-10 20:23:30.685216: val_loss -0.4159
2025-11-10 20:23:30.685318: Pseudo dice [np.float32(0.9134), np.float32(0.7691), np.float32(0.0)]
2025-11-10 20:23:30.685415: Epoch time: 145.57 s
2025-11-10 20:23:30.685492: Yayy! New best EMA pseudo Dice: 0.5580999851226807
2025-11-10 20:23:35.416541: 
2025-11-10 20:23:35.416743: Epoch 57
2025-11-10 20:23:35.416866: Current learning rate: 0.00949
2025-11-10 20:26:03.623158: train_loss -0.3707
2025-11-10 20:26:03.623394: val_loss -0.3941
2025-11-10 20:26:03.623501: Pseudo dice [np.float32(0.9174), np.float32(0.7691), np.float32(0.0)]
2025-11-10 20:26:03.623608: Epoch time: 148.21 s
2025-11-10 20:26:03.623694: Yayy! New best EMA pseudo Dice: 0.5584999918937683
2025-11-10 20:26:08.501351: 
2025-11-10 20:26:08.501589: Epoch 58
2025-11-10 20:26:08.501706: Current learning rate: 0.00948
2025-11-10 20:28:34.262277: train_loss -0.3826
2025-11-10 20:28:34.262539: val_loss -0.4276
2025-11-10 20:28:34.262639: Pseudo dice [np.float32(0.9198), np.float32(0.7632), np.float32(0.0)]
2025-11-10 20:28:34.262738: Epoch time: 145.76 s
2025-11-10 20:28:34.262829: Yayy! New best EMA pseudo Dice: 0.5587999820709229
2025-11-10 20:28:37.887468: 
2025-11-10 20:28:37.887677: Epoch 59
2025-11-10 20:28:37.887796: Current learning rate: 0.00947
2025-11-10 20:31:11.465801: train_loss -0.3828
2025-11-10 20:31:11.466049: val_loss -0.4075
2025-11-10 20:31:11.469883: Pseudo dice [np.float32(0.9237), np.float32(0.7736), np.float32(0.0)]
2025-11-10 20:31:11.470012: Epoch time: 153.58 s
2025-11-10 20:31:11.470087: Yayy! New best EMA pseudo Dice: 0.559499979019165
2025-11-10 20:31:15.288870: 
2025-11-10 20:31:15.289074: Epoch 60
2025-11-10 20:31:15.289190: Current learning rate: 0.00946
2025-11-10 20:33:44.075461: train_loss -0.3772
2025-11-10 20:33:44.075731: val_loss -0.4035
2025-11-10 20:33:44.075842: Pseudo dice [np.float32(0.9209), np.float32(0.7606), np.float32(0.0)]
2025-11-10 20:33:44.075947: Epoch time: 148.79 s
2025-11-10 20:33:44.076027: Yayy! New best EMA pseudo Dice: 0.5595999956130981
2025-11-10 20:33:48.686992: 
2025-11-10 20:33:48.687169: Epoch 61
2025-11-10 20:33:48.687289: Current learning rate: 0.00945
2025-11-10 20:36:10.512210: train_loss -0.3754
2025-11-10 20:36:10.512458: val_loss -0.4119
2025-11-10 20:36:10.512563: Pseudo dice [np.float32(0.9195), np.float32(0.7551), np.float32(0.0)]
2025-11-10 20:36:10.512661: Epoch time: 141.83 s
2025-11-10 20:36:13.073243: 
2025-11-10 20:36:13.073438: Epoch 62
2025-11-10 20:36:13.073558: Current learning rate: 0.00944
2025-11-10 20:38:41.668535: train_loss -0.3703
2025-11-10 20:38:41.674149: val_loss -0.4194
2025-11-10 20:38:41.674274: Pseudo dice [np.float32(0.9173), np.float32(0.763), np.float32(0.0)]
2025-11-10 20:38:41.674376: Epoch time: 148.6 s
2025-11-10 20:38:45.619864: 
2025-11-10 20:38:45.620053: Epoch 63
2025-11-10 20:38:45.620169: Current learning rate: 0.00943
2025-11-10 20:41:04.457761: train_loss -0.3874
2025-11-10 20:41:04.458002: val_loss -0.4256
2025-11-10 20:41:04.458107: Pseudo dice [np.float32(0.9039), np.float32(0.7584), np.float32(0.0)]
2025-11-10 20:41:04.458203: Epoch time: 138.84 s
2025-11-10 20:41:08.554160: 
2025-11-10 20:41:08.554378: Epoch 64
2025-11-10 20:41:08.554493: Current learning rate: 0.00942
2025-11-10 20:43:39.590233: train_loss -0.377
2025-11-10 20:43:39.605037: val_loss -0.4008
2025-11-10 20:43:39.605191: Pseudo dice [np.float32(0.9214), np.float32(0.763), np.float32(0.0)]
2025-11-10 20:43:39.605370: Epoch time: 151.04 s
2025-11-10 20:43:43.049670: 
2025-11-10 20:43:43.049867: Epoch 65
2025-11-10 20:43:43.049988: Current learning rate: 0.00941
2025-11-10 20:46:28.249300: train_loss -0.3656
2025-11-10 20:46:28.249547: val_loss -0.4125
2025-11-10 20:46:28.249652: Pseudo dice [np.float32(0.9097), np.float32(0.7641), np.float32(0.0)]
2025-11-10 20:46:28.249751: Epoch time: 165.2 s
2025-11-10 20:46:31.424522: 
2025-11-10 20:46:31.424836: Epoch 66
2025-11-10 20:46:31.424969: Current learning rate: 0.0094
2025-11-10 20:49:02.611643: train_loss -0.3806
2025-11-10 20:49:02.611968: val_loss -0.4024
2025-11-10 20:49:02.612071: Pseudo dice [np.float32(0.9087), np.float32(0.7694), np.float32(0.0)]
2025-11-10 20:49:02.612171: Epoch time: 151.19 s
2025-11-10 20:49:06.348321: 
2025-11-10 20:49:06.348529: Epoch 67
2025-11-10 20:49:06.348687: Current learning rate: 0.00939
2025-11-10 20:51:27.121603: train_loss -0.3843
2025-11-10 20:51:27.121867: val_loss -0.3978
2025-11-10 20:51:27.137416: Pseudo dice [np.float32(0.9115), np.float32(0.7577), np.float32(0.0)]
2025-11-10 20:51:27.137537: Epoch time: 140.77 s
2025-11-10 20:51:30.261059: 
2025-11-10 20:51:30.261310: Epoch 68
2025-11-10 20:51:30.261427: Current learning rate: 0.00939
2025-11-10 20:53:53.090566: train_loss -0.3893
2025-11-10 20:53:53.090788: val_loss -0.4109
2025-11-10 20:53:53.090909: Pseudo dice [np.float32(0.9195), np.float32(0.7673), np.float32(0.0)]
2025-11-10 20:53:53.091010: Epoch time: 142.83 s
2025-11-10 20:53:57.396623: 
2025-11-10 20:53:57.396838: Epoch 69
2025-11-10 20:53:57.396959: Current learning rate: 0.00938
2025-11-10 20:56:24.310212: train_loss -0.3836
2025-11-10 20:56:24.310500: val_loss -0.4285
2025-11-10 20:56:24.310592: Pseudo dice [np.float32(0.9266), np.float32(0.76), np.float32(0.0)]
2025-11-10 20:56:24.310681: Epoch time: 146.91 s
2025-11-10 20:56:29.238444: 
2025-11-10 20:56:29.238654: Epoch 70
2025-11-10 20:56:29.238871: Current learning rate: 0.00937
2025-11-10 20:58:52.346322: train_loss -0.3958
2025-11-10 20:58:52.346578: val_loss -0.4217
2025-11-10 20:58:52.346681: Pseudo dice [np.float32(0.9132), np.float32(0.7687), np.float32(0.0)]
2025-11-10 20:58:52.346786: Epoch time: 143.11 s
2025-11-10 20:58:52.346874: Yayy! New best EMA pseudo Dice: 0.5595999956130981
2025-11-10 20:58:55.884690: 
2025-11-10 20:58:55.884966: Epoch 71
2025-11-10 20:58:55.885080: Current learning rate: 0.00936
2025-11-10 21:01:25.662343: train_loss -0.3829
2025-11-10 21:01:25.662595: val_loss -0.4269
2025-11-10 21:01:25.662698: Pseudo dice [np.float32(0.9167), np.float32(0.7689), np.float32(0.0)]
2025-11-10 21:01:25.662799: Epoch time: 149.78 s
2025-11-10 21:01:25.662897: Yayy! New best EMA pseudo Dice: 0.5598000288009644
2025-11-10 21:01:29.560400: 
2025-11-10 21:01:29.560600: Epoch 72
2025-11-10 21:01:29.560718: Current learning rate: 0.00935
2025-11-10 21:04:06.180005: train_loss -0.3914
2025-11-10 21:04:06.180261: val_loss -0.416
2025-11-10 21:04:06.180362: Pseudo dice [np.float32(0.9178), np.float32(0.7641), np.float32(0.0)]
2025-11-10 21:04:06.180535: Epoch time: 156.62 s
2025-11-10 21:04:06.180618: Yayy! New best EMA pseudo Dice: 0.5598999857902527
2025-11-10 21:04:12.542959: 
2025-11-10 21:04:12.543176: Epoch 73
2025-11-10 21:04:12.543301: Current learning rate: 0.00934
2025-11-10 21:06:44.812364: train_loss -0.3814
2025-11-10 21:06:44.812624: val_loss -0.4236
2025-11-10 21:06:44.812727: Pseudo dice [np.float32(0.919), np.float32(0.7646), np.float32(0.0)]
2025-11-10 21:06:44.812844: Epoch time: 152.27 s
2025-11-10 21:06:44.812926: Yayy! New best EMA pseudo Dice: 0.5600000023841858
2025-11-10 21:06:49.468544: 
2025-11-10 21:06:49.468746: Epoch 74
2025-11-10 21:06:49.468866: Current learning rate: 0.00933
2025-11-10 21:09:21.241135: train_loss -0.3978
2025-11-10 21:09:21.241387: val_loss -0.4032
2025-11-10 21:09:21.241486: Pseudo dice [np.float32(0.9081), np.float32(0.7723), np.float32(0.0)]
2025-11-10 21:09:21.241585: Epoch time: 151.77 s
2025-11-10 21:09:21.241663: Yayy! New best EMA pseudo Dice: 0.5600000023841858
2025-11-10 21:09:25.448521: 
2025-11-10 21:09:25.448728: Epoch 75
2025-11-10 21:09:25.448853: Current learning rate: 0.00932
2025-11-10 21:11:58.960048: train_loss -0.391
2025-11-10 21:11:58.960313: val_loss -0.4107
2025-11-10 21:11:58.960421: Pseudo dice [np.float32(0.9162), np.float32(0.7602), np.float32(0.0)]
2025-11-10 21:11:58.960522: Epoch time: 153.51 s
2025-11-10 21:12:02.662664: 
2025-11-10 21:12:02.662864: Epoch 76
2025-11-10 21:12:02.662980: Current learning rate: 0.00931
2025-11-10 21:14:37.193441: train_loss -0.3943
2025-11-10 21:14:37.193700: val_loss -0.4339
2025-11-10 21:14:37.193810: Pseudo dice [np.float32(0.9177), np.float32(0.7693), np.float32(0.0)]
2025-11-10 21:14:37.193909: Epoch time: 154.53 s
2025-11-10 21:14:37.193988: Yayy! New best EMA pseudo Dice: 0.5601999759674072
2025-11-10 21:14:39.842393: 
2025-11-10 21:14:39.842640: Epoch 77
2025-11-10 21:14:39.842767: Current learning rate: 0.0093
2025-11-10 21:17:00.867365: train_loss -0.3845
2025-11-10 21:17:00.867626: val_loss -0.395
2025-11-10 21:17:00.867732: Pseudo dice [np.float32(0.9159), np.float32(0.7741), np.float32(0.0)]
2025-11-10 21:17:00.867844: Epoch time: 141.03 s
2025-11-10 21:17:00.867925: Yayy! New best EMA pseudo Dice: 0.5605000257492065
2025-11-10 21:17:05.924677: 
2025-11-10 21:17:05.924869: Epoch 78
2025-11-10 21:17:05.924979: Current learning rate: 0.0093
2025-11-10 21:19:31.075215: train_loss -0.3756
2025-11-10 21:19:31.075486: val_loss -0.4079
2025-11-10 21:19:31.075591: Pseudo dice [np.float32(0.9175), np.float32(0.7621), np.float32(0.0)]
2025-11-10 21:19:31.075692: Epoch time: 145.15 s
2025-11-10 21:19:36.107473: 
2025-11-10 21:19:36.107696: Epoch 79
2025-11-10 21:19:36.107830: Current learning rate: 0.00929
2025-11-10 21:22:09.447911: train_loss -0.381
2025-11-10 21:22:09.448218: val_loss -0.4169
2025-11-10 21:22:09.448325: Pseudo dice [np.float32(0.9189), np.float32(0.7639), np.float32(0.0)]
2025-11-10 21:22:09.448426: Epoch time: 153.34 s
2025-11-10 21:22:13.470903: 
2025-11-10 21:22:13.471111: Epoch 80
2025-11-10 21:22:13.471230: Current learning rate: 0.00928
2025-11-10 21:24:52.450326: train_loss -0.3884
2025-11-10 21:24:52.450649: val_loss -0.3977
2025-11-10 21:24:52.450757: Pseudo dice [np.float32(0.9213), np.float32(0.7639), np.float32(0.0)]
2025-11-10 21:24:52.450864: Epoch time: 158.98 s
2025-11-10 21:24:52.450944: Yayy! New best EMA pseudo Dice: 0.5605999827384949
2025-11-10 21:24:55.903004: 
2025-11-10 21:24:55.903251: Epoch 81
2025-11-10 21:24:55.904035: Current learning rate: 0.00927
2025-11-10 21:27:20.592965: train_loss -0.3898
2025-11-10 21:27:20.593199: val_loss -0.4172
2025-11-10 21:27:20.593299: Pseudo dice [np.float32(0.9205), np.float32(0.7576), np.float32(0.0)]
2025-11-10 21:27:20.593396: Epoch time: 144.69 s
2025-11-10 21:27:24.130474: 
2025-11-10 21:27:24.131253: Epoch 82
2025-11-10 21:27:24.131394: Current learning rate: 0.00926
2025-11-10 21:29:55.825499: train_loss -0.3825
2025-11-10 21:29:55.825759: val_loss -0.4154
2025-11-10 21:29:55.837023: Pseudo dice [np.float32(0.9191), np.float32(0.7706), np.float32(0.0)]
2025-11-10 21:29:55.837191: Epoch time: 151.7 s
2025-11-10 21:29:55.837275: Yayy! New best EMA pseudo Dice: 0.5608000159263611
2025-11-10 21:29:59.445405: 
2025-11-10 21:29:59.445603: Epoch 83
2025-11-10 21:29:59.445718: Current learning rate: 0.00925
2025-11-10 21:32:28.528462: train_loss -0.3818
2025-11-10 21:32:28.528686: val_loss -0.4155
2025-11-10 21:32:28.528791: Pseudo dice [np.float32(0.9207), np.float32(0.7738), np.float32(0.0)]
2025-11-10 21:32:28.528902: Epoch time: 149.08 s
2025-11-10 21:32:28.535910: Yayy! New best EMA pseudo Dice: 0.5612000226974487
2025-11-10 21:32:33.567134: 
2025-11-10 21:32:33.567309: Epoch 84
2025-11-10 21:32:33.567423: Current learning rate: 0.00924
2025-11-10 21:35:06.540778: train_loss -0.3787
2025-11-10 21:35:06.541099: val_loss -0.3985
2025-11-10 21:35:06.541204: Pseudo dice [np.float32(0.9065), np.float32(0.7675), np.float32(0.0)]
2025-11-10 21:35:06.541303: Epoch time: 152.97 s
2025-11-10 21:35:10.556298: 
2025-11-10 21:35:10.556495: Epoch 85
2025-11-10 21:35:10.556611: Current learning rate: 0.00923
2025-11-10 21:37:44.174290: train_loss -0.384
2025-11-10 21:37:44.174556: val_loss -0.412
2025-11-10 21:37:44.174659: Pseudo dice [np.float32(0.9129), np.float32(0.7737), np.float32(0.0)]
2025-11-10 21:37:44.174759: Epoch time: 153.62 s
2025-11-10 21:37:47.174810: 
2025-11-10 21:37:47.175012: Epoch 86
2025-11-10 21:37:47.175133: Current learning rate: 0.00922
2025-11-10 21:40:21.364064: train_loss -0.3911
2025-11-10 21:40:21.364329: val_loss -0.4023
2025-11-10 21:40:21.364432: Pseudo dice [np.float32(0.9136), np.float32(0.766), np.float32(0.0)]
2025-11-10 21:40:21.364529: Epoch time: 154.19 s
2025-11-10 21:40:25.515168: 
2025-11-10 21:40:25.515358: Epoch 87
2025-11-10 21:40:25.515474: Current learning rate: 0.00921
2025-11-10 21:43:03.407607: train_loss -0.3868
2025-11-10 21:43:03.407921: val_loss -0.4243
2025-11-10 21:43:03.408030: Pseudo dice [np.float32(0.9076), np.float32(0.7545), np.float32(0.0)]
2025-11-10 21:43:03.408131: Epoch time: 157.89 s
2025-11-10 21:43:09.320688: 
2025-11-10 21:43:09.320999: Epoch 88
2025-11-10 21:43:09.321125: Current learning rate: 0.0092
2025-11-10 21:45:44.928323: train_loss -0.394
2025-11-10 21:45:44.928565: val_loss -0.437
2025-11-10 21:45:44.928666: Pseudo dice [np.float32(0.9124), np.float32(0.771), np.float32(0.0)]
2025-11-10 21:45:44.928769: Epoch time: 155.61 s
2025-11-10 21:45:48.691512: 
2025-11-10 21:45:48.691839: Epoch 89
2025-11-10 21:45:48.691970: Current learning rate: 0.0092
2025-11-10 21:48:20.373368: train_loss -0.3984
2025-11-10 21:48:20.373626: val_loss -0.4236
2025-11-10 21:48:20.373729: Pseudo dice [np.float32(0.926), np.float32(0.7643), np.float32(0.0)]
2025-11-10 21:48:20.373838: Epoch time: 151.68 s
2025-11-10 21:48:23.557723: 
2025-11-10 21:48:23.557939: Epoch 90
2025-11-10 21:48:23.558052: Current learning rate: 0.00919
2025-11-10 21:50:51.777667: train_loss -0.3898
2025-11-10 21:50:51.777934: val_loss -0.4128
2025-11-10 21:50:51.778117: Pseudo dice [np.float32(0.9065), np.float32(0.7608), np.float32(0.0)]
2025-11-10 21:50:51.778224: Epoch time: 148.22 s
2025-11-10 21:50:55.756982: 
2025-11-10 21:50:55.757972: Epoch 91
2025-11-10 21:50:55.758145: Current learning rate: 0.00918
2025-11-10 21:53:16.085122: train_loss -0.3984
2025-11-10 21:53:16.085418: val_loss -0.4004
2025-11-10 21:53:16.085523: Pseudo dice [np.float32(0.9164), np.float32(0.7679), np.float32(0.0)]
2025-11-10 21:53:16.085621: Epoch time: 140.33 s
2025-11-10 21:53:19.965544: 
2025-11-10 21:53:19.965724: Epoch 92
2025-11-10 21:53:19.965851: Current learning rate: 0.00917
2025-11-10 21:55:49.097996: train_loss -0.3993
2025-11-10 21:55:49.098231: val_loss -0.4109
2025-11-10 21:55:49.098330: Pseudo dice [np.float32(0.9182), np.float32(0.7598), np.float32(0.0)]
2025-11-10 21:55:49.098429: Epoch time: 149.13 s
2025-11-10 21:55:53.637555: 
2025-11-10 21:55:53.639417: Epoch 93
2025-11-10 21:55:53.639555: Current learning rate: 0.00916
2025-11-10 21:58:20.982983: train_loss -0.3956
2025-11-10 21:58:20.983218: val_loss -0.4017
2025-11-10 21:58:20.983322: Pseudo dice [np.float32(0.9163), np.float32(0.7634), np.float32(0.0)]
2025-11-10 21:58:20.983421: Epoch time: 147.35 s
2025-11-10 21:58:24.010103: 
2025-11-10 21:58:24.010349: Epoch 94
2025-11-10 21:58:24.010461: Current learning rate: 0.00915
2025-11-10 22:01:00.399066: train_loss -0.3889
2025-11-10 22:01:00.399288: val_loss -0.4178
2025-11-10 22:01:00.399389: Pseudo dice [np.float32(0.9191), np.float32(0.7607), np.float32(0.0)]
2025-11-10 22:01:00.399486: Epoch time: 156.39 s
2025-11-10 22:01:04.177626: 
2025-11-10 22:01:04.177807: Epoch 95
2025-11-10 22:01:04.177924: Current learning rate: 0.00914
2025-11-10 22:03:22.184415: train_loss -0.3707
2025-11-10 22:03:22.184683: val_loss -0.4111
2025-11-10 22:03:22.184786: Pseudo dice [np.float32(0.9167), np.float32(0.7708), np.float32(0.0)]
2025-11-10 22:03:22.184892: Epoch time: 138.01 s
2025-11-10 22:03:24.729614: 
2025-11-10 22:03:24.729776: Epoch 96
2025-11-10 22:03:24.729895: Current learning rate: 0.00913
2025-11-10 22:05:48.606031: train_loss -0.3954
2025-11-10 22:05:48.606249: val_loss -0.4005
2025-11-10 22:05:48.606351: Pseudo dice [np.float32(0.9186), np.float32(0.7649), np.float32(0.0)]
2025-11-10 22:05:48.606450: Epoch time: 143.88 s
2025-11-10 22:05:52.389683: 
2025-11-10 22:05:52.389952: Epoch 97
2025-11-10 22:05:52.390076: Current learning rate: 0.00912
2025-11-10 22:08:11.761002: train_loss -0.3899
2025-11-10 22:08:11.761259: val_loss -0.4352
2025-11-10 22:08:11.761360: Pseudo dice [np.float32(0.9118), np.float32(0.7652), np.float32(0.0)]
2025-11-10 22:08:11.761459: Epoch time: 139.37 s
2025-11-10 22:08:14.064874: 
2025-11-10 22:08:14.065056: Epoch 98
2025-11-10 22:08:14.065170: Current learning rate: 0.00911
2025-11-10 22:10:33.699182: train_loss -0.4001
2025-11-10 22:10:33.699433: val_loss -0.4327
2025-11-10 22:10:33.699536: Pseudo dice [np.float32(0.9136), np.float32(0.7706), np.float32(0.0)]
2025-11-10 22:10:33.699635: Epoch time: 139.64 s
2025-11-10 22:10:37.262679: 
2025-11-10 22:10:37.262875: Epoch 99
2025-11-10 22:10:37.262992: Current learning rate: 0.0091
2025-11-10 22:12:55.487415: train_loss -0.3822
2025-11-10 22:12:55.487658: val_loss -0.3958
2025-11-10 22:12:55.487760: Pseudo dice [np.float32(0.9288), np.float32(0.7736), np.float32(0.0)]
2025-11-10 22:12:55.487868: Epoch time: 138.23 s
2025-11-10 22:12:59.681674: 
2025-11-10 22:12:59.682832: Epoch 100
2025-11-10 22:12:59.682940: Current learning rate: 0.0091
2025-11-10 22:15:37.470197: train_loss -0.3794
2025-11-10 22:15:37.470433: val_loss -0.4138
2025-11-10 22:15:37.470532: Pseudo dice [np.float32(0.9242), np.float32(0.7599), np.float32(0.0)]
2025-11-10 22:15:37.470629: Epoch time: 157.79 s
2025-11-10 22:15:41.506004: 
2025-11-10 22:15:41.506186: Epoch 101
2025-11-10 22:15:41.506300: Current learning rate: 0.00909
2025-11-10 22:18:03.599913: train_loss -0.3856
2025-11-10 22:18:03.624019: val_loss -0.3916
2025-11-10 22:18:03.624136: Pseudo dice [np.float32(0.9253), np.float32(0.7749), np.float32(0.0)]
2025-11-10 22:18:03.624227: Epoch time: 142.09 s
2025-11-10 22:18:03.624298: Yayy! New best EMA pseudo Dice: 0.5616999864578247
2025-11-10 22:18:07.130978: 
2025-11-10 22:18:07.131150: Epoch 102
2025-11-10 22:18:07.131266: Current learning rate: 0.00908
2025-11-10 22:20:45.287981: train_loss -0.3968
2025-11-10 22:20:45.288228: val_loss -0.4366
2025-11-10 22:20:45.288328: Pseudo dice [np.float32(0.9213), np.float32(0.7759), np.float32(0.0)]
2025-11-10 22:20:45.288426: Epoch time: 158.16 s
2025-11-10 22:20:45.288504: Yayy! New best EMA pseudo Dice: 0.5620999932289124
2025-11-10 22:20:49.121100: 
2025-11-10 22:20:49.121294: Epoch 103
2025-11-10 22:20:49.121415: Current learning rate: 0.00907
2025-11-10 22:23:14.573090: train_loss -0.3905
2025-11-10 22:23:14.573308: val_loss -0.4132
2025-11-10 22:23:14.573411: Pseudo dice [np.float32(0.9172), np.float32(0.7643), np.float32(0.0)]
2025-11-10 22:23:14.573510: Epoch time: 145.45 s
2025-11-10 22:23:18.246667: 
2025-11-10 22:23:18.246853: Epoch 104
2025-11-10 22:23:18.246967: Current learning rate: 0.00906
2025-11-10 22:25:45.640880: train_loss -0.3783
2025-11-10 22:25:45.641188: val_loss -0.4024
2025-11-10 22:25:45.641291: Pseudo dice [np.float32(0.9246), np.float32(0.7642), np.float32(0.0)]
2025-11-10 22:25:45.641390: Epoch time: 147.4 s
2025-11-10 22:25:51.266918: 
2025-11-10 22:25:51.267101: Epoch 105
2025-11-10 22:25:51.267214: Current learning rate: 0.00905
2025-11-10 22:28:08.073111: train_loss -0.4034
2025-11-10 22:28:08.073336: val_loss -0.4161
2025-11-10 22:28:08.073442: Pseudo dice [np.float32(0.9115), np.float32(0.7762), np.float32(0.0)]
2025-11-10 22:28:08.073548: Epoch time: 136.81 s
2025-11-10 22:28:11.101134: 
2025-11-10 22:28:11.101309: Epoch 106
2025-11-10 22:28:11.101422: Current learning rate: 0.00904
2025-11-10 22:30:30.136016: train_loss -0.3829
2025-11-10 22:30:30.136228: val_loss -0.4269
2025-11-10 22:30:30.136329: Pseudo dice [np.float32(0.9211), np.float32(0.7695), np.float32(0.0)]
2025-11-10 22:30:30.136427: Epoch time: 139.04 s
2025-11-10 22:30:30.136506: Yayy! New best EMA pseudo Dice: 0.5622000098228455
2025-11-10 22:30:32.386074: 
2025-11-10 22:30:32.386261: Epoch 107
2025-11-10 22:30:32.386377: Current learning rate: 0.00903
2025-11-10 22:32:53.036486: train_loss -0.3883
2025-11-10 22:32:53.036732: val_loss -0.4129
2025-11-10 22:32:53.036845: Pseudo dice [np.float32(0.9187), np.float32(0.7468), np.float32(0.0)]
2025-11-10 22:32:53.036947: Epoch time: 140.65 s
2025-11-10 22:32:57.731980: 
2025-11-10 22:32:57.732183: Epoch 108
2025-11-10 22:32:57.732297: Current learning rate: 0.00902
2025-11-10 22:35:21.641400: train_loss -0.3887
2025-11-10 22:35:21.641633: val_loss -0.4256
2025-11-10 22:35:21.641735: Pseudo dice [np.float32(0.916), np.float32(0.7649), np.float32(0.0)]
2025-11-10 22:35:21.646081: Epoch time: 143.91 s
2025-11-10 22:35:26.312927: 
2025-11-10 22:35:26.317943: Epoch 109
2025-11-10 22:35:26.318100: Current learning rate: 0.00901
2025-11-10 22:37:43.641797: train_loss -0.3871
2025-11-10 22:37:43.642132: val_loss -0.4034
2025-11-10 22:37:43.642227: Pseudo dice [np.float32(0.9194), np.float32(0.7621), np.float32(0.0)]
2025-11-10 22:37:43.642316: Epoch time: 137.33 s
2025-11-10 22:37:47.157992: 
2025-11-10 22:37:47.158173: Epoch 110
2025-11-10 22:37:47.158287: Current learning rate: 0.009
2025-11-10 22:40:06.351230: train_loss -0.3964
2025-11-10 22:40:06.351465: val_loss -0.4228
2025-11-10 22:40:06.351567: Pseudo dice [np.float32(0.9249), np.float32(0.7799), np.float32(0.0)]
2025-11-10 22:40:06.351665: Epoch time: 139.19 s
2025-11-10 22:40:11.373502: 
2025-11-10 22:40:11.373701: Epoch 111
2025-11-10 22:40:11.373823: Current learning rate: 0.009
2025-11-10 22:42:36.668280: train_loss -0.3992
2025-11-10 22:42:36.668498: val_loss -0.4175
2025-11-10 22:42:36.668597: Pseudo dice [np.float32(0.9182), np.float32(0.7809), np.float32(0.0)]
2025-11-10 22:42:36.668697: Epoch time: 145.3 s
2025-11-10 22:42:36.668771: Yayy! New best EMA pseudo Dice: 0.5623999834060669
2025-11-10 22:42:40.622112: 
2025-11-10 22:42:40.622355: Epoch 112
2025-11-10 22:42:40.622540: Current learning rate: 0.00899
2025-11-10 22:45:05.457815: train_loss -0.3863
2025-11-10 22:45:05.461040: val_loss -0.4179
2025-11-10 22:45:05.461160: Pseudo dice [np.float32(0.9268), np.float32(0.7631), np.float32(0.0)]
2025-11-10 22:45:05.461263: Epoch time: 144.84 s
2025-11-10 22:45:05.461343: Yayy! New best EMA pseudo Dice: 0.5625
2025-11-10 22:45:08.669767: 
2025-11-10 22:45:08.670020: Epoch 113
2025-11-10 22:45:08.670139: Current learning rate: 0.00898
2025-11-10 22:47:38.989017: train_loss -0.3934
2025-11-10 22:47:38.989266: val_loss -0.4264
2025-11-10 22:47:38.989370: Pseudo dice [np.float32(0.9185), np.float32(0.7581), np.float32(0.0)]
2025-11-10 22:47:38.989468: Epoch time: 150.32 s
2025-11-10 22:47:41.110199: 
2025-11-10 22:47:41.110384: Epoch 114
2025-11-10 22:47:41.110499: Current learning rate: 0.00897
2025-11-10 22:50:05.482161: train_loss -0.4032
2025-11-10 22:50:05.482406: val_loss -0.4285
2025-11-10 22:50:05.482508: Pseudo dice [np.float32(0.9181), np.float32(0.7783), np.float32(0.0)]
2025-11-10 22:50:05.482606: Epoch time: 144.37 s
2025-11-10 22:50:08.593080: 
2025-11-10 22:50:08.593354: Epoch 115
2025-11-10 22:50:08.593469: Current learning rate: 0.00896
2025-11-10 22:52:32.804472: train_loss -0.3903
2025-11-10 22:52:32.804712: val_loss -0.4109
2025-11-10 22:52:32.804821: Pseudo dice [np.float32(0.9261), np.float32(0.7728), np.float32(0.0)]
2025-11-10 22:52:32.804923: Epoch time: 144.21 s
2025-11-10 22:52:32.805002: Yayy! New best EMA pseudo Dice: 0.5629000067710876
2025-11-10 22:52:35.533483: 
2025-11-10 22:52:35.533659: Epoch 116
2025-11-10 22:52:35.533773: Current learning rate: 0.00895
2025-11-10 22:55:09.355905: train_loss -0.3817
2025-11-10 22:55:09.356109: val_loss -0.3994
2025-11-10 22:55:09.356207: Pseudo dice [np.float32(0.9145), np.float32(0.7413), np.float32(0.0)]
2025-11-10 22:55:09.356302: Epoch time: 153.82 s
2025-11-10 22:55:13.092019: 
2025-11-10 22:55:13.092208: Epoch 117
2025-11-10 22:55:13.092320: Current learning rate: 0.00894
2025-11-10 22:57:36.050598: train_loss -0.3969
2025-11-10 22:57:36.050858: val_loss -0.4222
2025-11-10 22:57:36.050958: Pseudo dice [np.float32(0.9182), np.float32(0.7647), np.float32(0.0)]
2025-11-10 22:57:36.051057: Epoch time: 142.96 s
2025-11-10 22:57:40.029821: 
2025-11-10 22:57:40.030057: Epoch 118
2025-11-10 22:57:40.030173: Current learning rate: 0.00893
2025-11-10 22:59:57.122095: train_loss -0.3948
2025-11-10 22:59:57.124526: val_loss -0.4191
2025-11-10 22:59:57.124632: Pseudo dice [np.float32(0.921), np.float32(0.7672), np.float32(0.0)]
2025-11-10 22:59:57.124725: Epoch time: 137.09 s
2025-11-10 22:59:59.990675: 
2025-11-10 22:59:59.990932: Epoch 119
2025-11-10 22:59:59.991052: Current learning rate: 0.00892
2025-11-10 23:02:20.413668: train_loss -0.4035
2025-11-10 23:02:20.413933: val_loss -0.4393
2025-11-10 23:02:20.414037: Pseudo dice [np.float32(0.9199), np.float32(0.7756), np.float32(0.0)]
2025-11-10 23:02:20.414138: Epoch time: 140.42 s
2025-11-10 23:02:24.919193: 
2025-11-10 23:02:24.919444: Epoch 120
2025-11-10 23:02:24.919561: Current learning rate: 0.00891
2025-11-10 23:04:45.188601: train_loss -0.3976
2025-11-10 23:04:45.199378: val_loss -0.4118
2025-11-10 23:04:45.199513: Pseudo dice [np.float32(0.9155), np.float32(0.7676), np.float32(0.0)]
2025-11-10 23:04:45.199608: Epoch time: 140.27 s
2025-11-10 23:04:49.947361: 
2025-11-10 23:04:49.947559: Epoch 121
2025-11-10 23:04:49.947684: Current learning rate: 0.0089
2025-11-10 23:07:17.374778: train_loss -0.3885
2025-11-10 23:07:17.375013: val_loss -0.4218
2025-11-10 23:07:17.375117: Pseudo dice [np.float32(0.922), np.float32(0.7748), np.float32(0.0)]
2025-11-10 23:07:17.375214: Epoch time: 147.43 s
2025-11-10 23:07:20.167570: 
2025-11-10 23:07:20.167757: Epoch 122
2025-11-10 23:07:20.167877: Current learning rate: 0.00889
2025-11-10 23:09:39.362232: train_loss -0.3908
2025-11-10 23:09:39.362485: val_loss -0.413
2025-11-10 23:09:39.362595: Pseudo dice [np.float32(0.9167), np.float32(0.7577), np.float32(0.0)]
2025-11-10 23:09:39.362701: Epoch time: 139.2 s
2025-11-10 23:09:42.328645: 
2025-11-10 23:09:42.328837: Epoch 123
2025-11-10 23:09:42.328955: Current learning rate: 0.00889
2025-11-10 23:12:08.481542: train_loss -0.4048
2025-11-10 23:12:08.481787: val_loss -0.4259
2025-11-10 23:12:08.481900: Pseudo dice [np.float32(0.9162), np.float32(0.7762), np.float32(0.0)]
2025-11-10 23:12:08.482002: Epoch time: 146.15 s
2025-11-10 23:12:11.298884: 
2025-11-10 23:12:11.299079: Epoch 124
2025-11-10 23:12:11.299194: Current learning rate: 0.00888
2025-11-10 23:14:42.436300: train_loss -0.4013
2025-11-10 23:14:42.436536: val_loss -0.4133
2025-11-10 23:14:42.465368: Pseudo dice [np.float32(0.9238), np.float32(0.773), np.float32(0.0)]
2025-11-10 23:14:42.465578: Epoch time: 151.14 s
2025-11-10 23:14:45.354430: 
2025-11-10 23:14:45.354628: Epoch 125
2025-11-10 23:14:45.354746: Current learning rate: 0.00887
2025-11-10 23:17:14.121302: train_loss -0.3967
2025-11-10 23:17:14.121548: val_loss -0.4325
2025-11-10 23:17:14.121652: Pseudo dice [np.float32(0.9182), np.float32(0.7778), np.float32(0.0)]
2025-11-10 23:17:14.121750: Epoch time: 148.77 s
2025-11-10 23:17:17.929886: 
2025-11-10 23:17:17.930070: Epoch 126
2025-11-10 23:17:17.930187: Current learning rate: 0.00886
2025-11-10 23:19:36.843882: train_loss -0.3799
2025-11-10 23:19:36.844125: val_loss -0.4225
2025-11-10 23:19:36.844225: Pseudo dice [np.float32(0.9055), np.float32(0.7627), np.float32(0.0)]
2025-11-10 23:19:36.844323: Epoch time: 138.91 s
2025-11-10 23:19:40.255512: 
2025-11-10 23:19:40.255699: Epoch 127
2025-11-10 23:19:40.255823: Current learning rate: 0.00885
2025-11-10 23:22:11.965922: train_loss -0.3981
2025-11-10 23:22:11.966185: val_loss -0.3926
2025-11-10 23:22:11.966289: Pseudo dice [np.float32(0.9179), np.float32(0.7669), np.float32(0.0)]
2025-11-10 23:22:11.966387: Epoch time: 151.71 s
2025-11-10 23:22:16.092823: 
2025-11-10 23:22:16.092991: Epoch 128
2025-11-10 23:22:16.093099: Current learning rate: 0.00884
2025-11-10 23:24:42.752675: train_loss -0.395
2025-11-10 23:24:42.754565: val_loss -0.4308
2025-11-10 23:24:42.754664: Pseudo dice [np.float32(0.9181), np.float32(0.7795), np.float32(0.0)]
2025-11-10 23:24:42.754755: Epoch time: 146.66 s
2025-11-10 23:24:45.949021: 
2025-11-10 23:24:45.949275: Epoch 129
2025-11-10 23:24:45.949390: Current learning rate: 0.00883
2025-11-10 23:27:08.632765: train_loss -0.3961
2025-11-10 23:27:08.633004: val_loss -0.4077
2025-11-10 23:27:08.633105: Pseudo dice [np.float32(0.9128), np.float32(0.7697), np.float32(0.0)]
2025-11-10 23:27:08.633202: Epoch time: 142.68 s
2025-11-10 23:27:11.649981: 
2025-11-10 23:27:11.650150: Epoch 130
2025-11-10 23:27:11.650266: Current learning rate: 0.00882
2025-11-10 23:29:28.245286: train_loss -0.3937
2025-11-10 23:29:28.245532: val_loss -0.4144
2025-11-10 23:29:28.245632: Pseudo dice [np.float32(0.9249), np.float32(0.767), np.float32(0.0)]
2025-11-10 23:29:28.245727: Epoch time: 136.6 s
2025-11-10 23:29:31.429106: 
2025-11-10 23:29:31.429293: Epoch 131
2025-11-10 23:29:31.429408: Current learning rate: 0.00881
2025-11-10 23:31:58.274328: train_loss -0.3984
2025-11-10 23:31:58.274642: val_loss -0.4149
2025-11-10 23:31:58.274746: Pseudo dice [np.float32(0.9198), np.float32(0.7675), np.float32(0.0)]
2025-11-10 23:31:58.274853: Epoch time: 146.85 s
2025-11-10 23:32:01.379140: 
2025-11-10 23:32:01.379319: Epoch 132
2025-11-10 23:32:01.379432: Current learning rate: 0.0088
2025-11-10 23:34:27.521719: train_loss -0.3908
2025-11-10 23:34:27.521974: val_loss -0.4135
2025-11-10 23:34:27.522073: Pseudo dice [np.float32(0.9107), np.float32(0.7659), np.float32(0.0)]
2025-11-10 23:34:27.522171: Epoch time: 146.14 s
2025-11-10 23:34:30.482360: 
2025-11-10 23:34:30.482543: Epoch 133
2025-11-10 23:34:30.482649: Current learning rate: 0.00879
2025-11-10 23:37:00.789649: train_loss -0.4052
2025-11-10 23:37:00.789915: val_loss -0.425
2025-11-10 23:37:00.790018: Pseudo dice [np.float32(0.9105), np.float32(0.7765), np.float32(0.0)]
2025-11-10 23:37:00.790116: Epoch time: 150.31 s
2025-11-10 23:37:03.899352: 
2025-11-10 23:37:03.899529: Epoch 134
2025-11-10 23:37:03.899643: Current learning rate: 0.00879
2025-11-10 23:39:29.401451: train_loss -0.4055
2025-11-10 23:39:29.401707: val_loss -0.4162
2025-11-10 23:39:29.422210: Pseudo dice [np.float32(0.9228), np.float32(0.758), np.float32(0.0)]
2025-11-10 23:39:29.422453: Epoch time: 145.5 s
2025-11-10 23:39:33.189293: 
2025-11-10 23:39:33.189476: Epoch 135
2025-11-10 23:39:33.189590: Current learning rate: 0.00878
2025-11-10 23:41:50.393055: train_loss -0.3835
2025-11-10 23:41:50.393328: val_loss -0.4193
2025-11-10 23:41:50.393424: Pseudo dice [np.float32(0.9188), np.float32(0.7741), np.float32(0.0)]
2025-11-10 23:41:50.393517: Epoch time: 137.2 s
2025-11-10 23:41:53.324061: 
2025-11-10 23:41:53.324233: Epoch 136
2025-11-10 23:41:53.324343: Current learning rate: 0.00877
2025-11-10 23:44:17.956463: train_loss -0.3909
2025-11-10 23:44:17.956715: val_loss -0.4222
2025-11-10 23:44:17.956826: Pseudo dice [np.float32(0.9201), np.float32(0.7698), np.float32(0.0)]
2025-11-10 23:44:17.956928: Epoch time: 144.63 s
2025-11-10 23:44:22.024999: 
2025-11-10 23:44:22.025258: Epoch 137
2025-11-10 23:44:22.025420: Current learning rate: 0.00876
2025-11-10 23:46:41.604858: train_loss -0.4023
2025-11-10 23:46:41.605078: val_loss -0.4242
2025-11-10 23:46:41.605180: Pseudo dice [np.float32(0.911), np.float32(0.7709), np.float32(0.0)]
2025-11-10 23:46:41.605276: Epoch time: 139.58 s
2025-11-10 23:46:44.078813: 
2025-11-10 23:46:44.079069: Epoch 138
2025-11-10 23:46:44.079188: Current learning rate: 0.00875
2025-11-10 23:49:04.304284: train_loss -0.3957
2025-11-10 23:49:04.304533: val_loss -0.4009
2025-11-10 23:49:04.304635: Pseudo dice [np.float32(0.9152), np.float32(0.7607), np.float32(0.0)]
2025-11-10 23:49:04.304732: Epoch time: 140.23 s
2025-11-10 23:49:08.140956: 
2025-11-10 23:49:08.141236: Epoch 139
2025-11-10 23:49:08.141355: Current learning rate: 0.00874
2025-11-10 23:51:33.744697: train_loss -0.3858
2025-11-10 23:51:33.744934: val_loss -0.4212
2025-11-10 23:51:33.745035: Pseudo dice [np.float32(0.9151), np.float32(0.7407), np.float32(0.0)]
2025-11-10 23:51:33.745133: Epoch time: 145.6 s
2025-11-10 23:51:37.188589: 
2025-11-10 23:51:37.188877: Epoch 140
2025-11-10 23:51:37.189000: Current learning rate: 0.00873
2025-11-10 23:54:00.674106: train_loss -0.4092
2025-11-10 23:54:00.674352: val_loss -0.4164
2025-11-10 23:54:00.674452: Pseudo dice [np.float32(0.9215), np.float32(0.7517), np.float32(0.0)]
2025-11-10 23:54:00.674550: Epoch time: 143.49 s
2025-11-10 23:54:04.902356: 
2025-11-10 23:54:04.902549: Epoch 141
2025-11-10 23:54:04.902665: Current learning rate: 0.00872
2025-11-10 23:56:33.853884: train_loss -0.4065
2025-11-10 23:56:33.854127: val_loss -0.4349
2025-11-10 23:56:33.854229: Pseudo dice [np.float32(0.9174), np.float32(0.7736), np.float32(0.0)]
2025-11-10 23:56:33.854327: Epoch time: 148.95 s
2025-11-10 23:56:37.544479: 
2025-11-10 23:56:37.544664: Epoch 142
2025-11-10 23:56:37.544775: Current learning rate: 0.00871
2025-11-10 23:58:57.928303: train_loss -0.405
2025-11-10 23:58:57.928555: val_loss -0.4321
2025-11-10 23:58:57.928657: Pseudo dice [np.float32(0.9204), np.float32(0.779), np.float32(0.0)]
2025-11-10 23:58:57.928756: Epoch time: 140.38 s
2025-11-10 23:59:02.140509: 
2025-11-10 23:59:02.140708: Epoch 143
2025-11-10 23:59:02.140833: Current learning rate: 0.0087
2025-11-11 00:01:25.697762: train_loss -0.4083
2025-11-11 00:01:25.698090: val_loss -0.4204
2025-11-11 00:01:25.698197: Pseudo dice [np.float32(0.9241), np.float32(0.7694), np.float32(0.0)]
2025-11-11 00:01:25.698298: Epoch time: 143.56 s
2025-11-11 00:01:29.563011: 
2025-11-11 00:01:29.563188: Epoch 144
2025-11-11 00:01:29.563305: Current learning rate: 0.00869
2025-11-11 00:03:54.011692: train_loss -0.4026
2025-11-11 00:03:54.012023: val_loss -0.4185
2025-11-11 00:03:54.012139: Pseudo dice [np.float32(0.912), np.float32(0.7663), np.float32(0.0)]
2025-11-11 00:03:54.012238: Epoch time: 144.45 s
2025-11-11 00:03:57.868352: 
2025-11-11 00:03:57.868555: Epoch 145
2025-11-11 00:03:57.868669: Current learning rate: 0.00868
2025-11-11 00:06:21.587750: train_loss -0.4093
2025-11-11 00:06:21.588012: val_loss -0.425
2025-11-11 00:06:21.588114: Pseudo dice [np.float32(0.9057), np.float32(0.7727), np.float32(0.0)]
2025-11-11 00:06:21.588216: Epoch time: 143.72 s
2025-11-11 00:06:24.955824: 
2025-11-11 00:06:24.956016: Epoch 146
2025-11-11 00:06:24.956132: Current learning rate: 0.00868
2025-11-11 00:08:56.972243: train_loss -0.3967
2025-11-11 00:08:56.972499: val_loss -0.43
2025-11-11 00:08:56.972603: Pseudo dice [np.float32(0.9188), np.float32(0.7803), np.float32(0.0)]
2025-11-11 00:08:56.972703: Epoch time: 152.02 s
2025-11-11 00:09:01.426196: 
2025-11-11 00:09:01.426465: Epoch 147
2025-11-11 00:09:01.426586: Current learning rate: 0.00867
2025-11-11 00:11:23.101285: train_loss -0.4015
2025-11-11 00:11:23.101530: val_loss -0.3958
2025-11-11 00:11:23.101633: Pseudo dice [np.float32(0.9251), np.float32(0.7647), np.float32(0.0)]
2025-11-11 00:11:23.101731: Epoch time: 141.68 s
2025-11-11 00:11:27.160343: 
2025-11-11 00:11:27.160523: Epoch 148
2025-11-11 00:11:27.160645: Current learning rate: 0.00866
2025-11-11 00:14:02.484709: train_loss -0.4011
2025-11-11 00:14:02.484914: val_loss -0.4222
2025-11-11 00:14:02.485016: Pseudo dice [np.float32(0.9244), np.float32(0.77), np.float32(0.0)]
2025-11-11 00:14:02.485123: Epoch time: 155.33 s
2025-11-11 00:14:07.225970: 
2025-11-11 00:14:07.226180: Epoch 149
2025-11-11 00:14:07.226297: Current learning rate: 0.00865
2025-11-11 00:16:35.950036: train_loss -0.4067
2025-11-11 00:16:35.950280: val_loss -0.4311
2025-11-11 00:16:35.950374: Pseudo dice [np.float32(0.9171), np.float32(0.7707), np.float32(0.0)]
2025-11-11 00:16:35.950467: Epoch time: 148.72 s
2025-11-11 00:16:40.481515: 
2025-11-11 00:16:40.481856: Epoch 150
2025-11-11 00:16:40.481983: Current learning rate: 0.00864
2025-11-11 00:19:09.516964: train_loss -0.3891
2025-11-11 00:19:09.517238: val_loss -0.4252
2025-11-11 00:19:09.517342: Pseudo dice [np.float32(0.9217), np.float32(0.7736), np.float32(0.0)]
2025-11-11 00:19:09.517443: Epoch time: 149.04 s
2025-11-11 00:19:13.882484: 
2025-11-11 00:19:13.882656: Epoch 151
2025-11-11 00:19:13.882771: Current learning rate: 0.00863
2025-11-11 00:21:39.727697: train_loss -0.3948
2025-11-11 00:21:39.727947: val_loss -0.3987
2025-11-11 00:21:39.728051: Pseudo dice [np.float32(0.924), np.float32(0.768), np.float32(0.0)]
2025-11-11 00:21:39.728152: Epoch time: 145.85 s
2025-11-11 00:21:42.726559: 
2025-11-11 00:21:42.726748: Epoch 152
2025-11-11 00:21:42.731778: Current learning rate: 0.00862
2025-11-11 00:24:09.198008: train_loss -0.3958
2025-11-11 00:24:09.198248: val_loss -0.4109
2025-11-11 00:24:09.198351: Pseudo dice [np.float32(0.9169), np.float32(0.774), np.float32(0.0)]
2025-11-11 00:24:09.198449: Epoch time: 146.47 s
2025-11-11 00:24:14.690721: 
2025-11-11 00:24:14.690924: Epoch 153
2025-11-11 00:24:14.691043: Current learning rate: 0.00861
2025-11-11 00:26:39.019372: train_loss -0.3983
2025-11-11 00:26:39.019634: val_loss -0.4256
2025-11-11 00:26:39.019734: Pseudo dice [np.float32(0.9336), np.float32(0.7812), np.float32(0.0)]
2025-11-11 00:26:39.019875: Epoch time: 144.33 s
2025-11-11 00:26:39.019964: Yayy! New best EMA pseudo Dice: 0.5637000203132629
2025-11-11 00:26:43.693113: 
2025-11-11 00:26:43.693300: Epoch 154
2025-11-11 00:26:43.693413: Current learning rate: 0.0086
2025-11-11 00:29:05.750702: train_loss -0.4018
2025-11-11 00:29:05.750933: val_loss -0.4141
2025-11-11 00:29:05.751034: Pseudo dice [np.float32(0.9249), np.float32(0.7806), np.float32(0.0)]
2025-11-11 00:29:05.751132: Epoch time: 142.06 s
2025-11-11 00:29:05.751209: Yayy! New best EMA pseudo Dice: 0.5641000270843506
2025-11-11 00:29:09.906073: 
2025-11-11 00:29:09.906256: Epoch 155
2025-11-11 00:29:09.906494: Current learning rate: 0.00859
2025-11-11 00:31:34.093026: train_loss -0.4003
2025-11-11 00:31:34.093254: val_loss -0.417
2025-11-11 00:31:34.093352: Pseudo dice [np.float32(0.9137), np.float32(0.7591), np.float32(0.0)]
2025-11-11 00:31:34.093448: Epoch time: 144.19 s
2025-11-11 00:31:37.790765: 
2025-11-11 00:31:37.791012: Epoch 156
2025-11-11 00:31:37.791126: Current learning rate: 0.00858
2025-11-11 00:33:59.090143: train_loss -0.3998
2025-11-11 00:33:59.090362: val_loss -0.43
2025-11-11 00:33:59.090534: Pseudo dice [np.float32(0.9162), np.float32(0.7746), np.float32(0.0)]
2025-11-11 00:33:59.090636: Epoch time: 141.3 s
2025-11-11 00:34:03.024399: 
2025-11-11 00:34:03.024597: Epoch 157
2025-11-11 00:34:03.024713: Current learning rate: 0.00858
2025-11-11 00:36:18.110455: train_loss -0.4019
2025-11-11 00:36:18.110709: val_loss -0.4013
2025-11-11 00:36:18.110820: Pseudo dice [np.float32(0.9181), np.float32(0.7765), np.float32(0.0)]
2025-11-11 00:36:18.110923: Epoch time: 135.09 s
2025-11-11 00:36:20.877260: 
2025-11-11 00:36:20.878279: Epoch 158
2025-11-11 00:36:20.878407: Current learning rate: 0.00857
2025-11-11 00:38:47.714876: train_loss -0.408
2025-11-11 00:38:47.715137: val_loss -0.4226
2025-11-11 00:38:47.715240: Pseudo dice [np.float32(0.9183), np.float32(0.7766), np.float32(0.0)]
2025-11-11 00:38:47.715338: Epoch time: 146.84 s
2025-11-11 00:38:50.628010: 
2025-11-11 00:38:50.628260: Epoch 159
2025-11-11 00:38:50.628371: Current learning rate: 0.00856
2025-11-11 00:41:03.098246: train_loss -0.4057
2025-11-11 00:41:03.098506: val_loss -0.4137
2025-11-11 00:41:03.098609: Pseudo dice [np.float32(0.9134), np.float32(0.7625), np.float32(0.0)]
2025-11-11 00:41:03.098711: Epoch time: 132.47 s
2025-11-11 00:41:05.928874: 
2025-11-11 00:41:05.929121: Epoch 160
2025-11-11 00:41:05.929240: Current learning rate: 0.00855
2025-11-11 00:43:24.941631: train_loss -0.3973
2025-11-11 00:43:24.941885: val_loss -0.4369
2025-11-11 00:43:24.941991: Pseudo dice [np.float32(0.9186), np.float32(0.7689), np.float32(0.0)]
2025-11-11 00:43:24.942090: Epoch time: 139.01 s
2025-11-11 00:43:27.852132: 
2025-11-11 00:43:27.852312: Epoch 161
2025-11-11 00:43:27.852425: Current learning rate: 0.00854
2025-11-11 00:45:49.974050: train_loss -0.3968
2025-11-11 00:45:49.974302: val_loss -0.4071
2025-11-11 00:45:49.974405: Pseudo dice [np.float32(0.9125), np.float32(0.7668), np.float32(0.0)]
2025-11-11 00:45:49.974505: Epoch time: 142.12 s
2025-11-11 00:45:53.019846: 
2025-11-11 00:45:53.020026: Epoch 162
2025-11-11 00:45:53.020139: Current learning rate: 0.00853
2025-11-11 00:48:09.089783: train_loss -0.3959
2025-11-11 00:48:09.090041: val_loss -0.4093
2025-11-11 00:48:09.090143: Pseudo dice [np.float32(0.9174), np.float32(0.7724), np.float32(0.0)]
2025-11-11 00:48:09.090243: Epoch time: 136.07 s
2025-11-11 00:48:12.396184: 
2025-11-11 00:48:12.396358: Epoch 163
2025-11-11 00:48:12.396468: Current learning rate: 0.00852
2025-11-11 00:50:48.458920: train_loss -0.3948
2025-11-11 00:50:48.459167: val_loss -0.4253
2025-11-11 00:50:48.459269: Pseudo dice [np.float32(0.92), np.float32(0.7782), np.float32(0.0)]
2025-11-11 00:50:48.459369: Epoch time: 156.06 s
2025-11-11 00:50:53.175000: 
2025-11-11 00:50:53.175178: Epoch 164
2025-11-11 00:50:53.175297: Current learning rate: 0.00851
2025-11-11 00:53:20.681946: train_loss -0.4003
2025-11-11 00:53:20.682167: val_loss -0.3962
2025-11-11 00:53:20.682258: Pseudo dice [np.float32(0.9114), np.float32(0.7753), np.float32(0.0)]
2025-11-11 00:53:20.682345: Epoch time: 147.51 s
2025-11-11 00:53:25.435077: 
2025-11-11 00:53:25.435271: Epoch 165
2025-11-11 00:53:25.435387: Current learning rate: 0.0085
2025-11-11 00:55:47.322513: train_loss -0.4008
2025-11-11 00:55:47.322774: val_loss -0.4357
2025-11-11 00:55:47.322888: Pseudo dice [np.float32(0.9177), np.float32(0.7736), np.float32(0.0)]
2025-11-11 00:55:47.322991: Epoch time: 141.89 s
2025-11-11 00:55:50.852637: 
2025-11-11 00:55:50.852824: Epoch 166
2025-11-11 00:55:50.852942: Current learning rate: 0.00849
2025-11-11 00:58:14.922272: train_loss -0.3957
2025-11-11 00:58:14.922526: val_loss -0.4046
2025-11-11 00:58:14.922631: Pseudo dice [np.float32(0.924), np.float32(0.7781), np.float32(0.0)]
2025-11-11 00:58:14.922731: Epoch time: 144.07 s
2025-11-11 00:58:18.033103: 
2025-11-11 00:58:18.033277: Epoch 167
2025-11-11 00:58:18.033390: Current learning rate: 0.00848
2025-11-11 01:00:56.721947: train_loss -0.4035
2025-11-11 01:00:56.722182: val_loss -0.4188
2025-11-11 01:00:56.722282: Pseudo dice [np.float32(0.9182), np.float32(0.7703), np.float32(0.0)]
2025-11-11 01:00:56.722381: Epoch time: 158.69 s
2025-11-11 01:01:01.470167: 
2025-11-11 01:01:01.470375: Epoch 168
2025-11-11 01:01:01.470494: Current learning rate: 0.00847
2025-11-11 01:03:30.802081: train_loss -0.4062
2025-11-11 01:03:30.802324: val_loss -0.4365
2025-11-11 01:03:30.802428: Pseudo dice [np.float32(0.9207), np.float32(0.7776), np.float32(0.0)]
2025-11-11 01:03:30.802536: Epoch time: 149.33 s
2025-11-11 01:03:35.511124: 
2025-11-11 01:03:35.511313: Epoch 169
2025-11-11 01:03:35.511432: Current learning rate: 0.00847
2025-11-11 01:06:01.441356: train_loss -0.4024
2025-11-11 01:06:01.441594: val_loss -0.4041
2025-11-11 01:06:01.441697: Pseudo dice [np.float32(0.928), np.float32(0.7522), np.float32(0.0)]
2025-11-11 01:06:01.441795: Epoch time: 145.93 s
2025-11-11 01:06:05.504164: 
2025-11-11 01:06:05.504359: Epoch 170
2025-11-11 01:06:05.504465: Current learning rate: 0.00846
2025-11-11 01:08:37.050299: train_loss -0.3913
2025-11-11 01:08:37.050515: val_loss -0.4111
2025-11-11 01:08:37.050617: Pseudo dice [np.float32(0.9172), np.float32(0.7692), np.float32(0.0)]
2025-11-11 01:08:37.050714: Epoch time: 151.55 s
2025-11-11 01:08:41.249530: 
2025-11-11 01:08:41.249733: Epoch 171
2025-11-11 01:08:41.249856: Current learning rate: 0.00845
2025-11-11 01:11:05.269068: train_loss -0.3981
2025-11-11 01:11:05.269318: val_loss -0.416
2025-11-11 01:11:05.269427: Pseudo dice [np.float32(0.9165), np.float32(0.7556), np.float32(0.0)]
2025-11-11 01:11:05.269529: Epoch time: 144.02 s
2025-11-11 01:11:08.794605: 
2025-11-11 01:11:08.794875: Epoch 172
2025-11-11 01:11:08.794997: Current learning rate: 0.00844
2025-11-11 01:13:34.912768: train_loss -0.3977
2025-11-11 01:13:34.913014: val_loss -0.415
2025-11-11 01:13:34.913116: Pseudo dice [np.float32(0.9249), np.float32(0.7759), np.float32(0.0)]
2025-11-11 01:13:34.913286: Epoch time: 146.12 s
2025-11-11 01:13:38.931468: 
2025-11-11 01:13:38.931644: Epoch 173
2025-11-11 01:13:38.931758: Current learning rate: 0.00843
2025-11-11 01:16:04.851625: train_loss -0.4039
2025-11-11 01:16:04.851884: val_loss -0.4313
2025-11-11 01:16:04.851989: Pseudo dice [np.float32(0.9185), np.float32(0.7683), np.float32(0.0)]
2025-11-11 01:16:04.852093: Epoch time: 145.92 s
2025-11-11 01:16:08.747553: 
2025-11-11 01:16:08.747755: Epoch 174
2025-11-11 01:16:08.747875: Current learning rate: 0.00842
2025-11-11 01:18:34.855463: train_loss -0.408
2025-11-11 01:18:34.855715: val_loss -0.4246
2025-11-11 01:18:34.855812: Pseudo dice [np.float32(0.9195), np.float32(0.7611), np.float32(0.0)]
2025-11-11 01:18:34.855903: Epoch time: 146.11 s
2025-11-11 01:18:38.228774: 
2025-11-11 01:18:38.228977: Epoch 175
2025-11-11 01:18:38.229089: Current learning rate: 0.00841
2025-11-11 01:21:05.911618: train_loss -0.4021
2025-11-11 01:21:05.911875: val_loss -0.4379
2025-11-11 01:21:05.911977: Pseudo dice [np.float32(0.9172), np.float32(0.7776), np.float32(0.0)]
2025-11-11 01:21:05.912074: Epoch time: 147.68 s
2025-11-11 01:21:09.660265: 
2025-11-11 01:21:09.660464: Epoch 176
2025-11-11 01:21:09.660581: Current learning rate: 0.0084
2025-11-11 01:23:43.381747: train_loss -0.3951
2025-11-11 01:23:43.382001: val_loss -0.4318
2025-11-11 01:23:43.382100: Pseudo dice [np.float32(0.9164), np.float32(0.7612), np.float32(0.0)]
2025-11-11 01:23:43.382198: Epoch time: 153.72 s
2025-11-11 01:23:46.648306: 
2025-11-11 01:23:46.648480: Epoch 177
2025-11-11 01:23:46.648598: Current learning rate: 0.00839
2025-11-11 01:26:04.310390: train_loss -0.3976
2025-11-11 01:26:04.310631: val_loss -0.4171
2025-11-11 01:26:04.314880: Pseudo dice [np.float32(0.9156), np.float32(0.7772), np.float32(0.0)]
2025-11-11 01:26:04.315104: Epoch time: 137.66 s
2025-11-11 01:26:08.849945: 
2025-11-11 01:26:08.850230: Epoch 178
2025-11-11 01:26:08.850348: Current learning rate: 0.00838
2025-11-11 01:28:33.895426: train_loss -0.394
2025-11-11 01:28:33.895685: val_loss -0.3899
2025-11-11 01:28:33.895793: Pseudo dice [np.float32(0.9152), np.float32(0.7612), np.float32(0.0)]
2025-11-11 01:28:33.895989: Epoch time: 145.05 s
2025-11-11 01:28:38.772718: 
2025-11-11 01:28:38.772911: Epoch 179
2025-11-11 01:28:38.773027: Current learning rate: 0.00837
2025-11-11 01:31:08.631085: train_loss -0.3985
2025-11-11 01:31:08.631330: val_loss -0.413
2025-11-11 01:31:08.631430: Pseudo dice [np.float32(0.9258), np.float32(0.77), np.float32(0.0)]
2025-11-11 01:31:08.646558: Epoch time: 149.86 s
2025-11-11 01:31:12.232064: 
2025-11-11 01:31:12.232234: Epoch 180
2025-11-11 01:31:12.232343: Current learning rate: 0.00836
2025-11-11 01:33:40.044955: train_loss -0.3957
2025-11-11 01:33:40.045225: val_loss -0.3966
2025-11-11 01:33:40.045327: Pseudo dice [np.float32(0.9239), np.float32(0.7731), np.float32(0.0)]
2025-11-11 01:33:40.045425: Epoch time: 147.81 s
2025-11-11 01:33:43.882392: 
2025-11-11 01:33:43.882581: Epoch 181
2025-11-11 01:33:43.882700: Current learning rate: 0.00836
2025-11-11 01:36:12.290214: train_loss -0.3998
2025-11-11 01:36:12.290471: val_loss -0.431
2025-11-11 01:36:12.290574: Pseudo dice [np.float32(0.9132), np.float32(0.7642), np.float32(0.0)]
2025-11-11 01:36:12.290672: Epoch time: 148.41 s
2025-11-11 01:36:16.735097: 
2025-11-11 01:36:16.735289: Epoch 182
2025-11-11 01:36:16.735406: Current learning rate: 0.00835
2025-11-11 01:38:43.808127: train_loss -0.4077
2025-11-11 01:38:43.808378: val_loss -0.4284
2025-11-11 01:38:43.808483: Pseudo dice [np.float32(0.9098), np.float32(0.7689), np.float32(0.0)]
2025-11-11 01:38:43.808581: Epoch time: 147.07 s
2025-11-11 01:38:48.017189: 
2025-11-11 01:38:48.017448: Epoch 183
2025-11-11 01:38:48.017587: Current learning rate: 0.00834
2025-11-11 01:41:08.218158: train_loss -0.4017
2025-11-11 01:41:08.233693: val_loss -0.3985
2025-11-11 01:41:08.233810: Pseudo dice [np.float32(0.9146), np.float32(0.7663), np.float32(0.0)]
2025-11-11 01:41:08.233906: Epoch time: 140.2 s
2025-11-11 01:41:10.979267: 
2025-11-11 01:41:10.979470: Epoch 184
2025-11-11 01:41:10.979588: Current learning rate: 0.00833
2025-11-11 01:43:38.947601: train_loss -0.3909
2025-11-11 01:43:38.947862: val_loss -0.4385
2025-11-11 01:43:38.947968: Pseudo dice [np.float32(0.9195), np.float32(0.7759), np.float32(0.0)]
2025-11-11 01:43:38.948069: Epoch time: 147.97 s
2025-11-11 01:43:41.742704: 
2025-11-11 01:43:41.742894: Epoch 185
2025-11-11 01:43:41.743008: Current learning rate: 0.00832
2025-11-11 01:46:14.870515: train_loss -0.3935
2025-11-11 01:46:14.875727: val_loss -0.4235
2025-11-11 01:46:14.875856: Pseudo dice [np.float32(0.9141), np.float32(0.7664), np.float32(0.0)]
2025-11-11 01:46:14.875953: Epoch time: 153.13 s
2025-11-11 01:46:17.031363: 
2025-11-11 01:46:17.031551: Epoch 186
2025-11-11 01:46:17.031662: Current learning rate: 0.00831
2025-11-11 01:48:45.584828: train_loss -0.3995
2025-11-11 01:48:45.585077: val_loss -0.4007
2025-11-11 01:48:45.585178: Pseudo dice [np.float32(0.9082), np.float32(0.7593), np.float32(0.0)]
2025-11-11 01:48:45.585274: Epoch time: 148.55 s
2025-11-11 01:48:48.751423: 
2025-11-11 01:48:48.751626: Epoch 187
2025-11-11 01:48:48.751742: Current learning rate: 0.0083
2025-11-11 01:51:17.349141: train_loss -0.3892
2025-11-11 01:51:17.359921: val_loss -0.4002
2025-11-11 01:51:17.360126: Pseudo dice [np.float32(0.913), np.float32(0.7738), np.float32(0.0)]
2025-11-11 01:51:17.360224: Epoch time: 148.6 s
2025-11-11 01:51:21.096514: 
2025-11-11 01:51:21.096709: Epoch 188
2025-11-11 01:51:21.099649: Current learning rate: 0.00829
2025-11-11 01:53:51.295630: train_loss -0.3956
2025-11-11 01:53:51.295853: val_loss -0.4188
2025-11-11 01:53:51.295955: Pseudo dice [np.float32(0.9258), np.float32(0.7685), np.float32(0.0)]
2025-11-11 01:53:51.296056: Epoch time: 150.2 s
2025-11-11 01:53:54.344496: 
2025-11-11 01:53:54.344774: Epoch 189
2025-11-11 01:53:54.344904: Current learning rate: 0.00828
2025-11-11 01:56:23.048261: train_loss -0.3993
2025-11-11 01:56:23.048504: val_loss -0.4384
2025-11-11 01:56:23.048605: Pseudo dice [np.float32(0.914), np.float32(0.7638), np.float32(0.0)]
2025-11-11 01:56:23.048702: Epoch time: 148.7 s
2025-11-11 01:56:27.129972: 
2025-11-11 01:56:27.130167: Epoch 190
2025-11-11 01:56:27.130273: Current learning rate: 0.00827
2025-11-11 01:58:52.433405: train_loss -0.4005
2025-11-11 01:58:52.433695: val_loss -0.4363
2025-11-11 01:58:52.433827: Pseudo dice [np.float32(0.916), np.float32(0.7721), np.float32(0.0)]
2025-11-11 01:58:52.433937: Epoch time: 145.29 s
2025-11-11 01:58:56.141086: 
2025-11-11 01:58:56.141283: Epoch 191
2025-11-11 01:58:56.141400: Current learning rate: 0.00826
2025-11-11 02:01:22.675255: train_loss -0.3927
2025-11-11 02:01:22.675504: val_loss -0.3956
2025-11-11 02:01:22.675604: Pseudo dice [np.float32(0.9255), np.float32(0.7687), np.float32(0.0)]
2025-11-11 02:01:22.675702: Epoch time: 146.54 s
2025-11-11 02:01:26.403994: 
2025-11-11 02:01:26.404196: Epoch 192
2025-11-11 02:01:26.404307: Current learning rate: 0.00825
2025-11-11 02:03:57.171962: train_loss -0.3965
2025-11-11 02:03:57.172171: val_loss -0.4549
2025-11-11 02:03:57.172271: Pseudo dice [np.float32(0.9148), np.float32(0.7749), np.float32(0.0)]
2025-11-11 02:03:57.172366: Epoch time: 150.77 s
2025-11-11 02:04:02.071514: 
2025-11-11 02:04:02.071707: Epoch 193
2025-11-11 02:04:02.071827: Current learning rate: 0.00824
2025-11-11 02:06:34.612710: train_loss -0.4174
2025-11-11 02:06:34.612982: val_loss -0.4535
2025-11-11 02:06:34.613076: Pseudo dice [np.float32(0.9259), np.float32(0.7776), np.float32(0.0)]
2025-11-11 02:06:34.613168: Epoch time: 152.54 s
2025-11-11 02:06:38.786899: 
2025-11-11 02:06:38.787082: Epoch 194
2025-11-11 02:06:38.787201: Current learning rate: 0.00824
2025-11-11 02:09:05.901919: train_loss -0.4019
2025-11-11 02:09:05.902213: val_loss -0.4375
2025-11-11 02:09:05.902318: Pseudo dice [np.float32(0.9196), np.float32(0.7776), np.float32(0.0)]
2025-11-11 02:09:05.902416: Epoch time: 147.12 s
2025-11-11 02:09:10.097464: 
2025-11-11 02:09:10.097659: Epoch 195
2025-11-11 02:09:10.097773: Current learning rate: 0.00823
2025-11-11 02:11:38.588215: train_loss -0.4005
2025-11-11 02:11:38.588439: val_loss -0.4406
2025-11-11 02:11:38.588539: Pseudo dice [np.float32(0.9157), np.float32(0.7818), np.float32(0.0)]
2025-11-11 02:11:38.599819: Epoch time: 148.49 s
2025-11-11 02:11:42.182143: 
2025-11-11 02:11:42.182322: Epoch 196
2025-11-11 02:11:42.182443: Current learning rate: 0.00822
2025-11-11 02:14:10.116585: train_loss -0.4114
2025-11-11 02:14:10.116849: val_loss -0.4148
2025-11-11 02:14:10.116952: Pseudo dice [np.float32(0.9041), np.float32(0.7709), np.float32(0.0)]
2025-11-11 02:14:10.117050: Epoch time: 147.94 s
2025-11-11 02:14:12.743774: 
2025-11-11 02:14:12.743957: Epoch 197
2025-11-11 02:14:12.744118: Current learning rate: 0.00821
2025-11-11 02:16:38.949417: train_loss -0.401
2025-11-11 02:16:38.949668: val_loss -0.4484
2025-11-11 02:16:38.949765: Pseudo dice [np.float32(0.9226), np.float32(0.7793), np.float32(0.0)]
2025-11-11 02:16:38.949882: Epoch time: 146.21 s
2025-11-11 02:16:42.229061: 
2025-11-11 02:16:42.229254: Epoch 198
2025-11-11 02:16:42.229365: Current learning rate: 0.0082
2025-11-11 02:19:07.157909: train_loss -0.424
2025-11-11 02:19:07.166895: val_loss -0.4379
2025-11-11 02:19:07.167127: Pseudo dice [np.float32(0.9292), np.float32(0.7693), np.float32(0.3627)]
2025-11-11 02:19:07.167235: Epoch time: 144.93 s
2025-11-11 02:19:07.167315: Yayy! New best EMA pseudo Dice: 0.5756000280380249
2025-11-11 02:19:12.949095: 
2025-11-11 02:19:12.949378: Epoch 199
2025-11-11 02:19:12.949522: Current learning rate: 0.00819
2025-11-11 02:21:44.686682: train_loss -0.4123
2025-11-11 02:21:44.686942: val_loss -0.4254
2025-11-11 02:21:44.687049: Pseudo dice [np.float32(0.9206), np.float32(0.7645), np.float32(0.505)]
2025-11-11 02:21:44.687150: Epoch time: 151.74 s
2025-11-11 02:21:46.072407: Yayy! New best EMA pseudo Dice: 0.5910999774932861
2025-11-11 02:21:48.969766: 
2025-11-11 02:21:48.970016: Epoch 200
2025-11-11 02:21:48.970130: Current learning rate: 0.00818
2025-11-11 02:24:17.961400: train_loss -0.4176
2025-11-11 02:24:17.961628: val_loss -0.4462
2025-11-11 02:24:17.962650: Pseudo dice [np.float32(0.9201), np.float32(0.747), np.float32(0.0028)]
2025-11-11 02:24:17.962883: Epoch time: 148.99 s
2025-11-11 02:24:21.639818: 
2025-11-11 02:24:21.640009: Epoch 201
2025-11-11 02:24:21.640124: Current learning rate: 0.00817
2025-11-11 02:26:50.648278: train_loss -0.407
2025-11-11 02:26:50.648529: val_loss -0.408
2025-11-11 02:26:50.648629: Pseudo dice [np.float32(0.9185), np.float32(0.7593), np.float32(0.0)]
2025-11-11 02:26:50.648728: Epoch time: 149.01 s
2025-11-11 02:26:54.972986: 
2025-11-11 02:26:54.973217: Epoch 202
2025-11-11 02:26:54.973332: Current learning rate: 0.00816
2025-11-11 02:29:16.594072: train_loss -0.4141
2025-11-11 02:29:16.594326: val_loss -0.419
2025-11-11 02:29:16.594427: Pseudo dice [np.float32(0.9169), np.float32(0.7638), np.float32(0.0)]
2025-11-11 02:29:16.594528: Epoch time: 141.62 s
2025-11-11 02:29:18.828037: 
2025-11-11 02:29:18.828284: Epoch 203
2025-11-11 02:29:18.828438: Current learning rate: 0.00815
2025-11-11 02:31:47.044848: train_loss -0.4208
2025-11-11 02:31:47.052683: val_loss -0.4309
2025-11-11 02:31:47.057682: Pseudo dice [np.float32(0.9222), np.float32(0.7797), np.float32(0.0)]
2025-11-11 02:31:47.057800: Epoch time: 148.22 s
2025-11-11 02:31:51.027270: 
2025-11-11 02:31:51.027459: Epoch 204
2025-11-11 02:31:51.027574: Current learning rate: 0.00814
2025-11-11 02:34:14.348655: train_loss -0.4117
2025-11-11 02:34:14.348875: val_loss -0.4163
2025-11-11 02:34:14.348982: Pseudo dice [np.float32(0.927), np.float32(0.7578), np.float32(0.0)]
2025-11-11 02:34:14.349082: Epoch time: 143.32 s
2025-11-11 02:34:18.544231: 
2025-11-11 02:34:18.544423: Epoch 205
2025-11-11 02:34:18.544539: Current learning rate: 0.00813
2025-11-11 02:36:45.870199: train_loss -0.3977
2025-11-11 02:36:45.870436: val_loss -0.4322
2025-11-11 02:36:45.870536: Pseudo dice [np.float32(0.9176), np.float32(0.7693), np.float32(0.0)]
2025-11-11 02:36:45.870634: Epoch time: 147.33 s
2025-11-11 02:36:48.655073: 
2025-11-11 02:36:48.655260: Epoch 206
2025-11-11 02:36:48.655373: Current learning rate: 0.00813
2025-11-11 02:39:12.620443: train_loss -0.4025
2025-11-11 02:39:12.620692: val_loss -0.4231
2025-11-11 02:39:12.633453: Pseudo dice [np.float32(0.9148), np.float32(0.7624), np.float32(0.0)]
2025-11-11 02:39:12.633673: Epoch time: 143.97 s
2025-11-11 02:39:17.293985: 
2025-11-11 02:39:17.294239: Epoch 207
2025-11-11 02:39:17.294356: Current learning rate: 0.00812
2025-11-11 02:41:38.850662: train_loss -0.4065
2025-11-11 02:41:38.850927: val_loss -0.3979
2025-11-11 02:41:38.851030: Pseudo dice [np.float32(0.9118), np.float32(0.7552), np.float32(0.0)]
2025-11-11 02:41:38.851132: Epoch time: 141.56 s
2025-11-11 02:41:41.112036: 
2025-11-11 02:41:41.112297: Epoch 208
2025-11-11 02:41:41.112414: Current learning rate: 0.00811
2025-11-11 02:44:04.718899: train_loss -0.4206
2025-11-11 02:44:04.719209: val_loss -0.4315
2025-11-11 02:44:04.719319: Pseudo dice [np.float32(0.9213), np.float32(0.7563), np.float32(0.148)]
2025-11-11 02:44:04.719423: Epoch time: 143.61 s
2025-11-11 02:44:08.339189: 
2025-11-11 02:44:08.339365: Epoch 209
2025-11-11 02:44:08.339493: Current learning rate: 0.0081
2025-11-11 02:46:36.941256: train_loss -0.4083
2025-11-11 02:46:36.941512: val_loss -0.4295
2025-11-11 02:46:36.941612: Pseudo dice [np.float32(0.9224), np.float32(0.7621), np.float32(0.0414)]
2025-11-11 02:46:36.941785: Epoch time: 148.6 s
2025-11-11 02:46:41.552788: 
2025-11-11 02:46:41.553954: Epoch 210
2025-11-11 02:46:41.554075: Current learning rate: 0.00809
2025-11-11 02:49:05.229958: train_loss -0.4212
2025-11-11 02:49:05.230207: val_loss -0.4364
2025-11-11 02:49:05.233845: Pseudo dice [np.float32(0.9224), np.float32(0.7658), np.float32(0.5279)]
2025-11-11 02:49:05.233972: Epoch time: 143.68 s
2025-11-11 02:49:05.234046: Yayy! New best EMA pseudo Dice: 0.5929999947547913
2025-11-11 02:49:08.531821: 
2025-11-11 02:49:08.532011: Epoch 211
2025-11-11 02:49:08.532133: Current learning rate: 0.00808
2025-11-11 02:51:34.853352: train_loss -0.4134
2025-11-11 02:51:34.853570: val_loss -0.4395
2025-11-11 02:51:34.853672: Pseudo dice [np.float32(0.9117), np.float32(0.7609), np.float32(0.0974)]
2025-11-11 02:51:34.853770: Epoch time: 146.32 s
2025-11-11 02:51:37.955247: 
2025-11-11 02:51:37.955437: Epoch 212
2025-11-11 02:51:37.955551: Current learning rate: 0.00807
2025-11-11 02:54:14.218255: train_loss -0.4256
2025-11-11 02:54:14.233813: val_loss -0.4508
2025-11-11 02:54:14.233918: Pseudo dice [np.float32(0.9214), np.float32(0.7696), np.float32(0.3115)]
2025-11-11 02:54:14.234012: Epoch time: 156.26 s
2025-11-11 02:54:14.234085: Yayy! New best EMA pseudo Dice: 0.6001999974250793
2025-11-11 02:54:18.443347: 
2025-11-11 02:54:18.443551: Epoch 213
2025-11-11 02:54:18.443671: Current learning rate: 0.00806
2025-11-11 02:56:46.036322: train_loss -0.4038
2025-11-11 02:56:46.036570: val_loss -0.4508
2025-11-11 02:56:46.036670: Pseudo dice [np.float32(0.9267), np.float32(0.777), np.float32(0.0762)]
2025-11-11 02:56:46.036769: Epoch time: 147.59 s
2025-11-11 02:56:50.537626: 
2025-11-11 02:56:50.537856: Epoch 214
2025-11-11 02:56:50.537976: Current learning rate: 0.00805
2025-11-11 02:59:08.604128: train_loss -0.4133
2025-11-11 02:59:08.604353: val_loss -0.4614
2025-11-11 02:59:08.604453: Pseudo dice [np.float32(0.9134), np.float32(0.7684), np.float32(0.5608)]
2025-11-11 02:59:08.604551: Epoch time: 138.07 s
2025-11-11 02:59:08.604629: Yayy! New best EMA pseudo Dice: 0.614300012588501
2025-11-11 02:59:13.400965: 
2025-11-11 02:59:13.401164: Epoch 215
2025-11-11 02:59:13.401281: Current learning rate: 0.00804
2025-11-11 03:01:47.676415: train_loss -0.414
2025-11-11 03:01:47.676656: val_loss -0.4067
2025-11-11 03:01:47.676759: Pseudo dice [np.float32(0.9119), np.float32(0.7578), np.float32(0.1926)]
2025-11-11 03:01:47.676869: Epoch time: 154.28 s
2025-11-11 03:01:47.676949: Yayy! New best EMA pseudo Dice: 0.6148999929428101
2025-11-11 03:01:51.855258: 
2025-11-11 03:01:51.855455: Epoch 216
2025-11-11 03:01:51.855567: Current learning rate: 0.00803
2025-11-11 03:04:24.797780: train_loss -0.3958
2025-11-11 03:04:24.798026: val_loss -0.4573
2025-11-11 03:04:24.798128: Pseudo dice [np.float32(0.9166), np.float32(0.7671), np.float32(0.5039)]
2025-11-11 03:04:24.798226: Epoch time: 152.94 s
2025-11-11 03:04:24.803531: Yayy! New best EMA pseudo Dice: 0.6263999938964844
2025-11-11 03:04:28.380039: 
2025-11-11 03:04:28.380237: Epoch 217
2025-11-11 03:04:28.380353: Current learning rate: 0.00802
2025-11-11 03:07:04.172177: train_loss -0.4082
2025-11-11 03:07:04.172428: val_loss -0.4374
2025-11-11 03:07:04.172528: Pseudo dice [np.float32(0.9155), np.float32(0.7677), np.float32(0.1665)]
2025-11-11 03:07:04.172629: Epoch time: 155.79 s
2025-11-11 03:07:07.530419: 
2025-11-11 03:07:07.530617: Epoch 218
2025-11-11 03:07:07.530734: Current learning rate: 0.00801
2025-11-11 03:09:33.926794: train_loss -0.4081
2025-11-11 03:09:33.927058: val_loss -0.4122
2025-11-11 03:09:33.927158: Pseudo dice [np.float32(0.9161), np.float32(0.7676), np.float32(0.0591)]
2025-11-11 03:09:33.927256: Epoch time: 146.4 s
2025-11-11 03:09:37.743006: 
2025-11-11 03:09:37.743198: Epoch 219
2025-11-11 03:09:37.743313: Current learning rate: 0.00801
2025-11-11 03:12:08.533241: train_loss -0.4195
2025-11-11 03:12:08.533487: val_loss -0.4336
2025-11-11 03:12:08.533591: Pseudo dice [np.float32(0.9191), np.float32(0.7637), np.float32(0.4697)]
2025-11-11 03:12:08.533691: Epoch time: 150.79 s
2025-11-11 03:12:08.533770: Yayy! New best EMA pseudo Dice: 0.6305999755859375
2025-11-11 03:12:12.756063: 
2025-11-11 03:12:12.756249: Epoch 220
2025-11-11 03:12:12.756362: Current learning rate: 0.008
2025-11-11 03:14:43.600202: train_loss -0.417
2025-11-11 03:14:43.600421: val_loss -0.4522
2025-11-11 03:14:43.600523: Pseudo dice [np.float32(0.9222), np.float32(0.7761), np.float32(0.4013)]
2025-11-11 03:14:43.600623: Epoch time: 150.85 s
2025-11-11 03:14:43.600701: Yayy! New best EMA pseudo Dice: 0.637499988079071
2025-11-11 03:14:46.518869: 
2025-11-11 03:14:46.519119: Epoch 221
2025-11-11 03:14:46.519260: Current learning rate: 0.00799
2025-11-11 03:17:13.665837: train_loss -0.4136
2025-11-11 03:17:13.669984: val_loss -0.4502
2025-11-11 03:17:13.670118: Pseudo dice [np.float32(0.9278), np.float32(0.7803), np.float32(0.4492)]
2025-11-11 03:17:13.674041: Epoch time: 147.15 s
2025-11-11 03:17:13.674149: Yayy! New best EMA pseudo Dice: 0.6456999778747559
2025-11-11 03:17:16.664607: 
2025-11-11 03:17:16.664845: Epoch 222
2025-11-11 03:17:16.665063: Current learning rate: 0.00798
2025-11-11 03:19:52.346845: train_loss -0.4311
2025-11-11 03:19:52.347151: val_loss -0.4412
2025-11-11 03:19:52.347257: Pseudo dice [np.float32(0.9086), np.float32(0.7658), np.float32(0.205)]
2025-11-11 03:19:52.347358: Epoch time: 155.68 s
2025-11-11 03:19:55.493787: 
2025-11-11 03:19:55.493968: Epoch 223
2025-11-11 03:19:55.494082: Current learning rate: 0.00797
2025-11-11 03:22:24.871986: train_loss -0.4108
2025-11-11 03:22:24.872250: val_loss -0.4371
2025-11-11 03:22:24.872355: Pseudo dice [np.float32(0.9188), np.float32(0.77), np.float32(0.3974)]
2025-11-11 03:22:24.872455: Epoch time: 149.38 s
2025-11-11 03:22:24.872534: Yayy! New best EMA pseudo Dice: 0.6488999724388123
2025-11-11 03:22:29.344405: 
2025-11-11 03:22:29.344601: Epoch 224
2025-11-11 03:22:29.344716: Current learning rate: 0.00796
2025-11-11 03:24:57.330160: train_loss -0.4159
2025-11-11 03:24:57.330403: val_loss -0.4457
2025-11-11 03:24:57.330504: Pseudo dice [np.float32(0.9208), np.float32(0.7674), np.float32(0.2334)]
2025-11-11 03:24:57.330605: Epoch time: 147.99 s
2025-11-11 03:25:02.029224: 
2025-11-11 03:25:02.029411: Epoch 225
2025-11-11 03:25:02.029524: Current learning rate: 0.00795
2025-11-11 03:27:31.337302: train_loss -0.4098
2025-11-11 03:27:31.337542: val_loss -0.4449
2025-11-11 03:27:31.337645: Pseudo dice [np.float32(0.9241), np.float32(0.7805), np.float32(0.1827)]
2025-11-11 03:27:31.337742: Epoch time: 149.31 s
2025-11-11 03:27:35.298815: 
2025-11-11 03:27:35.299016: Epoch 226
2025-11-11 03:27:35.299132: Current learning rate: 0.00794
2025-11-11 03:30:06.366957: train_loss -0.4141
2025-11-11 03:30:06.367215: val_loss -0.4286
2025-11-11 03:30:06.367318: Pseudo dice [np.float32(0.9223), np.float32(0.762), np.float32(0.1991)]
2025-11-11 03:30:06.367417: Epoch time: 151.07 s
2025-11-11 03:30:09.622373: 
2025-11-11 03:30:09.622549: Epoch 227
2025-11-11 03:30:09.622662: Current learning rate: 0.00793
2025-11-11 03:32:37.416929: train_loss -0.4009
2025-11-11 03:32:37.417197: val_loss -0.452
2025-11-11 03:32:37.417298: Pseudo dice [np.float32(0.9084), np.float32(0.7762), np.float32(0.3531)]
2025-11-11 03:32:37.417397: Epoch time: 147.8 s
2025-11-11 03:32:40.564419: 
2025-11-11 03:32:40.564605: Epoch 228
2025-11-11 03:32:40.564712: Current learning rate: 0.00792
2025-11-11 03:35:15.188055: train_loss -0.4227
2025-11-11 03:35:15.188304: val_loss -0.4675
2025-11-11 03:35:15.188409: Pseudo dice [np.float32(0.923), np.float32(0.758), np.float32(0.3975)]
2025-11-11 03:35:15.199130: Epoch time: 154.62 s
2025-11-11 03:35:15.199260: Yayy! New best EMA pseudo Dice: 0.6523000001907349
2025-11-11 03:35:20.101959: 
2025-11-11 03:35:20.102160: Epoch 229
2025-11-11 03:35:20.103000: Current learning rate: 0.00791
2025-11-11 03:37:50.106382: train_loss -0.4146
2025-11-11 03:37:50.106591: val_loss -0.4369
2025-11-11 03:37:50.106693: Pseudo dice [np.float32(0.923), np.float32(0.7531), np.float32(0.2997)]
2025-11-11 03:37:50.106790: Epoch time: 150.01 s
2025-11-11 03:37:50.106880: Yayy! New best EMA pseudo Dice: 0.652999997138977
2025-11-11 03:37:53.516448: 
2025-11-11 03:37:53.516627: Epoch 230
2025-11-11 03:37:53.516742: Current learning rate: 0.0079
2025-11-11 03:40:24.108468: train_loss -0.4211
2025-11-11 03:40:24.108727: val_loss -0.4268
2025-11-11 03:40:24.108836: Pseudo dice [np.float32(0.9199), np.float32(0.776), np.float32(0.409)]
2025-11-11 03:40:24.108937: Epoch time: 150.59 s
2025-11-11 03:40:24.109016: Yayy! New best EMA pseudo Dice: 0.657800018787384
2025-11-11 03:40:27.591698: 
2025-11-11 03:40:27.591993: Epoch 231
2025-11-11 03:40:27.592112: Current learning rate: 0.00789
2025-11-11 03:42:50.718570: train_loss -0.416
2025-11-11 03:42:50.718780: val_loss -0.4519
2025-11-11 03:42:50.718891: Pseudo dice [np.float32(0.927), np.float32(0.7644), np.float32(0.5663)]
2025-11-11 03:42:50.718993: Epoch time: 143.13 s
2025-11-11 03:42:50.739426: Yayy! New best EMA pseudo Dice: 0.6672999858856201
2025-11-11 03:42:53.058648: 
2025-11-11 03:42:53.058898: Epoch 232
2025-11-11 03:42:53.059016: Current learning rate: 0.00789
2025-11-11 03:45:18.219133: train_loss -0.4035
2025-11-11 03:45:18.219344: val_loss -0.4348
2025-11-11 03:45:18.219445: Pseudo dice [np.float32(0.9199), np.float32(0.7787), np.float32(0.2259)]
2025-11-11 03:45:18.228964: Epoch time: 145.16 s
2025-11-11 03:45:22.260099: 
2025-11-11 03:45:22.260295: Epoch 233
2025-11-11 03:45:22.260416: Current learning rate: 0.00788
2025-11-11 03:47:52.062477: train_loss -0.4286
2025-11-11 03:47:52.062730: val_loss -0.4428
2025-11-11 03:47:52.062838: Pseudo dice [np.float32(0.9155), np.float32(0.7497), np.float32(0.6155)]
2025-11-11 03:47:52.062940: Epoch time: 149.8 s
2025-11-11 03:47:52.063020: Yayy! New best EMA pseudo Dice: 0.6743000149726868
2025-11-11 03:47:56.031653: 
2025-11-11 03:47:56.031906: Epoch 234
2025-11-11 03:47:56.032021: Current learning rate: 0.00787
2025-11-11 03:50:28.517345: train_loss -0.4194
2025-11-11 03:50:28.517602: val_loss -0.456
2025-11-11 03:50:28.517708: Pseudo dice [np.float32(0.9193), np.float32(0.7619), np.float32(0.5381)]
2025-11-11 03:50:28.517812: Epoch time: 152.49 s
2025-11-11 03:50:28.517892: Yayy! New best EMA pseudo Dice: 0.6808000206947327
2025-11-11 03:50:31.986080: 
2025-11-11 03:50:31.986272: Epoch 235
2025-11-11 03:50:31.986387: Current learning rate: 0.00786
2025-11-11 03:52:56.119417: train_loss -0.4324
2025-11-11 03:52:56.119665: val_loss -0.4611
2025-11-11 03:52:56.119766: Pseudo dice [np.float32(0.916), np.float32(0.771), np.float32(0.3363)]
2025-11-11 03:52:56.119901: Epoch time: 144.13 s
2025-11-11 03:53:00.095004: 
2025-11-11 03:53:00.098693: Epoch 236
2025-11-11 03:53:00.098919: Current learning rate: 0.00785
2025-11-11 03:55:26.589659: train_loss -0.4134
2025-11-11 03:55:26.597874: val_loss -0.4465
2025-11-11 03:55:26.598012: Pseudo dice [np.float32(0.915), np.float32(0.7638), np.float32(0.6418)]
2025-11-11 03:55:26.598105: Epoch time: 146.5 s
2025-11-11 03:55:26.601935: Yayy! New best EMA pseudo Dice: 0.6894999742507935
2025-11-11 03:55:31.758956: 
2025-11-11 03:55:31.759162: Epoch 237
2025-11-11 03:55:31.759273: Current learning rate: 0.00784
2025-11-11 03:58:04.065697: train_loss -0.4321
2025-11-11 03:58:04.066013: val_loss -0.4686
2025-11-11 03:58:04.066118: Pseudo dice [np.float32(0.9208), np.float32(0.7785), np.float32(0.469)]
2025-11-11 03:58:04.066216: Epoch time: 152.31 s
2025-11-11 03:58:04.066292: Yayy! New best EMA pseudo Dice: 0.692799985408783
2025-11-11 03:58:06.826629: 
2025-11-11 03:58:06.826867: Epoch 238
2025-11-11 03:58:06.826987: Current learning rate: 0.00783
2025-11-11 04:00:32.614281: train_loss -0.4296
2025-11-11 04:00:32.614517: val_loss -0.462
2025-11-11 04:00:32.614617: Pseudo dice [np.float32(0.9177), np.float32(0.7685), np.float32(0.5135)]
2025-11-11 04:00:32.623216: Epoch time: 145.79 s
2025-11-11 04:00:32.623372: Yayy! New best EMA pseudo Dice: 0.6969000101089478
2025-11-11 04:00:36.831002: 
2025-11-11 04:00:36.831183: Epoch 239
2025-11-11 04:00:36.831290: Current learning rate: 0.00782
2025-11-11 04:03:08.178373: train_loss -0.4258
2025-11-11 04:03:08.178636: val_loss -0.4449
2025-11-11 04:03:08.178730: Pseudo dice [np.float32(0.9168), np.float32(0.766), np.float32(0.6005)]
2025-11-11 04:03:08.178826: Epoch time: 151.35 s
2025-11-11 04:03:08.178899: Yayy! New best EMA pseudo Dice: 0.7032999992370605
2025-11-11 04:03:11.251041: 
2025-11-11 04:03:11.251230: Epoch 240
2025-11-11 04:03:11.251346: Current learning rate: 0.00781
2025-11-11 04:05:38.279712: train_loss -0.4381
2025-11-11 04:05:38.279968: val_loss -0.4499
2025-11-11 04:05:38.280069: Pseudo dice [np.float32(0.9165), np.float32(0.7738), np.float32(0.2188)]
2025-11-11 04:05:38.280168: Epoch time: 147.03 s
2025-11-11 04:05:42.175925: 
2025-11-11 04:05:42.176110: Epoch 241
2025-11-11 04:05:42.176223: Current learning rate: 0.0078
2025-11-11 04:08:05.383123: train_loss -0.4359
2025-11-11 04:08:05.385398: val_loss -0.4733
2025-11-11 04:08:05.398467: Pseudo dice [np.float32(0.9183), np.float32(0.7811), np.float32(0.4621)]
2025-11-11 04:08:05.398665: Epoch time: 143.21 s
2025-11-11 04:08:08.264093: 
2025-11-11 04:08:08.264289: Epoch 242
2025-11-11 04:08:08.264401: Current learning rate: 0.00779
2025-11-11 04:10:41.853543: train_loss -0.4184
2025-11-11 04:10:41.853796: val_loss -0.4412
2025-11-11 04:10:41.853906: Pseudo dice [np.float32(0.9171), np.float32(0.7611), np.float32(0.6945)]
2025-11-11 04:10:41.854005: Epoch time: 153.59 s
2025-11-11 04:10:41.854083: Yayy! New best EMA pseudo Dice: 0.7081999778747559
2025-11-11 04:10:45.609969: 
2025-11-11 04:10:45.610156: Epoch 243
2025-11-11 04:10:45.610271: Current learning rate: 0.00778
2025-11-11 04:13:09.944010: train_loss -0.4188
2025-11-11 04:13:09.944254: val_loss -0.4321
2025-11-11 04:13:09.944355: Pseudo dice [np.float32(0.9171), np.float32(0.778), np.float32(0.6121)]
2025-11-11 04:13:09.944453: Epoch time: 144.33 s
2025-11-11 04:13:09.954778: Yayy! New best EMA pseudo Dice: 0.7142999768257141
2025-11-11 04:13:13.254656: 
2025-11-11 04:13:13.254836: Epoch 244
2025-11-11 04:13:13.254949: Current learning rate: 0.00777
2025-11-11 04:15:35.443096: train_loss -0.433
2025-11-11 04:15:35.443344: val_loss -0.4475
2025-11-11 04:15:35.443448: Pseudo dice [np.float32(0.9118), np.float32(0.7695), np.float32(0.5501)]
2025-11-11 04:15:35.443547: Epoch time: 142.19 s
2025-11-11 04:15:35.443626: Yayy! New best EMA pseudo Dice: 0.717199981212616
2025-11-11 04:15:39.172857: 
2025-11-11 04:15:39.173030: Epoch 245
2025-11-11 04:15:39.173144: Current learning rate: 0.00777
2025-11-11 04:18:06.776129: train_loss -0.4428
2025-11-11 04:18:06.776362: val_loss -0.3995
2025-11-11 04:18:06.776466: Pseudo dice [np.float32(0.9242), np.float32(0.7616), np.float32(0.2702)]
2025-11-11 04:18:06.776569: Epoch time: 147.6 s
2025-11-11 04:18:08.901074: 
2025-11-11 04:18:08.901245: Epoch 246
2025-11-11 04:18:08.901354: Current learning rate: 0.00776
2025-11-11 04:20:36.650070: train_loss -0.4276
2025-11-11 04:20:36.650311: val_loss -0.418
2025-11-11 04:20:36.650415: Pseudo dice [np.float32(0.9213), np.float32(0.7445), np.float32(0.5755)]
2025-11-11 04:20:36.650516: Epoch time: 147.75 s
2025-11-11 04:20:40.495627: 
2025-11-11 04:20:40.495847: Epoch 247
2025-11-11 04:20:40.496030: Current learning rate: 0.00775
2025-11-11 04:23:02.067680: train_loss -0.4133
2025-11-11 04:23:02.067947: val_loss -0.4434
2025-11-11 04:23:02.068052: Pseudo dice [np.float32(0.9175), np.float32(0.7628), np.float32(0.3224)]
2025-11-11 04:23:02.068153: Epoch time: 141.57 s
2025-11-11 04:23:05.809453: 
2025-11-11 04:23:05.809644: Epoch 248
2025-11-11 04:23:05.809755: Current learning rate: 0.00774
2025-11-11 04:25:30.367258: train_loss -0.4185
2025-11-11 04:25:30.367511: val_loss -0.4072
2025-11-11 04:25:30.367613: Pseudo dice [np.float32(0.9152), np.float32(0.7637), np.float32(0.1156)]
2025-11-11 04:25:30.367712: Epoch time: 144.56 s
2025-11-11 04:25:34.988193: 
2025-11-11 04:25:34.988387: Epoch 249
2025-11-11 04:25:34.988502: Current learning rate: 0.00773
2025-11-11 04:28:01.337094: train_loss -0.4171
2025-11-11 04:28:01.337357: val_loss -0.4289
2025-11-11 04:28:01.337457: Pseudo dice [np.float32(0.9193), np.float32(0.7565), np.float32(0.2289)]
2025-11-11 04:28:01.337557: Epoch time: 146.35 s
2025-11-11 04:28:05.834359: 
2025-11-11 04:28:05.834562: Epoch 250
2025-11-11 04:28:05.834678: Current learning rate: 0.00772
2025-11-11 04:30:30.824556: train_loss -0.4325
2025-11-11 04:30:30.840129: val_loss -0.4532
2025-11-11 04:30:30.840289: Pseudo dice [np.float32(0.9185), np.float32(0.7594), np.float32(0.5351)]
2025-11-11 04:30:30.840385: Epoch time: 144.99 s
2025-11-11 04:30:35.375737: 
2025-11-11 04:30:35.375950: Epoch 251
2025-11-11 04:30:35.376065: Current learning rate: 0.00771
2025-11-11 04:33:06.185297: train_loss -0.4078
2025-11-11 04:33:06.185542: val_loss -0.4668
2025-11-11 04:33:06.185649: Pseudo dice [np.float32(0.914), np.float32(0.7587), np.float32(0.6216)]
2025-11-11 04:33:06.185752: Epoch time: 150.81 s
2025-11-11 04:33:10.772903: 
2025-11-11 04:33:10.775965: Epoch 252
2025-11-11 04:33:10.776118: Current learning rate: 0.0077
2025-11-11 04:35:35.198297: train_loss -0.4574
2025-11-11 04:35:35.198543: val_loss -0.4967
2025-11-11 04:35:35.198645: Pseudo dice [np.float32(0.9181), np.float32(0.773), np.float32(0.4579)]
2025-11-11 04:35:35.198742: Epoch time: 144.43 s
2025-11-11 04:35:40.084245: 
2025-11-11 04:35:40.084440: Epoch 253
2025-11-11 04:35:40.086818: Current learning rate: 0.00769
2025-11-11 04:38:03.655510: train_loss -0.4812
2025-11-11 04:38:03.655828: val_loss -0.5152
2025-11-11 04:38:03.655935: Pseudo dice [np.float32(0.9175), np.float32(0.7695), np.float32(0.3851)]
2025-11-11 04:38:03.656034: Epoch time: 143.57 s
2025-11-11 04:38:06.540746: 
2025-11-11 04:38:06.540938: Epoch 254
2025-11-11 04:38:06.541050: Current learning rate: 0.00768
2025-11-11 04:40:28.845378: train_loss -0.4975
2025-11-11 04:40:28.845612: val_loss -0.5233
2025-11-11 04:40:28.845716: Pseudo dice [np.float32(0.9218), np.float32(0.7552), np.float32(0.3872)]
2025-11-11 04:40:28.845837: Epoch time: 142.31 s
2025-11-11 04:40:32.490224: 
2025-11-11 04:40:32.490399: Epoch 255
2025-11-11 04:40:32.490514: Current learning rate: 0.00767
2025-11-11 04:43:02.109480: train_loss -0.4949
2025-11-11 04:43:02.109724: val_loss -0.5148
2025-11-11 04:43:02.109834: Pseudo dice [np.float32(0.9248), np.float32(0.7586), np.float32(0.4724)]
2025-11-11 04:43:02.109938: Epoch time: 149.62 s
2025-11-11 04:43:05.441114: 
2025-11-11 04:43:05.441288: Epoch 256
2025-11-11 04:43:05.441406: Current learning rate: 0.00766
2025-11-11 04:45:27.042941: train_loss -0.4987
2025-11-11 04:45:27.043194: val_loss -0.5276
2025-11-11 04:45:27.053928: Pseudo dice [np.float32(0.9186), np.float32(0.7724), np.float32(0.2878)]
2025-11-11 04:45:27.054067: Epoch time: 141.6 s
2025-11-11 04:45:30.742970: 
2025-11-11 04:45:30.743153: Epoch 257
2025-11-11 04:45:30.743270: Current learning rate: 0.00765
2025-11-11 04:48:00.272083: train_loss -0.5001
2025-11-11 04:48:00.272297: val_loss -0.5116
2025-11-11 04:48:00.272397: Pseudo dice [np.float32(0.9126), np.float32(0.768), np.float32(0.5424)]
2025-11-11 04:48:00.272497: Epoch time: 149.53 s
2025-11-11 04:48:04.075356: 
2025-11-11 04:48:04.075536: Epoch 258
2025-11-11 04:48:04.075649: Current learning rate: 0.00764
2025-11-11 04:50:23.193338: train_loss -0.5032
2025-11-11 04:50:23.193594: val_loss -0.5314
2025-11-11 04:50:23.193693: Pseudo dice [np.float32(0.9187), np.float32(0.7751), np.float32(0.4179)]
2025-11-11 04:50:23.193793: Epoch time: 139.12 s
2025-11-11 04:50:25.767885: 
2025-11-11 04:50:25.768067: Epoch 259
2025-11-11 04:50:25.768182: Current learning rate: 0.00764
2025-11-11 04:52:44.677772: train_loss -0.494
2025-11-11 04:52:44.678029: val_loss -0.5161
2025-11-11 04:52:44.678132: Pseudo dice [np.float32(0.9108), np.float32(0.7795), np.float32(0.5234)]
2025-11-11 04:52:44.678230: Epoch time: 138.91 s
2025-11-11 04:52:47.565367: 
2025-11-11 04:52:47.565549: Epoch 260
2025-11-11 04:52:47.565665: Current learning rate: 0.00763
2025-11-11 04:55:02.721222: train_loss -0.4675
2025-11-11 04:55:02.721482: val_loss -0.5133
2025-11-11 04:55:02.721603: Pseudo dice [np.float32(0.9125), np.float32(0.7569), np.float32(0.626)]
2025-11-11 04:55:02.721708: Epoch time: 135.16 s
2025-11-11 04:55:05.966372: 
2025-11-11 04:55:05.966554: Epoch 261
2025-11-11 04:55:05.966673: Current learning rate: 0.00762
2025-11-11 04:57:28.224281: train_loss -0.4908
2025-11-11 04:57:28.224866: val_loss -0.5152
2025-11-11 04:57:28.224981: Pseudo dice [np.float32(0.9101), np.float32(0.7656), np.float32(0.2923)]
2025-11-11 04:57:28.225084: Epoch time: 142.26 s
2025-11-11 04:57:32.354794: 
2025-11-11 04:57:32.354979: Epoch 262
2025-11-11 04:57:32.355093: Current learning rate: 0.00761
2025-11-11 05:00:04.337319: train_loss -0.5047
2025-11-11 05:00:04.337591: val_loss -0.501
2025-11-11 05:00:04.337707: Pseudo dice [np.float32(0.9207), np.float32(0.7661), np.float32(0.4051)]
2025-11-11 05:00:04.337807: Epoch time: 151.98 s
2025-11-11 05:00:08.946727: 
2025-11-11 05:00:08.947015: Epoch 263
2025-11-11 05:00:08.947136: Current learning rate: 0.0076
2025-11-11 05:02:33.521904: train_loss -0.5065
2025-11-11 05:02:33.522161: val_loss -0.5229
2025-11-11 05:02:33.522260: Pseudo dice [np.float32(0.9168), np.float32(0.7653), np.float32(0.4727)]
2025-11-11 05:02:33.531987: Epoch time: 144.58 s
2025-11-11 05:02:37.367718: 
2025-11-11 05:02:37.367937: Epoch 264
2025-11-11 05:02:37.368051: Current learning rate: 0.00759
2025-11-11 05:05:00.029531: train_loss -0.5012
2025-11-11 05:05:00.029781: val_loss -0.5214
2025-11-11 05:05:00.033540: Pseudo dice [np.float32(0.9153), np.float32(0.7764), np.float32(0.5379)]
2025-11-11 05:05:00.033673: Epoch time: 142.66 s
2025-11-11 05:05:03.683819: 
2025-11-11 05:05:03.684018: Epoch 265
2025-11-11 05:05:03.684138: Current learning rate: 0.00758
2025-11-11 05:07:29.913128: train_loss -0.501
2025-11-11 05:07:29.913368: val_loss -0.5221
2025-11-11 05:07:29.913460: Pseudo dice [np.float32(0.9231), np.float32(0.7772), np.float32(0.4511)]
2025-11-11 05:07:29.913551: Epoch time: 146.22 s
2025-11-11 05:07:33.893080: 
2025-11-11 05:07:33.893287: Epoch 266
2025-11-11 05:07:33.893396: Current learning rate: 0.00757
2025-11-11 05:10:04.434094: train_loss -0.4988
2025-11-11 05:10:04.434407: val_loss -0.514
2025-11-11 05:10:04.434514: Pseudo dice [np.float32(0.9068), np.float32(0.7617), np.float32(0.2102)]
2025-11-11 05:10:04.434614: Epoch time: 150.54 s
2025-11-11 05:10:07.808768: 
2025-11-11 05:10:07.808972: Epoch 267
2025-11-11 05:10:07.809089: Current learning rate: 0.00756
2025-11-11 05:12:32.852208: train_loss -0.5026
2025-11-11 05:12:32.852455: val_loss -0.5074
2025-11-11 05:12:32.852559: Pseudo dice [np.float32(0.9173), np.float32(0.7593), np.float32(0.6397)]
2025-11-11 05:12:32.852660: Epoch time: 145.04 s
2025-11-11 05:12:35.525568: 
2025-11-11 05:12:35.525733: Epoch 268
2025-11-11 05:12:35.525852: Current learning rate: 0.00755
2025-11-11 05:15:00.155931: train_loss -0.5694
2025-11-11 05:15:00.156155: val_loss -0.6411
2025-11-11 05:15:00.156256: Pseudo dice [np.float32(0.9124), np.float32(0.7547), np.float32(0.0)]
2025-11-11 05:15:00.156357: Epoch time: 144.63 s
2025-11-11 05:15:02.970027: 
2025-11-11 05:15:02.970284: Epoch 269
2025-11-11 05:15:02.970419: Current learning rate: 0.00754
2025-11-11 05:17:25.185969: train_loss -0.6305
2025-11-11 05:17:25.186222: val_loss -0.6076
2025-11-11 05:17:25.186322: Pseudo dice [np.float32(0.9076), np.float32(0.7568), np.float32(0.0)]
2025-11-11 05:17:25.186419: Epoch time: 142.22 s
2025-11-11 05:17:27.858486: 
2025-11-11 05:17:27.858689: Epoch 270
2025-11-11 05:17:27.858814: Current learning rate: 0.00753
2025-11-11 05:20:01.484885: train_loss -0.6369
2025-11-11 05:20:01.485204: val_loss -0.6326
2025-11-11 05:20:01.485309: Pseudo dice [np.float32(0.9163), np.float32(0.782), np.float32(0.0)]
2025-11-11 05:20:01.485408: Epoch time: 153.63 s
2025-11-11 05:20:05.055218: 
2025-11-11 05:20:05.055488: Epoch 271
2025-11-11 05:20:05.055611: Current learning rate: 0.00752
2025-11-11 05:22:26.170377: train_loss -0.6246
2025-11-11 05:22:26.170608: val_loss -0.6837
2025-11-11 05:22:26.170706: Pseudo dice [np.float32(0.9209), np.float32(0.7771), np.float32(0.0)]
2025-11-11 05:22:26.170812: Epoch time: 141.12 s
2025-11-11 05:22:29.007791: 
2025-11-11 05:22:29.007985: Epoch 272
2025-11-11 05:22:29.008104: Current learning rate: 0.00751
2025-11-11 05:24:47.678935: train_loss -0.6243
2025-11-11 05:24:47.679186: val_loss -0.6432
2025-11-11 05:24:47.679290: Pseudo dice [np.float32(0.9161), np.float32(0.7773), np.float32(0.0)]
2025-11-11 05:24:47.679390: Epoch time: 138.67 s
2025-11-11 05:24:51.488266: 
2025-11-11 05:24:51.488453: Epoch 273
2025-11-11 05:24:51.488568: Current learning rate: 0.00751
2025-11-11 05:27:16.089416: train_loss -0.6357
2025-11-11 05:27:16.089655: val_loss -0.6584
2025-11-11 05:27:16.089786: Pseudo dice [np.float32(0.9163), np.float32(0.7576), np.float32(0.0)]
2025-11-11 05:27:16.089898: Epoch time: 144.6 s
2025-11-11 05:27:18.396894: 
2025-11-11 05:27:18.397074: Epoch 274
2025-11-11 05:27:18.397183: Current learning rate: 0.0075
2025-11-11 05:29:46.672727: train_loss -0.6253
2025-11-11 05:29:46.672983: val_loss -0.6235
2025-11-11 05:29:46.673086: Pseudo dice [np.float32(0.9155), np.float32(0.7705), np.float32(0.0)]
2025-11-11 05:29:46.673184: Epoch time: 148.28 s
2025-11-11 05:29:51.054806: 
2025-11-11 05:29:51.054992: Epoch 275
2025-11-11 05:29:51.055109: Current learning rate: 0.00749
2025-11-11 05:32:10.446376: train_loss -0.6439
2025-11-11 05:32:10.446687: val_loss -0.6584
2025-11-11 05:32:10.446795: Pseudo dice [np.float32(0.9197), np.float32(0.7769), np.float32(0.0)]
2025-11-11 05:32:10.446904: Epoch time: 139.39 s
2025-11-11 05:32:13.699244: 
2025-11-11 05:32:13.699481: Epoch 276
2025-11-11 05:32:13.699616: Current learning rate: 0.00748
2025-11-11 05:34:31.601273: train_loss -0.6326
2025-11-11 05:34:31.601487: val_loss -0.6409
2025-11-11 05:34:31.601589: Pseudo dice [np.float32(0.9159), np.float32(0.783), np.float32(0.0)]
2025-11-11 05:34:31.601689: Epoch time: 137.9 s
2025-11-11 05:34:35.323384: 
2025-11-11 05:34:35.323595: Epoch 277
2025-11-11 05:34:35.323705: Current learning rate: 0.00747
2025-11-11 05:37:03.250228: train_loss -0.6377
2025-11-11 05:37:03.261899: val_loss -0.6397
2025-11-11 05:37:03.262125: Pseudo dice [np.float32(0.9202), np.float32(0.7697), np.float32(0.0)]
2025-11-11 05:37:03.262226: Epoch time: 147.93 s
2025-11-11 05:37:06.660930: 
2025-11-11 05:37:06.661106: Epoch 278
2025-11-11 05:37:06.661222: Current learning rate: 0.00746
2025-11-11 05:39:28.243054: train_loss -0.6281
2025-11-11 05:39:28.247812: val_loss -0.654
2025-11-11 05:39:28.247999: Pseudo dice [np.float32(0.9167), np.float32(0.7706), np.float32(0.0)]
2025-11-11 05:39:28.248096: Epoch time: 141.58 s
2025-11-11 05:39:33.630239: 
2025-11-11 05:39:33.630437: Epoch 279
2025-11-11 05:39:33.630562: Current learning rate: 0.00745
2025-11-11 05:41:55.446186: train_loss -0.64
2025-11-11 05:41:55.446406: val_loss -0.6241
2025-11-11 05:41:55.446508: Pseudo dice [np.float32(0.9157), np.float32(0.7734), np.float32(0.0)]
2025-11-11 05:41:55.452121: Epoch time: 141.82 s
2025-11-11 05:41:59.964970: 
2025-11-11 05:41:59.965155: Epoch 280
2025-11-11 05:41:59.965261: Current learning rate: 0.00744
2025-11-11 05:44:32.522781: train_loss -0.6397
2025-11-11 05:44:32.523037: val_loss -0.6212
2025-11-11 05:44:32.523137: Pseudo dice [np.float32(0.9231), np.float32(0.7754), np.float32(0.0)]
2025-11-11 05:44:32.523236: Epoch time: 152.56 s
2025-11-11 05:44:36.328548: 
2025-11-11 05:44:36.328747: Epoch 281
2025-11-11 05:44:36.328862: Current learning rate: 0.00743
2025-11-11 05:46:53.270740: train_loss -0.6429
2025-11-11 05:46:53.271007: val_loss -0.6331
2025-11-11 05:46:53.271111: Pseudo dice [np.float32(0.9169), np.float32(0.7812), np.float32(0.0)]
2025-11-11 05:46:53.271210: Epoch time: 136.94 s
2025-11-11 05:46:57.128144: 
2025-11-11 05:46:57.128416: Epoch 282
2025-11-11 05:46:57.128559: Current learning rate: 0.00742
2025-11-11 05:49:16.171342: train_loss -0.6409
2025-11-11 05:49:16.171576: val_loss -0.6366
2025-11-11 05:49:16.171674: Pseudo dice [np.float32(0.9165), np.float32(0.7451), np.float32(0.0)]
2025-11-11 05:49:16.171772: Epoch time: 139.04 s
2025-11-11 05:49:20.331343: 
2025-11-11 05:49:20.331542: Epoch 283
2025-11-11 05:49:20.331661: Current learning rate: 0.00741
2025-11-11 05:51:35.748355: train_loss -0.6341
2025-11-11 05:51:35.748617: val_loss -0.6441
2025-11-11 05:51:35.748717: Pseudo dice [np.float32(0.9216), np.float32(0.7851), np.float32(0.0)]
2025-11-11 05:51:35.748827: Epoch time: 135.42 s
2025-11-11 05:51:40.013888: 
2025-11-11 05:51:40.014078: Epoch 284
2025-11-11 05:51:40.014192: Current learning rate: 0.0074
2025-11-11 05:53:53.836483: train_loss -0.6345
2025-11-11 05:53:53.836719: val_loss -0.6301
2025-11-11 05:53:53.836831: Pseudo dice [np.float32(0.915), np.float32(0.7637), np.float32(0.0)]
2025-11-11 05:53:53.836931: Epoch time: 133.82 s
2025-11-11 05:53:57.718811: 
2025-11-11 05:53:57.718996: Epoch 285
2025-11-11 05:53:57.719110: Current learning rate: 0.00739
2025-11-11 05:56:22.035225: train_loss -0.6201
2025-11-11 05:56:22.035476: val_loss -0.6769
2025-11-11 05:56:22.035582: Pseudo dice [np.float32(0.9158), np.float32(0.7813), np.float32(0.0)]
2025-11-11 05:56:22.035758: Epoch time: 144.32 s
2025-11-11 05:56:26.020056: 
2025-11-11 05:56:26.020327: Epoch 286
2025-11-11 05:56:26.020446: Current learning rate: 0.00738
2025-11-11 05:58:44.959213: train_loss -0.6523
2025-11-11 05:58:44.965583: val_loss -0.6902
2025-11-11 05:58:44.965691: Pseudo dice [np.float32(0.9181), np.float32(0.7726), np.float32(0.0)]
2025-11-11 05:58:44.965786: Epoch time: 138.94 s
2025-11-11 05:58:49.632986: 
2025-11-11 05:58:49.633191: Epoch 287
2025-11-11 05:58:49.633307: Current learning rate: 0.00738
2025-11-11 06:01:15.159544: train_loss -0.6662
2025-11-11 06:01:15.159801: val_loss -0.6492
2025-11-11 06:01:15.159914: Pseudo dice [np.float32(0.9212), np.float32(0.7736), np.float32(0.0)]
2025-11-11 06:01:15.160014: Epoch time: 145.53 s
2025-11-11 06:01:18.063775: 
2025-11-11 06:01:18.063976: Epoch 288
2025-11-11 06:01:18.064091: Current learning rate: 0.00737
2025-11-11 06:03:39.051617: train_loss -0.6669
2025-11-11 06:03:39.051880: val_loss -0.6733
2025-11-11 06:03:39.051984: Pseudo dice [np.float32(0.9203), np.float32(0.7699), np.float32(0.0)]
2025-11-11 06:03:39.052084: Epoch time: 140.99 s
2025-11-11 06:03:43.432311: 
2025-11-11 06:03:43.432505: Epoch 289
2025-11-11 06:03:43.432626: Current learning rate: 0.00736
2025-11-11 06:06:07.042290: train_loss -0.6661
2025-11-11 06:06:07.042550: val_loss -0.6544
2025-11-11 06:06:07.042653: Pseudo dice [np.float32(0.9113), np.float32(0.776), np.float32(0.0)]
2025-11-11 06:06:07.042756: Epoch time: 143.61 s
2025-11-11 06:06:11.515838: 
2025-11-11 06:06:11.516009: Epoch 290
2025-11-11 06:06:11.516793: Current learning rate: 0.00735
2025-11-11 06:08:36.998347: train_loss -0.6682
2025-11-11 06:08:36.998675: val_loss -0.7273
2025-11-11 06:08:36.998787: Pseudo dice [np.float32(0.9181), np.float32(0.7711), np.float32(0.0)]
2025-11-11 06:08:36.998894: Epoch time: 145.48 s
2025-11-11 06:08:40.948238: 
2025-11-11 06:08:40.948439: Epoch 291
2025-11-11 06:08:40.948554: Current learning rate: 0.00734
2025-11-11 06:11:07.274424: train_loss -0.6899
2025-11-11 06:11:07.274676: val_loss -0.6785
2025-11-11 06:11:07.274770: Pseudo dice [np.float32(0.9122), np.float32(0.7709), np.float32(0.0)]
2025-11-11 06:11:07.274868: Epoch time: 146.33 s
2025-11-11 06:11:10.247301: 
2025-11-11 06:11:10.247533: Epoch 292
2025-11-11 06:11:10.247648: Current learning rate: 0.00733
2025-11-11 06:13:34.359260: train_loss -0.6586
2025-11-11 06:13:34.359592: val_loss -0.6779
2025-11-11 06:13:34.359697: Pseudo dice [np.float32(0.9117), np.float32(0.7722), np.float32(0.0)]
2025-11-11 06:13:34.359797: Epoch time: 144.11 s
2025-11-11 06:13:38.440228: 
2025-11-11 06:13:38.440428: Epoch 293
2025-11-11 06:13:38.440554: Current learning rate: 0.00732
2025-11-11 06:16:05.895794: train_loss -0.6583
2025-11-11 06:16:05.896019: val_loss -0.6864
2025-11-11 06:16:05.896121: Pseudo dice [np.float32(0.9215), np.float32(0.7774), np.float32(0.0)]
2025-11-11 06:16:05.896220: Epoch time: 147.46 s
2025-11-11 06:16:09.563931: 
2025-11-11 06:16:09.564134: Epoch 294
2025-11-11 06:16:09.564246: Current learning rate: 0.00731
2025-11-11 06:18:39.281558: train_loss -0.6652
2025-11-11 06:18:39.281880: val_loss -0.6755
2025-11-11 06:18:39.281986: Pseudo dice [np.float32(0.9164), np.float32(0.7654), np.float32(0.0)]
2025-11-11 06:18:39.282087: Epoch time: 149.72 s
2025-11-11 06:18:42.644430: 
2025-11-11 06:18:42.644636: Epoch 295
2025-11-11 06:18:42.644749: Current learning rate: 0.0073
2025-11-11 06:21:12.334904: train_loss -0.6832
2025-11-11 06:21:12.335207: val_loss -0.71
2025-11-11 06:21:12.335302: Pseudo dice [np.float32(0.9199), np.float32(0.7748), np.float32(0.0)]
2025-11-11 06:21:12.335394: Epoch time: 149.69 s
2025-11-11 06:21:15.383897: 
2025-11-11 06:21:15.384133: Epoch 296
2025-11-11 06:21:15.384250: Current learning rate: 0.00729
2025-11-11 06:23:34.930580: train_loss -0.6872
2025-11-11 06:23:34.930830: val_loss -0.6546
2025-11-11 06:23:34.930933: Pseudo dice [np.float32(0.9173), np.float32(0.7656), np.float32(0.0)]
2025-11-11 06:23:34.931031: Epoch time: 139.55 s
2025-11-11 06:23:39.036715: 
2025-11-11 06:23:39.036922: Epoch 297
2025-11-11 06:23:39.037033: Current learning rate: 0.00728
2025-11-11 06:26:06.024660: train_loss -0.6626
2025-11-11 06:26:06.024892: val_loss -0.6543
2025-11-11 06:26:06.024985: Pseudo dice [np.float32(0.9228), np.float32(0.7783), np.float32(0.0)]
2025-11-11 06:26:06.025076: Epoch time: 146.99 s
2025-11-11 06:26:09.218592: 
2025-11-11 06:26:09.218790: Epoch 298
2025-11-11 06:26:09.218907: Current learning rate: 0.00727
2025-11-11 06:28:34.279969: train_loss -0.6734
2025-11-11 06:28:34.280189: val_loss -0.7041
2025-11-11 06:28:34.280291: Pseudo dice [np.float32(0.9157), np.float32(0.7462), np.float32(0.0)]
2025-11-11 06:28:34.280388: Epoch time: 145.06 s
2025-11-11 06:28:38.710959: 
2025-11-11 06:28:38.711158: Epoch 299
2025-11-11 06:28:38.711276: Current learning rate: 0.00726
2025-11-11 06:31:04.176271: train_loss -0.658
2025-11-11 06:31:04.176514: val_loss -0.6991
2025-11-11 06:31:04.176615: Pseudo dice [np.float32(0.923), np.float32(0.7665), np.float32(0.0)]
2025-11-11 06:31:04.176713: Epoch time: 145.47 s
2025-11-11 06:31:09.352941: 
2025-11-11 06:31:09.353214: Epoch 300
2025-11-11 06:31:09.353329: Current learning rate: 0.00725
2025-11-11 06:33:34.871188: train_loss -0.6644
2025-11-11 06:33:34.871413: val_loss -0.6653
2025-11-11 06:33:34.871511: Pseudo dice [np.float32(0.9234), np.float32(0.7677), np.float32(0.0)]
2025-11-11 06:33:34.871608: Epoch time: 145.52 s
2025-11-11 06:33:38.928035: 
2025-11-11 06:33:38.928219: Epoch 301
2025-11-11 06:33:38.928334: Current learning rate: 0.00724
2025-11-11 06:36:01.154481: train_loss -0.6646
2025-11-11 06:36:01.154694: val_loss -0.6944
2025-11-11 06:36:01.154795: Pseudo dice [np.float32(0.9167), np.float32(0.7727), np.float32(0.0)]
2025-11-11 06:36:01.154900: Epoch time: 142.23 s
2025-11-11 06:36:05.586675: 
2025-11-11 06:36:05.586873: Epoch 302
2025-11-11 06:36:05.587693: Current learning rate: 0.00724
2025-11-11 06:38:26.442268: train_loss -0.6738
2025-11-11 06:38:26.442525: val_loss -0.673
2025-11-11 06:38:26.442623: Pseudo dice [np.float32(0.9185), np.float32(0.7747), np.float32(0.0)]
2025-11-11 06:38:26.442723: Epoch time: 140.86 s
2025-11-11 06:38:30.640430: 
2025-11-11 06:38:30.640619: Epoch 303
2025-11-11 06:38:30.640736: Current learning rate: 0.00723
2025-11-11 06:40:47.939187: train_loss -0.6732
2025-11-11 06:40:47.939466: val_loss -0.6963
2025-11-11 06:40:47.939574: Pseudo dice [np.float32(0.9223), np.float32(0.7821), np.float32(0.0)]
2025-11-11 06:40:47.939675: Epoch time: 137.3 s
2025-11-11 06:40:51.880321: 
2025-11-11 06:40:51.880520: Epoch 304
2025-11-11 06:40:51.880633: Current learning rate: 0.00722
2025-11-11 06:43:20.980085: train_loss -0.66
2025-11-11 06:43:20.980339: val_loss -0.6968
2025-11-11 06:43:20.980441: Pseudo dice [np.float32(0.9166), np.float32(0.7768), np.float32(0.0)]
2025-11-11 06:43:20.980540: Epoch time: 149.1 s
2025-11-11 06:43:24.962854: 
2025-11-11 06:43:24.963048: Epoch 305
2025-11-11 06:43:24.963166: Current learning rate: 0.00721
2025-11-11 06:45:51.151486: train_loss -0.6804
2025-11-11 06:45:51.151729: val_loss -0.6874
2025-11-11 06:45:51.151839: Pseudo dice [np.float32(0.9293), np.float32(0.7544), np.float32(0.0)]
2025-11-11 06:45:51.151942: Epoch time: 146.19 s
2025-11-11 06:45:54.741745: 
2025-11-11 06:45:54.741933: Epoch 306
2025-11-11 06:45:54.742050: Current learning rate: 0.0072
2025-11-11 06:48:28.201113: train_loss -0.6773
2025-11-11 06:48:28.205025: val_loss -0.7007
2025-11-11 06:48:28.205159: Pseudo dice [np.float32(0.915), np.float32(0.7752), np.float32(0.0)]
2025-11-11 06:48:28.205252: Epoch time: 153.46 s
2025-11-11 06:48:32.687955: 
2025-11-11 06:48:32.688148: Epoch 307
2025-11-11 06:48:32.688259: Current learning rate: 0.00719
2025-11-11 06:51:04.404589: train_loss -0.6589
2025-11-11 06:51:04.404858: val_loss -0.7138
2025-11-11 06:51:04.404954: Pseudo dice [np.float32(0.9217), np.float32(0.7581), np.float32(0.0)]
2025-11-11 06:51:04.405048: Epoch time: 151.7 s
2025-11-11 06:51:07.508224: 
2025-11-11 06:51:07.508411: Epoch 308
2025-11-11 06:51:07.508527: Current learning rate: 0.00718
2025-11-11 06:53:32.922019: train_loss -0.6775
2025-11-11 06:53:32.922251: val_loss -0.6855
2025-11-11 06:53:32.922353: Pseudo dice [np.float32(0.9255), np.float32(0.7671), np.float32(0.0)]
2025-11-11 06:53:32.922451: Epoch time: 145.41 s
2025-11-11 06:53:35.924905: 
2025-11-11 06:53:35.925089: Epoch 309
2025-11-11 06:53:35.925206: Current learning rate: 0.00717
2025-11-11 06:56:03.446208: train_loss -0.6756
2025-11-11 06:56:03.446452: val_loss -0.7227
2025-11-11 06:56:03.446559: Pseudo dice [np.float32(0.915), np.float32(0.7785), np.float32(0.0)]
2025-11-11 06:56:03.446660: Epoch time: 147.52 s
2025-11-11 06:56:07.354842: 
2025-11-11 06:56:07.355058: Epoch 310
2025-11-11 06:56:07.355175: Current learning rate: 0.00716
2025-11-11 06:58:41.332251: train_loss -0.6542
2025-11-11 06:58:41.332500: val_loss -0.6845
2025-11-11 06:58:41.332600: Pseudo dice [np.float32(0.9121), np.float32(0.7707), np.float32(0.0)]
2025-11-11 06:58:41.340909: Epoch time: 153.98 s
2025-11-11 06:58:44.040215: 
2025-11-11 06:58:44.040421: Epoch 311
2025-11-11 06:58:44.040535: Current learning rate: 0.00715
2025-11-11 07:01:11.028511: train_loss -0.6701
2025-11-11 07:01:11.028762: val_loss -0.6937
2025-11-11 07:01:11.028877: Pseudo dice [np.float32(0.9206), np.float32(0.7771), np.float32(0.0)]
2025-11-11 07:01:11.028978: Epoch time: 146.99 s
2025-11-11 07:01:14.356149: 
2025-11-11 07:01:14.356384: Epoch 312
2025-11-11 07:01:14.356513: Current learning rate: 0.00714
2025-11-11 07:03:36.987646: train_loss -0.6725
2025-11-11 07:03:36.987891: val_loss -0.6578
2025-11-11 07:03:36.987994: Pseudo dice [np.float32(0.9129), np.float32(0.7787), np.float32(0.0)]
2025-11-11 07:03:36.988093: Epoch time: 142.63 s
2025-11-11 07:03:40.161715: 
2025-11-11 07:03:40.161914: Epoch 313
2025-11-11 07:03:40.162030: Current learning rate: 0.00713
2025-11-11 07:06:03.345298: train_loss -0.6494
2025-11-11 07:06:03.345559: val_loss -0.7059
2025-11-11 07:06:03.345660: Pseudo dice [np.float32(0.9198), np.float32(0.7788), np.float32(0.0)]
2025-11-11 07:06:03.345759: Epoch time: 143.18 s
2025-11-11 07:06:07.579042: 
2025-11-11 07:06:07.579243: Epoch 314
2025-11-11 07:06:07.579357: Current learning rate: 0.00712
2025-11-11 07:08:32.758167: train_loss -0.6679
2025-11-11 07:08:32.758440: val_loss -0.6855
2025-11-11 07:08:32.758542: Pseudo dice [np.float32(0.919), np.float32(0.7655), np.float32(0.0)]
2025-11-11 07:08:32.758642: Epoch time: 145.18 s
2025-11-11 07:08:37.559306: 
2025-11-11 07:08:37.559522: Epoch 315
2025-11-11 07:08:37.559639: Current learning rate: 0.00711
2025-11-11 07:11:02.266048: train_loss -0.6753
2025-11-11 07:11:02.266280: val_loss -0.699
2025-11-11 07:11:02.266382: Pseudo dice [np.float32(0.916), np.float32(0.7661), np.float32(0.0)]
2025-11-11 07:11:02.266482: Epoch time: 144.71 s
2025-11-11 07:11:05.397672: 
2025-11-11 07:11:05.397948: Epoch 316
2025-11-11 07:11:05.398060: Current learning rate: 0.0071
2025-11-11 07:13:36.252824: train_loss -0.6512
2025-11-11 07:13:36.253076: val_loss -0.6947
2025-11-11 07:13:36.253179: Pseudo dice [np.float32(0.9282), np.float32(0.7799), np.float32(0.0)]
2025-11-11 07:13:36.253278: Epoch time: 150.86 s
2025-11-11 07:13:40.020376: 
2025-11-11 07:13:40.020561: Epoch 317
2025-11-11 07:13:40.020673: Current learning rate: 0.0071
2025-11-11 07:16:04.306140: train_loss -0.6596
2025-11-11 07:16:04.306406: val_loss -0.6739
2025-11-11 07:16:04.306530: Pseudo dice [np.float32(0.9238), np.float32(0.7799), np.float32(0.0)]
2025-11-11 07:16:04.306621: Epoch time: 144.29 s
2025-11-11 07:16:07.974042: 
2025-11-11 07:16:07.974259: Epoch 318
2025-11-11 07:16:07.974399: Current learning rate: 0.00709
2025-11-11 07:18:35.624933: train_loss -0.6546
2025-11-11 07:18:35.625171: val_loss -0.7116
2025-11-11 07:18:35.625272: Pseudo dice [np.float32(0.9171), np.float32(0.7731), np.float32(0.0)]
2025-11-11 07:18:35.625374: Epoch time: 147.65 s
2025-11-11 07:18:39.685043: 
2025-11-11 07:18:39.685232: Epoch 319
2025-11-11 07:18:39.685348: Current learning rate: 0.00708
2025-11-11 07:21:05.702114: train_loss -0.6727
2025-11-11 07:21:05.702424: val_loss -0.7005
2025-11-11 07:21:05.702532: Pseudo dice [np.float32(0.9212), np.float32(0.7682), np.float32(0.0)]
2025-11-11 07:21:05.702631: Epoch time: 146.02 s
2025-11-11 07:21:08.975824: 
2025-11-11 07:21:08.976022: Epoch 320
2025-11-11 07:21:08.976141: Current learning rate: 0.00707
2025-11-11 07:23:40.083300: train_loss -0.6616
2025-11-11 07:23:40.083595: val_loss -0.6619
2025-11-11 07:23:40.083696: Pseudo dice [np.float32(0.9277), np.float32(0.7542), np.float32(0.0)]
2025-11-11 07:23:40.083794: Epoch time: 151.11 s
2025-11-11 07:23:44.092344: 
2025-11-11 07:23:44.092529: Epoch 321
2025-11-11 07:23:44.092649: Current learning rate: 0.00706
2025-11-11 07:26:21.326506: train_loss -0.6567
2025-11-11 07:26:21.326761: val_loss -0.6965
2025-11-11 07:26:21.326859: Pseudo dice [np.float32(0.9247), np.float32(0.7653), np.float32(0.0)]
2025-11-11 07:26:21.326954: Epoch time: 157.24 s
2025-11-11 07:26:25.227268: 
2025-11-11 07:26:25.227454: Epoch 322
2025-11-11 07:26:25.227569: Current learning rate: 0.00705
2025-11-11 07:28:58.680629: train_loss -0.6638
2025-11-11 07:28:58.680917: val_loss -0.6789
2025-11-11 07:28:58.686474: Pseudo dice [np.float32(0.9214), np.float32(0.7808), np.float32(0.0)]
2025-11-11 07:28:58.686652: Epoch time: 153.45 s
2025-11-11 07:29:02.980361: 
2025-11-11 07:29:02.980555: Epoch 323
2025-11-11 07:29:02.980671: Current learning rate: 0.00704
2025-11-11 07:31:35.256996: train_loss -0.6648
2025-11-11 07:31:35.257339: val_loss -0.6771
2025-11-11 07:31:35.257445: Pseudo dice [np.float32(0.9195), np.float32(0.7702), np.float32(0.0)]
2025-11-11 07:31:35.257545: Epoch time: 152.28 s
2025-11-11 07:31:38.404168: 
2025-11-11 07:31:38.404346: Epoch 324
2025-11-11 07:31:38.404453: Current learning rate: 0.00703
2025-11-11 07:34:05.805401: train_loss -0.6727
2025-11-11 07:34:05.805651: val_loss -0.6825
2025-11-11 07:34:05.805751: Pseudo dice [np.float32(0.9151), np.float32(0.7686), np.float32(0.0)]
2025-11-11 07:34:05.805861: Epoch time: 147.4 s
2025-11-11 07:34:08.931622: 
2025-11-11 07:34:08.931799: Epoch 325
2025-11-11 07:34:08.931919: Current learning rate: 0.00702
2025-11-11 07:36:38.810381: train_loss -0.6766
2025-11-11 07:36:38.810636: val_loss -0.6932
2025-11-11 07:36:38.810736: Pseudo dice [np.float32(0.9239), np.float32(0.7643), np.float32(0.0)]
2025-11-11 07:36:38.810843: Epoch time: 149.88 s
2025-11-11 07:36:44.189879: 
2025-11-11 07:36:44.190094: Epoch 326
2025-11-11 07:36:44.190207: Current learning rate: 0.00701
2025-11-11 07:39:10.901574: train_loss -0.6751
2025-11-11 07:39:10.901800: val_loss -0.6846
2025-11-11 07:39:10.901905: Pseudo dice [np.float32(0.9176), np.float32(0.7802), np.float32(0.0)]
2025-11-11 07:39:10.901998: Epoch time: 146.71 s
2025-11-11 07:39:13.911140: 
2025-11-11 07:39:13.911339: Epoch 327
2025-11-11 07:39:13.911455: Current learning rate: 0.007
2025-11-11 07:41:41.235039: train_loss -0.6719
2025-11-11 07:41:41.235252: val_loss -0.6803
2025-11-11 07:41:41.251930: Pseudo dice [np.float32(0.9313), np.float32(0.7746), np.float32(0.0)]
2025-11-11 07:41:41.252089: Epoch time: 147.32 s
2025-11-11 07:41:45.963377: 
2025-11-11 07:41:45.963587: Epoch 328
2025-11-11 07:41:45.963703: Current learning rate: 0.00699
2025-11-11 07:44:09.113964: train_loss -0.6864
2025-11-11 07:44:09.114213: val_loss -0.6903
2025-11-11 07:44:09.114318: Pseudo dice [np.float32(0.9187), np.float32(0.7689), np.float32(0.0)]
2025-11-11 07:44:09.114417: Epoch time: 143.15 s
2025-11-11 07:44:13.105835: 
2025-11-11 07:44:13.106033: Epoch 329
2025-11-11 07:44:13.110925: Current learning rate: 0.00698
2025-11-11 07:46:37.920229: train_loss -0.6863
2025-11-11 07:46:37.920460: val_loss -0.6793
2025-11-11 07:46:37.920559: Pseudo dice [np.float32(0.9171), np.float32(0.7827), np.float32(0.0)]
2025-11-11 07:46:37.920656: Epoch time: 144.82 s
2025-11-11 07:46:41.004007: 
2025-11-11 07:46:41.004204: Epoch 330
2025-11-11 07:46:41.004319: Current learning rate: 0.00697
2025-11-11 07:49:06.878152: train_loss -0.6784
2025-11-11 07:49:06.878373: val_loss -0.7136
2025-11-11 07:49:06.896233: Pseudo dice [np.float32(0.9267), np.float32(0.7793), np.float32(0.0)]
2025-11-11 07:49:06.896450: Epoch time: 145.88 s
2025-11-11 07:49:10.878998: 
2025-11-11 07:49:10.879198: Epoch 331
2025-11-11 07:49:10.879310: Current learning rate: 0.00696
2025-11-11 07:51:42.514526: train_loss -0.6741
2025-11-11 07:51:42.514779: val_loss -0.6711
2025-11-11 07:51:42.514881: Pseudo dice [np.float32(0.9254), np.float32(0.7772), np.float32(0.0)]
2025-11-11 07:51:42.514972: Epoch time: 151.64 s
2025-11-11 07:51:46.760134: 
2025-11-11 07:51:46.760391: Epoch 332
2025-11-11 07:51:46.760507: Current learning rate: 0.00696
2025-11-11 07:54:11.829171: train_loss -0.668
2025-11-11 07:54:11.829420: val_loss -0.716
2025-11-11 07:54:11.829520: Pseudo dice [np.float32(0.9139), np.float32(0.7776), np.float32(0.0)]
2025-11-11 07:54:11.829619: Epoch time: 145.07 s
2025-11-11 07:54:15.328340: 
2025-11-11 07:54:15.328603: Epoch 333
2025-11-11 07:54:15.328720: Current learning rate: 0.00695
2025-11-11 07:56:46.528345: train_loss -0.6762
2025-11-11 07:56:46.528604: val_loss -0.7024
2025-11-11 07:56:46.528708: Pseudo dice [np.float32(0.9239), np.float32(0.7704), np.float32(0.0)]
2025-11-11 07:56:46.528813: Epoch time: 151.2 s
2025-11-11 07:56:49.775043: 
2025-11-11 07:56:49.775289: Epoch 334
2025-11-11 07:56:49.775406: Current learning rate: 0.00694
2025-11-11 07:59:18.778191: train_loss -0.6609
2025-11-11 07:59:18.778512: val_loss -0.7148
2025-11-11 07:59:18.778618: Pseudo dice [np.float32(0.9255), np.float32(0.7827), np.float32(0.0)]
2025-11-11 07:59:18.778718: Epoch time: 149.0 s
2025-11-11 07:59:21.564739: 
2025-11-11 07:59:21.564994: Epoch 335
2025-11-11 07:59:21.565107: Current learning rate: 0.00693
2025-11-11 08:01:49.784741: train_loss -0.6709
2025-11-11 08:01:49.784992: val_loss -0.6913
2025-11-11 08:01:49.785095: Pseudo dice [np.float32(0.9158), np.float32(0.7722), np.float32(0.0)]
2025-11-11 08:01:49.785194: Epoch time: 148.22 s
2025-11-11 08:01:53.471954: 
2025-11-11 08:01:53.472153: Epoch 336
2025-11-11 08:01:53.472270: Current learning rate: 0.00692
2025-11-11 08:04:18.648248: train_loss -0.6736
2025-11-11 08:04:18.648486: val_loss -0.6992
2025-11-11 08:04:18.648588: Pseudo dice [np.float32(0.9184), np.float32(0.77), np.float32(0.0)]
2025-11-11 08:04:18.648686: Epoch time: 145.18 s
2025-11-11 08:04:21.599815: 
2025-11-11 08:04:21.599999: Epoch 337
2025-11-11 08:04:21.600118: Current learning rate: 0.00691
2025-11-11 08:06:49.318996: train_loss -0.6622
2025-11-11 08:06:49.319246: val_loss -0.6698
2025-11-11 08:06:49.319350: Pseudo dice [np.float32(0.9116), np.float32(0.7727), np.float32(0.0)]
2025-11-11 08:06:49.319449: Epoch time: 147.72 s
2025-11-11 08:06:53.614749: 
2025-11-11 08:06:53.614936: Epoch 338
2025-11-11 08:06:53.615052: Current learning rate: 0.0069
2025-11-11 08:09:10.800406: train_loss -0.6706
2025-11-11 08:09:10.802243: val_loss -0.6823
2025-11-11 08:09:10.802372: Pseudo dice [np.float32(0.9234), np.float32(0.7662), np.float32(0.0)]
2025-11-11 08:09:10.802464: Epoch time: 137.19 s
2025-11-11 08:09:13.557211: 
2025-11-11 08:09:13.557386: Epoch 339
2025-11-11 08:09:13.557498: Current learning rate: 0.00689
2025-11-11 08:11:43.808169: train_loss -0.6721
2025-11-11 08:11:43.808387: val_loss -0.6936
2025-11-11 08:11:43.808476: Pseudo dice [np.float32(0.9169), np.float32(0.7652), np.float32(0.0)]
2025-11-11 08:11:43.808568: Epoch time: 150.25 s
2025-11-11 08:11:46.538265: 
2025-11-11 08:11:46.538501: Epoch 340
2025-11-11 08:11:46.538616: Current learning rate: 0.00688
2025-11-11 08:14:13.206883: train_loss -0.6712
2025-11-11 08:14:13.207128: val_loss -0.6715
2025-11-11 08:14:13.207226: Pseudo dice [np.float32(0.9205), np.float32(0.7776), np.float32(0.0)]
2025-11-11 08:14:13.207323: Epoch time: 146.67 s
2025-11-11 08:14:18.253081: 
2025-11-11 08:14:18.253293: Epoch 341
2025-11-11 08:14:18.253409: Current learning rate: 0.00687
2025-11-11 08:16:51.130869: train_loss -0.6737
2025-11-11 08:16:51.131108: val_loss -0.6314
2025-11-11 08:16:51.131208: Pseudo dice [np.float32(0.9173), np.float32(0.7737), np.float32(0.0)]
2025-11-11 08:16:51.131303: Epoch time: 152.88 s
2025-11-11 08:16:54.205978: 
2025-11-11 08:16:54.206191: Epoch 342
2025-11-11 08:16:54.206299: Current learning rate: 0.00686
2025-11-11 08:19:24.672901: train_loss -0.6659
2025-11-11 08:19:24.673108: val_loss -0.6783
2025-11-11 08:19:24.673208: Pseudo dice [np.float32(0.9234), np.float32(0.7672), np.float32(0.0)]
2025-11-11 08:19:24.673305: Epoch time: 150.47 s
2025-11-11 08:19:28.202560: 
2025-11-11 08:19:28.202760: Epoch 343
2025-11-11 08:19:28.202874: Current learning rate: 0.00685
2025-11-11 08:22:00.506022: train_loss -0.6683
2025-11-11 08:22:00.506312: val_loss -0.6847
2025-11-11 08:22:00.506413: Pseudo dice [np.float32(0.92), np.float32(0.7699), np.float32(0.0)]
2025-11-11 08:22:00.506508: Epoch time: 152.3 s
2025-11-11 08:22:03.456918: 
2025-11-11 08:22:03.457187: Epoch 344
2025-11-11 08:22:03.457293: Current learning rate: 0.00684
2025-11-11 08:24:36.202815: train_loss -0.6701
2025-11-11 08:24:36.203058: val_loss -0.6761
2025-11-11 08:24:36.203156: Pseudo dice [np.float32(0.9136), np.float32(0.7768), np.float32(0.0)]
2025-11-11 08:24:36.203252: Epoch time: 152.75 s
2025-11-11 08:24:39.134370: 
2025-11-11 08:24:39.134572: Epoch 345
2025-11-11 08:24:39.134681: Current learning rate: 0.00683
2025-11-11 08:27:06.791054: train_loss -0.6661
2025-11-11 08:27:06.791302: val_loss -0.6941
2025-11-11 08:27:06.791399: Pseudo dice [np.float32(0.9193), np.float32(0.7844), np.float32(0.0)]
2025-11-11 08:27:06.791497: Epoch time: 147.66 s
2025-11-11 08:27:10.428512: 
2025-11-11 08:27:10.428696: Epoch 346
2025-11-11 08:27:10.428829: Current learning rate: 0.00682
2025-11-11 08:29:34.210036: train_loss -0.6724
2025-11-11 08:29:34.210247: val_loss -0.6658
2025-11-11 08:29:34.210346: Pseudo dice [np.float32(0.9177), np.float32(0.7771), np.float32(0.0)]
2025-11-11 08:29:34.210443: Epoch time: 143.78 s
2025-11-11 08:29:37.899479: 
2025-11-11 08:29:37.899671: Epoch 347
2025-11-11 08:29:37.899790: Current learning rate: 0.00681
2025-11-11 08:32:03.717226: train_loss -0.6883
2025-11-11 08:32:03.717484: val_loss -0.6713
2025-11-11 08:32:03.717585: Pseudo dice [np.float32(0.9319), np.float32(0.7829), np.float32(0.0)]
2025-11-11 08:32:03.717682: Epoch time: 145.82 s
2025-11-11 08:32:06.929931: 
2025-11-11 08:32:06.930120: Epoch 348
2025-11-11 08:32:06.930226: Current learning rate: 0.0068
2025-11-11 08:34:38.645191: train_loss -0.6705
2025-11-11 08:34:38.645442: val_loss -0.6876
2025-11-11 08:34:38.645540: Pseudo dice [np.float32(0.9277), np.float32(0.77), np.float32(0.0)]
2025-11-11 08:34:38.645635: Epoch time: 151.72 s
2025-11-11 08:34:41.558878: 
2025-11-11 08:34:41.559070: Epoch 349
2025-11-11 08:34:41.559186: Current learning rate: 0.0068
2025-11-11 08:37:11.286173: train_loss -0.669
2025-11-11 08:37:11.286414: val_loss -0.6806
2025-11-11 08:37:11.286506: Pseudo dice [np.float32(0.9205), np.float32(0.7721), np.float32(0.0)]
2025-11-11 08:37:11.286593: Epoch time: 149.73 s
2025-11-11 08:37:14.485662: 
2025-11-11 08:37:14.485858: Epoch 350
2025-11-11 08:37:14.485976: Current learning rate: 0.00679
2025-11-11 08:39:43.191499: train_loss -0.676
2025-11-11 08:39:43.191742: val_loss -0.6892
2025-11-11 08:39:43.209180: Pseudo dice [np.float32(0.9095), np.float32(0.7717), np.float32(0.0)]
2025-11-11 08:39:43.209301: Epoch time: 148.71 s
2025-11-11 08:39:47.831276: 
2025-11-11 08:39:47.831459: Epoch 351
2025-11-11 08:39:47.831572: Current learning rate: 0.00678
2025-11-11 08:42:13.032259: train_loss -0.6731
2025-11-11 08:42:13.032505: val_loss -0.6644
2025-11-11 08:42:13.032605: Pseudo dice [np.float32(0.9196), np.float32(0.7765), np.float32(0.0)]
2025-11-11 08:42:13.032700: Epoch time: 145.2 s
2025-11-11 08:42:15.754828: 
2025-11-11 08:42:15.755007: Epoch 352
2025-11-11 08:42:15.755112: Current learning rate: 0.00677
2025-11-11 08:44:45.190195: train_loss -0.6663
2025-11-11 08:44:45.190441: val_loss -0.7063
2025-11-11 08:44:45.190544: Pseudo dice [np.float32(0.9215), np.float32(0.7867), np.float32(0.0)]
2025-11-11 08:44:45.190640: Epoch time: 149.44 s
2025-11-11 08:44:48.077401: 
2025-11-11 08:44:48.077589: Epoch 353
2025-11-11 08:44:48.077707: Current learning rate: 0.00676
2025-11-11 08:47:22.097256: train_loss -0.6809
2025-11-11 08:47:22.097551: val_loss -0.6941
2025-11-11 08:47:22.097653: Pseudo dice [np.float32(0.9253), np.float32(0.7713), np.float32(0.0)]
2025-11-11 08:47:22.097749: Epoch time: 154.02 s
2025-11-11 08:47:25.427033: 
2025-11-11 08:47:25.427219: Epoch 354
2025-11-11 08:47:25.427332: Current learning rate: 0.00675
2025-11-11 08:49:56.007158: train_loss -0.6558
2025-11-11 08:49:56.007390: val_loss -0.6779
2025-11-11 08:49:56.007491: Pseudo dice [np.float32(0.9226), np.float32(0.7823), np.float32(0.0)]
2025-11-11 08:49:56.018017: Epoch time: 150.58 s
2025-11-11 08:49:58.970455: 
2025-11-11 08:49:58.970630: Epoch 355
2025-11-11 08:49:58.970746: Current learning rate: 0.00674
2025-11-11 08:52:30.116873: train_loss -0.6728
2025-11-11 08:52:30.117127: val_loss -0.7177
2025-11-11 08:52:30.117226: Pseudo dice [np.float32(0.9288), np.float32(0.7633), np.float32(0.0)]
2025-11-11 08:52:30.117324: Epoch time: 151.15 s
2025-11-11 08:52:34.950643: 
2025-11-11 08:52:34.950969: Epoch 356
2025-11-11 08:52:34.951088: Current learning rate: 0.00673
2025-11-11 08:54:51.181005: train_loss -0.6771
2025-11-11 08:54:51.181250: val_loss -0.7075
2025-11-11 08:54:51.181351: Pseudo dice [np.float32(0.9213), np.float32(0.7915), np.float32(0.0)]
2025-11-11 08:54:51.181448: Epoch time: 136.23 s
2025-11-11 08:54:54.952737: 
2025-11-11 08:54:54.952949: Epoch 357
2025-11-11 08:54:54.953068: Current learning rate: 0.00672
2025-11-11 08:57:17.142307: train_loss -0.6667
2025-11-11 08:57:17.142552: val_loss -0.6723
2025-11-11 08:57:17.142652: Pseudo dice [np.float32(0.922), np.float32(0.7835), np.float32(0.0)]
2025-11-11 08:57:17.142750: Epoch time: 142.19 s
2025-11-11 08:57:20.190262: 
2025-11-11 08:57:20.190461: Epoch 358
2025-11-11 08:57:20.190578: Current learning rate: 0.00671
2025-11-11 08:59:48.383460: train_loss -0.6838
2025-11-11 08:59:48.383770: val_loss -0.6895
2025-11-11 08:59:48.383884: Pseudo dice [np.float32(0.9188), np.float32(0.7751), np.float32(0.0)]
2025-11-11 08:59:48.383983: Epoch time: 148.19 s
2025-11-11 08:59:52.090708: 
2025-11-11 08:59:52.090905: Epoch 359
2025-11-11 08:59:52.091018: Current learning rate: 0.0067
2025-11-11 09:02:15.999023: train_loss -0.6591
2025-11-11 09:02:16.009842: val_loss -0.7005
2025-11-11 09:02:16.009969: Pseudo dice [np.float32(0.9194), np.float32(0.7887), np.float32(0.0)]
2025-11-11 09:02:16.010062: Epoch time: 143.91 s
2025-11-11 09:02:19.414843: 
2025-11-11 09:02:19.415046: Epoch 360
2025-11-11 09:02:19.415163: Current learning rate: 0.00669
2025-11-11 09:04:42.975575: train_loss -0.6803
2025-11-11 09:04:42.975831: val_loss -0.6613
2025-11-11 09:04:42.975934: Pseudo dice [np.float32(0.929), np.float32(0.7738), np.float32(0.0)]
2025-11-11 09:04:42.976030: Epoch time: 143.56 s
2025-11-11 09:04:46.694444: 
2025-11-11 09:04:46.694628: Epoch 361
2025-11-11 09:04:46.694741: Current learning rate: 0.00668
2025-11-11 09:07:17.737496: train_loss -0.6732
2025-11-11 09:07:17.737740: val_loss -0.6722
2025-11-11 09:07:17.737845: Pseudo dice [np.float32(0.9231), np.float32(0.7523), np.float32(0.0)]
2025-11-11 09:07:17.737942: Epoch time: 151.04 s
2025-11-11 09:07:21.311370: 
2025-11-11 09:07:21.311571: Epoch 362
2025-11-11 09:07:21.311684: Current learning rate: 0.00667
2025-11-11 09:10:02.581468: train_loss -0.6833
2025-11-11 09:10:02.581719: val_loss -0.6736
2025-11-11 09:10:02.581824: Pseudo dice [np.float32(0.9189), np.float32(0.7784), np.float32(0.0)]
2025-11-11 09:10:02.581925: Epoch time: 161.27 s
2025-11-11 09:10:05.619119: 
2025-11-11 09:10:05.619332: Epoch 363
2025-11-11 09:10:05.619447: Current learning rate: 0.00666
2025-11-11 09:12:35.231317: train_loss -0.6805
2025-11-11 09:12:35.231556: val_loss -0.7028
2025-11-11 09:12:35.231654: Pseudo dice [np.float32(0.9312), np.float32(0.7834), np.float32(0.0)]
2025-11-11 09:12:35.231750: Epoch time: 149.61 s
2025-11-11 09:12:38.074816: 
2025-11-11 09:12:38.075014: Epoch 364
2025-11-11 09:12:38.075132: Current learning rate: 0.00665
2025-11-11 09:15:05.035194: train_loss -0.6822
2025-11-11 09:15:05.039768: val_loss -0.6942
2025-11-11 09:15:05.039906: Pseudo dice [np.float32(0.9234), np.float32(0.7841), np.float32(0.0)]
2025-11-11 09:15:05.039999: Epoch time: 146.96 s
2025-11-11 09:15:08.213515: 
2025-11-11 09:15:08.213691: Epoch 365
2025-11-11 09:15:08.213810: Current learning rate: 0.00665
2025-11-11 09:17:37.465155: train_loss -0.682
2025-11-11 09:17:37.465398: val_loss -0.6899
2025-11-11 09:17:37.465495: Pseudo dice [np.float32(0.9165), np.float32(0.7765), np.float32(0.0)]
2025-11-11 09:17:37.465592: Epoch time: 149.25 s
2025-11-11 09:17:40.678787: 
2025-11-11 09:17:40.678967: Epoch 366
2025-11-11 09:17:40.679079: Current learning rate: 0.00664
2025-11-11 09:20:05.239295: train_loss -0.6709
2025-11-11 09:20:05.239542: val_loss -0.6584
2025-11-11 09:20:05.239640: Pseudo dice [np.float32(0.9239), np.float32(0.7761), np.float32(0.0)]
2025-11-11 09:20:05.245886: Epoch time: 144.56 s
2025-11-11 09:20:07.881019: 
2025-11-11 09:20:07.881185: Epoch 367
2025-11-11 09:20:07.881290: Current learning rate: 0.00663
2025-11-11 09:22:36.185545: train_loss -0.6728
2025-11-11 09:22:36.185785: val_loss -0.6666
2025-11-11 09:22:36.185882: Pseudo dice [np.float32(0.921), np.float32(0.7864), np.float32(0.0)]
2025-11-11 09:22:36.185971: Epoch time: 148.31 s
2025-11-11 09:22:40.020215: 
2025-11-11 09:22:40.020393: Epoch 368
2025-11-11 09:22:40.020505: Current learning rate: 0.00662
2025-11-11 09:25:01.791379: train_loss -0.6664
2025-11-11 09:25:01.791583: val_loss -0.7119
2025-11-11 09:25:01.791685: Pseudo dice [np.float32(0.9158), np.float32(0.7829), np.float32(0.0)]
2025-11-11 09:25:01.791782: Epoch time: 141.77 s
2025-11-11 09:25:05.561375: 
2025-11-11 09:25:05.561548: Epoch 369
2025-11-11 09:25:05.561656: Current learning rate: 0.00661
2025-11-11 09:27:34.853633: train_loss -0.6814
2025-11-11 09:27:34.853885: val_loss -0.6996
2025-11-11 09:27:34.853987: Pseudo dice [np.float32(0.9188), np.float32(0.7793), np.float32(0.0)]
2025-11-11 09:27:34.854084: Epoch time: 149.29 s
2025-11-11 09:27:37.840155: 
2025-11-11 09:27:37.840325: Epoch 370
2025-11-11 09:27:37.840437: Current learning rate: 0.0066
2025-11-11 09:30:02.709402: train_loss -0.6708
2025-11-11 09:30:02.709659: val_loss -0.6692
2025-11-11 09:30:02.709759: Pseudo dice [np.float32(0.9206), np.float32(0.7828), np.float32(0.0)]
2025-11-11 09:30:02.709868: Epoch time: 144.87 s
2025-11-11 09:30:07.643289: 
2025-11-11 09:30:07.643583: Epoch 371
2025-11-11 09:30:07.643707: Current learning rate: 0.00659
2025-11-11 09:32:36.863079: train_loss -0.6776
2025-11-11 09:32:36.863336: val_loss -0.6847
2025-11-11 09:32:36.863436: Pseudo dice [np.float32(0.9193), np.float32(0.7676), np.float32(0.0)]
2025-11-11 09:32:36.863533: Epoch time: 149.22 s
2025-11-11 09:32:39.771267: 
2025-11-11 09:32:39.771483: Epoch 372
2025-11-11 09:32:39.771591: Current learning rate: 0.00658
2025-11-11 09:35:05.913451: train_loss -0.6736
2025-11-11 09:35:05.913698: val_loss -0.7085
2025-11-11 09:35:05.913796: Pseudo dice [np.float32(0.919), np.float32(0.7768), np.float32(0.0)]
2025-11-11 09:35:05.913902: Epoch time: 146.14 s
2025-11-11 09:35:09.156137: 
2025-11-11 09:35:09.156335: Epoch 373
2025-11-11 09:35:09.156452: Current learning rate: 0.00657
2025-11-11 09:37:29.167125: train_loss -0.6646
2025-11-11 09:37:29.167363: val_loss -0.7082
2025-11-11 09:37:29.167462: Pseudo dice [np.float32(0.9243), np.float32(0.7813), np.float32(0.0)]
2025-11-11 09:37:29.167560: Epoch time: 140.01 s
2025-11-11 09:37:32.846156: 
2025-11-11 09:37:32.846359: Epoch 374
2025-11-11 09:37:32.846473: Current learning rate: 0.00656
2025-11-11 09:40:03.199122: train_loss -0.6714
2025-11-11 09:40:03.199333: val_loss -0.7203
2025-11-11 09:40:03.199430: Pseudo dice [np.float32(0.9205), np.float32(0.792), np.float32(0.0)]
2025-11-11 09:40:03.199526: Epoch time: 150.35 s
2025-11-11 09:40:06.227484: 
2025-11-11 09:40:06.227695: Epoch 375
2025-11-11 09:40:06.227819: Current learning rate: 0.00655
2025-11-11 09:42:31.362974: train_loss -0.6586
2025-11-11 09:42:31.363227: val_loss -0.6771
2025-11-11 09:42:31.363330: Pseudo dice [np.float32(0.9286), np.float32(0.7777), np.float32(0.0)]
2025-11-11 09:42:31.363429: Epoch time: 145.14 s
2025-11-11 09:42:34.541342: 
2025-11-11 09:42:34.541562: Epoch 376
2025-11-11 09:42:34.541677: Current learning rate: 0.00654
2025-11-11 09:44:52.184302: train_loss -0.6692
2025-11-11 09:44:52.184625: val_loss -0.6963
2025-11-11 09:44:52.184730: Pseudo dice [np.float32(0.9169), np.float32(0.7739), np.float32(0.0)]
2025-11-11 09:44:52.184839: Epoch time: 137.64 s
2025-11-11 09:44:55.998425: 
2025-11-11 09:44:55.998684: Epoch 377
2025-11-11 09:44:55.998791: Current learning rate: 0.00653
2025-11-11 09:47:25.250155: train_loss -0.6579
2025-11-11 09:47:25.250412: val_loss -0.6813
2025-11-11 09:47:25.250514: Pseudo dice [np.float32(0.923), np.float32(0.7742), np.float32(0.0)]
2025-11-11 09:47:25.250612: Epoch time: 149.25 s
2025-11-11 09:47:27.938486: 
2025-11-11 09:47:27.938679: Epoch 378
2025-11-11 09:47:27.938791: Current learning rate: 0.00652
2025-11-11 09:49:50.283373: train_loss -0.6823
2025-11-11 09:49:50.283683: val_loss -0.6721
2025-11-11 09:49:50.283790: Pseudo dice [np.float32(0.9263), np.float32(0.7821), np.float32(0.0)]
2025-11-11 09:49:50.283897: Epoch time: 142.35 s
2025-11-11 09:49:54.303733: 
2025-11-11 09:49:54.303923: Epoch 379
2025-11-11 09:49:54.304036: Current learning rate: 0.00651
2025-11-11 09:52:21.019006: train_loss -0.668
2025-11-11 09:52:21.019249: val_loss -0.6696
2025-11-11 09:52:21.019348: Pseudo dice [np.float32(0.9197), np.float32(0.7701), np.float32(0.0)]
2025-11-11 09:52:21.019446: Epoch time: 146.72 s
2025-11-11 09:52:24.221669: 
2025-11-11 09:52:24.221853: Epoch 380
2025-11-11 09:52:24.221965: Current learning rate: 0.0065
2025-11-11 09:54:46.821274: train_loss -0.6717
2025-11-11 09:54:46.821482: val_loss -0.7209
2025-11-11 09:54:46.821582: Pseudo dice [np.float32(0.9255), np.float32(0.7786), np.float32(0.0)]
2025-11-11 09:54:46.821679: Epoch time: 142.6 s
2025-11-11 09:54:51.172267: 
2025-11-11 09:54:51.172448: Epoch 381
2025-11-11 09:54:51.172561: Current learning rate: 0.00649
2025-11-11 09:57:15.165912: train_loss -0.6664
2025-11-11 09:57:15.166158: val_loss -0.6679
2025-11-11 09:57:15.166258: Pseudo dice [np.float32(0.9217), np.float32(0.7814), np.float32(0.0)]
2025-11-11 09:57:15.166359: Epoch time: 143.99 s
2025-11-11 09:57:18.050341: 
2025-11-11 09:57:18.050514: Epoch 382
2025-11-11 09:57:18.050627: Current learning rate: 0.00648
2025-11-11 09:59:34.677079: train_loss -0.6728
2025-11-11 09:59:34.677307: val_loss -0.7042
2025-11-11 09:59:34.677407: Pseudo dice [np.float32(0.9144), np.float32(0.7745), np.float32(0.0)]
2025-11-11 09:59:34.677504: Epoch time: 136.63 s
2025-11-11 09:59:38.063943: 
2025-11-11 09:59:38.064132: Epoch 383
2025-11-11 09:59:38.064248: Current learning rate: 0.00648
2025-11-11 10:02:02.805835: train_loss -0.675
2025-11-11 10:02:02.806051: val_loss -0.7023
2025-11-11 10:02:02.806149: Pseudo dice [np.float32(0.9251), np.float32(0.7721), np.float32(0.0)]
2025-11-11 10:02:02.806247: Epoch time: 144.74 s
2025-11-11 10:02:06.425532: 
2025-11-11 10:02:06.425717: Epoch 384
2025-11-11 10:02:06.425828: Current learning rate: 0.00647
2025-11-11 10:04:39.662356: train_loss -0.6717
2025-11-11 10:04:39.662606: val_loss -0.6989
2025-11-11 10:04:39.662694: Pseudo dice [np.float32(0.9276), np.float32(0.7905), np.float32(0.0)]
2025-11-11 10:04:39.662783: Epoch time: 153.24 s
2025-11-11 10:04:42.930146: 
2025-11-11 10:04:42.930334: Epoch 385
2025-11-11 10:04:42.930448: Current learning rate: 0.00646
2025-11-11 10:07:00.139319: train_loss -0.6623
2025-11-11 10:07:00.139562: val_loss -0.6593
2025-11-11 10:07:00.139664: Pseudo dice [np.float32(0.9159), np.float32(0.7704), np.float32(0.0)]
2025-11-11 10:07:00.139760: Epoch time: 137.21 s
2025-11-11 10:07:05.632065: 
2025-11-11 10:07:05.632278: Epoch 386
2025-11-11 10:07:05.632385: Current learning rate: 0.00645
2025-11-11 10:09:26.230342: train_loss -0.6725
2025-11-11 10:09:26.230596: val_loss -0.6763
2025-11-11 10:09:26.230697: Pseudo dice [np.float32(0.9188), np.float32(0.7771), np.float32(0.0)]
2025-11-11 10:09:26.230794: Epoch time: 140.6 s
2025-11-11 10:09:29.533046: 
2025-11-11 10:09:29.533341: Epoch 387
2025-11-11 10:09:29.533459: Current learning rate: 0.00644
2025-11-11 10:11:56.805829: train_loss -0.66
2025-11-11 10:11:56.806131: val_loss -0.6815
2025-11-11 10:11:56.806234: Pseudo dice [np.float32(0.9228), np.float32(0.781), np.float32(0.0)]
2025-11-11 10:11:56.806331: Epoch time: 147.27 s
2025-11-11 10:11:59.784153: 
2025-11-11 10:11:59.784430: Epoch 388
2025-11-11 10:11:59.784545: Current learning rate: 0.00643
2025-11-11 10:14:24.730313: train_loss -0.6764
2025-11-11 10:14:24.730559: val_loss -0.6494
2025-11-11 10:14:24.730657: Pseudo dice [np.float32(0.913), np.float32(0.7758), np.float32(0.0)]
2025-11-11 10:14:24.730752: Epoch time: 144.95 s
2025-11-11 10:14:27.721393: 
2025-11-11 10:14:27.721610: Epoch 389
2025-11-11 10:14:27.721726: Current learning rate: 0.00642
2025-11-11 10:16:59.623942: train_loss -0.6771
2025-11-11 10:16:59.624188: val_loss -0.6954
2025-11-11 10:16:59.624287: Pseudo dice [np.float32(0.9239), np.float32(0.7873), np.float32(0.0)]
2025-11-11 10:16:59.624382: Epoch time: 151.9 s
2025-11-11 10:17:02.337325: 
2025-11-11 10:17:02.337543: Epoch 390
2025-11-11 10:17:02.338367: Current learning rate: 0.00641
2025-11-11 10:19:26.940680: train_loss -0.6457
2025-11-11 10:19:26.940945: val_loss -0.7107
2025-11-11 10:19:26.941048: Pseudo dice [np.float32(0.9149), np.float32(0.7781), np.float32(0.0)]
2025-11-11 10:19:26.941146: Epoch time: 144.6 s
2025-11-11 10:19:31.609631: 
2025-11-11 10:19:31.609839: Epoch 391
2025-11-11 10:19:31.609957: Current learning rate: 0.0064
2025-11-11 10:22:01.039612: train_loss -0.6529
2025-11-11 10:22:01.039870: val_loss -0.6926
2025-11-11 10:22:01.039969: Pseudo dice [np.float32(0.9298), np.float32(0.7696), np.float32(0.0)]
2025-11-11 10:22:01.040067: Epoch time: 149.43 s
2025-11-11 10:22:05.145654: 
2025-11-11 10:22:05.145850: Epoch 392
2025-11-11 10:22:05.146705: Current learning rate: 0.00639
2025-11-11 10:24:36.896132: train_loss -0.6565
2025-11-11 10:24:36.896342: val_loss -0.6758
2025-11-11 10:24:36.896442: Pseudo dice [np.float32(0.9192), np.float32(0.7795), np.float32(0.0)]
2025-11-11 10:24:36.896538: Epoch time: 151.75 s
2025-11-11 10:24:40.441501: 
2025-11-11 10:24:40.441717: Epoch 393
2025-11-11 10:24:40.441841: Current learning rate: 0.00638
2025-11-11 10:27:10.673913: train_loss -0.6554
2025-11-11 10:27:10.674213: val_loss -0.6673
2025-11-11 10:27:10.674315: Pseudo dice [np.float32(0.9211), np.float32(0.7725), np.float32(0.0)]
2025-11-11 10:27:10.674410: Epoch time: 150.23 s
2025-11-11 10:27:13.677148: 
2025-11-11 10:27:13.677352: Epoch 394
2025-11-11 10:27:13.677465: Current learning rate: 0.00637
2025-11-11 10:29:39.442308: train_loss -0.6573
2025-11-11 10:29:39.456403: val_loss -0.6844
2025-11-11 10:29:39.456567: Pseudo dice [np.float32(0.9198), np.float32(0.7729), np.float32(0.0)]
2025-11-11 10:29:39.456666: Epoch time: 145.77 s
2025-11-11 10:29:43.015332: 
2025-11-11 10:29:43.015517: Epoch 395
2025-11-11 10:29:43.015629: Current learning rate: 0.00636
2025-11-11 10:32:09.599098: train_loss -0.6692
2025-11-11 10:32:09.599340: val_loss -0.7065
2025-11-11 10:32:09.599444: Pseudo dice [np.float32(0.9199), np.float32(0.771), np.float32(0.0)]
2025-11-11 10:32:09.599542: Epoch time: 146.58 s
2025-11-11 10:32:13.865315: 
2025-11-11 10:32:13.865506: Epoch 396
2025-11-11 10:32:13.865621: Current learning rate: 0.00635
2025-11-11 10:34:36.865303: train_loss -0.6713
2025-11-11 10:34:36.865547: val_loss -0.6854
2025-11-11 10:34:36.865645: Pseudo dice [np.float32(0.9165), np.float32(0.7783), np.float32(0.0)]
2025-11-11 10:34:36.865740: Epoch time: 143.0 s
2025-11-11 10:34:41.269251: 
2025-11-11 10:34:41.269424: Epoch 397
2025-11-11 10:34:41.269589: Current learning rate: 0.00634
2025-11-11 10:37:06.424119: train_loss -0.673
2025-11-11 10:37:06.424358: val_loss -0.7002
2025-11-11 10:37:06.424458: Pseudo dice [np.float32(0.9293), np.float32(0.7756), np.float32(0.0)]
2025-11-11 10:37:06.424553: Epoch time: 145.16 s
2025-11-11 10:37:10.604525: 
2025-11-11 10:37:10.604768: Epoch 398
2025-11-11 10:37:10.604890: Current learning rate: 0.00633
2025-11-11 10:39:41.645746: train_loss -0.6597
2025-11-11 10:39:41.646050: val_loss -0.7048
2025-11-11 10:39:41.646156: Pseudo dice [np.float32(0.9248), np.float32(0.7554), np.float32(0.0)]
2025-11-11 10:39:41.646251: Epoch time: 151.04 s
2025-11-11 10:39:46.634879: 
2025-11-11 10:39:46.635047: Epoch 399
2025-11-11 10:39:46.635160: Current learning rate: 0.00632
2025-11-11 10:42:13.634729: train_loss -0.674
2025-11-11 10:42:13.634976: val_loss -0.6429
2025-11-11 10:42:13.635075: Pseudo dice [np.float32(0.9301), np.float32(0.7868), np.float32(0.0)]
2025-11-11 10:42:13.635171: Epoch time: 147.0 s
2025-11-11 10:42:18.271558: 
2025-11-11 10:42:18.271731: Epoch 400
2025-11-11 10:42:18.271849: Current learning rate: 0.00631
2025-11-11 10:44:44.927101: train_loss -0.6673
2025-11-11 10:44:44.927323: val_loss -0.6908
2025-11-11 10:44:44.927420: Pseudo dice [np.float32(0.9235), np.float32(0.7663), np.float32(0.0)]
2025-11-11 10:44:44.927515: Epoch time: 146.66 s
2025-11-11 10:44:48.673305: 
2025-11-11 10:44:48.673583: Epoch 401
2025-11-11 10:44:48.673699: Current learning rate: 0.0063
2025-11-11 10:47:06.551293: train_loss -0.6624
2025-11-11 10:47:06.554961: val_loss -0.7005
2025-11-11 10:47:06.555073: Pseudo dice [np.float32(0.9317), np.float32(0.7777), np.float32(0.0)]
2025-11-11 10:47:06.555164: Epoch time: 137.88 s
2025-11-11 10:47:10.046199: 
2025-11-11 10:47:10.046404: Epoch 402
2025-11-11 10:47:10.046526: Current learning rate: 0.0063
2025-11-11 10:49:33.444003: train_loss -0.6781
2025-11-11 10:49:33.444269: val_loss -0.6703
2025-11-11 10:49:33.444372: Pseudo dice [np.float32(0.9129), np.float32(0.7692), np.float32(0.0)]
2025-11-11 10:49:33.444469: Epoch time: 143.4 s
2025-11-11 10:49:38.137027: 
2025-11-11 10:49:38.137251: Epoch 403
2025-11-11 10:49:38.137364: Current learning rate: 0.00629
2025-11-11 10:52:01.919791: train_loss -0.6825
2025-11-11 10:52:01.920053: val_loss -0.6816
2025-11-11 10:52:01.920153: Pseudo dice [np.float32(0.9203), np.float32(0.7679), np.float32(0.0)]
2025-11-11 10:52:01.920251: Epoch time: 143.78 s
2025-11-11 10:52:06.052971: 
2025-11-11 10:52:06.053185: Epoch 404
2025-11-11 10:52:06.053300: Current learning rate: 0.00628
2025-11-11 10:54:36.145998: train_loss -0.6777
2025-11-11 10:54:36.146240: val_loss -0.7171
2025-11-11 10:54:36.146340: Pseudo dice [np.float32(0.9282), np.float32(0.7789), np.float32(0.0)]
2025-11-11 10:54:36.146434: Epoch time: 150.09 s
2025-11-11 10:54:40.591005: 
2025-11-11 10:54:40.591228: Epoch 405
2025-11-11 10:54:40.591343: Current learning rate: 0.00627
2025-11-11 10:57:04.869753: train_loss -0.6805
2025-11-11 10:57:04.869993: val_loss -0.6926
2025-11-11 10:57:04.870093: Pseudo dice [np.float32(0.9172), np.float32(0.7814), np.float32(0.0)]
2025-11-11 10:57:04.870188: Epoch time: 144.28 s
2025-11-11 10:57:07.964200: 
2025-11-11 10:57:07.964387: Epoch 406
2025-11-11 10:57:07.964500: Current learning rate: 0.00626
2025-11-11 10:59:32.745207: train_loss -0.6621
2025-11-11 10:59:32.745496: val_loss -0.6675
2025-11-11 10:59:32.745599: Pseudo dice [np.float32(0.9264), np.float32(0.776), np.float32(0.0)]
2025-11-11 10:59:32.745694: Epoch time: 144.78 s
2025-11-11 10:59:36.747206: 
2025-11-11 10:59:36.747414: Epoch 407
2025-11-11 10:59:36.747537: Current learning rate: 0.00625
2025-11-11 11:01:57.240229: train_loss -0.6826
2025-11-11 11:01:57.240437: val_loss -0.6977
2025-11-11 11:01:57.240537: Pseudo dice [np.float32(0.9216), np.float32(0.7738), np.float32(0.0)]
2025-11-11 11:01:57.240631: Epoch time: 140.49 s
2025-11-11 11:02:00.293751: 
2025-11-11 11:02:00.293967: Epoch 408
2025-11-11 11:02:00.294087: Current learning rate: 0.00624
2025-11-11 11:04:17.080166: train_loss -0.6685
2025-11-11 11:04:17.080424: val_loss -0.6851
2025-11-11 11:04:17.080522: Pseudo dice [np.float32(0.9193), np.float32(0.783), np.float32(0.0)]
2025-11-11 11:04:17.080620: Epoch time: 136.79 s
2025-11-11 11:04:21.319919: 
2025-11-11 11:04:21.320114: Epoch 409
2025-11-11 11:04:21.320228: Current learning rate: 0.00623
2025-11-11 11:06:48.538986: train_loss -0.6907
2025-11-11 11:06:48.539282: val_loss -0.6685
2025-11-11 11:06:48.539382: Pseudo dice [np.float32(0.9214), np.float32(0.7624), np.float32(0.0)]
2025-11-11 11:06:48.539478: Epoch time: 147.22 s
2025-11-11 11:06:52.408456: 
2025-11-11 11:06:52.408646: Epoch 410
2025-11-11 11:06:52.408761: Current learning rate: 0.00622
2025-11-11 11:09:20.816824: train_loss -0.6849
2025-11-11 11:09:20.817122: val_loss -0.7106
2025-11-11 11:09:20.817224: Pseudo dice [np.float32(0.923), np.float32(0.7812), np.float32(0.0)]
2025-11-11 11:09:20.831634: Epoch time: 148.41 s
2025-11-11 11:09:24.237675: 
2025-11-11 11:09:24.237942: Epoch 411
2025-11-11 11:09:24.238059: Current learning rate: 0.00621
2025-11-11 11:11:48.297956: train_loss -0.6829
2025-11-11 11:11:48.302480: val_loss -0.7213
2025-11-11 11:11:48.302602: Pseudo dice [np.float32(0.9266), np.float32(0.7809), np.float32(0.0)]
2025-11-11 11:11:48.302697: Epoch time: 144.06 s
2025-11-11 11:11:52.012751: 
2025-11-11 11:11:52.012938: Epoch 412
2025-11-11 11:11:52.013052: Current learning rate: 0.0062
2025-11-11 11:14:14.686055: train_loss -0.6699
2025-11-11 11:14:14.686308: val_loss -0.7074
2025-11-11 11:14:14.686431: Pseudo dice [np.float32(0.9249), np.float32(0.7878), np.float32(0.0)]
2025-11-11 11:14:14.686529: Epoch time: 142.67 s
2025-11-11 11:14:18.391561: 
2025-11-11 11:14:18.391752: Epoch 413
2025-11-11 11:14:18.391870: Current learning rate: 0.00619
2025-11-11 11:16:47.654789: train_loss -0.6813
2025-11-11 11:16:47.655043: val_loss -0.6656
2025-11-11 11:16:47.655131: Pseudo dice [np.float32(0.9254), np.float32(0.776), np.float32(0.0)]
2025-11-11 11:16:47.655221: Epoch time: 149.26 s
2025-11-11 11:16:50.503289: 
2025-11-11 11:16:50.503471: Epoch 414
2025-11-11 11:16:50.503587: Current learning rate: 0.00618
2025-11-11 11:19:21.541518: train_loss -0.6758
2025-11-11 11:19:21.541766: val_loss -0.6846
2025-11-11 11:19:21.541870: Pseudo dice [np.float32(0.9179), np.float32(0.7733), np.float32(0.0)]
2025-11-11 11:19:21.541965: Epoch time: 151.04 s
2025-11-11 11:19:24.091041: 
2025-11-11 11:19:24.091212: Epoch 415
2025-11-11 11:19:24.091320: Current learning rate: 0.00617
2025-11-11 11:21:56.044247: train_loss -0.6761
2025-11-11 11:21:56.044550: val_loss -0.6929
2025-11-11 11:21:56.044654: Pseudo dice [np.float32(0.9184), np.float32(0.7707), np.float32(0.0)]
2025-11-11 11:21:56.044750: Epoch time: 151.95 s
2025-11-11 11:22:01.361230: 
2025-11-11 11:22:01.361506: Epoch 416
2025-11-11 11:22:01.361624: Current learning rate: 0.00616
2025-11-11 11:24:26.730505: train_loss -0.6687
2025-11-11 11:24:26.730716: val_loss -0.7038
2025-11-11 11:24:26.730823: Pseudo dice [np.float32(0.9245), np.float32(0.7758), np.float32(0.0)]
2025-11-11 11:24:26.730923: Epoch time: 145.37 s
2025-11-11 11:24:30.609980: 
2025-11-11 11:24:30.610199: Epoch 417
2025-11-11 11:24:30.610317: Current learning rate: 0.00615
2025-11-11 11:27:02.392653: train_loss -0.6843
2025-11-11 11:27:02.392908: val_loss -0.687
2025-11-11 11:27:02.393007: Pseudo dice [np.float32(0.9246), np.float32(0.7684), np.float32(0.0)]
2025-11-11 11:27:02.393104: Epoch time: 151.78 s
2025-11-11 11:27:07.058276: 
2025-11-11 11:27:07.058490: Epoch 418
2025-11-11 11:27:07.058608: Current learning rate: 0.00614
2025-11-11 11:29:39.612915: train_loss -0.6741
2025-11-11 11:29:39.613160: val_loss -0.6835
2025-11-11 11:29:39.613259: Pseudo dice [np.float32(0.9183), np.float32(0.7808), np.float32(0.0)]
2025-11-11 11:29:39.613357: Epoch time: 152.56 s
2025-11-11 11:29:43.340298: 
2025-11-11 11:29:43.340516: Epoch 419
2025-11-11 11:29:43.340632: Current learning rate: 0.00613
2025-11-11 11:32:15.098305: train_loss -0.6747
2025-11-11 11:32:15.112515: val_loss -0.7078
2025-11-11 11:32:15.112641: Pseudo dice [np.float32(0.9152), np.float32(0.779), np.float32(0.0)]
2025-11-11 11:32:15.112738: Epoch time: 151.76 s
2025-11-11 11:32:17.266724: 
2025-11-11 11:32:17.267028: Epoch 420
2025-11-11 11:32:17.267154: Current learning rate: 0.00612
2025-11-11 11:34:41.226315: train_loss -0.6716
2025-11-11 11:34:41.226566: val_loss -0.7029
2025-11-11 11:34:41.226665: Pseudo dice [np.float32(0.9252), np.float32(0.7799), np.float32(0.0)]
2025-11-11 11:34:41.226762: Epoch time: 143.96 s
2025-11-11 11:34:44.287121: 
2025-11-11 11:34:44.287326: Epoch 421
2025-11-11 11:34:44.287435: Current learning rate: 0.00612
2025-11-11 11:37:14.320680: train_loss -0.6865
2025-11-11 11:37:14.320935: val_loss -0.7017
2025-11-11 11:37:14.321037: Pseudo dice [np.float32(0.9271), np.float32(0.7676), np.float32(0.0)]
2025-11-11 11:37:14.321135: Epoch time: 150.03 s
2025-11-11 11:37:18.080231: 
2025-11-11 11:37:18.080429: Epoch 422
2025-11-11 11:37:18.080541: Current learning rate: 0.00611
2025-11-11 11:39:44.551961: train_loss -0.6786
2025-11-11 11:39:44.552221: val_loss -0.672
2025-11-11 11:39:44.552323: Pseudo dice [np.float32(0.9198), np.float32(0.7768), np.float32(0.0)]
2025-11-11 11:39:44.561909: Epoch time: 146.47 s
2025-11-11 11:39:47.906518: 
2025-11-11 11:39:47.906703: Epoch 423
2025-11-11 11:39:47.906824: Current learning rate: 0.0061
2025-11-11 11:42:13.381099: train_loss -0.6824
2025-11-11 11:42:13.381353: val_loss -0.6916
2025-11-11 11:42:13.381454: Pseudo dice [np.float32(0.9231), np.float32(0.7899), np.float32(0.0)]
2025-11-11 11:42:13.381549: Epoch time: 145.48 s
2025-11-11 11:42:16.692411: 
2025-11-11 11:42:16.692613: Epoch 424
2025-11-11 11:42:16.692729: Current learning rate: 0.00609
2025-11-11 11:44:40.495169: train_loss -0.6704
2025-11-11 11:44:40.495368: val_loss -0.6626
2025-11-11 11:44:40.495469: Pseudo dice [np.float32(0.9237), np.float32(0.7824), np.float32(0.0)]
2025-11-11 11:44:40.495564: Epoch time: 143.8 s
2025-11-11 11:44:44.308636: 
2025-11-11 11:44:44.308865: Epoch 425
2025-11-11 11:44:44.308981: Current learning rate: 0.00608
2025-11-11 11:47:08.055149: train_loss -0.6594
2025-11-11 11:47:08.055396: val_loss -0.6959
2025-11-11 11:47:08.055494: Pseudo dice [np.float32(0.9272), np.float32(0.7713), np.float32(0.0)]
2025-11-11 11:47:08.055588: Epoch time: 143.75 s
2025-11-11 11:47:11.562725: 
2025-11-11 11:47:11.562923: Epoch 426
2025-11-11 11:47:11.563037: Current learning rate: 0.00607
2025-11-11 11:49:36.207625: train_loss -0.6747
2025-11-11 11:49:36.207886: val_loss -0.7083
2025-11-11 11:49:36.207988: Pseudo dice [np.float32(0.9263), np.float32(0.7871), np.float32(0.0)]
2025-11-11 11:49:36.208087: Epoch time: 144.65 s
2025-11-11 11:49:40.113782: 
2025-11-11 11:49:40.114031: Epoch 427
2025-11-11 11:49:40.114146: Current learning rate: 0.00606
2025-11-11 11:52:04.237114: train_loss -0.65
2025-11-11 11:52:04.248103: val_loss -0.7034
2025-11-11 11:52:04.248237: Pseudo dice [np.float32(0.9116), np.float32(0.7835), np.float32(0.0)]
2025-11-11 11:52:04.248327: Epoch time: 144.12 s
2025-11-11 11:52:08.766194: 
2025-11-11 11:52:08.766400: Epoch 428
2025-11-11 11:52:08.766515: Current learning rate: 0.00605
2025-11-11 11:54:33.380407: train_loss -0.6648
2025-11-11 11:54:33.380660: val_loss -0.6827
2025-11-11 11:54:33.380763: Pseudo dice [np.float32(0.9193), np.float32(0.7855), np.float32(0.0)]
2025-11-11 11:54:33.380870: Epoch time: 144.62 s
2025-11-11 11:54:36.050848: 
2025-11-11 11:54:36.051029: Epoch 429
2025-11-11 11:54:36.051142: Current learning rate: 0.00604
2025-11-11 11:57:00.541201: train_loss -0.6774
2025-11-11 11:57:00.541448: val_loss -0.6858
2025-11-11 11:57:00.541549: Pseudo dice [np.float32(0.9135), np.float32(0.7877), np.float32(0.0)]
2025-11-11 11:57:00.541647: Epoch time: 144.49 s
2025-11-11 11:57:04.378830: 
2025-11-11 11:57:04.379048: Epoch 430
2025-11-11 11:57:04.379163: Current learning rate: 0.00603
2025-11-11 11:59:28.604014: train_loss -0.6749
2025-11-11 11:59:28.604254: val_loss -0.6587
2025-11-11 11:59:28.604355: Pseudo dice [np.float32(0.9227), np.float32(0.7643), np.float32(0.0)]
2025-11-11 11:59:28.604451: Epoch time: 144.23 s
2025-11-11 11:59:33.304036: 
2025-11-11 11:59:33.304209: Epoch 431
2025-11-11 11:59:33.304321: Current learning rate: 0.00602
2025-11-11 12:01:58.879561: train_loss -0.6642
2025-11-11 12:01:58.884548: val_loss -0.6749
2025-11-11 12:01:58.886384: Pseudo dice [np.float32(0.9214), np.float32(0.7824), np.float32(0.0)]
2025-11-11 12:01:58.886609: Epoch time: 145.58 s
2025-11-11 12:02:02.888036: 
2025-11-11 12:02:02.888291: Epoch 432
2025-11-11 12:02:02.888407: Current learning rate: 0.00601
2025-11-11 12:04:22.885283: train_loss -0.6706
2025-11-11 12:04:22.885520: val_loss -0.66
2025-11-11 12:04:22.885623: Pseudo dice [np.float32(0.9162), np.float32(0.7793), np.float32(0.0)]
2025-11-11 12:04:22.885726: Epoch time: 140.0 s
2025-11-11 12:04:26.880623: 
2025-11-11 12:04:26.880901: Epoch 433
2025-11-11 12:04:26.881021: Current learning rate: 0.006
2025-11-11 12:06:52.552352: train_loss -0.67
2025-11-11 12:06:52.552587: val_loss -0.6989
2025-11-11 12:06:52.552684: Pseudo dice [np.float32(0.9211), np.float32(0.7777), np.float32(0.0)]
2025-11-11 12:06:52.552780: Epoch time: 145.67 s
2025-11-11 12:06:55.351563: 
2025-11-11 12:06:55.351778: Epoch 434
2025-11-11 12:06:55.351899: Current learning rate: 0.00599
2025-11-11 12:09:24.692845: train_loss -0.6837
2025-11-11 12:09:24.693110: val_loss -0.6986
2025-11-11 12:09:24.693213: Pseudo dice [np.float32(0.9224), np.float32(0.7845), np.float32(0.0)]
2025-11-11 12:09:24.693311: Epoch time: 149.34 s
2025-11-11 12:09:27.632256: 
2025-11-11 12:09:27.632470: Epoch 435
2025-11-11 12:09:27.632591: Current learning rate: 0.00598
2025-11-11 12:11:55.864296: train_loss -0.6712
2025-11-11 12:11:55.865488: val_loss -0.71
2025-11-11 12:11:55.865592: Pseudo dice [np.float32(0.9234), np.float32(0.7798), np.float32(0.0)]
2025-11-11 12:11:55.865680: Epoch time: 148.23 s
2025-11-11 12:12:00.058010: 
2025-11-11 12:12:00.058228: Epoch 436
2025-11-11 12:12:00.058347: Current learning rate: 0.00597
2025-11-11 12:14:25.356175: train_loss -0.672
2025-11-11 12:14:25.356430: val_loss -0.705
2025-11-11 12:14:25.356533: Pseudo dice [np.float32(0.9254), np.float32(0.7854), np.float32(0.0)]
2025-11-11 12:14:25.356630: Epoch time: 145.3 s
2025-11-11 12:14:28.652576: 
2025-11-11 12:14:28.652795: Epoch 437
2025-11-11 12:14:28.652916: Current learning rate: 0.00596
2025-11-11 12:16:47.951333: train_loss -0.6796
2025-11-11 12:16:47.951578: val_loss -0.6633
2025-11-11 12:16:47.951675: Pseudo dice [np.float32(0.9279), np.float32(0.7781), np.float32(0.0)]
2025-11-11 12:16:47.951770: Epoch time: 139.3 s
2025-11-11 12:16:52.298072: 
2025-11-11 12:16:52.298364: Epoch 438
2025-11-11 12:16:52.298513: Current learning rate: 0.00595
2025-11-11 12:19:19.318110: train_loss -0.669
2025-11-11 12:19:19.318321: val_loss -0.7128
2025-11-11 12:19:19.318421: Pseudo dice [np.float32(0.9289), np.float32(0.7755), np.float32(0.0)]
2025-11-11 12:19:19.318517: Epoch time: 147.02 s
2025-11-11 12:19:22.080976: 
2025-11-11 12:19:22.081226: Epoch 439
2025-11-11 12:19:22.081341: Current learning rate: 0.00594
2025-11-11 12:21:49.713783: train_loss -0.6797
2025-11-11 12:21:49.714050: val_loss -0.679
2025-11-11 12:21:49.714151: Pseudo dice [np.float32(0.9213), np.float32(0.7789), np.float32(0.0)]
2025-11-11 12:21:49.714250: Epoch time: 147.63 s
2025-11-11 12:21:52.758000: 
2025-11-11 12:21:52.758206: Epoch 440
2025-11-11 12:21:52.758323: Current learning rate: 0.00593
2025-11-11 12:24:16.969946: train_loss -0.6579
2025-11-11 12:24:16.970204: val_loss -0.7185
2025-11-11 12:24:16.970307: Pseudo dice [np.float32(0.9215), np.float32(0.7869), np.float32(0.0)]
2025-11-11 12:24:16.970406: Epoch time: 144.21 s
2025-11-11 12:24:20.348520: 
2025-11-11 12:24:20.348713: Epoch 441
2025-11-11 12:24:20.348835: Current learning rate: 0.00592
2025-11-11 12:26:42.531286: train_loss -0.6769
2025-11-11 12:26:42.531531: val_loss -0.7049
2025-11-11 12:26:42.531630: Pseudo dice [np.float32(0.923), np.float32(0.7839), np.float32(0.0)]
2025-11-11 12:26:42.531726: Epoch time: 142.18 s
2025-11-11 12:26:47.270233: 
2025-11-11 12:26:47.270425: Epoch 442
2025-11-11 12:26:47.270538: Current learning rate: 0.00592
2025-11-11 12:29:08.658209: train_loss -0.693
2025-11-11 12:29:08.658457: val_loss -0.726
2025-11-11 12:29:08.658555: Pseudo dice [np.float32(0.9237), np.float32(0.7908), np.float32(0.0)]
2025-11-11 12:29:08.658651: Epoch time: 141.39 s
2025-11-11 12:29:12.512213: 
2025-11-11 12:29:12.512399: Epoch 443
2025-11-11 12:29:12.512513: Current learning rate: 0.00591
2025-11-11 12:31:40.456124: train_loss -0.6789
2025-11-11 12:31:40.456431: val_loss -0.706
2025-11-11 12:31:40.456537: Pseudo dice [np.float32(0.9278), np.float32(0.7927), np.float32(0.0)]
2025-11-11 12:31:40.456635: Epoch time: 147.94 s
2025-11-11 12:31:44.498302: 
2025-11-11 12:31:44.498475: Epoch 444
2025-11-11 12:31:44.498589: Current learning rate: 0.0059
2025-11-11 12:34:07.085763: train_loss -0.6706
2025-11-11 12:34:07.085985: val_loss -0.7271
2025-11-11 12:34:07.087578: Pseudo dice [np.float32(0.9266), np.float32(0.7929), np.float32(0.0)]
2025-11-11 12:34:07.087681: Epoch time: 142.59 s
2025-11-11 12:34:11.145130: 
2025-11-11 12:34:11.209836: Epoch 445
2025-11-11 12:34:11.210047: Current learning rate: 0.00589
2025-11-11 12:36:41.702135: train_loss -0.6737
2025-11-11 12:36:41.702338: val_loss -0.6971
2025-11-11 12:36:41.702438: Pseudo dice [np.float32(0.9246), np.float32(0.7905), np.float32(0.0)]
2025-11-11 12:36:41.722916: Epoch time: 150.56 s
2025-11-11 12:36:43.749079: 
2025-11-11 12:36:43.749264: Epoch 446
2025-11-11 12:36:43.749378: Current learning rate: 0.00588
2025-11-11 12:39:08.349101: train_loss -0.6901
2025-11-11 12:39:08.349309: val_loss -0.6964
2025-11-11 12:39:08.349410: Pseudo dice [np.float32(0.9243), np.float32(0.7891), np.float32(0.0)]
2025-11-11 12:39:08.349506: Epoch time: 144.6 s
2025-11-11 12:39:12.443305: 
2025-11-11 12:39:12.443489: Epoch 447
2025-11-11 12:39:12.443603: Current learning rate: 0.00587
2025-11-11 12:41:36.431042: train_loss -0.6959
2025-11-11 12:41:36.431293: val_loss -0.7064
2025-11-11 12:41:36.431394: Pseudo dice [np.float32(0.9206), np.float32(0.7934), np.float32(0.0)]
2025-11-11 12:41:36.431491: Epoch time: 143.99 s
2025-11-11 12:41:41.362565: 
2025-11-11 12:41:41.362791: Epoch 448
2025-11-11 12:41:41.362914: Current learning rate: 0.00586
2025-11-11 12:44:07.896272: train_loss -0.6751
2025-11-11 12:44:07.901643: val_loss -0.6994
2025-11-11 12:44:07.901769: Pseudo dice [np.float32(0.9218), np.float32(0.7766), np.float32(0.0)]
2025-11-11 12:44:07.901880: Epoch time: 146.53 s
2025-11-11 12:44:11.973762: 
2025-11-11 12:44:11.973965: Epoch 449
2025-11-11 12:44:11.974076: Current learning rate: 0.00585
2025-11-11 12:46:38.741367: train_loss -0.6807
2025-11-11 12:46:38.741615: val_loss -0.6807
2025-11-11 12:46:38.741715: Pseudo dice [np.float32(0.9239), np.float32(0.7907), np.float32(0.0)]
2025-11-11 12:46:38.741820: Epoch time: 146.77 s
2025-11-11 12:46:43.144028: 
2025-11-11 12:46:43.144226: Epoch 450
2025-11-11 12:46:43.144339: Current learning rate: 0.00584
2025-11-11 12:49:17.526143: train_loss -0.675
2025-11-11 12:49:17.526388: val_loss -0.7106
2025-11-11 12:49:17.526488: Pseudo dice [np.float32(0.9228), np.float32(0.7843), np.float32(0.0)]
2025-11-11 12:49:17.526583: Epoch time: 154.38 s
2025-11-11 12:49:21.093068: 
2025-11-11 12:49:21.093279: Epoch 451
2025-11-11 12:49:21.093385: Current learning rate: 0.00583
2025-11-11 12:51:48.191383: train_loss -0.6792
2025-11-11 12:51:48.193340: val_loss -0.6728
2025-11-11 12:51:48.193457: Pseudo dice [np.float32(0.9179), np.float32(0.7877), np.float32(0.0)]
2025-11-11 12:51:48.193554: Epoch time: 147.1 s
2025-11-11 12:51:51.976744: 
2025-11-11 12:51:51.976943: Epoch 452
2025-11-11 12:51:51.977055: Current learning rate: 0.00582
2025-11-11 12:54:16.037148: train_loss -0.6833
2025-11-11 12:54:16.037398: val_loss -0.7032
2025-11-11 12:54:16.037498: Pseudo dice [np.float32(0.9202), np.float32(0.7828), np.float32(0.0)]
2025-11-11 12:54:16.042918: Epoch time: 144.06 s
2025-11-11 12:54:20.608646: 
2025-11-11 12:54:20.608864: Epoch 453
2025-11-11 12:54:20.608981: Current learning rate: 0.00581
2025-11-11 12:56:59.599733: train_loss -0.6982
2025-11-11 12:56:59.600022: val_loss -0.7149
2025-11-11 12:56:59.600125: Pseudo dice [np.float32(0.9222), np.float32(0.7851), np.float32(0.0)]
2025-11-11 12:56:59.600222: Epoch time: 158.99 s
2025-11-11 12:57:03.270580: 
2025-11-11 12:57:03.270775: Epoch 454
2025-11-11 12:57:03.270892: Current learning rate: 0.0058
2025-11-11 12:59:19.304291: train_loss -0.6794
2025-11-11 12:59:19.304585: val_loss -0.679
2025-11-11 12:59:19.304688: Pseudo dice [np.float32(0.9207), np.float32(0.7804), np.float32(0.0)]
2025-11-11 12:59:19.304783: Epoch time: 136.03 s
2025-11-11 12:59:22.152192: 
2025-11-11 12:59:22.152391: Epoch 455
2025-11-11 12:59:22.152504: Current learning rate: 0.00579
2025-11-11 13:01:48.385626: train_loss -0.6972
2025-11-11 13:01:48.385879: val_loss -0.6688
2025-11-11 13:01:48.385979: Pseudo dice [np.float32(0.9197), np.float32(0.7917), np.float32(0.0)]
2025-11-11 13:01:48.386075: Epoch time: 146.23 s
2025-11-11 13:01:51.301790: 
2025-11-11 13:01:51.301963: Epoch 456
2025-11-11 13:01:51.302070: Current learning rate: 0.00578
2025-11-11 13:04:10.516204: train_loss -0.6973
2025-11-11 13:04:10.524322: val_loss -0.7234
2025-11-11 13:04:10.524511: Pseudo dice [np.float32(0.9177), np.float32(0.7806), np.float32(0.0)]
2025-11-11 13:04:10.524608: Epoch time: 139.22 s
2025-11-11 13:04:14.283863: 
2025-11-11 13:04:14.284071: Epoch 457
2025-11-11 13:04:14.284187: Current learning rate: 0.00577
2025-11-11 13:06:42.699380: train_loss -0.677
2025-11-11 13:06:42.699591: val_loss -0.7107
2025-11-11 13:06:42.699688: Pseudo dice [np.float32(0.9277), np.float32(0.7733), np.float32(0.0)]
2025-11-11 13:06:42.699783: Epoch time: 148.42 s
2025-11-11 13:06:46.728269: 
2025-11-11 13:06:46.728448: Epoch 458
2025-11-11 13:06:46.728562: Current learning rate: 0.00576
2025-11-11 13:09:11.262239: train_loss -0.6806
2025-11-11 13:09:11.262489: val_loss -0.6913
2025-11-11 13:09:11.262592: Pseudo dice [np.float32(0.9224), np.float32(0.7751), np.float32(0.0)]
2025-11-11 13:09:11.262692: Epoch time: 144.53 s
2025-11-11 13:09:15.418164: 
2025-11-11 13:09:15.418367: Epoch 459
2025-11-11 13:09:15.418486: Current learning rate: 0.00575
2025-11-11 13:11:32.137636: train_loss -0.6847
2025-11-11 13:11:32.137938: val_loss -0.7123
2025-11-11 13:11:32.138041: Pseudo dice [np.float32(0.9225), np.float32(0.7873), np.float32(0.0)]
2025-11-11 13:11:32.138137: Epoch time: 136.72 s
2025-11-11 13:11:36.202254: 
2025-11-11 13:11:36.202506: Epoch 460
2025-11-11 13:11:36.202619: Current learning rate: 0.00574
2025-11-11 13:13:56.974573: train_loss -0.6921
2025-11-11 13:13:56.974833: val_loss -0.6797
2025-11-11 13:13:56.974939: Pseudo dice [np.float32(0.9175), np.float32(0.789), np.float32(0.0)]
2025-11-11 13:13:56.975040: Epoch time: 140.77 s
2025-11-11 13:14:00.374123: 
2025-11-11 13:14:00.374295: Epoch 461
2025-11-11 13:14:00.374405: Current learning rate: 0.00573
2025-11-11 13:16:22.555025: train_loss -0.676
2025-11-11 13:16:22.555240: val_loss -0.7171
2025-11-11 13:16:22.555338: Pseudo dice [np.float32(0.9226), np.float32(0.79), np.float32(0.0)]
2025-11-11 13:16:22.555434: Epoch time: 142.18 s
2025-11-11 13:16:26.222159: 
2025-11-11 13:16:26.222333: Epoch 462
2025-11-11 13:16:26.222440: Current learning rate: 0.00572
2025-11-11 13:18:54.864001: train_loss -0.6857
2025-11-11 13:18:54.864244: val_loss -0.67
2025-11-11 13:18:54.864343: Pseudo dice [np.float32(0.9257), np.float32(0.7782), np.float32(0.0)]
2025-11-11 13:18:54.864441: Epoch time: 148.64 s
2025-11-11 13:18:58.123150: 
2025-11-11 13:18:58.123348: Epoch 463
2025-11-11 13:18:58.123464: Current learning rate: 0.00571
2025-11-11 13:21:19.554942: train_loss -0.6772
2025-11-11 13:21:19.555190: val_loss -0.7043
2025-11-11 13:21:19.555290: Pseudo dice [np.float32(0.9164), np.float32(0.7769), np.float32(0.0)]
2025-11-11 13:21:19.555388: Epoch time: 141.43 s
2025-11-11 13:21:22.344711: 
2025-11-11 13:21:22.344887: Epoch 464
2025-11-11 13:21:22.345003: Current learning rate: 0.0057
2025-11-11 13:23:43.503450: train_loss -0.6893
2025-11-11 13:23:43.503679: val_loss -0.6845
2025-11-11 13:23:43.503779: Pseudo dice [np.float32(0.9159), np.float32(0.7771), np.float32(0.0)]
2025-11-11 13:23:43.503881: Epoch time: 141.16 s
2025-11-11 13:23:47.314041: 
2025-11-11 13:23:47.314270: Epoch 465
2025-11-11 13:23:47.314385: Current learning rate: 0.0057
2025-11-11 13:26:07.240161: train_loss -0.6601
2025-11-11 13:26:07.240396: val_loss -0.6733
2025-11-11 13:26:07.240494: Pseudo dice [np.float32(0.9218), np.float32(0.784), np.float32(0.0)]
2025-11-11 13:26:07.243924: Epoch time: 139.93 s
2025-11-11 13:26:11.840199: 
2025-11-11 13:26:11.840394: Epoch 466
2025-11-11 13:26:11.840509: Current learning rate: 0.00569
2025-11-11 13:28:38.181074: train_loss -0.6623
2025-11-11 13:28:38.181325: val_loss -0.6784
2025-11-11 13:28:38.181428: Pseudo dice [np.float32(0.9183), np.float32(0.7822), np.float32(0.0)]
2025-11-11 13:28:38.181525: Epoch time: 146.34 s
2025-11-11 13:28:42.143869: 
2025-11-11 13:28:42.144087: Epoch 467
2025-11-11 13:28:42.144205: Current learning rate: 0.00568
2025-11-11 13:31:05.122931: train_loss -0.6704
2025-11-11 13:31:05.123175: val_loss -0.6851
2025-11-11 13:31:05.123273: Pseudo dice [np.float32(0.9143), np.float32(0.7835), np.float32(0.0)]
2025-11-11 13:31:05.123372: Epoch time: 142.98 s
2025-11-11 13:31:08.597289: 
2025-11-11 13:31:08.597504: Epoch 468
2025-11-11 13:31:08.597616: Current learning rate: 0.00567
2025-11-11 13:33:28.268099: train_loss -0.6759
2025-11-11 13:33:28.268357: val_loss -0.6844
2025-11-11 13:33:28.268457: Pseudo dice [np.float32(0.9218), np.float32(0.7676), np.float32(0.0)]
2025-11-11 13:33:28.268556: Epoch time: 139.67 s
2025-11-11 13:33:31.627948: 
2025-11-11 13:33:31.628151: Epoch 469
2025-11-11 13:33:31.628267: Current learning rate: 0.00566
2025-11-11 13:35:54.282264: train_loss -0.676
2025-11-11 13:35:54.287643: val_loss -0.6923
2025-11-11 13:35:54.287747: Pseudo dice [np.float32(0.9251), np.float32(0.7842), np.float32(0.0)]
2025-11-11 13:35:54.287863: Epoch time: 142.66 s
2025-11-11 13:35:57.902354: 
2025-11-11 13:35:57.902554: Epoch 470
2025-11-11 13:35:57.902667: Current learning rate: 0.00565
2025-11-11 13:38:22.519325: train_loss -0.68
2025-11-11 13:38:22.519839: val_loss -0.6855
2025-11-11 13:38:22.520787: Pseudo dice [np.float32(0.9201), np.float32(0.7698), np.float32(0.0)]
2025-11-11 13:38:22.520897: Epoch time: 144.62 s
2025-11-11 13:38:26.272573: 
2025-11-11 13:38:26.272767: Epoch 471
2025-11-11 13:38:26.272887: Current learning rate: 0.00564
2025-11-11 13:40:55.623007: train_loss -0.6795
2025-11-11 13:40:55.625432: val_loss -0.6796
2025-11-11 13:40:55.625538: Pseudo dice [np.float32(0.9172), np.float32(0.7765), np.float32(0.0)]
2025-11-11 13:40:55.625629: Epoch time: 149.35 s
2025-11-11 13:40:58.297629: 
2025-11-11 13:40:58.297834: Epoch 472
2025-11-11 13:40:58.297948: Current learning rate: 0.00563
2025-11-11 13:43:20.982924: train_loss -0.6727
2025-11-11 13:43:20.983169: val_loss -0.7337
2025-11-11 13:43:20.983266: Pseudo dice [np.float32(0.9252), np.float32(0.779), np.float32(0.0)]
2025-11-11 13:43:20.983363: Epoch time: 142.69 s
2025-11-11 13:43:23.531500: 
2025-11-11 13:43:23.531701: Epoch 473
2025-11-11 13:43:23.531823: Current learning rate: 0.00562
2025-11-11 13:45:46.892754: train_loss -0.6653
2025-11-11 13:45:46.893037: val_loss -0.7248
2025-11-11 13:45:46.893138: Pseudo dice [np.float32(0.9222), np.float32(0.7771), np.float32(0.0)]
2025-11-11 13:45:46.893238: Epoch time: 143.36 s
2025-11-11 13:45:49.913491: 
2025-11-11 13:45:49.913683: Epoch 474
2025-11-11 13:45:49.913793: Current learning rate: 0.00561
2025-11-11 13:48:18.615332: train_loss -0.6604
2025-11-11 13:48:18.615561: val_loss -0.7058
2025-11-11 13:48:18.615658: Pseudo dice [np.float32(0.9205), np.float32(0.7834), np.float32(0.0)]
2025-11-11 13:48:18.615752: Epoch time: 148.7 s
2025-11-11 13:48:22.571516: 
2025-11-11 13:48:22.571687: Epoch 475
2025-11-11 13:48:22.571797: Current learning rate: 0.0056
2025-11-11 13:50:49.597398: train_loss -0.6714
2025-11-11 13:50:49.597644: val_loss -0.6889
2025-11-11 13:50:49.597741: Pseudo dice [np.float32(0.919), np.float32(0.7825), np.float32(0.0)]
2025-11-11 13:50:49.597846: Epoch time: 147.03 s
2025-11-11 13:50:53.144784: 
2025-11-11 13:50:53.144966: Epoch 476
2025-11-11 13:50:53.145079: Current learning rate: 0.00559
2025-11-11 13:53:16.463899: train_loss -0.657
2025-11-11 13:53:16.464146: val_loss -0.6917
2025-11-11 13:53:16.464246: Pseudo dice [np.float32(0.9202), np.float32(0.7815), np.float32(0.0)]
2025-11-11 13:53:16.464341: Epoch time: 143.32 s
2025-11-11 13:53:21.090415: 
2025-11-11 13:53:21.090602: Epoch 477
2025-11-11 13:53:21.090716: Current learning rate: 0.00558
2025-11-11 13:55:45.073269: train_loss -0.6797
2025-11-11 13:55:45.073511: val_loss -0.6644
2025-11-11 13:55:45.073611: Pseudo dice [np.float32(0.9235), np.float32(0.791), np.float32(0.0)]
2025-11-11 13:55:45.073710: Epoch time: 143.98 s
2025-11-11 13:55:48.202850: 
2025-11-11 13:55:48.203094: Epoch 478
2025-11-11 13:55:48.203208: Current learning rate: 0.00557
2025-11-11 13:58:24.907723: train_loss -0.6777
2025-11-11 13:58:24.907962: val_loss -0.6997
2025-11-11 13:58:24.908057: Pseudo dice [np.float32(0.9216), np.float32(0.7656), np.float32(0.0)]
2025-11-11 13:58:24.908152: Epoch time: 156.71 s
2025-11-11 13:58:28.648768: 
2025-11-11 13:58:28.648947: Epoch 479
2025-11-11 13:58:28.649058: Current learning rate: 0.00556
2025-11-11 14:00:59.150687: train_loss -0.6755
2025-11-11 14:00:59.150937: val_loss -0.7032
2025-11-11 14:00:59.151038: Pseudo dice [np.float32(0.9146), np.float32(0.7818), np.float32(0.0)]
2025-11-11 14:00:59.151135: Epoch time: 150.5 s
2025-11-11 14:01:02.315554: 
2025-11-11 14:01:02.315721: Epoch 480
2025-11-11 14:01:02.315839: Current learning rate: 0.00555
2025-11-11 14:03:33.446532: train_loss -0.6841
2025-11-11 14:03:33.446738: val_loss -0.6913
2025-11-11 14:03:33.446842: Pseudo dice [np.float32(0.9255), np.float32(0.7782), np.float32(0.0)]
2025-11-11 14:03:33.446941: Epoch time: 151.13 s
2025-11-11 14:03:38.144175: 
2025-11-11 14:03:38.144370: Epoch 481
2025-11-11 14:03:38.144486: Current learning rate: 0.00554
2025-11-11 14:06:02.164222: train_loss -0.6831
2025-11-11 14:06:02.164478: val_loss -0.6589
2025-11-11 14:06:02.164577: Pseudo dice [np.float32(0.9221), np.float32(0.7669), np.float32(0.0)]
2025-11-11 14:06:02.164679: Epoch time: 144.02 s
2025-11-11 14:06:06.990542: 
2025-11-11 14:06:06.990753: Epoch 482
2025-11-11 14:06:06.990871: Current learning rate: 0.00553
2025-11-11 14:08:32.012330: train_loss -0.6778
2025-11-11 14:08:32.012676: val_loss -0.6871
2025-11-11 14:08:32.012779: Pseudo dice [np.float32(0.925), np.float32(0.7812), np.float32(0.0)]
2025-11-11 14:08:32.012882: Epoch time: 145.02 s
2025-11-11 14:08:35.675205: 
2025-11-11 14:08:35.675411: Epoch 483
2025-11-11 14:08:35.675524: Current learning rate: 0.00552
2025-11-11 14:11:02.439670: train_loss -0.6892
2025-11-11 14:11:02.439938: val_loss -0.6965
2025-11-11 14:11:02.440042: Pseudo dice [np.float32(0.9229), np.float32(0.7864), np.float32(0.0)]
2025-11-11 14:11:02.440137: Epoch time: 146.77 s
2025-11-11 14:11:06.279721: 
2025-11-11 14:11:06.279917: Epoch 484
2025-11-11 14:11:06.280030: Current learning rate: 0.00551
2025-11-11 14:13:38.283895: train_loss -0.6813
2025-11-11 14:13:38.284130: val_loss -0.7021
2025-11-11 14:13:38.284231: Pseudo dice [np.float32(0.9234), np.float32(0.7893), np.float32(0.0)]
2025-11-11 14:13:38.284328: Epoch time: 152.01 s
2025-11-11 14:13:41.306188: 
2025-11-11 14:13:41.306390: Epoch 485
2025-11-11 14:13:41.306502: Current learning rate: 0.0055
2025-11-11 14:16:14.220150: train_loss -0.6696
2025-11-11 14:16:14.220368: val_loss -0.6758
2025-11-11 14:16:14.220468: Pseudo dice [np.float32(0.9225), np.float32(0.7733), np.float32(0.0)]
2025-11-11 14:16:14.220565: Epoch time: 152.91 s
2025-11-11 14:16:17.756165: 
2025-11-11 14:16:17.756366: Epoch 486
2025-11-11 14:16:17.756477: Current learning rate: 0.00549
2025-11-11 14:18:45.846227: train_loss -0.665
2025-11-11 14:18:45.846473: val_loss -0.688
2025-11-11 14:18:45.846575: Pseudo dice [np.float32(0.9261), np.float32(0.7659), np.float32(0.0)]
2025-11-11 14:18:45.846673: Epoch time: 148.09 s
2025-11-11 14:18:49.128680: 
2025-11-11 14:18:49.128889: Epoch 487
2025-11-11 14:18:49.129006: Current learning rate: 0.00548
2025-11-11 14:21:14.355954: train_loss -0.6759
2025-11-11 14:21:14.356201: val_loss -0.6842
2025-11-11 14:21:14.356298: Pseudo dice [np.float32(0.9158), np.float32(0.7784), np.float32(0.0)]
2025-11-11 14:21:14.356396: Epoch time: 145.23 s
2025-11-11 14:21:17.180019: 
2025-11-11 14:21:17.180213: Epoch 488
2025-11-11 14:21:17.180327: Current learning rate: 0.00547
2025-11-11 14:23:31.073799: train_loss -0.6609
2025-11-11 14:23:31.074107: val_loss -0.6925
2025-11-11 14:23:31.074213: Pseudo dice [np.float32(0.924), np.float32(0.7822), np.float32(0.0)]
2025-11-11 14:23:31.074310: Epoch time: 133.89 s
2025-11-11 14:23:33.484188: 
2025-11-11 14:23:33.484435: Epoch 489
2025-11-11 14:23:33.484549: Current learning rate: 0.00546
2025-11-11 14:26:05.657391: train_loss -0.6772
2025-11-11 14:26:05.671401: val_loss -0.6977
2025-11-11 14:26:05.671579: Pseudo dice [np.float32(0.9155), np.float32(0.7781), np.float32(0.0)]
2025-11-11 14:26:05.671699: Epoch time: 152.17 s
2025-11-11 14:26:09.175614: 
2025-11-11 14:26:09.175861: Epoch 490
2025-11-11 14:26:09.175982: Current learning rate: 0.00546
2025-11-11 14:28:32.099519: train_loss -0.6738
2025-11-11 14:28:32.122757: val_loss -0.7082
2025-11-11 14:28:32.122923: Pseudo dice [np.float32(0.9251), np.float32(0.7933), np.float32(0.0)]
2025-11-11 14:28:32.123021: Epoch time: 142.92 s
2025-11-11 14:28:37.303405: 
2025-11-11 14:28:37.303645: Epoch 491
2025-11-11 14:28:37.303757: Current learning rate: 0.00545
2025-11-11 14:31:04.789909: train_loss -0.6622
2025-11-11 14:31:04.805401: val_loss -0.6963
2025-11-11 14:31:04.805525: Pseudo dice [np.float32(0.9244), np.float32(0.7803), np.float32(0.0)]
2025-11-11 14:31:04.805617: Epoch time: 147.49 s
2025-11-11 14:31:08.981433: 
2025-11-11 14:31:08.981595: Epoch 492
2025-11-11 14:31:08.981712: Current learning rate: 0.00544
2025-11-11 14:33:44.559826: train_loss -0.6873
2025-11-11 14:33:44.560098: val_loss -0.6986
2025-11-11 14:33:44.560202: Pseudo dice [np.float32(0.9185), np.float32(0.7727), np.float32(0.0)]
2025-11-11 14:33:44.560302: Epoch time: 155.58 s
2025-11-11 14:33:48.941834: 
2025-11-11 14:33:48.942034: Epoch 493
2025-11-11 14:33:48.942154: Current learning rate: 0.00543
2025-11-11 14:36:24.473885: train_loss -0.6927
2025-11-11 14:36:24.474160: val_loss -0.72
2025-11-11 14:36:24.474260: Pseudo dice [np.float32(0.9264), np.float32(0.7862), np.float32(0.0)]
2025-11-11 14:36:24.474362: Epoch time: 155.53 s
2025-11-11 14:36:28.136006: 
2025-11-11 14:36:28.136221: Epoch 494
2025-11-11 14:36:28.136339: Current learning rate: 0.00542
2025-11-11 14:39:04.283249: train_loss -0.6766
2025-11-11 14:39:04.283519: val_loss -0.6721
2025-11-11 14:39:04.283623: Pseudo dice [np.float32(0.9254), np.float32(0.7886), np.float32(0.0)]
2025-11-11 14:39:04.283724: Epoch time: 156.15 s
2025-11-11 14:39:09.268646: 
2025-11-11 14:39:09.268864: Epoch 495
2025-11-11 14:39:09.268986: Current learning rate: 0.00541
2025-11-11 14:41:50.290444: train_loss -0.6833
2025-11-11 14:41:50.290710: val_loss -0.7026
2025-11-11 14:41:50.290821: Pseudo dice [np.float32(0.9228), np.float32(0.7963), np.float32(0.0)]
2025-11-11 14:41:50.290927: Epoch time: 161.02 s
2025-11-11 14:41:53.632942: 
2025-11-11 14:41:53.633128: Epoch 496
2025-11-11 14:41:53.633278: Current learning rate: 0.0054
2025-11-11 14:44:22.855919: train_loss -0.6782
2025-11-11 14:44:22.856178: val_loss -0.7117
2025-11-11 14:44:22.856278: Pseudo dice [np.float32(0.9193), np.float32(0.7849), np.float32(0.0)]
2025-11-11 14:44:22.856377: Epoch time: 149.22 s
2025-11-11 14:44:28.037136: 
2025-11-11 14:44:28.037451: Epoch 497
2025-11-11 14:44:28.037591: Current learning rate: 0.00539
2025-11-11 14:46:51.859672: train_loss -0.6716
2025-11-11 14:46:51.859955: val_loss -0.6667
2025-11-11 14:46:51.860059: Pseudo dice [np.float32(0.9183), np.float32(0.7796), np.float32(0.0)]
2025-11-11 14:46:51.860172: Epoch time: 143.82 s
2025-11-11 14:46:55.231054: 
2025-11-11 14:46:55.231363: Epoch 498
2025-11-11 14:46:55.231484: Current learning rate: 0.00538
2025-11-11 14:49:31.755204: train_loss -0.6847
2025-11-11 14:49:31.770605: val_loss -0.6592
2025-11-11 14:49:31.770765: Pseudo dice [np.float32(0.9305), np.float32(0.7787), np.float32(0.0)]
2025-11-11 14:49:31.770878: Epoch time: 156.53 s
2025-11-11 14:49:34.638904: 
2025-11-11 14:49:34.652440: Epoch 499
2025-11-11 14:49:34.652650: Current learning rate: 0.00537
2025-11-11 14:52:06.840363: train_loss -0.6952
2025-11-11 14:52:06.840686: val_loss -0.6834
2025-11-11 14:52:06.840794: Pseudo dice [np.float32(0.9286), np.float32(0.7779), np.float32(0.0)]
2025-11-11 14:52:06.840900: Epoch time: 152.2 s
2025-11-11 14:52:11.555438: 
2025-11-11 14:52:11.555766: Epoch 500
2025-11-11 14:52:11.555899: Current learning rate: 0.00536
2025-11-11 14:54:52.965496: train_loss -0.6796
2025-11-11 14:54:52.965750: val_loss -0.6525
2025-11-11 14:54:52.965860: Pseudo dice [np.float32(0.9152), np.float32(0.7663), np.float32(0.0)]
2025-11-11 14:54:52.965959: Epoch time: 161.41 s
2025-11-11 14:54:58.683932: 
2025-11-11 14:54:58.684164: Epoch 501
2025-11-11 14:54:58.684285: Current learning rate: 0.00535
2025-11-11 14:57:26.918993: train_loss -0.6709
2025-11-11 14:57:26.919351: val_loss -0.6878
2025-11-11 14:57:26.919463: Pseudo dice [np.float32(0.9195), np.float32(0.79), np.float32(0.0)]
2025-11-11 14:57:26.919565: Epoch time: 148.24 s
2025-11-11 14:57:30.792521: 
2025-11-11 14:57:30.792745: Epoch 502
2025-11-11 14:57:30.792974: Current learning rate: 0.00534
2025-11-11 14:59:58.736084: train_loss -0.6775
2025-11-11 14:59:58.736312: val_loss -0.6606
2025-11-11 14:59:58.736413: Pseudo dice [np.float32(0.9207), np.float32(0.7675), np.float32(0.0)]
2025-11-11 14:59:58.736511: Epoch time: 147.94 s
2025-11-11 15:00:02.306398: 
2025-11-11 15:00:02.306593: Epoch 503
2025-11-11 15:00:02.306705: Current learning rate: 0.00533
2025-11-11 15:02:34.240898: train_loss -0.6792
2025-11-11 15:02:34.241155: val_loss -0.6495
2025-11-11 15:02:34.241255: Pseudo dice [np.float32(0.9221), np.float32(0.7861), np.float32(0.0)]
2025-11-11 15:02:34.241355: Epoch time: 151.94 s
2025-11-11 15:02:37.636975: 
2025-11-11 15:02:37.637204: Epoch 504
2025-11-11 15:02:37.637321: Current learning rate: 0.00532
2025-11-11 15:05:15.813664: train_loss -0.6764
2025-11-11 15:05:15.813935: val_loss -0.6936
2025-11-11 15:05:15.814038: Pseudo dice [np.float32(0.9204), np.float32(0.7837), np.float32(0.0)]
2025-11-11 15:05:15.814141: Epoch time: 158.18 s
2025-11-11 15:05:17.814380: 
2025-11-11 15:05:17.815576: Epoch 505
2025-11-11 15:05:17.815716: Current learning rate: 0.00531
2025-11-11 15:07:53.639383: train_loss -0.6777
2025-11-11 15:07:53.643110: val_loss -0.6896
2025-11-11 15:07:53.643246: Pseudo dice [np.float32(0.9173), np.float32(0.7862), np.float32(0.0)]
2025-11-11 15:07:53.643344: Epoch time: 155.83 s
2025-11-11 15:07:57.639711: 
2025-11-11 15:07:57.639944: Epoch 506
2025-11-11 15:07:57.640065: Current learning rate: 0.0053
2025-11-11 15:10:33.690416: train_loss -0.6898
2025-11-11 15:10:33.712041: val_loss -0.6706
2025-11-11 15:10:33.712185: Pseudo dice [np.float32(0.9276), np.float32(0.7728), np.float32(0.0)]
2025-11-11 15:10:33.712285: Epoch time: 156.05 s
2025-11-11 15:10:38.897164: 
2025-11-11 15:10:38.897369: Epoch 507
2025-11-11 15:10:38.897485: Current learning rate: 0.00529
2025-11-11 15:13:11.614254: train_loss -0.6886
2025-11-11 15:13:11.614505: val_loss -0.7055
2025-11-11 15:13:11.614603: Pseudo dice [np.float32(0.9285), np.float32(0.7918), np.float32(0.0)]
2025-11-11 15:13:11.614700: Epoch time: 152.72 s
2025-11-11 15:13:16.482064: 
2025-11-11 15:13:16.482308: Epoch 508
2025-11-11 15:13:16.482427: Current learning rate: 0.00528
2025-11-11 15:15:53.913409: train_loss -0.685
2025-11-11 15:15:53.913669: val_loss -0.6771
2025-11-11 15:15:53.913770: Pseudo dice [np.float32(0.9242), np.float32(0.7787), np.float32(0.0)]
2025-11-11 15:15:53.913881: Epoch time: 157.43 s
2025-11-11 15:15:56.646051: 
2025-11-11 15:15:56.646267: Epoch 509
2025-11-11 15:15:56.646387: Current learning rate: 0.00527
2025-11-11 15:18:32.086493: train_loss -0.6869
2025-11-11 15:18:32.086762: val_loss -0.6785
2025-11-11 15:18:32.086874: Pseudo dice [np.float32(0.9239), np.float32(0.7823), np.float32(0.0)]
2025-11-11 15:18:32.086982: Epoch time: 155.44 s
2025-11-11 15:18:35.317122: 
2025-11-11 15:18:35.317333: Epoch 510
2025-11-11 15:18:35.317512: Current learning rate: 0.00526
2025-11-11 15:21:09.396325: train_loss -0.6688
2025-11-11 15:21:09.396584: val_loss -0.6746
2025-11-11 15:21:09.396682: Pseudo dice [np.float32(0.9245), np.float32(0.7848), np.float32(0.0)]
2025-11-11 15:21:09.396784: Epoch time: 154.08 s
2025-11-11 15:21:13.932128: 
2025-11-11 15:21:13.932342: Epoch 511
2025-11-11 15:21:13.932458: Current learning rate: 0.00525
2025-11-11 15:23:50.115919: train_loss -0.6863
2025-11-11 15:23:50.116178: val_loss -0.6687
2025-11-11 15:23:50.116279: Pseudo dice [np.float32(0.9248), np.float32(0.7804), np.float32(0.0)]
2025-11-11 15:23:50.116381: Epoch time: 156.18 s
2025-11-11 15:23:54.933189: 
2025-11-11 15:23:54.933437: Epoch 512
2025-11-11 15:23:54.933553: Current learning rate: 0.00524
2025-11-11 15:26:32.038976: train_loss -0.669
2025-11-11 15:26:32.039255: val_loss -0.7035
2025-11-11 15:26:32.039357: Pseudo dice [np.float32(0.9172), np.float32(0.7839), np.float32(0.0)]
2025-11-11 15:26:32.039457: Epoch time: 157.11 s
2025-11-11 15:26:36.072914: 
2025-11-11 15:26:36.073857: Epoch 513
2025-11-11 15:26:36.074042: Current learning rate: 0.00523
2025-11-11 15:29:18.267259: train_loss -0.6749
2025-11-11 15:29:18.267533: val_loss -0.6866
2025-11-11 15:29:18.267652: Pseudo dice [np.float32(0.9187), np.float32(0.7864), np.float32(0.0)]
2025-11-11 15:29:18.267758: Epoch time: 162.2 s
2025-11-11 15:29:22.539293: 
2025-11-11 15:29:22.539530: Epoch 514
2025-11-11 15:29:22.539655: Current learning rate: 0.00522
2025-11-11 15:31:56.384946: train_loss -0.6735
2025-11-11 15:31:56.385281: val_loss -0.6728
2025-11-11 15:31:56.385387: Pseudo dice [np.float32(0.9257), np.float32(0.7785), np.float32(0.0)]
2025-11-11 15:31:56.385490: Epoch time: 153.85 s
2025-11-11 15:32:00.759646: 
2025-11-11 15:32:00.759897: Epoch 515
2025-11-11 15:32:00.760027: Current learning rate: 0.00521
2025-11-11 15:34:37.646283: train_loss -0.6772
2025-11-11 15:34:37.646531: val_loss -0.6843
2025-11-11 15:34:37.646632: Pseudo dice [np.float32(0.9232), np.float32(0.7862), np.float32(0.0)]
2025-11-11 15:34:37.646729: Epoch time: 156.89 s
2025-11-11 15:34:42.190453: 
2025-11-11 15:34:42.190689: Epoch 516
2025-11-11 15:34:42.190815: Current learning rate: 0.0052
2025-11-11 15:37:12.076832: train_loss -0.6821
2025-11-11 15:37:12.085748: val_loss -0.7021
2025-11-11 15:37:12.085940: Pseudo dice [np.float32(0.9267), np.float32(0.7805), np.float32(0.0)]
2025-11-11 15:37:12.086039: Epoch time: 149.89 s
2025-11-11 15:37:17.140152: 
2025-11-11 15:37:17.140401: Epoch 517
2025-11-11 15:37:17.140530: Current learning rate: 0.00519
2025-11-11 15:39:51.712215: train_loss -0.6786
2025-11-11 15:39:51.712563: val_loss -0.6733
2025-11-11 15:39:51.712668: Pseudo dice [np.float32(0.9223), np.float32(0.7921), np.float32(0.0)]
2025-11-11 15:39:51.712770: Epoch time: 154.57 s
2025-11-11 15:39:56.089687: 
2025-11-11 15:39:56.089913: Epoch 518
2025-11-11 15:39:56.090033: Current learning rate: 0.00518
2025-11-11 15:42:34.819651: train_loss -0.682
2025-11-11 15:42:34.819928: val_loss -0.6918
2025-11-11 15:42:34.820028: Pseudo dice [np.float32(0.9178), np.float32(0.7763), np.float32(0.0)]
2025-11-11 15:42:34.820126: Epoch time: 158.73 s
2025-11-11 15:42:39.345527: 
2025-11-11 15:42:39.345754: Epoch 519
2025-11-11 15:42:39.345884: Current learning rate: 0.00518
2025-11-11 15:45:10.295709: train_loss -0.6795
2025-11-11 15:45:10.295981: val_loss -0.6798
2025-11-11 15:45:10.296180: Pseudo dice [np.float32(0.9166), np.float32(0.7877), np.float32(0.0)]
2025-11-11 15:45:10.296284: Epoch time: 150.95 s
2025-11-11 15:45:13.518143: 
2025-11-11 15:45:13.518348: Epoch 520
2025-11-11 15:45:13.518463: Current learning rate: 0.00517
2025-11-11 15:47:54.018924: train_loss -0.6689
2025-11-11 15:47:54.019165: val_loss -0.6838
2025-11-11 15:47:54.019266: Pseudo dice [np.float32(0.924), np.float32(0.7789), np.float32(0.0)]
2025-11-11 15:47:54.019366: Epoch time: 160.5 s
2025-11-11 15:47:58.226429: 
2025-11-11 15:47:58.226661: Epoch 521
2025-11-11 15:47:58.226782: Current learning rate: 0.00516
2025-11-11 15:50:37.211396: train_loss -0.6686
2025-11-11 15:50:37.211665: val_loss -0.6644
2025-11-11 15:50:37.211770: Pseudo dice [np.float32(0.9254), np.float32(0.787), np.float32(0.0)]
2025-11-11 15:50:37.211877: Epoch time: 158.99 s
2025-11-11 15:50:41.262481: 
2025-11-11 15:50:41.262768: Epoch 522
2025-11-11 15:50:41.262897: Current learning rate: 0.00515
2025-11-11 15:53:13.131447: train_loss -0.664
2025-11-11 15:53:13.134628: val_loss -0.6828
2025-11-11 15:53:13.134753: Pseudo dice [np.float32(0.914), np.float32(0.793), np.float32(0.0)]
2025-11-11 15:53:13.134857: Epoch time: 151.87 s
2025-11-11 15:53:16.580093: 
2025-11-11 15:53:16.580423: Epoch 523
2025-11-11 15:53:16.580550: Current learning rate: 0.00514
2025-11-11 15:55:51.009427: train_loss -0.6862
2025-11-11 15:55:51.009659: val_loss -0.7149
2025-11-11 15:55:51.009761: Pseudo dice [np.float32(0.9261), np.float32(0.7737), np.float32(0.0)]
2025-11-11 15:55:51.009871: Epoch time: 154.43 s
2025-11-11 15:55:54.988987: 
2025-11-11 15:55:54.989208: Epoch 524
2025-11-11 15:55:54.989329: Current learning rate: 0.00513
2025-11-11 15:58:25.753608: train_loss -0.7015
2025-11-11 15:58:25.753880: val_loss -0.6963
2025-11-11 15:58:25.753984: Pseudo dice [np.float32(0.923), np.float32(0.7895), np.float32(0.0)]
2025-11-11 15:58:25.754084: Epoch time: 150.77 s
2025-11-11 15:58:29.971739: 
2025-11-11 15:58:29.971936: Epoch 525
2025-11-11 15:58:29.972052: Current learning rate: 0.00512
2025-11-11 16:01:05.794227: train_loss -0.6641
2025-11-11 16:01:05.794487: val_loss -0.6895
2025-11-11 16:01:05.794589: Pseudo dice [np.float32(0.9139), np.float32(0.7916), np.float32(0.0)]
2025-11-11 16:01:05.794688: Epoch time: 155.82 s
2025-11-11 16:01:10.034864: 
2025-11-11 16:01:10.035074: Epoch 526
2025-11-11 16:01:10.035194: Current learning rate: 0.00511
2025-11-11 16:03:48.777049: train_loss -0.6772
2025-11-11 16:03:48.777320: val_loss -0.6732
2025-11-11 16:03:48.777419: Pseudo dice [np.float32(0.9286), np.float32(0.7679), np.float32(0.0)]
2025-11-11 16:03:48.777518: Epoch time: 158.74 s
2025-11-11 16:03:52.955136: 
2025-11-11 16:03:52.955344: Epoch 527
2025-11-11 16:03:52.955459: Current learning rate: 0.0051
2025-11-11 16:06:29.604319: train_loss -0.6709
2025-11-11 16:06:29.604568: val_loss -0.6744
2025-11-11 16:06:29.604670: Pseudo dice [np.float32(0.9268), np.float32(0.7925), np.float32(0.0)]
2025-11-11 16:06:29.604775: Epoch time: 156.65 s
2025-11-11 16:06:34.662345: 
2025-11-11 16:06:34.662557: Epoch 528
2025-11-11 16:06:34.662672: Current learning rate: 0.00509
2025-11-11 16:09:11.300503: train_loss -0.6775
2025-11-11 16:09:11.300777: val_loss -0.6833
2025-11-11 16:09:11.300919: Pseudo dice [np.float32(0.9238), np.float32(0.7918), np.float32(0.0)]
2025-11-11 16:09:11.301012: Epoch time: 156.63 s
2025-11-11 16:09:14.963506: 
2025-11-11 16:09:14.963753: Epoch 529
2025-11-11 16:09:14.963874: Current learning rate: 0.00508
2025-11-11 16:11:46.261529: train_loss -0.6788
2025-11-11 16:11:46.261813: val_loss -0.7017
2025-11-11 16:11:46.261920: Pseudo dice [np.float32(0.9251), np.float32(0.7956), np.float32(0.0)]
2025-11-11 16:11:46.262027: Epoch time: 151.3 s
2025-11-11 16:11:48.970398: 
2025-11-11 16:11:48.970645: Epoch 530
2025-11-11 16:11:48.970764: Current learning rate: 0.00507
2025-11-11 16:14:23.243629: train_loss -0.6834
2025-11-11 16:14:23.243881: val_loss -0.6933
2025-11-11 16:14:23.243987: Pseudo dice [np.float32(0.9258), np.float32(0.7954), np.float32(0.0)]
2025-11-11 16:14:23.244086: Epoch time: 154.27 s
2025-11-11 16:14:28.042504: 
2025-11-11 16:14:28.042738: Epoch 531
2025-11-11 16:14:28.042861: Current learning rate: 0.00506
2025-11-11 16:17:00.984058: train_loss -0.6862
2025-11-11 16:17:00.987946: val_loss -0.6936
2025-11-11 16:17:00.988160: Pseudo dice [np.float32(0.9248), np.float32(0.785), np.float32(0.0)]
2025-11-11 16:17:00.988256: Epoch time: 152.94 s
2025-11-11 16:17:05.205992: 
2025-11-11 16:17:05.206275: Epoch 532
2025-11-11 16:17:05.206398: Current learning rate: 0.00505
2025-11-11 16:19:45.959353: train_loss -0.6849
2025-11-11 16:19:45.971059: val_loss -0.6682
2025-11-11 16:19:45.971223: Pseudo dice [np.float32(0.9264), np.float32(0.787), np.float32(0.0)]
2025-11-11 16:19:45.971345: Epoch time: 160.75 s
2025-11-11 16:19:50.667962: 
2025-11-11 16:19:50.668204: Epoch 533
2025-11-11 16:19:50.668322: Current learning rate: 0.00504
2025-11-11 16:22:28.859730: train_loss -0.6837
2025-11-11 16:22:28.860071: val_loss -0.6836
2025-11-11 16:22:28.860186: Pseudo dice [np.float32(0.9319), np.float32(0.7715), np.float32(0.0)]
2025-11-11 16:22:28.860296: Epoch time: 158.19 s
2025-11-11 16:22:33.500883: 
2025-11-11 16:22:33.501108: Epoch 534
2025-11-11 16:22:33.501228: Current learning rate: 0.00503
2025-11-11 16:25:10.254496: train_loss -0.6874
2025-11-11 16:25:10.254855: val_loss -0.7011
2025-11-11 16:25:10.254963: Pseudo dice [np.float32(0.9154), np.float32(0.7732), np.float32(0.0)]
2025-11-11 16:25:10.255070: Epoch time: 156.75 s
2025-11-11 16:25:14.498478: 
2025-11-11 16:25:14.498758: Epoch 535
2025-11-11 16:25:14.498887: Current learning rate: 0.00502
2025-11-11 16:27:56.116950: train_loss -0.6772
2025-11-11 16:27:56.117208: val_loss -0.7128
2025-11-11 16:27:56.117307: Pseudo dice [np.float32(0.9285), np.float32(0.7894), np.float32(0.0)]
2025-11-11 16:27:56.117409: Epoch time: 161.62 s
2025-11-11 16:27:59.230533: 
2025-11-11 16:27:59.230746: Epoch 536
2025-11-11 16:27:59.230871: Current learning rate: 0.00501
2025-11-11 16:30:40.835642: train_loss -0.6849
2025-11-11 16:30:40.837034: val_loss -0.6849
2025-11-11 16:30:40.837167: Pseudo dice [np.float32(0.9316), np.float32(0.8014), np.float32(0.0)]
2025-11-11 16:30:40.837270: Epoch time: 161.61 s
2025-11-11 16:30:44.781350: 
2025-11-11 16:30:44.781558: Epoch 537
2025-11-11 16:30:44.781692: Current learning rate: 0.005
2025-11-11 16:33:25.368039: train_loss -0.6659
2025-11-11 16:33:25.368297: val_loss -0.6891
2025-11-11 16:33:25.368413: Pseudo dice [np.float32(0.9246), np.float32(0.7681), np.float32(0.0)]
2025-11-11 16:33:25.368524: Epoch time: 160.59 s
2025-11-11 16:33:30.919814: 
2025-11-11 16:33:30.924273: Epoch 538
2025-11-11 16:33:30.924453: Current learning rate: 0.00499
2025-11-11 16:36:12.205171: train_loss -0.6815
2025-11-11 16:36:12.205433: val_loss -0.7168
2025-11-11 16:36:12.205547: Pseudo dice [np.float32(0.9133), np.float32(0.7778), np.float32(0.0)]
2025-11-11 16:36:12.205653: Epoch time: 161.29 s
2025-11-11 16:36:15.464491: 
2025-11-11 16:36:15.464695: Epoch 539
2025-11-11 16:36:15.464878: Current learning rate: 0.00498
2025-11-11 16:39:06.391837: train_loss -0.6749
2025-11-11 16:39:06.392095: val_loss -0.6777
2025-11-11 16:39:06.392197: Pseudo dice [np.float32(0.922), np.float32(0.7739), np.float32(0.0)]
2025-11-11 16:39:06.392303: Epoch time: 170.93 s
2025-11-11 16:39:10.847172: 
2025-11-11 16:39:10.847393: Epoch 540
2025-11-11 16:39:10.847522: Current learning rate: 0.00497
2025-11-11 16:41:52.960753: train_loss -0.6897
2025-11-11 16:41:52.961014: val_loss -0.6694
2025-11-11 16:41:52.961116: Pseudo dice [np.float32(0.9248), np.float32(0.785), np.float32(0.0)]
2025-11-11 16:41:52.961215: Epoch time: 162.11 s
2025-11-11 16:41:57.282236: 
2025-11-11 16:41:57.282454: Epoch 541
2025-11-11 16:41:57.282574: Current learning rate: 0.00496
2025-11-11 16:44:37.173390: train_loss -0.6834
2025-11-11 16:44:37.173661: val_loss -0.7002
2025-11-11 16:44:37.173771: Pseudo dice [np.float32(0.9281), np.float32(0.7759), np.float32(0.0)]
2025-11-11 16:44:37.173883: Epoch time: 159.89 s
2025-11-11 16:44:41.499431: 
2025-11-11 16:44:41.499654: Epoch 542
2025-11-11 16:44:41.499781: Current learning rate: 0.00495
2025-11-11 16:47:28.942874: train_loss -0.6894
2025-11-11 16:47:28.944201: val_loss -0.6701
2025-11-11 16:47:28.957710: Pseudo dice [np.float32(0.9257), np.float32(0.799), np.float32(0.0)]
2025-11-11 16:47:28.957876: Epoch time: 167.44 s
2025-11-11 16:47:34.072498: 
2025-11-11 16:47:34.072722: Epoch 543
2025-11-11 16:47:34.079895: Current learning rate: 0.00494
2025-11-11 16:50:18.297476: train_loss -0.6949
2025-11-11 16:50:18.297740: val_loss -0.6867
2025-11-11 16:50:18.297853: Pseudo dice [np.float32(0.9182), np.float32(0.7899), np.float32(0.0)]
2025-11-11 16:50:18.297957: Epoch time: 164.23 s
2025-11-11 16:50:23.480337: 
2025-11-11 16:50:23.480776: Epoch 544
2025-11-11 16:50:23.480934: Current learning rate: 0.00493
2025-11-11 16:53:00.367029: train_loss -0.693
2025-11-11 16:53:00.367289: val_loss -0.6713
2025-11-11 16:53:00.367399: Pseudo dice [np.float32(0.9262), np.float32(0.794), np.float32(0.0)]
2025-11-11 16:53:00.367501: Epoch time: 156.89 s
2025-11-11 16:53:05.042707: 
2025-11-11 16:53:05.042947: Epoch 545
2025-11-11 16:53:05.043091: Current learning rate: 0.00492
2025-11-11 16:55:52.564360: train_loss -0.6801
2025-11-11 16:55:52.564620: val_loss -0.6773
2025-11-11 16:55:52.564724: Pseudo dice [np.float32(0.9327), np.float32(0.7835), np.float32(0.0)]
2025-11-11 16:55:52.565768: Epoch time: 167.52 s
2025-11-11 16:55:56.725373: 
2025-11-11 16:55:56.725636: Epoch 546
2025-11-11 16:55:56.725760: Current learning rate: 0.00491
2025-11-11 16:58:51.720508: train_loss -0.6606
2025-11-11 16:58:51.720779: val_loss -0.6972
2025-11-11 16:58:51.720890: Pseudo dice [np.float32(0.9163), np.float32(0.7874), np.float32(0.0)]
2025-11-11 16:58:51.720989: Epoch time: 175.0 s
2025-11-11 16:58:56.475398: 
2025-11-11 16:58:56.475647: Epoch 547
2025-11-11 16:58:56.475770: Current learning rate: 0.0049
2025-11-11 17:01:34.480888: train_loss -0.6824
2025-11-11 17:01:34.481126: val_loss -0.7123
2025-11-11 17:01:34.481226: Pseudo dice [np.float32(0.9167), np.float32(0.7657), np.float32(0.0)]
2025-11-11 17:01:34.481324: Epoch time: 158.01 s
2025-11-11 17:01:38.797675: 
2025-11-11 17:01:38.797929: Epoch 548
2025-11-11 17:01:38.798048: Current learning rate: 0.00489
2025-11-11 17:04:23.982914: train_loss -0.6856
2025-11-11 17:04:23.983183: val_loss -0.7069
2025-11-11 17:04:23.983287: Pseudo dice [np.float32(0.9136), np.float32(0.7881), np.float32(0.0)]
2025-11-11 17:04:23.983391: Epoch time: 165.19 s
2025-11-11 17:04:28.176183: 
2025-11-11 17:04:28.176391: Epoch 549
2025-11-11 17:04:28.176511: Current learning rate: 0.00488
2025-11-11 17:07:10.530616: train_loss -0.6798
2025-11-11 17:07:10.530883: val_loss -0.7002
2025-11-11 17:07:10.530989: Pseudo dice [np.float32(0.9212), np.float32(0.7809), np.float32(0.0)]
2025-11-11 17:07:10.531089: Epoch time: 162.36 s
2025-11-11 17:07:16.292313: 
2025-11-11 17:07:16.292539: Epoch 550
2025-11-11 17:07:16.292658: Current learning rate: 0.00487
2025-11-11 17:09:53.194568: train_loss -0.6673
2025-11-11 17:09:53.194818: val_loss -0.7134
2025-11-11 17:09:53.194929: Pseudo dice [np.float32(0.9224), np.float32(0.784), np.float32(0.0)]
2025-11-11 17:09:53.195036: Epoch time: 156.9 s
2025-11-11 17:09:55.325545: 
2025-11-11 17:09:55.325825: Epoch 551
2025-11-11 17:09:55.325954: Current learning rate: 0.00486
2025-11-11 17:12:38.529368: train_loss -0.6736
2025-11-11 17:12:38.529638: val_loss -0.7115
2025-11-11 17:12:38.529741: Pseudo dice [np.float32(0.9301), np.float32(0.7934), np.float32(0.0)]
2025-11-11 17:12:38.536463: Epoch time: 163.2 s
2025-11-11 17:12:43.549386: 
2025-11-11 17:12:43.549588: Epoch 552
2025-11-11 17:12:43.549709: Current learning rate: 0.00485
2025-11-11 17:15:30.761159: train_loss -0.6849
2025-11-11 17:15:30.761424: val_loss -0.7217
2025-11-11 17:15:30.761533: Pseudo dice [np.float32(0.9184), np.float32(0.7817), np.float32(0.0)]
2025-11-11 17:15:30.772857: Epoch time: 167.21 s
2025-11-11 17:15:35.226037: 
2025-11-11 17:15:35.226280: Epoch 553
2025-11-11 17:15:35.226412: Current learning rate: 0.00484
2025-11-11 17:18:14.524175: train_loss -0.675
2025-11-11 17:18:14.532366: val_loss -0.7378
2025-11-11 17:18:14.532589: Pseudo dice [np.float32(0.9263), np.float32(0.7966), np.float32(0.0)]
2025-11-11 17:18:14.532695: Epoch time: 159.3 s
2025-11-11 17:18:17.674619: 
2025-11-11 17:18:17.674836: Epoch 554
2025-11-11 17:18:17.674984: Current learning rate: 0.00484
2025-11-11 17:20:45.898423: train_loss -0.6844
2025-11-11 17:20:45.898682: val_loss -0.7095
2025-11-11 17:20:45.898787: Pseudo dice [np.float32(0.9241), np.float32(0.796), np.float32(0.0)]
2025-11-11 17:20:45.898900: Epoch time: 148.22 s
2025-11-11 17:20:49.528260: 
2025-11-11 17:20:49.529344: Epoch 555
2025-11-11 17:20:49.529499: Current learning rate: 0.00483
2025-11-11 17:23:22.515553: train_loss -0.6824
2025-11-11 17:23:22.515832: val_loss -0.724
2025-11-11 17:23:22.515938: Pseudo dice [np.float32(0.9213), np.float32(0.7716), np.float32(0.0)]
2025-11-11 17:23:22.516041: Epoch time: 152.99 s
2025-11-11 17:23:27.748657: 
2025-11-11 17:23:27.748867: Epoch 556
2025-11-11 17:23:27.748984: Current learning rate: 0.00482
2025-11-11 17:26:10.743114: train_loss -0.6851
2025-11-11 17:26:10.743380: val_loss -0.6688
2025-11-11 17:26:10.743485: Pseudo dice [np.float32(0.9259), np.float32(0.7964), np.float32(0.0)]
2025-11-11 17:26:10.743585: Epoch time: 163.0 s
2025-11-11 17:26:15.788155: 
2025-11-11 17:26:15.788351: Epoch 557
2025-11-11 17:26:15.788474: Current learning rate: 0.00481
2025-11-11 17:29:01.192152: train_loss -0.6841
2025-11-11 17:29:01.192430: val_loss -0.7
2025-11-11 17:29:01.192530: Pseudo dice [np.float32(0.9254), np.float32(0.7899), np.float32(0.0)]
2025-11-11 17:29:01.192635: Epoch time: 165.4 s
2025-11-11 17:29:06.282800: 
2025-11-11 17:29:06.283014: Epoch 558
2025-11-11 17:29:06.283132: Current learning rate: 0.0048
2025-11-11 17:31:54.432328: train_loss -0.6774
2025-11-11 17:31:54.434675: val_loss -0.6949
2025-11-11 17:31:54.434818: Pseudo dice [np.float32(0.9134), np.float32(0.7919), np.float32(0.0)]
2025-11-11 17:31:54.434923: Epoch time: 168.14 s
2025-11-11 17:31:56.753799: 
2025-11-11 17:31:56.754007: Epoch 559
2025-11-11 17:31:56.754158: Current learning rate: 0.00479
2025-11-11 17:34:41.156030: train_loss -0.6957
2025-11-11 17:34:41.156301: val_loss -0.6642
2025-11-11 17:34:41.156410: Pseudo dice [np.float32(0.9193), np.float32(0.7837), np.float32(0.0)]
2025-11-11 17:34:41.156529: Epoch time: 164.4 s
2025-11-11 17:34:46.835881: 
2025-11-11 17:34:46.836215: Epoch 560
2025-11-11 17:34:46.836349: Current learning rate: 0.00478
2025-11-11 17:37:31.686598: train_loss -0.6777
2025-11-11 17:37:31.686900: val_loss -0.6825
2025-11-11 17:37:31.687011: Pseudo dice [np.float32(0.9211), np.float32(0.7811), np.float32(0.0)]
2025-11-11 17:37:31.687114: Epoch time: 164.85 s
2025-11-11 17:37:36.225457: 
2025-11-11 17:37:36.225659: Epoch 561
2025-11-11 17:37:36.225778: Current learning rate: 0.00477
2025-11-11 17:40:13.707395: train_loss -0.6924
2025-11-11 17:40:13.707675: val_loss -0.6891
2025-11-11 17:40:13.707776: Pseudo dice [np.float32(0.9223), np.float32(0.7808), np.float32(0.0)]
2025-11-11 17:40:13.707888: Epoch time: 157.48 s
2025-11-11 17:40:16.890196: 
2025-11-11 17:40:16.890423: Epoch 562
2025-11-11 17:40:16.890676: Current learning rate: 0.00476
2025-11-11 17:42:54.072870: train_loss -0.6616
2025-11-11 17:42:54.074795: val_loss -0.7115
2025-11-11 17:42:54.074941: Pseudo dice [np.float32(0.9198), np.float32(0.7883), np.float32(0.0)]
2025-11-11 17:42:54.075047: Epoch time: 157.18 s
2025-11-11 17:42:58.694819: 
2025-11-11 17:42:58.695056: Epoch 563
2025-11-11 17:42:58.695177: Current learning rate: 0.00475
2025-11-11 17:45:43.436873: train_loss -0.6687
2025-11-11 17:45:43.437136: val_loss -0.7034
2025-11-11 17:45:43.445944: Pseudo dice [np.float32(0.9142), np.float32(0.7859), np.float32(0.0)]
2025-11-11 17:45:43.446107: Epoch time: 164.74 s
2025-11-11 17:45:48.149840: 
2025-11-11 17:45:48.150079: Epoch 564
2025-11-11 17:45:48.157022: Current learning rate: 0.00474
2025-11-11 17:48:29.124390: train_loss -0.6782
2025-11-11 17:48:29.124646: val_loss -0.7231
2025-11-11 17:48:29.124745: Pseudo dice [np.float32(0.9238), np.float32(0.7758), np.float32(0.0)]
2025-11-11 17:48:29.134527: Epoch time: 160.98 s
2025-11-11 17:48:33.623370: 
2025-11-11 17:48:33.623598: Epoch 565
2025-11-11 17:48:33.623727: Current learning rate: 0.00473
2025-11-11 17:51:10.516259: train_loss -0.6762
2025-11-11 17:51:10.516524: val_loss -0.6804
2025-11-11 17:51:10.516625: Pseudo dice [np.float32(0.9233), np.float32(0.7921), np.float32(0.0)]
2025-11-11 17:51:10.516725: Epoch time: 156.89 s
2025-11-11 17:51:13.919433: 
2025-11-11 17:51:13.921844: Epoch 566
2025-11-11 17:51:13.922062: Current learning rate: 0.00472
2025-11-11 17:53:50.469317: train_loss -0.6916
2025-11-11 17:53:50.480363: val_loss -0.6668
2025-11-11 17:53:50.480530: Pseudo dice [np.float32(0.9236), np.float32(0.7789), np.float32(0.0)]
2025-11-11 17:53:50.480650: Epoch time: 156.55 s
2025-11-11 17:53:53.325520: 
2025-11-11 17:53:53.325729: Epoch 567
2025-11-11 17:53:53.325862: Current learning rate: 0.00471
2025-11-11 17:56:31.788639: train_loss -0.6784
2025-11-11 17:56:31.788890: val_loss -0.7148
2025-11-11 17:56:31.793383: Pseudo dice [np.float32(0.9179), np.float32(0.7899), np.float32(0.0)]
2025-11-11 17:56:31.795708: Epoch time: 158.46 s
2025-11-11 17:56:33.775972: 
2025-11-11 17:56:33.776317: Epoch 568
2025-11-11 17:56:33.776453: Current learning rate: 0.0047
2025-11-11 17:59:16.451393: train_loss -0.6848
2025-11-11 17:59:16.451649: val_loss -0.6555
2025-11-11 17:59:16.451756: Pseudo dice [np.float32(0.9277), np.float32(0.795), np.float32(0.0)]
2025-11-11 17:59:16.451862: Epoch time: 162.68 s
2025-11-11 17:59:20.785926: 
2025-11-11 17:59:20.786155: Epoch 569
2025-11-11 17:59:20.786275: Current learning rate: 0.00469
2025-11-11 18:02:08.510471: train_loss -0.685
2025-11-11 18:02:08.510716: val_loss -0.7111
2025-11-11 18:02:08.510823: Pseudo dice [np.float32(0.9251), np.float32(0.7942), np.float32(0.0)]
2025-11-11 18:02:08.510922: Epoch time: 167.73 s
2025-11-11 18:02:12.718174: 
2025-11-11 18:02:12.718448: Epoch 570
2025-11-11 18:02:12.718582: Current learning rate: 0.00468
2025-11-11 18:05:05.358124: train_loss -0.6834
2025-11-11 18:05:05.358358: val_loss -0.6903
2025-11-11 18:05:05.358459: Pseudo dice [np.float32(0.9164), np.float32(0.7926), np.float32(0.0)]
2025-11-11 18:05:05.358557: Epoch time: 172.64 s
2025-11-11 18:05:10.518454: 
2025-11-11 18:05:10.518659: Epoch 571
2025-11-11 18:05:10.518781: Current learning rate: 0.00467
2025-11-11 18:07:49.031027: train_loss -0.6738
2025-11-11 18:07:49.031289: val_loss -0.721
2025-11-11 18:07:49.031389: Pseudo dice [np.float32(0.9181), np.float32(0.7818), np.float32(0.0)]
2025-11-11 18:07:49.031487: Epoch time: 158.51 s
2025-11-11 18:07:52.418185: 
2025-11-11 18:07:52.418396: Epoch 572
2025-11-11 18:07:52.418516: Current learning rate: 0.00466
2025-11-11 18:10:19.113354: train_loss -0.6808
2025-11-11 18:10:19.113614: val_loss -0.6702
2025-11-11 18:10:19.113721: Pseudo dice [np.float32(0.92), np.float32(0.792), np.float32(0.0)]
2025-11-11 18:10:19.113833: Epoch time: 146.7 s
2025-11-11 18:10:23.231436: 
2025-11-11 18:10:23.246541: Epoch 573
2025-11-11 18:10:23.246772: Current learning rate: 0.00465
2025-11-11 18:12:59.801360: train_loss -0.6844
2025-11-11 18:12:59.801631: val_loss -0.7166
2025-11-11 18:12:59.801734: Pseudo dice [np.float32(0.9215), np.float32(0.787), np.float32(0.0)]
2025-11-11 18:12:59.801848: Epoch time: 156.57 s
2025-11-11 18:13:03.399351: 
2025-11-11 18:13:03.399641: Epoch 574
2025-11-11 18:13:03.399782: Current learning rate: 0.00464
2025-11-11 18:15:44.949226: train_loss -0.6763
2025-11-11 18:15:44.949505: val_loss -0.7331
2025-11-11 18:15:44.949614: Pseudo dice [np.float32(0.9265), np.float32(0.8), np.float32(0.0)]
2025-11-11 18:15:44.956237: Epoch time: 161.55 s
2025-11-11 18:15:49.034359: 
2025-11-11 18:15:49.034632: Epoch 575
2025-11-11 18:15:49.034770: Current learning rate: 0.00463
2025-11-11 18:18:33.507465: train_loss -0.6986
2025-11-11 18:18:33.514540: val_loss -0.7201
2025-11-11 18:18:33.514704: Pseudo dice [np.float32(0.9245), np.float32(0.7879), np.float32(0.0)]
2025-11-11 18:18:33.514817: Epoch time: 164.47 s
2025-11-11 18:18:37.963351: 
2025-11-11 18:18:37.963527: Epoch 576
2025-11-11 18:18:37.963645: Current learning rate: 0.00462
2025-11-11 18:21:14.215175: train_loss -0.6879
2025-11-11 18:21:14.216562: val_loss -0.6969
2025-11-11 18:21:14.216812: Pseudo dice [np.float32(0.9247), np.float32(0.7894), np.float32(0.0)]
2025-11-11 18:21:14.216931: Epoch time: 156.25 s
2025-11-11 18:21:20.082275: 
2025-11-11 18:21:20.082556: Epoch 577
2025-11-11 18:21:20.082692: Current learning rate: 0.00461
2025-11-11 18:23:49.412073: train_loss -0.7016
2025-11-11 18:23:49.412464: val_loss -0.7115
2025-11-11 18:23:49.412569: Pseudo dice [np.float32(0.9244), np.float32(0.7857), np.float32(0.0)]
2025-11-11 18:23:49.412697: Epoch time: 149.33 s
2025-11-11 18:23:52.459903: 
2025-11-11 18:23:52.460116: Epoch 578
2025-11-11 18:23:52.460265: Current learning rate: 0.0046
2025-11-11 18:26:34.229396: train_loss -0.7029
2025-11-11 18:26:34.229710: val_loss -0.6948
2025-11-11 18:26:34.229840: Pseudo dice [np.float32(0.9323), np.float32(0.799), np.float32(0.0)]
2025-11-11 18:26:34.254910: Epoch time: 161.77 s
2025-11-11 18:26:39.212518: 
2025-11-11 18:26:39.212777: Epoch 579
2025-11-11 18:26:39.212913: Current learning rate: 0.00459
2025-11-11 18:29:14.869483: train_loss -0.6922
2025-11-11 18:29:14.869760: val_loss -0.7078
2025-11-11 18:29:14.869870: Pseudo dice [np.float32(0.9289), np.float32(0.7892), np.float32(0.0)]
2025-11-11 18:29:14.869970: Epoch time: 155.66 s
2025-11-11 18:29:18.259758: 
2025-11-11 18:29:18.259985: Epoch 580
2025-11-11 18:29:18.260178: Current learning rate: 0.00458
2025-11-11 18:31:57.610213: train_loss -0.692
2025-11-11 18:31:57.610466: val_loss -0.688
2025-11-11 18:31:57.610569: Pseudo dice [np.float32(0.9275), np.float32(0.7928), np.float32(0.0)]
2025-11-11 18:31:57.610687: Epoch time: 159.35 s
2025-11-11 18:32:02.261361: 
2025-11-11 18:32:02.261580: Epoch 581
2025-11-11 18:32:02.261701: Current learning rate: 0.00457
2025-11-11 18:34:32.082732: train_loss -0.6883
2025-11-11 18:34:32.087066: val_loss -0.7056
2025-11-11 18:34:32.092014: Pseudo dice [np.float32(0.9255), np.float32(0.7962), np.float32(0.0)]
2025-11-11 18:34:32.092197: Epoch time: 149.82 s
2025-11-11 18:34:36.698966: 
2025-11-11 18:34:36.699194: Epoch 582
2025-11-11 18:34:36.699314: Current learning rate: 0.00456
2025-11-11 18:37:14.966969: train_loss -0.6963
2025-11-11 18:37:14.967270: val_loss -0.703
2025-11-11 18:37:14.967367: Pseudo dice [np.float32(0.9283), np.float32(0.7995), np.float32(0.0)]
2025-11-11 18:37:14.967463: Epoch time: 158.25 s
2025-11-11 18:37:19.504223: 
2025-11-11 18:37:19.504437: Epoch 583
2025-11-11 18:37:19.504557: Current learning rate: 0.00455
2025-11-11 18:40:04.329363: train_loss -0.6855
2025-11-11 18:40:04.350067: val_loss -0.704
2025-11-11 18:40:04.350247: Pseudo dice [np.float32(0.9277), np.float32(0.7905), np.float32(0.0)]
2025-11-11 18:40:04.350351: Epoch time: 164.83 s
2025-11-11 18:40:09.164419: 
2025-11-11 18:40:09.164752: Epoch 584
2025-11-11 18:40:09.164883: Current learning rate: 0.00454
2025-11-11 18:42:47.528176: train_loss -0.6889
2025-11-11 18:42:47.528443: val_loss -0.7155
2025-11-11 18:42:47.528545: Pseudo dice [np.float32(0.9285), np.float32(0.768), np.float32(0.0)]
2025-11-11 18:42:47.528646: Epoch time: 158.36 s
2025-11-11 18:42:51.548361: 
2025-11-11 18:42:51.548582: Epoch 585
2025-11-11 18:42:51.548702: Current learning rate: 0.00453
2025-11-11 18:45:34.486400: train_loss -0.6813
2025-11-11 18:45:34.486704: val_loss -0.6715
2025-11-11 18:45:34.486821: Pseudo dice [np.float32(0.9242), np.float32(0.7831), np.float32(0.0)]
2025-11-11 18:45:34.486929: Epoch time: 162.94 s
2025-11-11 18:45:38.367899: 
2025-11-11 18:45:38.368133: Epoch 586
2025-11-11 18:45:38.368255: Current learning rate: 0.00452
2025-11-11 18:48:12.606363: train_loss -0.6902
2025-11-11 18:48:12.606632: val_loss -0.7121
2025-11-11 18:48:12.606736: Pseudo dice [np.float32(0.9226), np.float32(0.7926), np.float32(0.0)]
2025-11-11 18:48:12.606845: Epoch time: 154.24 s
2025-11-11 18:48:17.658593: 
2025-11-11 18:48:17.658817: Epoch 587
2025-11-11 18:48:17.658947: Current learning rate: 0.00451
2025-11-11 18:50:51.267433: train_loss -0.6891
2025-11-11 18:50:51.267718: val_loss -0.688
2025-11-11 18:50:51.267830: Pseudo dice [np.float32(0.9189), np.float32(0.7931), np.float32(0.0)]
2025-11-11 18:50:51.267936: Epoch time: 153.61 s
2025-11-11 18:50:55.779405: 
2025-11-11 18:50:55.779607: Epoch 588
2025-11-11 18:50:55.779731: Current learning rate: 0.0045
2025-11-11 18:53:24.678068: train_loss -0.6819
2025-11-11 18:53:24.707075: val_loss -0.7039
2025-11-11 18:53:24.707287: Pseudo dice [np.float32(0.9302), np.float32(0.8026), np.float32(0.0)]
2025-11-11 18:53:24.707388: Epoch time: 148.9 s
2025-11-11 18:53:28.644008: 
2025-11-11 18:53:28.645058: Epoch 589
2025-11-11 18:53:28.645234: Current learning rate: 0.00449
2025-11-11 18:56:08.324281: train_loss -0.6891
2025-11-11 18:56:08.336962: val_loss -0.7248
2025-11-11 18:56:08.337149: Pseudo dice [np.float32(0.9267), np.float32(0.7842), np.float32(0.0)]
2025-11-11 18:56:08.337249: Epoch time: 159.68 s
2025-11-11 18:56:12.900379: 
2025-11-11 18:56:12.900617: Epoch 590
2025-11-11 18:56:12.900755: Current learning rate: 0.00448
2025-11-11 18:58:49.862518: train_loss -0.6924
2025-11-11 18:58:49.864933: val_loss -0.7168
2025-11-11 18:58:49.865074: Pseudo dice [np.float32(0.9146), np.float32(0.7863), np.float32(0.0)]
2025-11-11 18:58:49.865168: Epoch time: 156.96 s
2025-11-11 18:58:52.647915: 
2025-11-11 18:58:52.648145: Epoch 591
2025-11-11 18:58:52.648262: Current learning rate: 0.00447
2025-11-11 19:01:30.411906: train_loss -0.6915
2025-11-11 19:01:30.413720: val_loss -0.7017
2025-11-11 19:01:30.413866: Pseudo dice [np.float32(0.9276), np.float32(0.7912), np.float32(0.0)]
2025-11-11 19:01:30.413966: Epoch time: 157.76 s
2025-11-11 19:01:36.440956: 
2025-11-11 19:01:36.441167: Epoch 592
2025-11-11 19:01:36.441287: Current learning rate: 0.00446
2025-11-11 19:04:12.825781: train_loss -0.6833
2025-11-11 19:04:12.829835: val_loss -0.6993
2025-11-11 19:04:12.829994: Pseudo dice [np.float32(0.9249), np.float32(0.7876), np.float32(0.0)]
2025-11-11 19:04:12.830091: Epoch time: 156.39 s
2025-11-11 19:04:15.534967: 
2025-11-11 19:04:15.535274: Epoch 593
2025-11-11 19:04:15.535400: Current learning rate: 0.00445
2025-11-11 19:06:48.459723: train_loss -0.6897
2025-11-11 19:06:48.464993: val_loss -0.6741
2025-11-11 19:06:48.465174: Pseudo dice [np.float32(0.9263), np.float32(0.7957), np.float32(0.0)]
2025-11-11 19:06:48.465280: Epoch time: 152.93 s
2025-11-11 19:06:51.047021: 
2025-11-11 19:06:51.047328: Epoch 594
2025-11-11 19:06:51.047444: Current learning rate: 0.00444
2025-11-11 19:09:18.652377: train_loss -0.7013
2025-11-11 19:09:18.656038: val_loss -0.7296
2025-11-11 19:09:18.656178: Pseudo dice [np.float32(0.9295), np.float32(0.7931), np.float32(0.0)]
2025-11-11 19:09:18.656270: Epoch time: 147.61 s
2025-11-11 19:09:21.616462: 
2025-11-11 19:09:21.616686: Epoch 595
2025-11-11 19:09:21.616807: Current learning rate: 0.00443
2025-11-11 19:12:02.855397: train_loss -0.6717
2025-11-11 19:12:02.859283: val_loss -0.71
2025-11-11 19:12:02.859477: Pseudo dice [np.float32(0.921), np.float32(0.7967), np.float32(0.0)]
2025-11-11 19:12:02.859604: Epoch time: 161.24 s
2025-11-11 19:12:06.200213: 
2025-11-11 19:12:06.201257: Epoch 596
2025-11-11 19:12:06.201415: Current learning rate: 0.00442
2025-11-11 19:14:38.324735: train_loss -0.6732
2025-11-11 19:14:38.334020: val_loss -0.6882
2025-11-11 19:14:38.334177: Pseudo dice [np.float32(0.9238), np.float32(0.7946), np.float32(0.0)]
2025-11-11 19:14:38.334270: Epoch time: 152.13 s
2025-11-11 19:14:42.732366: 
2025-11-11 19:14:42.732589: Epoch 597
2025-11-11 19:14:42.732709: Current learning rate: 0.00441
2025-11-11 19:17:16.625488: train_loss -0.6772
2025-11-11 19:17:16.627290: val_loss -0.7226
2025-11-11 19:17:16.627429: Pseudo dice [np.float32(0.923), np.float32(0.7865), np.float32(0.0)]
2025-11-11 19:17:16.627530: Epoch time: 153.89 s
2025-11-11 19:17:21.074623: 
2025-11-11 19:17:21.074946: Epoch 598
2025-11-11 19:17:21.075074: Current learning rate: 0.0044
2025-11-11 19:19:57.395104: train_loss -0.6853
2025-11-11 19:19:57.400349: val_loss -0.6896
2025-11-11 19:19:57.400504: Pseudo dice [np.float32(0.9267), np.float32(0.7822), np.float32(0.0)]
2025-11-11 19:19:57.400606: Epoch time: 156.32 s
2025-11-11 19:20:00.797719: 
2025-11-11 19:20:00.798097: Epoch 599
2025-11-11 19:20:00.798236: Current learning rate: 0.00439
2025-11-11 19:22:26.321099: train_loss -0.6931
2025-11-11 19:22:26.326778: val_loss -0.7011
2025-11-11 19:22:26.326946: Pseudo dice [np.float32(0.92), np.float32(0.7933), np.float32(0.0)]
2025-11-11 19:22:26.327049: Epoch time: 145.52 s
2025-11-11 19:22:30.800606: 
2025-11-11 19:22:30.800846: Epoch 600
2025-11-11 19:22:30.800976: Current learning rate: 0.00438
2025-11-11 19:25:14.227766: train_loss -0.6711
2025-11-11 19:25:14.236500: val_loss -0.7287
2025-11-11 19:25:14.236662: Pseudo dice [np.float32(0.9267), np.float32(0.7964), np.float32(0.0)]
2025-11-11 19:25:14.236770: Epoch time: 163.43 s
2025-11-11 19:25:19.358920: 
2025-11-11 19:25:19.359155: Epoch 601
2025-11-11 19:25:19.359276: Current learning rate: 0.00437
2025-11-11 19:27:58.846376: train_loss -0.6864
2025-11-11 19:27:58.856135: val_loss -0.6948
2025-11-11 19:27:58.856319: Pseudo dice [np.float32(0.9261), np.float32(0.7967), np.float32(0.0)]
2025-11-11 19:27:58.856440: Epoch time: 159.49 s
2025-11-11 19:28:03.461469: 
2025-11-11 19:28:03.461676: Epoch 602
2025-11-11 19:28:03.461797: Current learning rate: 0.00436
2025-11-11 19:30:41.024752: train_loss -0.6845
2025-11-11 19:30:41.031188: val_loss -0.7176
2025-11-11 19:30:41.031342: Pseudo dice [np.float32(0.9285), np.float32(0.793), np.float32(0.0)]
2025-11-11 19:30:41.036243: Epoch time: 157.56 s
2025-11-11 19:30:46.098808: 
2025-11-11 19:30:46.099138: Epoch 603
2025-11-11 19:30:46.099274: Current learning rate: 0.00435
2025-11-11 19:33:25.782297: train_loss -0.6886
2025-11-11 19:33:25.784135: val_loss -0.6842
2025-11-11 19:33:25.784298: Pseudo dice [np.float32(0.9295), np.float32(0.8021), np.float32(0.0)]
2025-11-11 19:33:25.784404: Epoch time: 159.68 s
2025-11-11 19:33:30.142353: 
2025-11-11 19:33:30.142638: Epoch 604
2025-11-11 19:33:30.142775: Current learning rate: 0.00434
2025-11-11 19:36:14.647559: train_loss -0.701
2025-11-11 19:36:14.654598: val_loss -0.6918
2025-11-11 19:36:14.654758: Pseudo dice [np.float32(0.9241), np.float32(0.7857), np.float32(0.0)]
2025-11-11 19:36:14.654864: Epoch time: 164.51 s
2025-11-11 19:36:19.283181: 
2025-11-11 19:36:19.283426: Epoch 605
2025-11-11 19:36:19.283558: Current learning rate: 0.00433
2025-11-11 19:38:58.033421: train_loss -0.7065
2025-11-11 19:38:58.048932: val_loss -0.6951
2025-11-11 19:38:58.052953: Pseudo dice [np.float32(0.9289), np.float32(0.8047), np.float32(0.0)]
2025-11-11 19:38:58.053185: Epoch time: 158.75 s
2025-11-11 19:39:02.432617: 
2025-11-11 19:39:02.432812: Epoch 606
2025-11-11 19:39:02.432944: Current learning rate: 0.00432
2025-11-11 19:41:47.471385: train_loss -0.6746
2025-11-11 19:41:47.491053: val_loss -0.7126
2025-11-11 19:41:47.491205: Pseudo dice [np.float32(0.9284), np.float32(0.7932), np.float32(0.0)]
2025-11-11 19:41:47.491302: Epoch time: 165.04 s
2025-11-11 19:41:53.489034: 
2025-11-11 19:41:53.489348: Epoch 607
2025-11-11 19:41:53.489478: Current learning rate: 0.00431
2025-11-11 19:44:37.863726: train_loss -0.685
2025-11-11 19:44:37.868366: val_loss -0.678
2025-11-11 19:44:37.868530: Pseudo dice [np.float32(0.9214), np.float32(0.7921), np.float32(0.0)]
2025-11-11 19:44:37.868636: Epoch time: 164.38 s
2025-11-11 19:44:41.028977: 
2025-11-11 19:44:41.029216: Epoch 608
2025-11-11 19:44:41.029331: Current learning rate: 0.0043
2025-11-11 19:47:18.884488: train_loss -0.6808
2025-11-11 19:47:18.886530: val_loss -0.6821
2025-11-11 19:47:18.886687: Pseudo dice [np.float32(0.9259), np.float32(0.7955), np.float32(0.0)]
2025-11-11 19:47:18.886798: Epoch time: 157.86 s
2025-11-11 19:47:21.611824: 
2025-11-11 19:47:21.612171: Epoch 609
2025-11-11 19:47:21.612302: Current learning rate: 0.00429
2025-11-11 19:50:07.224869: train_loss -0.6616
2025-11-11 19:50:07.226771: val_loss -0.6932
2025-11-11 19:50:07.226944: Pseudo dice [np.float32(0.9272), np.float32(0.798), np.float32(0.0)]
2025-11-11 19:50:07.227046: Epoch time: 165.61 s
2025-11-11 19:50:11.950342: 
2025-11-11 19:50:11.950659: Epoch 610
2025-11-11 19:50:11.950783: Current learning rate: 0.00429
2025-11-11 19:52:51.203099: train_loss -0.6733
2025-11-11 19:52:51.204778: val_loss -0.6807
2025-11-11 19:52:51.204911: Pseudo dice [np.float32(0.9212), np.float32(0.7924), np.float32(0.0)]
2025-11-11 19:52:51.205004: Epoch time: 159.25 s
2025-11-11 19:52:55.521589: 
2025-11-11 19:52:55.521800: Epoch 611
2025-11-11 19:52:55.521949: Current learning rate: 0.00428
2025-11-11 19:55:25.398442: train_loss -0.6743
2025-11-11 19:55:25.400267: val_loss -0.6865
2025-11-11 19:55:25.400411: Pseudo dice [np.float32(0.9274), np.float32(0.7743), np.float32(0.0)]
2025-11-11 19:55:25.400516: Epoch time: 149.88 s
2025-11-11 19:55:30.336118: 
2025-11-11 19:55:30.336356: Epoch 612
2025-11-11 19:55:30.336478: Current learning rate: 0.00427
2025-11-11 19:58:13.832392: train_loss -0.6712
2025-11-11 19:58:13.847350: val_loss -0.6742
2025-11-11 19:58:13.847508: Pseudo dice [np.float32(0.9262), np.float32(0.7832), np.float32(0.0)]
2025-11-11 19:58:13.847604: Epoch time: 163.5 s
2025-11-11 19:58:17.856490: 
2025-11-11 19:58:17.856695: Epoch 613
2025-11-11 19:58:17.856815: Current learning rate: 0.00426
2025-11-11 20:00:49.116028: train_loss -0.68
2025-11-11 20:00:49.117868: val_loss -0.7307
2025-11-11 20:00:49.118014: Pseudo dice [np.float32(0.9271), np.float32(0.7872), np.float32(0.0)]
2025-11-11 20:00:49.118117: Epoch time: 151.26 s
2025-11-11 20:00:53.344449: 
2025-11-11 20:00:53.344681: Epoch 614
2025-11-11 20:00:53.344810: Current learning rate: 0.00425
2025-11-11 20:03:27.532475: train_loss -0.6952
2025-11-11 20:03:27.532758: val_loss -0.736
2025-11-11 20:03:27.532873: Pseudo dice [np.float32(0.9193), np.float32(0.7937), np.float32(0.0)]
2025-11-11 20:03:27.532979: Epoch time: 154.19 s
2025-11-11 20:03:31.946263: 
2025-11-11 20:03:31.946487: Epoch 615
2025-11-11 20:03:31.946604: Current learning rate: 0.00424
2025-11-11 20:06:04.843706: train_loss -0.6958
2025-11-11 20:06:04.843991: val_loss -0.7198
2025-11-11 20:06:04.844096: Pseudo dice [np.float32(0.929), np.float32(0.7841), np.float32(0.0)]
2025-11-11 20:06:04.844200: Epoch time: 152.9 s
2025-11-11 20:06:09.123402: 
2025-11-11 20:06:09.123631: Epoch 616
2025-11-11 20:06:09.123758: Current learning rate: 0.00423
2025-11-11 20:08:37.532141: train_loss -0.688
2025-11-11 20:08:37.532387: val_loss -0.7185
2025-11-11 20:08:37.532490: Pseudo dice [np.float32(0.9213), np.float32(0.7862), np.float32(0.0)]
2025-11-11 20:08:37.532587: Epoch time: 148.41 s
2025-11-11 20:08:40.575766: 
2025-11-11 20:08:40.575983: Epoch 617
2025-11-11 20:08:40.576102: Current learning rate: 0.00422
2025-11-11 20:11:12.444285: train_loss -0.6757
2025-11-11 20:11:12.444519: val_loss -0.7057
2025-11-11 20:11:12.444619: Pseudo dice [np.float32(0.9119), np.float32(0.7947), np.float32(0.0)]
2025-11-11 20:11:12.444718: Epoch time: 151.87 s
2025-11-11 20:11:16.923729: 
2025-11-11 20:11:16.923966: Epoch 618
2025-11-11 20:11:16.924206: Current learning rate: 0.00421
2025-11-11 20:13:51.149965: train_loss -0.6908
2025-11-11 20:13:51.150216: val_loss -0.683
2025-11-11 20:13:51.150316: Pseudo dice [np.float32(0.9264), np.float32(0.79), np.float32(0.0)]
2025-11-11 20:13:51.150414: Epoch time: 154.23 s
2025-11-11 20:13:55.344328: 
2025-11-11 20:13:55.344522: Epoch 619
2025-11-11 20:13:55.344641: Current learning rate: 0.0042
2025-11-11 20:16:38.684841: train_loss -0.6944
2025-11-11 20:16:38.685183: val_loss -0.698
2025-11-11 20:16:38.685287: Pseudo dice [np.float32(0.9189), np.float32(0.7873), np.float32(0.0)]
2025-11-11 20:16:38.685386: Epoch time: 163.34 s
2025-11-11 20:16:43.341333: 
2025-11-11 20:16:43.341586: Epoch 620
2025-11-11 20:16:43.341727: Current learning rate: 0.00419
2025-11-11 20:19:25.150388: train_loss -0.6856
2025-11-11 20:19:25.169108: val_loss -0.7237
2025-11-11 20:19:25.169298: Pseudo dice [np.float32(0.9261), np.float32(0.7997), np.float32(0.0)]
2025-11-11 20:19:25.169398: Epoch time: 161.81 s
2025-11-11 20:19:28.892468: 
2025-11-11 20:19:28.892693: Epoch 621
2025-11-11 20:19:28.892818: Current learning rate: 0.00418
2025-11-11 20:22:01.238882: train_loss -0.6825
2025-11-11 20:22:01.239141: val_loss -0.7142
2025-11-11 20:22:01.239242: Pseudo dice [np.float32(0.9172), np.float32(0.7772), np.float32(0.0)]
2025-11-11 20:22:01.239344: Epoch time: 152.35 s
2025-11-11 20:22:05.334666: 
2025-11-11 20:22:05.334871: Epoch 622
2025-11-11 20:22:05.334989: Current learning rate: 0.00417
2025-11-11 20:24:38.259017: train_loss -0.6965
2025-11-11 20:24:38.259335: val_loss -0.6868
2025-11-11 20:24:38.259435: Pseudo dice [np.float32(0.919), np.float32(0.7772), np.float32(0.0)]
2025-11-11 20:24:38.259528: Epoch time: 152.93 s
2025-11-11 20:24:43.793702: 
2025-11-11 20:24:43.794045: Epoch 623
2025-11-11 20:24:43.794172: Current learning rate: 0.00416
2025-11-11 20:27:17.760993: train_loss -0.6954
2025-11-11 20:27:17.761326: val_loss -0.7204
2025-11-11 20:27:17.761439: Pseudo dice [np.float32(0.9161), np.float32(0.7875), np.float32(0.0)]
2025-11-11 20:27:17.761538: Epoch time: 153.97 s
2025-11-11 20:27:20.904809: 
2025-11-11 20:27:20.905057: Epoch 624
2025-11-11 20:27:20.905187: Current learning rate: 0.00415
2025-11-11 20:29:59.077991: train_loss -0.6816
2025-11-11 20:29:59.078251: val_loss -0.6982
2025-11-11 20:29:59.078359: Pseudo dice [np.float32(0.9294), np.float32(0.789), np.float32(0.0)]
2025-11-11 20:29:59.078456: Epoch time: 158.17 s
2025-11-11 20:30:03.620952: 
2025-11-11 20:30:03.621206: Epoch 625
2025-11-11 20:30:03.621325: Current learning rate: 0.00414
2025-11-11 20:32:38.854734: train_loss -0.6869
2025-11-11 20:32:38.870892: val_loss -0.6943
2025-11-11 20:32:38.871141: Pseudo dice [np.float32(0.9274), np.float32(0.7905), np.float32(0.0)]
2025-11-11 20:32:38.871246: Epoch time: 155.23 s
2025-11-11 20:32:43.732544: 
2025-11-11 20:32:43.732752: Epoch 626
2025-11-11 20:32:43.732875: Current learning rate: 0.00413
2025-11-11 20:35:15.178446: train_loss -0.6885
2025-11-11 20:35:15.178695: val_loss -0.695
2025-11-11 20:35:15.178797: Pseudo dice [np.float32(0.9271), np.float32(0.7999), np.float32(0.0)]
2025-11-11 20:35:15.178904: Epoch time: 151.45 s
2025-11-11 20:35:20.205945: 
2025-11-11 20:35:20.206181: Epoch 627
2025-11-11 20:35:20.206308: Current learning rate: 0.00412
2025-11-11 20:37:45.125053: train_loss -0.6813
2025-11-11 20:37:45.125310: val_loss -0.7054
2025-11-11 20:37:45.125408: Pseudo dice [np.float32(0.9296), np.float32(0.8018), np.float32(0.0)]
2025-11-11 20:37:45.125509: Epoch time: 144.92 s
2025-11-11 20:37:48.518942: 
2025-11-11 20:37:48.519131: Epoch 628
2025-11-11 20:37:48.519246: Current learning rate: 0.00411
2025-11-11 20:40:23.691661: train_loss -0.7001
2025-11-11 20:40:23.703162: val_loss -0.6507
2025-11-11 20:40:23.703321: Pseudo dice [np.float32(0.9233), np.float32(0.7849), np.float32(0.0)]
2025-11-11 20:40:23.703416: Epoch time: 155.17 s
2025-11-11 20:40:26.820400: 
2025-11-11 20:40:26.820617: Epoch 629
2025-11-11 20:40:26.820734: Current learning rate: 0.0041
2025-11-11 20:42:56.248729: train_loss -0.6882
2025-11-11 20:42:56.249090: val_loss -0.6861
2025-11-11 20:42:56.249193: Pseudo dice [np.float32(0.9238), np.float32(0.7933), np.float32(0.0)]
2025-11-11 20:42:56.249298: Epoch time: 149.43 s
2025-11-11 20:42:58.481404: 
2025-11-11 20:42:58.481614: Epoch 630
2025-11-11 20:42:58.481730: Current learning rate: 0.00409
2025-11-11 20:45:29.582813: train_loss -0.6786
2025-11-11 20:45:29.583087: val_loss -0.7241
2025-11-11 20:45:29.583194: Pseudo dice [np.float32(0.9265), np.float32(0.7926), np.float32(0.0)]
2025-11-11 20:45:29.583297: Epoch time: 151.1 s
2025-11-11 20:45:34.767650: 
2025-11-11 20:45:34.767876: Epoch 631
2025-11-11 20:45:34.768000: Current learning rate: 0.00408
2025-11-11 20:48:07.967458: train_loss -0.695
2025-11-11 20:48:07.988419: val_loss -0.7144
2025-11-11 20:48:07.988618: Pseudo dice [np.float32(0.9225), np.float32(0.7844), np.float32(0.0)]
2025-11-11 20:48:07.988716: Epoch time: 153.2 s
2025-11-11 20:48:11.698536: 
2025-11-11 20:48:11.698848: Epoch 632
2025-11-11 20:48:11.698972: Current learning rate: 0.00407
2025-11-11 20:50:46.197365: train_loss -0.6791
2025-11-11 20:50:46.197633: val_loss -0.7181
2025-11-11 20:50:46.197735: Pseudo dice [np.float32(0.9198), np.float32(0.7941), np.float32(0.0)]
2025-11-11 20:50:46.197853: Epoch time: 154.5 s
2025-11-11 20:50:48.734203: 
2025-11-11 20:50:48.734400: Epoch 633
2025-11-11 20:50:48.734520: Current learning rate: 0.00406
2025-11-11 20:53:19.186830: train_loss -0.6749
2025-11-11 20:53:19.187098: val_loss -0.7361
2025-11-11 20:53:19.187203: Pseudo dice [np.float32(0.9203), np.float32(0.7847), np.float32(0.0)]
2025-11-11 20:53:19.187307: Epoch time: 150.45 s
2025-11-11 20:53:22.996044: 
2025-11-11 20:53:22.996266: Epoch 634
2025-11-11 20:53:22.996383: Current learning rate: 0.00405
2025-11-11 20:55:54.898306: train_loss -0.6559
2025-11-11 20:55:54.898572: val_loss -0.6589
2025-11-11 20:55:54.898678: Pseudo dice [np.float32(0.9192), np.float32(0.7866), np.float32(0.0)]
2025-11-11 20:55:54.898780: Epoch time: 151.9 s
2025-11-11 20:55:59.426700: 
2025-11-11 20:55:59.426965: Epoch 635
2025-11-11 20:55:59.427086: Current learning rate: 0.00404
2025-11-11 20:58:39.427405: train_loss -0.6903
2025-11-11 20:58:39.427661: val_loss -0.6763
2025-11-11 20:58:39.427759: Pseudo dice [np.float32(0.9247), np.float32(0.79), np.float32(0.0)]
2025-11-11 20:58:39.427871: Epoch time: 160.0 s
2025-11-11 20:58:42.234098: 
2025-11-11 20:58:42.234378: Epoch 636
2025-11-11 20:58:42.234497: Current learning rate: 0.00403
2025-11-11 21:01:18.410528: train_loss -0.6969
2025-11-11 21:01:18.410779: val_loss -0.713
2025-11-11 21:01:18.410943: Pseudo dice [np.float32(0.9206), np.float32(0.7912), np.float32(0.0)]
2025-11-11 21:01:18.411049: Epoch time: 156.18 s
2025-11-11 21:01:23.375021: 
2025-11-11 21:01:23.381962: Epoch 637
2025-11-11 21:01:23.382130: Current learning rate: 0.00402
2025-11-11 21:04:02.223279: train_loss -0.6927
2025-11-11 21:04:02.223547: val_loss -0.6927
2025-11-11 21:04:02.223649: Pseudo dice [np.float32(0.9302), np.float32(0.7956), np.float32(0.0)]
2025-11-11 21:04:02.223750: Epoch time: 158.85 s
2025-11-11 21:04:04.563162: 
2025-11-11 21:04:04.563366: Epoch 638
2025-11-11 21:04:04.563495: Current learning rate: 0.00401
2025-11-11 21:06:41.738831: train_loss -0.6893
2025-11-11 21:06:41.744757: val_loss -0.6756
2025-11-11 21:06:41.745010: Pseudo dice [np.float32(0.9238), np.float32(0.7978), np.float32(0.0)]
2025-11-11 21:06:41.745146: Epoch time: 157.18 s
2025-11-11 21:06:45.419365: 
2025-11-11 21:06:45.419723: Epoch 639
2025-11-11 21:06:45.419880: Current learning rate: 0.004
2025-11-11 21:09:13.562276: train_loss -0.6879
2025-11-11 21:09:13.562551: val_loss -0.6793
2025-11-11 21:09:13.562653: Pseudo dice [np.float32(0.9326), np.float32(0.7932), np.float32(0.0)]
2025-11-11 21:09:13.562750: Epoch time: 148.14 s
2025-11-11 21:09:16.383388: 
2025-11-11 21:09:16.383636: Epoch 640
2025-11-11 21:09:16.383760: Current learning rate: 0.00399
2025-11-11 21:11:53.592344: train_loss -0.7022
2025-11-11 21:11:53.592601: val_loss -0.6801
2025-11-11 21:11:53.592704: Pseudo dice [np.float32(0.9284), np.float32(0.7947), np.float32(0.0)]
2025-11-11 21:11:53.592812: Epoch time: 157.21 s
2025-11-11 21:11:57.552967: 
2025-11-11 21:11:57.553216: Epoch 641
2025-11-11 21:11:57.553339: Current learning rate: 0.00398
2025-11-11 21:14:32.553093: train_loss -0.6963
2025-11-11 21:14:32.557028: val_loss -0.6857
2025-11-11 21:14:32.557177: Pseudo dice [np.float32(0.9195), np.float32(0.8032), np.float32(0.0)]
2025-11-11 21:14:32.557269: Epoch time: 155.0 s
2025-11-11 21:14:37.281503: 
2025-11-11 21:14:37.281822: Epoch 642
2025-11-11 21:14:37.281948: Current learning rate: 0.00397
2025-11-11 21:17:12.623998: train_loss -0.6992
2025-11-11 21:17:12.638415: val_loss -0.6686
2025-11-11 21:17:12.638590: Pseudo dice [np.float32(0.9253), np.float32(0.7978), np.float32(0.0)]
2025-11-11 21:17:12.638689: Epoch time: 155.34 s
2025-11-11 21:17:16.739305: 
2025-11-11 21:17:16.739520: Epoch 643
2025-11-11 21:17:16.739638: Current learning rate: 0.00396
2025-11-11 21:19:44.277372: train_loss -0.6909
2025-11-11 21:19:44.277649: val_loss -0.6972
2025-11-11 21:19:44.277754: Pseudo dice [np.float32(0.9275), np.float32(0.8), np.float32(0.0)]
2025-11-11 21:19:44.277864: Epoch time: 147.54 s
2025-11-11 21:19:49.076978: 
2025-11-11 21:19:49.078036: Epoch 644
2025-11-11 21:19:49.078199: Current learning rate: 0.00395
2025-11-11 21:22:22.655303: train_loss -0.6974
2025-11-11 21:22:22.655568: val_loss -0.7034
2025-11-11 21:22:22.655671: Pseudo dice [np.float32(0.9212), np.float32(0.7907), np.float32(0.0)]
2025-11-11 21:22:22.655769: Epoch time: 153.58 s
2025-11-11 21:22:26.706776: 
2025-11-11 21:22:26.707009: Epoch 645
2025-11-11 21:22:26.707127: Current learning rate: 0.00394
2025-11-11 21:24:57.376819: train_loss -0.6956
2025-11-11 21:24:57.377069: val_loss -0.6631
2025-11-11 21:24:57.377167: Pseudo dice [np.float32(0.9252), np.float32(0.7975), np.float32(0.0)]
2025-11-11 21:24:57.377269: Epoch time: 150.67 s
2025-11-11 21:25:02.351416: 
2025-11-11 21:25:02.351638: Epoch 646
2025-11-11 21:25:02.351761: Current learning rate: 0.00393
2025-11-11 21:27:37.232123: train_loss -0.6961
2025-11-11 21:27:37.232373: val_loss -0.712
2025-11-11 21:27:37.232480: Pseudo dice [np.float32(0.9237), np.float32(0.799), np.float32(0.0)]
2025-11-11 21:27:37.232584: Epoch time: 154.88 s
2025-11-11 21:27:41.174301: 
2025-11-11 21:27:41.174533: Epoch 647
2025-11-11 21:27:41.174656: Current learning rate: 0.00392
2025-11-11 21:30:21.070388: train_loss -0.6878
2025-11-11 21:30:21.070632: val_loss -0.6525
2025-11-11 21:30:21.070737: Pseudo dice [np.float32(0.9282), np.float32(0.7946), np.float32(0.0)]
2025-11-11 21:30:21.070853: Epoch time: 159.9 s
2025-11-11 21:30:27.160975: 
2025-11-11 21:30:27.164953: Epoch 648
2025-11-11 21:30:27.165142: Current learning rate: 0.00391
2025-11-11 21:33:00.895354: train_loss -0.6933
2025-11-11 21:33:00.895618: val_loss -0.6797
2025-11-11 21:33:00.895721: Pseudo dice [np.float32(0.9316), np.float32(0.8114), np.float32(0.0)]
2025-11-11 21:33:00.895829: Epoch time: 153.74 s
2025-11-11 21:33:05.511483: 
2025-11-11 21:33:05.511696: Epoch 649
2025-11-11 21:33:05.511821: Current learning rate: 0.0039
2025-11-11 21:35:46.737795: train_loss -0.7013
2025-11-11 21:35:46.738072: val_loss -0.6847
2025-11-11 21:35:46.738173: Pseudo dice [np.float32(0.9326), np.float32(0.809), np.float32(0.0)]
2025-11-11 21:35:46.738275: Epoch time: 161.23 s
2025-11-11 21:35:52.808446: 
2025-11-11 21:35:52.808637: Epoch 650
2025-11-11 21:35:52.808757: Current learning rate: 0.00389
2025-11-11 21:38:28.733124: train_loss -0.6908
2025-11-11 21:38:28.733375: val_loss -0.7325
2025-11-11 21:38:28.733467: Pseudo dice [np.float32(0.9336), np.float32(0.8005), np.float32(0.0)]
2025-11-11 21:38:28.733558: Epoch time: 155.93 s
2025-11-11 21:38:31.396530: 
2025-11-11 21:38:31.396799: Epoch 651
2025-11-11 21:38:31.396933: Current learning rate: 0.00388
2025-11-11 21:41:04.582918: train_loss -0.6941
2025-11-11 21:41:04.583176: val_loss -0.7323
2025-11-11 21:41:04.583275: Pseudo dice [np.float32(0.9284), np.float32(0.7963), np.float32(0.0)]
2025-11-11 21:41:04.583378: Epoch time: 153.19 s
2025-11-11 21:41:08.371495: 
2025-11-11 21:41:08.371705: Epoch 652
2025-11-11 21:41:08.371837: Current learning rate: 0.00387
2025-11-11 21:43:38.725593: train_loss -0.7035
2025-11-11 21:43:38.725871: val_loss -0.6945
2025-11-11 21:43:38.725982: Pseudo dice [np.float32(0.9258), np.float32(0.7967), np.float32(0.0)]
2025-11-11 21:43:38.726085: Epoch time: 150.35 s
2025-11-11 21:43:41.388657: 
2025-11-11 21:43:41.388873: Epoch 653
2025-11-11 21:43:41.388990: Current learning rate: 0.00386
2025-11-11 21:46:22.382415: train_loss -0.6986
2025-11-11 21:46:22.382635: val_loss -0.6827
2025-11-11 21:46:22.382736: Pseudo dice [np.float32(0.9271), np.float32(0.8039), np.float32(0.0)]
2025-11-11 21:46:22.382844: Epoch time: 160.99 s
2025-11-11 21:46:26.558015: 
2025-11-11 21:46:26.558267: Epoch 654
2025-11-11 21:46:26.558388: Current learning rate: 0.00385
2025-11-11 21:48:52.369865: train_loss -0.6911
2025-11-11 21:48:52.370127: val_loss -0.7004
2025-11-11 21:48:52.370229: Pseudo dice [np.float32(0.9287), np.float32(0.7996), np.float32(0.0)]
2025-11-11 21:48:52.370327: Epoch time: 145.81 s
2025-11-11 21:48:55.478322: 
2025-11-11 21:48:55.478544: Epoch 655
2025-11-11 21:48:55.478663: Current learning rate: 0.00384
2025-11-11 21:51:30.074839: train_loss -0.697
2025-11-11 21:51:30.075098: val_loss -0.74
2025-11-11 21:51:30.075207: Pseudo dice [np.float32(0.9265), np.float32(0.8051), np.float32(0.0)]
2025-11-11 21:51:30.075310: Epoch time: 154.6 s
2025-11-11 21:51:32.276157: 
2025-11-11 21:51:32.276389: Epoch 656
2025-11-11 21:51:32.276497: Current learning rate: 0.00383
2025-11-11 21:54:03.779387: train_loss -0.6977
2025-11-11 21:54:03.779657: val_loss -0.7152
2025-11-11 21:54:03.779760: Pseudo dice [np.float32(0.9265), np.float32(0.7823), np.float32(0.0)]
2025-11-11 21:54:03.779873: Epoch time: 151.5 s
2025-11-11 21:54:07.346993: 
2025-11-11 21:54:07.353866: Epoch 657
2025-11-11 21:54:07.354095: Current learning rate: 0.00382
2025-11-11 21:56:44.449726: train_loss -0.7006
2025-11-11 21:56:44.449990: val_loss -0.7171
2025-11-11 21:56:44.450091: Pseudo dice [np.float32(0.922), np.float32(0.7995), np.float32(0.0)]
2025-11-11 21:56:44.450189: Epoch time: 157.1 s
2025-11-11 21:56:47.672106: 
2025-11-11 21:56:47.673162: Epoch 658
2025-11-11 21:56:47.673335: Current learning rate: 0.00381
2025-11-11 21:59:25.280188: train_loss -0.6922
2025-11-11 21:59:25.280433: val_loss -0.6751
2025-11-11 21:59:25.280534: Pseudo dice [np.float32(0.9292), np.float32(0.8055), np.float32(0.0)]
2025-11-11 21:59:25.280634: Epoch time: 157.61 s
2025-11-11 21:59:28.350824: 
2025-11-11 21:59:28.350995: Epoch 659
2025-11-11 21:59:28.351108: Current learning rate: 0.0038
2025-11-11 22:02:04.321976: train_loss -0.6957
2025-11-11 22:02:04.322212: val_loss -0.7399
2025-11-11 22:02:04.322319: Pseudo dice [np.float32(0.9303), np.float32(0.7986), np.float32(0.0)]
2025-11-11 22:02:04.322429: Epoch time: 155.97 s
2025-11-11 22:02:09.414973: 
2025-11-11 22:02:09.415211: Epoch 660
2025-11-11 22:02:09.415329: Current learning rate: 0.00379
2025-11-11 22:04:46.684649: train_loss -0.6954
2025-11-11 22:04:46.684926: val_loss -0.6972
2025-11-11 22:04:46.685028: Pseudo dice [np.float32(0.9235), np.float32(0.7979), np.float32(0.0)]
2025-11-11 22:04:46.685132: Epoch time: 157.27 s
2025-11-11 22:04:50.508848: 
2025-11-11 22:04:50.509070: Epoch 661
2025-11-11 22:04:50.509232: Current learning rate: 0.00378
2025-11-11 22:07:25.153480: train_loss -0.6782
2025-11-11 22:07:25.153755: val_loss -0.7313
2025-11-11 22:07:25.153890: Pseudo dice [np.float32(0.922), np.float32(0.7988), np.float32(0.0)]
2025-11-11 22:07:25.153998: Epoch time: 154.65 s
2025-11-11 22:07:29.334073: 
2025-11-11 22:07:29.334290: Epoch 662
2025-11-11 22:07:29.334415: Current learning rate: 0.00377
2025-11-11 22:10:04.184277: train_loss -0.6926
2025-11-11 22:10:04.184501: val_loss -0.6901
2025-11-11 22:10:04.184606: Pseudo dice [np.float32(0.9305), np.float32(0.8067), np.float32(0.0)]
2025-11-11 22:10:04.184704: Epoch time: 154.85 s
2025-11-11 22:10:07.918439: 
2025-11-11 22:10:07.918657: Epoch 663
2025-11-11 22:10:07.918779: Current learning rate: 0.00376
2025-11-11 22:12:31.617380: train_loss -0.7028
2025-11-11 22:12:31.617753: val_loss -0.7227
2025-11-11 22:12:31.617884: Pseudo dice [np.float32(0.932), np.float32(0.8036), np.float32(0.0)]
2025-11-11 22:12:31.617983: Epoch time: 143.7 s
2025-11-11 22:12:33.931530: 
2025-11-11 22:12:33.931797: Epoch 664
2025-11-11 22:12:33.931926: Current learning rate: 0.00375
2025-11-11 22:15:05.636448: train_loss -0.6927
2025-11-11 22:15:05.636704: val_loss -0.7
2025-11-11 22:15:05.636812: Pseudo dice [np.float32(0.9306), np.float32(0.8035), np.float32(0.0)]
2025-11-11 22:15:05.636919: Epoch time: 151.71 s
2025-11-11 22:15:10.330487: 
2025-11-11 22:15:10.330691: Epoch 665
2025-11-11 22:15:10.330815: Current learning rate: 0.00374
2025-11-11 22:17:46.267439: train_loss -0.6934
2025-11-11 22:17:46.279088: val_loss -0.7246
2025-11-11 22:17:46.279250: Pseudo dice [np.float32(0.9297), np.float32(0.7939), np.float32(0.0)]
2025-11-11 22:17:46.279353: Epoch time: 155.94 s
2025-11-11 22:17:49.453267: 
2025-11-11 22:17:49.453475: Epoch 666
2025-11-11 22:17:49.453601: Current learning rate: 0.00373
2025-11-11 22:20:22.838389: train_loss -0.7017
2025-11-11 22:20:22.838641: val_loss -0.7178
2025-11-11 22:20:22.864002: Pseudo dice [np.float32(0.927), np.float32(0.7998), np.float32(0.0)]
2025-11-11 22:20:22.864214: Epoch time: 153.39 s
2025-11-11 22:20:26.991322: 
2025-11-11 22:20:26.991513: Epoch 667
2025-11-11 22:20:26.991627: Current learning rate: 0.00372
2025-11-11 22:23:05.940416: train_loss -0.6758
2025-11-11 22:23:05.940667: val_loss -0.7187
2025-11-11 22:23:05.940769: Pseudo dice [np.float32(0.9346), np.float32(0.8016), np.float32(0.0)]
2025-11-11 22:23:05.940888: Epoch time: 158.95 s
2025-11-11 22:23:09.338166: 
2025-11-11 22:23:09.338382: Epoch 668
2025-11-11 22:23:09.338509: Current learning rate: 0.00371
2025-11-11 22:25:39.246132: train_loss -0.7061
2025-11-11 22:25:39.246439: val_loss -0.7157
2025-11-11 22:25:39.246545: Pseudo dice [np.float32(0.9354), np.float32(0.7993), np.float32(0.0)]
2025-11-11 22:25:39.246650: Epoch time: 149.91 s
2025-11-11 22:25:42.908515: 
2025-11-11 22:25:42.908723: Epoch 669
2025-11-11 22:25:42.908851: Current learning rate: 0.0037
2025-11-11 22:28:15.562924: train_loss -0.6974
2025-11-11 22:28:15.563155: val_loss -0.7195
2025-11-11 22:28:15.563321: Pseudo dice [np.float32(0.925), np.float32(0.8076), np.float32(0.0)]
2025-11-11 22:28:15.563426: Epoch time: 152.66 s
2025-11-11 22:28:20.083697: 
2025-11-11 22:28:20.084099: Epoch 670
2025-11-11 22:28:20.084320: Current learning rate: 0.00369
2025-11-11 22:30:51.060492: train_loss -0.6954
2025-11-11 22:30:51.060739: val_loss -0.7173
2025-11-11 22:30:51.060843: Pseudo dice [np.float32(0.9243), np.float32(0.8034), np.float32(0.0)]
2025-11-11 22:30:51.060936: Epoch time: 150.98 s
2025-11-11 22:30:53.345005: 
2025-11-11 22:30:53.345227: Epoch 671
2025-11-11 22:30:53.345350: Current learning rate: 0.00368
2025-11-11 22:33:17.191213: train_loss -0.6869
2025-11-11 22:33:17.191482: val_loss -0.6968
2025-11-11 22:33:17.191592: Pseudo dice [np.float32(0.9267), np.float32(0.8104), np.float32(0.0)]
2025-11-11 22:33:17.191698: Epoch time: 143.85 s
2025-11-11 22:33:20.441119: 
2025-11-11 22:33:20.441312: Epoch 672
2025-11-11 22:33:20.441438: Current learning rate: 0.00367
2025-11-11 22:35:57.645043: train_loss -0.6988
2025-11-11 22:35:57.645313: val_loss -0.7439
2025-11-11 22:35:57.645416: Pseudo dice [np.float32(0.9313), np.float32(0.8019), np.float32(0.0)]
2025-11-11 22:35:57.645525: Epoch time: 157.2 s
2025-11-11 22:36:00.856160: 
2025-11-11 22:36:00.856387: Epoch 673
2025-11-11 22:36:00.856505: Current learning rate: 0.00366
2025-11-11 22:38:29.375297: train_loss -0.697
2025-11-11 22:38:29.375623: val_loss -0.7174
2025-11-11 22:38:29.375737: Pseudo dice [np.float32(0.9283), np.float32(0.7934), np.float32(0.0)]
2025-11-11 22:38:29.375849: Epoch time: 148.52 s
2025-11-11 22:38:33.696503: 
2025-11-11 22:38:33.696731: Epoch 674
2025-11-11 22:38:33.696860: Current learning rate: 0.00365
2025-11-11 22:40:56.650162: train_loss -0.692
2025-11-11 22:40:56.653050: val_loss -0.7407
2025-11-11 22:40:56.653175: Pseudo dice [np.float32(0.9267), np.float32(0.7966), np.float32(0.0)]
2025-11-11 22:40:56.653268: Epoch time: 142.95 s
2025-11-11 22:41:00.715818: 
2025-11-11 22:41:00.716122: Epoch 675
2025-11-11 22:41:00.716248: Current learning rate: 0.00364
2025-11-11 22:43:44.010442: train_loss -0.7014
2025-11-11 22:43:44.010707: val_loss -0.7382
2025-11-11 22:43:44.014288: Pseudo dice [np.float32(0.932), np.float32(0.8057), np.float32(0.0)]
2025-11-11 22:43:44.014507: Epoch time: 163.3 s
2025-11-11 22:43:48.065725: 
2025-11-11 22:43:48.066027: Epoch 676
2025-11-11 22:43:48.066151: Current learning rate: 0.00363
2025-11-11 22:46:20.008742: train_loss -0.6989
2025-11-11 22:46:20.009010: val_loss -0.7132
2025-11-11 22:46:20.009118: Pseudo dice [np.float32(0.9306), np.float32(0.8032), np.float32(0.0)]
2025-11-11 22:46:20.009218: Epoch time: 151.94 s
2025-11-11 22:46:25.099563: 
2025-11-11 22:46:25.100641: Epoch 677
2025-11-11 22:46:25.100801: Current learning rate: 0.00362
2025-11-11 22:49:04.271378: train_loss -0.7004
2025-11-11 22:49:04.271607: val_loss -0.7177
2025-11-11 22:49:04.271707: Pseudo dice [np.float32(0.9259), np.float32(0.7976), np.float32(0.0)]
2025-11-11 22:49:04.271811: Epoch time: 159.17 s
2025-11-11 22:49:08.995557: 
2025-11-11 22:49:08.995781: Epoch 678
2025-11-11 22:49:08.995904: Current learning rate: 0.00361
2025-11-11 22:51:47.361076: train_loss -0.7015
2025-11-11 22:51:47.363594: val_loss -0.701
2025-11-11 22:51:47.363728: Pseudo dice [np.float32(0.9285), np.float32(0.8023), np.float32(0.0)]
2025-11-11 22:51:47.363835: Epoch time: 158.37 s
2025-11-11 22:51:51.465274: 
2025-11-11 22:51:51.465503: Epoch 679
2025-11-11 22:51:51.465628: Current learning rate: 0.0036
2025-11-11 22:54:28.998018: train_loss -0.7072
2025-11-11 22:54:28.998270: val_loss -0.7164
2025-11-11 22:54:28.998369: Pseudo dice [np.float32(0.9289), np.float32(0.7934), np.float32(0.0)]
2025-11-11 22:54:28.998468: Epoch time: 157.53 s
2025-11-11 22:54:32.413431: 
2025-11-11 22:54:32.413642: Epoch 680
2025-11-11 22:54:32.413765: Current learning rate: 0.00359
2025-11-11 22:57:15.023118: train_loss -0.6946
2025-11-11 22:57:15.023392: val_loss -0.7284
2025-11-11 22:57:15.023492: Pseudo dice [np.float32(0.9274), np.float32(0.8056), np.float32(0.0)]
2025-11-11 22:57:15.023589: Epoch time: 162.61 s
2025-11-11 22:57:19.248406: 
2025-11-11 22:57:19.248592: Epoch 681
2025-11-11 22:57:19.248707: Current learning rate: 0.00358
2025-11-11 22:59:45.654404: train_loss -0.7052
2025-11-11 22:59:45.654775: val_loss -0.7437
2025-11-11 22:59:45.654893: Pseudo dice [np.float32(0.9282), np.float32(0.8064), np.float32(0.0)]
2025-11-11 22:59:45.654995: Epoch time: 146.41 s
2025-11-11 22:59:49.138480: 
2025-11-11 22:59:49.138662: Epoch 682
2025-11-11 22:59:49.138783: Current learning rate: 0.00357
2025-11-11 23:02:20.683413: train_loss -0.6939
2025-11-11 23:02:20.683672: val_loss -0.7211
2025-11-11 23:02:20.683774: Pseudo dice [np.float32(0.9272), np.float32(0.8023), np.float32(0.0)]
2025-11-11 23:02:20.683911: Epoch time: 151.55 s
2025-11-11 23:02:23.944781: 
2025-11-11 23:02:23.945002: Epoch 683
2025-11-11 23:02:23.945128: Current learning rate: 0.00356
2025-11-11 23:04:56.097316: train_loss -0.6836
2025-11-11 23:04:56.097659: val_loss -0.7277
2025-11-11 23:04:56.097764: Pseudo dice [np.float32(0.9265), np.float32(0.8018), np.float32(0.0)]
2025-11-11 23:04:56.097873: Epoch time: 152.15 s
2025-11-11 23:05:00.086830: 
2025-11-11 23:05:00.087024: Epoch 684
2025-11-11 23:05:00.087151: Current learning rate: 0.00355
2025-11-11 23:07:34.302586: train_loss -0.6794
2025-11-11 23:07:34.306385: val_loss -0.7382
2025-11-11 23:07:34.306518: Pseudo dice [np.float32(0.9293), np.float32(0.7995), np.float32(0.0)]
2025-11-11 23:07:34.306612: Epoch time: 154.22 s
2025-11-11 23:07:39.022901: 
2025-11-11 23:07:39.023126: Epoch 685
2025-11-11 23:07:39.023262: Current learning rate: 0.00354
2025-11-11 23:10:12.404353: train_loss -0.6895
2025-11-11 23:10:12.404613: val_loss -0.7349
2025-11-11 23:10:12.404720: Pseudo dice [np.float32(0.9274), np.float32(0.8019), np.float32(0.0)]
2025-11-11 23:10:12.404831: Epoch time: 153.38 s
2025-11-11 23:10:15.906657: 
2025-11-11 23:10:15.906904: Epoch 686
2025-11-11 23:10:15.907029: Current learning rate: 0.00353
2025-11-11 23:12:43.535691: train_loss -0.6998
2025-11-11 23:12:43.535962: val_loss -0.7033
2025-11-11 23:12:43.536066: Pseudo dice [np.float32(0.9294), np.float32(0.7776), np.float32(0.0)]
2025-11-11 23:12:43.536167: Epoch time: 147.63 s
2025-11-11 23:12:49.290407: 
2025-11-11 23:12:49.290640: Epoch 687
2025-11-11 23:12:49.290762: Current learning rate: 0.00352
2025-11-11 23:15:16.044004: train_loss -0.6813
2025-11-11 23:15:16.044247: val_loss -0.6909
2025-11-11 23:15:16.044338: Pseudo dice [np.float32(0.9273), np.float32(0.7892), np.float32(0.0)]
2025-11-11 23:15:16.044431: Epoch time: 146.75 s
2025-11-11 23:15:20.496701: 
2025-11-11 23:15:20.496922: Epoch 688
2025-11-11 23:15:20.497043: Current learning rate: 0.00351
2025-11-11 23:17:54.862917: train_loss -0.6985
2025-11-11 23:17:54.863267: val_loss -0.7148
2025-11-11 23:17:54.863372: Pseudo dice [np.float32(0.9256), np.float32(0.795), np.float32(0.0)]
2025-11-11 23:17:54.863470: Epoch time: 154.37 s
2025-11-11 23:17:58.941435: 
2025-11-11 23:17:58.941642: Epoch 689
2025-11-11 23:17:58.941755: Current learning rate: 0.0035
2025-11-11 23:20:39.131473: train_loss -0.6861
2025-11-11 23:20:39.131731: val_loss -0.6964
2025-11-11 23:20:39.131839: Pseudo dice [np.float32(0.9169), np.float32(0.7749), np.float32(0.0)]
2025-11-11 23:20:39.131941: Epoch time: 160.19 s
2025-11-11 23:20:43.198899: 
2025-11-11 23:20:43.199136: Epoch 690
2025-11-11 23:20:43.199260: Current learning rate: 0.00349
2025-11-11 23:23:16.274372: train_loss -0.6628
2025-11-11 23:23:16.274729: val_loss -0.6877
2025-11-11 23:23:16.274847: Pseudo dice [np.float32(0.9292), np.float32(0.8038), np.float32(0.0)]
2025-11-11 23:23:16.274951: Epoch time: 153.08 s
2025-11-11 23:23:20.801009: 
2025-11-11 23:23:20.801205: Epoch 691
2025-11-11 23:23:20.801325: Current learning rate: 0.00348
2025-11-11 23:26:02.821409: train_loss -0.6854
2025-11-11 23:26:02.821648: val_loss -0.7157
2025-11-11 23:26:02.821753: Pseudo dice [np.float32(0.9313), np.float32(0.7976), np.float32(0.0)]
2025-11-11 23:26:02.821866: Epoch time: 162.02 s
2025-11-11 23:26:06.354898: 
2025-11-11 23:26:06.355102: Epoch 692
2025-11-11 23:26:06.355223: Current learning rate: 0.00346
2025-11-11 23:28:39.026316: train_loss -0.7001
2025-11-11 23:28:39.026583: val_loss -0.7013
2025-11-11 23:28:39.026686: Pseudo dice [np.float32(0.931), np.float32(0.802), np.float32(0.0)]
2025-11-11 23:28:39.026786: Epoch time: 152.67 s
2025-11-11 23:28:41.951907: 
2025-11-11 23:28:41.952116: Epoch 693
2025-11-11 23:28:41.952286: Current learning rate: 0.00345
2025-11-11 23:31:23.278986: train_loss -0.6801
2025-11-11 23:31:23.295386: val_loss -0.6759
2025-11-11 23:31:23.295503: Pseudo dice [np.float32(0.9284), np.float32(0.8031), np.float32(0.0)]
2025-11-11 23:31:23.295596: Epoch time: 161.33 s
2025-11-11 23:31:26.568420: 
2025-11-11 23:31:26.568614: Epoch 694
2025-11-11 23:31:26.568734: Current learning rate: 0.00344
2025-11-11 23:33:55.260899: train_loss -0.7029
2025-11-11 23:33:55.261151: val_loss -0.7126
2025-11-11 23:33:55.261256: Pseudo dice [np.float32(0.9247), np.float32(0.8014), np.float32(0.0)]
2025-11-11 23:33:55.261350: Epoch time: 148.69 s
2025-11-11 23:33:58.040493: 
2025-11-11 23:33:58.040674: Epoch 695
2025-11-11 23:33:58.040973: Current learning rate: 0.00343
2025-11-11 23:36:28.504920: train_loss -0.69
2025-11-11 23:36:28.505161: val_loss -0.6996
2025-11-11 23:36:28.509103: Pseudo dice [np.float32(0.9253), np.float32(0.811), np.float32(0.0)]
2025-11-11 23:36:28.509292: Epoch time: 150.47 s
2025-11-11 23:36:33.286600: 
2025-11-11 23:36:33.286822: Epoch 696
2025-11-11 23:36:33.286949: Current learning rate: 0.00342
2025-11-11 23:39:04.922042: train_loss -0.6894
2025-11-11 23:39:04.922298: val_loss -0.728
2025-11-11 23:39:04.922401: Pseudo dice [np.float32(0.927), np.float32(0.7989), np.float32(0.0)]
2025-11-11 23:39:04.922503: Epoch time: 151.64 s
2025-11-11 23:39:08.845580: 
2025-11-11 23:39:08.845774: Epoch 697
2025-11-11 23:39:08.845900: Current learning rate: 0.00341
2025-11-11 23:41:43.597488: train_loss -0.7038
2025-11-11 23:41:43.597745: val_loss -0.7266
2025-11-11 23:41:43.597860: Pseudo dice [np.float32(0.931), np.float32(0.798), np.float32(0.0)]
2025-11-11 23:41:43.597969: Epoch time: 154.75 s
2025-11-11 23:41:47.673330: 
2025-11-11 23:41:47.673540: Epoch 698
2025-11-11 23:41:47.673666: Current learning rate: 0.0034
2025-11-11 23:44:19.928133: train_loss -0.6965
2025-11-11 23:44:19.928391: val_loss -0.7152
2025-11-11 23:44:19.928490: Pseudo dice [np.float32(0.9242), np.float32(0.7944), np.float32(0.0)]
2025-11-11 23:44:19.928592: Epoch time: 152.26 s
2025-11-11 23:44:24.333303: 
2025-11-11 23:44:24.333516: Epoch 699
2025-11-11 23:44:24.333640: Current learning rate: 0.00339
2025-11-11 23:46:53.854347: train_loss -0.7053
2025-11-11 23:46:53.854598: val_loss -0.6996
2025-11-11 23:46:53.854699: Pseudo dice [np.float32(0.9239), np.float32(0.8029), np.float32(0.0)]
2025-11-11 23:46:53.854797: Epoch time: 149.52 s
2025-11-11 23:46:59.096214: 
2025-11-11 23:46:59.096448: Epoch 700
2025-11-11 23:46:59.096569: Current learning rate: 0.00338
2025-11-11 23:49:37.160835: train_loss -0.6842
2025-11-11 23:49:37.161186: val_loss -0.6773
2025-11-11 23:49:37.161291: Pseudo dice [np.float32(0.9282), np.float32(0.804), np.float32(0.0)]
2025-11-11 23:49:37.161395: Epoch time: 158.07 s
2025-11-11 23:49:41.790514: 
2025-11-11 23:49:41.790755: Epoch 701
2025-11-11 23:49:41.790879: Current learning rate: 0.00337
2025-11-11 23:52:17.054424: train_loss -0.6899
2025-11-11 23:52:17.054668: val_loss -0.7142
2025-11-11 23:52:17.054778: Pseudo dice [np.float32(0.9303), np.float32(0.8006), np.float32(0.0)]
2025-11-11 23:52:17.054898: Epoch time: 155.26 s
2025-11-11 23:52:21.667673: 
2025-11-11 23:52:21.667975: Epoch 702
2025-11-11 23:52:21.668102: Current learning rate: 0.00336
2025-11-11 23:54:53.728241: train_loss -0.69
2025-11-11 23:54:53.728474: val_loss -0.6919
2025-11-11 23:54:53.728579: Pseudo dice [np.float32(0.9267), np.float32(0.791), np.float32(0.0)]
2025-11-11 23:54:53.728680: Epoch time: 152.06 s
2025-11-11 23:54:56.112112: 
2025-11-11 23:54:56.112320: Epoch 703
2025-11-11 23:54:56.112437: Current learning rate: 0.00335
2025-11-11 23:57:21.317334: train_loss -0.6898
2025-11-11 23:57:21.317604: val_loss -0.7103
2025-11-11 23:57:21.317706: Pseudo dice [np.float32(0.9305), np.float32(0.8067), np.float32(0.0)]
2025-11-11 23:57:21.317818: Epoch time: 145.21 s
2025-11-11 23:57:25.699255: 
2025-11-11 23:57:25.699555: Epoch 704
2025-11-11 23:57:25.699676: Current learning rate: 0.00334
2025-11-11 23:59:54.371502: train_loss -0.6868
2025-11-11 23:59:54.371754: val_loss -0.6997
2025-11-11 23:59:54.371864: Pseudo dice [np.float32(0.9253), np.float32(0.7928), np.float32(0.0)]
2025-11-11 23:59:54.371964: Epoch time: 148.67 s
2025-11-11 23:59:58.626274: 
2025-11-11 23:59:58.626505: Epoch 705
2025-11-11 23:59:58.626627: Current learning rate: 0.00333
2025-11-12 00:02:34.211882: train_loss -0.6947
2025-11-12 00:02:34.212146: val_loss -0.6869
2025-11-12 00:02:34.212246: Pseudo dice [np.float32(0.9293), np.float32(0.8018), np.float32(0.0)]
2025-11-12 00:02:34.212346: Epoch time: 155.59 s
2025-11-12 00:02:37.397850: 
2025-11-12 00:02:37.398068: Epoch 706
2025-11-12 00:02:37.398192: Current learning rate: 0.00332
2025-11-12 00:05:10.867453: train_loss -0.6966
2025-11-12 00:05:10.867685: val_loss -0.7097
2025-11-12 00:05:10.867784: Pseudo dice [np.float32(0.9366), np.float32(0.8081), np.float32(0.0)]
2025-11-12 00:05:10.867892: Epoch time: 153.47 s
2025-11-12 00:05:14.923004: 
2025-11-12 00:05:14.923218: Epoch 707
2025-11-12 00:05:14.923335: Current learning rate: 0.00331
2025-11-12 00:07:47.696401: train_loss -0.7013
2025-11-12 00:07:47.696661: val_loss -0.6828
2025-11-12 00:07:47.696760: Pseudo dice [np.float32(0.9282), np.float32(0.8068), np.float32(0.0)]
2025-11-12 00:07:47.696866: Epoch time: 152.77 s
2025-11-12 00:07:51.456886: 
2025-11-12 00:07:51.457089: Epoch 708
2025-11-12 00:07:51.457352: Current learning rate: 0.0033
2025-11-12 00:10:21.766286: train_loss -0.691
2025-11-12 00:10:21.766548: val_loss -0.6993
2025-11-12 00:10:21.766652: Pseudo dice [np.float32(0.9274), np.float32(0.8078), np.float32(0.0)]
2025-11-12 00:10:21.766752: Epoch time: 150.31 s
2025-11-12 00:10:26.274146: 
2025-11-12 00:10:26.274376: Epoch 709
2025-11-12 00:10:26.274496: Current learning rate: 0.00329
2025-11-12 00:12:59.538340: train_loss -0.6702
2025-11-12 00:12:59.538707: val_loss -0.6893
2025-11-12 00:12:59.538822: Pseudo dice [np.float32(0.9223), np.float32(0.8091), np.float32(0.0)]
2025-11-12 00:12:59.538928: Epoch time: 153.27 s
2025-11-12 00:13:04.415043: 
2025-11-12 00:13:04.415298: Epoch 710
2025-11-12 00:13:04.415437: Current learning rate: 0.00328
2025-11-12 00:15:45.740909: train_loss -0.6965
2025-11-12 00:15:45.741142: val_loss -0.7242
2025-11-12 00:15:45.741246: Pseudo dice [np.float32(0.9283), np.float32(0.8024), np.float32(0.0)]
2025-11-12 00:15:45.741344: Epoch time: 161.33 s
2025-11-12 00:15:48.715156: 
2025-11-12 00:15:48.715333: Epoch 711
2025-11-12 00:15:48.715446: Current learning rate: 0.00327
2025-11-12 00:18:16.771167: train_loss -0.7008
2025-11-12 00:18:16.771446: val_loss -0.69
2025-11-12 00:18:16.771551: Pseudo dice [np.float32(0.9283), np.float32(0.7815), np.float32(0.0)]
2025-11-12 00:18:16.771647: Epoch time: 148.06 s
2025-11-12 00:18:20.516999: 
2025-11-12 00:18:20.517170: Epoch 712
2025-11-12 00:18:20.517287: Current learning rate: 0.00326
2025-11-12 00:20:48.888394: train_loss -0.6876
2025-11-12 00:20:48.888602: val_loss -0.7222
2025-11-12 00:20:48.910455: Pseudo dice [np.float32(0.9251), np.float32(0.7937), np.float32(0.0)]
2025-11-12 00:20:48.910568: Epoch time: 148.37 s
2025-11-12 00:20:52.786155: 
2025-11-12 00:20:52.786329: Epoch 713
2025-11-12 00:20:52.786442: Current learning rate: 0.00325
2025-11-12 00:23:23.403034: train_loss -0.69
2025-11-12 00:23:23.403341: val_loss -0.7113
2025-11-12 00:23:23.403451: Pseudo dice [np.float32(0.9278), np.float32(0.8001), np.float32(0.0)]
2025-11-12 00:23:23.403549: Epoch time: 150.62 s
2025-11-12 00:23:29.217925: 
2025-11-12 00:23:29.218130: Epoch 714
2025-11-12 00:23:29.218249: Current learning rate: 0.00324
2025-11-12 00:25:51.531364: train_loss -0.6991
2025-11-12 00:25:51.531601: val_loss -0.7281
2025-11-12 00:25:51.531703: Pseudo dice [np.float32(0.9303), np.float32(0.8071), np.float32(0.0)]
2025-11-12 00:25:51.531799: Epoch time: 142.31 s
2025-11-12 00:25:54.872107: 
2025-11-12 00:25:54.872309: Epoch 715
2025-11-12 00:25:54.872423: Current learning rate: 0.00323
2025-11-12 00:28:23.421409: train_loss -0.6979
2025-11-12 00:28:23.421637: val_loss -0.6955
2025-11-12 00:28:23.421736: Pseudo dice [np.float32(0.9314), np.float32(0.8041), np.float32(0.0)]
2025-11-12 00:28:23.421842: Epoch time: 148.55 s
2025-11-12 00:28:26.035663: 
2025-11-12 00:28:26.035876: Epoch 716
2025-11-12 00:28:26.035991: Current learning rate: 0.00322
2025-11-12 00:30:45.112305: train_loss -0.6947
2025-11-12 00:30:45.112547: val_loss -0.712
2025-11-12 00:30:45.112648: Pseudo dice [np.float32(0.9257), np.float32(0.8094), np.float32(0.0)]
2025-11-12 00:30:45.112746: Epoch time: 139.08 s
2025-11-12 00:30:47.692322: 
2025-11-12 00:30:47.692494: Epoch 717
2025-11-12 00:30:47.692608: Current learning rate: 0.00321
2025-11-12 00:33:19.074235: train_loss -0.6902
2025-11-12 00:33:19.074449: val_loss -0.7324
2025-11-12 00:33:19.074550: Pseudo dice [np.float32(0.933), np.float32(0.8065), np.float32(0.0)]
2025-11-12 00:33:19.074650: Epoch time: 151.38 s
2025-11-12 00:33:21.481702: 
2025-11-12 00:33:21.481941: Epoch 718
2025-11-12 00:33:21.482060: Current learning rate: 0.0032
2025-11-12 00:35:44.542853: train_loss -0.7006
2025-11-12 00:35:44.543110: val_loss -0.6909
2025-11-12 00:35:44.543212: Pseudo dice [np.float32(0.9281), np.float32(0.8126), np.float32(0.0)]
2025-11-12 00:35:44.543310: Epoch time: 143.06 s
2025-11-12 00:35:48.030235: 
2025-11-12 00:35:48.030453: Epoch 719
2025-11-12 00:35:48.030571: Current learning rate: 0.00319
2025-11-12 00:38:21.535936: train_loss -0.675
2025-11-12 00:38:21.536178: val_loss -0.7246
2025-11-12 00:38:21.536277: Pseudo dice [np.float32(0.9286), np.float32(0.8044), np.float32(0.0)]
2025-11-12 00:38:21.548918: Epoch time: 153.51 s
2025-11-12 00:38:25.480453: 
2025-11-12 00:38:25.480644: Epoch 720
2025-11-12 00:38:25.480760: Current learning rate: 0.00318
2025-11-12 00:41:00.071797: train_loss -0.6988
2025-11-12 00:41:00.072056: val_loss -0.6993
2025-11-12 00:41:00.072158: Pseudo dice [np.float32(0.9288), np.float32(0.8042), np.float32(0.0)]
2025-11-12 00:41:00.072254: Epoch time: 154.59 s
2025-11-12 00:41:04.576765: 
2025-11-12 00:41:04.576957: Epoch 721
2025-11-12 00:41:04.577077: Current learning rate: 0.00317
2025-11-12 00:43:28.326643: train_loss -0.6983
2025-11-12 00:43:28.355866: val_loss -0.6996
2025-11-12 00:43:28.356046: Pseudo dice [np.float32(0.9357), np.float32(0.8142), np.float32(0.0)]
2025-11-12 00:43:28.356144: Epoch time: 143.75 s
2025-11-12 00:43:31.789914: 
2025-11-12 00:43:31.790094: Epoch 722
2025-11-12 00:43:31.790203: Current learning rate: 0.00316
2025-11-12 00:45:49.586268: train_loss -0.6946
2025-11-12 00:45:49.589536: val_loss -0.7292
2025-11-12 00:45:49.589685: Pseudo dice [np.float32(0.9255), np.float32(0.7984), np.float32(0.0)]
2025-11-12 00:45:49.589785: Epoch time: 137.8 s
2025-11-12 00:45:52.971407: 
2025-11-12 00:45:52.971579: Epoch 723
2025-11-12 00:45:52.971692: Current learning rate: 0.00315
2025-11-12 00:48:22.158775: train_loss -0.6852
2025-11-12 00:48:22.160693: val_loss -0.702
2025-11-12 00:48:22.160824: Pseudo dice [np.float32(0.9312), np.float32(0.7993), np.float32(0.0)]
2025-11-12 00:48:22.160922: Epoch time: 149.19 s
2025-11-12 00:48:26.812428: 
2025-11-12 00:48:26.812588: Epoch 724
2025-11-12 00:48:26.812702: Current learning rate: 0.00314
2025-11-12 00:50:58.805246: train_loss -0.6982
2025-11-12 00:50:58.811062: val_loss -0.7025
2025-11-12 00:50:58.811205: Pseudo dice [np.float32(0.9247), np.float32(0.8048), np.float32(0.0)]
2025-11-12 00:50:58.811307: Epoch time: 151.99 s
2025-11-12 00:51:01.226258: 
2025-11-12 00:51:01.226556: Epoch 725
2025-11-12 00:51:01.226683: Current learning rate: 0.00313
2025-11-12 00:53:26.061021: train_loss -0.686
2025-11-12 00:53:26.066814: val_loss -0.6943
2025-11-12 00:53:26.066941: Pseudo dice [np.float32(0.9258), np.float32(0.8018), np.float32(0.0)]
2025-11-12 00:53:26.067031: Epoch time: 144.84 s
2025-11-12 00:53:29.005828: 
2025-11-12 00:53:29.005994: Epoch 726
2025-11-12 00:53:29.006109: Current learning rate: 0.00312
2025-11-12 00:55:58.116302: train_loss -0.7015
2025-11-12 00:55:58.118186: val_loss -0.7055
2025-11-12 00:55:58.118324: Pseudo dice [np.float32(0.9335), np.float32(0.8151), np.float32(0.0)]
2025-11-12 00:55:58.118442: Epoch time: 149.11 s
2025-11-12 00:56:01.994346: 
2025-11-12 00:56:01.994532: Epoch 727
2025-11-12 00:56:01.994647: Current learning rate: 0.00311
2025-11-12 00:58:31.608005: train_loss -0.6942
2025-11-12 00:58:31.616800: val_loss -0.7005
2025-11-12 00:58:31.616930: Pseudo dice [np.float32(0.923), np.float32(0.8108), np.float32(0.0)]
2025-11-12 00:58:31.617026: Epoch time: 149.61 s
2025-11-12 00:58:34.348550: 
2025-11-12 00:58:34.348719: Epoch 728
2025-11-12 00:58:34.348839: Current learning rate: 0.0031
2025-11-12 01:01:07.099211: train_loss -0.705
2025-11-12 01:01:07.100806: val_loss -0.7174
2025-11-12 01:01:07.100922: Pseudo dice [np.float32(0.9278), np.float32(0.8053), np.float32(0.0)]
2025-11-12 01:01:07.101083: Epoch time: 152.75 s
2025-11-12 01:01:09.886994: 
2025-11-12 01:01:09.887167: Epoch 729
2025-11-12 01:01:09.887304: Current learning rate: 0.00309
2025-11-12 01:03:39.441179: train_loss -0.7119
2025-11-12 01:03:39.453907: val_loss -0.7503
2025-11-12 01:03:39.454053: Pseudo dice [np.float32(0.9286), np.float32(0.7997), np.float32(0.0)]
2025-11-12 01:03:39.454148: Epoch time: 149.56 s
2025-11-12 01:03:44.409198: 
2025-11-12 01:03:44.409378: Epoch 730
2025-11-12 01:03:44.409489: Current learning rate: 0.00308
2025-11-12 01:06:11.740124: train_loss -0.7048
2025-11-12 01:06:11.743994: val_loss -0.734
2025-11-12 01:06:11.744122: Pseudo dice [np.float32(0.9283), np.float32(0.8026), np.float32(0.0)]
2025-11-12 01:06:11.760659: Epoch time: 147.33 s
2025-11-12 01:06:15.790771: 
2025-11-12 01:06:15.790974: Epoch 731
2025-11-12 01:06:15.791091: Current learning rate: 0.00307
2025-11-12 01:08:46.658793: train_loss -0.701
2025-11-12 01:08:46.659371: val_loss -0.7335
2025-11-12 01:08:46.659503: Pseudo dice [np.float32(0.9317), np.float32(0.8133), np.float32(0.0)]
2025-11-12 01:08:46.659609: Epoch time: 150.87 s
2025-11-12 01:08:50.009974: 
2025-11-12 01:08:50.010184: Epoch 732
2025-11-12 01:08:50.010301: Current learning rate: 0.00306
2025-11-12 01:11:27.844796: train_loss -0.6904
2025-11-12 01:11:27.845294: val_loss -0.7007
2025-11-12 01:11:27.845411: Pseudo dice [np.float32(0.9259), np.float32(0.8023), np.float32(0.0)]
2025-11-12 01:11:27.845510: Epoch time: 157.84 s
2025-11-12 01:11:32.313083: 
2025-11-12 01:11:32.313282: Epoch 733
2025-11-12 01:11:32.313401: Current learning rate: 0.00305
2025-11-12 01:14:07.175039: train_loss -0.6881
2025-11-12 01:14:07.177044: val_loss -0.7203
2025-11-12 01:14:07.177160: Pseudo dice [np.float32(0.9342), np.float32(0.8077), np.float32(0.0)]
2025-11-12 01:14:07.177253: Epoch time: 154.86 s
2025-11-12 01:14:11.676386: 
2025-11-12 01:14:11.676575: Epoch 734
2025-11-12 01:14:11.676695: Current learning rate: 0.00304
2025-11-12 01:16:42.444178: train_loss -0.6941
2025-11-12 01:16:42.445300: val_loss -0.7117
2025-11-12 01:16:42.445424: Pseudo dice [np.float32(0.9281), np.float32(0.809), np.float32(0.0)]
2025-11-12 01:16:42.445517: Epoch time: 150.77 s
2025-11-12 01:16:45.241052: 
2025-11-12 01:16:45.241237: Epoch 735
2025-11-12 01:16:45.241357: Current learning rate: 0.00303
2025-11-12 01:19:12.661045: train_loss -0.7069
2025-11-12 01:19:12.662328: val_loss -0.7102
2025-11-12 01:19:12.662456: Pseudo dice [np.float32(0.9263), np.float32(0.809), np.float32(0.0)]
2025-11-12 01:19:12.662561: Epoch time: 147.42 s
2025-11-12 01:19:16.816182: 
2025-11-12 01:19:16.816368: Epoch 736
2025-11-12 01:19:16.816482: Current learning rate: 0.00302
2025-11-12 01:21:55.278442: train_loss -0.7067
2025-11-12 01:21:55.297663: val_loss -0.6979
2025-11-12 01:21:55.297810: Pseudo dice [np.float32(0.9282), np.float32(0.8101), np.float32(0.0)]
2025-11-12 01:21:55.297913: Epoch time: 158.46 s
2025-11-12 01:21:58.596394: 
2025-11-12 01:21:58.596581: Epoch 737
2025-11-12 01:21:58.596695: Current learning rate: 0.00301
2025-11-12 01:24:35.301632: train_loss -0.69
2025-11-12 01:24:35.310903: val_loss -0.7054
2025-11-12 01:24:35.311049: Pseudo dice [np.float32(0.9267), np.float32(0.7977), np.float32(0.0)]
2025-11-12 01:24:35.311146: Epoch time: 156.71 s
2025-11-12 01:24:38.755442: 
2025-11-12 01:24:38.755628: Epoch 738
2025-11-12 01:24:38.755745: Current learning rate: 0.003
2025-11-12 01:27:11.909875: train_loss -0.7003
2025-11-12 01:27:11.910349: val_loss -0.7043
2025-11-12 01:27:11.910459: Pseudo dice [np.float32(0.9272), np.float32(0.7992), np.float32(0.0)]
2025-11-12 01:27:11.910565: Epoch time: 153.16 s
2025-11-12 01:27:16.313118: 
2025-11-12 01:27:16.313303: Epoch 739
2025-11-12 01:27:16.313421: Current learning rate: 0.00299
2025-11-12 01:29:47.924605: train_loss -0.7117
2025-11-12 01:29:47.944399: val_loss -0.7325
2025-11-12 01:29:47.946548: Pseudo dice [np.float32(0.9261), np.float32(0.806), np.float32(0.0)]
2025-11-12 01:29:47.946679: Epoch time: 151.61 s
2025-11-12 01:29:49.996844: 
2025-11-12 01:29:49.997087: Epoch 740
2025-11-12 01:29:49.997232: Current learning rate: 0.00297
2025-11-12 01:32:22.418035: train_loss -0.691
2025-11-12 01:32:22.422568: val_loss -0.7139
2025-11-12 01:32:22.427953: Pseudo dice [np.float32(0.929), np.float32(0.8067), np.float32(0.0)]
2025-11-12 01:32:22.428121: Epoch time: 152.42 s
2025-11-12 01:32:25.692840: 
2025-11-12 01:32:25.693021: Epoch 741
2025-11-12 01:32:25.693138: Current learning rate: 0.00296
2025-11-12 01:34:51.905588: train_loss -0.7086
2025-11-12 01:34:51.909016: val_loss -0.7189
2025-11-12 01:34:51.909160: Pseudo dice [np.float32(0.9293), np.float32(0.8223), np.float32(0.0)]
2025-11-12 01:34:51.920954: Epoch time: 146.21 s
2025-11-12 01:34:57.013558: 
2025-11-12 01:34:57.013735: Epoch 742
2025-11-12 01:34:57.013856: Current learning rate: 0.00295
2025-11-12 01:37:33.052499: train_loss -0.6905
2025-11-12 01:37:33.061850: val_loss -0.6804
2025-11-12 01:37:33.061997: Pseudo dice [np.float32(0.931), np.float32(0.8185), np.float32(0.0)]
2025-11-12 01:37:33.062106: Epoch time: 156.04 s
2025-11-12 01:37:36.471394: 
2025-11-12 01:37:36.471572: Epoch 743
2025-11-12 01:37:36.471697: Current learning rate: 0.00294
2025-11-12 01:40:07.023937: train_loss -0.7041
2025-11-12 01:40:07.025727: val_loss -0.7166
2025-11-12 01:40:07.025859: Pseudo dice [np.float32(0.938), np.float32(0.8176), np.float32(0.0)]
2025-11-12 01:40:07.025959: Epoch time: 150.55 s
2025-11-12 01:40:11.575414: 
2025-11-12 01:40:11.575608: Epoch 744
2025-11-12 01:40:11.575725: Current learning rate: 0.00293
2025-11-12 01:42:39.881488: train_loss -0.7025
2025-11-12 01:42:39.883537: val_loss -0.7063
2025-11-12 01:42:39.883640: Pseudo dice [np.float32(0.9272), np.float32(0.8087), np.float32(0.0)]
2025-11-12 01:42:39.883729: Epoch time: 148.31 s
2025-11-12 01:42:43.525498: 
2025-11-12 01:42:43.525705: Epoch 745
2025-11-12 01:42:43.525824: Current learning rate: 0.00292
2025-11-12 01:45:09.308459: train_loss -0.7054
2025-11-12 01:45:09.314851: val_loss -0.6983
2025-11-12 01:45:09.314989: Pseudo dice [np.float32(0.9267), np.float32(0.813), np.float32(0.0)]
2025-11-12 01:45:09.315090: Epoch time: 145.78 s
2025-11-12 01:45:13.074475: 
2025-11-12 01:45:13.077749: Epoch 746
2025-11-12 01:45:13.077889: Current learning rate: 0.00291
2025-11-12 01:47:45.276638: train_loss -0.6973
2025-11-12 01:47:45.279806: val_loss -0.7021
2025-11-12 01:47:45.279938: Pseudo dice [np.float32(0.9271), np.float32(0.809), np.float32(0.0)]
2025-11-12 01:47:45.280035: Epoch time: 152.2 s
2025-11-12 01:47:48.219478: 
2025-11-12 01:47:48.219679: Epoch 747
2025-11-12 01:47:48.219797: Current learning rate: 0.0029
2025-11-12 01:50:14.766219: train_loss -0.7096
2025-11-12 01:50:14.770182: val_loss -0.7001
2025-11-12 01:50:14.770345: Pseudo dice [np.float32(0.9324), np.float32(0.8096), np.float32(0.0)]
2025-11-12 01:50:14.770446: Epoch time: 146.55 s
2025-11-12 01:50:19.197353: 
2025-11-12 01:50:19.197542: Epoch 748
2025-11-12 01:50:19.197658: Current learning rate: 0.00289
2025-11-12 01:52:43.222436: train_loss -0.6902
2025-11-12 01:52:43.224369: val_loss -0.7013
2025-11-12 01:52:43.224503: Pseudo dice [np.float32(0.9275), np.float32(0.809), np.float32(0.0)]
2025-11-12 01:52:43.224604: Epoch time: 144.03 s
2025-11-12 01:52:46.271827: 
2025-11-12 01:52:46.272027: Epoch 749
2025-11-12 01:52:46.272148: Current learning rate: 0.00288
2025-11-12 01:55:13.839071: train_loss -0.6882
2025-11-12 01:55:13.839637: val_loss -0.7133
2025-11-12 01:55:13.839752: Pseudo dice [np.float32(0.9302), np.float32(0.8027), np.float32(0.0)]
2025-11-12 01:55:13.839858: Epoch time: 147.57 s
2025-11-12 01:55:18.341838: 
2025-11-12 01:55:18.342092: Epoch 750
2025-11-12 01:55:18.342207: Current learning rate: 0.00287
2025-11-12 01:57:38.156978: train_loss -0.6926
2025-11-12 01:57:38.160912: val_loss -0.7174
2025-11-12 01:57:38.161062: Pseudo dice [np.float32(0.9319), np.float32(0.8208), np.float32(0.0)]
2025-11-12 01:57:38.161165: Epoch time: 139.82 s
2025-11-12 01:57:42.217067: 
2025-11-12 01:57:42.217251: Epoch 751
2025-11-12 01:57:42.217379: Current learning rate: 0.00286
2025-11-12 02:00:17.926197: train_loss -0.6982
2025-11-12 02:00:17.937049: val_loss -0.6911
2025-11-12 02:00:17.937185: Pseudo dice [np.float32(0.9316), np.float32(0.8087), np.float32(0.0)]
2025-11-12 02:00:17.942912: Epoch time: 155.71 s
2025-11-12 02:00:21.932890: 
2025-11-12 02:00:21.933081: Epoch 752
2025-11-12 02:00:21.933196: Current learning rate: 0.00285
2025-11-12 02:02:57.515185: train_loss -0.6894
2025-11-12 02:02:57.516028: val_loss -0.6834
2025-11-12 02:02:57.516156: Pseudo dice [np.float32(0.9252), np.float32(0.8125), np.float32(0.0)]
2025-11-12 02:02:57.574141: Epoch time: 155.58 s
2025-11-12 02:03:02.510349: 
2025-11-12 02:03:02.510580: Epoch 753
2025-11-12 02:03:02.510706: Current learning rate: 0.00284
2025-11-12 02:05:33.162135: train_loss -0.7037
2025-11-12 02:05:33.162422: val_loss -0.6907
2025-11-12 02:05:33.162515: Pseudo dice [np.float32(0.9287), np.float32(0.8123), np.float32(0.0)]
2025-11-12 02:05:33.162605: Epoch time: 150.65 s
2025-11-12 02:05:35.187568: 
2025-11-12 02:05:35.187739: Epoch 754
2025-11-12 02:05:35.187860: Current learning rate: 0.00283
2025-11-12 02:08:04.378207: train_loss -0.703
2025-11-12 02:08:04.378430: val_loss -0.7492
2025-11-12 02:08:04.378531: Pseudo dice [np.float32(0.9288), np.float32(0.8153), np.float32(0.0)]
2025-11-12 02:08:04.378733: Epoch time: 149.19 s
2025-11-12 02:08:08.404267: 
2025-11-12 02:08:08.404458: Epoch 755
2025-11-12 02:08:08.404564: Current learning rate: 0.00282
2025-11-12 02:10:45.632478: train_loss -0.6928
2025-11-12 02:10:45.632722: val_loss -0.6873
2025-11-12 02:10:45.632823: Pseudo dice [np.float32(0.9322), np.float32(0.8169), np.float32(0.0)]
2025-11-12 02:10:45.632916: Epoch time: 157.23 s
2025-11-12 02:10:50.209227: 
2025-11-12 02:10:50.209425: Epoch 756
2025-11-12 02:10:50.209545: Current learning rate: 0.00281
2025-11-12 02:13:13.034938: train_loss -0.6974
2025-11-12 02:13:13.035176: val_loss -0.7068
2025-11-12 02:13:13.035275: Pseudo dice [np.float32(0.9287), np.float32(0.8071), np.float32(0.0)]
2025-11-12 02:13:13.035371: Epoch time: 142.83 s
2025-11-12 02:13:15.043025: 
2025-11-12 02:13:15.043220: Epoch 757
2025-11-12 02:13:15.043357: Current learning rate: 0.0028
2025-11-12 02:15:44.421045: train_loss -0.7043
2025-11-12 02:15:44.421249: val_loss -0.6955
2025-11-12 02:15:44.421350: Pseudo dice [np.float32(0.9251), np.float32(0.8071), np.float32(0.0)]
2025-11-12 02:15:44.421448: Epoch time: 149.38 s
2025-11-12 02:15:48.166021: 
2025-11-12 02:15:48.166196: Epoch 758
2025-11-12 02:15:48.166313: Current learning rate: 0.00279
2025-11-12 02:18:19.155145: train_loss -0.7052
2025-11-12 02:18:19.155418: val_loss -0.6995
2025-11-12 02:18:19.155524: Pseudo dice [np.float32(0.9262), np.float32(0.808), np.float32(0.0)]
2025-11-12 02:18:19.155623: Epoch time: 150.99 s
2025-11-12 02:18:24.884885: 
2025-11-12 02:18:24.885282: Epoch 759
2025-11-12 02:18:24.885462: Current learning rate: 0.00278
2025-11-12 02:20:46.055282: train_loss -0.708
2025-11-12 02:20:46.055548: val_loss -0.6789
2025-11-12 02:20:46.055650: Pseudo dice [np.float32(0.9287), np.float32(0.8152), np.float32(0.0)]
2025-11-12 02:20:46.055749: Epoch time: 141.17 s
2025-11-12 02:20:48.975741: 
2025-11-12 02:20:48.975920: Epoch 760
2025-11-12 02:20:48.976039: Current learning rate: 0.00277
2025-11-12 02:23:22.121784: train_loss -0.7096
2025-11-12 02:23:22.122028: val_loss -0.7387
2025-11-12 02:23:22.122129: Pseudo dice [np.float32(0.9243), np.float32(0.81), np.float32(0.0)]
2025-11-12 02:23:22.128710: Epoch time: 153.15 s
2025-11-12 02:23:24.579115: 
2025-11-12 02:23:24.579309: Epoch 761
2025-11-12 02:23:24.579435: Current learning rate: 0.00276
2025-11-12 02:25:54.066407: train_loss -0.6891
2025-11-12 02:25:54.066637: val_loss -0.7197
2025-11-12 02:25:54.066737: Pseudo dice [np.float32(0.9224), np.float32(0.8075), np.float32(0.0)]
2025-11-12 02:25:54.066839: Epoch time: 149.49 s
2025-11-12 02:25:56.958474: 
2025-11-12 02:25:56.958660: Epoch 762
2025-11-12 02:25:56.958776: Current learning rate: 0.00275
2025-11-12 02:28:31.559251: train_loss -0.6958
2025-11-12 02:28:31.559488: val_loss -0.6868
2025-11-12 02:28:31.559590: Pseudo dice [np.float32(0.933), np.float32(0.8059), np.float32(0.0)]
2025-11-12 02:28:31.559693: Epoch time: 154.6 s
2025-11-12 02:28:35.732831: 
2025-11-12 02:28:35.733093: Epoch 763
2025-11-12 02:28:35.733215: Current learning rate: 0.00274
2025-11-12 02:31:04.977692: train_loss -0.6929
2025-11-12 02:31:04.977949: val_loss -0.7428
2025-11-12 02:31:04.978052: Pseudo dice [np.float32(0.9313), np.float32(0.8153), np.float32(0.0)]
2025-11-12 02:31:04.996210: Epoch time: 149.25 s
2025-11-12 02:31:07.720264: 
2025-11-12 02:31:07.720509: Epoch 764
2025-11-12 02:31:07.720626: Current learning rate: 0.00273
2025-11-12 02:33:49.969590: train_loss -0.7221
2025-11-12 02:33:49.990175: val_loss -0.7254
2025-11-12 02:33:49.990271: Pseudo dice [np.float32(0.9264), np.float32(0.8069), np.float32(0.0)]
2025-11-12 02:33:49.990363: Epoch time: 162.25 s
2025-11-12 02:33:53.208432: 
2025-11-12 02:33:53.208617: Epoch 765
2025-11-12 02:33:53.208732: Current learning rate: 0.00272
2025-11-12 02:36:14.488939: train_loss -0.6921
2025-11-12 02:36:14.489175: val_loss -0.6859
2025-11-12 02:36:14.489274: Pseudo dice [np.float32(0.929), np.float32(0.8131), np.float32(0.0)]
2025-11-12 02:36:14.489370: Epoch time: 141.28 s
2025-11-12 02:36:17.063156: 
2025-11-12 02:36:17.063339: Epoch 766
2025-11-12 02:36:17.063452: Current learning rate: 0.00271
2025-11-12 02:38:52.230221: train_loss -0.6897
2025-11-12 02:38:52.230474: val_loss -0.7005
2025-11-12 02:38:52.230581: Pseudo dice [np.float32(0.9267), np.float32(0.8145), np.float32(0.0)]
2025-11-12 02:38:52.230687: Epoch time: 155.17 s
2025-11-12 02:38:54.334721: 
2025-11-12 02:38:54.334945: Epoch 767
2025-11-12 02:38:54.335072: Current learning rate: 0.0027
2025-11-12 02:41:23.666225: train_loss -0.6979
2025-11-12 02:41:23.666499: val_loss -0.6964
2025-11-12 02:41:23.666596: Pseudo dice [np.float32(0.9277), np.float32(0.8043), np.float32(0.0)]
2025-11-12 02:41:23.666687: Epoch time: 149.31 s
2025-11-12 02:41:26.573942: 
2025-11-12 02:41:26.574119: Epoch 768
2025-11-12 02:41:26.574282: Current learning rate: 0.00268
2025-11-12 02:44:07.942300: train_loss -0.701
2025-11-12 02:44:07.942514: val_loss -0.6992
2025-11-12 02:44:07.942624: Pseudo dice [np.float32(0.9292), np.float32(0.8177), np.float32(0.0)]
2025-11-12 02:44:07.942725: Epoch time: 161.37 s
2025-11-12 02:44:10.826020: 
2025-11-12 02:44:10.826214: Epoch 769
2025-11-12 02:44:10.826317: Current learning rate: 0.00267
2025-11-12 02:46:38.458848: train_loss -0.719
2025-11-12 02:46:38.459078: val_loss -0.7359
2025-11-12 02:46:38.467784: Pseudo dice [np.float32(0.9286), np.float32(0.8087), np.float32(0.0)]
2025-11-12 02:46:38.467963: Epoch time: 147.63 s
2025-11-12 02:46:42.774807: 
2025-11-12 02:46:42.774989: Epoch 770
2025-11-12 02:46:42.775110: Current learning rate: 0.00266
2025-11-12 02:49:18.711967: train_loss -0.6926
2025-11-12 02:49:18.712296: val_loss -0.6858
2025-11-12 02:49:18.712398: Pseudo dice [np.float32(0.9294), np.float32(0.8117), np.float32(0.0)]
2025-11-12 02:49:18.712489: Epoch time: 155.94 s
2025-11-12 02:49:22.259515: 
2025-11-12 02:49:22.259776: Epoch 771
2025-11-12 02:49:22.259901: Current learning rate: 0.00265
2025-11-12 02:51:54.369661: train_loss -0.698
2025-11-12 02:51:54.369905: val_loss -0.7344
2025-11-12 02:51:54.370006: Pseudo dice [np.float32(0.925), np.float32(0.8003), np.float32(0.0)]
2025-11-12 02:51:54.370104: Epoch time: 152.11 s
2025-11-12 02:51:56.692442: 
2025-11-12 02:51:56.692600: Epoch 772
2025-11-12 02:51:56.692715: Current learning rate: 0.00264
2025-11-12 02:54:31.446214: train_loss -0.7108
2025-11-12 02:54:31.446439: val_loss -0.7609
2025-11-12 02:54:31.446543: Pseudo dice [np.float32(0.9268), np.float32(0.8174), np.float32(0.0)]
2025-11-12 02:54:31.446650: Epoch time: 154.75 s
2025-11-12 02:54:34.771630: 
2025-11-12 02:54:34.771816: Epoch 773
2025-11-12 02:54:34.771936: Current learning rate: 0.00263
2025-11-12 02:57:02.703497: train_loss -0.7102
2025-11-12 02:57:02.703726: val_loss -0.7206
2025-11-12 02:57:02.703838: Pseudo dice [np.float32(0.9307), np.float32(0.8138), np.float32(0.0)]
2025-11-12 02:57:02.703945: Epoch time: 147.93 s
2025-11-12 02:57:08.827929: 
2025-11-12 02:57:08.828130: Epoch 774
2025-11-12 02:57:08.828248: Current learning rate: 0.00262
2025-11-12 02:59:33.774885: train_loss -0.7018
2025-11-12 02:59:33.775201: val_loss -0.7579
2025-11-12 02:59:33.775309: Pseudo dice [np.float32(0.9306), np.float32(0.8128), np.float32(0.0)]
2025-11-12 02:59:33.775408: Epoch time: 144.95 s
2025-11-12 02:59:36.210574: 
2025-11-12 02:59:36.210858: Epoch 775
2025-11-12 02:59:36.210985: Current learning rate: 0.00261
2025-11-12 03:02:03.742346: train_loss -0.6953
2025-11-12 03:02:03.742571: val_loss -0.6995
2025-11-12 03:02:03.742671: Pseudo dice [np.float32(0.93), np.float32(0.8143), np.float32(0.0)]
2025-11-12 03:02:03.742773: Epoch time: 147.53 s
2025-11-12 03:02:06.716191: 
2025-11-12 03:02:06.716384: Epoch 776
2025-11-12 03:02:06.716496: Current learning rate: 0.0026
2025-11-12 03:04:42.347290: train_loss -0.7027
2025-11-12 03:04:42.347516: val_loss -0.7432
2025-11-12 03:04:42.347619: Pseudo dice [np.float32(0.9386), np.float32(0.8179), np.float32(0.0)]
2025-11-12 03:04:42.347718: Epoch time: 155.63 s
2025-11-12 03:04:45.712023: 
2025-11-12 03:04:45.712219: Epoch 777
2025-11-12 03:04:45.712338: Current learning rate: 0.00259
2025-11-12 03:07:21.941222: train_loss -0.7081
2025-11-12 03:07:21.941457: val_loss -0.7127
2025-11-12 03:07:21.941556: Pseudo dice [np.float32(0.9324), np.float32(0.81), np.float32(0.0)]
2025-11-12 03:07:21.941654: Epoch time: 156.23 s
2025-11-12 03:07:25.986630: 
2025-11-12 03:07:25.986814: Epoch 778
2025-11-12 03:07:25.986931: Current learning rate: 0.00258
2025-11-12 03:10:00.673253: train_loss -0.7038
2025-11-12 03:10:00.673479: val_loss -0.7006
2025-11-12 03:10:00.673579: Pseudo dice [np.float32(0.9246), np.float32(0.8144), np.float32(0.0)]
2025-11-12 03:10:00.673676: Epoch time: 154.69 s
2025-11-12 03:10:05.093502: 
2025-11-12 03:10:05.093686: Epoch 779
2025-11-12 03:10:05.093808: Current learning rate: 0.00257
2025-11-12 03:12:36.014181: train_loss -0.6977
2025-11-12 03:12:36.014427: val_loss -0.7233
2025-11-12 03:12:36.014530: Pseudo dice [np.float32(0.9308), np.float32(0.8127), np.float32(0.0)]
2025-11-12 03:12:36.014626: Epoch time: 150.92 s
2025-11-12 03:12:40.492203: 
2025-11-12 03:12:40.492381: Epoch 780
2025-11-12 03:12:40.492497: Current learning rate: 0.00256
2025-11-12 03:15:08.499043: train_loss -0.7101
2025-11-12 03:15:08.499291: val_loss -0.715
2025-11-12 03:15:08.499392: Pseudo dice [np.float32(0.9298), np.float32(0.8186), np.float32(0.0)]
2025-11-12 03:15:08.499491: Epoch time: 148.01 s
2025-11-12 03:15:12.835469: 
2025-11-12 03:15:12.835708: Epoch 781
2025-11-12 03:15:12.835841: Current learning rate: 0.00255
2025-11-12 03:17:35.302257: train_loss -0.6992
2025-11-12 03:17:35.302475: val_loss -0.7331
2025-11-12 03:17:35.302579: Pseudo dice [np.float32(0.9323), np.float32(0.8222), np.float32(0.0)]
2025-11-12 03:17:35.302681: Epoch time: 142.47 s
2025-11-12 03:17:39.036188: 
2025-11-12 03:17:39.036372: Epoch 782
2025-11-12 03:17:39.036488: Current learning rate: 0.00254
2025-11-12 03:20:02.849960: train_loss -0.703
2025-11-12 03:20:02.850192: val_loss -0.6975
2025-11-12 03:20:02.850295: Pseudo dice [np.float32(0.9319), np.float32(0.8148), np.float32(0.0)]
2025-11-12 03:20:02.850393: Epoch time: 143.81 s
2025-11-12 03:20:07.549814: 
2025-11-12 03:20:07.550016: Epoch 783
2025-11-12 03:20:07.550133: Current learning rate: 0.00253
2025-11-12 03:22:44.762189: train_loss -0.7084
2025-11-12 03:22:44.762409: val_loss -0.7225
2025-11-12 03:22:44.762509: Pseudo dice [np.float32(0.928), np.float32(0.8149), np.float32(0.0)]
2025-11-12 03:22:44.762604: Epoch time: 157.21 s
2025-11-12 03:22:48.868079: 
2025-11-12 03:22:48.868257: Epoch 784
2025-11-12 03:22:48.868376: Current learning rate: 0.00252
2025-11-12 03:25:11.624123: train_loss -0.7008
2025-11-12 03:25:11.624335: val_loss -0.7479
2025-11-12 03:25:11.624432: Pseudo dice [np.float32(0.9293), np.float32(0.8149), np.float32(0.0)]
2025-11-12 03:25:11.624530: Epoch time: 142.76 s
2025-11-12 03:25:15.844634: 
2025-11-12 03:25:15.844799: Epoch 785
2025-11-12 03:25:15.844913: Current learning rate: 0.00251
2025-11-12 03:27:45.723975: train_loss -0.7107
2025-11-12 03:27:45.724209: val_loss -0.7107
2025-11-12 03:27:45.724310: Pseudo dice [np.float32(0.9246), np.float32(0.8196), np.float32(0.0)]
2025-11-12 03:27:45.724408: Epoch time: 149.88 s
2025-11-12 03:27:50.422879: 
2025-11-12 03:27:50.423063: Epoch 786
2025-11-12 03:27:50.423183: Current learning rate: 0.0025
2025-11-12 03:30:18.920441: train_loss -0.716
2025-11-12 03:30:18.920668: val_loss -0.7195
2025-11-12 03:30:18.920768: Pseudo dice [np.float32(0.9355), np.float32(0.8192), np.float32(0.0)]
2025-11-12 03:30:18.920876: Epoch time: 148.5 s
2025-11-12 03:30:22.786871: 
2025-11-12 03:30:22.787119: Epoch 787
2025-11-12 03:30:22.787235: Current learning rate: 0.00249
2025-11-12 03:32:56.000136: train_loss -0.7079
2025-11-12 03:32:56.000368: val_loss -0.7135
2025-11-12 03:32:56.000537: Pseudo dice [np.float32(0.9239), np.float32(0.8086), np.float32(0.0)]
2025-11-12 03:32:56.000661: Epoch time: 153.21 s
2025-11-12 03:33:00.202225: 
2025-11-12 03:33:00.202462: Epoch 788
2025-11-12 03:33:00.202582: Current learning rate: 0.00248
2025-11-12 03:35:29.909927: train_loss -0.7083
2025-11-12 03:35:29.910151: val_loss -0.6866
2025-11-12 03:35:29.910250: Pseudo dice [np.float32(0.9254), np.float32(0.8184), np.float32(0.0)]
2025-11-12 03:35:29.910347: Epoch time: 149.71 s
2025-11-12 03:35:36.022829: 
2025-11-12 03:35:36.023037: Epoch 789
2025-11-12 03:35:36.023152: Current learning rate: 0.00247
2025-11-12 03:38:04.188554: train_loss -0.6949
2025-11-12 03:38:04.188889: val_loss -0.7136
2025-11-12 03:38:04.188997: Pseudo dice [np.float32(0.93), np.float32(0.8181), np.float32(0.0)]
2025-11-12 03:38:04.189096: Epoch time: 148.17 s
2025-11-12 03:38:07.413509: 
2025-11-12 03:38:07.413709: Epoch 790
2025-11-12 03:38:07.413842: Current learning rate: 0.00245
2025-11-12 03:40:34.918211: train_loss -0.6951
2025-11-12 03:40:34.918500: val_loss -0.6796
2025-11-12 03:40:34.918605: Pseudo dice [np.float32(0.9298), np.float32(0.8131), np.float32(0.0)]
2025-11-12 03:40:34.918702: Epoch time: 147.51 s
2025-11-12 03:40:38.165701: 
2025-11-12 03:40:38.168136: Epoch 791
2025-11-12 03:40:38.168268: Current learning rate: 0.00244
2025-11-12 03:43:13.351848: train_loss -0.7217
2025-11-12 03:43:13.352094: val_loss -0.7197
2025-11-12 03:43:13.352195: Pseudo dice [np.float32(0.9256), np.float32(0.8244), np.float32(0.0)]
2025-11-12 03:43:13.352292: Epoch time: 155.19 s
2025-11-12 03:43:17.257774: 
2025-11-12 03:43:17.257965: Epoch 792
2025-11-12 03:43:17.258078: Current learning rate: 0.00243
2025-11-12 03:45:47.563670: train_loss -0.7196
2025-11-12 03:45:47.567579: val_loss -0.7
2025-11-12 03:45:47.567797: Pseudo dice [np.float32(0.9299), np.float32(0.8168), np.float32(0.0)]
2025-11-12 03:45:47.567901: Epoch time: 150.31 s
2025-11-12 03:45:50.934158: 
2025-11-12 03:45:50.934336: Epoch 793
2025-11-12 03:45:50.934451: Current learning rate: 0.00242
2025-11-12 03:48:21.134134: train_loss -0.7023
2025-11-12 03:48:21.134368: val_loss -0.6961
2025-11-12 03:48:21.134470: Pseudo dice [np.float32(0.9352), np.float32(0.8083), np.float32(0.0)]
2025-11-12 03:48:21.134567: Epoch time: 150.2 s
2025-11-12 03:48:24.525960: 
2025-11-12 03:48:24.526154: Epoch 794
2025-11-12 03:48:24.526273: Current learning rate: 0.00241
2025-11-12 03:50:48.588880: train_loss -0.6977
2025-11-12 03:50:48.589119: val_loss -0.712
2025-11-12 03:50:48.589228: Pseudo dice [np.float32(0.9302), np.float32(0.8175), np.float32(0.0)]
2025-11-12 03:50:48.589326: Epoch time: 144.06 s
2025-11-12 03:50:51.862907: 
2025-11-12 03:50:51.863097: Epoch 795
2025-11-12 03:50:51.863210: Current learning rate: 0.0024
2025-11-12 03:53:28.882545: train_loss -0.7038
2025-11-12 03:53:28.882751: val_loss -0.6995
2025-11-12 03:53:28.882844: Pseudo dice [np.float32(0.9345), np.float32(0.8189), np.float32(0.0)]
2025-11-12 03:53:28.882934: Epoch time: 157.02 s
2025-11-12 03:53:31.031225: 
2025-11-12 03:53:31.031514: Epoch 796
2025-11-12 03:53:31.031643: Current learning rate: 0.00239
2025-11-12 03:56:03.605852: train_loss -0.7043
2025-11-12 03:56:03.606081: val_loss -0.6975
2025-11-12 03:56:03.606182: Pseudo dice [np.float32(0.9305), np.float32(0.8165), np.float32(0.0)]
2025-11-12 03:56:03.606280: Epoch time: 152.58 s
2025-11-12 03:56:07.941593: 
2025-11-12 03:56:07.941787: Epoch 797
2025-11-12 03:56:07.941906: Current learning rate: 0.00238
2025-11-12 03:58:42.485555: train_loss -0.6949
2025-11-12 03:58:42.485840: val_loss -0.7638
2025-11-12 03:58:42.485946: Pseudo dice [np.float32(0.9314), np.float32(0.8228), np.float32(0.0)]
2025-11-12 03:58:42.486044: Epoch time: 154.54 s
2025-11-12 03:58:46.814743: 
2025-11-12 03:58:46.814992: Epoch 798
2025-11-12 03:58:46.815114: Current learning rate: 0.00237
2025-11-12 04:01:12.464055: train_loss -0.7023
2025-11-12 04:01:12.464310: val_loss -0.7308
2025-11-12 04:01:12.464413: Pseudo dice [np.float32(0.9299), np.float32(0.8242), np.float32(0.0)]
2025-11-12 04:01:12.464511: Epoch time: 145.65 s
2025-11-12 04:01:15.640676: 
2025-11-12 04:01:15.640873: Epoch 799
2025-11-12 04:01:15.640992: Current learning rate: 0.00236
2025-11-12 04:03:49.930152: train_loss -0.7009
2025-11-12 04:03:49.930374: val_loss -0.6928
2025-11-12 04:03:49.930475: Pseudo dice [np.float32(0.9251), np.float32(0.8136), np.float32(0.0)]
2025-11-12 04:03:49.930573: Epoch time: 154.29 s
2025-11-12 04:03:52.995067: 
2025-11-12 04:03:52.995237: Epoch 800
2025-11-12 04:03:52.995353: Current learning rate: 0.00235
2025-11-12 04:06:28.605782: train_loss -0.717
2025-11-12 04:06:28.606012: val_loss -0.7211
2025-11-12 04:06:28.606111: Pseudo dice [np.float32(0.9299), np.float32(0.8127), np.float32(0.0)]
2025-11-12 04:06:28.606210: Epoch time: 155.61 s
2025-11-12 04:06:32.774394: 
2025-11-12 04:06:32.774626: Epoch 801
2025-11-12 04:06:32.774764: Current learning rate: 0.00234
2025-11-12 04:09:12.048368: train_loss -0.7174
2025-11-12 04:09:12.048590: val_loss -0.7196
2025-11-12 04:09:12.048691: Pseudo dice [np.float32(0.9322), np.float32(0.8203), np.float32(0.0)]
2025-11-12 04:09:12.048790: Epoch time: 159.27 s
2025-11-12 04:09:16.079667: 
2025-11-12 04:09:16.079866: Epoch 802
2025-11-12 04:09:16.079984: Current learning rate: 0.00233
2025-11-12 04:11:53.224666: train_loss -0.6975
2025-11-12 04:11:53.224957: val_loss -0.6681
2025-11-12 04:11:53.225059: Pseudo dice [np.float32(0.9348), np.float32(0.8167), np.float32(0.0)]
2025-11-12 04:11:53.225157: Epoch time: 157.15 s
2025-11-12 04:11:55.945902: 
2025-11-12 04:11:55.946104: Epoch 803
2025-11-12 04:11:55.946223: Current learning rate: 0.00232
2025-11-12 04:14:26.288789: train_loss -0.7171
2025-11-12 04:14:26.289119: val_loss -0.7211
2025-11-12 04:14:26.289228: Pseudo dice [np.float32(0.9292), np.float32(0.8186), np.float32(0.0)]
2025-11-12 04:14:26.289327: Epoch time: 150.34 s
2025-11-12 04:14:30.910090: 
2025-11-12 04:14:30.910286: Epoch 804
2025-11-12 04:14:30.910402: Current learning rate: 0.00231
2025-11-12 04:16:57.440219: train_loss -0.7017
2025-11-12 04:16:57.440465: val_loss -0.7245
2025-11-12 04:16:57.440568: Pseudo dice [np.float32(0.9306), np.float32(0.8178), np.float32(0.0)]
2025-11-12 04:16:57.440668: Epoch time: 146.53 s
2025-11-12 04:17:01.704079: 
2025-11-12 04:17:01.704268: Epoch 805
2025-11-12 04:17:01.704381: Current learning rate: 0.0023
2025-11-12 04:19:28.038675: train_loss -0.6937
2025-11-12 04:19:28.038910: val_loss -0.7279
2025-11-12 04:19:28.039013: Pseudo dice [np.float32(0.9299), np.float32(0.8143), np.float32(0.0)]
2025-11-12 04:19:28.039112: Epoch time: 146.34 s
2025-11-12 04:19:30.514089: 
2025-11-12 04:19:30.514268: Epoch 806
2025-11-12 04:19:30.514386: Current learning rate: 0.00229
2025-11-12 04:22:00.967176: train_loss -0.7051
2025-11-12 04:22:00.967428: val_loss -0.7082
2025-11-12 04:22:00.967530: Pseudo dice [np.float32(0.9305), np.float32(0.8225), np.float32(0.0)]
2025-11-12 04:22:00.967630: Epoch time: 150.45 s
2025-11-12 04:22:04.917223: 
2025-11-12 04:22:04.917492: Epoch 807
2025-11-12 04:22:04.917617: Current learning rate: 0.00228
2025-11-12 04:24:34.848281: train_loss -0.6887
2025-11-12 04:24:34.848516: val_loss -0.7146
2025-11-12 04:24:34.848617: Pseudo dice [np.float32(0.9287), np.float32(0.8202), np.float32(0.0)]
2025-11-12 04:24:34.848718: Epoch time: 149.93 s
2025-11-12 04:24:39.791820: 
2025-11-12 04:24:39.792020: Epoch 808
2025-11-12 04:24:39.792130: Current learning rate: 0.00226
2025-11-12 04:27:11.182134: train_loss -0.6957
2025-11-12 04:27:11.182378: val_loss -0.7009
2025-11-12 04:27:11.182481: Pseudo dice [np.float32(0.9254), np.float32(0.8219), np.float32(0.0)]
2025-11-12 04:27:11.182579: Epoch time: 151.39 s
2025-11-12 04:27:14.896638: 
2025-11-12 04:27:14.896832: Epoch 809
2025-11-12 04:27:14.896952: Current learning rate: 0.00225
2025-11-12 04:29:52.422480: train_loss -0.7072
2025-11-12 04:29:52.422726: val_loss -0.7084
2025-11-12 04:29:52.422840: Pseudo dice [np.float32(0.9253), np.float32(0.8188), np.float32(0.0)]
2025-11-12 04:29:52.422940: Epoch time: 157.53 s
2025-11-12 04:29:55.674794: 
2025-11-12 04:29:55.674994: Epoch 810
2025-11-12 04:29:55.675108: Current learning rate: 0.00224
2025-11-12 04:32:26.492067: train_loss -0.7059
2025-11-12 04:32:26.492306: val_loss -0.7175
2025-11-12 04:32:26.492405: Pseudo dice [np.float32(0.9297), np.float32(0.8117), np.float32(0.0)]
2025-11-12 04:32:26.492501: Epoch time: 150.82 s
2025-11-12 04:32:30.544667: 
2025-11-12 04:32:30.544885: Epoch 811
2025-11-12 04:32:30.545008: Current learning rate: 0.00223
2025-11-12 04:34:51.976140: train_loss -0.711
2025-11-12 04:34:51.976349: val_loss -0.721
2025-11-12 04:34:51.976446: Pseudo dice [np.float32(0.9218), np.float32(0.8158), np.float32(0.0)]
2025-11-12 04:34:51.976540: Epoch time: 141.43 s
2025-11-12 04:34:55.293726: 
2025-11-12 04:34:55.293981: Epoch 812
2025-11-12 04:34:55.294095: Current learning rate: 0.00222
2025-11-12 04:37:32.179238: train_loss -0.6788
2025-11-12 04:37:32.179476: val_loss -0.6999
2025-11-12 04:37:32.179578: Pseudo dice [np.float32(0.9291), np.float32(0.8169), np.float32(0.0)]
2025-11-12 04:37:32.179677: Epoch time: 156.89 s
2025-11-12 04:37:36.510210: 
2025-11-12 04:37:36.510383: Epoch 813
2025-11-12 04:37:36.510501: Current learning rate: 0.00221
2025-11-12 04:40:13.825320: train_loss -0.6968
2025-11-12 04:40:13.836162: val_loss -0.723
2025-11-12 04:40:13.836275: Pseudo dice [np.float32(0.9324), np.float32(0.8146), np.float32(0.0)]
2025-11-12 04:40:13.836370: Epoch time: 157.32 s
2025-11-12 04:40:18.114839: 
2025-11-12 04:40:18.115023: Epoch 814
2025-11-12 04:40:18.115142: Current learning rate: 0.0022
2025-11-12 04:42:49.810271: train_loss -0.7084
2025-11-12 04:42:49.810502: val_loss -0.7128
2025-11-12 04:42:49.810604: Pseudo dice [np.float32(0.929), np.float32(0.8225), np.float32(0.0)]
2025-11-12 04:42:49.810702: Epoch time: 151.7 s
2025-11-12 04:42:52.686023: 
2025-11-12 04:42:52.686221: Epoch 815
2025-11-12 04:42:52.686343: Current learning rate: 0.00219
2025-11-12 04:45:24.479851: train_loss -0.6885
2025-11-12 04:45:24.480072: val_loss -0.7427
2025-11-12 04:45:24.480175: Pseudo dice [np.float32(0.9316), np.float32(0.8228), np.float32(0.0)]
2025-11-12 04:45:24.480271: Epoch time: 151.79 s
2025-11-12 04:45:28.744947: 
2025-11-12 04:45:28.745136: Epoch 816
2025-11-12 04:45:28.745256: Current learning rate: 0.00218
2025-11-12 04:47:58.256605: train_loss -0.7054
2025-11-12 04:47:58.256824: val_loss -0.7131
2025-11-12 04:47:58.256923: Pseudo dice [np.float32(0.9335), np.float32(0.8235), np.float32(0.0)]
2025-11-12 04:47:58.257024: Epoch time: 149.51 s
2025-11-12 04:48:02.401203: 
2025-11-12 04:48:02.401375: Epoch 817
2025-11-12 04:48:02.401489: Current learning rate: 0.00217
2025-11-12 04:50:32.661680: train_loss -0.7057
2025-11-12 04:50:32.661976: val_loss -0.7041
2025-11-12 04:50:32.662080: Pseudo dice [np.float32(0.9284), np.float32(0.82), np.float32(0.0)]
2025-11-12 04:50:32.662178: Epoch time: 150.26 s
2025-11-12 04:50:37.169645: 
2025-11-12 04:50:37.169891: Epoch 818
2025-11-12 04:50:37.170008: Current learning rate: 0.00216
2025-11-12 04:53:00.739122: train_loss -0.7006
2025-11-12 04:53:00.739345: val_loss -0.7031
2025-11-12 04:53:00.739447: Pseudo dice [np.float32(0.9345), np.float32(0.8273), np.float32(0.0)]
2025-11-12 04:53:00.739546: Epoch time: 143.57 s
2025-11-12 04:53:05.215057: 
2025-11-12 04:53:05.215268: Epoch 819
2025-11-12 04:53:05.215384: Current learning rate: 0.00215
2025-11-12 04:55:43.472975: train_loss -0.7046
2025-11-12 04:55:43.473223: val_loss -0.7368
2025-11-12 04:55:43.473326: Pseudo dice [np.float32(0.9329), np.float32(0.8235), np.float32(0.0)]
2025-11-12 04:55:43.473426: Epoch time: 158.26 s
2025-11-12 04:55:47.634110: 
2025-11-12 04:55:47.634306: Epoch 820
2025-11-12 04:55:47.634421: Current learning rate: 0.00214
2025-11-12 04:58:12.370079: train_loss -0.6909
2025-11-12 04:58:12.370329: val_loss -0.6866
2025-11-12 04:58:12.370423: Pseudo dice [np.float32(0.9268), np.float32(0.8145), np.float32(0.0)]
2025-11-12 04:58:12.370524: Epoch time: 144.74 s
2025-11-12 04:58:16.326427: 
2025-11-12 04:58:16.326685: Epoch 821
2025-11-12 04:58:16.326801: Current learning rate: 0.00213
2025-11-12 05:00:50.705195: train_loss -0.7129
2025-11-12 05:00:50.705421: val_loss -0.7184
2025-11-12 05:00:50.705520: Pseudo dice [np.float32(0.9292), np.float32(0.8209), np.float32(0.0)]
2025-11-12 05:00:50.705611: Epoch time: 154.38 s
2025-11-12 05:00:53.642435: 
2025-11-12 05:00:53.642616: Epoch 822
2025-11-12 05:00:53.642730: Current learning rate: 0.00212
2025-11-12 05:03:23.305505: train_loss -0.7131
2025-11-12 05:03:23.305733: val_loss -0.731
2025-11-12 05:03:23.305845: Pseudo dice [np.float32(0.9286), np.float32(0.8216), np.float32(0.0)]
2025-11-12 05:03:23.305946: Epoch time: 149.66 s
2025-11-12 05:03:26.093130: 
2025-11-12 05:03:26.093311: Epoch 823
2025-11-12 05:03:26.093431: Current learning rate: 0.0021
2025-11-12 05:06:05.296709: train_loss -0.713
2025-11-12 05:06:05.296969: val_loss -0.6901
2025-11-12 05:06:05.297073: Pseudo dice [np.float32(0.9338), np.float32(0.8191), np.float32(0.0)]
2025-11-12 05:06:05.297172: Epoch time: 159.2 s
2025-11-12 05:06:08.172430: 
2025-11-12 05:06:08.172601: Epoch 824
2025-11-12 05:06:08.172715: Current learning rate: 0.00209
2025-11-12 05:08:34.308400: train_loss -0.7112
2025-11-12 05:08:34.308633: val_loss -0.6976
2025-11-12 05:08:34.308736: Pseudo dice [np.float32(0.937), np.float32(0.8175), np.float32(0.0)]
2025-11-12 05:08:34.308843: Epoch time: 146.14 s
2025-11-12 05:08:37.961312: 
2025-11-12 05:08:37.961511: Epoch 825
2025-11-12 05:08:37.961632: Current learning rate: 0.00208
2025-11-12 05:11:02.056084: train_loss -0.7214
2025-11-12 05:11:02.056316: val_loss -0.7492
2025-11-12 05:11:02.056417: Pseudo dice [np.float32(0.9333), np.float32(0.8182), np.float32(0.0)]
2025-11-12 05:11:02.056516: Epoch time: 144.1 s
2025-11-12 05:11:05.320094: 
2025-11-12 05:11:05.320286: Epoch 826
2025-11-12 05:11:05.320402: Current learning rate: 0.00207
2025-11-12 05:13:39.167913: train_loss -0.6911
2025-11-12 05:13:39.168219: val_loss -0.678
2025-11-12 05:13:39.168370: Pseudo dice [np.float32(0.9295), np.float32(0.8113), np.float32(0.0)]
2025-11-12 05:13:39.168469: Epoch time: 153.85 s
2025-11-12 05:13:43.937137: 
2025-11-12 05:13:43.937334: Epoch 827
2025-11-12 05:13:43.937450: Current learning rate: 0.00206
2025-11-12 05:16:15.656025: train_loss -0.7112
2025-11-12 05:16:15.656260: val_loss -0.6966
2025-11-12 05:16:15.656362: Pseudo dice [np.float32(0.926), np.float32(0.8184), np.float32(0.0)]
2025-11-12 05:16:15.656461: Epoch time: 151.72 s
2025-11-12 05:16:20.124079: 
2025-11-12 05:16:20.124266: Epoch 828
2025-11-12 05:16:20.124386: Current learning rate: 0.00205
2025-11-12 05:18:55.934103: train_loss -0.702
2025-11-12 05:18:55.934439: val_loss -0.7117
2025-11-12 05:18:55.934548: Pseudo dice [np.float32(0.932), np.float32(0.8135), np.float32(0.0)]
2025-11-12 05:18:55.934655: Epoch time: 155.81 s
2025-11-12 05:18:59.336756: 
2025-11-12 05:18:59.336936: Epoch 829
2025-11-12 05:18:59.337056: Current learning rate: 0.00204
2025-11-12 05:21:28.453464: train_loss -0.7081
2025-11-12 05:21:28.453690: val_loss -0.7495
2025-11-12 05:21:28.453793: Pseudo dice [np.float32(0.9292), np.float32(0.8148), np.float32(0.0)]
2025-11-12 05:21:28.453933: Epoch time: 149.12 s
2025-11-12 05:21:31.422410: 
2025-11-12 05:21:31.422604: Epoch 830
2025-11-12 05:21:31.422722: Current learning rate: 0.00203
2025-11-12 05:23:58.457258: train_loss -0.7072
2025-11-12 05:23:58.457501: val_loss -0.7264
2025-11-12 05:23:58.457602: Pseudo dice [np.float32(0.937), np.float32(0.8259), np.float32(0.0)]
2025-11-12 05:23:58.457699: Epoch time: 147.04 s
2025-11-12 05:24:01.269277: 
2025-11-12 05:24:01.269454: Epoch 831
2025-11-12 05:24:01.269568: Current learning rate: 0.00202
2025-11-12 05:26:42.588067: train_loss -0.7123
2025-11-12 05:26:42.588290: val_loss -0.7151
2025-11-12 05:26:42.588388: Pseudo dice [np.float32(0.9344), np.float32(0.8272), np.float32(0.0)]
2025-11-12 05:26:42.588484: Epoch time: 161.32 s
2025-11-12 05:26:44.293639: 
2025-11-12 05:26:44.293806: Epoch 832
2025-11-12 05:26:44.293921: Current learning rate: 0.00201
2025-11-12 05:29:09.246690: train_loss -0.7039
2025-11-12 05:29:09.246933: val_loss -0.7508
2025-11-12 05:29:09.247034: Pseudo dice [np.float32(0.9271), np.float32(0.8113), np.float32(0.0)]
2025-11-12 05:29:09.247137: Epoch time: 144.95 s
2025-11-12 05:29:13.416345: 
2025-11-12 05:29:13.416540: Epoch 833
2025-11-12 05:29:13.416659: Current learning rate: 0.002
2025-11-12 05:31:45.015644: train_loss -0.7024
2025-11-12 05:31:45.015892: val_loss -0.7014
2025-11-12 05:31:45.015997: Pseudo dice [np.float32(0.9348), np.float32(0.8197), np.float32(0.0)]
2025-11-12 05:31:45.016098: Epoch time: 151.6 s
2025-11-12 05:31:50.844289: 
2025-11-12 05:31:50.844591: Epoch 834
2025-11-12 05:31:50.844747: Current learning rate: 0.00199
2025-11-12 05:34:11.801919: train_loss -0.7098
2025-11-12 05:34:11.802162: val_loss -0.714
2025-11-12 05:34:11.802263: Pseudo dice [np.float32(0.9199), np.float32(0.8188), np.float32(0.0)]
2025-11-12 05:34:11.802361: Epoch time: 140.96 s
2025-11-12 05:34:17.149528: 
2025-11-12 05:34:17.149745: Epoch 835
2025-11-12 05:34:17.149869: Current learning rate: 0.00198
2025-11-12 05:37:00.277341: train_loss -0.7163
2025-11-12 05:37:00.277645: val_loss -0.731
2025-11-12 05:37:00.277749: Pseudo dice [np.float32(0.9345), np.float32(0.8281), np.float32(0.0)]
2025-11-12 05:37:00.277856: Epoch time: 163.13 s
2025-11-12 05:37:04.876384: 
2025-11-12 05:37:04.876569: Epoch 836
2025-11-12 05:37:04.876684: Current learning rate: 0.00196
2025-11-12 05:39:35.160661: train_loss -0.6996
2025-11-12 05:39:35.160938: val_loss -0.7325
2025-11-12 05:39:35.161051: Pseudo dice [np.float32(0.9309), np.float32(0.8184), np.float32(0.0)]
2025-11-12 05:39:35.161153: Epoch time: 150.29 s
2025-11-12 05:39:38.874989: 
2025-11-12 05:39:38.875195: Epoch 837
2025-11-12 05:39:38.875311: Current learning rate: 0.00195
2025-11-12 05:42:18.200881: train_loss -0.7036
2025-11-12 05:42:18.201131: val_loss -0.6898
2025-11-12 05:42:18.201235: Pseudo dice [np.float32(0.929), np.float32(0.8281), np.float32(0.0)]
2025-11-12 05:42:18.201336: Epoch time: 159.33 s
2025-11-12 05:42:22.729156: 
2025-11-12 05:42:22.729360: Epoch 838
2025-11-12 05:42:22.729480: Current learning rate: 0.00194
2025-11-12 05:45:01.425968: train_loss -0.7118
2025-11-12 05:45:01.429971: val_loss -0.7377
2025-11-12 05:45:01.430110: Pseudo dice [np.float32(0.9312), np.float32(0.8227), np.float32(0.0)]
2025-11-12 05:45:01.430208: Epoch time: 158.7 s
2025-11-12 05:45:05.401711: 
2025-11-12 05:45:05.401933: Epoch 839
2025-11-12 05:45:05.402050: Current learning rate: 0.00193
2025-11-12 05:47:38.329909: train_loss -0.7099
2025-11-12 05:47:38.330223: val_loss -0.7363
2025-11-12 05:47:38.330333: Pseudo dice [np.float32(0.9306), np.float32(0.805), np.float32(0.0)]
2025-11-12 05:47:38.330434: Epoch time: 152.93 s
2025-11-12 05:47:42.148722: 
2025-11-12 05:47:42.148933: Epoch 840
2025-11-12 05:47:42.149052: Current learning rate: 0.00192
2025-11-12 05:50:21.534233: train_loss -0.7022
2025-11-12 05:50:21.534460: val_loss -0.7535
2025-11-12 05:50:21.534561: Pseudo dice [np.float32(0.937), np.float32(0.8209), np.float32(0.0)]
2025-11-12 05:50:21.534661: Epoch time: 159.39 s
2025-11-12 05:50:25.498681: 
2025-11-12 05:50:25.498891: Epoch 841
2025-11-12 05:50:25.499023: Current learning rate: 0.00191
2025-11-12 05:52:56.404990: train_loss -0.7155
2025-11-12 05:52:56.405234: val_loss -0.7134
2025-11-12 05:52:56.405334: Pseudo dice [np.float32(0.9338), np.float32(0.8229), np.float32(0.0)]
2025-11-12 05:52:56.405435: Epoch time: 150.91 s
2025-11-12 05:53:00.075620: 
2025-11-12 05:53:00.075808: Epoch 842
2025-11-12 05:53:00.075931: Current learning rate: 0.0019
2025-11-12 05:55:25.176209: train_loss -0.7121
2025-11-12 05:55:25.176441: val_loss -0.729
2025-11-12 05:55:25.176557: Pseudo dice [np.float32(0.9379), np.float32(0.8195), np.float32(0.0)]
2025-11-12 05:55:25.176657: Epoch time: 145.1 s
2025-11-12 05:55:28.468441: 
2025-11-12 05:55:28.468657: Epoch 843
2025-11-12 05:55:28.468787: Current learning rate: 0.00189
2025-11-12 05:57:49.603113: train_loss -0.7115
2025-11-12 05:57:49.603344: val_loss -0.7533
2025-11-12 05:57:49.603445: Pseudo dice [np.float32(0.9311), np.float32(0.8249), np.float32(0.0)]
2025-11-12 05:57:49.603541: Epoch time: 141.14 s
2025-11-12 05:57:52.640093: 
2025-11-12 05:57:52.640271: Epoch 844
2025-11-12 05:57:52.640388: Current learning rate: 0.00188
2025-11-12 06:00:19.985608: train_loss -0.7188
2025-11-12 06:00:19.985884: val_loss -0.724
2025-11-12 06:00:19.985991: Pseudo dice [np.float32(0.9292), np.float32(0.8256), np.float32(0.0)]
2025-11-12 06:00:19.986090: Epoch time: 147.35 s
2025-11-12 06:00:23.112253: 
2025-11-12 06:00:23.112463: Epoch 845
2025-11-12 06:00:23.112581: Current learning rate: 0.00187
2025-11-12 06:03:00.579950: train_loss -0.713
2025-11-12 06:03:00.580182: val_loss -0.7186
2025-11-12 06:03:00.580288: Pseudo dice [np.float32(0.9312), np.float32(0.8227), np.float32(0.0)]
2025-11-12 06:03:00.580388: Epoch time: 157.47 s
2025-11-12 06:03:03.711589: 
2025-11-12 06:03:03.711773: Epoch 846
2025-11-12 06:03:03.711898: Current learning rate: 0.00186
2025-11-12 06:05:44.929411: train_loss -0.6874
2025-11-12 06:05:44.929634: val_loss -0.7299
2025-11-12 06:05:44.929733: Pseudo dice [np.float32(0.9366), np.float32(0.8233), np.float32(0.0)]
2025-11-12 06:05:44.929846: Epoch time: 161.22 s
2025-11-12 06:05:48.094235: 
2025-11-12 06:05:48.094426: Epoch 847
2025-11-12 06:05:48.094546: Current learning rate: 0.00185
2025-11-12 06:08:18.000122: train_loss -0.7099
2025-11-12 06:08:18.000441: val_loss -0.7223
2025-11-12 06:08:18.000551: Pseudo dice [np.float32(0.936), np.float32(0.8192), np.float32(0.0)]
2025-11-12 06:08:18.000650: Epoch time: 149.91 s
2025-11-12 06:08:22.785471: 
2025-11-12 06:08:22.785649: Epoch 848
2025-11-12 06:08:22.785761: Current learning rate: 0.00184
2025-11-12 06:10:59.413448: train_loss -0.7117
2025-11-12 06:10:59.413718: val_loss -0.7344
2025-11-12 06:10:59.413831: Pseudo dice [np.float32(0.9294), np.float32(0.8233), np.float32(0.0)]
2025-11-12 06:10:59.413932: Epoch time: 156.63 s
2025-11-12 06:11:03.452744: 
2025-11-12 06:11:03.452925: Epoch 849
2025-11-12 06:11:03.453041: Current learning rate: 0.00182
2025-11-12 06:13:40.681103: train_loss -0.7102
2025-11-12 06:13:40.681319: val_loss -0.743
2025-11-12 06:13:40.681422: Pseudo dice [np.float32(0.9326), np.float32(0.8226), np.float32(0.0)]
2025-11-12 06:13:40.681519: Epoch time: 157.23 s
2025-11-12 06:13:46.390518: 
2025-11-12 06:13:46.390732: Epoch 850
2025-11-12 06:13:46.390855: Current learning rate: 0.00181
2025-11-12 06:16:19.432746: train_loss -0.7191
2025-11-12 06:16:19.433041: val_loss -0.7504
2025-11-12 06:16:19.433151: Pseudo dice [np.float32(0.9362), np.float32(0.8277), np.float32(0.0)]
2025-11-12 06:16:19.433249: Epoch time: 153.04 s
2025-11-12 06:16:23.529020: 
2025-11-12 06:16:23.529212: Epoch 851
2025-11-12 06:16:23.529329: Current learning rate: 0.0018
2025-11-12 06:18:51.510228: train_loss -0.713
2025-11-12 06:18:51.517896: val_loss -0.7315
2025-11-12 06:18:51.521893: Pseudo dice [np.float32(0.9324), np.float32(0.8239), np.float32(0.0)]
2025-11-12 06:18:51.522089: Epoch time: 147.98 s
2025-11-12 06:18:55.478984: 
2025-11-12 06:18:55.482281: Epoch 852
2025-11-12 06:18:55.482481: Current learning rate: 0.00179
2025-11-12 06:21:23.368765: train_loss -0.7185
2025-11-12 06:21:23.369059: val_loss -0.749
2025-11-12 06:21:23.369161: Pseudo dice [np.float32(0.93), np.float32(0.828), np.float32(0.0)]
2025-11-12 06:21:23.369261: Epoch time: 147.89 s
2025-11-12 06:21:26.793198: 
2025-11-12 06:21:26.793398: Epoch 853
2025-11-12 06:21:26.793512: Current learning rate: 0.00178
2025-11-12 06:24:01.009218: train_loss -0.7275
2025-11-12 06:24:01.009452: val_loss -0.737
2025-11-12 06:24:01.009555: Pseudo dice [np.float32(0.9283), np.float32(0.8291), np.float32(0.0)]
2025-11-12 06:24:01.009653: Epoch time: 154.22 s
2025-11-12 06:24:03.890981: 
2025-11-12 06:24:03.891176: Epoch 854
2025-11-12 06:24:03.891294: Current learning rate: 0.00177
2025-11-12 06:26:37.825159: train_loss -0.7169
2025-11-12 06:26:37.825370: val_loss -0.7127
2025-11-12 06:26:37.825469: Pseudo dice [np.float32(0.9306), np.float32(0.8244), np.float32(0.0)]
2025-11-12 06:26:37.825565: Epoch time: 153.94 s
2025-11-12 06:26:41.453938: 
2025-11-12 06:26:41.454134: Epoch 855
2025-11-12 06:26:41.454252: Current learning rate: 0.00176
2025-11-12 06:29:21.092074: train_loss -0.7052
2025-11-12 06:29:21.092299: val_loss -0.7323
2025-11-12 06:29:21.092402: Pseudo dice [np.float32(0.9282), np.float32(0.8229), np.float32(0.0)]
2025-11-12 06:29:21.092499: Epoch time: 159.64 s
2025-11-12 06:29:26.178270: 
2025-11-12 06:29:26.178451: Epoch 856
2025-11-12 06:29:26.178568: Current learning rate: 0.00175
2025-11-12 06:31:55.431342: train_loss -0.7093
2025-11-12 06:31:55.431588: val_loss -0.6913
2025-11-12 06:31:55.431689: Pseudo dice [np.float32(0.9212), np.float32(0.8285), np.float32(0.0)]
2025-11-12 06:31:55.431787: Epoch time: 149.25 s
2025-11-12 06:32:00.182849: 
2025-11-12 06:32:00.183046: Epoch 857
2025-11-12 06:32:00.183160: Current learning rate: 0.00174
2025-11-12 06:34:27.331417: train_loss -0.7206
2025-11-12 06:34:27.331670: val_loss -0.733
2025-11-12 06:34:27.331773: Pseudo dice [np.float32(0.9324), np.float32(0.8154), np.float32(0.0)]
2025-11-12 06:34:27.331879: Epoch time: 147.15 s
2025-11-12 06:34:30.230196: 
2025-11-12 06:34:30.230450: Epoch 858
2025-11-12 06:34:30.230570: Current learning rate: 0.00173
2025-11-12 06:37:09.491274: train_loss -0.7018
2025-11-12 06:37:09.491498: val_loss -0.7036
2025-11-12 06:37:09.491598: Pseudo dice [np.float32(0.9354), np.float32(0.8252), np.float32(0.0)]
2025-11-12 06:37:09.491698: Epoch time: 159.26 s
2025-11-12 06:37:13.059196: 
2025-11-12 06:37:13.059388: Epoch 859
2025-11-12 06:37:13.059507: Current learning rate: 0.00172
2025-11-12 06:39:42.920944: train_loss -0.7091
2025-11-12 06:39:42.926431: val_loss -0.735
2025-11-12 06:39:42.926583: Pseudo dice [np.float32(0.9377), np.float32(0.8261), np.float32(0.0)]
2025-11-12 06:39:42.926678: Epoch time: 149.86 s
2025-11-12 06:39:45.329883: 
2025-11-12 06:39:45.330127: Epoch 860
2025-11-12 06:39:45.330250: Current learning rate: 0.0017
2025-11-12 06:42:14.988843: train_loss -0.7142
2025-11-12 06:42:14.989054: val_loss -0.7565
2025-11-12 06:42:14.989146: Pseudo dice [np.float32(0.9324), np.float32(0.8284), np.float32(0.0)]
2025-11-12 06:42:14.989237: Epoch time: 149.66 s
2025-11-12 06:42:17.875330: 
2025-11-12 06:42:17.875512: Epoch 861
2025-11-12 06:42:17.875630: Current learning rate: 0.00169
2025-11-12 06:44:59.188713: train_loss -0.705
2025-11-12 06:44:59.188984: val_loss -0.6805
2025-11-12 06:44:59.189110: Pseudo dice [np.float32(0.9246), np.float32(0.8232), np.float32(0.0)]
2025-11-12 06:44:59.189216: Epoch time: 161.31 s
2025-11-12 06:45:02.884270: 
2025-11-12 06:45:02.884471: Epoch 862
2025-11-12 06:45:02.884593: Current learning rate: 0.00168
2025-11-12 06:47:37.632301: train_loss -0.7051
2025-11-12 06:47:37.632535: val_loss -0.6889
2025-11-12 06:47:37.636017: Pseudo dice [np.float32(0.9332), np.float32(0.8298), np.float32(0.0)]
2025-11-12 06:47:37.636167: Epoch time: 154.75 s
2025-11-12 06:47:41.690789: 
2025-11-12 06:47:41.690970: Epoch 863
2025-11-12 06:47:41.691097: Current learning rate: 0.00167
2025-11-12 06:50:11.108608: train_loss -0.6964
2025-11-12 06:50:11.108958: val_loss -0.7179
2025-11-12 06:50:11.109066: Pseudo dice [np.float32(0.9274), np.float32(0.8221), np.float32(0.0)]
2025-11-12 06:50:11.109166: Epoch time: 149.42 s
2025-11-12 06:50:13.149219: 
2025-11-12 06:50:13.149395: Epoch 864
2025-11-12 06:50:13.149537: Current learning rate: 0.00166
2025-11-12 06:52:41.362070: train_loss -0.7096
2025-11-12 06:52:41.362293: val_loss -0.7267
2025-11-12 06:52:41.362395: Pseudo dice [np.float32(0.9313), np.float32(0.8284), np.float32(0.0)]
2025-11-12 06:52:41.362493: Epoch time: 148.21 s
2025-11-12 06:52:44.157531: 
2025-11-12 06:52:44.157759: Epoch 865
2025-11-12 06:52:44.157907: Current learning rate: 0.00165
2025-11-12 06:55:08.908934: train_loss -0.7129
2025-11-12 06:55:08.909141: val_loss -0.729
2025-11-12 06:55:08.909240: Pseudo dice [np.float32(0.9309), np.float32(0.8279), np.float32(0.0)]
2025-11-12 06:55:08.909337: Epoch time: 144.75 s
2025-11-12 06:55:13.102324: 
2025-11-12 06:55:13.102545: Epoch 866
2025-11-12 06:55:13.102654: Current learning rate: 0.00164
2025-11-12 06:57:41.429165: train_loss -0.7083
2025-11-12 06:57:41.429406: val_loss -0.6818
2025-11-12 06:57:41.449822: Pseudo dice [np.float32(0.9387), np.float32(0.828), np.float32(0.0)]
2025-11-12 06:57:41.450099: Epoch time: 148.33 s
2025-11-12 06:57:45.835766: 
2025-11-12 06:57:45.835987: Epoch 867
2025-11-12 06:57:45.836107: Current learning rate: 0.00163
2025-11-12 07:00:22.136379: train_loss -0.7273
2025-11-12 07:00:22.136600: val_loss -0.7254
2025-11-12 07:00:22.136702: Pseudo dice [np.float32(0.9375), np.float32(0.8299), np.float32(0.0)]
2025-11-12 07:00:22.136801: Epoch time: 156.3 s
2025-11-12 07:00:26.523430: 
2025-11-12 07:00:26.523619: Epoch 868
2025-11-12 07:00:26.523735: Current learning rate: 0.00162
2025-11-12 07:02:58.329485: train_loss -0.7111
2025-11-12 07:02:58.329723: val_loss -0.7432
2025-11-12 07:02:58.329828: Pseudo dice [np.float32(0.9293), np.float32(0.8233), np.float32(0.0)]
2025-11-12 07:02:58.329926: Epoch time: 151.81 s
2025-11-12 07:03:01.524230: 
2025-11-12 07:03:01.524415: Epoch 869
2025-11-12 07:03:01.524531: Current learning rate: 0.00161
2025-11-12 07:05:30.176534: train_loss -0.7095
2025-11-12 07:05:30.176768: val_loss -0.7368
2025-11-12 07:05:30.176877: Pseudo dice [np.float32(0.9281), np.float32(0.8276), np.float32(0.0)]
2025-11-12 07:05:30.176979: Epoch time: 148.65 s
2025-11-12 07:05:33.777428: 
2025-11-12 07:05:33.777617: Epoch 870
2025-11-12 07:05:33.777737: Current learning rate: 0.00159
2025-11-12 07:08:03.239320: train_loss -0.7149
2025-11-12 07:08:03.239554: val_loss -0.7515
2025-11-12 07:08:03.239655: Pseudo dice [np.float32(0.9313), np.float32(0.8295), np.float32(0.0)]
2025-11-12 07:08:03.239756: Epoch time: 149.46 s
2025-11-12 07:08:07.194800: 
2025-11-12 07:08:07.195792: Epoch 871
2025-11-12 07:08:07.195964: Current learning rate: 0.00158
2025-11-12 07:10:27.787777: train_loss -0.7076
2025-11-12 07:10:27.788022: val_loss -0.7397
2025-11-12 07:10:27.788122: Pseudo dice [np.float32(0.9337), np.float32(0.8319), np.float32(0.0)]
2025-11-12 07:10:27.788222: Epoch time: 140.59 s
2025-11-12 07:10:30.515474: 
2025-11-12 07:10:30.515675: Epoch 872
2025-11-12 07:10:30.515791: Current learning rate: 0.00157
2025-11-12 07:13:02.176842: train_loss -0.7253
2025-11-12 07:13:02.177077: val_loss -0.697
2025-11-12 07:13:02.177181: Pseudo dice [np.float32(0.9413), np.float32(0.8287), np.float32(0.0)]
2025-11-12 07:13:02.177281: Epoch time: 151.66 s
2025-11-12 07:13:07.254195: 
2025-11-12 07:13:07.254392: Epoch 873
2025-11-12 07:13:07.254518: Current learning rate: 0.00156
2025-11-12 07:15:39.080926: train_loss -0.7119
2025-11-12 07:15:39.081153: val_loss -0.7236
2025-11-12 07:15:39.081254: Pseudo dice [np.float32(0.9318), np.float32(0.8287), np.float32(0.0)]
2025-11-12 07:15:39.081350: Epoch time: 151.83 s
2025-11-12 07:15:43.292841: 
2025-11-12 07:15:43.293050: Epoch 874
2025-11-12 07:15:43.293167: Current learning rate: 0.00155
2025-11-12 07:18:19.295156: train_loss -0.7156
2025-11-12 07:18:19.295411: val_loss -0.7204
2025-11-12 07:18:19.295514: Pseudo dice [np.float32(0.9295), np.float32(0.8137), np.float32(0.0)]
2025-11-12 07:18:19.295614: Epoch time: 156.0 s
2025-11-12 07:18:22.696219: 
2025-11-12 07:18:22.696412: Epoch 875
2025-11-12 07:18:22.696534: Current learning rate: 0.00154
2025-11-12 07:20:52.958166: train_loss -0.7098
2025-11-12 07:20:52.958403: val_loss -0.733
2025-11-12 07:20:52.958502: Pseudo dice [np.float32(0.9249), np.float32(0.8223), np.float32(0.0)]
2025-11-12 07:20:52.958601: Epoch time: 150.26 s
2025-11-12 07:20:55.610691: 
2025-11-12 07:20:55.610960: Epoch 876
2025-11-12 07:20:55.611080: Current learning rate: 0.00153
2025-11-12 07:23:26.063365: train_loss -0.7007
2025-11-12 07:23:26.063601: val_loss -0.7293
2025-11-12 07:23:26.063702: Pseudo dice [np.float32(0.9302), np.float32(0.8256), np.float32(0.0)]
2025-11-12 07:23:26.063809: Epoch time: 150.45 s
2025-11-12 07:23:29.938432: 
2025-11-12 07:23:29.938687: Epoch 877
2025-11-12 07:23:29.938817: Current learning rate: 0.00152
2025-11-12 07:25:49.876251: train_loss -0.7028
2025-11-12 07:25:49.876492: val_loss -0.7136
2025-11-12 07:25:49.876599: Pseudo dice [np.float32(0.9349), np.float32(0.8305), np.float32(0.0)]
2025-11-12 07:25:49.876701: Epoch time: 139.94 s
2025-11-12 07:25:52.890212: 
2025-11-12 07:25:52.890385: Epoch 878
2025-11-12 07:25:52.890501: Current learning rate: 0.00151
2025-11-12 07:28:32.626769: train_loss -0.7144
2025-11-12 07:28:32.626989: val_loss -0.7015
2025-11-12 07:28:32.627088: Pseudo dice [np.float32(0.9317), np.float32(0.8322), np.float32(0.0)]
2025-11-12 07:28:32.627188: Epoch time: 159.74 s
2025-11-12 07:28:37.474427: 
2025-11-12 07:28:37.474603: Epoch 879
2025-11-12 07:28:37.474715: Current learning rate: 0.00149
2025-11-12 07:31:08.046297: train_loss -0.7102
2025-11-12 07:31:08.046519: val_loss -0.7532
2025-11-12 07:31:08.046620: Pseudo dice [np.float32(0.9279), np.float32(0.8332), np.float32(0.0)]
2025-11-12 07:31:08.046718: Epoch time: 150.57 s
2025-11-12 07:31:12.824984: 
2025-11-12 07:31:12.825154: Epoch 880
2025-11-12 07:31:12.825268: Current learning rate: 0.00148
2025-11-12 07:33:49.291217: train_loss -0.717
2025-11-12 07:33:49.291446: val_loss -0.7221
2025-11-12 07:33:49.291547: Pseudo dice [np.float32(0.9398), np.float32(0.8252), np.float32(0.0)]
2025-11-12 07:33:49.291647: Epoch time: 156.47 s
2025-11-12 07:33:52.274294: 
2025-11-12 07:33:52.274482: Epoch 881
2025-11-12 07:33:52.274600: Current learning rate: 0.00147
2025-11-12 07:36:20.956925: train_loss -0.7047
2025-11-12 07:36:20.957159: val_loss -0.7288
2025-11-12 07:36:20.957261: Pseudo dice [np.float32(0.9313), np.float32(0.8279), np.float32(0.0)]
2025-11-12 07:36:20.957362: Epoch time: 148.68 s
2025-11-12 07:36:24.752506: 
2025-11-12 07:36:24.752695: Epoch 882
2025-11-12 07:36:24.752822: Current learning rate: 0.00146
2025-11-12 07:38:55.841777: train_loss -0.7084
2025-11-12 07:38:55.842003: val_loss -0.7486
2025-11-12 07:38:55.842107: Pseudo dice [np.float32(0.9279), np.float32(0.8329), np.float32(0.0)]
2025-11-12 07:38:55.842205: Epoch time: 151.09 s
2025-11-12 07:39:00.633197: 
2025-11-12 07:39:00.633421: Epoch 883
2025-11-12 07:39:00.633544: Current learning rate: 0.00145
2025-11-12 07:41:26.964674: train_loss -0.721
2025-11-12 07:41:26.964971: val_loss -0.7614
2025-11-12 07:41:26.965075: Pseudo dice [np.float32(0.9298), np.float32(0.8234), np.float32(0.0)]
2025-11-12 07:41:26.965173: Epoch time: 146.33 s
2025-11-12 07:41:29.910962: 
2025-11-12 07:41:29.911180: Epoch 884
2025-11-12 07:41:29.911300: Current learning rate: 0.00144
2025-11-12 07:43:57.890052: train_loss -0.7179
2025-11-12 07:43:57.890293: val_loss -0.6873
2025-11-12 07:43:57.890393: Pseudo dice [np.float32(0.9335), np.float32(0.8293), np.float32(0.0)]
2025-11-12 07:43:57.890490: Epoch time: 147.98 s
2025-11-12 07:44:00.883328: 
2025-11-12 07:44:00.883526: Epoch 885
2025-11-12 07:44:00.883639: Current learning rate: 0.00143
2025-11-12 07:46:26.881204: train_loss -0.7203
2025-11-12 07:46:26.881446: val_loss -0.7301
2025-11-12 07:46:26.881551: Pseudo dice [np.float32(0.9392), np.float32(0.8364), np.float32(0.0)]
2025-11-12 07:46:26.881648: Epoch time: 146.0 s
2025-11-12 07:46:30.930776: 
2025-11-12 07:46:30.930964: Epoch 886
2025-11-12 07:46:30.931083: Current learning rate: 0.00142
2025-11-12 07:49:01.974248: train_loss -0.7066
2025-11-12 07:49:01.974487: val_loss -0.7054
2025-11-12 07:49:01.974587: Pseudo dice [np.float32(0.9316), np.float32(0.8289), np.float32(0.0)]
2025-11-12 07:49:01.974685: Epoch time: 151.04 s
2025-11-12 07:49:06.189587: 
2025-11-12 07:49:06.189778: Epoch 887
2025-11-12 07:49:06.189898: Current learning rate: 0.00141
2025-11-12 07:51:37.432418: train_loss -0.703
2025-11-12 07:51:37.432695: val_loss -0.7356
2025-11-12 07:51:37.432799: Pseudo dice [np.float32(0.9321), np.float32(0.8236), np.float32(0.0)]
2025-11-12 07:51:37.432906: Epoch time: 151.24 s
2025-11-12 07:51:39.510776: 
2025-11-12 07:51:39.511021: Epoch 888
2025-11-12 07:51:39.511139: Current learning rate: 0.00139
2025-11-12 07:54:09.521348: train_loss -0.7102
2025-11-12 07:54:09.521596: val_loss -0.7297
2025-11-12 07:54:09.521698: Pseudo dice [np.float32(0.934), np.float32(0.831), np.float32(0.0)]
2025-11-12 07:54:09.521796: Epoch time: 150.01 s
2025-11-12 07:54:12.425892: 
2025-11-12 07:54:12.426075: Epoch 889
2025-11-12 07:54:12.426190: Current learning rate: 0.00138
2025-11-12 07:56:46.585648: train_loss -0.7133
2025-11-12 07:56:46.585901: val_loss -0.7395
2025-11-12 07:56:46.586003: Pseudo dice [np.float32(0.9345), np.float32(0.8264), np.float32(0.0)]
2025-11-12 07:56:46.586099: Epoch time: 154.16 s
2025-11-12 07:56:50.717577: 
2025-11-12 07:56:50.717788: Epoch 890
2025-11-12 07:56:50.717913: Current learning rate: 0.00137
2025-11-12 07:59:23.567777: train_loss -0.7044
2025-11-12 07:59:23.568013: val_loss -0.7223
2025-11-12 07:59:23.568115: Pseudo dice [np.float32(0.9319), np.float32(0.8257), np.float32(0.0)]
2025-11-12 07:59:23.568215: Epoch time: 152.85 s
2025-11-12 07:59:26.434855: 
2025-11-12 07:59:26.435044: Epoch 891
2025-11-12 07:59:26.435162: Current learning rate: 0.00136
2025-11-12 08:01:57.907409: train_loss -0.7198
2025-11-12 08:01:57.907638: val_loss -0.7408
2025-11-12 08:01:57.907740: Pseudo dice [np.float32(0.9301), np.float32(0.8277), np.float32(0.0)]
2025-11-12 08:01:57.907847: Epoch time: 151.47 s
2025-11-12 08:02:01.660065: 
2025-11-12 08:02:01.660245: Epoch 892
2025-11-12 08:02:01.660362: Current learning rate: 0.00135
2025-11-12 08:04:29.381957: train_loss -0.6981
2025-11-12 08:04:29.382189: val_loss -0.7148
2025-11-12 08:04:29.382292: Pseudo dice [np.float32(0.9351), np.float32(0.8313), np.float32(0.0)]
2025-11-12 08:04:29.382391: Epoch time: 147.72 s
2025-11-12 08:04:33.756752: 
2025-11-12 08:04:33.756927: Epoch 893
2025-11-12 08:04:33.757043: Current learning rate: 0.00134
2025-11-12 08:07:02.530179: train_loss -0.7124
2025-11-12 08:07:02.530483: val_loss -0.7466
2025-11-12 08:07:02.530591: Pseudo dice [np.float32(0.9366), np.float32(0.8365), np.float32(0.0)]
2025-11-12 08:07:02.530691: Epoch time: 148.77 s
2025-11-12 08:07:05.659777: 
2025-11-12 08:07:05.659954: Epoch 894
2025-11-12 08:07:05.660065: Current learning rate: 0.00133
2025-11-12 08:09:36.141091: train_loss -0.7159
2025-11-12 08:09:36.141328: val_loss -0.7274
2025-11-12 08:09:36.141432: Pseudo dice [np.float32(0.9321), np.float32(0.8323), np.float32(0.0)]
2025-11-12 08:09:36.146994: Epoch time: 150.48 s
2025-11-12 08:09:39.201512: 
2025-11-12 08:09:39.201697: Epoch 895
2025-11-12 08:09:39.201832: Current learning rate: 0.00132
2025-11-12 08:12:06.113634: train_loss -0.7216
2025-11-12 08:12:06.113870: val_loss -0.7399
2025-11-12 08:12:06.113973: Pseudo dice [np.float32(0.9372), np.float32(0.826), np.float32(0.0)]
2025-11-12 08:12:06.114072: Epoch time: 146.91 s
2025-11-12 08:12:10.584326: 
2025-11-12 08:12:10.584505: Epoch 896
2025-11-12 08:12:10.591265: Current learning rate: 0.0013
2025-11-12 08:14:38.919866: train_loss -0.7063
2025-11-12 08:14:38.920117: val_loss -0.7213
2025-11-12 08:14:38.920220: Pseudo dice [np.float32(0.9405), np.float32(0.8308), np.float32(0.0)]
2025-11-12 08:14:38.920321: Epoch time: 148.34 s
2025-11-12 08:14:42.982618: 
2025-11-12 08:14:42.982793: Epoch 897
2025-11-12 08:14:42.982918: Current learning rate: 0.00129
2025-11-12 08:17:21.067188: train_loss -0.7155
2025-11-12 08:17:21.067408: val_loss -0.7043
2025-11-12 08:17:21.087944: Pseudo dice [np.float32(0.9376), np.float32(0.8327), np.float32(0.0)]
2025-11-12 08:17:21.088132: Epoch time: 158.09 s
2025-11-12 08:17:24.283989: 
2025-11-12 08:17:24.284161: Epoch 898
2025-11-12 08:17:24.284291: Current learning rate: 0.00128
2025-11-12 08:19:53.480644: train_loss -0.7092
2025-11-12 08:19:53.480978: val_loss -0.7354
2025-11-12 08:19:53.481085: Pseudo dice [np.float32(0.9381), np.float32(0.8356), np.float32(0.0)]
2025-11-12 08:19:53.481184: Epoch time: 149.2 s
2025-11-12 08:19:57.503695: 
2025-11-12 08:19:57.503995: Epoch 899
2025-11-12 08:19:57.504116: Current learning rate: 0.00127
2025-11-12 08:22:34.747573: train_loss -0.717
2025-11-12 08:22:34.771210: val_loss -0.706
2025-11-12 08:22:34.771341: Pseudo dice [np.float32(0.9345), np.float32(0.8359), np.float32(0.0)]
2025-11-12 08:22:34.771436: Epoch time: 157.24 s
2025-11-12 08:22:38.106858: 
2025-11-12 08:22:38.107110: Epoch 900
2025-11-12 08:22:38.107240: Current learning rate: 0.00126
2025-11-12 08:25:04.797014: train_loss -0.722
2025-11-12 08:25:04.797253: val_loss -0.7497
2025-11-12 08:25:04.797355: Pseudo dice [np.float32(0.9327), np.float32(0.8296), np.float32(0.0)]
2025-11-12 08:25:04.797455: Epoch time: 146.69 s
2025-11-12 08:25:07.961767: 
2025-11-12 08:25:07.961978: Epoch 901
2025-11-12 08:25:07.962095: Current learning rate: 0.00125
2025-11-12 08:27:50.630960: train_loss -0.7248
2025-11-12 08:27:50.631242: val_loss -0.6995
2025-11-12 08:27:50.631346: Pseudo dice [np.float32(0.9322), np.float32(0.8351), np.float32(0.0)]
2025-11-12 08:27:50.631448: Epoch time: 162.64 s
2025-11-12 08:27:53.703762: 
2025-11-12 08:27:53.703968: Epoch 902
2025-11-12 08:27:53.704084: Current learning rate: 0.00124
2025-11-12 08:30:29.223059: train_loss -0.718
2025-11-12 08:30:29.223318: val_loss -0.7524
2025-11-12 08:30:29.223424: Pseudo dice [np.float32(0.9312), np.float32(0.8278), np.float32(0.0)]
2025-11-12 08:30:29.223522: Epoch time: 155.52 s
2025-11-12 08:30:34.060661: 
2025-11-12 08:30:34.060856: Epoch 903
2025-11-12 08:30:34.060974: Current learning rate: 0.00122
2025-11-12 08:33:00.427386: train_loss -0.7201
2025-11-12 08:33:00.427633: val_loss -0.7349
2025-11-12 08:33:00.427732: Pseudo dice [np.float32(0.9358), np.float32(0.8259), np.float32(0.0)]
2025-11-12 08:33:00.427850: Epoch time: 146.37 s
2025-11-12 08:33:02.884602: 
2025-11-12 08:33:02.884790: Epoch 904
2025-11-12 08:33:02.884916: Current learning rate: 0.00121
2025-11-12 08:35:36.213106: train_loss -0.7086
2025-11-12 08:35:36.213363: val_loss -0.7231
2025-11-12 08:35:36.213464: Pseudo dice [np.float32(0.9325), np.float32(0.8316), np.float32(0.0)]
2025-11-12 08:35:36.213562: Epoch time: 153.33 s
2025-11-12 08:35:40.365479: 
2025-11-12 08:35:40.365668: Epoch 905
2025-11-12 08:35:40.365786: Current learning rate: 0.0012
2025-11-12 08:38:12.661537: train_loss -0.7264
2025-11-12 08:38:12.661776: val_loss -0.7498
2025-11-12 08:38:12.661889: Pseudo dice [np.float32(0.9351), np.float32(0.8281), np.float32(0.0)]
2025-11-12 08:38:12.661995: Epoch time: 152.3 s
2025-11-12 08:38:15.811933: 
2025-11-12 08:38:15.812110: Epoch 906
2025-11-12 08:38:15.812219: Current learning rate: 0.00119
2025-11-12 08:40:53.514078: train_loss -0.7147
2025-11-12 08:40:53.514284: val_loss -0.7046
2025-11-12 08:40:53.514390: Pseudo dice [np.float32(0.936), np.float32(0.8393), np.float32(0.0)]
2025-11-12 08:40:53.514490: Epoch time: 157.7 s
2025-11-12 08:40:56.279782: 
2025-11-12 08:40:56.279980: Epoch 907
2025-11-12 08:40:56.280094: Current learning rate: 0.00118
2025-11-12 08:43:31.104254: train_loss -0.7171
2025-11-12 08:43:31.104490: val_loss -0.7195
2025-11-12 08:43:31.104594: Pseudo dice [np.float32(0.9379), np.float32(0.8312), np.float32(0.0)]
2025-11-12 08:43:31.104692: Epoch time: 154.83 s
2025-11-12 08:43:34.342227: 
2025-11-12 08:43:34.342405: Epoch 908
2025-11-12 08:43:34.342519: Current learning rate: 0.00117
2025-11-12 08:46:05.453516: train_loss -0.7179
2025-11-12 08:46:05.468570: val_loss -0.7517
2025-11-12 08:46:05.468787: Pseudo dice [np.float32(0.9308), np.float32(0.8324), np.float32(0.0)]
2025-11-12 08:46:05.468920: Epoch time: 151.11 s
2025-11-12 08:46:08.054942: 
2025-11-12 08:46:08.055133: Epoch 909
2025-11-12 08:46:08.055252: Current learning rate: 0.00116
2025-11-12 08:48:44.018880: train_loss -0.7227
2025-11-12 08:48:44.019125: val_loss -0.7373
2025-11-12 08:48:44.019227: Pseudo dice [np.float32(0.9305), np.float32(0.8311), np.float32(0.0)]
2025-11-12 08:48:44.019339: Epoch time: 155.96 s
2025-11-12 08:48:47.847227: 
2025-11-12 08:48:47.847415: Epoch 910
2025-11-12 08:48:47.847530: Current learning rate: 0.00115
2025-11-12 08:51:12.112067: train_loss -0.709
2025-11-12 08:51:12.112312: val_loss -0.7414
2025-11-12 08:51:12.112417: Pseudo dice [np.float32(0.9381), np.float32(0.8402), np.float32(0.0)]
2025-11-12 08:51:12.112519: Epoch time: 144.27 s
2025-11-12 08:51:16.384231: 
2025-11-12 08:51:16.384414: Epoch 911
2025-11-12 08:51:16.384524: Current learning rate: 0.00113
2025-11-12 08:53:44.700321: train_loss -0.7158
2025-11-12 08:53:44.700564: val_loss -0.6979
2025-11-12 08:53:44.700664: Pseudo dice [np.float32(0.9368), np.float32(0.8383), np.float32(0.0)]
2025-11-12 08:53:44.700761: Epoch time: 148.32 s
2025-11-12 08:53:47.452579: 
2025-11-12 08:53:47.452750: Epoch 912
2025-11-12 08:53:47.452869: Current learning rate: 0.00112
2025-11-12 08:56:12.997337: train_loss -0.7282
2025-11-12 08:56:12.997549: val_loss -0.7047
2025-11-12 08:56:12.997646: Pseudo dice [np.float32(0.9278), np.float32(0.8338), np.float32(0.0)]
2025-11-12 08:56:12.997741: Epoch time: 145.55 s
2025-11-12 08:56:15.671540: 
2025-11-12 08:56:15.671783: Epoch 913
2025-11-12 08:56:15.671922: Current learning rate: 0.00111
2025-11-12 08:58:47.480280: train_loss -0.7254
2025-11-12 08:58:47.480532: val_loss -0.7174
2025-11-12 08:58:47.480633: Pseudo dice [np.float32(0.936), np.float32(0.8296), np.float32(0.0)]
2025-11-12 08:58:47.480731: Epoch time: 151.81 s
2025-11-12 08:58:50.541968: 
2025-11-12 08:58:50.542213: Epoch 914
2025-11-12 08:58:50.542327: Current learning rate: 0.0011
2025-11-12 09:01:23.216261: train_loss -0.7067
2025-11-12 09:01:23.216465: val_loss -0.7479
2025-11-12 09:01:23.216566: Pseudo dice [np.float32(0.9394), np.float32(0.8324), np.float32(0.0)]
2025-11-12 09:01:23.216665: Epoch time: 152.68 s
2025-11-12 09:01:27.109789: 
2025-11-12 09:01:27.109977: Epoch 915
2025-11-12 09:01:27.110091: Current learning rate: 0.00109
2025-11-12 09:03:55.094267: train_loss -0.7068
2025-11-12 09:03:55.094516: val_loss -0.7038
2025-11-12 09:03:55.094618: Pseudo dice [np.float32(0.9333), np.float32(0.8375), np.float32(0.0)]
2025-11-12 09:03:55.094717: Epoch time: 147.99 s
2025-11-12 09:03:59.391809: 
2025-11-12 09:03:59.392088: Epoch 916
2025-11-12 09:03:59.392207: Current learning rate: 0.00108
2025-11-12 09:06:26.329110: train_loss -0.7249
2025-11-12 09:06:26.329366: val_loss -0.7155
2025-11-12 09:06:26.329469: Pseudo dice [np.float32(0.9394), np.float32(0.8402), np.float32(0.0)]
2025-11-12 09:06:26.329568: Epoch time: 146.94 s
2025-11-12 09:06:29.516475: 
2025-11-12 09:06:29.516690: Epoch 917
2025-11-12 09:06:29.516812: Current learning rate: 0.00106
2025-11-12 09:08:58.162824: train_loss -0.7199
2025-11-12 09:08:58.163047: val_loss -0.7396
2025-11-12 09:08:58.163149: Pseudo dice [np.float32(0.935), np.float32(0.8382), np.float32(0.0)]
2025-11-12 09:08:58.163247: Epoch time: 148.65 s
2025-11-12 09:09:01.800174: 
2025-11-12 09:09:01.800372: Epoch 918
2025-11-12 09:09:01.800482: Current learning rate: 0.00105
2025-11-12 09:11:37.071507: train_loss -0.7192
2025-11-12 09:11:37.071724: val_loss -0.7554
2025-11-12 09:11:37.089979: Pseudo dice [np.float32(0.9325), np.float32(0.8339), np.float32(0.0)]
2025-11-12 09:11:37.090225: Epoch time: 155.27 s
2025-11-12 09:11:40.281607: 
2025-11-12 09:11:40.281853: Epoch 919
2025-11-12 09:11:40.281969: Current learning rate: 0.00104
2025-11-12 09:14:17.849277: train_loss -0.7315
2025-11-12 09:14:17.849526: val_loss -0.7351
2025-11-12 09:14:17.849627: Pseudo dice [np.float32(0.9302), np.float32(0.8371), np.float32(0.0)]
2025-11-12 09:14:17.849725: Epoch time: 157.57 s
2025-11-12 09:14:21.237960: 
2025-11-12 09:14:21.238226: Epoch 920
2025-11-12 09:14:21.238342: Current learning rate: 0.00103
2025-11-12 09:16:43.449603: train_loss -0.7268
2025-11-12 09:16:43.449845: val_loss -0.6981
2025-11-12 09:16:43.449947: Pseudo dice [np.float32(0.9353), np.float32(0.8327), np.float32(0.0)]
2025-11-12 09:16:43.450043: Epoch time: 142.21 s
2025-11-12 09:16:48.263489: 
2025-11-12 09:16:48.263675: Epoch 921
2025-11-12 09:16:48.263791: Current learning rate: 0.00102
2025-11-12 09:19:14.422928: train_loss -0.7222
2025-11-12 09:19:14.423177: val_loss -0.699
2025-11-12 09:19:14.423279: Pseudo dice [np.float32(0.9448), np.float32(0.838), np.float32(0.0)]
2025-11-12 09:19:14.423380: Epoch time: 146.16 s
2025-11-12 09:19:18.524896: 
2025-11-12 09:19:18.525048: Epoch 922
2025-11-12 09:19:18.525151: Current learning rate: 0.00101
2025-11-12 09:21:47.298773: train_loss -0.7023
2025-11-12 09:21:47.299017: val_loss -0.7195
2025-11-12 09:21:47.299117: Pseudo dice [np.float32(0.944), np.float32(0.8351), np.float32(0.0)]
2025-11-12 09:21:47.299215: Epoch time: 148.77 s
2025-11-12 09:21:51.575510: 
2025-11-12 09:21:51.575720: Epoch 923
2025-11-12 09:21:51.575841: Current learning rate: 0.001
2025-11-12 09:24:22.496839: train_loss -0.7233
2025-11-12 09:24:22.499104: val_loss -0.7166
2025-11-12 09:24:22.499218: Pseudo dice [np.float32(0.9318), np.float32(0.8338), np.float32(0.0)]
2025-11-12 09:24:22.499320: Epoch time: 150.92 s
2025-11-12 09:24:25.276417: 
2025-11-12 09:24:25.276612: Epoch 924
2025-11-12 09:24:25.276726: Current learning rate: 0.00098
2025-11-12 09:26:53.241774: train_loss -0.7133
2025-11-12 09:26:53.245889: val_loss -0.7681
2025-11-12 09:26:53.246011: Pseudo dice [np.float32(0.9344), np.float32(0.8368), np.float32(0.0)]
2025-11-12 09:26:53.246113: Epoch time: 147.97 s
2025-11-12 09:26:56.126467: 
2025-11-12 09:26:56.126729: Epoch 925
2025-11-12 09:26:56.126854: Current learning rate: 0.00097
2025-11-12 09:29:20.398242: train_loss -0.7191
2025-11-12 09:29:20.398519: val_loss -0.7478
2025-11-12 09:29:20.398612: Pseudo dice [np.float32(0.9352), np.float32(0.8351), np.float32(0.0)]
2025-11-12 09:29:20.398704: Epoch time: 144.27 s
2025-11-12 09:29:24.071668: 
2025-11-12 09:29:24.071871: Epoch 926
2025-11-12 09:29:24.071989: Current learning rate: 0.00096
2025-11-12 09:31:49.801750: train_loss -0.7088
2025-11-12 09:31:49.802054: val_loss -0.7346
2025-11-12 09:31:49.802159: Pseudo dice [np.float32(0.9328), np.float32(0.8369), np.float32(0.0)]
2025-11-12 09:31:49.802258: Epoch time: 145.73 s
2025-11-12 09:31:53.914971: 
2025-11-12 09:31:53.915230: Epoch 927
2025-11-12 09:31:53.915357: Current learning rate: 0.00095
2025-11-12 09:34:29.402110: train_loss -0.733
2025-11-12 09:34:29.402409: val_loss -0.7202
2025-11-12 09:34:29.402514: Pseudo dice [np.float32(0.9428), np.float32(0.8353), np.float32(0.0)]
2025-11-12 09:34:29.402612: Epoch time: 155.49 s
2025-11-12 09:34:31.806159: 
2025-11-12 09:34:31.806384: Epoch 928
2025-11-12 09:34:31.806504: Current learning rate: 0.00094
2025-11-12 09:36:56.262919: train_loss -0.7304
2025-11-12 09:36:56.263158: val_loss -0.712
2025-11-12 09:36:56.263256: Pseudo dice [np.float32(0.9326), np.float32(0.835), np.float32(0.0)]
2025-11-12 09:36:56.263352: Epoch time: 144.46 s
2025-11-12 09:36:59.877889: 
2025-11-12 09:36:59.878146: Epoch 929
2025-11-12 09:36:59.878264: Current learning rate: 0.00092
2025-11-12 09:39:16.491161: train_loss -0.7049
2025-11-12 09:39:16.491397: val_loss -0.7354
2025-11-12 09:39:16.491498: Pseudo dice [np.float32(0.9326), np.float32(0.8322), np.float32(0.0)]
2025-11-12 09:39:16.491595: Epoch time: 136.61 s
2025-11-12 09:39:20.017514: 
2025-11-12 09:39:20.017689: Epoch 930
2025-11-12 09:39:20.017801: Current learning rate: 0.00091
2025-11-12 09:41:43.348319: train_loss -0.7165
2025-11-12 09:41:43.359125: val_loss -0.7503
2025-11-12 09:41:43.359263: Pseudo dice [np.float32(0.9356), np.float32(0.8333), np.float32(0.0)]
2025-11-12 09:41:43.359355: Epoch time: 143.33 s
2025-11-12 09:41:46.358949: 
2025-11-12 09:41:46.359137: Epoch 931
2025-11-12 09:41:46.359256: Current learning rate: 0.0009
2025-11-12 09:44:15.034714: train_loss -0.7215
2025-11-12 09:44:15.034993: val_loss -0.7068
2025-11-12 09:44:15.035096: Pseudo dice [np.float32(0.937), np.float32(0.8357), np.float32(0.0)]
2025-11-12 09:44:15.035195: Epoch time: 148.68 s
2025-11-12 09:44:19.620735: 
2025-11-12 09:44:19.621018: Epoch 932
2025-11-12 09:44:19.621138: Current learning rate: 0.00089
2025-11-12 09:46:37.258393: train_loss -0.7087
2025-11-12 09:46:37.258643: val_loss -0.7222
2025-11-12 09:46:37.258744: Pseudo dice [np.float32(0.9353), np.float32(0.8366), np.float32(0.0)]
2025-11-12 09:46:37.258878: Epoch time: 137.64 s
2025-11-12 09:46:40.614535: 
2025-11-12 09:46:40.614773: Epoch 933
2025-11-12 09:46:40.614879: Current learning rate: 0.00088
2025-11-12 09:49:06.438678: train_loss -0.7191
2025-11-12 09:49:06.438939: val_loss -0.7464
2025-11-12 09:49:06.439039: Pseudo dice [np.float32(0.9294), np.float32(0.8312), np.float32(0.0)]
2025-11-12 09:49:06.439137: Epoch time: 145.83 s
2025-11-12 09:49:09.600094: 
2025-11-12 09:49:09.600410: Epoch 934
2025-11-12 09:49:09.600529: Current learning rate: 0.00087
2025-11-12 09:51:36.556369: train_loss -0.7092
2025-11-12 09:51:36.556586: val_loss -0.7555
2025-11-12 09:51:36.556684: Pseudo dice [np.float32(0.9395), np.float32(0.8365), np.float32(0.0)]
2025-11-12 09:51:36.556782: Epoch time: 146.96 s
2025-11-12 09:51:40.062779: 
2025-11-12 09:51:40.063027: Epoch 935
2025-11-12 09:51:40.063153: Current learning rate: 0.00085
2025-11-12 09:53:59.001857: train_loss -0.7223
2025-11-12 09:53:59.002133: val_loss -0.7452
2025-11-12 09:53:59.002226: Pseudo dice [np.float32(0.9408), np.float32(0.8355), np.float32(0.0)]
2025-11-12 09:53:59.002317: Epoch time: 138.93 s
2025-11-12 09:54:02.088099: 
2025-11-12 09:54:02.088306: Epoch 936
2025-11-12 09:54:02.088418: Current learning rate: 0.00084
2025-11-12 09:56:27.994017: train_loss -0.7156
2025-11-12 09:56:27.994277: val_loss -0.73
2025-11-12 09:56:27.994379: Pseudo dice [np.float32(0.9364), np.float32(0.8374), np.float32(0.0)]
2025-11-12 09:56:27.994475: Epoch time: 145.91 s
2025-11-12 09:56:32.199104: 
2025-11-12 09:56:32.199363: Epoch 937
2025-11-12 09:56:32.199483: Current learning rate: 0.00083
2025-11-12 09:58:57.375006: train_loss -0.7124
2025-11-12 09:58:57.375237: val_loss -0.7319
2025-11-12 09:58:57.375337: Pseudo dice [np.float32(0.9344), np.float32(0.832), np.float32(0.0)]
2025-11-12 09:58:57.375435: Epoch time: 145.18 s
2025-11-12 09:59:00.738915: 
2025-11-12 09:59:00.739107: Epoch 938
2025-11-12 09:59:00.739222: Current learning rate: 0.00082
2025-11-12 10:01:30.993852: train_loss -0.7279
2025-11-12 10:01:31.000525: val_loss -0.7692
2025-11-12 10:01:31.000652: Pseudo dice [np.float32(0.9342), np.float32(0.8392), np.float32(0.0)]
2025-11-12 10:01:31.000742: Epoch time: 150.26 s
2025-11-12 10:01:35.390975: 
2025-11-12 10:01:35.392136: Epoch 939
2025-11-12 10:01:35.392266: Current learning rate: 0.00081
2025-11-12 10:03:59.607416: train_loss -0.7269
2025-11-12 10:03:59.628048: val_loss -0.7052
2025-11-12 10:03:59.628158: Pseudo dice [np.float32(0.9363), np.float32(0.8335), np.float32(0.0)]
2025-11-12 10:03:59.628251: Epoch time: 144.22 s
2025-11-12 10:04:02.545616: 
2025-11-12 10:04:02.545792: Epoch 940
2025-11-12 10:04:02.545930: Current learning rate: 0.00079
2025-11-12 10:06:28.971201: train_loss -0.7183
2025-11-12 10:06:28.971419: val_loss -0.7435
2025-11-12 10:06:28.971518: Pseudo dice [np.float32(0.932), np.float32(0.8373), np.float32(0.0)]
2025-11-12 10:06:28.971614: Epoch time: 146.43 s
2025-11-12 10:06:33.786752: 
2025-11-12 10:06:33.786946: Epoch 941
2025-11-12 10:06:33.787063: Current learning rate: 0.00078
2025-11-12 10:09:05.929165: train_loss -0.7215
2025-11-12 10:09:05.929384: val_loss -0.7276
2025-11-12 10:09:05.929485: Pseudo dice [np.float32(0.9341), np.float32(0.8389), np.float32(0.0)]
2025-11-12 10:09:05.929583: Epoch time: 152.14 s
2025-11-12 10:09:10.947718: 
2025-11-12 10:09:10.950645: Epoch 942
2025-11-12 10:09:10.950851: Current learning rate: 0.00077
2025-11-12 10:11:39.121158: train_loss -0.7112
2025-11-12 10:11:39.121373: val_loss -0.7029
2025-11-12 10:11:39.121495: Pseudo dice [np.float32(0.9373), np.float32(0.8362), np.float32(0.0)]
2025-11-12 10:11:39.134134: Epoch time: 148.17 s
2025-11-12 10:11:42.729482: 
2025-11-12 10:11:42.729664: Epoch 943
2025-11-12 10:11:42.729779: Current learning rate: 0.00076
2025-11-12 10:14:23.655115: train_loss -0.7314
2025-11-12 10:14:23.657113: val_loss -0.7544
2025-11-12 10:14:23.657225: Pseudo dice [np.float32(0.9389), np.float32(0.8407), np.float32(0.0)]
2025-11-12 10:14:23.657327: Epoch time: 160.93 s
2025-11-12 10:14:25.885710: 
2025-11-12 10:14:25.885961: Epoch 944
2025-11-12 10:14:25.886077: Current learning rate: 0.00075
2025-11-12 10:16:48.981747: train_loss -0.7291
2025-11-12 10:16:48.982003: val_loss -0.7244
2025-11-12 10:16:48.982100: Pseudo dice [np.float32(0.941), np.float32(0.8427), np.float32(0.0)]
2025-11-12 10:16:48.982198: Epoch time: 143.1 s
2025-11-12 10:16:53.528255: 
2025-11-12 10:16:53.528438: Epoch 945
2025-11-12 10:16:53.528553: Current learning rate: 0.00074
2025-11-12 10:19:17.952082: train_loss -0.7262
2025-11-12 10:19:17.952320: val_loss -0.6935
2025-11-12 10:19:17.952418: Pseudo dice [np.float32(0.932), np.float32(0.8406), np.float32(0.0)]
2025-11-12 10:19:17.952514: Epoch time: 144.42 s
2025-11-12 10:19:20.715414: 
2025-11-12 10:19:20.715580: Epoch 946
2025-11-12 10:19:20.715693: Current learning rate: 0.00072
2025-11-12 10:21:46.386678: train_loss -0.7079
2025-11-12 10:21:46.386937: val_loss -0.7067
2025-11-12 10:21:46.387035: Pseudo dice [np.float32(0.9315), np.float32(0.8364), np.float32(0.0)]
2025-11-12 10:21:46.387133: Epoch time: 145.67 s
2025-11-12 10:21:49.641865: 
2025-11-12 10:21:49.642030: Epoch 947
2025-11-12 10:21:49.642142: Current learning rate: 0.00071
2025-11-12 10:24:11.882889: train_loss -0.7108
2025-11-12 10:24:11.883113: val_loss -0.7381
2025-11-12 10:24:11.883216: Pseudo dice [np.float32(0.9363), np.float32(0.835), np.float32(0.0)]
2025-11-12 10:24:11.883313: Epoch time: 142.24 s
2025-11-12 10:24:16.613102: 
2025-11-12 10:24:16.613282: Epoch 948
2025-11-12 10:24:16.613392: Current learning rate: 0.0007
2025-11-12 10:26:34.599073: train_loss -0.726
2025-11-12 10:26:34.599305: val_loss -0.7407
2025-11-12 10:26:34.599403: Pseudo dice [np.float32(0.9319), np.float32(0.8391), np.float32(0.0)]
2025-11-12 10:26:34.599502: Epoch time: 137.99 s
2025-11-12 10:26:39.261588: 
2025-11-12 10:26:39.261863: Epoch 949
2025-11-12 10:26:39.261986: Current learning rate: 0.00069
2025-11-12 10:28:58.264141: train_loss -0.7377
2025-11-12 10:28:58.264392: val_loss -0.737
2025-11-12 10:28:58.264492: Pseudo dice [np.float32(0.9406), np.float32(0.8373), np.float32(0.0)]
2025-11-12 10:28:58.264587: Epoch time: 139.0 s
2025-11-12 10:29:02.983904: 
2025-11-12 10:29:02.984104: Epoch 950
2025-11-12 10:29:02.984222: Current learning rate: 0.00067
2025-11-12 10:31:25.846187: train_loss -0.7192
2025-11-12 10:31:25.846432: val_loss -0.7083
2025-11-12 10:31:25.846534: Pseudo dice [np.float32(0.943), np.float32(0.8442), np.float32(0.0)]
2025-11-12 10:31:25.846630: Epoch time: 142.86 s
2025-11-12 10:31:30.206540: 
2025-11-12 10:31:30.206741: Epoch 951
2025-11-12 10:31:30.206858: Current learning rate: 0.00066
2025-11-12 10:33:51.809152: train_loss -0.7238
2025-11-12 10:33:51.809390: val_loss -0.769
2025-11-12 10:33:51.809488: Pseudo dice [np.float32(0.9368), np.float32(0.8401), np.float32(0.0)]
2025-11-12 10:33:51.809588: Epoch time: 141.6 s
2025-11-12 10:33:54.848667: 
2025-11-12 10:33:54.848887: Epoch 952
2025-11-12 10:33:54.849003: Current learning rate: 0.00065
2025-11-12 10:36:17.868343: train_loss -0.7205
2025-11-12 10:36:17.868591: val_loss -0.7033
2025-11-12 10:36:17.868695: Pseudo dice [np.float32(0.9335), np.float32(0.8343), np.float32(0.0)]
2025-11-12 10:36:17.868794: Epoch time: 143.02 s
2025-11-12 10:36:21.988843: 
2025-11-12 10:36:21.989023: Epoch 953
2025-11-12 10:36:21.989135: Current learning rate: 0.00064
2025-11-12 10:38:45.548316: train_loss -0.7204
2025-11-12 10:38:45.548543: val_loss -0.7364
2025-11-12 10:38:45.548643: Pseudo dice [np.float32(0.9385), np.float32(0.8439), np.float32(0.0)]
2025-11-12 10:38:45.548742: Epoch time: 143.56 s
2025-11-12 10:38:49.654812: 
2025-11-12 10:38:49.655015: Epoch 954
2025-11-12 10:38:49.655130: Current learning rate: 0.00063
2025-11-12 10:41:14.830497: train_loss -0.7129
2025-11-12 10:41:14.833883: val_loss -0.7282
2025-11-12 10:41:14.834044: Pseudo dice [np.float32(0.9362), np.float32(0.8402), np.float32(0.0)]
2025-11-12 10:41:14.834143: Epoch time: 145.18 s
2025-11-12 10:41:17.720444: 
2025-11-12 10:41:17.720619: Epoch 955
2025-11-12 10:41:17.720735: Current learning rate: 0.00061
2025-11-12 10:43:43.236311: train_loss -0.7326
2025-11-12 10:43:43.236541: val_loss -0.6979
2025-11-12 10:43:43.236642: Pseudo dice [np.float32(0.9316), np.float32(0.8371), np.float32(0.0)]
2025-11-12 10:43:43.236741: Epoch time: 145.52 s
2025-11-12 10:43:46.396875: 
2025-11-12 10:43:46.397077: Epoch 956
2025-11-12 10:43:46.397194: Current learning rate: 0.0006
2025-11-12 10:46:13.479200: train_loss -0.7218
2025-11-12 10:46:13.479421: val_loss -0.7455
2025-11-12 10:46:13.479522: Pseudo dice [np.float32(0.9417), np.float32(0.8402), np.float32(0.0)]
2025-11-12 10:46:13.479618: Epoch time: 147.08 s
2025-11-12 10:46:17.453318: 
2025-11-12 10:46:17.453513: Epoch 957
2025-11-12 10:46:17.453624: Current learning rate: 0.00059
2025-11-12 10:48:44.347341: train_loss -0.7222
2025-11-12 10:48:44.347565: val_loss -0.7347
2025-11-12 10:48:44.347667: Pseudo dice [np.float32(0.9375), np.float32(0.8408), np.float32(0.0)]
2025-11-12 10:48:44.347766: Epoch time: 146.89 s
2025-11-12 10:48:48.220603: 
2025-11-12 10:48:48.220784: Epoch 958
2025-11-12 10:48:48.220910: Current learning rate: 0.00058
2025-11-12 10:51:18.900331: train_loss -0.7226
2025-11-12 10:51:18.904468: val_loss -0.7147
2025-11-12 10:51:18.904597: Pseudo dice [np.float32(0.9336), np.float32(0.8408), np.float32(0.0)]
2025-11-12 10:51:18.904698: Epoch time: 150.68 s
2025-11-12 10:51:21.631050: 
2025-11-12 10:51:21.631239: Epoch 959
2025-11-12 10:51:21.631353: Current learning rate: 0.00056
2025-11-12 10:53:47.792305: train_loss -0.7144
2025-11-12 10:53:47.792541: val_loss -0.7272
2025-11-12 10:53:47.826349: Pseudo dice [np.float32(0.9327), np.float32(0.843), np.float32(0.0)]
2025-11-12 10:53:47.826582: Epoch time: 146.16 s
2025-11-12 10:53:50.545916: 
2025-11-12 10:53:50.546073: Epoch 960
2025-11-12 10:53:50.546183: Current learning rate: 0.00055
2025-11-12 10:56:11.307233: train_loss -0.7208
2025-11-12 10:56:11.307486: val_loss -0.7267
2025-11-12 10:56:11.307588: Pseudo dice [np.float32(0.9406), np.float32(0.8394), np.float32(0.0)]
2025-11-12 10:56:11.307688: Epoch time: 140.76 s
2025-11-12 10:56:14.356633: 
2025-11-12 10:56:14.356814: Epoch 961
2025-11-12 10:56:14.356930: Current learning rate: 0.00054
2025-11-12 10:58:37.249310: train_loss -0.7244
2025-11-12 10:58:37.249596: val_loss -0.7504
2025-11-12 10:58:37.249696: Pseudo dice [np.float32(0.9355), np.float32(0.8369), np.float32(0.0)]
2025-11-12 10:58:37.249790: Epoch time: 142.89 s
2025-11-12 10:58:40.227587: 
2025-11-12 10:58:40.227754: Epoch 962
2025-11-12 10:58:40.227874: Current learning rate: 0.00053
2025-11-12 11:01:05.578899: train_loss -0.7201
2025-11-12 11:01:05.579118: val_loss -0.7401
2025-11-12 11:01:05.579222: Pseudo dice [np.float32(0.9376), np.float32(0.8398), np.float32(0.0)]
2025-11-12 11:01:05.579321: Epoch time: 145.35 s
2025-11-12 11:01:08.707970: 
2025-11-12 11:01:08.708202: Epoch 963
2025-11-12 11:01:08.708321: Current learning rate: 0.00051
2025-11-12 11:03:35.667893: train_loss -0.7149
2025-11-12 11:03:35.668149: val_loss -0.6774
2025-11-12 11:03:35.668249: Pseudo dice [np.float32(0.9369), np.float32(0.844), np.float32(0.0)]
2025-11-12 11:03:35.668348: Epoch time: 146.96 s
2025-11-12 11:03:39.083262: 
2025-11-12 11:03:39.083441: Epoch 964
2025-11-12 11:03:39.083553: Current learning rate: 0.0005
2025-11-12 11:06:03.663113: train_loss -0.7348
2025-11-12 11:06:03.667368: val_loss -0.7286
2025-11-12 11:06:03.667501: Pseudo dice [np.float32(0.9402), np.float32(0.8412), np.float32(0.0)]
2025-11-12 11:06:03.667604: Epoch time: 144.58 s
2025-11-12 11:06:06.876220: 
2025-11-12 11:06:06.876501: Epoch 965
2025-11-12 11:06:06.876625: Current learning rate: 0.00049
2025-11-12 11:08:19.841685: train_loss -0.7072
2025-11-12 11:08:19.841916: val_loss -0.7263
2025-11-12 11:08:19.842021: Pseudo dice [np.float32(0.9389), np.float32(0.8382), np.float32(0.0)]
2025-11-12 11:08:19.842121: Epoch time: 132.97 s
2025-11-12 11:08:24.749053: 
2025-11-12 11:08:24.749267: Epoch 966
2025-11-12 11:08:24.749381: Current learning rate: 0.00048
2025-11-12 11:10:46.621042: train_loss -0.7146
2025-11-12 11:10:46.621255: val_loss -0.7398
2025-11-12 11:10:46.621356: Pseudo dice [np.float32(0.9343), np.float32(0.8419), np.float32(0.0)]
2025-11-12 11:10:46.621452: Epoch time: 141.87 s
2025-11-12 11:10:50.680978: 
2025-11-12 11:10:50.684213: Epoch 967
2025-11-12 11:10:50.684341: Current learning rate: 0.00046
2025-11-12 11:13:14.513142: train_loss -0.7257
2025-11-12 11:13:14.513372: val_loss -0.7557
2025-11-12 11:13:14.513474: Pseudo dice [np.float32(0.9398), np.float32(0.8416), np.float32(0.0)]
2025-11-12 11:13:14.513574: Epoch time: 143.83 s
2025-11-12 11:13:17.104132: 
2025-11-12 11:13:17.104322: Epoch 968
2025-11-12 11:13:17.104436: Current learning rate: 0.00045
2025-11-12 11:15:37.614195: train_loss -0.7421
2025-11-12 11:15:37.614427: val_loss -0.7523
2025-11-12 11:15:37.614516: Pseudo dice [np.float32(0.9358), np.float32(0.8445), np.float32(0.0)]
2025-11-12 11:15:37.614606: Epoch time: 140.51 s
2025-11-12 11:15:40.677292: 
2025-11-12 11:15:40.677482: Epoch 969
2025-11-12 11:15:40.677597: Current learning rate: 0.00044
2025-11-12 11:18:17.785694: train_loss -0.7169
2025-11-12 11:18:17.785949: val_loss -0.7498
2025-11-12 11:18:17.786050: Pseudo dice [np.float32(0.9369), np.float32(0.844), np.float32(0.0)]
2025-11-12 11:18:17.786145: Epoch time: 157.11 s
2025-11-12 11:18:19.638564: 
2025-11-12 11:18:19.638826: Epoch 970
2025-11-12 11:18:19.638935: Current learning rate: 0.00043
2025-11-12 11:20:39.014411: train_loss -0.7218
2025-11-12 11:20:39.014721: val_loss -0.7342
2025-11-12 11:20:39.014833: Pseudo dice [np.float32(0.9414), np.float32(0.8438), np.float32(0.0)]
2025-11-12 11:20:39.014933: Epoch time: 139.38 s
2025-11-12 11:20:42.648239: 
2025-11-12 11:20:42.648407: Epoch 971
2025-11-12 11:20:42.648519: Current learning rate: 0.00041
2025-11-12 11:23:07.165167: train_loss -0.7385
2025-11-12 11:23:07.165416: val_loss -0.7516
2025-11-12 11:23:07.165515: Pseudo dice [np.float32(0.9347), np.float32(0.839), np.float32(0.0)]
2025-11-12 11:23:07.165611: Epoch time: 144.52 s
2025-11-12 11:23:11.807248: 
2025-11-12 11:23:11.807498: Epoch 972
2025-11-12 11:23:11.807607: Current learning rate: 0.0004
2025-11-12 11:25:34.614189: train_loss -0.7268
2025-11-12 11:25:34.614430: val_loss -0.7333
2025-11-12 11:25:34.614533: Pseudo dice [np.float32(0.9404), np.float32(0.8439), np.float32(0.0)]
2025-11-12 11:25:34.614632: Epoch time: 142.81 s
2025-11-12 11:25:38.627134: 
2025-11-12 11:25:38.627320: Epoch 973
2025-11-12 11:25:38.627434: Current learning rate: 0.00039
2025-11-12 11:28:05.421982: train_loss -0.7198
2025-11-12 11:28:05.422224: val_loss -0.7298
2025-11-12 11:28:05.422323: Pseudo dice [np.float32(0.9333), np.float32(0.84), np.float32(0.0)]
2025-11-12 11:28:05.422492: Epoch time: 146.8 s
2025-11-12 11:28:08.447455: 
2025-11-12 11:28:08.447623: Epoch 974
2025-11-12 11:28:08.447737: Current learning rate: 0.00037
2025-11-12 11:30:35.146362: train_loss -0.7226
2025-11-12 11:30:35.149797: val_loss -0.7482
2025-11-12 11:30:35.149909: Pseudo dice [np.float32(0.9372), np.float32(0.8426), np.float32(0.0)]
2025-11-12 11:30:35.150000: Epoch time: 146.7 s
2025-11-12 11:30:39.638726: 
2025-11-12 11:30:39.638900: Epoch 975
2025-11-12 11:30:39.639012: Current learning rate: 0.00036
2025-11-12 11:33:10.429898: train_loss -0.7227
2025-11-12 11:33:10.430129: val_loss -0.7821
2025-11-12 11:33:10.430231: Pseudo dice [np.float32(0.9339), np.float32(0.8428), np.float32(0.0)]
2025-11-12 11:33:10.430331: Epoch time: 150.79 s
2025-11-12 11:33:14.181218: 
2025-11-12 11:33:14.181410: Epoch 976
2025-11-12 11:33:14.181526: Current learning rate: 0.00035
2025-11-12 11:35:40.957182: train_loss -0.7259
2025-11-12 11:35:40.957431: val_loss -0.7438
2025-11-12 11:35:40.957532: Pseudo dice [np.float32(0.9349), np.float32(0.8421), np.float32(0.0)]
2025-11-12 11:35:40.957629: Epoch time: 146.78 s
2025-11-12 11:35:43.813760: 
2025-11-12 11:35:43.813945: Epoch 977
2025-11-12 11:35:43.814062: Current learning rate: 0.00034
2025-11-12 11:38:12.006367: train_loss -0.7204
2025-11-12 11:38:12.006596: val_loss -0.7399
2025-11-12 11:38:12.006698: Pseudo dice [np.float32(0.9349), np.float32(0.8466), np.float32(0.0)]
2025-11-12 11:38:12.006796: Epoch time: 148.19 s
2025-11-12 11:38:14.394614: 
2025-11-12 11:38:14.395562: Epoch 978
2025-11-12 11:38:14.395719: Current learning rate: 0.00032
2025-11-12 11:40:37.431219: train_loss -0.7407
2025-11-12 11:40:37.431463: val_loss -0.7346
2025-11-12 11:40:37.431564: Pseudo dice [np.float32(0.9377), np.float32(0.8438), np.float32(0.0)]
2025-11-12 11:40:37.431660: Epoch time: 143.04 s
2025-11-12 11:40:41.031969: 
2025-11-12 11:40:41.032156: Epoch 979
2025-11-12 11:40:41.032264: Current learning rate: 0.00031
2025-11-12 11:43:10.685241: train_loss -0.7264
2025-11-12 11:43:10.685486: val_loss -0.7414
2025-11-12 11:43:10.685584: Pseudo dice [np.float32(0.9425), np.float32(0.8438), np.float32(0.0)]
2025-11-12 11:43:10.685680: Epoch time: 149.65 s
2025-11-12 11:43:14.726345: 
2025-11-12 11:43:14.726562: Epoch 980
2025-11-12 11:43:14.726676: Current learning rate: 0.0003
2025-11-12 11:45:38.206936: train_loss -0.729
2025-11-12 11:45:38.207154: val_loss -0.7324
2025-11-12 11:45:38.207250: Pseudo dice [np.float32(0.9384), np.float32(0.8453), np.float32(0.0)]
2025-11-12 11:45:38.207337: Epoch time: 143.48 s
2025-11-12 11:45:41.079496: 
2025-11-12 11:45:41.079759: Epoch 981
2025-11-12 11:45:41.079878: Current learning rate: 0.00028
2025-11-12 11:48:07.907526: train_loss -0.7212
2025-11-12 11:48:07.907750: val_loss -0.7165
2025-11-12 11:48:07.907849: Pseudo dice [np.float32(0.9416), np.float32(0.8485), np.float32(0.0)]
2025-11-12 11:48:07.907938: Epoch time: 146.83 s
2025-11-12 11:48:12.284862: 
2025-11-12 11:48:12.285944: Epoch 982
2025-11-12 11:48:12.286077: Current learning rate: 0.00027
2025-11-12 11:50:48.549320: train_loss -0.7435
2025-11-12 11:50:48.549571: val_loss -0.742
2025-11-12 11:50:48.549672: Pseudo dice [np.float32(0.9341), np.float32(0.8424), np.float32(0.0)]
2025-11-12 11:50:48.549770: Epoch time: 156.27 s
2025-11-12 11:50:51.814637: 
2025-11-12 11:50:51.814854: Epoch 983
2025-11-12 11:50:51.814966: Current learning rate: 0.00026
2025-11-12 11:53:18.466199: train_loss -0.7062
2025-11-12 11:53:18.466469: val_loss -0.6926
2025-11-12 11:53:18.466580: Pseudo dice [np.float32(0.9371), np.float32(0.8456), np.float32(0.0)]
2025-11-12 11:53:18.466677: Epoch time: 146.65 s
2025-11-12 11:53:21.901414: 
2025-11-12 11:53:21.901598: Epoch 984
2025-11-12 11:53:21.901708: Current learning rate: 0.00024
2025-11-12 11:55:54.067148: train_loss -0.7278
2025-11-12 11:55:54.091945: val_loss -0.739
2025-11-12 11:55:54.092134: Pseudo dice [np.float32(0.9372), np.float32(0.8435), np.float32(0.0)]
2025-11-12 11:55:54.092233: Epoch time: 152.17 s
2025-11-12 11:55:56.562244: 
2025-11-12 11:55:56.562475: Epoch 985
2025-11-12 11:55:56.562596: Current learning rate: 0.00023
2025-11-12 11:58:29.680249: train_loss -0.7361
2025-11-12 11:58:29.680506: val_loss -0.7524
2025-11-12 11:58:29.680607: Pseudo dice [np.float32(0.9393), np.float32(0.8423), np.float32(0.0)]
2025-11-12 11:58:29.680707: Epoch time: 153.12 s
2025-11-12 11:58:33.915427: 
2025-11-12 11:58:33.915628: Epoch 986
2025-11-12 11:58:33.915746: Current learning rate: 0.00021
2025-11-12 12:01:00.176176: train_loss -0.7298
2025-11-12 12:01:00.176416: val_loss -0.7411
2025-11-12 12:01:00.176516: Pseudo dice [np.float32(0.9399), np.float32(0.8447), np.float32(0.0)]
2025-11-12 12:01:00.176612: Epoch time: 146.26 s
2025-11-12 12:01:05.052655: 
2025-11-12 12:01:05.052839: Epoch 987
2025-11-12 12:01:05.052953: Current learning rate: 0.0002
2025-11-12 12:03:35.933186: train_loss -0.7056
2025-11-12 12:03:35.933442: val_loss -0.7521
2025-11-12 12:03:35.933541: Pseudo dice [np.float32(0.9408), np.float32(0.843), np.float32(0.0)]
2025-11-12 12:03:35.933642: Epoch time: 150.88 s
2025-11-12 12:03:39.979408: 
2025-11-12 12:03:39.979574: Epoch 988
2025-11-12 12:03:39.979687: Current learning rate: 0.00019
2025-11-12 12:06:09.414661: train_loss -0.7374
2025-11-12 12:06:09.414873: val_loss -0.7344
2025-11-12 12:06:09.414965: Pseudo dice [np.float32(0.9345), np.float32(0.8464), np.float32(0.0)]
2025-11-12 12:06:09.415054: Epoch time: 149.44 s
2025-11-12 12:06:13.520937: 
2025-11-12 12:06:13.521910: Epoch 989
2025-11-12 12:06:13.522065: Current learning rate: 0.00017
2025-11-12 12:08:31.835363: train_loss -0.7276
2025-11-12 12:08:31.839381: val_loss -0.7447
2025-11-12 12:08:31.839509: Pseudo dice [np.float32(0.9374), np.float32(0.8427), np.float32(0.0)]
2025-11-12 12:08:31.839609: Epoch time: 138.32 s
2025-11-12 12:08:36.479614: 
2025-11-12 12:08:36.479811: Epoch 990
2025-11-12 12:08:36.479923: Current learning rate: 0.00016
2025-11-12 12:11:03.243898: train_loss -0.7271
2025-11-12 12:11:03.244143: val_loss -0.706
2025-11-12 12:11:03.244240: Pseudo dice [np.float32(0.9406), np.float32(0.8406), np.float32(0.0)]
2025-11-12 12:11:03.244337: Epoch time: 146.77 s
2025-11-12 12:11:07.489496: 
2025-11-12 12:11:07.489682: Epoch 991
2025-11-12 12:11:07.489794: Current learning rate: 0.00014
2025-11-12 12:13:30.718948: train_loss -0.7237
2025-11-12 12:13:30.719202: val_loss -0.7569
2025-11-12 12:13:30.719303: Pseudo dice [np.float32(0.943), np.float32(0.8454), np.float32(0.0)]
2025-11-12 12:13:30.719398: Epoch time: 143.23 s
2025-11-12 12:13:34.903253: 
2025-11-12 12:13:34.903451: Epoch 992
2025-11-12 12:13:34.903567: Current learning rate: 0.00013
2025-11-12 12:15:58.786232: train_loss -0.7151
2025-11-12 12:15:58.786556: val_loss -0.7773
2025-11-12 12:15:58.786659: Pseudo dice [np.float32(0.9385), np.float32(0.8475), np.float32(0.0)]
2025-11-12 12:15:58.786755: Epoch time: 143.88 s
2025-11-12 12:16:02.600090: 
2025-11-12 12:16:02.600284: Epoch 993
2025-11-12 12:16:02.600398: Current learning rate: 0.00011
2025-11-12 12:18:24.689997: train_loss -0.7402
2025-11-12 12:18:24.690248: val_loss -0.7064
2025-11-12 12:18:24.690349: Pseudo dice [np.float32(0.9382), np.float32(0.8478), np.float32(0.0)]
2025-11-12 12:18:24.690449: Epoch time: 142.09 s
2025-11-12 12:18:28.345888: 
2025-11-12 12:18:28.346114: Epoch 994
2025-11-12 12:18:28.346233: Current learning rate: 0.0001
2025-11-12 12:20:55.342213: train_loss -0.7242
2025-11-12 12:20:55.342474: val_loss -0.7489
2025-11-12 12:20:55.342577: Pseudo dice [np.float32(0.9375), np.float32(0.8459), np.float32(0.0)]
2025-11-12 12:20:55.342675: Epoch time: 147.0 s
2025-11-12 12:20:59.154843: 
2025-11-12 12:20:59.155062: Epoch 995
2025-11-12 12:20:59.155181: Current learning rate: 8e-05
2025-11-12 12:23:25.659934: train_loss -0.7365
2025-11-12 12:23:25.660212: val_loss -0.7382
2025-11-12 12:23:25.660302: Pseudo dice [np.float32(0.9368), np.float32(0.8457), np.float32(0.0)]
2025-11-12 12:23:25.660392: Epoch time: 146.51 s
2025-11-12 12:23:29.798790: 
2025-11-12 12:23:29.798978: Epoch 996
2025-11-12 12:23:29.799098: Current learning rate: 7e-05
2025-11-12 12:25:57.047341: train_loss -0.7182
2025-11-12 12:25:57.047563: val_loss -0.7625
2025-11-12 12:25:57.047662: Pseudo dice [np.float32(0.9329), np.float32(0.8433), np.float32(0.0)]
2025-11-12 12:25:57.047760: Epoch time: 147.25 s
2025-11-12 12:26:03.132859: 
2025-11-12 12:26:03.133138: Epoch 997
2025-11-12 12:26:03.133259: Current learning rate: 5e-05
2025-11-12 12:28:24.847669: train_loss -0.717
2025-11-12 12:28:25.135058: val_loss -0.7102
2025-11-12 12:28:25.135184: Pseudo dice [np.float32(0.9349), np.float32(0.8431), np.float32(0.0)]
2025-11-12 12:28:25.135278: Epoch time: 141.72 s
2025-11-12 12:28:28.903736: 
2025-11-12 12:28:28.903939: Epoch 998
2025-11-12 12:28:28.904055: Current learning rate: 4e-05
2025-11-12 12:30:52.573874: train_loss -0.7342
2025-11-12 12:30:52.574131: val_loss -0.7635
2025-11-12 12:30:52.574236: Pseudo dice [np.float32(0.9415), np.float32(0.8449), np.float32(0.0)]
2025-11-12 12:30:52.574337: Epoch time: 143.67 s
2025-11-12 12:30:56.322047: 
2025-11-12 12:30:56.322257: Epoch 999
2025-11-12 12:30:56.322373: Current learning rate: 2e-05
2025-11-12 12:33:21.421064: train_loss -0.7347
2025-11-12 12:33:21.421270: val_loss -0.7598
2025-11-12 12:33:21.421367: Pseudo dice [np.float32(0.9403), np.float32(0.8444), np.float32(0.0)]
2025-11-12 12:33:21.421463: Epoch time: 145.1 s
2025-11-12 12:33:25.875812: Training done.
2025-11-12 12:33:26.136338: predicting patient0001
2025-11-12 12:33:28.026649: patient0001, shape torch.Size([4, 341, 540, 540]), rank 0
2025-11-12 12:34:46.223091: predicting patient0002
2025-11-12 12:34:48.082122: patient0002, shape torch.Size([4, 313, 558, 558]), rank 0
2025-11-12 12:35:43.792890: predicting patient0003
2025-11-12 12:35:45.930533: patient0003, shape torch.Size([4, 324, 565, 565]), rank 0
2025-11-12 12:37:01.527797: predicting patient0004
2025-11-12 12:37:03.215302: patient0004, shape torch.Size([4, 292, 532, 532]), rank 0
2025-11-12 12:37:58.774501: predicting patient0005
2025-11-12 12:38:00.030775: patient0005, shape torch.Size([4, 285, 474, 474]), rank 0
2025-11-12 12:38:32.308176: predicting patient0006
2025-11-12 12:38:33.482256: patient0006, shape torch.Size([4, 277, 456, 456]), rank 0
2025-11-12 12:39:05.686037: predicting patient0007
2025-11-12 12:39:06.950366: patient0007, shape torch.Size([4, 311, 456, 456]), rank 0
2025-11-12 12:39:45.616723: predicting patient0008
2025-11-12 12:39:46.835518: patient0008, shape torch.Size([4, 287, 444, 444]), rank 0
2025-11-12 12:40:19.071050: predicting patient0009
2025-11-12 12:40:20.254178: patient0009, shape torch.Size([4, 298, 441, 441]), rank 0
2025-11-12 12:40:58.811486: predicting patient0010
2025-11-12 12:41:00.542844: patient0010, shape torch.Size([4, 280, 550, 550]), rank 0
2025-11-12 12:41:46.920450: predicting patient0011
2025-11-12 12:41:48.021389: patient0011, shape torch.Size([4, 280, 436, 436]), rank 0
2025-11-12 12:42:20.245737: predicting patient0012
2025-11-12 12:42:22.518359: patient0012, shape torch.Size([4, 298, 621, 621]), rank 0
2025-11-12 12:43:38.041759: predicting patient0013
2025-11-12 12:43:40.216762: patient0013, shape torch.Size([4, 328, 575, 575]), rank 0
2025-11-12 12:44:55.820135: predicting patient0014
2025-11-12 12:44:57.011664: patient0014, shape torch.Size([4, 280, 449, 449]), rank 0
2025-11-12 12:45:29.301616: predicting patient0015
2025-11-12 12:45:30.864913: patient0015, shape torch.Size([4, 319, 492, 492]), rank 0
2025-11-12 12:46:26.411352: predicting patient0016
2025-11-12 12:46:28.672245: patient0016, shape torch.Size([4, 342, 575, 575]), rank 0
2025-11-12 12:47:56.762239: predicting patient0017
2025-11-12 12:47:58.734863: patient0017, shape torch.Size([4, 340, 540, 540]), rank 0
2025-11-12 12:49:03.582994: predicting patient0018
2025-11-12 12:49:04.828935: patient0018, shape torch.Size([4, 289, 446, 446]), rank 0
2025-11-12 12:49:43.491584: predicting patient0019
2025-11-12 12:49:45.013563: patient0019, shape torch.Size([4, 326, 479, 479]), rank 0
2025-11-12 12:50:23.705920: predicting patient0020
2025-11-12 12:50:25.346480: patient0020, shape torch.Size([4, 270, 527, 527]), rank 0
2025-11-12 12:51:11.744504: predicting patient0021
2025-11-12 12:51:13.590108: patient0021, shape torch.Size([4, 369, 502, 502]), rank 0
2025-11-12 12:52:18.420209: predicting patient0022
2025-11-12 12:52:19.699325: patient0022, shape torch.Size([4, 291, 456, 456]), rank 0
2025-11-12 12:52:58.296974: predicting patient0023
2025-11-12 12:53:00.181774: patient0023, shape torch.Size([4, 311, 550, 550]), rank 0
2025-11-12 12:53:55.786072: predicting patient0024
2025-11-12 12:53:57.633398: patient0024, shape torch.Size([4, 355, 504, 504]), rank 0
2025-11-12 12:55:02.484229: predicting patient0025
2025-11-12 12:55:04.610863: patient0025, shape torch.Size([4, 302, 583, 583]), rank 0
2025-11-12 12:56:20.107939: predicting patient0026
2025-11-12 12:56:21.417259: patient0026, shape torch.Size([4, 289, 471, 471]), rank 0
2025-11-12 12:57:00.047407: predicting patient0027
2025-11-12 12:57:01.882099: patient0027, shape torch.Size([4, 297, 550, 550]), rank 0
2025-11-12 12:57:57.474757: predicting patient0028
2025-11-12 12:57:58.956670: patient0028, shape torch.Size([4, 313, 489, 489]), rank 0
2025-11-12 12:58:54.498525: predicting patient0029
2025-11-12 12:58:56.065082: patient0029, shape torch.Size([4, 379, 456, 456]), rank 0
2025-11-12 12:59:41.151227: predicting patient0030
2025-11-12 12:59:43.109411: patient0030, shape torch.Size([4, 319, 535, 535]), rank 0
2025-11-12 13:00:38.758320: predicting patient0031
2025-11-12 13:00:39.842902: patient0031, shape torch.Size([4, 249, 449, 449]), rank 0
2025-11-12 13:01:12.059555: predicting patient0032
2025-11-12 13:01:13.236442: patient0032, shape torch.Size([4, 292, 438, 438]), rank 0
2025-11-12 13:01:51.775484: predicting patient0033
2025-11-12 13:01:53.051118: patient0033, shape torch.Size([4, 287, 474, 474]), rank 0
2025-11-12 13:02:25.248552: predicting patient0034
2025-11-12 13:02:26.791479: patient0034, shape torch.Size([4, 313, 482, 482]), rank 0
2025-11-12 13:03:22.268000: predicting patient0035
2025-11-12 13:03:24.193033: patient0035, shape torch.Size([4, 322, 540, 540]), rank 0
2025-11-12 13:04:19.820178: predicting patient0036
2025-11-12 13:04:21.121656: patient0036, shape torch.Size([4, 281, 487, 487]), rank 0
2025-11-12 13:05:07.561082: predicting patient0037
2025-11-12 13:05:08.635774: patient0037, shape torch.Size([4, 302, 400, 400]), rank 0
2025-11-12 13:05:33.453378: predicting patient0038
2025-11-12 13:05:35.335706: patient0038, shape torch.Size([4, 316, 540, 540]), rank 0
2025-11-12 13:06:30.934901: predicting patient0039
2025-11-12 13:06:32.131749: patient0039, shape torch.Size([4, 275, 446, 446]), rank 0
2025-11-12 13:07:04.388069: predicting patient0040
2025-11-12 13:07:06.219220: patient0040, shape torch.Size([4, 302, 540, 540]), rank 0
2025-11-12 13:08:01.813098: predicting patient0041
2025-11-12 13:08:02.732242: patient0041, shape torch.Size([4, 294, 378, 378]), rank 0
2025-11-12 13:08:27.540897: predicting patient0042
2025-11-12 13:08:29.379407: patient0042, shape torch.Size([4, 311, 540, 540]), rank 0
2025-11-12 13:09:24.921867: predicting patient0043
2025-11-12 13:09:28.316408: patient0043, shape torch.Size([4, 373, 667, 667]), rank 0
2025-11-12 13:11:23.436765: predicting patient0044
2025-11-12 13:11:25.469245: patient0044, shape torch.Size([4, 360, 520, 520]), rank 0
2025-11-12 13:12:30.445841: predicting patient0045
2025-11-12 13:12:32.244692: patient0045, shape torch.Size([4, 303, 540, 540]), rank 0
2025-11-12 13:13:27.803655: predicting patient0046
2025-11-12 13:13:29.910383: patient0046, shape torch.Size([4, 322, 558, 558]), rank 0
2025-11-12 13:14:25.593410: predicting patient0047
2025-11-12 13:14:28.009318: patient0047, shape torch.Size([4, 344, 601, 601]), rank 0
2025-11-12 13:15:56.068339: predicting patient0048
2025-11-12 13:15:58.023506: patient0048, shape torch.Size([4, 302, 558, 558]), rank 0
2025-11-12 13:16:53.708403: predicting patient0049
2025-11-12 13:16:55.313513: patient0049, shape torch.Size([4, 301, 497, 497]), rank 0
2025-11-12 13:17:50.859391: predicting patient0050
2025-11-12 13:17:52.799860: patient0050, shape torch.Size([4, 314, 540, 540]), rank 0
2025-11-12 13:20:08.937684: Validation complete
2025-11-12 13:20:08.937808: Mean Validation Dice:  0.5969999879903107
