/usr/share/lmod/lmod/init/bash: line 121: conda: command not found
+----------------------------------------------------+
| loading miniforge with conda 24.7.1 and python 3.9 |
+----------------------------------------------------+

Fri Nov 14 01:28:24 CST 2025
/work/u4526725/ntuh/nnUNet
/work/u4526725/Dataset/nnUNet/nnUNet_raw
/work/u4526725/Dataset/nnUNet/nnUNet_preprocessed
/work/u4526725/Dataset/nnUNet/nnUNet_results
/work/u4526725/Dataset/nnUNet/nnUNet_predictions
/home/u4526725/.conda/envs/nnUNet/bin:/work/HPC_SYS/twnia2/pkg-rocky8/tools/miniforge/Miniforge-pypy3-24.7.1-2/condabin:/opt/conda/bin:/usr/local/bin:/usr/bin:/usr/local/sbin:/usr/sbin:/home/u4526725/.local/bin:/home/u4526725/bin:/home/u4526725/.local/bin

############################
INFO: You are using the old nnU-Net default plans. We have updated our recommendations. Please consider using those instead! Read more here: https://github.com/MIC-DKFZ/nnUNet/blob/master/documentation/resenc_presets.md
############################

Using device: cuda:0

#######################################################################
Please cite the following paper when using nnU-Net:
Isensee, F., Jaeger, P. F., Kohl, S. A., Petersen, J., & Maier-Hein, K. H. (2021). nnU-Net: a self-configuring method for deep learning-based biomedical image segmentation. Nature methods, 18(2), 203-211.
#######################################################################

2025-11-14 01:28:29.102283: Using torch.compile...
2025-11-14 01:28:30.340807: do_dummy_2d_data_aug: False
2025-11-14 01:28:30.341261: Using splits from existing split file: /work/u4526725/Dataset/nnUNet/nnUNet_preprocessed/Dataset306_aicup2025/splits_final.json
2025-11-14 01:28:30.341448: The split file contains 5 splits.
2025-11-14 01:28:30.341511: Desired fold for training: 1
2025-11-14 01:28:30.341565: This split has 40 training and 10 validation cases.
/home/u4526725/.local/lib/python3.12/site-packages/fft_conv_pytorch/fft_conv.py:139: UserWarning: Using a non-tuple sequence for multidimensional indexing is deprecated and will be changed in pytorch 2.9; use x[tuple(seq)] instead of x[seq]. In pytorch 2.9 this will be interpreted as tensor index, x[torch.tensor(seq)], which will result either in an error or a different result (Triggered internally at /pytorch/torch/csrc/autograd/python_variable_indexing.cpp:345.)
  output = output[crop_slices].contiguous()
/home/u4526725/.local/lib/python3.12/site-packages/fft_conv_pytorch/fft_conv.py:139: UserWarning: Using a non-tuple sequence for multidimensional indexing is deprecated and will be changed in pytorch 2.9; use x[tuple(seq)] instead of x[seq]. In pytorch 2.9 this will be interpreted as tensor index, x[torch.tensor(seq)], which will result either in an error or a different result (Triggered internally at /pytorch/torch/csrc/autograd/python_variable_indexing.cpp:345.)
  output = output[crop_slices].contiguous()
/home/u4526725/.local/lib/python3.12/site-packages/fft_conv_pytorch/fft_conv.py:139: UserWarning: Using a non-tuple sequence for multidimensional indexing is deprecated and will be changed in pytorch 2.9; use x[tuple(seq)] instead of x[seq]. In pytorch 2.9 this will be interpreted as tensor index, x[torch.tensor(seq)], which will result either in an error or a different result (Triggered internally at /pytorch/torch/csrc/autograd/python_variable_indexing.cpp:345.)
  output = output[crop_slices].contiguous()
/home/u4526725/.local/lib/python3.12/site-packages/fft_conv_pytorch/fft_conv.py:139: UserWarning: Using a non-tuple sequence for multidimensional indexing is deprecated and will be changed in pytorch 2.9; use x[tuple(seq)] instead of x[seq]. In pytorch 2.9 this will be interpreted as tensor index, x[torch.tensor(seq)], which will result either in an error or a different result (Triggered internally at /pytorch/torch/csrc/autograd/python_variable_indexing.cpp:345.)
  output = output[crop_slices].contiguous()
/home/u4526725/.local/lib/python3.12/site-packages/fft_conv_pytorch/fft_conv.py:139: UserWarning: Using a non-tuple sequence for multidimensional indexing is deprecated and will be changed in pytorch 2.9; use x[tuple(seq)] instead of x[seq]. In pytorch 2.9 this will be interpreted as tensor index, x[torch.tensor(seq)], which will result either in an error or a different result (Triggered internally at /pytorch/torch/csrc/autograd/python_variable_indexing.cpp:345.)
  output = output[crop_slices].contiguous()
/home/u4526725/.local/lib/python3.12/site-packages/fft_conv_pytorch/fft_conv.py:139: UserWarning: Using a non-tuple sequence for multidimensional indexing is deprecated and will be changed in pytorch 2.9; use x[tuple(seq)] instead of x[seq]. In pytorch 2.9 this will be interpreted as tensor index, x[torch.tensor(seq)], which will result either in an error or a different result (Triggered internally at /pytorch/torch/csrc/autograd/python_variable_indexing.cpp:345.)
  output = output[crop_slices].contiguous()
/home/u4526725/.local/lib/python3.12/site-packages/fft_conv_pytorch/fft_conv.py:139: UserWarning: Using a non-tuple sequence for multidimensional indexing is deprecated and will be changed in pytorch 2.9; use x[tuple(seq)] instead of x[seq]. In pytorch 2.9 this will be interpreted as tensor index, x[torch.tensor(seq)], which will result either in an error or a different result (Triggered internally at /pytorch/torch/csrc/autograd/python_variable_indexing.cpp:345.)
  output = output[crop_slices].contiguous()
/home/u4526725/.local/lib/python3.12/site-packages/fft_conv_pytorch/fft_conv.py:139: UserWarning: Using a non-tuple sequence for multidimensional indexing is deprecated and will be changed in pytorch 2.9; use x[tuple(seq)] instead of x[seq]. In pytorch 2.9 this will be interpreted as tensor index, x[torch.tensor(seq)], which will result either in an error or a different result (Triggered internally at /pytorch/torch/csrc/autograd/python_variable_indexing.cpp:345.)
  output = output[crop_slices].contiguous()
/home/u4526725/.local/lib/python3.12/site-packages/fft_conv_pytorch/fft_conv.py:139: UserWarning: Using a non-tuple sequence for multidimensional indexing is deprecated and will be changed in pytorch 2.9; use x[tuple(seq)] instead of x[seq]. In pytorch 2.9 this will be interpreted as tensor index, x[torch.tensor(seq)], which will result either in an error or a different result (Triggered internally at /pytorch/torch/csrc/autograd/python_variable_indexing.cpp:345.)
  output = output[crop_slices].contiguous()
using pin_memory on device 0
/home/u4526725/.local/lib/python3.12/site-packages/fft_conv_pytorch/fft_conv.py:139: UserWarning: Using a non-tuple sequence for multidimensional indexing is deprecated and will be changed in pytorch 2.9; use x[tuple(seq)] instead of x[seq]. In pytorch 2.9 this will be interpreted as tensor index, x[torch.tensor(seq)], which will result either in an error or a different result (Triggered internally at /pytorch/torch/csrc/autograd/python_variable_indexing.cpp:345.)
  output = output[crop_slices].contiguous()
/home/u4526725/.local/lib/python3.12/site-packages/fft_conv_pytorch/fft_conv.py:139: UserWarning: Using a non-tuple sequence for multidimensional indexing is deprecated and will be changed in pytorch 2.9; use x[tuple(seq)] instead of x[seq]. In pytorch 2.9 this will be interpreted as tensor index, x[torch.tensor(seq)], which will result either in an error or a different result (Triggered internally at /pytorch/torch/csrc/autograd/python_variable_indexing.cpp:345.)
  output = output[crop_slices].contiguous()
/home/u4526725/.local/lib/python3.12/site-packages/fft_conv_pytorch/fft_conv.py:139: UserWarning: Using a non-tuple sequence for multidimensional indexing is deprecated and will be changed in pytorch 2.9; use x[tuple(seq)] instead of x[seq]. In pytorch 2.9 this will be interpreted as tensor index, x[torch.tensor(seq)], which will result either in an error or a different result (Triggered internally at /pytorch/torch/csrc/autograd/python_variable_indexing.cpp:345.)
  output = output[crop_slices].contiguous()
/work/u4526725/ntuh/nnUNet/nnunetv2/training/nnUNetTrainer/nnUNetTrainer.py:1114: RuntimeWarning: invalid value encountered in scalar divide
  global_dc_per_class = [i for i in [2 * i / (2 * i + j + k) for i, j, k in zip(tp, fp, fn)]]
using pin_memory on device 0

This is the configuration used by this training:
Configuration name: 3d_cascade_fullres
 {'data_identifier': 'nnUNetPlans_3d_fullres', 'preprocessor_name': 'DefaultPreprocessor', 'batch_size': 2, 'patch_size': [96, 160, 160], 'median_image_size_in_voxels': [302.5, 512.0, 512.0], 'spacing': [0.5, 0.39453125, 0.39453125], 'normalization_schemes': ['CTNormalization'], 'use_mask_for_norm': [False], 'resampling_fn_data': 'resample_data_or_seg_to_shape', 'resampling_fn_seg': 'resample_data_or_seg_to_shape', 'resampling_fn_data_kwargs': {'is_seg': False, 'order': 3, 'order_z': 0, 'force_separate_z': None}, 'resampling_fn_seg_kwargs': {'is_seg': True, 'order': 1, 'order_z': 0, 'force_separate_z': None}, 'resampling_fn_probabilities': 'resample_data_or_seg_to_shape', 'resampling_fn_probabilities_kwargs': {'is_seg': False, 'order': 1, 'order_z': 0, 'force_separate_z': None}, 'architecture': {'network_class_name': 'dynamic_network_architectures.architectures.unet.PlainConvUNet', 'arch_kwargs': {'n_stages': 6, 'features_per_stage': [32, 64, 128, 256, 320, 320], 'conv_op': 'torch.nn.modules.conv.Conv3d', 'kernel_sizes': [[3, 3, 3], [3, 3, 3], [3, 3, 3], [3, 3, 3], [3, 3, 3], [3, 3, 3]], 'strides': [[1, 1, 1], [2, 2, 2], [2, 2, 2], [2, 2, 2], [2, 2, 2], [1, 2, 2]], 'n_conv_per_stage': [2, 2, 2, 2, 2, 2], 'n_conv_per_stage_decoder': [2, 2, 2, 2, 2], 'conv_bias': True, 'norm_op': 'torch.nn.modules.instancenorm.InstanceNorm3d', 'norm_op_kwargs': {'eps': 1e-05, 'affine': True}, 'dropout_op': None, 'dropout_op_kwargs': None, 'nonlin': 'torch.nn.LeakyReLU', 'nonlin_kwargs': {'inplace': True}}, '_kw_requires_import': ['conv_op', 'norm_op', 'dropout_op', 'nonlin']}, 'batch_dice': True, 'inherits_from': '3d_fullres', 'previous_stage': '3d_lowres'} 

These are the global plan.json settings:
 {'dataset_name': 'Dataset306_aicup2025', 'plans_name': 'nnUNetPlans', 'original_median_spacing_after_transp': [0.5, 0.39453125, 0.39453125], 'original_median_shape_after_transp': [340, 512, 512], 'image_reader_writer': 'NibabelIOWithReorient', 'transpose_forward': [0, 1, 2], 'transpose_backward': [0, 1, 2], 'experiment_planner_used': 'ExperimentPlanner', 'label_manager': 'LabelManager', 'foreground_intensity_properties_per_channel': {'0': {'max': 1819.0, 'mean': 136.50274658203125, 'median': 115.0, 'min': -873.0, 'percentile_00_5': -30.0, 'percentile_99_5': 478.0, 'std': 91.3067398071289}}} 

2025-11-14 01:28:38.348197: Unable to plot network architecture: nnUNet_compile is enabled!
2025-11-14 01:28:38.400169: 
2025-11-14 01:28:38.400488: Epoch 0
2025-11-14 01:28:38.400708: Current learning rate: 0.01
2025-11-14 01:32:41.225715: train_loss -0.0084
2025-11-14 01:32:41.226036: val_loss -0.2958
2025-11-14 01:32:41.226151: Pseudo dice [np.float32(0.8962), np.float32(0.7366), np.float32(0.0)]
2025-11-14 01:32:41.226256: Epoch time: 242.83 s
2025-11-14 01:32:41.226349: Yayy! New best EMA pseudo Dice: 0.5443000197410583
2025-11-14 01:32:42.385025: 
2025-11-14 01:32:42.385209: Epoch 1
2025-11-14 01:32:42.385357: Current learning rate: 0.00999
2025-11-14 01:36:28.809406: train_loss -0.2142
2025-11-14 01:36:28.814743: val_loss -0.3308
2025-11-14 01:36:28.814873: Pseudo dice [np.float32(0.901), np.float32(0.7434), np.float32(0.0)]
2025-11-14 01:36:28.815017: Epoch time: 226.43 s
2025-11-14 01:36:28.815112: Yayy! New best EMA pseudo Dice: 0.544700026512146
2025-11-14 01:36:30.117038: 
2025-11-14 01:36:30.117229: Epoch 2
2025-11-14 01:36:30.117409: Current learning rate: 0.00998
2025-11-14 01:40:17.348493: train_loss -0.2541
2025-11-14 01:40:17.360735: val_loss -0.3117
2025-11-14 01:40:17.360900: Pseudo dice [np.float32(0.893), np.float32(0.6759), np.float32(0.0)]
2025-11-14 01:40:17.361014: Epoch time: 227.23 s
2025-11-14 01:40:18.358883: 
2025-11-14 01:40:18.359073: Epoch 3
2025-11-14 01:40:18.359206: Current learning rate: 0.00997
2025-11-14 01:44:05.797245: train_loss -0.2474
2025-11-14 01:44:05.797629: val_loss -0.3496
2025-11-14 01:44:05.797740: Pseudo dice [np.float32(0.9091), np.float32(0.7424), np.float32(nan)]
2025-11-14 01:44:05.797844: Epoch time: 227.44 s
2025-11-14 01:44:05.797927: Yayy! New best EMA pseudo Dice: 0.5708000063896179
2025-11-14 01:44:07.188853: 
2025-11-14 01:44:07.189097: Epoch 4
2025-11-14 01:44:07.189232: Current learning rate: 0.00996
2025-11-14 01:47:54.110124: train_loss -0.2634
2025-11-14 01:47:54.110489: val_loss -0.3595
2025-11-14 01:47:54.110607: Pseudo dice [np.float32(0.9016), np.float32(0.7554), np.float32(0.0)]
2025-11-14 01:47:54.110711: Epoch time: 226.92 s
2025-11-14 01:47:55.177199: 
2025-11-14 01:47:55.177385: Epoch 5
2025-11-14 01:47:55.177510: Current learning rate: 0.00995
2025-11-14 01:51:41.749768: train_loss -0.293
2025-11-14 01:51:41.750165: val_loss -0.3606
2025-11-14 01:51:41.750286: Pseudo dice [np.float32(0.9083), np.float32(0.7343), np.float32(0.0)]
2025-11-14 01:51:41.750401: Epoch time: 226.57 s
2025-11-14 01:51:42.783049: 
2025-11-14 01:51:42.783243: Epoch 6
2025-11-14 01:51:42.783395: Current learning rate: 0.00995
2025-11-14 01:55:29.782722: train_loss -0.295
2025-11-14 01:55:29.783176: val_loss -0.3613
2025-11-14 01:55:29.783289: Pseudo dice [np.float32(0.914), np.float32(0.7304), np.float32(0.0)]
2025-11-14 01:55:29.783394: Epoch time: 227.0 s
2025-11-14 01:55:30.817318: 
2025-11-14 01:55:30.817485: Epoch 7
2025-11-14 01:55:30.817597: Current learning rate: 0.00994
2025-11-14 01:59:17.592032: train_loss -0.299
2025-11-14 01:59:17.592511: val_loss -0.3651
2025-11-14 01:59:17.592628: Pseudo dice [np.float32(0.8984), np.float32(0.7215), np.float32(0.0)]
2025-11-14 01:59:17.592789: Epoch time: 226.78 s
2025-11-14 01:59:18.642463: 
2025-11-14 01:59:18.642742: Epoch 8
2025-11-14 01:59:18.642906: Current learning rate: 0.00993
2025-11-14 02:03:05.855282: train_loss -0.3011
2025-11-14 02:03:05.856010: val_loss -0.3632
2025-11-14 02:03:05.856118: Pseudo dice [np.float32(0.8997), np.float32(0.7371), np.float32(0.0)]
2025-11-14 02:03:05.856221: Epoch time: 227.21 s
2025-11-14 02:03:07.267481: 
2025-11-14 02:03:07.267749: Epoch 9
2025-11-14 02:03:07.267895: Current learning rate: 0.00992
2025-11-14 02:06:54.139019: train_loss -0.316
2025-11-14 02:06:54.139500: val_loss -0.3831
2025-11-14 02:06:54.139609: Pseudo dice [np.float32(0.9058), np.float32(0.743), np.float32(0.0)]
2025-11-14 02:06:54.139745: Epoch time: 226.87 s
2025-11-14 02:06:55.183959: 
2025-11-14 02:06:55.184185: Epoch 10
2025-11-14 02:06:55.184329: Current learning rate: 0.00991
2025-11-14 02:10:42.068818: train_loss -0.3209
2025-11-14 02:10:42.069243: val_loss -0.3643
2025-11-14 02:10:42.069373: Pseudo dice [np.float32(0.899), np.float32(0.7228), np.float32(0.0)]
2025-11-14 02:10:42.069477: Epoch time: 226.89 s
2025-11-14 02:10:43.097180: 
2025-11-14 02:10:43.097359: Epoch 11
2025-11-14 02:10:43.097477: Current learning rate: 0.0099
2025-11-14 02:14:30.024359: train_loss -0.315
2025-11-14 02:14:30.024789: val_loss -0.3878
2025-11-14 02:14:30.024896: Pseudo dice [np.float32(0.8961), np.float32(0.7483), np.float32(0.0)]
2025-11-14 02:14:30.024999: Epoch time: 226.93 s
2025-11-14 02:14:31.073190: 
2025-11-14 02:14:31.073404: Epoch 12
2025-11-14 02:14:31.073537: Current learning rate: 0.00989
2025-11-14 02:18:17.955881: train_loss -0.3065
2025-11-14 02:18:17.977701: val_loss -0.355
2025-11-14 02:18:17.977836: Pseudo dice [np.float32(0.9108), np.float32(0.7474), np.float32(0.0)]
2025-11-14 02:18:17.977938: Epoch time: 226.88 s
2025-11-14 02:18:19.027224: 
2025-11-14 02:18:19.027409: Epoch 13
2025-11-14 02:18:19.027532: Current learning rate: 0.00988
2025-11-14 02:22:06.081838: train_loss -0.3269
2025-11-14 02:22:06.082399: val_loss -0.3458
2025-11-14 02:22:06.082516: Pseudo dice [np.float32(0.8948), np.float32(0.7206), np.float32(0.0)]
2025-11-14 02:22:06.082624: Epoch time: 227.06 s
2025-11-14 02:22:07.145663: 
2025-11-14 02:22:07.145855: Epoch 14
2025-11-14 02:22:07.145989: Current learning rate: 0.00987
2025-11-14 02:25:54.316158: train_loss -0.3162
2025-11-14 02:25:54.316659: val_loss -0.3499
2025-11-14 02:25:54.316774: Pseudo dice [np.float32(0.8936), np.float32(0.7031), np.float32(0.0)]
2025-11-14 02:25:54.316879: Epoch time: 227.17 s
2025-11-14 02:25:55.381239: 
2025-11-14 02:25:55.381485: Epoch 15
2025-11-14 02:25:55.381615: Current learning rate: 0.00986
2025-11-14 02:29:42.378092: train_loss -0.3121
2025-11-14 02:29:42.378519: val_loss -0.3504
2025-11-14 02:29:42.378636: Pseudo dice [np.float32(0.8912), np.float32(0.758), np.float32(0.0)]
2025-11-14 02:29:42.378750: Epoch time: 227.0 s
2025-11-14 02:29:43.445744: 
2025-11-14 02:29:43.445923: Epoch 16
2025-11-14 02:29:43.446059: Current learning rate: 0.00986
2025-11-14 02:33:30.897543: train_loss -0.3223
2025-11-14 02:33:30.898026: val_loss -0.3687
2025-11-14 02:33:30.898136: Pseudo dice [np.float32(0.8861), np.float32(0.7321), np.float32(0.0)]
2025-11-14 02:33:30.898239: Epoch time: 227.45 s
2025-11-14 02:33:31.967534: 
2025-11-14 02:33:31.967782: Epoch 17
2025-11-14 02:33:31.968015: Current learning rate: 0.00985
2025-11-14 02:37:18.675367: train_loss -0.3254
2025-11-14 02:37:18.675841: val_loss -0.3587
2025-11-14 02:37:18.675950: Pseudo dice [np.float32(0.9071), np.float32(0.7386), np.float32(0.0)]
2025-11-14 02:37:18.676053: Epoch time: 226.71 s
2025-11-14 02:37:19.749164: 
2025-11-14 02:37:19.749345: Epoch 18
2025-11-14 02:37:19.749474: Current learning rate: 0.00984
2025-11-14 02:41:06.643826: train_loss -0.323
2025-11-14 02:41:06.644310: val_loss -0.3795
2025-11-14 02:41:06.644422: Pseudo dice [np.float32(0.8932), np.float32(0.7341), np.float32(0.0)]
2025-11-14 02:41:06.644530: Epoch time: 226.9 s
2025-11-14 02:41:07.708330: 
2025-11-14 02:41:07.708529: Epoch 19
2025-11-14 02:41:07.708655: Current learning rate: 0.00983
2025-11-14 02:44:54.693356: train_loss -0.3504
2025-11-14 02:44:54.693774: val_loss -0.3714
2025-11-14 02:44:54.693918: Pseudo dice [np.float32(0.9), np.float32(0.7348), np.float32(0.0)]
2025-11-14 02:44:54.694030: Epoch time: 226.99 s
2025-11-14 02:44:55.772849: 
2025-11-14 02:44:55.773062: Epoch 20
2025-11-14 02:44:55.773202: Current learning rate: 0.00982
2025-11-14 02:48:42.668302: train_loss -0.3453
2025-11-14 02:48:42.668730: val_loss -0.3567
2025-11-14 02:48:42.668929: Pseudo dice [np.float32(0.904), np.float32(0.7522), np.float32(0.0)]
2025-11-14 02:48:42.669044: Epoch time: 226.9 s
2025-11-14 02:48:44.100008: 
2025-11-14 02:48:44.100250: Epoch 21
2025-11-14 02:48:44.100385: Current learning rate: 0.00981
2025-11-14 02:52:31.382085: train_loss -0.3357
2025-11-14 02:52:31.382536: val_loss -0.3958
2025-11-14 02:52:31.382648: Pseudo dice [np.float32(0.8918), np.float32(0.756), np.float32(0.0)]
2025-11-14 02:52:31.382755: Epoch time: 227.28 s
2025-11-14 02:52:32.432570: 
2025-11-14 02:52:32.432761: Epoch 22
2025-11-14 02:52:32.432879: Current learning rate: 0.0098
2025-11-14 02:56:19.342322: train_loss -0.3419
2025-11-14 02:56:19.342876: val_loss -0.3797
2025-11-14 02:56:19.342983: Pseudo dice [np.float32(0.9048), np.float32(0.7465), np.float32(0.0)]
2025-11-14 02:56:19.343150: Epoch time: 226.91 s
2025-11-14 02:56:20.392920: 
2025-11-14 02:56:20.393116: Epoch 23
2025-11-14 02:56:20.393248: Current learning rate: 0.00979
2025-11-14 03:00:07.234638: train_loss -0.3462
2025-11-14 03:00:07.234907: val_loss -0.3574
2025-11-14 03:00:07.256287: Pseudo dice [np.float32(0.9066), np.float32(0.7299), np.float32(0.0)]
2025-11-14 03:00:07.256460: Epoch time: 226.84 s
2025-11-14 03:00:08.288466: 
2025-11-14 03:00:08.288651: Epoch 24
2025-11-14 03:00:08.288780: Current learning rate: 0.00978
2025-11-14 03:03:55.187965: train_loss -0.3543
2025-11-14 03:03:55.188210: val_loss -0.3941
2025-11-14 03:03:55.188330: Pseudo dice [np.float32(0.8956), np.float32(0.7469), np.float32(0.0)]
2025-11-14 03:03:55.188437: Epoch time: 226.9 s
2025-11-14 03:03:56.232210: 
2025-11-14 03:03:56.232477: Epoch 25
2025-11-14 03:03:56.232623: Current learning rate: 0.00977
2025-11-14 03:07:42.996060: train_loss -0.342
2025-11-14 03:07:42.996344: val_loss -0.3936
2025-11-14 03:07:42.996448: Pseudo dice [np.float32(0.9043), np.float32(0.7575), np.float32(0.0)]
2025-11-14 03:07:42.996549: Epoch time: 226.76 s
2025-11-14 03:07:44.036983: 
2025-11-14 03:07:44.037167: Epoch 26
2025-11-14 03:07:44.037300: Current learning rate: 0.00977
2025-11-14 03:11:30.610713: train_loss -0.3521
2025-11-14 03:11:30.610955: val_loss -0.374
2025-11-14 03:11:30.611062: Pseudo dice [np.float32(0.9043), np.float32(0.7505), np.float32(0.0)]
2025-11-14 03:11:30.611169: Epoch time: 226.57 s
2025-11-14 03:11:31.643564: 
2025-11-14 03:11:31.643733: Epoch 27
2025-11-14 03:11:31.643868: Current learning rate: 0.00976
2025-11-14 03:15:18.372700: train_loss -0.3631
2025-11-14 03:15:18.372976: val_loss -0.3822
2025-11-14 03:15:18.373079: Pseudo dice [np.float32(0.902), np.float32(0.7465), np.float32(0.0)]
2025-11-14 03:15:18.373181: Epoch time: 226.73 s
2025-11-14 03:15:19.417962: 
2025-11-14 03:15:19.418195: Epoch 28
2025-11-14 03:15:19.418329: Current learning rate: 0.00975
2025-11-14 03:19:06.067617: train_loss -0.3638
2025-11-14 03:19:06.067883: val_loss -0.374
2025-11-14 03:19:06.067987: Pseudo dice [np.float32(0.9048), np.float32(0.7516), np.float32(0.0)]
2025-11-14 03:19:06.068091: Epoch time: 226.65 s
2025-11-14 03:19:07.113059: 
2025-11-14 03:19:07.113249: Epoch 29
2025-11-14 03:19:07.113372: Current learning rate: 0.00974
2025-11-14 03:22:53.932861: train_loss -0.3588
2025-11-14 03:22:53.933126: val_loss -0.3845
2025-11-14 03:22:53.933264: Pseudo dice [np.float32(0.9011), np.float32(0.7643), np.float32(0.0)]
2025-11-14 03:22:53.933383: Epoch time: 226.82 s
2025-11-14 03:22:54.984026: 
2025-11-14 03:22:54.984209: Epoch 30
2025-11-14 03:22:54.984336: Current learning rate: 0.00973
2025-11-14 03:26:41.720245: train_loss -0.3615
2025-11-14 03:26:41.720492: val_loss -0.3869
2025-11-14 03:26:41.720607: Pseudo dice [np.float32(0.9036), np.float32(0.7524), np.float32(0.0)]
2025-11-14 03:26:41.720709: Epoch time: 226.74 s
2025-11-14 03:26:42.776844: 
2025-11-14 03:26:42.777110: Epoch 31
2025-11-14 03:26:42.777249: Current learning rate: 0.00972
2025-11-14 03:30:29.586803: train_loss -0.3587
2025-11-14 03:30:29.587036: val_loss -0.3603
2025-11-14 03:30:29.587138: Pseudo dice [np.float32(0.9017), np.float32(0.7532), np.float32(0.0)]
2025-11-14 03:30:29.587240: Epoch time: 226.81 s
2025-11-14 03:30:30.634812: 
2025-11-14 03:30:30.635073: Epoch 32
2025-11-14 03:30:30.635248: Current learning rate: 0.00971
2025-11-14 03:34:17.391871: train_loss -0.3574
2025-11-14 03:34:17.392101: val_loss -0.3693
2025-11-14 03:34:17.392209: Pseudo dice [np.float32(0.9182), np.float32(0.764), np.float32(0.0)]
2025-11-14 03:34:17.392319: Epoch time: 226.76 s
2025-11-14 03:34:18.735250: 
2025-11-14 03:34:18.735422: Epoch 33
2025-11-14 03:34:18.735551: Current learning rate: 0.0097
2025-11-14 03:38:05.682098: train_loss -0.3752
2025-11-14 03:38:05.682334: val_loss -0.4001
2025-11-14 03:38:05.682441: Pseudo dice [np.float32(0.9047), np.float32(0.7598), np.float32(0.0)]
2025-11-14 03:38:05.682539: Epoch time: 226.95 s
2025-11-14 03:38:06.733730: 
2025-11-14 03:38:06.733931: Epoch 34
2025-11-14 03:38:06.734063: Current learning rate: 0.00969
2025-11-14 03:41:53.530672: train_loss -0.3714
2025-11-14 03:41:53.530926: val_loss -0.3837
2025-11-14 03:41:53.546547: Pseudo dice [np.float32(0.8998), np.float32(0.7422), np.float32(0.0)]
2025-11-14 03:41:53.546688: Epoch time: 226.8 s
2025-11-14 03:41:54.605424: 
2025-11-14 03:41:54.605639: Epoch 35
2025-11-14 03:41:54.605765: Current learning rate: 0.00968
2025-11-14 03:45:41.568276: train_loss -0.3652
2025-11-14 03:45:41.568541: val_loss -0.4044
2025-11-14 03:45:41.568644: Pseudo dice [np.float32(0.9054), np.float32(0.7634), np.float32(0.0)]
2025-11-14 03:45:41.568747: Epoch time: 226.96 s
2025-11-14 03:45:42.628446: 
2025-11-14 03:45:42.628633: Epoch 36
2025-11-14 03:45:42.628756: Current learning rate: 0.00968
2025-11-14 03:49:29.262299: train_loss -0.3819
2025-11-14 03:49:29.262654: val_loss -0.4056
2025-11-14 03:49:29.262806: Pseudo dice [np.float32(0.8993), np.float32(0.7634), np.float32(0.0)]
2025-11-14 03:49:29.262933: Epoch time: 226.63 s
2025-11-14 03:49:30.323946: 
2025-11-14 03:49:30.324114: Epoch 37
2025-11-14 03:49:30.324230: Current learning rate: 0.00967
2025-11-14 03:53:17.666103: train_loss -0.3735
2025-11-14 03:53:17.666397: val_loss -0.3959
2025-11-14 03:53:17.666519: Pseudo dice [np.float32(0.913), np.float32(0.7536), np.float32(0.0)]
2025-11-14 03:53:17.666708: Epoch time: 227.34 s
2025-11-14 03:53:18.737869: 
2025-11-14 03:53:18.738048: Epoch 38
2025-11-14 03:53:18.738181: Current learning rate: 0.00966
2025-11-14 03:57:05.557486: train_loss -0.3755
2025-11-14 03:57:05.557719: val_loss -0.3912
2025-11-14 03:57:05.557827: Pseudo dice [np.float32(0.9078), np.float32(0.7467), np.float32(0.0)]
2025-11-14 03:57:05.557938: Epoch time: 226.82 s
2025-11-14 03:57:06.619835: 
2025-11-14 03:57:06.620051: Epoch 39
2025-11-14 03:57:06.620174: Current learning rate: 0.00965
2025-11-14 04:00:53.198403: train_loss -0.3599
2025-11-14 04:00:53.198677: val_loss -0.3856
2025-11-14 04:00:53.198782: Pseudo dice [np.float32(0.901), np.float32(0.7634), np.float32(0.0)]
2025-11-14 04:00:53.198907: Epoch time: 226.58 s
2025-11-14 04:00:54.278197: 
2025-11-14 04:00:54.278389: Epoch 40
2025-11-14 04:00:54.278514: Current learning rate: 0.00964
2025-11-14 04:04:41.076851: train_loss -0.3716
2025-11-14 04:04:41.077152: val_loss -0.4069
2025-11-14 04:04:41.077262: Pseudo dice [np.float32(0.9079), np.float32(0.7529), np.float32(0.0)]
2025-11-14 04:04:41.077372: Epoch time: 226.8 s
2025-11-14 04:04:42.148673: 
2025-11-14 04:04:42.148947: Epoch 41
2025-11-14 04:04:42.149080: Current learning rate: 0.00963
2025-11-14 04:08:28.954432: train_loss -0.367
2025-11-14 04:08:28.954685: val_loss -0.4001
2025-11-14 04:08:28.954789: Pseudo dice [np.float32(0.9121), np.float32(0.7534), np.float32(0.0)]
2025-11-14 04:08:28.954899: Epoch time: 226.81 s
2025-11-14 04:08:30.002656: 
2025-11-14 04:08:30.002944: Epoch 42
2025-11-14 04:08:30.003081: Current learning rate: 0.00962
2025-11-14 04:12:16.677468: train_loss -0.3924
2025-11-14 04:12:16.677690: val_loss -0.4166
2025-11-14 04:12:16.677792: Pseudo dice [np.float32(0.91), np.float32(0.7576), np.float32(0.0)]
2025-11-14 04:12:16.677896: Epoch time: 226.68 s
2025-11-14 04:12:17.711360: 
2025-11-14 04:12:17.711567: Epoch 43
2025-11-14 04:12:17.711697: Current learning rate: 0.00961
2025-11-14 04:16:05.013854: train_loss -0.3785
2025-11-14 04:16:05.014085: val_loss -0.4001
2025-11-14 04:16:05.014197: Pseudo dice [np.float32(0.9123), np.float32(0.7645), np.float32(0.0)]
2025-11-14 04:16:05.014316: Epoch time: 227.3 s
2025-11-14 04:16:06.051104: 
2025-11-14 04:16:06.051322: Epoch 44
2025-11-14 04:16:06.051462: Current learning rate: 0.0096
2025-11-14 04:19:53.291196: train_loss -0.379
2025-11-14 04:19:53.291432: val_loss -0.4088
2025-11-14 04:19:53.291539: Pseudo dice [np.float32(0.9096), np.float32(0.7615), np.float32(0.0)]
2025-11-14 04:19:53.291649: Epoch time: 227.24 s
2025-11-14 04:19:54.700853: 
2025-11-14 04:19:54.701032: Epoch 45
2025-11-14 04:19:54.701160: Current learning rate: 0.00959
2025-11-14 04:23:41.506788: train_loss -0.3787
2025-11-14 04:23:41.507031: val_loss -0.3781
2025-11-14 04:23:41.507129: Pseudo dice [np.float32(0.8999), np.float32(0.7471), np.float32(0.0)]
2025-11-14 04:23:41.507225: Epoch time: 226.81 s
2025-11-14 04:23:42.546341: 
2025-11-14 04:23:42.546530: Epoch 46
2025-11-14 04:23:42.546664: Current learning rate: 0.00959
2025-11-14 04:27:28.880309: train_loss -0.3738
2025-11-14 04:27:28.880564: val_loss -0.3984
2025-11-14 04:27:28.880675: Pseudo dice [np.float32(0.9087), np.float32(0.7671), np.float32(0.0)]
2025-11-14 04:27:28.880779: Epoch time: 226.33 s
2025-11-14 04:27:29.907897: 
2025-11-14 04:27:29.908160: Epoch 47
2025-11-14 04:27:29.908318: Current learning rate: 0.00958
2025-11-14 04:31:16.783483: train_loss -0.3754
2025-11-14 04:31:16.783750: val_loss -0.4085
2025-11-14 04:31:16.783854: Pseudo dice [np.float32(0.9072), np.float32(0.7535), np.float32(0.0)]
2025-11-14 04:31:16.783967: Epoch time: 226.88 s
2025-11-14 04:31:17.818547: 
2025-11-14 04:31:17.818743: Epoch 48
2025-11-14 04:31:17.818868: Current learning rate: 0.00957
2025-11-14 04:35:04.755589: train_loss -0.3817
2025-11-14 04:35:04.755847: val_loss -0.3944
2025-11-14 04:35:04.755965: Pseudo dice [np.float32(0.904), np.float32(0.7554), np.float32(0.0)]
2025-11-14 04:35:04.756076: Epoch time: 226.94 s
2025-11-14 04:35:05.788347: 
2025-11-14 04:35:05.788602: Epoch 49
2025-11-14 04:35:05.788781: Current learning rate: 0.00956
2025-11-14 04:38:52.525473: train_loss -0.3786
2025-11-14 04:38:52.525703: val_loss -0.3953
2025-11-14 04:38:52.525852: Pseudo dice [np.float32(0.9111), np.float32(0.7577), np.float32(0.0)]
2025-11-14 04:38:52.525973: Epoch time: 226.74 s
2025-11-14 04:38:53.873295: 
2025-11-14 04:38:53.873473: Epoch 50
2025-11-14 04:38:53.873638: Current learning rate: 0.00955
2025-11-14 04:42:40.829715: train_loss -0.3752
2025-11-14 04:42:40.830004: val_loss -0.4023
2025-11-14 04:42:40.830110: Pseudo dice [np.float32(0.9045), np.float32(0.7427), np.float32(0.0)]
2025-11-14 04:42:40.830212: Epoch time: 226.96 s
2025-11-14 04:42:41.870495: 
2025-11-14 04:42:41.870695: Epoch 51
2025-11-14 04:42:41.870884: Current learning rate: 0.00954
2025-11-14 04:46:28.894898: train_loss -0.3827
2025-11-14 04:46:28.895118: val_loss -0.3986
2025-11-14 04:46:28.895222: Pseudo dice [np.float32(0.9124), np.float32(0.7605), np.float32(0.0)]
2025-11-14 04:46:28.895331: Epoch time: 227.03 s
2025-11-14 04:46:29.927816: 
2025-11-14 04:46:29.928004: Epoch 52
2025-11-14 04:46:29.928136: Current learning rate: 0.00953
2025-11-14 04:50:17.187371: train_loss -0.3832
2025-11-14 04:50:17.187635: val_loss -0.3976
2025-11-14 04:50:17.187740: Pseudo dice [np.float32(0.9118), np.float32(0.7509), np.float32(0.0)]
2025-11-14 04:50:17.187844: Epoch time: 227.26 s
2025-11-14 04:50:18.215757: 
2025-11-14 04:50:18.215949: Epoch 53
2025-11-14 04:50:18.216075: Current learning rate: 0.00952
2025-11-14 04:54:04.823171: train_loss -0.3782
2025-11-14 04:54:04.823415: val_loss -0.3991
2025-11-14 04:54:04.823530: Pseudo dice [np.float32(0.9123), np.float32(0.7473), np.float32(0.0)]
2025-11-14 04:54:04.823635: Epoch time: 226.61 s
2025-11-14 04:54:05.864147: 
2025-11-14 04:54:05.864415: Epoch 54
2025-11-14 04:54:05.864565: Current learning rate: 0.00951
2025-11-14 04:57:52.235483: train_loss -0.3858
2025-11-14 04:57:52.235715: val_loss -0.393
2025-11-14 04:57:52.235819: Pseudo dice [np.float32(0.8932), np.float32(0.7607), np.float32(0.0)]
2025-11-14 04:57:52.235921: Epoch time: 226.37 s
2025-11-14 04:57:53.267606: 
2025-11-14 04:57:53.267801: Epoch 55
2025-11-14 04:57:53.267930: Current learning rate: 0.0095
2025-11-14 05:01:39.673415: train_loss -0.3826
2025-11-14 05:01:39.673698: val_loss -0.4071
2025-11-14 05:01:39.673805: Pseudo dice [np.float32(0.9053), np.float32(0.7601), np.float32(0.0)]
2025-11-14 05:01:39.673908: Epoch time: 226.41 s
2025-11-14 05:01:40.713079: 
2025-11-14 05:01:40.713327: Epoch 56
2025-11-14 05:01:40.713463: Current learning rate: 0.00949
2025-11-14 05:05:27.559839: train_loss -0.3808
2025-11-14 05:05:27.560104: val_loss -0.3939
2025-11-14 05:05:27.560209: Pseudo dice [np.float32(0.9029), np.float32(0.7614), np.float32(0.0)]
2025-11-14 05:05:27.560323: Epoch time: 226.85 s
2025-11-14 05:05:28.522330: 
2025-11-14 05:05:28.522573: Epoch 57
2025-11-14 05:05:28.522696: Current learning rate: 0.00949
2025-11-14 05:09:15.324978: train_loss -0.3856
2025-11-14 05:09:15.325214: val_loss -0.3848
2025-11-14 05:09:15.325326: Pseudo dice [np.float32(0.9133), np.float32(0.7512), np.float32(0.0)]
2025-11-14 05:09:15.325446: Epoch time: 226.8 s
2025-11-14 05:09:16.766539: 
2025-11-14 05:09:16.766936: Epoch 58
2025-11-14 05:09:16.767167: Current learning rate: 0.00948
2025-11-14 05:13:03.652851: train_loss -0.3812
2025-11-14 05:13:03.653125: val_loss -0.3914
2025-11-14 05:13:03.653229: Pseudo dice [np.float32(0.9035), np.float32(0.7537), np.float32(0.0)]
2025-11-14 05:13:03.653340: Epoch time: 226.89 s
2025-11-14 05:13:04.692597: 
2025-11-14 05:13:04.692793: Epoch 59
2025-11-14 05:13:04.692919: Current learning rate: 0.00947
2025-11-14 05:16:51.649353: train_loss -0.3804
2025-11-14 05:16:51.649605: val_loss -0.3941
2025-11-14 05:16:51.649719: Pseudo dice [np.float32(0.9066), np.float32(0.7632), np.float32(0.0)]
2025-11-14 05:16:51.649822: Epoch time: 226.96 s
2025-11-14 05:16:52.695231: 
2025-11-14 05:16:52.695415: Epoch 60
2025-11-14 05:16:52.695542: Current learning rate: 0.00946
2025-11-14 05:20:39.770714: train_loss -0.3898
2025-11-14 05:20:39.770952: val_loss -0.3989
2025-11-14 05:20:39.771055: Pseudo dice [np.float32(0.9008), np.float32(0.7599), np.float32(0.0)]
2025-11-14 05:20:39.771167: Epoch time: 227.08 s
2025-11-14 05:20:40.828230: 
2025-11-14 05:20:40.828500: Epoch 61
2025-11-14 05:20:40.828649: Current learning rate: 0.00945
2025-11-14 05:24:27.732218: train_loss -0.3899
2025-11-14 05:24:27.732489: val_loss -0.3865
2025-11-14 05:24:27.732592: Pseudo dice [np.float32(0.9048), np.float32(0.7519), np.float32(0.0)]
2025-11-14 05:24:27.732695: Epoch time: 226.9 s
2025-11-14 05:24:28.786533: 
2025-11-14 05:24:28.786789: Epoch 62
2025-11-14 05:24:28.786962: Current learning rate: 0.00944
2025-11-14 05:28:15.089918: train_loss -0.3868
2025-11-14 05:28:15.090180: val_loss -0.3955
2025-11-14 05:28:15.090288: Pseudo dice [np.float32(0.9106), np.float32(0.7574), np.float32(0.0)]
2025-11-14 05:28:15.090391: Epoch time: 226.3 s
2025-11-14 05:28:16.138493: 
2025-11-14 05:28:16.138682: Epoch 63
2025-11-14 05:28:16.138811: Current learning rate: 0.00943
2025-11-14 05:32:03.361865: train_loss -0.3823
2025-11-14 05:32:03.362104: val_loss -0.4132
2025-11-14 05:32:03.362305: Pseudo dice [np.float32(0.9088), np.float32(0.7717), np.float32(0.0)]
2025-11-14 05:32:03.362436: Epoch time: 227.22 s
2025-11-14 05:32:04.407073: 
2025-11-14 05:32:04.407295: Epoch 64
2025-11-14 05:32:04.407464: Current learning rate: 0.00942
2025-11-14 05:35:51.045322: train_loss -0.3771
2025-11-14 05:35:51.045569: val_loss -0.3867
2025-11-14 05:35:51.045694: Pseudo dice [np.float32(0.9089), np.float32(0.7559), np.float32(nan)]
2025-11-14 05:35:51.045801: Epoch time: 226.64 s
2025-11-14 05:35:51.045878: Yayy! New best EMA pseudo Dice: 0.5824999809265137
2025-11-14 05:35:52.515584: 
2025-11-14 05:35:52.515838: Epoch 65
2025-11-14 05:35:52.515973: Current learning rate: 0.00941
2025-11-14 05:39:39.413496: train_loss -0.3859
2025-11-14 05:39:39.413764: val_loss -0.3902
2025-11-14 05:39:39.413870: Pseudo dice [np.float32(0.9081), np.float32(0.7602), np.float32(0.0)]
2025-11-14 05:39:39.413973: Epoch time: 226.9 s
2025-11-14 05:39:40.483043: 
2025-11-14 05:39:40.483248: Epoch 66
2025-11-14 05:39:40.483378: Current learning rate: 0.0094
2025-11-14 05:43:27.391139: train_loss -0.3815
2025-11-14 05:43:27.391521: val_loss -0.383
2025-11-14 05:43:27.391641: Pseudo dice [np.float32(0.9034), np.float32(0.7368), np.float32(0.0)]
2025-11-14 05:43:27.391747: Epoch time: 226.91 s
2025-11-14 05:43:28.442213: 
2025-11-14 05:43:28.442480: Epoch 67
2025-11-14 05:43:28.442614: Current learning rate: 0.00939
2025-11-14 05:47:15.392158: train_loss -0.3579
2025-11-14 05:47:15.392437: val_loss -0.3842
2025-11-14 05:47:15.392540: Pseudo dice [np.float32(0.9189), np.float32(0.7577), np.float32(0.0)]
2025-11-14 05:47:15.392642: Epoch time: 226.95 s
2025-11-14 05:47:16.446877: 
2025-11-14 05:47:16.447061: Epoch 68
2025-11-14 05:47:16.447169: Current learning rate: 0.00939
2025-11-14 05:51:03.410183: train_loss -0.3663
2025-11-14 05:51:03.410485: val_loss -0.3973
2025-11-14 05:51:03.410592: Pseudo dice [np.float32(0.9101), np.float32(0.7466), np.float32(0.0)]
2025-11-14 05:51:03.410697: Epoch time: 226.96 s
2025-11-14 05:51:04.471981: 
2025-11-14 05:51:04.472168: Epoch 69
2025-11-14 05:51:04.472300: Current learning rate: 0.00938
2025-11-14 05:54:51.341775: train_loss -0.3776
2025-11-14 05:54:51.342016: val_loss -0.3662
2025-11-14 05:54:51.342127: Pseudo dice [np.float32(0.9055), np.float32(0.752), np.float32(0.0)]
2025-11-14 05:54:51.342231: Epoch time: 226.87 s
2025-11-14 05:54:52.788579: 
2025-11-14 05:54:52.788862: Epoch 70
2025-11-14 05:54:52.789004: Current learning rate: 0.00937
2025-11-14 05:58:39.648267: train_loss -0.3755
2025-11-14 05:58:39.648573: val_loss -0.3993
2025-11-14 05:58:39.648685: Pseudo dice [np.float32(0.9031), np.float32(0.7558), np.float32(0.0)]
2025-11-14 05:58:39.648788: Epoch time: 226.86 s
2025-11-14 05:58:40.718622: 
2025-11-14 05:58:40.718920: Epoch 71
2025-11-14 05:58:40.719087: Current learning rate: 0.00936
2025-11-14 06:02:27.869409: train_loss -0.3809
2025-11-14 06:02:27.869678: val_loss -0.3979
2025-11-14 06:02:27.869839: Pseudo dice [np.float32(0.9136), np.float32(0.752), np.float32(0.0)]
2025-11-14 06:02:27.869986: Epoch time: 227.15 s
2025-11-14 06:02:28.931533: 
2025-11-14 06:02:28.931704: Epoch 72
2025-11-14 06:02:28.931826: Current learning rate: 0.00935
2025-11-14 06:06:15.575644: train_loss -0.3813
2025-11-14 06:06:15.575916: val_loss -0.3556
2025-11-14 06:06:15.576023: Pseudo dice [np.float32(0.913), np.float32(0.6783), np.float32(0.0)]
2025-11-14 06:06:15.576125: Epoch time: 226.65 s
2025-11-14 06:06:16.651785: 
2025-11-14 06:06:16.651981: Epoch 73
2025-11-14 06:06:16.652142: Current learning rate: 0.00934
2025-11-14 06:10:03.377458: train_loss -0.384
2025-11-14 06:10:03.377727: val_loss -0.4001
2025-11-14 06:10:03.377840: Pseudo dice [np.float32(0.9227), np.float32(0.7487), np.float32(0.0)]
2025-11-14 06:10:03.377942: Epoch time: 226.73 s
2025-11-14 06:10:04.450341: 
2025-11-14 06:10:04.450539: Epoch 74
2025-11-14 06:10:04.450664: Current learning rate: 0.00933
2025-11-14 06:13:50.776464: train_loss -0.3978
2025-11-14 06:13:50.776728: val_loss -0.3853
2025-11-14 06:13:50.776830: Pseudo dice [np.float32(0.8988), np.float32(0.7448), np.float32(0.0)]
2025-11-14 06:13:50.776931: Epoch time: 226.33 s
2025-11-14 06:13:51.836594: 
2025-11-14 06:13:51.836826: Epoch 75
2025-11-14 06:13:51.836967: Current learning rate: 0.00932
2025-11-14 06:17:38.712769: train_loss -0.3813
2025-11-14 06:17:38.713016: val_loss -0.4053
2025-11-14 06:17:38.713120: Pseudo dice [np.float32(0.9011), np.float32(0.7609), np.float32(0.0)]
2025-11-14 06:17:38.713222: Epoch time: 226.88 s
2025-11-14 06:17:39.781453: 
2025-11-14 06:17:39.781681: Epoch 76
2025-11-14 06:17:39.781808: Current learning rate: 0.00931
2025-11-14 06:21:26.690283: train_loss -0.3881
2025-11-14 06:21:26.690595: val_loss -0.4079
2025-11-14 06:21:26.690703: Pseudo dice [np.float32(0.907), np.float32(0.7673), np.float32(0.0)]
2025-11-14 06:21:26.690807: Epoch time: 226.91 s
2025-11-14 06:21:27.758428: 
2025-11-14 06:21:27.758670: Epoch 77
2025-11-14 06:21:27.758836: Current learning rate: 0.0093
2025-11-14 06:25:14.632795: train_loss -0.384
2025-11-14 06:25:14.633138: val_loss -0.4081
2025-11-14 06:25:14.633250: Pseudo dice [np.float32(0.9057), np.float32(0.7519), np.float32(0.0)]
2025-11-14 06:25:14.633362: Epoch time: 226.88 s
2025-11-14 06:25:15.709957: 
2025-11-14 06:25:15.710172: Epoch 78
2025-11-14 06:25:15.710308: Current learning rate: 0.0093
2025-11-14 06:29:02.707803: train_loss -0.3891
2025-11-14 06:29:02.708075: val_loss -0.3958
2025-11-14 06:29:02.712708: Pseudo dice [np.float32(0.9135), np.float32(0.7626), np.float32(0.0)]
2025-11-14 06:29:02.712840: Epoch time: 227.0 s
2025-11-14 06:29:03.780781: 
2025-11-14 06:29:03.781088: Epoch 79
2025-11-14 06:29:03.781228: Current learning rate: 0.00929
2025-11-14 06:32:50.603939: train_loss -0.3805
2025-11-14 06:32:50.604190: val_loss -0.4012
2025-11-14 06:32:50.604346: Pseudo dice [np.float32(0.9035), np.float32(0.7503), np.float32(0.0)]
2025-11-14 06:32:50.604471: Epoch time: 226.82 s
2025-11-14 06:32:51.681735: 
2025-11-14 06:32:51.681919: Epoch 80
2025-11-14 06:32:51.682045: Current learning rate: 0.00928
2025-11-14 06:36:38.500613: train_loss -0.3944
2025-11-14 06:36:38.500856: val_loss -0.3881
2025-11-14 06:36:38.500961: Pseudo dice [np.float32(0.9183), np.float32(0.7615), np.float32(0.0)]
2025-11-14 06:36:38.501065: Epoch time: 226.82 s
2025-11-14 06:36:39.565851: 
2025-11-14 06:36:39.566032: Epoch 81
2025-11-14 06:36:39.566163: Current learning rate: 0.00927
2025-11-14 06:40:26.298617: train_loss -0.387
2025-11-14 06:40:26.298887: val_loss -0.3956
2025-11-14 06:40:26.298988: Pseudo dice [np.float32(0.9101), np.float32(0.7589), np.float32(0.0)]
2025-11-14 06:40:26.299089: Epoch time: 226.73 s
2025-11-14 06:40:27.766215: 
2025-11-14 06:40:27.766405: Epoch 82
2025-11-14 06:40:27.766528: Current learning rate: 0.00926
2025-11-14 06:44:14.885828: train_loss -0.3966
2025-11-14 06:44:14.886089: val_loss -0.4176
2025-11-14 06:44:14.886268: Pseudo dice [np.float32(0.9092), np.float32(0.7581), np.float32(0.0)]
2025-11-14 06:44:14.886392: Epoch time: 227.12 s
2025-11-14 06:44:15.920701: 
2025-11-14 06:44:15.920905: Epoch 83
2025-11-14 06:44:15.921038: Current learning rate: 0.00925
2025-11-14 06:48:02.734136: train_loss -0.3979
2025-11-14 06:48:02.734427: val_loss -0.3955
2025-11-14 06:48:02.734535: Pseudo dice [np.float32(0.9054), np.float32(0.7495), np.float32(0.0)]
2025-11-14 06:48:02.734637: Epoch time: 226.81 s
2025-11-14 06:48:03.764175: 
2025-11-14 06:48:03.764469: Epoch 84
2025-11-14 06:48:03.764611: Current learning rate: 0.00924
2025-11-14 06:51:50.587776: train_loss -0.3919
2025-11-14 06:51:50.587995: val_loss -0.4124
2025-11-14 06:51:50.588089: Pseudo dice [np.float32(0.9031), np.float32(0.7595), np.float32(0.0)]
2025-11-14 06:51:50.588192: Epoch time: 226.82 s
2025-11-14 06:51:51.608905: 
2025-11-14 06:51:51.609180: Epoch 85
2025-11-14 06:51:51.609415: Current learning rate: 0.00923
2025-11-14 06:55:38.326962: train_loss -0.4007
2025-11-14 06:55:38.327210: val_loss -0.4265
2025-11-14 06:55:38.327324: Pseudo dice [np.float32(0.9131), np.float32(0.7503), np.float32(0.0)]
2025-11-14 06:55:38.327431: Epoch time: 226.72 s
2025-11-14 06:55:39.361088: 
2025-11-14 06:55:39.361335: Epoch 86
2025-11-14 06:55:39.361479: Current learning rate: 0.00922
2025-11-14 06:59:26.183790: train_loss -0.3963
2025-11-14 06:59:26.184068: val_loss -0.4172
2025-11-14 06:59:26.184171: Pseudo dice [np.float32(0.9007), np.float32(0.762), np.float32(0.0)]
2025-11-14 06:59:26.184281: Epoch time: 226.82 s
2025-11-14 06:59:27.226589: 
2025-11-14 06:59:27.226745: Epoch 87
2025-11-14 06:59:27.226856: Current learning rate: 0.00921
2025-11-14 07:03:14.232437: train_loss -0.4025
2025-11-14 07:03:14.232714: val_loss -0.4081
2025-11-14 07:03:14.232817: Pseudo dice [np.float32(0.9128), np.float32(0.7496), np.float32(0.0)]
2025-11-14 07:03:14.232922: Epoch time: 227.01 s
2025-11-14 07:03:15.192822: 
2025-11-14 07:03:15.193099: Epoch 88
2025-11-14 07:03:15.193253: Current learning rate: 0.0092
2025-11-14 07:07:02.144148: train_loss -0.3836
2025-11-14 07:07:02.144426: val_loss -0.3734
2025-11-14 07:07:02.144530: Pseudo dice [np.float32(0.9226), np.float32(0.76), np.float32(0.0)]
2025-11-14 07:07:02.144634: Epoch time: 226.95 s
2025-11-14 07:07:03.171987: 
2025-11-14 07:07:03.172203: Epoch 89
2025-11-14 07:07:03.172333: Current learning rate: 0.0092
2025-11-14 07:10:49.874750: train_loss -0.385
2025-11-14 07:10:49.875013: val_loss -0.3896
2025-11-14 07:10:49.875114: Pseudo dice [np.float32(0.9129), np.float32(0.7399), np.float32(0.0)]
2025-11-14 07:10:49.875215: Epoch time: 226.7 s
2025-11-14 07:10:50.905735: 
2025-11-14 07:10:50.905929: Epoch 90
2025-11-14 07:10:50.906061: Current learning rate: 0.00919
2025-11-14 07:14:37.708761: train_loss -0.3909
2025-11-14 07:14:37.708994: val_loss -0.398
2025-11-14 07:14:37.709097: Pseudo dice [np.float32(0.9069), np.float32(0.7546), np.float32(0.0)]
2025-11-14 07:14:37.709200: Epoch time: 226.8 s
2025-11-14 07:14:38.755525: 
2025-11-14 07:14:38.755708: Epoch 91
2025-11-14 07:14:38.755840: Current learning rate: 0.00918
2025-11-14 07:18:25.919053: train_loss -0.393
2025-11-14 07:18:25.919357: val_loss -0.3929
2025-11-14 07:18:25.919470: Pseudo dice [np.float32(0.9129), np.float32(0.7662), np.float32(0.0)]
2025-11-14 07:18:25.919577: Epoch time: 227.16 s
2025-11-14 07:18:26.937483: 
2025-11-14 07:18:26.937698: Epoch 92
2025-11-14 07:18:26.937853: Current learning rate: 0.00917
2025-11-14 07:22:13.931912: train_loss -0.3929
2025-11-14 07:22:13.932167: val_loss -0.384
2025-11-14 07:22:13.932289: Pseudo dice [np.float32(0.9175), np.float32(0.7553), np.float32(0.0)]
2025-11-14 07:22:13.932404: Epoch time: 227.0 s
2025-11-14 07:22:14.949619: 
2025-11-14 07:22:14.949800: Epoch 93
2025-11-14 07:22:14.949925: Current learning rate: 0.00916
2025-11-14 07:26:01.976688: train_loss -0.3989
2025-11-14 07:26:01.976963: val_loss -0.4017
2025-11-14 07:26:01.977068: Pseudo dice [np.float32(0.9078), np.float32(0.7556), np.float32(0.0)]
2025-11-14 07:26:01.977203: Epoch time: 227.03 s
2025-11-14 07:26:02.984855: 
2025-11-14 07:26:02.985072: Epoch 94
2025-11-14 07:26:02.985202: Current learning rate: 0.00915
2025-11-14 07:29:49.211722: train_loss -0.3929
2025-11-14 07:29:49.211975: val_loss -0.4078
2025-11-14 07:29:49.212082: Pseudo dice [np.float32(0.912), np.float32(0.7645), np.float32(0.0)]
2025-11-14 07:29:49.212199: Epoch time: 226.23 s
2025-11-14 07:29:50.618100: 
2025-11-14 07:29:50.618312: Epoch 95
2025-11-14 07:29:50.618450: Current learning rate: 0.00914
2025-11-14 07:33:37.697716: train_loss -0.395
2025-11-14 07:33:37.697980: val_loss -0.3828
2025-11-14 07:33:37.698084: Pseudo dice [np.float32(0.9108), np.float32(0.7444), np.float32(0.0)]
2025-11-14 07:33:37.698185: Epoch time: 227.08 s
2025-11-14 07:33:38.713987: 
2025-11-14 07:33:38.714280: Epoch 96
2025-11-14 07:33:38.714414: Current learning rate: 0.00913
2025-11-14 07:37:25.727749: train_loss -0.3961
2025-11-14 07:37:25.727989: val_loss -0.4132
2025-11-14 07:37:25.728095: Pseudo dice [np.float32(0.9187), np.float32(0.759), np.float32(0.0)]
2025-11-14 07:37:25.728199: Epoch time: 227.01 s
2025-11-14 07:37:26.757319: 
2025-11-14 07:37:26.757564: Epoch 97
2025-11-14 07:37:26.757734: Current learning rate: 0.00912
2025-11-14 07:41:13.858402: train_loss -0.4071
2025-11-14 07:41:13.858633: val_loss -0.4046
2025-11-14 07:41:13.858748: Pseudo dice [np.float32(0.9138), np.float32(0.756), np.float32(0.0)]
2025-11-14 07:41:13.858860: Epoch time: 227.1 s
2025-11-14 07:41:14.885609: 
2025-11-14 07:41:14.885831: Epoch 98
2025-11-14 07:41:14.885964: Current learning rate: 0.00911
2025-11-14 07:45:01.364372: train_loss -0.3947
2025-11-14 07:45:01.364635: val_loss -0.3908
2025-11-14 07:45:01.364792: Pseudo dice [np.float32(0.9154), np.float32(0.751), np.float32(0.0)]
2025-11-14 07:45:01.364901: Epoch time: 226.48 s
2025-11-14 07:45:02.390463: 
2025-11-14 07:45:02.390631: Epoch 99
2025-11-14 07:45:02.390754: Current learning rate: 0.0091
2025-11-14 07:48:49.587492: train_loss -0.3823
2025-11-14 07:48:49.587755: val_loss -0.425
2025-11-14 07:48:49.587861: Pseudo dice [np.float32(0.9096), np.float32(0.7553), np.float32(0.0)]
2025-11-14 07:48:49.587965: Epoch time: 227.2 s
2025-11-14 07:48:50.964020: 
2025-11-14 07:48:50.964213: Epoch 100
2025-11-14 07:48:50.964337: Current learning rate: 0.0091
2025-11-14 07:52:37.987750: train_loss -0.3952
2025-11-14 07:52:37.988014: val_loss -0.3972
2025-11-14 07:52:37.988118: Pseudo dice [np.float32(0.9117), np.float32(0.7626), np.float32(0.0)]
2025-11-14 07:52:37.988292: Epoch time: 227.02 s
2025-11-14 07:52:39.011952: 
2025-11-14 07:52:39.012172: Epoch 101
2025-11-14 07:52:39.012302: Current learning rate: 0.00909
2025-11-14 07:56:25.794522: train_loss -0.3952
2025-11-14 07:56:25.794784: val_loss -0.4015
2025-11-14 07:56:25.794886: Pseudo dice [np.float32(0.9047), np.float32(0.7677), np.float32(0.0)]
2025-11-14 07:56:25.794987: Epoch time: 226.78 s
2025-11-14 07:56:26.826724: 
2025-11-14 07:56:26.826974: Epoch 102
2025-11-14 07:56:26.827150: Current learning rate: 0.00908
2025-11-14 08:00:13.568691: train_loss -0.3916
2025-11-14 08:00:13.568957: val_loss -0.3963
2025-11-14 08:00:13.569060: Pseudo dice [np.float32(0.9112), np.float32(0.7507), np.float32(0.0)]
2025-11-14 08:00:13.569162: Epoch time: 226.74 s
2025-11-14 08:00:14.599897: 
2025-11-14 08:00:14.600060: Epoch 103
2025-11-14 08:00:14.600187: Current learning rate: 0.00907
2025-11-14 08:04:01.768246: train_loss -0.3932
2025-11-14 08:04:01.768568: val_loss -0.3816
2025-11-14 08:04:01.768673: Pseudo dice [np.float32(0.912), np.float32(0.7513), np.float32(0.0)]
2025-11-14 08:04:01.768775: Epoch time: 227.17 s
2025-11-14 08:04:02.795236: 
2025-11-14 08:04:02.795470: Epoch 104
2025-11-14 08:04:02.795604: Current learning rate: 0.00906
2025-11-14 08:07:49.665240: train_loss -0.3872
2025-11-14 08:07:49.665537: val_loss -0.3913
2025-11-14 08:07:49.665644: Pseudo dice [np.float32(0.9114), np.float32(0.7677), np.float32(0.0)]
2025-11-14 08:07:49.665750: Epoch time: 226.87 s
2025-11-14 08:07:50.683766: 
2025-11-14 08:07:50.683968: Epoch 105
2025-11-14 08:07:50.684174: Current learning rate: 0.00905
2025-11-14 08:11:37.497952: train_loss -0.3998
2025-11-14 08:11:37.498203: val_loss -0.3999
2025-11-14 08:11:37.498325: Pseudo dice [np.float32(0.9071), np.float32(0.7552), np.float32(0.0)]
2025-11-14 08:11:37.498429: Epoch time: 226.82 s
2025-11-14 08:11:38.520099: 
2025-11-14 08:11:38.520360: Epoch 106
2025-11-14 08:11:38.520504: Current learning rate: 0.00904
2025-11-14 08:15:25.147623: train_loss -0.3923
2025-11-14 08:15:25.147845: val_loss -0.3995
2025-11-14 08:15:25.147949: Pseudo dice [np.float32(0.9027), np.float32(0.7624), np.float32(0.0)]
2025-11-14 08:15:25.148061: Epoch time: 226.63 s
2025-11-14 08:15:26.178175: 
2025-11-14 08:15:26.178357: Epoch 107
2025-11-14 08:15:26.178472: Current learning rate: 0.00903
2025-11-14 08:19:12.522369: train_loss -0.3881
2025-11-14 08:19:12.522627: val_loss -0.3974
2025-11-14 08:19:12.522718: Pseudo dice [np.float32(0.9138), np.float32(0.7335), np.float32(0.0)]
2025-11-14 08:19:12.522811: Epoch time: 226.35 s
2025-11-14 08:19:13.999080: 
2025-11-14 08:19:13.999361: Epoch 108
2025-11-14 08:19:13.999493: Current learning rate: 0.00902
2025-11-14 08:23:00.627969: train_loss -0.3954
2025-11-14 08:23:00.628224: val_loss -0.4304
2025-11-14 08:23:00.628361: Pseudo dice [np.float32(0.9155), np.float32(0.7601), np.float32(0.0)]
2025-11-14 08:23:00.628464: Epoch time: 226.63 s
2025-11-14 08:23:01.648990: 
2025-11-14 08:23:01.649160: Epoch 109
2025-11-14 08:23:01.649296: Current learning rate: 0.00901
2025-11-14 08:26:48.223436: train_loss -0.3917
2025-11-14 08:26:48.223666: val_loss -0.3948
2025-11-14 08:26:48.223770: Pseudo dice [np.float32(0.9153), np.float32(0.7581), np.float32(0.0)]
2025-11-14 08:26:48.223882: Epoch time: 226.58 s
2025-11-14 08:26:49.243568: 
2025-11-14 08:26:49.243820: Epoch 110
2025-11-14 08:26:49.243958: Current learning rate: 0.009
2025-11-14 08:30:36.445339: train_loss -0.399
2025-11-14 08:30:36.445629: val_loss -0.4207
2025-11-14 08:30:36.445742: Pseudo dice [np.float32(0.9123), np.float32(0.7593), np.float32(0.0)]
2025-11-14 08:30:36.445838: Epoch time: 227.2 s
2025-11-14 08:30:37.488377: 
2025-11-14 08:30:37.488573: Epoch 111
2025-11-14 08:30:37.488699: Current learning rate: 0.009
2025-11-14 08:34:24.438019: train_loss -0.4003
2025-11-14 08:34:24.438270: val_loss -0.3973
2025-11-14 08:34:24.438378: Pseudo dice [np.float32(0.9109), np.float32(0.7344), np.float32(0.0)]
2025-11-14 08:34:24.438472: Epoch time: 226.95 s
2025-11-14 08:34:25.473512: 
2025-11-14 08:34:25.473699: Epoch 112
2025-11-14 08:34:25.473832: Current learning rate: 0.00899
2025-11-14 08:38:12.451138: train_loss -0.3943
2025-11-14 08:38:12.451383: val_loss -0.3966
2025-11-14 08:38:12.451492: Pseudo dice [np.float32(0.9099), np.float32(0.76), np.float32(0.0)]
2025-11-14 08:38:12.451603: Epoch time: 226.98 s
2025-11-14 08:38:13.489543: 
2025-11-14 08:38:13.489817: Epoch 113
2025-11-14 08:38:13.489974: Current learning rate: 0.00898
2025-11-14 08:42:00.005757: train_loss -0.404
2025-11-14 08:42:00.006099: val_loss -0.4055
2025-11-14 08:42:00.006207: Pseudo dice [np.float32(0.9086), np.float32(0.7561), np.float32(0.0)]
2025-11-14 08:42:00.006318: Epoch time: 226.52 s
2025-11-14 08:42:01.030609: 
2025-11-14 08:42:01.030806: Epoch 114
2025-11-14 08:42:01.030932: Current learning rate: 0.00897
2025-11-14 08:45:48.149184: train_loss -0.3966
2025-11-14 08:45:48.149458: val_loss -0.4001
2025-11-14 08:45:48.149563: Pseudo dice [np.float32(0.9095), np.float32(0.7412), np.float32(0.0)]
2025-11-14 08:45:48.149667: Epoch time: 227.12 s
2025-11-14 08:45:49.178017: 
2025-11-14 08:45:49.178215: Epoch 115
2025-11-14 08:45:49.178388: Current learning rate: 0.00896
2025-11-14 08:49:35.865600: train_loss -0.403
2025-11-14 08:49:35.865900: val_loss -0.3976
2025-11-14 08:49:35.866012: Pseudo dice [np.float32(0.9122), np.float32(0.7445), np.float32(0.0)]
2025-11-14 08:49:35.866117: Epoch time: 226.69 s
2025-11-14 08:49:36.910771: 
2025-11-14 08:49:36.910977: Epoch 116
2025-11-14 08:49:36.911091: Current learning rate: 0.00895
2025-11-14 08:53:23.718767: train_loss -0.3991
2025-11-14 08:53:23.719073: val_loss -0.3928
2025-11-14 08:53:23.719180: Pseudo dice [np.float32(0.911), np.float32(0.7535), np.float32(0.0)]
2025-11-14 08:53:23.719287: Epoch time: 226.81 s
2025-11-14 08:53:24.753275: 
2025-11-14 08:53:24.753487: Epoch 117
2025-11-14 08:53:24.753611: Current learning rate: 0.00894
2025-11-14 08:57:11.713285: train_loss -0.3955
2025-11-14 08:57:11.713512: val_loss -0.4058
2025-11-14 08:57:11.713646: Pseudo dice [np.float32(0.9091), np.float32(0.763), np.float32(0.0)]
2025-11-14 08:57:11.713753: Epoch time: 226.96 s
2025-11-14 08:57:12.757882: 
2025-11-14 08:57:12.758049: Epoch 118
2025-11-14 08:57:12.758220: Current learning rate: 0.00893
2025-11-14 09:00:59.697072: train_loss -0.3931
2025-11-14 09:00:59.697308: val_loss -0.4057
2025-11-14 09:00:59.697454: Pseudo dice [np.float32(0.9052), np.float32(0.7583), np.float32(0.0)]
2025-11-14 09:00:59.697611: Epoch time: 226.94 s
2025-11-14 09:01:00.743657: 
2025-11-14 09:01:00.743903: Epoch 119
2025-11-14 09:01:00.744069: Current learning rate: 0.00892
2025-11-14 09:04:47.937608: train_loss -0.3954
2025-11-14 09:04:47.937871: val_loss -0.4199
2025-11-14 09:04:47.937972: Pseudo dice [np.float32(0.9059), np.float32(0.7628), np.float32(0.0)]
2025-11-14 09:04:47.938073: Epoch time: 227.19 s
2025-11-14 09:04:48.975792: 
2025-11-14 09:04:48.975986: Epoch 120
2025-11-14 09:04:48.976119: Current learning rate: 0.00891
2025-11-14 09:08:35.873809: train_loss -0.3985
2025-11-14 09:08:35.874042: val_loss -0.404
2025-11-14 09:08:35.874155: Pseudo dice [np.float32(0.9164), np.float32(0.7533), np.float32(0.0)]
2025-11-14 09:08:35.874269: Epoch time: 226.9 s
2025-11-14 09:08:37.292877: 
2025-11-14 09:08:37.293077: Epoch 121
2025-11-14 09:08:37.293209: Current learning rate: 0.0089
2025-11-14 09:12:24.617902: train_loss -0.3927
2025-11-14 09:12:24.618142: val_loss -0.4162
2025-11-14 09:12:24.618245: Pseudo dice [np.float32(0.9095), np.float32(0.7404), np.float32(0.0)]
2025-11-14 09:12:24.618359: Epoch time: 227.33 s
2025-11-14 09:12:25.658678: 
2025-11-14 09:12:25.658849: Epoch 122
2025-11-14 09:12:25.658969: Current learning rate: 0.00889
2025-11-14 09:16:12.732175: train_loss -0.3912
2025-11-14 09:16:12.732445: val_loss -0.3815
2025-11-14 09:16:12.732550: Pseudo dice [np.float32(0.9138), np.float32(0.7556), np.float32(0.0)]
2025-11-14 09:16:12.737461: Epoch time: 227.07 s
2025-11-14 09:16:13.776289: 
2025-11-14 09:16:13.776531: Epoch 123
2025-11-14 09:16:13.776717: Current learning rate: 0.00889
2025-11-14 09:20:00.603929: train_loss -0.406
2025-11-14 09:20:00.604194: val_loss -0.3963
2025-11-14 09:20:00.604307: Pseudo dice [np.float32(0.9171), np.float32(0.7465), np.float32(0.0663)]
2025-11-14 09:20:00.604412: Epoch time: 226.83 s
2025-11-14 09:20:01.637280: 
2025-11-14 09:20:01.637473: Epoch 124
2025-11-14 09:20:01.637592: Current learning rate: 0.00888
2025-11-14 09:23:48.251365: train_loss -0.4096
2025-11-14 09:23:48.251618: val_loss -0.3949
2025-11-14 09:23:48.251713: Pseudo dice [np.float32(0.9276), np.float32(0.7569), np.float32(0.1595)]
2025-11-14 09:23:48.251809: Epoch time: 226.62 s
2025-11-14 09:23:49.298054: 
2025-11-14 09:23:49.298314: Epoch 125
2025-11-14 09:23:49.298439: Current learning rate: 0.00887
2025-11-14 09:27:36.076597: train_loss -0.4073
2025-11-14 09:27:36.076847: val_loss -0.3983
2025-11-14 09:27:36.076969: Pseudo dice [np.float32(0.917), np.float32(0.7482), np.float32(0.0079)]
2025-11-14 09:27:36.077084: Epoch time: 226.78 s
2025-11-14 09:27:37.118790: 
2025-11-14 09:27:37.118967: Epoch 126
2025-11-14 09:27:37.119107: Current learning rate: 0.00886
2025-11-14 09:31:23.976245: train_loss -0.4043
2025-11-14 09:31:23.976483: val_loss -0.4227
2025-11-14 09:31:23.976592: Pseudo dice [np.float32(0.9133), np.float32(0.7411), np.float32(0.0054)]
2025-11-14 09:31:23.976701: Epoch time: 226.86 s
2025-11-14 09:31:25.019055: 
2025-11-14 09:31:25.019302: Epoch 127
2025-11-14 09:31:25.019466: Current learning rate: 0.00885
2025-11-14 09:35:12.252844: train_loss -0.4189
2025-11-14 09:35:12.253083: val_loss -0.4002
2025-11-14 09:35:12.253191: Pseudo dice [np.float32(0.908), np.float32(0.745), np.float32(0.0269)]
2025-11-14 09:35:12.253391: Epoch time: 227.23 s
2025-11-14 09:35:13.295932: 
2025-11-14 09:35:13.296145: Epoch 128
2025-11-14 09:35:13.296281: Current learning rate: 0.00884
2025-11-14 09:39:00.043125: train_loss -0.4132
2025-11-14 09:39:00.043380: val_loss -0.3993
2025-11-14 09:39:00.043482: Pseudo dice [np.float32(0.9053), np.float32(0.7415), np.float32(0.0797)]
2025-11-14 09:39:00.043582: Epoch time: 226.75 s
2025-11-14 09:39:01.089150: 
2025-11-14 09:39:01.089426: Epoch 129
2025-11-14 09:39:01.089558: Current learning rate: 0.00883
2025-11-14 09:42:47.753053: train_loss -0.4181
2025-11-14 09:42:47.753297: val_loss -0.3857
2025-11-14 09:42:47.753405: Pseudo dice [np.float32(0.902), np.float32(0.7488), np.float32(0.0)]
2025-11-14 09:42:47.753519: Epoch time: 226.66 s
2025-11-14 09:42:48.788939: 
2025-11-14 09:42:48.789116: Epoch 130
2025-11-14 09:42:48.789242: Current learning rate: 0.00882
2025-11-14 09:46:35.703362: train_loss -0.4148
2025-11-14 09:46:35.703639: val_loss -0.41
2025-11-14 09:46:35.703747: Pseudo dice [np.float32(0.9064), np.float32(0.7389), np.float32(0.0)]
2025-11-14 09:46:35.703856: Epoch time: 226.92 s
2025-11-14 09:46:36.739741: 
2025-11-14 09:46:36.739948: Epoch 131
2025-11-14 09:46:36.740097: Current learning rate: 0.00881
2025-11-14 09:50:23.727245: train_loss -0.4231
2025-11-14 09:50:23.727517: val_loss -0.4098
2025-11-14 09:50:23.727620: Pseudo dice [np.float32(0.8982), np.float32(0.7459), np.float32(0.2901)]
2025-11-14 09:50:23.727744: Epoch time: 226.99 s
2025-11-14 09:50:24.777287: 
2025-11-14 09:50:24.777574: Epoch 132
2025-11-14 09:50:24.777707: Current learning rate: 0.0088
2025-11-14 09:54:11.671514: train_loss -0.3977
2025-11-14 09:54:11.671757: val_loss -0.39
2025-11-14 09:54:11.671858: Pseudo dice [np.float32(0.9171), np.float32(0.7528), np.float32(0.0082)]
2025-11-14 09:54:11.671961: Epoch time: 226.9 s
2025-11-14 09:54:12.729837: 
2025-11-14 09:54:12.730086: Epoch 133
2025-11-14 09:54:12.730211: Current learning rate: 0.00879
2025-11-14 09:57:59.678683: train_loss -0.3945
2025-11-14 09:57:59.678924: val_loss -0.3839
2025-11-14 09:57:59.679030: Pseudo dice [np.float32(0.9029), np.float32(0.742), np.float32(0.0271)]
2025-11-14 09:57:59.679134: Epoch time: 226.95 s
2025-11-14 09:58:01.107102: 
2025-11-14 09:58:01.107306: Epoch 134
2025-11-14 09:58:01.107433: Current learning rate: 0.00879
2025-11-14 10:01:47.996966: train_loss -0.4071
2025-11-14 10:01:47.997207: val_loss -0.3993
2025-11-14 10:01:47.997332: Pseudo dice [np.float32(0.9074), np.float32(0.7595), np.float32(0.0046)]
2025-11-14 10:01:47.997442: Epoch time: 226.89 s
2025-11-14 10:01:49.053679: 
2025-11-14 10:01:49.053869: Epoch 135
2025-11-14 10:01:49.054007: Current learning rate: 0.00878
2025-11-14 10:05:35.894821: train_loss -0.4042
2025-11-14 10:05:35.895089: val_loss -0.4069
2025-11-14 10:05:35.895195: Pseudo dice [np.float32(0.9116), np.float32(0.7537), np.float32(0.0219)]
2025-11-14 10:05:35.895307: Epoch time: 226.84 s
2025-11-14 10:05:36.957555: 
2025-11-14 10:05:36.957812: Epoch 136
2025-11-14 10:05:36.957939: Current learning rate: 0.00877
2025-11-14 10:09:24.128587: train_loss -0.3905
2025-11-14 10:09:24.128861: val_loss -0.3818
2025-11-14 10:09:24.128967: Pseudo dice [np.float32(0.9099), np.float32(0.7277), np.float32(0.0)]
2025-11-14 10:09:24.129073: Epoch time: 227.17 s
2025-11-14 10:09:25.183246: 
2025-11-14 10:09:25.183441: Epoch 137
2025-11-14 10:09:25.183564: Current learning rate: 0.00876
2025-11-14 10:13:11.959825: train_loss -0.382
2025-11-14 10:13:11.960158: val_loss -0.3882
2025-11-14 10:13:11.960303: Pseudo dice [np.float32(0.9081), np.float32(0.7442), np.float32(0.185)]
2025-11-14 10:13:11.960413: Epoch time: 226.78 s
2025-11-14 10:13:12.935327: 
2025-11-14 10:13:12.935659: Epoch 138
2025-11-14 10:13:12.935788: Current learning rate: 0.00875
2025-11-14 10:16:59.672144: train_loss -0.3709
2025-11-14 10:16:59.672377: val_loss -0.3971
2025-11-14 10:16:59.672481: Pseudo dice [np.float32(0.91), np.float32(0.7657), np.float32(0.1047)]
2025-11-14 10:16:59.672581: Epoch time: 226.74 s
2025-11-14 10:17:00.725809: 
2025-11-14 10:17:00.726025: Epoch 139
2025-11-14 10:17:00.726162: Current learning rate: 0.00874
2025-11-14 10:20:47.582371: train_loss -0.4046
2025-11-14 10:20:47.582661: val_loss -0.4043
2025-11-14 10:20:47.582769: Pseudo dice [np.float32(0.905), np.float32(0.7551), np.float32(0.0721)]
2025-11-14 10:20:47.582873: Epoch time: 226.86 s
2025-11-14 10:20:48.606246: 
2025-11-14 10:20:48.606441: Epoch 140
2025-11-14 10:20:48.606554: Current learning rate: 0.00873
2025-11-14 10:24:35.166868: train_loss -0.4196
2025-11-14 10:24:35.167148: val_loss -0.4253
2025-11-14 10:24:35.167252: Pseudo dice [np.float32(0.9069), np.float32(0.7526), np.float32(0.2914)]
2025-11-14 10:24:35.167379: Epoch time: 226.56 s
2025-11-14 10:24:36.221202: 
2025-11-14 10:24:36.221397: Epoch 141
2025-11-14 10:24:36.221523: Current learning rate: 0.00872
2025-11-14 10:28:23.277062: train_loss -0.4083
2025-11-14 10:28:23.277333: val_loss -0.4214
2025-11-14 10:28:23.277441: Pseudo dice [np.float32(0.9034), np.float32(0.7537), np.float32(0.256)]
2025-11-14 10:28:23.277544: Epoch time: 227.06 s
2025-11-14 10:28:23.277625: Yayy! New best EMA pseudo Dice: 0.5852000117301941
2025-11-14 10:28:24.637384: 
2025-11-14 10:28:24.637676: Epoch 142
2025-11-14 10:28:24.637815: Current learning rate: 0.00871
2025-11-14 10:32:11.862081: train_loss -0.3976
2025-11-14 10:32:11.862370: val_loss -0.4009
2025-11-14 10:32:11.862486: Pseudo dice [np.float32(0.9178), np.float32(0.7645), np.float32(0.0)]
2025-11-14 10:32:11.862592: Epoch time: 227.23 s
2025-11-14 10:32:12.912457: 
2025-11-14 10:32:12.912640: Epoch 143
2025-11-14 10:32:12.912769: Current learning rate: 0.0087
2025-11-14 10:35:59.720315: train_loss -0.4021
2025-11-14 10:35:59.720552: val_loss -0.4029
2025-11-14 10:35:59.720654: Pseudo dice [np.float32(0.9097), np.float32(0.743), np.float32(0.1889)]
2025-11-14 10:35:59.720753: Epoch time: 226.81 s
2025-11-14 10:35:59.720834: Yayy! New best EMA pseudo Dice: 0.5859000086784363
2025-11-14 10:36:01.084505: 
2025-11-14 10:36:01.084772: Epoch 144
2025-11-14 10:36:01.084900: Current learning rate: 0.00869
2025-11-14 10:39:48.302190: train_loss -0.4188
2025-11-14 10:39:48.302434: val_loss -0.3899
2025-11-14 10:39:48.302536: Pseudo dice [np.float32(0.9149), np.float32(0.7267), np.float32(0.0726)]
2025-11-14 10:39:48.302638: Epoch time: 227.22 s
2025-11-14 10:39:49.358348: 
2025-11-14 10:39:49.358559: Epoch 145
2025-11-14 10:39:49.358689: Current learning rate: 0.00868
2025-11-14 10:43:36.061233: train_loss -0.412
2025-11-14 10:43:36.061512: val_loss -0.38
2025-11-14 10:43:36.061614: Pseudo dice [np.float32(0.9158), np.float32(0.7505), np.float32(0.0)]
2025-11-14 10:43:36.061715: Epoch time: 226.7 s
2025-11-14 10:43:37.482771: 
2025-11-14 10:43:37.483056: Epoch 146
2025-11-14 10:43:37.483242: Current learning rate: 0.00868
2025-11-14 10:47:24.520528: train_loss -0.425
2025-11-14 10:47:24.520763: val_loss -0.3964
2025-11-14 10:47:24.520875: Pseudo dice [np.float32(0.9163), np.float32(0.7563), np.float32(0.0)]
2025-11-14 10:47:24.521008: Epoch time: 227.04 s
2025-11-14 10:47:25.582499: 
2025-11-14 10:47:25.582702: Epoch 147
2025-11-14 10:47:25.582864: Current learning rate: 0.00867
2025-11-14 10:51:12.307217: train_loss -0.4172
2025-11-14 10:51:12.307451: val_loss -0.4321
2025-11-14 10:51:12.307552: Pseudo dice [np.float32(0.9053), np.float32(0.767), np.float32(0.1884)]
2025-11-14 10:51:12.307654: Epoch time: 226.73 s
2025-11-14 10:51:13.366133: 
2025-11-14 10:51:13.366342: Epoch 148
2025-11-14 10:51:13.366477: Current learning rate: 0.00866
2025-11-14 10:55:00.098490: train_loss -0.4231
2025-11-14 10:55:00.098747: val_loss -0.4081
2025-11-14 10:55:00.098850: Pseudo dice [np.float32(0.9053), np.float32(0.7493), np.float32(0.0)]
2025-11-14 10:55:00.098950: Epoch time: 226.73 s
2025-11-14 10:55:01.162344: 
2025-11-14 10:55:01.162622: Epoch 149
2025-11-14 10:55:01.162751: Current learning rate: 0.00865
2025-11-14 10:58:48.428458: train_loss -0.4309
2025-11-14 10:58:48.428728: val_loss -0.4213
2025-11-14 10:58:48.428839: Pseudo dice [np.float32(0.9037), np.float32(0.7545), np.float32(0.0)]
2025-11-14 10:58:48.429014: Epoch time: 227.27 s
2025-11-14 10:58:49.821707: 
2025-11-14 10:58:49.821911: Epoch 150
2025-11-14 10:58:49.822033: Current learning rate: 0.00864
2025-11-14 11:02:36.893024: train_loss -0.417
2025-11-14 11:02:36.893291: val_loss -0.3935
2025-11-14 11:02:36.893400: Pseudo dice [np.float32(0.9145), np.float32(0.7577), np.float32(0.1996)]
2025-11-14 11:02:36.893503: Epoch time: 227.07 s
2025-11-14 11:02:37.948269: 
2025-11-14 11:02:37.948505: Epoch 151
2025-11-14 11:02:37.948680: Current learning rate: 0.00863
2025-11-14 11:06:24.934659: train_loss -0.4208
2025-11-14 11:06:24.934904: val_loss -0.4211
2025-11-14 11:06:24.935016: Pseudo dice [np.float32(0.9134), np.float32(0.7579), np.float32(0.0855)]
2025-11-14 11:06:24.935132: Epoch time: 226.99 s
2025-11-14 11:06:25.991988: 
2025-11-14 11:06:25.992154: Epoch 152
2025-11-14 11:06:25.992277: Current learning rate: 0.00862
2025-11-14 11:10:12.798838: train_loss -0.4215
2025-11-14 11:10:12.799210: val_loss -0.3976
2025-11-14 11:10:12.799328: Pseudo dice [np.float32(0.9117), np.float32(0.7519), np.float32(0.0283)]
2025-11-14 11:10:12.799437: Epoch time: 226.81 s
2025-11-14 11:10:13.866248: 
2025-11-14 11:10:13.866539: Epoch 153
2025-11-14 11:10:13.866689: Current learning rate: 0.00861
2025-11-14 11:14:00.827465: train_loss -0.418
2025-11-14 11:14:00.827727: val_loss -0.3985
2025-11-14 11:14:00.827828: Pseudo dice [np.float32(0.9127), np.float32(0.7518), np.float32(0.007)]
2025-11-14 11:14:00.827931: Epoch time: 226.96 s
2025-11-14 11:14:01.898244: 
2025-11-14 11:14:01.898506: Epoch 154
2025-11-14 11:14:01.898674: Current learning rate: 0.0086
2025-11-14 11:17:48.796697: train_loss -0.4245
2025-11-14 11:17:48.796983: val_loss -0.4134
2025-11-14 11:17:48.797106: Pseudo dice [np.float32(0.9178), np.float32(0.7519), np.float32(0.3095)]
2025-11-14 11:17:48.797214: Epoch time: 226.9 s
2025-11-14 11:17:48.797301: Yayy! New best EMA pseudo Dice: 0.5863000154495239
2025-11-14 11:17:50.248999: 
2025-11-14 11:17:50.249182: Epoch 155
2025-11-14 11:17:50.249309: Current learning rate: 0.00859
2025-11-14 11:21:37.981323: train_loss -0.4181
2025-11-14 11:21:37.981647: val_loss -0.4098
2025-11-14 11:21:37.981758: Pseudo dice [np.float32(0.9198), np.float32(0.7622), np.float32(0.1845)]
2025-11-14 11:21:37.981866: Epoch time: 227.73 s
2025-11-14 11:21:37.981947: Yayy! New best EMA pseudo Dice: 0.589900016784668
2025-11-14 11:21:39.335386: 
2025-11-14 11:21:39.335640: Epoch 156
2025-11-14 11:21:39.335775: Current learning rate: 0.00858
2025-11-14 11:25:25.962397: train_loss -0.4256
2025-11-14 11:25:25.962645: val_loss -0.4173
2025-11-14 11:25:25.962749: Pseudo dice [np.float32(0.9049), np.float32(0.7592), np.float32(0.0722)]
2025-11-14 11:25:25.962851: Epoch time: 226.63 s
2025-11-14 11:25:27.029734: 
2025-11-14 11:25:27.029927: Epoch 157
2025-11-14 11:25:27.030067: Current learning rate: 0.00858
2025-11-14 11:29:14.108671: train_loss -0.4323
2025-11-14 11:29:14.108911: val_loss -0.4
2025-11-14 11:29:14.109019: Pseudo dice [np.float32(0.9105), np.float32(0.7462), np.float32(0.0396)]
2025-11-14 11:29:14.109128: Epoch time: 227.08 s
2025-11-14 11:29:15.157529: 
2025-11-14 11:29:15.157732: Epoch 158
2025-11-14 11:29:15.157855: Current learning rate: 0.00857
2025-11-14 11:33:02.172755: train_loss -0.4463
2025-11-14 11:33:02.172978: val_loss -0.4149
2025-11-14 11:33:02.173083: Pseudo dice [np.float32(0.9109), np.float32(0.7605), np.float32(0.0708)]
2025-11-14 11:33:02.173185: Epoch time: 227.02 s
2025-11-14 11:33:03.243598: 
2025-11-14 11:33:03.243868: Epoch 159
2025-11-14 11:33:03.243987: Current learning rate: 0.00856
2025-11-14 11:36:50.202703: train_loss -0.4213
2025-11-14 11:36:50.202972: val_loss -0.3972
2025-11-14 11:36:50.203076: Pseudo dice [np.float32(0.9059), np.float32(0.7519), np.float32(0.0034)]
2025-11-14 11:36:50.203180: Epoch time: 226.96 s
2025-11-14 11:36:51.272540: 
2025-11-14 11:36:51.272731: Epoch 160
2025-11-14 11:36:51.272843: Current learning rate: 0.00855
2025-11-14 11:40:38.025832: train_loss -0.4275
2025-11-14 11:40:38.026082: val_loss -0.4339
2025-11-14 11:40:38.026190: Pseudo dice [np.float32(0.9153), np.float32(0.7658), np.float32(0.2998)]
2025-11-14 11:40:38.026303: Epoch time: 226.75 s
2025-11-14 11:40:38.026394: Yayy! New best EMA pseudo Dice: 0.590399980545044
2025-11-14 11:40:39.456010: 
2025-11-14 11:40:39.456203: Epoch 161
2025-11-14 11:40:39.456382: Current learning rate: 0.00854
2025-11-14 11:44:26.784747: train_loss -0.4175
2025-11-14 11:44:26.784982: val_loss -0.4331
2025-11-14 11:44:26.785085: Pseudo dice [np.float32(0.9035), np.float32(0.7755), np.float32(0.0145)]
2025-11-14 11:44:26.785190: Epoch time: 227.33 s
2025-11-14 11:44:27.855397: 
2025-11-14 11:44:27.855586: Epoch 162
2025-11-14 11:44:27.855741: Current learning rate: 0.00853
2025-11-14 11:48:14.857974: train_loss -0.4814
2025-11-14 11:48:14.858198: val_loss -0.4958
2025-11-14 11:48:14.858307: Pseudo dice [np.float32(0.9103), np.float32(0.7391), np.float32(0.2657)]
2025-11-14 11:48:14.858407: Epoch time: 227.0 s
2025-11-14 11:48:14.858486: Yayy! New best EMA pseudo Dice: 0.5928999781608582
2025-11-14 11:48:16.267984: 
2025-11-14 11:48:16.268186: Epoch 163
2025-11-14 11:48:16.268317: Current learning rate: 0.00852
2025-11-14 11:52:03.313034: train_loss -0.4785
2025-11-14 11:52:03.313257: val_loss -0.4875
2025-11-14 11:52:03.313370: Pseudo dice [np.float32(0.9107), np.float32(0.766), np.float32(0.4789)]
2025-11-14 11:52:03.313541: Epoch time: 227.05 s
2025-11-14 11:52:03.313803: Yayy! New best EMA pseudo Dice: 0.6054999828338623
2025-11-14 11:52:04.688234: 
2025-11-14 11:52:04.721568: Epoch 164
2025-11-14 11:52:04.721851: Current learning rate: 0.00851
2025-11-14 11:55:51.505050: train_loss -0.553
2025-11-14 11:55:51.505290: val_loss -0.6537
2025-11-14 11:55:51.505403: Pseudo dice [np.float32(0.9051), np.float32(0.7621), np.float32(0.0)]
2025-11-14 11:55:51.505506: Epoch time: 226.82 s
2025-11-14 11:55:52.567826: 
2025-11-14 11:55:52.568223: Epoch 165
2025-11-14 11:55:52.571699: Current learning rate: 0.0085
2025-11-14 11:59:39.127255: train_loss -0.6189
2025-11-14 11:59:39.127529: val_loss -0.6531
2025-11-14 11:59:39.127715: Pseudo dice [np.float32(0.9182), np.float32(0.7586), np.float32(0.0)]
2025-11-14 11:59:39.127843: Epoch time: 226.56 s
2025-11-14 11:59:40.183291: 
2025-11-14 11:59:40.183483: Epoch 166
2025-11-14 11:59:40.183671: Current learning rate: 0.00849
2025-11-14 12:03:27.417146: train_loss -0.6375
2025-11-14 12:03:27.417386: val_loss -0.6558
2025-11-14 12:03:27.417498: Pseudo dice [np.float32(0.9154), np.float32(0.7748), np.float32(nan)]
2025-11-14 12:03:27.417602: Epoch time: 227.23 s
2025-11-14 12:03:27.417688: Yayy! New best EMA pseudo Dice: 0.6212000250816345
2025-11-14 12:03:28.814736: 
2025-11-14 12:03:28.814917: Epoch 167
2025-11-14 12:03:28.815048: Current learning rate: 0.00848
2025-11-14 12:07:16.018435: train_loss -0.6196
2025-11-14 12:07:16.018658: val_loss -0.6521
2025-11-14 12:07:16.018760: Pseudo dice [np.float32(0.9047), np.float32(0.7597), np.float32(0.0)]
2025-11-14 12:07:16.018860: Epoch time: 227.2 s
2025-11-14 12:07:17.094318: 
2025-11-14 12:07:17.094525: Epoch 168
2025-11-14 12:07:17.094693: Current learning rate: 0.00847
2025-11-14 12:11:04.137464: train_loss -0.6223
2025-11-14 12:11:04.137740: val_loss -0.6219
2025-11-14 12:11:04.137860: Pseudo dice [np.float32(0.908), np.float32(0.7513), np.float32(0.0)]
2025-11-14 12:11:04.137963: Epoch time: 227.04 s
2025-11-14 12:11:05.526452: 
2025-11-14 12:11:05.526647: Epoch 169
2025-11-14 12:11:05.526784: Current learning rate: 0.00847
2025-11-14 12:14:52.143364: train_loss -0.6218
2025-11-14 12:14:52.143675: val_loss -0.6422
2025-11-14 12:14:52.143781: Pseudo dice [np.float32(0.9128), np.float32(0.7478), np.float32(0.0)]
2025-11-14 12:14:52.143883: Epoch time: 226.62 s
2025-11-14 12:14:53.211629: 
2025-11-14 12:14:53.211802: Epoch 170
2025-11-14 12:14:53.211922: Current learning rate: 0.00846
2025-11-14 12:18:40.112758: train_loss -0.6254
2025-11-14 12:18:40.113010: val_loss -0.6329
2025-11-14 12:18:40.113114: Pseudo dice [np.float32(0.9109), np.float32(0.7597), np.float32(0.0)]
2025-11-14 12:18:40.113301: Epoch time: 226.9 s
2025-11-14 12:18:41.172998: 
2025-11-14 12:18:41.173266: Epoch 171
2025-11-14 12:18:41.173431: Current learning rate: 0.00845
2025-11-14 12:22:27.802831: train_loss -0.6109
2025-11-14 12:22:27.803060: val_loss -0.652
2025-11-14 12:22:27.803166: Pseudo dice [np.float32(0.911), np.float32(0.7622), np.float32(0.0)]
2025-11-14 12:22:27.803279: Epoch time: 226.63 s
2025-11-14 12:22:28.880666: 
2025-11-14 12:22:28.880910: Epoch 172
2025-11-14 12:22:28.881081: Current learning rate: 0.00844
2025-11-14 12:26:15.949522: train_loss -0.6362
2025-11-14 12:26:15.949781: val_loss -0.6682
2025-11-14 12:26:15.949882: Pseudo dice [np.float32(0.9062), np.float32(0.7541), np.float32(0.0)]
2025-11-14 12:26:15.949985: Epoch time: 227.07 s
2025-11-14 12:26:17.029383: 
2025-11-14 12:26:17.029573: Epoch 173
2025-11-14 12:26:17.029697: Current learning rate: 0.00843
2025-11-14 12:30:03.789351: train_loss -0.6159
2025-11-14 12:30:03.789616: val_loss -0.6488
2025-11-14 12:30:03.789720: Pseudo dice [np.float32(0.9098), np.float32(0.7608), np.float32(0.0)]
2025-11-14 12:30:03.789821: Epoch time: 226.76 s
2025-11-14 12:30:04.861671: 
2025-11-14 12:30:04.861861: Epoch 174
2025-11-14 12:30:04.861986: Current learning rate: 0.00842
2025-11-14 12:33:51.527649: train_loss -0.6046
2025-11-14 12:33:51.527920: val_loss -0.6161
2025-11-14 12:33:51.528023: Pseudo dice [np.float32(0.9099), np.float32(0.7527), np.float32(0.0)]
2025-11-14 12:33:51.528125: Epoch time: 226.67 s
2025-11-14 12:33:52.611560: 
2025-11-14 12:33:52.611751: Epoch 175
2025-11-14 12:33:52.611874: Current learning rate: 0.00841
2025-11-14 12:37:39.600577: train_loss -0.6102
2025-11-14 12:37:39.600811: val_loss -0.6094
2025-11-14 12:37:39.600917: Pseudo dice [np.float32(0.9006), np.float32(0.7418), np.float32(0.0)]
2025-11-14 12:37:39.601027: Epoch time: 226.99 s
2025-11-14 12:37:40.676739: 
2025-11-14 12:37:40.676991: Epoch 176
2025-11-14 12:37:40.677142: Current learning rate: 0.0084
2025-11-14 12:41:27.980771: train_loss -0.611
2025-11-14 12:41:27.981040: val_loss -0.6419
2025-11-14 12:41:27.981143: Pseudo dice [np.float32(0.91), np.float32(0.7447), np.float32(0.0)]
2025-11-14 12:41:27.981246: Epoch time: 227.31 s
2025-11-14 12:41:29.057939: 
2025-11-14 12:41:29.058140: Epoch 177
2025-11-14 12:41:29.058280: Current learning rate: 0.00839
2025-11-14 12:45:16.546125: train_loss -0.6207
2025-11-14 12:45:16.546397: val_loss -0.6314
2025-11-14 12:45:16.546505: Pseudo dice [np.float32(0.9056), np.float32(0.7409), np.float32(0.0)]
2025-11-14 12:45:16.546609: Epoch time: 227.49 s
2025-11-14 12:45:17.623293: 
2025-11-14 12:45:17.623510: Epoch 178
2025-11-14 12:45:17.623625: Current learning rate: 0.00838
2025-11-14 12:49:04.549101: train_loss -0.6378
2025-11-14 12:49:04.549372: val_loss -0.6612
2025-11-14 12:49:04.549512: Pseudo dice [np.float32(0.912), np.float32(0.7577), np.float32(0.0)]
2025-11-14 12:49:04.549618: Epoch time: 226.93 s
2025-11-14 12:49:05.627018: 
2025-11-14 12:49:05.627191: Epoch 179
2025-11-14 12:49:05.627471: Current learning rate: 0.00837
2025-11-14 12:52:51.984594: train_loss -0.6186
2025-11-14 12:52:51.984856: val_loss -0.6426
2025-11-14 12:52:51.984957: Pseudo dice [np.float32(0.9174), np.float32(0.7547), np.float32(0.0)]
2025-11-14 12:52:51.985083: Epoch time: 226.36 s
2025-11-14 12:52:53.086738: 
2025-11-14 12:52:53.086943: Epoch 180
2025-11-14 12:52:53.087080: Current learning rate: 0.00836
2025-11-14 12:56:39.821718: train_loss -0.6225
2025-11-14 12:56:39.822021: val_loss -0.6242
2025-11-14 12:56:39.822128: Pseudo dice [np.float32(0.9109), np.float32(0.7512), np.float32(0.0)]
2025-11-14 12:56:39.822228: Epoch time: 226.74 s
2025-11-14 12:56:41.292806: 
2025-11-14 12:56:41.293030: Epoch 181
2025-11-14 12:56:41.293190: Current learning rate: 0.00836
2025-11-14 13:00:28.251756: train_loss -0.6251
2025-11-14 13:00:28.252004: val_loss -0.6526
2025-11-14 13:00:28.252113: Pseudo dice [np.float32(0.9158), np.float32(0.7626), np.float32(0.0)]
2025-11-14 13:00:28.252219: Epoch time: 226.96 s
2025-11-14 13:00:29.313883: 
2025-11-14 13:00:29.314105: Epoch 182
2025-11-14 13:00:29.314238: Current learning rate: 0.00835
2025-11-14 13:04:16.810011: train_loss -0.6162
2025-11-14 13:04:16.810237: val_loss -0.6514
2025-11-14 13:04:16.810354: Pseudo dice [np.float32(0.9093), np.float32(0.762), np.float32(0.0)]
2025-11-14 13:04:16.810467: Epoch time: 227.5 s
2025-11-14 13:04:17.883572: 
2025-11-14 13:04:17.883837: Epoch 183
2025-11-14 13:04:17.883976: Current learning rate: 0.00834
2025-11-14 13:08:04.704765: train_loss -0.6237
2025-11-14 13:08:04.705031: val_loss -0.6466
2025-11-14 13:08:04.705134: Pseudo dice [np.float32(0.9104), np.float32(0.7605), np.float32(0.0)]
2025-11-14 13:08:04.705234: Epoch time: 226.82 s
2025-11-14 13:08:05.723155: 
2025-11-14 13:08:06.044188: Epoch 184
2025-11-14 13:08:06.044687: Current learning rate: 0.00833
2025-11-14 13:11:52.734797: train_loss -0.6223
2025-11-14 13:11:52.735148: val_loss -0.6575
2025-11-14 13:11:52.735255: Pseudo dice [np.float32(0.9141), np.float32(0.7511), np.float32(0.0)]
2025-11-14 13:11:52.735366: Epoch time: 227.01 s
2025-11-14 13:11:53.801527: 
2025-11-14 13:11:53.801788: Epoch 185
2025-11-14 13:11:53.801939: Current learning rate: 0.00832
2025-11-14 13:15:40.871214: train_loss -0.6213
2025-11-14 13:15:40.871487: val_loss -0.6684
2025-11-14 13:15:40.871590: Pseudo dice [np.float32(0.9116), np.float32(0.7577), np.float32(0.0)]
2025-11-14 13:15:40.871717: Epoch time: 227.07 s
2025-11-14 13:15:41.954685: 
2025-11-14 13:15:41.954878: Epoch 186
2025-11-14 13:15:41.955013: Current learning rate: 0.00831
2025-11-14 13:19:28.303160: train_loss -0.6218
2025-11-14 13:19:28.303507: val_loss -0.6785
2025-11-14 13:19:28.303616: Pseudo dice [np.float32(0.9078), np.float32(0.7631), np.float32(0.0)]
2025-11-14 13:19:28.303719: Epoch time: 226.35 s
2025-11-14 13:19:29.381161: 
2025-11-14 13:19:29.381412: Epoch 187
2025-11-14 13:19:29.381544: Current learning rate: 0.0083
2025-11-14 13:23:16.100214: train_loss -0.63
2025-11-14 13:23:16.100494: val_loss -0.6668
2025-11-14 13:23:16.100598: Pseudo dice [np.float32(0.9034), np.float32(0.7539), np.float32(0.0)]
2025-11-14 13:23:16.100702: Epoch time: 226.72 s
2025-11-14 13:23:17.171396: 
2025-11-14 13:23:17.171669: Epoch 188
2025-11-14 13:23:17.171796: Current learning rate: 0.00829
2025-11-14 13:27:03.978795: train_loss -0.622
2025-11-14 13:27:03.979087: val_loss -0.6569
2025-11-14 13:27:03.979191: Pseudo dice [np.float32(0.9154), np.float32(0.7547), np.float32(0.0)]
2025-11-14 13:27:03.979303: Epoch time: 226.81 s
2025-11-14 13:27:05.070077: 
2025-11-14 13:27:05.070262: Epoch 189
2025-11-14 13:27:05.070389: Current learning rate: 0.00828
2025-11-14 13:30:51.890375: train_loss -0.633
2025-11-14 13:30:51.890639: val_loss -0.6898
2025-11-14 13:30:51.890743: Pseudo dice [np.float32(0.912), np.float32(0.7523), np.float32(nan)]
2025-11-14 13:30:51.890843: Epoch time: 226.82 s
2025-11-14 13:30:52.975185: 
2025-11-14 13:30:52.975372: Epoch 190
2025-11-14 13:30:52.975495: Current learning rate: 0.00827
2025-11-14 13:34:39.905632: train_loss -0.6182
2025-11-14 13:34:39.905895: val_loss -0.6638
2025-11-14 13:34:39.905998: Pseudo dice [np.float32(0.9062), np.float32(0.7595), np.float32(0.0)]
2025-11-14 13:34:39.906101: Epoch time: 226.93 s
2025-11-14 13:34:40.997326: 
2025-11-14 13:34:40.997587: Epoch 191
2025-11-14 13:34:40.997715: Current learning rate: 0.00826
2025-11-14 13:38:27.792608: train_loss -0.618
2025-11-14 13:38:27.792876: val_loss -0.6562
2025-11-14 13:38:27.792975: Pseudo dice [np.float32(0.9056), np.float32(0.768), np.float32(0.0)]
2025-11-14 13:38:27.793076: Epoch time: 226.8 s
2025-11-14 13:38:28.886920: 
2025-11-14 13:38:28.887217: Epoch 192
2025-11-14 13:38:28.887349: Current learning rate: 0.00825
2025-11-14 13:42:15.332226: train_loss -0.6284
2025-11-14 13:42:15.332498: val_loss -0.6199
2025-11-14 13:42:15.332601: Pseudo dice [np.float32(0.913), np.float32(0.7491), np.float32(0.0)]
2025-11-14 13:42:15.332703: Epoch time: 226.45 s
2025-11-14 13:42:16.798481: 
2025-11-14 13:42:16.798728: Epoch 193
2025-11-14 13:42:16.798868: Current learning rate: 0.00824
2025-11-14 13:46:03.466917: train_loss -0.6184
2025-11-14 13:46:03.467222: val_loss -0.6388
2025-11-14 13:46:03.467352: Pseudo dice [np.float32(0.9121), np.float32(0.7595), np.float32(0.0)]
2025-11-14 13:46:03.467457: Epoch time: 226.67 s
2025-11-14 13:46:04.538096: 
2025-11-14 13:46:04.538325: Epoch 194
2025-11-14 13:46:04.538466: Current learning rate: 0.00824
2025-11-14 13:49:51.612006: train_loss -0.6178
2025-11-14 13:49:51.612309: val_loss -0.6119
2025-11-14 13:49:51.612416: Pseudo dice [np.float32(0.9103), np.float32(0.7576), np.float32(0.0)]
2025-11-14 13:49:51.612517: Epoch time: 227.07 s
2025-11-14 13:49:52.699944: 
2025-11-14 13:49:52.700125: Epoch 195
2025-11-14 13:49:52.700246: Current learning rate: 0.00823
2025-11-14 13:53:39.623077: train_loss -0.6234
2025-11-14 13:53:39.623704: val_loss -0.634
2025-11-14 13:53:39.623816: Pseudo dice [np.float32(0.9138), np.float32(0.7433), np.float32(0.0)]
2025-11-14 13:53:39.623919: Epoch time: 226.92 s
2025-11-14 13:53:40.714515: 
2025-11-14 13:53:40.714733: Epoch 196
2025-11-14 13:53:40.714860: Current learning rate: 0.00822
2025-11-14 13:57:27.658106: train_loss -0.6318
2025-11-14 13:57:27.658396: val_loss -0.6382
2025-11-14 13:57:27.658505: Pseudo dice [np.float32(0.9155), np.float32(0.7615), np.float32(0.0)]
2025-11-14 13:57:27.658608: Epoch time: 226.94 s
2025-11-14 13:57:28.743144: 
2025-11-14 13:57:28.743324: Epoch 197
2025-11-14 13:57:28.743448: Current learning rate: 0.00821
2025-11-14 14:01:15.231804: train_loss -0.6183
2025-11-14 14:01:15.232062: val_loss -0.6291
2025-11-14 14:01:15.232162: Pseudo dice [np.float32(0.9072), np.float32(0.7684), np.float32(0.0)]
2025-11-14 14:01:15.232265: Epoch time: 226.49 s
2025-11-14 14:01:16.314674: 
2025-11-14 14:01:16.315025: Epoch 198
2025-11-14 14:01:16.315309: Current learning rate: 0.0082
2025-11-14 14:05:02.810038: train_loss -0.6371
2025-11-14 14:05:02.810324: val_loss -0.6459
2025-11-14 14:05:02.810430: Pseudo dice [np.float32(0.9132), np.float32(0.7486), np.float32(0.0)]
2025-11-14 14:05:02.810531: Epoch time: 226.5 s
2025-11-14 14:05:03.889004: 
2025-11-14 14:05:03.889292: Epoch 199
2025-11-14 14:05:03.889433: Current learning rate: 0.00819
2025-11-14 14:08:50.387534: train_loss -0.631
2025-11-14 14:08:50.387813: val_loss -0.6355
2025-11-14 14:08:50.387917: Pseudo dice [np.float32(0.9049), np.float32(0.7555), np.float32(0.0)]
2025-11-14 14:08:50.388021: Epoch time: 226.5 s
2025-11-14 14:08:51.775624: 
2025-11-14 14:08:51.775840: Epoch 200
2025-11-14 14:08:51.775971: Current learning rate: 0.00818
2025-11-14 14:12:38.703897: train_loss -0.6303
2025-11-14 14:12:38.704152: val_loss -0.6668
2025-11-14 14:12:38.704255: Pseudo dice [np.float32(0.9115), np.float32(0.7707), np.float32(0.0)]
2025-11-14 14:12:38.704367: Epoch time: 226.93 s
2025-11-14 14:12:39.785944: 
2025-11-14 14:12:39.786167: Epoch 201
2025-11-14 14:12:39.786280: Current learning rate: 0.00817
2025-11-14 14:16:26.469240: train_loss -0.6297
2025-11-14 14:16:26.469517: val_loss -0.642
2025-11-14 14:16:26.469622: Pseudo dice [np.float32(0.9179), np.float32(0.7699), np.float32(0.0)]
2025-11-14 14:16:26.469726: Epoch time: 226.68 s
2025-11-14 14:16:27.560763: 
2025-11-14 14:16:27.560967: Epoch 202
2025-11-14 14:16:27.561086: Current learning rate: 0.00816
2025-11-14 14:20:14.775913: train_loss -0.6291
2025-11-14 14:20:14.776183: val_loss -0.6891
2025-11-14 14:20:14.776294: Pseudo dice [np.float32(0.9111), np.float32(0.7659), np.float32(0.0)]
2025-11-14 14:20:14.776399: Epoch time: 227.22 s
2025-11-14 14:20:15.866065: 
2025-11-14 14:20:15.866369: Epoch 203
2025-11-14 14:20:15.866498: Current learning rate: 0.00815
2025-11-14 14:24:02.562263: train_loss -0.6349
2025-11-14 14:24:02.562537: val_loss -0.6469
2025-11-14 14:24:02.562640: Pseudo dice [np.float32(0.9067), np.float32(0.759), np.float32(0.0)]
2025-11-14 14:24:02.562744: Epoch time: 226.7 s
2025-11-14 14:24:03.975487: 
2025-11-14 14:24:03.975694: Epoch 204
2025-11-14 14:24:03.975818: Current learning rate: 0.00814
2025-11-14 14:27:51.109197: train_loss -0.6254
2025-11-14 14:27:51.109446: val_loss -0.6624
2025-11-14 14:27:51.109559: Pseudo dice [np.float32(0.9106), np.float32(0.7629), np.float32(0.0)]
2025-11-14 14:27:51.109663: Epoch time: 227.13 s
2025-11-14 14:27:52.195231: 
2025-11-14 14:27:52.195456: Epoch 205
2025-11-14 14:27:52.195586: Current learning rate: 0.00813
2025-11-14 14:31:39.311907: train_loss -0.6183
2025-11-14 14:31:39.312171: val_loss -0.6487
2025-11-14 14:31:39.312281: Pseudo dice [np.float32(0.9087), np.float32(0.7556), np.float32(0.0)]
2025-11-14 14:31:39.312385: Epoch time: 227.12 s
2025-11-14 14:31:40.356677: 
2025-11-14 14:31:40.356913: Epoch 206
2025-11-14 14:31:40.357047: Current learning rate: 0.00813
2025-11-14 14:35:27.309257: train_loss -0.6245
2025-11-14 14:35:27.309525: val_loss -0.65
2025-11-14 14:35:27.309629: Pseudo dice [np.float32(0.9055), np.float32(0.7541), np.float32(0.0)]
2025-11-14 14:35:27.309740: Epoch time: 226.95 s
2025-11-14 14:35:28.352525: 
2025-11-14 14:35:28.352714: Epoch 207
2025-11-14 14:35:28.352822: Current learning rate: 0.00812
2025-11-14 14:39:14.986203: train_loss -0.6339
2025-11-14 14:39:14.986472: val_loss -0.6738
2025-11-14 14:39:14.986575: Pseudo dice [np.float32(0.9074), np.float32(0.7543), np.float32(0.0)]
2025-11-14 14:39:14.986677: Epoch time: 226.63 s
2025-11-14 14:39:16.045005: 
2025-11-14 14:39:16.045204: Epoch 208
2025-11-14 14:39:16.045356: Current learning rate: 0.00811
2025-11-14 14:43:03.230672: train_loss -0.6182
2025-11-14 14:43:03.230944: val_loss -0.6254
2025-11-14 14:43:03.231053: Pseudo dice [np.float32(0.9081), np.float32(0.7433), np.float32(0.0)]
2025-11-14 14:43:03.231158: Epoch time: 227.19 s
2025-11-14 14:43:04.280195: 
2025-11-14 14:43:04.280398: Epoch 209
2025-11-14 14:43:04.284905: Current learning rate: 0.0081
2025-11-14 14:46:51.237262: train_loss -0.6255
2025-11-14 14:46:51.237530: val_loss -0.6603
2025-11-14 14:46:51.237630: Pseudo dice [np.float32(0.9098), np.float32(0.763), np.float32(0.0)]
2025-11-14 14:46:51.237731: Epoch time: 226.96 s
2025-11-14 14:46:52.295869: 
2025-11-14 14:46:52.296064: Epoch 210
2025-11-14 14:46:52.296192: Current learning rate: 0.00809
2025-11-14 14:50:38.967663: train_loss -0.6302
2025-11-14 14:50:38.967962: val_loss -0.6376
2025-11-14 14:50:38.968084: Pseudo dice [np.float32(0.9155), np.float32(0.7663), np.float32(0.0)]
2025-11-14 14:50:38.968222: Epoch time: 226.67 s
2025-11-14 14:50:40.017525: 
2025-11-14 14:50:40.017689: Epoch 211
2025-11-14 14:50:40.017797: Current learning rate: 0.00808
2025-11-14 14:54:27.203545: train_loss -0.6141
2025-11-14 14:54:27.203818: val_loss -0.64
2025-11-14 14:54:27.203966: Pseudo dice [np.float32(0.9197), np.float32(0.7611), np.float32(0.0)]
2025-11-14 14:54:27.204072: Epoch time: 227.19 s
2025-11-14 14:54:28.257334: 
2025-11-14 14:54:28.257524: Epoch 212
2025-11-14 14:54:28.257658: Current learning rate: 0.00807
2025-11-14 14:58:15.145499: train_loss -0.6273
2025-11-14 14:58:15.145755: val_loss -0.6563
2025-11-14 14:58:15.145855: Pseudo dice [np.float32(0.9175), np.float32(0.7727), np.float32(0.0)]
2025-11-14 14:58:15.145955: Epoch time: 226.89 s
2025-11-14 14:58:16.207498: 
2025-11-14 14:58:16.207699: Epoch 213
2025-11-14 14:58:16.207832: Current learning rate: 0.00806
2025-11-14 15:02:03.690143: train_loss -0.6154
2025-11-14 15:02:03.690410: val_loss -0.644
2025-11-14 15:02:03.690516: Pseudo dice [np.float32(0.9191), np.float32(0.7665), np.float32(0.0)]
2025-11-14 15:02:03.690619: Epoch time: 227.48 s
2025-11-14 15:02:04.749131: 
2025-11-14 15:02:04.749320: Epoch 214
2025-11-14 15:02:04.749436: Current learning rate: 0.00805
2025-11-14 15:05:51.200748: train_loss -0.6243
2025-11-14 15:05:51.201080: val_loss -0.6455
2025-11-14 15:05:51.201188: Pseudo dice [np.float32(0.9166), np.float32(0.7573), np.float32(0.0)]
2025-11-14 15:05:51.201302: Epoch time: 226.45 s
2025-11-14 15:05:52.266445: 
2025-11-14 15:05:52.266637: Epoch 215
2025-11-14 15:05:52.266762: Current learning rate: 0.00804
2025-11-14 15:09:38.896189: train_loss -0.6246
2025-11-14 15:09:38.896471: val_loss -0.635
2025-11-14 15:09:38.896577: Pseudo dice [np.float32(0.9078), np.float32(0.7525), np.float32(0.0)]
2025-11-14 15:09:38.896683: Epoch time: 226.63 s
2025-11-14 15:09:40.348237: 
2025-11-14 15:09:40.348469: Epoch 216
2025-11-14 15:09:40.348598: Current learning rate: 0.00803
2025-11-14 15:13:26.970306: train_loss -0.6217
2025-11-14 15:13:26.970571: val_loss -0.6585
2025-11-14 15:13:26.970675: Pseudo dice [np.float32(0.9106), np.float32(0.7618), np.float32(0.0)]
2025-11-14 15:13:26.970775: Epoch time: 226.62 s
2025-11-14 15:13:28.015022: 
2025-11-14 15:13:28.015266: Epoch 217
2025-11-14 15:13:28.015398: Current learning rate: 0.00802
2025-11-14 15:17:14.762903: train_loss -0.6277
2025-11-14 15:17:14.763155: val_loss -0.6592
2025-11-14 15:17:14.763258: Pseudo dice [np.float32(0.9111), np.float32(0.7567), np.float32(0.0)]
2025-11-14 15:17:14.763370: Epoch time: 226.75 s
2025-11-14 15:17:15.813257: 
2025-11-14 15:17:15.813481: Epoch 218
2025-11-14 15:17:15.813673: Current learning rate: 0.00801
2025-11-14 15:21:02.708881: train_loss -0.6431
2025-11-14 15:21:02.709146: val_loss -0.6501
2025-11-14 15:21:02.709248: Pseudo dice [np.float32(0.9138), np.float32(0.7549), np.float32(0.0)]
2025-11-14 15:21:02.709359: Epoch time: 226.9 s
2025-11-14 15:21:03.769156: 
2025-11-14 15:21:03.769438: Epoch 219
2025-11-14 15:21:03.769588: Current learning rate: 0.00801
2025-11-14 15:24:50.865596: train_loss -0.6481
2025-11-14 15:24:50.865863: val_loss -0.7057
2025-11-14 15:24:50.865967: Pseudo dice [np.float32(0.9103), np.float32(0.7528), np.float32(0.0)]
2025-11-14 15:24:50.866070: Epoch time: 227.1 s
2025-11-14 15:24:51.921236: 
2025-11-14 15:24:51.921501: Epoch 220
2025-11-14 15:24:51.921627: Current learning rate: 0.008
2025-11-14 15:28:38.515458: train_loss -0.6429
2025-11-14 15:28:38.515730: val_loss -0.6765
2025-11-14 15:28:38.515836: Pseudo dice [np.float32(0.9107), np.float32(0.7628), np.float32(0.0)]
2025-11-14 15:28:38.515939: Epoch time: 226.6 s
2025-11-14 15:28:39.573685: 
2025-11-14 15:28:39.573895: Epoch 221
2025-11-14 15:28:39.574024: Current learning rate: 0.00799
2025-11-14 15:32:26.154942: train_loss -0.6595
2025-11-14 15:32:26.155215: val_loss -0.6789
2025-11-14 15:32:26.155333: Pseudo dice [np.float32(0.9101), np.float32(0.7636), np.float32(0.0)]
2025-11-14 15:32:26.155437: Epoch time: 226.58 s
2025-11-14 15:32:27.201902: 
2025-11-14 15:32:27.202102: Epoch 222
2025-11-14 15:32:27.202222: Current learning rate: 0.00798
2025-11-14 15:36:14.221203: train_loss -0.6581
2025-11-14 15:36:14.221471: val_loss -0.7021
2025-11-14 15:36:14.221574: Pseudo dice [np.float32(0.9087), np.float32(0.76), np.float32(0.0)]
2025-11-14 15:36:14.221677: Epoch time: 227.02 s
2025-11-14 15:36:15.277403: 
2025-11-14 15:36:15.277658: Epoch 223
2025-11-14 15:36:15.277813: Current learning rate: 0.00797
2025-11-14 15:40:02.091733: train_loss -0.6506
2025-11-14 15:40:02.092018: val_loss -0.6912
2025-11-14 15:40:02.092162: Pseudo dice [np.float32(0.9114), np.float32(0.761), np.float32(0.0)]
2025-11-14 15:40:02.092284: Epoch time: 226.82 s
2025-11-14 15:40:03.151813: 
2025-11-14 15:40:03.152032: Epoch 224
2025-11-14 15:40:03.152164: Current learning rate: 0.00796
2025-11-14 15:43:49.856244: train_loss -0.6661
2025-11-14 15:43:49.856525: val_loss -0.7081
2025-11-14 15:43:49.856630: Pseudo dice [np.float32(0.9156), np.float32(0.7664), np.float32(0.0)]
2025-11-14 15:43:49.856733: Epoch time: 226.71 s
2025-11-14 15:43:50.909803: 
2025-11-14 15:43:50.910002: Epoch 225
2025-11-14 15:43:50.910151: Current learning rate: 0.00795
2025-11-14 15:47:37.693297: train_loss -0.6457
2025-11-14 15:47:37.693560: val_loss -0.6813
2025-11-14 15:47:37.693661: Pseudo dice [np.float32(0.916), np.float32(0.7621), np.float32(0.0)]
2025-11-14 15:47:37.693763: Epoch time: 226.78 s
2025-11-14 15:47:38.746500: 
2025-11-14 15:47:38.746753: Epoch 226
2025-11-14 15:47:38.746901: Current learning rate: 0.00794
2025-11-14 15:51:25.850493: train_loss -0.6553
2025-11-14 15:51:25.850758: val_loss -0.6999
2025-11-14 15:51:25.850862: Pseudo dice [np.float32(0.9134), np.float32(0.7733), np.float32(0.0)]
2025-11-14 15:51:25.850963: Epoch time: 227.1 s
2025-11-14 15:51:26.889794: 
2025-11-14 15:51:26.890059: Epoch 227
2025-11-14 15:51:26.890172: Current learning rate: 0.00793
2025-11-14 15:55:13.746281: train_loss -0.6648
2025-11-14 15:55:13.746562: val_loss -0.6654
2025-11-14 15:55:13.746666: Pseudo dice [np.float32(0.9121), np.float32(0.7568), np.float32(0.0)]
2025-11-14 15:55:13.746826: Epoch time: 226.86 s
2025-11-14 15:55:14.785879: 
2025-11-14 15:55:14.786181: Epoch 228
2025-11-14 15:55:14.786310: Current learning rate: 0.00792
2025-11-14 15:59:01.536962: train_loss -0.668
2025-11-14 15:59:01.537241: val_loss -0.6877
2025-11-14 15:59:01.537360: Pseudo dice [np.float32(0.9082), np.float32(0.7629), np.float32(0.0)]
2025-11-14 15:59:01.537467: Epoch time: 226.75 s
2025-11-14 15:59:02.980333: 
2025-11-14 15:59:02.980545: Epoch 229
2025-11-14 15:59:02.980667: Current learning rate: 0.00791
2025-11-14 16:02:49.768296: train_loss -0.6535
2025-11-14 16:02:49.768971: val_loss -0.6878
2025-11-14 16:02:49.769081: Pseudo dice [np.float32(0.9198), np.float32(0.7464), np.float32(0.0)]
2025-11-14 16:02:49.769183: Epoch time: 226.79 s
2025-11-14 16:02:50.801562: 
2025-11-14 16:02:50.801764: Epoch 230
2025-11-14 16:02:50.801888: Current learning rate: 0.0079
2025-11-14 16:06:37.899121: train_loss -0.6587
2025-11-14 16:06:37.899391: val_loss -0.7053
2025-11-14 16:06:37.899498: Pseudo dice [np.float32(0.9068), np.float32(0.7703), np.float32(0.0)]
2025-11-14 16:06:37.899600: Epoch time: 227.1 s
2025-11-14 16:06:38.933501: 
2025-11-14 16:06:38.933888: Epoch 231
2025-11-14 16:06:38.934214: Current learning rate: 0.00789
2025-11-14 16:10:25.612024: train_loss -0.6571
2025-11-14 16:10:25.612314: val_loss -0.6971
2025-11-14 16:10:25.612426: Pseudo dice [np.float32(0.9184), np.float32(0.7533), np.float32(0.0)]
2025-11-14 16:10:25.612530: Epoch time: 226.68 s
2025-11-14 16:10:26.662709: 
2025-11-14 16:10:26.662925: Epoch 232
2025-11-14 16:10:26.663056: Current learning rate: 0.00789
2025-11-14 16:14:13.908902: train_loss -0.6654
2025-11-14 16:14:13.909142: val_loss -0.6924
2025-11-14 16:14:13.909247: Pseudo dice [np.float32(0.9176), np.float32(0.7683), np.float32(0.0)]
2025-11-14 16:14:13.909359: Epoch time: 227.25 s
2025-11-14 16:14:14.960444: 
2025-11-14 16:14:14.960650: Epoch 233
2025-11-14 16:14:14.960770: Current learning rate: 0.00788
2025-11-14 16:18:01.760151: train_loss -0.6641
2025-11-14 16:18:01.760416: val_loss -0.679
2025-11-14 16:18:01.760521: Pseudo dice [np.float32(0.9093), np.float32(0.7597), np.float32(0.0)]
2025-11-14 16:18:01.760623: Epoch time: 226.8 s
2025-11-14 16:18:02.794823: 
2025-11-14 16:18:02.795023: Epoch 234
2025-11-14 16:18:02.795147: Current learning rate: 0.00787
2025-11-14 16:21:49.496685: train_loss -0.6713
2025-11-14 16:21:49.496950: val_loss -0.6745
2025-11-14 16:21:49.497052: Pseudo dice [np.float32(0.9131), np.float32(0.7357), np.float32(0.0)]
2025-11-14 16:21:49.497156: Epoch time: 226.7 s
2025-11-14 16:21:50.538791: 
2025-11-14 16:21:50.538985: Epoch 235
2025-11-14 16:21:50.539108: Current learning rate: 0.00786
2025-11-14 16:25:37.596562: train_loss -0.6531
2025-11-14 16:25:37.596899: val_loss -0.682
2025-11-14 16:25:37.597013: Pseudo dice [np.float32(0.9128), np.float32(0.7512), np.float32(0.0)]
2025-11-14 16:25:37.597119: Epoch time: 227.06 s
2025-11-14 16:25:38.634706: 
2025-11-14 16:25:38.634926: Epoch 236
2025-11-14 16:25:38.635058: Current learning rate: 0.00785
2025-11-14 16:29:25.555738: train_loss -0.6447
2025-11-14 16:29:25.556009: val_loss -0.7113
2025-11-14 16:29:25.556117: Pseudo dice [np.float32(0.9079), np.float32(0.7557), np.float32(0.0)]
2025-11-14 16:29:25.556219: Epoch time: 226.92 s
2025-11-14 16:29:26.600760: 
2025-11-14 16:29:26.600977: Epoch 237
2025-11-14 16:29:26.601115: Current learning rate: 0.00784
2025-11-14 16:33:13.238373: train_loss -0.6668
2025-11-14 16:33:13.238643: val_loss -0.6911
2025-11-14 16:33:13.238748: Pseudo dice [np.float32(0.91), np.float32(0.7572), np.float32(0.0)]
2025-11-14 16:33:13.238850: Epoch time: 226.64 s
2025-11-14 16:33:14.275035: 
2025-11-14 16:33:14.275218: Epoch 238
2025-11-14 16:33:14.275342: Current learning rate: 0.00783
2025-11-14 16:37:00.810868: train_loss -0.6582
2025-11-14 16:37:00.811200: val_loss -0.6915
2025-11-14 16:37:00.811354: Pseudo dice [np.float32(0.9209), np.float32(0.7617), np.float32(0.0)]
2025-11-14 16:37:00.811460: Epoch time: 226.54 s
2025-11-14 16:37:01.850971: 
2025-11-14 16:37:01.851152: Epoch 239
2025-11-14 16:37:01.851298: Current learning rate: 0.00782
2025-11-14 16:40:49.200518: train_loss -0.6648
2025-11-14 16:40:49.200784: val_loss -0.6625
2025-11-14 16:40:49.200888: Pseudo dice [np.float32(0.9116), np.float32(0.7579), np.float32(0.0)]
2025-11-14 16:40:49.200991: Epoch time: 227.35 s
2025-11-14 16:40:50.257931: 
2025-11-14 16:40:50.258133: Epoch 240
2025-11-14 16:40:50.258247: Current learning rate: 0.00781
2025-11-14 16:44:36.957071: train_loss -0.6579
2025-11-14 16:44:36.957354: val_loss -0.7062
2025-11-14 16:44:36.957465: Pseudo dice [np.float32(0.9169), np.float32(0.7448), np.float32(0.0)]
2025-11-14 16:44:36.957568: Epoch time: 226.7 s
2025-11-14 16:44:38.012612: 
2025-11-14 16:44:38.012848: Epoch 241
2025-11-14 16:44:38.013136: Current learning rate: 0.0078
2025-11-14 16:48:24.487559: train_loss -0.6563
2025-11-14 16:48:24.487883: val_loss -0.6976
2025-11-14 16:48:24.487996: Pseudo dice [np.float32(0.9109), np.float32(0.7551), np.float32(0.0)]
2025-11-14 16:48:24.488102: Epoch time: 226.48 s
2025-11-14 16:48:25.919097: 
2025-11-14 16:48:25.919405: Epoch 242
2025-11-14 16:48:25.919561: Current learning rate: 0.00779
2025-11-14 16:52:12.726926: train_loss -0.6525
2025-11-14 16:52:12.727177: val_loss -0.663
2025-11-14 16:52:12.727366: Pseudo dice [np.float32(0.9079), np.float32(0.7577), np.float32(0.0)]
2025-11-14 16:52:12.727482: Epoch time: 226.81 s
2025-11-14 16:52:13.767361: 
2025-11-14 16:52:13.767581: Epoch 243
2025-11-14 16:52:13.767707: Current learning rate: 0.00778
2025-11-14 16:56:00.813678: train_loss -0.6564
2025-11-14 16:56:00.813952: val_loss -0.6833
2025-11-14 16:56:00.814058: Pseudo dice [np.float32(0.9159), np.float32(0.7557), np.float32(0.0)]
2025-11-14 16:56:00.814164: Epoch time: 227.05 s
2025-11-14 16:56:01.867075: 
2025-11-14 16:56:01.867352: Epoch 244
2025-11-14 16:56:01.867479: Current learning rate: 0.00777
2025-11-14 16:59:48.522714: train_loss -0.6509
2025-11-14 16:59:48.523027: val_loss -0.6916
2025-11-14 16:59:48.523139: Pseudo dice [np.float32(0.9113), np.float32(0.7511), np.float32(0.0)]
2025-11-14 16:59:48.523246: Epoch time: 226.66 s
2025-11-14 16:59:49.568924: 
2025-11-14 16:59:49.569199: Epoch 245
2025-11-14 16:59:49.569339: Current learning rate: 0.00777
2025-11-14 17:03:37.097167: train_loss -0.6714
2025-11-14 17:03:37.097451: val_loss -0.6893
2025-11-14 17:03:37.097555: Pseudo dice [np.float32(0.9142), np.float32(0.7565), np.float32(0.0)]
2025-11-14 17:03:37.097657: Epoch time: 227.53 s
2025-11-14 17:03:38.147121: 
2025-11-14 17:03:38.147439: Epoch 246
2025-11-14 17:03:38.147567: Current learning rate: 0.00776
2025-11-14 17:07:25.049266: train_loss -0.6702
2025-11-14 17:07:25.049539: val_loss -0.6874
2025-11-14 17:07:25.049640: Pseudo dice [np.float32(0.9173), np.float32(0.7531), np.float32(0.0)]
2025-11-14 17:07:25.049741: Epoch time: 226.9 s
2025-11-14 17:07:26.096768: 
2025-11-14 17:07:26.096974: Epoch 247
2025-11-14 17:07:26.097106: Current learning rate: 0.00775
2025-11-14 17:11:13.022673: train_loss -0.6655
2025-11-14 17:11:13.022963: val_loss -0.6755
2025-11-14 17:11:13.023068: Pseudo dice [np.float32(0.9146), np.float32(0.7525), np.float32(0.0)]
2025-11-14 17:11:13.023172: Epoch time: 226.93 s
2025-11-14 17:11:14.086432: 
2025-11-14 17:11:14.086769: Epoch 248
2025-11-14 17:11:14.086948: Current learning rate: 0.00774
2025-11-14 17:15:01.038131: train_loss -0.6757
2025-11-14 17:15:01.038412: val_loss -0.698
2025-11-14 17:15:01.038516: Pseudo dice [np.float32(0.9137), np.float32(0.7638), np.float32(0.0)]
2025-11-14 17:15:01.038619: Epoch time: 226.95 s
2025-11-14 17:15:02.106388: 
2025-11-14 17:15:02.106678: Epoch 249
2025-11-14 17:15:02.106861: Current learning rate: 0.00773
2025-11-14 17:18:49.230097: train_loss -0.6695
2025-11-14 17:18:49.230414: val_loss -0.6842
2025-11-14 17:18:49.230523: Pseudo dice [np.float32(0.9147), np.float32(0.7607), np.float32(0.0)]
2025-11-14 17:18:49.230626: Epoch time: 227.12 s
2025-11-14 17:18:50.589824: 
2025-11-14 17:18:50.590038: Epoch 250
2025-11-14 17:18:50.590214: Current learning rate: 0.00772
2025-11-14 17:22:37.492137: train_loss -0.6659
2025-11-14 17:22:37.492422: val_loss -0.6929
2025-11-14 17:22:37.492527: Pseudo dice [np.float32(0.9141), np.float32(0.7507), np.float32(0.0)]
2025-11-14 17:22:37.492630: Epoch time: 226.9 s
2025-11-14 17:22:38.575982: 
2025-11-14 17:22:38.576239: Epoch 251
2025-11-14 17:22:38.576375: Current learning rate: 0.00771
2025-11-14 17:26:26.002038: train_loss -0.6578
2025-11-14 17:26:26.002357: val_loss -0.6822
2025-11-14 17:26:26.002462: Pseudo dice [np.float32(0.9159), np.float32(0.7451), np.float32(0.0)]
2025-11-14 17:26:26.002565: Epoch time: 227.43 s
2025-11-14 17:26:27.069910: 
2025-11-14 17:26:27.070229: Epoch 252
2025-11-14 17:26:27.070408: Current learning rate: 0.0077
2025-11-14 17:30:14.496198: train_loss -0.6705
2025-11-14 17:30:14.496482: val_loss -0.7227
2025-11-14 17:30:14.496589: Pseudo dice [np.float32(0.9119), np.float32(0.759), np.float32(0.0)]
2025-11-14 17:30:14.496723: Epoch time: 227.43 s
2025-11-14 17:30:15.560633: 
2025-11-14 17:30:15.560860: Epoch 253
2025-11-14 17:30:15.560981: Current learning rate: 0.00769
2025-11-14 17:34:02.551111: train_loss -0.6663
2025-11-14 17:34:02.551388: val_loss -0.7066
2025-11-14 17:34:02.551496: Pseudo dice [np.float32(0.9094), np.float32(0.753), np.float32(0.0)]
2025-11-14 17:34:02.551601: Epoch time: 226.99 s
2025-11-14 17:34:03.626380: 
2025-11-14 17:34:03.626613: Epoch 254
2025-11-14 17:34:03.626745: Current learning rate: 0.00768
2025-11-14 17:37:51.372252: train_loss -0.6632
2025-11-14 17:37:51.372540: val_loss -0.7078
2025-11-14 17:37:51.372689: Pseudo dice [np.float32(0.9171), np.float32(0.758), np.float32(0.0)]
2025-11-14 17:37:51.372801: Epoch time: 227.75 s
2025-11-14 17:37:52.846903: 
2025-11-14 17:37:52.847250: Epoch 255
2025-11-14 17:37:52.847397: Current learning rate: 0.00767
2025-11-14 17:41:39.846604: train_loss -0.6526
2025-11-14 17:41:39.846873: val_loss -0.7023
2025-11-14 17:41:39.846980: Pseudo dice [np.float32(0.9078), np.float32(0.7512), np.float32(0.0)]
2025-11-14 17:41:39.847085: Epoch time: 227.0 s
2025-11-14 17:41:40.903175: 
2025-11-14 17:41:40.903394: Epoch 256
2025-11-14 17:41:40.903568: Current learning rate: 0.00766
2025-11-14 17:45:27.794385: train_loss -0.677
2025-11-14 17:45:27.794663: val_loss -0.673
2025-11-14 17:45:27.794783: Pseudo dice [np.float32(0.9071), np.float32(0.741), np.float32(0.0)]
2025-11-14 17:45:27.794897: Epoch time: 226.89 s
2025-11-14 17:45:28.866906: 
2025-11-14 17:45:28.867194: Epoch 257
2025-11-14 17:45:28.867344: Current learning rate: 0.00765
2025-11-14 17:49:16.259045: train_loss -0.6507
2025-11-14 17:49:16.299970: val_loss -0.6732
2025-11-14 17:49:16.300235: Pseudo dice [np.float32(0.9114), np.float32(0.7444), np.float32(0.0)]
2025-11-14 17:49:16.300463: Epoch time: 227.39 s
2025-11-14 17:49:17.379236: 
2025-11-14 17:49:17.379454: Epoch 258
2025-11-14 17:49:17.379579: Current learning rate: 0.00764
2025-11-14 17:53:04.309080: train_loss -0.6693
2025-11-14 17:53:04.309539: val_loss -0.6498
2025-11-14 17:53:04.309658: Pseudo dice [np.float32(0.911), np.float32(0.7398), np.float32(0.0)]
2025-11-14 17:53:04.309766: Epoch time: 226.93 s
2025-11-14 17:53:05.385194: 
2025-11-14 17:53:05.385455: Epoch 259
2025-11-14 17:53:05.385584: Current learning rate: 0.00764
2025-11-14 17:56:52.388572: train_loss -0.6716
2025-11-14 17:56:52.389013: val_loss -0.7
2025-11-14 17:56:52.389125: Pseudo dice [np.float32(0.9159), np.float32(0.7596), np.float32(0.0)]
2025-11-14 17:56:52.389276: Epoch time: 227.0 s
2025-11-14 17:56:53.460898: 
2025-11-14 17:56:53.461118: Epoch 260
2025-11-14 17:56:53.461253: Current learning rate: 0.00763
2025-11-14 18:00:40.923646: train_loss -0.6705
2025-11-14 18:00:40.924159: val_loss -0.709
2025-11-14 18:00:40.924278: Pseudo dice [np.float32(0.902), np.float32(0.7537), np.float32(0.0)]
2025-11-14 18:00:40.924391: Epoch time: 227.46 s
2025-11-14 18:00:41.995167: 
2025-11-14 18:00:41.995475: Epoch 261
2025-11-14 18:00:41.995616: Current learning rate: 0.00762
2025-11-14 18:04:28.924239: train_loss -0.6717
2025-11-14 18:04:28.924708: val_loss -0.6707
2025-11-14 18:04:28.924821: Pseudo dice [np.float32(0.9076), np.float32(0.7558), np.float32(0.0)]
2025-11-14 18:04:28.924958: Epoch time: 226.93 s
2025-11-14 18:04:29.993369: 
2025-11-14 18:04:29.993726: Epoch 262
2025-11-14 18:04:29.993981: Current learning rate: 0.00761
2025-11-14 18:08:17.192527: train_loss -0.6507
2025-11-14 18:08:17.192953: val_loss -0.6703
2025-11-14 18:08:17.193066: Pseudo dice [np.float32(0.909), np.float32(0.7076), np.float32(0.0)]
2025-11-14 18:08:17.193177: Epoch time: 227.2 s
2025-11-14 18:08:18.276830: 
2025-11-14 18:08:18.277030: Epoch 263
2025-11-14 18:08:18.277161: Current learning rate: 0.0076
2025-11-14 18:12:05.524589: train_loss -0.6571
2025-11-14 18:12:05.525091: val_loss -0.6917
2025-11-14 18:12:05.525204: Pseudo dice [np.float32(0.906), np.float32(0.7455), np.float32(0.0)]
2025-11-14 18:12:05.525320: Epoch time: 227.25 s
2025-11-14 18:12:06.604263: 
2025-11-14 18:12:06.604468: Epoch 264
2025-11-14 18:12:06.604597: Current learning rate: 0.00759
2025-11-14 18:15:54.150921: train_loss -0.6559
2025-11-14 18:15:54.151381: val_loss -0.6944
2025-11-14 18:15:54.151490: Pseudo dice [np.float32(0.9034), np.float32(0.7321), np.float32(0.0)]
2025-11-14 18:15:54.151595: Epoch time: 227.55 s
2025-11-14 18:15:55.228306: 
2025-11-14 18:15:55.228588: Epoch 265
2025-11-14 18:15:55.228734: Current learning rate: 0.00758
2025-11-14 18:19:42.838719: train_loss -0.6664
2025-11-14 18:19:42.839237: val_loss -0.6905
2025-11-14 18:19:42.839353: Pseudo dice [np.float32(0.9121), np.float32(0.7273), np.float32(0.0)]
2025-11-14 18:19:42.839459: Epoch time: 227.61 s
2025-11-14 18:19:43.919195: 
2025-11-14 18:19:43.919411: Epoch 266
2025-11-14 18:19:43.919537: Current learning rate: 0.00757
2025-11-14 18:23:30.742332: train_loss -0.6632
2025-11-14 18:23:30.742782: val_loss -0.7088
2025-11-14 18:23:30.742891: Pseudo dice [np.float32(0.9059), np.float32(0.7564), np.float32(0.0)]
2025-11-14 18:23:30.742997: Epoch time: 226.82 s
2025-11-14 18:23:32.209431: 
2025-11-14 18:23:32.209743: Epoch 267
2025-11-14 18:23:32.209903: Current learning rate: 0.00756
2025-11-14 18:27:19.089567: train_loss -0.6664
2025-11-14 18:27:19.090058: val_loss -0.7073
2025-11-14 18:27:19.090180: Pseudo dice [np.float32(0.9096), np.float32(0.7544), np.float32(0.0)]
2025-11-14 18:27:19.090298: Epoch time: 226.88 s
2025-11-14 18:27:20.154726: 
2025-11-14 18:27:20.155123: Epoch 268
2025-11-14 18:27:20.155454: Current learning rate: 0.00755
2025-11-14 18:31:07.363944: train_loss -0.6521
2025-11-14 18:31:07.364420: val_loss -0.6976
2025-11-14 18:31:07.364527: Pseudo dice [np.float32(0.9147), np.float32(0.7515), np.float32(0.0)]
2025-11-14 18:31:07.364635: Epoch time: 227.21 s
2025-11-14 18:31:08.434269: 
2025-11-14 18:31:08.434473: Epoch 269
2025-11-14 18:31:08.434657: Current learning rate: 0.00754
2025-11-14 18:34:55.918029: train_loss -0.6571
2025-11-14 18:34:55.918638: val_loss -0.6767
2025-11-14 18:34:55.918747: Pseudo dice [np.float32(0.9083), np.float32(0.7426), np.float32(0.0)]
2025-11-14 18:34:55.918853: Epoch time: 227.48 s
2025-11-14 18:34:56.988309: 
2025-11-14 18:34:56.988522: Epoch 270
2025-11-14 18:34:56.988646: Current learning rate: 0.00753
2025-11-14 18:38:44.011048: train_loss -0.658
2025-11-14 18:38:44.011522: val_loss -0.6894
2025-11-14 18:38:44.011629: Pseudo dice [np.float32(0.9161), np.float32(0.7613), np.float32(0.0)]
2025-11-14 18:38:44.011872: Epoch time: 227.02 s
2025-11-14 18:38:45.097585: 
2025-11-14 18:38:45.097794: Epoch 271
2025-11-14 18:38:45.097919: Current learning rate: 0.00752
2025-11-14 18:42:31.570363: train_loss -0.6651
2025-11-14 18:42:31.570806: val_loss -0.7148
2025-11-14 18:42:31.570916: Pseudo dice [np.float32(0.9068), np.float32(0.7552), np.float32(0.0)]
2025-11-14 18:42:31.571021: Epoch time: 226.47 s
2025-11-14 18:42:32.647808: 
2025-11-14 18:42:32.648020: Epoch 272
2025-11-14 18:42:32.648146: Current learning rate: 0.00751
2025-11-14 18:46:19.553361: train_loss -0.6529
2025-11-14 18:46:19.553789: val_loss -0.6916
2025-11-14 18:46:19.553898: Pseudo dice [np.float32(0.912), np.float32(0.7612), np.float32(0.0)]
2025-11-14 18:46:19.554004: Epoch time: 226.91 s
2025-11-14 18:46:20.638114: 
2025-11-14 18:46:20.638459: Epoch 273
2025-11-14 18:46:20.638597: Current learning rate: 0.00751
2025-11-14 18:50:08.321707: train_loss -0.6704
2025-11-14 18:50:08.322186: val_loss -0.6629
2025-11-14 18:50:08.322305: Pseudo dice [np.float32(0.9063), np.float32(0.7632), np.float32(0.0)]
2025-11-14 18:50:08.322414: Epoch time: 227.68 s
2025-11-14 18:50:09.399181: 
2025-11-14 18:50:09.399468: Epoch 274
2025-11-14 18:50:09.399602: Current learning rate: 0.0075
2025-11-14 18:53:56.713071: train_loss -0.6702
2025-11-14 18:53:56.713477: val_loss -0.7158
2025-11-14 18:53:56.713585: Pseudo dice [np.float32(0.9229), np.float32(0.7573), np.float32(0.0)]
2025-11-14 18:53:56.713688: Epoch time: 227.31 s
2025-11-14 18:53:57.784138: 
2025-11-14 18:53:57.784353: Epoch 275
2025-11-14 18:53:57.784474: Current learning rate: 0.00749
2025-11-14 18:57:44.933992: train_loss -0.6582
2025-11-14 18:57:44.934642: val_loss -0.6666
2025-11-14 18:57:44.934758: Pseudo dice [np.float32(0.911), np.float32(0.7604), np.float32(0.0)]
2025-11-14 18:57:44.934902: Epoch time: 227.15 s
2025-11-14 18:57:46.007196: 
2025-11-14 18:57:46.007395: Epoch 276
2025-11-14 18:57:46.007517: Current learning rate: 0.00748
2025-11-14 19:01:33.049797: train_loss -0.6533
2025-11-14 19:01:33.050290: val_loss -0.674
2025-11-14 19:01:33.050401: Pseudo dice [np.float32(0.922), np.float32(0.7578), np.float32(0.0)]
2025-11-14 19:01:33.050506: Epoch time: 227.04 s
2025-11-14 19:01:34.121666: 
2025-11-14 19:01:34.148043: Epoch 277
2025-11-14 19:01:34.148432: Current learning rate: 0.00747
2025-11-14 19:05:21.057806: train_loss -0.6633
2025-11-14 19:05:21.058240: val_loss -0.6884
2025-11-14 19:05:21.058364: Pseudo dice [np.float32(0.899), np.float32(0.7479), np.float32(0.0)]
2025-11-14 19:05:21.058470: Epoch time: 226.94 s
2025-11-14 19:05:22.128897: 
2025-11-14 19:05:22.129206: Epoch 278
2025-11-14 19:05:22.129345: Current learning rate: 0.00746
2025-11-14 19:09:09.074408: train_loss -0.6627
2025-11-14 19:09:09.074917: val_loss -0.6795
2025-11-14 19:09:09.075026: Pseudo dice [np.float32(0.9159), np.float32(0.7618), np.float32(0.0)]
2025-11-14 19:09:09.075130: Epoch time: 226.95 s
2025-11-14 19:09:10.530311: 
2025-11-14 19:09:10.530529: Epoch 279
2025-11-14 19:09:10.530654: Current learning rate: 0.00745
2025-11-14 19:12:57.711627: train_loss -0.6539
2025-11-14 19:12:57.712682: val_loss -0.697
2025-11-14 19:12:57.712804: Pseudo dice [np.float32(0.9133), np.float32(0.7459), np.float32(0.0)]
2025-11-14 19:12:57.712919: Epoch time: 227.18 s
2025-11-14 19:12:58.774420: 
2025-11-14 19:12:58.774636: Epoch 280
2025-11-14 19:12:58.774762: Current learning rate: 0.00744
2025-11-14 19:16:46.240202: train_loss -0.6626
2025-11-14 19:16:46.240486: val_loss -0.6847
2025-11-14 19:16:46.240591: Pseudo dice [np.float32(0.9122), np.float32(0.7573), np.float32(0.0)]
2025-11-14 19:16:46.240699: Epoch time: 227.47 s
2025-11-14 19:16:47.308786: 
2025-11-14 19:16:47.309001: Epoch 281
2025-11-14 19:16:47.309123: Current learning rate: 0.00743
2025-11-14 19:20:34.170441: train_loss -0.6663
2025-11-14 19:20:34.170715: val_loss -0.6852
2025-11-14 19:20:34.170823: Pseudo dice [np.float32(0.9162), np.float32(0.7637), np.float32(0.0)]
2025-11-14 19:20:34.170926: Epoch time: 226.86 s
2025-11-14 19:20:35.247370: 
2025-11-14 19:20:35.247579: Epoch 282
2025-11-14 19:20:35.247709: Current learning rate: 0.00742
2025-11-14 19:24:22.458382: train_loss -0.6681
2025-11-14 19:24:22.458676: val_loss -0.6831
2025-11-14 19:24:22.458786: Pseudo dice [np.float32(0.9132), np.float32(0.763), np.float32(0.0)]
2025-11-14 19:24:22.458892: Epoch time: 227.21 s
2025-11-14 19:24:23.532821: 
2025-11-14 19:24:23.533122: Epoch 283
2025-11-14 19:24:23.533279: Current learning rate: 0.00741
2025-11-14 19:28:11.030259: train_loss -0.6715
2025-11-14 19:28:11.030548: val_loss -0.6734
2025-11-14 19:28:11.030720: Pseudo dice [np.float32(0.9161), np.float32(0.7472), np.float32(0.0)]
2025-11-14 19:28:11.030830: Epoch time: 227.5 s
2025-11-14 19:28:12.110744: 
2025-11-14 19:28:12.111021: Epoch 284
2025-11-14 19:28:12.111147: Current learning rate: 0.0074
2025-11-14 19:31:59.429152: train_loss -0.6635
2025-11-14 19:31:59.429436: val_loss -0.6779
2025-11-14 19:31:59.429540: Pseudo dice [np.float32(0.9158), np.float32(0.7439), np.float32(0.0)]
2025-11-14 19:31:59.429644: Epoch time: 227.32 s
2025-11-14 19:32:00.512598: 
2025-11-14 19:32:00.512861: Epoch 285
2025-11-14 19:32:00.512996: Current learning rate: 0.00739
2025-11-14 19:35:47.479234: train_loss -0.6695
2025-11-14 19:35:47.479507: val_loss -0.6597
2025-11-14 19:35:47.479609: Pseudo dice [np.float32(0.9026), np.float32(0.7544), np.float32(0.0)]
2025-11-14 19:35:47.479712: Epoch time: 226.97 s
2025-11-14 19:35:48.561177: 
2025-11-14 19:35:48.561380: Epoch 286
2025-11-14 19:35:48.561506: Current learning rate: 0.00738
2025-11-14 19:39:35.700149: train_loss -0.6571
2025-11-14 19:39:35.700428: val_loss -0.6751
2025-11-14 19:39:35.700577: Pseudo dice [np.float32(0.9099), np.float32(0.7568), np.float32(0.0)]
2025-11-14 19:39:35.700730: Epoch time: 227.14 s
2025-11-14 19:39:36.781231: 
2025-11-14 19:39:36.781427: Epoch 287
2025-11-14 19:39:36.781577: Current learning rate: 0.00738
2025-11-14 19:43:24.268348: train_loss -0.6654
2025-11-14 19:43:24.268609: val_loss -0.714
2025-11-14 19:43:24.268714: Pseudo dice [np.float32(0.9144), np.float32(0.7538), np.float32(0.0)]
2025-11-14 19:43:24.268821: Epoch time: 227.49 s
2025-11-14 19:43:25.350659: 
2025-11-14 19:43:25.350892: Epoch 288
2025-11-14 19:43:25.351031: Current learning rate: 0.00737
2025-11-14 19:47:12.893626: train_loss -0.6574
2025-11-14 19:47:12.893902: val_loss -0.6952
2025-11-14 19:47:12.894006: Pseudo dice [np.float32(0.9111), np.float32(0.7715), np.float32(0.0)]
2025-11-14 19:47:12.894143: Epoch time: 227.54 s
2025-11-14 19:47:13.972230: 
2025-11-14 19:47:13.972457: Epoch 289
2025-11-14 19:47:13.972622: Current learning rate: 0.00736
2025-11-14 19:51:01.373394: train_loss -0.6626
2025-11-14 19:51:01.373670: val_loss -0.6776
2025-11-14 19:51:01.373778: Pseudo dice [np.float32(0.9121), np.float32(0.7445), np.float32(0.0)]
2025-11-14 19:51:01.373883: Epoch time: 227.4 s
2025-11-14 19:51:02.452331: 
2025-11-14 19:51:02.452597: Epoch 290
2025-11-14 19:51:02.452758: Current learning rate: 0.00735
2025-11-14 19:54:49.471724: train_loss -0.6678
2025-11-14 19:54:49.471982: val_loss -0.6849
2025-11-14 19:54:49.472088: Pseudo dice [np.float32(0.9114), np.float32(0.7453), np.float32(0.0)]
2025-11-14 19:54:49.472255: Epoch time: 227.02 s
2025-11-14 19:54:50.555529: 
2025-11-14 19:54:50.555782: Epoch 291
2025-11-14 19:54:50.555943: Current learning rate: 0.00734
2025-11-14 19:58:37.513151: train_loss -0.6787
2025-11-14 19:58:37.513429: val_loss -0.7141
2025-11-14 19:58:37.513539: Pseudo dice [np.float32(0.9144), np.float32(0.7551), np.float32(nan)]
2025-11-14 19:58:37.513643: Epoch time: 226.96 s
2025-11-14 19:58:38.988199: 
2025-11-14 19:58:38.988421: Epoch 292
2025-11-14 19:58:38.988545: Current learning rate: 0.00733
2025-11-14 20:02:26.400417: train_loss -0.6802
2025-11-14 20:02:26.400696: val_loss -0.6849
2025-11-14 20:02:26.400807: Pseudo dice [np.float32(0.9177), np.float32(0.7477), np.float32(0.0)]
2025-11-14 20:02:26.400911: Epoch time: 227.41 s
2025-11-14 20:02:27.471709: 
2025-11-14 20:02:27.471940: Epoch 293
2025-11-14 20:02:27.472070: Current learning rate: 0.00732
2025-11-14 20:06:14.495159: train_loss -0.6522
2025-11-14 20:06:14.495426: val_loss -0.6679
2025-11-14 20:06:14.495533: Pseudo dice [np.float32(0.9106), np.float32(0.7583), np.float32(0.0)]
2025-11-14 20:06:14.495730: Epoch time: 227.02 s
2025-11-14 20:06:15.584872: 
2025-11-14 20:06:15.585097: Epoch 294
2025-11-14 20:06:15.585221: Current learning rate: 0.00731
2025-11-14 20:10:02.756746: train_loss -0.678
2025-11-14 20:10:02.757024: val_loss -0.685
2025-11-14 20:10:02.757128: Pseudo dice [np.float32(0.907), np.float32(0.7665), np.float32(0.0)]
2025-11-14 20:10:02.757232: Epoch time: 227.17 s
2025-11-14 20:10:03.840570: 
2025-11-14 20:10:03.840893: Epoch 295
2025-11-14 20:10:03.841030: Current learning rate: 0.0073
2025-11-14 20:13:50.629699: train_loss -0.6799
2025-11-14 20:13:50.629972: val_loss -0.6937
2025-11-14 20:13:50.630073: Pseudo dice [np.float32(0.9122), np.float32(0.751), np.float32(0.0)]
2025-11-14 20:13:50.630244: Epoch time: 226.79 s
2025-11-14 20:13:51.718566: 
2025-11-14 20:13:51.718771: Epoch 296
2025-11-14 20:13:51.718920: Current learning rate: 0.00729
2025-11-14 20:17:38.761132: train_loss -0.6766
2025-11-14 20:17:38.761442: val_loss -0.7271
2025-11-14 20:17:38.761558: Pseudo dice [np.float32(0.9128), np.float32(0.7672), np.float32(0.0)]
2025-11-14 20:17:38.761662: Epoch time: 227.04 s
2025-11-14 20:17:39.854052: 
2025-11-14 20:17:39.854366: Epoch 297
2025-11-14 20:17:39.854499: Current learning rate: 0.00728
2025-11-14 20:21:27.131165: train_loss -0.6755
2025-11-14 20:21:28.721191: val_loss -0.7182
2025-11-14 20:21:28.721562: Pseudo dice [np.float32(0.9156), np.float32(0.7576), np.float32(0.0)]
2025-11-14 20:21:28.721804: Epoch time: 227.28 s
2025-11-14 20:21:29.814240: 
2025-11-14 20:21:29.814447: Epoch 298
2025-11-14 20:21:29.814617: Current learning rate: 0.00727
2025-11-14 20:25:17.170026: train_loss -0.6701
2025-11-14 20:25:17.170309: val_loss -0.6888
2025-11-14 20:25:17.170419: Pseudo dice [np.float32(0.9174), np.float32(0.7539), np.float32(0.0)]
2025-11-14 20:25:17.170556: Epoch time: 227.36 s
2025-11-14 20:25:18.260346: 
2025-11-14 20:25:18.260625: Epoch 299
2025-11-14 20:25:18.260770: Current learning rate: 0.00726
2025-11-14 20:29:04.990568: train_loss -0.6492
2025-11-14 20:29:04.990828: val_loss -0.676
2025-11-14 20:29:04.990932: Pseudo dice [np.float32(0.9132), np.float32(0.7565), np.float32(0.0)]
2025-11-14 20:29:04.991036: Epoch time: 226.73 s
2025-11-14 20:29:06.425684: 
2025-11-14 20:29:06.425879: Epoch 300
2025-11-14 20:29:06.426002: Current learning rate: 0.00725
2025-11-14 20:32:53.133945: train_loss -0.6641
2025-11-14 20:32:53.134225: val_loss -0.6967
2025-11-14 20:32:53.134336: Pseudo dice [np.float32(0.9097), np.float32(0.7567), np.float32(0.0)]
2025-11-14 20:32:53.134438: Epoch time: 226.71 s
2025-11-14 20:32:54.220888: 
2025-11-14 20:32:54.221097: Epoch 301
2025-11-14 20:32:54.221222: Current learning rate: 0.00724
2025-11-14 20:36:41.462893: train_loss -0.6365
2025-11-14 20:36:41.463174: val_loss -0.693
2025-11-14 20:36:41.463285: Pseudo dice [np.float32(0.9012), np.float32(0.7606), np.float32(0.0)]
2025-11-14 20:36:41.463391: Epoch time: 227.24 s
2025-11-14 20:36:42.561577: 
2025-11-14 20:36:42.561883: Epoch 302
2025-11-14 20:36:42.562090: Current learning rate: 0.00724
2025-11-14 20:40:29.651194: train_loss -0.6603
2025-11-14 20:40:29.651667: val_loss -0.6968
2025-11-14 20:40:29.651772: Pseudo dice [np.float32(0.9148), np.float32(0.7583), np.float32(0.0)]
2025-11-14 20:40:29.651877: Epoch time: 227.09 s
2025-11-14 20:40:30.734277: 
2025-11-14 20:40:30.734473: Epoch 303
2025-11-14 20:40:30.734638: Current learning rate: 0.00723
2025-11-14 20:44:17.575037: train_loss -0.6729
2025-11-14 20:44:17.575372: val_loss -0.6794
2025-11-14 20:44:17.575483: Pseudo dice [np.float32(0.9143), np.float32(0.7493), np.float32(0.0)]
2025-11-14 20:44:17.575587: Epoch time: 226.84 s
2025-11-14 20:44:19.037942: 
2025-11-14 20:44:19.038227: Epoch 304
2025-11-14 20:44:19.038362: Current learning rate: 0.00722
2025-11-14 20:48:06.132323: train_loss -0.6658
2025-11-14 20:48:06.132581: val_loss -0.6789
2025-11-14 20:48:06.132692: Pseudo dice [np.float32(0.9106), np.float32(0.7536), np.float32(0.0)]
2025-11-14 20:48:06.132799: Epoch time: 227.1 s
2025-11-14 20:48:07.209643: 
2025-11-14 20:48:07.209942: Epoch 305
2025-11-14 20:48:07.210075: Current learning rate: 0.00721
2025-11-14 20:51:54.635340: train_loss -0.6665
2025-11-14 20:51:54.635603: val_loss -0.6826
2025-11-14 20:51:54.635704: Pseudo dice [np.float32(0.9103), np.float32(0.7534), np.float32(0.0)]
2025-11-14 20:51:54.635804: Epoch time: 227.43 s
2025-11-14 20:51:55.715219: 
2025-11-14 20:51:55.715536: Epoch 306
2025-11-14 20:51:55.715672: Current learning rate: 0.0072
2025-11-14 20:55:42.652968: train_loss -0.6548
2025-11-14 20:55:42.653251: val_loss -0.6843
2025-11-14 20:55:42.653367: Pseudo dice [np.float32(0.9089), np.float32(0.7625), np.float32(0.0)]
2025-11-14 20:55:42.653470: Epoch time: 226.94 s
2025-11-14 20:55:43.733919: 
2025-11-14 20:55:43.734205: Epoch 307
2025-11-14 20:55:43.734376: Current learning rate: 0.00719
2025-11-14 20:59:30.450444: train_loss -0.6616
2025-11-14 20:59:30.450718: val_loss -0.6858
2025-11-14 20:59:30.450826: Pseudo dice [np.float32(0.9163), np.float32(0.7498), np.float32(0.0)]
2025-11-14 20:59:30.450930: Epoch time: 226.72 s
2025-11-14 20:59:31.537872: 
2025-11-14 20:59:31.538080: Epoch 308
2025-11-14 20:59:31.538287: Current learning rate: 0.00718
2025-11-14 21:03:19.125467: train_loss -0.6585
2025-11-14 21:03:19.125723: val_loss -0.6836
2025-11-14 21:03:19.125825: Pseudo dice [np.float32(0.921), np.float32(0.7664), np.float32(0.0)]
2025-11-14 21:03:19.125929: Epoch time: 227.59 s
2025-11-14 21:03:20.213341: 
2025-11-14 21:03:20.213538: Epoch 309
2025-11-14 21:03:20.213663: Current learning rate: 0.00717
2025-11-14 21:07:07.125476: train_loss -0.6562
2025-11-14 21:07:07.125754: val_loss -0.7182
2025-11-14 21:07:07.125858: Pseudo dice [np.float32(0.9192), np.float32(0.7507), np.float32(0.0)]
2025-11-14 21:07:07.125964: Epoch time: 226.91 s
2025-11-14 21:07:08.216904: 
2025-11-14 21:07:08.217074: Epoch 310
2025-11-14 21:07:08.217187: Current learning rate: 0.00716
2025-11-14 21:10:55.516732: train_loss -0.6546
2025-11-14 21:10:55.517007: val_loss -0.6977
2025-11-14 21:10:55.517113: Pseudo dice [np.float32(0.9095), np.float32(0.7569), np.float32(0.0)]
2025-11-14 21:10:55.517228: Epoch time: 227.3 s
2025-11-14 21:10:56.606298: 
2025-11-14 21:10:56.606500: Epoch 311
2025-11-14 21:10:56.606621: Current learning rate: 0.00715
2025-11-14 21:14:44.144720: train_loss -0.68
2025-11-14 21:14:44.145001: val_loss -0.6871
2025-11-14 21:14:44.145103: Pseudo dice [np.float32(0.9067), np.float32(0.7561), np.float32(0.0)]
2025-11-14 21:14:44.145204: Epoch time: 227.54 s
2025-11-14 21:14:45.228135: 
2025-11-14 21:14:45.228340: Epoch 312
2025-11-14 21:14:45.228467: Current learning rate: 0.00714
2025-11-14 21:18:31.996961: train_loss -0.6714
2025-11-14 21:18:31.997251: val_loss -0.6834
2025-11-14 21:18:31.997397: Pseudo dice [np.float32(0.9153), np.float32(0.7603), np.float32(0.0)]
2025-11-14 21:18:31.997520: Epoch time: 226.77 s
2025-11-14 21:18:33.081792: 
2025-11-14 21:18:33.081994: Epoch 313
2025-11-14 21:18:33.082154: Current learning rate: 0.00713
2025-11-14 21:22:20.251188: train_loss -0.6619
2025-11-14 21:22:20.251472: val_loss -0.693
2025-11-14 21:22:20.251575: Pseudo dice [np.float32(0.9079), np.float32(0.7575), np.float32(0.0)]
2025-11-14 21:22:20.251681: Epoch time: 227.17 s
2025-11-14 21:22:21.338481: 
2025-11-14 21:22:21.338667: Epoch 314
2025-11-14 21:22:21.338790: Current learning rate: 0.00712
2025-11-14 21:26:08.829809: train_loss -0.6792
2025-11-14 21:26:08.830083: val_loss -0.708
2025-11-14 21:26:08.830229: Pseudo dice [np.float32(0.9165), np.float32(0.7584), np.float32(0.0)]
2025-11-14 21:26:08.830350: Epoch time: 227.49 s
2025-11-14 21:26:09.923461: 
2025-11-14 21:26:09.923726: Epoch 315
2025-11-14 21:26:09.923852: Current learning rate: 0.00711
2025-11-14 21:29:57.044109: train_loss -0.6658
2025-11-14 21:29:57.044431: val_loss -0.6701
2025-11-14 21:29:57.044562: Pseudo dice [np.float32(0.9141), np.float32(0.7474), np.float32(0.0)]
2025-11-14 21:29:57.044670: Epoch time: 227.12 s
2025-11-14 21:29:58.521045: 
2025-11-14 21:29:58.521261: Epoch 316
2025-11-14 21:29:58.521384: Current learning rate: 0.0071
2025-11-14 21:33:46.970518: train_loss -0.67
2025-11-14 21:33:46.970796: val_loss -0.6837
2025-11-14 21:33:46.970902: Pseudo dice [np.float32(0.9073), np.float32(0.7445), np.float32(0.0)]
2025-11-14 21:33:46.971004: Epoch time: 228.45 s
2025-11-14 21:33:48.109587: 
2025-11-14 21:33:48.109824: Epoch 317
2025-11-14 21:33:48.109967: Current learning rate: 0.0071
2025-11-14 21:37:35.181096: train_loss -0.6838
2025-11-14 21:37:35.181373: val_loss -0.6924
2025-11-14 21:37:35.181480: Pseudo dice [np.float32(0.9135), np.float32(0.7625), np.float32(0.0)]
2025-11-14 21:37:35.181584: Epoch time: 227.07 s
2025-11-14 21:37:36.270175: 
2025-11-14 21:37:36.270460: Epoch 318
2025-11-14 21:37:36.270616: Current learning rate: 0.00709
2025-11-14 21:41:22.817173: train_loss -0.659
2025-11-14 21:41:22.817473: val_loss -0.7091
2025-11-14 21:41:22.817582: Pseudo dice [np.float32(0.9128), np.float32(0.7579), np.float32(0.0)]
2025-11-14 21:41:22.817686: Epoch time: 226.55 s
2025-11-14 21:41:23.830130: 
2025-11-14 21:41:23.830442: Epoch 319
2025-11-14 21:41:23.830585: Current learning rate: 0.00708
2025-11-14 21:45:10.426731: train_loss -0.6569
2025-11-14 21:45:10.427016: val_loss -0.677
2025-11-14 21:45:10.427117: Pseudo dice [np.float32(0.9132), np.float32(0.7374), np.float32(0.0)]
2025-11-14 21:45:10.427219: Epoch time: 226.6 s
2025-11-14 21:45:11.519312: 
2025-11-14 21:45:11.519509: Epoch 320
2025-11-14 21:45:11.519624: Current learning rate: 0.00707
2025-11-14 21:48:58.901284: train_loss -0.6639
2025-11-14 21:48:58.901608: val_loss -0.6777
2025-11-14 21:48:58.901711: Pseudo dice [np.float32(0.9005), np.float32(0.74), np.float32(0.0)]
2025-11-14 21:48:58.901813: Epoch time: 227.38 s
2025-11-14 21:48:59.987189: 
2025-11-14 21:48:59.987448: Epoch 321
2025-11-14 21:48:59.987578: Current learning rate: 0.00706
2025-11-14 21:52:46.758614: train_loss -0.6587
2025-11-14 21:52:46.758900: val_loss -0.7027
2025-11-14 21:52:46.759007: Pseudo dice [np.float32(0.9114), np.float32(0.7491), np.float32(0.0)]
2025-11-14 21:52:46.759111: Epoch time: 226.77 s
2025-11-14 21:52:47.845777: 
2025-11-14 21:52:47.846071: Epoch 322
2025-11-14 21:52:47.846196: Current learning rate: 0.00705
2025-11-14 21:56:35.026009: train_loss -0.6539
2025-11-14 21:56:35.026290: val_loss -0.7079
2025-11-14 21:56:35.026401: Pseudo dice [np.float32(0.9135), np.float32(0.7581), np.float32(0.0)]
2025-11-14 21:56:35.026508: Epoch time: 227.18 s
2025-11-14 21:56:36.123202: 
2025-11-14 21:56:36.123516: Epoch 323
2025-11-14 21:56:36.123650: Current learning rate: 0.00704
2025-11-14 22:00:23.169861: train_loss -0.6793
2025-11-14 22:00:23.170242: val_loss -0.6871
2025-11-14 22:00:23.170367: Pseudo dice [np.float32(0.9092), np.float32(0.7511), np.float32(0.0)]
2025-11-14 22:00:23.170472: Epoch time: 227.05 s
2025-11-14 22:00:24.260480: 
2025-11-14 22:00:24.260792: Epoch 324
2025-11-14 22:00:24.260917: Current learning rate: 0.00703
2025-11-14 22:04:10.890979: train_loss -0.6761
2025-11-14 22:04:10.891242: val_loss -0.6954
2025-11-14 22:04:10.891354: Pseudo dice [np.float32(0.9205), np.float32(0.7473), np.float32(0.0)]
2025-11-14 22:04:10.891459: Epoch time: 226.63 s
2025-11-14 22:04:11.985365: 
2025-11-14 22:04:11.985559: Epoch 325
2025-11-14 22:04:11.985682: Current learning rate: 0.00702
2025-11-14 22:07:58.798839: train_loss -0.6516
2025-11-14 22:07:58.799109: val_loss -0.6855
2025-11-14 22:07:58.799213: Pseudo dice [np.float32(0.9019), np.float32(0.7458), np.float32(0.0)]
2025-11-14 22:07:58.799336: Epoch time: 226.81 s
2025-11-14 22:07:59.886030: 
2025-11-14 22:07:59.886230: Epoch 326
2025-11-14 22:07:59.886409: Current learning rate: 0.00701
2025-11-14 22:11:47.495836: train_loss -0.6546
2025-11-14 22:11:47.496109: val_loss -0.6924
2025-11-14 22:11:47.496210: Pseudo dice [np.float32(0.9173), np.float32(0.758), np.float32(0.0)]
2025-11-14 22:11:47.496318: Epoch time: 227.61 s
2025-11-14 22:11:48.587196: 
2025-11-14 22:11:48.587470: Epoch 327
2025-11-14 22:11:48.587611: Current learning rate: 0.007
2025-11-14 22:15:35.075499: train_loss -0.68
2025-11-14 22:15:35.075761: val_loss -0.7047
2025-11-14 22:15:35.075867: Pseudo dice [np.float32(0.9139), np.float32(0.7361), np.float32(0.0)]
2025-11-14 22:15:35.075972: Epoch time: 226.49 s
2025-11-14 22:15:36.544914: 
2025-11-14 22:15:36.545123: Epoch 328
2025-11-14 22:15:36.545320: Current learning rate: 0.00699
2025-11-14 22:19:23.985219: train_loss -0.665
2025-11-14 22:19:23.985545: val_loss -0.6741
2025-11-14 22:19:23.985725: Pseudo dice [np.float32(0.9089), np.float32(0.744), np.float32(0.0)]
2025-11-14 22:19:23.985841: Epoch time: 227.44 s
2025-11-14 22:19:25.074614: 
2025-11-14 22:19:25.074883: Epoch 329
2025-11-14 22:19:25.075011: Current learning rate: 0.00698
2025-11-14 22:23:11.760112: train_loss -0.6757
2025-11-14 22:23:11.760400: val_loss -0.6889
2025-11-14 22:23:11.760504: Pseudo dice [np.float32(0.9082), np.float32(0.7468), np.float32(0.0)]
2025-11-14 22:23:11.760605: Epoch time: 226.69 s
2025-11-14 22:23:12.836822: 
2025-11-14 22:23:12.837067: Epoch 330
2025-11-14 22:23:12.837197: Current learning rate: 0.00697
2025-11-14 22:27:00.253003: train_loss -0.6638
2025-11-14 22:27:00.253286: val_loss -0.7083
2025-11-14 22:27:00.253400: Pseudo dice [np.float32(0.9153), np.float32(0.7503), np.float32(0.0)]
2025-11-14 22:27:00.253505: Epoch time: 227.42 s
2025-11-14 22:27:01.341017: 
2025-11-14 22:27:01.341237: Epoch 331
2025-11-14 22:27:01.341390: Current learning rate: 0.00696
2025-11-14 22:30:48.636147: train_loss -0.6578
2025-11-14 22:30:48.636419: val_loss -0.6581
2025-11-14 22:30:48.636527: Pseudo dice [np.float32(0.9092), np.float32(0.7562), np.float32(0.0)]
2025-11-14 22:30:48.636634: Epoch time: 227.3 s
2025-11-14 22:30:49.644826: 
2025-11-14 22:30:49.645042: Epoch 332
2025-11-14 22:30:49.645161: Current learning rate: 0.00696
2025-11-14 22:34:36.435952: train_loss -0.679
2025-11-14 22:34:36.436214: val_loss -0.6902
2025-11-14 22:34:36.436328: Pseudo dice [np.float32(0.9096), np.float32(0.7641), np.float32(0.0)]
2025-11-14 22:34:36.436431: Epoch time: 226.79 s
2025-11-14 22:34:37.529942: 
2025-11-14 22:34:37.530191: Epoch 333
2025-11-14 22:34:37.530338: Current learning rate: 0.00695
2025-11-14 22:38:25.031387: train_loss -0.6691
2025-11-14 22:38:25.031653: val_loss -0.6833
2025-11-14 22:38:25.031755: Pseudo dice [np.float32(0.8957), np.float32(0.7468), np.float32(0.0)]
2025-11-14 22:38:25.031861: Epoch time: 227.5 s
2025-11-14 22:38:26.112967: 
2025-11-14 22:38:26.113198: Epoch 334
2025-11-14 22:38:26.113331: Current learning rate: 0.00694
2025-11-14 22:42:12.881310: train_loss -0.6784
2025-11-14 22:42:12.881581: val_loss -0.6755
2025-11-14 22:42:12.881686: Pseudo dice [np.float32(0.9165), np.float32(0.7538), np.float32(0.0)]
2025-11-14 22:42:12.881792: Epoch time: 226.77 s
2025-11-14 22:42:13.985966: 
2025-11-14 22:42:13.986173: Epoch 335
2025-11-14 22:42:13.986306: Current learning rate: 0.00693
2025-11-14 22:46:00.891929: train_loss -0.6642
2025-11-14 22:46:00.892270: val_loss -0.6789
2025-11-14 22:46:00.892390: Pseudo dice [np.float32(0.9189), np.float32(0.7493), np.float32(0.0)]
2025-11-14 22:46:00.892495: Epoch time: 226.91 s
2025-11-14 22:46:01.989932: 
2025-11-14 22:46:01.990123: Epoch 336
2025-11-14 22:46:01.990243: Current learning rate: 0.00692
2025-11-14 22:49:48.952495: train_loss -0.6583
2025-11-14 22:49:48.952768: val_loss -0.6885
2025-11-14 22:49:48.952876: Pseudo dice [np.float32(0.9064), np.float32(0.7466), np.float32(0.0)]
2025-11-14 22:49:48.952980: Epoch time: 226.96 s
2025-11-14 22:49:50.049796: 
2025-11-14 22:49:50.049998: Epoch 337
2025-11-14 22:49:50.050130: Current learning rate: 0.00691
2025-11-14 22:53:37.017696: train_loss -0.6639
2025-11-14 22:53:37.017961: val_loss -0.6687
2025-11-14 22:53:37.018078: Pseudo dice [np.float32(0.906), np.float32(0.7487), np.float32(0.0)]
2025-11-14 22:53:37.018182: Epoch time: 226.97 s
2025-11-14 22:53:38.110506: 
2025-11-14 22:53:38.110663: Epoch 338
2025-11-14 22:53:38.110785: Current learning rate: 0.0069
2025-11-14 22:57:25.491969: train_loss -0.6759
2025-11-14 22:57:25.492245: val_loss -0.6894
2025-11-14 22:57:25.492362: Pseudo dice [np.float32(0.9115), np.float32(0.7444), np.float32(0.0)]
2025-11-14 22:57:25.492486: Epoch time: 227.38 s
2025-11-14 22:57:26.583361: 
2025-11-14 22:57:26.583556: Epoch 339
2025-11-14 22:57:26.583680: Current learning rate: 0.00689
2025-11-14 23:01:13.697065: train_loss -0.6739
2025-11-14 23:01:13.697328: val_loss -0.6942
2025-11-14 23:01:13.697436: Pseudo dice [np.float32(0.9197), np.float32(0.7563), np.float32(0.0)]
2025-11-14 23:01:13.697540: Epoch time: 227.11 s
2025-11-14 23:01:15.154747: 
2025-11-14 23:01:15.154968: Epoch 340
2025-11-14 23:01:15.155102: Current learning rate: 0.00688
2025-11-14 23:05:02.699551: train_loss -0.653
2025-11-14 23:05:02.700068: val_loss -0.6887
2025-11-14 23:05:02.700300: Pseudo dice [np.float32(0.9198), np.float32(0.7474), np.float32(0.0)]
2025-11-14 23:05:02.700507: Epoch time: 227.55 s
2025-11-14 23:05:03.788343: 
2025-11-14 23:05:03.788578: Epoch 341
2025-11-14 23:05:03.788704: Current learning rate: 0.00687
2025-11-14 23:08:50.948038: train_loss -0.6526
2025-11-14 23:08:50.948371: val_loss -0.6994
2025-11-14 23:08:50.951278: Pseudo dice [np.float32(0.916), np.float32(0.7552), np.float32(0.0)]
2025-11-14 23:08:50.951396: Epoch time: 227.16 s
2025-11-14 23:08:52.041245: 
2025-11-14 23:08:52.041502: Epoch 342
2025-11-14 23:08:52.041666: Current learning rate: 0.00686
2025-11-14 23:12:39.190210: train_loss -0.6645
2025-11-14 23:12:39.190537: val_loss -0.6864
2025-11-14 23:12:39.190645: Pseudo dice [np.float32(0.9112), np.float32(0.7521), np.float32(0.0)]
2025-11-14 23:12:39.190748: Epoch time: 227.15 s
2025-11-14 23:12:40.292662: 
2025-11-14 23:12:40.292935: Epoch 343
2025-11-14 23:12:40.293074: Current learning rate: 0.00685
2025-11-14 23:16:27.474288: train_loss -0.6608
2025-11-14 23:16:27.474551: val_loss -0.7012
2025-11-14 23:16:27.474650: Pseudo dice [np.float32(0.9028), np.float32(0.7481), np.float32(0.0)]
2025-11-14 23:16:27.474752: Epoch time: 227.18 s
2025-11-14 23:16:28.563149: 
2025-11-14 23:16:28.563408: Epoch 344
2025-11-14 23:16:28.563537: Current learning rate: 0.00684
2025-11-14 23:20:15.851871: train_loss -0.6738
2025-11-14 23:20:15.852162: val_loss -0.7039
2025-11-14 23:20:15.852266: Pseudo dice [np.float32(0.9115), np.float32(0.7546), np.float32(0.0)]
2025-11-14 23:20:15.852375: Epoch time: 227.29 s
2025-11-14 23:20:16.953135: 
2025-11-14 23:20:16.953350: Epoch 345
2025-11-14 23:20:16.953516: Current learning rate: 0.00683
2025-11-14 23:24:04.268435: train_loss -0.6658
2025-11-14 23:24:04.268705: val_loss -0.7036
2025-11-14 23:24:04.268805: Pseudo dice [np.float32(0.9119), np.float32(0.7431), np.float32(0.0)]
2025-11-14 23:24:04.268908: Epoch time: 227.32 s
2025-11-14 23:24:05.368261: 
2025-11-14 23:24:05.368618: Epoch 346
2025-11-14 23:24:05.368884: Current learning rate: 0.00682
2025-11-14 23:27:52.592377: train_loss -0.6725
2025-11-14 23:27:52.592647: val_loss -0.6576
2025-11-14 23:27:52.592752: Pseudo dice [np.float32(0.9097), np.float32(0.7534), np.float32(0.0)]
2025-11-14 23:27:52.592854: Epoch time: 227.22 s
2025-11-14 23:27:53.697499: 
2025-11-14 23:27:53.697702: Epoch 347
2025-11-14 23:27:53.697826: Current learning rate: 0.00681
2025-11-14 23:31:41.119150: train_loss -0.6708
2025-11-14 23:31:41.119430: val_loss -0.7049
2025-11-14 23:31:41.119602: Pseudo dice [np.float32(0.9231), np.float32(0.7617), np.float32(0.0)]
2025-11-14 23:31:41.119718: Epoch time: 227.42 s
2025-11-14 23:31:42.219488: 
2025-11-14 23:31:42.219773: Epoch 348
2025-11-14 23:31:42.219899: Current learning rate: 0.0068
2025-11-14 23:35:29.674604: train_loss -0.6843
2025-11-14 23:35:29.674875: val_loss -0.6816
2025-11-14 23:35:29.674980: Pseudo dice [np.float32(0.9131), np.float32(0.7486), np.float32(0.0)]
2025-11-14 23:35:29.675082: Epoch time: 227.46 s
2025-11-14 23:35:30.757324: 
2025-11-14 23:35:30.757539: Epoch 349
2025-11-14 23:35:30.757666: Current learning rate: 0.0068
2025-11-14 23:39:17.799460: train_loss -0.6739
2025-11-14 23:39:17.799715: val_loss -0.6912
2025-11-14 23:39:17.799818: Pseudo dice [np.float32(0.9064), np.float32(0.7391), np.float32(0.0)]
2025-11-14 23:39:17.799920: Epoch time: 227.04 s
2025-11-14 23:39:19.208510: 
2025-11-14 23:39:19.208727: Epoch 350
2025-11-14 23:39:19.208847: Current learning rate: 0.00679
2025-11-14 23:43:06.171564: train_loss -0.6696
2025-11-14 23:43:06.171835: val_loss -0.6967
2025-11-14 23:43:06.171937: Pseudo dice [np.float32(0.9166), np.float32(0.7589), np.float32(0.0)]
2025-11-14 23:43:06.172040: Epoch time: 226.96 s
2025-11-14 23:43:07.672605: 
2025-11-14 23:43:07.672976: Epoch 351
2025-11-14 23:43:07.673117: Current learning rate: 0.00678
2025-11-14 23:46:54.764804: train_loss -0.6737
2025-11-14 23:46:54.765078: val_loss -0.6808
2025-11-14 23:46:54.765184: Pseudo dice [np.float32(0.9121), np.float32(0.7544), np.float32(0.0)]
2025-11-14 23:46:54.765292: Epoch time: 227.09 s
2025-11-14 23:46:55.861212: 
2025-11-14 23:46:55.861477: Epoch 352
2025-11-14 23:46:55.861627: Current learning rate: 0.00677
2025-11-14 23:50:43.102230: train_loss -0.6736
2025-11-14 23:50:43.102498: val_loss -0.7026
2025-11-14 23:50:43.102601: Pseudo dice [np.float32(0.9103), np.float32(0.7311), np.float32(0.0)]
2025-11-14 23:50:43.102781: Epoch time: 227.24 s
2025-11-14 23:50:44.182884: 
2025-11-14 23:50:44.183101: Epoch 353
2025-11-14 23:50:44.183234: Current learning rate: 0.00676
2025-11-14 23:54:31.605415: train_loss -0.6682
2025-11-14 23:54:31.605695: val_loss -0.6884
2025-11-14 23:54:31.605795: Pseudo dice [np.float32(0.9097), np.float32(0.7605), np.float32(0.0)]
2025-11-14 23:54:31.605896: Epoch time: 227.42 s
2025-11-14 23:54:32.703124: 
2025-11-14 23:54:32.703351: Epoch 354
2025-11-14 23:54:32.703480: Current learning rate: 0.00675
2025-11-14 23:58:19.689017: train_loss -0.6644
2025-11-14 23:58:19.689323: val_loss -0.714
2025-11-14 23:58:19.689433: Pseudo dice [np.float32(0.911), np.float32(0.7557), np.float32(0.0)]
2025-11-14 23:58:19.689541: Epoch time: 226.99 s
2025-11-14 23:58:20.787731: 
2025-11-14 23:58:20.788048: Epoch 355
2025-11-14 23:58:20.788196: Current learning rate: 0.00674
2025-11-15 00:02:07.686238: train_loss -0.6613
2025-11-15 00:02:07.686562: val_loss -0.692
2025-11-15 00:02:07.686677: Pseudo dice [np.float32(0.9074), np.float32(0.7611), np.float32(0.0)]
2025-11-15 00:02:07.686783: Epoch time: 226.9 s
2025-11-15 00:02:08.780040: 
2025-11-15 00:02:08.780334: Epoch 356
2025-11-15 00:02:08.780467: Current learning rate: 0.00673
2025-11-15 00:05:55.432442: train_loss -0.6713
2025-11-15 00:05:55.432719: val_loss -0.6704
2025-11-15 00:05:55.432823: Pseudo dice [np.float32(0.9011), np.float32(0.7525), np.float32(0.0)]
2025-11-15 00:05:55.432925: Epoch time: 226.65 s
2025-11-15 00:05:56.527094: 
2025-11-15 00:05:56.527433: Epoch 357
2025-11-15 00:05:56.527670: Current learning rate: 0.00672
2025-11-15 00:09:43.735640: train_loss -0.6546
2025-11-15 00:09:43.735913: val_loss -0.6814
2025-11-15 00:09:43.736013: Pseudo dice [np.float32(0.9095), np.float32(0.7596), np.float32(0.0)]
2025-11-15 00:09:43.736116: Epoch time: 227.21 s
2025-11-15 00:09:44.831545: 
2025-11-15 00:09:44.831775: Epoch 358
2025-11-15 00:09:44.831904: Current learning rate: 0.00671
2025-11-15 00:13:31.535931: train_loss -0.6617
2025-11-15 00:13:31.536204: val_loss -0.6843
2025-11-15 00:13:31.536320: Pseudo dice [np.float32(0.9055), np.float32(0.7414), np.float32(0.0)]
2025-11-15 00:13:31.536427: Epoch time: 226.71 s
2025-11-15 00:13:32.634253: 
2025-11-15 00:13:32.634473: Epoch 359
2025-11-15 00:13:32.634604: Current learning rate: 0.0067
2025-11-15 00:17:19.527497: train_loss -0.6587
2025-11-15 00:17:19.527768: val_loss -0.7037
2025-11-15 00:17:19.527869: Pseudo dice [np.float32(0.9095), np.float32(0.7401), np.float32(0.0)]
2025-11-15 00:17:19.527970: Epoch time: 226.89 s
2025-11-15 00:17:20.631257: 
2025-11-15 00:17:20.631522: Epoch 360
2025-11-15 00:17:20.631757: Current learning rate: 0.00669
2025-11-15 00:21:07.528759: train_loss -0.6546
2025-11-15 00:21:07.529073: val_loss -0.6835
2025-11-15 00:21:07.529184: Pseudo dice [np.float32(0.9265), np.float32(0.7562), np.float32(0.0)]
2025-11-15 00:21:07.529297: Epoch time: 226.9 s
2025-11-15 00:21:08.630645: 
2025-11-15 00:21:08.630914: Epoch 361
2025-11-15 00:21:08.631049: Current learning rate: 0.00668
2025-11-15 00:24:55.635725: train_loss -0.6719
2025-11-15 00:24:55.635996: val_loss -0.684
2025-11-15 00:24:55.636097: Pseudo dice [np.float32(0.9065), np.float32(0.7397), np.float32(0.0)]
2025-11-15 00:24:55.636198: Epoch time: 227.01 s
2025-11-15 00:24:56.732414: 
2025-11-15 00:24:56.732615: Epoch 362
2025-11-15 00:24:56.732739: Current learning rate: 0.00667
2025-11-15 00:28:43.699099: train_loss -0.668
2025-11-15 00:28:43.699375: val_loss -0.6983
2025-11-15 00:28:43.699481: Pseudo dice [np.float32(0.9147), np.float32(0.7602), np.float32(0.0)]
2025-11-15 00:28:43.699588: Epoch time: 226.97 s
2025-11-15 00:28:45.193282: 
2025-11-15 00:28:45.193635: Epoch 363
2025-11-15 00:28:45.193888: Current learning rate: 0.00666
2025-11-15 00:32:32.332292: train_loss -0.6782
2025-11-15 00:32:32.332557: val_loss -0.687
2025-11-15 00:32:32.332659: Pseudo dice [np.float32(0.9147), np.float32(0.7509), np.float32(0.0)]
2025-11-15 00:32:32.332865: Epoch time: 227.14 s
2025-11-15 00:32:33.431736: 
2025-11-15 00:32:33.431965: Epoch 364
2025-11-15 00:32:33.432124: Current learning rate: 0.00665
2025-11-15 00:36:20.266223: train_loss -0.6732
2025-11-15 00:36:20.266499: val_loss -0.6832
2025-11-15 00:36:20.266605: Pseudo dice [np.float32(0.922), np.float32(0.7458), np.float32(0.0)]
2025-11-15 00:36:20.266707: Epoch time: 226.84 s
2025-11-15 00:36:21.278319: 
2025-11-15 00:36:21.278595: Epoch 365
2025-11-15 00:36:21.278719: Current learning rate: 0.00665
2025-11-15 00:40:08.939153: train_loss -0.6816
2025-11-15 00:40:08.939424: val_loss -0.7148
2025-11-15 00:40:08.939528: Pseudo dice [np.float32(0.919), np.float32(0.7484), np.float32(0.0)]
2025-11-15 00:40:08.939630: Epoch time: 227.66 s
2025-11-15 00:40:10.043923: 
2025-11-15 00:40:10.044137: Epoch 366
2025-11-15 00:40:10.044269: Current learning rate: 0.00664
2025-11-15 00:43:57.296654: train_loss -0.662
2025-11-15 00:43:57.296936: val_loss -0.6873
2025-11-15 00:43:57.297045: Pseudo dice [np.float32(0.9188), np.float32(0.7493), np.float32(0.0)]
2025-11-15 00:43:57.297150: Epoch time: 227.25 s
2025-11-15 00:43:58.399619: 
2025-11-15 00:43:58.399843: Epoch 367
2025-11-15 00:43:58.399971: Current learning rate: 0.00663
2025-11-15 00:47:45.567161: train_loss -0.6727
2025-11-15 00:47:45.567440: val_loss -0.7179
2025-11-15 00:47:45.567544: Pseudo dice [np.float32(0.9136), np.float32(0.7365), np.float32(0.0)]
2025-11-15 00:47:45.567645: Epoch time: 227.17 s
2025-11-15 00:47:46.590355: 
2025-11-15 00:47:46.590580: Epoch 368
2025-11-15 00:47:46.590705: Current learning rate: 0.00662
2025-11-15 00:51:33.526666: train_loss -0.6803
2025-11-15 00:51:33.526947: val_loss -0.6679
2025-11-15 00:51:33.527053: Pseudo dice [np.float32(0.9073), np.float32(0.7541), np.float32(0.0)]
2025-11-15 00:51:33.527157: Epoch time: 226.94 s
2025-11-15 00:51:34.625044: 
2025-11-15 00:51:34.625255: Epoch 369
2025-11-15 00:51:34.625388: Current learning rate: 0.00661
2025-11-15 00:55:21.792944: train_loss -0.6697
2025-11-15 00:55:21.793211: val_loss -0.6762
2025-11-15 00:55:21.793328: Pseudo dice [np.float32(0.9086), np.float32(0.7475), np.float32(0.0)]
2025-11-15 00:55:21.793436: Epoch time: 227.17 s
2025-11-15 00:55:22.894045: 
2025-11-15 00:55:22.894306: Epoch 370
2025-11-15 00:55:22.894437: Current learning rate: 0.0066
2025-11-15 00:59:09.720748: train_loss -0.6554
2025-11-15 00:59:09.721020: val_loss -0.6772
2025-11-15 00:59:09.721124: Pseudo dice [np.float32(0.9161), np.float32(0.752), np.float32(0.0)]
2025-11-15 00:59:09.721226: Epoch time: 226.83 s
2025-11-15 00:59:10.845387: 
2025-11-15 00:59:10.845581: Epoch 371
2025-11-15 00:59:10.845705: Current learning rate: 0.00659
2025-11-15 01:02:57.911772: train_loss -0.6651
2025-11-15 01:02:57.912045: val_loss -0.6897
2025-11-15 01:02:57.912146: Pseudo dice [np.float32(0.9177), np.float32(0.749), np.float32(0.0)]
2025-11-15 01:02:57.912248: Epoch time: 227.07 s
2025-11-15 01:02:59.003396: 
2025-11-15 01:02:59.003593: Epoch 372
2025-11-15 01:02:59.003714: Current learning rate: 0.00658
2025-11-15 01:06:46.212052: train_loss -0.6682
2025-11-15 01:06:46.212333: val_loss -0.7128
2025-11-15 01:06:46.212436: Pseudo dice [np.float32(0.9045), np.float32(0.752), np.float32(0.0)]
2025-11-15 01:06:46.212537: Epoch time: 227.21 s
2025-11-15 01:06:47.301768: 
2025-11-15 01:06:47.301980: Epoch 373
2025-11-15 01:06:47.302115: Current learning rate: 0.00657
2025-11-15 01:10:34.462136: train_loss -0.6685
2025-11-15 01:10:34.462415: val_loss -0.707
2025-11-15 01:10:34.462595: Pseudo dice [np.float32(0.912), np.float32(0.737), np.float32(0.0)]
2025-11-15 01:10:34.462774: Epoch time: 227.16 s
2025-11-15 01:10:35.559703: 
2025-11-15 01:10:35.559923: Epoch 374
2025-11-15 01:10:35.560061: Current learning rate: 0.00656
2025-11-15 01:14:22.444621: train_loss -0.6707
2025-11-15 01:14:22.444921: val_loss -0.6892
2025-11-15 01:14:22.445025: Pseudo dice [np.float32(0.9133), np.float32(0.7459), np.float32(0.0)]
2025-11-15 01:14:22.445129: Epoch time: 226.89 s
2025-11-15 01:14:23.907447: 
2025-11-15 01:14:23.907741: Epoch 375
2025-11-15 01:14:23.907895: Current learning rate: 0.00655
2025-11-15 01:18:10.925781: train_loss -0.6727
2025-11-15 01:18:10.926059: val_loss -0.6869
2025-11-15 01:18:10.926162: Pseudo dice [np.float32(0.9159), np.float32(0.7598), np.float32(0.0)]
2025-11-15 01:18:10.926266: Epoch time: 227.02 s
2025-11-15 01:18:12.025283: 
2025-11-15 01:18:12.025500: Epoch 376
2025-11-15 01:18:12.025628: Current learning rate: 0.00654
2025-11-15 01:21:59.159584: train_loss -0.6896
2025-11-15 01:21:59.159846: val_loss -0.6804
2025-11-15 01:21:59.159952: Pseudo dice [np.float32(0.9064), np.float32(0.747), np.float32(0.0)]
2025-11-15 01:21:59.160058: Epoch time: 227.14 s
2025-11-15 01:22:00.181390: 
2025-11-15 01:22:00.181696: Epoch 377
2025-11-15 01:22:00.181834: Current learning rate: 0.00653
2025-11-15 01:25:47.144358: train_loss -0.6889
2025-11-15 01:25:47.144596: val_loss -0.6832
2025-11-15 01:25:47.144704: Pseudo dice [np.float32(0.9081), np.float32(0.7461), np.float32(0.0)]
2025-11-15 01:25:47.144811: Epoch time: 226.96 s
2025-11-15 01:25:48.251198: 
2025-11-15 01:25:48.251453: Epoch 378
2025-11-15 01:25:48.251586: Current learning rate: 0.00652
2025-11-15 01:29:35.836703: train_loss -0.6375
2025-11-15 01:29:35.836964: val_loss -0.6807
2025-11-15 01:29:35.837070: Pseudo dice [np.float32(0.9067), np.float32(0.7501), np.float32(0.0)]
2025-11-15 01:29:35.837183: Epoch time: 227.59 s
2025-11-15 01:29:36.942545: 
2025-11-15 01:29:36.942808: Epoch 379
2025-11-15 01:29:36.942941: Current learning rate: 0.00651
2025-11-15 01:33:23.878371: train_loss -0.6752
2025-11-15 01:33:23.878715: val_loss -0.6784
2025-11-15 01:33:23.878824: Pseudo dice [np.float32(0.9129), np.float32(0.7523), np.float32(0.0)]
2025-11-15 01:33:23.878928: Epoch time: 226.94 s
2025-11-15 01:33:24.906121: 
2025-11-15 01:33:24.906376: Epoch 380
2025-11-15 01:33:24.906505: Current learning rate: 0.0065
2025-11-15 01:37:12.014345: train_loss -0.6635
2025-11-15 01:37:12.014620: val_loss -0.7081
2025-11-15 01:37:12.014723: Pseudo dice [np.float32(0.9128), np.float32(0.7633), np.float32(0.0)]
2025-11-15 01:37:12.014826: Epoch time: 227.11 s
2025-11-15 01:37:13.123724: 
2025-11-15 01:37:13.123926: Epoch 381
2025-11-15 01:37:13.124045: Current learning rate: 0.00649
2025-11-15 01:41:00.105244: train_loss -0.689
2025-11-15 01:41:00.105529: val_loss -0.6885
2025-11-15 01:41:00.105631: Pseudo dice [np.float32(0.9095), np.float32(0.7513), np.float32(0.0)]
2025-11-15 01:41:00.105735: Epoch time: 226.98 s
2025-11-15 01:41:01.220851: 
2025-11-15 01:41:01.221066: Epoch 382
2025-11-15 01:41:01.221194: Current learning rate: 0.00648
2025-11-15 01:44:48.337434: train_loss -0.6732
2025-11-15 01:44:48.337702: val_loss -0.6995
2025-11-15 01:44:48.337811: Pseudo dice [np.float32(0.9075), np.float32(0.7508), np.float32(0.0)]
2025-11-15 01:44:48.337915: Epoch time: 227.12 s
2025-11-15 01:44:49.455764: 
2025-11-15 01:44:49.455979: Epoch 383
2025-11-15 01:44:49.456107: Current learning rate: 0.00648
2025-11-15 01:48:36.006003: train_loss -0.6815
2025-11-15 01:48:36.006291: val_loss -0.6726
2025-11-15 01:48:36.006401: Pseudo dice [np.float32(0.9073), np.float32(0.7424), np.float32(0.0)]
2025-11-15 01:48:36.006507: Epoch time: 226.55 s
2025-11-15 01:48:37.125637: 
2025-11-15 01:48:37.125835: Epoch 384
2025-11-15 01:48:37.125967: Current learning rate: 0.00647
2025-11-15 01:52:24.936530: train_loss -0.6706
2025-11-15 01:52:24.936812: val_loss -0.6698
2025-11-15 01:52:24.936917: Pseudo dice [np.float32(0.9119), np.float32(0.7608), np.float32(0.0)]
2025-11-15 01:52:24.937022: Epoch time: 227.81 s
2025-11-15 01:52:26.056858: 
2025-11-15 01:52:26.057059: Epoch 385
2025-11-15 01:52:26.057185: Current learning rate: 0.00646
2025-11-15 01:56:13.320787: train_loss -0.6605
2025-11-15 01:56:13.321094: val_loss -0.7082
2025-11-15 01:56:13.326289: Pseudo dice [np.float32(0.8986), np.float32(0.7476), np.float32(0.0)]
2025-11-15 01:56:13.326432: Epoch time: 227.26 s
2025-11-15 01:56:14.435393: 
2025-11-15 01:56:14.435586: Epoch 386
2025-11-15 01:56:14.435710: Current learning rate: 0.00645
2025-11-15 02:00:02.010525: train_loss -0.6597
2025-11-15 02:00:02.010800: val_loss -0.7157
2025-11-15 02:00:02.010904: Pseudo dice [np.float32(0.9117), np.float32(0.7491), np.float32(0.0)]
2025-11-15 02:00:02.011008: Epoch time: 227.58 s
2025-11-15 02:00:03.516605: 
2025-11-15 02:00:03.516816: Epoch 387
2025-11-15 02:00:03.516992: Current learning rate: 0.00644
2025-11-15 02:03:51.149024: train_loss -0.673
2025-11-15 02:03:51.149325: val_loss -0.6639
2025-11-15 02:03:51.149438: Pseudo dice [np.float32(0.9191), np.float32(0.7492), np.float32(0.0)]
2025-11-15 02:03:51.149543: Epoch time: 227.63 s
2025-11-15 02:03:52.256290: 
2025-11-15 02:03:52.256503: Epoch 388
2025-11-15 02:03:52.256621: Current learning rate: 0.00643
2025-11-15 02:07:39.524863: train_loss -0.6709
2025-11-15 02:07:39.525145: val_loss -0.6914
2025-11-15 02:07:39.525248: Pseudo dice [np.float32(0.9128), np.float32(0.7545), np.float32(0.0)]
2025-11-15 02:07:39.525359: Epoch time: 227.27 s
2025-11-15 02:07:40.580971: 
2025-11-15 02:07:40.581251: Epoch 389
2025-11-15 02:07:40.581387: Current learning rate: 0.00642
2025-11-15 02:11:27.727814: train_loss -0.6826
2025-11-15 02:11:27.728083: val_loss -0.6968
2025-11-15 02:11:27.728187: Pseudo dice [np.float32(0.9144), np.float32(0.7699), np.float32(0.0)]
2025-11-15 02:11:27.728302: Epoch time: 227.15 s
2025-11-15 02:11:28.846345: 
2025-11-15 02:11:28.846549: Epoch 390
2025-11-15 02:11:28.846674: Current learning rate: 0.00641
2025-11-15 02:15:16.441178: train_loss -0.67
2025-11-15 02:15:16.441494: val_loss -0.6858
2025-11-15 02:15:16.441679: Pseudo dice [np.float32(0.9041), np.float32(0.754), np.float32(0.0)]
2025-11-15 02:15:16.441802: Epoch time: 227.6 s
2025-11-15 02:15:17.552019: 
2025-11-15 02:15:17.552223: Epoch 391
2025-11-15 02:15:17.552394: Current learning rate: 0.0064
2025-11-15 02:19:04.688739: train_loss -0.6858
2025-11-15 02:19:04.689034: val_loss -0.69
2025-11-15 02:19:04.689143: Pseudo dice [np.float32(0.9094), np.float32(0.766), np.float32(0.0)]
2025-11-15 02:19:04.689247: Epoch time: 227.14 s
2025-11-15 02:19:05.801939: 
2025-11-15 02:19:05.802190: Epoch 392
2025-11-15 02:19:05.802327: Current learning rate: 0.00639
2025-11-15 02:22:52.914492: train_loss -0.6728
2025-11-15 02:22:52.914798: val_loss -0.6986
2025-11-15 02:22:52.914914: Pseudo dice [np.float32(0.9084), np.float32(0.7437), np.float32(0.0)]
2025-11-15 02:22:52.915023: Epoch time: 227.11 s
2025-11-15 02:22:54.018781: 
2025-11-15 02:22:54.019012: Epoch 393
2025-11-15 02:22:54.019150: Current learning rate: 0.00638
2025-11-15 02:26:40.639490: train_loss -0.6712
2025-11-15 02:26:40.639763: val_loss -0.6984
2025-11-15 02:26:40.639865: Pseudo dice [np.float32(0.923), np.float32(0.7539), np.float32(0.0)]
2025-11-15 02:26:40.639967: Epoch time: 226.62 s
2025-11-15 02:26:41.764988: 
2025-11-15 02:26:41.765184: Epoch 394
2025-11-15 02:26:41.765309: Current learning rate: 0.00637
2025-11-15 02:30:28.720606: train_loss -0.672
2025-11-15 02:30:28.720873: val_loss -0.7218
2025-11-15 02:30:28.720975: Pseudo dice [np.float32(0.9162), np.float32(0.7616), np.float32(0.0)]
2025-11-15 02:30:28.721078: Epoch time: 226.96 s
2025-11-15 02:30:29.832681: 
2025-11-15 02:30:29.832969: Epoch 395
2025-11-15 02:30:29.833109: Current learning rate: 0.00636
2025-11-15 02:34:16.998508: train_loss -0.6862
2025-11-15 02:34:16.998811: val_loss -0.6918
2025-11-15 02:34:16.998919: Pseudo dice [np.float32(0.9161), np.float32(0.7577), np.float32(0.0)]
2025-11-15 02:34:16.999024: Epoch time: 227.17 s
2025-11-15 02:34:18.108820: 
2025-11-15 02:34:18.109154: Epoch 396
2025-11-15 02:34:18.109301: Current learning rate: 0.00635
2025-11-15 02:38:05.042541: train_loss -0.6826
2025-11-15 02:38:05.042842: val_loss -0.6926
2025-11-15 02:38:05.042954: Pseudo dice [np.float32(0.9103), np.float32(0.7533), np.float32(0.0)]
2025-11-15 02:38:05.043058: Epoch time: 226.93 s
2025-11-15 02:38:06.162921: 
2025-11-15 02:38:06.163132: Epoch 397
2025-11-15 02:38:06.163268: Current learning rate: 0.00634
2025-11-15 02:41:53.708000: train_loss -0.6816
2025-11-15 02:41:53.708296: val_loss -0.6907
2025-11-15 02:41:53.708412: Pseudo dice [np.float32(0.9143), np.float32(0.7583), np.float32(0.0)]
2025-11-15 02:41:53.708522: Epoch time: 227.55 s
2025-11-15 02:41:55.145507: 
2025-11-15 02:41:55.145748: Epoch 398
2025-11-15 02:41:55.145878: Current learning rate: 0.00633
2025-11-15 02:45:42.493581: train_loss -0.6631
2025-11-15 02:45:42.493837: val_loss -0.6939
2025-11-15 02:45:42.493938: Pseudo dice [np.float32(0.9143), np.float32(0.7614), np.float32(0.0)]
2025-11-15 02:45:42.494040: Epoch time: 227.35 s
2025-11-15 02:45:43.592205: 
2025-11-15 02:45:43.592537: Epoch 399
2025-11-15 02:45:43.592665: Current learning rate: 0.00632
2025-11-15 02:49:30.725502: train_loss -0.6559
2025-11-15 02:49:30.725793: val_loss -0.6674
2025-11-15 02:49:30.725906: Pseudo dice [np.float32(0.9131), np.float32(0.7608), np.float32(0.0)]
2025-11-15 02:49:30.726033: Epoch time: 227.13 s
2025-11-15 02:49:32.122888: 
2025-11-15 02:49:32.123150: Epoch 400
2025-11-15 02:49:32.123298: Current learning rate: 0.00631
2025-11-15 02:53:19.406474: train_loss -0.67
2025-11-15 02:53:19.406737: val_loss -0.6725
2025-11-15 02:53:19.406844: Pseudo dice [np.float32(0.917), np.float32(0.7539), np.float32(0.0)]
2025-11-15 02:53:19.406945: Epoch time: 227.28 s
2025-11-15 02:53:20.512837: 
2025-11-15 02:53:20.513117: Epoch 401
2025-11-15 02:53:20.513258: Current learning rate: 0.0063
2025-11-15 02:57:07.826161: train_loss -0.6568
2025-11-15 02:57:07.826433: val_loss -0.6688
2025-11-15 02:57:07.826539: Pseudo dice [np.float32(0.9092), np.float32(0.7487), np.float32(0.0)]
2025-11-15 02:57:07.826641: Epoch time: 227.31 s
2025-11-15 02:57:08.948793: 
2025-11-15 02:57:08.949038: Epoch 402
2025-11-15 02:57:08.949193: Current learning rate: 0.0063
2025-11-15 03:00:55.671265: train_loss -0.6708
2025-11-15 03:00:55.671534: val_loss -0.6995
2025-11-15 03:00:55.671641: Pseudo dice [np.float32(0.9122), np.float32(0.753), np.float32(0.0)]
2025-11-15 03:00:55.671745: Epoch time: 226.72 s
2025-11-15 03:00:56.788207: 
2025-11-15 03:00:56.788393: Epoch 403
2025-11-15 03:00:56.788517: Current learning rate: 0.00629
2025-11-15 03:04:43.485654: train_loss -0.6928
2025-11-15 03:04:43.485926: val_loss -0.6978
2025-11-15 03:04:43.486030: Pseudo dice [np.float32(0.9151), np.float32(0.755), np.float32(0.0)]
2025-11-15 03:04:43.486132: Epoch time: 226.7 s
2025-11-15 03:04:44.602566: 
2025-11-15 03:04:44.602802: Epoch 404
2025-11-15 03:04:44.602925: Current learning rate: 0.00628
2025-11-15 03:08:31.901872: train_loss -0.6894
2025-11-15 03:08:31.902143: val_loss -0.6904
2025-11-15 03:08:31.902245: Pseudo dice [np.float32(0.9121), np.float32(0.7521), np.float32(0.0)]
2025-11-15 03:08:31.902356: Epoch time: 227.3 s
2025-11-15 03:08:33.013078: 
2025-11-15 03:08:33.013373: Epoch 405
2025-11-15 03:08:33.013500: Current learning rate: 0.00627
2025-11-15 03:12:19.977958: train_loss -0.6989
2025-11-15 03:12:19.978225: val_loss -0.6677
2025-11-15 03:12:19.978339: Pseudo dice [np.float32(0.9153), np.float32(0.743), np.float32(0.0)]
2025-11-15 03:12:19.978443: Epoch time: 226.97 s
2025-11-15 03:12:21.098816: 
2025-11-15 03:12:21.099026: Epoch 406
2025-11-15 03:12:21.099158: Current learning rate: 0.00626
2025-11-15 03:16:08.236569: train_loss -0.6701
2025-11-15 03:16:08.236877: val_loss -0.6857
2025-11-15 03:16:08.236984: Pseudo dice [np.float32(0.9175), np.float32(0.7628), np.float32(0.0)]
2025-11-15 03:16:08.237087: Epoch time: 227.14 s
2025-11-15 03:16:09.339869: 
2025-11-15 03:16:09.340103: Epoch 407
2025-11-15 03:16:09.340235: Current learning rate: 0.00625
2025-11-15 03:19:56.239740: train_loss -0.6832
2025-11-15 03:19:56.240010: val_loss -0.6958
2025-11-15 03:19:56.240115: Pseudo dice [np.float32(0.9156), np.float32(0.739), np.float32(0.0)]
2025-11-15 03:19:56.240218: Epoch time: 226.9 s
2025-11-15 03:19:57.348247: 
2025-11-15 03:19:57.348456: Epoch 408
2025-11-15 03:19:57.348579: Current learning rate: 0.00624
2025-11-15 03:23:44.158462: train_loss -0.6819
2025-11-15 03:23:44.158842: val_loss -0.6757
2025-11-15 03:23:44.158958: Pseudo dice [np.float32(0.9127), np.float32(0.7606), np.float32(0.0)]
2025-11-15 03:23:44.159064: Epoch time: 226.81 s
2025-11-15 03:23:45.271650: 
2025-11-15 03:23:45.271847: Epoch 409
2025-11-15 03:23:45.271968: Current learning rate: 0.00623
2025-11-15 03:27:32.606754: train_loss -0.6786
2025-11-15 03:27:32.607025: val_loss -0.7127
2025-11-15 03:27:32.607129: Pseudo dice [np.float32(0.905), np.float32(0.7461), np.float32(0.0)]
2025-11-15 03:27:32.607231: Epoch time: 227.34 s
2025-11-15 03:27:34.115013: 
2025-11-15 03:27:34.115249: Epoch 410
2025-11-15 03:27:34.115376: Current learning rate: 0.00622
2025-11-15 03:31:21.020928: train_loss -0.6723
2025-11-15 03:31:21.021202: val_loss -0.6727
2025-11-15 03:31:21.021316: Pseudo dice [np.float32(0.9101), np.float32(0.753), np.float32(0.0)]
2025-11-15 03:31:21.021419: Epoch time: 226.91 s
2025-11-15 03:31:22.096669: 
2025-11-15 03:31:22.096888: Epoch 411
2025-11-15 03:31:22.097030: Current learning rate: 0.00621
2025-11-15 03:35:09.225721: train_loss -0.6884
2025-11-15 03:35:09.225997: val_loss -0.7249
2025-11-15 03:35:09.226100: Pseudo dice [np.float32(0.9157), np.float32(0.7665), np.float32(0.0)]
2025-11-15 03:35:09.226202: Epoch time: 227.13 s
2025-11-15 03:35:10.302418: 
2025-11-15 03:35:10.302627: Epoch 412
2025-11-15 03:35:10.302757: Current learning rate: 0.0062
2025-11-15 03:38:57.302334: train_loss -0.6796
2025-11-15 03:38:57.302603: val_loss -0.6822
2025-11-15 03:38:57.302707: Pseudo dice [np.float32(0.915), np.float32(0.7525), np.float32(0.0)]
2025-11-15 03:38:57.302807: Epoch time: 227.0 s
2025-11-15 03:38:58.379035: 
2025-11-15 03:38:58.379307: Epoch 413
2025-11-15 03:38:58.379477: Current learning rate: 0.00619
2025-11-15 03:42:45.120726: train_loss -0.673
2025-11-15 03:42:45.121050: val_loss -0.7023
2025-11-15 03:42:45.121157: Pseudo dice [np.float32(0.9126), np.float32(0.7521), np.float32(0.0)]
2025-11-15 03:42:45.121259: Epoch time: 226.74 s
2025-11-15 03:42:46.202924: 
2025-11-15 03:42:46.203169: Epoch 414
2025-11-15 03:42:46.203310: Current learning rate: 0.00618
2025-11-15 03:46:33.697393: train_loss -0.6873
2025-11-15 03:46:33.697647: val_loss -0.7003
2025-11-15 03:46:33.697748: Pseudo dice [np.float32(0.9042), np.float32(0.7513), np.float32(0.0)]
2025-11-15 03:46:33.697850: Epoch time: 227.5 s
2025-11-15 03:46:34.778575: 
2025-11-15 03:46:34.778789: Epoch 415
2025-11-15 03:46:34.778917: Current learning rate: 0.00617
2025-11-15 03:50:22.521252: train_loss -0.6695
2025-11-15 03:50:22.521523: val_loss -0.702
2025-11-15 03:50:22.521625: Pseudo dice [np.float32(0.9136), np.float32(0.7619), np.float32(0.0)]
2025-11-15 03:50:22.521729: Epoch time: 227.74 s
2025-11-15 03:50:23.609963: 
2025-11-15 03:50:23.610164: Epoch 416
2025-11-15 03:50:23.610292: Current learning rate: 0.00616
2025-11-15 03:54:10.735121: train_loss -0.6725
2025-11-15 03:54:10.735398: val_loss -0.6689
2025-11-15 03:54:10.735504: Pseudo dice [np.float32(0.9119), np.float32(0.7547), np.float32(0.0)]
2025-11-15 03:54:10.735606: Epoch time: 227.13 s
2025-11-15 03:54:11.817003: 
2025-11-15 03:54:11.817222: Epoch 417
2025-11-15 03:54:11.817475: Current learning rate: 0.00615
2025-11-15 03:57:59.255543: train_loss -0.6856
2025-11-15 03:57:59.255805: val_loss -0.6587
2025-11-15 03:57:59.255912: Pseudo dice [np.float32(0.9007), np.float32(0.7502), np.float32(0.0)]
2025-11-15 03:57:59.256018: Epoch time: 227.44 s
2025-11-15 03:58:00.343380: 
2025-11-15 03:58:00.343585: Epoch 418
2025-11-15 03:58:00.343710: Current learning rate: 0.00614
2025-11-15 04:01:47.619785: train_loss -0.6812
2025-11-15 04:01:47.620070: val_loss -0.7079
2025-11-15 04:01:47.620248: Pseudo dice [np.float32(0.9187), np.float32(0.7323), np.float32(0.0)]
2025-11-15 04:01:47.620367: Epoch time: 227.28 s
2025-11-15 04:01:48.716007: 
2025-11-15 04:01:48.716210: Epoch 419
2025-11-15 04:01:48.716340: Current learning rate: 0.00613
2025-11-15 04:05:35.572046: train_loss -0.6763
2025-11-15 04:05:35.572317: val_loss -0.7
2025-11-15 04:05:35.572423: Pseudo dice [np.float32(0.9015), np.float32(0.7555), np.float32(0.0)]
2025-11-15 04:05:35.572525: Epoch time: 226.86 s
2025-11-15 04:05:36.650374: 
2025-11-15 04:05:36.650674: Epoch 420
2025-11-15 04:05:36.650800: Current learning rate: 0.00612
2025-11-15 04:09:23.985467: train_loss -0.6779
2025-11-15 04:09:23.985731: val_loss -0.6835
2025-11-15 04:09:23.985867: Pseudo dice [np.float32(0.9184), np.float32(0.7512), np.float32(0.0)]
2025-11-15 04:09:23.985972: Epoch time: 227.34 s
2025-11-15 04:09:25.066300: 
2025-11-15 04:09:25.066512: Epoch 421
2025-11-15 04:09:25.066687: Current learning rate: 0.00612
2025-11-15 04:13:12.237547: train_loss -0.6858
2025-11-15 04:13:12.237814: val_loss -0.6717
2025-11-15 04:13:12.237921: Pseudo dice [np.float32(0.9048), np.float32(0.7688), np.float32(0.0)]
2025-11-15 04:13:12.238024: Epoch time: 227.17 s
2025-11-15 04:13:13.326126: 
2025-11-15 04:13:13.326294: Epoch 422
2025-11-15 04:13:13.326422: Current learning rate: 0.00611
2025-11-15 04:17:00.734136: train_loss -0.6888
2025-11-15 04:17:00.734437: val_loss -0.7168
2025-11-15 04:17:00.734543: Pseudo dice [np.float32(0.9167), np.float32(0.7605), np.float32(nan)]
2025-11-15 04:17:00.734647: Epoch time: 227.41 s
2025-11-15 04:17:01.813481: 
2025-11-15 04:17:01.813742: Epoch 423
2025-11-15 04:17:01.813918: Current learning rate: 0.0061
2025-11-15 04:20:48.922304: train_loss -0.6864
2025-11-15 04:20:48.922570: val_loss -0.7259
2025-11-15 04:20:48.922676: Pseudo dice [np.float32(0.91), np.float32(0.7574), np.float32(0.0)]
2025-11-15 04:20:48.922775: Epoch time: 227.11 s
2025-11-15 04:20:50.003285: 
2025-11-15 04:20:50.003489: Epoch 424
2025-11-15 04:20:50.003613: Current learning rate: 0.00609
2025-11-15 04:24:37.018065: train_loss -0.6753
2025-11-15 04:24:37.018348: val_loss -0.6904
2025-11-15 04:24:37.018461: Pseudo dice [np.float32(0.9078), np.float32(0.7538), np.float32(0.0)]
2025-11-15 04:24:37.018567: Epoch time: 227.02 s
2025-11-15 04:24:38.104874: 
2025-11-15 04:24:38.105143: Epoch 425
2025-11-15 04:24:38.105285: Current learning rate: 0.00608
2025-11-15 04:28:25.241927: train_loss -0.6586
2025-11-15 04:28:25.242200: val_loss -0.6537
2025-11-15 04:28:25.242314: Pseudo dice [np.float32(0.9047), np.float32(0.7172), np.float32(0.0)]
2025-11-15 04:28:25.242419: Epoch time: 227.14 s
2025-11-15 04:28:26.323438: 
2025-11-15 04:28:26.323659: Epoch 426
2025-11-15 04:28:26.323785: Current learning rate: 0.00607
2025-11-15 04:32:13.237899: train_loss -0.6361
2025-11-15 04:32:13.238180: val_loss -0.6689
2025-11-15 04:32:13.238290: Pseudo dice [np.float32(0.914), np.float32(0.7509), np.float32(0.0)]
2025-11-15 04:32:13.238407: Epoch time: 226.92 s
2025-11-15 04:32:14.329739: 
2025-11-15 04:32:14.330050: Epoch 427
2025-11-15 04:32:14.330194: Current learning rate: 0.00606
2025-11-15 04:36:01.505034: train_loss -0.6625
2025-11-15 04:36:01.505319: val_loss -0.7125
2025-11-15 04:36:01.505426: Pseudo dice [np.float32(0.913), np.float32(0.7489), np.float32(0.0)]
2025-11-15 04:36:01.505530: Epoch time: 227.18 s
2025-11-15 04:36:02.511075: 
2025-11-15 04:36:02.511365: Epoch 428
2025-11-15 04:36:02.511492: Current learning rate: 0.00605
2025-11-15 04:39:50.155961: train_loss -0.6559
2025-11-15 04:39:50.156228: val_loss -0.694
2025-11-15 04:39:50.156340: Pseudo dice [np.float32(0.9041), np.float32(0.7521), np.float32(0.0)]
2025-11-15 04:39:50.156446: Epoch time: 227.65 s
2025-11-15 04:39:51.252020: 
2025-11-15 04:39:51.252219: Epoch 429
2025-11-15 04:39:51.252353: Current learning rate: 0.00604
2025-11-15 04:43:37.953890: train_loss -0.6637
2025-11-15 04:43:37.954137: val_loss -0.6937
2025-11-15 04:43:37.954242: Pseudo dice [np.float32(0.9069), np.float32(0.7442), np.float32(0.0)]
2025-11-15 04:43:37.958944: Epoch time: 226.7 s
2025-11-15 04:43:39.040715: 
2025-11-15 04:43:39.041640: Epoch 430
2025-11-15 04:43:39.041974: Current learning rate: 0.00603
2025-11-15 04:47:26.005116: train_loss -0.68
2025-11-15 04:47:26.005408: val_loss -0.7067
2025-11-15 04:47:26.005519: Pseudo dice [np.float32(0.9111), np.float32(0.7628), np.float32(0.0)]
2025-11-15 04:47:26.005629: Epoch time: 226.97 s
2025-11-15 04:47:27.093615: 
2025-11-15 04:47:27.093819: Epoch 431
2025-11-15 04:47:27.093946: Current learning rate: 0.00602
2025-11-15 04:51:14.070451: train_loss -0.6706
2025-11-15 04:51:14.070747: val_loss -0.697
2025-11-15 04:51:14.070854: Pseudo dice [np.float32(0.9179), np.float32(0.7409), np.float32(0.0)]
2025-11-15 04:51:14.070960: Epoch time: 226.98 s
2025-11-15 04:51:15.150342: 
2025-11-15 04:51:15.150551: Epoch 432
2025-11-15 04:51:15.150717: Current learning rate: 0.00601
2025-11-15 04:55:01.986850: train_loss -0.677
2025-11-15 04:55:01.987127: val_loss -0.6845
2025-11-15 04:55:01.987234: Pseudo dice [np.float32(0.9182), np.float32(0.7418), np.float32(0.0)]
2025-11-15 04:55:01.987348: Epoch time: 226.84 s
2025-11-15 04:55:03.071449: 
2025-11-15 04:55:03.071643: Epoch 433
2025-11-15 04:55:03.071766: Current learning rate: 0.006
2025-11-15 04:58:49.851704: train_loss -0.672
2025-11-15 04:58:49.851979: val_loss -0.6986
2025-11-15 04:58:49.852088: Pseudo dice [np.float32(0.915), np.float32(0.7409), np.float32(0.0)]
2025-11-15 04:58:49.852198: Epoch time: 226.78 s
2025-11-15 04:58:50.947217: 
2025-11-15 04:58:50.947434: Epoch 434
2025-11-15 04:58:50.947565: Current learning rate: 0.00599
2025-11-15 05:02:38.034814: train_loss -0.69
2025-11-15 05:02:38.035096: val_loss -0.707
2025-11-15 05:02:38.035203: Pseudo dice [np.float32(0.9112), np.float32(0.7334), np.float32(nan)]
2025-11-15 05:02:38.035316: Epoch time: 227.09 s
2025-11-15 05:02:39.492609: 
2025-11-15 05:02:39.492868: Epoch 435
2025-11-15 05:02:39.492995: Current learning rate: 0.00598
2025-11-15 05:06:27.104472: train_loss -0.6774
2025-11-15 05:06:27.104728: val_loss -0.676
2025-11-15 05:06:27.104881: Pseudo dice [np.float32(0.9067), np.float32(0.7513), np.float32(0.0)]
2025-11-15 05:06:27.104986: Epoch time: 227.61 s
2025-11-15 05:06:28.175901: 
2025-11-15 05:06:28.176161: Epoch 436
2025-11-15 05:06:28.176303: Current learning rate: 0.00597
2025-11-15 05:10:15.607848: train_loss -0.6802
2025-11-15 05:10:15.608151: val_loss -0.7226
2025-11-15 05:10:15.608259: Pseudo dice [np.float32(0.913), np.float32(0.7488), np.float32(0.0)]
2025-11-15 05:10:15.608372: Epoch time: 227.43 s
2025-11-15 05:10:16.681435: 
2025-11-15 05:10:16.681706: Epoch 437
2025-11-15 05:10:16.681838: Current learning rate: 0.00596
2025-11-15 05:14:03.630139: train_loss -0.6803
2025-11-15 05:14:03.630419: val_loss -0.6745
2025-11-15 05:14:03.630580: Pseudo dice [np.float32(0.914), np.float32(0.7541), np.float32(0.0)]
2025-11-15 05:14:03.630687: Epoch time: 226.95 s
2025-11-15 05:14:04.725313: 
2025-11-15 05:14:04.725561: Epoch 438
2025-11-15 05:14:04.725725: Current learning rate: 0.00595
2025-11-15 05:17:51.681980: train_loss -0.6772
2025-11-15 05:17:51.682258: val_loss -0.7047
2025-11-15 05:17:51.682373: Pseudo dice [np.float32(0.9173), np.float32(0.7642), np.float32(0.0)]
2025-11-15 05:17:51.682481: Epoch time: 226.96 s
2025-11-15 05:17:52.775833: 
2025-11-15 05:17:52.776102: Epoch 439
2025-11-15 05:17:52.776245: Current learning rate: 0.00594
2025-11-15 05:21:39.964442: train_loss -0.6833
2025-11-15 05:21:39.964723: val_loss -0.7017
2025-11-15 05:21:39.964829: Pseudo dice [np.float32(0.9174), np.float32(0.7462), np.float32(0.0)]
2025-11-15 05:21:39.964969: Epoch time: 227.19 s
2025-11-15 05:21:41.045311: 
2025-11-15 05:21:41.045569: Epoch 440
2025-11-15 05:21:41.045690: Current learning rate: 0.00593
2025-11-15 05:25:28.416606: train_loss -0.6813
2025-11-15 05:25:28.416874: val_loss -0.6925
2025-11-15 05:25:28.416974: Pseudo dice [np.float32(0.9108), np.float32(0.7578), np.float32(0.0)]
2025-11-15 05:25:28.417074: Epoch time: 227.37 s
2025-11-15 05:25:29.509770: 
2025-11-15 05:25:29.510057: Epoch 441
2025-11-15 05:25:29.510263: Current learning rate: 0.00592
2025-11-15 05:29:16.883854: train_loss -0.668
2025-11-15 05:29:16.884130: val_loss -0.6741
2025-11-15 05:29:16.884232: Pseudo dice [np.float32(0.9114), np.float32(0.7575), np.float32(0.0)]
2025-11-15 05:29:16.884344: Epoch time: 227.38 s
2025-11-15 05:29:17.961432: 
2025-11-15 05:29:17.961689: Epoch 442
2025-11-15 05:29:17.961820: Current learning rate: 0.00592
2025-11-15 05:33:05.297819: train_loss -0.6679
2025-11-15 05:33:05.298096: val_loss -0.6979
2025-11-15 05:33:05.298204: Pseudo dice [np.float32(0.9162), np.float32(0.7526), np.float32(0.0)]
2025-11-15 05:33:05.298360: Epoch time: 227.34 s
2025-11-15 05:33:06.388084: 
2025-11-15 05:33:06.388293: Epoch 443
2025-11-15 05:33:06.388419: Current learning rate: 0.00591
2025-11-15 05:36:53.963940: train_loss -0.6558
2025-11-15 05:36:53.964200: val_loss -0.6924
2025-11-15 05:36:53.964315: Pseudo dice [np.float32(0.9085), np.float32(0.7607), np.float32(0.0)]
2025-11-15 05:36:53.964420: Epoch time: 227.58 s
2025-11-15 05:36:55.035915: 
2025-11-15 05:36:55.036124: Epoch 444
2025-11-15 05:36:55.036256: Current learning rate: 0.0059
2025-11-15 05:40:42.022023: train_loss -0.6703
2025-11-15 05:40:42.022307: val_loss -0.6689
2025-11-15 05:40:42.022420: Pseudo dice [np.float32(0.9002), np.float32(0.7429), np.float32(0.0)]
2025-11-15 05:40:42.022526: Epoch time: 226.99 s
2025-11-15 05:40:43.098941: 
2025-11-15 05:40:43.099295: Epoch 445
2025-11-15 05:40:43.099445: Current learning rate: 0.00589
2025-11-15 05:44:30.116692: train_loss -0.6709
2025-11-15 05:44:30.116960: val_loss -0.6738
2025-11-15 05:44:30.117064: Pseudo dice [np.float32(0.9146), np.float32(0.7342), np.float32(0.0)]
2025-11-15 05:44:30.117207: Epoch time: 227.02 s
2025-11-15 05:44:31.189676: 
2025-11-15 05:44:31.189874: Epoch 446
2025-11-15 05:44:31.189997: Current learning rate: 0.00588
2025-11-15 05:48:18.004981: train_loss -0.6696
2025-11-15 05:48:18.005250: val_loss -0.6919
2025-11-15 05:48:18.005362: Pseudo dice [np.float32(0.9152), np.float32(0.754), np.float32(0.0)]
2025-11-15 05:48:18.005464: Epoch time: 226.82 s
2025-11-15 05:48:19.447985: 
2025-11-15 05:48:19.448205: Epoch 447
2025-11-15 05:48:19.448335: Current learning rate: 0.00587
2025-11-15 05:52:06.863749: train_loss -0.6805
2025-11-15 05:52:06.864024: val_loss -0.6596
2025-11-15 05:52:06.864179: Pseudo dice [np.float32(0.9144), np.float32(0.7342), np.float32(0.0)]
2025-11-15 05:52:06.864293: Epoch time: 227.42 s
2025-11-15 05:52:07.928257: 
2025-11-15 05:52:07.928489: Epoch 448
2025-11-15 05:52:07.928615: Current learning rate: 0.00586
2025-11-15 05:55:54.914814: train_loss -0.6605
2025-11-15 05:55:54.915088: val_loss -0.6852
2025-11-15 05:55:54.915190: Pseudo dice [np.float32(0.9071), np.float32(0.7484), np.float32(0.0)]
2025-11-15 05:55:54.915322: Epoch time: 226.99 s
2025-11-15 05:55:55.971682: 
2025-11-15 05:55:55.971975: Epoch 449
2025-11-15 05:55:55.972104: Current learning rate: 0.00585
2025-11-15 05:59:43.179031: train_loss -0.6789
2025-11-15 05:59:43.179343: val_loss -0.6633
2025-11-15 05:59:43.179456: Pseudo dice [np.float32(0.9154), np.float32(0.74), np.float32(0.0)]
2025-11-15 05:59:43.179559: Epoch time: 227.21 s
2025-11-15 05:59:44.570287: 
2025-11-15 05:59:44.570553: Epoch 450
2025-11-15 05:59:44.570685: Current learning rate: 0.00584
2025-11-15 06:03:32.057409: train_loss -0.672
2025-11-15 06:03:32.057704: val_loss -0.672
2025-11-15 06:03:32.057819: Pseudo dice [np.float32(0.9124), np.float32(0.7563), np.float32(0.0)]
2025-11-15 06:03:32.057957: Epoch time: 227.49 s
2025-11-15 06:03:33.131295: 
2025-11-15 06:03:33.131532: Epoch 451
2025-11-15 06:03:33.131661: Current learning rate: 0.00583
2025-11-15 06:07:20.175107: train_loss -0.6681
2025-11-15 06:07:20.175393: val_loss -0.7152
2025-11-15 06:07:20.175497: Pseudo dice [np.float32(0.9146), np.float32(0.7549), np.float32(0.0)]
2025-11-15 06:07:20.175598: Epoch time: 227.04 s
2025-11-15 06:07:21.245762: 
2025-11-15 06:07:21.246111: Epoch 452
2025-11-15 06:07:21.246403: Current learning rate: 0.00582
2025-11-15 06:11:08.290287: train_loss -0.6784
2025-11-15 06:11:08.290617: val_loss -0.6687
2025-11-15 06:11:08.290730: Pseudo dice [np.float32(0.9107), np.float32(0.7378), np.float32(0.0)]
2025-11-15 06:11:08.290836: Epoch time: 227.05 s
2025-11-15 06:11:09.374065: 
2025-11-15 06:11:09.374289: Epoch 453
2025-11-15 06:11:09.374420: Current learning rate: 0.00581
2025-11-15 06:14:56.610178: train_loss -0.6707
2025-11-15 06:14:56.610446: val_loss -0.6553
2025-11-15 06:14:56.610547: Pseudo dice [np.float32(0.912), np.float32(0.7579), np.float32(0.0)]
2025-11-15 06:14:56.610646: Epoch time: 227.24 s
2025-11-15 06:14:57.689861: 
2025-11-15 06:14:57.690054: Epoch 454
2025-11-15 06:14:57.690176: Current learning rate: 0.0058
2025-11-15 06:18:44.685192: train_loss -0.6871
2025-11-15 06:18:44.685477: val_loss -0.7042
2025-11-15 06:18:44.685581: Pseudo dice [np.float32(0.9128), np.float32(0.7616), np.float32(0.0)]
2025-11-15 06:18:44.685681: Epoch time: 227.0 s
2025-11-15 06:18:45.764726: 
2025-11-15 06:18:45.764933: Epoch 455
2025-11-15 06:18:45.765064: Current learning rate: 0.00579
2025-11-15 06:22:32.343845: train_loss -0.6814
2025-11-15 06:22:32.344172: val_loss -0.6895
2025-11-15 06:22:32.344299: Pseudo dice [np.float32(0.9049), np.float32(0.7536), np.float32(0.0)]
2025-11-15 06:22:32.344405: Epoch time: 226.58 s
2025-11-15 06:22:33.419867: 
2025-11-15 06:22:33.420081: Epoch 456
2025-11-15 06:22:33.420214: Current learning rate: 0.00578
2025-11-15 06:26:20.725451: train_loss -0.657
2025-11-15 06:26:20.725717: val_loss -0.6965
2025-11-15 06:26:20.725819: Pseudo dice [np.float32(0.9098), np.float32(0.7542), np.float32(0.0)]
2025-11-15 06:26:20.725920: Epoch time: 227.31 s
2025-11-15 06:26:21.796141: 
2025-11-15 06:26:21.796372: Epoch 457
2025-11-15 06:26:21.796568: Current learning rate: 0.00577
2025-11-15 06:30:08.658763: train_loss -0.6749
2025-11-15 06:30:08.659022: val_loss -0.691
2025-11-15 06:30:08.659126: Pseudo dice [np.float32(0.9241), np.float32(0.7528), np.float32(0.0)]
2025-11-15 06:30:08.659228: Epoch time: 226.86 s
2025-11-15 06:30:09.728258: 
2025-11-15 06:30:09.728462: Epoch 458
2025-11-15 06:30:09.728584: Current learning rate: 0.00576
2025-11-15 06:33:56.309887: train_loss -0.672
2025-11-15 06:33:56.310155: val_loss -0.6803
2025-11-15 06:33:56.310261: Pseudo dice [np.float32(0.9063), np.float32(0.7528), np.float32(0.0)]
2025-11-15 06:33:56.310374: Epoch time: 226.58 s
2025-11-15 06:33:57.386847: 
2025-11-15 06:33:57.387056: Epoch 459
2025-11-15 06:33:57.387191: Current learning rate: 0.00575
2025-11-15 06:37:44.567391: train_loss -0.6748
2025-11-15 06:37:44.567660: val_loss -0.7082
2025-11-15 06:37:44.567922: Pseudo dice [np.float32(0.9135), np.float32(0.7508), np.float32(0.0)]
2025-11-15 06:37:44.568034: Epoch time: 227.18 s
2025-11-15 06:37:46.022422: 
2025-11-15 06:37:46.022671: Epoch 460
2025-11-15 06:37:46.022796: Current learning rate: 0.00574
2025-11-15 06:41:33.056043: train_loss -0.688
2025-11-15 06:41:33.056333: val_loss -0.6816
2025-11-15 06:41:33.056441: Pseudo dice [np.float32(0.905), np.float32(0.7463), np.float32(0.0)]
2025-11-15 06:41:33.056543: Epoch time: 227.03 s
2025-11-15 06:41:34.127321: 
2025-11-15 06:41:34.127545: Epoch 461
2025-11-15 06:41:34.127680: Current learning rate: 0.00573
2025-11-15 06:45:20.710814: train_loss -0.6767
2025-11-15 06:45:20.711085: val_loss -0.7091
2025-11-15 06:45:20.711186: Pseudo dice [np.float32(0.9026), np.float32(0.749), np.float32(0.0)]
2025-11-15 06:45:20.711295: Epoch time: 226.58 s
2025-11-15 06:45:21.797661: 
2025-11-15 06:45:21.797919: Epoch 462
2025-11-15 06:45:21.798047: Current learning rate: 0.00572
2025-11-15 06:49:09.095954: train_loss -0.6666
2025-11-15 06:49:09.096319: val_loss -0.7207
2025-11-15 06:49:09.096433: Pseudo dice [np.float32(0.9085), np.float32(0.7651), np.float32(0.0)]
2025-11-15 06:49:09.096537: Epoch time: 227.3 s
2025-11-15 06:49:10.165318: 
2025-11-15 06:49:10.165520: Epoch 463
2025-11-15 06:49:10.165645: Current learning rate: 0.00571
2025-11-15 06:52:56.785323: train_loss -0.6889
2025-11-15 06:52:56.785594: val_loss -0.7008
2025-11-15 06:52:56.785699: Pseudo dice [np.float32(0.9109), np.float32(0.7528), np.float32(0.0)]
2025-11-15 06:52:56.785871: Epoch time: 226.62 s
2025-11-15 06:52:57.857891: 
2025-11-15 06:52:57.858105: Epoch 464
2025-11-15 06:52:57.858238: Current learning rate: 0.0057
2025-11-15 06:56:45.345421: train_loss -0.6858
2025-11-15 06:56:45.345686: val_loss -0.6696
2025-11-15 06:56:45.345790: Pseudo dice [np.float32(0.9078), np.float32(0.7458), np.float32(0.0)]
2025-11-15 06:56:45.345894: Epoch time: 227.49 s
2025-11-15 06:56:46.420612: 
2025-11-15 06:56:46.420939: Epoch 465
2025-11-15 06:56:46.421102: Current learning rate: 0.0057
2025-11-15 07:00:33.752503: train_loss -0.671
2025-11-15 07:00:33.752809: val_loss -0.6797
2025-11-15 07:00:33.752918: Pseudo dice [np.float32(0.9083), np.float32(0.7399), np.float32(0.0)]
2025-11-15 07:00:33.753023: Epoch time: 227.33 s
2025-11-15 07:00:34.820502: 
2025-11-15 07:00:34.820703: Epoch 466
2025-11-15 07:00:34.820827: Current learning rate: 0.00569
2025-11-15 07:04:21.714354: train_loss -0.6655
2025-11-15 07:04:21.714643: val_loss -0.6986
2025-11-15 07:04:21.714752: Pseudo dice [np.float32(0.9101), np.float32(0.7437), np.float32(0.0)]
2025-11-15 07:04:21.714895: Epoch time: 226.89 s
2025-11-15 07:04:22.788785: 
2025-11-15 07:04:22.789036: Epoch 467
2025-11-15 07:04:22.789177: Current learning rate: 0.00568
2025-11-15 07:08:09.399437: train_loss -0.6764
2025-11-15 07:08:09.399712: val_loss -0.7153
2025-11-15 07:08:09.399815: Pseudo dice [np.float32(0.9036), np.float32(0.7588), np.float32(0.0)]
2025-11-15 07:08:09.399917: Epoch time: 226.61 s
2025-11-15 07:08:10.480349: 
2025-11-15 07:08:10.480546: Epoch 468
2025-11-15 07:08:10.480659: Current learning rate: 0.00567
2025-11-15 07:11:57.203403: train_loss -0.68
2025-11-15 07:11:57.203808: val_loss -0.7165
2025-11-15 07:11:57.204031: Pseudo dice [np.float32(0.9125), np.float32(0.7422), np.float32(0.0)]
2025-11-15 07:11:57.204226: Epoch time: 226.72 s
2025-11-15 07:11:58.274831: 
2025-11-15 07:11:58.275027: Epoch 469
2025-11-15 07:11:58.275149: Current learning rate: 0.00566
2025-11-15 07:15:46.018045: train_loss -0.6782
2025-11-15 07:15:46.018327: val_loss -0.6859
2025-11-15 07:15:46.018436: Pseudo dice [np.float32(0.906), np.float32(0.7346), np.float32(0.0)]
2025-11-15 07:15:46.018538: Epoch time: 227.74 s
2025-11-15 07:15:47.099572: 
2025-11-15 07:15:47.099764: Epoch 470
2025-11-15 07:15:47.099915: Current learning rate: 0.00565
2025-11-15 07:19:33.897882: train_loss -0.6836
2025-11-15 07:19:33.898140: val_loss -0.7016
2025-11-15 07:19:33.898247: Pseudo dice [np.float32(0.9123), np.float32(0.7606), np.float32(0.0)]
2025-11-15 07:19:33.898360: Epoch time: 226.8 s
2025-11-15 07:19:34.982987: 
2025-11-15 07:19:34.983178: Epoch 471
2025-11-15 07:19:34.983303: Current learning rate: 0.00564
2025-11-15 07:23:22.049527: train_loss -0.6806
2025-11-15 07:23:22.049821: val_loss -0.7185
2025-11-15 07:23:22.049931: Pseudo dice [np.float32(0.9047), np.float32(0.7705), np.float32(0.0)]
2025-11-15 07:23:22.050038: Epoch time: 227.07 s
2025-11-15 07:23:23.117431: 
2025-11-15 07:23:23.117699: Epoch 472
2025-11-15 07:23:23.117831: Current learning rate: 0.00563
2025-11-15 07:27:10.775853: train_loss -0.6852
2025-11-15 07:27:10.776130: val_loss -0.6881
2025-11-15 07:27:10.776233: Pseudo dice [np.float32(0.9152), np.float32(0.7435), np.float32(0.0)]
2025-11-15 07:27:10.776344: Epoch time: 227.66 s
2025-11-15 07:27:12.263611: 
2025-11-15 07:27:12.263835: Epoch 473
2025-11-15 07:27:12.263970: Current learning rate: 0.00562
2025-11-15 07:30:59.541992: train_loss -0.6883
2025-11-15 07:30:59.542256: val_loss -0.6853
2025-11-15 07:30:59.542371: Pseudo dice [np.float32(0.8986), np.float32(0.7488), np.float32(0.0)]
2025-11-15 07:30:59.542503: Epoch time: 227.28 s
2025-11-15 07:31:00.603025: 
2025-11-15 07:31:00.603234: Epoch 474
2025-11-15 07:31:00.603361: Current learning rate: 0.00561
2025-11-15 07:34:47.855755: train_loss -0.675
2025-11-15 07:34:47.856031: val_loss -0.6774
2025-11-15 07:34:47.856187: Pseudo dice [np.float32(0.9151), np.float32(0.7597), np.float32(0.0)]
2025-11-15 07:34:47.856308: Epoch time: 227.25 s
2025-11-15 07:34:48.932142: 
2025-11-15 07:34:48.932390: Epoch 475
2025-11-15 07:34:48.932589: Current learning rate: 0.0056
2025-11-15 07:38:35.941538: train_loss -0.6707
2025-11-15 07:38:35.941792: val_loss -0.6657
2025-11-15 07:38:35.941899: Pseudo dice [np.float32(0.9064), np.float32(0.75), np.float32(0.0)]
2025-11-15 07:38:35.942042: Epoch time: 227.01 s
2025-11-15 07:38:37.020158: 
2025-11-15 07:38:37.020435: Epoch 476
2025-11-15 07:38:37.020587: Current learning rate: 0.00559
2025-11-15 07:42:24.082401: train_loss -0.6853
2025-11-15 07:42:24.082671: val_loss -0.6789
2025-11-15 07:42:24.082777: Pseudo dice [np.float32(0.9099), np.float32(0.7474), np.float32(0.0)]
2025-11-15 07:42:24.082878: Epoch time: 227.06 s
2025-11-15 07:42:25.151562: 
2025-11-15 07:42:25.151857: Epoch 477
2025-11-15 07:42:25.151985: Current learning rate: 0.00558
2025-11-15 07:46:12.129010: train_loss -0.6708
2025-11-15 07:46:12.129313: val_loss -0.6907
2025-11-15 07:46:12.129445: Pseudo dice [np.float32(0.9081), np.float32(0.7591), np.float32(0.0)]
2025-11-15 07:46:12.129573: Epoch time: 226.98 s
2025-11-15 07:46:13.211516: 
2025-11-15 07:46:13.211819: Epoch 478
2025-11-15 07:46:13.211977: Current learning rate: 0.00557
2025-11-15 07:50:00.318942: train_loss -0.6667
2025-11-15 07:50:00.319206: val_loss -0.712
2025-11-15 07:50:00.319318: Pseudo dice [np.float32(0.9087), np.float32(0.7669), np.float32(0.0)]
2025-11-15 07:50:00.319420: Epoch time: 227.11 s
2025-11-15 07:50:01.395536: 
2025-11-15 07:50:01.395748: Epoch 479
2025-11-15 07:50:01.395871: Current learning rate: 0.00556
2025-11-15 07:53:48.299307: train_loss -0.6824
2025-11-15 07:53:48.299584: val_loss -0.6935
2025-11-15 07:53:48.299691: Pseudo dice [np.float32(0.9119), np.float32(0.7425), np.float32(0.0)]
2025-11-15 07:53:48.299795: Epoch time: 226.9 s
2025-11-15 07:53:49.378684: 
2025-11-15 07:53:49.378887: Epoch 480
2025-11-15 07:53:49.379014: Current learning rate: 0.00555
2025-11-15 07:57:36.458977: train_loss -0.6802
2025-11-15 07:57:36.459254: val_loss -0.6751
2025-11-15 07:57:36.459373: Pseudo dice [np.float32(0.9052), np.float32(0.7538), np.float32(0.0)]
2025-11-15 07:57:36.459482: Epoch time: 227.08 s
2025-11-15 07:57:37.534521: 
2025-11-15 07:57:37.534751: Epoch 481
2025-11-15 07:57:37.534874: Current learning rate: 0.00554
2025-11-15 08:01:24.772124: train_loss -0.6803
2025-11-15 08:01:24.772402: val_loss -0.6872
2025-11-15 08:01:24.772505: Pseudo dice [np.float32(0.9151), np.float32(0.7474), np.float32(0.0)]
2025-11-15 08:01:24.772610: Epoch time: 227.24 s
2025-11-15 08:01:25.851844: 
2025-11-15 08:01:25.852101: Epoch 482
2025-11-15 08:01:25.852242: Current learning rate: 0.00553
2025-11-15 08:05:12.557955: train_loss -0.6797
2025-11-15 08:05:12.558234: val_loss -0.7102
2025-11-15 08:05:12.558352: Pseudo dice [np.float32(0.9109), np.float32(0.7553), np.float32(0.0)]
2025-11-15 08:05:12.558457: Epoch time: 226.71 s
2025-11-15 08:05:13.646059: 
2025-11-15 08:05:13.646258: Epoch 483
2025-11-15 08:05:13.646394: Current learning rate: 0.00552
2025-11-15 08:09:00.781423: train_loss -0.6926
2025-11-15 08:09:00.781700: val_loss -0.6591
2025-11-15 08:09:00.781809: Pseudo dice [np.float32(0.9184), np.float32(0.7518), np.float32(0.0)]
2025-11-15 08:09:00.781914: Epoch time: 227.14 s
2025-11-15 08:09:01.867540: 
2025-11-15 08:09:01.867744: Epoch 484
2025-11-15 08:09:01.867869: Current learning rate: 0.00551
2025-11-15 08:12:48.474504: train_loss -0.6873
2025-11-15 08:12:48.474757: val_loss -0.6856
2025-11-15 08:12:48.474858: Pseudo dice [np.float32(0.9157), np.float32(0.7595), np.float32(0.0)]
2025-11-15 08:12:48.474958: Epoch time: 226.61 s
2025-11-15 08:12:49.558667: 
2025-11-15 08:12:49.558874: Epoch 485
2025-11-15 08:12:49.558997: Current learning rate: 0.0055
2025-11-15 08:16:36.550144: train_loss -0.6635
2025-11-15 08:16:36.550466: val_loss -0.707
2025-11-15 08:16:36.550575: Pseudo dice [np.float32(0.9205), np.float32(0.761), np.float32(0.0)]
2025-11-15 08:16:36.550679: Epoch time: 226.99 s
2025-11-15 08:16:38.025550: 
2025-11-15 08:16:38.025860: Epoch 486
2025-11-15 08:16:38.026062: Current learning rate: 0.00549
2025-11-15 08:20:24.693011: train_loss -0.6715
2025-11-15 08:20:24.693295: val_loss -0.6865
2025-11-15 08:20:24.693404: Pseudo dice [np.float32(0.9054), np.float32(0.7492), np.float32(0.0)]
2025-11-15 08:20:24.693511: Epoch time: 226.67 s
2025-11-15 08:20:25.757107: 
2025-11-15 08:20:25.757328: Epoch 487
2025-11-15 08:20:25.757515: Current learning rate: 0.00548
2025-11-15 08:24:12.528117: train_loss -0.6956
2025-11-15 08:24:12.528407: val_loss -0.7168
2025-11-15 08:24:12.528511: Pseudo dice [np.float32(0.9103), np.float32(0.7648), np.float32(0.0)]
2025-11-15 08:24:12.528613: Epoch time: 226.77 s
2025-11-15 08:24:13.605330: 
2025-11-15 08:24:13.605556: Epoch 488
2025-11-15 08:24:13.605676: Current learning rate: 0.00547
2025-11-15 08:28:00.386379: train_loss -0.6858
2025-11-15 08:28:00.386645: val_loss -0.6857
2025-11-15 08:28:00.386749: Pseudo dice [np.float32(0.9153), np.float32(0.7311), np.float32(0.0)]
2025-11-15 08:28:00.386851: Epoch time: 226.78 s
2025-11-15 08:28:01.461402: 
2025-11-15 08:28:01.461621: Epoch 489
2025-11-15 08:28:01.461750: Current learning rate: 0.00546
2025-11-15 08:31:48.730512: train_loss -0.6803
2025-11-15 08:31:48.730780: val_loss -0.6982
2025-11-15 08:31:48.730883: Pseudo dice [np.float32(0.9161), np.float32(0.763), np.float32(0.0)]
2025-11-15 08:31:48.731022: Epoch time: 227.27 s
2025-11-15 08:31:49.734204: 
2025-11-15 08:31:49.734411: Epoch 490
2025-11-15 08:31:49.734533: Current learning rate: 0.00546
2025-11-15 08:35:36.760461: train_loss -0.695
2025-11-15 08:35:36.760748: val_loss -0.6793
2025-11-15 08:35:36.760855: Pseudo dice [np.float32(0.9094), np.float32(0.7549), np.float32(0.0)]
2025-11-15 08:35:36.760960: Epoch time: 227.03 s
2025-11-15 08:35:37.842278: 
2025-11-15 08:35:37.842485: Epoch 491
2025-11-15 08:35:37.842614: Current learning rate: 0.00545
2025-11-15 08:39:25.252151: train_loss -0.7068
2025-11-15 08:39:25.252428: val_loss -0.6891
2025-11-15 08:39:25.252532: Pseudo dice [np.float32(0.9192), np.float32(0.7333), np.float32(0.0)]
2025-11-15 08:39:25.252632: Epoch time: 227.41 s
2025-11-15 08:39:26.339238: 
2025-11-15 08:39:26.339450: Epoch 492
2025-11-15 08:39:26.339575: Current learning rate: 0.00544
2025-11-15 08:43:13.424770: train_loss -0.6702
2025-11-15 08:43:13.425034: val_loss -0.717
2025-11-15 08:43:13.425139: Pseudo dice [np.float32(0.9132), np.float32(0.7542), np.float32(0.0)]
2025-11-15 08:43:13.425243: Epoch time: 227.09 s
2025-11-15 08:43:14.509064: 
2025-11-15 08:43:14.509303: Epoch 493
2025-11-15 08:43:14.509457: Current learning rate: 0.00543
2025-11-15 08:47:01.675801: train_loss -0.6745
2025-11-15 08:47:01.676126: val_loss -0.6792
2025-11-15 08:47:01.676241: Pseudo dice [np.float32(0.911), np.float32(0.7546), np.float32(0.0)]
2025-11-15 08:47:01.676356: Epoch time: 227.17 s
2025-11-15 08:47:02.758826: 
2025-11-15 08:47:02.759100: Epoch 494
2025-11-15 08:47:02.759236: Current learning rate: 0.00542
2025-11-15 08:50:50.305455: train_loss -0.6747
2025-11-15 08:50:50.305734: val_loss -0.6639
2025-11-15 08:50:50.305838: Pseudo dice [np.float32(0.9166), np.float32(0.7603), np.float32(0.0)]
2025-11-15 08:50:50.305945: Epoch time: 227.55 s
2025-11-15 08:50:51.388263: 
2025-11-15 08:50:51.388559: Epoch 495
2025-11-15 08:50:51.388807: Current learning rate: 0.00541
2025-11-15 08:54:38.411682: train_loss -0.6782
2025-11-15 08:54:38.411948: val_loss -0.7135
2025-11-15 08:54:38.412049: Pseudo dice [np.float32(0.9096), np.float32(0.7675), np.float32(0.0)]
2025-11-15 08:54:38.412153: Epoch time: 227.02 s
2025-11-15 08:54:39.499153: 
2025-11-15 08:54:39.499453: Epoch 496
2025-11-15 08:54:39.499595: Current learning rate: 0.0054
2025-11-15 08:58:26.804173: train_loss -0.6863
2025-11-15 08:58:26.804462: val_loss -0.6823
2025-11-15 08:58:26.804574: Pseudo dice [np.float32(0.9164), np.float32(0.7437), np.float32(0.0)]
2025-11-15 08:58:26.804677: Epoch time: 227.31 s
2025-11-15 08:58:27.886827: 
2025-11-15 08:58:27.887029: Epoch 497
2025-11-15 08:58:27.887165: Current learning rate: 0.00539
2025-11-15 09:02:14.792622: train_loss -0.6904
2025-11-15 09:02:14.792880: val_loss -0.71
2025-11-15 09:02:14.792972: Pseudo dice [np.float32(0.9136), np.float32(0.7537), np.float32(nan)]
2025-11-15 09:02:14.793063: Epoch time: 226.91 s
2025-11-15 09:02:15.870565: 
2025-11-15 09:02:15.870746: Epoch 498
2025-11-15 09:02:15.870861: Current learning rate: 0.00538
2025-11-15 09:06:03.014012: train_loss -0.6915
2025-11-15 09:06:03.014286: val_loss -0.7147
2025-11-15 09:06:03.014392: Pseudo dice [np.float32(0.9085), np.float32(0.7447), np.float32(0.0)]
2025-11-15 09:06:03.014496: Epoch time: 227.14 s
2025-11-15 09:06:04.484250: 
2025-11-15 09:06:04.484549: Epoch 499
2025-11-15 09:06:04.484691: Current learning rate: 0.00537
2025-11-15 09:09:51.615064: train_loss -0.6814
2025-11-15 09:09:51.615354: val_loss -0.6654
2025-11-15 09:09:51.615466: Pseudo dice [np.float32(0.9154), np.float32(0.7431), np.float32(0.0)]
2025-11-15 09:09:51.615573: Epoch time: 227.13 s
2025-11-15 09:09:53.000970: 
2025-11-15 09:09:53.001185: Epoch 500
2025-11-15 09:09:53.001317: Current learning rate: 0.00536
2025-11-15 09:13:40.283360: train_loss -0.7037
2025-11-15 09:13:40.283678: val_loss -0.7111
2025-11-15 09:13:40.283793: Pseudo dice [np.float32(0.91), np.float32(0.7449), np.float32(0.0)]
2025-11-15 09:13:40.283899: Epoch time: 227.28 s
2025-11-15 09:13:41.371540: 
2025-11-15 09:13:41.371770: Epoch 501
2025-11-15 09:13:41.371899: Current learning rate: 0.00535
2025-11-15 09:17:28.343362: train_loss -0.6978
2025-11-15 09:17:28.343632: val_loss -0.7095
2025-11-15 09:17:28.343734: Pseudo dice [np.float32(0.9105), np.float32(0.7504), np.float32(0.0)]
2025-11-15 09:17:28.343836: Epoch time: 226.97 s
2025-11-15 09:17:29.429677: 
2025-11-15 09:17:29.429939: Epoch 502
2025-11-15 09:17:29.430064: Current learning rate: 0.00534
2025-11-15 09:21:16.346913: train_loss -0.7029
2025-11-15 09:21:16.347178: val_loss -0.6858
2025-11-15 09:21:16.347297: Pseudo dice [np.float32(0.9174), np.float32(0.7569), np.float32(0.0)]
2025-11-15 09:21:16.347405: Epoch time: 226.92 s
2025-11-15 09:21:17.437658: 
2025-11-15 09:21:17.437935: Epoch 503
2025-11-15 09:21:17.438059: Current learning rate: 0.00533
2025-11-15 09:25:04.565969: train_loss -0.6973
2025-11-15 09:25:04.566233: val_loss -0.6959
2025-11-15 09:25:04.566349: Pseudo dice [np.float32(0.9095), np.float32(0.7517), np.float32(0.0)]
2025-11-15 09:25:04.566453: Epoch time: 227.13 s
2025-11-15 09:25:05.643900: 
2025-11-15 09:25:05.644150: Epoch 504
2025-11-15 09:25:05.644289: Current learning rate: 0.00532
2025-11-15 09:28:52.625906: train_loss -0.6887
2025-11-15 09:28:52.626186: val_loss -0.6934
2025-11-15 09:28:52.626302: Pseudo dice [np.float32(0.9136), np.float32(0.7546), np.float32(0.0)]
2025-11-15 09:28:52.626408: Epoch time: 226.98 s
2025-11-15 09:28:53.712204: 
2025-11-15 09:28:53.712476: Epoch 505
2025-11-15 09:28:53.712609: Current learning rate: 0.00531
2025-11-15 09:32:40.553907: train_loss -0.6852
2025-11-15 09:32:40.554192: val_loss -0.6763
2025-11-15 09:32:40.554311: Pseudo dice [np.float32(0.9075), np.float32(0.751), np.float32(0.0)]
2025-11-15 09:32:40.554438: Epoch time: 226.84 s
2025-11-15 09:32:41.653219: 
2025-11-15 09:32:41.653426: Epoch 506
2025-11-15 09:32:41.653550: Current learning rate: 0.0053
2025-11-15 09:36:28.372572: train_loss -0.6872
2025-11-15 09:36:28.372853: val_loss -0.6896
2025-11-15 09:36:28.372960: Pseudo dice [np.float32(0.9159), np.float32(0.7592), np.float32(0.0)]
2025-11-15 09:36:28.373065: Epoch time: 226.72 s
2025-11-15 09:36:29.463411: 
2025-11-15 09:36:29.463712: Epoch 507
2025-11-15 09:36:29.463841: Current learning rate: 0.00529
2025-11-15 09:40:16.923355: train_loss -0.6847
2025-11-15 09:40:16.923626: val_loss -0.7013
2025-11-15 09:40:16.923730: Pseudo dice [np.float32(0.9145), np.float32(0.7422), np.float32(0.0)]
2025-11-15 09:40:16.923831: Epoch time: 227.46 s
2025-11-15 09:40:18.000667: 
2025-11-15 09:40:18.000887: Epoch 508
2025-11-15 09:40:18.001022: Current learning rate: 0.00528
2025-11-15 09:44:05.496426: train_loss -0.6813
2025-11-15 09:44:05.496744: val_loss -0.6922
2025-11-15 09:44:05.496850: Pseudo dice [np.float32(0.9083), np.float32(0.7617), np.float32(0.0)]
2025-11-15 09:44:05.497024: Epoch time: 227.5 s
2025-11-15 09:44:06.563496: 
2025-11-15 09:44:06.563798: Epoch 509
2025-11-15 09:44:06.563937: Current learning rate: 0.00527
2025-11-15 09:47:54.037631: train_loss -0.6799
2025-11-15 09:47:54.037940: val_loss -0.6912
2025-11-15 09:47:54.038058: Pseudo dice [np.float32(0.916), np.float32(0.7481), np.float32(0.0)]
2025-11-15 09:47:54.038171: Epoch time: 227.48 s
2025-11-15 09:47:55.129935: 
2025-11-15 09:47:55.130211: Epoch 510
2025-11-15 09:47:55.130362: Current learning rate: 0.00526
2025-11-15 09:51:42.242470: train_loss -0.6706
2025-11-15 09:51:42.242737: val_loss -0.6911
2025-11-15 09:51:42.242837: Pseudo dice [np.float32(0.9212), np.float32(0.7567), np.float32(0.0)]
2025-11-15 09:51:42.242938: Epoch time: 227.11 s
2025-11-15 09:51:43.724026: 
2025-11-15 09:51:43.724292: Epoch 511
2025-11-15 09:51:43.724423: Current learning rate: 0.00525
2025-11-15 09:55:30.613107: train_loss -0.6817
2025-11-15 09:55:30.613380: val_loss -0.6841
2025-11-15 09:55:30.613486: Pseudo dice [np.float32(0.9146), np.float32(0.7577), np.float32(0.0)]
2025-11-15 09:55:30.613590: Epoch time: 226.89 s
2025-11-15 09:55:31.689148: 
2025-11-15 09:55:31.689472: Epoch 512
2025-11-15 09:55:31.689620: Current learning rate: 0.00524
2025-11-15 09:59:19.046611: train_loss -0.6739
2025-11-15 09:59:19.046890: val_loss -0.6749
2025-11-15 09:59:19.046997: Pseudo dice [np.float32(0.9012), np.float32(0.7353), np.float32(0.0)]
2025-11-15 09:59:19.047099: Epoch time: 227.36 s
2025-11-15 09:59:20.124650: 
2025-11-15 09:59:20.124865: Epoch 513
2025-11-15 09:59:20.124992: Current learning rate: 0.00523
2025-11-15 10:03:06.945319: train_loss -0.6814
2025-11-15 10:03:06.945621: val_loss -0.6788
2025-11-15 10:03:06.945725: Pseudo dice [np.float32(0.9022), np.float32(0.7457), np.float32(0.0)]
2025-11-15 10:03:06.945832: Epoch time: 226.82 s
2025-11-15 10:03:08.044325: 
2025-11-15 10:03:08.044543: Epoch 514
2025-11-15 10:03:08.044669: Current learning rate: 0.00522
2025-11-15 10:06:55.058242: train_loss -0.6974
2025-11-15 10:06:55.058542: val_loss -0.645
2025-11-15 10:06:55.058656: Pseudo dice [np.float32(0.9134), np.float32(0.7489), np.float32(0.0)]
2025-11-15 10:06:55.058763: Epoch time: 227.01 s
2025-11-15 10:06:56.149839: 
2025-11-15 10:06:56.150062: Epoch 515
2025-11-15 10:06:56.150197: Current learning rate: 0.00521
2025-11-15 10:10:42.866718: train_loss -0.6685
2025-11-15 10:10:42.867000: val_loss -0.6676
2025-11-15 10:10:42.867102: Pseudo dice [np.float32(0.9119), np.float32(0.7346), np.float32(0.0)]
2025-11-15 10:10:42.867203: Epoch time: 226.72 s
2025-11-15 10:10:43.959522: 
2025-11-15 10:10:43.959831: Epoch 516
2025-11-15 10:10:43.959961: Current learning rate: 0.0052
2025-11-15 10:14:31.340377: train_loss -0.6802
2025-11-15 10:14:31.340649: val_loss -0.6526
2025-11-15 10:14:31.340757: Pseudo dice [np.float32(0.9159), np.float32(0.7528), np.float32(0.0)]
2025-11-15 10:14:31.340862: Epoch time: 227.38 s
2025-11-15 10:14:32.435050: 
2025-11-15 10:14:32.435253: Epoch 517
2025-11-15 10:14:32.435385: Current learning rate: 0.00519
2025-11-15 10:18:19.923013: train_loss -0.6666
2025-11-15 10:18:19.923290: val_loss -0.7007
2025-11-15 10:18:19.923395: Pseudo dice [np.float32(0.9141), np.float32(0.7637), np.float32(0.0)]
2025-11-15 10:18:19.923498: Epoch time: 227.49 s
2025-11-15 10:18:21.010674: 
2025-11-15 10:18:21.010955: Epoch 518
2025-11-15 10:18:21.011079: Current learning rate: 0.00518
2025-11-15 10:22:08.292522: train_loss -0.6958
2025-11-15 10:22:08.292788: val_loss -0.7104
2025-11-15 10:22:08.292890: Pseudo dice [np.float32(0.9234), np.float32(0.7463), np.float32(nan)]
2025-11-15 10:22:08.292993: Epoch time: 227.28 s
2025-11-15 10:22:09.379532: 
2025-11-15 10:22:09.379744: Epoch 519
2025-11-15 10:22:09.379865: Current learning rate: 0.00518
2025-11-15 10:25:56.828217: train_loss -0.6857
2025-11-15 10:25:56.828484: val_loss -0.6952
2025-11-15 10:25:56.828588: Pseudo dice [np.float32(0.906), np.float32(0.7515), np.float32(0.0)]
2025-11-15 10:25:56.828689: Epoch time: 227.45 s
2025-11-15 10:25:57.921005: 
2025-11-15 10:25:57.921211: Epoch 520
2025-11-15 10:25:57.921340: Current learning rate: 0.00517
2025-11-15 10:29:44.735064: train_loss -0.678
2025-11-15 10:29:44.735356: val_loss -0.6588
2025-11-15 10:29:44.735466: Pseudo dice [np.float32(0.9061), np.float32(0.7377), np.float32(0.0)]
2025-11-15 10:29:44.735569: Epoch time: 226.82 s
2025-11-15 10:29:45.821921: 
2025-11-15 10:29:45.822154: Epoch 521
2025-11-15 10:29:45.822289: Current learning rate: 0.00516
2025-11-15 10:33:32.586021: train_loss -0.6941
2025-11-15 10:33:32.586328: val_loss -0.6584
2025-11-15 10:33:32.586439: Pseudo dice [np.float32(0.9168), np.float32(0.7569), np.float32(0.0)]
2025-11-15 10:33:32.586543: Epoch time: 226.77 s
2025-11-15 10:33:33.670832: 
2025-11-15 10:33:33.671097: Epoch 522
2025-11-15 10:33:33.671232: Current learning rate: 0.00515
2025-11-15 10:37:21.264742: train_loss -0.6833
2025-11-15 10:37:21.265010: val_loss -0.6971
2025-11-15 10:37:21.265110: Pseudo dice [np.float32(0.9044), np.float32(0.7447), np.float32(0.0)]
2025-11-15 10:37:21.265211: Epoch time: 227.59 s
2025-11-15 10:37:22.738682: 
2025-11-15 10:37:22.739007: Epoch 523
2025-11-15 10:37:22.739142: Current learning rate: 0.00514
2025-11-15 10:41:09.587038: train_loss -0.6693
2025-11-15 10:41:09.587372: val_loss -0.6968
2025-11-15 10:41:09.587483: Pseudo dice [np.float32(0.9162), np.float32(0.7353), np.float32(0.0)]
2025-11-15 10:41:09.587587: Epoch time: 226.85 s
2025-11-15 10:41:10.669397: 
2025-11-15 10:41:10.669645: Epoch 524
2025-11-15 10:41:10.669778: Current learning rate: 0.00513
2025-11-15 10:44:57.759575: train_loss -0.6737
2025-11-15 10:44:57.759867: val_loss -0.6725
2025-11-15 10:44:57.759976: Pseudo dice [np.float32(0.9032), np.float32(0.7424), np.float32(0.0)]
2025-11-15 10:44:57.760087: Epoch time: 227.09 s
2025-11-15 10:44:58.847384: 
2025-11-15 10:44:58.847724: Epoch 525
2025-11-15 10:44:58.847854: Current learning rate: 0.00512
2025-11-15 10:48:45.715707: train_loss -0.6903
2025-11-15 10:48:45.715975: val_loss -0.6906
2025-11-15 10:48:45.716079: Pseudo dice [np.float32(0.9071), np.float32(0.7437), np.float32(0.0)]
2025-11-15 10:48:45.716182: Epoch time: 226.87 s
2025-11-15 10:48:46.804796: 
2025-11-15 10:48:46.805081: Epoch 526
2025-11-15 10:48:46.805228: Current learning rate: 0.00511
2025-11-15 10:52:33.938721: train_loss -0.6531
2025-11-15 10:52:33.938991: val_loss -0.7115
2025-11-15 10:52:33.939095: Pseudo dice [np.float32(0.9144), np.float32(0.7628), np.float32(0.0)]
2025-11-15 10:52:33.939198: Epoch time: 227.13 s
2025-11-15 10:52:35.042245: 
2025-11-15 10:52:35.042549: Epoch 527
2025-11-15 10:52:35.042682: Current learning rate: 0.0051
2025-11-15 10:56:22.258839: train_loss -0.6813
2025-11-15 10:56:22.259112: val_loss -0.7019
2025-11-15 10:56:22.259215: Pseudo dice [np.float32(0.9027), np.float32(0.7535), np.float32(0.0)]
2025-11-15 10:56:22.259326: Epoch time: 227.22 s
2025-11-15 10:56:23.343619: 
2025-11-15 10:56:23.343823: Epoch 528
2025-11-15 10:56:23.343951: Current learning rate: 0.00509
2025-11-15 11:00:10.638175: train_loss -0.6861
2025-11-15 11:00:10.638418: val_loss -0.6781
2025-11-15 11:00:10.638523: Pseudo dice [np.float32(0.9079), np.float32(0.7486), np.float32(0.0)]
2025-11-15 11:00:10.638623: Epoch time: 227.3 s
2025-11-15 11:00:11.717150: 
2025-11-15 11:00:11.717362: Epoch 529
2025-11-15 11:00:11.717483: Current learning rate: 0.00508
2025-11-15 11:03:58.462945: train_loss -0.694
2025-11-15 11:03:58.463236: val_loss -0.6908
2025-11-15 11:03:58.463357: Pseudo dice [np.float32(0.9151), np.float32(0.7386), np.float32(0.0)]
2025-11-15 11:03:58.463464: Epoch time: 226.75 s
2025-11-15 11:03:59.561518: 
2025-11-15 11:03:59.561731: Epoch 530
2025-11-15 11:03:59.561847: Current learning rate: 0.00507
2025-11-15 11:07:46.508775: train_loss -0.6664
2025-11-15 11:07:46.509053: val_loss -0.7077
2025-11-15 11:07:46.509155: Pseudo dice [np.float32(0.9176), np.float32(0.7478), np.float32(nan)]
2025-11-15 11:07:46.509258: Epoch time: 226.95 s
2025-11-15 11:07:47.600017: 
2025-11-15 11:07:47.600205: Epoch 531
2025-11-15 11:07:47.600398: Current learning rate: 0.00506
2025-11-15 11:11:34.773580: train_loss -0.6974
2025-11-15 11:11:34.773848: val_loss -0.6983
2025-11-15 11:11:34.773954: Pseudo dice [np.float32(0.9169), np.float32(0.7519), np.float32(0.0)]
2025-11-15 11:11:34.774057: Epoch time: 227.17 s
2025-11-15 11:11:35.872718: 
2025-11-15 11:11:35.872916: Epoch 532
2025-11-15 11:11:35.873038: Current learning rate: 0.00505
2025-11-15 11:15:22.888888: train_loss -0.6868
2025-11-15 11:15:22.889145: val_loss -0.6993
2025-11-15 11:15:22.889249: Pseudo dice [np.float32(0.9135), np.float32(0.7417), np.float32(0.0)]
2025-11-15 11:15:22.889357: Epoch time: 227.02 s
2025-11-15 11:15:23.980756: 
2025-11-15 11:15:23.980970: Epoch 533
2025-11-15 11:15:23.981114: Current learning rate: 0.00504
2025-11-15 11:19:10.744488: train_loss -0.6633
2025-11-15 11:19:10.744747: val_loss -0.7246
2025-11-15 11:19:10.744848: Pseudo dice [np.float32(0.9085), np.float32(0.7665), np.float32(0.0)]
2025-11-15 11:19:10.744950: Epoch time: 226.76 s
2025-11-15 11:19:11.837058: 
2025-11-15 11:19:11.837308: Epoch 534
2025-11-15 11:19:11.837470: Current learning rate: 0.00503
2025-11-15 11:22:58.630141: train_loss -0.6742
2025-11-15 11:22:58.630428: val_loss -0.6545
2025-11-15 11:22:58.630529: Pseudo dice [np.float32(0.9052), np.float32(0.7436), np.float32(0.0)]
2025-11-15 11:22:58.630667: Epoch time: 226.79 s
2025-11-15 11:22:59.721849: 
2025-11-15 11:22:59.722095: Epoch 535
2025-11-15 11:22:59.722234: Current learning rate: 0.00502
2025-11-15 11:26:46.451476: train_loss -0.6683
2025-11-15 11:26:46.451741: val_loss -0.7143
2025-11-15 11:26:46.451843: Pseudo dice [np.float32(0.9088), np.float32(0.7643), np.float32(0.0)]
2025-11-15 11:26:46.451944: Epoch time: 226.73 s
2025-11-15 11:26:47.951801: 
2025-11-15 11:26:47.952142: Epoch 536
2025-11-15 11:26:47.952307: Current learning rate: 0.00501
2025-11-15 11:30:35.177354: train_loss -0.6762
2025-11-15 11:30:35.177693: val_loss -0.6909
2025-11-15 11:30:35.177805: Pseudo dice [np.float32(0.9048), np.float32(0.754), np.float32(0.0)]
2025-11-15 11:30:35.177908: Epoch time: 227.23 s
2025-11-15 11:30:36.270739: 
2025-11-15 11:30:36.270954: Epoch 537
2025-11-15 11:30:36.271079: Current learning rate: 0.005
2025-11-15 11:34:22.771869: train_loss -0.6671
2025-11-15 11:34:22.772300: val_loss -0.6549
2025-11-15 11:34:22.772424: Pseudo dice [np.float32(0.9015), np.float32(0.7478), np.float32(0.0)]
2025-11-15 11:34:22.772534: Epoch time: 226.5 s
2025-11-15 11:34:23.862591: 
2025-11-15 11:34:23.862849: Epoch 538
2025-11-15 11:34:23.862980: Current learning rate: 0.00499
2025-11-15 11:38:10.978851: train_loss -0.6882
2025-11-15 11:38:10.979113: val_loss -0.6689
2025-11-15 11:38:10.979217: Pseudo dice [np.float32(0.9062), np.float32(0.7399), np.float32(0.0)]
2025-11-15 11:38:10.979326: Epoch time: 227.12 s
2025-11-15 11:38:12.066782: 
2025-11-15 11:38:12.066999: Epoch 539
2025-11-15 11:38:12.067126: Current learning rate: 0.00498
2025-11-15 11:41:59.482605: train_loss -0.6866
2025-11-15 11:41:59.482871: val_loss -0.7031
2025-11-15 11:41:59.482976: Pseudo dice [np.float32(0.908), np.float32(0.7511), np.float32(0.0)]
2025-11-15 11:41:59.483077: Epoch time: 227.42 s
2025-11-15 11:42:00.583643: 
2025-11-15 11:42:00.583919: Epoch 540
2025-11-15 11:42:00.584073: Current learning rate: 0.00497
2025-11-15 11:45:47.788527: train_loss -0.6981
2025-11-15 11:45:47.788803: val_loss -0.7039
2025-11-15 11:45:47.788908: Pseudo dice [np.float32(0.9031), np.float32(0.7479), np.float32(0.0)]
2025-11-15 11:45:47.789011: Epoch time: 227.21 s
2025-11-15 11:45:48.881729: 
2025-11-15 11:45:48.881940: Epoch 541
2025-11-15 11:45:48.882072: Current learning rate: 0.00496
2025-11-15 11:49:36.268263: train_loss -0.6857
2025-11-15 11:49:36.268533: val_loss -0.6839
2025-11-15 11:49:36.268634: Pseudo dice [np.float32(0.9167), np.float32(0.7544), np.float32(0.0)]
2025-11-15 11:49:36.268739: Epoch time: 227.39 s
2025-11-15 11:49:37.359756: 
2025-11-15 11:49:37.360046: Epoch 542
2025-11-15 11:49:37.360173: Current learning rate: 0.00495
2025-11-15 11:53:24.530731: train_loss -0.6812
2025-11-15 11:53:24.530994: val_loss -0.6877
2025-11-15 11:53:24.531089: Pseudo dice [np.float32(0.9064), np.float32(0.756), np.float32(0.0)]
2025-11-15 11:53:24.531185: Epoch time: 227.17 s
2025-11-15 11:53:25.625975: 
2025-11-15 11:53:25.626185: Epoch 543
2025-11-15 11:53:25.626320: Current learning rate: 0.00494
2025-11-15 11:57:12.814052: train_loss -0.6864
2025-11-15 11:57:12.814333: val_loss -0.6896
2025-11-15 11:57:12.814442: Pseudo dice [np.float32(0.9093), np.float32(0.7518), np.float32(0.0)]
2025-11-15 11:57:12.814544: Epoch time: 227.19 s
2025-11-15 11:57:13.914641: 
2025-11-15 11:57:13.914880: Epoch 544
2025-11-15 11:57:13.915007: Current learning rate: 0.00493
2025-11-15 12:01:00.748103: train_loss -0.7064
2025-11-15 12:01:00.748374: val_loss -0.6914
2025-11-15 12:01:00.748483: Pseudo dice [np.float32(0.9086), np.float32(0.7461), np.float32(0.0)]
2025-11-15 12:01:00.748633: Epoch time: 226.83 s
2025-11-15 12:01:01.833147: 
2025-11-15 12:01:01.833448: Epoch 545
2025-11-15 12:01:01.833600: Current learning rate: 0.00492
2025-11-15 12:04:48.855828: train_loss -0.6946
2025-11-15 12:04:48.856061: val_loss -0.7001
2025-11-15 12:04:48.856163: Pseudo dice [np.float32(0.9134), np.float32(0.7455), np.float32(0.0)]
2025-11-15 12:04:48.856265: Epoch time: 227.02 s
2025-11-15 12:04:49.944987: 
2025-11-15 12:04:49.945263: Epoch 546
2025-11-15 12:04:49.945393: Current learning rate: 0.00491
2025-11-15 12:08:37.155692: train_loss -0.6785
2025-11-15 12:08:37.155949: val_loss -0.6881
2025-11-15 12:08:37.156050: Pseudo dice [np.float32(0.9115), np.float32(0.7341), np.float32(0.0)]
2025-11-15 12:08:37.156152: Epoch time: 227.21 s
2025-11-15 12:08:38.244232: 
2025-11-15 12:08:38.244592: Epoch 547
2025-11-15 12:08:38.244728: Current learning rate: 0.0049
2025-11-15 12:12:25.214489: train_loss -0.6757
2025-11-15 12:12:25.214736: val_loss -0.6756
2025-11-15 12:12:25.214837: Pseudo dice [np.float32(0.9131), np.float32(0.7363), np.float32(0.0)]
2025-11-15 12:12:25.214939: Epoch time: 226.97 s
2025-11-15 12:12:26.315290: 
2025-11-15 12:12:26.315492: Epoch 548
2025-11-15 12:12:26.315618: Current learning rate: 0.00489
2025-11-15 12:16:12.916279: train_loss -0.6813
2025-11-15 12:16:12.916551: val_loss -0.6878
2025-11-15 12:16:12.916656: Pseudo dice [np.float32(0.9054), np.float32(0.7427), np.float32(0.0)]
2025-11-15 12:16:12.916758: Epoch time: 226.6 s
2025-11-15 12:16:14.377525: 
2025-11-15 12:16:14.377791: Epoch 549
2025-11-15 12:16:14.377935: Current learning rate: 0.00488
2025-11-15 12:20:01.154759: train_loss -0.6838
2025-11-15 12:20:01.155059: val_loss -0.6843
2025-11-15 12:20:01.155170: Pseudo dice [np.float32(0.9155), np.float32(0.7479), np.float32(0.0)]
2025-11-15 12:20:01.155282: Epoch time: 226.78 s
2025-11-15 12:20:02.587188: 
2025-11-15 12:20:02.587398: Epoch 550
2025-11-15 12:20:02.587522: Current learning rate: 0.00487
2025-11-15 12:23:49.446617: train_loss -0.6948
2025-11-15 12:23:49.446891: val_loss -0.6917
2025-11-15 12:23:49.446994: Pseudo dice [np.float32(0.908), np.float32(0.7435), np.float32(0.0)]
2025-11-15 12:23:49.447095: Epoch time: 226.86 s
2025-11-15 12:23:50.538769: 
2025-11-15 12:23:50.539008: Epoch 551
2025-11-15 12:23:50.539133: Current learning rate: 0.00486
2025-11-15 12:27:37.682279: train_loss -0.6901
2025-11-15 12:27:37.682599: val_loss -0.6991
2025-11-15 12:27:37.682703: Pseudo dice [np.float32(0.9118), np.float32(0.7556), np.float32(0.0)]
2025-11-15 12:27:37.682806: Epoch time: 227.14 s
2025-11-15 12:27:38.775649: 
2025-11-15 12:27:38.775864: Epoch 552
2025-11-15 12:27:38.775987: Current learning rate: 0.00485
2025-11-15 12:31:25.598092: train_loss -0.6722
2025-11-15 12:31:25.598409: val_loss -0.6997
2025-11-15 12:31:25.598520: Pseudo dice [np.float32(0.9063), np.float32(0.7411), np.float32(0.0)]
2025-11-15 12:31:25.598624: Epoch time: 226.82 s
2025-11-15 12:31:26.682975: 
2025-11-15 12:31:26.683173: Epoch 553
2025-11-15 12:31:26.683300: Current learning rate: 0.00484
2025-11-15 12:35:13.649713: train_loss -0.6848
2025-11-15 12:35:13.650018: val_loss -0.6924
2025-11-15 12:35:13.650142: Pseudo dice [np.float32(0.9126), np.float32(0.7482), np.float32(0.0)]
2025-11-15 12:35:13.650325: Epoch time: 226.97 s
2025-11-15 12:35:14.743443: 
2025-11-15 12:35:14.743657: Epoch 554
2025-11-15 12:35:14.743801: Current learning rate: 0.00484
2025-11-15 12:39:01.744098: train_loss -0.6845
2025-11-15 12:39:01.744386: val_loss -0.651
2025-11-15 12:39:01.744512: Pseudo dice [np.float32(0.9065), np.float32(0.7435), np.float32(0.0)]
2025-11-15 12:39:01.744639: Epoch time: 227.0 s
2025-11-15 12:39:02.840864: 
2025-11-15 12:39:02.841150: Epoch 555
2025-11-15 12:39:02.841304: Current learning rate: 0.00483
2025-11-15 12:42:49.389282: train_loss -0.6948
2025-11-15 12:42:49.389527: val_loss -0.699
2025-11-15 12:42:49.389628: Pseudo dice [np.float32(0.907), np.float32(0.7369), np.float32(0.0)]
2025-11-15 12:42:49.389731: Epoch time: 226.55 s
2025-11-15 12:42:50.479506: 
2025-11-15 12:42:50.479708: Epoch 556
2025-11-15 12:42:50.479833: Current learning rate: 0.00482
2025-11-15 12:46:37.322172: train_loss -0.6898
2025-11-15 12:46:37.322437: val_loss -0.6872
2025-11-15 12:46:37.322532: Pseudo dice [np.float32(0.9143), np.float32(0.7625), np.float32(0.0)]
2025-11-15 12:46:37.322625: Epoch time: 226.84 s
2025-11-15 12:46:38.422614: 
2025-11-15 12:46:38.422809: Epoch 557
2025-11-15 12:46:38.422931: Current learning rate: 0.00481
2025-11-15 12:50:25.490149: train_loss -0.6838
2025-11-15 12:50:25.490432: val_loss -0.6812
2025-11-15 12:50:25.490533: Pseudo dice [np.float32(0.9106), np.float32(0.731), np.float32(0.0)]
2025-11-15 12:50:25.490636: Epoch time: 227.07 s
2025-11-15 12:50:26.585412: 
2025-11-15 12:50:26.585713: Epoch 558
2025-11-15 12:50:26.585942: Current learning rate: 0.0048
2025-11-15 12:54:12.926783: train_loss -0.6791
2025-11-15 12:54:12.927050: val_loss -0.6909
2025-11-15 12:54:12.927151: Pseudo dice [np.float32(0.9163), np.float32(0.7545), np.float32(0.0)]
2025-11-15 12:54:12.927255: Epoch time: 226.34 s
2025-11-15 12:54:14.013511: 
2025-11-15 12:54:14.013714: Epoch 559
2025-11-15 12:54:14.013843: Current learning rate: 0.00479
2025-11-15 12:58:01.463051: train_loss -0.6823
2025-11-15 12:58:01.463334: val_loss -0.6953
2025-11-15 12:58:01.463444: Pseudo dice [np.float32(0.9061), np.float32(0.7451), np.float32(0.0)]
2025-11-15 12:58:01.463549: Epoch time: 227.45 s
2025-11-15 12:58:02.556871: 
2025-11-15 12:58:02.557093: Epoch 560
2025-11-15 12:58:02.557222: Current learning rate: 0.00478
2025-11-15 13:01:49.566349: train_loss -0.6741
2025-11-15 13:01:49.566615: val_loss -0.6981
2025-11-15 13:01:49.566719: Pseudo dice [np.float32(0.9032), np.float32(0.7449), np.float32(0.0)]
2025-11-15 13:01:49.566820: Epoch time: 227.01 s
2025-11-15 13:01:51.005640: 
2025-11-15 13:01:51.005872: Epoch 561
2025-11-15 13:01:51.005996: Current learning rate: 0.00477
2025-11-15 13:05:37.955572: train_loss -0.6896
2025-11-15 13:05:37.955850: val_loss -0.6711
2025-11-15 13:05:37.955954: Pseudo dice [np.float32(0.9105), np.float32(0.7431), np.float32(0.0)]
2025-11-15 13:05:37.956057: Epoch time: 226.95 s
2025-11-15 13:05:39.052114: 
2025-11-15 13:05:39.052383: Epoch 562
2025-11-15 13:05:39.055597: Current learning rate: 0.00476
2025-11-15 13:09:25.544451: train_loss -0.6895
2025-11-15 13:09:25.544722: val_loss -0.6961
2025-11-15 13:09:25.544828: Pseudo dice [np.float32(0.9116), np.float32(0.7635), np.float32(0.0)]
2025-11-15 13:09:25.544982: Epoch time: 226.49 s
2025-11-15 13:09:26.636361: 
2025-11-15 13:09:26.636679: Epoch 563
2025-11-15 13:09:26.636817: Current learning rate: 0.00475
2025-11-15 13:13:13.656433: train_loss -0.6609
2025-11-15 13:13:13.656695: val_loss -0.7037
2025-11-15 13:13:13.656799: Pseudo dice [np.float32(0.9028), np.float32(0.7541), np.float32(0.0)]
2025-11-15 13:13:13.656904: Epoch time: 227.02 s
2025-11-15 13:13:14.758613: 
2025-11-15 13:13:14.758887: Epoch 564
2025-11-15 13:13:14.759015: Current learning rate: 0.00474
2025-11-15 13:17:01.551446: train_loss -0.6816
2025-11-15 13:17:01.551710: val_loss -0.6926
2025-11-15 13:17:01.551812: Pseudo dice [np.float32(0.9008), np.float32(0.7418), np.float32(0.0)]
2025-11-15 13:17:01.551914: Epoch time: 226.79 s
2025-11-15 13:17:02.645799: 
2025-11-15 13:17:02.646011: Epoch 565
2025-11-15 13:17:02.646193: Current learning rate: 0.00473
2025-11-15 13:20:49.711208: train_loss -0.6867
2025-11-15 13:20:49.711482: val_loss -0.6909
2025-11-15 13:20:49.711585: Pseudo dice [np.float32(0.9077), np.float32(0.7488), np.float32(0.0)]
2025-11-15 13:20:49.711687: Epoch time: 227.07 s
2025-11-15 13:20:50.800204: 
2025-11-15 13:20:50.800499: Epoch 566
2025-11-15 13:20:50.800629: Current learning rate: 0.00472
2025-11-15 13:24:37.759745: train_loss -0.6769
2025-11-15 13:24:37.760020: val_loss -0.6903
2025-11-15 13:24:37.760123: Pseudo dice [np.float32(0.9139), np.float32(0.754), np.float32(0.0)]
2025-11-15 13:24:37.760228: Epoch time: 226.96 s
2025-11-15 13:24:38.850527: 
2025-11-15 13:24:38.850728: Epoch 567
2025-11-15 13:24:38.850852: Current learning rate: 0.00471
2025-11-15 13:28:26.054768: train_loss -0.6626
2025-11-15 13:28:26.055033: val_loss -0.6665
2025-11-15 13:28:26.055134: Pseudo dice [np.float32(0.9045), np.float32(0.7453), np.float32(0.0)]
2025-11-15 13:28:26.055238: Epoch time: 227.21 s
2025-11-15 13:28:27.153959: 
2025-11-15 13:28:27.154188: Epoch 568
2025-11-15 13:28:27.154325: Current learning rate: 0.0047
2025-11-15 13:32:14.439615: train_loss -0.6671
2025-11-15 13:32:14.440098: val_loss -0.6874
2025-11-15 13:32:14.440204: Pseudo dice [np.float32(0.9064), np.float32(0.759), np.float32(0.0)]
2025-11-15 13:32:14.440314: Epoch time: 227.29 s
2025-11-15 13:32:15.531044: 
2025-11-15 13:32:15.531327: Epoch 569
2025-11-15 13:32:15.531454: Current learning rate: 0.00469
2025-11-15 13:36:02.267659: train_loss -0.6935
2025-11-15 13:36:02.267905: val_loss -0.6901
2025-11-15 13:36:02.268060: Pseudo dice [np.float32(0.9092), np.float32(0.7551), np.float32(0.0)]
2025-11-15 13:36:02.268219: Epoch time: 226.74 s
2025-11-15 13:36:03.353727: 
2025-11-15 13:36:03.353968: Epoch 570
2025-11-15 13:36:03.354125: Current learning rate: 0.00468
2025-11-15 13:39:50.433500: train_loss -0.6823
2025-11-15 13:39:50.433762: val_loss -0.7042
2025-11-15 13:39:50.433923: Pseudo dice [np.float32(0.9141), np.float32(0.7638), np.float32(0.0)]
2025-11-15 13:39:50.434036: Epoch time: 227.08 s
2025-11-15 13:39:51.530018: 
2025-11-15 13:39:51.530219: Epoch 571
2025-11-15 13:39:51.530348: Current learning rate: 0.00467
2025-11-15 13:43:38.494500: train_loss -0.6881
2025-11-15 13:43:38.494760: val_loss -0.6847
2025-11-15 13:43:38.494861: Pseudo dice [np.float32(0.9099), np.float32(0.7314), np.float32(0.0)]
2025-11-15 13:43:38.494963: Epoch time: 226.97 s
2025-11-15 13:43:39.592519: 
2025-11-15 13:43:39.592709: Epoch 572
2025-11-15 13:43:39.592824: Current learning rate: 0.00466
2025-11-15 13:47:27.114846: train_loss -0.6833
2025-11-15 13:47:27.115105: val_loss -0.6906
2025-11-15 13:47:27.115229: Pseudo dice [np.float32(0.9092), np.float32(0.7508), np.float32(0.0)]
2025-11-15 13:47:27.115347: Epoch time: 227.52 s
2025-11-15 13:47:28.592623: 
2025-11-15 13:47:28.592834: Epoch 573
2025-11-15 13:47:28.592961: Current learning rate: 0.00465
2025-11-15 13:51:15.444688: train_loss -0.6938
2025-11-15 13:51:15.444952: val_loss -0.6962
2025-11-15 13:51:15.445052: Pseudo dice [np.float32(0.9143), np.float32(0.7648), np.float32(0.0)]
2025-11-15 13:51:15.445227: Epoch time: 226.85 s
2025-11-15 13:51:16.541314: 
2025-11-15 13:51:16.541541: Epoch 574
2025-11-15 13:51:16.541662: Current learning rate: 0.00464
2025-11-15 13:55:03.065918: train_loss -0.6689
2025-11-15 13:55:03.066188: val_loss -0.6907
2025-11-15 13:55:03.066296: Pseudo dice [np.float32(0.9134), np.float32(0.7483), np.float32(0.0)]
2025-11-15 13:55:03.066432: Epoch time: 226.53 s
2025-11-15 13:55:04.159132: 
2025-11-15 13:55:04.159337: Epoch 575
2025-11-15 13:55:04.159457: Current learning rate: 0.00463
2025-11-15 13:58:51.675508: train_loss -0.677
2025-11-15 13:58:51.675776: val_loss -0.678
2025-11-15 13:58:51.675872: Pseudo dice [np.float32(0.9182), np.float32(0.7482), np.float32(0.0)]
2025-11-15 13:58:51.675968: Epoch time: 227.52 s
2025-11-15 13:58:52.781533: 
2025-11-15 13:58:52.781726: Epoch 576
2025-11-15 13:58:52.781961: Current learning rate: 0.00462
2025-11-15 14:02:40.169821: train_loss -0.6873
2025-11-15 14:02:40.170104: val_loss -0.6658
2025-11-15 14:02:40.170210: Pseudo dice [np.float32(0.907), np.float32(0.7458), np.float32(0.0)]
2025-11-15 14:02:40.170327: Epoch time: 227.39 s
2025-11-15 14:02:41.214077: 
2025-11-15 14:02:41.214360: Epoch 577
2025-11-15 14:02:41.214511: Current learning rate: 0.00461
2025-11-15 14:06:28.516250: train_loss -0.6842
2025-11-15 14:06:28.516532: val_loss -0.6734
2025-11-15 14:06:28.516637: Pseudo dice [np.float32(0.9071), np.float32(0.7479), np.float32(0.0)]
2025-11-15 14:06:28.516739: Epoch time: 227.3 s
2025-11-15 14:06:29.537916: 
2025-11-15 14:06:29.538187: Epoch 578
2025-11-15 14:06:29.538327: Current learning rate: 0.0046
2025-11-15 14:10:16.895367: train_loss -0.6827
2025-11-15 14:10:16.895690: val_loss -0.7012
2025-11-15 14:10:16.895796: Pseudo dice [np.float32(0.9092), np.float32(0.7511), np.float32(0.0)]
2025-11-15 14:10:16.895902: Epoch time: 227.36 s
2025-11-15 14:10:17.997263: 
2025-11-15 14:10:17.997569: Epoch 579
2025-11-15 14:10:17.997711: Current learning rate: 0.00459
2025-11-15 14:14:05.323736: train_loss -0.6675
2025-11-15 14:14:05.324014: val_loss -0.6726
2025-11-15 14:14:05.324122: Pseudo dice [np.float32(0.899), np.float32(0.7426), np.float32(0.0)]
2025-11-15 14:14:05.324221: Epoch time: 227.33 s
2025-11-15 14:14:06.419513: 
2025-11-15 14:14:06.419808: Epoch 580
2025-11-15 14:14:06.419933: Current learning rate: 0.00458
2025-11-15 14:17:53.757534: train_loss -0.6712
2025-11-15 14:17:53.757809: val_loss -0.6851
2025-11-15 14:17:53.757912: Pseudo dice [np.float32(0.916), np.float32(0.7407), np.float32(0.0)]
2025-11-15 14:17:53.758015: Epoch time: 227.34 s
2025-11-15 14:17:54.866015: 
2025-11-15 14:17:54.866226: Epoch 581
2025-11-15 14:17:54.866343: Current learning rate: 0.00457
2025-11-15 14:21:42.001605: train_loss -0.6856
2025-11-15 14:21:42.001872: val_loss -0.6884
2025-11-15 14:21:42.001976: Pseudo dice [np.float32(0.9097), np.float32(0.7478), np.float32(0.0)]
2025-11-15 14:21:42.002077: Epoch time: 227.14 s
2025-11-15 14:21:43.104007: 
2025-11-15 14:21:43.104266: Epoch 582
2025-11-15 14:21:43.104410: Current learning rate: 0.00456
2025-11-15 14:25:30.082381: train_loss -0.6849
2025-11-15 14:25:30.082655: val_loss -0.6981
2025-11-15 14:25:30.082761: Pseudo dice [np.float32(0.9148), np.float32(0.7454), np.float32(0.0)]
2025-11-15 14:25:30.082863: Epoch time: 226.98 s
2025-11-15 14:25:31.184093: 
2025-11-15 14:25:31.184326: Epoch 583
2025-11-15 14:25:31.184456: Current learning rate: 0.00455
2025-11-15 14:29:18.281263: train_loss -0.6893
2025-11-15 14:29:18.281524: val_loss -0.6958
2025-11-15 14:29:18.281627: Pseudo dice [np.float32(0.906), np.float32(0.7474), np.float32(0.0)]
2025-11-15 14:29:18.281728: Epoch time: 227.1 s
2025-11-15 14:29:19.379004: 
2025-11-15 14:29:19.379201: Epoch 584
2025-11-15 14:29:19.379329: Current learning rate: 0.00454
2025-11-15 14:33:06.641516: train_loss -0.6903
2025-11-15 14:33:06.641789: val_loss -0.699
2025-11-15 14:33:06.641889: Pseudo dice [np.float32(0.9163), np.float32(0.7701), np.float32(0.0)]
2025-11-15 14:33:06.641989: Epoch time: 227.26 s
2025-11-15 14:33:08.126715: 
2025-11-15 14:33:08.127067: Epoch 585
2025-11-15 14:33:08.127314: Current learning rate: 0.00453
2025-11-15 14:36:54.920302: train_loss -0.6893
2025-11-15 14:36:54.920570: val_loss -0.6799
2025-11-15 14:36:54.920673: Pseudo dice [np.float32(0.914), np.float32(0.7408), np.float32(0.0)]
2025-11-15 14:36:54.920772: Epoch time: 226.79 s
2025-11-15 14:36:56.007113: 
2025-11-15 14:36:56.007348: Epoch 586
2025-11-15 14:36:56.007478: Current learning rate: 0.00452
2025-11-15 14:40:42.912466: train_loss -0.6784
2025-11-15 14:40:42.912735: val_loss -0.6833
2025-11-15 14:40:42.912845: Pseudo dice [np.float32(0.9161), np.float32(0.7386), np.float32(0.0)]
2025-11-15 14:40:42.912941: Epoch time: 226.91 s
2025-11-15 14:40:44.004202: 
2025-11-15 14:40:44.004446: Epoch 587
2025-11-15 14:40:44.004605: Current learning rate: 0.00451
2025-11-15 14:44:30.524169: train_loss -0.6926
2025-11-15 14:44:30.524440: val_loss -0.7068
2025-11-15 14:44:30.524544: Pseudo dice [np.float32(0.9165), np.float32(0.7588), np.float32(0.0)]
2025-11-15 14:44:30.524646: Epoch time: 226.52 s
2025-11-15 14:44:31.623490: 
2025-11-15 14:44:31.623698: Epoch 588
2025-11-15 14:44:31.623820: Current learning rate: 0.0045
2025-11-15 14:48:18.588182: train_loss -0.6913
2025-11-15 14:48:18.588485: val_loss -0.6718
2025-11-15 14:48:18.588593: Pseudo dice [np.float32(0.9077), np.float32(0.7464), np.float32(0.0)]
2025-11-15 14:48:18.588695: Epoch time: 226.97 s
2025-11-15 14:48:19.682726: 
2025-11-15 14:48:19.683021: Epoch 589
2025-11-15 14:48:19.683180: Current learning rate: 0.00449
2025-11-15 14:52:06.641661: train_loss -0.6865
2025-11-15 14:52:06.641950: val_loss -0.7006
2025-11-15 14:52:06.642055: Pseudo dice [np.float32(0.9157), np.float32(0.7615), np.float32(0.0)]
2025-11-15 14:52:06.642158: Epoch time: 226.96 s
2025-11-15 14:52:07.748296: 
2025-11-15 14:52:07.748578: Epoch 590
2025-11-15 14:52:07.748721: Current learning rate: 0.00448
2025-11-15 14:55:54.811584: train_loss -0.6908
2025-11-15 14:55:54.811842: val_loss -0.6851
2025-11-15 14:55:54.811937: Pseudo dice [np.float32(0.9143), np.float32(0.7601), np.float32(0.0)]
2025-11-15 14:55:54.812027: Epoch time: 227.06 s
2025-11-15 14:55:55.913659: 
2025-11-15 14:55:55.913942: Epoch 591
2025-11-15 14:55:55.914076: Current learning rate: 0.00447
2025-11-15 14:59:43.076936: train_loss -0.6703
2025-11-15 14:59:43.077282: val_loss -0.7031
2025-11-15 14:59:43.077394: Pseudo dice [np.float32(0.9131), np.float32(0.7488), np.float32(0.0)]
2025-11-15 14:59:43.077497: Epoch time: 227.16 s
2025-11-15 14:59:44.176119: 
2025-11-15 14:59:44.176397: Epoch 592
2025-11-15 14:59:44.176546: Current learning rate: 0.00446
2025-11-15 15:03:30.902151: train_loss -0.6845
2025-11-15 15:03:30.902483: val_loss -0.7068
2025-11-15 15:03:30.902599: Pseudo dice [np.float32(0.9157), np.float32(0.7513), np.float32(0.0)]
2025-11-15 15:03:30.902704: Epoch time: 226.73 s
2025-11-15 15:03:32.002213: 
2025-11-15 15:03:32.002532: Epoch 593
2025-11-15 15:03:32.002669: Current learning rate: 0.00445
2025-11-15 15:07:19.461120: train_loss -0.6859
2025-11-15 15:07:19.461403: val_loss -0.6952
2025-11-15 15:07:19.461513: Pseudo dice [np.float32(0.9138), np.float32(0.7498), np.float32(0.0)]
2025-11-15 15:07:19.461618: Epoch time: 227.46 s
2025-11-15 15:07:20.563671: 
2025-11-15 15:07:20.563939: Epoch 594
2025-11-15 15:07:20.564088: Current learning rate: 0.00444
2025-11-15 15:11:07.448945: train_loss -0.6964
2025-11-15 15:11:07.449214: val_loss -0.6792
2025-11-15 15:11:07.449328: Pseudo dice [np.float32(0.9094), np.float32(0.7517), np.float32(0.0)]
2025-11-15 15:11:07.449433: Epoch time: 226.89 s
2025-11-15 15:11:08.552329: 
2025-11-15 15:11:08.552530: Epoch 595
2025-11-15 15:11:08.552650: Current learning rate: 0.00443
2025-11-15 15:14:55.558972: train_loss -0.7032
2025-11-15 15:14:55.559231: val_loss -0.6963
2025-11-15 15:14:55.559362: Pseudo dice [np.float32(0.9142), np.float32(0.7479), np.float32(0.0)]
2025-11-15 15:14:55.559466: Epoch time: 227.01 s
2025-11-15 15:14:56.662269: 
2025-11-15 15:14:56.662585: Epoch 596
2025-11-15 15:14:56.662720: Current learning rate: 0.00442
2025-11-15 15:18:43.725257: train_loss -0.6819
2025-11-15 15:18:43.725572: val_loss -0.7009
2025-11-15 15:18:43.725683: Pseudo dice [np.float32(0.9161), np.float32(0.7607), np.float32(0.0)]
2025-11-15 15:18:43.725788: Epoch time: 227.06 s
2025-11-15 15:18:44.827477: 
2025-11-15 15:18:44.827741: Epoch 597
2025-11-15 15:18:44.827857: Current learning rate: 0.00441
2025-11-15 15:22:31.879565: train_loss -0.6966
2025-11-15 15:22:31.879838: val_loss -0.7031
2025-11-15 15:22:31.879939: Pseudo dice [np.float32(0.9132), np.float32(0.7579), np.float32(0.0)]
2025-11-15 15:22:31.880041: Epoch time: 227.05 s
2025-11-15 15:22:33.390938: 
2025-11-15 15:22:33.391158: Epoch 598
2025-11-15 15:22:33.391282: Current learning rate: 0.0044
2025-11-15 15:26:20.463250: train_loss -0.6744
2025-11-15 15:26:20.463525: val_loss -0.6624
2025-11-15 15:26:20.463635: Pseudo dice [np.float32(0.9153), np.float32(0.7541), np.float32(0.0)]
2025-11-15 15:26:20.463814: Epoch time: 227.07 s
2025-11-15 15:26:21.558902: 
2025-11-15 15:26:21.559130: Epoch 599
2025-11-15 15:26:21.559259: Current learning rate: 0.00439
2025-11-15 15:30:08.735071: train_loss -0.6884
2025-11-15 15:30:08.735352: val_loss -0.7192
2025-11-15 15:30:08.735455: Pseudo dice [np.float32(0.9131), np.float32(0.755), np.float32(0.0)]
2025-11-15 15:30:08.735556: Epoch time: 227.18 s
2025-11-15 15:30:10.126722: 
2025-11-15 15:30:10.126929: Epoch 600
2025-11-15 15:30:10.127054: Current learning rate: 0.00438
2025-11-15 15:33:57.446603: train_loss -0.6839
2025-11-15 15:33:57.446862: val_loss -0.6523
2025-11-15 15:33:57.446968: Pseudo dice [np.float32(0.9193), np.float32(0.7378), np.float32(0.0)]
2025-11-15 15:33:57.447071: Epoch time: 227.32 s
2025-11-15 15:33:58.551571: 
2025-11-15 15:33:58.551778: Epoch 601
2025-11-15 15:33:58.551898: Current learning rate: 0.00437
2025-11-15 15:37:45.605678: train_loss -0.6887
2025-11-15 15:37:45.605948: val_loss -0.7161
2025-11-15 15:37:45.606053: Pseudo dice [np.float32(0.9034), np.float32(0.751), np.float32(0.0)]
2025-11-15 15:37:45.606153: Epoch time: 227.06 s
2025-11-15 15:37:46.700624: 
2025-11-15 15:37:46.700850: Epoch 602
2025-11-15 15:37:46.700975: Current learning rate: 0.00436
2025-11-15 15:41:33.838867: train_loss -0.6904
2025-11-15 15:41:33.839244: val_loss -0.7072
2025-11-15 15:41:33.839388: Pseudo dice [np.float32(0.9178), np.float32(0.7531), np.float32(0.0)]
2025-11-15 15:41:33.839494: Epoch time: 227.14 s
2025-11-15 15:41:34.939336: 
2025-11-15 15:41:34.939641: Epoch 603
2025-11-15 15:41:34.939797: Current learning rate: 0.00435
2025-11-15 15:45:22.431650: train_loss -0.682
2025-11-15 15:45:22.431916: val_loss -0.6874
2025-11-15 15:45:22.432022: Pseudo dice [np.float32(0.9068), np.float32(0.7594), np.float32(0.0)]
2025-11-15 15:45:22.432127: Epoch time: 227.49 s
2025-11-15 15:45:23.529938: 
2025-11-15 15:45:23.530207: Epoch 604
2025-11-15 15:45:23.530334: Current learning rate: 0.00434
2025-11-15 15:49:10.327706: train_loss -0.6857
2025-11-15 15:49:10.327965: val_loss -0.6808
2025-11-15 15:49:10.328071: Pseudo dice [np.float32(0.9081), np.float32(0.7455), np.float32(0.0)]
2025-11-15 15:49:10.328174: Epoch time: 226.8 s
2025-11-15 15:49:11.424659: 
2025-11-15 15:49:11.424883: Epoch 605
2025-11-15 15:49:11.425010: Current learning rate: 0.00433
2025-11-15 15:52:58.774503: train_loss -0.6971
2025-11-15 15:52:58.774804: val_loss -0.7099
2025-11-15 15:52:58.774920: Pseudo dice [np.float32(0.9107), np.float32(0.7565), np.float32(0.0)]
2025-11-15 15:52:58.775030: Epoch time: 227.35 s
2025-11-15 15:52:59.877012: 
2025-11-15 15:52:59.877212: Epoch 606
2025-11-15 15:52:59.877344: Current learning rate: 0.00432
2025-11-15 15:56:46.598249: train_loss -0.6846
2025-11-15 15:56:46.598526: val_loss -0.7109
2025-11-15 15:56:46.598632: Pseudo dice [np.float32(0.9111), np.float32(0.7557), np.float32(0.0)]
2025-11-15 15:56:46.598734: Epoch time: 226.72 s
2025-11-15 15:56:47.698509: 
2025-11-15 15:56:47.698711: Epoch 607
2025-11-15 15:56:47.698836: Current learning rate: 0.00431
2025-11-15 16:00:34.570527: train_loss -0.6901
2025-11-15 16:00:34.570805: val_loss -0.6766
2025-11-15 16:00:34.570909: Pseudo dice [np.float32(0.9107), np.float32(0.7505), np.float32(0.0)]
2025-11-15 16:00:34.571016: Epoch time: 226.87 s
2025-11-15 16:00:35.673507: 
2025-11-15 16:00:35.673707: Epoch 608
2025-11-15 16:00:35.673856: Current learning rate: 0.0043
2025-11-15 16:04:22.239263: train_loss -0.688
2025-11-15 16:04:22.239542: val_loss -0.6829
2025-11-15 16:04:22.239645: Pseudo dice [np.float32(0.911), np.float32(0.7612), np.float32(0.0)]
2025-11-15 16:04:22.239769: Epoch time: 226.57 s
2025-11-15 16:04:23.349545: 
2025-11-15 16:04:23.349848: Epoch 609
2025-11-15 16:04:23.349994: Current learning rate: 0.00429
2025-11-15 16:08:10.326936: train_loss -0.6793
2025-11-15 16:08:10.327208: val_loss -0.6774
2025-11-15 16:08:10.327350: Pseudo dice [np.float32(0.9168), np.float32(0.7458), np.float32(0.0)]
2025-11-15 16:08:10.327466: Epoch time: 226.98 s
2025-11-15 16:08:11.812358: 
2025-11-15 16:08:11.812661: Epoch 610
2025-11-15 16:08:11.812784: Current learning rate: 0.00429
2025-11-15 16:11:58.658295: train_loss -0.6894
2025-11-15 16:11:58.658568: val_loss -0.6831
2025-11-15 16:11:58.658680: Pseudo dice [np.float32(0.907), np.float32(0.7494), np.float32(0.0)]
2025-11-15 16:11:58.658808: Epoch time: 226.85 s
2025-11-15 16:11:59.752108: 
2025-11-15 16:11:59.752373: Epoch 611
2025-11-15 16:11:59.752492: Current learning rate: 0.00428
2025-11-15 16:15:46.506975: train_loss -0.6864
2025-11-15 16:15:46.507250: val_loss -0.6879
2025-11-15 16:15:46.507361: Pseudo dice [np.float32(0.9141), np.float32(0.7714), np.float32(0.0)]
2025-11-15 16:15:46.507488: Epoch time: 226.76 s
2025-11-15 16:15:47.618154: 
2025-11-15 16:15:47.618417: Epoch 612
2025-11-15 16:15:47.618543: Current learning rate: 0.00427
2025-11-15 16:19:34.811975: train_loss -0.6913
2025-11-15 16:19:34.812241: val_loss -0.6729
2025-11-15 16:19:34.812354: Pseudo dice [np.float32(0.9078), np.float32(0.7466), np.float32(0.0)]
2025-11-15 16:19:34.812459: Epoch time: 227.19 s
2025-11-15 16:19:35.928796: 
2025-11-15 16:19:35.929130: Epoch 613
2025-11-15 16:19:35.929363: Current learning rate: 0.00426
2025-11-15 16:23:22.874153: train_loss -0.6968
2025-11-15 16:23:22.874439: val_loss -0.7282
2025-11-15 16:23:22.874545: Pseudo dice [np.float32(0.9054), np.float32(0.7604), np.float32(0.0)]
2025-11-15 16:23:22.874680: Epoch time: 226.95 s
2025-11-15 16:23:23.986133: 
2025-11-15 16:23:23.986349: Epoch 614
2025-11-15 16:23:23.986474: Current learning rate: 0.00425
2025-11-15 16:27:10.394536: train_loss -0.6865
2025-11-15 16:27:10.394789: val_loss -0.6446
2025-11-15 16:27:10.394895: Pseudo dice [np.float32(0.9077), np.float32(0.7289), np.float32(0.0)]
2025-11-15 16:27:10.395000: Epoch time: 226.41 s
2025-11-15 16:27:11.549646: 
2025-11-15 16:27:11.549859: Epoch 615
2025-11-15 16:27:11.549983: Current learning rate: 0.00424
2025-11-15 16:30:58.584698: train_loss -0.6863
2025-11-15 16:30:58.584972: val_loss -0.6969
2025-11-15 16:30:58.585079: Pseudo dice [np.float32(0.9029), np.float32(0.7508), np.float32(0.0)]
2025-11-15 16:30:58.585185: Epoch time: 227.04 s
2025-11-15 16:30:59.690893: 
2025-11-15 16:30:59.691107: Epoch 616
2025-11-15 16:30:59.691234: Current learning rate: 0.00423
2025-11-15 16:34:46.726943: train_loss -0.6819
2025-11-15 16:34:46.727216: val_loss -0.6941
2025-11-15 16:34:46.727325: Pseudo dice [np.float32(0.9157), np.float32(0.7563), np.float32(0.0)]
2025-11-15 16:34:46.727482: Epoch time: 227.04 s
2025-11-15 16:34:47.830918: 
2025-11-15 16:34:47.831212: Epoch 617
2025-11-15 16:34:47.831342: Current learning rate: 0.00422
2025-11-15 16:38:34.836291: train_loss -0.689
2025-11-15 16:38:34.836605: val_loss -0.6928
2025-11-15 16:38:34.836711: Pseudo dice [np.float32(0.9128), np.float32(0.7523), np.float32(0.0)]
2025-11-15 16:38:34.836817: Epoch time: 227.01 s
2025-11-15 16:38:35.938017: 
2025-11-15 16:38:35.938192: Epoch 618
2025-11-15 16:38:35.938322: Current learning rate: 0.00421
2025-11-15 16:42:23.641016: train_loss -0.6904
2025-11-15 16:42:23.641299: val_loss -0.7152
2025-11-15 16:42:23.641405: Pseudo dice [np.float32(0.91), np.float32(0.7558), np.float32(0.0)]
2025-11-15 16:42:23.641508: Epoch time: 227.7 s
2025-11-15 16:42:24.759360: 
2025-11-15 16:42:24.759563: Epoch 619
2025-11-15 16:42:24.759684: Current learning rate: 0.0042
2025-11-15 16:46:11.738628: train_loss -0.6956
2025-11-15 16:46:11.738885: val_loss -0.6844
2025-11-15 16:46:11.738975: Pseudo dice [np.float32(0.9058), np.float32(0.7485), np.float32(0.0)]
2025-11-15 16:46:11.739106: Epoch time: 226.98 s
2025-11-15 16:46:12.769984: 
2025-11-15 16:46:12.770190: Epoch 620
2025-11-15 16:46:12.770317: Current learning rate: 0.00419
2025-11-15 16:49:59.663007: train_loss -0.6747
2025-11-15 16:49:59.663493: val_loss -0.6796
2025-11-15 16:49:59.663601: Pseudo dice [np.float32(0.9124), np.float32(0.7475), np.float32(0.0)]
2025-11-15 16:49:59.663706: Epoch time: 226.89 s
2025-11-15 16:50:00.773789: 
2025-11-15 16:50:00.773991: Epoch 621
2025-11-15 16:50:00.774193: Current learning rate: 0.00418
2025-11-15 16:53:47.798279: train_loss -0.7006
2025-11-15 16:53:47.798590: val_loss -0.6899
2025-11-15 16:53:47.798694: Pseudo dice [np.float32(0.9165), np.float32(0.7498), np.float32(0.0)]
2025-11-15 16:53:47.798788: Epoch time: 227.03 s
2025-11-15 16:53:49.287118: 
2025-11-15 16:53:49.287379: Epoch 622
2025-11-15 16:53:49.287504: Current learning rate: 0.00417
2025-11-15 16:57:36.647051: train_loss -0.6888
2025-11-15 16:57:36.647321: val_loss -0.6668
2025-11-15 16:57:36.647429: Pseudo dice [np.float32(0.9033), np.float32(0.7352), np.float32(0.0)]
2025-11-15 16:57:36.647530: Epoch time: 227.36 s
2025-11-15 16:57:37.751069: 
2025-11-15 16:57:37.751376: Epoch 623
2025-11-15 16:57:37.751506: Current learning rate: 0.00416
2025-11-15 17:01:24.567184: train_loss -0.6855
2025-11-15 17:01:24.567465: val_loss -0.6929
2025-11-15 17:01:24.567572: Pseudo dice [np.float32(0.9155), np.float32(0.7459), np.float32(0.0)]
2025-11-15 17:01:24.567676: Epoch time: 226.82 s
2025-11-15 17:01:25.661198: 
2025-11-15 17:01:25.661427: Epoch 624
2025-11-15 17:01:25.661559: Current learning rate: 0.00415
2025-11-15 17:05:12.319078: train_loss -0.7008
2025-11-15 17:05:12.319351: val_loss -0.6826
2025-11-15 17:05:12.319457: Pseudo dice [np.float32(0.9158), np.float32(0.7545), np.float32(0.0)]
2025-11-15 17:05:12.319560: Epoch time: 226.66 s
2025-11-15 17:05:13.420876: 
2025-11-15 17:05:13.421083: Epoch 625
2025-11-15 17:05:13.421206: Current learning rate: 0.00414
2025-11-15 17:09:01.031582: train_loss -0.7094
2025-11-15 17:09:01.031858: val_loss -0.7035
2025-11-15 17:09:01.031960: Pseudo dice [np.float32(0.9115), np.float32(0.753), np.float32(0.0)]
2025-11-15 17:09:01.032063: Epoch time: 227.61 s
2025-11-15 17:09:02.137631: 
2025-11-15 17:09:02.137877: Epoch 626
2025-11-15 17:09:02.138013: Current learning rate: 0.00413
2025-11-15 17:12:49.314960: train_loss -0.6856
2025-11-15 17:12:49.315223: val_loss -0.6931
2025-11-15 17:12:49.315372: Pseudo dice [np.float32(0.9049), np.float32(0.7525), np.float32(0.0)]
2025-11-15 17:12:49.315487: Epoch time: 227.18 s
2025-11-15 17:12:50.416150: 
2025-11-15 17:12:50.416391: Epoch 627
2025-11-15 17:12:50.416523: Current learning rate: 0.00412
2025-11-15 17:16:37.197741: train_loss -0.6941
2025-11-15 17:16:37.198018: val_loss -0.709
2025-11-15 17:16:37.198122: Pseudo dice [np.float32(0.9133), np.float32(0.7573), np.float32(0.0)]
2025-11-15 17:16:37.198226: Epoch time: 226.78 s
2025-11-15 17:16:38.291359: 
2025-11-15 17:16:38.291609: Epoch 628
2025-11-15 17:16:38.291772: Current learning rate: 0.00411
2025-11-15 17:20:25.461384: train_loss -0.6929
2025-11-15 17:20:25.461643: val_loss -0.7267
2025-11-15 17:20:25.461742: Pseudo dice [np.float32(0.9132), np.float32(0.748), np.float32(0.0)]
2025-11-15 17:20:25.461843: Epoch time: 227.17 s
2025-11-15 17:20:26.569146: 
2025-11-15 17:20:26.569379: Epoch 629
2025-11-15 17:20:26.569506: Current learning rate: 0.0041
2025-11-15 17:24:13.525520: train_loss -0.6878
2025-11-15 17:24:13.525777: val_loss -0.6938
2025-11-15 17:24:13.525878: Pseudo dice [np.float32(0.9186), np.float32(0.7287), np.float32(0.0)]
2025-11-15 17:24:13.525979: Epoch time: 226.96 s
2025-11-15 17:24:14.637017: 
2025-11-15 17:24:14.637224: Epoch 630
2025-11-15 17:24:14.637357: Current learning rate: 0.00409
2025-11-15 17:28:01.774533: train_loss -0.696
2025-11-15 17:28:01.774800: val_loss -0.7005
2025-11-15 17:28:01.774903: Pseudo dice [np.float32(0.9045), np.float32(0.7357), np.float32(0.0)]
2025-11-15 17:28:01.775005: Epoch time: 227.14 s
2025-11-15 17:28:02.888243: 
2025-11-15 17:28:02.888538: Epoch 631
2025-11-15 17:28:02.888670: Current learning rate: 0.00408
2025-11-15 17:31:49.545912: train_loss -0.6836
2025-11-15 17:31:49.546181: val_loss -0.7176
2025-11-15 17:31:49.546295: Pseudo dice [np.float32(0.9128), np.float32(0.7497), np.float32(nan)]
2025-11-15 17:31:49.546400: Epoch time: 226.66 s
2025-11-15 17:31:50.652655: 
2025-11-15 17:31:50.652857: Epoch 632
2025-11-15 17:31:50.652984: Current learning rate: 0.00407
2025-11-15 17:35:37.735802: train_loss -0.6951
2025-11-15 17:35:37.736075: val_loss -0.7206
2025-11-15 17:35:37.736180: Pseudo dice [np.float32(0.9122), np.float32(0.7516), np.float32(0.0)]
2025-11-15 17:35:37.736290: Epoch time: 227.08 s
2025-11-15 17:35:38.838699: 
2025-11-15 17:35:38.839013: Epoch 633
2025-11-15 17:35:38.839152: Current learning rate: 0.00406
2025-11-15 17:39:25.729557: train_loss -0.6773
2025-11-15 17:39:25.729818: val_loss -0.6925
2025-11-15 17:39:25.729918: Pseudo dice [np.float32(0.9213), np.float32(0.7489), np.float32(0.0)]
2025-11-15 17:39:25.730019: Epoch time: 226.89 s
2025-11-15 17:39:27.246289: 
2025-11-15 17:39:27.246534: Epoch 634
2025-11-15 17:39:27.246666: Current learning rate: 0.00405
2025-11-15 17:43:14.312380: train_loss -0.6816
2025-11-15 17:43:14.312647: val_loss -0.6828
2025-11-15 17:43:14.312752: Pseudo dice [np.float32(0.9108), np.float32(0.738), np.float32(0.0)]
2025-11-15 17:43:14.312857: Epoch time: 227.07 s
2025-11-15 17:43:15.408861: 
2025-11-15 17:43:15.409070: Epoch 635
2025-11-15 17:43:15.409198: Current learning rate: 0.00404
2025-11-15 17:47:02.097136: train_loss -0.6895
2025-11-15 17:47:02.097423: val_loss -0.7058
2025-11-15 17:47:02.097530: Pseudo dice [np.float32(0.9115), np.float32(0.7442), np.float32(0.0)]
2025-11-15 17:47:02.097634: Epoch time: 226.69 s
2025-11-15 17:47:03.203232: 
2025-11-15 17:47:03.203439: Epoch 636
2025-11-15 17:47:03.203561: Current learning rate: 0.00403
2025-11-15 17:50:49.843390: train_loss -0.689
2025-11-15 17:50:49.843664: val_loss -0.6552
2025-11-15 17:50:49.843771: Pseudo dice [np.float32(0.9114), np.float32(0.726), np.float32(0.0)]
2025-11-15 17:50:49.843874: Epoch time: 226.64 s
2025-11-15 17:50:50.958031: 
2025-11-15 17:50:50.958295: Epoch 637
2025-11-15 17:50:50.958420: Current learning rate: 0.00402
2025-11-15 17:54:38.017911: train_loss -0.6963
2025-11-15 17:54:38.018184: val_loss -0.6572
2025-11-15 17:54:38.018296: Pseudo dice [np.float32(0.9149), np.float32(0.7409), np.float32(0.0)]
2025-11-15 17:54:38.018402: Epoch time: 227.06 s
2025-11-15 17:54:39.122652: 
2025-11-15 17:54:39.122851: Epoch 638
2025-11-15 17:54:39.122971: Current learning rate: 0.00401
2025-11-15 17:58:26.332046: train_loss -0.686
2025-11-15 17:58:26.332322: val_loss -0.6879
2025-11-15 17:58:26.332429: Pseudo dice [np.float32(0.9131), np.float32(0.7439), np.float32(0.0)]
2025-11-15 17:58:26.332537: Epoch time: 227.21 s
2025-11-15 17:58:27.361424: 
2025-11-15 17:58:27.361625: Epoch 639
2025-11-15 17:58:27.361741: Current learning rate: 0.004
2025-11-15 18:02:14.179210: train_loss -0.7048
2025-11-15 18:02:14.179492: val_loss -0.6989
2025-11-15 18:02:14.179595: Pseudo dice [np.float32(0.9166), np.float32(0.7515), np.float32(0.0)]
2025-11-15 18:02:14.179697: Epoch time: 226.82 s
2025-11-15 18:02:15.294267: 
2025-11-15 18:02:15.294543: Epoch 640
2025-11-15 18:02:15.294671: Current learning rate: 0.00399
2025-11-15 18:06:02.896467: train_loss -0.6894
2025-11-15 18:06:02.896745: val_loss -0.6662
2025-11-15 18:06:02.896980: Pseudo dice [np.float32(0.9092), np.float32(0.7408), np.float32(0.0)]
2025-11-15 18:06:02.897093: Epoch time: 227.6 s
2025-11-15 18:06:04.005761: 
2025-11-15 18:06:04.005990: Epoch 641
2025-11-15 18:06:04.006125: Current learning rate: 0.00398
2025-11-15 18:09:50.803872: train_loss -0.697
2025-11-15 18:09:50.804143: val_loss -0.6835
2025-11-15 18:09:50.804246: Pseudo dice [np.float32(0.9109), np.float32(0.7333), np.float32(0.0)]
2025-11-15 18:09:50.804358: Epoch time: 226.8 s
2025-11-15 18:09:51.910289: 
2025-11-15 18:09:51.910480: Epoch 642
2025-11-15 18:09:51.910603: Current learning rate: 0.00397
2025-11-15 18:13:39.235146: train_loss -0.7008
2025-11-15 18:13:39.235418: val_loss -0.6858
2025-11-15 18:13:39.235523: Pseudo dice [np.float32(0.9105), np.float32(0.7476), np.float32(0.0)]
2025-11-15 18:13:39.235624: Epoch time: 227.33 s
2025-11-15 18:13:40.335709: 
2025-11-15 18:13:40.335943: Epoch 643
2025-11-15 18:13:40.336080: Current learning rate: 0.00396
2025-11-15 18:17:27.063844: train_loss -0.705
2025-11-15 18:17:27.064114: val_loss -0.6828
2025-11-15 18:17:27.064208: Pseudo dice [np.float32(0.9096), np.float32(0.7345), np.float32(0.0)]
2025-11-15 18:17:27.064375: Epoch time: 226.73 s
2025-11-15 18:17:28.173969: 
2025-11-15 18:17:28.174156: Epoch 644
2025-11-15 18:17:28.174289: Current learning rate: 0.00395
2025-11-15 18:21:15.432227: train_loss -0.7105
2025-11-15 18:21:15.432484: val_loss -0.6388
2025-11-15 18:21:15.432586: Pseudo dice [np.float32(0.9098), np.float32(0.7484), np.float32(0.0)]
2025-11-15 18:21:15.432688: Epoch time: 227.26 s
2025-11-15 18:21:16.543609: 
2025-11-15 18:21:16.543822: Epoch 645
2025-11-15 18:21:16.543941: Current learning rate: 0.00394
2025-11-15 18:25:03.440013: train_loss -0.6904
2025-11-15 18:25:03.440289: val_loss -0.684
2025-11-15 18:25:03.440394: Pseudo dice [np.float32(0.9126), np.float32(0.7241), np.float32(0.0)]
2025-11-15 18:25:03.440498: Epoch time: 226.9 s
2025-11-15 18:25:04.557888: 
2025-11-15 18:25:04.558127: Epoch 646
2025-11-15 18:25:04.558257: Current learning rate: 0.00393
2025-11-15 18:28:51.609031: train_loss -0.6895
2025-11-15 18:28:51.609312: val_loss -0.6657
2025-11-15 18:28:51.609423: Pseudo dice [np.float32(0.9032), np.float32(0.7389), np.float32(0.0)]
2025-11-15 18:28:51.609529: Epoch time: 227.05 s
2025-11-15 18:28:53.116184: 
2025-11-15 18:28:53.116422: Epoch 647
2025-11-15 18:28:53.116549: Current learning rate: 0.00392
2025-11-15 18:32:39.871220: train_loss -0.7012
2025-11-15 18:32:39.871502: val_loss -0.691
2025-11-15 18:32:39.871606: Pseudo dice [np.float32(0.9149), np.float32(0.7461), np.float32(0.0)]
2025-11-15 18:32:39.871708: Epoch time: 226.76 s
2025-11-15 18:32:40.962435: 
2025-11-15 18:32:40.962715: Epoch 648
2025-11-15 18:32:40.962855: Current learning rate: 0.00391
2025-11-15 18:36:27.999418: train_loss -0.6946
2025-11-15 18:36:27.999724: val_loss -0.6777
2025-11-15 18:36:27.999835: Pseudo dice [np.float32(0.911), np.float32(0.7439), np.float32(0.0)]
2025-11-15 18:36:27.999939: Epoch time: 227.04 s
2025-11-15 18:36:29.121993: 
2025-11-15 18:36:29.122206: Epoch 649
2025-11-15 18:36:29.122332: Current learning rate: 0.0039
2025-11-15 18:40:16.473363: train_loss -0.6834
2025-11-15 18:40:16.473655: val_loss -0.6701
2025-11-15 18:40:16.473762: Pseudo dice [np.float32(0.899), np.float32(0.7398), np.float32(0.0)]
2025-11-15 18:40:16.473866: Epoch time: 227.35 s
2025-11-15 18:40:17.900007: 
2025-11-15 18:40:17.900220: Epoch 650
2025-11-15 18:40:17.900350: Current learning rate: 0.00389
2025-11-15 18:44:04.867281: train_loss -0.6966
2025-11-15 18:44:04.867518: val_loss -0.6785
2025-11-15 18:44:04.867621: Pseudo dice [np.float32(0.916), np.float32(0.7582), np.float32(0.0)]
2025-11-15 18:44:04.867723: Epoch time: 226.97 s
2025-11-15 18:44:05.971396: 
2025-11-15 18:44:05.971675: Epoch 651
2025-11-15 18:44:05.971841: Current learning rate: 0.00388
2025-11-15 18:47:53.016912: train_loss -0.6978
2025-11-15 18:47:53.017191: val_loss -0.6877
2025-11-15 18:47:53.017305: Pseudo dice [np.float32(0.9117), np.float32(0.7585), np.float32(0.0)]
2025-11-15 18:47:53.017410: Epoch time: 227.05 s
2025-11-15 18:47:54.143893: 
2025-11-15 18:47:54.144079: Epoch 652
2025-11-15 18:47:54.144216: Current learning rate: 0.00387
2025-11-15 18:51:40.777449: train_loss -0.6844
2025-11-15 18:51:40.777706: val_loss -0.6936
2025-11-15 18:51:40.777807: Pseudo dice [np.float32(0.9104), np.float32(0.7492), np.float32(0.0)]
2025-11-15 18:51:40.777910: Epoch time: 226.63 s
2025-11-15 18:51:41.897769: 
2025-11-15 18:51:41.898003: Epoch 653
2025-11-15 18:51:41.898172: Current learning rate: 0.00386
2025-11-15 18:55:28.815455: train_loss -0.6867
2025-11-15 18:55:28.815732: val_loss -0.6556
2025-11-15 18:55:28.815838: Pseudo dice [np.float32(0.9077), np.float32(0.7536), np.float32(0.0)]
2025-11-15 18:55:28.815941: Epoch time: 226.92 s
2025-11-15 18:55:29.931828: 
2025-11-15 18:55:29.932050: Epoch 654
2025-11-15 18:55:29.932182: Current learning rate: 0.00385
2025-11-15 18:59:16.533140: train_loss -0.6866
2025-11-15 18:59:16.533442: val_loss -0.6975
2025-11-15 18:59:16.533550: Pseudo dice [np.float32(0.9134), np.float32(0.7554), np.float32(0.0)]
2025-11-15 18:59:16.533654: Epoch time: 226.6 s
2025-11-15 18:59:17.645123: 
2025-11-15 18:59:17.645411: Epoch 655
2025-11-15 18:59:17.645546: Current learning rate: 0.00384
2025-11-15 19:03:04.611787: train_loss -0.6932
2025-11-15 19:03:04.612068: val_loss -0.7033
2025-11-15 19:03:04.612242: Pseudo dice [np.float32(0.9138), np.float32(0.7524), np.float32(0.0)]
2025-11-15 19:03:04.612355: Epoch time: 226.97 s
2025-11-15 19:03:05.717483: 
2025-11-15 19:03:05.717691: Epoch 656
2025-11-15 19:03:05.717927: Current learning rate: 0.00383
2025-11-15 19:06:52.794842: train_loss -0.7009
2025-11-15 19:06:52.795115: val_loss -0.728
2025-11-15 19:06:52.795216: Pseudo dice [np.float32(0.9185), np.float32(0.7567), np.float32(0.0)]
2025-11-15 19:06:52.795325: Epoch time: 227.08 s
2025-11-15 19:06:53.903583: 
2025-11-15 19:06:53.903830: Epoch 657
2025-11-15 19:06:53.903961: Current learning rate: 0.00382
2025-11-15 19:10:40.607936: train_loss -0.6956
2025-11-15 19:10:40.608243: val_loss -0.7018
2025-11-15 19:10:40.608357: Pseudo dice [np.float32(0.9158), np.float32(0.7465), np.float32(0.0)]
2025-11-15 19:10:40.608459: Epoch time: 226.71 s
2025-11-15 19:10:41.716461: 
2025-11-15 19:10:41.716654: Epoch 658
2025-11-15 19:10:41.716824: Current learning rate: 0.00381
2025-11-15 19:14:28.980508: train_loss -0.6963
2025-11-15 19:14:28.980772: val_loss -0.7139
2025-11-15 19:14:28.980872: Pseudo dice [np.float32(0.9093), np.float32(0.7459), np.float32(0.0)]
2025-11-15 19:14:28.980973: Epoch time: 227.26 s
2025-11-15 19:14:30.473822: 
2025-11-15 19:14:30.474161: Epoch 659
2025-11-15 19:14:30.474302: Current learning rate: 0.0038
2025-11-15 19:18:17.833088: train_loss -0.6768
2025-11-15 19:18:17.833379: val_loss -0.7046
2025-11-15 19:18:17.833481: Pseudo dice [np.float32(0.9191), np.float32(0.758), np.float32(0.0)]
2025-11-15 19:18:17.833582: Epoch time: 227.36 s
2025-11-15 19:18:18.934062: 
2025-11-15 19:18:18.934294: Epoch 660
2025-11-15 19:18:18.934423: Current learning rate: 0.00379
2025-11-15 19:22:05.734655: train_loss -0.6905
2025-11-15 19:22:05.734928: val_loss -0.6802
2025-11-15 19:22:05.735034: Pseudo dice [np.float32(0.914), np.float32(0.7523), np.float32(0.0)]
2025-11-15 19:22:05.735134: Epoch time: 226.8 s
2025-11-15 19:22:06.846742: 
2025-11-15 19:22:06.846960: Epoch 661
2025-11-15 19:22:06.847099: Current learning rate: 0.00378
2025-11-15 19:25:53.936614: train_loss -0.6947
2025-11-15 19:25:53.936868: val_loss -0.6778
2025-11-15 19:25:53.936970: Pseudo dice [np.float32(0.9131), np.float32(0.7535), np.float32(0.0)]
2025-11-15 19:25:53.937108: Epoch time: 227.09 s
2025-11-15 19:25:55.045194: 
2025-11-15 19:25:55.045418: Epoch 662
2025-11-15 19:25:55.045543: Current learning rate: 0.00377
2025-11-15 19:29:42.120198: train_loss -0.7034
2025-11-15 19:29:42.120476: val_loss -0.7255
2025-11-15 19:29:42.120580: Pseudo dice [np.float32(0.9121), np.float32(0.7437), np.float32(nan)]
2025-11-15 19:29:42.120681: Epoch time: 227.08 s
2025-11-15 19:29:43.232451: 
2025-11-15 19:29:43.232774: Epoch 663
2025-11-15 19:29:43.232971: Current learning rate: 0.00376
2025-11-15 19:33:29.700455: train_loss -0.7003
2025-11-15 19:33:29.700729: val_loss -0.7019
2025-11-15 19:33:29.700843: Pseudo dice [np.float32(0.918), np.float32(0.7458), np.float32(0.0)]
2025-11-15 19:33:29.700945: Epoch time: 226.47 s
2025-11-15 19:33:30.812190: 
2025-11-15 19:33:30.812422: Epoch 664
2025-11-15 19:33:30.812554: Current learning rate: 0.00375
2025-11-15 19:37:17.944060: train_loss -0.6959
2025-11-15 19:37:17.944335: val_loss -0.6794
2025-11-15 19:37:17.944440: Pseudo dice [np.float32(0.916), np.float32(0.745), np.float32(0.0)]
2025-11-15 19:37:17.944539: Epoch time: 227.13 s
2025-11-15 19:37:19.062557: 
2025-11-15 19:37:19.062824: Epoch 665
2025-11-15 19:37:19.062956: Current learning rate: 0.00374
2025-11-15 19:41:06.144548: train_loss -0.7126
2025-11-15 19:41:06.144834: val_loss -0.7005
2025-11-15 19:41:06.144942: Pseudo dice [np.float32(0.9091), np.float32(0.7458), np.float32(0.0)]
2025-11-15 19:41:06.145047: Epoch time: 227.08 s
2025-11-15 19:41:07.260378: 
2025-11-15 19:41:07.260792: Epoch 666
2025-11-15 19:41:07.261170: Current learning rate: 0.00373
2025-11-15 19:44:54.081096: train_loss -0.6991
2025-11-15 19:44:54.081382: val_loss -0.6802
2025-11-15 19:44:54.081487: Pseudo dice [np.float32(0.9184), np.float32(0.7482), np.float32(0.0)]
2025-11-15 19:44:54.081589: Epoch time: 226.82 s
2025-11-15 19:44:55.198706: 
2025-11-15 19:44:55.198952: Epoch 667
2025-11-15 19:44:55.199082: Current learning rate: 0.00372
2025-11-15 19:48:41.783617: train_loss -0.7039
2025-11-15 19:48:41.783887: val_loss -0.6935
2025-11-15 19:48:41.783992: Pseudo dice [np.float32(0.9133), np.float32(0.7452), np.float32(0.0)]
2025-11-15 19:48:41.784094: Epoch time: 226.59 s
2025-11-15 19:48:42.913903: 
2025-11-15 19:48:42.914140: Epoch 668
2025-11-15 19:48:42.914322: Current learning rate: 0.00371
2025-11-15 19:52:30.039526: train_loss -0.6945
2025-11-15 19:52:30.039804: val_loss -0.6865
2025-11-15 19:52:30.039908: Pseudo dice [np.float32(0.9172), np.float32(0.7461), np.float32(0.0)]
2025-11-15 19:52:30.040009: Epoch time: 227.13 s
2025-11-15 19:52:31.159219: 
2025-11-15 19:52:31.159579: Epoch 669
2025-11-15 19:52:31.159794: Current learning rate: 0.0037
2025-11-15 19:56:17.914249: train_loss -0.7018
2025-11-15 19:56:17.914587: val_loss -0.6918
2025-11-15 19:56:17.914693: Pseudo dice [np.float32(0.9053), np.float32(0.7489), np.float32(0.0)]
2025-11-15 19:56:17.914796: Epoch time: 226.76 s
2025-11-15 19:56:19.406518: 
2025-11-15 19:56:19.406781: Epoch 670
2025-11-15 19:56:19.406913: Current learning rate: 0.00369
2025-11-15 20:00:06.472799: train_loss -0.6848
2025-11-15 20:00:06.473078: val_loss -0.7134
2025-11-15 20:00:06.473186: Pseudo dice [np.float32(0.916), np.float32(0.755), np.float32(0.0)]
2025-11-15 20:00:06.473298: Epoch time: 227.07 s
2025-11-15 20:00:07.581435: 
2025-11-15 20:00:07.581678: Epoch 671
2025-11-15 20:00:07.581810: Current learning rate: 0.00368
2025-11-15 20:03:54.427725: train_loss -0.6839
2025-11-15 20:03:54.427993: val_loss -0.6799
2025-11-15 20:03:54.428100: Pseudo dice [np.float32(0.9122), np.float32(0.7519), np.float32(0.0)]
2025-11-15 20:03:54.428206: Epoch time: 226.85 s
2025-11-15 20:03:55.460369: 
2025-11-15 20:03:55.460607: Epoch 672
2025-11-15 20:03:55.460736: Current learning rate: 0.00367
2025-11-15 20:07:42.297034: train_loss -0.7082
2025-11-15 20:07:42.297303: val_loss -0.6797
2025-11-15 20:07:42.297412: Pseudo dice [np.float32(0.9055), np.float32(0.7351), np.float32(0.0)]
2025-11-15 20:07:42.297522: Epoch time: 226.84 s
2025-11-15 20:07:43.417043: 
2025-11-15 20:07:43.417333: Epoch 673
2025-11-15 20:07:43.417461: Current learning rate: 0.00366
2025-11-15 20:11:31.015460: train_loss -0.7123
2025-11-15 20:11:31.015728: val_loss -0.7158
2025-11-15 20:11:31.015832: Pseudo dice [np.float32(0.9126), np.float32(0.7538), np.float32(0.0)]
2025-11-15 20:11:31.015933: Epoch time: 227.6 s
2025-11-15 20:11:32.131241: 
2025-11-15 20:11:32.131562: Epoch 674
2025-11-15 20:11:32.131719: Current learning rate: 0.00365
2025-11-15 20:15:19.068660: train_loss -0.6939
2025-11-15 20:15:19.068924: val_loss -0.6951
2025-11-15 20:15:19.069026: Pseudo dice [np.float32(0.903), np.float32(0.743), np.float32(0.0)]
2025-11-15 20:15:19.069127: Epoch time: 226.94 s
2025-11-15 20:15:20.190655: 
2025-11-15 20:15:20.190856: Epoch 675
2025-11-15 20:15:20.190980: Current learning rate: 0.00364
2025-11-15 20:19:07.252036: train_loss -0.685
2025-11-15 20:19:07.252332: val_loss -0.6884
2025-11-15 20:19:07.252447: Pseudo dice [np.float32(0.9166), np.float32(0.7271), np.float32(0.0)]
2025-11-15 20:19:07.252553: Epoch time: 227.06 s
2025-11-15 20:19:08.375905: 
2025-11-15 20:19:08.376098: Epoch 676
2025-11-15 20:19:08.376219: Current learning rate: 0.00363
2025-11-15 20:22:55.663602: train_loss -0.6915
2025-11-15 20:22:55.663874: val_loss -0.6786
2025-11-15 20:22:55.663980: Pseudo dice [np.float32(0.9093), np.float32(0.7495), np.float32(0.0)]
2025-11-15 20:22:55.664120: Epoch time: 227.29 s
2025-11-15 20:22:56.792593: 
2025-11-15 20:22:56.792789: Epoch 677
2025-11-15 20:22:56.792914: Current learning rate: 0.00362
2025-11-15 20:26:43.916727: train_loss -0.6931
2025-11-15 20:26:43.916999: val_loss -0.6875
2025-11-15 20:26:43.917102: Pseudo dice [np.float32(0.9052), np.float32(0.746), np.float32(0.0)]
2025-11-15 20:26:43.917207: Epoch time: 227.13 s
2025-11-15 20:26:45.030727: 
2025-11-15 20:26:45.030922: Epoch 678
2025-11-15 20:26:45.031042: Current learning rate: 0.00361
2025-11-15 20:30:31.911740: train_loss -0.716
2025-11-15 20:30:31.912002: val_loss -0.6872
2025-11-15 20:30:31.912101: Pseudo dice [np.float32(0.9057), np.float32(0.7409), np.float32(0.0)]
2025-11-15 20:30:31.912201: Epoch time: 226.88 s
2025-11-15 20:30:33.026560: 
2025-11-15 20:30:33.026757: Epoch 679
2025-11-15 20:30:33.026883: Current learning rate: 0.0036
2025-11-15 20:34:20.025145: train_loss -0.7
2025-11-15 20:34:20.025414: val_loss -0.7017
2025-11-15 20:34:20.025518: Pseudo dice [np.float32(0.9149), np.float32(0.7536), np.float32(0.0)]
2025-11-15 20:34:20.025617: Epoch time: 227.0 s
2025-11-15 20:34:21.152343: 
2025-11-15 20:34:21.152544: Epoch 680
2025-11-15 20:34:21.152662: Current learning rate: 0.00359
2025-11-15 20:38:08.482583: train_loss -0.6894
2025-11-15 20:38:08.482848: val_loss -0.7201
2025-11-15 20:38:08.482952: Pseudo dice [np.float32(0.912), np.float32(0.7406), np.float32(0.0)]
2025-11-15 20:38:08.483052: Epoch time: 227.33 s
2025-11-15 20:38:09.606837: 
2025-11-15 20:38:09.607118: Epoch 681
2025-11-15 20:38:09.607317: Current learning rate: 0.00358
2025-11-15 20:41:56.582527: train_loss -0.694
2025-11-15 20:41:56.582824: val_loss -0.682
2025-11-15 20:41:56.582931: Pseudo dice [np.float32(0.9232), np.float32(0.74), np.float32(0.0)]
2025-11-15 20:41:56.583034: Epoch time: 226.98 s
2025-11-15 20:41:58.029009: 
2025-11-15 20:41:58.029235: Epoch 682
2025-11-15 20:41:58.029367: Current learning rate: 0.00357
2025-11-15 20:45:44.635149: train_loss -0.6926
2025-11-15 20:45:44.635430: val_loss -0.6955
2025-11-15 20:45:44.635531: Pseudo dice [np.float32(0.9119), np.float32(0.7443), np.float32(0.0)]
2025-11-15 20:45:44.635630: Epoch time: 226.61 s
2025-11-15 20:45:45.744794: 
2025-11-15 20:45:45.745030: Epoch 683
2025-11-15 20:45:45.745165: Current learning rate: 0.00356
2025-11-15 20:49:32.341211: train_loss -0.7025
2025-11-15 20:49:32.341488: val_loss -0.6778
2025-11-15 20:49:32.341617: Pseudo dice [np.float32(0.9176), np.float32(0.7445), np.float32(0.0)]
2025-11-15 20:49:32.341723: Epoch time: 226.6 s
2025-11-15 20:49:33.457939: 
2025-11-15 20:49:33.458214: Epoch 684
2025-11-15 20:49:33.458346: Current learning rate: 0.00355
2025-11-15 20:53:20.354287: train_loss -0.6882
2025-11-15 20:53:20.354588: val_loss -0.6844
2025-11-15 20:53:20.354693: Pseudo dice [np.float32(0.9112), np.float32(0.7377), np.float32(0.0)]
2025-11-15 20:53:20.354793: Epoch time: 226.9 s
2025-11-15 20:53:21.483362: 
2025-11-15 20:53:21.483584: Epoch 685
2025-11-15 20:53:21.483704: Current learning rate: 0.00354
2025-11-15 20:57:08.705810: train_loss -0.6778
2025-11-15 20:57:08.706079: val_loss -0.6837
2025-11-15 20:57:08.706183: Pseudo dice [np.float32(0.9006), np.float32(0.7469), np.float32(0.0)]
2025-11-15 20:57:08.706325: Epoch time: 227.22 s
2025-11-15 20:57:09.829411: 
2025-11-15 20:57:09.829674: Epoch 686
2025-11-15 20:57:09.829827: Current learning rate: 0.00353
2025-11-15 21:00:57.090086: train_loss -0.691
2025-11-15 21:00:57.090344: val_loss -0.7145
2025-11-15 21:00:57.090489: Pseudo dice [np.float32(0.9142), np.float32(0.7408), np.float32(nan)]
2025-11-15 21:00:57.090641: Epoch time: 227.26 s
2025-11-15 21:00:58.215417: 
2025-11-15 21:00:58.215674: Epoch 687
2025-11-15 21:00:58.215813: Current learning rate: 0.00352
2025-11-15 21:04:45.405454: train_loss -0.69
2025-11-15 21:04:45.405720: val_loss -0.7032
2025-11-15 21:04:45.405821: Pseudo dice [np.float32(0.9144), np.float32(0.748), np.float32(0.0)]
2025-11-15 21:04:45.405921: Epoch time: 227.19 s
2025-11-15 21:04:46.536467: 
2025-11-15 21:04:46.536667: Epoch 688
2025-11-15 21:04:46.536792: Current learning rate: 0.00351
2025-11-15 21:08:32.987255: train_loss -0.6948
2025-11-15 21:08:32.987530: val_loss -0.6983
2025-11-15 21:08:32.987628: Pseudo dice [np.float32(0.9113), np.float32(0.7486), np.float32(0.0)]
2025-11-15 21:08:32.987796: Epoch time: 226.45 s
2025-11-15 21:08:34.105734: 
2025-11-15 21:08:34.105933: Epoch 689
2025-11-15 21:08:34.106061: Current learning rate: 0.0035
2025-11-15 21:12:20.995282: train_loss -0.7029
2025-11-15 21:12:20.995553: val_loss -0.6556
2025-11-15 21:12:20.995656: Pseudo dice [np.float32(0.9069), np.float32(0.7456), np.float32(0.0)]
2025-11-15 21:12:20.995757: Epoch time: 226.89 s
2025-11-15 21:12:22.127432: 
2025-11-15 21:12:22.127711: Epoch 690
2025-11-15 21:12:22.127876: Current learning rate: 0.00349
2025-11-15 21:16:09.774892: train_loss -0.6934
2025-11-15 21:16:09.775155: val_loss -0.6906
2025-11-15 21:16:09.775258: Pseudo dice [np.float32(0.9134), np.float32(0.7482), np.float32(0.0)]
2025-11-15 21:16:09.775368: Epoch time: 227.65 s
2025-11-15 21:16:10.894131: 
2025-11-15 21:16:10.894417: Epoch 691
2025-11-15 21:16:10.894556: Current learning rate: 0.00348
2025-11-15 21:19:57.917348: train_loss -0.702
2025-11-15 21:19:57.917618: val_loss -0.71
2025-11-15 21:19:57.917725: Pseudo dice [np.float32(0.9138), np.float32(0.7516), np.float32(0.0)]
2025-11-15 21:19:57.917826: Epoch time: 227.02 s
2025-11-15 21:19:59.040214: 
2025-11-15 21:19:59.040434: Epoch 692
2025-11-15 21:19:59.040560: Current learning rate: 0.00346
2025-11-15 21:23:46.595922: train_loss -0.6928
2025-11-15 21:23:46.596278: val_loss -0.6942
2025-11-15 21:23:46.596395: Pseudo dice [np.float32(0.9133), np.float32(0.7527), np.float32(0.0)]
2025-11-15 21:23:46.596501: Epoch time: 227.56 s
2025-11-15 21:23:47.715539: 
2025-11-15 21:23:47.715838: Epoch 693
2025-11-15 21:23:47.715981: Current learning rate: 0.00345
2025-11-15 21:27:34.861656: train_loss -0.6978
2025-11-15 21:27:34.861930: val_loss -0.6887
2025-11-15 21:27:34.862030: Pseudo dice [np.float32(0.9078), np.float32(0.7609), np.float32(0.0)]
2025-11-15 21:27:34.862136: Epoch time: 227.15 s
2025-11-15 21:27:36.386539: 
2025-11-15 21:27:36.386859: Epoch 694
2025-11-15 21:27:36.387015: Current learning rate: 0.00344
2025-11-15 21:31:23.345425: train_loss -0.6946
2025-11-15 21:31:23.349081: val_loss -0.6786
2025-11-15 21:31:23.349219: Pseudo dice [np.float32(0.915), np.float32(0.7504), np.float32(0.0)]
2025-11-15 21:31:23.349324: Epoch time: 226.96 s
2025-11-15 21:31:24.464729: 
2025-11-15 21:31:24.464936: Epoch 695
2025-11-15 21:31:24.465057: Current learning rate: 0.00343
2025-11-15 21:35:11.438161: train_loss -0.677
2025-11-15 21:35:11.438440: val_loss -0.6611
2025-11-15 21:35:11.438584: Pseudo dice [np.float32(0.9043), np.float32(0.7449), np.float32(0.0)]
2025-11-15 21:35:11.438699: Epoch time: 226.97 s
2025-11-15 21:35:12.577753: 
2025-11-15 21:35:12.578000: Epoch 696
2025-11-15 21:35:12.578163: Current learning rate: 0.00342
2025-11-15 21:38:59.399908: train_loss -0.7048
2025-11-15 21:38:59.400184: val_loss -0.7048
2025-11-15 21:38:59.400344: Pseudo dice [np.float32(0.8995), np.float32(0.7463), np.float32(0.0)]
2025-11-15 21:38:59.400451: Epoch time: 226.82 s
2025-11-15 21:39:00.526256: 
2025-11-15 21:39:00.526501: Epoch 697
2025-11-15 21:39:00.526627: Current learning rate: 0.00341
2025-11-15 21:42:47.515511: train_loss -0.7008
2025-11-15 21:42:47.515764: val_loss -0.6906
2025-11-15 21:42:47.515870: Pseudo dice [np.float32(0.9196), np.float32(0.7435), np.float32(0.0)]
2025-11-15 21:42:47.515976: Epoch time: 226.99 s
2025-11-15 21:42:48.636981: 
2025-11-15 21:42:48.637241: Epoch 698
2025-11-15 21:42:48.637394: Current learning rate: 0.0034
2025-11-15 21:46:35.721041: train_loss -0.6898
2025-11-15 21:46:35.721323: val_loss -0.6965
2025-11-15 21:46:35.721430: Pseudo dice [np.float32(0.9147), np.float32(0.7548), np.float32(0.0)]
2025-11-15 21:46:35.721533: Epoch time: 227.08 s
2025-11-15 21:46:36.840100: 
2025-11-15 21:46:36.840301: Epoch 699
2025-11-15 21:46:36.840425: Current learning rate: 0.00339
2025-11-15 21:50:23.939115: train_loss -0.7005
2025-11-15 21:50:23.939399: val_loss -0.7099
2025-11-15 21:50:23.939506: Pseudo dice [np.float32(0.9127), np.float32(0.742), np.float32(0.0)]
2025-11-15 21:50:23.939607: Epoch time: 227.1 s
2025-11-15 21:50:25.358328: 
2025-11-15 21:50:25.358524: Epoch 700
2025-11-15 21:50:25.358647: Current learning rate: 0.00338
2025-11-15 21:54:12.579638: train_loss -0.6994
2025-11-15 21:54:12.579954: val_loss -0.6687
2025-11-15 21:54:12.580068: Pseudo dice [np.float32(0.9116), np.float32(0.7407), np.float32(0.0)]
2025-11-15 21:54:12.580170: Epoch time: 227.22 s
2025-11-15 21:54:13.700705: 
2025-11-15 21:54:13.700924: Epoch 701
2025-11-15 21:54:13.701087: Current learning rate: 0.00337
2025-11-15 21:58:01.237739: train_loss -0.6978
2025-11-15 21:58:01.238003: val_loss -0.7006
2025-11-15 21:58:01.238105: Pseudo dice [np.float32(0.9122), np.float32(0.7447), np.float32(0.0)]
2025-11-15 21:58:01.238205: Epoch time: 227.54 s
2025-11-15 21:58:02.356559: 
2025-11-15 21:58:02.356761: Epoch 702
2025-11-15 21:58:02.356878: Current learning rate: 0.00336
2025-11-15 22:01:49.298868: train_loss -0.7037
2025-11-15 22:01:49.299475: val_loss -0.6854
2025-11-15 22:01:49.299664: Pseudo dice [np.float32(0.9104), np.float32(0.751), np.float32(0.0)]
2025-11-15 22:01:49.299771: Epoch time: 226.94 s
2025-11-15 22:01:50.424723: 
2025-11-15 22:01:50.424927: Epoch 703
2025-11-15 22:01:50.425055: Current learning rate: 0.00335
2025-11-15 22:05:37.170630: train_loss -0.7137
2025-11-15 22:05:37.170949: val_loss -0.684
2025-11-15 22:05:37.171067: Pseudo dice [np.float32(0.9151), np.float32(0.7566), np.float32(0.0)]
2025-11-15 22:05:37.171175: Epoch time: 226.75 s
2025-11-15 22:05:38.295761: 
2025-11-15 22:05:38.295954: Epoch 704
2025-11-15 22:05:38.296072: Current learning rate: 0.00334
2025-11-15 22:09:24.926299: train_loss -0.6819
2025-11-15 22:09:24.926559: val_loss -0.6739
2025-11-15 22:09:24.926663: Pseudo dice [np.float32(0.91), np.float32(0.7463), np.float32(0.0)]
2025-11-15 22:09:24.926768: Epoch time: 226.63 s
2025-11-15 22:09:26.053508: 
2025-11-15 22:09:26.053709: Epoch 705
2025-11-15 22:09:26.053879: Current learning rate: 0.00333
2025-11-15 22:13:13.283260: train_loss -0.7089
2025-11-15 22:13:13.283558: val_loss -0.6846
2025-11-15 22:13:13.283665: Pseudo dice [np.float32(0.9078), np.float32(0.7507), np.float32(0.0)]
2025-11-15 22:13:13.283767: Epoch time: 227.23 s
2025-11-15 22:13:14.821387: 
2025-11-15 22:13:14.821585: Epoch 706
2025-11-15 22:13:14.821712: Current learning rate: 0.00332
2025-11-15 22:17:01.451758: train_loss -0.7085
2025-11-15 22:17:01.452034: val_loss -0.6809
2025-11-15 22:17:01.452136: Pseudo dice [np.float32(0.9188), np.float32(0.7422), np.float32(0.0)]
2025-11-15 22:17:01.452235: Epoch time: 226.63 s
2025-11-15 22:17:02.564898: 
2025-11-15 22:17:02.565187: Epoch 707
2025-11-15 22:17:02.565328: Current learning rate: 0.00331
2025-11-15 22:20:49.444294: train_loss -0.6984
2025-11-15 22:20:49.444567: val_loss -0.692
2025-11-15 22:20:49.444673: Pseudo dice [np.float32(0.8979), np.float32(0.7484), np.float32(0.0)]
2025-11-15 22:20:49.444775: Epoch time: 226.88 s
2025-11-15 22:20:50.575966: 
2025-11-15 22:20:50.576165: Epoch 708
2025-11-15 22:20:50.576297: Current learning rate: 0.0033
2025-11-15 22:24:37.694068: train_loss -0.6901
2025-11-15 22:24:37.694360: val_loss -0.7026
2025-11-15 22:24:37.694468: Pseudo dice [np.float32(0.9142), np.float32(0.7532), np.float32(0.0)]
2025-11-15 22:24:37.694571: Epoch time: 227.12 s
2025-11-15 22:24:38.823523: 
2025-11-15 22:24:38.823731: Epoch 709
2025-11-15 22:24:38.823855: Current learning rate: 0.00329
2025-11-15 22:28:26.083322: train_loss -0.6962
2025-11-15 22:28:26.083633: val_loss -0.6913
2025-11-15 22:28:26.083742: Pseudo dice [np.float32(0.9203), np.float32(0.7503), np.float32(0.0)]
2025-11-15 22:28:26.083847: Epoch time: 227.26 s
2025-11-15 22:28:27.213940: 
2025-11-15 22:28:27.214133: Epoch 710
2025-11-15 22:28:27.214254: Current learning rate: 0.00328
2025-11-15 22:32:14.032311: train_loss -0.6987
2025-11-15 22:32:14.032585: val_loss -0.6795
2025-11-15 22:32:14.032689: Pseudo dice [np.float32(0.9205), np.float32(0.7452), np.float32(0.0)]
2025-11-15 22:32:14.032792: Epoch time: 226.82 s
2025-11-15 22:32:15.165236: 
2025-11-15 22:32:15.165455: Epoch 711
2025-11-15 22:32:15.165576: Current learning rate: 0.00327
2025-11-15 22:36:02.388245: train_loss -0.6975
2025-11-15 22:36:02.388515: val_loss -0.6774
2025-11-15 22:36:02.388622: Pseudo dice [np.float32(0.9073), np.float32(0.7544), np.float32(0.0)]
2025-11-15 22:36:02.388725: Epoch time: 227.22 s
2025-11-15 22:36:03.522646: 
2025-11-15 22:36:03.522904: Epoch 712
2025-11-15 22:36:03.523039: Current learning rate: 0.00326
2025-11-15 22:39:50.545396: train_loss -0.6761
2025-11-15 22:39:50.545659: val_loss -0.6947
2025-11-15 22:39:50.545761: Pseudo dice [np.float32(0.913), np.float32(0.7465), np.float32(0.0)]
2025-11-15 22:39:50.545863: Epoch time: 227.02 s
2025-11-15 22:39:51.681598: 
2025-11-15 22:39:51.681794: Epoch 713
2025-11-15 22:39:51.681944: Current learning rate: 0.00325
2025-11-15 22:43:38.629126: train_loss -0.7029
2025-11-15 22:43:38.629408: val_loss -0.6795
2025-11-15 22:43:38.629514: Pseudo dice [np.float32(0.9077), np.float32(0.7437), np.float32(0.0)]
2025-11-15 22:43:38.629620: Epoch time: 226.95 s
2025-11-15 22:43:39.757318: 
2025-11-15 22:43:39.757534: Epoch 714
2025-11-15 22:43:39.757661: Current learning rate: 0.00324
2025-11-15 22:47:26.440886: train_loss -0.7021
2025-11-15 22:47:26.441146: val_loss -0.6885
2025-11-15 22:47:26.441250: Pseudo dice [np.float32(0.9089), np.float32(0.7447), np.float32(0.0)]
2025-11-15 22:47:26.441359: Epoch time: 226.68 s
2025-11-15 22:47:27.571566: 
2025-11-15 22:47:27.571777: Epoch 715
2025-11-15 22:47:27.571907: Current learning rate: 0.00323
2025-11-15 22:51:14.523545: train_loss -0.7125
2025-11-15 22:51:14.523815: val_loss -0.7229
2025-11-15 22:51:14.523917: Pseudo dice [np.float32(0.9091), np.float32(0.7487), np.float32(0.0)]
2025-11-15 22:51:14.524019: Epoch time: 226.95 s
2025-11-15 22:51:15.659461: 
2025-11-15 22:51:15.659681: Epoch 716
2025-11-15 22:51:15.659827: Current learning rate: 0.00322
2025-11-15 22:55:03.112901: train_loss -0.708
2025-11-15 22:55:03.113171: val_loss -0.6976
2025-11-15 22:55:03.113304: Pseudo dice [np.float32(0.9167), np.float32(0.7473), np.float32(0.0)]
2025-11-15 22:55:03.113416: Epoch time: 227.45 s
2025-11-15 22:55:04.635336: 
2025-11-15 22:55:04.635599: Epoch 717
2025-11-15 22:55:04.635729: Current learning rate: 0.00321
2025-11-15 22:58:51.681478: train_loss -0.7098
2025-11-15 22:58:51.681760: val_loss -0.6851
2025-11-15 22:58:51.681865: Pseudo dice [np.float32(0.9137), np.float32(0.7554), np.float32(0.0)]
2025-11-15 22:58:51.681965: Epoch time: 227.05 s
2025-11-15 22:58:52.803458: 
2025-11-15 22:58:52.803735: Epoch 718
2025-11-15 22:58:52.803863: Current learning rate: 0.0032
2025-11-15 23:02:39.958537: train_loss -0.6938
2025-11-15 23:02:39.958814: val_loss -0.695
2025-11-15 23:02:39.958917: Pseudo dice [np.float32(0.9093), np.float32(0.7526), np.float32(0.0)]
2025-11-15 23:02:39.959017: Epoch time: 227.16 s
2025-11-15 23:02:41.073250: 
2025-11-15 23:02:41.073474: Epoch 719
2025-11-15 23:02:41.073604: Current learning rate: 0.00319
2025-11-15 23:06:27.939412: train_loss -0.6935
2025-11-15 23:06:27.939754: val_loss -0.6907
2025-11-15 23:06:27.939860: Pseudo dice [np.float32(0.9202), np.float32(0.7544), np.float32(0.0)]
2025-11-15 23:06:27.939965: Epoch time: 226.87 s
2025-11-15 23:06:29.072265: 
2025-11-15 23:06:29.072506: Epoch 720
2025-11-15 23:06:29.072636: Current learning rate: 0.00318
2025-11-15 23:10:16.297228: train_loss -0.7014
2025-11-15 23:10:16.297503: val_loss -0.6867
2025-11-15 23:10:16.297608: Pseudo dice [np.float32(0.9137), np.float32(0.7441), np.float32(0.0)]
2025-11-15 23:10:16.297712: Epoch time: 227.23 s
2025-11-15 23:10:17.422115: 
2025-11-15 23:10:17.422410: Epoch 721
2025-11-15 23:10:17.422537: Current learning rate: 0.00317
2025-11-15 23:14:04.529502: train_loss -0.6831
2025-11-15 23:14:04.529787: val_loss -0.6958
2025-11-15 23:14:04.529893: Pseudo dice [np.float32(0.9151), np.float32(0.7673), np.float32(0.0)]
2025-11-15 23:14:04.530002: Epoch time: 227.11 s
2025-11-15 23:14:05.655978: 
2025-11-15 23:14:05.656204: Epoch 722
2025-11-15 23:14:05.656435: Current learning rate: 0.00316
2025-11-15 23:17:53.463505: train_loss -0.7064
2025-11-15 23:17:53.463772: val_loss -0.7014
2025-11-15 23:17:53.463920: Pseudo dice [np.float32(0.9082), np.float32(0.7555), np.float32(0.0)]
2025-11-15 23:17:53.464025: Epoch time: 227.81 s
2025-11-15 23:17:54.588606: 
2025-11-15 23:17:54.588878: Epoch 723
2025-11-15 23:17:54.589011: Current learning rate: 0.00315
2025-11-15 23:21:41.900218: train_loss -0.7034
2025-11-15 23:21:41.900499: val_loss -0.7031
2025-11-15 23:21:41.900604: Pseudo dice [np.float32(0.9076), np.float32(0.7548), np.float32(0.0)]
2025-11-15 23:21:41.900705: Epoch time: 227.31 s
2025-11-15 23:21:43.031897: 
2025-11-15 23:21:43.032104: Epoch 724
2025-11-15 23:21:43.032236: Current learning rate: 0.00314
2025-11-15 23:25:30.410119: train_loss -0.6809
2025-11-15 23:25:30.410409: val_loss -0.679
2025-11-15 23:25:30.410516: Pseudo dice [np.float32(0.9164), np.float32(0.7427), np.float32(0.0)]
2025-11-15 23:25:30.410620: Epoch time: 227.38 s
2025-11-15 23:25:31.527255: 
2025-11-15 23:25:31.527524: Epoch 725
2025-11-15 23:25:31.527660: Current learning rate: 0.00313
2025-11-15 23:29:18.657686: train_loss -0.694
2025-11-15 23:29:18.657946: val_loss -0.6871
2025-11-15 23:29:18.658047: Pseudo dice [np.float32(0.9086), np.float32(0.7537), np.float32(0.0)]
2025-11-15 23:29:18.658199: Epoch time: 227.13 s
2025-11-15 23:29:19.784893: 
2025-11-15 23:29:19.785186: Epoch 726
2025-11-15 23:29:19.785324: Current learning rate: 0.00312
2025-11-15 23:33:06.729736: train_loss -0.704
2025-11-15 23:33:06.730006: val_loss -0.6855
2025-11-15 23:33:06.730139: Pseudo dice [np.float32(0.9257), np.float32(0.7347), np.float32(0.0)]
2025-11-15 23:33:06.730246: Epoch time: 226.95 s
2025-11-15 23:33:07.779927: 
2025-11-15 23:33:07.780132: Epoch 727
2025-11-15 23:33:07.780254: Current learning rate: 0.00311
2025-11-15 23:36:55.159029: train_loss -0.6931
2025-11-15 23:36:55.159292: val_loss -0.7251
2025-11-15 23:36:55.159397: Pseudo dice [np.float32(0.9097), np.float32(0.7642), np.float32(0.0)]
2025-11-15 23:36:55.159497: Epoch time: 227.38 s
2025-11-15 23:36:56.278746: 
2025-11-15 23:36:56.278955: Epoch 728
2025-11-15 23:36:56.279079: Current learning rate: 0.0031
2025-11-15 23:40:43.479034: train_loss -0.6928
2025-11-15 23:40:43.479342: val_loss -0.6899
2025-11-15 23:40:43.479453: Pseudo dice [np.float32(0.911), np.float32(0.7463), np.float32(0.0)]
2025-11-15 23:40:43.479558: Epoch time: 227.2 s
2025-11-15 23:40:45.007638: 
2025-11-15 23:40:45.007849: Epoch 729
2025-11-15 23:40:45.007973: Current learning rate: 0.00309
2025-11-15 23:44:31.997983: train_loss -0.7081
2025-11-15 23:44:31.998263: val_loss -0.7187
2025-11-15 23:44:31.998379: Pseudo dice [np.float32(0.9136), np.float32(0.7485), np.float32(0.0)]
2025-11-15 23:44:31.998482: Epoch time: 226.99 s
2025-11-15 23:44:33.117104: 
2025-11-15 23:44:33.117322: Epoch 730
2025-11-15 23:44:33.117448: Current learning rate: 0.00308
2025-11-15 23:48:20.808406: train_loss -0.716
2025-11-15 23:48:20.808731: val_loss -0.6593
2025-11-15 23:48:20.808839: Pseudo dice [np.float32(0.9105), np.float32(0.7418), np.float32(0.0)]
2025-11-15 23:48:20.808941: Epoch time: 227.69 s
2025-11-15 23:48:21.935012: 
2025-11-15 23:48:21.935231: Epoch 731
2025-11-15 23:48:21.935359: Current learning rate: 0.00307
2025-11-15 23:52:08.623437: train_loss -0.6796
2025-11-15 23:52:08.623712: val_loss -0.6964
2025-11-15 23:52:08.623817: Pseudo dice [np.float32(0.9178), np.float32(0.7505), np.float32(0.0)]
2025-11-15 23:52:08.623920: Epoch time: 226.69 s
2025-11-15 23:52:09.748175: 
2025-11-15 23:52:09.748441: Epoch 732
2025-11-15 23:52:09.748574: Current learning rate: 0.00306
2025-11-15 23:55:56.691656: train_loss -0.6838
2025-11-15 23:55:56.691950: val_loss -0.6792
2025-11-15 23:55:56.692060: Pseudo dice [np.float32(0.898), np.float32(0.7456), np.float32(0.0)]
2025-11-15 23:55:56.692181: Epoch time: 226.94 s
2025-11-15 23:55:57.819103: 
2025-11-15 23:55:57.819348: Epoch 733
2025-11-15 23:55:57.819481: Current learning rate: 0.00305
2025-11-15 23:59:45.462616: train_loss -0.6917
2025-11-15 23:59:45.462903: val_loss -0.7133
2025-11-15 23:59:45.463011: Pseudo dice [np.float32(0.9167), np.float32(0.7434), np.float32(0.0)]
2025-11-15 23:59:45.463183: Epoch time: 227.64 s
2025-11-15 23:59:46.592308: 
2025-11-15 23:59:46.592530: Epoch 734
2025-11-15 23:59:46.592651: Current learning rate: 0.00304
2025-11-16 00:03:33.454246: train_loss -0.7077
2025-11-16 00:03:33.454525: val_loss -0.6986
2025-11-16 00:03:33.454629: Pseudo dice [np.float32(0.9141), np.float32(0.7506), np.float32(0.0)]
2025-11-16 00:03:33.454733: Epoch time: 226.86 s
2025-11-16 00:03:34.590352: 
2025-11-16 00:03:34.590602: Epoch 735
2025-11-16 00:03:34.590731: Current learning rate: 0.00303
2025-11-16 00:07:20.938129: train_loss -0.6927
2025-11-16 00:07:20.938394: val_loss -0.6856
2025-11-16 00:07:20.938496: Pseudo dice [np.float32(0.9036), np.float32(0.7558), np.float32(0.0)]
2025-11-16 00:07:20.938598: Epoch time: 226.35 s
2025-11-16 00:07:22.065245: 
2025-11-16 00:07:22.065467: Epoch 736
2025-11-16 00:07:22.065631: Current learning rate: 0.00302
2025-11-16 00:11:08.562634: train_loss -0.6997
2025-11-16 00:11:08.562896: val_loss -0.6703
2025-11-16 00:11:08.562998: Pseudo dice [np.float32(0.9075), np.float32(0.7423), np.float32(0.0)]
2025-11-16 00:11:08.563099: Epoch time: 226.5 s
2025-11-16 00:11:09.680889: 
2025-11-16 00:11:09.681172: Epoch 737
2025-11-16 00:11:09.681309: Current learning rate: 0.00301
2025-11-16 00:14:56.601019: train_loss -0.7102
2025-11-16 00:14:56.601336: val_loss -0.7186
2025-11-16 00:14:56.601439: Pseudo dice [np.float32(0.9099), np.float32(0.7427), np.float32(0.0)]
2025-11-16 00:14:56.601537: Epoch time: 226.92 s
2025-11-16 00:14:57.723057: 
2025-11-16 00:14:57.723358: Epoch 738
2025-11-16 00:14:57.723543: Current learning rate: 0.003
2025-11-16 00:18:44.416032: train_loss -0.6961
2025-11-16 00:18:44.416308: val_loss -0.6774
2025-11-16 00:18:44.421176: Pseudo dice [np.float32(0.9056), np.float32(0.7441), np.float32(0.0)]
2025-11-16 00:18:44.421313: Epoch time: 226.69 s
2025-11-16 00:18:45.550593: 
2025-11-16 00:18:45.550797: Epoch 739
2025-11-16 00:18:45.550923: Current learning rate: 0.00299
2025-11-16 00:22:32.413415: train_loss -0.69
2025-11-16 00:22:32.413686: val_loss -0.6846
2025-11-16 00:22:32.413788: Pseudo dice [np.float32(0.907), np.float32(0.7375), np.float32(0.0)]
2025-11-16 00:22:32.413893: Epoch time: 226.86 s
2025-11-16 00:22:33.542548: 
2025-11-16 00:22:33.542762: Epoch 740
2025-11-16 00:22:33.542885: Current learning rate: 0.00297
2025-11-16 00:26:20.681004: train_loss -0.7026
2025-11-16 00:26:20.681358: val_loss -0.7038
2025-11-16 00:26:20.681473: Pseudo dice [np.float32(0.9127), np.float32(0.7507), np.float32(0.0)]
2025-11-16 00:26:20.681578: Epoch time: 227.14 s
2025-11-16 00:26:22.210096: 
2025-11-16 00:26:22.210321: Epoch 741
2025-11-16 00:26:22.210449: Current learning rate: 0.00296
2025-11-16 00:30:09.289461: train_loss -0.6928
2025-11-16 00:30:09.289727: val_loss -0.6784
2025-11-16 00:30:09.289834: Pseudo dice [np.float32(0.9089), np.float32(0.7454), np.float32(0.0)]
2025-11-16 00:30:09.289935: Epoch time: 227.08 s
2025-11-16 00:30:10.408062: 
2025-11-16 00:30:10.408339: Epoch 742
2025-11-16 00:30:10.408518: Current learning rate: 0.00295
2025-11-16 00:33:57.039445: train_loss -0.7075
2025-11-16 00:33:57.039729: val_loss -0.6926
2025-11-16 00:33:57.039834: Pseudo dice [np.float32(0.9172), np.float32(0.7452), np.float32(0.0)]
2025-11-16 00:33:57.039937: Epoch time: 226.63 s
2025-11-16 00:33:58.173634: 
2025-11-16 00:33:58.173840: Epoch 743
2025-11-16 00:33:58.173969: Current learning rate: 0.00294
2025-11-16 00:37:45.633051: train_loss -0.7235
2025-11-16 00:37:45.633330: val_loss -0.6732
2025-11-16 00:37:45.633440: Pseudo dice [np.float32(0.9097), np.float32(0.7474), np.float32(0.0)]
2025-11-16 00:37:45.633545: Epoch time: 227.46 s
2025-11-16 00:37:46.766374: 
2025-11-16 00:37:46.766672: Epoch 744
2025-11-16 00:37:46.766800: Current learning rate: 0.00293
2025-11-16 00:41:33.831971: train_loss -0.7068
2025-11-16 00:41:33.832331: val_loss -0.699
2025-11-16 00:41:33.832448: Pseudo dice [np.float32(0.9141), np.float32(0.7494), np.float32(0.0)]
2025-11-16 00:41:33.832552: Epoch time: 227.07 s
2025-11-16 00:41:34.967011: 
2025-11-16 00:41:34.967307: Epoch 745
2025-11-16 00:41:34.967440: Current learning rate: 0.00292
2025-11-16 00:45:21.953386: train_loss -0.6883
2025-11-16 00:45:21.953669: val_loss -0.6776
2025-11-16 00:45:21.953777: Pseudo dice [np.float32(0.9049), np.float32(0.7361), np.float32(0.0)]
2025-11-16 00:45:21.953882: Epoch time: 226.99 s
2025-11-16 00:45:23.083064: 
2025-11-16 00:45:23.083370: Epoch 746
2025-11-16 00:45:23.083503: Current learning rate: 0.00291
2025-11-16 00:49:10.085504: train_loss -0.7054
2025-11-16 00:49:10.085767: val_loss -0.6944
2025-11-16 00:49:10.085870: Pseudo dice [np.float32(0.918), np.float32(0.7559), np.float32(0.0)]
2025-11-16 00:49:10.086000: Epoch time: 227.0 s
2025-11-16 00:49:11.213948: 
2025-11-16 00:49:11.214185: Epoch 747
2025-11-16 00:49:11.214359: Current learning rate: 0.0029
2025-11-16 00:52:57.988580: train_loss -0.6996
2025-11-16 00:52:57.988836: val_loss -0.713
2025-11-16 00:52:57.988937: Pseudo dice [np.float32(0.9045), np.float32(0.7471), np.float32(0.0)]
2025-11-16 00:52:57.989108: Epoch time: 226.78 s
2025-11-16 00:52:59.116338: 
2025-11-16 00:52:59.116545: Epoch 748
2025-11-16 00:52:59.116671: Current learning rate: 0.00289
2025-11-16 00:56:46.020003: train_loss -0.7023
2025-11-16 00:56:46.020327: val_loss -0.6961
2025-11-16 00:56:46.020442: Pseudo dice [np.float32(0.907), np.float32(0.7473), np.float32(0.0)]
2025-11-16 00:56:46.020549: Epoch time: 226.9 s
2025-11-16 00:56:47.148541: 
2025-11-16 00:56:47.148838: Epoch 749
2025-11-16 00:56:47.148971: Current learning rate: 0.00288
2025-11-16 01:00:34.069825: train_loss -0.6929
2025-11-16 01:00:34.070130: val_loss -0.6696
2025-11-16 01:00:34.070254: Pseudo dice [np.float32(0.9081), np.float32(0.7461), np.float32(0.0)]
2025-11-16 01:00:34.070367: Epoch time: 226.92 s
2025-11-16 01:00:35.536778: 
2025-11-16 01:00:35.537035: Epoch 750
2025-11-16 01:00:35.537176: Current learning rate: 0.00287
2025-11-16 01:04:22.964311: train_loss -0.7189
2025-11-16 01:04:22.964597: val_loss -0.6771
2025-11-16 01:04:22.964703: Pseudo dice [np.float32(0.9091), np.float32(0.7455), np.float32(0.0)]
2025-11-16 01:04:22.964803: Epoch time: 227.43 s
2025-11-16 01:04:24.091843: 
2025-11-16 01:04:24.092160: Epoch 751
2025-11-16 01:04:24.092389: Current learning rate: 0.00286
2025-11-16 01:08:10.997916: train_loss -0.7115
2025-11-16 01:08:10.998199: val_loss -0.6913
2025-11-16 01:08:10.998308: Pseudo dice [np.float32(0.9123), np.float32(0.7625), np.float32(0.0)]
2025-11-16 01:08:10.998412: Epoch time: 226.91 s
2025-11-16 01:08:12.115820: 
2025-11-16 01:08:12.116033: Epoch 752
2025-11-16 01:08:12.116163: Current learning rate: 0.00285
2025-11-16 01:11:58.762715: train_loss -0.7067
2025-11-16 01:11:58.762987: val_loss -0.683
2025-11-16 01:11:58.763092: Pseudo dice [np.float32(0.9087), np.float32(0.7469), np.float32(0.0)]
2025-11-16 01:11:58.763197: Epoch time: 226.65 s
2025-11-16 01:12:00.268114: 
2025-11-16 01:12:00.268345: Epoch 753
2025-11-16 01:12:00.268461: Current learning rate: 0.00284
2025-11-16 01:15:47.064609: train_loss -0.7118
2025-11-16 01:15:47.064889: val_loss -0.7
2025-11-16 01:15:47.065010: Pseudo dice [np.float32(0.911), np.float32(0.756), np.float32(0.0)]
2025-11-16 01:15:47.065119: Epoch time: 226.8 s
2025-11-16 01:15:48.180897: 
2025-11-16 01:15:48.181104: Epoch 754
2025-11-16 01:15:48.181231: Current learning rate: 0.00283
2025-11-16 01:19:35.083313: train_loss -0.7164
2025-11-16 01:19:35.083576: val_loss -0.7164
2025-11-16 01:19:35.083679: Pseudo dice [np.float32(0.9118), np.float32(0.7528), np.float32(0.0)]
2025-11-16 01:19:35.083780: Epoch time: 226.9 s
2025-11-16 01:19:36.207589: 
2025-11-16 01:19:36.207806: Epoch 755
2025-11-16 01:19:36.207937: Current learning rate: 0.00282
2025-11-16 01:23:23.181854: train_loss -0.7046
2025-11-16 01:23:23.182122: val_loss -0.6863
2025-11-16 01:23:23.182226: Pseudo dice [np.float32(0.9182), np.float32(0.7313), np.float32(0.0)]
2025-11-16 01:23:23.182405: Epoch time: 226.98 s
2025-11-16 01:23:24.319465: 
2025-11-16 01:23:24.319683: Epoch 756
2025-11-16 01:23:24.319809: Current learning rate: 0.00281
2025-11-16 01:27:11.436131: train_loss -0.7071
2025-11-16 01:27:11.436486: val_loss -0.6607
2025-11-16 01:27:11.436700: Pseudo dice [np.float32(0.9145), np.float32(0.7413), np.float32(0.0)]
2025-11-16 01:27:11.436851: Epoch time: 227.12 s
2025-11-16 01:27:12.557211: 
2025-11-16 01:27:12.557443: Epoch 757
2025-11-16 01:27:12.557570: Current learning rate: 0.0028
2025-11-16 01:30:59.377190: train_loss -0.7084
2025-11-16 01:30:59.377471: val_loss -0.7165
2025-11-16 01:30:59.377577: Pseudo dice [np.float32(0.9142), np.float32(0.7432), np.float32(0.0)]
2025-11-16 01:30:59.377681: Epoch time: 226.82 s
2025-11-16 01:31:00.514515: 
2025-11-16 01:31:00.514733: Epoch 758
2025-11-16 01:31:00.514858: Current learning rate: 0.00279
2025-11-16 01:34:47.301314: train_loss -0.7133
2025-11-16 01:34:47.301596: val_loss -0.6717
2025-11-16 01:34:47.301703: Pseudo dice [np.float32(0.9088), np.float32(0.7347), np.float32(0.0)]
2025-11-16 01:34:47.301807: Epoch time: 226.79 s
2025-11-16 01:34:48.365721: 
2025-11-16 01:34:48.365924: Epoch 759
2025-11-16 01:34:48.366047: Current learning rate: 0.00278
2025-11-16 01:38:35.139987: train_loss -0.7046
2025-11-16 01:38:35.140261: val_loss -0.6808
2025-11-16 01:38:35.140379: Pseudo dice [np.float32(0.9109), np.float32(0.7454), np.float32(0.0)]
2025-11-16 01:38:35.140538: Epoch time: 226.78 s
2025-11-16 01:38:36.261770: 
2025-11-16 01:38:36.262076: Epoch 760
2025-11-16 01:38:36.262278: Current learning rate: 0.00277
2025-11-16 01:42:23.202451: train_loss -0.7085
2025-11-16 01:42:23.202703: val_loss -0.6855
2025-11-16 01:42:23.202803: Pseudo dice [np.float32(0.9075), np.float32(0.7357), np.float32(0.0)]
2025-11-16 01:42:23.202907: Epoch time: 226.94 s
2025-11-16 01:42:24.317509: 
2025-11-16 01:42:24.317735: Epoch 761
2025-11-16 01:42:24.317867: Current learning rate: 0.00276
2025-11-16 01:46:11.718496: train_loss -0.7111
2025-11-16 01:46:11.718831: val_loss -0.6934
2025-11-16 01:46:11.718947: Pseudo dice [np.float32(0.9104), np.float32(0.7499), np.float32(0.0)]
2025-11-16 01:46:11.719054: Epoch time: 227.4 s
2025-11-16 01:46:12.840261: 
2025-11-16 01:46:12.840529: Epoch 762
2025-11-16 01:46:12.840660: Current learning rate: 0.00275
2025-11-16 01:49:59.480497: train_loss -0.6936
2025-11-16 01:49:59.480765: val_loss -0.6695
2025-11-16 01:49:59.480869: Pseudo dice [np.float32(0.9086), np.float32(0.7453), np.float32(0.0)]
2025-11-16 01:49:59.480973: Epoch time: 226.64 s
2025-11-16 01:50:00.619025: 
2025-11-16 01:50:00.619305: Epoch 763
2025-11-16 01:50:00.619474: Current learning rate: 0.00274
2025-11-16 01:53:47.752838: train_loss -0.7042
2025-11-16 01:53:47.753093: val_loss -0.7255
2025-11-16 01:53:47.753202: Pseudo dice [np.float32(0.9133), np.float32(0.757), np.float32(0.0)]
2025-11-16 01:53:47.753316: Epoch time: 227.13 s
2025-11-16 01:53:49.223030: 
2025-11-16 01:53:49.223284: Epoch 764
2025-11-16 01:53:49.223413: Current learning rate: 0.00273
2025-11-16 01:57:36.814038: train_loss -0.7096
2025-11-16 01:57:36.814320: val_loss -0.6838
2025-11-16 01:57:36.814425: Pseudo dice [np.float32(0.9091), np.float32(0.7501), np.float32(0.0)]
2025-11-16 01:57:36.814528: Epoch time: 227.59 s
2025-11-16 01:57:37.943802: 
2025-11-16 01:57:37.944022: Epoch 765
2025-11-16 01:57:37.944147: Current learning rate: 0.00272
2025-11-16 02:01:25.108930: train_loss -0.7096
2025-11-16 02:01:25.109205: val_loss -0.7078
2025-11-16 02:01:25.109309: Pseudo dice [np.float32(0.909), np.float32(0.7412), np.float32(0.0)]
2025-11-16 02:01:25.109407: Epoch time: 227.17 s
2025-11-16 02:01:26.253544: 
2025-11-16 02:01:26.253818: Epoch 766
2025-11-16 02:01:26.254008: Current learning rate: 0.00271
2025-11-16 02:05:13.450473: train_loss -0.701
2025-11-16 02:05:13.450799: val_loss -0.6921
2025-11-16 02:05:13.450919: Pseudo dice [np.float32(0.9082), np.float32(0.7405), np.float32(0.0)]
2025-11-16 02:05:13.451025: Epoch time: 227.2 s
2025-11-16 02:05:14.587037: 
2025-11-16 02:05:14.587250: Epoch 767
2025-11-16 02:05:14.587376: Current learning rate: 0.0027
2025-11-16 02:09:01.820085: train_loss -0.7104
2025-11-16 02:09:01.820361: val_loss -0.6855
2025-11-16 02:09:01.820467: Pseudo dice [np.float32(0.9121), np.float32(0.7604), np.float32(0.0)]
2025-11-16 02:09:01.820635: Epoch time: 227.23 s
2025-11-16 02:09:02.954436: 
2025-11-16 02:09:02.954638: Epoch 768
2025-11-16 02:09:02.954757: Current learning rate: 0.00268
2025-11-16 02:12:49.743682: train_loss -0.7053
2025-11-16 02:12:49.743979: val_loss -0.6555
2025-11-16 02:12:49.744087: Pseudo dice [np.float32(0.9136), np.float32(0.7352), np.float32(0.0)]
2025-11-16 02:12:49.744191: Epoch time: 226.79 s
2025-11-16 02:12:50.884317: 
2025-11-16 02:12:50.884586: Epoch 769
2025-11-16 02:12:50.884710: Current learning rate: 0.00267
2025-11-16 02:16:37.944231: train_loss -0.7035
2025-11-16 02:16:37.944508: val_loss -0.6769
2025-11-16 02:16:37.944611: Pseudo dice [np.float32(0.9104), np.float32(0.739), np.float32(0.0)]
2025-11-16 02:16:37.944738: Epoch time: 227.06 s
2025-11-16 02:16:39.002843: 
2025-11-16 02:16:39.003048: Epoch 770
2025-11-16 02:16:39.003167: Current learning rate: 0.00266
2025-11-16 02:20:26.215565: train_loss -0.7155
2025-11-16 02:20:26.215837: val_loss -0.6866
2025-11-16 02:20:26.215941: Pseudo dice [np.float32(0.9032), np.float32(0.7358), np.float32(0.0)]
2025-11-16 02:20:26.216044: Epoch time: 227.21 s
2025-11-16 02:20:27.350737: 
2025-11-16 02:20:27.350937: Epoch 771
2025-11-16 02:20:27.351082: Current learning rate: 0.00265
2025-11-16 02:24:14.047624: train_loss -0.7218
2025-11-16 02:24:14.047894: val_loss -0.7086
2025-11-16 02:24:14.048003: Pseudo dice [np.float32(0.9152), np.float32(0.7568), np.float32(0.0)]
2025-11-16 02:24:14.048109: Epoch time: 226.7 s
2025-11-16 02:24:15.192599: 
2025-11-16 02:24:15.192881: Epoch 772
2025-11-16 02:24:15.193006: Current learning rate: 0.00264
2025-11-16 02:28:01.938716: train_loss -0.6951
2025-11-16 02:28:01.938975: val_loss -0.6976
2025-11-16 02:28:01.939111: Pseudo dice [np.float32(0.9182), np.float32(0.7516), np.float32(0.0)]
2025-11-16 02:28:01.939218: Epoch time: 226.75 s
2025-11-16 02:28:03.079152: 
2025-11-16 02:28:03.079376: Epoch 773
2025-11-16 02:28:03.079516: Current learning rate: 0.00263
2025-11-16 02:31:49.813485: train_loss -0.7257
2025-11-16 02:31:49.813753: val_loss -0.7204
2025-11-16 02:31:49.813852: Pseudo dice [np.float32(0.9166), np.float32(0.7341), np.float32(0.0)]
2025-11-16 02:31:49.813956: Epoch time: 226.74 s
2025-11-16 02:31:50.956127: 
2025-11-16 02:31:50.956407: Epoch 774
2025-11-16 02:31:50.956527: Current learning rate: 0.00262
2025-11-16 02:35:38.623404: train_loss -0.7068
2025-11-16 02:35:38.623707: val_loss -0.6972
2025-11-16 02:35:38.623851: Pseudo dice [np.float32(0.9138), np.float32(0.7574), np.float32(0.0)]
2025-11-16 02:35:38.623957: Epoch time: 227.67 s
2025-11-16 02:35:39.678248: 
2025-11-16 02:35:39.678464: Epoch 775
2025-11-16 02:35:39.678591: Current learning rate: 0.00261
2025-11-16 02:39:26.941025: train_loss -0.7079
2025-11-16 02:39:26.941310: val_loss -0.6838
2025-11-16 02:39:26.941414: Pseudo dice [np.float32(0.9102), np.float32(0.7445), np.float32(0.0)]
2025-11-16 02:39:26.941519: Epoch time: 227.26 s
2025-11-16 02:39:28.471094: 
2025-11-16 02:39:28.471397: Epoch 776
2025-11-16 02:39:28.471538: Current learning rate: 0.0026
2025-11-16 02:43:15.982223: train_loss -0.6884
2025-11-16 02:43:15.982538: val_loss -0.6845
2025-11-16 02:43:15.982671: Pseudo dice [np.float32(0.9007), np.float32(0.7511), np.float32(0.0)]
2025-11-16 02:43:15.982778: Epoch time: 227.51 s
2025-11-16 02:43:17.119316: 
2025-11-16 02:43:17.119541: Epoch 777
2025-11-16 02:43:17.119667: Current learning rate: 0.00259
2025-11-16 02:47:03.573498: train_loss -0.7016
2025-11-16 02:47:03.573765: val_loss -0.6722
2025-11-16 02:47:03.573867: Pseudo dice [np.float32(0.9148), np.float32(0.7457), np.float32(0.0)]
2025-11-16 02:47:03.573968: Epoch time: 226.46 s
2025-11-16 02:47:04.709836: 
2025-11-16 02:47:04.710047: Epoch 778
2025-11-16 02:47:04.710174: Current learning rate: 0.00258
2025-11-16 02:50:51.333450: train_loss -0.6911
2025-11-16 02:50:51.333714: val_loss -0.7216
2025-11-16 02:50:51.333820: Pseudo dice [np.float32(0.9081), np.float32(0.7483), np.float32(0.0)]
2025-11-16 02:50:51.333923: Epoch time: 226.62 s
2025-11-16 02:50:52.481140: 
2025-11-16 02:50:52.481396: Epoch 779
2025-11-16 02:50:52.481559: Current learning rate: 0.00257
2025-11-16 02:54:39.451951: train_loss -0.691
2025-11-16 02:54:39.452222: val_loss -0.7076
2025-11-16 02:54:39.452336: Pseudo dice [np.float32(0.9155), np.float32(0.7475), np.float32(0.0)]
2025-11-16 02:54:39.452440: Epoch time: 226.97 s
2025-11-16 02:54:40.598349: 
2025-11-16 02:54:40.598564: Epoch 780
2025-11-16 02:54:40.598752: Current learning rate: 0.00256
2025-11-16 02:58:27.441313: train_loss -0.718
2025-11-16 02:58:27.441581: val_loss -0.7162
2025-11-16 02:58:27.441684: Pseudo dice [np.float32(0.9102), np.float32(0.7533), np.float32(0.0)]
2025-11-16 02:58:27.441785: Epoch time: 226.84 s
2025-11-16 02:58:28.574391: 
2025-11-16 02:58:28.574596: Epoch 781
2025-11-16 02:58:28.574720: Current learning rate: 0.00255
2025-11-16 03:02:15.787481: train_loss -0.7177
2025-11-16 03:02:15.787746: val_loss -0.6746
2025-11-16 03:02:15.787851: Pseudo dice [np.float32(0.9183), np.float32(0.7465), np.float32(0.0)]
2025-11-16 03:02:15.787954: Epoch time: 227.21 s
2025-11-16 03:02:16.923240: 
2025-11-16 03:02:16.923462: Epoch 782
2025-11-16 03:02:16.923589: Current learning rate: 0.00254
2025-11-16 03:06:03.642962: train_loss -0.7093
2025-11-16 03:06:03.643230: val_loss -0.6744
2025-11-16 03:06:03.643342: Pseudo dice [np.float32(0.9183), np.float32(0.743), np.float32(0.0)]
2025-11-16 03:06:03.648213: Epoch time: 226.72 s
2025-11-16 03:06:04.783666: 
2025-11-16 03:06:04.783839: Epoch 783
2025-11-16 03:06:04.783959: Current learning rate: 0.00253
2025-11-16 03:09:51.638533: train_loss -0.7086
2025-11-16 03:09:51.638881: val_loss -0.6733
2025-11-16 03:09:51.638990: Pseudo dice [np.float32(0.9036), np.float32(0.7387), np.float32(0.0)]
2025-11-16 03:09:51.639092: Epoch time: 226.86 s
2025-11-16 03:09:52.779621: 
2025-11-16 03:09:52.779818: Epoch 784
2025-11-16 03:09:52.779951: Current learning rate: 0.00252
2025-11-16 03:13:39.939928: train_loss -0.699
2025-11-16 03:13:39.940231: val_loss -0.6961
2025-11-16 03:13:39.940346: Pseudo dice [np.float32(0.9086), np.float32(0.7461), np.float32(0.0)]
2025-11-16 03:13:39.940453: Epoch time: 227.16 s
2025-11-16 03:13:41.078066: 
2025-11-16 03:13:41.078289: Epoch 785
2025-11-16 03:13:41.078445: Current learning rate: 0.00251
2025-11-16 03:17:28.306201: train_loss -0.7092
2025-11-16 03:17:28.306479: val_loss -0.6912
2025-11-16 03:17:28.306580: Pseudo dice [np.float32(0.9087), np.float32(0.745), np.float32(0.0)]
2025-11-16 03:17:28.306684: Epoch time: 227.23 s
2025-11-16 03:17:29.446837: 
2025-11-16 03:17:29.447125: Epoch 786
2025-11-16 03:17:29.447258: Current learning rate: 0.0025
2025-11-16 03:21:16.520190: train_loss -0.7139
2025-11-16 03:21:16.520455: val_loss -0.6603
2025-11-16 03:21:16.520558: Pseudo dice [np.float32(0.9154), np.float32(0.7316), np.float32(0.0)]
2025-11-16 03:21:16.520661: Epoch time: 227.07 s
2025-11-16 03:21:18.045092: 
2025-11-16 03:21:18.045339: Epoch 787
2025-11-16 03:21:18.045469: Current learning rate: 0.00249
2025-11-16 03:25:04.684566: train_loss -0.6955
2025-11-16 03:25:04.684808: val_loss -0.6783
2025-11-16 03:25:04.684921: Pseudo dice [np.float32(0.9105), np.float32(0.7421), np.float32(0.0)]
2025-11-16 03:25:04.685031: Epoch time: 226.64 s
2025-11-16 03:25:05.806204: 
2025-11-16 03:25:05.806450: Epoch 788
2025-11-16 03:25:05.806578: Current learning rate: 0.00248
2025-11-16 03:28:52.289351: train_loss -0.7084
2025-11-16 03:28:52.289625: val_loss -0.6958
2025-11-16 03:28:52.289733: Pseudo dice [np.float32(0.921), np.float32(0.758), np.float32(0.0)]
2025-11-16 03:28:52.289866: Epoch time: 226.48 s
2025-11-16 03:28:53.412965: 
2025-11-16 03:28:53.413185: Epoch 789
2025-11-16 03:28:53.413373: Current learning rate: 0.00247
2025-11-16 03:32:40.624922: train_loss -0.7085
2025-11-16 03:32:40.625183: val_loss -0.6707
2025-11-16 03:32:40.625311: Pseudo dice [np.float32(0.9058), np.float32(0.7439), np.float32(0.0)]
2025-11-16 03:32:40.625425: Epoch time: 227.21 s
2025-11-16 03:32:41.762227: 
2025-11-16 03:32:41.762660: Epoch 790
2025-11-16 03:32:41.762957: Current learning rate: 0.00245
2025-11-16 03:36:28.547258: train_loss -0.7085
2025-11-16 03:36:28.547541: val_loss -0.6914
2025-11-16 03:36:28.547652: Pseudo dice [np.float32(0.9185), np.float32(0.755), np.float32(0.0)]
2025-11-16 03:36:28.547758: Epoch time: 226.79 s
2025-11-16 03:36:29.682448: 
2025-11-16 03:36:29.682663: Epoch 791
2025-11-16 03:36:29.682785: Current learning rate: 0.00244
2025-11-16 03:40:16.385684: train_loss -0.7207
2025-11-16 03:40:16.385977: val_loss -0.6663
2025-11-16 03:40:16.386084: Pseudo dice [np.float32(0.9094), np.float32(0.7421), np.float32(0.0)]
2025-11-16 03:40:16.386208: Epoch time: 226.7 s
2025-11-16 03:40:17.447994: 
2025-11-16 03:40:17.448296: Epoch 792
2025-11-16 03:40:17.448437: Current learning rate: 0.00243
2025-11-16 03:44:04.789053: train_loss -0.7197
2025-11-16 03:44:04.789351: val_loss -0.7119
2025-11-16 03:44:04.789512: Pseudo dice [np.float32(0.913), np.float32(0.7584), np.float32(0.0)]
2025-11-16 03:44:04.789618: Epoch time: 227.34 s
2025-11-16 03:44:05.925970: 
2025-11-16 03:44:05.926170: Epoch 793
2025-11-16 03:44:05.926292: Current learning rate: 0.00242
2025-11-16 03:47:52.933350: train_loss -0.709
2025-11-16 03:47:52.933630: val_loss -0.6696
2025-11-16 03:47:52.933736: Pseudo dice [np.float32(0.9085), np.float32(0.7457), np.float32(0.0)]
2025-11-16 03:47:52.933841: Epoch time: 227.01 s
2025-11-16 03:47:54.068415: 
2025-11-16 03:47:54.068677: Epoch 794
2025-11-16 03:47:54.068808: Current learning rate: 0.00241
2025-11-16 03:51:41.070049: train_loss -0.7085
2025-11-16 03:51:41.070354: val_loss -0.6769
2025-11-16 03:51:41.070474: Pseudo dice [np.float32(0.9064), np.float32(0.7466), np.float32(0.0)]
2025-11-16 03:51:41.070582: Epoch time: 227.0 s
2025-11-16 03:51:42.216120: 
2025-11-16 03:51:42.216419: Epoch 795
2025-11-16 03:51:42.216543: Current learning rate: 0.0024
2025-11-16 03:55:29.394934: train_loss -0.704
2025-11-16 03:55:29.395197: val_loss -0.6804
2025-11-16 03:55:29.395307: Pseudo dice [np.float32(0.9115), np.float32(0.7332), np.float32(0.0)]
2025-11-16 03:55:29.395409: Epoch time: 227.18 s
2025-11-16 03:55:30.533173: 
2025-11-16 03:55:30.533457: Epoch 796
2025-11-16 03:55:30.533590: Current learning rate: 0.00239
2025-11-16 03:59:17.376749: train_loss -0.6959
2025-11-16 03:59:17.377027: val_loss -0.6845
2025-11-16 03:59:17.377158: Pseudo dice [np.float32(0.9077), np.float32(0.7425), np.float32(0.0)]
2025-11-16 03:59:17.377266: Epoch time: 226.84 s
2025-11-16 03:59:18.510459: 
2025-11-16 03:59:18.510669: Epoch 797
2025-11-16 03:59:18.510794: Current learning rate: 0.00238
2025-11-16 04:03:05.223943: train_loss -0.7012
2025-11-16 04:03:05.224259: val_loss -0.6796
2025-11-16 04:03:05.224376: Pseudo dice [np.float32(0.9095), np.float32(0.7374), np.float32(0.0)]
2025-11-16 04:03:05.224479: Epoch time: 226.71 s
2025-11-16 04:03:06.366123: 
2025-11-16 04:03:06.366308: Epoch 798
2025-11-16 04:03:06.366427: Current learning rate: 0.00237
2025-11-16 04:06:53.078426: train_loss -0.6996
2025-11-16 04:06:53.078683: val_loss -0.7003
2025-11-16 04:06:53.078779: Pseudo dice [np.float32(0.9114), np.float32(0.7485), np.float32(0.0)]
2025-11-16 04:06:53.078872: Epoch time: 226.71 s
2025-11-16 04:06:54.632777: 
2025-11-16 04:06:54.633018: Epoch 799
2025-11-16 04:06:54.633155: Current learning rate: 0.00236
2025-11-16 04:10:41.437111: train_loss -0.7122
2025-11-16 04:10:41.437393: val_loss -0.6679
2025-11-16 04:10:41.437500: Pseudo dice [np.float32(0.9106), np.float32(0.7439), np.float32(0.0)]
2025-11-16 04:10:41.437604: Epoch time: 226.81 s
2025-11-16 04:10:42.975250: 
2025-11-16 04:10:42.975478: Epoch 800
2025-11-16 04:10:42.975640: Current learning rate: 0.00235
2025-11-16 04:14:29.866429: train_loss -0.7087
2025-11-16 04:14:29.866697: val_loss -0.6796
2025-11-16 04:14:29.866804: Pseudo dice [np.float32(0.9124), np.float32(0.7486), np.float32(0.0)]
2025-11-16 04:14:29.866957: Epoch time: 226.89 s
2025-11-16 04:14:31.006541: 
2025-11-16 04:14:31.006754: Epoch 801
2025-11-16 04:14:31.006881: Current learning rate: 0.00234
2025-11-16 04:18:18.316769: train_loss -0.6976
2025-11-16 04:18:18.317129: val_loss -0.6912
2025-11-16 04:18:18.317260: Pseudo dice [np.float32(0.9093), np.float32(0.7583), np.float32(0.0)]
2025-11-16 04:18:18.317373: Epoch time: 227.31 s
2025-11-16 04:18:19.473651: 
2025-11-16 04:18:19.473940: Epoch 802
2025-11-16 04:18:19.474073: Current learning rate: 0.00233
2025-11-16 04:22:06.506106: train_loss -0.7215
2025-11-16 04:22:06.506396: val_loss -0.6647
2025-11-16 04:22:06.506498: Pseudo dice [np.float32(0.9042), np.float32(0.7488), np.float32(0.0)]
2025-11-16 04:22:06.506598: Epoch time: 227.03 s
2025-11-16 04:22:07.648839: 
2025-11-16 04:22:07.649071: Epoch 803
2025-11-16 04:22:07.649209: Current learning rate: 0.00232
2025-11-16 04:25:54.361894: train_loss -0.6982
2025-11-16 04:25:54.362143: val_loss -0.6737
2025-11-16 04:25:54.362249: Pseudo dice [np.float32(0.9041), np.float32(0.7574), np.float32(0.0)]
2025-11-16 04:25:54.362363: Epoch time: 226.71 s
2025-11-16 04:25:55.502473: 
2025-11-16 04:25:55.502744: Epoch 804
2025-11-16 04:25:55.502871: Current learning rate: 0.00231
2025-11-16 04:29:42.434881: train_loss -0.7029
2025-11-16 04:29:42.435128: val_loss -0.6607
2025-11-16 04:29:42.435233: Pseudo dice [np.float32(0.9125), np.float32(0.7436), np.float32(0.0)]
2025-11-16 04:29:42.435421: Epoch time: 226.93 s
2025-11-16 04:29:43.585362: 
2025-11-16 04:29:43.585577: Epoch 805
2025-11-16 04:29:43.585721: Current learning rate: 0.0023
2025-11-16 04:33:31.086765: train_loss -0.713
2025-11-16 04:33:31.087034: val_loss -0.6936
2025-11-16 04:33:31.087137: Pseudo dice [np.float32(0.9139), np.float32(0.7427), np.float32(0.0)]
2025-11-16 04:33:31.087244: Epoch time: 227.5 s
2025-11-16 04:33:32.227075: 
2025-11-16 04:33:32.227381: Epoch 806
2025-11-16 04:33:32.227523: Current learning rate: 0.00229
2025-11-16 04:37:18.926169: train_loss -0.7065
2025-11-16 04:37:18.926453: val_loss -0.6814
2025-11-16 04:37:18.926557: Pseudo dice [np.float32(0.9068), np.float32(0.7339), np.float32(0.0)]
2025-11-16 04:37:18.926659: Epoch time: 226.7 s
2025-11-16 04:37:20.065480: 
2025-11-16 04:37:20.065782: Epoch 807
2025-11-16 04:37:20.065917: Current learning rate: 0.00228
2025-11-16 04:41:06.975615: train_loss -0.7001
2025-11-16 04:41:06.975891: val_loss -0.6808
2025-11-16 04:41:06.976000: Pseudo dice [np.float32(0.9123), np.float32(0.739), np.float32(0.0)]
2025-11-16 04:41:06.976103: Epoch time: 226.91 s
2025-11-16 04:41:08.095943: 
2025-11-16 04:41:08.096138: Epoch 808
2025-11-16 04:41:08.096259: Current learning rate: 0.00226
2025-11-16 04:44:54.771192: train_loss -0.7028
2025-11-16 04:44:54.771505: val_loss -0.7143
2025-11-16 04:44:54.771642: Pseudo dice [np.float32(0.9005), np.float32(0.7513), np.float32(0.0)]
2025-11-16 04:44:54.771752: Epoch time: 226.68 s
2025-11-16 04:44:55.907142: 
2025-11-16 04:44:55.907423: Epoch 809
2025-11-16 04:44:55.907619: Current learning rate: 0.00225
2025-11-16 04:48:42.791008: train_loss -0.7192
2025-11-16 04:48:42.791282: val_loss -0.6933
2025-11-16 04:48:42.791389: Pseudo dice [np.float32(0.9136), np.float32(0.7432), np.float32(0.0)]
2025-11-16 04:48:42.791490: Epoch time: 226.88 s
2025-11-16 04:48:44.324012: 
2025-11-16 04:48:44.324249: Epoch 810
2025-11-16 04:48:44.324386: Current learning rate: 0.00224
2025-11-16 04:52:31.395592: train_loss -0.7143
2025-11-16 04:52:31.395929: val_loss -0.6865
2025-11-16 04:52:31.396039: Pseudo dice [np.float32(0.9141), np.float32(0.7511), np.float32(0.0)]
2025-11-16 04:52:31.396139: Epoch time: 227.07 s
2025-11-16 04:52:32.527440: 
2025-11-16 04:52:32.527716: Epoch 811
2025-11-16 04:52:32.527850: Current learning rate: 0.00223
2025-11-16 04:56:19.705884: train_loss -0.7099
2025-11-16 04:56:19.706158: val_loss -0.7003
2025-11-16 04:56:19.706261: Pseudo dice [np.float32(0.913), np.float32(0.7469), np.float32(0.0)]
2025-11-16 04:56:19.706372: Epoch time: 227.18 s
2025-11-16 04:56:20.835418: 
2025-11-16 04:56:20.835716: Epoch 812
2025-11-16 04:56:20.835856: Current learning rate: 0.00222
2025-11-16 05:00:07.976846: train_loss -0.7043
2025-11-16 05:00:07.977133: val_loss -0.7187
2025-11-16 05:00:07.977237: Pseudo dice [np.float32(0.9079), np.float32(0.7452), np.float32(0.0)]
2025-11-16 05:00:07.977350: Epoch time: 227.14 s
2025-11-16 05:00:09.120123: 
2025-11-16 05:00:09.120440: Epoch 813
2025-11-16 05:00:09.120603: Current learning rate: 0.00221
2025-11-16 05:03:55.672643: train_loss -0.7076
2025-11-16 05:03:55.672954: val_loss -0.7056
2025-11-16 05:03:55.673069: Pseudo dice [np.float32(0.9169), np.float32(0.7402), np.float32(0.0)]
2025-11-16 05:03:55.673173: Epoch time: 226.55 s
2025-11-16 05:03:56.812899: 
2025-11-16 05:03:56.813143: Epoch 814
2025-11-16 05:03:56.813270: Current learning rate: 0.0022
2025-11-16 05:07:43.789042: train_loss -0.7172
2025-11-16 05:07:43.789297: val_loss -0.6684
2025-11-16 05:07:43.789392: Pseudo dice [np.float32(0.9058), np.float32(0.7402), np.float32(0.0)]
2025-11-16 05:07:43.789486: Epoch time: 226.98 s
2025-11-16 05:07:44.921382: 
2025-11-16 05:07:44.921685: Epoch 815
2025-11-16 05:07:44.921817: Current learning rate: 0.00219
2025-11-16 05:11:31.979660: train_loss -0.7134
2025-11-16 05:11:31.979932: val_loss -0.6827
2025-11-16 05:11:31.980039: Pseudo dice [np.float32(0.9087), np.float32(0.748), np.float32(0.0)]
2025-11-16 05:11:31.980187: Epoch time: 227.06 s
2025-11-16 05:11:33.128015: 
2025-11-16 05:11:33.128218: Epoch 816
2025-11-16 05:11:33.128350: Current learning rate: 0.00218
2025-11-16 05:15:20.201253: train_loss -0.7025
2025-11-16 05:15:20.201569: val_loss -0.6778
2025-11-16 05:15:20.201703: Pseudo dice [np.float32(0.918), np.float32(0.7549), np.float32(0.0)]
2025-11-16 05:15:20.201810: Epoch time: 227.07 s
2025-11-16 05:15:21.352342: 
2025-11-16 05:15:21.352554: Epoch 817
2025-11-16 05:15:21.352675: Current learning rate: 0.00217
2025-11-16 05:19:08.410623: train_loss -0.7001
2025-11-16 05:19:08.410888: val_loss -0.6658
2025-11-16 05:19:08.410992: Pseudo dice [np.float32(0.9161), np.float32(0.7338), np.float32(0.0)]
2025-11-16 05:19:08.411096: Epoch time: 227.06 s
2025-11-16 05:19:09.557585: 
2025-11-16 05:19:09.557788: Epoch 818
2025-11-16 05:19:09.557914: Current learning rate: 0.00216
2025-11-16 05:22:56.449491: train_loss -0.714
2025-11-16 05:22:56.449763: val_loss -0.6558
2025-11-16 05:22:56.449867: Pseudo dice [np.float32(0.9097), np.float32(0.7407), np.float32(0.0)]
2025-11-16 05:22:56.449975: Epoch time: 226.89 s
2025-11-16 05:22:57.599926: 
2025-11-16 05:22:57.600155: Epoch 819
2025-11-16 05:22:57.600299: Current learning rate: 0.00215
2025-11-16 05:26:44.868200: train_loss -0.715
2025-11-16 05:26:44.868483: val_loss -0.692
2025-11-16 05:26:44.868585: Pseudo dice [np.float32(0.9128), np.float32(0.7417), np.float32(0.0)]
2025-11-16 05:26:44.868685: Epoch time: 227.27 s
2025-11-16 05:26:45.972893: 
2025-11-16 05:26:45.973148: Epoch 820
2025-11-16 05:26:45.973287: Current learning rate: 0.00214
2025-11-16 05:30:32.888198: train_loss -0.7052
2025-11-16 05:30:32.888476: val_loss -0.6821
2025-11-16 05:30:32.888582: Pseudo dice [np.float32(0.9104), np.float32(0.7465), np.float32(0.0)]
2025-11-16 05:30:32.888685: Epoch time: 226.92 s
2025-11-16 05:30:33.996106: 
2025-11-16 05:30:33.996314: Epoch 821
2025-11-16 05:30:33.996460: Current learning rate: 0.00213
2025-11-16 05:34:21.118821: train_loss -0.6961
2025-11-16 05:34:21.119089: val_loss -0.6826
2025-11-16 05:34:21.119191: Pseudo dice [np.float32(0.9202), np.float32(0.7541), np.float32(0.0)]
2025-11-16 05:34:21.119303: Epoch time: 227.12 s
2025-11-16 05:34:22.623538: 
2025-11-16 05:34:22.623775: Epoch 822
2025-11-16 05:34:22.623937: Current learning rate: 0.00212
2025-11-16 05:38:09.620388: train_loss -0.6963
2025-11-16 05:38:09.620698: val_loss -0.7098
2025-11-16 05:38:09.620813: Pseudo dice [np.float32(0.9008), np.float32(0.7479), np.float32(0.0)]
2025-11-16 05:38:09.620917: Epoch time: 227.0 s
2025-11-16 05:38:10.722025: 
2025-11-16 05:38:10.722278: Epoch 823
2025-11-16 05:38:10.722407: Current learning rate: 0.0021
2025-11-16 05:41:57.336121: train_loss -0.7005
2025-11-16 05:41:57.336406: val_loss -0.6753
2025-11-16 05:41:57.336515: Pseudo dice [np.float32(0.9081), np.float32(0.7207), np.float32(0.0)]
2025-11-16 05:41:57.336622: Epoch time: 226.61 s
2025-11-16 05:41:58.427398: 
2025-11-16 05:41:58.427698: Epoch 824
2025-11-16 05:41:58.427828: Current learning rate: 0.00209
2025-11-16 05:45:45.177118: train_loss -0.7078
2025-11-16 05:45:45.177405: val_loss -0.6592
2025-11-16 05:45:45.177511: Pseudo dice [np.float32(0.9174), np.float32(0.7562), np.float32(0.0)]
2025-11-16 05:45:45.177614: Epoch time: 226.75 s
2025-11-16 05:45:46.278587: 
2025-11-16 05:45:46.278868: Epoch 825
2025-11-16 05:45:46.278999: Current learning rate: 0.00208
2025-11-16 05:49:33.472466: train_loss -0.7064
2025-11-16 05:49:33.472744: val_loss -0.7117
2025-11-16 05:49:33.472844: Pseudo dice [np.float32(0.9082), np.float32(0.7561), np.float32(0.0)]
2025-11-16 05:49:33.472999: Epoch time: 227.19 s
2025-11-16 05:49:34.571149: 
2025-11-16 05:49:34.571389: Epoch 826
2025-11-16 05:49:34.571583: Current learning rate: 0.00207
2025-11-16 05:53:21.656818: train_loss -0.7136
2025-11-16 05:53:21.657121: val_loss -0.644
2025-11-16 05:53:21.657231: Pseudo dice [np.float32(0.9088), np.float32(0.7401), np.float32(0.0)]
2025-11-16 05:53:21.660674: Epoch time: 227.09 s
2025-11-16 05:53:22.775246: 
2025-11-16 05:53:22.775465: Epoch 827
2025-11-16 05:53:22.775592: Current learning rate: 0.00206
2025-11-16 05:57:09.593868: train_loss -0.7146
2025-11-16 05:57:09.594138: val_loss -0.716
2025-11-16 05:57:09.594244: Pseudo dice [np.float32(0.9116), np.float32(0.7482), np.float32(0.0)]
2025-11-16 05:57:09.594356: Epoch time: 226.82 s
2025-11-16 05:57:10.694585: 
2025-11-16 05:57:10.694796: Epoch 828
2025-11-16 05:57:10.694912: Current learning rate: 0.00205
2025-11-16 06:00:57.777158: train_loss -0.7062
2025-11-16 06:00:57.777444: val_loss -0.6963
2025-11-16 06:00:57.777547: Pseudo dice [np.float32(0.9098), np.float32(0.7503), np.float32(0.0)]
2025-11-16 06:00:57.777649: Epoch time: 227.08 s
2025-11-16 06:00:58.880045: 
2025-11-16 06:00:58.880338: Epoch 829
2025-11-16 06:00:58.880465: Current learning rate: 0.00204
2025-11-16 06:04:46.145310: train_loss -0.7023
2025-11-16 06:04:46.145583: val_loss -0.701
2025-11-16 06:04:46.145689: Pseudo dice [np.float32(0.9052), np.float32(0.7382), np.float32(0.0)]
2025-11-16 06:04:46.145795: Epoch time: 227.27 s
2025-11-16 06:04:47.249396: 
2025-11-16 06:04:47.249609: Epoch 830
2025-11-16 06:04:47.249731: Current learning rate: 0.00203
2025-11-16 06:08:34.033498: train_loss -0.7227
2025-11-16 06:08:34.033771: val_loss -0.696
2025-11-16 06:08:34.033876: Pseudo dice [np.float32(0.9021), np.float32(0.7545), np.float32(0.0)]
2025-11-16 06:08:34.033981: Epoch time: 226.79 s
2025-11-16 06:08:35.140522: 
2025-11-16 06:08:35.140742: Epoch 831
2025-11-16 06:08:35.140874: Current learning rate: 0.00202
2025-11-16 06:12:22.092081: train_loss -0.7155
2025-11-16 06:12:22.092400: val_loss -0.7047
2025-11-16 06:12:22.092511: Pseudo dice [np.float32(0.9086), np.float32(0.736), np.float32(0.0)]
2025-11-16 06:12:22.092614: Epoch time: 226.95 s
2025-11-16 06:12:23.204969: 
2025-11-16 06:12:23.205171: Epoch 832
2025-11-16 06:12:23.205298: Current learning rate: 0.00201
2025-11-16 06:16:09.943328: train_loss -0.7123
2025-11-16 06:16:09.943606: val_loss -0.6731
2025-11-16 06:16:09.943709: Pseudo dice [np.float32(0.9178), np.float32(0.7535), np.float32(0.0)]
2025-11-16 06:16:09.943813: Epoch time: 226.74 s
2025-11-16 06:16:11.048816: 
2025-11-16 06:16:11.049037: Epoch 833
2025-11-16 06:16:11.049171: Current learning rate: 0.002
2025-11-16 06:19:58.514779: train_loss -0.7025
2025-11-16 06:19:58.515038: val_loss -0.6982
2025-11-16 06:19:58.515138: Pseudo dice [np.float32(0.9091), np.float32(0.7445), np.float32(0.0)]
2025-11-16 06:19:58.515238: Epoch time: 227.47 s
2025-11-16 06:19:59.621115: 
2025-11-16 06:19:59.621332: Epoch 834
2025-11-16 06:19:59.621487: Current learning rate: 0.00199
2025-11-16 06:23:46.790785: train_loss -0.7232
2025-11-16 06:23:46.791053: val_loss -0.6846
2025-11-16 06:23:46.791155: Pseudo dice [np.float32(0.9119), np.float32(0.7376), np.float32(0.0)]
2025-11-16 06:23:46.791258: Epoch time: 227.17 s
2025-11-16 06:23:48.284348: 
2025-11-16 06:23:48.284579: Epoch 835
2025-11-16 06:23:48.284708: Current learning rate: 0.00198
2025-11-16 06:27:35.109711: train_loss -0.7081
2025-11-16 06:27:35.109993: val_loss -0.6753
2025-11-16 06:27:35.110099: Pseudo dice [np.float32(0.9039), np.float32(0.7435), np.float32(0.0)]
2025-11-16 06:27:35.110203: Epoch time: 226.83 s
2025-11-16 06:27:36.215262: 
2025-11-16 06:27:36.215505: Epoch 836
2025-11-16 06:27:36.215639: Current learning rate: 0.00196
2025-11-16 06:31:23.110527: train_loss -0.7106
2025-11-16 06:31:23.110790: val_loss -0.6816
2025-11-16 06:31:23.110892: Pseudo dice [np.float32(0.9089), np.float32(0.7391), np.float32(0.0)]
2025-11-16 06:31:23.110994: Epoch time: 226.9 s
2025-11-16 06:31:24.216331: 
2025-11-16 06:31:24.216593: Epoch 837
2025-11-16 06:31:24.216712: Current learning rate: 0.00195
2025-11-16 06:35:11.684940: train_loss -0.7125
2025-11-16 06:35:11.685208: val_loss -0.6759
2025-11-16 06:35:11.685333: Pseudo dice [np.float32(0.8956), np.float32(0.74), np.float32(0.0)]
2025-11-16 06:35:11.685436: Epoch time: 227.47 s
2025-11-16 06:35:12.797832: 
2025-11-16 06:35:12.798048: Epoch 838
2025-11-16 06:35:12.798183: Current learning rate: 0.00194
2025-11-16 06:38:59.314634: train_loss -0.7154
2025-11-16 06:38:59.314911: val_loss -0.6645
2025-11-16 06:38:59.315013: Pseudo dice [np.float32(0.904), np.float32(0.7404), np.float32(0.0)]
2025-11-16 06:38:59.315115: Epoch time: 226.52 s
2025-11-16 06:39:00.421566: 
2025-11-16 06:39:00.421850: Epoch 839
2025-11-16 06:39:00.421978: Current learning rate: 0.00193
2025-11-16 06:42:47.297340: train_loss -0.7153
2025-11-16 06:42:47.297615: val_loss -0.6802
2025-11-16 06:42:47.297723: Pseudo dice [np.float32(0.9118), np.float32(0.7408), np.float32(0.0)]
2025-11-16 06:42:47.297826: Epoch time: 226.88 s
2025-11-16 06:42:48.398090: 
2025-11-16 06:42:48.398305: Epoch 840
2025-11-16 06:42:48.398437: Current learning rate: 0.00192
2025-11-16 06:46:35.773920: train_loss -0.7058
2025-11-16 06:46:35.774194: val_loss -0.7055
2025-11-16 06:46:35.774303: Pseudo dice [np.float32(0.9144), np.float32(0.7497), np.float32(0.0)]
2025-11-16 06:46:35.774408: Epoch time: 227.38 s
2025-11-16 06:46:36.888598: 
2025-11-16 06:46:36.888928: Epoch 841
2025-11-16 06:46:36.889106: Current learning rate: 0.00191
2025-11-16 06:50:23.822094: train_loss -0.6969
2025-11-16 06:50:23.822375: val_loss -0.6604
2025-11-16 06:50:23.822476: Pseudo dice [np.float32(0.9143), np.float32(0.7438), np.float32(0.0)]
2025-11-16 06:50:23.822577: Epoch time: 226.93 s
2025-11-16 06:50:24.922571: 
2025-11-16 06:50:24.922772: Epoch 842
2025-11-16 06:50:24.922887: Current learning rate: 0.0019
2025-11-16 06:54:11.647191: train_loss -0.7046
2025-11-16 06:54:11.647455: val_loss -0.7063
2025-11-16 06:54:11.647561: Pseudo dice [np.float32(0.9168), np.float32(0.7504), np.float32(0.0)]
2025-11-16 06:54:11.647663: Epoch time: 226.73 s
2025-11-16 06:54:12.754905: 
2025-11-16 06:54:12.755109: Epoch 843
2025-11-16 06:54:12.755246: Current learning rate: 0.00189
2025-11-16 06:57:59.597717: train_loss -0.7064
2025-11-16 06:57:59.597991: val_loss -0.7126
2025-11-16 06:57:59.598098: Pseudo dice [np.float32(0.9111), np.float32(0.7509), np.float32(0.0)]
2025-11-16 06:57:59.598202: Epoch time: 226.84 s
2025-11-16 06:58:00.700179: 
2025-11-16 06:58:00.700423: Epoch 844
2025-11-16 06:58:00.700550: Current learning rate: 0.00188
2025-11-16 07:01:47.645606: train_loss -0.7133
2025-11-16 07:01:47.645880: val_loss -0.6866
2025-11-16 07:01:47.645987: Pseudo dice [np.float32(0.916), np.float32(0.745), np.float32(0.0)]
2025-11-16 07:01:47.646089: Epoch time: 226.95 s
2025-11-16 07:01:48.763152: 
2025-11-16 07:01:48.763408: Epoch 845
2025-11-16 07:01:48.763543: Current learning rate: 0.00187
2025-11-16 07:05:35.850822: train_loss -0.6995
2025-11-16 07:05:35.851088: val_loss -0.66
2025-11-16 07:05:35.851188: Pseudo dice [np.float32(0.9158), np.float32(0.7458), np.float32(0.0)]
2025-11-16 07:05:35.851299: Epoch time: 227.09 s
2025-11-16 07:05:36.955704: 
2025-11-16 07:05:36.955956: Epoch 846
2025-11-16 07:05:36.956088: Current learning rate: 0.00186
2025-11-16 07:09:23.491461: train_loss -0.7226
2025-11-16 07:09:23.491813: val_loss -0.6688
2025-11-16 07:09:23.491922: Pseudo dice [np.float32(0.9119), np.float32(0.7329), np.float32(0.0)]
2025-11-16 07:09:23.492027: Epoch time: 226.54 s
2025-11-16 07:09:24.990462: 
2025-11-16 07:09:24.990704: Epoch 847
2025-11-16 07:09:24.990836: Current learning rate: 0.00185
2025-11-16 07:13:12.247019: train_loss -0.695
2025-11-16 07:13:12.247287: val_loss -0.688
2025-11-16 07:13:12.247397: Pseudo dice [np.float32(0.9092), np.float32(0.7308), np.float32(0.0)]
2025-11-16 07:13:12.247499: Epoch time: 227.26 s
2025-11-16 07:13:13.344434: 
2025-11-16 07:13:13.344716: Epoch 848
2025-11-16 07:13:13.344850: Current learning rate: 0.00184
2025-11-16 07:17:00.291573: train_loss -0.7064
2025-11-16 07:17:00.291845: val_loss -0.6969
2025-11-16 07:17:00.291955: Pseudo dice [np.float32(0.9216), np.float32(0.7551), np.float32(0.0)]
2025-11-16 07:17:00.292058: Epoch time: 226.95 s
2025-11-16 07:17:01.391988: 
2025-11-16 07:17:01.392195: Epoch 849
2025-11-16 07:17:01.392376: Current learning rate: 0.00182
2025-11-16 07:20:48.521048: train_loss -0.7068
2025-11-16 07:20:48.521332: val_loss -0.6789
2025-11-16 07:20:48.521441: Pseudo dice [np.float32(0.9203), np.float32(0.7411), np.float32(0.0)]
2025-11-16 07:20:48.521545: Epoch time: 227.13 s
2025-11-16 07:20:49.997819: 
2025-11-16 07:20:49.998025: Epoch 850
2025-11-16 07:20:49.998160: Current learning rate: 0.00181
2025-11-16 07:24:37.240967: train_loss -0.7264
2025-11-16 07:24:37.241239: val_loss -0.6827
2025-11-16 07:24:37.241349: Pseudo dice [np.float32(0.9192), np.float32(0.7499), np.float32(0.0)]
2025-11-16 07:24:37.241455: Epoch time: 227.24 s
2025-11-16 07:24:38.332124: 
2025-11-16 07:24:38.332335: Epoch 851
2025-11-16 07:24:38.332456: Current learning rate: 0.0018
2025-11-16 07:28:25.780399: train_loss -0.7213
2025-11-16 07:28:25.780681: val_loss -0.6717
2025-11-16 07:28:25.780786: Pseudo dice [np.float32(0.9084), np.float32(0.7452), np.float32(0.0)]
2025-11-16 07:28:25.780888: Epoch time: 227.45 s
2025-11-16 07:28:26.879393: 
2025-11-16 07:28:26.879629: Epoch 852
2025-11-16 07:28:26.879826: Current learning rate: 0.00179
2025-11-16 07:32:13.911947: train_loss -0.7185
2025-11-16 07:32:13.912239: val_loss -0.695
2025-11-16 07:32:13.912352: Pseudo dice [np.float32(0.9064), np.float32(0.7426), np.float32(0.0)]
2025-11-16 07:32:13.912518: Epoch time: 227.03 s
2025-11-16 07:32:14.997225: 
2025-11-16 07:32:14.997422: Epoch 853
2025-11-16 07:32:14.997538: Current learning rate: 0.00178
2025-11-16 07:36:02.062362: train_loss -0.7101
2025-11-16 07:36:02.062635: val_loss -0.6862
2025-11-16 07:36:02.062739: Pseudo dice [np.float32(0.8998), np.float32(0.7524), np.float32(0.0)]
2025-11-16 07:36:02.062843: Epoch time: 227.07 s
2025-11-16 07:36:03.151043: 
2025-11-16 07:36:03.151259: Epoch 854
2025-11-16 07:36:03.151384: Current learning rate: 0.00177
2025-11-16 07:39:50.067941: train_loss -0.7007
2025-11-16 07:39:50.068209: val_loss -0.7219
2025-11-16 07:39:50.068323: Pseudo dice [np.float32(0.9113), np.float32(0.7483), np.float32(0.0)]
2025-11-16 07:39:50.068427: Epoch time: 226.92 s
2025-11-16 07:39:51.165987: 
2025-11-16 07:39:51.166187: Epoch 855
2025-11-16 07:39:51.166317: Current learning rate: 0.00176
2025-11-16 07:43:38.330648: train_loss -0.7092
2025-11-16 07:43:38.330935: val_loss -0.6776
2025-11-16 07:43:38.331040: Pseudo dice [np.float32(0.9047), np.float32(0.7432), np.float32(0.0)]
2025-11-16 07:43:38.331141: Epoch time: 227.17 s
2025-11-16 07:43:39.425482: 
2025-11-16 07:43:39.425680: Epoch 856
2025-11-16 07:43:39.425803: Current learning rate: 0.00175
2025-11-16 07:47:26.959627: train_loss -0.6983
2025-11-16 07:47:26.959893: val_loss -0.6821
2025-11-16 07:47:26.959996: Pseudo dice [np.float32(0.9207), np.float32(0.7471), np.float32(0.0)]
2025-11-16 07:47:26.960099: Epoch time: 227.54 s
2025-11-16 07:47:28.049087: 
2025-11-16 07:47:28.049295: Epoch 857
2025-11-16 07:47:28.049418: Current learning rate: 0.00174
2025-11-16 07:51:15.346618: train_loss -0.7338
2025-11-16 07:51:15.346949: val_loss -0.6782
2025-11-16 07:51:15.347059: Pseudo dice [np.float32(0.9162), np.float32(0.7429), np.float32(0.0)]
2025-11-16 07:51:15.347165: Epoch time: 227.3 s
2025-11-16 07:51:16.448450: 
2025-11-16 07:51:16.448663: Epoch 858
2025-11-16 07:51:16.448791: Current learning rate: 0.00173
2025-11-16 07:55:03.346473: train_loss -0.7112
2025-11-16 07:55:03.346752: val_loss -0.6809
2025-11-16 07:55:03.346857: Pseudo dice [np.float32(0.9127), np.float32(0.7332), np.float32(0.0)]
2025-11-16 07:55:03.346962: Epoch time: 226.9 s
2025-11-16 07:55:04.367598: 
2025-11-16 07:55:04.367843: Epoch 859
2025-11-16 07:55:04.367973: Current learning rate: 0.00172
2025-11-16 07:58:51.204072: train_loss -0.7109
2025-11-16 07:58:51.204338: val_loss -0.6768
2025-11-16 07:58:51.204449: Pseudo dice [np.float32(0.9041), np.float32(0.7462), np.float32(0.0)]
2025-11-16 07:58:51.204551: Epoch time: 226.84 s
2025-11-16 07:58:52.683266: 
2025-11-16 07:58:52.683544: Epoch 860
2025-11-16 07:58:52.683675: Current learning rate: 0.0017
2025-11-16 08:02:39.830229: train_loss -0.7101
2025-11-16 08:02:39.830487: val_loss -0.7076
2025-11-16 08:02:39.830590: Pseudo dice [np.float32(0.9061), np.float32(0.7438), np.float32(0.0)]
2025-11-16 08:02:39.830694: Epoch time: 227.15 s
2025-11-16 08:02:40.921759: 
2025-11-16 08:02:40.922055: Epoch 861
2025-11-16 08:02:40.922191: Current learning rate: 0.00169
2025-11-16 08:06:28.082130: train_loss -0.7047
2025-11-16 08:06:28.082414: val_loss -0.6422
2025-11-16 08:06:28.082516: Pseudo dice [np.float32(0.9162), np.float32(0.7449), np.float32(0.0)]
2025-11-16 08:06:28.082621: Epoch time: 227.16 s
2025-11-16 08:06:29.170861: 
2025-11-16 08:06:29.171091: Epoch 862
2025-11-16 08:06:29.171220: Current learning rate: 0.00168
2025-11-16 08:10:15.901382: train_loss -0.7313
2025-11-16 08:10:15.901654: val_loss -0.6537
2025-11-16 08:10:15.901802: Pseudo dice [np.float32(0.9107), np.float32(0.7361), np.float32(0.0)]
2025-11-16 08:10:15.901908: Epoch time: 226.73 s
2025-11-16 08:10:16.988142: 
2025-11-16 08:10:16.988366: Epoch 863
2025-11-16 08:10:16.988488: Current learning rate: 0.00167
2025-11-16 08:14:03.582939: train_loss -0.714
2025-11-16 08:14:03.583208: val_loss -0.6765
2025-11-16 08:14:03.583321: Pseudo dice [np.float32(0.9112), np.float32(0.7412), np.float32(0.0)]
2025-11-16 08:14:03.583433: Epoch time: 226.6 s
2025-11-16 08:14:04.669808: 
2025-11-16 08:14:04.670022: Epoch 864
2025-11-16 08:14:04.670153: Current learning rate: 0.00166
2025-11-16 08:17:51.632838: train_loss -0.726
2025-11-16 08:17:51.633100: val_loss -0.6774
2025-11-16 08:17:51.633202: Pseudo dice [np.float32(0.9024), np.float32(0.7436), np.float32(0.0)]
2025-11-16 08:17:51.633309: Epoch time: 226.96 s
2025-11-16 08:17:52.722302: 
2025-11-16 08:17:52.722527: Epoch 865
2025-11-16 08:17:52.722651: Current learning rate: 0.00165
2025-11-16 08:21:39.580983: train_loss -0.7134
2025-11-16 08:21:39.581209: val_loss -0.7105
2025-11-16 08:21:39.581354: Pseudo dice [np.float32(0.912), np.float32(0.7474), np.float32(0.0)]
2025-11-16 08:21:39.581576: Epoch time: 226.86 s
2025-11-16 08:21:40.666551: 
2025-11-16 08:21:40.666785: Epoch 866
2025-11-16 08:21:40.666913: Current learning rate: 0.00164
2025-11-16 08:25:27.468846: train_loss -0.72
2025-11-16 08:25:27.469117: val_loss -0.6906
2025-11-16 08:25:27.469225: Pseudo dice [np.float32(0.9176), np.float32(0.7533), np.float32(0.0)]
2025-11-16 08:25:27.469337: Epoch time: 226.8 s
2025-11-16 08:25:28.554224: 
2025-11-16 08:25:28.554500: Epoch 867
2025-11-16 08:25:28.554622: Current learning rate: 0.00163
2025-11-16 08:29:15.389232: train_loss -0.7081
2025-11-16 08:29:15.389522: val_loss -0.7104
2025-11-16 08:29:15.389625: Pseudo dice [np.float32(0.9133), np.float32(0.7526), np.float32(0.0)]
2025-11-16 08:29:15.389727: Epoch time: 226.84 s
2025-11-16 08:29:16.473656: 
2025-11-16 08:29:16.474010: Epoch 868
2025-11-16 08:29:16.474264: Current learning rate: 0.00162
2025-11-16 08:33:03.574758: train_loss -0.7292
2025-11-16 08:33:03.575063: val_loss -0.688
2025-11-16 08:33:03.575170: Pseudo dice [np.float32(0.9168), np.float32(0.747), np.float32(0.0)]
2025-11-16 08:33:03.575281: Epoch time: 227.1 s
2025-11-16 08:33:04.665680: 
2025-11-16 08:33:04.665874: Epoch 869
2025-11-16 08:33:04.665998: Current learning rate: 0.00161
2025-11-16 08:36:50.827719: train_loss -0.7149
2025-11-16 08:36:50.827981: val_loss -0.6827
2025-11-16 08:36:50.828075: Pseudo dice [np.float32(0.9182), np.float32(0.7484), np.float32(0.0)]
2025-11-16 08:36:50.828168: Epoch time: 226.16 s
2025-11-16 08:36:51.912209: 
2025-11-16 08:36:51.912506: Epoch 870
2025-11-16 08:36:51.912633: Current learning rate: 0.00159
2025-11-16 08:40:39.273426: train_loss -0.7075
2025-11-16 08:40:39.273737: val_loss -0.6848
2025-11-16 08:40:39.273845: Pseudo dice [np.float32(0.9158), np.float32(0.7386), np.float32(0.0)]
2025-11-16 08:40:39.273947: Epoch time: 227.36 s
2025-11-16 08:40:40.361151: 
2025-11-16 08:40:40.361339: Epoch 871
2025-11-16 08:40:40.361465: Current learning rate: 0.00158
2025-11-16 08:44:27.661184: train_loss -0.7213
2025-11-16 08:44:27.661476: val_loss -0.6988
2025-11-16 08:44:27.661582: Pseudo dice [np.float32(0.9142), np.float32(0.7582), np.float32(0.0)]
2025-11-16 08:44:27.661687: Epoch time: 227.3 s
2025-11-16 08:44:28.763124: 
2025-11-16 08:44:28.763371: Epoch 872
2025-11-16 08:44:28.763499: Current learning rate: 0.00157
2025-11-16 08:48:16.070681: train_loss -0.7134
2025-11-16 08:48:16.070955: val_loss -0.6812
2025-11-16 08:48:16.071059: Pseudo dice [np.float32(0.9047), np.float32(0.7385), np.float32(0.0)]
2025-11-16 08:48:16.071162: Epoch time: 227.31 s
2025-11-16 08:48:17.556854: 
2025-11-16 08:48:17.557142: Epoch 873
2025-11-16 08:48:17.557277: Current learning rate: 0.00156
2025-11-16 08:52:04.747549: train_loss -0.7153
2025-11-16 08:52:04.747827: val_loss -0.6658
2025-11-16 08:52:04.747930: Pseudo dice [np.float32(0.9151), np.float32(0.7371), np.float32(0.0)]
2025-11-16 08:52:04.748031: Epoch time: 227.19 s
2025-11-16 08:52:05.831165: 
2025-11-16 08:52:05.831392: Epoch 874
2025-11-16 08:52:05.831521: Current learning rate: 0.00155
2025-11-16 08:55:53.145852: train_loss -0.7251
2025-11-16 08:55:53.146182: val_loss -0.686
2025-11-16 08:55:53.146299: Pseudo dice [np.float32(0.8989), np.float32(0.7395), np.float32(0.0)]
2025-11-16 08:55:53.146407: Epoch time: 227.32 s
2025-11-16 08:55:54.256123: 
2025-11-16 08:55:54.256337: Epoch 875
2025-11-16 08:55:54.256464: Current learning rate: 0.00154
2025-11-16 08:59:41.709663: train_loss -0.7212
2025-11-16 08:59:41.709938: val_loss -0.7185
2025-11-16 08:59:41.710038: Pseudo dice [np.float32(0.9102), np.float32(0.7394), np.float32(0.0)]
2025-11-16 08:59:41.710141: Epoch time: 227.45 s
2025-11-16 08:59:42.799558: 
2025-11-16 08:59:42.799857: Epoch 876
2025-11-16 08:59:42.800025: Current learning rate: 0.00153
2025-11-16 09:03:29.850432: train_loss -0.7095
2025-11-16 09:03:29.850681: val_loss -0.6849
2025-11-16 09:03:29.850782: Pseudo dice [np.float32(0.9189), np.float32(0.7584), np.float32(0.0)]
2025-11-16 09:03:29.850885: Epoch time: 227.05 s
2025-11-16 09:03:30.861162: 
2025-11-16 09:03:30.861367: Epoch 877
2025-11-16 09:03:30.861492: Current learning rate: 0.00152
2025-11-16 09:07:17.789362: train_loss -0.7067
2025-11-16 09:07:17.789637: val_loss -0.6556
2025-11-16 09:07:17.789754: Pseudo dice [np.float32(0.9079), np.float32(0.7481), np.float32(0.0)]
2025-11-16 09:07:17.789860: Epoch time: 226.93 s
2025-11-16 09:07:18.883476: 
2025-11-16 09:07:18.883752: Epoch 878
2025-11-16 09:07:18.883891: Current learning rate: 0.00151
2025-11-16 09:11:05.894857: train_loss -0.7219
2025-11-16 09:11:05.895127: val_loss -0.6829
2025-11-16 09:11:05.895233: Pseudo dice [np.float32(0.9164), np.float32(0.7349), np.float32(0.0)]
2025-11-16 09:11:05.895348: Epoch time: 227.01 s
2025-11-16 09:11:06.991982: 
2025-11-16 09:11:06.992261: Epoch 879
2025-11-16 09:11:06.992435: Current learning rate: 0.00149
2025-11-16 09:14:53.627430: train_loss -0.7272
2025-11-16 09:14:53.627708: val_loss -0.6696
2025-11-16 09:14:53.627820: Pseudo dice [np.float32(0.9109), np.float32(0.7389), np.float32(0.0)]
2025-11-16 09:14:53.627924: Epoch time: 226.64 s
2025-11-16 09:14:54.726076: 
2025-11-16 09:14:54.726346: Epoch 880
2025-11-16 09:14:54.726474: Current learning rate: 0.00148
2025-11-16 09:18:41.621728: train_loss -0.7127
2025-11-16 09:18:41.622002: val_loss -0.6939
2025-11-16 09:18:41.622109: Pseudo dice [np.float32(0.9144), np.float32(0.7447), np.float32(0.0)]
2025-11-16 09:18:41.622213: Epoch time: 226.9 s
2025-11-16 09:18:42.716162: 
2025-11-16 09:18:42.716483: Epoch 881
2025-11-16 09:18:42.716609: Current learning rate: 0.00147
2025-11-16 09:22:29.598020: train_loss -0.7171
2025-11-16 09:22:29.598309: val_loss -0.6699
2025-11-16 09:22:29.598418: Pseudo dice [np.float32(0.9113), np.float32(0.7433), np.float32(0.0)]
2025-11-16 09:22:29.598521: Epoch time: 226.88 s
2025-11-16 09:22:30.686418: 
2025-11-16 09:22:30.686650: Epoch 882
2025-11-16 09:22:30.686770: Current learning rate: 0.00146
2025-11-16 09:26:18.030740: train_loss -0.7184
2025-11-16 09:26:18.031005: val_loss -0.7189
2025-11-16 09:26:18.031140: Pseudo dice [np.float32(0.9114), np.float32(0.7503), np.float32(0.0)]
2025-11-16 09:26:18.031245: Epoch time: 227.35 s
2025-11-16 09:26:19.123781: 
2025-11-16 09:26:19.124058: Epoch 883
2025-11-16 09:26:19.124193: Current learning rate: 0.00145
2025-11-16 09:30:05.840988: train_loss -0.7166
2025-11-16 09:30:05.841305: val_loss -0.7068
2025-11-16 09:30:05.841415: Pseudo dice [np.float32(0.9186), np.float32(0.7509), np.float32(0.0)]
2025-11-16 09:30:05.841519: Epoch time: 226.72 s
2025-11-16 09:30:06.929812: 
2025-11-16 09:30:06.930080: Epoch 884
2025-11-16 09:30:06.930243: Current learning rate: 0.00144
2025-11-16 09:33:53.523218: train_loss -0.7236
2025-11-16 09:33:53.523495: val_loss -0.7145
2025-11-16 09:33:53.523599: Pseudo dice [np.float32(0.9111), np.float32(0.7529), np.float32(0.0)]
2025-11-16 09:33:53.523704: Epoch time: 226.59 s
2025-11-16 09:33:54.617037: 
2025-11-16 09:33:54.617239: Epoch 885
2025-11-16 09:33:54.617367: Current learning rate: 0.00143
2025-11-16 09:37:41.712532: train_loss -0.7216
2025-11-16 09:37:41.712801: val_loss -0.6885
2025-11-16 09:37:41.712901: Pseudo dice [np.float32(0.9119), np.float32(0.7522), np.float32(0.0)]
2025-11-16 09:37:41.713003: Epoch time: 227.1 s
2025-11-16 09:37:43.177478: 
2025-11-16 09:37:43.177695: Epoch 886
2025-11-16 09:37:43.177816: Current learning rate: 0.00142
2025-11-16 09:41:30.250500: train_loss -0.7092
2025-11-16 09:41:30.250774: val_loss -0.6843
2025-11-16 09:41:30.250881: Pseudo dice [np.float32(0.9042), np.float32(0.7494), np.float32(0.0)]
2025-11-16 09:41:30.250985: Epoch time: 227.07 s
2025-11-16 09:41:31.330887: 
2025-11-16 09:41:31.331141: Epoch 887
2025-11-16 09:41:31.331276: Current learning rate: 0.00141
2025-11-16 09:45:18.180679: train_loss -0.7076
2025-11-16 09:45:18.181017: val_loss -0.654
2025-11-16 09:45:18.181135: Pseudo dice [np.float32(0.9197), np.float32(0.74), np.float32(0.0)]
2025-11-16 09:45:18.181243: Epoch time: 226.85 s
2025-11-16 09:45:19.272842: 
2025-11-16 09:45:19.273179: Epoch 888
2025-11-16 09:45:19.273320: Current learning rate: 0.00139
2025-11-16 09:49:06.564384: train_loss -0.7144
2025-11-16 09:49:06.564654: val_loss -0.7127
2025-11-16 09:49:06.564762: Pseudo dice [np.float32(0.9114), np.float32(0.7484), np.float32(0.0)]
2025-11-16 09:49:06.564865: Epoch time: 227.29 s
2025-11-16 09:49:07.658116: 
2025-11-16 09:49:07.658343: Epoch 889
2025-11-16 09:49:07.658468: Current learning rate: 0.00138
2025-11-16 09:52:54.580415: train_loss -0.7177
2025-11-16 09:52:54.580675: val_loss -0.6824
2025-11-16 09:52:54.580776: Pseudo dice [np.float32(0.9153), np.float32(0.7546), np.float32(0.0)]
2025-11-16 09:52:54.580878: Epoch time: 226.92 s
2025-11-16 09:52:55.670799: 
2025-11-16 09:52:55.671080: Epoch 890
2025-11-16 09:52:55.671215: Current learning rate: 0.00137
2025-11-16 09:56:42.914526: train_loss -0.7312
2025-11-16 09:56:42.914786: val_loss -0.6878
2025-11-16 09:56:42.914921: Pseudo dice [np.float32(0.9064), np.float32(0.7402), np.float32(0.0)]
2025-11-16 09:56:42.915026: Epoch time: 227.24 s
2025-11-16 09:56:44.008229: 
2025-11-16 09:56:44.008466: Epoch 891
2025-11-16 09:56:44.008643: Current learning rate: 0.00136
2025-11-16 10:00:30.812398: train_loss -0.7347
2025-11-16 10:00:30.812731: val_loss -0.6898
2025-11-16 10:00:30.812844: Pseudo dice [np.float32(0.9104), np.float32(0.744), np.float32(0.0)]
2025-11-16 10:00:30.812948: Epoch time: 226.81 s
2025-11-16 10:00:31.901015: 
2025-11-16 10:00:31.901249: Epoch 892
2025-11-16 10:00:31.901383: Current learning rate: 0.00135
2025-11-16 10:04:18.560140: train_loss -0.7187
2025-11-16 10:04:18.560407: val_loss -0.6568
2025-11-16 10:04:18.560514: Pseudo dice [np.float32(0.9083), np.float32(0.7407), np.float32(0.0)]
2025-11-16 10:04:18.560620: Epoch time: 226.66 s
2025-11-16 10:04:19.657217: 
2025-11-16 10:04:19.657499: Epoch 893
2025-11-16 10:04:19.657628: Current learning rate: 0.00134
2025-11-16 10:08:06.526664: train_loss -0.712
2025-11-16 10:08:06.526920: val_loss -0.6923
2025-11-16 10:08:06.527024: Pseudo dice [np.float32(0.9266), np.float32(0.7629), np.float32(0.0)]
2025-11-16 10:08:06.527177: Epoch time: 226.87 s
2025-11-16 10:08:07.618752: 
2025-11-16 10:08:07.618967: Epoch 894
2025-11-16 10:08:07.619104: Current learning rate: 0.00133
2025-11-16 10:11:54.303055: train_loss -0.7165
2025-11-16 10:11:54.303338: val_loss -0.6796
2025-11-16 10:11:54.303447: Pseudo dice [np.float32(0.9085), np.float32(0.7381), np.float32(0.0)]
2025-11-16 10:11:54.303550: Epoch time: 226.69 s
2025-11-16 10:11:55.389539: 
2025-11-16 10:11:55.389810: Epoch 895
2025-11-16 10:11:55.389942: Current learning rate: 0.00132
2025-11-16 10:15:42.580334: train_loss -0.7185
2025-11-16 10:15:42.580606: val_loss -0.6766
2025-11-16 10:15:42.580711: Pseudo dice [np.float32(0.9081), np.float32(0.7494), np.float32(0.0)]
2025-11-16 10:15:42.580818: Epoch time: 227.19 s
2025-11-16 10:15:43.678810: 
2025-11-16 10:15:43.679172: Epoch 896
2025-11-16 10:15:43.679315: Current learning rate: 0.0013
2025-11-16 10:19:31.075340: train_loss -0.71
2025-11-16 10:19:31.075612: val_loss -0.6985
2025-11-16 10:19:31.075717: Pseudo dice [np.float32(0.9017), np.float32(0.7582), np.float32(0.0)]
2025-11-16 10:19:31.075820: Epoch time: 227.4 s
2025-11-16 10:19:32.169724: 
2025-11-16 10:19:32.169920: Epoch 897
2025-11-16 10:19:32.170051: Current learning rate: 0.00129
2025-11-16 10:23:19.383377: train_loss -0.7234
2025-11-16 10:23:19.383667: val_loss -0.6864
2025-11-16 10:23:19.383776: Pseudo dice [np.float32(0.9078), np.float32(0.7423), np.float32(0.0)]
2025-11-16 10:23:19.383879: Epoch time: 227.21 s
2025-11-16 10:23:20.474137: 
2025-11-16 10:23:20.474408: Epoch 898
2025-11-16 10:23:20.474554: Current learning rate: 0.00128
2025-11-16 10:27:07.326311: train_loss -0.7219
2025-11-16 10:27:07.326586: val_loss -0.6683
2025-11-16 10:27:07.326691: Pseudo dice [np.float32(0.9138), np.float32(0.7475), np.float32(0.0)]
2025-11-16 10:27:07.326793: Epoch time: 226.85 s
2025-11-16 10:27:08.788390: 
2025-11-16 10:27:08.788614: Epoch 899
2025-11-16 10:27:08.788759: Current learning rate: 0.00127
2025-11-16 10:30:55.434104: train_loss -0.7221
2025-11-16 10:30:55.434390: val_loss -0.6908
2025-11-16 10:30:55.434496: Pseudo dice [np.float32(0.9142), np.float32(0.7519), np.float32(0.0)]
2025-11-16 10:30:55.434597: Epoch time: 226.65 s
2025-11-16 10:30:56.824044: 
2025-11-16 10:30:56.824245: Epoch 900
2025-11-16 10:30:56.824373: Current learning rate: 0.00126
2025-11-16 10:34:43.768752: train_loss -0.7163
2025-11-16 10:34:43.769020: val_loss -0.6948
2025-11-16 10:34:43.769121: Pseudo dice [np.float32(0.9174), np.float32(0.7523), np.float32(0.0)]
2025-11-16 10:34:43.769222: Epoch time: 226.95 s
2025-11-16 10:34:44.848852: 
2025-11-16 10:34:44.849055: Epoch 901
2025-11-16 10:34:44.849180: Current learning rate: 0.00125
2025-11-16 10:38:31.583907: train_loss -0.7202
2025-11-16 10:38:31.584180: val_loss -0.6796
2025-11-16 10:38:31.584287: Pseudo dice [np.float32(0.9106), np.float32(0.7404), np.float32(0.0)]
2025-11-16 10:38:31.584394: Epoch time: 226.74 s
2025-11-16 10:38:32.673363: 
2025-11-16 10:38:32.673640: Epoch 902
2025-11-16 10:38:32.673771: Current learning rate: 0.00124
2025-11-16 10:42:19.842412: train_loss -0.7073
2025-11-16 10:42:19.842741: val_loss -0.6629
2025-11-16 10:42:19.842862: Pseudo dice [np.float32(0.9081), np.float32(0.7419), np.float32(0.0)]
2025-11-16 10:42:19.842982: Epoch time: 227.17 s
2025-11-16 10:42:20.934487: 
2025-11-16 10:42:20.934766: Epoch 903
2025-11-16 10:42:20.934895: Current learning rate: 0.00122
2025-11-16 10:46:08.073917: train_loss -0.7196
2025-11-16 10:46:08.074185: val_loss -0.6752
2025-11-16 10:46:08.074296: Pseudo dice [np.float32(0.9195), np.float32(0.7393), np.float32(0.0)]
2025-11-16 10:46:08.074437: Epoch time: 227.14 s
2025-11-16 10:46:09.174095: 
2025-11-16 10:46:09.174361: Epoch 904
2025-11-16 10:46:09.174515: Current learning rate: 0.00121
2025-11-16 10:49:56.081156: train_loss -0.7131
2025-11-16 10:49:56.081443: val_loss -0.6755
2025-11-16 10:49:56.081549: Pseudo dice [np.float32(0.9046), np.float32(0.742), np.float32(0.0)]
2025-11-16 10:49:56.081653: Epoch time: 226.91 s
2025-11-16 10:49:57.184980: 
2025-11-16 10:49:57.185184: Epoch 905
2025-11-16 10:49:57.185305: Current learning rate: 0.0012
2025-11-16 10:53:44.559936: train_loss -0.7076
2025-11-16 10:53:44.560232: val_loss -0.6916
2025-11-16 10:53:44.560355: Pseudo dice [np.float32(0.9105), np.float32(0.7543), np.float32(0.0)]
2025-11-16 10:53:44.560462: Epoch time: 227.38 s
2025-11-16 10:53:45.653731: 
2025-11-16 10:53:45.653946: Epoch 906
2025-11-16 10:53:45.654072: Current learning rate: 0.00119
2025-11-16 10:57:32.710600: train_loss -0.7278
2025-11-16 10:57:32.710869: val_loss -0.6865
2025-11-16 10:57:32.710975: Pseudo dice [np.float32(0.9162), np.float32(0.7351), np.float32(0.0)]
2025-11-16 10:57:32.711077: Epoch time: 227.06 s
2025-11-16 10:57:33.806213: 
2025-11-16 10:57:33.806442: Epoch 907
2025-11-16 10:57:33.806571: Current learning rate: 0.00118
2025-11-16 11:01:20.621608: train_loss -0.7029
2025-11-16 11:01:20.621895: val_loss -0.6984
2025-11-16 11:01:20.622001: Pseudo dice [np.float32(0.9053), np.float32(0.7371), np.float32(0.0)]
2025-11-16 11:01:20.622108: Epoch time: 226.82 s
2025-11-16 11:01:21.715006: 
2025-11-16 11:01:21.715212: Epoch 908
2025-11-16 11:01:21.715338: Current learning rate: 0.00117
2025-11-16 11:05:08.689435: train_loss -0.7264
2025-11-16 11:05:08.689697: val_loss -0.6647
2025-11-16 11:05:08.689799: Pseudo dice [np.float32(0.9107), np.float32(0.7516), np.float32(0.0)]
2025-11-16 11:05:08.689903: Epoch time: 226.98 s
2025-11-16 11:05:09.792444: 
2025-11-16 11:05:09.792756: Epoch 909
2025-11-16 11:05:09.792886: Current learning rate: 0.00116
2025-11-16 11:08:56.609549: train_loss -0.7286
2025-11-16 11:08:56.609815: val_loss -0.6735
2025-11-16 11:08:56.609970: Pseudo dice [np.float32(0.9116), np.float32(0.7555), np.float32(0.0)]
2025-11-16 11:08:56.610082: Epoch time: 226.82 s
2025-11-16 11:08:57.708948: 
2025-11-16 11:08:57.709162: Epoch 910
2025-11-16 11:08:57.709320: Current learning rate: 0.00115
2025-11-16 11:12:44.724344: train_loss -0.7215
2025-11-16 11:12:44.724602: val_loss -0.709
2025-11-16 11:12:44.724701: Pseudo dice [np.float32(0.908), np.float32(0.7523), np.float32(0.0)]
2025-11-16 11:12:44.724801: Epoch time: 227.02 s
2025-11-16 11:12:45.815807: 
2025-11-16 11:12:45.816030: Epoch 911
2025-11-16 11:12:45.816163: Current learning rate: 0.00113
2025-11-16 11:16:32.834402: train_loss -0.7207
2025-11-16 11:16:32.834673: val_loss -0.6804
2025-11-16 11:16:32.834780: Pseudo dice [np.float32(0.9178), np.float32(0.747), np.float32(0.0)]
2025-11-16 11:16:32.834906: Epoch time: 227.02 s
2025-11-16 11:16:34.327938: 
2025-11-16 11:16:34.328242: Epoch 912
2025-11-16 11:16:34.328377: Current learning rate: 0.00112
2025-11-16 11:20:21.907709: train_loss -0.6973
2025-11-16 11:20:21.907980: val_loss -0.6614
2025-11-16 11:20:21.908083: Pseudo dice [np.float32(0.9215), np.float32(0.7496), np.float32(0.0)]
2025-11-16 11:20:21.908187: Epoch time: 227.58 s
2025-11-16 11:20:22.988605: 
2025-11-16 11:20:22.988825: Epoch 913
2025-11-16 11:20:22.988950: Current learning rate: 0.00111
2025-11-16 11:24:10.049606: train_loss -0.7123
2025-11-16 11:24:10.049875: val_loss -0.6956
2025-11-16 11:24:10.049977: Pseudo dice [np.float32(0.9092), np.float32(0.7371), np.float32(0.0)]
2025-11-16 11:24:10.050081: Epoch time: 227.06 s
2025-11-16 11:24:11.137784: 
2025-11-16 11:24:11.138037: Epoch 914
2025-11-16 11:24:11.138170: Current learning rate: 0.0011
2025-11-16 11:27:58.299327: train_loss -0.7261
2025-11-16 11:27:58.299586: val_loss -0.6609
2025-11-16 11:27:58.299690: Pseudo dice [np.float32(0.9111), np.float32(0.7335), np.float32(0.0)]
2025-11-16 11:27:58.299789: Epoch time: 227.16 s
2025-11-16 11:27:59.384290: 
2025-11-16 11:27:59.387758: Epoch 915
2025-11-16 11:27:59.387923: Current learning rate: 0.00109
2025-11-16 11:31:46.337907: train_loss -0.7262
2025-11-16 11:31:46.338207: val_loss -0.6829
2025-11-16 11:31:46.338329: Pseudo dice [np.float32(0.9128), np.float32(0.7496), np.float32(0.0)]
2025-11-16 11:31:46.338435: Epoch time: 226.95 s
2025-11-16 11:31:47.422189: 
2025-11-16 11:31:47.422413: Epoch 916
2025-11-16 11:31:47.422542: Current learning rate: 0.00108
2025-11-16 11:35:34.810031: train_loss -0.708
2025-11-16 11:35:34.810318: val_loss -0.6895
2025-11-16 11:35:34.810425: Pseudo dice [np.float32(0.9162), np.float32(0.7506), np.float32(0.0)]
2025-11-16 11:35:34.810526: Epoch time: 227.39 s
2025-11-16 11:35:35.890891: 
2025-11-16 11:35:35.891212: Epoch 917
2025-11-16 11:35:35.891368: Current learning rate: 0.00106
2025-11-16 11:39:22.863247: train_loss -0.7206
2025-11-16 11:39:22.863520: val_loss -0.7045
2025-11-16 11:39:22.863624: Pseudo dice [np.float32(0.9033), np.float32(0.7403), np.float32(0.0)]
2025-11-16 11:39:22.863727: Epoch time: 226.97 s
2025-11-16 11:39:23.952002: 
2025-11-16 11:39:23.952253: Epoch 918
2025-11-16 11:39:23.952387: Current learning rate: 0.00105
2025-11-16 11:43:10.951616: train_loss -0.7145
2025-11-16 11:43:10.951976: val_loss -0.7043
2025-11-16 11:43:10.952086: Pseudo dice [np.float32(0.9131), np.float32(0.7422), np.float32(0.0)]
2025-11-16 11:43:10.952190: Epoch time: 227.0 s
2025-11-16 11:43:11.970247: 
2025-11-16 11:43:11.970456: Epoch 919
2025-11-16 11:43:11.970580: Current learning rate: 0.00104
2025-11-16 11:46:58.639052: train_loss -0.7145
2025-11-16 11:46:58.639329: val_loss -0.6853
2025-11-16 11:46:58.639485: Pseudo dice [np.float32(0.9085), np.float32(0.7465), np.float32(0.0)]
2025-11-16 11:46:58.639597: Epoch time: 226.67 s
2025-11-16 11:46:59.722011: 
2025-11-16 11:46:59.722334: Epoch 920
2025-11-16 11:46:59.722469: Current learning rate: 0.00103
2025-11-16 11:50:46.916475: train_loss -0.7092
2025-11-16 11:50:46.916755: val_loss -0.6636
2025-11-16 11:50:46.916865: Pseudo dice [np.float32(0.9206), np.float32(0.7433), np.float32(0.0)]
2025-11-16 11:50:46.916972: Epoch time: 227.2 s
2025-11-16 11:50:47.930896: 
2025-11-16 11:50:47.931165: Epoch 921
2025-11-16 11:50:47.931341: Current learning rate: 0.00102
2025-11-16 11:54:34.879826: train_loss -0.7262
2025-11-16 11:54:34.880099: val_loss -0.6875
2025-11-16 11:54:34.880202: Pseudo dice [np.float32(0.9163), np.float32(0.7347), np.float32(0.0)]
2025-11-16 11:54:34.880317: Epoch time: 226.95 s
2025-11-16 11:54:35.976217: 
2025-11-16 11:54:35.976419: Epoch 922
2025-11-16 11:54:35.976538: Current learning rate: 0.00101
2025-11-16 11:58:22.692505: train_loss -0.7203
2025-11-16 11:58:22.692778: val_loss -0.6849
2025-11-16 11:58:22.692880: Pseudo dice [np.float32(0.9174), np.float32(0.7391), np.float32(0.0)]
2025-11-16 11:58:22.692983: Epoch time: 226.72 s
2025-11-16 11:58:23.785281: 
2025-11-16 11:58:23.785472: Epoch 923
2025-11-16 11:58:23.785595: Current learning rate: 0.001
2025-11-16 12:02:10.799985: train_loss -0.7286
2025-11-16 12:02:10.800252: val_loss -0.6895
2025-11-16 12:02:10.800368: Pseudo dice [np.float32(0.9019), np.float32(0.741), np.float32(0.0)]
2025-11-16 12:02:10.800475: Epoch time: 227.02 s
2025-11-16 12:02:12.284845: 
2025-11-16 12:02:12.285097: Epoch 924
2025-11-16 12:02:12.285261: Current learning rate: 0.00098
2025-11-16 12:05:59.267914: train_loss -0.7225
2025-11-16 12:05:59.268162: val_loss -0.6976
2025-11-16 12:05:59.268265: Pseudo dice [np.float32(0.9056), np.float32(0.7523), np.float32(0.0)]
2025-11-16 12:05:59.268395: Epoch time: 226.98 s
2025-11-16 12:06:00.344941: 
2025-11-16 12:06:00.345218: Epoch 925
2025-11-16 12:06:00.345359: Current learning rate: 0.00097
2025-11-16 12:09:47.251459: train_loss -0.7331
2025-11-16 12:09:47.251729: val_loss -0.6905
2025-11-16 12:09:47.251836: Pseudo dice [np.float32(0.9132), np.float32(0.7444), np.float32(0.0)]
2025-11-16 12:09:47.251984: Epoch time: 226.91 s
2025-11-16 12:09:48.332226: 
2025-11-16 12:09:48.332422: Epoch 926
2025-11-16 12:09:48.332543: Current learning rate: 0.00096
2025-11-16 12:13:35.111853: train_loss -0.7088
2025-11-16 12:13:35.112122: val_loss -0.6441
2025-11-16 12:13:35.112284: Pseudo dice [np.float32(0.9049), np.float32(0.7338), np.float32(0.0)]
2025-11-16 12:13:35.112395: Epoch time: 226.78 s
2025-11-16 12:13:36.197411: 
2025-11-16 12:13:36.197613: Epoch 927
2025-11-16 12:13:36.197735: Current learning rate: 0.00095
2025-11-16 12:17:23.418603: train_loss -0.7255
2025-11-16 12:17:23.418864: val_loss -0.6921
2025-11-16 12:17:23.419014: Pseudo dice [np.float32(0.9121), np.float32(0.7414), np.float32(0.0)]
2025-11-16 12:17:23.419124: Epoch time: 227.22 s
2025-11-16 12:17:24.511993: 
2025-11-16 12:17:24.512187: Epoch 928
2025-11-16 12:17:24.512318: Current learning rate: 0.00094
2025-11-16 12:21:11.287798: train_loss -0.737
2025-11-16 12:21:11.288060: val_loss -0.7003
2025-11-16 12:21:11.288161: Pseudo dice [np.float32(0.9152), np.float32(0.7455), np.float32(0.0)]
2025-11-16 12:21:11.288262: Epoch time: 226.78 s
2025-11-16 12:21:12.379435: 
2025-11-16 12:21:12.379638: Epoch 929
2025-11-16 12:21:12.379765: Current learning rate: 0.00092
2025-11-16 12:24:59.355119: train_loss -0.73
2025-11-16 12:24:59.355412: val_loss -0.6752
2025-11-16 12:24:59.355517: Pseudo dice [np.float32(0.9092), np.float32(0.7372), np.float32(0.0)]
2025-11-16 12:24:59.355622: Epoch time: 226.98 s
2025-11-16 12:25:00.449491: 
2025-11-16 12:25:00.449695: Epoch 930
2025-11-16 12:25:00.449820: Current learning rate: 0.00091
2025-11-16 12:28:47.245449: train_loss -0.7177
2025-11-16 12:28:47.245721: val_loss -0.6909
2025-11-16 12:28:47.245832: Pseudo dice [np.float32(0.9061), np.float32(0.7432), np.float32(0.0)]
2025-11-16 12:28:47.245934: Epoch time: 226.8 s
2025-11-16 12:28:48.341566: 
2025-11-16 12:28:48.341762: Epoch 931
2025-11-16 12:28:48.341884: Current learning rate: 0.0009
2025-11-16 12:32:35.213960: train_loss -0.725
2025-11-16 12:32:35.214234: val_loss -0.6743
2025-11-16 12:32:35.214350: Pseudo dice [np.float32(0.909), np.float32(0.7515), np.float32(0.0)]
2025-11-16 12:32:35.214453: Epoch time: 226.87 s
2025-11-16 12:32:36.319520: 
2025-11-16 12:32:36.319757: Epoch 932
2025-11-16 12:32:36.319881: Current learning rate: 0.00089
2025-11-16 12:36:23.073689: train_loss -0.7331
2025-11-16 12:36:23.073954: val_loss -0.6891
2025-11-16 12:36:23.074058: Pseudo dice [np.float32(0.9131), np.float32(0.7467), np.float32(0.0)]
2025-11-16 12:36:23.074159: Epoch time: 226.76 s
2025-11-16 12:36:24.165207: 
2025-11-16 12:36:24.165435: Epoch 933
2025-11-16 12:36:24.165563: Current learning rate: 0.00088
2025-11-16 12:40:11.531911: train_loss -0.727
2025-11-16 12:40:11.532186: val_loss -0.6897
2025-11-16 12:40:11.532298: Pseudo dice [np.float32(0.9022), np.float32(0.7459), np.float32(0.0)]
2025-11-16 12:40:11.532404: Epoch time: 227.37 s
2025-11-16 12:40:12.629114: 
2025-11-16 12:40:12.629381: Epoch 934
2025-11-16 12:40:12.629535: Current learning rate: 0.00087
2025-11-16 12:43:59.929859: train_loss -0.7284
2025-11-16 12:43:59.930138: val_loss -0.6837
2025-11-16 12:43:59.930246: Pseudo dice [np.float32(0.9103), np.float32(0.7338), np.float32(0.0)]
2025-11-16 12:43:59.930397: Epoch time: 227.3 s
2025-11-16 12:44:01.026241: 
2025-11-16 12:44:01.026439: Epoch 935
2025-11-16 12:44:01.026556: Current learning rate: 0.00085
2025-11-16 12:47:48.125314: train_loss -0.7114
2025-11-16 12:47:48.125580: val_loss -0.6918
2025-11-16 12:47:48.125683: Pseudo dice [np.float32(0.9076), np.float32(0.7299), np.float32(0.0)]
2025-11-16 12:47:48.125823: Epoch time: 227.1 s
2025-11-16 12:47:49.220462: 
2025-11-16 12:47:49.220725: Epoch 936
2025-11-16 12:47:49.220865: Current learning rate: 0.00084
2025-11-16 12:51:36.146695: train_loss -0.7224
2025-11-16 12:51:36.147024: val_loss -0.685
2025-11-16 12:51:36.147135: Pseudo dice [np.float32(0.908), np.float32(0.7369), np.float32(0.0)]
2025-11-16 12:51:36.147238: Epoch time: 226.93 s
2025-11-16 12:51:37.634086: 
2025-11-16 12:51:37.634422: Epoch 937
2025-11-16 12:51:37.634563: Current learning rate: 0.00083
2025-11-16 12:55:24.554189: train_loss -0.7271
2025-11-16 12:55:24.554462: val_loss -0.6835
2025-11-16 12:55:24.554566: Pseudo dice [np.float32(0.916), np.float32(0.7519), np.float32(0.0)]
2025-11-16 12:55:24.554668: Epoch time: 226.92 s
2025-11-16 12:55:25.644591: 
2025-11-16 12:55:25.644792: Epoch 938
2025-11-16 12:55:25.644918: Current learning rate: 0.00082
2025-11-16 12:59:12.874982: train_loss -0.7188
2025-11-16 12:59:12.875249: val_loss -0.7123
2025-11-16 12:59:12.875365: Pseudo dice [np.float32(0.9113), np.float32(0.7439), np.float32(0.0)]
2025-11-16 12:59:12.875470: Epoch time: 227.23 s
2025-11-16 12:59:13.962276: 
2025-11-16 12:59:13.962541: Epoch 939
2025-11-16 12:59:13.962670: Current learning rate: 0.00081
2025-11-16 13:03:00.881015: train_loss -0.7282
2025-11-16 13:03:00.881279: val_loss -0.7052
2025-11-16 13:03:00.881379: Pseudo dice [np.float32(0.9139), np.float32(0.7516), np.float32(0.0)]
2025-11-16 13:03:00.881474: Epoch time: 226.92 s
2025-11-16 13:03:01.976240: 
2025-11-16 13:03:01.976473: Epoch 940
2025-11-16 13:03:01.976602: Current learning rate: 0.00079
2025-11-16 13:06:48.588073: train_loss -0.7251
2025-11-16 13:06:48.588355: val_loss -0.6773
2025-11-16 13:06:48.588470: Pseudo dice [np.float32(0.9109), np.float32(0.7497), np.float32(0.0)]
2025-11-16 13:06:48.588575: Epoch time: 226.61 s
2025-11-16 13:06:49.688771: 
2025-11-16 13:06:49.689059: Epoch 941
2025-11-16 13:06:49.689204: Current learning rate: 0.00078
2025-11-16 13:10:36.605686: train_loss -0.7152
2025-11-16 13:10:36.605983: val_loss -0.6777
2025-11-16 13:10:36.606087: Pseudo dice [np.float32(0.9161), np.float32(0.742), np.float32(0.0)]
2025-11-16 13:10:36.606189: Epoch time: 226.92 s
2025-11-16 13:10:37.696804: 
2025-11-16 13:10:37.697004: Epoch 942
2025-11-16 13:10:37.697129: Current learning rate: 0.00077
2025-11-16 13:14:24.706987: train_loss -0.7367
2025-11-16 13:14:24.707256: val_loss -0.6974
2025-11-16 13:14:24.707365: Pseudo dice [np.float32(0.9127), np.float32(0.7502), np.float32(0.0)]
2025-11-16 13:14:24.707469: Epoch time: 227.01 s
2025-11-16 13:14:25.803943: 
2025-11-16 13:14:25.804211: Epoch 943
2025-11-16 13:14:25.804350: Current learning rate: 0.00076
2025-11-16 13:18:12.383019: train_loss -0.7265
2025-11-16 13:18:12.383281: val_loss -0.6954
2025-11-16 13:18:12.383389: Pseudo dice [np.float32(0.9075), np.float32(0.7526), np.float32(0.0)]
2025-11-16 13:18:12.383491: Epoch time: 226.58 s
2025-11-16 13:18:13.469009: 
2025-11-16 13:18:13.469218: Epoch 944
2025-11-16 13:18:13.469346: Current learning rate: 0.00075
2025-11-16 13:22:00.659193: train_loss -0.7198
2025-11-16 13:22:00.659474: val_loss -0.6706
2025-11-16 13:22:00.659579: Pseudo dice [np.float32(0.9121), np.float32(0.7482), np.float32(0.0)]
2025-11-16 13:22:00.659734: Epoch time: 227.19 s
2025-11-16 13:22:01.753618: 
2025-11-16 13:22:01.753834: Epoch 945
2025-11-16 13:22:01.753958: Current learning rate: 0.00074
2025-11-16 13:25:49.163596: train_loss -0.733
2025-11-16 13:25:49.163902: val_loss -0.6762
2025-11-16 13:25:49.164008: Pseudo dice [np.float32(0.9082), np.float32(0.7537), np.float32(0.0)]
2025-11-16 13:25:49.164110: Epoch time: 227.41 s
2025-11-16 13:25:50.253693: 
2025-11-16 13:25:50.253911: Epoch 946
2025-11-16 13:25:50.254043: Current learning rate: 0.00072
2025-11-16 13:29:37.183342: train_loss -0.7245
2025-11-16 13:29:37.183618: val_loss -0.6608
2025-11-16 13:29:37.183726: Pseudo dice [np.float32(0.9046), np.float32(0.7487), np.float32(0.0)]
2025-11-16 13:29:37.183832: Epoch time: 226.93 s
2025-11-16 13:29:38.276471: 
2025-11-16 13:29:38.276677: Epoch 947
2025-11-16 13:29:38.276802: Current learning rate: 0.00071
2025-11-16 13:33:24.988228: train_loss -0.7278
2025-11-16 13:33:24.988509: val_loss -0.7036
2025-11-16 13:33:24.988613: Pseudo dice [np.float32(0.9173), np.float32(0.7374), np.float32(0.0)]
2025-11-16 13:33:24.988717: Epoch time: 226.71 s
2025-11-16 13:33:26.083362: 
2025-11-16 13:33:26.083553: Epoch 948
2025-11-16 13:33:26.083670: Current learning rate: 0.0007
2025-11-16 13:37:12.930562: train_loss -0.7129
2025-11-16 13:37:12.930836: val_loss -0.6952
2025-11-16 13:37:12.930936: Pseudo dice [np.float32(0.9071), np.float32(0.7441), np.float32(0.0)]
2025-11-16 13:37:12.931036: Epoch time: 226.85 s
2025-11-16 13:37:14.028781: 
2025-11-16 13:37:14.029059: Epoch 949
2025-11-16 13:37:14.029202: Current learning rate: 0.00069
2025-11-16 13:41:01.064914: train_loss -0.7191
2025-11-16 13:41:01.065222: val_loss -0.6914
2025-11-16 13:41:01.065339: Pseudo dice [np.float32(0.8994), np.float32(0.7448), np.float32(0.0)]
2025-11-16 13:41:01.065446: Epoch time: 227.04 s
2025-11-16 13:41:02.900877: 
2025-11-16 13:41:02.901157: Epoch 950
2025-11-16 13:41:02.901304: Current learning rate: 0.00067
2025-11-16 13:44:49.377672: train_loss -0.7149
2025-11-16 13:44:49.377940: val_loss -0.6632
2025-11-16 13:44:49.378043: Pseudo dice [np.float32(0.9117), np.float32(0.7444), np.float32(0.0)]
2025-11-16 13:44:49.378145: Epoch time: 226.48 s
2025-11-16 13:44:50.454179: 
2025-11-16 13:44:50.454485: Epoch 951
2025-11-16 13:44:50.454641: Current learning rate: 0.00066
2025-11-16 13:48:37.515538: train_loss -0.7183
2025-11-16 13:48:37.515796: val_loss -0.6763
2025-11-16 13:48:37.515900: Pseudo dice [np.float32(0.9058), np.float32(0.7293), np.float32(0.0)]
2025-11-16 13:48:37.516003: Epoch time: 227.06 s
2025-11-16 13:48:38.613285: 
2025-11-16 13:48:38.613509: Epoch 952
2025-11-16 13:48:38.613636: Current learning rate: 0.00065
2025-11-16 13:52:25.784217: train_loss -0.7099
2025-11-16 13:52:25.784555: val_loss -0.6734
2025-11-16 13:52:25.784663: Pseudo dice [np.float32(0.9196), np.float32(0.742), np.float32(0.0)]
2025-11-16 13:52:25.784766: Epoch time: 227.17 s
2025-11-16 13:52:26.877402: 
2025-11-16 13:52:26.877598: Epoch 953
2025-11-16 13:52:26.877723: Current learning rate: 0.00064
2025-11-16 13:56:14.062513: train_loss -0.7269
2025-11-16 13:56:14.062788: val_loss -0.6351
2025-11-16 13:56:14.062891: Pseudo dice [np.float32(0.9092), np.float32(0.7277), np.float32(0.0)]
2025-11-16 13:56:14.062996: Epoch time: 227.19 s
2025-11-16 13:56:15.166812: 
2025-11-16 13:56:15.167110: Epoch 954
2025-11-16 13:56:15.167240: Current learning rate: 0.00063
2025-11-16 14:00:02.430789: train_loss -0.7207
2025-11-16 14:00:02.431060: val_loss -0.7174
2025-11-16 14:00:02.431163: Pseudo dice [np.float32(0.9109), np.float32(0.7501), np.float32(0.0)]
2025-11-16 14:00:02.431267: Epoch time: 227.26 s
2025-11-16 14:00:03.526415: 
2025-11-16 14:00:03.526806: Epoch 955
2025-11-16 14:00:03.527131: Current learning rate: 0.00061
2025-11-16 14:03:50.683362: train_loss -0.724
2025-11-16 14:03:50.683642: val_loss -0.6715
2025-11-16 14:03:50.683745: Pseudo dice [np.float32(0.9071), np.float32(0.7347), np.float32(0.0)]
2025-11-16 14:03:50.683845: Epoch time: 227.16 s
2025-11-16 14:03:51.791121: 
2025-11-16 14:03:51.791335: Epoch 956
2025-11-16 14:03:51.791465: Current learning rate: 0.0006
2025-11-16 14:07:38.473063: train_loss -0.723
2025-11-16 14:07:38.473333: val_loss -0.6887
2025-11-16 14:07:38.473439: Pseudo dice [np.float32(0.8948), np.float32(0.7532), np.float32(0.0)]
2025-11-16 14:07:38.473539: Epoch time: 226.68 s
2025-11-16 14:07:39.573460: 
2025-11-16 14:07:39.573676: Epoch 957
2025-11-16 14:07:39.573838: Current learning rate: 0.00059
2025-11-16 14:11:26.342371: train_loss -0.7127
2025-11-16 14:11:26.342645: val_loss -0.6917
2025-11-16 14:11:26.342748: Pseudo dice [np.float32(0.9147), np.float32(0.734), np.float32(0.0)]
2025-11-16 14:11:26.342848: Epoch time: 226.77 s
2025-11-16 14:11:27.446443: 
2025-11-16 14:11:27.446636: Epoch 958
2025-11-16 14:11:27.446757: Current learning rate: 0.00058
2025-11-16 14:15:13.913574: train_loss -0.7232
2025-11-16 14:15:13.913836: val_loss -0.6468
2025-11-16 14:15:13.913938: Pseudo dice [np.float32(0.9138), np.float32(0.745), np.float32(0.0)]
2025-11-16 14:15:13.914041: Epoch time: 226.47 s
2025-11-16 14:15:15.009877: 
2025-11-16 14:15:15.010071: Epoch 959
2025-11-16 14:15:15.014115: Current learning rate: 0.00056
2025-11-16 14:19:01.959930: train_loss -0.7184
2025-11-16 14:19:01.960192: val_loss -0.6783
2025-11-16 14:19:01.960379: Pseudo dice [np.float32(0.9155), np.float32(0.7449), np.float32(0.0)]
2025-11-16 14:19:01.960513: Epoch time: 226.95 s
2025-11-16 14:19:03.058555: 
2025-11-16 14:19:03.058758: Epoch 960
2025-11-16 14:19:03.058891: Current learning rate: 0.00055
2025-11-16 14:22:49.980075: train_loss -0.7148
2025-11-16 14:22:49.980389: val_loss -0.6947
2025-11-16 14:22:49.980495: Pseudo dice [np.float32(0.9191), np.float32(0.7444), np.float32(0.0)]
2025-11-16 14:22:49.980596: Epoch time: 226.92 s
2025-11-16 14:22:51.085763: 
2025-11-16 14:22:51.085966: Epoch 961
2025-11-16 14:22:51.086082: Current learning rate: 0.00054
2025-11-16 14:26:38.074850: train_loss -0.7282
2025-11-16 14:26:38.075123: val_loss -0.6698
2025-11-16 14:26:38.075228: Pseudo dice [np.float32(0.9094), np.float32(0.7388), np.float32(0.0)]
2025-11-16 14:26:38.075338: Epoch time: 226.99 s
2025-11-16 14:26:39.181361: 
2025-11-16 14:26:39.181567: Epoch 962
2025-11-16 14:26:39.181690: Current learning rate: 0.00053
2025-11-16 14:30:26.225935: train_loss -0.7251
2025-11-16 14:30:26.226208: val_loss -0.7118
2025-11-16 14:30:26.226318: Pseudo dice [np.float32(0.9133), np.float32(0.7592), np.float32(0.0)]
2025-11-16 14:30:26.226419: Epoch time: 227.05 s
2025-11-16 14:30:27.701300: 
2025-11-16 14:30:27.701521: Epoch 963
2025-11-16 14:30:27.701644: Current learning rate: 0.00051
2025-11-16 14:34:14.277312: train_loss -0.7271
2025-11-16 14:34:14.277577: val_loss -0.6808
2025-11-16 14:34:14.277680: Pseudo dice [np.float32(0.9144), np.float32(0.7436), np.float32(0.0)]
2025-11-16 14:34:14.277782: Epoch time: 226.58 s
2025-11-16 14:34:15.365856: 
2025-11-16 14:34:15.366090: Epoch 964
2025-11-16 14:34:15.366258: Current learning rate: 0.0005
2025-11-16 14:38:02.665499: train_loss -0.7294
2025-11-16 14:38:02.665770: val_loss -0.6528
2025-11-16 14:38:02.665870: Pseudo dice [np.float32(0.9128), np.float32(0.7289), np.float32(0.0)]
2025-11-16 14:38:02.666004: Epoch time: 227.3 s
2025-11-16 14:38:03.776349: 
2025-11-16 14:38:03.776663: Epoch 965
2025-11-16 14:38:03.776800: Current learning rate: 0.00049
2025-11-16 14:41:50.520722: train_loss -0.7215
2025-11-16 14:41:50.520989: val_loss -0.7005
2025-11-16 14:41:50.521096: Pseudo dice [np.float32(0.9146), np.float32(0.7531), np.float32(0.0)]
2025-11-16 14:41:50.521200: Epoch time: 226.75 s
2025-11-16 14:41:51.621903: 
2025-11-16 14:41:51.622181: Epoch 966
2025-11-16 14:41:51.622325: Current learning rate: 0.00048
2025-11-16 14:45:38.695279: train_loss -0.7406
2025-11-16 14:45:38.695553: val_loss -0.7062
2025-11-16 14:45:38.695658: Pseudo dice [np.float32(0.911), np.float32(0.7442), np.float32(0.0)]
2025-11-16 14:45:38.695763: Epoch time: 227.07 s
2025-11-16 14:45:39.810788: 
2025-11-16 14:45:39.811030: Epoch 967
2025-11-16 14:45:39.811159: Current learning rate: 0.00046
2025-11-16 14:49:27.446662: train_loss -0.7335
2025-11-16 14:49:27.446938: val_loss -0.6587
2025-11-16 14:49:27.447045: Pseudo dice [np.float32(0.9061), np.float32(0.7415), np.float32(0.0)]
2025-11-16 14:49:27.447148: Epoch time: 227.64 s
2025-11-16 14:49:28.546278: 
2025-11-16 14:49:28.546525: Epoch 968
2025-11-16 14:49:28.546645: Current learning rate: 0.00045
2025-11-16 14:53:15.342396: train_loss -0.7222
2025-11-16 14:53:15.342679: val_loss -0.6874
2025-11-16 14:53:15.342784: Pseudo dice [np.float32(0.908), np.float32(0.7494), np.float32(0.0)]
2025-11-16 14:53:15.342887: Epoch time: 226.8 s
2025-11-16 14:53:16.459647: 
2025-11-16 14:53:16.459855: Epoch 969
2025-11-16 14:53:16.459973: Current learning rate: 0.00044
2025-11-16 14:57:03.598855: train_loss -0.7185
2025-11-16 14:57:03.599127: val_loss -0.7245
2025-11-16 14:57:03.599229: Pseudo dice [np.float32(0.9202), np.float32(0.7443), np.float32(0.0)]
2025-11-16 14:57:03.599340: Epoch time: 227.14 s
2025-11-16 14:57:04.709508: 
2025-11-16 14:57:04.709724: Epoch 970
2025-11-16 14:57:04.709835: Current learning rate: 0.00043
2025-11-16 15:00:51.631712: train_loss -0.7286
2025-11-16 15:00:51.632002: val_loss -0.6803
2025-11-16 15:00:51.632115: Pseudo dice [np.float32(0.9032), np.float32(0.7458), np.float32(0.0)]
2025-11-16 15:00:51.632221: Epoch time: 226.92 s
2025-11-16 15:00:52.738303: 
2025-11-16 15:00:52.738591: Epoch 971
2025-11-16 15:00:52.738759: Current learning rate: 0.00041
2025-11-16 15:04:39.870575: train_loss -0.7285
2025-11-16 15:04:39.870844: val_loss -0.7008
2025-11-16 15:04:39.870947: Pseudo dice [np.float32(0.9093), np.float32(0.744), np.float32(0.0)]
2025-11-16 15:04:39.871050: Epoch time: 227.13 s
2025-11-16 15:04:40.972193: 
2025-11-16 15:04:40.972418: Epoch 972
2025-11-16 15:04:40.972548: Current learning rate: 0.0004
2025-11-16 15:08:27.819081: train_loss -0.7314
2025-11-16 15:08:27.819388: val_loss -0.668
2025-11-16 15:08:27.819499: Pseudo dice [np.float32(0.9119), np.float32(0.7382), np.float32(0.0)]
2025-11-16 15:08:27.819605: Epoch time: 226.85 s
2025-11-16 15:08:28.927283: 
2025-11-16 15:08:28.927493: Epoch 973
2025-11-16 15:08:28.927619: Current learning rate: 0.00039
2025-11-16 15:12:15.667162: train_loss -0.715
2025-11-16 15:12:15.667481: val_loss -0.6843
2025-11-16 15:12:15.667591: Pseudo dice [np.float32(0.9073), np.float32(0.7427), np.float32(0.0)]
2025-11-16 15:12:15.667694: Epoch time: 226.74 s
2025-11-16 15:12:16.759628: 
2025-11-16 15:12:16.759827: Epoch 974
2025-11-16 15:12:16.759952: Current learning rate: 0.00037
2025-11-16 15:16:03.294375: train_loss -0.726
2025-11-16 15:16:03.294630: val_loss -0.6939
2025-11-16 15:16:03.294730: Pseudo dice [np.float32(0.9066), np.float32(0.7457), np.float32(0.0)]
2025-11-16 15:16:03.294831: Epoch time: 226.54 s
2025-11-16 15:16:04.778872: 
2025-11-16 15:16:04.779104: Epoch 975
2025-11-16 15:16:04.779235: Current learning rate: 0.00036
2025-11-16 15:19:51.724309: train_loss -0.7333
2025-11-16 15:19:51.724575: val_loss -0.7006
2025-11-16 15:19:51.724678: Pseudo dice [np.float32(0.9056), np.float32(0.7433), np.float32(0.0)]
2025-11-16 15:19:51.724781: Epoch time: 226.95 s
2025-11-16 15:19:52.822555: 
2025-11-16 15:19:52.822758: Epoch 976
2025-11-16 15:19:52.822875: Current learning rate: 0.00035
2025-11-16 15:23:40.034729: train_loss -0.7281
2025-11-16 15:23:40.035004: val_loss -0.6981
2025-11-16 15:23:40.035111: Pseudo dice [np.float32(0.9165), np.float32(0.7509), np.float32(0.0)]
2025-11-16 15:23:40.035213: Epoch time: 227.21 s
2025-11-16 15:23:41.136057: 
2025-11-16 15:23:41.136291: Epoch 977
2025-11-16 15:23:41.136420: Current learning rate: 0.00034
2025-11-16 15:27:27.886627: train_loss -0.7372
2025-11-16 15:27:27.886892: val_loss -0.6812
2025-11-16 15:27:27.886999: Pseudo dice [np.float32(0.9094), np.float32(0.75), np.float32(0.0)]
2025-11-16 15:27:27.887102: Epoch time: 226.75 s
2025-11-16 15:27:29.011389: 
2025-11-16 15:27:29.011622: Epoch 978
2025-11-16 15:27:29.011748: Current learning rate: 0.00032
2025-11-16 15:31:16.297041: train_loss -0.725
2025-11-16 15:31:16.297327: val_loss -0.6847
2025-11-16 15:31:16.297436: Pseudo dice [np.float32(0.9196), np.float32(0.7422), np.float32(0.0)]
2025-11-16 15:31:16.297539: Epoch time: 227.29 s
2025-11-16 15:31:17.409645: 
2025-11-16 15:31:17.409904: Epoch 979
2025-11-16 15:31:17.410042: Current learning rate: 0.00031
2025-11-16 15:35:04.281286: train_loss -0.7219
2025-11-16 15:35:04.281565: val_loss -0.6986
2025-11-16 15:35:04.281672: Pseudo dice [np.float32(0.9073), np.float32(0.7445), np.float32(0.0)]
2025-11-16 15:35:04.281776: Epoch time: 226.87 s
2025-11-16 15:35:05.391764: 
2025-11-16 15:35:05.392010: Epoch 980
2025-11-16 15:35:05.392149: Current learning rate: 0.0003
2025-11-16 15:38:52.715350: train_loss -0.7326
2025-11-16 15:38:52.715632: val_loss -0.6798
2025-11-16 15:38:52.715740: Pseudo dice [np.float32(0.9084), np.float32(0.7509), np.float32(0.0)]
2025-11-16 15:38:52.715845: Epoch time: 227.32 s
2025-11-16 15:38:53.828081: 
2025-11-16 15:38:53.828391: Epoch 981
2025-11-16 15:38:53.828522: Current learning rate: 0.00028
2025-11-16 15:42:41.051466: train_loss -0.728
2025-11-16 15:42:41.051813: val_loss -0.6837
2025-11-16 15:42:41.051955: Pseudo dice [np.float32(0.9027), np.float32(0.7461), np.float32(0.0)]
2025-11-16 15:42:41.052083: Epoch time: 227.22 s
2025-11-16 15:42:42.160199: 
2025-11-16 15:42:42.160398: Epoch 982
2025-11-16 15:42:42.160519: Current learning rate: 0.00027
2025-11-16 15:46:29.613943: train_loss -0.7327
2025-11-16 15:46:29.614214: val_loss -0.6683
2025-11-16 15:46:29.614325: Pseudo dice [np.float32(0.9167), np.float32(0.7302), np.float32(0.0)]
2025-11-16 15:46:29.614429: Epoch time: 227.45 s
2025-11-16 15:46:30.748720: 
2025-11-16 15:46:30.748935: Epoch 983
2025-11-16 15:46:30.749066: Current learning rate: 0.00026
2025-11-16 15:50:17.564869: train_loss -0.7312
2025-11-16 15:50:17.565135: val_loss -0.7097
2025-11-16 15:50:17.565280: Pseudo dice [np.float32(0.9146), np.float32(0.7461), np.float32(0.0)]
2025-11-16 15:50:17.565389: Epoch time: 226.82 s
2025-11-16 15:50:18.676366: 
2025-11-16 15:50:18.676570: Epoch 984
2025-11-16 15:50:18.676692: Current learning rate: 0.00024
2025-11-16 15:54:05.647442: train_loss -0.7157
2025-11-16 15:54:05.647724: val_loss -0.696
2025-11-16 15:54:05.647832: Pseudo dice [np.float32(0.9107), np.float32(0.7401), np.float32(0.0)]
2025-11-16 15:54:05.647939: Epoch time: 226.97 s
2025-11-16 15:54:06.752542: 
2025-11-16 15:54:06.752736: Epoch 985
2025-11-16 15:54:06.752860: Current learning rate: 0.00023
2025-11-16 15:57:53.687451: train_loss -0.7235
2025-11-16 15:57:53.687729: val_loss -0.7052
2025-11-16 15:57:53.687835: Pseudo dice [np.float32(0.9144), np.float32(0.7408), np.float32(0.0)]
2025-11-16 15:57:53.687940: Epoch time: 226.94 s
2025-11-16 15:57:54.794830: 
2025-11-16 15:57:54.795042: Epoch 986
2025-11-16 15:57:54.795177: Current learning rate: 0.00021
2025-11-16 16:01:42.092809: train_loss -0.7323
2025-11-16 16:01:42.093176: val_loss -0.6871
2025-11-16 16:01:42.093299: Pseudo dice [np.float32(0.9114), np.float32(0.7518), np.float32(0.0)]
2025-11-16 16:01:42.093408: Epoch time: 227.3 s
2025-11-16 16:01:43.199149: 
2025-11-16 16:01:43.199382: Epoch 987
2025-11-16 16:01:43.199513: Current learning rate: 0.0002
2025-11-16 16:05:30.253377: train_loss -0.7124
2025-11-16 16:05:30.253798: val_loss -0.7001
2025-11-16 16:05:30.253903: Pseudo dice [np.float32(0.9177), np.float32(0.738), np.float32(0.0)]
2025-11-16 16:05:30.254006: Epoch time: 227.06 s
2025-11-16 16:05:31.751242: 
2025-11-16 16:05:31.751482: Epoch 988
2025-11-16 16:05:31.751609: Current learning rate: 0.00019
2025-11-16 16:09:18.478531: train_loss -0.731
2025-11-16 16:09:18.478802: val_loss -0.6836
2025-11-16 16:09:18.478904: Pseudo dice [np.float32(0.9096), np.float32(0.7426), np.float32(0.0)]
2025-11-16 16:09:18.479004: Epoch time: 226.73 s
2025-11-16 16:09:19.586096: 
2025-11-16 16:09:19.586318: Epoch 989
2025-11-16 16:09:19.586445: Current learning rate: 0.00017
2025-11-16 16:13:06.246373: train_loss -0.7197
2025-11-16 16:13:06.246710: val_loss -0.715
2025-11-16 16:13:06.246823: Pseudo dice [np.float32(0.9113), np.float32(0.7432), np.float32(nan)]
2025-11-16 16:13:06.246928: Epoch time: 226.66 s
2025-11-16 16:13:07.357036: 
2025-11-16 16:13:07.357336: Epoch 990
2025-11-16 16:13:07.357465: Current learning rate: 0.00016
2025-11-16 16:16:54.521137: train_loss -0.7272
2025-11-16 16:16:54.521480: val_loss -0.6925
2025-11-16 16:16:54.521591: Pseudo dice [np.float32(0.9248), np.float32(0.7444), np.float32(0.0)]
2025-11-16 16:16:54.521695: Epoch time: 227.17 s
2025-11-16 16:16:55.629005: 
2025-11-16 16:16:55.629237: Epoch 991
2025-11-16 16:16:55.629370: Current learning rate: 0.00014
2025-11-16 16:20:42.743010: train_loss -0.7265
2025-11-16 16:20:42.743289: val_loss -0.6786
2025-11-16 16:20:42.743396: Pseudo dice [np.float32(0.9131), np.float32(0.7511), np.float32(0.0)]
2025-11-16 16:20:42.743503: Epoch time: 227.11 s
2025-11-16 16:20:43.854579: 
2025-11-16 16:20:43.854802: Epoch 992
2025-11-16 16:20:43.854926: Current learning rate: 0.00013
2025-11-16 16:24:30.556350: train_loss -0.7187
2025-11-16 16:24:30.556662: val_loss -0.6785
2025-11-16 16:24:30.556769: Pseudo dice [np.float32(0.9119), np.float32(0.7372), np.float32(0.0)]
2025-11-16 16:24:30.556868: Epoch time: 226.7 s
2025-11-16 16:24:31.673246: 
2025-11-16 16:24:31.673463: Epoch 993
2025-11-16 16:24:31.673650: Current learning rate: 0.00011
2025-11-16 16:28:18.616940: train_loss -0.7196
2025-11-16 16:28:18.617219: val_loss -0.7105
2025-11-16 16:28:18.617335: Pseudo dice [np.float32(0.9186), np.float32(0.7452), np.float32(0.0)]
2025-11-16 16:28:18.617439: Epoch time: 226.94 s
2025-11-16 16:28:19.635329: 
2025-11-16 16:28:19.635558: Epoch 994
2025-11-16 16:28:19.635709: Current learning rate: 0.0001
2025-11-16 16:32:07.517024: train_loss -0.7293
2025-11-16 16:32:07.517309: val_loss -0.6928
2025-11-16 16:32:07.517415: Pseudo dice [np.float32(0.9156), np.float32(0.7527), np.float32(0.0)]
2025-11-16 16:32:07.517519: Epoch time: 227.88 s
2025-11-16 16:32:08.625691: 
2025-11-16 16:32:08.625901: Epoch 995
2025-11-16 16:32:08.626024: Current learning rate: 8e-05
2025-11-16 16:35:55.951515: train_loss -0.7371
2025-11-16 16:35:55.951792: val_loss -0.6936
2025-11-16 16:35:55.951894: Pseudo dice [np.float32(0.9096), np.float32(0.7479), np.float32(0.0)]
2025-11-16 16:35:55.951996: Epoch time: 227.33 s
2025-11-16 16:35:57.066595: 
2025-11-16 16:35:57.066810: Epoch 996
2025-11-16 16:35:57.066942: Current learning rate: 7e-05
2025-11-16 16:39:44.147507: train_loss -0.7131
2025-11-16 16:39:44.147797: val_loss -0.7005
2025-11-16 16:39:44.147906: Pseudo dice [np.float32(0.9118), np.float32(0.7513), np.float32(0.0)]
2025-11-16 16:39:44.148013: Epoch time: 227.08 s
2025-11-16 16:39:45.262765: 
2025-11-16 16:39:45.263057: Epoch 997
2025-11-16 16:39:45.263190: Current learning rate: 5e-05
2025-11-16 16:43:31.694735: train_loss -0.7325
2025-11-16 16:43:31.695008: val_loss -0.6988
2025-11-16 16:43:31.695111: Pseudo dice [np.float32(0.9047), np.float32(0.751), np.float32(0.0)]
2025-11-16 16:43:31.695213: Epoch time: 226.43 s
2025-11-16 16:43:32.817592: 
2025-11-16 16:43:32.817813: Epoch 998
2025-11-16 16:43:32.817957: Current learning rate: 4e-05
2025-11-16 16:47:19.393341: train_loss -0.7175
2025-11-16 16:47:19.393639: val_loss -0.6951
2025-11-16 16:47:19.393751: Pseudo dice [np.float32(0.9058), np.float32(0.7377), np.float32(0.0)]
2025-11-16 16:47:19.393861: Epoch time: 226.58 s
2025-11-16 16:47:20.498305: 
2025-11-16 16:47:20.498487: Epoch 999
2025-11-16 16:47:20.498606: Current learning rate: 2e-05
2025-11-16 16:51:07.342609: train_loss -0.7322
2025-11-16 16:51:07.342901: val_loss -0.6883
2025-11-16 16:51:07.343006: Pseudo dice [np.float32(0.9099), np.float32(0.7464), np.float32(0.0)]
2025-11-16 16:51:07.343109: Epoch time: 226.85 s
2025-11-16 16:51:09.160970: Training done.
2025-11-16 16:51:09.376137: Using splits from existing split file: /work/u4526725/Dataset/nnUNet/nnUNet_preprocessed/Dataset306_aicup2025/splits_final.json
2025-11-16 16:51:09.387261: The split file contains 5 splits.
2025-11-16 16:51:09.387391: Desired fold for training: 1
2025-11-16 16:51:09.387446: This split has 40 training and 10 validation cases.
2025-11-16 16:51:09.387584: predicting patient0003
2025-11-16 16:51:11.360315: patient0003, shape torch.Size([4, 324, 565, 565]), rank 0
2025-11-16 16:55:04.244254: predicting patient0004
2025-11-16 16:55:05.798843: patient0004, shape torch.Size([4, 292, 532, 532]), rank 0
2025-11-16 16:57:47.827512: predicting patient0006
2025-11-16 16:57:48.923137: patient0006, shape torch.Size([4, 277, 456, 456]), rank 0
2025-11-16 16:59:22.815630: predicting patient0020
2025-11-16 16:59:24.271052: patient0020, shape torch.Size([4, 270, 527, 527]), rank 0
2025-11-16 17:01:39.310946: predicting patient0021
2025-11-16 17:01:41.010356: patient0021, shape torch.Size([4, 369, 502, 502]), rank 0
2025-11-16 17:04:50.049994: predicting patient0026
2025-11-16 17:04:51.253634: patient0026, shape torch.Size([4, 289, 471, 471]), rank 0
2025-11-16 17:06:43.856442: predicting patient0029
2025-11-16 17:06:45.325624: patient0029, shape torch.Size([4, 379, 456, 456]), rank 0
2025-11-16 17:08:56.669475: predicting patient0032
2025-11-16 17:08:57.703480: patient0032, shape torch.Size([4, 292, 438, 438]), rank 0
2025-11-16 17:10:50.287772: predicting patient0040
2025-11-16 17:10:51.928067: patient0040, shape torch.Size([4, 302, 540, 540]), rank 0
2025-11-16 17:13:34.020217: predicting patient0044
2025-11-16 17:13:35.858233: patient0044, shape torch.Size([4, 360, 520, 520]), rank 0
2025-11-16 17:17:28.330852: Validation complete
2025-11-16 17:17:28.330995: Mean Validation Dice:  0.5540248615410416
