/usr/share/lmod/lmod/init/bash: line 121: conda: command not found
+----------------------------------------------------+
| loading miniforge with conda 24.7.1 and python 3.9 |
+----------------------------------------------------+

Fri Nov 14 01:28:51 CST 2025
/work/u4526725/ntuh/nnUNet
/work/u4526725/Dataset/nnUNet/nnUNet_raw
/work/u4526725/Dataset/nnUNet/nnUNet_preprocessed
/work/u4526725/Dataset/nnUNet/nnUNet_results
/work/u4526725/Dataset/nnUNet/nnUNet_predictions
/home/u4526725/.conda/envs/nnUNet/bin:/work/HPC_SYS/twnia2/pkg-rocky8/tools/miniforge/Miniforge-pypy3-24.7.1-2/condabin:/opt/conda/bin:/usr/local/bin:/usr/bin:/usr/local/sbin:/usr/sbin:/home/u4526725/.local/bin:/home/u4526725/bin:/home/u4526725/.local/bin

############################
INFO: You are using the old nnU-Net default plans. We have updated our recommendations. Please consider using those instead! Read more here: https://github.com/MIC-DKFZ/nnUNet/blob/master/documentation/resenc_presets.md
############################

Using device: cuda:0

#######################################################################
Please cite the following paper when using nnU-Net:
Isensee, F., Jaeger, P. F., Kohl, S. A., Petersen, J., & Maier-Hein, K. H. (2021). nnU-Net: a self-configuring method for deep learning-based biomedical image segmentation. Nature methods, 18(2), 203-211.
#######################################################################

2025-11-14 01:29:43.657061: Using torch.compile...
2025-11-14 01:29:50.094966: do_dummy_2d_data_aug: False
2025-11-14 01:29:50.095725: Using splits from existing split file: /work/u4526725/Dataset/nnUNet/nnUNet_preprocessed/Dataset306_aicup2025/splits_final.json
2025-11-14 01:29:50.110304: The split file contains 5 splits.
2025-11-14 01:29:50.110393: Desired fold for training: 0
2025-11-14 01:29:50.110447: This split has 40 training and 10 validation cases.
/home/u4526725/.local/lib/python3.12/site-packages/fft_conv_pytorch/fft_conv.py:139: UserWarning: Using a non-tuple sequence for multidimensional indexing is deprecated and will be changed in pytorch 2.9; use x[tuple(seq)] instead of x[seq]. In pytorch 2.9 this will be interpreted as tensor index, x[torch.tensor(seq)], which will result either in an error or a different result (Triggered internally at /pytorch/torch/csrc/autograd/python_variable_indexing.cpp:345.)
  output = output[crop_slices].contiguous()
/home/u4526725/.local/lib/python3.12/site-packages/fft_conv_pytorch/fft_conv.py:139: UserWarning: Using a non-tuple sequence for multidimensional indexing is deprecated and will be changed in pytorch 2.9; use x[tuple(seq)] instead of x[seq]. In pytorch 2.9 this will be interpreted as tensor index, x[torch.tensor(seq)], which will result either in an error or a different result (Triggered internally at /pytorch/torch/csrc/autograd/python_variable_indexing.cpp:345.)
  output = output[crop_slices].contiguous()
/home/u4526725/.local/lib/python3.12/site-packages/fft_conv_pytorch/fft_conv.py:139: UserWarning: Using a non-tuple sequence for multidimensional indexing is deprecated and will be changed in pytorch 2.9; use x[tuple(seq)] instead of x[seq]. In pytorch 2.9 this will be interpreted as tensor index, x[torch.tensor(seq)], which will result either in an error or a different result (Triggered internally at /pytorch/torch/csrc/autograd/python_variable_indexing.cpp:345.)
  output = output[crop_slices].contiguous()
/home/u4526725/.local/lib/python3.12/site-packages/fft_conv_pytorch/fft_conv.py:139: UserWarning: Using a non-tuple sequence for multidimensional indexing is deprecated and will be changed in pytorch 2.9; use x[tuple(seq)] instead of x[seq]. In pytorch 2.9 this will be interpreted as tensor index, x[torch.tensor(seq)], which will result either in an error or a different result (Triggered internally at /pytorch/torch/csrc/autograd/python_variable_indexing.cpp:345.)
  output = output[crop_slices].contiguous()
/home/u4526725/.local/lib/python3.12/site-packages/fft_conv_pytorch/fft_conv.py:139: UserWarning: Using a non-tuple sequence for multidimensional indexing is deprecated and will be changed in pytorch 2.9; use x[tuple(seq)] instead of x[seq]. In pytorch 2.9 this will be interpreted as tensor index, x[torch.tensor(seq)], which will result either in an error or a different result (Triggered internally at /pytorch/torch/csrc/autograd/python_variable_indexing.cpp:345.)
  output = output[crop_slices].contiguous()
/home/u4526725/.local/lib/python3.12/site-packages/fft_conv_pytorch/fft_conv.py:139: UserWarning: Using a non-tuple sequence for multidimensional indexing is deprecated and will be changed in pytorch 2.9; use x[tuple(seq)] instead of x[seq]. In pytorch 2.9 this will be interpreted as tensor index, x[torch.tensor(seq)], which will result either in an error or a different result (Triggered internally at /pytorch/torch/csrc/autograd/python_variable_indexing.cpp:345.)
  output = output[crop_slices].contiguous()
/home/u4526725/.local/lib/python3.12/site-packages/fft_conv_pytorch/fft_conv.py:139: UserWarning: Using a non-tuple sequence for multidimensional indexing is deprecated and will be changed in pytorch 2.9; use x[tuple(seq)] instead of x[seq]. In pytorch 2.9 this will be interpreted as tensor index, x[torch.tensor(seq)], which will result either in an error or a different result (Triggered internally at /pytorch/torch/csrc/autograd/python_variable_indexing.cpp:345.)
  output = output[crop_slices].contiguous()
/home/u4526725/.local/lib/python3.12/site-packages/fft_conv_pytorch/fft_conv.py:139: UserWarning: Using a non-tuple sequence for multidimensional indexing is deprecated and will be changed in pytorch 2.9; use x[tuple(seq)] instead of x[seq]. In pytorch 2.9 this will be interpreted as tensor index, x[torch.tensor(seq)], which will result either in an error or a different result (Triggered internally at /pytorch/torch/csrc/autograd/python_variable_indexing.cpp:345.)
  output = output[crop_slices].contiguous()
using pin_memory on device 0
/home/u4526725/.local/lib/python3.12/site-packages/fft_conv_pytorch/fft_conv.py:139: UserWarning: Using a non-tuple sequence for multidimensional indexing is deprecated and will be changed in pytorch 2.9; use x[tuple(seq)] instead of x[seq]. In pytorch 2.9 this will be interpreted as tensor index, x[torch.tensor(seq)], which will result either in an error or a different result (Triggered internally at /pytorch/torch/csrc/autograd/python_variable_indexing.cpp:345.)
  output = output[crop_slices].contiguous()
/home/u4526725/.local/lib/python3.12/site-packages/fft_conv_pytorch/fft_conv.py:139: UserWarning: Using a non-tuple sequence for multidimensional indexing is deprecated and will be changed in pytorch 2.9; use x[tuple(seq)] instead of x[seq]. In pytorch 2.9 this will be interpreted as tensor index, x[torch.tensor(seq)], which will result either in an error or a different result (Triggered internally at /pytorch/torch/csrc/autograd/python_variable_indexing.cpp:345.)
  output = output[crop_slices].contiguous()
/home/u4526725/.local/lib/python3.12/site-packages/fft_conv_pytorch/fft_conv.py:139: UserWarning: Using a non-tuple sequence for multidimensional indexing is deprecated and will be changed in pytorch 2.9; use x[tuple(seq)] instead of x[seq]. In pytorch 2.9 this will be interpreted as tensor index, x[torch.tensor(seq)], which will result either in an error or a different result (Triggered internally at /pytorch/torch/csrc/autograd/python_variable_indexing.cpp:345.)
  output = output[crop_slices].contiguous()
/home/u4526725/.local/lib/python3.12/site-packages/fft_conv_pytorch/fft_conv.py:139: UserWarning: Using a non-tuple sequence for multidimensional indexing is deprecated and will be changed in pytorch 2.9; use x[tuple(seq)] instead of x[seq]. In pytorch 2.9 this will be interpreted as tensor index, x[torch.tensor(seq)], which will result either in an error or a different result (Triggered internally at /pytorch/torch/csrc/autograd/python_variable_indexing.cpp:345.)
  output = output[crop_slices].contiguous()
/home/u4526725/.local/lib/python3.12/site-packages/torch/_inductor/lowering.py:7242: UserWarning: 
Online softmax is disabled on the fly since Inductor decides to
split the reduction. Cut an issue to PyTorch if this is an
important use case and you want to speed it up with online
softmax.

  warnings.warn(
/home/u4526725/.local/lib/python3.12/site-packages/torch/_inductor/lowering.py:7242: UserWarning: 
Online softmax is disabled on the fly since Inductor decides to
split the reduction. Cut an issue to PyTorch if this is an
important use case and you want to speed it up with online
softmax.

  warnings.warn(
/home/u4526725/.local/lib/python3.12/site-packages/torch/_inductor/lowering.py:7242: UserWarning: 
Online softmax is disabled on the fly since Inductor decides to
split the reduction. Cut an issue to PyTorch if this is an
important use case and you want to speed it up with online
softmax.

  warnings.warn(
/home/u4526725/.local/lib/python3.12/site-packages/torch/_inductor/lowering.py:7242: UserWarning: 
Online softmax is disabled on the fly since Inductor decides to
split the reduction. Cut an issue to PyTorch if this is an
important use case and you want to speed it up with online
softmax.

  warnings.warn(
using pin_memory on device 0

This is the configuration used by this training:
Configuration name: 3d_cascade_fullres
 {'data_identifier': 'nnUNetPlans_3d_fullres', 'preprocessor_name': 'DefaultPreprocessor', 'batch_size': 2, 'patch_size': [96, 160, 160], 'median_image_size_in_voxels': [302.5, 512.0, 512.0], 'spacing': [0.5, 0.39453125, 0.39453125], 'normalization_schemes': ['CTNormalization'], 'use_mask_for_norm': [False], 'resampling_fn_data': 'resample_data_or_seg_to_shape', 'resampling_fn_seg': 'resample_data_or_seg_to_shape', 'resampling_fn_data_kwargs': {'is_seg': False, 'order': 3, 'order_z': 0, 'force_separate_z': None}, 'resampling_fn_seg_kwargs': {'is_seg': True, 'order': 1, 'order_z': 0, 'force_separate_z': None}, 'resampling_fn_probabilities': 'resample_data_or_seg_to_shape', 'resampling_fn_probabilities_kwargs': {'is_seg': False, 'order': 1, 'order_z': 0, 'force_separate_z': None}, 'architecture': {'network_class_name': 'dynamic_network_architectures.architectures.unet.PlainConvUNet', 'arch_kwargs': {'n_stages': 6, 'features_per_stage': [32, 64, 128, 256, 320, 320], 'conv_op': 'torch.nn.modules.conv.Conv3d', 'kernel_sizes': [[3, 3, 3], [3, 3, 3], [3, 3, 3], [3, 3, 3], [3, 3, 3], [3, 3, 3]], 'strides': [[1, 1, 1], [2, 2, 2], [2, 2, 2], [2, 2, 2], [2, 2, 2], [1, 2, 2]], 'n_conv_per_stage': [2, 2, 2, 2, 2, 2], 'n_conv_per_stage_decoder': [2, 2, 2, 2, 2], 'conv_bias': True, 'norm_op': 'torch.nn.modules.instancenorm.InstanceNorm3d', 'norm_op_kwargs': {'eps': 1e-05, 'affine': True}, 'dropout_op': None, 'dropout_op_kwargs': None, 'nonlin': 'torch.nn.LeakyReLU', 'nonlin_kwargs': {'inplace': True}}, '_kw_requires_import': ['conv_op', 'norm_op', 'dropout_op', 'nonlin']}, 'batch_dice': True, 'inherits_from': '3d_fullres', 'previous_stage': '3d_lowres'} 

These are the global plan.json settings:
 {'dataset_name': 'Dataset306_aicup2025', 'plans_name': 'nnUNetPlans', 'original_median_spacing_after_transp': [0.5, 0.39453125, 0.39453125], 'original_median_shape_after_transp': [340, 512, 512], 'image_reader_writer': 'NibabelIOWithReorient', 'transpose_forward': [0, 1, 2], 'transpose_backward': [0, 1, 2], 'experiment_planner_used': 'ExperimentPlanner', 'label_manager': 'LabelManager', 'foreground_intensity_properties_per_channel': {'0': {'max': 1819.0, 'mean': 136.50274658203125, 'median': 115.0, 'min': -873.0, 'percentile_00_5': -30.0, 'percentile_99_5': 478.0, 'std': 91.3067398071289}}} 

2025-11-14 01:29:57.211303: Unable to plot network architecture: nnUNet_compile is enabled!
2025-11-14 01:29:57.303735: 
2025-11-14 01:29:57.303909: Epoch 0
2025-11-14 01:29:57.304092: Current learning rate: 0.01
2025-11-14 01:35:27.233879: train_loss 0.0121
2025-11-14 01:35:27.236244: val_loss -0.2278
2025-11-14 01:35:27.236370: Pseudo dice [np.float32(0.8983), np.float32(0.0033), np.float32(0.0)]
2025-11-14 01:35:27.236477: Epoch time: 329.93 s
2025-11-14 01:35:27.236566: Yayy! New best EMA pseudo Dice: 0.3005000054836273
2025-11-14 01:35:28.877301: 
2025-11-14 01:35:28.877517: Epoch 1
2025-11-14 01:35:28.877643: Current learning rate: 0.00999
2025-11-14 01:39:40.259600: train_loss -0.1747
2025-11-14 01:39:40.264797: val_loss -0.2964
2025-11-14 01:39:40.264938: Pseudo dice [np.float32(0.9024), np.float32(0.7044), np.float32(0.0)]
2025-11-14 01:39:40.265035: Epoch time: 251.38 s
2025-11-14 01:39:40.265109: Yayy! New best EMA pseudo Dice: 0.3240000009536743
2025-11-14 01:39:41.690713: 
2025-11-14 01:39:41.690945: Epoch 2
2025-11-14 01:39:41.691106: Current learning rate: 0.00998
2025-11-14 01:43:53.451802: train_loss -0.2332
2025-11-14 01:43:53.452075: val_loss -0.356
2025-11-14 01:43:53.452180: Pseudo dice [np.float32(0.914), np.float32(0.7368), np.float32(0.0)]
2025-11-14 01:43:53.452282: Epoch time: 251.76 s
2025-11-14 01:43:53.452364: Yayy! New best EMA pseudo Dice: 0.3467000126838684
2025-11-14 01:43:54.893286: 
2025-11-14 01:43:54.893553: Epoch 3
2025-11-14 01:43:54.893672: Current learning rate: 0.00997
2025-11-14 01:48:06.344231: train_loss -0.2693
2025-11-14 01:48:06.344473: val_loss -0.3543
2025-11-14 01:48:06.344573: Pseudo dice [np.float32(0.9023), np.float32(0.7192), np.float32(0.0)]
2025-11-14 01:48:06.344681: Epoch time: 251.45 s
2025-11-14 01:48:06.344761: Yayy! New best EMA pseudo Dice: 0.3659999966621399
2025-11-14 01:48:07.731797: 
2025-11-14 01:48:07.731972: Epoch 4
2025-11-14 01:48:07.732083: Current learning rate: 0.00996
2025-11-14 01:52:19.374677: train_loss -0.2848
2025-11-14 01:52:19.374925: val_loss -0.3706
2025-11-14 01:52:19.375024: Pseudo dice [np.float32(0.9032), np.float32(0.7411), np.float32(0.0)]
2025-11-14 01:52:19.375205: Epoch time: 251.64 s
2025-11-14 01:52:19.375288: Yayy! New best EMA pseudo Dice: 0.38420000672340393
2025-11-14 01:52:20.777844: 
2025-11-14 01:52:20.778048: Epoch 5
2025-11-14 01:52:20.778164: Current learning rate: 0.00995
2025-11-14 01:56:32.368172: train_loss -0.2537
2025-11-14 01:56:32.368451: val_loss -0.359
2025-11-14 01:56:32.368559: Pseudo dice [np.float32(0.9106), np.float32(0.7473), np.float32(0.0)]
2025-11-14 01:56:32.368670: Epoch time: 251.59 s
2025-11-14 01:56:32.368752: Yayy! New best EMA pseudo Dice: 0.4011000096797943
2025-11-14 01:56:33.810571: 
2025-11-14 01:56:33.810792: Epoch 6
2025-11-14 01:56:33.810908: Current learning rate: 0.00995
2025-11-14 02:00:45.338846: train_loss -0.2648
2025-11-14 02:00:45.339076: val_loss -0.3723
2025-11-14 02:00:45.339241: Pseudo dice [np.float32(0.903), np.float32(0.7402), np.float32(0.0)]
2025-11-14 02:00:45.339371: Epoch time: 251.53 s
2025-11-14 02:00:45.339452: Yayy! New best EMA pseudo Dice: 0.4156999886035919
2025-11-14 02:00:47.385161: 
2025-11-14 02:00:47.385378: Epoch 7
2025-11-14 02:00:47.385507: Current learning rate: 0.00994
2025-11-14 02:04:59.161011: train_loss -0.2971
2025-11-14 02:04:59.161261: val_loss -0.3715
2025-11-14 02:04:59.161365: Pseudo dice [np.float32(0.9089), np.float32(0.7282), np.float32(0.0)]
2025-11-14 02:04:59.161463: Epoch time: 251.78 s
2025-11-14 02:04:59.161542: Yayy! New best EMA pseudo Dice: 0.4287000000476837
2025-11-14 02:05:00.535774: 
2025-11-14 02:05:00.535946: Epoch 8
2025-11-14 02:05:00.536056: Current learning rate: 0.00993
2025-11-14 02:09:12.202626: train_loss -0.303
2025-11-14 02:09:12.202866: val_loss -0.3494
2025-11-14 02:09:12.202969: Pseudo dice [np.float32(0.9024), np.float32(0.7061), np.float32(0.0)]
2025-11-14 02:09:12.203071: Epoch time: 251.67 s
2025-11-14 02:09:12.203151: Yayy! New best EMA pseudo Dice: 0.43950000405311584
2025-11-14 02:09:13.595807: 
2025-11-14 02:09:13.596058: Epoch 9
2025-11-14 02:09:13.596174: Current learning rate: 0.00992
2025-11-14 02:13:24.924068: train_loss -0.3142
2025-11-14 02:13:24.924307: val_loss -0.3827
2025-11-14 02:13:24.924407: Pseudo dice [np.float32(0.9045), np.float32(0.7211), np.float32(0.0)]
2025-11-14 02:13:24.924505: Epoch time: 251.33 s
2025-11-14 02:13:24.924583: Yayy! New best EMA pseudo Dice: 0.4496999979019165
2025-11-14 02:13:26.306322: 
2025-11-14 02:13:26.306599: Epoch 10
2025-11-14 02:13:26.306801: Current learning rate: 0.00991
2025-11-14 02:17:37.800020: train_loss -0.3144
2025-11-14 02:17:37.800263: val_loss -0.39
2025-11-14 02:17:37.800366: Pseudo dice [np.float32(0.9226), np.float32(0.7467), np.float32(0.0)]
2025-11-14 02:17:37.800468: Epoch time: 251.49 s
2025-11-14 02:17:37.800549: Yayy! New best EMA pseudo Dice: 0.4603999853134155
2025-11-14 02:17:39.150634: 
2025-11-14 02:17:39.150806: Epoch 11
2025-11-14 02:17:39.150918: Current learning rate: 0.0099
2025-11-14 02:21:50.579183: train_loss -0.3213
2025-11-14 02:21:50.582733: val_loss -0.3599
2025-11-14 02:21:50.582837: Pseudo dice [np.float32(0.9084), np.float32(0.7392), np.float32(0.0)]
2025-11-14 02:21:50.582930: Epoch time: 251.43 s
2025-11-14 02:21:50.583003: Yayy! New best EMA pseudo Dice: 0.4693000018596649
2025-11-14 02:21:51.979615: 
2025-11-14 02:21:51.979789: Epoch 12
2025-11-14 02:21:51.979901: Current learning rate: 0.00989
2025-11-14 02:26:03.432224: train_loss -0.3281
2025-11-14 02:26:03.432455: val_loss -0.3998
2025-11-14 02:26:03.432556: Pseudo dice [np.float32(0.9039), np.float32(0.7458), np.float32(0.0)]
2025-11-14 02:26:03.432665: Epoch time: 251.45 s
2025-11-14 02:26:03.432745: Yayy! New best EMA pseudo Dice: 0.4772999882698059
2025-11-14 02:26:04.779792: 
2025-11-14 02:26:04.780036: Epoch 13
2025-11-14 02:26:04.780151: Current learning rate: 0.00988
2025-11-14 02:30:16.175103: train_loss -0.331
2025-11-14 02:30:16.175331: val_loss -0.4001
2025-11-14 02:30:16.175432: Pseudo dice [np.float32(0.9085), np.float32(0.7331), np.float32(0.0)]
2025-11-14 02:30:16.175582: Epoch time: 251.4 s
2025-11-14 02:30:16.175674: Yayy! New best EMA pseudo Dice: 0.48429998755455017
2025-11-14 02:30:17.532056: 
2025-11-14 02:30:17.532353: Epoch 14
2025-11-14 02:30:17.532491: Current learning rate: 0.00987
2025-11-14 02:34:29.474431: train_loss -0.3367
2025-11-14 02:34:29.474700: val_loss -0.3874
2025-11-14 02:34:29.474811: Pseudo dice [np.float32(0.905), np.float32(0.7676), np.float32(0.0)]
2025-11-14 02:34:29.474911: Epoch time: 251.94 s
2025-11-14 02:34:29.474988: Yayy! New best EMA pseudo Dice: 0.49160000681877136
2025-11-14 02:34:30.919893: 
2025-11-14 02:34:30.920150: Epoch 15
2025-11-14 02:34:30.920278: Current learning rate: 0.00986
2025-11-14 02:38:42.228371: train_loss -0.3326
2025-11-14 02:38:42.228658: val_loss -0.4036
2025-11-14 02:38:42.228763: Pseudo dice [np.float32(0.9176), np.float32(0.7585), np.float32(0.0)]
2025-11-14 02:38:42.228864: Epoch time: 251.31 s
2025-11-14 02:38:42.228942: Yayy! New best EMA pseudo Dice: 0.4984000027179718
2025-11-14 02:38:43.706735: 
2025-11-14 02:38:43.706909: Epoch 16
2025-11-14 02:38:43.707022: Current learning rate: 0.00986
2025-11-14 02:42:54.875403: train_loss -0.3426
2025-11-14 02:42:54.875648: val_loss -0.3949
2025-11-14 02:42:54.875751: Pseudo dice [np.float32(0.9092), np.float32(0.7386), np.float32(0.0)]
2025-11-14 02:42:54.875853: Epoch time: 251.17 s
2025-11-14 02:42:54.875933: Yayy! New best EMA pseudo Dice: 0.5034000277519226
2025-11-14 02:42:56.289879: 
2025-11-14 02:42:56.290182: Epoch 17
2025-11-14 02:42:56.290302: Current learning rate: 0.00985
2025-11-14 02:47:07.773694: train_loss -0.3388
2025-11-14 02:47:07.773996: val_loss -0.3964
2025-11-14 02:47:07.774162: Pseudo dice [np.float32(0.9064), np.float32(0.7373), np.float32(0.0)]
2025-11-14 02:47:07.774266: Epoch time: 251.48 s
2025-11-14 02:47:07.774345: Yayy! New best EMA pseudo Dice: 0.5078999996185303
2025-11-14 02:47:09.130450: 
2025-11-14 02:47:09.130640: Epoch 18
2025-11-14 02:47:09.130758: Current learning rate: 0.00984
2025-11-14 02:51:20.403949: train_loss -0.3423
2025-11-14 02:51:20.404191: val_loss -0.3964
2025-11-14 02:51:20.404293: Pseudo dice [np.float32(0.8994), np.float32(0.7426), np.float32(0.0)]
2025-11-14 02:51:20.404392: Epoch time: 251.27 s
2025-11-14 02:51:20.404471: Yayy! New best EMA pseudo Dice: 0.5117999911308289
2025-11-14 02:51:21.790422: 
2025-11-14 02:51:21.790658: Epoch 19
2025-11-14 02:51:21.790837: Current learning rate: 0.00983
2025-11-14 02:55:33.307304: train_loss -0.3487
2025-11-14 02:55:33.307533: val_loss -0.3917
2025-11-14 02:55:33.307643: Pseudo dice [np.float32(0.9105), np.float32(0.755), np.float32(0.0)]
2025-11-14 02:55:33.307838: Epoch time: 251.52 s
2025-11-14 02:55:33.307925: Yayy! New best EMA pseudo Dice: 0.5162000060081482
2025-11-14 02:55:34.717447: 
2025-11-14 02:55:34.717682: Epoch 20
2025-11-14 02:55:34.717858: Current learning rate: 0.00982
2025-11-14 02:59:45.992933: train_loss -0.3461
2025-11-14 02:59:45.993177: val_loss -0.403
2025-11-14 02:59:45.993301: Pseudo dice [np.float32(0.9077), np.float32(0.7553), np.float32(0.0)]
2025-11-14 02:59:45.993456: Epoch time: 251.28 s
2025-11-14 02:59:45.993540: Yayy! New best EMA pseudo Dice: 0.5199999809265137
2025-11-14 02:59:47.415295: 
2025-11-14 02:59:47.415463: Epoch 21
2025-11-14 02:59:47.415573: Current learning rate: 0.00981
2025-11-14 03:03:59.152873: train_loss -0.3387
2025-11-14 03:03:59.153102: val_loss -0.3956
2025-11-14 03:03:59.153201: Pseudo dice [np.float32(0.92), np.float32(0.753), np.float32(0.0)]
2025-11-14 03:03:59.153298: Epoch time: 251.74 s
2025-11-14 03:03:59.153378: Yayy! New best EMA pseudo Dice: 0.5238000154495239
2025-11-14 03:04:00.550682: 
2025-11-14 03:04:00.550944: Epoch 22
2025-11-14 03:04:00.551076: Current learning rate: 0.0098
2025-11-14 03:08:12.313233: train_loss -0.3593
2025-11-14 03:08:12.313454: val_loss -0.4033
2025-11-14 03:08:12.313553: Pseudo dice [np.float32(0.9191), np.float32(0.7457), np.float32(0.0)]
2025-11-14 03:08:12.313660: Epoch time: 251.76 s
2025-11-14 03:08:12.313744: Yayy! New best EMA pseudo Dice: 0.5268999934196472
2025-11-14 03:08:14.232957: 
2025-11-14 03:08:14.233126: Epoch 23
2025-11-14 03:08:14.233270: Current learning rate: 0.00979
2025-11-14 03:12:25.676379: train_loss -0.3502
2025-11-14 03:12:25.676634: val_loss -0.3986
2025-11-14 03:12:25.676755: Pseudo dice [np.float32(0.9092), np.float32(0.7466), np.float32(0.0)]
2025-11-14 03:12:25.676926: Epoch time: 251.44 s
2025-11-14 03:12:25.677014: Yayy! New best EMA pseudo Dice: 0.5293999910354614
2025-11-14 03:12:27.052001: 
2025-11-14 03:12:27.052178: Epoch 24
2025-11-14 03:12:27.052288: Current learning rate: 0.00978
2025-11-14 03:16:38.378571: train_loss -0.3473
2025-11-14 03:16:38.378850: val_loss -0.3943
2025-11-14 03:16:38.378963: Pseudo dice [np.float32(0.9155), np.float32(0.7434), np.float32(0.0)]
2025-11-14 03:16:38.379065: Epoch time: 251.33 s
2025-11-14 03:16:38.379147: Yayy! New best EMA pseudo Dice: 0.5317000150680542
2025-11-14 03:16:39.727200: 
2025-11-14 03:16:39.727381: Epoch 25
2025-11-14 03:16:39.727493: Current learning rate: 0.00977
2025-11-14 03:20:51.134874: train_loss -0.3542
2025-11-14 03:20:51.135103: val_loss -0.3869
2025-11-14 03:20:51.135203: Pseudo dice [np.float32(0.9042), np.float32(0.7208), np.float32(0.0)]
2025-11-14 03:20:51.135301: Epoch time: 251.41 s
2025-11-14 03:20:51.135380: Yayy! New best EMA pseudo Dice: 0.5327000021934509
2025-11-14 03:20:52.507071: 
2025-11-14 03:20:52.507331: Epoch 26
2025-11-14 03:20:52.507476: Current learning rate: 0.00977
2025-11-14 03:25:03.796843: train_loss -0.3451
2025-11-14 03:25:03.797079: val_loss -0.414
2025-11-14 03:25:03.797185: Pseudo dice [np.float32(0.9117), np.float32(0.7618), np.float32(0.0)]
2025-11-14 03:25:03.797287: Epoch time: 251.29 s
2025-11-14 03:25:03.797367: Yayy! New best EMA pseudo Dice: 0.5351999998092651
2025-11-14 03:25:05.158915: 
2025-11-14 03:25:05.159189: Epoch 27
2025-11-14 03:25:05.159316: Current learning rate: 0.00976
2025-11-14 03:29:16.602720: train_loss -0.3627
2025-11-14 03:29:16.602990: val_loss -0.4168
2025-11-14 03:29:16.603095: Pseudo dice [np.float32(0.9119), np.float32(0.7483), np.float32(0.0)]
2025-11-14 03:29:16.603195: Epoch time: 251.44 s
2025-11-14 03:29:16.603275: Yayy! New best EMA pseudo Dice: 0.5371000170707703
2025-11-14 03:29:17.955744: 
2025-11-14 03:29:17.955912: Epoch 28
2025-11-14 03:29:17.956022: Current learning rate: 0.00975
2025-11-14 03:33:29.706110: train_loss -0.3603
2025-11-14 03:33:29.706340: val_loss -0.4097
2025-11-14 03:33:29.706450: Pseudo dice [np.float32(0.9099), np.float32(0.7391), np.float32(0.0)]
2025-11-14 03:33:29.706552: Epoch time: 251.75 s
2025-11-14 03:33:29.706638: Yayy! New best EMA pseudo Dice: 0.5382999777793884
2025-11-14 03:33:31.106741: 
2025-11-14 03:33:31.106976: Epoch 29
2025-11-14 03:33:31.107206: Current learning rate: 0.00974
2025-11-14 03:37:42.881925: train_loss -0.3529
2025-11-14 03:37:42.882169: val_loss -0.3835
2025-11-14 03:37:42.882270: Pseudo dice [np.float32(0.9103), np.float32(0.7646), np.float32(0.0)]
2025-11-14 03:37:42.882372: Epoch time: 251.78 s
2025-11-14 03:37:42.882452: Yayy! New best EMA pseudo Dice: 0.5403000116348267
2025-11-14 03:37:44.268800: 
2025-11-14 03:37:44.269047: Epoch 30
2025-11-14 03:37:44.269187: Current learning rate: 0.00973
2025-11-14 03:41:55.947101: train_loss -0.3614
2025-11-14 03:41:55.947326: val_loss -0.4247
2025-11-14 03:41:55.947433: Pseudo dice [np.float32(0.9113), np.float32(0.7604), np.float32(0.0)]
2025-11-14 03:41:55.947581: Epoch time: 251.68 s
2025-11-14 03:41:55.947673: Yayy! New best EMA pseudo Dice: 0.5419999957084656
2025-11-14 03:41:57.344737: 
2025-11-14 03:41:57.345046: Epoch 31
2025-11-14 03:41:57.345217: Current learning rate: 0.00972
2025-11-14 03:46:08.650749: train_loss -0.3613
2025-11-14 03:46:08.650978: val_loss -0.4019
2025-11-14 03:46:08.651153: Pseudo dice [np.float32(0.9063), np.float32(0.7644), np.float32(0.0)]
2025-11-14 03:46:08.651258: Epoch time: 251.31 s
2025-11-14 03:46:08.651339: Yayy! New best EMA pseudo Dice: 0.5435000061988831
2025-11-14 03:46:10.045501: 
2025-11-14 03:46:10.045685: Epoch 32
2025-11-14 03:46:10.045840: Current learning rate: 0.00971
2025-11-14 03:50:21.796277: train_loss -0.3575
2025-11-14 03:50:21.796505: val_loss -0.3916
2025-11-14 03:50:21.796607: Pseudo dice [np.float32(0.9085), np.float32(0.7624), np.float32(0.0)]
2025-11-14 03:50:21.796757: Epoch time: 251.75 s
2025-11-14 03:50:21.796869: Yayy! New best EMA pseudo Dice: 0.5447999835014343
2025-11-14 03:50:23.195494: 
2025-11-14 03:50:23.195689: Epoch 33
2025-11-14 03:50:23.195805: Current learning rate: 0.0097
2025-11-14 03:54:34.917702: train_loss -0.3565
2025-11-14 03:54:34.917984: val_loss -0.4084
2025-11-14 03:54:34.918089: Pseudo dice [np.float32(0.9151), np.float32(0.7765), np.float32(0.0)]
2025-11-14 03:54:34.918186: Epoch time: 251.72 s
2025-11-14 03:54:34.918265: Yayy! New best EMA pseudo Dice: 0.5467000007629395
2025-11-14 03:54:36.266324: 
2025-11-14 03:54:36.266579: Epoch 34
2025-11-14 03:54:36.266734: Current learning rate: 0.00969
2025-11-14 03:58:47.794324: train_loss -0.3705
2025-11-14 03:58:47.794569: val_loss -0.4269
2025-11-14 03:58:47.794677: Pseudo dice [np.float32(0.9159), np.float32(0.7623), np.float32(0.0)]
2025-11-14 03:58:47.794777: Epoch time: 251.53 s
2025-11-14 03:58:47.794858: Yayy! New best EMA pseudo Dice: 0.5479999780654907
2025-11-14 03:58:49.195634: 
2025-11-14 03:58:49.195810: Epoch 35
2025-11-14 03:58:49.195921: Current learning rate: 0.00968
2025-11-14 04:03:00.705530: train_loss -0.3599
2025-11-14 04:03:00.705771: val_loss -0.3954
2025-11-14 04:03:00.705870: Pseudo dice [np.float32(0.919), np.float32(0.7473), np.float32(0.0)]
2025-11-14 04:03:00.705970: Epoch time: 251.51 s
2025-11-14 04:03:00.706048: Yayy! New best EMA pseudo Dice: 0.548799991607666
2025-11-14 04:03:02.085260: 
2025-11-14 04:03:02.085425: Epoch 36
2025-11-14 04:03:02.085536: Current learning rate: 0.00968
2025-11-14 04:07:13.655355: train_loss -0.3471
2025-11-14 04:07:13.655590: val_loss -0.3974
2025-11-14 04:07:13.655701: Pseudo dice [np.float32(0.913), np.float32(0.7457), np.float32(0.0)]
2025-11-14 04:07:13.655804: Epoch time: 251.57 s
2025-11-14 04:07:13.655885: Yayy! New best EMA pseudo Dice: 0.5491999983787537
2025-11-14 04:07:15.031776: 
2025-11-14 04:07:15.031952: Epoch 37
2025-11-14 04:07:15.032065: Current learning rate: 0.00967
2025-11-14 04:11:26.368133: train_loss -0.3644
2025-11-14 04:11:26.368411: val_loss -0.3966
2025-11-14 04:11:26.368552: Pseudo dice [np.float32(0.9124), np.float32(0.7616), np.float32(0.0)]
2025-11-14 04:11:26.368661: Epoch time: 251.34 s
2025-11-14 04:11:26.368742: Yayy! New best EMA pseudo Dice: 0.5501000285148621
2025-11-14 04:11:27.820667: 
2025-11-14 04:11:27.821038: Epoch 38
2025-11-14 04:11:27.821287: Current learning rate: 0.00966
2025-11-14 04:15:39.200325: train_loss -0.343
2025-11-14 04:15:39.200568: val_loss -0.3967
2025-11-14 04:15:39.200682: Pseudo dice [np.float32(0.9033), np.float32(0.7354), np.float32(0.0)]
2025-11-14 04:15:39.200784: Epoch time: 251.38 s
2025-11-14 04:15:40.272658: 
2025-11-14 04:15:40.272844: Epoch 39
2025-11-14 04:15:40.272956: Current learning rate: 0.00965
2025-11-14 04:19:51.958405: train_loss -0.3517
2025-11-14 04:19:51.958649: val_loss -0.4128
2025-11-14 04:19:51.958854: Pseudo dice [np.float32(0.904), np.float32(0.7587), np.float32(0.0)]
2025-11-14 04:19:51.959013: Epoch time: 251.69 s
2025-11-14 04:19:51.959097: Yayy! New best EMA pseudo Dice: 0.5501000285148621
2025-11-14 04:19:53.942337: 
2025-11-14 04:19:53.942580: Epoch 40
2025-11-14 04:19:53.942754: Current learning rate: 0.00964
2025-11-14 04:24:05.492854: train_loss -0.3652
2025-11-14 04:24:05.493140: val_loss -0.3955
2025-11-14 04:24:05.493246: Pseudo dice [np.float32(0.9175), np.float32(0.749), np.float32(0.0)]
2025-11-14 04:24:05.493347: Epoch time: 251.55 s
2025-11-14 04:24:05.493428: Yayy! New best EMA pseudo Dice: 0.5507000088691711
2025-11-14 04:24:06.874089: 
2025-11-14 04:24:06.874267: Epoch 41
2025-11-14 04:24:06.874383: Current learning rate: 0.00963
2025-11-14 04:28:18.402366: train_loss -0.3653
2025-11-14 04:28:18.402669: val_loss -0.4065
2025-11-14 04:28:18.402779: Pseudo dice [np.float32(0.9183), np.float32(0.7581), np.float32(0.0)]
2025-11-14 04:28:18.402879: Epoch time: 251.53 s
2025-11-14 04:28:18.402959: Yayy! New best EMA pseudo Dice: 0.5515000224113464
2025-11-14 04:28:19.751722: 
2025-11-14 04:28:19.751945: Epoch 42
2025-11-14 04:28:19.752088: Current learning rate: 0.00962
2025-11-14 04:32:31.641320: train_loss -0.3766
2025-11-14 04:32:31.641560: val_loss -0.3963
2025-11-14 04:32:31.641753: Pseudo dice [np.float32(0.914), np.float32(0.752), np.float32(0.0)]
2025-11-14 04:32:31.641865: Epoch time: 251.89 s
2025-11-14 04:32:31.641947: Yayy! New best EMA pseudo Dice: 0.5519000291824341
2025-11-14 04:32:32.951190: 
2025-11-14 04:32:32.951483: Epoch 43
2025-11-14 04:32:32.951605: Current learning rate: 0.00961
2025-11-14 04:36:44.557626: train_loss -0.3774
2025-11-14 04:36:44.557860: val_loss -0.4064
2025-11-14 04:36:44.557967: Pseudo dice [np.float32(0.9066), np.float32(0.7522), np.float32(0.0)]
2025-11-14 04:36:44.558157: Epoch time: 251.61 s
2025-11-14 04:36:44.558309: Yayy! New best EMA pseudo Dice: 0.5519999861717224
2025-11-14 04:36:45.986516: 
2025-11-14 04:36:45.986758: Epoch 44
2025-11-14 04:36:45.986904: Current learning rate: 0.0096
2025-11-14 04:40:57.590750: train_loss -0.3731
2025-11-14 04:40:57.590992: val_loss -0.4033
2025-11-14 04:40:57.591092: Pseudo dice [np.float32(0.9157), np.float32(0.7257), np.float32(0.0)]
2025-11-14 04:40:57.591190: Epoch time: 251.61 s
2025-11-14 04:40:58.644432: 
2025-11-14 04:40:58.644617: Epoch 45
2025-11-14 04:40:58.644730: Current learning rate: 0.00959
2025-11-14 04:45:10.157061: train_loss -0.3743
2025-11-14 04:45:10.157345: val_loss -0.3987
2025-11-14 04:45:10.157452: Pseudo dice [np.float32(0.9161), np.float32(0.7507), np.float32(0.0)]
2025-11-14 04:45:10.157553: Epoch time: 251.51 s
2025-11-14 04:45:11.213422: 
2025-11-14 04:45:11.213646: Epoch 46
2025-11-14 04:45:11.213762: Current learning rate: 0.00959
2025-11-14 04:49:23.039763: train_loss -0.3756
2025-11-14 04:49:23.039993: val_loss -0.4012
2025-11-14 04:49:23.040093: Pseudo dice [np.float32(0.916), np.float32(0.7511), np.float32(0.0)]
2025-11-14 04:49:23.040194: Epoch time: 251.83 s
2025-11-14 04:49:23.040272: Yayy! New best EMA pseudo Dice: 0.552299976348877
2025-11-14 04:49:24.388777: 
2025-11-14 04:49:24.389014: Epoch 47
2025-11-14 04:49:24.389134: Current learning rate: 0.00958
2025-11-14 04:53:35.979832: train_loss -0.3736
2025-11-14 04:53:35.980086: val_loss -0.4254
2025-11-14 04:53:35.980271: Pseudo dice [np.float32(0.912), np.float32(0.7728), np.float32(0.0)]
2025-11-14 04:53:35.980380: Epoch time: 251.59 s
2025-11-14 04:53:35.980462: Yayy! New best EMA pseudo Dice: 0.5532000064849854
2025-11-14 04:53:37.418079: 
2025-11-14 04:53:37.418309: Epoch 48
2025-11-14 04:53:37.418516: Current learning rate: 0.00957
2025-11-14 04:57:49.316232: train_loss -0.3617
2025-11-14 04:57:49.316505: val_loss -0.4047
2025-11-14 04:57:49.316617: Pseudo dice [np.float32(0.9076), np.float32(0.7565), np.float32(0.0)]
2025-11-14 04:57:49.316718: Epoch time: 251.9 s
2025-11-14 04:57:49.316797: Yayy! New best EMA pseudo Dice: 0.5533999800682068
2025-11-14 04:57:50.681237: 
2025-11-14 04:57:50.681471: Epoch 49
2025-11-14 04:57:50.681630: Current learning rate: 0.00956
2025-11-14 05:02:02.028354: train_loss -0.3513
2025-11-14 05:02:02.028601: val_loss -0.419
2025-11-14 05:02:02.028721: Pseudo dice [np.float32(0.9048), np.float32(0.7606), np.float32(0.0)]
2025-11-14 05:02:02.028823: Epoch time: 251.35 s
2025-11-14 05:02:02.391127: Yayy! New best EMA pseudo Dice: 0.5534999966621399
2025-11-14 05:02:03.730282: 
2025-11-14 05:02:03.730457: Epoch 50
2025-11-14 05:02:03.730569: Current learning rate: 0.00955
2025-11-14 05:06:15.487763: train_loss -0.3712
2025-11-14 05:06:15.488020: val_loss -0.4088
2025-11-14 05:06:15.488125: Pseudo dice [np.float32(0.9149), np.float32(0.7576), np.float32(0.0)]
2025-11-14 05:06:15.488302: Epoch time: 251.76 s
2025-11-14 05:06:15.488390: Yayy! New best EMA pseudo Dice: 0.5539000034332275
2025-11-14 05:06:16.811912: 
2025-11-14 05:06:16.812168: Epoch 51
2025-11-14 05:06:16.812325: Current learning rate: 0.00954
2025-11-14 05:10:28.209797: train_loss -0.3726
2025-11-14 05:10:28.210047: val_loss -0.4132
2025-11-14 05:10:28.210150: Pseudo dice [np.float32(0.9119), np.float32(0.7447), np.float32(0.0)]
2025-11-14 05:10:28.210250: Epoch time: 251.4 s
2025-11-14 05:10:29.265882: 
2025-11-14 05:10:29.266100: Epoch 52
2025-11-14 05:10:29.266222: Current learning rate: 0.00953
2025-11-14 05:14:40.925254: train_loss -0.3699
2025-11-14 05:14:40.925486: val_loss -0.4117
2025-11-14 05:14:40.925638: Pseudo dice [np.float32(0.9177), np.float32(0.7479), np.float32(0.0)]
2025-11-14 05:14:40.925792: Epoch time: 251.66 s
2025-11-14 05:14:41.898921: 
2025-11-14 05:14:41.899130: Epoch 53
2025-11-14 05:14:41.899244: Current learning rate: 0.00952
2025-11-14 05:18:53.282132: train_loss -0.3767
2025-11-14 05:18:53.282379: val_loss -0.4165
2025-11-14 05:18:53.282480: Pseudo dice [np.float32(0.9186), np.float32(0.7594), np.float32(0.0)]
2025-11-14 05:18:53.282581: Epoch time: 251.38 s
2025-11-14 05:18:53.282666: Yayy! New best EMA pseudo Dice: 0.5544000267982483
2025-11-14 05:18:54.614208: 
2025-11-14 05:18:54.614374: Epoch 54
2025-11-14 05:18:54.614492: Current learning rate: 0.00951
2025-11-14 05:23:06.222239: train_loss -0.3818
2025-11-14 05:23:06.222464: val_loss -0.4204
2025-11-14 05:23:06.222566: Pseudo dice [np.float32(0.9102), np.float32(0.765), np.float32(0.0)]
2025-11-14 05:23:06.222677: Epoch time: 251.61 s
2025-11-14 05:23:06.222756: Yayy! New best EMA pseudo Dice: 0.5547999739646912
2025-11-14 05:23:07.543857: 
2025-11-14 05:23:07.544035: Epoch 55
2025-11-14 05:23:07.544147: Current learning rate: 0.0095
2025-11-14 05:27:18.736123: train_loss -0.3728
2025-11-14 05:27:18.736363: val_loss -0.413
2025-11-14 05:27:18.736465: Pseudo dice [np.float32(0.9042), np.float32(0.7667), np.float32(0.0)]
2025-11-14 05:27:18.736564: Epoch time: 251.19 s
2025-11-14 05:27:18.736672: Yayy! New best EMA pseudo Dice: 0.5551000237464905
2025-11-14 05:27:20.072816: 
2025-11-14 05:27:20.073001: Epoch 56
2025-11-14 05:27:20.073114: Current learning rate: 0.00949
2025-11-14 05:31:31.386287: train_loss -0.3801
2025-11-14 05:31:31.386568: val_loss -0.4235
2025-11-14 05:31:31.386699: Pseudo dice [np.float32(0.9127), np.float32(0.7659), np.float32(0.0)]
2025-11-14 05:31:31.386803: Epoch time: 251.31 s
2025-11-14 05:31:31.386883: Yayy! New best EMA pseudo Dice: 0.5554999709129333
2025-11-14 05:31:33.290686: 
2025-11-14 05:31:33.290862: Epoch 57
2025-11-14 05:31:33.290977: Current learning rate: 0.00949
2025-11-14 05:35:44.510770: train_loss -0.3879
2025-11-14 05:35:44.511036: val_loss -0.4145
2025-11-14 05:35:44.511147: Pseudo dice [np.float32(0.9083), np.float32(0.7632), np.float32(0.0)]
2025-11-14 05:35:44.511247: Epoch time: 251.22 s
2025-11-14 05:35:44.511325: Yayy! New best EMA pseudo Dice: 0.5557000041007996
2025-11-14 05:35:45.869052: 
2025-11-14 05:35:45.869228: Epoch 58
2025-11-14 05:35:45.869338: Current learning rate: 0.00948
2025-11-14 05:39:57.680073: train_loss -0.3838
2025-11-14 05:39:57.680323: val_loss -0.404
2025-11-14 05:39:57.680427: Pseudo dice [np.float32(0.9161), np.float32(0.7496), np.float32(0.0)]
2025-11-14 05:39:57.680529: Epoch time: 251.81 s
2025-11-14 05:39:58.739982: 
2025-11-14 05:39:58.740253: Epoch 59
2025-11-14 05:39:58.740399: Current learning rate: 0.00947
2025-11-14 05:44:10.387400: train_loss -0.3752
2025-11-14 05:44:10.387637: val_loss -0.4129
2025-11-14 05:44:10.387741: Pseudo dice [np.float32(0.9167), np.float32(0.7458), np.float32(0.0)]
2025-11-14 05:44:10.387840: Epoch time: 251.65 s
2025-11-14 05:44:11.446174: 
2025-11-14 05:44:11.446372: Epoch 60
2025-11-14 05:44:11.446493: Current learning rate: 0.00946
2025-11-14 05:48:22.871097: train_loss -0.3806
2025-11-14 05:48:22.871340: val_loss -0.4156
2025-11-14 05:48:22.871444: Pseudo dice [np.float32(0.9114), np.float32(0.7683), np.float32(0.0)]
2025-11-14 05:48:22.871542: Epoch time: 251.43 s
2025-11-14 05:48:22.871663: Yayy! New best EMA pseudo Dice: 0.555899977684021
2025-11-14 05:48:24.336947: 
2025-11-14 05:48:24.337204: Epoch 61
2025-11-14 05:48:24.337337: Current learning rate: 0.00945
2025-11-14 05:52:36.410572: train_loss -0.3749
2025-11-14 05:52:36.410848: val_loss -0.4017
2025-11-14 05:52:36.410961: Pseudo dice [np.float32(0.9165), np.float32(0.7583), np.float32(0.0)]
2025-11-14 05:52:36.411062: Epoch time: 252.07 s
2025-11-14 05:52:36.411141: Yayy! New best EMA pseudo Dice: 0.5562000274658203
2025-11-14 05:52:37.798008: 
2025-11-14 05:52:37.798185: Epoch 62
2025-11-14 05:52:37.798295: Current learning rate: 0.00944
2025-11-14 05:56:49.523964: train_loss -0.3795
2025-11-14 05:56:49.524197: val_loss -0.432
2025-11-14 05:56:49.524333: Pseudo dice [np.float32(0.9156), np.float32(0.7533), np.float32(0.0)]
2025-11-14 05:56:49.524478: Epoch time: 251.73 s
2025-11-14 05:56:49.524565: Yayy! New best EMA pseudo Dice: 0.5562000274658203
2025-11-14 05:56:50.901925: 
2025-11-14 05:56:50.902102: Epoch 63
2025-11-14 05:56:50.902213: Current learning rate: 0.00943
2025-11-14 06:01:02.707704: train_loss -0.3777
2025-11-14 06:01:02.707960: val_loss -0.3869
2025-11-14 06:01:02.708070: Pseudo dice [np.float32(0.8978), np.float32(0.762), np.float32(0.0)]
2025-11-14 06:01:02.708173: Epoch time: 251.81 s
2025-11-14 06:01:03.769336: 
2025-11-14 06:01:03.769507: Epoch 64
2025-11-14 06:01:03.769624: Current learning rate: 0.00942
2025-11-14 06:05:15.138206: train_loss -0.3789
2025-11-14 06:05:15.138453: val_loss -0.4089
2025-11-14 06:05:15.138556: Pseudo dice [np.float32(0.9115), np.float32(0.7567), np.float32(0.0)]
2025-11-14 06:05:15.138664: Epoch time: 251.37 s
2025-11-14 06:05:16.201074: 
2025-11-14 06:05:16.201264: Epoch 65
2025-11-14 06:05:16.201383: Current learning rate: 0.00941
2025-11-14 06:09:27.775955: train_loss -0.3918
2025-11-14 06:09:27.776196: val_loss -0.4265
2025-11-14 06:09:27.776299: Pseudo dice [np.float32(0.91), np.float32(0.7615), np.float32(0.0)]
2025-11-14 06:09:27.776401: Epoch time: 251.58 s
2025-11-14 06:09:28.838066: 
2025-11-14 06:09:28.838329: Epoch 66
2025-11-14 06:09:28.838459: Current learning rate: 0.0094
2025-11-14 06:13:40.494792: train_loss -0.3848
2025-11-14 06:13:40.495043: val_loss -0.4048
2025-11-14 06:13:40.495144: Pseudo dice [np.float32(0.9096), np.float32(0.7462), np.float32(0.0)]
2025-11-14 06:13:40.495243: Epoch time: 251.66 s
2025-11-14 06:13:41.560653: 
2025-11-14 06:13:41.561026: Epoch 67
2025-11-14 06:13:41.561352: Current learning rate: 0.00939
2025-11-14 06:17:53.559303: train_loss -0.3795
2025-11-14 06:17:53.559542: val_loss -0.4186
2025-11-14 06:17:53.559653: Pseudo dice [np.float32(0.9212), np.float32(0.7548), np.float32(0.0)]
2025-11-14 06:17:53.559754: Epoch time: 252.0 s
2025-11-14 06:17:54.629455: 
2025-11-14 06:17:54.629722: Epoch 68
2025-11-14 06:17:54.629854: Current learning rate: 0.00939
2025-11-14 06:22:06.116732: train_loss -0.3792
2025-11-14 06:22:06.116973: val_loss -0.4128
2025-11-14 06:22:06.117076: Pseudo dice [np.float32(0.9104), np.float32(0.7497), np.float32(0.0)]
2025-11-14 06:22:06.117176: Epoch time: 251.49 s
2025-11-14 06:22:07.193491: 
2025-11-14 06:22:07.193670: Epoch 69
2025-11-14 06:22:07.193782: Current learning rate: 0.00938
2025-11-14 06:26:18.594455: train_loss -0.3807
2025-11-14 06:26:18.594712: val_loss -0.396
2025-11-14 06:26:18.594815: Pseudo dice [np.float32(0.9138), np.float32(0.7341), np.float32(0.0)]
2025-11-14 06:26:18.594971: Epoch time: 251.4 s
2025-11-14 06:26:19.719366: 
2025-11-14 06:26:19.719619: Epoch 70
2025-11-14 06:26:19.719732: Current learning rate: 0.00937
2025-11-14 06:30:31.269792: train_loss -0.3885
2025-11-14 06:30:31.270034: val_loss -0.4188
2025-11-14 06:30:31.270135: Pseudo dice [np.float32(0.9193), np.float32(0.7577), np.float32(0.0)]
2025-11-14 06:30:31.270235: Epoch time: 251.55 s
2025-11-14 06:30:32.342113: 
2025-11-14 06:30:32.342291: Epoch 71
2025-11-14 06:30:32.342402: Current learning rate: 0.00936
2025-11-14 06:34:43.886503: train_loss -0.3841
2025-11-14 06:34:43.886741: val_loss -0.4103
2025-11-14 06:34:43.886847: Pseudo dice [np.float32(0.9267), np.float32(0.7621), np.float32(0.0)]
2025-11-14 06:34:43.886960: Epoch time: 251.55 s
2025-11-14 06:34:43.887042: Yayy! New best EMA pseudo Dice: 0.5562000274658203
2025-11-14 06:34:45.236812: 
2025-11-14 06:34:45.237012: Epoch 72
2025-11-14 06:34:45.237133: Current learning rate: 0.00935
2025-11-14 06:38:56.780779: train_loss -0.3848
2025-11-14 06:38:56.781023: val_loss -0.4183
2025-11-14 06:38:56.781127: Pseudo dice [np.float32(0.9179), np.float32(0.7585), np.float32(0.0)]
2025-11-14 06:38:56.781286: Epoch time: 251.54 s
2025-11-14 06:38:56.781371: Yayy! New best EMA pseudo Dice: 0.5564000010490417
2025-11-14 06:38:58.138865: 
2025-11-14 06:38:58.139114: Epoch 73
2025-11-14 06:38:58.139252: Current learning rate: 0.00934
2025-11-14 06:43:09.248509: train_loss -0.3869
2025-11-14 06:43:09.248757: val_loss -0.4245
2025-11-14 06:43:09.248858: Pseudo dice [np.float32(0.9165), np.float32(0.7668), np.float32(0.0)]
2025-11-14 06:43:09.248958: Epoch time: 251.11 s
2025-11-14 06:43:09.249038: Yayy! New best EMA pseudo Dice: 0.5569000244140625
2025-11-14 06:43:11.180909: 
2025-11-14 06:43:11.181097: Epoch 74
2025-11-14 06:43:11.181212: Current learning rate: 0.00933
2025-11-14 06:47:22.674377: train_loss -0.3838
2025-11-14 06:47:22.674620: val_loss -0.4014
2025-11-14 06:47:22.674723: Pseudo dice [np.float32(0.9103), np.float32(0.7475), np.float32(0.0)]
2025-11-14 06:47:22.674826: Epoch time: 251.49 s
2025-11-14 06:47:23.754999: 
2025-11-14 06:47:23.755171: Epoch 75
2025-11-14 06:47:23.755281: Current learning rate: 0.00932
2025-11-14 06:51:35.233044: train_loss -0.3829
2025-11-14 06:51:35.233330: val_loss -0.4097
2025-11-14 06:51:35.233436: Pseudo dice [np.float32(0.9149), np.float32(0.7527), np.float32(0.0)]
2025-11-14 06:51:35.233535: Epoch time: 251.48 s
2025-11-14 06:51:36.311276: 
2025-11-14 06:51:36.311559: Epoch 76
2025-11-14 06:51:36.311746: Current learning rate: 0.00931
2025-11-14 06:55:47.884990: train_loss -0.3861
2025-11-14 06:55:47.885237: val_loss -0.4224
2025-11-14 06:55:47.885338: Pseudo dice [np.float32(0.9171), np.float32(0.7605), np.float32(0.0)]
2025-11-14 06:55:47.885440: Epoch time: 251.57 s
2025-11-14 06:55:48.965911: 
2025-11-14 06:55:48.966083: Epoch 77
2025-11-14 06:55:48.966336: Current learning rate: 0.0093
2025-11-14 07:00:00.705761: train_loss -0.3908
2025-11-14 07:00:00.706002: val_loss -0.4299
2025-11-14 07:00:00.706102: Pseudo dice [np.float32(0.9211), np.float32(0.7737), np.float32(0.0)]
2025-11-14 07:00:00.706267: Epoch time: 251.74 s
2025-11-14 07:00:00.706353: Yayy! New best EMA pseudo Dice: 0.5575000047683716
2025-11-14 07:00:02.021450: 
2025-11-14 07:00:02.021654: Epoch 78
2025-11-14 07:00:02.021768: Current learning rate: 0.0093
2025-11-14 07:04:13.452875: train_loss -0.3849
2025-11-14 07:04:13.453115: val_loss -0.4001
2025-11-14 07:04:13.453218: Pseudo dice [np.float32(0.9175), np.float32(0.7474), np.float32(0.0)]
2025-11-14 07:04:13.453352: Epoch time: 251.43 s
2025-11-14 07:04:14.548056: 
2025-11-14 07:04:14.548240: Epoch 79
2025-11-14 07:04:14.548358: Current learning rate: 0.00929
2025-11-14 07:08:26.292263: train_loss -0.3832
2025-11-14 07:08:26.292522: val_loss -0.412
2025-11-14 07:08:26.292641: Pseudo dice [np.float32(0.9065), np.float32(0.7617), np.float32(0.0)]
2025-11-14 07:08:26.292746: Epoch time: 251.75 s
2025-11-14 07:08:27.378114: 
2025-11-14 07:08:27.378298: Epoch 80
2025-11-14 07:08:27.378407: Current learning rate: 0.00928
2025-11-14 07:12:38.810352: train_loss -0.3799
2025-11-14 07:12:38.810592: val_loss -0.4352
2025-11-14 07:12:38.810703: Pseudo dice [np.float32(0.9125), np.float32(0.7619), np.float32(0.0)]
2025-11-14 07:12:38.810803: Epoch time: 251.43 s
2025-11-14 07:12:39.899299: 
2025-11-14 07:12:39.899475: Epoch 81
2025-11-14 07:12:39.899589: Current learning rate: 0.00927
2025-11-14 07:16:51.234118: train_loss -0.3861
2025-11-14 07:16:51.234346: val_loss -0.4315
2025-11-14 07:16:51.234449: Pseudo dice [np.float32(0.9093), np.float32(0.7642), np.float32(0.0)]
2025-11-14 07:16:51.234547: Epoch time: 251.34 s
2025-11-14 07:16:52.325505: 
2025-11-14 07:16:52.325673: Epoch 82
2025-11-14 07:16:52.325783: Current learning rate: 0.00926
2025-11-14 07:21:03.707769: train_loss -0.3938
2025-11-14 07:21:03.708009: val_loss -0.4421
2025-11-14 07:21:03.708112: Pseudo dice [np.float32(0.9191), np.float32(0.7712), np.float32(0.0)]
2025-11-14 07:21:03.708211: Epoch time: 251.38 s
2025-11-14 07:21:03.708290: Yayy! New best EMA pseudo Dice: 0.5579000115394592
2025-11-14 07:21:05.097891: 
2025-11-14 07:21:05.098065: Epoch 83
2025-11-14 07:21:05.098177: Current learning rate: 0.00925
2025-11-14 07:25:16.319142: train_loss -0.3875
2025-11-14 07:25:16.319407: val_loss -0.4295
2025-11-14 07:25:16.319510: Pseudo dice [np.float32(0.9085), np.float32(0.7569), np.float32(0.0)]
2025-11-14 07:25:16.319619: Epoch time: 251.22 s
2025-11-14 07:25:17.371268: 
2025-11-14 07:25:17.371477: Epoch 84
2025-11-14 07:25:17.371648: Current learning rate: 0.00924
2025-11-14 07:29:28.936702: train_loss -0.3879
2025-11-14 07:29:28.936992: val_loss -0.4112
2025-11-14 07:29:28.937096: Pseudo dice [np.float32(0.9217), np.float32(0.7582), np.float32(0.0)]
2025-11-14 07:29:28.937197: Epoch time: 251.57 s
2025-11-14 07:29:29.993709: 
2025-11-14 07:29:29.993902: Epoch 85
2025-11-14 07:29:29.994042: Current learning rate: 0.00923
2025-11-14 07:33:41.620620: train_loss -0.3771
2025-11-14 07:33:41.620864: val_loss -0.4044
2025-11-14 07:33:41.620989: Pseudo dice [np.float32(0.9123), np.float32(0.7601), np.float32(0.0)]
2025-11-14 07:33:41.621235: Epoch time: 251.63 s
2025-11-14 07:33:42.680050: 
2025-11-14 07:33:42.680336: Epoch 86
2025-11-14 07:33:42.680458: Current learning rate: 0.00922
2025-11-14 07:37:54.418401: train_loss -0.3987
2025-11-14 07:37:54.418665: val_loss -0.4277
2025-11-14 07:37:54.418770: Pseudo dice [np.float32(0.9151), np.float32(0.765), np.float32(0.0)]
2025-11-14 07:37:54.418870: Epoch time: 251.74 s
2025-11-14 07:37:54.418949: Yayy! New best EMA pseudo Dice: 0.5580999851226807
2025-11-14 07:37:55.770511: 
2025-11-14 07:37:55.770691: Epoch 87
2025-11-14 07:37:55.770806: Current learning rate: 0.00921
2025-11-14 07:42:07.630454: train_loss -0.3753
2025-11-14 07:42:07.630747: val_loss -0.4091
2025-11-14 07:42:07.630854: Pseudo dice [np.float32(0.9134), np.float32(0.7448), np.float32(0.0)]
2025-11-14 07:42:07.630954: Epoch time: 251.86 s
2025-11-14 07:42:08.689012: 
2025-11-14 07:42:08.689187: Epoch 88
2025-11-14 07:42:08.689301: Current learning rate: 0.0092
2025-11-14 07:46:20.349340: train_loss -0.3798
2025-11-14 07:46:20.349578: val_loss -0.4097
2025-11-14 07:46:20.349689: Pseudo dice [np.float32(0.9109), np.float32(0.7552), np.float32(0.0)]
2025-11-14 07:46:20.349790: Epoch time: 251.66 s
2025-11-14 07:46:21.402854: 
2025-11-14 07:46:21.403097: Epoch 89
2025-11-14 07:46:21.403285: Current learning rate: 0.0092
2025-11-14 07:50:32.650557: train_loss -0.3938
2025-11-14 07:50:32.650806: val_loss -0.4101
2025-11-14 07:50:32.650908: Pseudo dice [np.float32(0.9156), np.float32(0.7596), np.float32(0.0)]
2025-11-14 07:50:32.651006: Epoch time: 251.25 s
2025-11-14 07:50:34.290805: 
2025-11-14 07:50:34.290986: Epoch 90
2025-11-14 07:50:34.291102: Current learning rate: 0.00919
2025-11-14 07:54:46.286584: train_loss -0.3872
2025-11-14 07:54:46.286829: val_loss -0.4223
2025-11-14 07:54:46.286935: Pseudo dice [np.float32(0.917), np.float32(0.7646), np.float32(0.0)]
2025-11-14 07:54:46.287032: Epoch time: 252.0 s
2025-11-14 07:54:47.337937: 
2025-11-14 07:54:47.338116: Epoch 91
2025-11-14 07:54:47.338228: Current learning rate: 0.00918
2025-11-14 07:58:58.833199: train_loss -0.3905
2025-11-14 07:58:58.833509: val_loss -0.4133
2025-11-14 07:58:58.833625: Pseudo dice [np.float32(0.9109), np.float32(0.7442), np.float32(0.0)]
2025-11-14 07:58:58.833730: Epoch time: 251.5 s
2025-11-14 07:58:59.873713: 
2025-11-14 07:58:59.873882: Epoch 92
2025-11-14 07:58:59.873993: Current learning rate: 0.00917
2025-11-14 08:03:11.625949: train_loss -0.3831
2025-11-14 08:03:11.626182: val_loss -0.429
2025-11-14 08:03:11.626371: Pseudo dice [np.float32(0.914), np.float32(0.7578), np.float32(0.0)]
2025-11-14 08:03:11.626528: Epoch time: 251.75 s
2025-11-14 08:03:12.669260: 
2025-11-14 08:03:12.669462: Epoch 93
2025-11-14 08:03:12.669581: Current learning rate: 0.00916
2025-11-14 08:07:24.382190: train_loss -0.3879
2025-11-14 08:07:24.382456: val_loss -0.4011
2025-11-14 08:07:24.382568: Pseudo dice [np.float32(0.9141), np.float32(0.7581), np.float32(0.0)]
2025-11-14 08:07:24.382678: Epoch time: 251.71 s
2025-11-14 08:07:25.432367: 
2025-11-14 08:07:25.432546: Epoch 94
2025-11-14 08:07:25.432666: Current learning rate: 0.00915
2025-11-14 08:11:37.122302: train_loss -0.3957
2025-11-14 08:11:37.122604: val_loss -0.4159
2025-11-14 08:11:37.122717: Pseudo dice [np.float32(0.9214), np.float32(0.7651), np.float32(0.0)]
2025-11-14 08:11:37.122822: Epoch time: 251.69 s
2025-11-14 08:11:38.165779: 
2025-11-14 08:11:38.165944: Epoch 95
2025-11-14 08:11:38.166056: Current learning rate: 0.00914
2025-11-14 08:15:49.875562: train_loss -0.3849
2025-11-14 08:15:49.875802: val_loss -0.4145
2025-11-14 08:15:49.875902: Pseudo dice [np.float32(0.9072), np.float32(0.7691), np.float32(0.0)]
2025-11-14 08:15:49.876002: Epoch time: 251.71 s
2025-11-14 08:15:50.919758: 
2025-11-14 08:15:50.920043: Epoch 96
2025-11-14 08:15:50.920168: Current learning rate: 0.00913
2025-11-14 08:20:02.568918: train_loss -0.3837
2025-11-14 08:20:02.569156: val_loss -0.4244
2025-11-14 08:20:02.569256: Pseudo dice [np.float32(0.9127), np.float32(0.7549), np.float32(0.0)]
2025-11-14 08:20:02.569354: Epoch time: 251.65 s
2025-11-14 08:20:03.618342: 
2025-11-14 08:20:03.618620: Epoch 97
2025-11-14 08:20:03.618740: Current learning rate: 0.00912
2025-11-14 08:24:15.109277: train_loss -0.3837
2025-11-14 08:24:15.109510: val_loss -0.413
2025-11-14 08:24:15.109623: Pseudo dice [np.float32(0.9111), np.float32(0.7675), np.float32(0.0)]
2025-11-14 08:24:15.109727: Epoch time: 251.49 s
2025-11-14 08:24:16.163457: 
2025-11-14 08:24:16.163754: Epoch 98
2025-11-14 08:24:16.163876: Current learning rate: 0.00911
2025-11-14 08:28:28.093400: train_loss -0.3875
2025-11-14 08:28:28.093650: val_loss -0.4259
2025-11-14 08:28:28.093756: Pseudo dice [np.float32(0.9154), np.float32(0.7611), np.float32(0.0)]
2025-11-14 08:28:28.093857: Epoch time: 251.93 s
2025-11-14 08:28:29.151257: 
2025-11-14 08:28:29.151539: Epoch 99
2025-11-14 08:28:29.151919: Current learning rate: 0.0091
2025-11-14 08:32:40.721506: train_loss -0.3905
2025-11-14 08:32:40.721750: val_loss -0.4298
2025-11-14 08:32:40.721850: Pseudo dice [np.float32(0.9136), np.float32(0.7599), np.float32(0.0)]
2025-11-14 08:32:40.721948: Epoch time: 251.57 s
2025-11-14 08:32:42.117957: 
2025-11-14 08:32:42.118229: Epoch 100
2025-11-14 08:32:42.118352: Current learning rate: 0.0091
2025-11-14 08:36:54.091460: train_loss -0.3899
2025-11-14 08:36:54.091704: val_loss -0.4186
2025-11-14 08:36:54.091807: Pseudo dice [np.float32(0.9153), np.float32(0.7545), np.float32(0.0)]
2025-11-14 08:36:54.091907: Epoch time: 251.97 s
2025-11-14 08:36:55.143753: 
2025-11-14 08:36:55.143998: Epoch 101
2025-11-14 08:36:55.144115: Current learning rate: 0.00909
2025-11-14 08:41:07.025942: train_loss -0.3977
2025-11-14 08:41:07.026187: val_loss -0.4206
2025-11-14 08:41:07.026290: Pseudo dice [np.float32(0.9079), np.float32(0.7658), np.float32(0.0)]
2025-11-14 08:41:07.026388: Epoch time: 251.88 s
2025-11-14 08:41:08.079618: 
2025-11-14 08:41:08.079791: Epoch 102
2025-11-14 08:41:08.080138: Current learning rate: 0.00908
2025-11-14 08:45:19.756594: train_loss -0.3951
2025-11-14 08:45:19.756823: val_loss -0.4131
2025-11-14 08:45:19.757029: Pseudo dice [np.float32(0.9152), np.float32(0.7573), np.float32(0.0)]
2025-11-14 08:45:19.757137: Epoch time: 251.68 s
2025-11-14 08:45:20.810753: 
2025-11-14 08:45:20.810920: Epoch 103
2025-11-14 08:45:20.811029: Current learning rate: 0.00907
2025-11-14 08:49:32.233876: train_loss -0.3973
2025-11-14 08:49:32.234191: val_loss -0.4331
2025-11-14 08:49:32.234296: Pseudo dice [np.float32(0.9147), np.float32(0.7682), np.float32(0.0)]
2025-11-14 08:49:32.234396: Epoch time: 251.42 s
2025-11-14 08:49:32.234475: Yayy! New best EMA pseudo Dice: 0.5580999851226807
2025-11-14 08:49:33.600771: 
2025-11-14 08:49:33.601001: Epoch 104
2025-11-14 08:49:33.601119: Current learning rate: 0.00906
2025-11-14 08:53:45.318667: train_loss -0.3997
2025-11-14 08:53:45.318917: val_loss -0.4253
2025-11-14 08:53:45.319018: Pseudo dice [np.float32(0.9061), np.float32(0.7613), np.float32(0.0)]
2025-11-14 08:53:45.319118: Epoch time: 251.72 s
2025-11-14 08:53:46.373009: 
2025-11-14 08:53:46.373185: Epoch 105
2025-11-14 08:53:46.373295: Current learning rate: 0.00905
2025-11-14 08:57:57.836902: train_loss -0.3973
2025-11-14 08:57:57.837134: val_loss -0.3931
2025-11-14 08:57:57.837235: Pseudo dice [np.float32(0.9221), np.float32(0.7536), np.float32(0.0)]
2025-11-14 08:57:57.837334: Epoch time: 251.46 s
2025-11-14 08:57:58.888043: 
2025-11-14 08:57:58.888237: Epoch 106
2025-11-14 08:57:58.888355: Current learning rate: 0.00904
2025-11-14 09:02:10.565327: train_loss -0.3867
2025-11-14 09:02:10.565564: val_loss -0.4083
2025-11-14 09:02:10.565676: Pseudo dice [np.float32(0.9059), np.float32(0.7344), np.float32(0.0)]
2025-11-14 09:02:10.565779: Epoch time: 251.68 s
2025-11-14 09:02:12.201646: 
2025-11-14 09:02:12.201856: Epoch 107
2025-11-14 09:02:12.201974: Current learning rate: 0.00903
2025-11-14 09:06:23.699998: train_loss -0.3927
2025-11-14 09:06:23.700254: val_loss -0.4244
2025-11-14 09:06:23.700356: Pseudo dice [np.float32(0.9169), np.float32(0.7501), np.float32(0.0)]
2025-11-14 09:06:23.700457: Epoch time: 251.5 s
2025-11-14 09:06:24.754652: 
2025-11-14 09:06:24.754822: Epoch 108
2025-11-14 09:06:24.754934: Current learning rate: 0.00902
2025-11-14 09:10:36.549775: train_loss -0.3845
2025-11-14 09:10:36.549990: val_loss -0.4083
2025-11-14 09:10:36.550090: Pseudo dice [np.float32(0.9232), np.float32(0.7668), np.float32(0.0)]
2025-11-14 09:10:36.550187: Epoch time: 251.8 s
2025-11-14 09:10:37.606687: 
2025-11-14 09:10:37.606969: Epoch 109
2025-11-14 09:10:37.607103: Current learning rate: 0.00901
2025-11-14 09:14:49.193695: train_loss -0.3935
2025-11-14 09:14:49.193977: val_loss -0.4346
2025-11-14 09:14:49.194082: Pseudo dice [np.float32(0.9103), np.float32(0.7611), np.float32(0.0)]
2025-11-14 09:14:49.194180: Epoch time: 251.59 s
2025-11-14 09:14:50.257534: 
2025-11-14 09:14:50.257725: Epoch 110
2025-11-14 09:14:50.257910: Current learning rate: 0.009
2025-11-14 09:19:01.912113: train_loss -0.3833
2025-11-14 09:19:01.912360: val_loss -0.4212
2025-11-14 09:19:01.912465: Pseudo dice [np.float32(0.917), np.float32(0.759), np.float32(0.0)]
2025-11-14 09:19:01.912564: Epoch time: 251.66 s
2025-11-14 09:19:02.894500: 
2025-11-14 09:19:02.894916: Epoch 111
2025-11-14 09:19:02.895225: Current learning rate: 0.009
2025-11-14 09:23:14.564870: train_loss -0.3742
2025-11-14 09:23:14.565128: val_loss -0.4237
2025-11-14 09:23:14.565233: Pseudo dice [np.float32(0.9131), np.float32(0.7481), np.float32(0.0)]
2025-11-14 09:23:14.565337: Epoch time: 251.67 s
2025-11-14 09:23:15.628160: 
2025-11-14 09:23:15.628388: Epoch 112
2025-11-14 09:23:15.628502: Current learning rate: 0.00899
2025-11-14 09:27:27.106314: train_loss -0.3826
2025-11-14 09:27:27.106546: val_loss -0.4096
2025-11-14 09:27:27.106652: Pseudo dice [np.float32(0.9168), np.float32(0.7626), np.float32(0.0)]
2025-11-14 09:27:27.106751: Epoch time: 251.48 s
2025-11-14 09:27:28.167815: 
2025-11-14 09:27:28.167985: Epoch 113
2025-11-14 09:27:28.168097: Current learning rate: 0.00898
2025-11-14 09:31:39.923261: train_loss -0.3873
2025-11-14 09:31:39.923491: val_loss -0.4121
2025-11-14 09:31:39.923594: Pseudo dice [np.float32(0.9124), np.float32(0.7503), np.float32(0.0)]
2025-11-14 09:31:39.923702: Epoch time: 251.76 s
2025-11-14 09:31:40.973436: 
2025-11-14 09:31:40.973619: Epoch 114
2025-11-14 09:31:40.973730: Current learning rate: 0.00897
2025-11-14 09:35:52.336039: train_loss -0.3868
2025-11-14 09:35:52.336285: val_loss -0.4193
2025-11-14 09:35:52.336519: Pseudo dice [np.float32(0.9101), np.float32(0.766), np.float32(0.0)]
2025-11-14 09:35:52.336716: Epoch time: 251.36 s
2025-11-14 09:35:53.390162: 
2025-11-14 09:35:53.390338: Epoch 115
2025-11-14 09:35:53.390450: Current learning rate: 0.00896
2025-11-14 09:40:04.924429: train_loss -0.3784
2025-11-14 09:40:04.924676: val_loss -0.4177
2025-11-14 09:40:04.924778: Pseudo dice [np.float32(0.9099), np.float32(0.7603), np.float32(0.0)]
2025-11-14 09:40:04.924877: Epoch time: 251.54 s
2025-11-14 09:40:05.920958: 
2025-11-14 09:40:05.921135: Epoch 116
2025-11-14 09:40:05.921251: Current learning rate: 0.00895
2025-11-14 09:44:17.709192: train_loss -0.3943
2025-11-14 09:44:17.709475: val_loss -0.4192
2025-11-14 09:44:17.709579: Pseudo dice [np.float32(0.9195), np.float32(0.7604), np.float32(0.0)]
2025-11-14 09:44:17.709687: Epoch time: 251.79 s
2025-11-14 09:44:18.698136: 
2025-11-14 09:44:18.698392: Epoch 117
2025-11-14 09:44:18.698512: Current learning rate: 0.00894
2025-11-14 09:48:30.479561: train_loss -0.379
2025-11-14 09:48:30.480389: val_loss -0.43
2025-11-14 09:48:30.480497: Pseudo dice [np.float32(0.9186), np.float32(0.7674), np.float32(0.0)]
2025-11-14 09:48:30.480620: Epoch time: 251.78 s
2025-11-14 09:48:31.544562: 
2025-11-14 09:48:31.544831: Epoch 118
2025-11-14 09:48:31.544952: Current learning rate: 0.00893
2025-11-14 09:52:43.285251: train_loss -0.3816
2025-11-14 09:52:43.285533: val_loss -0.4032
2025-11-14 09:52:43.285645: Pseudo dice [np.float32(0.9101), np.float32(0.7481), np.float32(0.0)]
2025-11-14 09:52:43.285745: Epoch time: 251.74 s
2025-11-14 09:52:44.348733: 
2025-11-14 09:52:44.348909: Epoch 119
2025-11-14 09:52:44.349126: Current learning rate: 0.00892
2025-11-14 09:56:55.887604: train_loss -0.3856
2025-11-14 09:56:55.887882: val_loss -0.4249
2025-11-14 09:56:55.887986: Pseudo dice [np.float32(0.9142), np.float32(0.7478), np.float32(0.0)]
2025-11-14 09:56:55.888087: Epoch time: 251.54 s
2025-11-14 09:56:56.957182: 
2025-11-14 09:56:56.957365: Epoch 120
2025-11-14 09:56:56.957475: Current learning rate: 0.00891
2025-11-14 10:01:08.436897: train_loss -0.3949
2025-11-14 10:01:08.437129: val_loss -0.4313
2025-11-14 10:01:08.437231: Pseudo dice [np.float32(0.9125), np.float32(0.7681), np.float32(0.0)]
2025-11-14 10:01:08.437333: Epoch time: 251.48 s
2025-11-14 10:01:09.511823: 
2025-11-14 10:01:09.512094: Epoch 121
2025-11-14 10:01:09.512212: Current learning rate: 0.0089
2025-11-14 10:05:21.010194: train_loss -0.3895
2025-11-14 10:05:21.010464: val_loss -0.4146
2025-11-14 10:05:21.010568: Pseudo dice [np.float32(0.9158), np.float32(0.7687), np.float32(0.0)]
2025-11-14 10:05:21.010674: Epoch time: 251.5 s
2025-11-14 10:05:22.078828: 
2025-11-14 10:05:22.078991: Epoch 122
2025-11-14 10:05:22.079109: Current learning rate: 0.00889
2025-11-14 10:09:33.681943: train_loss -0.3903
2025-11-14 10:09:33.682186: val_loss -0.4104
2025-11-14 10:09:33.682292: Pseudo dice [np.float32(0.9097), np.float32(0.7192), np.float32(0.0)]
2025-11-14 10:09:33.682394: Epoch time: 251.6 s
2025-11-14 10:09:34.744488: 
2025-11-14 10:09:34.744823: Epoch 123
2025-11-14 10:09:34.745068: Current learning rate: 0.00889
2025-11-14 10:13:46.333212: train_loss -0.3873
2025-11-14 10:13:46.333464: val_loss -0.4088
2025-11-14 10:13:46.333588: Pseudo dice [np.float32(0.9117), np.float32(0.7603), np.float32(0.0)]
2025-11-14 10:13:46.333699: Epoch time: 251.59 s
2025-11-14 10:13:47.978981: 
2025-11-14 10:13:47.979220: Epoch 124
2025-11-14 10:13:47.979376: Current learning rate: 0.00888
2025-11-14 10:17:59.366620: train_loss -0.3891
2025-11-14 10:17:59.366858: val_loss -0.4116
2025-11-14 10:17:59.366957: Pseudo dice [np.float32(0.922), np.float32(0.7411), np.float32(0.0)]
2025-11-14 10:17:59.367108: Epoch time: 251.39 s
2025-11-14 10:18:00.362176: 
2025-11-14 10:18:00.362453: Epoch 125
2025-11-14 10:18:00.362617: Current learning rate: 0.00887
2025-11-14 10:22:12.012042: train_loss -0.383
2025-11-14 10:22:12.012269: val_loss -0.4373
2025-11-14 10:22:12.012369: Pseudo dice [np.float32(0.9227), np.float32(0.7648), np.float32(0.0)]
2025-11-14 10:22:12.012467: Epoch time: 251.65 s
2025-11-14 10:22:13.072429: 
2025-11-14 10:22:13.072666: Epoch 126
2025-11-14 10:22:13.072838: Current learning rate: 0.00886
2025-11-14 10:26:24.692816: train_loss -0.3863
2025-11-14 10:26:24.693066: val_loss -0.4083
2025-11-14 10:26:24.693174: Pseudo dice [np.float32(0.9146), np.float32(0.7526), np.float32(0.0)]
2025-11-14 10:26:24.693274: Epoch time: 251.62 s
2025-11-14 10:26:25.760802: 
2025-11-14 10:26:25.761042: Epoch 127
2025-11-14 10:26:25.761157: Current learning rate: 0.00885
2025-11-14 10:30:37.283276: train_loss -0.3913
2025-11-14 10:30:37.283507: val_loss -0.4142
2025-11-14 10:30:37.283607: Pseudo dice [np.float32(0.9163), np.float32(0.7573), np.float32(0.0)]
2025-11-14 10:30:37.283713: Epoch time: 251.52 s
2025-11-14 10:30:38.356696: 
2025-11-14 10:30:38.356941: Epoch 128
2025-11-14 10:30:38.357077: Current learning rate: 0.00884
2025-11-14 10:34:49.784258: train_loss -0.3909
2025-11-14 10:34:49.784478: val_loss -0.431
2025-11-14 10:34:49.784580: Pseudo dice [np.float32(0.9216), np.float32(0.7509), np.float32(0.0)]
2025-11-14 10:34:49.784690: Epoch time: 251.43 s
2025-11-14 10:34:50.851007: 
2025-11-14 10:34:50.851257: Epoch 129
2025-11-14 10:34:50.851403: Current learning rate: 0.00883
2025-11-14 10:39:02.166744: train_loss -0.4026
2025-11-14 10:39:02.166971: val_loss -0.4322
2025-11-14 10:39:02.167071: Pseudo dice [np.float32(0.9213), np.float32(0.7673), np.float32(0.0)]
2025-11-14 10:39:02.167170: Epoch time: 251.32 s
2025-11-14 10:39:03.231842: 
2025-11-14 10:39:03.232052: Epoch 130
2025-11-14 10:39:03.232220: Current learning rate: 0.00882
2025-11-14 10:43:15.137216: train_loss -0.3948
2025-11-14 10:43:15.137446: val_loss -0.4161
2025-11-14 10:43:15.137547: Pseudo dice [np.float32(0.9105), np.float32(0.7621), np.float32(0.0)]
2025-11-14 10:43:15.137655: Epoch time: 251.91 s
2025-11-14 10:43:16.205802: 
2025-11-14 10:43:16.206053: Epoch 131
2025-11-14 10:43:16.206170: Current learning rate: 0.00881
2025-11-14 10:47:27.699573: train_loss -0.4002
2025-11-14 10:47:27.699821: val_loss -0.4173
2025-11-14 10:47:27.699926: Pseudo dice [np.float32(0.916), np.float32(0.7615), np.float32(0.0)]
2025-11-14 10:47:27.700026: Epoch time: 251.49 s
2025-11-14 10:47:28.769738: 
2025-11-14 10:47:28.769911: Epoch 132
2025-11-14 10:47:28.770024: Current learning rate: 0.0088
2025-11-14 10:51:40.601017: train_loss -0.4036
2025-11-14 10:51:40.601264: val_loss -0.414
2025-11-14 10:51:40.601365: Pseudo dice [np.float32(0.9058), np.float32(0.7696), np.float32(0.0)]
2025-11-14 10:51:40.601463: Epoch time: 251.83 s
2025-11-14 10:51:41.675261: 
2025-11-14 10:51:41.675482: Epoch 133
2025-11-14 10:51:41.675600: Current learning rate: 0.00879
2025-11-14 10:55:53.608716: train_loss -0.3817
2025-11-14 10:55:53.608941: val_loss -0.4154
2025-11-14 10:55:53.609040: Pseudo dice [np.float32(0.9161), np.float32(0.7545), np.float32(0.0)]
2025-11-14 10:55:53.609137: Epoch time: 251.93 s
2025-11-14 10:55:54.680014: 
2025-11-14 10:55:54.680195: Epoch 134
2025-11-14 10:55:54.680307: Current learning rate: 0.00879
2025-11-14 11:00:06.378777: train_loss -0.3866
2025-11-14 11:00:06.379017: val_loss -0.4129
2025-11-14 11:00:06.379122: Pseudo dice [np.float32(0.9186), np.float32(0.7544), np.float32(0.0)]
2025-11-14 11:00:06.379222: Epoch time: 251.7 s
2025-11-14 11:00:07.453309: 
2025-11-14 11:00:07.453565: Epoch 135
2025-11-14 11:00:07.453749: Current learning rate: 0.00878
2025-11-14 11:04:19.211717: train_loss -0.4025
2025-11-14 11:04:19.211996: val_loss -0.4283
2025-11-14 11:04:19.212103: Pseudo dice [np.float32(0.9164), np.float32(0.7642), np.float32(0.0)]
2025-11-14 11:04:19.212204: Epoch time: 251.76 s
2025-11-14 11:04:20.290363: 
2025-11-14 11:04:20.290599: Epoch 136
2025-11-14 11:04:20.290724: Current learning rate: 0.00877
2025-11-14 11:08:32.278157: train_loss -0.4037
2025-11-14 11:08:32.278394: val_loss -0.4181
2025-11-14 11:08:32.278496: Pseudo dice [np.float32(0.913), np.float32(0.7766), np.float32(0.0)]
2025-11-14 11:08:32.278596: Epoch time: 251.99 s
2025-11-14 11:08:32.278683: Yayy! New best EMA pseudo Dice: 0.5583999752998352
2025-11-14 11:08:33.641638: 
2025-11-14 11:08:33.641898: Epoch 137
2025-11-14 11:08:33.642141: Current learning rate: 0.00876
2025-11-14 11:12:45.249019: train_loss -0.3871
2025-11-14 11:12:45.249257: val_loss -0.4147
2025-11-14 11:12:45.249357: Pseudo dice [np.float32(0.9179), np.float32(0.7694), np.float32(0.0)]
2025-11-14 11:12:45.249457: Epoch time: 251.61 s
2025-11-14 11:12:45.249535: Yayy! New best EMA pseudo Dice: 0.5587999820709229
2025-11-14 11:12:46.643466: 
2025-11-14 11:12:46.643697: Epoch 138
2025-11-14 11:12:46.643830: Current learning rate: 0.00875
2025-11-14 11:16:58.553819: train_loss -0.4018
2025-11-14 11:16:58.554054: val_loss -0.4199
2025-11-14 11:16:58.554154: Pseudo dice [np.float32(0.9126), np.float32(0.747), np.float32(0.0)]
2025-11-14 11:16:58.554250: Epoch time: 251.91 s
2025-11-14 11:16:59.625658: 
2025-11-14 11:16:59.625879: Epoch 139
2025-11-14 11:16:59.625997: Current learning rate: 0.00874
2025-11-14 11:21:11.730655: train_loss -0.4028
2025-11-14 11:21:11.730886: val_loss -0.4212
2025-11-14 11:21:11.730984: Pseudo dice [np.float32(0.9139), np.float32(0.755), np.float32(0.0)]
2025-11-14 11:21:11.731084: Epoch time: 252.11 s
2025-11-14 11:21:13.388554: 
2025-11-14 11:21:13.388785: Epoch 140
2025-11-14 11:21:13.388904: Current learning rate: 0.00873
2025-11-14 11:25:25.420341: train_loss -0.4048
2025-11-14 11:25:25.420574: val_loss -0.4531
2025-11-14 11:25:25.420684: Pseudo dice [np.float32(0.916), np.float32(0.7658), np.float32(0.0)]
2025-11-14 11:25:25.420787: Epoch time: 252.03 s
2025-11-14 11:25:26.495551: 
2025-11-14 11:25:26.495750: Epoch 141
2025-11-14 11:25:26.495863: Current learning rate: 0.00872
2025-11-14 11:29:38.116792: train_loss -0.401
2025-11-14 11:29:38.117038: val_loss -0.4302
2025-11-14 11:29:38.117150: Pseudo dice [np.float32(0.9197), np.float32(0.7581), np.float32(0.0)]
2025-11-14 11:29:38.117249: Epoch time: 251.62 s
2025-11-14 11:29:39.218136: 
2025-11-14 11:29:39.218346: Epoch 142
2025-11-14 11:29:39.218466: Current learning rate: 0.00871
2025-11-14 11:33:51.093285: train_loss -0.4018
2025-11-14 11:33:51.093516: val_loss -0.4016
2025-11-14 11:33:51.093625: Pseudo dice [np.float32(0.9027), np.float32(0.7475), np.float32(0.0)]
2025-11-14 11:33:51.093821: Epoch time: 251.88 s
2025-11-14 11:33:52.174623: 
2025-11-14 11:33:52.174801: Epoch 143
2025-11-14 11:33:52.174921: Current learning rate: 0.0087
2025-11-14 11:38:03.935918: train_loss -0.4078
2025-11-14 11:38:03.936151: val_loss -0.4375
2025-11-14 11:38:03.936252: Pseudo dice [np.float32(0.9123), np.float32(0.7649), np.float32(0.0)]
2025-11-14 11:38:03.936353: Epoch time: 251.76 s
2025-11-14 11:38:05.017215: 
2025-11-14 11:38:05.017395: Epoch 144
2025-11-14 11:38:05.017507: Current learning rate: 0.00869
2025-11-14 11:42:17.134417: train_loss -0.4019
2025-11-14 11:42:17.134708: val_loss -0.4207
2025-11-14 11:42:17.134814: Pseudo dice [np.float32(0.9188), np.float32(0.7333), np.float32(0.0)]
2025-11-14 11:42:17.134914: Epoch time: 252.12 s
2025-11-14 11:42:18.137889: 
2025-11-14 11:42:18.138242: Epoch 145
2025-11-14 11:42:18.138505: Current learning rate: 0.00868
2025-11-14 11:46:29.672190: train_loss -0.3928
2025-11-14 11:46:29.672426: val_loss -0.4276
2025-11-14 11:46:29.672526: Pseudo dice [np.float32(0.9172), np.float32(0.765), np.float32(0.0)]
2025-11-14 11:46:29.672633: Epoch time: 251.54 s
2025-11-14 11:46:30.750344: 
2025-11-14 11:46:30.750520: Epoch 146
2025-11-14 11:46:30.750638: Current learning rate: 0.00868
2025-11-14 11:50:42.529089: train_loss -0.4082
2025-11-14 11:50:42.529322: val_loss -0.4354
2025-11-14 11:50:42.529425: Pseudo dice [np.float32(0.9225), np.float32(0.7631), np.float32(0.0)]
2025-11-14 11:50:42.529526: Epoch time: 251.78 s
2025-11-14 11:50:43.608409: 
2025-11-14 11:50:43.608651: Epoch 147
2025-11-14 11:50:43.608780: Current learning rate: 0.00867
2025-11-14 11:54:55.544726: train_loss -0.4019
2025-11-14 11:54:55.544973: val_loss -0.4103
2025-11-14 11:54:55.545140: Pseudo dice [np.float32(0.9258), np.float32(0.7505), np.float32(0.1978)]
2025-11-14 11:54:55.545246: Epoch time: 251.94 s
2025-11-14 11:54:55.545326: Yayy! New best EMA pseudo Dice: 0.5644999742507935
2025-11-14 11:54:56.945025: 
2025-11-14 11:54:56.945193: Epoch 148
2025-11-14 11:54:56.945305: Current learning rate: 0.00866
2025-11-14 11:59:08.842596: train_loss -0.4142
2025-11-14 11:59:08.842837: val_loss -0.3963
2025-11-14 11:59:08.842942: Pseudo dice [np.float32(0.9163), np.float32(0.757), np.float32(0.0235)]
2025-11-14 11:59:08.843043: Epoch time: 251.9 s
2025-11-14 11:59:08.843123: Yayy! New best EMA pseudo Dice: 0.5645999908447266
2025-11-14 11:59:10.228781: 
2025-11-14 11:59:10.228964: Epoch 149
2025-11-14 11:59:10.229081: Current learning rate: 0.00865
2025-11-14 12:03:22.293015: train_loss -0.3958
2025-11-14 12:03:22.293255: val_loss -0.4267
2025-11-14 12:03:22.293358: Pseudo dice [np.float32(0.9254), np.float32(0.7521), np.float32(0.0731)]
2025-11-14 12:03:22.293459: Epoch time: 252.07 s
2025-11-14 12:03:22.573525: Yayy! New best EMA pseudo Dice: 0.5665000081062317
2025-11-14 12:03:23.962185: 
2025-11-14 12:03:23.962446: Epoch 150
2025-11-14 12:03:23.962565: Current learning rate: 0.00864
2025-11-14 12:07:35.870298: train_loss -0.4032
2025-11-14 12:07:35.870589: val_loss -0.4088
2025-11-14 12:07:35.870703: Pseudo dice [np.float32(0.9215), np.float32(0.7608), np.float32(0.0924)]
2025-11-14 12:07:35.870806: Epoch time: 251.91 s
2025-11-14 12:07:35.870886: Yayy! New best EMA pseudo Dice: 0.5690000057220459
2025-11-14 12:07:37.212149: 
2025-11-14 12:07:37.212434: Epoch 151
2025-11-14 12:07:37.212554: Current learning rate: 0.00863
2025-11-14 12:11:49.048051: train_loss -0.3907
2025-11-14 12:11:49.048331: val_loss -0.4279
2025-11-14 12:11:49.048438: Pseudo dice [np.float32(0.9149), np.float32(0.7557), np.float32(0.3117)]
2025-11-14 12:11:49.048543: Epoch time: 251.84 s
2025-11-14 12:11:49.048630: Yayy! New best EMA pseudo Dice: 0.5781999826431274
2025-11-14 12:11:50.429991: 
2025-11-14 12:11:50.430198: Epoch 152
2025-11-14 12:11:50.430313: Current learning rate: 0.00862
2025-11-14 12:16:02.081257: train_loss -0.4143
2025-11-14 12:16:02.081494: val_loss -0.414
2025-11-14 12:16:02.088218: Pseudo dice [np.float32(0.9205), np.float32(0.7637), np.float32(0.2668)]
2025-11-14 12:16:02.088342: Epoch time: 251.65 s
2025-11-14 12:16:02.088418: Yayy! New best EMA pseudo Dice: 0.5853999853134155
2025-11-14 12:16:03.521188: 
2025-11-14 12:16:03.521405: Epoch 153
2025-11-14 12:16:03.521556: Current learning rate: 0.00861
2025-11-14 12:20:15.044557: train_loss -0.4166
2025-11-14 12:20:15.044792: val_loss -0.4047
2025-11-14 12:20:15.044906: Pseudo dice [np.float32(0.9226), np.float32(0.7641), np.float32(0.0944)]
2025-11-14 12:20:15.045023: Epoch time: 251.52 s
2025-11-14 12:20:15.045104: Yayy! New best EMA pseudo Dice: 0.5863000154495239
2025-11-14 12:20:16.461101: 
2025-11-14 12:20:16.461273: Epoch 154
2025-11-14 12:20:16.461385: Current learning rate: 0.0086
2025-11-14 12:24:28.258911: train_loss -0.4144
2025-11-14 12:24:28.259145: val_loss -0.4055
2025-11-14 12:24:28.259244: Pseudo dice [np.float32(0.9173), np.float32(0.7619), np.float32(0.0037)]
2025-11-14 12:24:28.259342: Epoch time: 251.8 s
2025-11-14 12:24:29.360866: 
2025-11-14 12:24:29.361037: Epoch 155
2025-11-14 12:24:29.361151: Current learning rate: 0.00859
2025-11-14 12:28:41.073889: train_loss -0.4018
2025-11-14 12:28:41.074117: val_loss -0.4426
2025-11-14 12:28:41.074221: Pseudo dice [np.float32(0.9199), np.float32(0.7684), np.float32(0.1538)]
2025-11-14 12:28:41.074322: Epoch time: 251.71 s
2025-11-14 12:28:41.074403: Yayy! New best EMA pseudo Dice: 0.5867999792098999
2025-11-14 12:28:43.059922: 
2025-11-14 12:28:43.060201: Epoch 156
2025-11-14 12:28:43.060427: Current learning rate: 0.00858
2025-11-14 12:32:54.762204: train_loss -0.4171
2025-11-14 12:32:54.762459: val_loss -0.423
2025-11-14 12:32:54.762560: Pseudo dice [np.float32(0.9075), np.float32(0.7656), np.float32(0.3245)]
2025-11-14 12:32:54.762667: Epoch time: 251.7 s
2025-11-14 12:32:54.762747: Yayy! New best EMA pseudo Dice: 0.5946999788284302
2025-11-14 12:32:56.162054: 
2025-11-14 12:32:56.162247: Epoch 157
2025-11-14 12:32:56.162356: Current learning rate: 0.00858
2025-11-14 12:37:08.008672: train_loss -0.4116
2025-11-14 12:37:08.008988: val_loss -0.4202
2025-11-14 12:37:08.009105: Pseudo dice [np.float32(0.9138), np.float32(0.7566), np.float32(0.111)]
2025-11-14 12:37:08.009207: Epoch time: 251.85 s
2025-11-14 12:37:09.032051: 
2025-11-14 12:37:09.032362: Epoch 158
2025-11-14 12:37:09.032493: Current learning rate: 0.00857
2025-11-14 12:41:20.834584: train_loss -0.4125
2025-11-14 12:41:20.834864: val_loss -0.3981
2025-11-14 12:41:20.834970: Pseudo dice [np.float32(0.9126), np.float32(0.7505), np.float32(0.2003)]
2025-11-14 12:41:20.835072: Epoch time: 251.8 s
2025-11-14 12:41:20.835152: Yayy! New best EMA pseudo Dice: 0.5971999764442444
2025-11-14 12:41:22.329579: 
2025-11-14 12:41:22.329839: Epoch 159
2025-11-14 12:41:22.329991: Current learning rate: 0.00856
2025-11-14 12:45:33.780620: train_loss -0.403
2025-11-14 12:45:33.780895: val_loss -0.4359
2025-11-14 12:45:33.781024: Pseudo dice [np.float32(0.9194), np.float32(0.7623), np.float32(0.4313)]
2025-11-14 12:45:33.781249: Epoch time: 251.45 s
2025-11-14 12:45:33.781365: Yayy! New best EMA pseudo Dice: 0.6079000234603882
2025-11-14 12:45:35.153312: 
2025-11-14 12:45:35.153495: Epoch 160
2025-11-14 12:45:35.153605: Current learning rate: 0.00855
2025-11-14 12:49:46.864036: train_loss -0.4143
2025-11-14 12:49:46.864277: val_loss -0.4295
2025-11-14 12:49:46.864379: Pseudo dice [np.float32(0.9143), np.float32(0.7521), np.float32(0.2898)]
2025-11-14 12:49:46.864478: Epoch time: 251.71 s
2025-11-14 12:49:46.864560: Yayy! New best EMA pseudo Dice: 0.6123999953269958
2025-11-14 12:49:48.322680: 
2025-11-14 12:49:48.322860: Epoch 161
2025-11-14 12:49:48.322974: Current learning rate: 0.00854
2025-11-14 12:54:00.152457: train_loss -0.4232
2025-11-14 12:54:00.152701: val_loss -0.4194
2025-11-14 12:54:00.152804: Pseudo dice [np.float32(0.91), np.float32(0.7641), np.float32(0.1087)]
2025-11-14 12:54:00.152906: Epoch time: 251.83 s
2025-11-14 12:54:01.257889: 
2025-11-14 12:54:01.258060: Epoch 162
2025-11-14 12:54:01.258222: Current learning rate: 0.00853
2025-11-14 12:58:13.217762: train_loss -0.4129
2025-11-14 12:58:13.218002: val_loss -0.4115
2025-11-14 12:58:13.218105: Pseudo dice [np.float32(0.9217), np.float32(0.7495), np.float32(0.0163)]
2025-11-14 12:58:13.218205: Epoch time: 251.96 s
2025-11-14 12:58:14.317127: 
2025-11-14 12:58:14.317363: Epoch 163
2025-11-14 12:58:14.317502: Current learning rate: 0.00852
2025-11-14 13:02:25.739551: train_loss -0.4208
2025-11-14 13:02:25.739803: val_loss -0.4313
2025-11-14 13:02:25.739904: Pseudo dice [np.float32(0.9174), np.float32(0.7428), np.float32(0.4264)]
2025-11-14 13:02:25.740007: Epoch time: 251.42 s
2025-11-14 13:02:25.740087: Yayy! New best EMA pseudo Dice: 0.6147000193595886
2025-11-14 13:02:27.172253: 
2025-11-14 13:02:27.172547: Epoch 164
2025-11-14 13:02:27.172670: Current learning rate: 0.00851
2025-11-14 13:06:38.796010: train_loss -0.4083
2025-11-14 13:06:38.796247: val_loss -0.4089
2025-11-14 13:06:38.796347: Pseudo dice [np.float32(0.9127), np.float32(0.7704), np.float32(0.0902)]
2025-11-14 13:06:38.796449: Epoch time: 251.62 s
2025-11-14 13:06:39.879895: 
2025-11-14 13:06:39.880170: Epoch 165
2025-11-14 13:06:39.880351: Current learning rate: 0.0085
2025-11-14 13:10:51.807404: train_loss -0.4119
2025-11-14 13:10:51.807657: val_loss -0.4122
2025-11-14 13:10:51.807760: Pseudo dice [np.float32(0.9239), np.float32(0.7332), np.float32(0.3061)]
2025-11-14 13:10:51.807860: Epoch time: 251.93 s
2025-11-14 13:10:51.807941: Yayy! New best EMA pseudo Dice: 0.616599977016449
2025-11-14 13:10:53.189531: 
2025-11-14 13:10:53.189862: Epoch 166
2025-11-14 13:10:53.190006: Current learning rate: 0.00849
2025-11-14 13:15:05.287671: train_loss -0.4256
2025-11-14 13:15:05.287914: val_loss -0.4579
2025-11-14 13:15:05.288013: Pseudo dice [np.float32(0.9174), np.float32(0.7499), np.float32(0.1617)]
2025-11-14 13:15:05.288113: Epoch time: 252.1 s
2025-11-14 13:15:06.367347: 
2025-11-14 13:15:06.367744: Epoch 167
2025-11-14 13:15:06.367956: Current learning rate: 0.00848
2025-11-14 13:19:18.242495: train_loss -0.4161
2025-11-14 13:19:18.242826: val_loss -0.4424
2025-11-14 13:19:18.242974: Pseudo dice [np.float32(0.9108), np.float32(0.7562), np.float32(0.4085)]
2025-11-14 13:19:18.243079: Epoch time: 251.88 s
2025-11-14 13:19:18.243158: Yayy! New best EMA pseudo Dice: 0.6234999895095825
2025-11-14 13:19:19.657888: 
2025-11-14 13:19:19.658129: Epoch 168
2025-11-14 13:19:19.658276: Current learning rate: 0.00847
2025-11-14 13:23:31.335834: train_loss -0.405
2025-11-14 13:23:31.336077: val_loss -0.4628
2025-11-14 13:23:31.336179: Pseudo dice [np.float32(0.9211), np.float32(0.7629), np.float32(0.4558)]
2025-11-14 13:23:31.336277: Epoch time: 251.68 s
2025-11-14 13:23:31.336354: Yayy! New best EMA pseudo Dice: 0.6323999762535095
2025-11-14 13:23:32.760544: 
2025-11-14 13:23:32.760829: Epoch 169
2025-11-14 13:23:32.760966: Current learning rate: 0.00847
2025-11-14 13:27:44.604660: train_loss -0.4169
2025-11-14 13:27:44.604890: val_loss -0.4382
2025-11-14 13:27:44.604993: Pseudo dice [np.float32(0.9142), np.float32(0.7666), np.float32(0.2852)]
2025-11-14 13:27:44.605091: Epoch time: 251.85 s
2025-11-14 13:27:44.605173: Yayy! New best EMA pseudo Dice: 0.6347000002861023
2025-11-14 13:27:45.957898: 
2025-11-14 13:27:45.958073: Epoch 170
2025-11-14 13:27:45.958189: Current learning rate: 0.00846
2025-11-14 13:31:57.937692: train_loss -0.3996
2025-11-14 13:31:57.937929: val_loss -0.4413
2025-11-14 13:31:57.938032: Pseudo dice [np.float32(0.9175), np.float32(0.7544), np.float32(0.1416)]
2025-11-14 13:31:57.938131: Epoch time: 251.98 s
2025-11-14 13:31:59.021503: 
2025-11-14 13:31:59.021679: Epoch 171
2025-11-14 13:31:59.021792: Current learning rate: 0.00845
2025-11-14 13:36:10.727090: train_loss -0.4049
2025-11-14 13:36:10.727340: val_loss -0.4256
2025-11-14 13:36:10.727443: Pseudo dice [np.float32(0.9183), np.float32(0.76), np.float32(0.2626)]
2025-11-14 13:36:10.727544: Epoch time: 251.71 s
2025-11-14 13:36:12.406815: 
2025-11-14 13:36:12.407080: Epoch 172
2025-11-14 13:36:12.407201: Current learning rate: 0.00844
2025-11-14 13:40:24.357164: train_loss -0.4202
2025-11-14 13:40:24.357455: val_loss -0.4075
2025-11-14 13:40:24.357561: Pseudo dice [np.float32(0.9189), np.float32(0.7433), np.float32(0.0639)]
2025-11-14 13:40:24.357668: Epoch time: 251.95 s
2025-11-14 13:40:25.449172: 
2025-11-14 13:40:25.449359: Epoch 173
2025-11-14 13:40:25.449469: Current learning rate: 0.00843
2025-11-14 13:44:37.025335: train_loss -0.421
2025-11-14 13:44:37.025675: val_loss -0.422
2025-11-14 13:44:37.025781: Pseudo dice [np.float32(0.9142), np.float32(0.7605), np.float32(0.0779)]
2025-11-14 13:44:37.025885: Epoch time: 251.58 s
2025-11-14 13:44:38.116793: 
2025-11-14 13:44:38.117054: Epoch 174
2025-11-14 13:44:38.117175: Current learning rate: 0.00842
2025-11-14 13:48:50.230968: train_loss -0.4179
2025-11-14 13:48:50.231229: val_loss -0.4302
2025-11-14 13:48:50.231353: Pseudo dice [np.float32(0.9191), np.float32(0.7654), np.float32(0.3877)]
2025-11-14 13:48:50.231454: Epoch time: 252.12 s
2025-11-14 13:48:51.320260: 
2025-11-14 13:48:51.320440: Epoch 175
2025-11-14 13:48:51.320551: Current learning rate: 0.00841
2025-11-14 13:53:03.196334: train_loss -0.415
2025-11-14 13:53:03.197030: val_loss -0.4311
2025-11-14 13:53:03.197144: Pseudo dice [np.float32(0.9224), np.float32(0.7608), np.float32(0.464)]
2025-11-14 13:53:03.197247: Epoch time: 251.88 s
2025-11-14 13:53:03.197325: Yayy! New best EMA pseudo Dice: 0.6384999752044678
2025-11-14 13:53:04.584502: 
2025-11-14 13:53:04.584703: Epoch 176
2025-11-14 13:53:04.584820: Current learning rate: 0.0084
2025-11-14 13:57:16.170714: train_loss -0.4302
2025-11-14 13:57:16.171437: val_loss -0.4829
2025-11-14 13:57:16.171552: Pseudo dice [np.float32(0.911), np.float32(0.7636), np.float32(0.1289)]
2025-11-14 13:57:16.171663: Epoch time: 251.59 s
2025-11-14 13:57:17.261608: 
2025-11-14 13:57:17.261792: Epoch 177
2025-11-14 13:57:17.261931: Current learning rate: 0.00839
2025-11-14 14:01:29.253989: train_loss -0.488
2025-11-14 14:01:29.254227: val_loss -0.5014
2025-11-14 14:01:29.254334: Pseudo dice [np.float32(0.9114), np.float32(0.7362), np.float32(0.2441)]
2025-11-14 14:01:29.254512: Epoch time: 251.99 s
2025-11-14 14:01:30.346010: 
2025-11-14 14:01:30.346250: Epoch 178
2025-11-14 14:01:30.346412: Current learning rate: 0.00838
2025-11-14 14:05:41.986583: train_loss -0.4779
2025-11-14 14:05:41.987231: val_loss -0.5005
2025-11-14 14:05:41.987355: Pseudo dice [np.float32(0.914), np.float32(0.7652), np.float32(0.3881)]
2025-11-14 14:05:41.987459: Epoch time: 251.64 s
2025-11-14 14:05:41.987540: Yayy! New best EMA pseudo Dice: 0.6398000121116638
2025-11-14 14:05:43.372683: 
2025-11-14 14:05:43.372858: Epoch 179
2025-11-14 14:05:43.372973: Current learning rate: 0.00837
2025-11-14 14:09:55.022361: train_loss -0.4812
2025-11-14 14:09:55.022607: val_loss -0.5031
2025-11-14 14:09:55.022722: Pseudo dice [np.float32(0.9191), np.float32(0.7629), np.float32(0.171)]
2025-11-14 14:09:55.022823: Epoch time: 251.65 s
2025-11-14 14:09:56.110367: 
2025-11-14 14:09:56.110638: Epoch 180
2025-11-14 14:09:56.110756: Current learning rate: 0.00836
2025-11-14 14:14:07.974472: train_loss -0.4841
2025-11-14 14:14:07.974721: val_loss -0.5066
2025-11-14 14:14:07.974862: Pseudo dice [np.float32(0.9103), np.float32(0.7674), np.float32(0.218)]
2025-11-14 14:14:07.975028: Epoch time: 251.87 s
2025-11-14 14:14:09.060569: 
2025-11-14 14:14:09.060815: Epoch 181
2025-11-14 14:14:09.060935: Current learning rate: 0.00836
2025-11-14 14:18:20.508729: train_loss -0.4867
2025-11-14 14:18:20.508976: val_loss -0.4922
2025-11-14 14:18:20.509099: Pseudo dice [np.float32(0.9173), np.float32(0.7714), np.float32(0.3804)]
2025-11-14 14:18:20.509202: Epoch time: 251.45 s
2025-11-14 14:18:20.509282: Yayy! New best EMA pseudo Dice: 0.642300009727478
2025-11-14 14:18:21.908573: 
2025-11-14 14:18:21.908802: Epoch 182
2025-11-14 14:18:21.908962: Current learning rate: 0.00835
2025-11-14 14:22:33.631495: train_loss -0.4881
2025-11-14 14:22:33.631812: val_loss -0.4958
2025-11-14 14:22:33.631924: Pseudo dice [np.float32(0.9182), np.float32(0.7534), np.float32(0.32)]
2025-11-14 14:22:33.632026: Epoch time: 251.72 s
2025-11-14 14:22:33.632106: Yayy! New best EMA pseudo Dice: 0.6444000005722046
2025-11-14 14:22:34.993627: 
2025-11-14 14:22:34.993812: Epoch 183
2025-11-14 14:22:34.993924: Current learning rate: 0.00834
2025-11-14 14:26:46.645205: train_loss -0.4935
2025-11-14 14:26:46.645454: val_loss -0.5248
2025-11-14 14:26:46.645558: Pseudo dice [np.float32(0.9172), np.float32(0.77), np.float32(0.2876)]
2025-11-14 14:26:46.645665: Epoch time: 251.65 s
2025-11-14 14:26:46.645744: Yayy! New best EMA pseudo Dice: 0.645799994468689
2025-11-14 14:26:48.014574: 
2025-11-14 14:26:48.014768: Epoch 184
2025-11-14 14:26:48.014926: Current learning rate: 0.00833
2025-11-14 14:30:59.747262: train_loss -0.5057
2025-11-14 14:30:59.747512: val_loss -0.4777
2025-11-14 14:30:59.747619: Pseudo dice [np.float32(0.9221), np.float32(0.7573), np.float32(0.1293)]
2025-11-14 14:30:59.747770: Epoch time: 251.73 s
2025-11-14 14:31:00.835922: 
2025-11-14 14:31:00.836115: Epoch 185
2025-11-14 14:31:00.836268: Current learning rate: 0.00832
2025-11-14 14:35:12.394148: train_loss -0.4883
2025-11-14 14:35:12.394390: val_loss -0.5159
2025-11-14 14:35:12.394493: Pseudo dice [np.float32(0.9205), np.float32(0.7559), np.float32(0.1588)]
2025-11-14 14:35:12.394595: Epoch time: 251.56 s
2025-11-14 14:35:13.485455: 
2025-11-14 14:35:13.485666: Epoch 186
2025-11-14 14:35:13.485783: Current learning rate: 0.00831
2025-11-14 14:39:25.651975: train_loss -0.4806
2025-11-14 14:39:25.652219: val_loss -0.4834
2025-11-14 14:39:25.652321: Pseudo dice [np.float32(0.9153), np.float32(0.7614), np.float32(0.3545)]
2025-11-14 14:39:25.652422: Epoch time: 252.17 s
2025-11-14 14:39:26.739215: 
2025-11-14 14:39:26.739466: Epoch 187
2025-11-14 14:39:26.739628: Current learning rate: 0.0083
2025-11-14 14:43:38.684584: train_loss -0.4951
2025-11-14 14:43:38.684837: val_loss -0.4925
2025-11-14 14:43:38.685101: Pseudo dice [np.float32(0.9117), np.float32(0.7661), np.float32(0.2287)]
2025-11-14 14:43:38.685259: Epoch time: 251.95 s
2025-11-14 14:43:40.357724: 
2025-11-14 14:43:40.358000: Epoch 188
2025-11-14 14:43:40.358123: Current learning rate: 0.00829
2025-11-14 14:47:52.409136: train_loss -0.5
2025-11-14 14:47:52.409386: val_loss -0.5265
2025-11-14 14:47:52.409490: Pseudo dice [np.float32(0.9167), np.float32(0.7579), np.float32(0.3053)]
2025-11-14 14:47:52.409711: Epoch time: 252.05 s
2025-11-14 14:47:53.509852: 
2025-11-14 14:47:53.510032: Epoch 189
2025-11-14 14:47:53.510145: Current learning rate: 0.00828
2025-11-14 14:52:05.523433: train_loss -0.4773
2025-11-14 14:52:05.523697: val_loss -0.4942
2025-11-14 14:52:05.523802: Pseudo dice [np.float32(0.9172), np.float32(0.7488), np.float32(0.0646)]
2025-11-14 14:52:05.523902: Epoch time: 252.01 s
2025-11-14 14:52:06.615484: 
2025-11-14 14:52:06.615776: Epoch 190
2025-11-14 14:52:06.615896: Current learning rate: 0.00827
2025-11-14 14:56:18.504116: train_loss -0.506
2025-11-14 14:56:18.504352: val_loss -0.6597
2025-11-14 14:56:18.504452: Pseudo dice [np.float32(0.9112), np.float32(0.7563), np.float32(0.0)]
2025-11-14 14:56:18.504554: Epoch time: 251.89 s
2025-11-14 14:56:19.601331: 
2025-11-14 14:56:19.601510: Epoch 191
2025-11-14 14:56:19.601629: Current learning rate: 0.00826
2025-11-14 15:00:31.348106: train_loss -0.6136
2025-11-14 15:00:31.348346: val_loss -0.6302
2025-11-14 15:00:31.348448: Pseudo dice [np.float32(0.9174), np.float32(0.7628), np.float32(0.0)]
2025-11-14 15:00:31.348546: Epoch time: 251.75 s
2025-11-14 15:00:32.445728: 
2025-11-14 15:00:32.445981: Epoch 192
2025-11-14 15:00:32.446135: Current learning rate: 0.00825
2025-11-14 15:04:43.986568: train_loss -0.6201
2025-11-14 15:04:43.986822: val_loss -0.6738
2025-11-14 15:04:43.986929: Pseudo dice [np.float32(0.9153), np.float32(0.7697), np.float32(0.0)]
2025-11-14 15:04:43.990243: Epoch time: 251.54 s
2025-11-14 15:04:45.097617: 
2025-11-14 15:04:45.097927: Epoch 193
2025-11-14 15:04:45.098047: Current learning rate: 0.00824
2025-11-14 15:08:56.817492: train_loss -0.6209
2025-11-14 15:08:56.817738: val_loss -0.6608
2025-11-14 15:08:56.817911: Pseudo dice [np.float32(0.919), np.float32(0.7664), np.float32(0.0)]
2025-11-14 15:08:56.818030: Epoch time: 251.72 s
2025-11-14 15:08:57.931419: 
2025-11-14 15:08:57.931683: Epoch 194
2025-11-14 15:08:57.931826: Current learning rate: 0.00824
2025-11-14 15:13:09.617793: train_loss -0.625
2025-11-14 15:13:09.618037: val_loss -0.6775
2025-11-14 15:13:09.618137: Pseudo dice [np.float32(0.9113), np.float32(0.7603), np.float32(0.0)]
2025-11-14 15:13:09.618366: Epoch time: 251.69 s
2025-11-14 15:13:10.716910: 
2025-11-14 15:13:10.717085: Epoch 195
2025-11-14 15:13:10.717201: Current learning rate: 0.00823
2025-11-14 15:17:22.706532: train_loss -0.6317
2025-11-14 15:17:22.706806: val_loss -0.6677
2025-11-14 15:17:22.706916: Pseudo dice [np.float32(0.9231), np.float32(0.7766), np.float32(0.0)]
2025-11-14 15:17:22.707016: Epoch time: 251.99 s
2025-11-14 15:17:23.732843: 
2025-11-14 15:17:23.733127: Epoch 196
2025-11-14 15:17:23.733256: Current learning rate: 0.00822
2025-11-14 15:21:35.656836: train_loss -0.6249
2025-11-14 15:21:35.657061: val_loss -0.6285
2025-11-14 15:21:35.657161: Pseudo dice [np.float32(0.9102), np.float32(0.7522), np.float32(0.0)]
2025-11-14 15:21:35.657258: Epoch time: 251.92 s
2025-11-14 15:21:36.763205: 
2025-11-14 15:21:36.763487: Epoch 197
2025-11-14 15:21:36.763656: Current learning rate: 0.00821
2025-11-14 15:25:48.598585: train_loss -0.6338
2025-11-14 15:25:48.598828: val_loss -0.662
2025-11-14 15:25:48.598926: Pseudo dice [np.float32(0.9205), np.float32(0.7501), np.float32(0.0)]
2025-11-14 15:25:48.599023: Epoch time: 251.84 s
2025-11-14 15:25:49.700594: 
2025-11-14 15:25:49.700839: Epoch 198
2025-11-14 15:25:49.700969: Current learning rate: 0.0082
2025-11-14 15:30:01.508402: train_loss -0.6325
2025-11-14 15:30:01.508662: val_loss -0.6263
2025-11-14 15:30:01.508766: Pseudo dice [np.float32(0.9021), np.float32(0.7555), np.float32(0.0)]
2025-11-14 15:30:01.508865: Epoch time: 251.81 s
2025-11-14 15:30:02.628130: 
2025-11-14 15:30:02.628317: Epoch 199
2025-11-14 15:30:02.628508: Current learning rate: 0.00819
2025-11-14 15:34:14.446707: train_loss -0.6263
2025-11-14 15:34:14.447041: val_loss -0.6366
2025-11-14 15:34:14.447194: Pseudo dice [np.float32(0.9134), np.float32(0.75), np.float32(0.0)]
2025-11-14 15:34:14.447302: Epoch time: 251.82 s
2025-11-14 15:34:15.934727: 
2025-11-14 15:34:15.934904: Epoch 200
2025-11-14 15:34:15.935017: Current learning rate: 0.00818
2025-11-14 15:38:27.710168: train_loss -0.6349
2025-11-14 15:38:27.710398: val_loss -0.6156
2025-11-14 15:38:27.710498: Pseudo dice [np.float32(0.9139), np.float32(0.7526), np.float32(0.0)]
2025-11-14 15:38:27.710596: Epoch time: 251.78 s
2025-11-14 15:38:28.810674: 
2025-11-14 15:38:28.810859: Epoch 201
2025-11-14 15:38:28.810975: Current learning rate: 0.00817
2025-11-14 15:42:40.588293: train_loss -0.646
2025-11-14 15:42:40.588530: val_loss -0.6299
2025-11-14 15:42:40.588639: Pseudo dice [np.float32(0.9166), np.float32(0.7474), np.float32(0.0)]
2025-11-14 15:42:40.588743: Epoch time: 251.78 s
2025-11-14 15:42:41.690533: 
2025-11-14 15:42:41.690787: Epoch 202
2025-11-14 15:42:41.690964: Current learning rate: 0.00816
2025-11-14 15:46:53.675105: train_loss -0.6264
2025-11-14 15:46:53.675391: val_loss -0.662
2025-11-14 15:46:53.675495: Pseudo dice [np.float32(0.9174), np.float32(0.7484), np.float32(0.0)]
2025-11-14 15:46:53.675597: Epoch time: 251.99 s
2025-11-14 15:46:54.788366: 
2025-11-14 15:46:54.788541: Epoch 203
2025-11-14 15:46:54.788660: Current learning rate: 0.00815
2025-11-14 15:51:06.993302: train_loss -0.6274
2025-11-14 15:51:06.993571: val_loss -0.6422
2025-11-14 15:51:06.993689: Pseudo dice [np.float32(0.9086), np.float32(0.7578), np.float32(0.0)]
2025-11-14 15:51:06.993793: Epoch time: 252.21 s
2025-11-14 15:51:08.613198: 
2025-11-14 15:51:08.613390: Epoch 204
2025-11-14 15:51:08.613504: Current learning rate: 0.00814
2025-11-14 15:55:20.514111: train_loss -0.631
2025-11-14 15:55:20.514340: val_loss -0.6513
2025-11-14 15:55:20.514441: Pseudo dice [np.float32(0.9221), np.float32(0.7547), np.float32(0.0)]
2025-11-14 15:55:20.514540: Epoch time: 251.9 s
2025-11-14 15:55:21.618984: 
2025-11-14 15:55:21.619448: Epoch 205
2025-11-14 15:55:21.619752: Current learning rate: 0.00813
2025-11-14 15:59:33.163863: train_loss -0.6272
2025-11-14 15:59:33.164086: val_loss -0.6765
2025-11-14 15:59:33.164185: Pseudo dice [np.float32(0.9157), np.float32(0.7625), np.float32(0.0)]
2025-11-14 15:59:33.164282: Epoch time: 251.55 s
2025-11-14 15:59:34.242230: 
2025-11-14 15:59:34.242464: Epoch 206
2025-11-14 15:59:34.242579: Current learning rate: 0.00813
2025-11-14 16:03:45.985235: train_loss -0.6227
2025-11-14 16:03:45.985922: val_loss -0.6485
2025-11-14 16:03:45.986031: Pseudo dice [np.float32(0.9108), np.float32(0.7554), np.float32(0.0)]
2025-11-14 16:03:45.986131: Epoch time: 251.74 s
2025-11-14 16:03:47.051862: 
2025-11-14 16:03:47.052054: Epoch 207
2025-11-14 16:03:47.052201: Current learning rate: 0.00812
2025-11-14 16:07:58.989002: train_loss -0.633
2025-11-14 16:07:58.989242: val_loss -0.5759
2025-11-14 16:07:58.989343: Pseudo dice [np.float32(0.9018), np.float32(0.7608), np.float32(0.0)]
2025-11-14 16:07:58.989442: Epoch time: 251.94 s
2025-11-14 16:08:00.054450: 
2025-11-14 16:08:00.054680: Epoch 208
2025-11-14 16:08:00.054797: Current learning rate: 0.00811
2025-11-14 16:12:11.793144: train_loss -0.6271
2025-11-14 16:12:11.793389: val_loss -0.6485
2025-11-14 16:12:11.793488: Pseudo dice [np.float32(0.9159), np.float32(0.7737), np.float32(0.0)]
2025-11-14 16:12:11.793586: Epoch time: 251.74 s
2025-11-14 16:12:12.781439: 
2025-11-14 16:12:12.781700: Epoch 209
2025-11-14 16:12:12.781825: Current learning rate: 0.0081
2025-11-14 16:16:24.641369: train_loss -0.6236
2025-11-14 16:16:24.641637: val_loss -0.6651
2025-11-14 16:16:24.641749: Pseudo dice [np.float32(0.9156), np.float32(0.7604), np.float32(0.0)]
2025-11-14 16:16:24.641851: Epoch time: 251.86 s
2025-11-14 16:16:25.711450: 
2025-11-14 16:16:25.711727: Epoch 210
2025-11-14 16:16:25.711849: Current learning rate: 0.00809
2025-11-14 16:20:37.441204: train_loss -0.6276
2025-11-14 16:20:37.441447: val_loss -0.6629
2025-11-14 16:20:37.441548: Pseudo dice [np.float32(0.9186), np.float32(0.7665), np.float32(0.0)]
2025-11-14 16:20:37.441656: Epoch time: 251.73 s
2025-11-14 16:20:38.518662: 
2025-11-14 16:20:38.518936: Epoch 211
2025-11-14 16:20:38.519104: Current learning rate: 0.00808
2025-11-14 16:24:50.330078: train_loss -0.6264
2025-11-14 16:24:50.330392: val_loss -0.6231
2025-11-14 16:24:50.330498: Pseudo dice [np.float32(0.9127), np.float32(0.7678), np.float32(0.0)]
2025-11-14 16:24:50.330597: Epoch time: 251.81 s
2025-11-14 16:24:51.399433: 
2025-11-14 16:24:51.399616: Epoch 212
2025-11-14 16:24:51.399732: Current learning rate: 0.00807
2025-11-14 16:29:03.202317: train_loss -0.6306
2025-11-14 16:29:03.202567: val_loss -0.6361
2025-11-14 16:29:03.202678: Pseudo dice [np.float32(0.9205), np.float32(0.7641), np.float32(0.0)]
2025-11-14 16:29:03.202783: Epoch time: 251.8 s
2025-11-14 16:29:04.280469: 
2025-11-14 16:29:04.280817: Epoch 213
2025-11-14 16:29:04.281082: Current learning rate: 0.00806
2025-11-14 16:33:15.960745: train_loss -0.6173
2025-11-14 16:33:15.960971: val_loss -0.6702
2025-11-14 16:33:15.961072: Pseudo dice [np.float32(0.9166), np.float32(0.7719), np.float32(0.0)]
2025-11-14 16:33:15.961170: Epoch time: 251.68 s
2025-11-14 16:33:17.036190: 
2025-11-14 16:33:17.036432: Epoch 214
2025-11-14 16:33:17.036588: Current learning rate: 0.00805
2025-11-14 16:37:28.872600: train_loss -0.6244
2025-11-14 16:37:28.872841: val_loss -0.6228
2025-11-14 16:37:28.872943: Pseudo dice [np.float32(0.9085), np.float32(0.7569), np.float32(0.0)]
2025-11-14 16:37:28.873042: Epoch time: 251.84 s
2025-11-14 16:37:29.957123: 
2025-11-14 16:37:29.957300: Epoch 215
2025-11-14 16:37:29.957417: Current learning rate: 0.00804
2025-11-14 16:41:41.802584: train_loss -0.6237
2025-11-14 16:41:41.802819: val_loss -0.6203
2025-11-14 16:41:41.802919: Pseudo dice [np.float32(0.9055), np.float32(0.76), np.float32(0.0)]
2025-11-14 16:41:41.803016: Epoch time: 251.85 s
2025-11-14 16:41:42.875654: 
2025-11-14 16:41:42.875920: Epoch 216
2025-11-14 16:41:42.876078: Current learning rate: 0.00803
2025-11-14 16:45:55.068176: train_loss -0.6227
2025-11-14 16:45:55.068411: val_loss -0.6594
2025-11-14 16:45:55.068516: Pseudo dice [np.float32(0.9138), np.float32(0.7505), np.float32(0.0)]
2025-11-14 16:45:55.068627: Epoch time: 252.19 s
2025-11-14 16:45:56.139313: 
2025-11-14 16:45:56.139498: Epoch 217
2025-11-14 16:45:56.139668: Current learning rate: 0.00802
2025-11-14 16:50:07.958675: train_loss -0.6319
2025-11-14 16:50:07.958953: val_loss -0.6656
2025-11-14 16:50:07.959059: Pseudo dice [np.float32(0.9159), np.float32(0.7627), np.float32(0.0)]
2025-11-14 16:50:07.959159: Epoch time: 251.82 s
2025-11-14 16:50:09.039198: 
2025-11-14 16:50:09.039381: Epoch 218
2025-11-14 16:50:09.039493: Current learning rate: 0.00801
2025-11-14 16:54:20.789490: train_loss -0.6254
2025-11-14 16:54:20.789800: val_loss -0.6436
2025-11-14 16:54:20.789904: Pseudo dice [np.float32(0.9188), np.float32(0.7476), np.float32(0.0)]
2025-11-14 16:54:20.790005: Epoch time: 251.75 s
2025-11-14 16:54:21.862504: 
2025-11-14 16:54:21.862675: Epoch 219
2025-11-14 16:54:21.862787: Current learning rate: 0.00801
2025-11-14 16:58:33.500291: train_loss -0.6321
2025-11-14 16:58:33.500525: val_loss -0.6265
2025-11-14 16:58:33.500653: Pseudo dice [np.float32(0.9127), np.float32(0.7643), np.float32(0.0)]
2025-11-14 16:58:33.500756: Epoch time: 251.64 s
2025-11-14 16:58:35.146055: 
2025-11-14 16:58:35.146258: Epoch 220
2025-11-14 16:58:35.146369: Current learning rate: 0.008
2025-11-14 17:02:46.800689: train_loss -0.6311
2025-11-14 17:02:46.800947: val_loss -0.6388
2025-11-14 17:02:46.801052: Pseudo dice [np.float32(0.9187), np.float32(0.765), np.float32(0.0)]
2025-11-14 17:02:46.801151: Epoch time: 251.66 s
2025-11-14 17:02:47.876037: 
2025-11-14 17:02:47.876221: Epoch 221
2025-11-14 17:02:47.876332: Current learning rate: 0.00799
2025-11-14 17:06:59.461497: train_loss -0.6244
2025-11-14 17:06:59.461757: val_loss -0.667
2025-11-14 17:06:59.461862: Pseudo dice [np.float32(0.9105), np.float32(0.7598), np.float32(0.0)]
2025-11-14 17:06:59.461965: Epoch time: 251.59 s
2025-11-14 17:07:00.541598: 
2025-11-14 17:07:00.541799: Epoch 222
2025-11-14 17:07:00.541915: Current learning rate: 0.00798
2025-11-14 17:11:12.719291: train_loss -0.6144
2025-11-14 17:11:12.719558: val_loss -0.6259
2025-11-14 17:11:12.719678: Pseudo dice [np.float32(0.9136), np.float32(0.7706), np.float32(0.0)]
2025-11-14 17:11:12.719779: Epoch time: 252.18 s
2025-11-14 17:11:13.793606: 
2025-11-14 17:11:13.793826: Epoch 223
2025-11-14 17:11:13.793941: Current learning rate: 0.00797
2025-11-14 17:15:25.105345: train_loss -0.6311
2025-11-14 17:15:25.105579: val_loss -0.6283
2025-11-14 17:15:25.105690: Pseudo dice [np.float32(0.91), np.float32(0.7358), np.float32(0.0)]
2025-11-14 17:15:25.105790: Epoch time: 251.31 s
2025-11-14 17:15:26.184733: 
2025-11-14 17:15:26.184931: Epoch 224
2025-11-14 17:15:26.185159: Current learning rate: 0.00796
2025-11-14 17:19:37.660945: train_loss -0.6091
2025-11-14 17:19:37.661184: val_loss -0.645
2025-11-14 17:19:37.661284: Pseudo dice [np.float32(0.9229), np.float32(0.7633), np.float32(0.0)]
2025-11-14 17:19:37.661382: Epoch time: 251.48 s
2025-11-14 17:19:38.731426: 
2025-11-14 17:19:38.731617: Epoch 225
2025-11-14 17:19:38.731732: Current learning rate: 0.00795
2025-11-14 17:23:50.406041: train_loss -0.6274
2025-11-14 17:23:50.406275: val_loss -0.6625
2025-11-14 17:23:50.406375: Pseudo dice [np.float32(0.9161), np.float32(0.77), np.float32(0.0)]
2025-11-14 17:23:50.406474: Epoch time: 251.68 s
2025-11-14 17:23:51.468518: 
2025-11-14 17:23:51.468796: Epoch 226
2025-11-14 17:23:51.468957: Current learning rate: 0.00794
2025-11-14 17:28:03.055169: train_loss -0.6402
2025-11-14 17:28:03.055405: val_loss -0.6437
2025-11-14 17:28:03.055506: Pseudo dice [np.float32(0.9221), np.float32(0.7678), np.float32(0.0)]
2025-11-14 17:28:03.055604: Epoch time: 251.59 s
2025-11-14 17:28:04.115191: 
2025-11-14 17:28:04.115463: Epoch 227
2025-11-14 17:28:04.115601: Current learning rate: 0.00793
2025-11-14 17:32:15.990085: train_loss -0.6381
2025-11-14 17:32:15.990331: val_loss -0.6428
2025-11-14 17:32:15.990449: Pseudo dice [np.float32(0.9249), np.float32(0.7788), np.float32(0.0)]
2025-11-14 17:32:15.990563: Epoch time: 251.88 s
2025-11-14 17:32:17.048117: 
2025-11-14 17:32:17.048284: Epoch 228
2025-11-14 17:32:17.048399: Current learning rate: 0.00792
2025-11-14 17:36:29.394869: train_loss -0.6265
2025-11-14 17:36:29.395118: val_loss -0.6508
2025-11-14 17:36:29.395225: Pseudo dice [np.float32(0.9194), np.float32(0.765), np.float32(0.0)]
2025-11-14 17:36:29.395330: Epoch time: 252.35 s
2025-11-14 17:36:30.447568: 
2025-11-14 17:36:30.447811: Epoch 229
2025-11-14 17:36:30.447929: Current learning rate: 0.00791
2025-11-14 17:40:42.222292: train_loss -0.6338
2025-11-14 17:40:42.222538: val_loss -0.6602
2025-11-14 17:40:42.222651: Pseudo dice [np.float32(0.9159), np.float32(0.7643), np.float32(0.0)]
2025-11-14 17:40:42.222753: Epoch time: 251.78 s
2025-11-14 17:40:43.279833: 
2025-11-14 17:40:43.280071: Epoch 230
2025-11-14 17:40:43.280213: Current learning rate: 0.0079
2025-11-14 17:44:55.529154: train_loss -0.6298
2025-11-14 17:44:55.529393: val_loss -0.6333
2025-11-14 17:44:55.529495: Pseudo dice [np.float32(0.9298), np.float32(0.743), np.float32(0.0)]
2025-11-14 17:44:55.529594: Epoch time: 252.25 s
2025-11-14 17:44:56.588842: 
2025-11-14 17:44:56.589027: Epoch 231
2025-11-14 17:44:56.589167: Current learning rate: 0.00789
2025-11-14 17:49:08.485356: train_loss -0.6162
2025-11-14 17:49:08.487772: val_loss -0.6136
2025-11-14 17:49:08.487911: Pseudo dice [np.float32(0.9168), np.float32(0.7499), np.float32(0.0)]
2025-11-14 17:49:08.488009: Epoch time: 251.9 s
2025-11-14 17:49:09.469815: 
2025-11-14 17:49:09.469992: Epoch 232
2025-11-14 17:49:09.470108: Current learning rate: 0.00789
2025-11-14 17:53:21.059019: train_loss -0.6575
2025-11-14 17:53:21.059573: val_loss -0.7096
2025-11-14 17:53:21.059684: Pseudo dice [np.float32(0.914), np.float32(0.757), np.float32(0.0)]
2025-11-14 17:53:21.059783: Epoch time: 251.59 s
2025-11-14 17:53:22.121120: 
2025-11-14 17:53:22.121287: Epoch 233
2025-11-14 17:53:22.121398: Current learning rate: 0.00788
2025-11-14 17:57:33.820371: train_loss -0.6471
2025-11-14 17:57:33.820897: val_loss -0.6851
2025-11-14 17:57:33.821002: Pseudo dice [np.float32(0.9174), np.float32(0.762), np.float32(0.0)]
2025-11-14 17:57:33.821102: Epoch time: 251.7 s
2025-11-14 17:57:34.871729: 
2025-11-14 17:57:34.871902: Epoch 234
2025-11-14 17:57:34.872011: Current learning rate: 0.00787
2025-11-14 18:01:46.686779: train_loss -0.6545
2025-11-14 18:01:46.687312: val_loss -0.6885
2025-11-14 18:01:46.687421: Pseudo dice [np.float32(0.9213), np.float32(0.7622), np.float32(0.0)]
2025-11-14 18:01:46.687522: Epoch time: 251.82 s
2025-11-14 18:01:47.742863: 
2025-11-14 18:01:47.743112: Epoch 235
2025-11-14 18:01:47.743282: Current learning rate: 0.00786
2025-11-14 18:05:59.437942: train_loss -0.6709
2025-11-14 18:05:59.438447: val_loss -0.6786
2025-11-14 18:05:59.438660: Pseudo dice [np.float32(0.9178), np.float32(0.7588), np.float32(0.0)]
2025-11-14 18:05:59.438770: Epoch time: 251.7 s
2025-11-14 18:06:00.489360: 
2025-11-14 18:06:00.489550: Epoch 236
2025-11-14 18:06:00.489675: Current learning rate: 0.00785
2025-11-14 18:10:11.934205: train_loss -0.6678
2025-11-14 18:10:11.934732: val_loss -0.6192
2025-11-14 18:10:11.934843: Pseudo dice [np.float32(0.9183), np.float32(0.7659), np.float32(0.0)]
2025-11-14 18:10:11.934943: Epoch time: 251.45 s
2025-11-14 18:10:13.108526: 
2025-11-14 18:10:13.108739: Epoch 237
2025-11-14 18:10:13.108892: Current learning rate: 0.00784
2025-11-14 18:14:25.036945: train_loss -0.6516
2025-11-14 18:14:25.037525: val_loss -0.6573
2025-11-14 18:14:25.037657: Pseudo dice [np.float32(0.9097), np.float32(0.7698), np.float32(0.0)]
2025-11-14 18:14:25.037784: Epoch time: 251.93 s
2025-11-14 18:14:26.689003: 
2025-11-14 18:14:26.689271: Epoch 238
2025-11-14 18:14:26.689416: Current learning rate: 0.00783
2025-11-14 18:18:38.643654: train_loss -0.6614
2025-11-14 18:18:38.644289: val_loss -0.6825
2025-11-14 18:18:38.644425: Pseudo dice [np.float32(0.9137), np.float32(0.7698), np.float32(0.0)]
2025-11-14 18:18:38.644559: Epoch time: 251.96 s
2025-11-14 18:18:39.701033: 
2025-11-14 18:18:39.701375: Epoch 239
2025-11-14 18:18:39.701521: Current learning rate: 0.00782
2025-11-14 18:22:51.467854: train_loss -0.6758
2025-11-14 18:22:51.468408: val_loss -0.6848
2025-11-14 18:22:51.468545: Pseudo dice [np.float32(0.9222), np.float32(0.7633), np.float32(0.0)]
2025-11-14 18:22:51.468687: Epoch time: 251.77 s
2025-11-14 18:22:52.546634: 
2025-11-14 18:22:52.546848: Epoch 240
2025-11-14 18:22:52.546992: Current learning rate: 0.00781
2025-11-14 18:27:04.523821: train_loss -0.6699
2025-11-14 18:27:04.524433: val_loss -0.693
2025-11-14 18:27:04.524573: Pseudo dice [np.float32(0.9195), np.float32(0.7636), np.float32(0.0)]
2025-11-14 18:27:04.524714: Epoch time: 251.98 s
2025-11-14 18:27:05.593801: 
2025-11-14 18:27:05.594017: Epoch 241
2025-11-14 18:27:05.594157: Current learning rate: 0.0078
2025-11-14 18:31:17.363301: train_loss -0.6879
2025-11-14 18:31:17.363828: val_loss -0.6836
2025-11-14 18:31:17.363992: Pseudo dice [np.float32(0.912), np.float32(0.7524), np.float32(0.0)]
2025-11-14 18:31:17.364134: Epoch time: 251.77 s
2025-11-14 18:31:18.425113: 
2025-11-14 18:31:18.425359: Epoch 242
2025-11-14 18:31:18.425514: Current learning rate: 0.00779
2025-11-14 18:35:30.279788: train_loss -0.6735
2025-11-14 18:35:30.280335: val_loss -0.7097
2025-11-14 18:35:30.280473: Pseudo dice [np.float32(0.9225), np.float32(0.7598), np.float32(0.0)]
2025-11-14 18:35:30.280606: Epoch time: 251.86 s
2025-11-14 18:35:31.347497: 
2025-11-14 18:35:31.347713: Epoch 243
2025-11-14 18:35:31.347855: Current learning rate: 0.00778
2025-11-14 18:39:43.519349: train_loss -0.6546
2025-11-14 18:39:43.519858: val_loss -0.7043
2025-11-14 18:39:43.519985: Pseudo dice [np.float32(0.9258), np.float32(0.7759), np.float32(0.0)]
2025-11-14 18:39:43.520127: Epoch time: 252.17 s
2025-11-14 18:39:44.585464: 
2025-11-14 18:39:44.585753: Epoch 244
2025-11-14 18:39:44.585895: Current learning rate: 0.00777
2025-11-14 18:43:56.501773: train_loss -0.6797
2025-11-14 18:43:56.502330: val_loss -0.6868
2025-11-14 18:43:56.502464: Pseudo dice [np.float32(0.9122), np.float32(0.7614), np.float32(0.0)]
2025-11-14 18:43:56.502584: Epoch time: 251.92 s
2025-11-14 18:43:57.566355: 
2025-11-14 18:43:57.566642: Epoch 245
2025-11-14 18:43:57.566847: Current learning rate: 0.00777
2025-11-14 18:48:09.360018: train_loss -0.6597
2025-11-14 18:48:09.360551: val_loss -0.7132
2025-11-14 18:48:09.360694: Pseudo dice [np.float32(0.9126), np.float32(0.7551), np.float32(0.0)]
2025-11-14 18:48:09.360825: Epoch time: 251.8 s
2025-11-14 18:48:10.346676: 
2025-11-14 18:48:10.346904: Epoch 246
2025-11-14 18:48:10.347040: Current learning rate: 0.00776
2025-11-14 18:52:22.144252: train_loss -0.684
2025-11-14 18:52:22.144796: val_loss -0.6511
2025-11-14 18:52:22.144935: Pseudo dice [np.float32(0.9082), np.float32(0.7466), np.float32(0.0)]
2025-11-14 18:52:22.145112: Epoch time: 251.8 s
2025-11-14 18:52:23.210500: 
2025-11-14 18:52:23.210784: Epoch 247
2025-11-14 18:52:23.210927: Current learning rate: 0.00775
2025-11-14 18:56:35.115782: train_loss -0.674
2025-11-14 18:56:35.116387: val_loss -0.6768
2025-11-14 18:56:35.116527: Pseudo dice [np.float32(0.9218), np.float32(0.7782), np.float32(0.0)]
2025-11-14 18:56:35.116667: Epoch time: 251.91 s
2025-11-14 18:56:36.179323: 
2025-11-14 18:56:36.179603: Epoch 248
2025-11-14 18:56:36.179749: Current learning rate: 0.00774
2025-11-14 19:00:47.661801: train_loss -0.6762
2025-11-14 19:00:47.662362: val_loss -0.6715
2025-11-14 19:00:47.662496: Pseudo dice [np.float32(0.9121), np.float32(0.7569), np.float32(0.0)]
2025-11-14 19:00:47.662634: Epoch time: 251.48 s
2025-11-14 19:00:48.725811: 
2025-11-14 19:00:48.726115: Epoch 249
2025-11-14 19:00:48.726278: Current learning rate: 0.00773
2025-11-14 19:05:00.345600: train_loss -0.6578
2025-11-14 19:05:00.346149: val_loss -0.6864
2025-11-14 19:05:00.346290: Pseudo dice [np.float32(0.9275), np.float32(0.7625), np.float32(0.0)]
2025-11-14 19:05:00.346422: Epoch time: 251.62 s
2025-11-14 19:05:01.789746: 
2025-11-14 19:05:01.789954: Epoch 250
2025-11-14 19:05:01.790126: Current learning rate: 0.00772
2025-11-14 19:09:13.809375: train_loss -0.6539
2025-11-14 19:09:13.809951: val_loss -0.6836
2025-11-14 19:09:13.810144: Pseudo dice [np.float32(0.911), np.float32(0.7771), np.float32(0.0)]
2025-11-14 19:09:13.810376: Epoch time: 252.02 s
2025-11-14 19:09:14.872618: 
2025-11-14 19:09:14.872926: Epoch 251
2025-11-14 19:09:14.873079: Current learning rate: 0.00771
2025-11-14 19:13:26.627549: train_loss -0.6586
2025-11-14 19:13:26.628099: val_loss -0.6986
2025-11-14 19:13:26.628225: Pseudo dice [np.float32(0.9194), np.float32(0.761), np.float32(0.0)]
2025-11-14 19:13:26.628349: Epoch time: 251.76 s
2025-11-14 19:13:27.688171: 
2025-11-14 19:13:27.688374: Epoch 252
2025-11-14 19:13:27.688514: Current learning rate: 0.0077
2025-11-14 19:17:39.423059: train_loss -0.6644
2025-11-14 19:17:39.423568: val_loss -0.6583
2025-11-14 19:17:39.423732: Pseudo dice [np.float32(0.9205), np.float32(0.7695), np.float32(0.0)]
2025-11-14 19:17:39.423862: Epoch time: 251.74 s
2025-11-14 19:17:40.498790: 
2025-11-14 19:17:40.498991: Epoch 253
2025-11-14 19:17:40.499128: Current learning rate: 0.00769
2025-11-14 19:21:52.212442: train_loss -0.6649
2025-11-14 19:21:52.212935: val_loss -0.6737
2025-11-14 19:21:52.213111: Pseudo dice [np.float32(0.9159), np.float32(0.7638), np.float32(0.0)]
2025-11-14 19:21:52.213243: Epoch time: 251.71 s
2025-11-14 19:21:53.277898: 
2025-11-14 19:21:53.278104: Epoch 254
2025-11-14 19:21:53.278243: Current learning rate: 0.00768
2025-11-14 19:26:05.128406: train_loss -0.6676
2025-11-14 19:26:05.128933: val_loss -0.6649
2025-11-14 19:26:05.129069: Pseudo dice [np.float32(0.9168), np.float32(0.7618), np.float32(0.0)]
2025-11-14 19:26:05.129200: Epoch time: 251.85 s
2025-11-14 19:26:06.696619: 
2025-11-14 19:26:06.696878: Epoch 255
2025-11-14 19:26:06.697022: Current learning rate: 0.00767
2025-11-14 19:30:18.446515: train_loss -0.6561
2025-11-14 19:30:18.447143: val_loss -0.7324
2025-11-14 19:30:18.447278: Pseudo dice [np.float32(0.9194), np.float32(0.782), np.float32(0.0)]
2025-11-14 19:30:18.447408: Epoch time: 251.75 s
2025-11-14 19:30:19.508778: 
2025-11-14 19:30:19.509051: Epoch 256
2025-11-14 19:30:19.509197: Current learning rate: 0.00766
2025-11-14 19:34:31.150689: train_loss -0.6554
2025-11-14 19:34:31.151181: val_loss -0.6882
2025-11-14 19:34:31.151365: Pseudo dice [np.float32(0.9269), np.float32(0.7647), np.float32(0.0)]
2025-11-14 19:34:31.151499: Epoch time: 251.64 s
2025-11-14 19:34:32.213886: 
2025-11-14 19:34:32.214134: Epoch 257
2025-11-14 19:34:32.214276: Current learning rate: 0.00765
2025-11-14 19:38:43.962883: train_loss -0.6745
2025-11-14 19:38:43.965082: val_loss -0.6735
2025-11-14 19:38:43.965207: Pseudo dice [np.float32(0.9161), np.float32(0.766), np.float32(0.0)]
2025-11-14 19:38:43.965310: Epoch time: 251.75 s
2025-11-14 19:38:45.034615: 
2025-11-14 19:38:45.034901: Epoch 258
2025-11-14 19:38:45.035047: Current learning rate: 0.00764
2025-11-14 19:42:56.919248: train_loss -0.6783
2025-11-14 19:42:56.919490: val_loss -0.6751
2025-11-14 19:42:56.919591: Pseudo dice [np.float32(0.915), np.float32(0.7593), np.float32(0.0)]
2025-11-14 19:42:56.919696: Epoch time: 251.89 s
2025-11-14 19:42:57.987932: 
2025-11-14 19:42:57.988225: Epoch 259
2025-11-14 19:42:57.988345: Current learning rate: 0.00764
2025-11-14 19:47:09.805691: train_loss -0.6806
2025-11-14 19:47:09.805921: val_loss -0.6429
2025-11-14 19:47:09.806058: Pseudo dice [np.float32(0.9123), np.float32(0.7652), np.float32(0.0)]
2025-11-14 19:47:09.806248: Epoch time: 251.82 s
2025-11-14 19:47:10.867060: 
2025-11-14 19:47:10.867356: Epoch 260
2025-11-14 19:47:10.867473: Current learning rate: 0.00763
2025-11-14 19:51:22.349564: train_loss -0.6708
2025-11-14 19:51:22.349802: val_loss -0.7038
2025-11-14 19:51:22.349952: Pseudo dice [np.float32(0.9151), np.float32(0.7695), np.float32(0.0)]
2025-11-14 19:51:22.350064: Epoch time: 251.48 s
2025-11-14 19:51:23.420202: 
2025-11-14 19:51:23.420381: Epoch 261
2025-11-14 19:51:23.420496: Current learning rate: 0.00762
2025-11-14 19:55:35.252483: train_loss -0.6595
2025-11-14 19:55:35.252731: val_loss -0.6674
2025-11-14 19:55:35.252835: Pseudo dice [np.float32(0.9151), np.float32(0.7729), np.float32(0.0)]
2025-11-14 19:55:35.252938: Epoch time: 251.83 s
2025-11-14 19:55:36.324711: 
2025-11-14 19:55:36.324902: Epoch 262
2025-11-14 19:55:36.325014: Current learning rate: 0.00761
2025-11-14 19:59:48.385273: train_loss -0.668
2025-11-14 19:59:48.385501: val_loss -0.6542
2025-11-14 19:59:48.385600: Pseudo dice [np.float32(0.911), np.float32(0.7577), np.float32(0.0)]
2025-11-14 19:59:48.385706: Epoch time: 252.06 s
2025-11-14 19:59:49.453790: 
2025-11-14 19:59:49.454079: Epoch 263
2025-11-14 19:59:49.454215: Current learning rate: 0.0076
2025-11-14 20:04:01.084937: train_loss -0.6386
2025-11-14 20:04:01.085222: val_loss -0.6816
2025-11-14 20:04:01.085330: Pseudo dice [np.float32(0.9136), np.float32(0.7517), np.float32(0.0)]
2025-11-14 20:04:01.085431: Epoch time: 251.63 s
2025-11-14 20:04:02.152087: 
2025-11-14 20:04:02.152361: Epoch 264
2025-11-14 20:04:02.152486: Current learning rate: 0.00759
2025-11-14 20:08:13.780163: train_loss -0.6518
2025-11-14 20:08:13.780387: val_loss -0.6635
2025-11-14 20:08:13.780488: Pseudo dice [np.float32(0.9134), np.float32(0.7705), np.float32(0.0)]
2025-11-14 20:08:13.780586: Epoch time: 251.63 s
2025-11-14 20:08:14.858538: 
2025-11-14 20:08:14.858915: Epoch 265
2025-11-14 20:08:14.859236: Current learning rate: 0.00758
2025-11-14 20:12:27.034714: train_loss -0.6579
2025-11-14 20:12:27.034993: val_loss -0.6939
2025-11-14 20:12:27.035096: Pseudo dice [np.float32(0.9221), np.float32(0.7477), np.float32(0.0)]
2025-11-14 20:12:27.035194: Epoch time: 252.18 s
2025-11-14 20:12:28.100992: 
2025-11-14 20:12:28.101248: Epoch 266
2025-11-14 20:12:28.101385: Current learning rate: 0.00757
2025-11-14 20:16:40.067030: train_loss -0.6526
2025-11-14 20:16:40.067259: val_loss -0.6695
2025-11-14 20:16:40.067359: Pseudo dice [np.float32(0.9109), np.float32(0.7537), np.float32(0.0)]
2025-11-14 20:16:40.067459: Epoch time: 251.97 s
2025-11-14 20:16:41.141386: 
2025-11-14 20:16:41.141560: Epoch 267
2025-11-14 20:16:41.141684: Current learning rate: 0.00756
2025-11-14 20:20:52.738683: train_loss -0.6666
2025-11-14 20:20:52.739004: val_loss -0.6487
2025-11-14 20:20:52.739111: Pseudo dice [np.float32(0.9169), np.float32(0.7548), np.float32(0.0)]
2025-11-14 20:20:52.739212: Epoch time: 251.6 s
2025-11-14 20:20:53.813631: 
2025-11-14 20:20:53.813807: Epoch 268
2025-11-14 20:20:53.813919: Current learning rate: 0.00755
2025-11-14 20:25:05.518080: train_loss -0.6574
2025-11-14 20:25:05.518326: val_loss -0.6715
2025-11-14 20:25:05.518432: Pseudo dice [np.float32(0.9179), np.float32(0.77), np.float32(0.0)]
2025-11-14 20:25:05.518532: Epoch time: 251.71 s
2025-11-14 20:25:06.588889: 
2025-11-14 20:25:06.589056: Epoch 269
2025-11-14 20:25:06.589166: Current learning rate: 0.00754
2025-11-14 20:29:18.393809: train_loss -0.6634
2025-11-14 20:29:18.394067: val_loss -0.6788
2025-11-14 20:29:18.394171: Pseudo dice [np.float32(0.9196), np.float32(0.7618), np.float32(0.0)]
2025-11-14 20:29:18.394269: Epoch time: 251.81 s
2025-11-14 20:29:19.463179: 
2025-11-14 20:29:19.463433: Epoch 270
2025-11-14 20:29:19.463570: Current learning rate: 0.00753
2025-11-14 20:33:31.124713: train_loss -0.6709
2025-11-14 20:33:31.125003: val_loss -0.6798
2025-11-14 20:33:31.125108: Pseudo dice [np.float32(0.9154), np.float32(0.7737), np.float32(0.0)]
2025-11-14 20:33:31.125209: Epoch time: 251.66 s
2025-11-14 20:33:32.191444: 
2025-11-14 20:33:32.191623: Epoch 271
2025-11-14 20:33:32.191736: Current learning rate: 0.00752
2025-11-14 20:37:44.081964: train_loss -0.6666
2025-11-14 20:37:44.082200: val_loss -0.6968
2025-11-14 20:37:44.082300: Pseudo dice [np.float32(0.9137), np.float32(0.765), np.float32(0.0)]
2025-11-14 20:37:44.082401: Epoch time: 251.89 s
2025-11-14 20:37:45.739283: 
2025-11-14 20:37:45.739600: Epoch 272
2025-11-14 20:37:45.739760: Current learning rate: 0.00751
2025-11-14 20:41:57.480736: train_loss -0.6628
2025-11-14 20:41:57.481569: val_loss -0.7007
2025-11-14 20:41:57.481682: Pseudo dice [np.float32(0.9129), np.float32(0.7656), np.float32(0.0)]
2025-11-14 20:41:57.481781: Epoch time: 251.74 s
2025-11-14 20:41:58.563471: 
2025-11-14 20:41:58.563714: Epoch 273
2025-11-14 20:41:58.563834: Current learning rate: 0.00751
2025-11-14 20:46:10.702332: train_loss -0.6346
2025-11-14 20:46:10.702622: val_loss -0.6573
2025-11-14 20:46:10.702729: Pseudo dice [np.float32(0.919), np.float32(0.7703), np.float32(0.0)]
2025-11-14 20:46:10.702834: Epoch time: 252.14 s
2025-11-14 20:46:11.773791: 
2025-11-14 20:46:11.774105: Epoch 274
2025-11-14 20:46:11.774227: Current learning rate: 0.0075
2025-11-14 20:50:23.730725: train_loss -0.6465
2025-11-14 20:50:23.730997: val_loss -0.694
2025-11-14 20:50:23.731101: Pseudo dice [np.float32(0.9269), np.float32(0.7756), np.float32(0.0)]
2025-11-14 20:50:23.731203: Epoch time: 251.96 s
2025-11-14 20:50:24.798738: 
2025-11-14 20:50:24.799021: Epoch 275
2025-11-14 20:50:24.799141: Current learning rate: 0.00749
2025-11-14 20:54:36.815760: train_loss -0.669
2025-11-14 20:54:36.816007: val_loss -0.6921
2025-11-14 20:54:36.816109: Pseudo dice [np.float32(0.9195), np.float32(0.775), np.float32(0.0)]
2025-11-14 20:54:36.816211: Epoch time: 252.02 s
2025-11-14 20:54:37.891319: 
2025-11-14 20:54:37.891589: Epoch 276
2025-11-14 20:54:37.891720: Current learning rate: 0.00748
2025-11-14 20:58:49.676211: train_loss -0.6578
2025-11-14 20:58:49.676469: val_loss -0.6649
2025-11-14 20:58:49.676575: Pseudo dice [np.float32(0.9288), np.float32(0.7348), np.float32(0.0)]
2025-11-14 20:58:49.676682: Epoch time: 251.79 s
2025-11-14 20:58:50.751543: 
2025-11-14 20:58:50.751738: Epoch 277
2025-11-14 20:58:50.751852: Current learning rate: 0.00747
2025-11-14 21:03:02.626891: train_loss -0.6618
2025-11-14 21:03:02.627123: val_loss -0.7387
2025-11-14 21:03:02.627226: Pseudo dice [np.float32(0.9157), np.float32(0.7585), np.float32(0.0)]
2025-11-14 21:03:02.627323: Epoch time: 251.88 s
2025-11-14 21:03:03.698313: 
2025-11-14 21:03:03.698534: Epoch 278
2025-11-14 21:03:03.698722: Current learning rate: 0.00746
2025-11-14 21:07:15.793735: train_loss -0.6613
2025-11-14 21:07:15.793975: val_loss -0.6588
2025-11-14 21:07:15.794079: Pseudo dice [np.float32(0.906), np.float32(0.7685), np.float32(0.0)]
2025-11-14 21:07:15.794180: Epoch time: 252.1 s
2025-11-14 21:07:16.857911: 
2025-11-14 21:07:16.858161: Epoch 279
2025-11-14 21:07:16.858378: Current learning rate: 0.00745
2025-11-14 21:11:28.667071: train_loss -0.6579
2025-11-14 21:11:28.667314: val_loss -0.6884
2025-11-14 21:11:28.667416: Pseudo dice [np.float32(0.9081), np.float32(0.7567), np.float32(0.0)]
2025-11-14 21:11:28.667517: Epoch time: 251.81 s
2025-11-14 21:11:29.740336: 
2025-11-14 21:11:29.740547: Epoch 280
2025-11-14 21:11:29.740666: Current learning rate: 0.00744
2025-11-14 21:15:41.651485: train_loss -0.6529
2025-11-14 21:15:41.651725: val_loss -0.668
2025-11-14 21:15:41.651826: Pseudo dice [np.float32(0.9124), np.float32(0.775), np.float32(0.0)]
2025-11-14 21:15:41.651923: Epoch time: 251.91 s
2025-11-14 21:15:42.721622: 
2025-11-14 21:15:42.725224: Epoch 281
2025-11-14 21:15:42.725388: Current learning rate: 0.00743
2025-11-14 21:19:54.585847: train_loss -0.677
2025-11-14 21:19:54.586072: val_loss -0.6608
2025-11-14 21:19:54.586170: Pseudo dice [np.float32(0.909), np.float32(0.7523), np.float32(0.0)]
2025-11-14 21:19:54.586362: Epoch time: 251.87 s
2025-11-14 21:19:55.652847: 
2025-11-14 21:19:55.653027: Epoch 282
2025-11-14 21:19:55.653140: Current learning rate: 0.00742
2025-11-14 21:24:07.589422: train_loss -0.6566
2025-11-14 21:24:07.589660: val_loss -0.6973
2025-11-14 21:24:07.589765: Pseudo dice [np.float32(0.919), np.float32(0.7642), np.float32(0.0)]
2025-11-14 21:24:07.589865: Epoch time: 251.94 s
2025-11-14 21:24:08.656600: 
2025-11-14 21:24:08.656885: Epoch 283
2025-11-14 21:24:08.657037: Current learning rate: 0.00741
2025-11-14 21:28:20.547699: train_loss -0.6758
2025-11-14 21:28:20.547938: val_loss -0.6855
2025-11-14 21:28:20.548042: Pseudo dice [np.float32(0.9157), np.float32(0.756), np.float32(0.0)]
2025-11-14 21:28:20.548138: Epoch time: 251.89 s
2025-11-14 21:28:21.613990: 
2025-11-14 21:28:21.614158: Epoch 284
2025-11-14 21:28:21.614269: Current learning rate: 0.0074
2025-11-14 21:32:33.283993: train_loss -0.6512
2025-11-14 21:32:33.284221: val_loss -0.6642
2025-11-14 21:32:33.284320: Pseudo dice [np.float32(0.9206), np.float32(0.7556), np.float32(0.0)]
2025-11-14 21:32:33.284417: Epoch time: 251.67 s
2025-11-14 21:32:34.349972: 
2025-11-14 21:32:34.350147: Epoch 285
2025-11-14 21:32:34.350259: Current learning rate: 0.00739
2025-11-14 21:36:46.124675: train_loss -0.652
2025-11-14 21:36:46.124907: val_loss -0.7157
2025-11-14 21:36:46.125007: Pseudo dice [np.float32(0.9119), np.float32(0.7785), np.float32(0.0)]
2025-11-14 21:36:46.125105: Epoch time: 251.78 s
2025-11-14 21:36:47.195594: 
2025-11-14 21:36:47.195791: Epoch 286
2025-11-14 21:36:47.195903: Current learning rate: 0.00738
2025-11-14 21:40:59.231571: train_loss -0.6497
2025-11-14 21:40:59.231819: val_loss -0.6683
2025-11-14 21:40:59.231968: Pseudo dice [np.float32(0.916), np.float32(0.7654), np.float32(0.0)]
2025-11-14 21:40:59.232078: Epoch time: 252.04 s
2025-11-14 21:41:00.304756: 
2025-11-14 21:41:00.304947: Epoch 287
2025-11-14 21:41:00.305060: Current learning rate: 0.00738
2025-11-14 21:45:12.061543: train_loss -0.6657
2025-11-14 21:45:12.061781: val_loss -0.6893
2025-11-14 21:45:12.061882: Pseudo dice [np.float32(0.9148), np.float32(0.757), np.float32(0.0)]
2025-11-14 21:45:12.061980: Epoch time: 251.76 s
2025-11-14 21:45:13.135099: 
2025-11-14 21:45:13.135268: Epoch 288
2025-11-14 21:45:13.135377: Current learning rate: 0.00737
2025-11-14 21:49:24.757924: train_loss -0.6521
2025-11-14 21:49:24.758192: val_loss -0.6867
2025-11-14 21:49:24.758293: Pseudo dice [np.float32(0.918), np.float32(0.7681), np.float32(0.0)]
2025-11-14 21:49:24.758393: Epoch time: 251.62 s
2025-11-14 21:49:26.417699: 
2025-11-14 21:49:26.417984: Epoch 289
2025-11-14 21:49:26.418099: Current learning rate: 0.00736
2025-11-14 21:53:38.468497: train_loss -0.6765
2025-11-14 21:53:38.468814: val_loss -0.6964
2025-11-14 21:53:38.468926: Pseudo dice [np.float32(0.9206), np.float32(0.7723), np.float32(0.0)]
2025-11-14 21:53:38.469026: Epoch time: 252.05 s
2025-11-14 21:53:39.549511: 
2025-11-14 21:53:39.549791: Epoch 290
2025-11-14 21:53:39.549910: Current learning rate: 0.00735
2025-11-14 21:57:51.459854: train_loss -0.6669
2025-11-14 21:57:51.460088: val_loss -0.6759
2025-11-14 21:57:51.460191: Pseudo dice [np.float32(0.9133), np.float32(0.7607), np.float32(0.0)]
2025-11-14 21:57:51.460289: Epoch time: 251.91 s
2025-11-14 21:57:52.541775: 
2025-11-14 21:57:52.542025: Epoch 291
2025-11-14 21:57:52.542145: Current learning rate: 0.00734
2025-11-14 22:02:04.337309: train_loss -0.6895
2025-11-14 22:02:04.337564: val_loss -0.682
2025-11-14 22:02:04.337690: Pseudo dice [np.float32(0.9134), np.float32(0.7565), np.float32(0.0)]
2025-11-14 22:02:04.337792: Epoch time: 251.8 s
2025-11-14 22:02:05.412407: 
2025-11-14 22:02:05.412651: Epoch 292
2025-11-14 22:02:05.412774: Current learning rate: 0.00733
2025-11-14 22:06:17.393733: train_loss -0.6668
2025-11-14 22:06:17.394014: val_loss -0.6844
2025-11-14 22:06:17.394120: Pseudo dice [np.float32(0.9081), np.float32(0.7545), np.float32(0.0)]
2025-11-14 22:06:17.394222: Epoch time: 251.98 s
2025-11-14 22:06:18.472890: 
2025-11-14 22:06:18.473167: Epoch 293
2025-11-14 22:06:18.473304: Current learning rate: 0.00732
2025-11-14 22:10:30.551648: train_loss -0.6608
2025-11-14 22:10:30.551880: val_loss -0.6869
2025-11-14 22:10:30.551980: Pseudo dice [np.float32(0.9247), np.float32(0.7416), np.float32(0.0)]
2025-11-14 22:10:30.552082: Epoch time: 252.08 s
2025-11-14 22:10:31.630227: 
2025-11-14 22:10:31.630428: Epoch 294
2025-11-14 22:10:31.630544: Current learning rate: 0.00731
2025-11-14 22:14:43.450891: train_loss -0.6682
2025-11-14 22:14:43.451181: val_loss -0.7101
2025-11-14 22:14:43.451290: Pseudo dice [np.float32(0.9237), np.float32(0.776), np.float32(0.0)]
2025-11-14 22:14:43.451391: Epoch time: 251.82 s
2025-11-14 22:14:44.527813: 
2025-11-14 22:14:44.528090: Epoch 295
2025-11-14 22:14:44.528205: Current learning rate: 0.0073
2025-11-14 22:18:56.480359: train_loss -0.6593
2025-11-14 22:18:56.480596: val_loss -0.672
2025-11-14 22:18:56.480708: Pseudo dice [np.float32(0.9159), np.float32(0.7667), np.float32(0.0)]
2025-11-14 22:18:56.480809: Epoch time: 251.95 s
2025-11-14 22:18:57.569105: 
2025-11-14 22:18:57.569278: Epoch 296
2025-11-14 22:18:57.569389: Current learning rate: 0.00729
2025-11-14 22:23:09.436200: train_loss -0.6716
2025-11-14 22:23:09.436454: val_loss -0.6763
2025-11-14 22:23:09.436558: Pseudo dice [np.float32(0.9138), np.float32(0.7573), np.float32(0.0)]
2025-11-14 22:23:09.436671: Epoch time: 251.87 s
2025-11-14 22:23:10.514161: 
2025-11-14 22:23:10.514365: Epoch 297
2025-11-14 22:23:10.514482: Current learning rate: 0.00728
2025-11-14 22:27:22.697016: train_loss -0.67
2025-11-14 22:27:22.697241: val_loss -0.6745
2025-11-14 22:27:22.697339: Pseudo dice [np.float32(0.9261), np.float32(0.7647), np.float32(0.0)]
2025-11-14 22:27:22.697437: Epoch time: 252.18 s
2025-11-14 22:27:23.766523: 
2025-11-14 22:27:23.766710: Epoch 298
2025-11-14 22:27:23.766822: Current learning rate: 0.00727
2025-11-14 22:31:35.455287: train_loss -0.6757
2025-11-14 22:31:35.455518: val_loss -0.6808
2025-11-14 22:31:35.455678: Pseudo dice [np.float32(0.9143), np.float32(0.753), np.float32(0.0)]
2025-11-14 22:31:35.455784: Epoch time: 251.69 s
2025-11-14 22:31:36.534112: 
2025-11-14 22:31:36.534323: Epoch 299
2025-11-14 22:31:36.534442: Current learning rate: 0.00726
2025-11-14 22:35:48.437807: train_loss -0.6828
2025-11-14 22:35:48.438039: val_loss -0.6802
2025-11-14 22:35:48.438141: Pseudo dice [np.float32(0.9202), np.float32(0.7636), np.float32(0.0)]
2025-11-14 22:35:48.438244: Epoch time: 251.9 s
2025-11-14 22:35:49.821583: 
2025-11-14 22:35:49.821856: Epoch 300
2025-11-14 22:35:49.822022: Current learning rate: 0.00725
2025-11-14 22:40:01.681373: train_loss -0.6742
2025-11-14 22:40:01.681630: val_loss -0.6966
2025-11-14 22:40:01.681733: Pseudo dice [np.float32(0.9211), np.float32(0.7598), np.float32(0.0)]
2025-11-14 22:40:01.681833: Epoch time: 251.86 s
2025-11-14 22:40:02.761797: 
2025-11-14 22:40:02.761967: Epoch 301
2025-11-14 22:40:02.762077: Current learning rate: 0.00724
2025-11-14 22:44:14.613756: train_loss -0.6604
2025-11-14 22:44:14.613988: val_loss -0.7013
2025-11-14 22:44:14.614090: Pseudo dice [np.float32(0.9169), np.float32(0.7482), np.float32(0.0)]
2025-11-14 22:44:14.614188: Epoch time: 251.85 s
2025-11-14 22:44:15.694458: 
2025-11-14 22:44:15.694724: Epoch 302
2025-11-14 22:44:15.694839: Current learning rate: 0.00724
2025-11-14 22:48:27.589375: train_loss -0.6577
2025-11-14 22:48:27.589635: val_loss -0.7128
2025-11-14 22:48:27.589740: Pseudo dice [np.float32(0.9225), np.float32(0.776), np.float32(0.0)]
2025-11-14 22:48:27.589841: Epoch time: 251.9 s
2025-11-14 22:48:28.670047: 
2025-11-14 22:48:28.670261: Epoch 303
2025-11-14 22:48:28.670380: Current learning rate: 0.00723
2025-11-14 22:52:40.441788: train_loss -0.6681
2025-11-14 22:52:40.442076: val_loss -0.6656
2025-11-14 22:52:40.442185: Pseudo dice [np.float32(0.9251), np.float32(0.7645), np.float32(0.0)]
2025-11-14 22:52:40.442286: Epoch time: 251.77 s
2025-11-14 22:52:41.522363: 
2025-11-14 22:52:41.522532: Epoch 304
2025-11-14 22:52:41.522649: Current learning rate: 0.00722
2025-11-14 22:56:53.397357: train_loss -0.6755
2025-11-14 22:56:53.397623: val_loss -0.7045
2025-11-14 22:56:53.397729: Pseudo dice [np.float32(0.9221), np.float32(0.7607), np.float32(0.0)]
2025-11-14 22:56:53.397832: Epoch time: 251.88 s
2025-11-14 22:56:55.051158: 
2025-11-14 22:56:55.051389: Epoch 305
2025-11-14 22:56:55.051510: Current learning rate: 0.00721
2025-11-14 23:01:06.719911: train_loss -0.6642
2025-11-14 23:01:06.720147: val_loss -0.7012
2025-11-14 23:01:06.720247: Pseudo dice [np.float32(0.9242), np.float32(0.7615), np.float32(0.0)]
2025-11-14 23:01:06.720343: Epoch time: 251.67 s
2025-11-14 23:01:07.797027: 
2025-11-14 23:01:07.797246: Epoch 306
2025-11-14 23:01:07.797363: Current learning rate: 0.0072
2025-11-14 23:05:19.689570: train_loss -0.6597
2025-11-14 23:05:19.689855: val_loss -0.679
2025-11-14 23:05:19.689960: Pseudo dice [np.float32(0.9106), np.float32(0.7576), np.float32(0.0)]
2025-11-14 23:05:19.690062: Epoch time: 251.89 s
2025-11-14 23:05:20.763225: 
2025-11-14 23:05:20.763476: Epoch 307
2025-11-14 23:05:20.763592: Current learning rate: 0.00719
2025-11-14 23:09:32.798227: train_loss -0.6748
2025-11-14 23:09:32.798459: val_loss -0.6524
2025-11-14 23:09:32.798566: Pseudo dice [np.float32(0.9171), np.float32(0.7527), np.float32(0.0)]
2025-11-14 23:09:32.798673: Epoch time: 252.04 s
2025-11-14 23:09:33.883155: 
2025-11-14 23:09:33.883331: Epoch 308
2025-11-14 23:09:33.883442: Current learning rate: 0.00718
2025-11-14 23:13:45.701316: train_loss -0.6697
2025-11-14 23:13:45.701548: val_loss -0.7157
2025-11-14 23:13:45.701656: Pseudo dice [np.float32(0.9157), np.float32(0.7707), np.float32(0.0)]
2025-11-14 23:13:45.701757: Epoch time: 251.82 s
2025-11-14 23:13:46.779420: 
2025-11-14 23:13:46.779619: Epoch 309
2025-11-14 23:13:46.779734: Current learning rate: 0.00717
2025-11-14 23:17:58.461591: train_loss -0.6602
2025-11-14 23:17:58.461824: val_loss -0.6534
2025-11-14 23:17:58.461925: Pseudo dice [np.float32(0.9124), np.float32(0.7606), np.float32(0.0)]
2025-11-14 23:17:58.462027: Epoch time: 251.68 s
2025-11-14 23:17:59.539720: 
2025-11-14 23:17:59.539912: Epoch 310
2025-11-14 23:17:59.540024: Current learning rate: 0.00716
2025-11-14 23:22:11.367861: train_loss -0.659
2025-11-14 23:22:11.368108: val_loss -0.681
2025-11-14 23:22:11.368209: Pseudo dice [np.float32(0.9187), np.float32(0.7627), np.float32(0.0)]
2025-11-14 23:22:11.368306: Epoch time: 251.83 s
2025-11-14 23:22:12.447101: 
2025-11-14 23:22:12.447330: Epoch 311
2025-11-14 23:22:12.447453: Current learning rate: 0.00715
2025-11-14 23:26:24.305400: train_loss -0.6705
2025-11-14 23:26:24.305649: val_loss -0.6719
2025-11-14 23:26:24.305752: Pseudo dice [np.float32(0.9159), np.float32(0.7647), np.float32(0.0)]
2025-11-14 23:26:24.305857: Epoch time: 251.86 s
2025-11-14 23:26:25.406902: 
2025-11-14 23:26:25.407185: Epoch 312
2025-11-14 23:26:25.407316: Current learning rate: 0.00714
2025-11-14 23:30:37.333899: train_loss -0.6786
2025-11-14 23:30:37.334138: val_loss -0.6676
2025-11-14 23:30:37.334239: Pseudo dice [np.float32(0.9168), np.float32(0.7612), np.float32(0.0)]
2025-11-14 23:30:37.334341: Epoch time: 251.93 s
2025-11-14 23:30:38.420722: 
2025-11-14 23:30:38.420915: Epoch 313
2025-11-14 23:30:38.421052: Current learning rate: 0.00713
2025-11-14 23:34:50.114311: train_loss -0.6745
2025-11-14 23:34:50.114580: val_loss -0.6596
2025-11-14 23:34:50.114691: Pseudo dice [np.float32(0.9147), np.float32(0.7682), np.float32(0.0)]
2025-11-14 23:34:50.114792: Epoch time: 251.69 s
2025-11-14 23:34:51.198559: 
2025-11-14 23:34:51.198789: Epoch 314
2025-11-14 23:34:51.198925: Current learning rate: 0.00712
2025-11-14 23:39:02.812272: train_loss -0.6643
2025-11-14 23:39:02.812521: val_loss -0.6657
2025-11-14 23:39:02.812674: Pseudo dice [np.float32(0.9162), np.float32(0.7611), np.float32(0.0)]
2025-11-14 23:39:02.812811: Epoch time: 251.61 s
2025-11-14 23:39:03.901418: 
2025-11-14 23:39:03.901665: Epoch 315
2025-11-14 23:39:03.901841: Current learning rate: 0.00711
2025-11-14 23:43:15.574766: train_loss -0.6658
2025-11-14 23:43:15.575008: val_loss -0.7052
2025-11-14 23:43:15.575111: Pseudo dice [np.float32(0.9161), np.float32(0.7688), np.float32(0.0)]
2025-11-14 23:43:15.575212: Epoch time: 251.67 s
2025-11-14 23:43:16.659549: 
2025-11-14 23:43:16.659731: Epoch 316
2025-11-14 23:43:16.659842: Current learning rate: 0.0071
2025-11-14 23:47:28.355056: train_loss -0.6591
2025-11-14 23:47:28.355279: val_loss -0.6858
2025-11-14 23:47:28.355378: Pseudo dice [np.float32(0.919), np.float32(0.7654), np.float32(0.0)]
2025-11-14 23:47:28.355476: Epoch time: 251.7 s
2025-11-14 23:47:29.448187: 
2025-11-14 23:47:29.448367: Epoch 317
2025-11-14 23:47:29.448483: Current learning rate: 0.0071
2025-11-14 23:51:41.474437: train_loss -0.6638
2025-11-14 23:51:41.474689: val_loss -0.6615
2025-11-14 23:51:41.474793: Pseudo dice [np.float32(0.9177), np.float32(0.7456), np.float32(0.0)]
2025-11-14 23:51:41.474894: Epoch time: 252.03 s
2025-11-14 23:51:42.565647: 
2025-11-14 23:51:42.565847: Epoch 318
2025-11-14 23:51:42.565964: Current learning rate: 0.00709
2025-11-14 23:55:54.468961: train_loss -0.6745
2025-11-14 23:55:54.469186: val_loss -0.673
2025-11-14 23:55:54.469286: Pseudo dice [np.float32(0.9256), np.float32(0.7758), np.float32(0.0)]
2025-11-14 23:55:54.469385: Epoch time: 251.9 s
2025-11-14 23:55:55.547327: 
2025-11-14 23:55:55.547544: Epoch 319
2025-11-14 23:55:55.547740: Current learning rate: 0.00708
2025-11-15 00:00:07.189623: train_loss -0.6656
2025-11-15 00:00:07.189864: val_loss -0.6829
2025-11-15 00:00:07.189966: Pseudo dice [np.float32(0.9227), np.float32(0.7735), np.float32(0.0)]
2025-11-15 00:00:07.190066: Epoch time: 251.64 s
2025-11-15 00:00:08.273517: 
2025-11-15 00:00:08.273697: Epoch 320
2025-11-15 00:00:08.273811: Current learning rate: 0.00707
2025-11-15 00:04:20.193206: train_loss -0.6893
2025-11-15 00:04:20.193444: val_loss -0.6479
2025-11-15 00:04:20.193593: Pseudo dice [np.float32(0.9043), np.float32(0.7622), np.float32(0.0)]
2025-11-15 00:04:20.193707: Epoch time: 251.92 s
2025-11-15 00:04:21.286927: 
2025-11-15 00:04:21.287099: Epoch 321
2025-11-15 00:04:21.287212: Current learning rate: 0.00706
2025-11-15 00:08:33.162550: train_loss -0.6713
2025-11-15 00:08:33.162824: val_loss -0.7108
2025-11-15 00:08:33.162958: Pseudo dice [np.float32(0.9196), np.float32(0.7645), np.float32(0.0)]
2025-11-15 00:08:33.163061: Epoch time: 251.88 s
2025-11-15 00:08:34.839109: 
2025-11-15 00:08:34.839357: Epoch 322
2025-11-15 00:08:34.839473: Current learning rate: 0.00705
2025-11-15 00:12:46.483835: train_loss -0.6769
2025-11-15 00:12:46.484088: val_loss -0.668
2025-11-15 00:12:46.484197: Pseudo dice [np.float32(0.9128), np.float32(0.7661), np.float32(0.0)]
2025-11-15 00:12:46.484296: Epoch time: 251.65 s
2025-11-15 00:12:47.564590: 
2025-11-15 00:12:47.564780: Epoch 323
2025-11-15 00:12:47.564892: Current learning rate: 0.00704
2025-11-15 00:16:59.304296: train_loss -0.6719
2025-11-15 00:16:59.304541: val_loss -0.6802
2025-11-15 00:16:59.304652: Pseudo dice [np.float32(0.9168), np.float32(0.7776), np.float32(0.0)]
2025-11-15 00:16:59.304752: Epoch time: 251.74 s
2025-11-15 00:17:00.387186: 
2025-11-15 00:17:00.387466: Epoch 324
2025-11-15 00:17:00.387600: Current learning rate: 0.00703
2025-11-15 00:21:12.216166: train_loss -0.6759
2025-11-15 00:21:12.216410: val_loss -0.6924
2025-11-15 00:21:12.216516: Pseudo dice [np.float32(0.9179), np.float32(0.7659), np.float32(0.0)]
2025-11-15 00:21:12.216621: Epoch time: 251.83 s
2025-11-15 00:21:13.317563: 
2025-11-15 00:21:13.317809: Epoch 325
2025-11-15 00:21:13.329454: Current learning rate: 0.00702
2025-11-15 00:25:24.970393: train_loss -0.6803
2025-11-15 00:25:24.970641: val_loss -0.6949
2025-11-15 00:25:24.970745: Pseudo dice [np.float32(0.9103), np.float32(0.7653), np.float32(0.0)]
2025-11-15 00:25:24.970844: Epoch time: 251.65 s
2025-11-15 00:25:26.049706: 
2025-11-15 00:25:26.049977: Epoch 326
2025-11-15 00:25:26.050118: Current learning rate: 0.00701
2025-11-15 00:29:38.134621: train_loss -0.6632
2025-11-15 00:29:38.134881: val_loss -0.7021
2025-11-15 00:29:38.134991: Pseudo dice [np.float32(0.9213), np.float32(0.7667), np.float32(0.0)]
2025-11-15 00:29:38.135090: Epoch time: 252.09 s
2025-11-15 00:29:39.223143: 
2025-11-15 00:29:39.223332: Epoch 327
2025-11-15 00:29:39.223448: Current learning rate: 0.007
2025-11-15 00:33:50.945878: train_loss -0.6758
2025-11-15 00:33:50.946116: val_loss -0.6312
2025-11-15 00:33:50.946319: Pseudo dice [np.float32(0.9243), np.float32(0.7549), np.float32(0.0)]
2025-11-15 00:33:50.946424: Epoch time: 251.72 s
2025-11-15 00:33:52.033662: 
2025-11-15 00:33:52.033848: Epoch 328
2025-11-15 00:33:52.033961: Current learning rate: 0.00699
2025-11-15 00:38:03.983194: train_loss -0.6696
2025-11-15 00:38:03.983441: val_loss -0.6857
2025-11-15 00:38:03.983539: Pseudo dice [np.float32(0.9202), np.float32(0.7586), np.float32(0.0)]
2025-11-15 00:38:03.983645: Epoch time: 251.95 s
2025-11-15 00:38:05.066299: 
2025-11-15 00:38:05.066481: Epoch 329
2025-11-15 00:38:05.066594: Current learning rate: 0.00698
2025-11-15 00:42:17.183552: train_loss -0.6822
2025-11-15 00:42:17.183834: val_loss -0.708
2025-11-15 00:42:17.183937: Pseudo dice [np.float32(0.9227), np.float32(0.7578), np.float32(0.0)]
2025-11-15 00:42:17.184037: Epoch time: 252.12 s
2025-11-15 00:42:18.270741: 
2025-11-15 00:42:18.270971: Epoch 330
2025-11-15 00:42:18.271089: Current learning rate: 0.00697
2025-11-15 00:46:29.901637: train_loss -0.6703
2025-11-15 00:46:29.901868: val_loss -0.6783
2025-11-15 00:46:29.901966: Pseudo dice [np.float32(0.919), np.float32(0.7541), np.float32(0.0)]
2025-11-15 00:46:29.902066: Epoch time: 251.63 s
2025-11-15 00:46:30.983799: 
2025-11-15 00:46:30.983979: Epoch 331
2025-11-15 00:46:30.984091: Current learning rate: 0.00696
2025-11-15 00:50:42.792692: train_loss -0.666
2025-11-15 00:50:42.805114: val_loss -0.6413
2025-11-15 00:50:42.805251: Pseudo dice [np.float32(0.9119), np.float32(0.7705), np.float32(0.0)]
2025-11-15 00:50:42.805348: Epoch time: 251.81 s
2025-11-15 00:50:43.885089: 
2025-11-15 00:50:43.885293: Epoch 332
2025-11-15 00:50:43.885522: Current learning rate: 0.00696
2025-11-15 00:54:55.642311: train_loss -0.6666
2025-11-15 00:54:55.642757: val_loss -0.6953
2025-11-15 00:54:55.642861: Pseudo dice [np.float32(0.9164), np.float32(0.7532), np.float32(0.0)]
2025-11-15 00:54:55.642962: Epoch time: 251.76 s
2025-11-15 00:54:56.730724: 
2025-11-15 00:54:56.730906: Epoch 333
2025-11-15 00:54:56.731020: Current learning rate: 0.00695
2025-11-15 00:59:08.893795: train_loss -0.678
2025-11-15 00:59:08.894431: val_loss -0.6698
2025-11-15 00:59:08.894539: Pseudo dice [np.float32(0.9171), np.float32(0.7722), np.float32(0.0)]
2025-11-15 00:59:08.894650: Epoch time: 252.16 s
2025-11-15 00:59:09.978250: 
2025-11-15 00:59:09.978517: Epoch 334
2025-11-15 00:59:09.978681: Current learning rate: 0.00694
2025-11-15 01:03:21.933253: train_loss -0.6715
2025-11-15 01:03:21.933880: val_loss -0.6839
2025-11-15 01:03:21.933997: Pseudo dice [np.float32(0.9191), np.float32(0.7623), np.float32(0.0)]
2025-11-15 01:03:21.934100: Epoch time: 251.96 s
2025-11-15 01:03:23.028021: 
2025-11-15 01:03:23.028240: Epoch 335
2025-11-15 01:03:23.028401: Current learning rate: 0.00693
2025-11-15 01:07:34.992391: train_loss -0.6786
2025-11-15 01:07:34.993060: val_loss -0.6721
2025-11-15 01:07:34.993182: Pseudo dice [np.float32(0.923), np.float32(0.7649), np.float32(0.0)]
2025-11-15 01:07:34.993284: Epoch time: 251.97 s
2025-11-15 01:07:36.082431: 
2025-11-15 01:07:36.082599: Epoch 336
2025-11-15 01:07:36.098759: Current learning rate: 0.00692
2025-11-15 01:11:48.063072: train_loss -0.6737
2025-11-15 01:11:48.063656: val_loss -0.66
2025-11-15 01:11:48.063773: Pseudo dice [np.float32(0.9113), np.float32(0.773), np.float32(0.0)]
2025-11-15 01:11:48.063877: Epoch time: 251.98 s
2025-11-15 01:11:49.157960: 
2025-11-15 01:11:49.158142: Epoch 337
2025-11-15 01:11:49.158257: Current learning rate: 0.00691
2025-11-15 01:16:00.827391: train_loss -0.6691
2025-11-15 01:16:00.827915: val_loss -0.6816
2025-11-15 01:16:00.828028: Pseudo dice [np.float32(0.9135), np.float32(0.7751), np.float32(0.0)]
2025-11-15 01:16:00.828133: Epoch time: 251.67 s
2025-11-15 01:16:02.514942: 
2025-11-15 01:16:02.515186: Epoch 338
2025-11-15 01:16:02.515310: Current learning rate: 0.0069
2025-11-15 01:20:14.302624: train_loss -0.655
2025-11-15 01:20:14.303180: val_loss -0.7186
2025-11-15 01:20:14.303286: Pseudo dice [np.float32(0.9145), np.float32(0.7662), np.float32(0.0)]
2025-11-15 01:20:14.303391: Epoch time: 251.79 s
2025-11-15 01:20:15.394292: 
2025-11-15 01:20:15.394492: Epoch 339
2025-11-15 01:20:15.394603: Current learning rate: 0.00689
2025-11-15 01:24:27.171125: train_loss -0.663
2025-11-15 01:24:27.171589: val_loss -0.6317
2025-11-15 01:24:27.171702: Pseudo dice [np.float32(0.9137), np.float32(0.7498), np.float32(0.0)]
2025-11-15 01:24:27.171803: Epoch time: 251.78 s
2025-11-15 01:24:28.259758: 
2025-11-15 01:24:28.259942: Epoch 340
2025-11-15 01:24:28.260056: Current learning rate: 0.00688
2025-11-15 01:28:40.275226: train_loss -0.6644
2025-11-15 01:28:40.275865: val_loss -0.6818
2025-11-15 01:28:40.276044: Pseudo dice [np.float32(0.9), np.float32(0.7763), np.float32(0.0)]
2025-11-15 01:28:40.276154: Epoch time: 252.02 s
2025-11-15 01:28:41.366693: 
2025-11-15 01:28:41.366976: Epoch 341
2025-11-15 01:28:41.367096: Current learning rate: 0.00687
2025-11-15 01:32:53.229235: train_loss -0.6778
2025-11-15 01:32:53.229804: val_loss -0.709
2025-11-15 01:32:53.229912: Pseudo dice [np.float32(0.9195), np.float32(0.771), np.float32(0.0)]
2025-11-15 01:32:53.230012: Epoch time: 251.86 s
2025-11-15 01:32:54.325012: 
2025-11-15 01:32:54.325203: Epoch 342
2025-11-15 01:32:54.325316: Current learning rate: 0.00686
2025-11-15 01:37:06.171808: train_loss -0.6696
2025-11-15 01:37:06.172406: val_loss -0.6763
2025-11-15 01:37:06.172510: Pseudo dice [np.float32(0.9179), np.float32(0.7595), np.float32(0.0)]
2025-11-15 01:37:06.172619: Epoch time: 251.85 s
2025-11-15 01:37:07.258933: 
2025-11-15 01:37:07.259147: Epoch 343
2025-11-15 01:37:07.259267: Current learning rate: 0.00685
2025-11-15 01:41:19.196069: train_loss -0.6778
2025-11-15 01:41:19.196573: val_loss -0.7007
2025-11-15 01:41:19.196694: Pseudo dice [np.float32(0.9247), np.float32(0.7712), np.float32(0.0)]
2025-11-15 01:41:19.196795: Epoch time: 251.94 s
2025-11-15 01:41:20.288154: 
2025-11-15 01:41:20.288342: Epoch 344
2025-11-15 01:41:20.288454: Current learning rate: 0.00684
2025-11-15 01:45:32.017326: train_loss -0.6807
2025-11-15 01:45:32.017813: val_loss -0.6382
2025-11-15 01:45:32.017921: Pseudo dice [np.float32(0.9209), np.float32(0.7563), np.float32(0.0)]
2025-11-15 01:45:32.018025: Epoch time: 251.73 s
2025-11-15 01:45:33.107578: 
2025-11-15 01:45:33.107766: Epoch 345
2025-11-15 01:45:33.107880: Current learning rate: 0.00683
2025-11-15 01:49:44.961697: train_loss -0.6686
2025-11-15 01:49:44.962241: val_loss -0.6881
2025-11-15 01:49:44.962343: Pseudo dice [np.float32(0.9139), np.float32(0.7701), np.float32(0.0)]
2025-11-15 01:49:44.962442: Epoch time: 251.86 s
2025-11-15 01:49:46.052513: 
2025-11-15 01:49:46.052704: Epoch 346
2025-11-15 01:49:46.052823: Current learning rate: 0.00682
2025-11-15 01:53:57.776022: train_loss -0.6593
2025-11-15 01:53:57.776513: val_loss -0.643
2025-11-15 01:53:57.776623: Pseudo dice [np.float32(0.9058), np.float32(0.7514), np.float32(0.0)]
2025-11-15 01:53:57.776724: Epoch time: 251.72 s
2025-11-15 01:53:58.865080: 
2025-11-15 01:53:58.865269: Epoch 347
2025-11-15 01:53:58.865385: Current learning rate: 0.00681
2025-11-15 01:58:10.558653: train_loss -0.681
2025-11-15 01:58:10.559238: val_loss -0.6612
2025-11-15 01:58:10.559366: Pseudo dice [np.float32(0.9216), np.float32(0.7642), np.float32(0.0)]
2025-11-15 01:58:10.559473: Epoch time: 251.69 s
2025-11-15 01:58:11.653656: 
2025-11-15 01:58:11.653827: Epoch 348
2025-11-15 01:58:11.653938: Current learning rate: 0.0068
2025-11-15 02:02:23.766925: train_loss -0.6633
2025-11-15 02:02:23.767480: val_loss -0.6455
2025-11-15 02:02:23.767589: Pseudo dice [np.float32(0.918), np.float32(0.7654), np.float32(0.0)]
2025-11-15 02:02:23.767698: Epoch time: 252.11 s
2025-11-15 02:02:24.856748: 
2025-11-15 02:02:24.856925: Epoch 349
2025-11-15 02:02:24.857038: Current learning rate: 0.0068
2025-11-15 02:06:36.706508: train_loss -0.6658
2025-11-15 02:06:36.706955: val_loss -0.7057
2025-11-15 02:06:36.707063: Pseudo dice [np.float32(0.92), np.float32(0.7605), np.float32(0.0)]
2025-11-15 02:06:36.707211: Epoch time: 251.85 s
2025-11-15 02:06:38.175967: 
2025-11-15 02:06:38.176265: Epoch 350
2025-11-15 02:06:38.176383: Current learning rate: 0.00679
2025-11-15 02:10:50.436044: train_loss -0.6679
2025-11-15 02:10:50.436553: val_loss -0.6708
2025-11-15 02:10:50.436665: Pseudo dice [np.float32(0.9246), np.float32(0.7677), np.float32(0.0)]
2025-11-15 02:10:50.436769: Epoch time: 252.26 s
2025-11-15 02:10:51.531083: 
2025-11-15 02:10:51.531247: Epoch 351
2025-11-15 02:10:51.531358: Current learning rate: 0.00678
2025-11-15 02:15:03.772863: train_loss -0.6775
2025-11-15 02:15:03.773486: val_loss -0.6839
2025-11-15 02:15:03.773596: Pseudo dice [np.float32(0.9152), np.float32(0.7604), np.float32(0.0)]
2025-11-15 02:15:03.773709: Epoch time: 252.24 s
2025-11-15 02:15:04.873974: 
2025-11-15 02:15:04.874171: Epoch 352
2025-11-15 02:15:04.874285: Current learning rate: 0.00677
2025-11-15 02:19:16.595330: train_loss -0.6854
2025-11-15 02:19:16.595772: val_loss -0.6898
2025-11-15 02:19:16.595877: Pseudo dice [np.float32(0.9161), np.float32(0.7705), np.float32(0.0)]
2025-11-15 02:19:16.595977: Epoch time: 251.72 s
2025-11-15 02:19:17.683632: 
2025-11-15 02:19:17.683813: Epoch 353
2025-11-15 02:19:17.683931: Current learning rate: 0.00676
2025-11-15 02:23:29.539720: train_loss -0.6753
2025-11-15 02:23:29.540215: val_loss -0.6562
2025-11-15 02:23:29.540325: Pseudo dice [np.float32(0.9151), np.float32(0.7644), np.float32(0.0)]
2025-11-15 02:23:29.540426: Epoch time: 251.86 s
2025-11-15 02:23:31.215279: 
2025-11-15 02:23:31.215592: Epoch 354
2025-11-15 02:23:31.215718: Current learning rate: 0.00675
2025-11-15 02:27:42.990033: train_loss -0.6777
2025-11-15 02:27:42.990670: val_loss -0.6783
2025-11-15 02:27:42.990776: Pseudo dice [np.float32(0.9145), np.float32(0.7585), np.float32(0.0)]
2025-11-15 02:27:42.990876: Epoch time: 251.78 s
2025-11-15 02:27:44.086722: 
2025-11-15 02:27:44.086924: Epoch 355
2025-11-15 02:27:44.087038: Current learning rate: 0.00674
2025-11-15 02:31:55.730484: train_loss -0.6763
2025-11-15 02:31:55.731060: val_loss -0.6693
2025-11-15 02:31:55.731170: Pseudo dice [np.float32(0.9188), np.float32(0.7636), np.float32(0.0)]
2025-11-15 02:31:55.731270: Epoch time: 251.64 s
2025-11-15 02:31:56.818279: 
2025-11-15 02:31:56.818487: Epoch 356
2025-11-15 02:31:56.818599: Current learning rate: 0.00673
2025-11-15 02:36:08.642656: train_loss -0.6705
2025-11-15 02:36:08.643140: val_loss -0.6892
2025-11-15 02:36:08.643247: Pseudo dice [np.float32(0.9133), np.float32(0.7671), np.float32(0.0)]
2025-11-15 02:36:08.643351: Epoch time: 251.83 s
2025-11-15 02:36:09.739343: 
2025-11-15 02:36:09.739578: Epoch 357
2025-11-15 02:36:09.739715: Current learning rate: 0.00672
2025-11-15 02:40:21.101690: train_loss -0.6856
2025-11-15 02:40:21.102118: val_loss -0.6908
2025-11-15 02:40:21.102228: Pseudo dice [np.float32(0.9206), np.float32(0.7562), np.float32(0.0)]
2025-11-15 02:40:21.102329: Epoch time: 251.36 s
2025-11-15 02:40:22.202733: 
2025-11-15 02:40:22.203111: Epoch 358
2025-11-15 02:40:22.203314: Current learning rate: 0.00671
2025-11-15 02:44:33.645114: train_loss -0.6775
2025-11-15 02:44:33.645595: val_loss -0.6754
2025-11-15 02:44:33.645711: Pseudo dice [np.float32(0.9175), np.float32(0.7513), np.float32(0.0)]
2025-11-15 02:44:33.645815: Epoch time: 251.44 s
2025-11-15 02:44:34.735157: 
2025-11-15 02:44:34.735358: Epoch 359
2025-11-15 02:44:34.735510: Current learning rate: 0.0067
2025-11-15 02:48:46.411074: train_loss -0.6769
2025-11-15 02:48:46.411520: val_loss -0.6685
2025-11-15 02:48:46.411637: Pseudo dice [np.float32(0.927), np.float32(0.742), np.float32(0.0)]
2025-11-15 02:48:46.411741: Epoch time: 251.68 s
2025-11-15 02:48:47.506958: 
2025-11-15 02:48:47.507183: Epoch 360
2025-11-15 02:48:47.507297: Current learning rate: 0.00669
2025-11-15 02:52:59.310815: train_loss -0.6815
2025-11-15 02:52:59.311384: val_loss -0.6781
2025-11-15 02:52:59.311496: Pseudo dice [np.float32(0.9163), np.float32(0.7635), np.float32(0.0)]
2025-11-15 02:52:59.311597: Epoch time: 251.8 s
2025-11-15 02:53:00.408564: 
2025-11-15 02:53:00.408770: Epoch 361
2025-11-15 02:53:00.408882: Current learning rate: 0.00668
2025-11-15 02:57:12.563110: train_loss -0.682
2025-11-15 02:57:12.563596: val_loss -0.6633
2025-11-15 02:57:12.563716: Pseudo dice [np.float32(0.9254), np.float32(0.7582), np.float32(0.0)]
2025-11-15 02:57:12.563818: Epoch time: 252.16 s
2025-11-15 02:57:13.658390: 
2025-11-15 02:57:13.658655: Epoch 362
2025-11-15 02:57:13.658804: Current learning rate: 0.00667
2025-11-15 03:01:25.427708: train_loss -0.681
2025-11-15 03:01:25.428250: val_loss -0.685
2025-11-15 03:01:25.428360: Pseudo dice [np.float32(0.9174), np.float32(0.7633), np.float32(0.0)]
2025-11-15 03:01:25.428465: Epoch time: 251.77 s
2025-11-15 03:01:26.534383: 
2025-11-15 03:01:26.534560: Epoch 363
2025-11-15 03:01:26.534677: Current learning rate: 0.00666
2025-11-15 03:05:38.709502: train_loss -0.6735
2025-11-15 03:05:38.709760: val_loss -0.6368
2025-11-15 03:05:38.709864: Pseudo dice [np.float32(0.9188), np.float32(0.7599), np.float32(0.0)]
2025-11-15 03:05:38.709965: Epoch time: 252.18 s
2025-11-15 03:05:39.812682: 
2025-11-15 03:05:39.812937: Epoch 364
2025-11-15 03:05:39.813062: Current learning rate: 0.00665
2025-11-15 03:09:51.853996: train_loss -0.6753
2025-11-15 03:09:51.854295: val_loss -0.6894
2025-11-15 03:09:51.854403: Pseudo dice [np.float32(0.9181), np.float32(0.764), np.float32(0.0)]
2025-11-15 03:09:51.854504: Epoch time: 252.04 s
2025-11-15 03:09:52.949781: 
2025-11-15 03:09:52.949986: Epoch 365
2025-11-15 03:09:52.950099: Current learning rate: 0.00665
2025-11-15 03:14:04.651036: train_loss -0.6702
2025-11-15 03:14:04.651278: val_loss -0.7029
2025-11-15 03:14:04.651379: Pseudo dice [np.float32(0.9262), np.float32(0.7602), np.float32(0.0)]
2025-11-15 03:14:04.651478: Epoch time: 251.7 s
2025-11-15 03:14:05.746257: 
2025-11-15 03:14:05.746504: Epoch 366
2025-11-15 03:14:05.746634: Current learning rate: 0.00664
2025-11-15 03:18:17.620687: train_loss -0.6735
2025-11-15 03:18:17.620938: val_loss -0.6537
2025-11-15 03:18:17.621039: Pseudo dice [np.float32(0.9135), np.float32(0.7718), np.float32(0.0)]
2025-11-15 03:18:17.621138: Epoch time: 251.88 s
2025-11-15 03:18:18.715705: 
2025-11-15 03:18:18.715898: Epoch 367
2025-11-15 03:18:18.716010: Current learning rate: 0.00663
2025-11-15 03:22:30.461513: train_loss -0.6856
2025-11-15 03:22:30.461748: val_loss -0.7024
2025-11-15 03:22:30.461851: Pseudo dice [np.float32(0.9175), np.float32(0.7701), np.float32(0.0)]
2025-11-15 03:22:30.461949: Epoch time: 251.75 s
2025-11-15 03:22:31.556654: 
2025-11-15 03:22:31.556858: Epoch 368
2025-11-15 03:22:31.556972: Current learning rate: 0.00662
2025-11-15 03:26:43.458438: train_loss -0.6793
2025-11-15 03:26:43.458672: val_loss -0.64
2025-11-15 03:26:43.458777: Pseudo dice [np.float32(0.9132), np.float32(0.7537), np.float32(0.0)]
2025-11-15 03:26:43.458878: Epoch time: 251.9 s
2025-11-15 03:26:44.550580: 
2025-11-15 03:26:44.550762: Epoch 369
2025-11-15 03:26:44.550877: Current learning rate: 0.00661
2025-11-15 03:30:56.462948: train_loss -0.6823
2025-11-15 03:30:56.463189: val_loss -0.6885
2025-11-15 03:30:56.463292: Pseudo dice [np.float32(0.9218), np.float32(0.7658), np.float32(0.0)]
2025-11-15 03:30:56.463391: Epoch time: 251.91 s
2025-11-15 03:30:58.144735: 
2025-11-15 03:30:58.144942: Epoch 370
2025-11-15 03:30:58.145055: Current learning rate: 0.0066
2025-11-15 03:35:10.221539: train_loss -0.6882
2025-11-15 03:35:10.221805: val_loss -0.664
2025-11-15 03:35:10.221978: Pseudo dice [np.float32(0.9159), np.float32(0.7725), np.float32(0.0)]
2025-11-15 03:35:10.222084: Epoch time: 252.08 s
2025-11-15 03:35:11.322716: 
2025-11-15 03:35:11.322995: Epoch 371
2025-11-15 03:35:11.323122: Current learning rate: 0.00659
2025-11-15 03:39:22.937324: train_loss -0.6682
2025-11-15 03:39:22.937571: val_loss -0.671
2025-11-15 03:39:22.937691: Pseudo dice [np.float32(0.9201), np.float32(0.7532), np.float32(0.0)]
2025-11-15 03:39:22.937793: Epoch time: 251.62 s
2025-11-15 03:39:24.038655: 
2025-11-15 03:39:24.038844: Epoch 372
2025-11-15 03:39:24.038960: Current learning rate: 0.00658
2025-11-15 03:43:36.059647: train_loss -0.6812
2025-11-15 03:43:36.059873: val_loss -0.675
2025-11-15 03:43:36.059973: Pseudo dice [np.float32(0.9147), np.float32(0.7484), np.float32(0.0)]
2025-11-15 03:43:36.060073: Epoch time: 252.02 s
2025-11-15 03:43:37.153300: 
2025-11-15 03:43:37.153514: Epoch 373
2025-11-15 03:43:37.153650: Current learning rate: 0.00657
2025-11-15 03:47:48.863196: train_loss -0.6762
2025-11-15 03:47:48.863462: val_loss -0.6673
2025-11-15 03:47:48.863569: Pseudo dice [np.float32(0.9203), np.float32(0.7681), np.float32(0.0)]
2025-11-15 03:47:48.863674: Epoch time: 251.71 s
2025-11-15 03:47:49.958987: 
2025-11-15 03:47:49.959264: Epoch 374
2025-11-15 03:47:49.959418: Current learning rate: 0.00656
2025-11-15 03:52:02.137198: train_loss -0.661
2025-11-15 03:52:02.137441: val_loss -0.7003
2025-11-15 03:52:02.137540: Pseudo dice [np.float32(0.9203), np.float32(0.7727), np.float32(0.0)]
2025-11-15 03:52:02.137647: Epoch time: 252.18 s
2025-11-15 03:52:03.233833: 
2025-11-15 03:52:03.234050: Epoch 375
2025-11-15 03:52:03.234162: Current learning rate: 0.00655
2025-11-15 03:56:15.031431: train_loss -0.6765
2025-11-15 03:56:15.031683: val_loss -0.6916
2025-11-15 03:56:15.031786: Pseudo dice [np.float32(0.9242), np.float32(0.7572), np.float32(0.0)]
2025-11-15 03:56:15.031886: Epoch time: 251.8 s
2025-11-15 03:56:16.128469: 
2025-11-15 03:56:16.128671: Epoch 376
2025-11-15 03:56:16.128783: Current learning rate: 0.00654
2025-11-15 04:00:28.441196: train_loss -0.679
2025-11-15 04:00:28.441435: val_loss -0.6835
2025-11-15 04:00:28.441538: Pseudo dice [np.float32(0.9208), np.float32(0.7524), np.float32(0.0)]
2025-11-15 04:00:28.441647: Epoch time: 252.31 s
2025-11-15 04:00:29.537553: 
2025-11-15 04:00:29.537738: Epoch 377
2025-11-15 04:00:29.537852: Current learning rate: 0.00653
2025-11-15 04:04:41.358749: train_loss -0.6742
2025-11-15 04:04:41.359020: val_loss -0.67
2025-11-15 04:04:41.359127: Pseudo dice [np.float32(0.9029), np.float32(0.7584), np.float32(0.0)]
2025-11-15 04:04:41.359226: Epoch time: 251.82 s
2025-11-15 04:04:42.454228: 
2025-11-15 04:04:42.454551: Epoch 378
2025-11-15 04:04:42.454674: Current learning rate: 0.00652
2025-11-15 04:08:54.447759: train_loss -0.6913
2025-11-15 04:08:54.448010: val_loss -0.6851
2025-11-15 04:08:54.448112: Pseudo dice [np.float32(0.9167), np.float32(0.78), np.float32(0.0)]
2025-11-15 04:08:54.448233: Epoch time: 251.99 s
2025-11-15 04:08:55.548992: 
2025-11-15 04:08:55.549176: Epoch 379
2025-11-15 04:08:55.549291: Current learning rate: 0.00651
2025-11-15 04:13:06.933325: train_loss -0.681
2025-11-15 04:13:06.933687: val_loss -0.7159
2025-11-15 04:13:06.933801: Pseudo dice [np.float32(0.9255), np.float32(0.7756), np.float32(0.0)]
2025-11-15 04:13:06.933907: Epoch time: 251.39 s
2025-11-15 04:13:08.026786: 
2025-11-15 04:13:08.026981: Epoch 380
2025-11-15 04:13:08.027101: Current learning rate: 0.0065
2025-11-15 04:17:20.018281: train_loss -0.6748
2025-11-15 04:17:20.018580: val_loss -0.6774
2025-11-15 04:17:20.018692: Pseudo dice [np.float32(0.9193), np.float32(0.7668), np.float32(0.0)]
2025-11-15 04:17:20.018793: Epoch time: 251.99 s
2025-11-15 04:17:21.118416: 
2025-11-15 04:17:21.118674: Epoch 381
2025-11-15 04:17:21.118787: Current learning rate: 0.00649
2025-11-15 04:21:33.059269: train_loss -0.6837
2025-11-15 04:21:33.059583: val_loss -0.6957
2025-11-15 04:21:33.059703: Pseudo dice [np.float32(0.9156), np.float32(0.7568), np.float32(0.0)]
2025-11-15 04:21:33.059804: Epoch time: 251.94 s
2025-11-15 04:21:34.161304: 
2025-11-15 04:21:34.161489: Epoch 382
2025-11-15 04:21:34.161606: Current learning rate: 0.00648
2025-11-15 04:25:46.083155: train_loss -0.6761
2025-11-15 04:25:46.083444: val_loss -0.6423
2025-11-15 04:25:46.083553: Pseudo dice [np.float32(0.9204), np.float32(0.7693), np.float32(0.0)]
2025-11-15 04:25:46.083664: Epoch time: 251.92 s
2025-11-15 04:25:47.187718: 
2025-11-15 04:25:47.187891: Epoch 383
2025-11-15 04:25:47.188002: Current learning rate: 0.00648
2025-11-15 04:29:59.159684: train_loss -0.6805
2025-11-15 04:29:59.159923: val_loss -0.7031
2025-11-15 04:29:59.160026: Pseudo dice [np.float32(0.921), np.float32(0.7598), np.float32(0.0)]
2025-11-15 04:29:59.160216: Epoch time: 251.97 s
2025-11-15 04:30:00.277608: 
2025-11-15 04:30:00.277797: Epoch 384
2025-11-15 04:30:00.277911: Current learning rate: 0.00647
2025-11-15 04:34:11.866627: train_loss -0.6853
2025-11-15 04:34:11.866874: val_loss -0.6905
2025-11-15 04:34:11.866976: Pseudo dice [np.float32(0.9185), np.float32(0.7688), np.float32(0.0)]
2025-11-15 04:34:11.867144: Epoch time: 251.59 s
2025-11-15 04:34:12.969095: 
2025-11-15 04:34:12.969275: Epoch 385
2025-11-15 04:34:12.969386: Current learning rate: 0.00646
2025-11-15 04:38:24.807319: train_loss -0.6823
2025-11-15 04:38:24.807568: val_loss -0.6827
2025-11-15 04:38:24.807678: Pseudo dice [np.float32(0.9094), np.float32(0.7595), np.float32(0.0)]
2025-11-15 04:38:24.807780: Epoch time: 251.84 s
2025-11-15 04:38:26.495425: 
2025-11-15 04:38:26.495639: Epoch 386
2025-11-15 04:38:26.495753: Current learning rate: 0.00645
2025-11-15 04:42:38.374772: train_loss -0.6643
2025-11-15 04:42:38.375016: val_loss -0.6865
2025-11-15 04:42:38.375118: Pseudo dice [np.float32(0.9246), np.float32(0.7625), np.float32(0.0)]
2025-11-15 04:42:38.375218: Epoch time: 251.88 s
2025-11-15 04:42:39.490112: 
2025-11-15 04:42:39.490358: Epoch 387
2025-11-15 04:42:39.490477: Current learning rate: 0.00644
2025-11-15 04:46:51.466332: train_loss -0.6674
2025-11-15 04:46:51.466582: val_loss -0.6789
2025-11-15 04:46:51.466691: Pseudo dice [np.float32(0.9164), np.float32(0.733), np.float32(0.0)]
2025-11-15 04:46:51.466791: Epoch time: 251.98 s
2025-11-15 04:46:52.571238: 
2025-11-15 04:46:52.571498: Epoch 388
2025-11-15 04:46:52.571668: Current learning rate: 0.00643
2025-11-15 04:51:04.354963: train_loss -0.6644
2025-11-15 04:51:04.355202: val_loss -0.7029
2025-11-15 04:51:04.355303: Pseudo dice [np.float32(0.9243), np.float32(0.7681), np.float32(0.0)]
2025-11-15 04:51:04.355401: Epoch time: 251.78 s
2025-11-15 04:51:05.461332: 
2025-11-15 04:51:05.461624: Epoch 389
2025-11-15 04:51:05.461796: Current learning rate: 0.00642
2025-11-15 04:55:17.026836: train_loss -0.6744
2025-11-15 04:55:17.027070: val_loss -0.6426
2025-11-15 04:55:17.027169: Pseudo dice [np.float32(0.9227), np.float32(0.7674), np.float32(0.0)]
2025-11-15 04:55:17.027268: Epoch time: 251.57 s
2025-11-15 04:55:18.128440: 
2025-11-15 04:55:18.128635: Epoch 390
2025-11-15 04:55:18.128752: Current learning rate: 0.00641
2025-11-15 04:59:30.051462: train_loss -0.6717
2025-11-15 04:59:30.051714: val_loss -0.6778
2025-11-15 04:59:30.051817: Pseudo dice [np.float32(0.9134), np.float32(0.762), np.float32(0.0)]
2025-11-15 04:59:30.051915: Epoch time: 251.92 s
2025-11-15 04:59:31.158753: 
2025-11-15 04:59:31.158942: Epoch 391
2025-11-15 04:59:31.159058: Current learning rate: 0.0064
2025-11-15 05:03:42.855638: train_loss -0.6919
2025-11-15 05:03:42.855884: val_loss -0.6519
2025-11-15 05:03:42.855985: Pseudo dice [np.float32(0.9203), np.float32(0.7691), np.float32(0.0)]
2025-11-15 05:03:42.856092: Epoch time: 251.7 s
2025-11-15 05:03:43.962489: 
2025-11-15 05:03:43.962677: Epoch 392
2025-11-15 05:03:43.962804: Current learning rate: 0.00639
2025-11-15 05:07:55.552019: train_loss -0.6813
2025-11-15 05:07:55.552255: val_loss -0.673
2025-11-15 05:07:55.552356: Pseudo dice [np.float32(0.9191), np.float32(0.7669), np.float32(0.0)]
2025-11-15 05:07:55.552456: Epoch time: 251.59 s
2025-11-15 05:07:56.656415: 
2025-11-15 05:07:56.656718: Epoch 393
2025-11-15 05:07:56.656838: Current learning rate: 0.00638
2025-11-15 05:12:08.477539: train_loss -0.6839
2025-11-15 05:12:08.477776: val_loss -0.6454
2025-11-15 05:12:08.477876: Pseudo dice [np.float32(0.9221), np.float32(0.7578), np.float32(0.0)]
2025-11-15 05:12:08.477978: Epoch time: 251.82 s
2025-11-15 05:12:09.578540: 
2025-11-15 05:12:09.578719: Epoch 394
2025-11-15 05:12:09.578830: Current learning rate: 0.00637
2025-11-15 05:16:21.210572: train_loss -0.6779
2025-11-15 05:16:21.210874: val_loss -0.6632
2025-11-15 05:16:21.210980: Pseudo dice [np.float32(0.9165), np.float32(0.7454), np.float32(0.0)]
2025-11-15 05:16:21.211084: Epoch time: 251.63 s
2025-11-15 05:16:22.320666: 
2025-11-15 05:16:22.320846: Epoch 395
2025-11-15 05:16:22.320958: Current learning rate: 0.00636
2025-11-15 05:20:34.200127: train_loss -0.6772
2025-11-15 05:20:34.200368: val_loss -0.6779
2025-11-15 05:20:34.200472: Pseudo dice [np.float32(0.9201), np.float32(0.7766), np.float32(0.0)]
2025-11-15 05:20:34.200572: Epoch time: 251.88 s
2025-11-15 05:20:35.307841: 
2025-11-15 05:20:35.308136: Epoch 396
2025-11-15 05:20:35.308294: Current learning rate: 0.00635
2025-11-15 05:24:47.465038: train_loss -0.6691
2025-11-15 05:24:47.465273: val_loss -0.6917
2025-11-15 05:24:47.465375: Pseudo dice [np.float32(0.9149), np.float32(0.759), np.float32(0.0)]
2025-11-15 05:24:47.465476: Epoch time: 252.16 s
2025-11-15 05:24:48.571456: 
2025-11-15 05:24:48.571629: Epoch 397
2025-11-15 05:24:48.571744: Current learning rate: 0.00634
2025-11-15 05:29:00.629509: train_loss -0.6647
2025-11-15 05:29:00.629772: val_loss -0.6741
2025-11-15 05:29:00.629875: Pseudo dice [np.float32(0.9291), np.float32(0.7583), np.float32(0.0)]
2025-11-15 05:29:00.629976: Epoch time: 252.06 s
2025-11-15 05:29:01.735839: 
2025-11-15 05:29:01.736141: Epoch 398
2025-11-15 05:29:01.736266: Current learning rate: 0.00633
2025-11-15 05:33:13.346691: train_loss -0.6731
2025-11-15 05:33:13.346927: val_loss -0.6929
2025-11-15 05:33:13.347054: Pseudo dice [np.float32(0.919), np.float32(0.7675), np.float32(0.0)]
2025-11-15 05:33:13.347195: Epoch time: 251.61 s
2025-11-15 05:33:14.445315: 
2025-11-15 05:33:14.445486: Epoch 399
2025-11-15 05:33:14.445600: Current learning rate: 0.00632
2025-11-15 05:37:26.524561: train_loss -0.678
2025-11-15 05:37:26.524807: val_loss -0.666
2025-11-15 05:37:26.524907: Pseudo dice [np.float32(0.9131), np.float32(0.7631), np.float32(0.0)]
2025-11-15 05:37:26.525006: Epoch time: 252.08 s
2025-11-15 05:37:27.954005: 
2025-11-15 05:37:27.954177: Epoch 400
2025-11-15 05:37:27.954288: Current learning rate: 0.00631
2025-11-15 05:41:39.996033: train_loss -0.6882
2025-11-15 05:41:39.996260: val_loss -0.6861
2025-11-15 05:41:39.996361: Pseudo dice [np.float32(0.917), np.float32(0.759), np.float32(0.0)]
2025-11-15 05:41:39.996460: Epoch time: 252.04 s
2025-11-15 05:41:41.682589: 
2025-11-15 05:41:41.682875: Epoch 401
2025-11-15 05:41:41.683011: Current learning rate: 0.0063
2025-11-15 05:45:53.388252: train_loss -0.6757
2025-11-15 05:45:53.388506: val_loss -0.6767
2025-11-15 05:45:53.388608: Pseudo dice [np.float32(0.9245), np.float32(0.7719), np.float32(0.0)]
2025-11-15 05:45:53.388719: Epoch time: 251.71 s
2025-11-15 05:45:54.490799: 
2025-11-15 05:45:54.491000: Epoch 402
2025-11-15 05:45:54.491110: Current learning rate: 0.0063
2025-11-15 05:50:06.174365: train_loss -0.683
2025-11-15 05:50:06.174608: val_loss -0.6745
2025-11-15 05:50:06.174723: Pseudo dice [np.float32(0.9249), np.float32(0.7723), np.float32(0.0)]
2025-11-15 05:50:06.174822: Epoch time: 251.68 s
2025-11-15 05:50:07.278706: 
2025-11-15 05:50:07.278938: Epoch 403
2025-11-15 05:50:07.279052: Current learning rate: 0.00629
2025-11-15 05:54:19.034064: train_loss -0.6803
2025-11-15 05:54:19.034308: val_loss -0.7188
2025-11-15 05:54:19.034411: Pseudo dice [np.float32(0.9233), np.float32(0.7613), np.float32(0.0)]
2025-11-15 05:54:19.034509: Epoch time: 251.76 s
2025-11-15 05:54:20.141005: 
2025-11-15 05:54:20.141194: Epoch 404
2025-11-15 05:54:20.141315: Current learning rate: 0.00628
2025-11-15 05:58:31.979524: train_loss -0.6833
2025-11-15 05:58:31.979776: val_loss -0.6554
2025-11-15 05:58:31.979880: Pseudo dice [np.float32(0.9051), np.float32(0.7672), np.float32(0.0)]
2025-11-15 05:58:31.979980: Epoch time: 251.84 s
2025-11-15 05:58:33.091965: 
2025-11-15 05:58:33.092275: Epoch 405
2025-11-15 05:58:33.092391: Current learning rate: 0.00627
2025-11-15 06:02:45.048491: train_loss -0.6722
2025-11-15 06:02:45.048790: val_loss -0.6789
2025-11-15 06:02:45.048902: Pseudo dice [np.float32(0.9161), np.float32(0.7645), np.float32(0.0)]
2025-11-15 06:02:45.049004: Epoch time: 251.96 s
2025-11-15 06:02:46.155493: 
2025-11-15 06:02:46.155772: Epoch 406
2025-11-15 06:02:46.155896: Current learning rate: 0.00626
2025-11-15 06:06:58.014945: train_loss -0.6711
2025-11-15 06:06:58.015178: val_loss -0.7282
2025-11-15 06:06:58.015281: Pseudo dice [np.float32(0.9149), np.float32(0.7594), np.float32(0.0)]
2025-11-15 06:06:58.015383: Epoch time: 251.86 s
2025-11-15 06:06:59.116007: 
2025-11-15 06:06:59.116196: Epoch 407
2025-11-15 06:06:59.116312: Current learning rate: 0.00625
2025-11-15 06:11:11.392497: train_loss -0.6879
2025-11-15 06:11:11.392729: val_loss -0.6758
2025-11-15 06:11:11.392830: Pseudo dice [np.float32(0.9162), np.float32(0.765), np.float32(0.0)]
2025-11-15 06:11:11.392931: Epoch time: 252.28 s
2025-11-15 06:11:12.502579: 
2025-11-15 06:11:12.502811: Epoch 408
2025-11-15 06:11:12.502958: Current learning rate: 0.00624
2025-11-15 06:15:24.257393: train_loss -0.6702
2025-11-15 06:15:24.257631: val_loss -0.6672
2025-11-15 06:15:24.257757: Pseudo dice [np.float32(0.9195), np.float32(0.7533), np.float32(0.0)]
2025-11-15 06:15:24.257861: Epoch time: 251.76 s
2025-11-15 06:15:25.371383: 
2025-11-15 06:15:25.371688: Epoch 409
2025-11-15 06:15:25.371839: Current learning rate: 0.00623
2025-11-15 06:19:37.249645: train_loss -0.6622
2025-11-15 06:19:37.249885: val_loss -0.7213
2025-11-15 06:19:37.249989: Pseudo dice [np.float32(0.918), np.float32(0.7673), np.float32(0.0)]
2025-11-15 06:19:37.250089: Epoch time: 251.88 s
2025-11-15 06:19:38.362569: 
2025-11-15 06:19:38.362763: Epoch 410
2025-11-15 06:19:38.362877: Current learning rate: 0.00622
2025-11-15 06:23:50.025602: train_loss -0.6748
2025-11-15 06:23:50.025851: val_loss -0.7148
2025-11-15 06:23:50.025959: Pseudo dice [np.float32(0.9134), np.float32(0.774), np.float32(0.0)]
2025-11-15 06:23:50.026058: Epoch time: 251.66 s
2025-11-15 06:23:51.096394: 
2025-11-15 06:23:51.096576: Epoch 411
2025-11-15 06:23:51.096757: Current learning rate: 0.00621
2025-11-15 06:28:02.767962: train_loss -0.6781
2025-11-15 06:28:02.768215: val_loss -0.6782
2025-11-15 06:28:02.768320: Pseudo dice [np.float32(0.9124), np.float32(0.7722), np.float32(0.0)]
2025-11-15 06:28:02.768421: Epoch time: 251.67 s
2025-11-15 06:28:03.840261: 
2025-11-15 06:28:03.840538: Epoch 412
2025-11-15 06:28:03.840687: Current learning rate: 0.0062
2025-11-15 06:32:15.484278: train_loss -0.6998
2025-11-15 06:32:15.484515: val_loss -0.6914
2025-11-15 06:32:15.484669: Pseudo dice [np.float32(0.9218), np.float32(0.7532), np.float32(0.0)]
2025-11-15 06:32:15.484773: Epoch time: 251.64 s
2025-11-15 06:32:16.551542: 
2025-11-15 06:32:16.551805: Epoch 413
2025-11-15 06:32:16.551924: Current learning rate: 0.00619
2025-11-15 06:36:28.353673: train_loss -0.6848
2025-11-15 06:36:28.359958: val_loss -0.6931
2025-11-15 06:36:28.360117: Pseudo dice [np.float32(0.9246), np.float32(0.7535), np.float32(0.0)]
2025-11-15 06:36:28.360248: Epoch time: 251.8 s
2025-11-15 06:36:29.427850: 
2025-11-15 06:36:29.428095: Epoch 414
2025-11-15 06:36:29.428211: Current learning rate: 0.00618
2025-11-15 06:40:41.418298: train_loss -0.6767
2025-11-15 06:40:41.418536: val_loss -0.6524
2025-11-15 06:40:41.418644: Pseudo dice [np.float32(0.9056), np.float32(0.7711), np.float32(0.0)]
2025-11-15 06:40:41.418782: Epoch time: 251.99 s
2025-11-15 06:40:42.492179: 
2025-11-15 06:40:42.492431: Epoch 415
2025-11-15 06:40:42.492641: Current learning rate: 0.00617
2025-11-15 06:44:54.244121: train_loss -0.6835
2025-11-15 06:44:54.244364: val_loss -0.6891
2025-11-15 06:44:54.244466: Pseudo dice [np.float32(0.9311), np.float32(0.7658), np.float32(0.0)]
2025-11-15 06:44:54.244568: Epoch time: 251.75 s
2025-11-15 06:44:55.318499: 
2025-11-15 06:44:55.318680: Epoch 416
2025-11-15 06:44:55.318793: Current learning rate: 0.00616
2025-11-15 06:49:06.780496: train_loss -0.6914
2025-11-15 06:49:06.780745: val_loss -0.6861
2025-11-15 06:49:06.780848: Pseudo dice [np.float32(0.9225), np.float32(0.7723), np.float32(0.0)]
2025-11-15 06:49:06.780946: Epoch time: 251.46 s
2025-11-15 06:49:07.859560: 
2025-11-15 06:49:07.859739: Epoch 417
2025-11-15 06:49:07.859852: Current learning rate: 0.00615
2025-11-15 06:53:20.152370: train_loss -0.677
2025-11-15 06:53:20.152618: val_loss -0.7186
2025-11-15 06:53:20.152727: Pseudo dice [np.float32(0.9271), np.float32(0.7758), np.float32(0.0)]
2025-11-15 06:53:20.152826: Epoch time: 252.29 s
2025-11-15 06:53:21.232192: 
2025-11-15 06:53:21.232430: Epoch 418
2025-11-15 06:53:21.232549: Current learning rate: 0.00614
2025-11-15 06:57:33.269902: train_loss -0.6763
2025-11-15 06:57:33.270145: val_loss -0.7209
2025-11-15 06:57:33.270325: Pseudo dice [np.float32(0.9189), np.float32(0.7577), np.float32(0.0)]
2025-11-15 06:57:33.270441: Epoch time: 252.04 s
2025-11-15 06:57:34.349916: 
2025-11-15 06:57:34.350245: Epoch 419
2025-11-15 06:57:34.350366: Current learning rate: 0.00613
2025-11-15 07:01:46.154820: train_loss -0.6831
2025-11-15 07:01:46.155117: val_loss -0.6285
2025-11-15 07:01:46.155227: Pseudo dice [np.float32(0.9101), np.float32(0.7731), np.float32(0.0)]
2025-11-15 07:01:46.155329: Epoch time: 251.81 s
2025-11-15 07:01:47.228453: 
2025-11-15 07:01:47.228640: Epoch 420
2025-11-15 07:01:47.228753: Current learning rate: 0.00612
2025-11-15 07:05:58.851100: train_loss -0.6787
2025-11-15 07:05:58.851328: val_loss -0.6783
2025-11-15 07:05:58.851432: Pseudo dice [np.float32(0.9234), np.float32(0.7581), np.float32(0.0)]
2025-11-15 07:05:58.851549: Epoch time: 251.62 s
2025-11-15 07:05:59.929129: 
2025-11-15 07:05:59.929338: Epoch 421
2025-11-15 07:05:59.929524: Current learning rate: 0.00612
2025-11-15 07:10:12.002169: train_loss -0.6721
2025-11-15 07:10:12.002445: val_loss -0.616
2025-11-15 07:10:12.002628: Pseudo dice [np.float32(0.9023), np.float32(0.7741), np.float32(0.0)]
2025-11-15 07:10:12.002738: Epoch time: 252.07 s
2025-11-15 07:10:13.076749: 
2025-11-15 07:10:13.076937: Epoch 422
2025-11-15 07:10:13.077049: Current learning rate: 0.00611
2025-11-15 07:14:25.005187: train_loss -0.6639
2025-11-15 07:14:25.005418: val_loss -0.6673
2025-11-15 07:14:25.005541: Pseudo dice [np.float32(0.9104), np.float32(0.7627), np.float32(0.0)]
2025-11-15 07:14:25.005677: Epoch time: 251.93 s
2025-11-15 07:14:26.078740: 
2025-11-15 07:14:26.079009: Epoch 423
2025-11-15 07:14:26.079143: Current learning rate: 0.0061
2025-11-15 07:18:37.886663: train_loss -0.6819
2025-11-15 07:18:37.886906: val_loss -0.6419
2025-11-15 07:18:37.887008: Pseudo dice [np.float32(0.9179), np.float32(0.7599), np.float32(0.0)]
2025-11-15 07:18:37.887109: Epoch time: 251.81 s
2025-11-15 07:18:38.964487: 
2025-11-15 07:18:38.964740: Epoch 424
2025-11-15 07:18:38.964886: Current learning rate: 0.00609
2025-11-15 07:22:50.977982: train_loss -0.658
2025-11-15 07:22:50.978305: val_loss -0.6896
2025-11-15 07:22:50.978416: Pseudo dice [np.float32(0.9266), np.float32(0.7558), np.float32(0.0)]
2025-11-15 07:22:50.978536: Epoch time: 252.01 s
2025-11-15 07:22:52.066403: 
2025-11-15 07:22:52.066686: Epoch 425
2025-11-15 07:22:52.066807: Current learning rate: 0.00608
2025-11-15 07:27:04.059977: train_loss -0.6867
2025-11-15 07:27:04.060203: val_loss -0.7118
2025-11-15 07:27:04.060307: Pseudo dice [np.float32(0.9185), np.float32(0.7864), np.float32(0.0)]
2025-11-15 07:27:04.060526: Epoch time: 251.99 s
2025-11-15 07:27:05.136740: 
2025-11-15 07:27:05.137031: Epoch 426
2025-11-15 07:27:05.137167: Current learning rate: 0.00607
2025-11-15 07:31:16.858796: train_loss -0.6742
2025-11-15 07:31:16.859030: val_loss -0.6831
2025-11-15 07:31:16.859135: Pseudo dice [np.float32(0.9218), np.float32(0.7622), np.float32(0.0)]
2025-11-15 07:31:16.859259: Epoch time: 251.72 s
2025-11-15 07:31:17.937879: 
2025-11-15 07:31:17.938100: Epoch 427
2025-11-15 07:31:17.938217: Current learning rate: 0.00606
2025-11-15 07:35:29.766305: train_loss -0.6865
2025-11-15 07:35:29.766554: val_loss -0.6573
2025-11-15 07:35:29.766665: Pseudo dice [np.float32(0.9136), np.float32(0.7599), np.float32(0.0)]
2025-11-15 07:35:29.766766: Epoch time: 251.83 s
2025-11-15 07:35:30.839353: 
2025-11-15 07:35:30.839547: Epoch 428
2025-11-15 07:35:30.839665: Current learning rate: 0.00605
2025-11-15 07:39:42.806030: train_loss -0.6673
2025-11-15 07:39:42.806262: val_loss -0.6677
2025-11-15 07:39:42.806364: Pseudo dice [np.float32(0.9192), np.float32(0.7557), np.float32(0.0)]
2025-11-15 07:39:42.806467: Epoch time: 251.97 s
2025-11-15 07:39:43.879309: 
2025-11-15 07:39:43.879489: Epoch 429
2025-11-15 07:39:43.879606: Current learning rate: 0.00604
2025-11-15 07:43:55.706096: train_loss -0.6787
2025-11-15 07:43:55.706371: val_loss -0.6816
2025-11-15 07:43:55.706476: Pseudo dice [np.float32(0.9273), np.float32(0.7566), np.float32(0.0)]
2025-11-15 07:43:55.706577: Epoch time: 251.83 s
2025-11-15 07:43:56.783365: 
2025-11-15 07:43:56.783535: Epoch 430
2025-11-15 07:43:56.783650: Current learning rate: 0.00603
2025-11-15 07:48:09.130849: train_loss -0.6789
2025-11-15 07:48:09.131129: val_loss -0.652
2025-11-15 07:48:09.131235: Pseudo dice [np.float32(0.917), np.float32(0.7608), np.float32(0.0)]
2025-11-15 07:48:09.131336: Epoch time: 252.35 s
2025-11-15 07:48:10.211989: 
2025-11-15 07:48:10.212260: Epoch 431
2025-11-15 07:48:10.212411: Current learning rate: 0.00602
2025-11-15 07:52:22.157311: train_loss -0.6779
2025-11-15 07:52:22.157539: val_loss -0.7121
2025-11-15 07:52:22.157645: Pseudo dice [np.float32(0.9188), np.float32(0.7715), np.float32(0.0)]
2025-11-15 07:52:22.157765: Epoch time: 251.95 s
2025-11-15 07:52:23.240429: 
2025-11-15 07:52:23.240600: Epoch 432
2025-11-15 07:52:23.240719: Current learning rate: 0.00601
2025-11-15 07:56:34.839738: train_loss -0.6885
2025-11-15 07:56:34.839976: val_loss -0.6768
2025-11-15 07:56:34.840081: Pseudo dice [np.float32(0.9215), np.float32(0.7769), np.float32(0.0)]
2025-11-15 07:56:34.840208: Epoch time: 251.6 s
2025-11-15 07:56:35.920635: 
2025-11-15 07:56:35.920802: Epoch 433
2025-11-15 07:56:35.921022: Current learning rate: 0.006
2025-11-15 08:00:47.800631: train_loss -0.6903
2025-11-15 08:00:47.800864: val_loss -0.6905
2025-11-15 08:00:47.800969: Pseudo dice [np.float32(0.9198), np.float32(0.7653), np.float32(0.0)]
2025-11-15 08:00:47.801068: Epoch time: 251.88 s
2025-11-15 08:00:49.451862: 
2025-11-15 08:00:49.452060: Epoch 434
2025-11-15 08:00:49.452173: Current learning rate: 0.00599
2025-11-15 08:05:01.039511: train_loss -0.6839
2025-11-15 08:05:01.039789: val_loss -0.6757
2025-11-15 08:05:01.039897: Pseudo dice [np.float32(0.9136), np.float32(0.7502), np.float32(0.0)]
2025-11-15 08:05:01.040002: Epoch time: 251.59 s
2025-11-15 08:05:02.121922: 
2025-11-15 08:05:02.122216: Epoch 435
2025-11-15 08:05:02.122373: Current learning rate: 0.00598
2025-11-15 08:09:13.940606: train_loss -0.6821
2025-11-15 08:09:13.940896: val_loss -0.6762
2025-11-15 08:09:13.941107: Pseudo dice [np.float32(0.9203), np.float32(0.7625), np.float32(0.0)]
2025-11-15 08:09:13.941210: Epoch time: 251.82 s
2025-11-15 08:09:15.015166: 
2025-11-15 08:09:15.015465: Epoch 436
2025-11-15 08:09:15.015621: Current learning rate: 0.00597
2025-11-15 08:13:26.533119: train_loss -0.6637
2025-11-15 08:13:26.533346: val_loss -0.7001
2025-11-15 08:13:26.533446: Pseudo dice [np.float32(0.9165), np.float32(0.7619), np.float32(0.0)]
2025-11-15 08:13:26.533544: Epoch time: 251.52 s
2025-11-15 08:13:27.617804: 
2025-11-15 08:13:27.618002: Epoch 437
2025-11-15 08:13:27.618118: Current learning rate: 0.00596
2025-11-15 08:17:39.583469: train_loss -0.6886
2025-11-15 08:17:39.583721: val_loss -0.6604
2025-11-15 08:17:39.583824: Pseudo dice [np.float32(0.9207), np.float32(0.7681), np.float32(0.0)]
2025-11-15 08:17:39.583925: Epoch time: 251.97 s
2025-11-15 08:17:40.664789: 
2025-11-15 08:17:40.665075: Epoch 438
2025-11-15 08:17:40.665192: Current learning rate: 0.00595
2025-11-15 08:21:52.287262: train_loss -0.6748
2025-11-15 08:21:52.287513: val_loss -0.7025
2025-11-15 08:21:52.287624: Pseudo dice [np.float32(0.9178), np.float32(0.7608), np.float32(0.0)]
2025-11-15 08:21:52.287791: Epoch time: 251.62 s
2025-11-15 08:21:53.360279: 
2025-11-15 08:21:53.360634: Epoch 439
2025-11-15 08:21:53.360763: Current learning rate: 0.00594
2025-11-15 08:26:04.894212: train_loss -0.69
2025-11-15 08:26:04.894458: val_loss -0.7088
2025-11-15 08:26:04.894562: Pseudo dice [np.float32(0.9263), np.float32(0.7494), np.float32(0.0)]
2025-11-15 08:26:04.894670: Epoch time: 251.53 s
2025-11-15 08:26:05.970820: 
2025-11-15 08:26:05.971048: Epoch 440
2025-11-15 08:26:05.971165: Current learning rate: 0.00593
2025-11-15 08:30:17.743271: train_loss -0.6871
2025-11-15 08:30:17.743505: val_loss -0.6591
2025-11-15 08:30:17.743608: Pseudo dice [np.float32(0.9148), np.float32(0.7657), np.float32(0.0)]
2025-11-15 08:30:17.743719: Epoch time: 251.77 s
2025-11-15 08:30:18.817020: 
2025-11-15 08:30:18.817200: Epoch 441
2025-11-15 08:30:18.817314: Current learning rate: 0.00592
2025-11-15 08:34:30.639922: train_loss -0.678
2025-11-15 08:34:30.640163: val_loss -0.6839
2025-11-15 08:34:30.640265: Pseudo dice [np.float32(0.9191), np.float32(0.7684), np.float32(0.0)]
2025-11-15 08:34:30.640366: Epoch time: 251.82 s
2025-11-15 08:34:31.723884: 
2025-11-15 08:34:31.724059: Epoch 442
2025-11-15 08:34:31.724171: Current learning rate: 0.00592
2025-11-15 08:38:43.700020: train_loss -0.6844
2025-11-15 08:38:43.700249: val_loss -0.6916
2025-11-15 08:38:43.700349: Pseudo dice [np.float32(0.9255), np.float32(0.7791), np.float32(0.0)]
2025-11-15 08:38:43.700448: Epoch time: 251.98 s
2025-11-15 08:38:44.760638: 
2025-11-15 08:38:44.760808: Epoch 443
2025-11-15 08:38:44.760921: Current learning rate: 0.00591
2025-11-15 08:42:56.531112: train_loss -0.6888
2025-11-15 08:42:56.531345: val_loss -0.7116
2025-11-15 08:42:56.531445: Pseudo dice [np.float32(0.9136), np.float32(0.7511), np.float32(0.0)]
2025-11-15 08:42:56.531541: Epoch time: 251.77 s
2025-11-15 08:42:57.593698: 
2025-11-15 08:42:57.593965: Epoch 444
2025-11-15 08:42:57.594088: Current learning rate: 0.0059
2025-11-15 08:47:09.386093: train_loss -0.6781
2025-11-15 08:47:09.386319: val_loss -0.6781
2025-11-15 08:47:09.386421: Pseudo dice [np.float32(0.9245), np.float32(0.7694), np.float32(0.0)]
2025-11-15 08:47:09.386521: Epoch time: 251.79 s
2025-11-15 08:47:10.445690: 
2025-11-15 08:47:10.445914: Epoch 445
2025-11-15 08:47:10.446031: Current learning rate: 0.00589
2025-11-15 08:51:22.214769: train_loss -0.6843
2025-11-15 08:51:22.215029: val_loss -0.6707
2025-11-15 08:51:22.215139: Pseudo dice [np.float32(0.9124), np.float32(0.761), np.float32(0.0)]
2025-11-15 08:51:22.215242: Epoch time: 251.77 s
2025-11-15 08:51:23.272347: 
2025-11-15 08:51:23.272515: Epoch 446
2025-11-15 08:51:23.272635: Current learning rate: 0.00588
2025-11-15 08:55:35.230501: train_loss -0.6783
2025-11-15 08:55:35.230739: val_loss -0.684
2025-11-15 08:55:35.230883: Pseudo dice [np.float32(0.9197), np.float32(0.7494), np.float32(0.0)]
2025-11-15 08:55:35.231000: Epoch time: 251.96 s
2025-11-15 08:55:36.288109: 
2025-11-15 08:55:36.288323: Epoch 447
2025-11-15 08:55:36.288440: Current learning rate: 0.00587
2025-11-15 08:59:48.173736: train_loss -0.6553
2025-11-15 08:59:48.173965: val_loss -0.669
2025-11-15 08:59:48.174065: Pseudo dice [np.float32(0.9144), np.float32(0.76), np.float32(0.0)]
2025-11-15 08:59:48.174164: Epoch time: 251.89 s
2025-11-15 08:59:49.235173: 
2025-11-15 08:59:49.235345: Epoch 448
2025-11-15 08:59:49.235456: Current learning rate: 0.00586
2025-11-15 09:04:01.078100: train_loss -0.6884
2025-11-15 09:04:01.078335: val_loss -0.6906
2025-11-15 09:04:01.078482: Pseudo dice [np.float32(0.9202), np.float32(0.7691), np.float32(0.0)]
2025-11-15 09:04:01.078586: Epoch time: 251.84 s
2025-11-15 09:04:02.140110: 
2025-11-15 09:04:02.140409: Epoch 449
2025-11-15 09:04:02.140540: Current learning rate: 0.00585
2025-11-15 09:08:14.068559: train_loss -0.6751
2025-11-15 09:08:14.068791: val_loss -0.6656
2025-11-15 09:08:14.068893: Pseudo dice [np.float32(0.9184), np.float32(0.7516), np.float32(0.0)]
2025-11-15 09:08:14.068991: Epoch time: 251.93 s
2025-11-15 09:08:15.451606: 
2025-11-15 09:08:15.451790: Epoch 450
2025-11-15 09:08:15.451902: Current learning rate: 0.00584
2025-11-15 09:12:27.228318: train_loss -0.6836
2025-11-15 09:12:27.228550: val_loss -0.6683
2025-11-15 09:12:27.228663: Pseudo dice [np.float32(0.9233), np.float32(0.76), np.float32(0.0)]
2025-11-15 09:12:27.228797: Epoch time: 251.78 s
2025-11-15 09:12:28.286676: 
2025-11-15 09:12:28.286897: Epoch 451
2025-11-15 09:12:28.287012: Current learning rate: 0.00583
2025-11-15 09:16:40.094589: train_loss -0.6792
2025-11-15 09:16:40.094834: val_loss -0.6769
2025-11-15 09:16:40.094936: Pseudo dice [np.float32(0.9249), np.float32(0.7627), np.float32(0.0)]
2025-11-15 09:16:40.095051: Epoch time: 251.81 s
2025-11-15 09:16:41.744701: 
2025-11-15 09:16:41.744902: Epoch 452
2025-11-15 09:16:41.745049: Current learning rate: 0.00582
2025-11-15 09:20:53.663035: train_loss -0.6841
2025-11-15 09:20:53.663269: val_loss -0.675
2025-11-15 09:20:53.663372: Pseudo dice [np.float32(0.9121), np.float32(0.7574), np.float32(0.0)]
2025-11-15 09:20:53.663470: Epoch time: 251.92 s
2025-11-15 09:20:54.724544: 
2025-11-15 09:20:54.724775: Epoch 453
2025-11-15 09:20:54.724891: Current learning rate: 0.00581
2025-11-15 09:25:06.478523: train_loss -0.662
2025-11-15 09:25:06.478767: val_loss -0.6768
2025-11-15 09:25:06.478869: Pseudo dice [np.float32(0.924), np.float32(0.7749), np.float32(0.0)]
2025-11-15 09:25:06.478969: Epoch time: 251.75 s
2025-11-15 09:25:07.540433: 
2025-11-15 09:25:07.540639: Epoch 454
2025-11-15 09:25:07.540758: Current learning rate: 0.0058
2025-11-15 09:29:19.094772: train_loss -0.6645
2025-11-15 09:29:19.095042: val_loss -0.6909
2025-11-15 09:29:19.095155: Pseudo dice [np.float32(0.9226), np.float32(0.7681), np.float32(0.0)]
2025-11-15 09:29:19.095258: Epoch time: 251.56 s
2025-11-15 09:29:20.156964: 
2025-11-15 09:29:20.157229: Epoch 455
2025-11-15 09:29:20.157436: Current learning rate: 0.00579
2025-11-15 09:33:31.954244: train_loss -0.6879
2025-11-15 09:33:31.954479: val_loss -0.7047
2025-11-15 09:33:31.954581: Pseudo dice [np.float32(0.9188), np.float32(0.773), np.float32(0.0)]
2025-11-15 09:33:31.954688: Epoch time: 251.8 s
2025-11-15 09:33:33.023720: 
2025-11-15 09:33:33.023903: Epoch 456
2025-11-15 09:33:33.024017: Current learning rate: 0.00578
2025-11-15 09:37:45.081332: train_loss -0.667
2025-11-15 09:37:45.081574: val_loss -0.6673
2025-11-15 09:37:45.081685: Pseudo dice [np.float32(0.9046), np.float32(0.7598), np.float32(0.0)]
2025-11-15 09:37:45.081786: Epoch time: 252.06 s
2025-11-15 09:37:46.148123: 
2025-11-15 09:37:46.148413: Epoch 457
2025-11-15 09:37:46.148530: Current learning rate: 0.00577
2025-11-15 09:41:57.879342: train_loss -0.678
2025-11-15 09:41:57.879584: val_loss -0.693
2025-11-15 09:41:57.885474: Pseudo dice [np.float32(0.914), np.float32(0.7702), np.float32(0.0)]
2025-11-15 09:41:57.885597: Epoch time: 251.73 s
2025-11-15 09:41:58.949353: 
2025-11-15 09:41:58.949544: Epoch 458
2025-11-15 09:41:58.949665: Current learning rate: 0.00576
2025-11-15 09:46:10.724159: train_loss -0.6739
2025-11-15 09:46:10.724403: val_loss -0.6841
2025-11-15 09:46:10.724507: Pseudo dice [np.float32(0.9141), np.float32(0.7804), np.float32(0.0)]
2025-11-15 09:46:10.724606: Epoch time: 251.78 s
2025-11-15 09:46:11.780199: 
2025-11-15 09:46:11.780375: Epoch 459
2025-11-15 09:46:11.780488: Current learning rate: 0.00575
2025-11-15 09:50:23.760976: train_loss -0.6676
2025-11-15 09:50:23.761255: val_loss -0.7071
2025-11-15 09:50:23.761361: Pseudo dice [np.float32(0.9141), np.float32(0.7617), np.float32(0.0)]
2025-11-15 09:50:23.761461: Epoch time: 251.98 s
2025-11-15 09:50:24.823654: 
2025-11-15 09:50:24.823862: Epoch 460
2025-11-15 09:50:24.823976: Current learning rate: 0.00574
2025-11-15 09:54:36.612882: train_loss -0.6668
2025-11-15 09:54:36.613148: val_loss -0.7077
2025-11-15 09:54:36.613259: Pseudo dice [np.float32(0.9159), np.float32(0.7763), np.float32(0.0)]
2025-11-15 09:54:36.613361: Epoch time: 251.79 s
2025-11-15 09:54:37.669600: 
2025-11-15 09:54:37.669839: Epoch 461
2025-11-15 09:54:37.669992: Current learning rate: 0.00573
2025-11-15 09:58:49.315961: train_loss -0.6882
2025-11-15 09:58:49.316202: val_loss -0.6949
2025-11-15 09:58:49.316304: Pseudo dice [np.float32(0.9246), np.float32(0.7566), np.float32(0.0)]
2025-11-15 09:58:49.316403: Epoch time: 251.65 s
2025-11-15 09:58:50.374554: 
2025-11-15 09:58:50.374811: Epoch 462
2025-11-15 09:58:50.375072: Current learning rate: 0.00572
2025-11-15 10:03:02.309806: train_loss -0.6843
2025-11-15 10:03:02.310047: val_loss -0.6935
2025-11-15 10:03:02.310147: Pseudo dice [np.float32(0.9215), np.float32(0.7444), np.float32(0.0)]
2025-11-15 10:03:02.310246: Epoch time: 251.94 s
2025-11-15 10:03:03.368678: 
2025-11-15 10:03:03.368854: Epoch 463
2025-11-15 10:03:03.368967: Current learning rate: 0.00571
2025-11-15 10:07:15.585660: train_loss -0.6828
2025-11-15 10:07:15.585889: val_loss -0.6682
2025-11-15 10:07:15.585988: Pseudo dice [np.float32(0.9103), np.float32(0.7654), np.float32(0.0)]
2025-11-15 10:07:15.586087: Epoch time: 252.22 s
2025-11-15 10:07:16.644156: 
2025-11-15 10:07:16.644403: Epoch 464
2025-11-15 10:07:16.644537: Current learning rate: 0.0057
2025-11-15 10:11:28.560426: train_loss -0.6949
2025-11-15 10:11:28.560652: val_loss -0.6828
2025-11-15 10:11:28.560751: Pseudo dice [np.float32(0.9145), np.float32(0.7603), np.float32(0.0)]
2025-11-15 10:11:28.560850: Epoch time: 251.92 s
2025-11-15 10:11:29.619924: 
2025-11-15 10:11:29.620219: Epoch 465
2025-11-15 10:11:29.620376: Current learning rate: 0.0057
2025-11-15 10:15:41.471776: train_loss -0.687
2025-11-15 10:15:41.472015: val_loss -0.6355
2025-11-15 10:15:41.472117: Pseudo dice [np.float32(0.9183), np.float32(0.7589), np.float32(0.0)]
2025-11-15 10:15:41.472216: Epoch time: 251.85 s
2025-11-15 10:15:42.541482: 
2025-11-15 10:15:42.541751: Epoch 466
2025-11-15 10:15:42.541887: Current learning rate: 0.00569
2025-11-15 10:19:54.493831: train_loss -0.69
2025-11-15 10:19:54.494066: val_loss -0.6696
2025-11-15 10:19:54.494169: Pseudo dice [np.float32(0.9153), np.float32(0.7692), np.float32(0.0)]
2025-11-15 10:19:54.494268: Epoch time: 251.95 s
2025-11-15 10:19:55.560799: 
2025-11-15 10:19:55.560979: Epoch 467
2025-11-15 10:19:55.561089: Current learning rate: 0.00568
2025-11-15 10:24:07.159910: train_loss -0.6793
2025-11-15 10:24:07.160208: val_loss -0.6999
2025-11-15 10:24:07.160310: Pseudo dice [np.float32(0.9044), np.float32(0.7646), np.float32(0.0)]
2025-11-15 10:24:07.160407: Epoch time: 251.6 s
2025-11-15 10:24:08.212706: 
2025-11-15 10:24:08.212872: Epoch 468
2025-11-15 10:24:08.212982: Current learning rate: 0.00567
2025-11-15 10:28:20.049343: train_loss -0.6831
2025-11-15 10:28:20.049590: val_loss -0.6938
2025-11-15 10:28:20.049698: Pseudo dice [np.float32(0.9232), np.float32(0.7637), np.float32(0.0)]
2025-11-15 10:28:20.049797: Epoch time: 251.84 s
2025-11-15 10:28:21.687581: 
2025-11-15 10:28:21.687905: Epoch 469
2025-11-15 10:28:21.688027: Current learning rate: 0.00566
2025-11-15 10:32:33.189502: train_loss -0.6835
2025-11-15 10:32:33.189875: val_loss -0.686
2025-11-15 10:32:33.189995: Pseudo dice [np.float32(0.9209), np.float32(0.7737), np.float32(0.0)]
2025-11-15 10:32:33.190143: Epoch time: 251.5 s
2025-11-15 10:32:34.253572: 
2025-11-15 10:32:34.253814: Epoch 470
2025-11-15 10:32:34.253930: Current learning rate: 0.00565
2025-11-15 10:36:45.770378: train_loss -0.6749
2025-11-15 10:36:45.770600: val_loss -0.6718
2025-11-15 10:36:45.770709: Pseudo dice [np.float32(0.9165), np.float32(0.756), np.float32(0.0)]
2025-11-15 10:36:45.770807: Epoch time: 251.52 s
2025-11-15 10:36:46.831834: 
2025-11-15 10:36:46.832025: Epoch 471
2025-11-15 10:36:46.832134: Current learning rate: 0.00564
2025-11-15 10:40:58.719766: train_loss -0.6756
2025-11-15 10:40:58.720004: val_loss -0.6943
2025-11-15 10:40:58.720107: Pseudo dice [np.float32(0.9141), np.float32(0.7697), np.float32(0.0)]
2025-11-15 10:40:58.720207: Epoch time: 251.89 s
2025-11-15 10:40:59.777576: 
2025-11-15 10:40:59.777829: Epoch 472
2025-11-15 10:40:59.777945: Current learning rate: 0.00563
2025-11-15 10:45:11.671077: train_loss -0.6713
2025-11-15 10:45:11.671319: val_loss -0.685
2025-11-15 10:45:11.671423: Pseudo dice [np.float32(0.9151), np.float32(0.7607), np.float32(0.0)]
2025-11-15 10:45:11.671523: Epoch time: 251.89 s
2025-11-15 10:45:12.738578: 
2025-11-15 10:45:12.738849: Epoch 473
2025-11-15 10:45:12.738969: Current learning rate: 0.00562
2025-11-15 10:49:24.979800: train_loss -0.6935
2025-11-15 10:49:24.980041: val_loss -0.6758
2025-11-15 10:49:24.980147: Pseudo dice [np.float32(0.921), np.float32(0.7413), np.float32(0.0)]
2025-11-15 10:49:24.980249: Epoch time: 252.24 s
2025-11-15 10:49:26.058039: 
2025-11-15 10:49:26.058224: Epoch 474
2025-11-15 10:49:26.058334: Current learning rate: 0.00561
2025-11-15 10:53:37.835171: train_loss -0.6747
2025-11-15 10:53:37.835413: val_loss -0.6652
2025-11-15 10:53:37.835514: Pseudo dice [np.float32(0.9181), np.float32(0.7529), np.float32(0.0)]
2025-11-15 10:53:37.835620: Epoch time: 251.78 s
2025-11-15 10:53:38.901080: 
2025-11-15 10:53:38.901295: Epoch 475
2025-11-15 10:53:38.901451: Current learning rate: 0.0056
2025-11-15 10:57:51.042689: train_loss -0.677
2025-11-15 10:57:51.042916: val_loss -0.705
2025-11-15 10:57:51.043018: Pseudo dice [np.float32(0.9187), np.float32(0.7572), np.float32(0.0)]
2025-11-15 10:57:51.043119: Epoch time: 252.14 s
2025-11-15 10:57:52.115571: 
2025-11-15 10:57:52.115849: Epoch 476
2025-11-15 10:57:52.115969: Current learning rate: 0.00559
2025-11-15 11:02:04.017982: train_loss -0.6791
2025-11-15 11:02:04.018211: val_loss -0.704
2025-11-15 11:02:04.018312: Pseudo dice [np.float32(0.9298), np.float32(0.7602), np.float32(0.0)]
2025-11-15 11:02:04.018410: Epoch time: 251.9 s
2025-11-15 11:02:05.081680: 
2025-11-15 11:02:05.082002: Epoch 477
2025-11-15 11:02:05.082175: Current learning rate: 0.00558
2025-11-15 11:06:16.685204: train_loss -0.6808
2025-11-15 11:06:16.685445: val_loss -0.6953
2025-11-15 11:06:16.685545: Pseudo dice [np.float32(0.9177), np.float32(0.7743), np.float32(0.0)]
2025-11-15 11:06:16.685650: Epoch time: 251.6 s
2025-11-15 11:06:17.757072: 
2025-11-15 11:06:17.757293: Epoch 478
2025-11-15 11:06:17.757408: Current learning rate: 0.00557
2025-11-15 11:10:29.886292: train_loss -0.6915
2025-11-15 11:10:29.886565: val_loss -0.678
2025-11-15 11:10:29.886682: Pseudo dice [np.float32(0.9139), np.float32(0.7639), np.float32(0.0)]
2025-11-15 11:10:29.886784: Epoch time: 252.13 s
2025-11-15 11:10:30.958557: 
2025-11-15 11:10:30.958857: Epoch 479
2025-11-15 11:10:30.959041: Current learning rate: 0.00556
2025-11-15 11:14:43.120567: train_loss -0.6738
2025-11-15 11:14:43.120793: val_loss -0.6724
2025-11-15 11:14:43.120896: Pseudo dice [np.float32(0.9181), np.float32(0.7667), np.float32(0.0)]
2025-11-15 11:14:43.120996: Epoch time: 252.16 s
2025-11-15 11:14:44.198600: 
2025-11-15 11:14:44.198882: Epoch 480
2025-11-15 11:14:44.198997: Current learning rate: 0.00555
2025-11-15 11:18:56.029090: train_loss -0.6915
2025-11-15 11:18:56.029338: val_loss -0.6473
2025-11-15 11:18:56.029479: Pseudo dice [np.float32(0.9115), np.float32(0.7579), np.float32(0.0)]
2025-11-15 11:18:56.029671: Epoch time: 251.83 s
2025-11-15 11:18:57.097185: 
2025-11-15 11:18:57.097370: Epoch 481
2025-11-15 11:18:57.097486: Current learning rate: 0.00554
2025-11-15 11:23:09.078203: train_loss -0.6793
2025-11-15 11:23:09.078433: val_loss -0.6842
2025-11-15 11:23:09.078533: Pseudo dice [np.float32(0.922), np.float32(0.7551), np.float32(0.0)]
2025-11-15 11:23:09.078640: Epoch time: 251.98 s
2025-11-15 11:23:10.144773: 
2025-11-15 11:23:10.145028: Epoch 482
2025-11-15 11:23:10.145173: Current learning rate: 0.00553
2025-11-15 11:27:22.008589: train_loss -0.6906
2025-11-15 11:27:22.008842: val_loss -0.6864
2025-11-15 11:27:22.008970: Pseudo dice [np.float32(0.912), np.float32(0.7683), np.float32(0.0)]
2025-11-15 11:27:22.009078: Epoch time: 251.86 s
2025-11-15 11:27:23.078531: 
2025-11-15 11:27:23.078715: Epoch 483
2025-11-15 11:27:23.078826: Current learning rate: 0.00552
2025-11-15 11:31:34.982396: train_loss -0.6851
2025-11-15 11:31:34.982658: val_loss -0.7054
2025-11-15 11:31:34.982762: Pseudo dice [np.float32(0.9159), np.float32(0.7557), np.float32(0.0)]
2025-11-15 11:31:34.982862: Epoch time: 251.9 s
2025-11-15 11:31:36.055699: 
2025-11-15 11:31:36.055952: Epoch 484
2025-11-15 11:31:36.056072: Current learning rate: 0.00551
2025-11-15 11:35:47.745939: train_loss -0.6874
2025-11-15 11:35:47.746172: val_loss -0.6758
2025-11-15 11:35:47.746273: Pseudo dice [np.float32(0.9155), np.float32(0.7514), np.float32(0.0)]
2025-11-15 11:35:47.746375: Epoch time: 251.69 s
2025-11-15 11:35:48.815579: 
2025-11-15 11:35:48.815744: Epoch 485
2025-11-15 11:35:48.815873: Current learning rate: 0.0055
2025-11-15 11:40:00.773120: train_loss -0.6796
2025-11-15 11:40:00.773363: val_loss -0.6842
2025-11-15 11:40:00.773462: Pseudo dice [np.float32(0.9135), np.float32(0.7565), np.float32(0.0)]
2025-11-15 11:40:00.773560: Epoch time: 251.96 s
2025-11-15 11:40:02.418244: 
2025-11-15 11:40:02.418462: Epoch 486
2025-11-15 11:40:02.418604: Current learning rate: 0.00549
2025-11-15 11:44:14.188095: train_loss -0.6951
2025-11-15 11:44:14.188338: val_loss -0.6824
2025-11-15 11:44:14.188441: Pseudo dice [np.float32(0.9167), np.float32(0.7699), np.float32(0.0)]
2025-11-15 11:44:14.188542: Epoch time: 251.77 s
2025-11-15 11:44:15.254636: 
2025-11-15 11:44:15.254868: Epoch 487
2025-11-15 11:44:15.254983: Current learning rate: 0.00548
2025-11-15 11:48:27.450174: train_loss -0.7023
2025-11-15 11:48:27.450406: val_loss -0.6909
2025-11-15 11:48:27.450507: Pseudo dice [np.float32(0.9153), np.float32(0.7704), np.float32(0.0)]
2025-11-15 11:48:27.450606: Epoch time: 252.2 s
2025-11-15 11:48:28.530788: 
2025-11-15 11:48:28.530982: Epoch 488
2025-11-15 11:48:28.531092: Current learning rate: 0.00547
2025-11-15 11:52:40.191198: train_loss -0.6782
2025-11-15 11:52:40.191432: val_loss -0.6918
2025-11-15 11:52:40.191532: Pseudo dice [np.float32(0.9182), np.float32(0.7666), np.float32(0.0)]
2025-11-15 11:52:40.191638: Epoch time: 251.66 s
2025-11-15 11:52:41.265084: 
2025-11-15 11:52:41.265354: Epoch 489
2025-11-15 11:52:41.265497: Current learning rate: 0.00546
2025-11-15 11:56:53.002291: train_loss -0.6717
2025-11-15 11:56:53.002538: val_loss -0.7133
2025-11-15 11:56:53.002648: Pseudo dice [np.float32(0.9214), np.float32(0.7628), np.float32(0.0)]
2025-11-15 11:56:53.002753: Epoch time: 251.74 s
2025-11-15 11:56:54.072821: 
2025-11-15 11:56:54.073080: Epoch 490
2025-11-15 11:56:54.073192: Current learning rate: 0.00546
2025-11-15 12:01:05.682469: train_loss -0.6788
2025-11-15 12:01:05.682708: val_loss -0.6805
2025-11-15 12:01:05.682810: Pseudo dice [np.float32(0.9198), np.float32(0.7621), np.float32(0.0)]
2025-11-15 12:01:05.682909: Epoch time: 251.61 s
2025-11-15 12:01:06.755830: 
2025-11-15 12:01:06.756024: Epoch 491
2025-11-15 12:01:06.756186: Current learning rate: 0.00545
2025-11-15 12:05:18.442137: train_loss -0.6894
2025-11-15 12:05:18.442377: val_loss -0.688
2025-11-15 12:05:18.442478: Pseudo dice [np.float32(0.9233), np.float32(0.7631), np.float32(0.0)]
2025-11-15 12:05:18.442577: Epoch time: 251.69 s
2025-11-15 12:05:19.523547: 
2025-11-15 12:05:19.523777: Epoch 492
2025-11-15 12:05:19.523948: Current learning rate: 0.00544
2025-11-15 12:09:31.635815: train_loss -0.6858
2025-11-15 12:09:31.636053: val_loss -0.6723
2025-11-15 12:09:31.636266: Pseudo dice [np.float32(0.92), np.float32(0.749), np.float32(0.0)]
2025-11-15 12:09:31.636368: Epoch time: 252.11 s
2025-11-15 12:09:32.712267: 
2025-11-15 12:09:32.712480: Epoch 493
2025-11-15 12:09:32.712622: Current learning rate: 0.00543
2025-11-15 12:13:44.708597: train_loss -0.6892
2025-11-15 12:13:44.708875: val_loss -0.6599
2025-11-15 12:13:44.708982: Pseudo dice [np.float32(0.9141), np.float32(0.7474), np.float32(0.0)]
2025-11-15 12:13:44.709082: Epoch time: 252.0 s
2025-11-15 12:13:45.778479: 
2025-11-15 12:13:45.778744: Epoch 494
2025-11-15 12:13:45.778899: Current learning rate: 0.00542
2025-11-15 12:17:57.725527: train_loss -0.6938
2025-11-15 12:17:57.725762: val_loss -0.7057
2025-11-15 12:17:57.725874: Pseudo dice [np.float32(0.9158), np.float32(0.7706), np.float32(0.0)]
2025-11-15 12:17:57.725976: Epoch time: 251.95 s
2025-11-15 12:17:58.803258: 
2025-11-15 12:17:58.803437: Epoch 495
2025-11-15 12:17:58.803549: Current learning rate: 0.00541
2025-11-15 12:22:10.735773: train_loss -0.6821
2025-11-15 12:22:10.736003: val_loss -0.6807
2025-11-15 12:22:10.736106: Pseudo dice [np.float32(0.9127), np.float32(0.7513), np.float32(0.0)]
2025-11-15 12:22:10.736207: Epoch time: 251.93 s
2025-11-15 12:22:11.805518: 
2025-11-15 12:22:11.805701: Epoch 496
2025-11-15 12:22:11.805814: Current learning rate: 0.0054
2025-11-15 12:26:23.897474: train_loss -0.669
2025-11-15 12:26:23.897714: val_loss -0.6638
2025-11-15 12:26:23.897817: Pseudo dice [np.float32(0.9154), np.float32(0.733), np.float32(0.0)]
2025-11-15 12:26:23.897918: Epoch time: 252.09 s
2025-11-15 12:26:24.977803: 
2025-11-15 12:26:24.978081: Epoch 497
2025-11-15 12:26:24.978245: Current learning rate: 0.00539
2025-11-15 12:30:36.303173: train_loss -0.6792
2025-11-15 12:30:36.303505: val_loss -0.7025
2025-11-15 12:30:36.303622: Pseudo dice [np.float32(0.9151), np.float32(0.7609), np.float32(0.0)]
2025-11-15 12:30:36.303728: Epoch time: 251.33 s
2025-11-15 12:30:37.375013: 
2025-11-15 12:30:37.375187: Epoch 498
2025-11-15 12:30:37.375300: Current learning rate: 0.00538
2025-11-15 12:34:49.216488: train_loss -0.6911
2025-11-15 12:34:49.216732: val_loss -0.6834
2025-11-15 12:34:49.216833: Pseudo dice [np.float32(0.9144), np.float32(0.7701), np.float32(0.0)]
2025-11-15 12:34:49.216933: Epoch time: 251.84 s
2025-11-15 12:34:50.283200: 
2025-11-15 12:34:50.283430: Epoch 499
2025-11-15 12:34:50.283555: Current learning rate: 0.00537
2025-11-15 12:39:02.343565: train_loss -0.6688
2025-11-15 12:39:02.343816: val_loss -0.6659
2025-11-15 12:39:02.343919: Pseudo dice [np.float32(0.9172), np.float32(0.7637), np.float32(0.0)]
2025-11-15 12:39:02.344022: Epoch time: 252.06 s
2025-11-15 12:39:03.890126: 
2025-11-15 12:39:03.890331: Epoch 500
2025-11-15 12:39:03.890447: Current learning rate: 0.00536
2025-11-15 12:43:15.505202: train_loss -0.6814
2025-11-15 12:43:15.505474: val_loss -0.6894
2025-11-15 12:43:15.505588: Pseudo dice [np.float32(0.9118), np.float32(0.7499), np.float32(0.0)]
2025-11-15 12:43:15.505697: Epoch time: 251.62 s
2025-11-15 12:43:16.580284: 
2025-11-15 12:43:16.580449: Epoch 501
2025-11-15 12:43:16.580560: Current learning rate: 0.00535
2025-11-15 12:47:28.611591: train_loss -0.6877
2025-11-15 12:47:28.611845: val_loss -0.693
2025-11-15 12:47:28.611947: Pseudo dice [np.float32(0.9156), np.float32(0.7751), np.float32(0.0)]
2025-11-15 12:47:28.615902: Epoch time: 252.03 s
2025-11-15 12:47:29.685888: 
2025-11-15 12:47:29.686051: Epoch 502
2025-11-15 12:47:29.686160: Current learning rate: 0.00534
2025-11-15 12:51:41.533034: train_loss -0.6829
2025-11-15 12:51:41.533267: val_loss -0.6991
2025-11-15 12:51:41.533369: Pseudo dice [np.float32(0.9208), np.float32(0.7691), np.float32(0.0)]
2025-11-15 12:51:41.533468: Epoch time: 251.85 s
2025-11-15 12:51:43.196606: 
2025-11-15 12:51:43.196885: Epoch 503
2025-11-15 12:51:43.196998: Current learning rate: 0.00533
2025-11-15 12:55:54.969012: train_loss -0.6938
2025-11-15 12:55:54.969274: val_loss -0.6931
2025-11-15 12:55:54.969376: Pseudo dice [np.float32(0.9236), np.float32(0.761), np.float32(0.0)]
2025-11-15 12:55:54.969475: Epoch time: 251.77 s
2025-11-15 12:55:56.047929: 
2025-11-15 12:55:56.048131: Epoch 504
2025-11-15 12:55:56.048245: Current learning rate: 0.00532
2025-11-15 13:00:07.895204: train_loss -0.6907
2025-11-15 13:00:07.895443: val_loss -0.6812
2025-11-15 13:00:07.895546: Pseudo dice [np.float32(0.92), np.float32(0.7562), np.float32(0.0)]
2025-11-15 13:00:07.895652: Epoch time: 251.85 s
2025-11-15 13:00:08.966102: 
2025-11-15 13:00:08.966408: Epoch 505
2025-11-15 13:00:08.966568: Current learning rate: 0.00531
2025-11-15 13:04:20.751308: train_loss -0.6796
2025-11-15 13:04:20.751539: val_loss -0.6739
2025-11-15 13:04:20.751648: Pseudo dice [np.float32(0.9179), np.float32(0.7678), np.float32(0.0)]
2025-11-15 13:04:20.751750: Epoch time: 251.79 s
2025-11-15 13:04:21.824220: 
2025-11-15 13:04:21.824504: Epoch 506
2025-11-15 13:04:21.824676: Current learning rate: 0.0053
2025-11-15 13:08:33.643824: train_loss -0.6785
2025-11-15 13:08:33.644099: val_loss -0.6561
2025-11-15 13:08:33.644204: Pseudo dice [np.float32(0.9204), np.float32(0.7424), np.float32(0.0)]
2025-11-15 13:08:33.644304: Epoch time: 251.82 s
2025-11-15 13:08:34.712706: 
2025-11-15 13:08:34.713004: Epoch 507
2025-11-15 13:08:34.713131: Current learning rate: 0.00529
2025-11-15 13:12:46.420079: train_loss -0.6842
2025-11-15 13:12:46.420316: val_loss -0.697
2025-11-15 13:12:46.420418: Pseudo dice [np.float32(0.9173), np.float32(0.7662), np.float32(0.0)]
2025-11-15 13:12:46.420518: Epoch time: 251.71 s
2025-11-15 13:12:47.491564: 
2025-11-15 13:12:47.491822: Epoch 508
2025-11-15 13:12:47.491956: Current learning rate: 0.00528
2025-11-15 13:16:59.588619: train_loss -0.6818
2025-11-15 13:16:59.588936: val_loss -0.6852
2025-11-15 13:16:59.589046: Pseudo dice [np.float32(0.9265), np.float32(0.7703), np.float32(0.0)]
2025-11-15 13:16:59.589146: Epoch time: 252.1 s
2025-11-15 13:17:00.635805: 
2025-11-15 13:17:00.635988: Epoch 509
2025-11-15 13:17:00.636097: Current learning rate: 0.00527
2025-11-15 13:21:12.343703: train_loss -0.6665
2025-11-15 13:21:12.343939: val_loss -0.6729
2025-11-15 13:21:12.344042: Pseudo dice [np.float32(0.9121), np.float32(0.7561), np.float32(0.0)]
2025-11-15 13:21:12.344183: Epoch time: 251.71 s
2025-11-15 13:21:14.552442: 
2025-11-15 13:21:14.552900: Epoch 510
2025-11-15 13:21:14.553164: Current learning rate: 0.00526
2025-11-15 13:25:26.231962: train_loss -0.6597
2025-11-15 13:25:26.232197: val_loss -0.6403
2025-11-15 13:25:26.232297: Pseudo dice [np.float32(0.9215), np.float32(0.7552), np.float32(0.0)]
2025-11-15 13:25:26.232396: Epoch time: 251.68 s
2025-11-15 13:25:27.309018: 
2025-11-15 13:25:27.309210: Epoch 511
2025-11-15 13:25:27.309325: Current learning rate: 0.00525
2025-11-15 13:29:39.165637: train_loss -0.6816
2025-11-15 13:29:39.165879: val_loss -0.6871
2025-11-15 13:29:39.166041: Pseudo dice [np.float32(0.922), np.float32(0.7666), np.float32(0.0)]
2025-11-15 13:29:39.166145: Epoch time: 251.86 s
2025-11-15 13:29:40.239952: 
2025-11-15 13:29:40.240150: Epoch 512
2025-11-15 13:29:40.240263: Current learning rate: 0.00524
2025-11-15 13:33:52.213983: train_loss -0.665
2025-11-15 13:33:52.216592: val_loss -0.6828
2025-11-15 13:33:52.216698: Pseudo dice [np.float32(0.9119), np.float32(0.7469), np.float32(0.0)]
2025-11-15 13:33:52.216791: Epoch time: 251.97 s
2025-11-15 13:33:53.287196: 
2025-11-15 13:33:53.287379: Epoch 513
2025-11-15 13:33:53.287492: Current learning rate: 0.00523
2025-11-15 13:38:05.178422: train_loss -0.665
2025-11-15 13:38:05.178658: val_loss -0.6927
2025-11-15 13:38:05.178762: Pseudo dice [np.float32(0.9263), np.float32(0.7589), np.float32(0.0)]
2025-11-15 13:38:05.178995: Epoch time: 251.89 s
2025-11-15 13:38:06.250242: 
2025-11-15 13:38:06.250423: Epoch 514
2025-11-15 13:38:06.250592: Current learning rate: 0.00522
2025-11-15 13:42:18.057109: train_loss -0.6743
2025-11-15 13:42:18.057424: val_loss -0.672
2025-11-15 13:42:18.057533: Pseudo dice [np.float32(0.9314), np.float32(0.756), np.float32(0.0)]
2025-11-15 13:42:18.057638: Epoch time: 251.81 s
2025-11-15 13:42:19.129485: 
2025-11-15 13:42:19.129753: Epoch 515
2025-11-15 13:42:19.129889: Current learning rate: 0.00521
2025-11-15 13:46:30.824637: train_loss -0.6894
2025-11-15 13:46:30.824907: val_loss -0.666
2025-11-15 13:46:30.825012: Pseudo dice [np.float32(0.9125), np.float32(0.7654), np.float32(0.0)]
2025-11-15 13:46:30.825111: Epoch time: 251.7 s
2025-11-15 13:46:31.907921: 
2025-11-15 13:46:31.908106: Epoch 516
2025-11-15 13:46:31.908218: Current learning rate: 0.0052
2025-11-15 13:50:43.672600: train_loss -0.6805
2025-11-15 13:50:43.672866: val_loss -0.6941
2025-11-15 13:50:43.672977: Pseudo dice [np.float32(0.9141), np.float32(0.7617), np.float32(0.0)]
2025-11-15 13:50:43.673078: Epoch time: 251.77 s
2025-11-15 13:50:44.672326: 
2025-11-15 13:50:44.672503: Epoch 517
2025-11-15 13:50:44.672622: Current learning rate: 0.00519
2025-11-15 13:54:56.666876: train_loss -0.6883
2025-11-15 13:54:56.667106: val_loss -0.7272
2025-11-15 13:54:56.667208: Pseudo dice [np.float32(0.9278), np.float32(0.775), np.float32(0.0)]
2025-11-15 13:54:56.667304: Epoch time: 252.0 s
2025-11-15 13:54:57.739920: 
2025-11-15 13:54:57.740156: Epoch 518
2025-11-15 13:54:57.740308: Current learning rate: 0.00518
2025-11-15 13:59:09.583562: train_loss -0.6849
2025-11-15 13:59:09.583884: val_loss -0.6725
2025-11-15 13:59:09.583995: Pseudo dice [np.float32(0.9244), np.float32(0.7401), np.float32(0.0)]
2025-11-15 13:59:09.584099: Epoch time: 251.84 s
2025-11-15 13:59:10.664628: 
2025-11-15 13:59:10.664794: Epoch 519
2025-11-15 13:59:10.664906: Current learning rate: 0.00518
2025-11-15 14:03:22.443035: train_loss -0.6706
2025-11-15 14:03:22.443269: val_loss -0.6917
2025-11-15 14:03:22.443370: Pseudo dice [np.float32(0.9198), np.float32(0.7503), np.float32(0.0)]
2025-11-15 14:03:22.443470: Epoch time: 251.78 s
2025-11-15 14:03:24.108445: 
2025-11-15 14:03:24.108655: Epoch 520
2025-11-15 14:03:24.108771: Current learning rate: 0.00517
2025-11-15 14:07:36.043401: train_loss -0.6828
2025-11-15 14:07:36.043643: val_loss -0.6706
2025-11-15 14:07:36.043747: Pseudo dice [np.float32(0.9177), np.float32(0.7542), np.float32(0.0)]
2025-11-15 14:07:36.043845: Epoch time: 251.94 s
2025-11-15 14:07:37.123825: 
2025-11-15 14:07:37.124076: Epoch 521
2025-11-15 14:07:37.124199: Current learning rate: 0.00516
2025-11-15 14:11:49.239746: train_loss -0.6791
2025-11-15 14:11:49.239978: val_loss -0.6845
2025-11-15 14:11:49.240081: Pseudo dice [np.float32(0.9191), np.float32(0.7565), np.float32(0.0)]
2025-11-15 14:11:49.240178: Epoch time: 252.12 s
2025-11-15 14:11:50.309983: 
2025-11-15 14:11:50.310293: Epoch 522
2025-11-15 14:11:50.310408: Current learning rate: 0.00515
2025-11-15 14:16:02.058935: train_loss -0.6827
2025-11-15 14:16:02.059176: val_loss -0.6911
2025-11-15 14:16:02.059280: Pseudo dice [np.float32(0.9214), np.float32(0.7633), np.float32(0.0)]
2025-11-15 14:16:02.059379: Epoch time: 251.75 s
2025-11-15 14:16:03.056999: 
2025-11-15 14:16:03.057299: Epoch 523
2025-11-15 14:16:03.057419: Current learning rate: 0.00514
2025-11-15 14:20:14.767790: train_loss -0.6779
2025-11-15 14:20:14.768024: val_loss -0.6724
2025-11-15 14:20:14.768129: Pseudo dice [np.float32(0.9055), np.float32(0.7693), np.float32(0.0)]
2025-11-15 14:20:14.768227: Epoch time: 251.71 s
2025-11-15 14:20:15.842390: 
2025-11-15 14:20:15.842585: Epoch 524
2025-11-15 14:20:15.842704: Current learning rate: 0.00513
2025-11-15 14:24:27.762809: train_loss -0.6998
2025-11-15 14:24:27.763048: val_loss -0.6909
2025-11-15 14:24:27.763148: Pseudo dice [np.float32(0.9142), np.float32(0.7612), np.float32(0.0)]
2025-11-15 14:24:27.763248: Epoch time: 251.92 s
2025-11-15 14:24:28.839010: 
2025-11-15 14:24:28.839197: Epoch 525
2025-11-15 14:24:28.839313: Current learning rate: 0.00512
2025-11-15 14:28:40.787067: train_loss -0.7
2025-11-15 14:28:40.787350: val_loss -0.7148
2025-11-15 14:28:40.787452: Pseudo dice [np.float32(0.9166), np.float32(0.7645), np.float32(0.0)]
2025-11-15 14:28:40.787552: Epoch time: 251.95 s
2025-11-15 14:28:41.869502: 
2025-11-15 14:28:41.869718: Epoch 526
2025-11-15 14:28:41.869835: Current learning rate: 0.00511
2025-11-15 14:32:53.817379: train_loss -0.7086
2025-11-15 14:32:53.817606: val_loss -0.6831
2025-11-15 14:32:53.817739: Pseudo dice [np.float32(0.9179), np.float32(0.7666), np.float32(0.0)]
2025-11-15 14:32:53.817840: Epoch time: 251.95 s
2025-11-15 14:32:54.898415: 
2025-11-15 14:32:54.898608: Epoch 527
2025-11-15 14:32:54.898730: Current learning rate: 0.0051
2025-11-15 14:37:06.556572: train_loss -0.685
2025-11-15 14:37:06.556818: val_loss -0.6503
2025-11-15 14:37:06.556953: Pseudo dice [np.float32(0.9179), np.float32(0.7615), np.float32(0.0)]
2025-11-15 14:37:06.557062: Epoch time: 251.66 s
2025-11-15 14:37:07.634550: 
2025-11-15 14:37:07.634731: Epoch 528
2025-11-15 14:37:07.634843: Current learning rate: 0.00509
2025-11-15 14:41:19.570753: train_loss -0.6813
2025-11-15 14:41:19.571022: val_loss -0.6736
2025-11-15 14:41:19.571135: Pseudo dice [np.float32(0.9159), np.float32(0.766), np.float32(0.0)]
2025-11-15 14:41:19.571234: Epoch time: 251.94 s
2025-11-15 14:41:20.647313: 
2025-11-15 14:41:20.647560: Epoch 529
2025-11-15 14:41:20.647687: Current learning rate: 0.00508
2025-11-15 14:45:32.457244: train_loss -0.7019
2025-11-15 14:45:32.457486: val_loss -0.6743
2025-11-15 14:45:32.457587: Pseudo dice [np.float32(0.9131), np.float32(0.749), np.float32(0.0)]
2025-11-15 14:45:32.457697: Epoch time: 251.81 s
2025-11-15 14:45:33.535295: 
2025-11-15 14:45:33.535479: Epoch 530
2025-11-15 14:45:33.535626: Current learning rate: 0.00507
2025-11-15 14:49:45.351099: train_loss -0.6823
2025-11-15 14:49:45.351331: val_loss -0.6763
2025-11-15 14:49:45.351433: Pseudo dice [np.float32(0.9154), np.float32(0.7553), np.float32(0.0)]
2025-11-15 14:49:45.351529: Epoch time: 251.82 s
2025-11-15 14:49:46.435050: 
2025-11-15 14:49:46.435233: Epoch 531
2025-11-15 14:49:46.435345: Current learning rate: 0.00506
2025-11-15 14:53:58.206511: train_loss -0.6824
2025-11-15 14:53:58.206753: val_loss -0.6741
2025-11-15 14:53:58.206855: Pseudo dice [np.float32(0.9187), np.float32(0.7594), np.float32(0.0)]
2025-11-15 14:53:58.206955: Epoch time: 251.77 s
2025-11-15 14:53:59.282847: 
2025-11-15 14:53:59.283099: Epoch 532
2025-11-15 14:53:59.283278: Current learning rate: 0.00505
2025-11-15 14:58:11.141560: train_loss -0.6829
2025-11-15 14:58:11.141826: val_loss -0.6835
2025-11-15 14:58:11.141935: Pseudo dice [np.float32(0.9227), np.float32(0.7713), np.float32(0.0)]
2025-11-15 14:58:11.142033: Epoch time: 251.86 s
2025-11-15 14:58:12.214935: 
2025-11-15 14:58:12.215115: Epoch 533
2025-11-15 14:58:12.215226: Current learning rate: 0.00504
2025-11-15 15:02:24.173919: train_loss -0.6854
2025-11-15 15:02:24.174145: val_loss -0.681
2025-11-15 15:02:24.174246: Pseudo dice [np.float32(0.9206), np.float32(0.7646), np.float32(0.0)]
2025-11-15 15:02:24.174348: Epoch time: 251.96 s
2025-11-15 15:02:25.251719: 
2025-11-15 15:02:25.251919: Epoch 534
2025-11-15 15:02:25.252061: Current learning rate: 0.00503
2025-11-15 15:06:37.062508: train_loss -0.6847
2025-11-15 15:06:37.062764: val_loss -0.6744
2025-11-15 15:06:37.062868: Pseudo dice [np.float32(0.9212), np.float32(0.7649), np.float32(0.0)]
2025-11-15 15:06:37.062966: Epoch time: 251.81 s
2025-11-15 15:06:38.139853: 
2025-11-15 15:06:38.140031: Epoch 535
2025-11-15 15:06:38.140147: Current learning rate: 0.00502
2025-11-15 15:10:49.982742: train_loss -0.6864
2025-11-15 15:10:49.982982: val_loss -0.7077
2025-11-15 15:10:49.983083: Pseudo dice [np.float32(0.9159), np.float32(0.7545), np.float32(0.0)]
2025-11-15 15:10:49.983183: Epoch time: 251.84 s
2025-11-15 15:10:51.061318: 
2025-11-15 15:10:51.061506: Epoch 536
2025-11-15 15:10:51.061662: Current learning rate: 0.00501
2025-11-15 15:15:03.051526: train_loss -0.6942
2025-11-15 15:15:03.051780: val_loss -0.6709
2025-11-15 15:15:03.051882: Pseudo dice [np.float32(0.9107), np.float32(0.7519), np.float32(0.0)]
2025-11-15 15:15:03.051982: Epoch time: 251.99 s
2025-11-15 15:15:04.710241: 
2025-11-15 15:15:04.710440: Epoch 537
2025-11-15 15:15:04.710551: Current learning rate: 0.005
2025-11-15 15:19:16.560024: train_loss -0.6954
2025-11-15 15:19:16.560250: val_loss -0.6933
2025-11-15 15:19:16.560351: Pseudo dice [np.float32(0.9261), np.float32(0.7564), np.float32(0.0)]
2025-11-15 15:19:16.560451: Epoch time: 251.85 s
2025-11-15 15:19:17.640432: 
2025-11-15 15:19:17.640632: Epoch 538
2025-11-15 15:19:17.640749: Current learning rate: 0.00499
2025-11-15 15:23:29.723295: train_loss -0.6915
2025-11-15 15:23:29.723537: val_loss -0.7195
2025-11-15 15:23:29.723732: Pseudo dice [np.float32(0.9168), np.float32(0.766), np.float32(0.0)]
2025-11-15 15:23:29.723843: Epoch time: 252.08 s
2025-11-15 15:23:30.796416: 
2025-11-15 15:23:30.796685: Epoch 539
2025-11-15 15:23:30.796811: Current learning rate: 0.00498
2025-11-15 15:27:42.671937: train_loss -0.6997
2025-11-15 15:27:42.672168: val_loss -0.6688
2025-11-15 15:27:42.672268: Pseudo dice [np.float32(0.9107), np.float32(0.7588), np.float32(0.0)]
2025-11-15 15:27:42.672368: Epoch time: 251.88 s
2025-11-15 15:27:43.742197: 
2025-11-15 15:27:43.742413: Epoch 540
2025-11-15 15:27:43.742580: Current learning rate: 0.00497
2025-11-15 15:31:55.223405: train_loss -0.6896
2025-11-15 15:31:55.223641: val_loss -0.686
2025-11-15 15:31:55.223748: Pseudo dice [np.float32(0.9211), np.float32(0.7622), np.float32(0.0)]
2025-11-15 15:31:55.223849: Epoch time: 251.48 s
2025-11-15 15:31:56.304028: 
2025-11-15 15:31:56.304265: Epoch 541
2025-11-15 15:31:56.304403: Current learning rate: 0.00496
2025-11-15 15:36:07.909367: train_loss -0.6783
2025-11-15 15:36:07.909622: val_loss -0.6888
2025-11-15 15:36:07.909726: Pseudo dice [np.float32(0.9078), np.float32(0.7467), np.float32(0.0)]
2025-11-15 15:36:07.909826: Epoch time: 251.61 s
2025-11-15 15:36:08.988209: 
2025-11-15 15:36:08.988537: Epoch 542
2025-11-15 15:36:08.988692: Current learning rate: 0.00495
2025-11-15 15:40:20.940649: train_loss -0.6844
2025-11-15 15:40:20.940899: val_loss -0.6817
2025-11-15 15:40:20.941002: Pseudo dice [np.float32(0.9064), np.float32(0.7559), np.float32(0.0)]
2025-11-15 15:40:20.941103: Epoch time: 251.95 s
2025-11-15 15:40:22.030267: 
2025-11-15 15:40:22.030465: Epoch 543
2025-11-15 15:40:22.030578: Current learning rate: 0.00494
2025-11-15 15:44:33.995868: train_loss -0.6934
2025-11-15 15:44:33.996103: val_loss -0.6957
2025-11-15 15:44:33.996206: Pseudo dice [np.float32(0.9121), np.float32(0.7651), np.float32(0.0)]
2025-11-15 15:44:33.996307: Epoch time: 251.97 s
2025-11-15 15:44:35.074209: 
2025-11-15 15:44:35.074454: Epoch 544
2025-11-15 15:44:35.074665: Current learning rate: 0.00493
2025-11-15 15:48:47.062593: train_loss -0.6979
2025-11-15 15:48:47.062830: val_loss -0.6527
2025-11-15 15:48:47.062934: Pseudo dice [np.float32(0.918), np.float32(0.7454), np.float32(0.0)]
2025-11-15 15:48:47.063078: Epoch time: 251.99 s
2025-11-15 15:48:48.139093: 
2025-11-15 15:48:48.139258: Epoch 545
2025-11-15 15:48:48.139404: Current learning rate: 0.00492
2025-11-15 15:53:00.159858: train_loss -0.6824
2025-11-15 15:53:00.160090: val_loss -0.6646
2025-11-15 15:53:00.160225: Pseudo dice [np.float32(0.9201), np.float32(0.7418), np.float32(0.0)]
2025-11-15 15:53:00.165890: Epoch time: 252.02 s
2025-11-15 15:53:01.239043: 
2025-11-15 15:53:01.239219: Epoch 546
2025-11-15 15:53:01.239330: Current learning rate: 0.00491
2025-11-15 15:57:13.111961: train_loss -0.6665
2025-11-15 15:57:13.112195: val_loss -0.6697
2025-11-15 15:57:13.112358: Pseudo dice [np.float32(0.9172), np.float32(0.7648), np.float32(0.0)]
2025-11-15 15:57:13.112514: Epoch time: 251.87 s
2025-11-15 15:57:14.185330: 
2025-11-15 15:57:14.185594: Epoch 547
2025-11-15 15:57:14.185775: Current learning rate: 0.0049
2025-11-15 16:01:26.206340: train_loss -0.6814
2025-11-15 16:01:26.206587: val_loss -0.6814
2025-11-15 16:01:26.206699: Pseudo dice [np.float32(0.9087), np.float32(0.7507), np.float32(0.0)]
2025-11-15 16:01:26.206800: Epoch time: 252.02 s
2025-11-15 16:01:27.292602: 
2025-11-15 16:01:27.292909: Epoch 548
2025-11-15 16:01:27.293035: Current learning rate: 0.00489
2025-11-15 16:05:39.205347: train_loss -0.6827
2025-11-15 16:05:39.205592: val_loss -0.6963
2025-11-15 16:05:39.205747: Pseudo dice [np.float32(0.9308), np.float32(0.7587), np.float32(0.0)]
2025-11-15 16:05:39.205855: Epoch time: 251.91 s
2025-11-15 16:05:40.287490: 
2025-11-15 16:05:40.287672: Epoch 549
2025-11-15 16:05:40.287785: Current learning rate: 0.00488
2025-11-15 16:09:52.046058: train_loss -0.6772
2025-11-15 16:09:52.046365: val_loss -0.6786
2025-11-15 16:09:52.046469: Pseudo dice [np.float32(0.9147), np.float32(0.7657), np.float32(0.0)]
2025-11-15 16:09:52.046567: Epoch time: 251.76 s
2025-11-15 16:09:53.453555: 
2025-11-15 16:09:53.453793: Epoch 550
2025-11-15 16:09:53.453951: Current learning rate: 0.00487
2025-11-15 16:14:05.208383: train_loss -0.6908
2025-11-15 16:14:05.208630: val_loss -0.6736
2025-11-15 16:14:05.208736: Pseudo dice [np.float32(0.92), np.float32(0.7583), np.float32(0.0)]
2025-11-15 16:14:05.208834: Epoch time: 251.76 s
2025-11-15 16:14:06.289874: 
2025-11-15 16:14:06.290044: Epoch 551
2025-11-15 16:14:06.290196: Current learning rate: 0.00486
2025-11-15 16:18:18.023944: train_loss -0.6965
2025-11-15 16:18:18.024196: val_loss -0.6866
2025-11-15 16:18:18.024302: Pseudo dice [np.float32(0.9307), np.float32(0.7712), np.float32(0.0)]
2025-11-15 16:18:18.024402: Epoch time: 251.73 s
2025-11-15 16:18:19.107270: 
2025-11-15 16:18:19.107452: Epoch 552
2025-11-15 16:18:19.107568: Current learning rate: 0.00485
2025-11-15 16:22:30.855751: train_loss -0.6891
2025-11-15 16:22:30.855995: val_loss -0.6753
2025-11-15 16:22:30.856095: Pseudo dice [np.float32(0.9185), np.float32(0.7621), np.float32(0.0)]
2025-11-15 16:22:30.856194: Epoch time: 251.75 s
2025-11-15 16:22:31.925947: 
2025-11-15 16:22:31.926122: Epoch 553
2025-11-15 16:22:31.926236: Current learning rate: 0.00484
2025-11-15 16:26:44.124031: train_loss -0.6863
2025-11-15 16:26:44.124276: val_loss -0.6744
2025-11-15 16:26:44.124379: Pseudo dice [np.float32(0.9084), np.float32(0.7651), np.float32(0.0)]
2025-11-15 16:26:44.124479: Epoch time: 252.2 s
2025-11-15 16:26:45.779048: 
2025-11-15 16:26:45.779340: Epoch 554
2025-11-15 16:26:45.779459: Current learning rate: 0.00484
2025-11-15 16:30:57.852680: train_loss -0.6801
2025-11-15 16:30:57.852947: val_loss -0.7014
2025-11-15 16:30:57.853104: Pseudo dice [np.float32(0.9092), np.float32(0.7661), np.float32(0.0)]
2025-11-15 16:30:57.853206: Epoch time: 252.07 s
2025-11-15 16:30:58.920908: 
2025-11-15 16:30:58.921094: Epoch 555
2025-11-15 16:30:58.921205: Current learning rate: 0.00483
2025-11-15 16:35:10.810431: train_loss -0.6828
2025-11-15 16:35:10.810732: val_loss -0.6455
2025-11-15 16:35:10.810840: Pseudo dice [np.float32(0.9189), np.float32(0.7594), np.float32(0.0)]
2025-11-15 16:35:10.810936: Epoch time: 251.89 s
2025-11-15 16:35:11.809215: 
2025-11-15 16:35:11.809494: Epoch 556
2025-11-15 16:35:11.809647: Current learning rate: 0.00482
2025-11-15 16:39:23.605730: train_loss -0.674
2025-11-15 16:39:23.605966: val_loss -0.6849
2025-11-15 16:39:23.606079: Pseudo dice [np.float32(0.9202), np.float32(0.7734), np.float32(0.0)]
2025-11-15 16:39:23.606180: Epoch time: 251.8 s
2025-11-15 16:39:24.682371: 
2025-11-15 16:39:24.682573: Epoch 557
2025-11-15 16:39:24.682695: Current learning rate: 0.00481
2025-11-15 16:43:36.489522: train_loss -0.6953
2025-11-15 16:43:36.489769: val_loss -0.6722
2025-11-15 16:43:36.489870: Pseudo dice [np.float32(0.9069), np.float32(0.7617), np.float32(0.0)]
2025-11-15 16:43:36.489969: Epoch time: 251.81 s
2025-11-15 16:43:37.562689: 
2025-11-15 16:43:37.562875: Epoch 558
2025-11-15 16:43:37.562986: Current learning rate: 0.0048
2025-11-15 16:47:49.380897: train_loss -0.6881
2025-11-15 16:47:49.381710: val_loss -0.6639
2025-11-15 16:47:49.381824: Pseudo dice [np.float32(0.9212), np.float32(0.7547), np.float32(0.0)]
2025-11-15 16:47:49.381926: Epoch time: 251.82 s
2025-11-15 16:47:50.463007: 
2025-11-15 16:47:50.463188: Epoch 559
2025-11-15 16:47:50.463301: Current learning rate: 0.00479
2025-11-15 16:52:02.009440: train_loss -0.6907
2025-11-15 16:52:02.009760: val_loss -0.6586
2025-11-15 16:52:02.009876: Pseudo dice [np.float32(0.9066), np.float32(0.7506), np.float32(0.0)]
2025-11-15 16:52:02.009979: Epoch time: 251.55 s
2025-11-15 16:52:03.083322: 
2025-11-15 16:52:03.083509: Epoch 560
2025-11-15 16:52:03.083630: Current learning rate: 0.00478
2025-11-15 16:56:14.971493: train_loss -0.6671
2025-11-15 16:56:14.971750: val_loss -0.6806
2025-11-15 16:56:14.971853: Pseudo dice [np.float32(0.9162), np.float32(0.7445), np.float32(0.0)]
2025-11-15 16:56:14.972066: Epoch time: 251.89 s
2025-11-15 16:56:16.047411: 
2025-11-15 16:56:16.047593: Epoch 561
2025-11-15 16:56:16.047712: Current learning rate: 0.00477
2025-11-15 17:00:28.095999: train_loss -0.6751
2025-11-15 17:00:28.096282: val_loss -0.6889
2025-11-15 17:00:28.096390: Pseudo dice [np.float32(0.9248), np.float32(0.7747), np.float32(0.0)]
2025-11-15 17:00:28.096488: Epoch time: 252.05 s
2025-11-15 17:00:29.184870: 
2025-11-15 17:00:29.185049: Epoch 562
2025-11-15 17:00:29.185162: Current learning rate: 0.00476
2025-11-15 17:04:41.486887: train_loss -0.6949
2025-11-15 17:04:41.487137: val_loss -0.6827
2025-11-15 17:04:41.487240: Pseudo dice [np.float32(0.9205), np.float32(0.7427), np.float32(0.0)]
2025-11-15 17:04:41.487340: Epoch time: 252.3 s
2025-11-15 17:04:42.563414: 
2025-11-15 17:04:42.563711: Epoch 563
2025-11-15 17:04:42.563834: Current learning rate: 0.00475
2025-11-15 17:08:54.549088: train_loss -0.688
2025-11-15 17:08:54.549330: val_loss -0.6914
2025-11-15 17:08:54.549432: Pseudo dice [np.float32(0.9296), np.float32(0.7701), np.float32(0.0)]
2025-11-15 17:08:54.549533: Epoch time: 251.99 s
2025-11-15 17:08:55.628023: 
2025-11-15 17:08:55.628212: Epoch 564
2025-11-15 17:08:55.628329: Current learning rate: 0.00474
2025-11-15 17:13:07.616667: train_loss -0.6936
2025-11-15 17:13:07.616892: val_loss -0.6799
2025-11-15 17:13:07.616992: Pseudo dice [np.float32(0.9165), np.float32(0.7537), np.float32(0.0)]
2025-11-15 17:13:07.617089: Epoch time: 251.99 s
2025-11-15 17:13:08.692422: 
2025-11-15 17:13:08.692674: Epoch 565
2025-11-15 17:13:08.692840: Current learning rate: 0.00473
2025-11-15 17:17:20.572130: train_loss -0.6809
2025-11-15 17:17:20.572374: val_loss -0.6714
2025-11-15 17:17:20.572473: Pseudo dice [np.float32(0.9178), np.float32(0.7622), np.float32(0.0)]
2025-11-15 17:17:20.572619: Epoch time: 251.88 s
2025-11-15 17:17:21.641218: 
2025-11-15 17:17:21.641510: Epoch 566
2025-11-15 17:17:21.641676: Current learning rate: 0.00472
2025-11-15 17:21:33.405311: train_loss -0.6606
2025-11-15 17:21:33.405582: val_loss -0.7064
2025-11-15 17:21:33.405695: Pseudo dice [np.float32(0.9124), np.float32(0.7641), np.float32(0.0)]
2025-11-15 17:21:33.405795: Epoch time: 251.77 s
2025-11-15 17:21:34.490858: 
2025-11-15 17:21:34.491100: Epoch 567
2025-11-15 17:21:34.491217: Current learning rate: 0.00471
2025-11-15 17:25:46.204368: train_loss -0.6781
2025-11-15 17:25:46.204595: val_loss -0.678
2025-11-15 17:25:46.204706: Pseudo dice [np.float32(0.9178), np.float32(0.7702), np.float32(0.0)]
2025-11-15 17:25:46.204806: Epoch time: 251.71 s
2025-11-15 17:25:47.283845: 
2025-11-15 17:25:47.284102: Epoch 568
2025-11-15 17:25:47.284323: Current learning rate: 0.0047
2025-11-15 17:29:59.474576: train_loss -0.6744
2025-11-15 17:29:59.474804: val_loss -0.6923
2025-11-15 17:29:59.474907: Pseudo dice [np.float32(0.9153), np.float32(0.751), np.float32(0.0)]
2025-11-15 17:29:59.475005: Epoch time: 252.19 s
2025-11-15 17:30:00.552137: 
2025-11-15 17:30:00.552373: Epoch 569
2025-11-15 17:30:00.552485: Current learning rate: 0.00469
2025-11-15 17:34:12.205976: train_loss -0.6771
2025-11-15 17:34:12.206231: val_loss -0.6684
2025-11-15 17:34:12.206337: Pseudo dice [np.float32(0.921), np.float32(0.7693), np.float32(0.0)]
2025-11-15 17:34:12.206440: Epoch time: 251.65 s
2025-11-15 17:34:13.283744: 
2025-11-15 17:34:13.283998: Epoch 570
2025-11-15 17:34:13.284192: Current learning rate: 0.00468
2025-11-15 17:38:25.013806: train_loss -0.6881
2025-11-15 17:38:25.014045: val_loss -0.6766
2025-11-15 17:38:25.014146: Pseudo dice [np.float32(0.9228), np.float32(0.7547), np.float32(0.0)]
2025-11-15 17:38:25.014245: Epoch time: 251.73 s
2025-11-15 17:38:26.678354: 
2025-11-15 17:38:26.678580: Epoch 571
2025-11-15 17:38:26.678707: Current learning rate: 0.00467
2025-11-15 17:42:38.467957: train_loss -0.6764
2025-11-15 17:42:38.468196: val_loss -0.6466
2025-11-15 17:42:38.468300: Pseudo dice [np.float32(0.9182), np.float32(0.7684), np.float32(0.0)]
2025-11-15 17:42:38.468399: Epoch time: 251.79 s
2025-11-15 17:42:39.464940: 
2025-11-15 17:42:39.465117: Epoch 572
2025-11-15 17:42:39.465277: Current learning rate: 0.00466
2025-11-15 17:46:51.252948: train_loss -0.6824
2025-11-15 17:46:51.253178: val_loss -0.7094
2025-11-15 17:46:51.253282: Pseudo dice [np.float32(0.9188), np.float32(0.7567), np.float32(0.0)]
2025-11-15 17:46:51.253383: Epoch time: 251.79 s
2025-11-15 17:46:52.344585: 
2025-11-15 17:46:52.344854: Epoch 573
2025-11-15 17:46:52.345000: Current learning rate: 0.00465
2025-11-15 17:51:04.037673: train_loss -0.6904
2025-11-15 17:51:04.037912: val_loss -0.6877
2025-11-15 17:51:04.038013: Pseudo dice [np.float32(0.9215), np.float32(0.749), np.float32(0.0)]
2025-11-15 17:51:04.038111: Epoch time: 251.69 s
2025-11-15 17:51:05.124294: 
2025-11-15 17:51:05.124485: Epoch 574
2025-11-15 17:51:05.124596: Current learning rate: 0.00464
2025-11-15 17:55:16.895132: train_loss -0.6861
2025-11-15 17:55:16.895438: val_loss -0.6985
2025-11-15 17:55:16.895545: Pseudo dice [np.float32(0.923), np.float32(0.7631), np.float32(0.0)]
2025-11-15 17:55:16.895653: Epoch time: 251.77 s
2025-11-15 17:55:17.980748: 
2025-11-15 17:55:17.980941: Epoch 575
2025-11-15 17:55:17.981057: Current learning rate: 0.00463
2025-11-15 17:59:29.842153: train_loss -0.6847
2025-11-15 17:59:29.842383: val_loss -0.6949
2025-11-15 17:59:29.842485: Pseudo dice [np.float32(0.9182), np.float32(0.7613), np.float32(0.0)]
2025-11-15 17:59:29.842583: Epoch time: 251.86 s
2025-11-15 17:59:30.856747: 
2025-11-15 17:59:30.856933: Epoch 576
2025-11-15 17:59:30.857045: Current learning rate: 0.00462
2025-11-15 18:03:42.666152: train_loss -0.6902
2025-11-15 18:03:42.666392: val_loss -0.7039
2025-11-15 18:03:42.666493: Pseudo dice [np.float32(0.9153), np.float32(0.7624), np.float32(0.0)]
2025-11-15 18:03:42.666593: Epoch time: 251.81 s
2025-11-15 18:03:43.744960: 
2025-11-15 18:03:43.745197: Epoch 577
2025-11-15 18:03:43.745369: Current learning rate: 0.00461
2025-11-15 18:07:55.647053: train_loss -0.6977
2025-11-15 18:07:55.647327: val_loss -0.6918
2025-11-15 18:07:55.647434: Pseudo dice [np.float32(0.9124), np.float32(0.7651), np.float32(0.0)]
2025-11-15 18:07:55.647535: Epoch time: 251.9 s
2025-11-15 18:07:56.724985: 
2025-11-15 18:07:56.725160: Epoch 578
2025-11-15 18:07:56.725273: Current learning rate: 0.0046
2025-11-15 18:12:08.497657: train_loss -0.6964
2025-11-15 18:12:08.497873: val_loss -0.6976
2025-11-15 18:12:08.497972: Pseudo dice [np.float32(0.9221), np.float32(0.7408), np.float32(0.0)]
2025-11-15 18:12:08.498067: Epoch time: 251.77 s
2025-11-15 18:12:09.570312: 
2025-11-15 18:12:09.570483: Epoch 579
2025-11-15 18:12:09.570655: Current learning rate: 0.00459
2025-11-15 18:16:21.307515: train_loss -0.6882
2025-11-15 18:16:21.307760: val_loss -0.6687
2025-11-15 18:16:21.307861: Pseudo dice [np.float32(0.9168), np.float32(0.7746), np.float32(0.0)]
2025-11-15 18:16:21.307961: Epoch time: 251.74 s
2025-11-15 18:16:22.386777: 
2025-11-15 18:16:22.386953: Epoch 580
2025-11-15 18:16:22.387064: Current learning rate: 0.00458
2025-11-15 18:20:34.332954: train_loss -0.6798
2025-11-15 18:20:34.333241: val_loss -0.6831
2025-11-15 18:20:34.333349: Pseudo dice [np.float32(0.9219), np.float32(0.7512), np.float32(0.0)]
2025-11-15 18:20:34.333446: Epoch time: 251.95 s
2025-11-15 18:20:35.409622: 
2025-11-15 18:20:35.409892: Epoch 581
2025-11-15 18:20:35.410085: Current learning rate: 0.00457
2025-11-15 18:24:47.057543: train_loss -0.6942
2025-11-15 18:24:47.057782: val_loss -0.6804
2025-11-15 18:24:47.057883: Pseudo dice [np.float32(0.9164), np.float32(0.7592), np.float32(0.0)]
2025-11-15 18:24:47.058014: Epoch time: 251.65 s
2025-11-15 18:24:48.136661: 
2025-11-15 18:24:48.136832: Epoch 582
2025-11-15 18:24:48.136943: Current learning rate: 0.00456
2025-11-15 18:29:00.144108: train_loss -0.7013
2025-11-15 18:29:00.144340: val_loss -0.6644
2025-11-15 18:29:00.144451: Pseudo dice [np.float32(0.9265), np.float32(0.7738), np.float32(0.0)]
2025-11-15 18:29:00.144587: Epoch time: 252.01 s
2025-11-15 18:29:01.225858: 
2025-11-15 18:29:01.226165: Epoch 583
2025-11-15 18:29:01.226376: Current learning rate: 0.00455
2025-11-15 18:33:13.160897: train_loss -0.6842
2025-11-15 18:33:13.161119: val_loss -0.6889
2025-11-15 18:33:13.161219: Pseudo dice [np.float32(0.9212), np.float32(0.7569), np.float32(0.0)]
2025-11-15 18:33:13.161317: Epoch time: 251.94 s
2025-11-15 18:33:14.235588: 
2025-11-15 18:33:14.235762: Epoch 584
2025-11-15 18:33:14.235900: Current learning rate: 0.00454
2025-11-15 18:37:25.951068: train_loss -0.6978
2025-11-15 18:37:25.951287: val_loss -0.6582
2025-11-15 18:37:25.951387: Pseudo dice [np.float32(0.9089), np.float32(0.7587), np.float32(0.0)]
2025-11-15 18:37:25.951484: Epoch time: 251.72 s
2025-11-15 18:37:27.023492: 
2025-11-15 18:37:27.023662: Epoch 585
2025-11-15 18:37:27.023773: Current learning rate: 0.00453
2025-11-15 18:41:38.690360: train_loss -0.704
2025-11-15 18:41:38.690596: val_loss -0.6603
2025-11-15 18:41:38.690707: Pseudo dice [np.float32(0.9199), np.float32(0.7604), np.float32(0.0)]
2025-11-15 18:41:38.690808: Epoch time: 251.67 s
2025-11-15 18:41:39.772518: 
2025-11-15 18:41:39.772697: Epoch 586
2025-11-15 18:41:39.772810: Current learning rate: 0.00452
2025-11-15 18:45:51.972699: train_loss -0.7001
2025-11-15 18:45:51.972927: val_loss -0.6953
2025-11-15 18:45:51.973028: Pseudo dice [np.float32(0.9103), np.float32(0.7577), np.float32(0.0)]
2025-11-15 18:45:51.973126: Epoch time: 252.2 s
2025-11-15 18:45:53.609968: 
2025-11-15 18:45:53.610150: Epoch 587
2025-11-15 18:45:53.610262: Current learning rate: 0.00451
2025-11-15 18:50:05.665142: train_loss -0.6817
2025-11-15 18:50:05.665364: val_loss -0.6816
2025-11-15 18:50:05.665462: Pseudo dice [np.float32(0.922), np.float32(0.752), np.float32(0.0)]
2025-11-15 18:50:05.665558: Epoch time: 252.06 s
2025-11-15 18:50:06.752654: 
2025-11-15 18:50:06.752838: Epoch 588
2025-11-15 18:50:06.752949: Current learning rate: 0.0045
2025-11-15 18:54:18.701400: train_loss -0.6889
2025-11-15 18:54:18.701642: val_loss -0.7027
2025-11-15 18:54:18.701746: Pseudo dice [np.float32(0.9217), np.float32(0.7572), np.float32(0.0)]
2025-11-15 18:54:18.701845: Epoch time: 251.95 s
2025-11-15 18:54:19.788050: 
2025-11-15 18:54:19.788288: Epoch 589
2025-11-15 18:54:19.788427: Current learning rate: 0.00449
2025-11-15 18:58:31.436530: train_loss -0.6744
2025-11-15 18:58:31.436762: val_loss -0.6855
2025-11-15 18:58:31.436860: Pseudo dice [np.float32(0.922), np.float32(0.7612), np.float32(0.0)]
2025-11-15 18:58:31.436959: Epoch time: 251.65 s
2025-11-15 18:58:32.519234: 
2025-11-15 18:58:32.519485: Epoch 590
2025-11-15 18:58:32.519616: Current learning rate: 0.00448
2025-11-15 19:02:44.008228: train_loss -0.6898
2025-11-15 19:02:44.008457: val_loss -0.6573
2025-11-15 19:02:44.008559: Pseudo dice [np.float32(0.9175), np.float32(0.7427), np.float32(0.0)]
2025-11-15 19:02:44.008664: Epoch time: 251.49 s
2025-11-15 19:02:45.084286: 
2025-11-15 19:02:45.084533: Epoch 591
2025-11-15 19:02:45.084664: Current learning rate: 0.00447
2025-11-15 19:06:56.832252: train_loss -0.6889
2025-11-15 19:06:56.832488: val_loss -0.7079
2025-11-15 19:06:56.832589: Pseudo dice [np.float32(0.9196), np.float32(0.7577), np.float32(0.0)]
2025-11-15 19:06:56.832695: Epoch time: 251.75 s
2025-11-15 19:06:57.911841: 
2025-11-15 19:06:57.912027: Epoch 592
2025-11-15 19:06:57.912142: Current learning rate: 0.00446
2025-11-15 19:11:09.377669: train_loss -0.6988
2025-11-15 19:11:09.377899: val_loss -0.6544
2025-11-15 19:11:09.377996: Pseudo dice [np.float32(0.9158), np.float32(0.768), np.float32(0.0)]
2025-11-15 19:11:09.378093: Epoch time: 251.47 s
2025-11-15 19:11:10.457206: 
2025-11-15 19:11:10.457387: Epoch 593
2025-11-15 19:11:10.457499: Current learning rate: 0.00445
2025-11-15 19:15:21.941125: train_loss -0.7018
2025-11-15 19:15:21.941351: val_loss -0.6842
2025-11-15 19:15:21.941484: Pseudo dice [np.float32(0.923), np.float32(0.7597), np.float32(0.0)]
2025-11-15 19:15:21.941586: Epoch time: 251.48 s
2025-11-15 19:15:23.028248: 
2025-11-15 19:15:23.028434: Epoch 594
2025-11-15 19:15:23.028546: Current learning rate: 0.00444
2025-11-15 19:19:34.501131: train_loss -0.6943
2025-11-15 19:19:34.501353: val_loss -0.684
2025-11-15 19:19:34.501452: Pseudo dice [np.float32(0.9196), np.float32(0.7544), np.float32(0.0)]
2025-11-15 19:19:34.501620: Epoch time: 251.47 s
2025-11-15 19:19:35.584114: 
2025-11-15 19:19:35.584330: Epoch 595
2025-11-15 19:19:35.584466: Current learning rate: 0.00443
2025-11-15 19:23:47.325510: train_loss -0.7003
2025-11-15 19:23:47.325751: val_loss -0.6538
2025-11-15 19:23:47.325852: Pseudo dice [np.float32(0.928), np.float32(0.7342), np.float32(0.0)]
2025-11-15 19:23:47.325950: Epoch time: 251.74 s
2025-11-15 19:23:48.405330: 
2025-11-15 19:23:48.405507: Epoch 596
2025-11-15 19:23:48.405625: Current learning rate: 0.00442
2025-11-15 19:28:00.054706: train_loss -0.6858
2025-11-15 19:28:00.054952: val_loss -0.7038
2025-11-15 19:28:00.055055: Pseudo dice [np.float32(0.9094), np.float32(0.7461), np.float32(0.0)]
2025-11-15 19:28:00.055154: Epoch time: 251.65 s
2025-11-15 19:28:01.141590: 
2025-11-15 19:28:01.141773: Epoch 597
2025-11-15 19:28:01.141886: Current learning rate: 0.00441
2025-11-15 19:32:13.014880: train_loss -0.6828
2025-11-15 19:32:13.015130: val_loss -0.6703
2025-11-15 19:32:13.015240: Pseudo dice [np.float32(0.9277), np.float32(0.7575), np.float32(0.0)]
2025-11-15 19:32:13.015338: Epoch time: 251.87 s
2025-11-15 19:32:14.102010: 
2025-11-15 19:32:14.102233: Epoch 598
2025-11-15 19:32:14.102391: Current learning rate: 0.0044
2025-11-15 19:36:25.802710: train_loss -0.6835
2025-11-15 19:36:25.802936: val_loss -0.6833
2025-11-15 19:36:25.803036: Pseudo dice [np.float32(0.9184), np.float32(0.7521), np.float32(0.0)]
2025-11-15 19:36:25.803173: Epoch time: 251.7 s
2025-11-15 19:36:26.877194: 
2025-11-15 19:36:26.877410: Epoch 599
2025-11-15 19:36:26.877544: Current learning rate: 0.00439
2025-11-15 19:40:38.519501: train_loss -0.6862
2025-11-15 19:40:38.519795: val_loss -0.6777
2025-11-15 19:40:38.519900: Pseudo dice [np.float32(0.9193), np.float32(0.7549), np.float32(0.0)]
2025-11-15 19:40:38.519999: Epoch time: 251.64 s
2025-11-15 19:40:39.916203: 
2025-11-15 19:40:39.916397: Epoch 600
2025-11-15 19:40:39.916524: Current learning rate: 0.00438
2025-11-15 19:44:51.898500: train_loss -0.7001
2025-11-15 19:44:51.898727: val_loss -0.6861
2025-11-15 19:44:51.898826: Pseudo dice [np.float32(0.923), np.float32(0.762), np.float32(0.0)]
2025-11-15 19:44:51.898924: Epoch time: 251.98 s
2025-11-15 19:44:52.989402: 
2025-11-15 19:44:52.989618: Epoch 601
2025-11-15 19:44:52.989733: Current learning rate: 0.00437
2025-11-15 19:49:04.486429: train_loss -0.7072
2025-11-15 19:49:04.486719: val_loss -0.685
2025-11-15 19:49:04.486837: Pseudo dice [np.float32(0.9182), np.float32(0.758), np.float32(0.0)]
2025-11-15 19:49:04.486937: Epoch time: 251.5 s
2025-11-15 19:49:05.559266: 
2025-11-15 19:49:05.559596: Epoch 602
2025-11-15 19:49:05.559800: Current learning rate: 0.00436
2025-11-15 19:53:17.296685: train_loss -0.6877
2025-11-15 19:53:17.296915: val_loss -0.6885
2025-11-15 19:53:17.297016: Pseudo dice [np.float32(0.9248), np.float32(0.7477), np.float32(0.0)]
2025-11-15 19:53:17.297115: Epoch time: 251.74 s
2025-11-15 19:53:18.928784: 
2025-11-15 19:53:18.929010: Epoch 603
2025-11-15 19:53:18.929124: Current learning rate: 0.00435
2025-11-15 19:57:30.686975: train_loss -0.7005
2025-11-15 19:57:30.687211: val_loss -0.694
2025-11-15 19:57:30.687360: Pseudo dice [np.float32(0.9212), np.float32(0.7564), np.float32(0.0)]
2025-11-15 19:57:30.687472: Epoch time: 251.76 s
2025-11-15 19:57:31.768154: 
2025-11-15 19:57:31.768395: Epoch 604
2025-11-15 19:57:31.768512: Current learning rate: 0.00434
2025-11-15 20:01:43.425157: train_loss -0.6925
2025-11-15 20:01:43.425446: val_loss -0.6812
2025-11-15 20:01:43.425554: Pseudo dice [np.float32(0.9189), np.float32(0.7492), np.float32(0.0)]
2025-11-15 20:01:43.425660: Epoch time: 251.66 s
2025-11-15 20:01:44.498353: 
2025-11-15 20:01:44.498579: Epoch 605
2025-11-15 20:01:44.498697: Current learning rate: 0.00433
2025-11-15 20:05:56.447351: train_loss -0.6849
2025-11-15 20:05:56.447654: val_loss -0.6702
2025-11-15 20:05:56.447763: Pseudo dice [np.float32(0.9248), np.float32(0.7642), np.float32(0.0)]
2025-11-15 20:05:56.447863: Epoch time: 251.95 s
2025-11-15 20:05:57.531731: 
2025-11-15 20:05:57.532043: Epoch 606
2025-11-15 20:05:57.532211: Current learning rate: 0.00432
2025-11-15 20:10:09.740321: train_loss -0.6951
2025-11-15 20:10:09.740572: val_loss -0.7019
2025-11-15 20:10:09.740682: Pseudo dice [np.float32(0.9198), np.float32(0.7673), np.float32(0.0)]
2025-11-15 20:10:09.740782: Epoch time: 252.21 s
2025-11-15 20:10:10.823798: 
2025-11-15 20:10:10.823985: Epoch 607
2025-11-15 20:10:10.824096: Current learning rate: 0.00431
2025-11-15 20:14:22.679928: train_loss -0.6793
2025-11-15 20:14:22.680156: val_loss -0.6354
2025-11-15 20:14:22.680258: Pseudo dice [np.float32(0.9202), np.float32(0.7684), np.float32(0.0)]
2025-11-15 20:14:22.680357: Epoch time: 251.86 s
2025-11-15 20:14:23.754637: 
2025-11-15 20:14:23.754889: Epoch 608
2025-11-15 20:14:23.755025: Current learning rate: 0.0043
2025-11-15 20:18:35.331835: train_loss -0.68
2025-11-15 20:18:35.332070: val_loss -0.7009
2025-11-15 20:18:35.332170: Pseudo dice [np.float32(0.9167), np.float32(0.7572), np.float32(0.0)]
2025-11-15 20:18:35.332271: Epoch time: 251.58 s
2025-11-15 20:18:36.413063: 
2025-11-15 20:18:36.413340: Epoch 609
2025-11-15 20:18:36.413459: Current learning rate: 0.00429
2025-11-15 20:22:48.629162: train_loss -0.6959
2025-11-15 20:22:48.629386: val_loss -0.7105
2025-11-15 20:22:48.629488: Pseudo dice [np.float32(0.9107), np.float32(0.7313), np.float32(0.0)]
2025-11-15 20:22:48.629585: Epoch time: 252.22 s
2025-11-15 20:22:49.715863: 
2025-11-15 20:22:49.716044: Epoch 610
2025-11-15 20:22:49.716159: Current learning rate: 0.00429
2025-11-15 20:27:01.408739: train_loss -0.681
2025-11-15 20:27:01.408975: val_loss -0.6873
2025-11-15 20:27:01.409077: Pseudo dice [np.float32(0.914), np.float32(0.7483), np.float32(0.0)]
2025-11-15 20:27:01.409175: Epoch time: 251.69 s
2025-11-15 20:27:02.491104: 
2025-11-15 20:27:02.491368: Epoch 611
2025-11-15 20:27:02.491500: Current learning rate: 0.00428
2025-11-15 20:31:13.983547: train_loss -0.704
2025-11-15 20:31:13.983810: val_loss -0.7013
2025-11-15 20:31:13.983914: Pseudo dice [np.float32(0.9106), np.float32(0.7699), np.float32(0.0)]
2025-11-15 20:31:13.984011: Epoch time: 251.49 s
2025-11-15 20:31:15.070038: 
2025-11-15 20:31:15.070219: Epoch 612
2025-11-15 20:31:15.070329: Current learning rate: 0.00427
2025-11-15 20:35:26.735492: train_loss -0.7057
2025-11-15 20:35:26.735741: val_loss -0.6825
2025-11-15 20:35:26.735841: Pseudo dice [np.float32(0.9052), np.float32(0.7693), np.float32(0.0)]
2025-11-15 20:35:26.735940: Epoch time: 251.67 s
2025-11-15 20:35:27.820017: 
2025-11-15 20:35:27.820199: Epoch 613
2025-11-15 20:35:27.820310: Current learning rate: 0.00426
2025-11-15 20:39:39.237849: train_loss -0.6816
2025-11-15 20:39:39.238075: val_loss -0.6703
2025-11-15 20:39:39.238178: Pseudo dice [np.float32(0.9217), np.float32(0.7508), np.float32(0.0)]
2025-11-15 20:39:39.238276: Epoch time: 251.42 s
2025-11-15 20:39:40.326620: 
2025-11-15 20:39:40.326876: Epoch 614
2025-11-15 20:39:40.327057: Current learning rate: 0.00425
2025-11-15 20:43:51.996877: train_loss -0.6918
2025-11-15 20:43:51.997099: val_loss -0.6805
2025-11-15 20:43:51.997199: Pseudo dice [np.float32(0.9163), np.float32(0.7589), np.float32(0.0)]
2025-11-15 20:43:51.997298: Epoch time: 251.67 s
2025-11-15 20:43:53.090170: 
2025-11-15 20:43:53.090342: Epoch 615
2025-11-15 20:43:53.090476: Current learning rate: 0.00424
2025-11-15 20:48:04.931917: train_loss -0.6923
2025-11-15 20:48:04.932190: val_loss -0.6591
2025-11-15 20:48:04.932299: Pseudo dice [np.float32(0.9142), np.float32(0.7522), np.float32(0.0)]
2025-11-15 20:48:04.932397: Epoch time: 251.84 s
2025-11-15 20:48:06.012344: 
2025-11-15 20:48:06.012567: Epoch 616
2025-11-15 20:48:06.012690: Current learning rate: 0.00423
2025-11-15 20:52:17.838580: train_loss -0.6997
2025-11-15 20:52:17.838812: val_loss -0.641
2025-11-15 20:52:17.838911: Pseudo dice [np.float32(0.9198), np.float32(0.7636), np.float32(0.0)]
2025-11-15 20:52:17.839010: Epoch time: 251.83 s
2025-11-15 20:52:18.916526: 
2025-11-15 20:52:18.916696: Epoch 617
2025-11-15 20:52:18.916807: Current learning rate: 0.00422
2025-11-15 20:56:30.732941: train_loss -0.6985
2025-11-15 20:56:30.733247: val_loss -0.7023
2025-11-15 20:56:30.733351: Pseudo dice [np.float32(0.9209), np.float32(0.7559), np.float32(0.0)]
2025-11-15 20:56:30.733449: Epoch time: 251.82 s
2025-11-15 20:56:31.802326: 
2025-11-15 20:56:31.802489: Epoch 618
2025-11-15 20:56:31.802588: Current learning rate: 0.00421
2025-11-15 21:00:43.303460: train_loss -0.6939
2025-11-15 21:00:43.303692: val_loss -0.7021
2025-11-15 21:00:43.303794: Pseudo dice [np.float32(0.9127), np.float32(0.7574), np.float32(0.0)]
2025-11-15 21:00:43.303890: Epoch time: 251.5 s
2025-11-15 21:00:44.378096: 
2025-11-15 21:00:44.378312: Epoch 619
2025-11-15 21:00:44.378488: Current learning rate: 0.0042
2025-11-15 21:04:56.255026: train_loss -0.6782
2025-11-15 21:04:56.255255: val_loss -0.6724
2025-11-15 21:04:56.255355: Pseudo dice [np.float32(0.9108), np.float32(0.7544), np.float32(0.0)]
2025-11-15 21:04:56.255452: Epoch time: 251.88 s
2025-11-15 21:04:57.325138: 
2025-11-15 21:04:57.325307: Epoch 620
2025-11-15 21:04:57.325402: Current learning rate: 0.00419
2025-11-15 21:09:08.906405: train_loss -0.6881
2025-11-15 21:09:08.906643: val_loss -0.7007
2025-11-15 21:09:08.906745: Pseudo dice [np.float32(0.9228), np.float32(0.773), np.float32(0.0)]
2025-11-15 21:09:08.906843: Epoch time: 251.58 s
2025-11-15 21:09:09.895919: 
2025-11-15 21:09:09.896163: Epoch 621
2025-11-15 21:09:09.896317: Current learning rate: 0.00418
2025-11-15 21:13:21.426489: train_loss -0.6896
2025-11-15 21:13:21.426734: val_loss -0.6361
2025-11-15 21:13:21.426837: Pseudo dice [np.float32(0.9167), np.float32(0.7585), np.float32(0.0)]
2025-11-15 21:13:21.426937: Epoch time: 251.53 s
2025-11-15 21:13:22.497156: 
2025-11-15 21:13:22.497352: Epoch 622
2025-11-15 21:13:22.497521: Current learning rate: 0.00417
2025-11-15 21:17:34.085349: train_loss -0.6782
2025-11-15 21:17:34.085625: val_loss -0.6937
2025-11-15 21:17:34.085733: Pseudo dice [np.float32(0.9196), np.float32(0.7604), np.float32(0.0)]
2025-11-15 21:17:34.085830: Epoch time: 251.59 s
2025-11-15 21:17:35.148627: 
2025-11-15 21:17:35.148783: Epoch 623
2025-11-15 21:17:35.148870: Current learning rate: 0.00416
2025-11-15 21:21:46.628850: train_loss -0.6899
2025-11-15 21:21:46.629073: val_loss -0.6636
2025-11-15 21:21:46.629173: Pseudo dice [np.float32(0.9195), np.float32(0.7566), np.float32(0.0)]
2025-11-15 21:21:46.629270: Epoch time: 251.48 s
2025-11-15 21:21:47.710316: 
2025-11-15 21:21:47.710593: Epoch 624
2025-11-15 21:21:47.710704: Current learning rate: 0.00415
2025-11-15 21:25:59.332368: train_loss -0.6872
2025-11-15 21:25:59.332594: val_loss -0.6973
2025-11-15 21:25:59.332705: Pseudo dice [np.float32(0.9217), np.float32(0.7464), np.float32(0.0)]
2025-11-15 21:25:59.332804: Epoch time: 251.62 s
2025-11-15 21:26:00.331100: 
2025-11-15 21:26:00.331253: Epoch 625
2025-11-15 21:26:00.331342: Current learning rate: 0.00414
2025-11-15 21:30:11.902379: train_loss -0.6797
2025-11-15 21:30:11.902624: val_loss -0.6792
2025-11-15 21:30:11.902727: Pseudo dice [np.float32(0.9215), np.float32(0.7524), np.float32(0.0)]
2025-11-15 21:30:11.902826: Epoch time: 251.57 s
2025-11-15 21:30:12.976475: 
2025-11-15 21:30:12.976683: Epoch 626
2025-11-15 21:30:12.976787: Current learning rate: 0.00413
2025-11-15 21:34:24.635777: train_loss -0.709
2025-11-15 21:34:24.636024: val_loss -0.6939
2025-11-15 21:34:24.636125: Pseudo dice [np.float32(0.9192), np.float32(0.7713), np.float32(0.0)]
2025-11-15 21:34:24.636224: Epoch time: 251.66 s
2025-11-15 21:34:25.704381: 
2025-11-15 21:34:25.704546: Epoch 627
2025-11-15 21:34:25.704660: Current learning rate: 0.00412
2025-11-15 21:38:37.343428: train_loss -0.6913
2025-11-15 21:38:37.343731: val_loss -0.6487
2025-11-15 21:38:37.343852: Pseudo dice [np.float32(0.9098), np.float32(0.7551), np.float32(0.0)]
2025-11-15 21:38:37.343952: Epoch time: 251.64 s
2025-11-15 21:38:38.410765: 
2025-11-15 21:38:38.411151: Epoch 628
2025-11-15 21:38:38.411379: Current learning rate: 0.00411
2025-11-15 21:42:50.026793: train_loss -0.6974
2025-11-15 21:42:50.027027: val_loss -0.6746
2025-11-15 21:42:50.027135: Pseudo dice [np.float32(0.9244), np.float32(0.7458), np.float32(0.0)]
2025-11-15 21:42:50.027234: Epoch time: 251.62 s
2025-11-15 21:42:51.097225: 
2025-11-15 21:42:51.097447: Epoch 629
2025-11-15 21:42:51.097564: Current learning rate: 0.0041
2025-11-15 21:47:02.604137: train_loss -0.698
2025-11-15 21:47:02.604365: val_loss -0.6548
2025-11-15 21:47:02.604542: Pseudo dice [np.float32(0.9003), np.float32(0.7345), np.float32(0.0)]
2025-11-15 21:47:02.604654: Epoch time: 251.51 s
2025-11-15 21:47:03.678051: 
2025-11-15 21:47:03.678211: Epoch 630
2025-11-15 21:47:03.678317: Current learning rate: 0.00409
2025-11-15 21:51:15.202897: train_loss -0.6752
2025-11-15 21:51:15.203116: val_loss -0.7119
2025-11-15 21:51:15.203220: Pseudo dice [np.float32(0.9212), np.float32(0.7513), np.float32(0.0)]
2025-11-15 21:51:15.203365: Epoch time: 251.53 s
2025-11-15 21:51:16.263963: 
2025-11-15 21:51:16.264115: Epoch 631
2025-11-15 21:51:16.264223: Current learning rate: 0.00408
2025-11-15 21:55:28.031970: train_loss -0.6993
2025-11-15 21:55:28.032223: val_loss -0.691
2025-11-15 21:55:28.032331: Pseudo dice [np.float32(0.9145), np.float32(0.7689), np.float32(0.0)]
2025-11-15 21:55:28.032429: Epoch time: 251.77 s
2025-11-15 21:55:29.102352: 
2025-11-15 21:55:29.102519: Epoch 632
2025-11-15 21:55:29.102637: Current learning rate: 0.00407
2025-11-15 21:59:40.652750: train_loss -0.6904
2025-11-15 21:59:40.653380: val_loss -0.6838
2025-11-15 21:59:40.653486: Pseudo dice [np.float32(0.9147), np.float32(0.7592), np.float32(0.0)]
2025-11-15 21:59:40.653585: Epoch time: 251.55 s
2025-11-15 21:59:41.721507: 
2025-11-15 21:59:41.721671: Epoch 633
2025-11-15 21:59:41.721784: Current learning rate: 0.00406
2025-11-15 22:03:53.316720: train_loss -0.6736
2025-11-15 22:03:53.316962: val_loss -0.7086
2025-11-15 22:03:53.317063: Pseudo dice [np.float32(0.9181), np.float32(0.761), np.float32(0.0)]
2025-11-15 22:03:53.317190: Epoch time: 251.6 s
2025-11-15 22:03:54.383828: 
2025-11-15 22:03:54.389455: Epoch 634
2025-11-15 22:03:54.389572: Current learning rate: 0.00405
2025-11-15 22:08:05.888682: train_loss -0.6928
2025-11-15 22:08:05.888907: val_loss -0.6721
2025-11-15 22:08:05.889007: Pseudo dice [np.float32(0.9146), np.float32(0.7552), np.float32(0.0)]
2025-11-15 22:08:05.889107: Epoch time: 251.51 s
2025-11-15 22:08:06.957463: 
2025-11-15 22:08:06.957649: Epoch 635
2025-11-15 22:08:06.957742: Current learning rate: 0.00404
2025-11-15 22:12:18.381629: train_loss -0.6879
2025-11-15 22:12:18.381858: val_loss -0.658
2025-11-15 22:12:18.381958: Pseudo dice [np.float32(0.9145), np.float32(0.7506), np.float32(0.0)]
2025-11-15 22:12:18.382056: Epoch time: 251.43 s
2025-11-15 22:12:19.909821: 
2025-11-15 22:12:19.909997: Epoch 636
2025-11-15 22:12:19.910107: Current learning rate: 0.00403
2025-11-15 22:16:31.414279: train_loss -0.7026
2025-11-15 22:16:31.414528: val_loss -0.6641
2025-11-15 22:16:31.414637: Pseudo dice [np.float32(0.9148), np.float32(0.7526), np.float32(0.0)]
2025-11-15 22:16:31.414739: Epoch time: 251.51 s
2025-11-15 22:16:32.479261: 
2025-11-15 22:16:32.479421: Epoch 637
2025-11-15 22:16:32.479508: Current learning rate: 0.00402
2025-11-15 22:20:43.990353: train_loss -0.6684
2025-11-15 22:20:43.990586: val_loss -0.674
2025-11-15 22:20:43.990694: Pseudo dice [np.float32(0.9161), np.float32(0.7511), np.float32(0.0)]
2025-11-15 22:20:43.990792: Epoch time: 251.51 s
2025-11-15 22:20:45.057983: 
2025-11-15 22:20:45.058211: Epoch 638
2025-11-15 22:20:45.058308: Current learning rate: 0.00401
2025-11-15 22:24:56.871193: train_loss -0.6914
2025-11-15 22:24:56.871425: val_loss -0.6479
2025-11-15 22:24:56.871528: Pseudo dice [np.float32(0.9127), np.float32(0.7597), np.float32(0.0)]
2025-11-15 22:24:56.871635: Epoch time: 251.81 s
2025-11-15 22:24:57.938133: 
2025-11-15 22:24:57.938486: Epoch 639
2025-11-15 22:24:57.938749: Current learning rate: 0.004
2025-11-15 22:29:09.851590: train_loss -0.7038
2025-11-15 22:29:09.851828: val_loss -0.6638
2025-11-15 22:29:09.851926: Pseudo dice [np.float32(0.9046), np.float32(0.7439), np.float32(0.0)]
2025-11-15 22:29:09.852022: Epoch time: 251.91 s
2025-11-15 22:29:10.920584: 
2025-11-15 22:29:10.920746: Epoch 640
2025-11-15 22:29:10.920837: Current learning rate: 0.00399
2025-11-15 22:33:22.740752: train_loss -0.7023
2025-11-15 22:33:22.741011: val_loss -0.7229
2025-11-15 22:33:22.741112: Pseudo dice [np.float32(0.9192), np.float32(0.745), np.float32(0.0)]
2025-11-15 22:33:22.741210: Epoch time: 251.82 s
2025-11-15 22:33:23.804977: 
2025-11-15 22:33:23.805231: Epoch 641
2025-11-15 22:33:23.805329: Current learning rate: 0.00398
2025-11-15 22:37:35.172135: train_loss -0.7066
2025-11-15 22:37:35.172369: val_loss -0.7098
2025-11-15 22:37:35.172467: Pseudo dice [np.float32(0.9165), np.float32(0.7608), np.float32(0.0)]
2025-11-15 22:37:35.172565: Epoch time: 251.37 s
2025-11-15 22:37:36.248879: 
2025-11-15 22:37:36.249111: Epoch 642
2025-11-15 22:37:36.249265: Current learning rate: 0.00397
2025-11-15 22:41:47.681397: train_loss -0.7131
2025-11-15 22:41:47.681623: val_loss -0.6572
2025-11-15 22:41:47.681723: Pseudo dice [np.float32(0.9054), np.float32(0.7533), np.float32(0.0)]
2025-11-15 22:41:47.681822: Epoch time: 251.43 s
2025-11-15 22:41:48.752587: 
2025-11-15 22:41:48.752756: Epoch 643
2025-11-15 22:41:48.752848: Current learning rate: 0.00396
2025-11-15 22:46:00.201314: train_loss -0.6921
2025-11-15 22:46:00.201568: val_loss -0.676
2025-11-15 22:46:00.201714: Pseudo dice [np.float32(0.9151), np.float32(0.7606), np.float32(0.0)]
2025-11-15 22:46:00.201817: Epoch time: 251.45 s
2025-11-15 22:46:01.265245: 
2025-11-15 22:46:01.265399: Epoch 644
2025-11-15 22:46:01.265511: Current learning rate: 0.00395
2025-11-15 22:50:13.095063: train_loss -0.6942
2025-11-15 22:50:13.095286: val_loss -0.6847
2025-11-15 22:50:13.095386: Pseudo dice [np.float32(0.9191), np.float32(0.7525), np.float32(0.0)]
2025-11-15 22:50:13.095482: Epoch time: 251.83 s
2025-11-15 22:50:14.166777: 
2025-11-15 22:50:14.167007: Epoch 645
2025-11-15 22:50:14.167165: Current learning rate: 0.00394
2025-11-15 22:54:25.903186: train_loss -0.6955
2025-11-15 22:54:25.903410: val_loss -0.6948
2025-11-15 22:54:25.903511: Pseudo dice [np.float32(0.915), np.float32(0.7588), np.float32(0.0)]
2025-11-15 22:54:25.903607: Epoch time: 251.74 s
2025-11-15 22:54:26.969064: 
2025-11-15 22:54:26.969220: Epoch 646
2025-11-15 22:54:26.969323: Current learning rate: 0.00393
2025-11-15 22:58:38.487277: train_loss -0.6937
2025-11-15 22:58:38.487498: val_loss -0.7126
2025-11-15 22:58:38.487638: Pseudo dice [np.float32(0.9287), np.float32(0.7505), np.float32(0.0)]
2025-11-15 22:58:38.487780: Epoch time: 251.52 s
2025-11-15 22:58:39.549711: 
2025-11-15 22:58:39.549859: Epoch 647
2025-11-15 22:58:39.549950: Current learning rate: 0.00392
2025-11-15 23:02:51.202650: train_loss -0.6865
2025-11-15 23:02:51.202874: val_loss -0.6539
2025-11-15 23:02:51.202973: Pseudo dice [np.float32(0.9193), np.float32(0.7676), np.float32(0.0)]
2025-11-15 23:02:51.203110: Epoch time: 251.65 s
2025-11-15 23:02:52.265305: 
2025-11-15 23:02:52.265457: Epoch 648
2025-11-15 23:02:52.265572: Current learning rate: 0.00391
2025-11-15 23:07:03.618706: train_loss -0.6999
2025-11-15 23:07:03.618924: val_loss -0.6944
2025-11-15 23:07:03.619024: Pseudo dice [np.float32(0.9132), np.float32(0.755), np.float32(0.0)]
2025-11-15 23:07:03.619120: Epoch time: 251.35 s
2025-11-15 23:07:04.690770: 
2025-11-15 23:07:04.690931: Epoch 649
2025-11-15 23:07:04.691041: Current learning rate: 0.0039
2025-11-15 23:11:16.348278: train_loss -0.6961
2025-11-15 23:11:16.348562: val_loss -0.6895
2025-11-15 23:11:16.348684: Pseudo dice [np.float32(0.9105), np.float32(0.7623), np.float32(0.0)]
2025-11-15 23:11:16.348786: Epoch time: 251.66 s
2025-11-15 23:11:17.753917: 
2025-11-15 23:11:17.754065: Epoch 650
2025-11-15 23:11:17.754208: Current learning rate: 0.00389
2025-11-15 23:15:29.368740: train_loss -0.7003
2025-11-15 23:15:29.368963: val_loss -0.6869
2025-11-15 23:15:29.369065: Pseudo dice [np.float32(0.9173), np.float32(0.7537), np.float32(0.0)]
2025-11-15 23:15:29.369163: Epoch time: 251.62 s
2025-11-15 23:15:30.433866: 
2025-11-15 23:15:30.434064: Epoch 651
2025-11-15 23:15:30.434156: Current learning rate: 0.00388
2025-11-15 23:19:41.635541: train_loss -0.7161
2025-11-15 23:19:41.635825: val_loss -0.6924
2025-11-15 23:19:41.635930: Pseudo dice [np.float32(0.9229), np.float32(0.7457), np.float32(0.0)]
2025-11-15 23:19:41.636028: Epoch time: 251.2 s
2025-11-15 23:19:43.160454: 
2025-11-15 23:19:43.160692: Epoch 652
2025-11-15 23:19:43.160817: Current learning rate: 0.00387
2025-11-15 23:23:54.562128: train_loss -0.6793
2025-11-15 23:23:54.562356: val_loss -0.6725
2025-11-15 23:23:54.562457: Pseudo dice [np.float32(0.9204), np.float32(0.7497), np.float32(0.0)]
2025-11-15 23:23:54.562553: Epoch time: 251.4 s
2025-11-15 23:23:55.626301: 
2025-11-15 23:23:55.626481: Epoch 653
2025-11-15 23:23:55.626595: Current learning rate: 0.00386
2025-11-15 23:28:07.340100: train_loss -0.688
2025-11-15 23:28:07.340339: val_loss -0.7117
2025-11-15 23:28:07.340439: Pseudo dice [np.float32(0.9148), np.float32(0.7623), np.float32(0.0)]
2025-11-15 23:28:07.340537: Epoch time: 251.71 s
2025-11-15 23:28:08.405908: 
2025-11-15 23:28:08.406190: Epoch 654
2025-11-15 23:28:08.406297: Current learning rate: 0.00385
2025-11-15 23:32:20.070946: train_loss -0.6871
2025-11-15 23:32:20.071178: val_loss -0.6699
2025-11-15 23:32:20.071279: Pseudo dice [np.float32(0.917), np.float32(0.7648), np.float32(0.0)]
2025-11-15 23:32:20.071377: Epoch time: 251.67 s
2025-11-15 23:32:21.139749: 
2025-11-15 23:32:21.139966: Epoch 655
2025-11-15 23:32:21.140077: Current learning rate: 0.00384
2025-11-15 23:36:32.673676: train_loss -0.6954
2025-11-15 23:36:32.673907: val_loss -0.666
2025-11-15 23:36:32.674006: Pseudo dice [np.float32(0.9167), np.float32(0.7544), np.float32(0.0)]
2025-11-15 23:36:32.674102: Epoch time: 251.53 s
2025-11-15 23:36:33.736861: 
2025-11-15 23:36:33.737121: Epoch 656
2025-11-15 23:36:33.737219: Current learning rate: 0.00383
2025-11-15 23:40:44.955132: train_loss -0.7007
2025-11-15 23:40:44.955367: val_loss -0.6822
2025-11-15 23:40:44.955459: Pseudo dice [np.float32(0.923), np.float32(0.7566), np.float32(0.0)]
2025-11-15 23:40:44.955550: Epoch time: 251.22 s
2025-11-15 23:40:46.022878: 
2025-11-15 23:40:46.023038: Epoch 657
2025-11-15 23:40:46.023129: Current learning rate: 0.00382
2025-11-15 23:44:57.329775: train_loss -0.7049
2025-11-15 23:44:57.329996: val_loss -0.701
2025-11-15 23:44:57.330096: Pseudo dice [np.float32(0.9185), np.float32(0.7703), np.float32(0.0)]
2025-11-15 23:44:57.330194: Epoch time: 251.31 s
2025-11-15 23:44:58.392108: 
2025-11-15 23:44:58.392366: Epoch 658
2025-11-15 23:44:58.392473: Current learning rate: 0.00381
2025-11-15 23:49:09.837133: train_loss -0.7094
2025-11-15 23:49:09.837363: val_loss -0.7172
2025-11-15 23:49:09.837465: Pseudo dice [np.float32(0.917), np.float32(0.7544), np.float32(0.0)]
2025-11-15 23:49:09.837561: Epoch time: 251.45 s
2025-11-15 23:49:10.910857: 
2025-11-15 23:49:10.911088: Epoch 659
2025-11-15 23:49:10.911201: Current learning rate: 0.0038
2025-11-15 23:53:22.525905: train_loss -0.6945
2025-11-15 23:53:22.526203: val_loss -0.6882
2025-11-15 23:53:22.526305: Pseudo dice [np.float32(0.9246), np.float32(0.7723), np.float32(0.0)]
2025-11-15 23:53:22.526405: Epoch time: 251.62 s
2025-11-15 23:53:23.593894: 
2025-11-15 23:53:23.594062: Epoch 660
2025-11-15 23:53:23.594171: Current learning rate: 0.00379
2025-11-15 23:57:34.848475: train_loss -0.6824
2025-11-15 23:57:34.848861: val_loss -0.7003
2025-11-15 23:57:34.849031: Pseudo dice [np.float32(0.9265), np.float32(0.7561), np.float32(0.0)]
2025-11-15 23:57:34.849162: Epoch time: 251.26 s
2025-11-15 23:57:35.919130: 
2025-11-15 23:57:35.919296: Epoch 661
2025-11-15 23:57:35.919407: Current learning rate: 0.00378
2025-11-16 00:01:47.469193: train_loss -0.6948
2025-11-16 00:01:47.469421: val_loss -0.6883
2025-11-16 00:01:47.469519: Pseudo dice [np.float32(0.9048), np.float32(0.7634), np.float32(0.0)]
2025-11-16 00:01:47.469652: Epoch time: 251.55 s
2025-11-16 00:01:48.535145: 
2025-11-16 00:01:48.535388: Epoch 662
2025-11-16 00:01:48.535526: Current learning rate: 0.00377
2025-11-16 00:05:59.794572: train_loss -0.6882
2025-11-16 00:05:59.794802: val_loss -0.689
2025-11-16 00:05:59.794904: Pseudo dice [np.float32(0.9131), np.float32(0.7566), np.float32(0.0)]
2025-11-16 00:05:59.795003: Epoch time: 251.26 s
2025-11-16 00:06:00.859011: 
2025-11-16 00:06:00.859161: Epoch 663
2025-11-16 00:06:00.859254: Current learning rate: 0.00376
2025-11-16 00:10:12.222411: train_loss -0.6873
2025-11-16 00:10:12.222657: val_loss -0.671
2025-11-16 00:10:12.222759: Pseudo dice [np.float32(0.9164), np.float32(0.7599), np.float32(0.0)]
2025-11-16 00:10:12.222856: Epoch time: 251.36 s
2025-11-16 00:10:13.287536: 
2025-11-16 00:10:13.287703: Epoch 664
2025-11-16 00:10:13.287794: Current learning rate: 0.00375
2025-11-16 00:14:24.728072: train_loss -0.6953
2025-11-16 00:14:24.728365: val_loss -0.6936
2025-11-16 00:14:24.728472: Pseudo dice [np.float32(0.9188), np.float32(0.7555), np.float32(0.0)]
2025-11-16 00:14:24.728575: Epoch time: 251.44 s
2025-11-16 00:14:25.799369: 
2025-11-16 00:14:25.799569: Epoch 665
2025-11-16 00:14:25.799701: Current learning rate: 0.00374
2025-11-16 00:18:37.262427: train_loss -0.6851
2025-11-16 00:18:37.262726: val_loss -0.6804
2025-11-16 00:18:37.262833: Pseudo dice [np.float32(0.9171), np.float32(0.7686), np.float32(0.0)]
2025-11-16 00:18:37.262930: Epoch time: 251.46 s
2025-11-16 00:18:38.329328: 
2025-11-16 00:18:38.329587: Epoch 666
2025-11-16 00:18:38.329705: Current learning rate: 0.00373
2025-11-16 00:22:49.736684: train_loss -0.6852
2025-11-16 00:22:49.736985: val_loss -0.6547
2025-11-16 00:22:49.737095: Pseudo dice [np.float32(0.9208), np.float32(0.7482), np.float32(0.0)]
2025-11-16 00:22:49.737196: Epoch time: 251.41 s
2025-11-16 00:22:50.800933: 
2025-11-16 00:22:50.801127: Epoch 667
2025-11-16 00:22:50.801220: Current learning rate: 0.00372
2025-11-16 00:27:02.756451: train_loss -0.6924
2025-11-16 00:27:02.756686: val_loss -0.6561
2025-11-16 00:27:02.756789: Pseudo dice [np.float32(0.9158), np.float32(0.7561), np.float32(0.0)]
2025-11-16 00:27:02.756886: Epoch time: 251.96 s
2025-11-16 00:27:03.829748: 
2025-11-16 00:27:03.829984: Epoch 668
2025-11-16 00:27:03.830104: Current learning rate: 0.00371
2025-11-16 00:31:15.680802: train_loss -0.6965
2025-11-16 00:31:15.681050: val_loss -0.7009
2025-11-16 00:31:15.681151: Pseudo dice [np.float32(0.9189), np.float32(0.7501), np.float32(0.0)]
2025-11-16 00:31:15.681250: Epoch time: 251.85 s
2025-11-16 00:31:17.239116: 
2025-11-16 00:31:17.239377: Epoch 669
2025-11-16 00:31:17.239501: Current learning rate: 0.0037
2025-11-16 00:35:28.458427: train_loss -0.6938
2025-11-16 00:35:28.458665: val_loss -0.6846
2025-11-16 00:35:28.458767: Pseudo dice [np.float32(0.9126), np.float32(0.7595), np.float32(0.0)]
2025-11-16 00:35:28.458864: Epoch time: 251.22 s
2025-11-16 00:35:29.533361: 
2025-11-16 00:35:29.533578: Epoch 670
2025-11-16 00:35:29.533724: Current learning rate: 0.00369
2025-11-16 00:39:41.103230: train_loss -0.6871
2025-11-16 00:39:41.103478: val_loss -0.6827
2025-11-16 00:39:41.103584: Pseudo dice [np.float32(0.9179), np.float32(0.7514), np.float32(0.0)]
2025-11-16 00:39:41.103693: Epoch time: 251.57 s
2025-11-16 00:39:42.176006: 
2025-11-16 00:39:42.176237: Epoch 671
2025-11-16 00:39:42.176365: Current learning rate: 0.00368
2025-11-16 00:43:53.650444: train_loss -0.6964
2025-11-16 00:43:53.650673: val_loss -0.6105
2025-11-16 00:43:53.650776: Pseudo dice [np.float32(0.9086), np.float32(0.7497), np.float32(0.0)]
2025-11-16 00:43:53.650875: Epoch time: 251.48 s
2025-11-16 00:43:54.728316: 
2025-11-16 00:43:54.728534: Epoch 672
2025-11-16 00:43:54.728640: Current learning rate: 0.00367
2025-11-16 00:48:06.291163: train_loss -0.705
2025-11-16 00:48:06.291389: val_loss -0.6817
2025-11-16 00:48:06.291490: Pseudo dice [np.float32(0.9149), np.float32(0.7521), np.float32(0.0)]
2025-11-16 00:48:06.291590: Epoch time: 251.56 s
2025-11-16 00:48:07.368533: 
2025-11-16 00:48:07.368776: Epoch 673
2025-11-16 00:48:07.368950: Current learning rate: 0.00366
2025-11-16 00:52:19.312181: train_loss -0.696
2025-11-16 00:52:19.312413: val_loss -0.6592
2025-11-16 00:52:19.312515: Pseudo dice [np.float32(0.9084), np.float32(0.7622), np.float32(0.0)]
2025-11-16 00:52:19.312621: Epoch time: 251.94 s
2025-11-16 00:52:20.387029: 
2025-11-16 00:52:20.387297: Epoch 674
2025-11-16 00:52:20.387408: Current learning rate: 0.00365
2025-11-16 00:56:31.829286: train_loss -0.6932
2025-11-16 00:56:31.829505: val_loss -0.6493
2025-11-16 00:56:31.829606: Pseudo dice [np.float32(0.9257), np.float32(0.7623), np.float32(0.0)]
2025-11-16 00:56:31.829713: Epoch time: 251.44 s
2025-11-16 00:56:32.911278: 
2025-11-16 00:56:32.911489: Epoch 675
2025-11-16 00:56:32.911599: Current learning rate: 0.00364
2025-11-16 01:00:44.629099: train_loss -0.6884
2025-11-16 01:00:44.629333: val_loss -0.682
2025-11-16 01:00:44.629435: Pseudo dice [np.float32(0.92), np.float32(0.757), np.float32(0.0)]
2025-11-16 01:00:44.629532: Epoch time: 251.72 s
2025-11-16 01:00:45.702441: 
2025-11-16 01:00:45.702670: Epoch 676
2025-11-16 01:00:45.702807: Current learning rate: 0.00363
2025-11-16 01:04:57.564617: train_loss -0.6896
2025-11-16 01:04:57.564835: val_loss -0.6389
2025-11-16 01:04:57.564933: Pseudo dice [np.float32(0.9114), np.float32(0.7499), np.float32(0.0)]
2025-11-16 01:04:57.565029: Epoch time: 251.86 s
2025-11-16 01:04:58.639970: 
2025-11-16 01:04:58.640148: Epoch 677
2025-11-16 01:04:58.640239: Current learning rate: 0.00362
2025-11-16 01:09:10.283476: train_loss -0.6871
2025-11-16 01:09:10.283711: val_loss -0.6703
2025-11-16 01:09:10.283816: Pseudo dice [np.float32(0.9154), np.float32(0.7582), np.float32(0.0)]
2025-11-16 01:09:10.283914: Epoch time: 251.64 s
2025-11-16 01:09:11.359608: 
2025-11-16 01:09:11.359766: Epoch 678
2025-11-16 01:09:11.364873: Current learning rate: 0.00361
2025-11-16 01:13:22.842507: train_loss -0.7067
2025-11-16 01:13:22.842748: val_loss -0.679
2025-11-16 01:13:22.842849: Pseudo dice [np.float32(0.9183), np.float32(0.7543), np.float32(0.0)]
2025-11-16 01:13:22.842947: Epoch time: 251.48 s
2025-11-16 01:13:23.918352: 
2025-11-16 01:13:23.918501: Epoch 679
2025-11-16 01:13:23.918595: Current learning rate: 0.0036
2025-11-16 01:17:35.470984: train_loss -0.6979
2025-11-16 01:17:35.471230: val_loss -0.6995
2025-11-16 01:17:35.471342: Pseudo dice [np.float32(0.9158), np.float32(0.7648), np.float32(0.0)]
2025-11-16 01:17:35.471442: Epoch time: 251.55 s
2025-11-16 01:17:36.549021: 
2025-11-16 01:17:36.549231: Epoch 680
2025-11-16 01:17:36.549344: Current learning rate: 0.00359
2025-11-16 01:21:48.442344: train_loss -0.7089
2025-11-16 01:21:48.442575: val_loss -0.6542
2025-11-16 01:21:48.442684: Pseudo dice [np.float32(0.916), np.float32(0.7545), np.float32(0.0)]
2025-11-16 01:21:48.442784: Epoch time: 251.89 s
2025-11-16 01:21:49.522182: 
2025-11-16 01:21:49.522325: Epoch 681
2025-11-16 01:21:49.522484: Current learning rate: 0.00358
2025-11-16 01:26:01.052591: train_loss -0.712
2025-11-16 01:26:01.052821: val_loss -0.684
2025-11-16 01:26:01.052922: Pseudo dice [np.float32(0.9178), np.float32(0.7493), np.float32(0.0)]
2025-11-16 01:26:01.053046: Epoch time: 251.53 s
2025-11-16 01:26:02.137905: 
2025-11-16 01:26:02.138057: Epoch 682
2025-11-16 01:26:02.138162: Current learning rate: 0.00357
2025-11-16 01:30:13.581684: train_loss -0.6929
2025-11-16 01:30:13.581912: val_loss -0.6497
2025-11-16 01:30:13.582011: Pseudo dice [np.float32(0.9266), np.float32(0.7709), np.float32(0.0)]
2025-11-16 01:30:13.582109: Epoch time: 251.44 s
2025-11-16 01:30:14.656911: 
2025-11-16 01:30:14.657058: Epoch 683
2025-11-16 01:30:14.657157: Current learning rate: 0.00356
2025-11-16 01:34:26.184034: train_loss -0.708
2025-11-16 01:34:26.184260: val_loss -0.6703
2025-11-16 01:34:26.184362: Pseudo dice [np.float32(0.9218), np.float32(0.7557), np.float32(0.0)]
2025-11-16 01:34:26.184505: Epoch time: 251.53 s
2025-11-16 01:34:27.257907: 
2025-11-16 01:34:27.258060: Epoch 684
2025-11-16 01:34:27.258169: Current learning rate: 0.00355
2025-11-16 01:38:38.590824: train_loss -0.7069
2025-11-16 01:38:38.591181: val_loss -0.6685
2025-11-16 01:38:38.591285: Pseudo dice [np.float32(0.903), np.float32(0.7467), np.float32(0.0)]
2025-11-16 01:38:38.591381: Epoch time: 251.33 s
2025-11-16 01:38:40.141858: 
2025-11-16 01:38:40.142010: Epoch 685
2025-11-16 01:38:40.142098: Current learning rate: 0.00354
2025-11-16 01:42:51.613423: train_loss -0.6892
2025-11-16 01:42:51.613662: val_loss -0.681
2025-11-16 01:42:51.613765: Pseudo dice [np.float32(0.9226), np.float32(0.7611), np.float32(0.0)]
2025-11-16 01:42:51.613863: Epoch time: 251.47 s
2025-11-16 01:42:52.687254: 
2025-11-16 01:42:52.687450: Epoch 686
2025-11-16 01:42:52.687562: Current learning rate: 0.00353
2025-11-16 01:47:04.186563: train_loss -0.6829
2025-11-16 01:47:04.186793: val_loss -0.7093
2025-11-16 01:47:04.186894: Pseudo dice [np.float32(0.9246), np.float32(0.7505), np.float32(0.0)]
2025-11-16 01:47:04.186992: Epoch time: 251.5 s
2025-11-16 01:47:05.260077: 
2025-11-16 01:47:05.260250: Epoch 687
2025-11-16 01:47:05.260386: Current learning rate: 0.00352
2025-11-16 01:51:16.779371: train_loss -0.7112
2025-11-16 01:51:16.779590: val_loss -0.696
2025-11-16 01:51:16.779704: Pseudo dice [np.float32(0.9153), np.float32(0.7595), np.float32(0.0)]
2025-11-16 01:51:16.779801: Epoch time: 251.52 s
2025-11-16 01:51:17.853987: 
2025-11-16 01:51:17.854250: Epoch 688
2025-11-16 01:51:17.854390: Current learning rate: 0.00351
2025-11-16 01:55:29.158355: train_loss -0.7014
2025-11-16 01:55:29.158580: val_loss -0.6986
2025-11-16 01:55:29.158690: Pseudo dice [np.float32(0.9208), np.float32(0.7628), np.float32(0.0)]
2025-11-16 01:55:29.158790: Epoch time: 251.31 s
2025-11-16 01:55:30.231032: 
2025-11-16 01:55:30.231195: Epoch 689
2025-11-16 01:55:30.231290: Current learning rate: 0.0035
2025-11-16 01:59:41.700515: train_loss -0.7103
2025-11-16 01:59:41.700747: val_loss -0.6687
2025-11-16 01:59:41.700850: Pseudo dice [np.float32(0.9191), np.float32(0.7623), np.float32(0.0)]
2025-11-16 01:59:41.700948: Epoch time: 251.47 s
2025-11-16 01:59:42.782201: 
2025-11-16 01:59:42.782367: Epoch 690
2025-11-16 01:59:42.782479: Current learning rate: 0.00349
2025-11-16 02:03:54.313909: train_loss -0.6979
2025-11-16 02:03:54.314126: val_loss -0.717
2025-11-16 02:03:54.314227: Pseudo dice [np.float32(0.9241), np.float32(0.7584), np.float32(0.0)]
2025-11-16 02:03:54.314326: Epoch time: 251.53 s
2025-11-16 02:03:55.442730: 
2025-11-16 02:03:55.442880: Epoch 691
2025-11-16 02:03:55.443022: Current learning rate: 0.00348
2025-11-16 02:08:07.062374: train_loss -0.7111
2025-11-16 02:08:07.062602: val_loss -0.6768
2025-11-16 02:08:07.062714: Pseudo dice [np.float32(0.9166), np.float32(0.7636), np.float32(0.0)]
2025-11-16 02:08:07.062812: Epoch time: 251.62 s
2025-11-16 02:08:08.139089: 
2025-11-16 02:08:08.139292: Epoch 692
2025-11-16 02:08:08.139403: Current learning rate: 0.00346
2025-11-16 02:12:19.712721: train_loss -0.7006
2025-11-16 02:12:19.712955: val_loss -0.6552
2025-11-16 02:12:19.713055: Pseudo dice [np.float32(0.9154), np.float32(0.7597), np.float32(0.0)]
2025-11-16 02:12:19.713151: Epoch time: 251.57 s
2025-11-16 02:12:20.785220: 
2025-11-16 02:12:20.785388: Epoch 693
2025-11-16 02:12:20.785489: Current learning rate: 0.00345
2025-11-16 02:16:32.478500: train_loss -0.6921
2025-11-16 02:16:32.478733: val_loss -0.6998
2025-11-16 02:16:32.478834: Pseudo dice [np.float32(0.9331), np.float32(0.7564), np.float32(0.0)]
2025-11-16 02:16:32.478930: Epoch time: 251.69 s
2025-11-16 02:16:33.552579: 
2025-11-16 02:16:33.552822: Epoch 694
2025-11-16 02:16:33.552966: Current learning rate: 0.00344
2025-11-16 02:20:45.203291: train_loss -0.7019
2025-11-16 02:20:45.203568: val_loss -0.6871
2025-11-16 02:20:45.203723: Pseudo dice [np.float32(0.9168), np.float32(0.7378), np.float32(0.0)]
2025-11-16 02:20:45.203828: Epoch time: 251.65 s
2025-11-16 02:20:46.287319: 
2025-11-16 02:20:46.287616: Epoch 695
2025-11-16 02:20:46.287731: Current learning rate: 0.00343
2025-11-16 02:24:57.769449: train_loss -0.7079
2025-11-16 02:24:57.769684: val_loss -0.6994
2025-11-16 02:24:57.769786: Pseudo dice [np.float32(0.9209), np.float32(0.7532), np.float32(0.0)]
2025-11-16 02:24:57.769885: Epoch time: 251.48 s
2025-11-16 02:24:58.850175: 
2025-11-16 02:24:58.850310: Epoch 696
2025-11-16 02:24:58.850396: Current learning rate: 0.00342
2025-11-16 02:29:10.573272: train_loss -0.7019
2025-11-16 02:29:10.573488: val_loss -0.6647
2025-11-16 02:29:10.573587: Pseudo dice [np.float32(0.9225), np.float32(0.7607), np.float32(0.0)]
2025-11-16 02:29:10.573693: Epoch time: 251.72 s
2025-11-16 02:29:11.650945: 
2025-11-16 02:29:11.651163: Epoch 697
2025-11-16 02:29:11.651284: Current learning rate: 0.00341
2025-11-16 02:33:23.303105: train_loss -0.7057
2025-11-16 02:33:23.303338: val_loss -0.6869
2025-11-16 02:33:23.303440: Pseudo dice [np.float32(0.9203), np.float32(0.7515), np.float32(0.0)]
2025-11-16 02:33:23.303536: Epoch time: 251.65 s
2025-11-16 02:33:24.376846: 
2025-11-16 02:33:24.376993: Epoch 698
2025-11-16 02:33:24.377089: Current learning rate: 0.0034
2025-11-16 02:37:36.032771: train_loss -0.6998
2025-11-16 02:37:36.033003: val_loss -0.6869
2025-11-16 02:37:36.033112: Pseudo dice [np.float32(0.9217), np.float32(0.7546), np.float32(0.0)]
2025-11-16 02:37:36.033212: Epoch time: 251.66 s
2025-11-16 02:37:37.113116: 
2025-11-16 02:37:37.113294: Epoch 699
2025-11-16 02:37:37.113415: Current learning rate: 0.00339
2025-11-16 02:41:48.604696: train_loss -0.7179
2025-11-16 02:41:48.604921: val_loss -0.6533
2025-11-16 02:41:48.605047: Pseudo dice [np.float32(0.9173), np.float32(0.7665), np.float32(0.0)]
2025-11-16 02:41:48.605191: Epoch time: 251.49 s
2025-11-16 02:41:50.063281: 
2025-11-16 02:41:50.063432: Epoch 700
2025-11-16 02:41:50.063551: Current learning rate: 0.00338
2025-11-16 02:46:01.571772: train_loss -0.687
2025-11-16 02:46:01.571993: val_loss -0.715
2025-11-16 02:46:01.572094: Pseudo dice [np.float32(0.9182), np.float32(0.7628), np.float32(0.0)]
2025-11-16 02:46:01.572190: Epoch time: 251.51 s
2025-11-16 02:46:03.117388: 
2025-11-16 02:46:03.117607: Epoch 701
2025-11-16 02:46:03.117726: Current learning rate: 0.00337
2025-11-16 02:50:14.617197: train_loss -0.692
2025-11-16 02:50:14.617420: val_loss -0.6729
2025-11-16 02:50:14.617521: Pseudo dice [np.float32(0.92), np.float32(0.7529), np.float32(0.0)]
2025-11-16 02:50:14.617625: Epoch time: 251.5 s
2025-11-16 02:50:15.694813: 
2025-11-16 02:50:15.695028: Epoch 702
2025-11-16 02:50:15.695160: Current learning rate: 0.00336
2025-11-16 02:54:27.486622: train_loss -0.7032
2025-11-16 02:54:27.486914: val_loss -0.7025
2025-11-16 02:54:27.487024: Pseudo dice [np.float32(0.912), np.float32(0.7576), np.float32(0.0)]
2025-11-16 02:54:27.487125: Epoch time: 251.79 s
2025-11-16 02:54:28.562931: 
2025-11-16 02:54:28.563126: Epoch 703
2025-11-16 02:54:28.563254: Current learning rate: 0.00335
2025-11-16 02:58:40.149186: train_loss -0.6958
2025-11-16 02:58:40.149417: val_loss -0.6669
2025-11-16 02:58:40.149517: Pseudo dice [np.float32(0.9177), np.float32(0.7561), np.float32(0.0)]
2025-11-16 02:58:40.149625: Epoch time: 251.59 s
2025-11-16 02:58:41.226103: 
2025-11-16 02:58:41.226346: Epoch 704
2025-11-16 02:58:41.226490: Current learning rate: 0.00334
2025-11-16 03:02:52.597140: train_loss -0.6946
2025-11-16 03:02:52.597367: val_loss -0.7098
2025-11-16 03:02:52.597467: Pseudo dice [np.float32(0.9253), np.float32(0.7555), np.float32(0.0)]
2025-11-16 03:02:52.597565: Epoch time: 251.37 s
2025-11-16 03:02:53.685120: 
2025-11-16 03:02:53.685274: Epoch 705
2025-11-16 03:02:53.685364: Current learning rate: 0.00333
2025-11-16 03:07:05.082555: train_loss -0.6926
2025-11-16 03:07:05.082801: val_loss -0.6721
2025-11-16 03:07:05.082901: Pseudo dice [np.float32(0.916), np.float32(0.7551), np.float32(0.0)]
2025-11-16 03:07:05.082999: Epoch time: 251.4 s
2025-11-16 03:07:06.161075: 
2025-11-16 03:07:06.161238: Epoch 706
2025-11-16 03:07:06.161345: Current learning rate: 0.00332
2025-11-16 03:11:17.843853: train_loss -0.6906
2025-11-16 03:11:17.844141: val_loss -0.6935
2025-11-16 03:11:17.844245: Pseudo dice [np.float32(0.9127), np.float32(0.7542), np.float32(0.0)]
2025-11-16 03:11:17.844346: Epoch time: 251.68 s
2025-11-16 03:11:18.926250: 
2025-11-16 03:11:18.926487: Epoch 707
2025-11-16 03:11:18.926638: Current learning rate: 0.00331
2025-11-16 03:15:30.432772: train_loss -0.6936
2025-11-16 03:15:30.433000: val_loss -0.7005
2025-11-16 03:15:30.433103: Pseudo dice [np.float32(0.9291), np.float32(0.7572), np.float32(0.0)]
2025-11-16 03:15:30.433202: Epoch time: 251.51 s
2025-11-16 03:15:31.522235: 
2025-11-16 03:15:31.522456: Epoch 708
2025-11-16 03:15:31.522579: Current learning rate: 0.0033
2025-11-16 03:19:43.136456: train_loss -0.7011
2025-11-16 03:19:43.136698: val_loss -0.7066
2025-11-16 03:19:43.136800: Pseudo dice [np.float32(0.9208), np.float32(0.7562), np.float32(0.0)]
2025-11-16 03:19:43.136898: Epoch time: 251.62 s
2025-11-16 03:19:44.218138: 
2025-11-16 03:19:44.218393: Epoch 709
2025-11-16 03:19:44.218509: Current learning rate: 0.00329
2025-11-16 03:23:56.013382: train_loss -0.6824
2025-11-16 03:23:56.013599: val_loss -0.7006
2025-11-16 03:23:56.013710: Pseudo dice [np.float32(0.927), np.float32(0.7671), np.float32(0.0)]
2025-11-16 03:23:56.013809: Epoch time: 251.8 s
2025-11-16 03:23:57.100477: 
2025-11-16 03:23:57.100650: Epoch 710
2025-11-16 03:23:57.100747: Current learning rate: 0.00328
2025-11-16 03:28:08.703476: train_loss -0.6954
2025-11-16 03:28:08.703739: val_loss -0.6506
2025-11-16 03:28:08.703846: Pseudo dice [np.float32(0.9111), np.float32(0.7508), np.float32(0.0)]
2025-11-16 03:28:08.703945: Epoch time: 251.6 s
2025-11-16 03:28:09.783503: 
2025-11-16 03:28:09.783657: Epoch 711
2025-11-16 03:28:09.783756: Current learning rate: 0.00327
2025-11-16 03:32:21.796580: train_loss -0.7023
2025-11-16 03:32:21.796860: val_loss -0.6899
2025-11-16 03:32:21.796965: Pseudo dice [np.float32(0.9124), np.float32(0.7459), np.float32(0.0)]
2025-11-16 03:32:21.797068: Epoch time: 252.01 s
2025-11-16 03:32:22.887159: 
2025-11-16 03:32:22.887311: Epoch 712
2025-11-16 03:32:22.887419: Current learning rate: 0.00326
2025-11-16 03:36:34.434963: train_loss -0.7051
2025-11-16 03:36:34.435195: val_loss -0.6677
2025-11-16 03:36:34.435323: Pseudo dice [np.float32(0.9134), np.float32(0.7534), np.float32(0.0)]
2025-11-16 03:36:34.435426: Epoch time: 251.55 s
2025-11-16 03:36:35.514533: 
2025-11-16 03:36:35.514691: Epoch 713
2025-11-16 03:36:35.514792: Current learning rate: 0.00325
2025-11-16 03:40:47.088712: train_loss -0.6914
2025-11-16 03:40:47.088937: val_loss -0.7154
2025-11-16 03:40:47.089035: Pseudo dice [np.float32(0.9258), np.float32(0.7642), np.float32(0.0)]
2025-11-16 03:40:47.089132: Epoch time: 251.58 s
2025-11-16 03:40:48.179747: 
2025-11-16 03:40:48.179899: Epoch 714
2025-11-16 03:40:48.180007: Current learning rate: 0.00324
2025-11-16 03:44:59.706405: train_loss -0.7096
2025-11-16 03:44:59.706666: val_loss -0.7119
2025-11-16 03:44:59.706769: Pseudo dice [np.float32(0.9233), np.float32(0.755), np.float32(0.0)]
2025-11-16 03:44:59.706868: Epoch time: 251.53 s
2025-11-16 03:45:00.791408: 
2025-11-16 03:45:00.791563: Epoch 715
2025-11-16 03:45:00.791678: Current learning rate: 0.00323
2025-11-16 03:49:12.520407: train_loss -0.6967
2025-11-16 03:49:12.520627: val_loss -0.6833
2025-11-16 03:49:12.520731: Pseudo dice [np.float32(0.9152), np.float32(0.7333), np.float32(0.0)]
2025-11-16 03:49:12.520830: Epoch time: 251.73 s
2025-11-16 03:49:13.600134: 
2025-11-16 03:49:13.600371: Epoch 716
2025-11-16 03:49:13.600518: Current learning rate: 0.00322
2025-11-16 03:53:25.235091: train_loss -0.6915
2025-11-16 03:53:25.235323: val_loss -0.7127
2025-11-16 03:53:25.235425: Pseudo dice [np.float32(0.9249), np.float32(0.7644), np.float32(0.0)]
2025-11-16 03:53:25.235526: Epoch time: 251.64 s
2025-11-16 03:53:26.787748: 
2025-11-16 03:53:26.787925: Epoch 717
2025-11-16 03:53:26.788032: Current learning rate: 0.00321
2025-11-16 03:57:38.295660: train_loss -0.6986
2025-11-16 03:57:38.295903: val_loss -0.6474
2025-11-16 03:57:38.296006: Pseudo dice [np.float32(0.9044), np.float32(0.7518), np.float32(0.0)]
2025-11-16 03:57:38.296106: Epoch time: 251.51 s
2025-11-16 03:57:39.381029: 
2025-11-16 03:57:39.381195: Epoch 718
2025-11-16 03:57:39.381284: Current learning rate: 0.0032
2025-11-16 04:01:50.801026: train_loss -0.7137
2025-11-16 04:01:50.801249: val_loss -0.6573
2025-11-16 04:01:50.801353: Pseudo dice [np.float32(0.9261), np.float32(0.7554), np.float32(0.0)]
2025-11-16 04:01:50.801450: Epoch time: 251.42 s
2025-11-16 04:01:51.884848: 
2025-11-16 04:01:51.885081: Epoch 719
2025-11-16 04:01:51.885233: Current learning rate: 0.00319
2025-11-16 04:06:03.599999: train_loss -0.6965
2025-11-16 04:06:03.600263: val_loss -0.6922
2025-11-16 04:06:03.600376: Pseudo dice [np.float32(0.923), np.float32(0.7606), np.float32(0.0)]
2025-11-16 04:06:03.600475: Epoch time: 251.72 s
2025-11-16 04:06:04.681700: 
2025-11-16 04:06:04.681855: Epoch 720
2025-11-16 04:06:04.681982: Current learning rate: 0.00318
2025-11-16 04:10:16.370388: train_loss -0.701
2025-11-16 04:10:16.370633: val_loss -0.6745
2025-11-16 04:10:16.370737: Pseudo dice [np.float32(0.9257), np.float32(0.7496), np.float32(0.0)]
2025-11-16 04:10:16.370836: Epoch time: 251.69 s
2025-11-16 04:10:17.455245: 
2025-11-16 04:10:17.455410: Epoch 721
2025-11-16 04:10:17.455518: Current learning rate: 0.00317
2025-11-16 04:14:29.057759: train_loss -0.7012
2025-11-16 04:14:29.057987: val_loss -0.6573
2025-11-16 04:14:29.058090: Pseudo dice [np.float32(0.918), np.float32(0.7569), np.float32(0.0)]
2025-11-16 04:14:29.058188: Epoch time: 251.6 s
2025-11-16 04:14:30.139498: 
2025-11-16 04:14:30.139695: Epoch 722
2025-11-16 04:14:30.139789: Current learning rate: 0.00316
2025-11-16 04:18:41.755546: train_loss -0.7135
2025-11-16 04:18:41.755782: val_loss -0.6944
2025-11-16 04:18:41.755884: Pseudo dice [np.float32(0.9243), np.float32(0.7583), np.float32(0.0)]
2025-11-16 04:18:41.755982: Epoch time: 251.62 s
2025-11-16 04:18:42.835946: 
2025-11-16 04:18:42.836166: Epoch 723
2025-11-16 04:18:42.836281: Current learning rate: 0.00315
2025-11-16 04:22:54.220367: train_loss -0.6984
2025-11-16 04:22:54.220597: val_loss -0.7233
2025-11-16 04:22:54.220705: Pseudo dice [np.float32(0.9195), np.float32(0.76), np.float32(0.0)]
2025-11-16 04:22:54.220803: Epoch time: 251.39 s
2025-11-16 04:22:55.306581: 
2025-11-16 04:22:55.306747: Epoch 724
2025-11-16 04:22:55.306897: Current learning rate: 0.00314
2025-11-16 04:27:06.738798: train_loss -0.7115
2025-11-16 04:27:06.739028: val_loss -0.6643
2025-11-16 04:27:06.739128: Pseudo dice [np.float32(0.9202), np.float32(0.7605), np.float32(0.0)]
2025-11-16 04:27:06.739227: Epoch time: 251.43 s
2025-11-16 04:27:07.821259: 
2025-11-16 04:27:07.821463: Epoch 725
2025-11-16 04:27:07.821557: Current learning rate: 0.00313
2025-11-16 04:31:19.186237: train_loss -0.7031
2025-11-16 04:31:19.186457: val_loss -0.659
2025-11-16 04:31:19.186556: Pseudo dice [np.float32(0.9169), np.float32(0.7679), np.float32(0.0)]
2025-11-16 04:31:19.186663: Epoch time: 251.37 s
2025-11-16 04:31:20.276840: 
2025-11-16 04:31:20.277001: Epoch 726
2025-11-16 04:31:20.277102: Current learning rate: 0.00312
2025-11-16 04:35:31.608935: train_loss -0.7185
2025-11-16 04:35:31.609164: val_loss -0.6431
2025-11-16 04:35:31.609264: Pseudo dice [np.float32(0.9077), np.float32(0.7451), np.float32(0.0)]
2025-11-16 04:35:31.609438: Epoch time: 251.33 s
2025-11-16 04:35:32.697377: 
2025-11-16 04:35:32.697653: Epoch 727
2025-11-16 04:35:32.697774: Current learning rate: 0.00311
2025-11-16 04:39:44.149982: train_loss -0.7022
2025-11-16 04:39:44.150254: val_loss -0.6739
2025-11-16 04:39:44.150399: Pseudo dice [np.float32(0.9099), np.float32(0.7541), np.float32(0.0)]
2025-11-16 04:39:44.150500: Epoch time: 251.45 s
2025-11-16 04:39:45.240830: 
2025-11-16 04:39:45.240983: Epoch 728
2025-11-16 04:39:45.241089: Current learning rate: 0.0031
2025-11-16 04:43:56.767118: train_loss -0.7017
2025-11-16 04:43:56.767348: val_loss -0.6692
2025-11-16 04:43:56.767452: Pseudo dice [np.float32(0.9155), np.float32(0.7557), np.float32(0.0)]
2025-11-16 04:43:56.767586: Epoch time: 251.53 s
2025-11-16 04:43:57.851518: 
2025-11-16 04:43:57.851670: Epoch 729
2025-11-16 04:43:57.851760: Current learning rate: 0.00309
2025-11-16 04:48:09.307930: train_loss -0.7047
2025-11-16 04:48:09.308162: val_loss -0.7081
2025-11-16 04:48:09.308260: Pseudo dice [np.float32(0.9122), np.float32(0.7667), np.float32(0.0)]
2025-11-16 04:48:09.308358: Epoch time: 251.46 s
2025-11-16 04:48:10.398824: 
2025-11-16 04:48:10.398974: Epoch 730
2025-11-16 04:48:10.399065: Current learning rate: 0.00308
2025-11-16 04:52:21.768414: train_loss -0.7028
2025-11-16 04:52:21.768644: val_loss -0.6502
2025-11-16 04:52:21.768857: Pseudo dice [np.float32(0.9171), np.float32(0.7452), np.float32(0.0)]
2025-11-16 04:52:21.769025: Epoch time: 251.37 s
2025-11-16 04:52:22.850626: 
2025-11-16 04:52:22.850781: Epoch 731
2025-11-16 04:52:22.850894: Current learning rate: 0.00307
2025-11-16 04:56:34.631014: train_loss -0.6868
2025-11-16 04:56:34.631231: val_loss -0.6635
2025-11-16 04:56:34.631331: Pseudo dice [np.float32(0.909), np.float32(0.7501), np.float32(0.0)]
2025-11-16 04:56:34.631427: Epoch time: 251.78 s
2025-11-16 04:56:35.710302: 
2025-11-16 04:56:35.710451: Epoch 732
2025-11-16 04:56:35.710550: Current learning rate: 0.00306
2025-11-16 05:00:47.161536: train_loss -0.7013
2025-11-16 05:00:47.161832: val_loss -0.6691
2025-11-16 05:00:47.161943: Pseudo dice [np.float32(0.906), np.float32(0.734), np.float32(0.0)]
2025-11-16 05:00:47.162043: Epoch time: 251.45 s
2025-11-16 05:00:48.700596: 
2025-11-16 05:00:48.700946: Epoch 733
2025-11-16 05:00:48.701249: Current learning rate: 0.00305
2025-11-16 05:05:00.075284: train_loss -0.7082
2025-11-16 05:05:00.075514: val_loss -0.704
2025-11-16 05:05:00.075624: Pseudo dice [np.float32(0.9131), np.float32(0.7556), np.float32(0.0)]
2025-11-16 05:05:00.075724: Epoch time: 251.38 s
2025-11-16 05:05:01.162915: 
2025-11-16 05:05:01.163148: Epoch 734
2025-11-16 05:05:01.163261: Current learning rate: 0.00304
2025-11-16 05:09:12.744359: train_loss -0.6992
2025-11-16 05:09:12.744595: val_loss -0.6795
2025-11-16 05:09:12.744702: Pseudo dice [np.float32(0.9148), np.float32(0.7491), np.float32(0.0)]
2025-11-16 05:09:12.744799: Epoch time: 251.58 s
2025-11-16 05:09:13.831225: 
2025-11-16 05:09:13.831403: Epoch 735
2025-11-16 05:09:13.831514: Current learning rate: 0.00303
2025-11-16 05:13:25.291713: train_loss -0.7017
2025-11-16 05:13:25.291943: val_loss -0.7109
2025-11-16 05:13:25.292042: Pseudo dice [np.float32(0.921), np.float32(0.7612), np.float32(0.0)]
2025-11-16 05:13:25.292139: Epoch time: 251.46 s
2025-11-16 05:13:26.377025: 
2025-11-16 05:13:26.377190: Epoch 736
2025-11-16 05:13:26.377293: Current learning rate: 0.00302
2025-11-16 05:17:38.208315: train_loss -0.7217
2025-11-16 05:17:38.208606: val_loss -0.6792
2025-11-16 05:17:38.208724: Pseudo dice [np.float32(0.914), np.float32(0.7524), np.float32(0.0)]
2025-11-16 05:17:38.208822: Epoch time: 251.83 s
2025-11-16 05:17:39.293975: 
2025-11-16 05:17:39.294176: Epoch 737
2025-11-16 05:17:39.294268: Current learning rate: 0.00301
2025-11-16 05:21:50.719805: train_loss -0.6988
2025-11-16 05:21:50.720113: val_loss -0.6592
2025-11-16 05:21:50.720216: Pseudo dice [np.float32(0.9247), np.float32(0.7605), np.float32(0.0)]
2025-11-16 05:21:50.720313: Epoch time: 251.43 s
2025-11-16 05:21:51.808476: 
2025-11-16 05:21:51.808651: Epoch 738
2025-11-16 05:21:51.808764: Current learning rate: 0.003
2025-11-16 05:26:03.245087: train_loss -0.701
2025-11-16 05:26:03.245313: val_loss -0.6729
2025-11-16 05:26:03.245410: Pseudo dice [np.float32(0.9236), np.float32(0.7689), np.float32(0.0)]
2025-11-16 05:26:03.245507: Epoch time: 251.44 s
2025-11-16 05:26:04.339549: 
2025-11-16 05:26:04.339805: Epoch 739
2025-11-16 05:26:04.339914: Current learning rate: 0.00299
2025-11-16 05:30:15.701549: train_loss -0.7156
2025-11-16 05:30:15.701830: val_loss -0.675
2025-11-16 05:30:15.701937: Pseudo dice [np.float32(0.9259), np.float32(0.7504), np.float32(0.0)]
2025-11-16 05:30:15.702035: Epoch time: 251.36 s
2025-11-16 05:30:16.790144: 
2025-11-16 05:30:16.790389: Epoch 740
2025-11-16 05:30:16.790639: Current learning rate: 0.00297
2025-11-16 05:34:28.199564: train_loss -0.7113
2025-11-16 05:34:28.199870: val_loss -0.6863
2025-11-16 05:34:28.199996: Pseudo dice [np.float32(0.9204), np.float32(0.7609), np.float32(0.0)]
2025-11-16 05:34:28.200097: Epoch time: 251.41 s
2025-11-16 05:34:29.278675: 
2025-11-16 05:34:29.278909: Epoch 741
2025-11-16 05:34:29.279014: Current learning rate: 0.00296
2025-11-16 05:38:40.891982: train_loss -0.6955
2025-11-16 05:38:40.892222: val_loss -0.6999
2025-11-16 05:38:40.892323: Pseudo dice [np.float32(0.9242), np.float32(0.7505), np.float32(0.0)]
2025-11-16 05:38:40.892419: Epoch time: 251.61 s
2025-11-16 05:38:41.970169: 
2025-11-16 05:38:41.970310: Epoch 742
2025-11-16 05:38:41.970397: Current learning rate: 0.00295
2025-11-16 05:42:53.222289: train_loss -0.7092
2025-11-16 05:42:53.222522: val_loss -0.6852
2025-11-16 05:42:53.222629: Pseudo dice [np.float32(0.9103), np.float32(0.7686), np.float32(0.0)]
2025-11-16 05:42:53.222766: Epoch time: 251.25 s
2025-11-16 05:42:54.298630: 
2025-11-16 05:42:54.298811: Epoch 743
2025-11-16 05:42:54.298976: Current learning rate: 0.00294
2025-11-16 05:47:05.906151: train_loss -0.7033
2025-11-16 05:47:05.906385: val_loss -0.6842
2025-11-16 05:47:05.906485: Pseudo dice [np.float32(0.9144), np.float32(0.7584), np.float32(0.0)]
2025-11-16 05:47:05.906583: Epoch time: 251.61 s
2025-11-16 05:47:06.985663: 
2025-11-16 05:47:06.985822: Epoch 744
2025-11-16 05:47:06.985928: Current learning rate: 0.00293
2025-11-16 05:51:18.508321: train_loss -0.7102
2025-11-16 05:51:18.508548: val_loss -0.6922
2025-11-16 05:51:18.508662: Pseudo dice [np.float32(0.9247), np.float32(0.7582), np.float32(0.0)]
2025-11-16 05:51:18.508762: Epoch time: 251.52 s
2025-11-16 05:51:19.598667: 
2025-11-16 05:51:19.598857: Epoch 745
2025-11-16 05:51:19.598989: Current learning rate: 0.00292
2025-11-16 05:55:31.213858: train_loss -0.7048
2025-11-16 05:55:31.214078: val_loss -0.6819
2025-11-16 05:55:31.214179: Pseudo dice [np.float32(0.915), np.float32(0.7609), np.float32(0.0)]
2025-11-16 05:55:31.214277: Epoch time: 251.62 s
2025-11-16 05:55:32.289639: 
2025-11-16 05:55:32.289886: Epoch 746
2025-11-16 05:55:32.290024: Current learning rate: 0.00291
2025-11-16 05:59:43.918938: train_loss -0.6992
2025-11-16 05:59:43.919169: val_loss -0.6852
2025-11-16 05:59:43.919267: Pseudo dice [np.float32(0.9175), np.float32(0.7413), np.float32(0.0)]
2025-11-16 05:59:43.919363: Epoch time: 251.63 s
2025-11-16 05:59:45.003289: 
2025-11-16 05:59:45.003531: Epoch 747
2025-11-16 05:59:45.003639: Current learning rate: 0.0029
2025-11-16 06:03:56.628895: train_loss -0.7098
2025-11-16 06:03:56.629125: val_loss -0.6767
2025-11-16 06:03:56.629223: Pseudo dice [np.float32(0.9054), np.float32(0.7588), np.float32(0.0)]
2025-11-16 06:03:56.629322: Epoch time: 251.63 s
2025-11-16 06:03:57.708290: 
2025-11-16 06:03:57.708433: Epoch 748
2025-11-16 06:03:57.708520: Current learning rate: 0.00289
2025-11-16 06:08:09.138808: train_loss -0.7082
2025-11-16 06:08:09.139112: val_loss -0.6888
2025-11-16 06:08:09.139225: Pseudo dice [np.float32(0.9172), np.float32(0.7721), np.float32(0.0)]
2025-11-16 06:08:09.139325: Epoch time: 251.43 s
2025-11-16 06:08:10.690116: 
2025-11-16 06:08:10.690279: Epoch 749
2025-11-16 06:08:10.690381: Current learning rate: 0.00288
2025-11-16 06:12:22.122058: train_loss -0.7041
2025-11-16 06:12:22.122280: val_loss -0.6812
2025-11-16 06:12:22.122380: Pseudo dice [np.float32(0.9224), np.float32(0.7524), np.float32(0.0)]
2025-11-16 06:12:22.122477: Epoch time: 251.43 s
2025-11-16 06:12:23.518939: 
2025-11-16 06:12:23.519102: Epoch 750
2025-11-16 06:12:23.519191: Current learning rate: 0.00287
2025-11-16 06:16:35.422434: train_loss -0.6954
2025-11-16 06:16:35.422675: val_loss -0.6768
2025-11-16 06:16:35.422777: Pseudo dice [np.float32(0.9136), np.float32(0.7523), np.float32(0.0)]
2025-11-16 06:16:35.422874: Epoch time: 251.9 s
2025-11-16 06:16:36.511374: 
2025-11-16 06:16:36.511557: Epoch 751
2025-11-16 06:16:36.511696: Current learning rate: 0.00286
2025-11-16 06:20:47.929394: train_loss -0.7003
2025-11-16 06:20:47.929635: val_loss -0.6829
2025-11-16 06:20:47.929774: Pseudo dice [np.float32(0.9188), np.float32(0.7519), np.float32(0.0)]
2025-11-16 06:20:47.929877: Epoch time: 251.42 s
2025-11-16 06:20:49.011230: 
2025-11-16 06:20:49.011460: Epoch 752
2025-11-16 06:20:49.011599: Current learning rate: 0.00285
2025-11-16 06:25:00.467934: train_loss -0.7024
2025-11-16 06:25:00.468165: val_loss -0.6656
2025-11-16 06:25:00.468281: Pseudo dice [np.float32(0.9224), np.float32(0.7522), np.float32(0.0)]
2025-11-16 06:25:00.468415: Epoch time: 251.46 s
2025-11-16 06:25:01.548663: 
2025-11-16 06:25:01.548828: Epoch 753
2025-11-16 06:25:01.548937: Current learning rate: 0.00284
2025-11-16 06:29:12.975957: train_loss -0.7133
2025-11-16 06:29:12.976174: val_loss -0.7068
2025-11-16 06:29:12.976275: Pseudo dice [np.float32(0.911), np.float32(0.7524), np.float32(0.0)]
2025-11-16 06:29:12.976402: Epoch time: 251.43 s
2025-11-16 06:29:14.055598: 
2025-11-16 06:29:14.055755: Epoch 754
2025-11-16 06:29:14.055843: Current learning rate: 0.00283
2025-11-16 06:33:25.561580: train_loss -0.7016
2025-11-16 06:33:25.561861: val_loss -0.6442
2025-11-16 06:33:25.561964: Pseudo dice [np.float32(0.9261), np.float32(0.7577), np.float32(0.0)]
2025-11-16 06:33:25.562067: Epoch time: 251.51 s
2025-11-16 06:33:26.640132: 
2025-11-16 06:33:26.640297: Epoch 755
2025-11-16 06:33:26.640436: Current learning rate: 0.00282
2025-11-16 06:37:38.167428: train_loss -0.7113
2025-11-16 06:37:38.167668: val_loss -0.7093
2025-11-16 06:37:38.167770: Pseudo dice [np.float32(0.9187), np.float32(0.7588), np.float32(0.0)]
2025-11-16 06:37:38.167868: Epoch time: 251.53 s
2025-11-16 06:37:39.252356: 
2025-11-16 06:37:39.252547: Epoch 756
2025-11-16 06:37:39.252721: Current learning rate: 0.00281
2025-11-16 06:41:50.963916: train_loss -0.7242
2025-11-16 06:41:50.964137: val_loss -0.6883
2025-11-16 06:41:50.964237: Pseudo dice [np.float32(0.9184), np.float32(0.7472), np.float32(0.0)]
2025-11-16 06:41:50.964335: Epoch time: 251.71 s
2025-11-16 06:41:52.049988: 
2025-11-16 06:41:52.050239: Epoch 757
2025-11-16 06:41:52.050347: Current learning rate: 0.0028
2025-11-16 06:46:03.744807: train_loss -0.6966
2025-11-16 06:46:03.745038: val_loss -0.6763
2025-11-16 06:46:03.745168: Pseudo dice [np.float32(0.9172), np.float32(0.7572), np.float32(0.0)]
2025-11-16 06:46:03.745274: Epoch time: 251.7 s
2025-11-16 06:46:04.822864: 
2025-11-16 06:46:04.823053: Epoch 758
2025-11-16 06:46:04.823148: Current learning rate: 0.00279
2025-11-16 06:50:16.557633: train_loss -0.6944
2025-11-16 06:50:16.557862: val_loss -0.664
2025-11-16 06:50:16.557961: Pseudo dice [np.float32(0.9115), np.float32(0.7468), np.float32(0.0)]
2025-11-16 06:50:16.558058: Epoch time: 251.74 s
2025-11-16 06:50:17.638911: 
2025-11-16 06:50:17.639106: Epoch 759
2025-11-16 06:50:17.639198: Current learning rate: 0.00278
2025-11-16 06:54:29.235664: train_loss -0.7041
2025-11-16 06:54:29.235885: val_loss -0.6967
2025-11-16 06:54:29.235987: Pseudo dice [np.float32(0.915), np.float32(0.7621), np.float32(0.0)]
2025-11-16 06:54:29.236125: Epoch time: 251.6 s
2025-11-16 06:54:30.318229: 
2025-11-16 06:54:30.318437: Epoch 760
2025-11-16 06:54:30.318526: Current learning rate: 0.00277
2025-11-16 06:58:41.509308: train_loss -0.7018
2025-11-16 06:58:41.509516: val_loss -0.6631
2025-11-16 06:58:41.509627: Pseudo dice [np.float32(0.9188), np.float32(0.7475), np.float32(0.0)]
2025-11-16 06:58:41.509728: Epoch time: 251.19 s
2025-11-16 06:58:42.593128: 
2025-11-16 06:58:42.593282: Epoch 761
2025-11-16 06:58:42.593385: Current learning rate: 0.00276
2025-11-16 07:02:54.270917: train_loss -0.6969
2025-11-16 07:02:54.271155: val_loss -0.6618
2025-11-16 07:02:54.271255: Pseudo dice [np.float32(0.917), np.float32(0.7594), np.float32(0.0)]
2025-11-16 07:02:54.271353: Epoch time: 251.68 s
2025-11-16 07:02:55.357914: 
2025-11-16 07:02:55.358061: Epoch 762
2025-11-16 07:02:55.358151: Current learning rate: 0.00275
2025-11-16 07:07:06.890234: train_loss -0.7125
2025-11-16 07:07:06.890488: val_loss -0.7105
2025-11-16 07:07:06.890606: Pseudo dice [np.float32(0.9228), np.float32(0.748), np.float32(0.0)]
2025-11-16 07:07:06.890716: Epoch time: 251.53 s
2025-11-16 07:07:07.992572: 
2025-11-16 07:07:07.992713: Epoch 763
2025-11-16 07:07:07.992798: Current learning rate: 0.00274
2025-11-16 07:11:19.280810: train_loss -0.6905
2025-11-16 07:11:19.281042: val_loss -0.7047
2025-11-16 07:11:19.281144: Pseudo dice [np.float32(0.9072), np.float32(0.7574), np.float32(0.0)]
2025-11-16 07:11:19.281242: Epoch time: 251.29 s
2025-11-16 07:11:20.375418: 
2025-11-16 07:11:20.375565: Epoch 764
2025-11-16 07:11:20.375665: Current learning rate: 0.00273
2025-11-16 07:15:31.668085: train_loss -0.7087
2025-11-16 07:15:31.668301: val_loss -0.6799
2025-11-16 07:15:31.668401: Pseudo dice [np.float32(0.9205), np.float32(0.7513), np.float32(0.0)]
2025-11-16 07:15:31.668498: Epoch time: 251.29 s
2025-11-16 07:15:33.221400: 
2025-11-16 07:15:33.221593: Epoch 765
2025-11-16 07:15:33.221715: Current learning rate: 0.00272
2025-11-16 07:19:44.867206: train_loss -0.708
2025-11-16 07:19:44.867429: val_loss -0.6719
2025-11-16 07:19:44.867557: Pseudo dice [np.float32(0.9204), np.float32(0.7555), np.float32(0.0)]
2025-11-16 07:19:44.867756: Epoch time: 251.65 s
2025-11-16 07:19:45.946297: 
2025-11-16 07:19:45.946480: Epoch 766
2025-11-16 07:19:45.946592: Current learning rate: 0.00271
2025-11-16 07:23:57.924581: train_loss -0.6939
2025-11-16 07:23:57.928941: val_loss -0.6663
2025-11-16 07:23:57.929052: Pseudo dice [np.float32(0.9211), np.float32(0.7537), np.float32(0.0)]
2025-11-16 07:23:57.929146: Epoch time: 251.98 s
2025-11-16 07:23:59.014952: 
2025-11-16 07:23:59.015212: Epoch 767
2025-11-16 07:23:59.015331: Current learning rate: 0.0027
2025-11-16 07:28:10.735343: train_loss -0.6863
2025-11-16 07:28:10.735575: val_loss -0.6607
2025-11-16 07:28:10.735684: Pseudo dice [np.float32(0.9139), np.float32(0.7426), np.float32(0.0)]
2025-11-16 07:28:10.735783: Epoch time: 251.72 s
2025-11-16 07:28:11.826494: 
2025-11-16 07:28:11.826663: Epoch 768
2025-11-16 07:28:11.826775: Current learning rate: 0.00268
2025-11-16 07:32:23.594321: train_loss -0.6899
2025-11-16 07:32:23.594599: val_loss -0.6674
2025-11-16 07:32:23.594719: Pseudo dice [np.float32(0.9049), np.float32(0.7616), np.float32(0.0)]
2025-11-16 07:32:23.594823: Epoch time: 251.77 s
2025-11-16 07:32:24.679999: 
2025-11-16 07:32:24.680212: Epoch 769
2025-11-16 07:32:24.680313: Current learning rate: 0.00267
2025-11-16 07:36:36.127562: train_loss -0.707
2025-11-16 07:36:36.127800: val_loss -0.6871
2025-11-16 07:36:36.127899: Pseudo dice [np.float32(0.9168), np.float32(0.7573), np.float32(0.0)]
2025-11-16 07:36:36.128021: Epoch time: 251.45 s
2025-11-16 07:36:37.213088: 
2025-11-16 07:36:37.213318: Epoch 770
2025-11-16 07:36:37.213446: Current learning rate: 0.00266
2025-11-16 07:40:48.576722: train_loss -0.7076
2025-11-16 07:40:48.576949: val_loss -0.6655
2025-11-16 07:40:48.577049: Pseudo dice [np.float32(0.9204), np.float32(0.7591), np.float32(0.0)]
2025-11-16 07:40:48.577145: Epoch time: 251.36 s
2025-11-16 07:40:49.666011: 
2025-11-16 07:40:49.666225: Epoch 771
2025-11-16 07:40:49.666348: Current learning rate: 0.00265
2025-11-16 07:45:01.274916: train_loss -0.7009
2025-11-16 07:45:01.275153: val_loss -0.6917
2025-11-16 07:45:01.275254: Pseudo dice [np.float32(0.9168), np.float32(0.7577), np.float32(0.0)]
2025-11-16 07:45:01.275371: Epoch time: 251.61 s
2025-11-16 07:45:02.363810: 
2025-11-16 07:45:02.364024: Epoch 772
2025-11-16 07:45:02.364150: Current learning rate: 0.00264
2025-11-16 07:49:13.848936: train_loss -0.6972
2025-11-16 07:49:13.849175: val_loss -0.6591
2025-11-16 07:49:13.849277: Pseudo dice [np.float32(0.9131), np.float32(0.7601), np.float32(0.0)]
2025-11-16 07:49:13.849435: Epoch time: 251.49 s
2025-11-16 07:49:14.940549: 
2025-11-16 07:49:14.940769: Epoch 773
2025-11-16 07:49:14.940881: Current learning rate: 0.00263
2025-11-16 07:53:26.271563: train_loss -0.7081
2025-11-16 07:53:26.271798: val_loss -0.6862
2025-11-16 07:53:26.271899: Pseudo dice [np.float32(0.915), np.float32(0.7543), np.float32(0.0)]
2025-11-16 07:53:26.271998: Epoch time: 251.33 s
2025-11-16 07:53:27.364460: 
2025-11-16 07:53:27.364617: Epoch 774
2025-11-16 07:53:27.364711: Current learning rate: 0.00262
2025-11-16 07:57:39.041885: train_loss -0.6944
2025-11-16 07:57:39.042120: val_loss -0.6972
2025-11-16 07:57:39.042220: Pseudo dice [np.float32(0.9257), np.float32(0.7575), np.float32(0.0)]
2025-11-16 07:57:39.042318: Epoch time: 251.68 s
2025-11-16 07:57:40.130666: 
2025-11-16 07:57:40.130907: Epoch 775
2025-11-16 07:57:40.131050: Current learning rate: 0.00261
2025-11-16 08:01:51.994854: train_loss -0.6924
2025-11-16 08:01:51.995117: val_loss -0.6814
2025-11-16 08:01:51.995241: Pseudo dice [np.float32(0.9192), np.float32(0.7589), np.float32(0.0)]
2025-11-16 08:01:51.995344: Epoch time: 251.87 s
2025-11-16 08:01:53.093912: 
2025-11-16 08:01:53.094101: Epoch 776
2025-11-16 08:01:53.094216: Current learning rate: 0.0026
2025-11-16 08:06:04.548458: train_loss -0.7098
2025-11-16 08:06:04.548721: val_loss -0.6975
2025-11-16 08:06:04.548829: Pseudo dice [np.float32(0.9302), np.float32(0.7633), np.float32(0.0)]
2025-11-16 08:06:04.548928: Epoch time: 251.46 s
2025-11-16 08:06:05.632599: 
2025-11-16 08:06:05.632804: Epoch 777
2025-11-16 08:06:05.632958: Current learning rate: 0.00259
2025-11-16 08:10:17.251578: train_loss -0.7046
2025-11-16 08:10:17.251818: val_loss -0.6947
2025-11-16 08:10:17.251918: Pseudo dice [np.float32(0.9203), np.float32(0.7557), np.float32(0.0)]
2025-11-16 08:10:17.252016: Epoch time: 251.62 s
2025-11-16 08:10:18.262703: 
2025-11-16 08:10:18.262852: Epoch 778
2025-11-16 08:10:18.262946: Current learning rate: 0.00258
2025-11-16 08:14:29.931321: train_loss -0.7061
2025-11-16 08:14:29.931548: val_loss -0.7043
2025-11-16 08:14:29.931655: Pseudo dice [np.float32(0.9288), np.float32(0.7531), np.float32(0.0)]
2025-11-16 08:14:29.931754: Epoch time: 251.67 s
2025-11-16 08:14:31.023597: 
2025-11-16 08:14:31.023763: Epoch 779
2025-11-16 08:14:31.023875: Current learning rate: 0.00257
2025-11-16 08:18:42.773144: train_loss -0.7172
2025-11-16 08:18:42.773368: val_loss -0.6675
2025-11-16 08:18:42.773541: Pseudo dice [np.float32(0.9234), np.float32(0.7532), np.float32(0.0)]
2025-11-16 08:18:42.773657: Epoch time: 251.75 s
2025-11-16 08:18:43.868175: 
2025-11-16 08:18:43.868356: Epoch 780
2025-11-16 08:18:43.868472: Current learning rate: 0.00256
2025-11-16 08:22:55.394166: train_loss -0.6983
2025-11-16 08:22:55.394453: val_loss -0.6948
2025-11-16 08:22:55.394558: Pseudo dice [np.float32(0.9115), np.float32(0.762), np.float32(0.0)]
2025-11-16 08:22:55.394669: Epoch time: 251.53 s
2025-11-16 08:22:56.935427: 
2025-11-16 08:22:56.935601: Epoch 781
2025-11-16 08:22:56.935717: Current learning rate: 0.00255
2025-11-16 08:27:08.348438: train_loss -0.7199
2025-11-16 08:27:08.348678: val_loss -0.6803
2025-11-16 08:27:08.348786: Pseudo dice [np.float32(0.9191), np.float32(0.7516), np.float32(0.0)]
2025-11-16 08:27:08.348891: Epoch time: 251.41 s
2025-11-16 08:27:09.436065: 
2025-11-16 08:27:09.436226: Epoch 782
2025-11-16 08:27:09.436320: Current learning rate: 0.00254
2025-11-16 08:31:20.771746: train_loss -0.7036
2025-11-16 08:31:20.771969: val_loss -0.7084
2025-11-16 08:31:20.772070: Pseudo dice [np.float32(0.9172), np.float32(0.7653), np.float32(0.0)]
2025-11-16 08:31:20.772167: Epoch time: 251.34 s
2025-11-16 08:31:21.868878: 
2025-11-16 08:31:21.869118: Epoch 783
2025-11-16 08:31:21.869248: Current learning rate: 0.00253
2025-11-16 08:35:33.283439: train_loss -0.7104
2025-11-16 08:35:33.283684: val_loss -0.6765
2025-11-16 08:35:33.283786: Pseudo dice [np.float32(0.9183), np.float32(0.7632), np.float32(0.0)]
2025-11-16 08:35:33.283924: Epoch time: 251.42 s
2025-11-16 08:35:34.378418: 
2025-11-16 08:35:34.378641: Epoch 784
2025-11-16 08:35:34.378757: Current learning rate: 0.00252
2025-11-16 08:39:45.987416: train_loss -0.7156
2025-11-16 08:39:45.987700: val_loss -0.6753
2025-11-16 08:39:45.987813: Pseudo dice [np.float32(0.9134), np.float32(0.7644), np.float32(0.0)]
2025-11-16 08:39:45.987912: Epoch time: 251.61 s
2025-11-16 08:39:47.005526: 
2025-11-16 08:39:47.005696: Epoch 785
2025-11-16 08:39:47.005795: Current learning rate: 0.00251
2025-11-16 08:43:58.370124: train_loss -0.6928
2025-11-16 08:43:58.370345: val_loss -0.6849
2025-11-16 08:43:58.370479: Pseudo dice [np.float32(0.913), np.float32(0.7569), np.float32(0.0)]
2025-11-16 08:43:58.370579: Epoch time: 251.37 s
2025-11-16 08:43:59.460508: 
2025-11-16 08:43:59.460768: Epoch 786
2025-11-16 08:43:59.460896: Current learning rate: 0.0025
2025-11-16 08:48:11.107376: train_loss -0.7038
2025-11-16 08:48:11.107602: val_loss -0.6927
2025-11-16 08:48:11.107713: Pseudo dice [np.float32(0.917), np.float32(0.7669), np.float32(0.0)]
2025-11-16 08:48:11.107813: Epoch time: 251.65 s
2025-11-16 08:48:12.199020: 
2025-11-16 08:48:12.199240: Epoch 787
2025-11-16 08:48:12.199351: Current learning rate: 0.00249
2025-11-16 08:52:23.614513: train_loss -0.711
2025-11-16 08:52:23.614740: val_loss -0.6897
2025-11-16 08:52:23.614843: Pseudo dice [np.float32(0.9191), np.float32(0.7606), np.float32(0.0)]
2025-11-16 08:52:23.614942: Epoch time: 251.42 s
2025-11-16 08:52:24.702289: 
2025-11-16 08:52:24.702444: Epoch 788
2025-11-16 08:52:24.702628: Current learning rate: 0.00248
2025-11-16 08:56:35.923458: train_loss -0.714
2025-11-16 08:56:35.923733: val_loss -0.7196
2025-11-16 08:56:35.923844: Pseudo dice [np.float32(0.9166), np.float32(0.7602), np.float32(0.0)]
2025-11-16 08:56:35.923946: Epoch time: 251.22 s
2025-11-16 08:56:37.007571: 
2025-11-16 08:56:37.007860: Epoch 789
2025-11-16 08:56:37.008155: Current learning rate: 0.00247
2025-11-16 09:00:48.531651: train_loss -0.7001
2025-11-16 09:00:48.531875: val_loss -0.6784
2025-11-16 09:00:48.531976: Pseudo dice [np.float32(0.9206), np.float32(0.7585), np.float32(0.0)]
2025-11-16 09:00:48.532073: Epoch time: 251.52 s
2025-11-16 09:00:49.620436: 
2025-11-16 09:00:49.620719: Epoch 790
2025-11-16 09:00:49.620860: Current learning rate: 0.00245
2025-11-16 09:05:00.992140: train_loss -0.6983
2025-11-16 09:05:00.992397: val_loss -0.6981
2025-11-16 09:05:00.992502: Pseudo dice [np.float32(0.9216), np.float32(0.7731), np.float32(0.0)]
2025-11-16 09:05:00.992601: Epoch time: 251.37 s
2025-11-16 09:05:02.081999: 
2025-11-16 09:05:02.082208: Epoch 791
2025-11-16 09:05:02.082321: Current learning rate: 0.00244
2025-11-16 09:09:13.556422: train_loss -0.717
2025-11-16 09:09:13.556654: val_loss -0.6424
2025-11-16 09:09:13.556760: Pseudo dice [np.float32(0.9162), np.float32(0.7572), np.float32(0.0)]
2025-11-16 09:09:13.556857: Epoch time: 251.48 s
2025-11-16 09:09:14.654417: 
2025-11-16 09:09:14.654572: Epoch 792
2025-11-16 09:09:14.654672: Current learning rate: 0.00243
2025-11-16 09:13:26.365720: train_loss -0.7115
2025-11-16 09:13:26.366029: val_loss -0.7044
2025-11-16 09:13:26.366133: Pseudo dice [np.float32(0.9191), np.float32(0.7486), np.float32(0.0)]
2025-11-16 09:13:26.366233: Epoch time: 251.71 s
2025-11-16 09:13:27.456796: 
2025-11-16 09:13:27.456940: Epoch 793
2025-11-16 09:13:27.457029: Current learning rate: 0.00242
2025-11-16 09:17:39.075764: train_loss -0.7105
2025-11-16 09:17:39.075987: val_loss -0.697
2025-11-16 09:17:39.076091: Pseudo dice [np.float32(0.9174), np.float32(0.7573), np.float32(0.0)]
2025-11-16 09:17:39.076187: Epoch time: 251.62 s
2025-11-16 09:17:40.174685: 
2025-11-16 09:17:40.174866: Epoch 794
2025-11-16 09:17:40.174978: Current learning rate: 0.00241
2025-11-16 09:21:51.708120: train_loss -0.7049
2025-11-16 09:21:51.708410: val_loss -0.6511
2025-11-16 09:21:51.708514: Pseudo dice [np.float32(0.926), np.float32(0.7529), np.float32(0.0)]
2025-11-16 09:21:51.708620: Epoch time: 251.53 s
2025-11-16 09:21:52.798577: 
2025-11-16 09:21:52.798778: Epoch 795
2025-11-16 09:21:52.798872: Current learning rate: 0.0024
2025-11-16 09:26:04.102335: train_loss -0.7119
2025-11-16 09:26:04.102557: val_loss -0.6783
2025-11-16 09:26:04.102667: Pseudo dice [np.float32(0.9123), np.float32(0.7427), np.float32(0.0)]
2025-11-16 09:26:04.102766: Epoch time: 251.3 s
2025-11-16 09:26:05.199033: 
2025-11-16 09:26:05.199323: Epoch 796
2025-11-16 09:26:05.199460: Current learning rate: 0.00239
2025-11-16 09:30:17.131837: train_loss -0.7114
2025-11-16 09:30:17.132058: val_loss -0.7024
2025-11-16 09:30:17.132204: Pseudo dice [np.float32(0.9126), np.float32(0.7464), np.float32(0.0)]
2025-11-16 09:30:17.132322: Epoch time: 251.93 s
2025-11-16 09:30:18.674083: 
2025-11-16 09:30:18.674240: Epoch 797
2025-11-16 09:30:18.674448: Current learning rate: 0.00238
2025-11-16 09:34:30.150221: train_loss -0.7093
2025-11-16 09:34:30.150448: val_loss -0.6804
2025-11-16 09:34:30.150551: Pseudo dice [np.float32(0.9099), np.float32(0.7497), np.float32(0.0)]
2025-11-16 09:34:30.150657: Epoch time: 251.48 s
2025-11-16 09:34:31.247567: 
2025-11-16 09:34:31.247738: Epoch 798
2025-11-16 09:34:31.247843: Current learning rate: 0.00237
2025-11-16 09:38:42.895116: train_loss -0.7156
2025-11-16 09:38:42.895343: val_loss -0.7016
2025-11-16 09:38:42.895444: Pseudo dice [np.float32(0.9141), np.float32(0.7405), np.float32(0.0)]
2025-11-16 09:38:42.895541: Epoch time: 251.65 s
2025-11-16 09:38:44.003989: 
2025-11-16 09:38:44.004238: Epoch 799
2025-11-16 09:38:44.004368: Current learning rate: 0.00236
2025-11-16 09:42:55.217592: train_loss -0.7161
2025-11-16 09:42:55.217933: val_loss -0.703
2025-11-16 09:42:55.218046: Pseudo dice [np.float32(0.9121), np.float32(0.7675), np.float32(0.0)]
2025-11-16 09:42:55.218147: Epoch time: 251.21 s
2025-11-16 09:42:56.606282: 
2025-11-16 09:42:56.606447: Epoch 800
2025-11-16 09:42:56.606561: Current learning rate: 0.00235
2025-11-16 09:47:08.073179: train_loss -0.7058
2025-11-16 09:47:08.073412: val_loss -0.7006
2025-11-16 09:47:08.073515: Pseudo dice [np.float32(0.9084), np.float32(0.7593), np.float32(0.0)]
2025-11-16 09:47:08.073621: Epoch time: 251.47 s
2025-11-16 09:47:09.170639: 
2025-11-16 09:47:09.170803: Epoch 801
2025-11-16 09:47:09.170908: Current learning rate: 0.00234
2025-11-16 09:51:20.356720: train_loss -0.709
2025-11-16 09:51:20.356952: val_loss -0.7102
2025-11-16 09:51:20.357054: Pseudo dice [np.float32(0.9198), np.float32(0.7594), np.float32(0.0)]
2025-11-16 09:51:20.357155: Epoch time: 251.19 s
2025-11-16 09:51:21.450706: 
2025-11-16 09:51:21.450866: Epoch 802
2025-11-16 09:51:21.450961: Current learning rate: 0.00233
2025-11-16 09:55:32.770378: train_loss -0.7146
2025-11-16 09:55:32.770626: val_loss -0.7105
2025-11-16 09:55:32.770727: Pseudo dice [np.float32(0.9259), np.float32(0.7575), np.float32(0.0)]
2025-11-16 09:55:32.770826: Epoch time: 251.32 s
2025-11-16 09:55:33.869877: 
2025-11-16 09:55:33.870027: Epoch 803
2025-11-16 09:55:33.870115: Current learning rate: 0.00232
2025-11-16 09:59:45.325089: train_loss -0.6797
2025-11-16 09:59:45.325315: val_loss -0.7114
2025-11-16 09:59:45.325415: Pseudo dice [np.float32(0.9148), np.float32(0.7591), np.float32(0.0)]
2025-11-16 09:59:45.325512: Epoch time: 251.46 s
2025-11-16 09:59:46.423259: 
2025-11-16 09:59:46.423444: Epoch 804
2025-11-16 09:59:46.423540: Current learning rate: 0.00231
2025-11-16 10:03:57.831572: train_loss -0.7285
2025-11-16 10:03:57.831801: val_loss -0.6767
2025-11-16 10:03:57.831903: Pseudo dice [np.float32(0.9268), np.float32(0.7533), np.float32(0.0)]
2025-11-16 10:03:57.832034: Epoch time: 251.41 s
2025-11-16 10:03:58.919150: 
2025-11-16 10:03:58.919299: Epoch 805
2025-11-16 10:03:58.919385: Current learning rate: 0.0023
2025-11-16 10:08:10.385140: train_loss -0.7113
2025-11-16 10:08:10.385378: val_loss -0.6887
2025-11-16 10:08:10.385479: Pseudo dice [np.float32(0.9161), np.float32(0.7596), np.float32(0.0)]
2025-11-16 10:08:10.385577: Epoch time: 251.47 s
2025-11-16 10:08:11.484073: 
2025-11-16 10:08:11.484235: Epoch 806
2025-11-16 10:08:11.484344: Current learning rate: 0.00229
2025-11-16 10:12:22.800914: train_loss -0.7171
2025-11-16 10:12:22.801173: val_loss -0.6611
2025-11-16 10:12:22.801280: Pseudo dice [np.float32(0.9153), np.float32(0.7498), np.float32(0.0)]
2025-11-16 10:12:22.801383: Epoch time: 251.32 s
2025-11-16 10:12:23.893663: 
2025-11-16 10:12:23.893813: Epoch 807
2025-11-16 10:12:23.893906: Current learning rate: 0.00228
2025-11-16 10:16:35.632931: train_loss -0.7018
2025-11-16 10:16:35.633180: val_loss -0.675
2025-11-16 10:16:35.633283: Pseudo dice [np.float32(0.925), np.float32(0.7596), np.float32(0.0)]
2025-11-16 10:16:35.633381: Epoch time: 251.74 s
2025-11-16 10:16:36.723742: 
2025-11-16 10:16:36.723902: Epoch 808
2025-11-16 10:16:36.724014: Current learning rate: 0.00226
2025-11-16 10:20:48.467738: train_loss -0.7074
2025-11-16 10:20:48.467975: val_loss -0.721
2025-11-16 10:20:48.468074: Pseudo dice [np.float32(0.9209), np.float32(0.7622), np.float32(0.0)]
2025-11-16 10:20:48.468172: Epoch time: 251.74 s
2025-11-16 10:20:49.562427: 
2025-11-16 10:20:49.562617: Epoch 809
2025-11-16 10:20:49.562803: Current learning rate: 0.00225
2025-11-16 10:25:01.334978: train_loss -0.6949
2025-11-16 10:25:01.335200: val_loss -0.6376
2025-11-16 10:25:01.335302: Pseudo dice [np.float32(0.9189), np.float32(0.7493), np.float32(0.0)]
2025-11-16 10:25:01.335400: Epoch time: 251.77 s
2025-11-16 10:25:02.434916: 
2025-11-16 10:25:02.435102: Epoch 810
2025-11-16 10:25:02.435196: Current learning rate: 0.00224
2025-11-16 10:29:13.994969: train_loss -0.6985
2025-11-16 10:29:14.001701: val_loss -0.6612
2025-11-16 10:29:14.001830: Pseudo dice [np.float32(0.9239), np.float32(0.7686), np.float32(0.0)]
2025-11-16 10:29:14.001924: Epoch time: 251.56 s
2025-11-16 10:29:15.092133: 
2025-11-16 10:29:15.092361: Epoch 811
2025-11-16 10:29:15.092502: Current learning rate: 0.00223
2025-11-16 10:33:26.778203: train_loss -0.7167
2025-11-16 10:33:26.778452: val_loss -0.695
2025-11-16 10:33:26.778557: Pseudo dice [np.float32(0.9194), np.float32(0.7543), np.float32(0.0)]
2025-11-16 10:33:26.778664: Epoch time: 251.69 s
2025-11-16 10:33:28.324859: 
2025-11-16 10:33:28.325095: Epoch 812
2025-11-16 10:33:28.325265: Current learning rate: 0.00222
2025-11-16 10:37:39.824232: train_loss -0.7283
2025-11-16 10:37:39.824481: val_loss -0.6472
2025-11-16 10:37:39.824601: Pseudo dice [np.float32(0.9226), np.float32(0.7472), np.float32(0.0)]
2025-11-16 10:37:39.824711: Epoch time: 251.5 s
2025-11-16 10:37:40.911008: 
2025-11-16 10:37:40.911249: Epoch 813
2025-11-16 10:37:40.911342: Current learning rate: 0.00221
2025-11-16 10:41:52.283866: train_loss -0.7052
2025-11-16 10:41:52.284104: val_loss -0.7237
2025-11-16 10:41:52.284203: Pseudo dice [np.float32(0.9119), np.float32(0.7566), np.float32(0.0)]
2025-11-16 10:41:52.284301: Epoch time: 251.37 s
2025-11-16 10:41:53.375904: 
2025-11-16 10:41:53.376054: Epoch 814
2025-11-16 10:41:53.376142: Current learning rate: 0.0022
2025-11-16 10:46:04.949251: train_loss -0.7092
2025-11-16 10:46:04.949481: val_loss -0.7087
2025-11-16 10:46:04.949581: Pseudo dice [np.float32(0.9187), np.float32(0.7442), np.float32(0.0)]
2025-11-16 10:46:04.949686: Epoch time: 251.57 s
2025-11-16 10:46:06.047253: 
2025-11-16 10:46:06.047636: Epoch 815
2025-11-16 10:46:06.047925: Current learning rate: 0.00219
2025-11-16 10:50:17.268345: train_loss -0.708
2025-11-16 10:50:17.268564: val_loss -0.6797
2025-11-16 10:50:17.268674: Pseudo dice [np.float32(0.9173), np.float32(0.7385), np.float32(0.0)]
2025-11-16 10:50:17.268810: Epoch time: 251.22 s
2025-11-16 10:50:18.371071: 
2025-11-16 10:50:18.371225: Epoch 816
2025-11-16 10:50:18.371321: Current learning rate: 0.00218
2025-11-16 10:54:29.808507: train_loss -0.7116
2025-11-16 10:54:29.808788: val_loss -0.6654
2025-11-16 10:54:29.808894: Pseudo dice [np.float32(0.9161), np.float32(0.7563), np.float32(0.0)]
2025-11-16 10:54:29.808994: Epoch time: 251.44 s
2025-11-16 10:54:30.902252: 
2025-11-16 10:54:30.902428: Epoch 817
2025-11-16 10:54:30.902543: Current learning rate: 0.00217
2025-11-16 10:58:42.772048: train_loss -0.7131
2025-11-16 10:58:42.772307: val_loss -0.6581
2025-11-16 10:58:42.772411: Pseudo dice [np.float32(0.9238), np.float32(0.7559), np.float32(0.0)]
2025-11-16 10:58:42.772509: Epoch time: 251.87 s
2025-11-16 10:58:43.866465: 
2025-11-16 10:58:43.866678: Epoch 818
2025-11-16 10:58:43.866818: Current learning rate: 0.00216
2025-11-16 11:02:55.647933: train_loss -0.6895
2025-11-16 11:02:55.648165: val_loss -0.7006
2025-11-16 11:02:55.648267: Pseudo dice [np.float32(0.9159), np.float32(0.7693), np.float32(0.0)]
2025-11-16 11:02:55.648365: Epoch time: 251.78 s
2025-11-16 11:02:56.748149: 
2025-11-16 11:02:56.748319: Epoch 819
2025-11-16 11:02:56.748431: Current learning rate: 0.00215
2025-11-16 11:07:08.267883: train_loss -0.7178
2025-11-16 11:07:08.268179: val_loss -0.6673
2025-11-16 11:07:08.268288: Pseudo dice [np.float32(0.9157), np.float32(0.756), np.float32(0.0)]
2025-11-16 11:07:08.268386: Epoch time: 251.52 s
2025-11-16 11:07:09.329406: 
2025-11-16 11:07:09.329556: Epoch 820
2025-11-16 11:07:09.329667: Current learning rate: 0.00214
2025-11-16 11:11:20.875651: train_loss -0.7032
2025-11-16 11:11:20.875880: val_loss -0.651
2025-11-16 11:11:20.875979: Pseudo dice [np.float32(0.9135), np.float32(0.7569), np.float32(0.0)]
2025-11-16 11:11:20.876076: Epoch time: 251.55 s
2025-11-16 11:11:21.951152: 
2025-11-16 11:11:21.951413: Epoch 821
2025-11-16 11:11:21.951544: Current learning rate: 0.00213
2025-11-16 11:15:33.732332: train_loss -0.7227
2025-11-16 11:15:33.732553: val_loss -0.6789
2025-11-16 11:15:33.732664: Pseudo dice [np.float32(0.9294), np.float32(0.7564), np.float32(0.0)]
2025-11-16 11:15:33.732763: Epoch time: 251.78 s
2025-11-16 11:15:34.795699: 
2025-11-16 11:15:34.795989: Epoch 822
2025-11-16 11:15:34.796324: Current learning rate: 0.00212
2025-11-16 11:19:46.302566: train_loss -0.7172
2025-11-16 11:19:46.302793: val_loss -0.6773
2025-11-16 11:19:46.302892: Pseudo dice [np.float32(0.9205), np.float32(0.7574), np.float32(0.0)]
2025-11-16 11:19:46.302989: Epoch time: 251.51 s
2025-11-16 11:19:47.371913: 
2025-11-16 11:19:47.372091: Epoch 823
2025-11-16 11:19:47.372341: Current learning rate: 0.0021
2025-11-16 11:23:59.030494: train_loss -0.7147
2025-11-16 11:23:59.030730: val_loss -0.7014
2025-11-16 11:23:59.030831: Pseudo dice [np.float32(0.9228), np.float32(0.7619), np.float32(0.0)]
2025-11-16 11:23:59.030929: Epoch time: 251.66 s
2025-11-16 11:24:00.095519: 
2025-11-16 11:24:00.095684: Epoch 824
2025-11-16 11:24:00.095777: Current learning rate: 0.00209
2025-11-16 11:28:11.431526: train_loss -0.7129
2025-11-16 11:28:11.431762: val_loss -0.6572
2025-11-16 11:28:11.431862: Pseudo dice [np.float32(0.9227), np.float32(0.7451), np.float32(0.0)]
2025-11-16 11:28:11.431959: Epoch time: 251.34 s
2025-11-16 11:28:12.491267: 
2025-11-16 11:28:12.491504: Epoch 825
2025-11-16 11:28:12.491637: Current learning rate: 0.00208
2025-11-16 11:32:23.956312: train_loss -0.7088
2025-11-16 11:32:23.956577: val_loss -0.6992
2025-11-16 11:32:23.956691: Pseudo dice [np.float32(0.9194), np.float32(0.759), np.float32(0.0)]
2025-11-16 11:32:23.956789: Epoch time: 251.47 s
2025-11-16 11:32:25.017381: 
2025-11-16 11:32:25.017581: Epoch 826
2025-11-16 11:32:25.017678: Current learning rate: 0.00207
2025-11-16 11:36:36.511218: train_loss -0.7304
2025-11-16 11:36:36.511438: val_loss -0.6932
2025-11-16 11:36:36.511540: Pseudo dice [np.float32(0.9221), np.float32(0.7612), np.float32(0.0)]
2025-11-16 11:36:36.511647: Epoch time: 251.49 s
2025-11-16 11:36:37.571400: 
2025-11-16 11:36:37.571556: Epoch 827
2025-11-16 11:36:37.571668: Current learning rate: 0.00206
2025-11-16 11:40:49.027383: train_loss -0.7103
2025-11-16 11:40:49.027620: val_loss -0.6633
2025-11-16 11:40:49.027723: Pseudo dice [np.float32(0.9228), np.float32(0.754), np.float32(0.0)]
2025-11-16 11:40:49.027820: Epoch time: 251.46 s
2025-11-16 11:40:50.134472: 
2025-11-16 11:40:50.134618: Epoch 828
2025-11-16 11:40:50.134710: Current learning rate: 0.00205
2025-11-16 11:45:01.484330: train_loss -0.7215
2025-11-16 11:45:01.484545: val_loss -0.6857
2025-11-16 11:45:01.484653: Pseudo dice [np.float32(0.9203), np.float32(0.7669), np.float32(0.0)]
2025-11-16 11:45:01.484752: Epoch time: 251.35 s
2025-11-16 11:45:03.008507: 
2025-11-16 11:45:03.008690: Epoch 829
2025-11-16 11:45:03.008816: Current learning rate: 0.00204
2025-11-16 11:49:14.616574: train_loss -0.7116
2025-11-16 11:49:14.616868: val_loss -0.6789
2025-11-16 11:49:14.616976: Pseudo dice [np.float32(0.9228), np.float32(0.7678), np.float32(0.0)]
2025-11-16 11:49:14.617074: Epoch time: 251.61 s
2025-11-16 11:49:15.679040: 
2025-11-16 11:49:15.679320: Epoch 830
2025-11-16 11:49:15.679470: Current learning rate: 0.00203
2025-11-16 11:53:27.296797: train_loss -0.727
2025-11-16 11:53:27.297091: val_loss -0.6758
2025-11-16 11:53:27.297202: Pseudo dice [np.float32(0.9208), np.float32(0.759), np.float32(0.0)]
2025-11-16 11:53:27.297299: Epoch time: 251.62 s
2025-11-16 11:53:28.362101: 
2025-11-16 11:53:28.362318: Epoch 831
2025-11-16 11:53:28.362419: Current learning rate: 0.00202
2025-11-16 11:57:39.876138: train_loss -0.7158
2025-11-16 11:57:39.876406: val_loss -0.6374
2025-11-16 11:57:39.876514: Pseudo dice [np.float32(0.9131), np.float32(0.7504), np.float32(0.0)]
2025-11-16 11:57:39.876621: Epoch time: 251.51 s
2025-11-16 11:57:40.947870: 
2025-11-16 11:57:40.948174: Epoch 832
2025-11-16 11:57:40.948270: Current learning rate: 0.00201
2025-11-16 12:01:52.563514: train_loss -0.7129
2025-11-16 12:01:52.563863: val_loss -0.6898
2025-11-16 12:01:52.563986: Pseudo dice [np.float32(0.9205), np.float32(0.7616), np.float32(0.0)]
2025-11-16 12:01:52.564082: Epoch time: 251.62 s
2025-11-16 12:01:53.635969: 
2025-11-16 12:01:53.636135: Epoch 833
2025-11-16 12:01:53.636246: Current learning rate: 0.002
2025-11-16 12:06:05.229789: train_loss -0.7244
2025-11-16 12:06:05.230015: val_loss -0.6566
2025-11-16 12:06:05.230115: Pseudo dice [np.float32(0.9164), np.float32(0.7539), np.float32(0.0)]
2025-11-16 12:06:05.230214: Epoch time: 251.59 s
2025-11-16 12:06:06.295175: 
2025-11-16 12:06:06.295326: Epoch 834
2025-11-16 12:06:06.295440: Current learning rate: 0.00199
2025-11-16 12:10:17.757912: train_loss -0.7153
2025-11-16 12:10:17.758140: val_loss -0.6509
2025-11-16 12:10:17.758240: Pseudo dice [np.float32(0.9101), np.float32(0.7454), np.float32(0.0)]
2025-11-16 12:10:17.758335: Epoch time: 251.46 s
2025-11-16 12:10:18.814284: 
2025-11-16 12:10:18.814514: Epoch 835
2025-11-16 12:10:18.814646: Current learning rate: 0.00198
2025-11-16 12:14:30.293783: train_loss -0.7172
2025-11-16 12:14:30.294013: val_loss -0.6859
2025-11-16 12:14:30.294115: Pseudo dice [np.float32(0.9191), np.float32(0.7617), np.float32(0.0)]
2025-11-16 12:14:30.294210: Epoch time: 251.48 s
2025-11-16 12:14:31.357433: 
2025-11-16 12:14:31.357608: Epoch 836
2025-11-16 12:14:31.357718: Current learning rate: 0.00196
2025-11-16 12:18:42.927533: train_loss -0.7175
2025-11-16 12:18:42.927794: val_loss -0.6717
2025-11-16 12:18:42.927899: Pseudo dice [np.float32(0.919), np.float32(0.7585), np.float32(0.0)]
2025-11-16 12:18:42.927997: Epoch time: 251.57 s
2025-11-16 12:18:43.985461: 
2025-11-16 12:18:43.985631: Epoch 837
2025-11-16 12:18:43.985736: Current learning rate: 0.00195
2025-11-16 12:22:55.558717: train_loss -0.7214
2025-11-16 12:22:55.558939: val_loss -0.7201
2025-11-16 12:22:55.559040: Pseudo dice [np.float32(0.9243), np.float32(0.7565), np.float32(0.0)]
2025-11-16 12:22:55.559137: Epoch time: 251.57 s
2025-11-16 12:22:56.623657: 
2025-11-16 12:22:56.623832: Epoch 838
2025-11-16 12:22:56.623975: Current learning rate: 0.00194
2025-11-16 12:27:08.208785: train_loss -0.7111
2025-11-16 12:27:08.209015: val_loss -0.6975
2025-11-16 12:27:08.209117: Pseudo dice [np.float32(0.9216), np.float32(0.7744), np.float32(0.0)]
2025-11-16 12:27:08.209213: Epoch time: 251.59 s
2025-11-16 12:27:09.269508: 
2025-11-16 12:27:09.269664: Epoch 839
2025-11-16 12:27:09.269752: Current learning rate: 0.00193
2025-11-16 12:31:20.505531: train_loss -0.6999
2025-11-16 12:31:20.505765: val_loss -0.6719
2025-11-16 12:31:20.505862: Pseudo dice [np.float32(0.9214), np.float32(0.7656), np.float32(0.0)]
2025-11-16 12:31:20.505959: Epoch time: 251.24 s
2025-11-16 12:31:21.565471: 
2025-11-16 12:31:21.565687: Epoch 840
2025-11-16 12:31:21.565802: Current learning rate: 0.00192
2025-11-16 12:35:32.918358: train_loss -0.7079
2025-11-16 12:35:32.918578: val_loss -0.6687
2025-11-16 12:35:32.918688: Pseudo dice [np.float32(0.9225), np.float32(0.7641), np.float32(0.0)]
2025-11-16 12:35:32.918786: Epoch time: 251.35 s
2025-11-16 12:35:33.975547: 
2025-11-16 12:35:33.975752: Epoch 841
2025-11-16 12:35:33.975853: Current learning rate: 0.00191
2025-11-16 12:39:45.510895: train_loss -0.7141
2025-11-16 12:39:45.511118: val_loss -0.6795
2025-11-16 12:39:45.511219: Pseudo dice [np.float32(0.9206), np.float32(0.7575), np.float32(0.0)]
2025-11-16 12:39:45.511348: Epoch time: 251.54 s
2025-11-16 12:39:46.569480: 
2025-11-16 12:39:46.569653: Epoch 842
2025-11-16 12:39:46.569763: Current learning rate: 0.0019
2025-11-16 12:43:58.170934: train_loss -0.72
2025-11-16 12:43:58.171153: val_loss -0.6656
2025-11-16 12:43:58.171252: Pseudo dice [np.float32(0.9137), np.float32(0.7575), np.float32(0.0)]
2025-11-16 12:43:58.171387: Epoch time: 251.6 s
2025-11-16 12:43:59.235250: 
2025-11-16 12:43:59.235521: Epoch 843
2025-11-16 12:43:59.235730: Current learning rate: 0.00189
2025-11-16 12:48:10.773241: train_loss -0.7032
2025-11-16 12:48:10.773484: val_loss -0.6762
2025-11-16 12:48:10.773590: Pseudo dice [np.float32(0.9099), np.float32(0.762), np.float32(0.0)]
2025-11-16 12:48:10.773696: Epoch time: 251.54 s
2025-11-16 12:48:11.833115: 
2025-11-16 12:48:11.833304: Epoch 844
2025-11-16 12:48:11.833414: Current learning rate: 0.00188
2025-11-16 12:52:23.246780: train_loss -0.7161
2025-11-16 12:52:23.247016: val_loss -0.6919
2025-11-16 12:52:23.247118: Pseudo dice [np.float32(0.9144), np.float32(0.7601), np.float32(0.0)]
2025-11-16 12:52:23.247218: Epoch time: 251.41 s
2025-11-16 12:52:24.755114: 
2025-11-16 12:52:24.755345: Epoch 845
2025-11-16 12:52:24.755512: Current learning rate: 0.00187
2025-11-16 12:56:35.810807: train_loss -0.7101
2025-11-16 12:56:35.811031: val_loss -0.6572
2025-11-16 12:56:35.811132: Pseudo dice [np.float32(0.9132), np.float32(0.7644), np.float32(0.0)]
2025-11-16 12:56:35.811229: Epoch time: 251.06 s
2025-11-16 12:56:36.860868: 
2025-11-16 12:56:36.861030: Epoch 846
2025-11-16 12:56:36.861137: Current learning rate: 0.00186
2025-11-16 13:00:48.220507: train_loss -0.7146
2025-11-16 13:00:48.220736: val_loss -0.6792
2025-11-16 13:00:48.220835: Pseudo dice [np.float32(0.9183), np.float32(0.7615), np.float32(0.0)]
2025-11-16 13:00:48.220979: Epoch time: 251.36 s
2025-11-16 13:00:49.289439: 
2025-11-16 13:00:49.289629: Epoch 847
2025-11-16 13:00:49.289721: Current learning rate: 0.00185
2025-11-16 13:05:00.855391: train_loss -0.7214
2025-11-16 13:05:00.855667: val_loss -0.6385
2025-11-16 13:05:00.855808: Pseudo dice [np.float32(0.9159), np.float32(0.7598), np.float32(0.0)]
2025-11-16 13:05:00.855933: Epoch time: 251.57 s
2025-11-16 13:05:01.921674: 
2025-11-16 13:05:01.921951: Epoch 848
2025-11-16 13:05:01.922125: Current learning rate: 0.00184
2025-11-16 13:09:13.303023: train_loss -0.7205
2025-11-16 13:09:13.303247: val_loss -0.6955
2025-11-16 13:09:13.303345: Pseudo dice [np.float32(0.9221), np.float32(0.7598), np.float32(0.0)]
2025-11-16 13:09:13.303485: Epoch time: 251.38 s
2025-11-16 13:09:14.367361: 
2025-11-16 13:09:14.367574: Epoch 849
2025-11-16 13:09:14.367732: Current learning rate: 0.00182
2025-11-16 13:13:25.845024: train_loss -0.7235
2025-11-16 13:13:25.845249: val_loss -0.6728
2025-11-16 13:13:25.845351: Pseudo dice [np.float32(0.9181), np.float32(0.7435), np.float32(0.0)]
2025-11-16 13:13:25.845448: Epoch time: 251.48 s
2025-11-16 13:13:27.233066: 
2025-11-16 13:13:27.233317: Epoch 850
2025-11-16 13:13:27.233430: Current learning rate: 0.00181
2025-11-16 13:17:38.622874: train_loss -0.7041
2025-11-16 13:17:38.623109: val_loss -0.6701
2025-11-16 13:17:38.623210: Pseudo dice [np.float32(0.9152), np.float32(0.7589), np.float32(0.0)]
2025-11-16 13:17:38.623339: Epoch time: 251.39 s
2025-11-16 13:17:39.668193: 
2025-11-16 13:17:39.668356: Epoch 851
2025-11-16 13:17:39.668445: Current learning rate: 0.0018
2025-11-16 13:21:51.217315: train_loss -0.7186
2025-11-16 13:21:51.217544: val_loss -0.6277
2025-11-16 13:21:51.217653: Pseudo dice [np.float32(0.9117), np.float32(0.744), np.float32(0.0)]
2025-11-16 13:21:51.217755: Epoch time: 251.55 s
2025-11-16 13:21:52.267935: 
2025-11-16 13:21:52.268128: Epoch 852
2025-11-16 13:21:52.268239: Current learning rate: 0.00179
2025-11-16 13:26:03.638482: train_loss -0.7199
2025-11-16 13:26:03.638716: val_loss -0.714
2025-11-16 13:26:03.638817: Pseudo dice [np.float32(0.9259), np.float32(0.755), np.float32(0.0)]
2025-11-16 13:26:03.638916: Epoch time: 251.37 s
2025-11-16 13:26:04.684917: 
2025-11-16 13:26:04.685122: Epoch 853
2025-11-16 13:26:04.685233: Current learning rate: 0.00178
2025-11-16 13:30:16.662376: train_loss -0.723
2025-11-16 13:30:16.662617: val_loss -0.7061
2025-11-16 13:30:16.662718: Pseudo dice [np.float32(0.9213), np.float32(0.7695), np.float32(0.0)]
2025-11-16 13:30:16.662816: Epoch time: 251.98 s
2025-11-16 13:30:17.714962: 
2025-11-16 13:30:17.715110: Epoch 854
2025-11-16 13:30:17.715203: Current learning rate: 0.00177
2025-11-16 13:34:29.305568: train_loss -0.7075
2025-11-16 13:34:29.305792: val_loss -0.6829
2025-11-16 13:34:29.309764: Pseudo dice [np.float32(0.9062), np.float32(0.7575), np.float32(0.0)]
2025-11-16 13:34:29.309870: Epoch time: 251.59 s
2025-11-16 13:34:30.355519: 
2025-11-16 13:34:30.355721: Epoch 855
2025-11-16 13:34:30.355813: Current learning rate: 0.00176
2025-11-16 13:38:42.151868: train_loss -0.7162
2025-11-16 13:38:42.152101: val_loss -0.6584
2025-11-16 13:38:42.152205: Pseudo dice [np.float32(0.9192), np.float32(0.7487), np.float32(0.0)]
2025-11-16 13:38:42.152305: Epoch time: 251.8 s
2025-11-16 13:38:43.207282: 
2025-11-16 13:38:43.207454: Epoch 856
2025-11-16 13:38:43.207564: Current learning rate: 0.00175
2025-11-16 13:42:54.738976: train_loss -0.7051
2025-11-16 13:42:54.739206: val_loss -0.709
2025-11-16 13:42:54.739304: Pseudo dice [np.float32(0.9148), np.float32(0.7562), np.float32(0.0)]
2025-11-16 13:42:54.739402: Epoch time: 251.53 s
2025-11-16 13:42:55.790164: 
2025-11-16 13:42:55.790342: Epoch 857
2025-11-16 13:42:55.790439: Current learning rate: 0.00174
2025-11-16 13:47:07.248038: train_loss -0.7006
2025-11-16 13:47:07.248258: val_loss -0.6991
2025-11-16 13:47:07.248358: Pseudo dice [np.float32(0.9224), np.float32(0.7463), np.float32(0.0)]
2025-11-16 13:47:07.248455: Epoch time: 251.46 s
2025-11-16 13:47:08.304558: 
2025-11-16 13:47:08.304802: Epoch 858
2025-11-16 13:47:08.304914: Current learning rate: 0.00173
2025-11-16 13:51:19.919890: train_loss -0.7134
2025-11-16 13:51:19.920176: val_loss -0.6948
2025-11-16 13:51:19.920281: Pseudo dice [np.float32(0.9189), np.float32(0.763), np.float32(0.0)]
2025-11-16 13:51:19.920382: Epoch time: 251.62 s
2025-11-16 13:51:20.973217: 
2025-11-16 13:51:20.973379: Epoch 859
2025-11-16 13:51:20.973488: Current learning rate: 0.00172
2025-11-16 13:55:32.437346: train_loss -0.7272
2025-11-16 13:55:32.437574: val_loss -0.655
2025-11-16 13:55:32.437680: Pseudo dice [np.float32(0.9237), np.float32(0.7304), np.float32(0.0)]
2025-11-16 13:55:32.437780: Epoch time: 251.46 s
2025-11-16 13:55:33.486433: 
2025-11-16 13:55:33.486574: Epoch 860
2025-11-16 13:55:33.486668: Current learning rate: 0.0017
2025-11-16 13:59:45.001559: train_loss -0.7297
2025-11-16 13:59:45.001790: val_loss -0.7233
2025-11-16 13:59:45.001945: Pseudo dice [np.float32(0.924), np.float32(0.7588), np.float32(0.0)]
2025-11-16 13:59:45.002052: Epoch time: 251.52 s
2025-11-16 13:59:46.046844: 
2025-11-16 13:59:46.047108: Epoch 861
2025-11-16 13:59:46.047218: Current learning rate: 0.00169
2025-11-16 14:03:57.536553: train_loss -0.7223
2025-11-16 14:03:57.536778: val_loss -0.6379
2025-11-16 14:03:57.536879: Pseudo dice [np.float32(0.9127), np.float32(0.7551), np.float32(0.0)]
2025-11-16 14:03:57.536978: Epoch time: 251.49 s
2025-11-16 14:03:59.036072: 
2025-11-16 14:03:59.036248: Epoch 862
2025-11-16 14:03:59.036357: Current learning rate: 0.00168
2025-11-16 14:08:10.439715: train_loss -0.7237
2025-11-16 14:08:10.439945: val_loss -0.6909
2025-11-16 14:08:10.440049: Pseudo dice [np.float32(0.9174), np.float32(0.7619), np.float32(0.0)]
2025-11-16 14:08:10.440149: Epoch time: 251.4 s
2025-11-16 14:08:11.489305: 
2025-11-16 14:08:11.489543: Epoch 863
2025-11-16 14:08:11.489658: Current learning rate: 0.00167
2025-11-16 14:12:22.945298: train_loss -0.7187
2025-11-16 14:12:22.945519: val_loss -0.6945
2025-11-16 14:12:22.945631: Pseudo dice [np.float32(0.9206), np.float32(0.7551), np.float32(0.0)]
2025-11-16 14:12:22.945732: Epoch time: 251.46 s
2025-11-16 14:12:23.992548: 
2025-11-16 14:12:23.992730: Epoch 864
2025-11-16 14:12:23.992823: Current learning rate: 0.00166
2025-11-16 14:16:35.182918: train_loss -0.7178
2025-11-16 14:16:35.183152: val_loss -0.698
2025-11-16 14:16:35.183256: Pseudo dice [np.float32(0.9232), np.float32(0.7537), np.float32(0.0)]
2025-11-16 14:16:35.183355: Epoch time: 251.19 s
2025-11-16 14:16:36.233075: 
2025-11-16 14:16:36.233266: Epoch 865
2025-11-16 14:16:36.233490: Current learning rate: 0.00165
2025-11-16 14:20:47.784822: train_loss -0.7177
2025-11-16 14:20:47.785050: val_loss -0.6858
2025-11-16 14:20:47.785157: Pseudo dice [np.float32(0.9169), np.float32(0.7679), np.float32(0.0)]
2025-11-16 14:20:47.785254: Epoch time: 251.55 s
2025-11-16 14:20:48.830880: 
2025-11-16 14:20:48.831056: Epoch 866
2025-11-16 14:20:48.831160: Current learning rate: 0.00164
2025-11-16 14:25:00.693151: train_loss -0.7113
2025-11-16 14:25:00.693399: val_loss -0.6667
2025-11-16 14:25:00.693506: Pseudo dice [np.float32(0.9202), np.float32(0.7566), np.float32(0.0)]
2025-11-16 14:25:00.693605: Epoch time: 251.86 s
2025-11-16 14:25:01.754479: 
2025-11-16 14:25:01.754642: Epoch 867
2025-11-16 14:25:01.754755: Current learning rate: 0.00163
2025-11-16 14:29:13.135571: train_loss -0.7126
2025-11-16 14:29:13.135793: val_loss -0.6516
2025-11-16 14:29:13.135892: Pseudo dice [np.float32(0.9103), np.float32(0.7386), np.float32(0.0)]
2025-11-16 14:29:13.135989: Epoch time: 251.38 s
2025-11-16 14:29:14.188558: 
2025-11-16 14:29:14.188729: Epoch 868
2025-11-16 14:29:14.188820: Current learning rate: 0.00162
2025-11-16 14:33:25.594476: train_loss -0.7095
2025-11-16 14:33:25.594702: val_loss -0.7021
2025-11-16 14:33:25.594802: Pseudo dice [np.float32(0.9158), np.float32(0.7496), np.float32(0.0)]
2025-11-16 14:33:25.594898: Epoch time: 251.41 s
2025-11-16 14:33:26.643342: 
2025-11-16 14:33:26.643505: Epoch 869
2025-11-16 14:33:26.643619: Current learning rate: 0.00161
2025-11-16 14:37:38.061854: train_loss -0.7169
2025-11-16 14:37:38.062075: val_loss -0.6999
2025-11-16 14:37:38.062176: Pseudo dice [np.float32(0.9171), np.float32(0.7519), np.float32(0.0)]
2025-11-16 14:37:38.062272: Epoch time: 251.42 s
2025-11-16 14:37:39.112180: 
2025-11-16 14:37:39.112383: Epoch 870
2025-11-16 14:37:39.112512: Current learning rate: 0.00159
2025-11-16 14:41:50.620220: train_loss -0.7131
2025-11-16 14:41:50.620437: val_loss -0.6667
2025-11-16 14:41:50.620535: Pseudo dice [np.float32(0.921), np.float32(0.7611), np.float32(0.0)]
2025-11-16 14:41:50.620639: Epoch time: 251.51 s
2025-11-16 14:41:51.666953: 
2025-11-16 14:41:51.667238: Epoch 871
2025-11-16 14:41:51.667366: Current learning rate: 0.00158
2025-11-16 14:46:03.075314: train_loss -0.7023
2025-11-16 14:46:03.075541: val_loss -0.7054
2025-11-16 14:46:03.075653: Pseudo dice [np.float32(0.9233), np.float32(0.7581), np.float32(0.0)]
2025-11-16 14:46:03.075753: Epoch time: 251.41 s
2025-11-16 14:46:04.140637: 
2025-11-16 14:46:04.140903: Epoch 872
2025-11-16 14:46:04.141031: Current learning rate: 0.00157
2025-11-16 14:50:15.576363: train_loss -0.7067
2025-11-16 14:50:15.576595: val_loss -0.6812
2025-11-16 14:50:15.576703: Pseudo dice [np.float32(0.9168), np.float32(0.7571), np.float32(0.0)]
2025-11-16 14:50:15.576801: Epoch time: 251.44 s
2025-11-16 14:50:16.634819: 
2025-11-16 14:50:16.634982: Epoch 873
2025-11-16 14:50:16.635089: Current learning rate: 0.00156
2025-11-16 14:54:28.308905: train_loss -0.7147
2025-11-16 14:54:28.309133: val_loss -0.7079
2025-11-16 14:54:28.309232: Pseudo dice [np.float32(0.919), np.float32(0.7592), np.float32(0.0)]
2025-11-16 14:54:28.309325: Epoch time: 251.67 s
2025-11-16 14:54:29.352319: 
2025-11-16 14:54:29.352584: Epoch 874
2025-11-16 14:54:29.352703: Current learning rate: 0.00155
2025-11-16 14:58:40.709475: train_loss -0.7291
2025-11-16 14:58:40.709758: val_loss -0.7004
2025-11-16 14:58:40.709865: Pseudo dice [np.float32(0.9163), np.float32(0.7619), np.float32(0.0)]
2025-11-16 14:58:40.709961: Epoch time: 251.36 s
2025-11-16 14:58:41.752655: 
2025-11-16 14:58:41.752862: Epoch 875
2025-11-16 14:58:41.752975: Current learning rate: 0.00154
2025-11-16 15:02:53.079410: train_loss -0.734
2025-11-16 15:02:53.079676: val_loss -0.6813
2025-11-16 15:02:53.079799: Pseudo dice [np.float32(0.9172), np.float32(0.7316), np.float32(0.0)]
2025-11-16 15:02:53.079900: Epoch time: 251.33 s
2025-11-16 15:02:54.134129: 
2025-11-16 15:02:54.134270: Epoch 876
2025-11-16 15:02:54.134362: Current learning rate: 0.00153
2025-11-16 15:07:05.719675: train_loss -0.7143
2025-11-16 15:07:05.719901: val_loss -0.7153
2025-11-16 15:07:05.719999: Pseudo dice [np.float32(0.9273), np.float32(0.7607), np.float32(0.0)]
2025-11-16 15:07:05.720097: Epoch time: 251.59 s
2025-11-16 15:07:06.697161: 
2025-11-16 15:07:06.697379: Epoch 877
2025-11-16 15:07:06.697508: Current learning rate: 0.00152
2025-11-16 15:11:18.249197: train_loss -0.7374
2025-11-16 15:11:18.249421: val_loss -0.6865
2025-11-16 15:11:18.249521: Pseudo dice [np.float32(0.923), np.float32(0.763), np.float32(0.0)]
2025-11-16 15:11:18.249626: Epoch time: 251.55 s
2025-11-16 15:11:19.297358: 
2025-11-16 15:11:19.297550: Epoch 878
2025-11-16 15:11:19.297660: Current learning rate: 0.00151
2025-11-16 15:15:30.791490: train_loss -0.7215
2025-11-16 15:15:30.791722: val_loss -0.6661
2025-11-16 15:15:30.791822: Pseudo dice [np.float32(0.9111), np.float32(0.7589), np.float32(0.0)]
2025-11-16 15:15:30.791920: Epoch time: 251.49 s
2025-11-16 15:15:31.842367: 
2025-11-16 15:15:31.842586: Epoch 879
2025-11-16 15:15:31.842738: Current learning rate: 0.00149
2025-11-16 15:19:43.377282: train_loss -0.72
2025-11-16 15:19:43.377499: val_loss -0.669
2025-11-16 15:19:43.377598: Pseudo dice [np.float32(0.9128), np.float32(0.7651), np.float32(0.0)]
2025-11-16 15:19:43.377706: Epoch time: 251.54 s
2025-11-16 15:19:44.894900: 
2025-11-16 15:19:44.895044: Epoch 880
2025-11-16 15:19:44.895130: Current learning rate: 0.00148
2025-11-16 15:23:56.527185: train_loss -0.7258
2025-11-16 15:23:56.527442: val_loss -0.6746
2025-11-16 15:23:56.527548: Pseudo dice [np.float32(0.9248), np.float32(0.7599), np.float32(0.0)]
2025-11-16 15:23:56.527655: Epoch time: 251.63 s
2025-11-16 15:23:57.572341: 
2025-11-16 15:23:57.572690: Epoch 881
2025-11-16 15:23:57.572987: Current learning rate: 0.00147
2025-11-16 15:28:09.152431: train_loss -0.7249
2025-11-16 15:28:09.152689: val_loss -0.6725
2025-11-16 15:28:09.152794: Pseudo dice [np.float32(0.9134), np.float32(0.7386), np.float32(0.0)]
2025-11-16 15:28:09.152935: Epoch time: 251.58 s
2025-11-16 15:28:10.194968: 
2025-11-16 15:28:10.195124: Epoch 882
2025-11-16 15:28:10.195214: Current learning rate: 0.00146
2025-11-16 15:32:21.471966: train_loss -0.7235
2025-11-16 15:32:21.472200: val_loss -0.6716
2025-11-16 15:32:21.472301: Pseudo dice [np.float32(0.9239), np.float32(0.7577), np.float32(0.0)]
2025-11-16 15:32:21.472397: Epoch time: 251.28 s
2025-11-16 15:32:22.524712: 
2025-11-16 15:32:22.524867: Epoch 883
2025-11-16 15:32:22.524968: Current learning rate: 0.00145
2025-11-16 15:36:33.903739: train_loss -0.7249
2025-11-16 15:36:33.903963: val_loss -0.6623
2025-11-16 15:36:33.904063: Pseudo dice [np.float32(0.9153), np.float32(0.7587), np.float32(0.0)]
2025-11-16 15:36:33.904160: Epoch time: 251.38 s
2025-11-16 15:36:34.952163: 
2025-11-16 15:36:34.952344: Epoch 884
2025-11-16 15:36:34.952458: Current learning rate: 0.00144
2025-11-16 15:40:46.719451: train_loss -0.7049
2025-11-16 15:40:46.719681: val_loss -0.6803
2025-11-16 15:40:46.719790: Pseudo dice [np.float32(0.916), np.float32(0.7537), np.float32(0.0)]
2025-11-16 15:40:46.719891: Epoch time: 251.77 s
2025-11-16 15:40:47.770476: 
2025-11-16 15:40:47.770676: Epoch 885
2025-11-16 15:40:47.770790: Current learning rate: 0.00143
2025-11-16 15:44:58.969175: train_loss -0.716
2025-11-16 15:44:58.969409: val_loss -0.6797
2025-11-16 15:44:58.969511: Pseudo dice [np.float32(0.9178), np.float32(0.7471), np.float32(0.0)]
2025-11-16 15:44:58.969618: Epoch time: 251.2 s
2025-11-16 15:45:00.019124: 
2025-11-16 15:45:00.019296: Epoch 886
2025-11-16 15:45:00.019424: Current learning rate: 0.00142
2025-11-16 15:49:11.804954: train_loss -0.7213
2025-11-16 15:49:11.805181: val_loss -0.6603
2025-11-16 15:49:11.805313: Pseudo dice [np.float32(0.9185), np.float32(0.7596), np.float32(0.0)]
2025-11-16 15:49:11.805488: Epoch time: 251.79 s
2025-11-16 15:49:12.867303: 
2025-11-16 15:49:12.867501: Epoch 887
2025-11-16 15:49:12.867619: Current learning rate: 0.00141
2025-11-16 15:53:24.311346: train_loss -0.7212
2025-11-16 15:53:24.311559: val_loss -0.6686
2025-11-16 15:53:24.311666: Pseudo dice [np.float32(0.9119), np.float32(0.7568), np.float32(0.0)]
2025-11-16 15:53:24.311768: Epoch time: 251.44 s
2025-11-16 15:53:25.362591: 
2025-11-16 15:53:25.362749: Epoch 888
2025-11-16 15:53:25.362841: Current learning rate: 0.00139
2025-11-16 15:57:36.969086: train_loss -0.7166
2025-11-16 15:57:36.969352: val_loss -0.66
2025-11-16 15:57:36.969456: Pseudo dice [np.float32(0.9193), np.float32(0.7437), np.float32(0.0)]
2025-11-16 15:57:36.969554: Epoch time: 251.61 s
2025-11-16 15:57:38.016894: 
2025-11-16 15:57:38.017065: Epoch 889
2025-11-16 15:57:38.017172: Current learning rate: 0.00138
2025-11-16 16:01:49.845737: train_loss -0.7025
2025-11-16 16:01:49.845972: val_loss -0.6651
2025-11-16 16:01:49.846074: Pseudo dice [np.float32(0.9183), np.float32(0.758), np.float32(0.0)]
2025-11-16 16:01:49.846172: Epoch time: 251.83 s
2025-11-16 16:01:50.889176: 
2025-11-16 16:01:50.889449: Epoch 890
2025-11-16 16:01:50.889659: Current learning rate: 0.00137
2025-11-16 16:06:02.315282: train_loss -0.7182
2025-11-16 16:06:02.315502: val_loss -0.664
2025-11-16 16:06:02.315601: Pseudo dice [np.float32(0.9142), np.float32(0.761), np.float32(0.0)]
2025-11-16 16:06:02.315706: Epoch time: 251.43 s
2025-11-16 16:06:03.360081: 
2025-11-16 16:06:03.360273: Epoch 891
2025-11-16 16:06:03.360362: Current learning rate: 0.00136
2025-11-16 16:10:14.796436: train_loss -0.7275
2025-11-16 16:10:14.796672: val_loss -0.6835
2025-11-16 16:10:14.796779: Pseudo dice [np.float32(0.9263), np.float32(0.7598), np.float32(0.0)]
2025-11-16 16:10:14.796879: Epoch time: 251.44 s
2025-11-16 16:10:15.843171: 
2025-11-16 16:10:15.843406: Epoch 892
2025-11-16 16:10:15.843547: Current learning rate: 0.00135
2025-11-16 16:14:27.215411: train_loss -0.7119
2025-11-16 16:14:27.215671: val_loss -0.6903
2025-11-16 16:14:27.215773: Pseudo dice [np.float32(0.9149), np.float32(0.756), np.float32(0.0)]
2025-11-16 16:14:27.215870: Epoch time: 251.37 s
2025-11-16 16:14:28.273910: 
2025-11-16 16:14:28.274065: Epoch 893
2025-11-16 16:14:28.274168: Current learning rate: 0.00134
2025-11-16 16:18:40.088885: train_loss -0.7125
2025-11-16 16:18:40.089174: val_loss -0.6601
2025-11-16 16:18:40.089279: Pseudo dice [np.float32(0.9209), np.float32(0.7554), np.float32(0.0)]
2025-11-16 16:18:40.089379: Epoch time: 251.82 s
2025-11-16 16:18:41.154886: 
2025-11-16 16:18:41.155053: Epoch 894
2025-11-16 16:18:41.155165: Current learning rate: 0.00133
2025-11-16 16:22:52.695902: train_loss -0.7119
2025-11-16 16:22:52.696125: val_loss -0.6598
2025-11-16 16:22:52.696224: Pseudo dice [np.float32(0.9196), np.float32(0.7575), np.float32(0.0)]
2025-11-16 16:22:52.696322: Epoch time: 251.54 s
2025-11-16 16:22:53.745593: 
2025-11-16 16:22:53.745825: Epoch 895
2025-11-16 16:22:53.745999: Current learning rate: 0.00132
2025-11-16 16:27:05.057039: train_loss -0.7131
2025-11-16 16:27:05.057270: val_loss -0.6783
2025-11-16 16:27:05.057371: Pseudo dice [np.float32(0.916), np.float32(0.7617), np.float32(0.0)]
2025-11-16 16:27:05.057469: Epoch time: 251.31 s
2025-11-16 16:27:06.103643: 
2025-11-16 16:27:06.103910: Epoch 896
2025-11-16 16:27:06.104083: Current learning rate: 0.0013
2025-11-16 16:31:17.483281: train_loss -0.7211
2025-11-16 16:31:17.483565: val_loss -0.6928
2025-11-16 16:31:17.483679: Pseudo dice [np.float32(0.9229), np.float32(0.7567), np.float32(0.0)]
2025-11-16 16:31:17.483780: Epoch time: 251.38 s
2025-11-16 16:31:18.974377: 
2025-11-16 16:31:18.974642: Epoch 897
2025-11-16 16:31:18.974771: Current learning rate: 0.00129
2025-11-16 16:35:30.335473: train_loss -0.7083
2025-11-16 16:35:30.335708: val_loss -0.6918
2025-11-16 16:35:30.335809: Pseudo dice [np.float32(0.9164), np.float32(0.7374), np.float32(0.0)]
2025-11-16 16:35:30.335907: Epoch time: 251.36 s
2025-11-16 16:35:31.373214: 
2025-11-16 16:35:31.373383: Epoch 898
2025-11-16 16:35:31.373492: Current learning rate: 0.00128
2025-11-16 16:39:43.291648: train_loss -0.7134
2025-11-16 16:39:43.291865: val_loss -0.6869
2025-11-16 16:39:43.291970: Pseudo dice [np.float32(0.923), np.float32(0.7626), np.float32(0.0)]
2025-11-16 16:39:43.295660: Epoch time: 251.92 s
2025-11-16 16:39:44.343704: 
2025-11-16 16:39:44.343868: Epoch 899
2025-11-16 16:39:44.343975: Current learning rate: 0.00127
2025-11-16 16:43:55.953178: train_loss -0.7274
2025-11-16 16:43:55.953405: val_loss -0.6545
2025-11-16 16:43:55.953508: Pseudo dice [np.float32(0.9069), np.float32(0.7648), np.float32(0.0)]
2025-11-16 16:43:55.953605: Epoch time: 251.61 s
2025-11-16 16:43:57.363005: 
2025-11-16 16:43:57.363175: Epoch 900
2025-11-16 16:43:57.363301: Current learning rate: 0.00126
2025-11-16 16:48:08.778956: train_loss -0.7178
2025-11-16 16:48:08.779190: val_loss -0.6809
2025-11-16 16:48:08.779294: Pseudo dice [np.float32(0.9224), np.float32(0.7501), np.float32(0.0)]
2025-11-16 16:48:08.779392: Epoch time: 251.42 s
2025-11-16 16:48:09.832768: 
2025-11-16 16:48:09.832922: Epoch 901
2025-11-16 16:48:09.833012: Current learning rate: 0.00125
2025-11-16 16:52:21.659265: train_loss -0.7279
2025-11-16 16:52:21.659492: val_loss -0.6814
2025-11-16 16:52:21.659592: Pseudo dice [np.float32(0.9191), np.float32(0.7573), np.float32(0.0)]
2025-11-16 16:52:21.659697: Epoch time: 251.83 s
2025-11-16 16:52:22.708079: 
2025-11-16 16:52:22.708359: Epoch 902
2025-11-16 16:52:22.708482: Current learning rate: 0.00124
2025-11-16 16:56:34.444587: train_loss -0.717
2025-11-16 16:56:34.444826: val_loss -0.7128
2025-11-16 16:56:34.444923: Pseudo dice [np.float32(0.9217), np.float32(0.7518), np.float32(0.0)]
2025-11-16 16:56:34.445019: Epoch time: 251.74 s
2025-11-16 16:56:35.493133: 
2025-11-16 16:56:35.493321: Epoch 903
2025-11-16 16:56:35.493414: Current learning rate: 0.00122
2025-11-16 17:00:46.788054: train_loss -0.728
2025-11-16 17:00:46.788283: val_loss -0.6797
2025-11-16 17:00:46.788383: Pseudo dice [np.float32(0.9157), np.float32(0.7594), np.float32(0.0)]
2025-11-16 17:00:46.788483: Epoch time: 251.3 s
2025-11-16 17:00:47.833244: 
2025-11-16 17:00:47.833492: Epoch 904
2025-11-16 17:00:47.833594: Current learning rate: 0.00121
2025-11-16 17:04:59.303497: train_loss -0.7157
2025-11-16 17:04:59.303750: val_loss -0.6727
2025-11-16 17:04:59.303859: Pseudo dice [np.float32(0.9176), np.float32(0.7529), np.float32(0.0)]
2025-11-16 17:04:59.303961: Epoch time: 251.47 s
2025-11-16 17:05:00.349724: 
2025-11-16 17:05:00.349883: Epoch 905
2025-11-16 17:05:00.349978: Current learning rate: 0.0012
2025-11-16 17:09:11.794322: train_loss -0.7204
2025-11-16 17:09:11.794559: val_loss -0.6678
2025-11-16 17:09:11.794666: Pseudo dice [np.float32(0.9163), np.float32(0.749), np.float32(0.0)]
2025-11-16 17:09:11.794764: Epoch time: 251.45 s
2025-11-16 17:09:12.848422: 
2025-11-16 17:09:12.848637: Epoch 906
2025-11-16 17:09:12.848759: Current learning rate: 0.00119
2025-11-16 17:13:24.400543: train_loss -0.7171
2025-11-16 17:13:24.400820: val_loss -0.6914
2025-11-16 17:13:24.400928: Pseudo dice [np.float32(0.9187), np.float32(0.7549), np.float32(0.0)]
2025-11-16 17:13:24.401026: Epoch time: 251.55 s
2025-11-16 17:13:25.452704: 
2025-11-16 17:13:25.452873: Epoch 907
2025-11-16 17:13:25.452965: Current learning rate: 0.00118
2025-11-16 17:17:36.959025: train_loss -0.7284
2025-11-16 17:17:36.959256: val_loss -0.6912
2025-11-16 17:17:36.959356: Pseudo dice [np.float32(0.9132), np.float32(0.7612), np.float32(0.0)]
2025-11-16 17:17:36.959453: Epoch time: 251.51 s
2025-11-16 17:17:38.017454: 
2025-11-16 17:17:38.017602: Epoch 908
2025-11-16 17:17:38.017706: Current learning rate: 0.00117
2025-11-16 17:21:49.678979: train_loss -0.707
2025-11-16 17:21:49.679285: val_loss -0.6563
2025-11-16 17:21:49.679394: Pseudo dice [np.float32(0.9129), np.float32(0.7447), np.float32(0.0)]
2025-11-16 17:21:49.679493: Epoch time: 251.66 s
2025-11-16 17:21:50.728648: 
2025-11-16 17:21:50.728786: Epoch 909
2025-11-16 17:21:50.728875: Current learning rate: 0.00116
2025-11-16 17:26:02.322204: train_loss -0.7227
2025-11-16 17:26:02.322433: val_loss -0.6545
2025-11-16 17:26:02.322567: Pseudo dice [np.float32(0.9242), np.float32(0.751), np.float32(0.0)]
2025-11-16 17:26:02.322683: Epoch time: 251.59 s
2025-11-16 17:26:03.380675: 
2025-11-16 17:26:03.380815: Epoch 910
2025-11-16 17:26:03.380903: Current learning rate: 0.00115
2025-11-16 17:30:14.809104: train_loss -0.7257
2025-11-16 17:30:14.809326: val_loss -0.7183
2025-11-16 17:30:14.809460: Pseudo dice [np.float32(0.9238), np.float32(0.7556), np.float32(0.0)]
2025-11-16 17:30:14.809567: Epoch time: 251.43 s
2025-11-16 17:30:15.863647: 
2025-11-16 17:30:15.863841: Epoch 911
2025-11-16 17:30:15.863939: Current learning rate: 0.00113
2025-11-16 17:34:27.389087: train_loss -0.7196
2025-11-16 17:34:27.389308: val_loss -0.6888
2025-11-16 17:34:27.389409: Pseudo dice [np.float32(0.9164), np.float32(0.7548), np.float32(0.0)]
2025-11-16 17:34:27.389506: Epoch time: 251.53 s
2025-11-16 17:34:28.437230: 
2025-11-16 17:34:28.437415: Epoch 912
2025-11-16 17:34:28.437526: Current learning rate: 0.00112
2025-11-16 17:38:40.132507: train_loss -0.7226
2025-11-16 17:38:40.132737: val_loss -0.6856
2025-11-16 17:38:40.132836: Pseudo dice [np.float32(0.916), np.float32(0.7553), np.float32(0.0)]
2025-11-16 17:38:40.132933: Epoch time: 251.7 s
2025-11-16 17:38:41.190816: 
2025-11-16 17:38:41.190976: Epoch 913
2025-11-16 17:38:41.191085: Current learning rate: 0.00111
2025-11-16 17:42:52.928042: train_loss -0.7224
2025-11-16 17:42:52.928261: val_loss -0.6973
2025-11-16 17:42:52.928359: Pseudo dice [np.float32(0.9112), np.float32(0.7722), np.float32(0.0)]
2025-11-16 17:42:52.928455: Epoch time: 251.74 s
2025-11-16 17:42:53.972985: 
2025-11-16 17:42:53.973215: Epoch 914
2025-11-16 17:42:53.973329: Current learning rate: 0.0011
2025-11-16 17:47:05.509362: train_loss -0.7076
2025-11-16 17:47:05.509632: val_loss -0.7036
2025-11-16 17:47:05.509737: Pseudo dice [np.float32(0.9196), np.float32(0.7608), np.float32(0.0)]
2025-11-16 17:47:05.509837: Epoch time: 251.54 s
2025-11-16 17:47:07.005978: 
2025-11-16 17:47:07.006139: Epoch 915
2025-11-16 17:47:07.006275: Current learning rate: 0.00109
2025-11-16 17:51:18.551972: train_loss -0.7284
2025-11-16 17:51:18.552235: val_loss -0.719
2025-11-16 17:51:18.552346: Pseudo dice [np.float32(0.9211), np.float32(0.7659), np.float32(0.0)]
2025-11-16 17:51:18.552446: Epoch time: 251.55 s
2025-11-16 17:51:19.604884: 
2025-11-16 17:51:19.605105: Epoch 916
2025-11-16 17:51:19.605253: Current learning rate: 0.00108
2025-11-16 17:55:31.057442: train_loss -0.7248
2025-11-16 17:55:31.057682: val_loss -0.6498
2025-11-16 17:55:31.057787: Pseudo dice [np.float32(0.9189), np.float32(0.7557), np.float32(0.0)]
2025-11-16 17:55:31.057886: Epoch time: 251.45 s
2025-11-16 17:55:32.116820: 
2025-11-16 17:55:32.116985: Epoch 917
2025-11-16 17:55:32.117093: Current learning rate: 0.00106
2025-11-16 17:59:43.912194: train_loss -0.7487
2025-11-16 17:59:43.912421: val_loss -0.6895
2025-11-16 17:59:43.912547: Pseudo dice [np.float32(0.923), np.float32(0.7595), np.float32(0.0)]
2025-11-16 17:59:43.912659: Epoch time: 251.8 s
2025-11-16 17:59:44.958164: 
2025-11-16 17:59:44.958355: Epoch 918
2025-11-16 17:59:44.958466: Current learning rate: 0.00105
2025-11-16 18:03:56.575256: train_loss -0.7333
2025-11-16 18:03:56.577713: val_loss -0.7123
2025-11-16 18:03:56.577811: Pseudo dice [np.float32(0.9234), np.float32(0.7589), np.float32(0.0)]
2025-11-16 18:03:56.577902: Epoch time: 251.62 s
2025-11-16 18:03:57.551917: 
2025-11-16 18:03:57.552073: Epoch 919
2025-11-16 18:03:57.552181: Current learning rate: 0.00104
2025-11-16 18:08:09.083181: train_loss -0.734
2025-11-16 18:08:09.085280: val_loss -0.6715
2025-11-16 18:08:09.085391: Pseudo dice [np.float32(0.9136), np.float32(0.7491), np.float32(0.0)]
2025-11-16 18:08:09.085484: Epoch time: 251.53 s
2025-11-16 18:08:10.139491: 
2025-11-16 18:08:10.139645: Epoch 920
2025-11-16 18:08:10.139739: Current learning rate: 0.00103
2025-11-16 18:12:21.590532: train_loss -0.7245
2025-11-16 18:12:21.591011: val_loss -0.6831
2025-11-16 18:12:21.591114: Pseudo dice [np.float32(0.9215), np.float32(0.7638), np.float32(0.0)]
2025-11-16 18:12:21.603868: Epoch time: 251.45 s
2025-11-16 18:12:22.650201: 
2025-11-16 18:12:22.650428: Epoch 921
2025-11-16 18:12:22.650575: Current learning rate: 0.00102
2025-11-16 18:16:34.255722: train_loss -0.7221
2025-11-16 18:16:34.256118: val_loss -0.6612
2025-11-16 18:16:34.256222: Pseudo dice [np.float32(0.9175), np.float32(0.7528), np.float32(0.0)]
2025-11-16 18:16:34.256320: Epoch time: 251.61 s
2025-11-16 18:16:35.304489: 
2025-11-16 18:16:35.304732: Epoch 922
2025-11-16 18:16:35.304874: Current learning rate: 0.00101
2025-11-16 18:20:46.995342: train_loss -0.7372
2025-11-16 18:20:46.996468: val_loss -0.6885
2025-11-16 18:20:46.996654: Pseudo dice [np.float32(0.9217), np.float32(0.7555), np.float32(0.0)]
2025-11-16 18:20:46.996759: Epoch time: 251.69 s
2025-11-16 18:20:48.050148: 
2025-11-16 18:20:48.050300: Epoch 923
2025-11-16 18:20:48.050399: Current learning rate: 0.001
2025-11-16 18:24:59.861141: train_loss -0.7197
2025-11-16 18:24:59.861552: val_loss -0.6963
2025-11-16 18:24:59.861665: Pseudo dice [np.float32(0.9197), np.float32(0.7604), np.float32(0.0)]
2025-11-16 18:24:59.861768: Epoch time: 251.81 s
2025-11-16 18:25:00.915045: 
2025-11-16 18:25:00.915286: Epoch 924
2025-11-16 18:25:00.915398: Current learning rate: 0.00098
2025-11-16 18:29:12.544337: train_loss -0.7024
2025-11-16 18:29:12.544787: val_loss -0.6655
2025-11-16 18:29:12.544893: Pseudo dice [np.float32(0.9147), np.float32(0.7646), np.float32(0.0)]
2025-11-16 18:29:12.544991: Epoch time: 251.63 s
2025-11-16 18:29:13.591379: 
2025-11-16 18:29:13.591534: Epoch 925
2025-11-16 18:29:13.591627: Current learning rate: 0.00097
2025-11-16 18:33:25.007854: train_loss -0.7234
2025-11-16 18:33:25.008449: val_loss -0.6507
2025-11-16 18:33:25.008555: Pseudo dice [np.float32(0.9183), np.float32(0.7595), np.float32(0.0)]
2025-11-16 18:33:25.008661: Epoch time: 251.42 s
2025-11-16 18:33:26.055444: 
2025-11-16 18:33:26.055667: Epoch 926
2025-11-16 18:33:26.055774: Current learning rate: 0.00096
2025-11-16 18:37:37.725553: train_loss -0.7184
2025-11-16 18:37:37.726129: val_loss -0.6986
2025-11-16 18:37:37.726231: Pseudo dice [np.float32(0.9207), np.float32(0.7729), np.float32(0.0)]
2025-11-16 18:37:37.726326: Epoch time: 251.67 s
2025-11-16 18:37:38.768406: 
2025-11-16 18:37:38.768547: Epoch 927
2025-11-16 18:37:38.768638: Current learning rate: 0.00095
2025-11-16 18:41:50.222649: train_loss -0.7324
2025-11-16 18:41:50.223165: val_loss -0.7045
2025-11-16 18:41:50.223271: Pseudo dice [np.float32(0.9173), np.float32(0.7456), np.float32(0.0)]
2025-11-16 18:41:50.223370: Epoch time: 251.46 s
2025-11-16 18:41:51.279802: 
2025-11-16 18:41:51.279957: Epoch 928
2025-11-16 18:41:51.280057: Current learning rate: 0.00094
2025-11-16 18:46:02.891982: train_loss -0.7115
2025-11-16 18:46:02.892526: val_loss -0.6374
2025-11-16 18:46:02.892642: Pseudo dice [np.float32(0.9162), np.float32(0.7635), np.float32(0.0)]
2025-11-16 18:46:02.892745: Epoch time: 251.61 s
2025-11-16 18:46:03.949171: 
2025-11-16 18:46:03.949330: Epoch 929
2025-11-16 18:46:03.949440: Current learning rate: 0.00092
2025-11-16 18:50:15.630236: train_loss -0.698
2025-11-16 18:50:15.630808: val_loss -0.6945
2025-11-16 18:50:15.630913: Pseudo dice [np.float32(0.9187), np.float32(0.7624), np.float32(0.0)]
2025-11-16 18:50:15.631013: Epoch time: 251.68 s
2025-11-16 18:50:16.681453: 
2025-11-16 18:50:16.681620: Epoch 930
2025-11-16 18:50:16.681729: Current learning rate: 0.00091
2025-11-16 18:54:28.171144: train_loss -0.7197
2025-11-16 18:54:28.171740: val_loss -0.6846
2025-11-16 18:54:28.171847: Pseudo dice [np.float32(0.9158), np.float32(0.7668), np.float32(0.0)]
2025-11-16 18:54:28.171948: Epoch time: 251.49 s
2025-11-16 18:54:29.220288: 
2025-11-16 18:54:29.220437: Epoch 931
2025-11-16 18:54:29.220543: Current learning rate: 0.0009
2025-11-16 18:58:40.431528: train_loss -0.7135
2025-11-16 18:58:40.431981: val_loss -0.6978
2025-11-16 18:58:40.432085: Pseudo dice [np.float32(0.9283), np.float32(0.7622), np.float32(0.0)]
2025-11-16 18:58:40.449478: Epoch time: 251.21 s
2025-11-16 18:58:41.936954: 
2025-11-16 18:58:41.937346: Epoch 932
2025-11-16 18:58:41.937654: Current learning rate: 0.00089
2025-11-16 19:02:53.234650: train_loss -0.7308
2025-11-16 19:02:53.235090: val_loss -0.7043
2025-11-16 19:02:53.235224: Pseudo dice [np.float32(0.9164), np.float32(0.7635), np.float32(0.0)]
2025-11-16 19:02:53.235331: Epoch time: 251.3 s
2025-11-16 19:02:54.282752: 
2025-11-16 19:02:54.282909: Epoch 933
2025-11-16 19:02:54.283005: Current learning rate: 0.00088
2025-11-16 19:07:05.643631: train_loss -0.7248
2025-11-16 19:07:05.644220: val_loss -0.6861
2025-11-16 19:07:05.644329: Pseudo dice [np.float32(0.9338), np.float32(0.7563), np.float32(0.0)]
2025-11-16 19:07:05.644427: Epoch time: 251.36 s
2025-11-16 19:07:06.692921: 
2025-11-16 19:07:06.693161: Epoch 934
2025-11-16 19:07:06.693258: Current learning rate: 0.00087
2025-11-16 19:11:18.151196: train_loss -0.7297
2025-11-16 19:11:18.151635: val_loss -0.6903
2025-11-16 19:11:18.151738: Pseudo dice [np.float32(0.9209), np.float32(0.7581), np.float32(0.0)]
2025-11-16 19:11:18.151840: Epoch time: 251.46 s
2025-11-16 19:11:19.200484: 
2025-11-16 19:11:19.200757: Epoch 935
2025-11-16 19:11:19.200872: Current learning rate: 0.00085
2025-11-16 19:15:30.781960: train_loss -0.7308
2025-11-16 19:15:30.782463: val_loss -0.6931
2025-11-16 19:15:30.782566: Pseudo dice [np.float32(0.9238), np.float32(0.7635), np.float32(0.0)]
2025-11-16 19:15:30.782672: Epoch time: 251.58 s
2025-11-16 19:15:31.846907: 
2025-11-16 19:15:31.847124: Epoch 936
2025-11-16 19:15:31.847244: Current learning rate: 0.00084
2025-11-16 19:19:43.278318: train_loss -0.7186
2025-11-16 19:19:43.278876: val_loss -0.6936
2025-11-16 19:19:43.279006: Pseudo dice [np.float32(0.9215), np.float32(0.7688), np.float32(0.0)]
2025-11-16 19:19:43.279108: Epoch time: 251.43 s
2025-11-16 19:19:44.333048: 
2025-11-16 19:19:44.333278: Epoch 937
2025-11-16 19:19:44.333441: Current learning rate: 0.00083
2025-11-16 19:23:56.232239: train_loss -0.7232
2025-11-16 19:23:56.232744: val_loss -0.6783
2025-11-16 19:23:56.232854: Pseudo dice [np.float32(0.9208), np.float32(0.7555), np.float32(0.0)]
2025-11-16 19:23:56.232955: Epoch time: 251.9 s
2025-11-16 19:23:57.282983: 
2025-11-16 19:23:57.283199: Epoch 938
2025-11-16 19:23:57.283348: Current learning rate: 0.00082
2025-11-16 19:28:08.713859: train_loss -0.7418
2025-11-16 19:28:08.714305: val_loss -0.7035
2025-11-16 19:28:08.714410: Pseudo dice [np.float32(0.9201), np.float32(0.7609), np.float32(0.0)]
2025-11-16 19:28:08.714509: Epoch time: 251.43 s
2025-11-16 19:28:09.769203: 
2025-11-16 19:28:09.769408: Epoch 939
2025-11-16 19:28:09.769573: Current learning rate: 0.00081
2025-11-16 19:32:20.896775: train_loss -0.7261
2025-11-16 19:32:20.897327: val_loss -0.679
2025-11-16 19:32:20.897465: Pseudo dice [np.float32(0.9269), np.float32(0.7457), np.float32(0.0)]
2025-11-16 19:32:20.897565: Epoch time: 251.13 s
2025-11-16 19:32:21.946048: 
2025-11-16 19:32:21.946198: Epoch 940
2025-11-16 19:32:21.946318: Current learning rate: 0.00079
2025-11-16 19:36:33.450580: train_loss -0.7353
2025-11-16 19:36:33.451070: val_loss -0.6897
2025-11-16 19:36:33.451174: Pseudo dice [np.float32(0.9258), np.float32(0.7671), np.float32(0.0)]
2025-11-16 19:36:33.451315: Epoch time: 251.51 s
2025-11-16 19:36:34.503897: 
2025-11-16 19:36:34.504048: Epoch 941
2025-11-16 19:36:34.504134: Current learning rate: 0.00078
2025-11-16 19:40:45.907990: train_loss -0.7221
2025-11-16 19:40:45.908469: val_loss -0.7019
2025-11-16 19:40:45.908573: Pseudo dice [np.float32(0.9208), np.float32(0.7637), np.float32(0.0)]
2025-11-16 19:40:45.908681: Epoch time: 251.4 s
2025-11-16 19:40:46.968638: 
2025-11-16 19:40:46.968844: Epoch 942
2025-11-16 19:40:46.968971: Current learning rate: 0.00077
2025-11-16 19:44:58.628410: train_loss -0.7148
2025-11-16 19:44:58.628823: val_loss -0.6809
2025-11-16 19:44:58.628959: Pseudo dice [np.float32(0.9221), np.float32(0.7545), np.float32(0.0)]
2025-11-16 19:44:58.717482: Epoch time: 251.66 s
2025-11-16 19:44:59.775791: 
2025-11-16 19:44:59.775978: Epoch 943
2025-11-16 19:44:59.776101: Current learning rate: 0.00076
2025-11-16 19:49:11.556753: train_loss -0.7251
2025-11-16 19:49:11.557226: val_loss -0.6787
2025-11-16 19:49:11.557367: Pseudo dice [np.float32(0.9246), np.float32(0.7648), np.float32(0.0)]
2025-11-16 19:49:11.557501: Epoch time: 251.78 s
2025-11-16 19:49:12.604923: 
2025-11-16 19:49:12.605098: Epoch 944
2025-11-16 19:49:12.605226: Current learning rate: 0.00075
2025-11-16 19:53:24.282758: train_loss -0.7531
2025-11-16 19:53:24.283194: val_loss -0.698
2025-11-16 19:53:24.283336: Pseudo dice [np.float32(0.9285), np.float32(0.7665), np.float32(0.0)]
2025-11-16 19:53:24.283470: Epoch time: 251.68 s
2025-11-16 19:53:25.335503: 
2025-11-16 19:53:25.335734: Epoch 945
2025-11-16 19:53:25.335860: Current learning rate: 0.00074
2025-11-16 19:57:36.964086: train_loss -0.7255
2025-11-16 19:57:36.964648: val_loss -0.6693
2025-11-16 19:57:36.964792: Pseudo dice [np.float32(0.9223), np.float32(0.7593), np.float32(0.0)]
2025-11-16 19:57:36.964935: Epoch time: 251.63 s
2025-11-16 19:57:38.013240: 
2025-11-16 19:57:38.013444: Epoch 946
2025-11-16 19:57:38.013651: Current learning rate: 0.00072
2025-11-16 20:01:49.371298: train_loss -0.7208
2025-11-16 20:01:49.371872: val_loss -0.6821
2025-11-16 20:01:49.372012: Pseudo dice [np.float32(0.9231), np.float32(0.7549), np.float32(0.0)]
2025-11-16 20:01:49.372148: Epoch time: 251.36 s
2025-11-16 20:01:50.422691: 
2025-11-16 20:01:50.422870: Epoch 947
2025-11-16 20:01:50.422994: Current learning rate: 0.00071
2025-11-16 20:06:01.914065: train_loss -0.7347
2025-11-16 20:06:01.914597: val_loss -0.6628
2025-11-16 20:06:01.914743: Pseudo dice [np.float32(0.9173), np.float32(0.7475), np.float32(0.0)]
2025-11-16 20:06:01.914884: Epoch time: 251.49 s
2025-11-16 20:06:02.959000: 
2025-11-16 20:06:02.959181: Epoch 948
2025-11-16 20:06:02.959323: Current learning rate: 0.0007
2025-11-16 20:10:14.449838: train_loss -0.7207
2025-11-16 20:10:14.450451: val_loss -0.6772
2025-11-16 20:10:14.450623: Pseudo dice [np.float32(0.9201), np.float32(0.764), np.float32(0.0)]
2025-11-16 20:10:14.450764: Epoch time: 251.49 s
2025-11-16 20:10:15.952716: 
2025-11-16 20:10:15.953006: Epoch 949
2025-11-16 20:10:15.953153: Current learning rate: 0.00069
2025-11-16 20:14:27.501249: train_loss -0.7319
2025-11-16 20:14:27.501740: val_loss -0.6861
2025-11-16 20:14:27.501918: Pseudo dice [np.float32(0.9138), np.float32(0.7696), np.float32(0.0)]
2025-11-16 20:14:27.502059: Epoch time: 251.55 s
2025-11-16 20:14:28.880625: 
2025-11-16 20:14:28.880805: Epoch 950
2025-11-16 20:14:28.880926: Current learning rate: 0.00067
2025-11-16 20:18:40.112145: train_loss -0.7374
2025-11-16 20:18:40.112631: val_loss -0.6661
2025-11-16 20:18:40.112804: Pseudo dice [np.float32(0.9111), np.float32(0.7534), np.float32(0.0)]
2025-11-16 20:18:40.112933: Epoch time: 251.23 s
2025-11-16 20:18:41.164606: 
2025-11-16 20:18:41.164854: Epoch 951
2025-11-16 20:18:41.165003: Current learning rate: 0.00066
2025-11-16 20:22:52.946248: train_loss -0.7224
2025-11-16 20:22:52.947665: val_loss -0.6831
2025-11-16 20:22:52.947954: Pseudo dice [np.float32(0.9204), np.float32(0.759), np.float32(0.0)]
2025-11-16 20:22:52.948197: Epoch time: 251.78 s
2025-11-16 20:22:54.004505: 
2025-11-16 20:22:54.004692: Epoch 952
2025-11-16 20:22:54.004812: Current learning rate: 0.00065
2025-11-16 20:27:05.441329: train_loss -0.7288
2025-11-16 20:27:05.441840: val_loss -0.6868
2025-11-16 20:27:05.441966: Pseudo dice [np.float32(0.9129), np.float32(0.7455), np.float32(0.0)]
2025-11-16 20:27:05.442085: Epoch time: 251.44 s
2025-11-16 20:27:06.494604: 
2025-11-16 20:27:06.494802: Epoch 953
2025-11-16 20:27:06.494948: Current learning rate: 0.00064
2025-11-16 20:31:17.990196: train_loss -0.7183
2025-11-16 20:31:17.990705: val_loss -0.655
2025-11-16 20:31:17.990837: Pseudo dice [np.float32(0.9159), np.float32(0.7602), np.float32(0.0)]
2025-11-16 20:31:17.990956: Epoch time: 251.5 s
2025-11-16 20:31:19.049183: 
2025-11-16 20:31:19.049361: Epoch 954
2025-11-16 20:31:19.049477: Current learning rate: 0.00063
2025-11-16 20:35:30.312867: train_loss -0.7186
2025-11-16 20:35:30.313445: val_loss -0.6813
2025-11-16 20:35:30.313580: Pseudo dice [np.float32(0.917), np.float32(0.7623), np.float32(0.0)]
2025-11-16 20:35:30.313715: Epoch time: 251.26 s
2025-11-16 20:35:31.380096: 
2025-11-16 20:35:31.380291: Epoch 955
2025-11-16 20:35:31.380425: Current learning rate: 0.00061
2025-11-16 20:39:42.916112: train_loss -0.7314
2025-11-16 20:39:42.916654: val_loss -0.7099
2025-11-16 20:39:42.916790: Pseudo dice [np.float32(0.9215), np.float32(0.7568), np.float32(0.0)]
2025-11-16 20:39:42.916918: Epoch time: 251.54 s
2025-11-16 20:39:43.975121: 
2025-11-16 20:39:43.975306: Epoch 956
2025-11-16 20:39:43.975436: Current learning rate: 0.0006
2025-11-16 20:43:55.445796: train_loss -0.7098
2025-11-16 20:43:55.446395: val_loss -0.6826
2025-11-16 20:43:55.446527: Pseudo dice [np.float32(0.9237), np.float32(0.7655), np.float32(0.0)]
2025-11-16 20:43:55.446663: Epoch time: 251.47 s
2025-11-16 20:43:56.500322: 
2025-11-16 20:43:56.500508: Epoch 957
2025-11-16 20:43:56.500642: Current learning rate: 0.00059
2025-11-16 20:48:07.895398: train_loss -0.7271
2025-11-16 20:48:07.895929: val_loss -0.7108
2025-11-16 20:48:07.896074: Pseudo dice [np.float32(0.9215), np.float32(0.7531), np.float32(0.0)]
2025-11-16 20:48:07.896225: Epoch time: 251.4 s
2025-11-16 20:48:08.953502: 
2025-11-16 20:48:08.953695: Epoch 958
2025-11-16 20:48:08.953818: Current learning rate: 0.00058
2025-11-16 20:52:20.745283: train_loss -0.7384
2025-11-16 20:52:20.745832: val_loss -0.6471
2025-11-16 20:52:20.745965: Pseudo dice [np.float32(0.9179), np.float32(0.7524), np.float32(0.0)]
2025-11-16 20:52:20.746092: Epoch time: 251.79 s
2025-11-16 20:52:21.808946: 
2025-11-16 20:52:21.809166: Epoch 959
2025-11-16 20:52:21.809293: Current learning rate: 0.00056
2025-11-16 20:56:33.159060: train_loss -0.7252
2025-11-16 20:56:33.159560: val_loss -0.6774
2025-11-16 20:56:33.159764: Pseudo dice [np.float32(0.9098), np.float32(0.7374), np.float32(0.0)]
2025-11-16 20:56:33.159907: Epoch time: 251.35 s
2025-11-16 20:56:34.214888: 
2025-11-16 20:56:34.215153: Epoch 960
2025-11-16 20:56:34.215292: Current learning rate: 0.00055
2025-11-16 21:00:45.596060: train_loss -0.7323
2025-11-16 21:00:45.596564: val_loss -0.694
2025-11-16 21:00:45.596704: Pseudo dice [np.float32(0.9209), np.float32(0.7616), np.float32(0.0)]
2025-11-16 21:00:45.596834: Epoch time: 251.38 s
2025-11-16 21:00:46.650717: 
2025-11-16 21:00:46.650926: Epoch 961
2025-11-16 21:00:46.651186: Current learning rate: 0.00054
2025-11-16 21:04:58.196947: train_loss -0.7272
2025-11-16 21:04:58.197402: val_loss -0.6864
2025-11-16 21:04:58.197535: Pseudo dice [np.float32(0.9294), np.float32(0.7611), np.float32(0.0)]
2025-11-16 21:04:58.197755: Epoch time: 251.55 s
2025-11-16 21:04:59.255459: 
2025-11-16 21:04:59.255710: Epoch 962
2025-11-16 21:04:59.255868: Current learning rate: 0.00053
2025-11-16 21:09:10.346035: train_loss -0.7288
2025-11-16 21:09:10.346499: val_loss -0.6779
2025-11-16 21:09:10.346641: Pseudo dice [np.float32(0.9152), np.float32(0.767), np.float32(0.0)]
2025-11-16 21:09:10.346826: Epoch time: 251.09 s
2025-11-16 21:09:11.402565: 
2025-11-16 21:09:11.402836: Epoch 963
2025-11-16 21:09:11.402969: Current learning rate: 0.00051
2025-11-16 21:13:22.889498: train_loss -0.734
2025-11-16 21:13:22.889948: val_loss -0.6977
2025-11-16 21:13:22.890083: Pseudo dice [np.float32(0.9147), np.float32(0.7553), np.float32(0.0)]
2025-11-16 21:13:22.890264: Epoch time: 251.49 s
2025-11-16 21:13:23.945148: 
2025-11-16 21:13:23.945379: Epoch 964
2025-11-16 21:13:23.945524: Current learning rate: 0.0005
2025-11-16 21:17:35.398145: train_loss -0.7349
2025-11-16 21:17:35.398657: val_loss -0.6806
2025-11-16 21:17:35.398791: Pseudo dice [np.float32(0.9178), np.float32(0.7589), np.float32(0.0)]
2025-11-16 21:17:35.398914: Epoch time: 251.45 s
2025-11-16 21:17:36.460347: 
2025-11-16 21:17:36.460526: Epoch 965
2025-11-16 21:17:36.460655: Current learning rate: 0.00049
2025-11-16 21:21:47.819655: train_loss -0.7221
2025-11-16 21:21:47.820127: val_loss -0.6679
2025-11-16 21:21:47.820253: Pseudo dice [np.float32(0.9202), np.float32(0.7556), np.float32(0.0)]
2025-11-16 21:21:47.820424: Epoch time: 251.36 s
2025-11-16 21:21:48.869778: 
2025-11-16 21:21:48.869943: Epoch 966
2025-11-16 21:21:48.870060: Current learning rate: 0.00048
2025-11-16 21:26:00.076709: train_loss -0.738
2025-11-16 21:26:00.077287: val_loss -0.6668
2025-11-16 21:26:00.077424: Pseudo dice [np.float32(0.9211), np.float32(0.7571), np.float32(0.0)]
2025-11-16 21:26:00.077551: Epoch time: 251.21 s
2025-11-16 21:26:01.506821: 
2025-11-16 21:26:01.507095: Epoch 967
2025-11-16 21:26:01.507233: Current learning rate: 0.00046
2025-11-16 21:30:12.912854: train_loss -0.724
2025-11-16 21:30:12.913472: val_loss -0.6481
2025-11-16 21:30:12.913605: Pseudo dice [np.float32(0.9177), np.float32(0.7621), np.float32(0.0)]
2025-11-16 21:30:12.913744: Epoch time: 251.41 s
2025-11-16 21:30:14.000769: 
2025-11-16 21:30:14.000984: Epoch 968
2025-11-16 21:30:14.001131: Current learning rate: 0.00045
2025-11-16 21:34:25.561062: train_loss -0.7031
2025-11-16 21:34:25.564177: val_loss -0.6692
2025-11-16 21:34:25.564373: Pseudo dice [np.float32(0.9197), np.float32(0.7607), np.float32(0.0)]
2025-11-16 21:34:25.564500: Epoch time: 251.56 s
2025-11-16 21:34:26.625422: 
2025-11-16 21:34:26.625704: Epoch 969
2025-11-16 21:34:26.625847: Current learning rate: 0.00044
2025-11-16 21:38:38.340669: train_loss -0.7167
2025-11-16 21:38:38.341203: val_loss -0.6809
2025-11-16 21:38:38.341338: Pseudo dice [np.float32(0.9234), np.float32(0.7629), np.float32(0.0)]
2025-11-16 21:38:38.341466: Epoch time: 251.72 s
2025-11-16 21:38:39.406051: 
2025-11-16 21:38:39.406246: Epoch 970
2025-11-16 21:38:39.406382: Current learning rate: 0.00043
2025-11-16 21:42:50.789601: train_loss -0.7354
2025-11-16 21:42:50.790195: val_loss -0.6598
2025-11-16 21:42:50.790359: Pseudo dice [np.float32(0.9222), np.float32(0.7698), np.float32(0.0)]
2025-11-16 21:42:50.790488: Epoch time: 251.38 s
2025-11-16 21:42:51.858736: 
2025-11-16 21:42:51.858965: Epoch 971
2025-11-16 21:42:51.859106: Current learning rate: 0.00041
2025-11-16 21:47:03.445687: train_loss -0.732
2025-11-16 21:47:03.446264: val_loss -0.6872
2025-11-16 21:47:03.446507: Pseudo dice [np.float32(0.9185), np.float32(0.7617), np.float32(0.0)]
2025-11-16 21:47:03.446721: Epoch time: 251.59 s
2025-11-16 21:47:04.514114: 
2025-11-16 21:47:04.514279: Epoch 972
2025-11-16 21:47:04.514431: Current learning rate: 0.0004
2025-11-16 21:51:15.943583: train_loss -0.7304
2025-11-16 21:51:15.944212: val_loss -0.6737
2025-11-16 21:51:15.944343: Pseudo dice [np.float32(0.924), np.float32(0.7682), np.float32(0.0)]
2025-11-16 21:51:15.944469: Epoch time: 251.43 s
2025-11-16 21:51:17.008370: 
2025-11-16 21:51:17.008559: Epoch 973
2025-11-16 21:51:17.008694: Current learning rate: 0.00039
2025-11-16 21:55:28.416698: train_loss -0.7372
2025-11-16 21:55:28.417189: val_loss -0.7223
2025-11-16 21:55:28.417321: Pseudo dice [np.float32(0.9226), np.float32(0.7634), np.float32(0.0)]
2025-11-16 21:55:28.417458: Epoch time: 251.41 s
2025-11-16 21:55:29.475665: 
2025-11-16 21:55:29.475873: Epoch 974
2025-11-16 21:55:29.475995: Current learning rate: 0.00037
2025-11-16 21:59:40.889595: train_loss -0.7321
2025-11-16 21:59:40.890206: val_loss -0.7235
2025-11-16 21:59:40.890333: Pseudo dice [np.float32(0.9297), np.float32(0.7782), np.float32(0.0)]
2025-11-16 21:59:40.890455: Epoch time: 251.41 s
2025-11-16 21:59:41.949823: 
2025-11-16 21:59:41.949993: Epoch 975
2025-11-16 21:59:41.950107: Current learning rate: 0.00036
2025-11-16 22:03:53.433346: train_loss -0.7442
2025-11-16 22:03:53.433987: val_loss -0.6578
2025-11-16 22:03:53.434124: Pseudo dice [np.float32(0.9143), np.float32(0.7409), np.float32(0.0)]
2025-11-16 22:03:53.434252: Epoch time: 251.48 s
2025-11-16 22:03:54.501135: 
2025-11-16 22:03:54.501316: Epoch 976
2025-11-16 22:03:54.501479: Current learning rate: 0.00035
2025-11-16 22:08:06.151390: train_loss -0.7233
2025-11-16 22:08:06.151952: val_loss -0.7019
2025-11-16 22:08:06.152088: Pseudo dice [np.float32(0.9139), np.float32(0.7563), np.float32(0.0)]
2025-11-16 22:08:06.152216: Epoch time: 251.65 s
2025-11-16 22:08:07.212825: 
2025-11-16 22:08:07.212998: Epoch 977
2025-11-16 22:08:07.213122: Current learning rate: 0.00034
2025-11-16 22:12:18.671137: train_loss -0.7299
2025-11-16 22:12:18.671698: val_loss -0.7202
2025-11-16 22:12:18.671830: Pseudo dice [np.float32(0.925), np.float32(0.7596), np.float32(0.0)]
2025-11-16 22:12:18.671961: Epoch time: 251.46 s
2025-11-16 22:12:19.735512: 
2025-11-16 22:12:19.735695: Epoch 978
2025-11-16 22:12:19.735814: Current learning rate: 0.00032
2025-11-16 22:16:30.947770: train_loss -0.7289
2025-11-16 22:16:30.948327: val_loss -0.6648
2025-11-16 22:16:30.948460: Pseudo dice [np.float32(0.9174), np.float32(0.7559), np.float32(0.0)]
2025-11-16 22:16:30.948587: Epoch time: 251.21 s
2025-11-16 22:16:32.017288: 
2025-11-16 22:16:32.017530: Epoch 979
2025-11-16 22:16:32.017668: Current learning rate: 0.00031
2025-11-16 22:20:43.712581: train_loss -0.7277
2025-11-16 22:20:43.714281: val_loss -0.6958
2025-11-16 22:20:43.714384: Pseudo dice [np.float32(0.9181), np.float32(0.7646), np.float32(0.0)]
2025-11-16 22:20:43.714477: Epoch time: 251.7 s
2025-11-16 22:20:44.779767: 
2025-11-16 22:20:44.779927: Epoch 980
2025-11-16 22:20:44.780028: Current learning rate: 0.0003
2025-11-16 22:24:56.237870: train_loss -0.7091
2025-11-16 22:24:56.238101: val_loss -0.7001
2025-11-16 22:24:56.238205: Pseudo dice [np.float32(0.918), np.float32(0.743), np.float32(0.0)]
2025-11-16 22:24:56.238301: Epoch time: 251.46 s
2025-11-16 22:24:57.302792: 
2025-11-16 22:24:57.302936: Epoch 981
2025-11-16 22:24:57.303024: Current learning rate: 0.00028
2025-11-16 22:29:08.702945: train_loss -0.7152
2025-11-16 22:29:08.703175: val_loss -0.6973
2025-11-16 22:29:08.703275: Pseudo dice [np.float32(0.9203), np.float32(0.7517), np.float32(0.0)]
2025-11-16 22:29:08.703374: Epoch time: 251.4 s
2025-11-16 22:29:09.765703: 
2025-11-16 22:29:09.765961: Epoch 982
2025-11-16 22:29:09.766088: Current learning rate: 0.00027
2025-11-16 22:33:21.533072: train_loss -0.7301
2025-11-16 22:33:21.533290: val_loss -0.6781
2025-11-16 22:33:21.533392: Pseudo dice [np.float32(0.9183), np.float32(0.7464), np.float32(0.0)]
2025-11-16 22:33:21.533489: Epoch time: 251.77 s
2025-11-16 22:33:23.051235: 
2025-11-16 22:33:23.051422: Epoch 983
2025-11-16 22:33:23.051533: Current learning rate: 0.00026
2025-11-16 22:37:34.418103: train_loss -0.7254
2025-11-16 22:37:34.418378: val_loss -0.6486
2025-11-16 22:37:34.418486: Pseudo dice [np.float32(0.9165), np.float32(0.7647), np.float32(0.0)]
2025-11-16 22:37:34.418584: Epoch time: 251.37 s
2025-11-16 22:37:35.473536: 
2025-11-16 22:37:35.473706: Epoch 984
2025-11-16 22:37:35.473820: Current learning rate: 0.00024
2025-11-16 22:41:47.239165: train_loss -0.7378
2025-11-16 22:41:47.239386: val_loss -0.6624
2025-11-16 22:41:47.239493: Pseudo dice [np.float32(0.9145), np.float32(0.7647), np.float32(0.0)]
2025-11-16 22:41:47.239591: Epoch time: 251.77 s
2025-11-16 22:41:48.308304: 
2025-11-16 22:41:48.308480: Epoch 985
2025-11-16 22:41:48.308578: Current learning rate: 0.00023
2025-11-16 22:45:59.759131: train_loss -0.7157
2025-11-16 22:45:59.759351: val_loss -0.6879
2025-11-16 22:45:59.759453: Pseudo dice [np.float32(0.9152), np.float32(0.7608), np.float32(0.0)]
2025-11-16 22:45:59.759549: Epoch time: 251.45 s
2025-11-16 22:46:00.820984: 
2025-11-16 22:46:00.821191: Epoch 986
2025-11-16 22:46:00.821308: Current learning rate: 0.00021
2025-11-16 22:50:12.300295: train_loss -0.7314
2025-11-16 22:50:12.300510: val_loss -0.6768
2025-11-16 22:50:12.300639: Pseudo dice [np.float32(0.9171), np.float32(0.762), np.float32(0.0)]
2025-11-16 22:50:12.300744: Epoch time: 251.48 s
2025-11-16 22:50:13.364584: 
2025-11-16 22:50:13.364757: Epoch 987
2025-11-16 22:50:13.364866: Current learning rate: 0.0002
2025-11-16 22:54:24.750346: train_loss -0.7227
2025-11-16 22:54:24.750579: val_loss -0.6697
2025-11-16 22:54:24.750691: Pseudo dice [np.float32(0.9145), np.float32(0.7609), np.float32(0.0)]
2025-11-16 22:54:24.750793: Epoch time: 251.39 s
2025-11-16 22:54:25.813859: 
2025-11-16 22:54:25.814109: Epoch 988
2025-11-16 22:54:25.814244: Current learning rate: 0.00019
2025-11-16 22:58:37.193073: train_loss -0.7136
2025-11-16 22:58:37.193367: val_loss -0.6691
2025-11-16 22:58:37.193518: Pseudo dice [np.float32(0.9274), np.float32(0.7534), np.float32(0.0)]
2025-11-16 22:58:37.193628: Epoch time: 251.38 s
2025-11-16 22:58:38.261205: 
2025-11-16 22:58:38.261374: Epoch 989
2025-11-16 22:58:38.261480: Current learning rate: 0.00017
2025-11-16 23:02:49.993948: train_loss -0.7324
2025-11-16 23:02:49.994174: val_loss -0.6607
2025-11-16 23:02:49.994278: Pseudo dice [np.float32(0.9114), np.float32(0.7608), np.float32(0.0)]
2025-11-16 23:02:49.994376: Epoch time: 251.73 s
2025-11-16 23:02:51.057350: 
2025-11-16 23:02:51.057514: Epoch 990
2025-11-16 23:02:51.057630: Current learning rate: 0.00016
2025-11-16 23:07:02.363202: train_loss -0.7277
2025-11-16 23:07:02.363456: val_loss -0.6671
2025-11-16 23:07:02.363560: Pseudo dice [np.float32(0.9179), np.float32(0.7516), np.float32(0.0)]
2025-11-16 23:07:02.363669: Epoch time: 251.31 s
2025-11-16 23:07:03.423689: 
2025-11-16 23:07:03.423933: Epoch 991
2025-11-16 23:07:03.424069: Current learning rate: 0.00014
2025-11-16 23:11:14.919363: train_loss -0.7174
2025-11-16 23:11:14.919581: val_loss -0.7101
2025-11-16 23:11:14.919691: Pseudo dice [np.float32(0.9151), np.float32(0.7637), np.float32(0.0)]
2025-11-16 23:11:14.919789: Epoch time: 251.5 s
2025-11-16 23:11:15.985495: 
2025-11-16 23:11:15.985676: Epoch 992
2025-11-16 23:11:15.985795: Current learning rate: 0.00013
2025-11-16 23:15:27.326868: train_loss -0.7449
2025-11-16 23:15:27.327098: val_loss -0.6786
2025-11-16 23:15:27.327199: Pseudo dice [np.float32(0.9158), np.float32(0.749), np.float32(0.0)]
2025-11-16 23:15:27.327297: Epoch time: 251.34 s
2025-11-16 23:15:28.394493: 
2025-11-16 23:15:28.394652: Epoch 993
2025-11-16 23:15:28.394770: Current learning rate: 0.00011
2025-11-16 23:19:40.125115: train_loss -0.7332
2025-11-16 23:19:40.125372: val_loss -0.6554
2025-11-16 23:19:40.125483: Pseudo dice [np.float32(0.9267), np.float32(0.758), np.float32(0.0)]
2025-11-16 23:19:40.125585: Epoch time: 251.73 s
2025-11-16 23:19:41.188578: 
2025-11-16 23:19:41.188758: Epoch 994
2025-11-16 23:19:41.188868: Current learning rate: 0.0001
2025-11-16 23:23:52.722832: train_loss -0.7489
2025-11-16 23:23:52.723125: val_loss -0.6825
2025-11-16 23:23:52.723229: Pseudo dice [np.float32(0.9192), np.float32(0.7462), np.float32(0.0)]
2025-11-16 23:23:52.723329: Epoch time: 251.54 s
2025-11-16 23:23:53.790793: 
2025-11-16 23:23:53.790947: Epoch 995
2025-11-16 23:23:53.791060: Current learning rate: 8e-05
2025-11-16 23:28:05.264812: train_loss -0.7208
2025-11-16 23:28:05.265038: val_loss -0.6705
2025-11-16 23:28:05.265139: Pseudo dice [np.float32(0.9157), np.float32(0.7604), np.float32(0.0)]
2025-11-16 23:28:05.265235: Epoch time: 251.47 s
2025-11-16 23:28:06.334471: 
2025-11-16 23:28:06.334641: Epoch 996
2025-11-16 23:28:06.334760: Current learning rate: 7e-05
2025-11-16 23:32:17.915162: train_loss -0.7255
2025-11-16 23:32:17.915411: val_loss -0.6815
2025-11-16 23:32:17.915517: Pseudo dice [np.float32(0.9207), np.float32(0.7584), np.float32(0.0)]
2025-11-16 23:32:17.915623: Epoch time: 251.58 s
2025-11-16 23:32:18.978356: 
2025-11-16 23:32:18.978542: Epoch 997
2025-11-16 23:32:18.978663: Current learning rate: 5e-05
2025-11-16 23:36:30.380457: train_loss -0.7186
2025-11-16 23:36:30.380683: val_loss -0.6829
2025-11-16 23:36:30.380836: Pseudo dice [np.float32(0.9211), np.float32(0.7671), np.float32(0.0)]
2025-11-16 23:36:30.380940: Epoch time: 251.4 s
2025-11-16 23:36:31.447369: 
2025-11-16 23:36:31.447549: Epoch 998
2025-11-16 23:36:31.447670: Current learning rate: 4e-05
2025-11-16 23:40:42.858625: train_loss -0.7283
2025-11-16 23:40:42.858878: val_loss -0.6766
2025-11-16 23:40:42.859013: Pseudo dice [np.float32(0.9186), np.float32(0.7597), np.float32(0.0)]
2025-11-16 23:40:42.859116: Epoch time: 251.41 s
2025-11-16 23:40:43.922556: 
2025-11-16 23:40:43.922780: Epoch 999
2025-11-16 23:40:43.922899: Current learning rate: 2e-05
2025-11-16 23:44:55.301510: train_loss -0.7317
2025-11-16 23:44:55.301741: val_loss -0.6894
2025-11-16 23:44:55.301879: Pseudo dice [np.float32(0.9138), np.float32(0.7573), np.float32(0.0)]
2025-11-16 23:44:55.301981: Epoch time: 251.38 s
2025-11-16 23:44:57.149479: Training done.
2025-11-16 23:44:57.308207: Using splits from existing split file: /work/u4526725/Dataset/nnUNet/nnUNet_preprocessed/Dataset306_aicup2025/splits_final.json
2025-11-16 23:44:57.317767: The split file contains 5 splits.
2025-11-16 23:44:57.317837: Desired fold for training: 0
2025-11-16 23:44:57.317889: This split has 40 training and 10 validation cases.
2025-11-16 23:44:57.318000: predicting patient0009
2025-11-16 23:44:58.492516: patient0009, shape torch.Size([4, 298, 441, 441]), rank 0
2025-11-16 23:47:12.037663: predicting patient0013
2025-11-16 23:47:14.070865: patient0013, shape torch.Size([4, 328, 575, 575]), rank 0
2025-11-16 23:51:16.374026: predicting patient0022
2025-11-16 23:51:17.609620: patient0022, shape torch.Size([4, 291, 456, 456]), rank 0
2025-11-16 23:53:21.396984: predicting patient0023
2025-11-16 23:53:23.140492: patient0023, shape torch.Size([4, 311, 550, 550]), rank 0
2025-11-16 23:56:21.372706: predicting patient0031
2025-11-16 23:56:22.304643: patient0031, shape torch.Size([4, 249, 449, 449]), rank 0
2025-11-16 23:58:05.474626: predicting patient0033
2025-11-16 23:58:06.609869: patient0033, shape torch.Size([4, 287, 474, 474]), rank 0
2025-11-16 23:59:49.833074: predicting patient0034
2025-11-16 23:59:51.112032: patient0034, shape torch.Size([4, 313, 482, 482]), rank 0
2025-11-17 00:02:49.210627: predicting patient0039
2025-11-17 00:02:50.315479: patient0039, shape torch.Size([4, 275, 446, 446]), rank 0
2025-11-17 00:04:33.493258: predicting patient0043
2025-11-17 00:04:36.476883: patient0043, shape torch.Size([4, 373, 667, 667]), rank 0
2025-11-17 00:10:45.677376: predicting patient0046
2025-11-17 00:10:47.640510: patient0046, shape torch.Size([4, 322, 558, 558]), rank 0
2025-11-17 00:14:30.687281: Validation complete
2025-11-17 00:14:30.687564: Mean Validation Dice:  0.5567460931752598
