+----------------------------------------------------+
| loading miniforge with conda 24.7.1 and python 3.9 |
+----------------------------------------------------+

Fri Nov 14 01:25:41 CST 2025
/work/u4526725/ntuh/nnUNet
/work/u4526725/Dataset/nnUNet/nnUNet_raw
/work/u4526725/Dataset/nnUNet/nnUNet_preprocessed
/work/u4526725/Dataset/nnUNet/nnUNet_results
/work/u4526725/Dataset/nnUNet/nnUNet_predictions
/home/u4526725/.conda/envs/nnUNet/bin:/work/HPC_SYS/twnia2/pkg-rocky8/tools/miniforge/Miniforge-pypy3-24.7.1-2/condabin:/opt/conda/bin:/opt/conda/bin:/usr/local/bin:/usr/bin:/usr/local/sbin:/usr/sbin:/home/u4526725/.local/bin:/home/u4526725/bin:/home/u4526725/.local/bin:/home/u4526725/.local/bin:/home/u4526725/bin:/home/u4526725/.local/bin:/home/u4526725/.local/bin

############################
INFO: You are using the old nnU-Net default plans. We have updated our recommendations. Please consider using those instead! Read more here: https://github.com/MIC-DKFZ/nnUNet/blob/master/documentation/resenc_presets.md
############################

Using device: cuda:0

#######################################################################
Please cite the following paper when using nnU-Net:
Isensee, F., Jaeger, P. F., Kohl, S. A., Petersen, J., & Maier-Hein, K. H. (2021). nnU-Net: a self-configuring method for deep learning-based biomedical image segmentation. Nature methods, 18(2), 203-211.
#######################################################################

2025-11-14 01:25:45.844798: Using torch.compile...
2025-11-14 01:25:47.025123: do_dummy_2d_data_aug: False
2025-11-14 01:25:47.025559: Using splits from existing split file: /work/u4526725/Dataset/nnUNet/nnUNet_preprocessed/Dataset306_aicup2025/splits_final.json
2025-11-14 01:25:47.025736: The split file contains 5 splits.
2025-11-14 01:25:47.025801: Desired fold for training: 3
2025-11-14 01:25:47.025856: This split has 40 training and 10 validation cases.
using pin_memory on device 0
/home/u4526725/.local/lib/python3.12/site-packages/fft_conv_pytorch/fft_conv.py:139: UserWarning: Using a non-tuple sequence for multidimensional indexing is deprecated and will be changed in pytorch 2.9; use x[tuple(seq)] instead of x[seq]. In pytorch 2.9 this will be interpreted as tensor index, x[torch.tensor(seq)], which will result either in an error or a different result (Triggered internally at /pytorch/torch/csrc/autograd/python_variable_indexing.cpp:345.)
  output = output[crop_slices].contiguous()
/home/u4526725/.local/lib/python3.12/site-packages/fft_conv_pytorch/fft_conv.py:139: UserWarning: Using a non-tuple sequence for multidimensional indexing is deprecated and will be changed in pytorch 2.9; use x[tuple(seq)] instead of x[seq]. In pytorch 2.9 this will be interpreted as tensor index, x[torch.tensor(seq)], which will result either in an error or a different result (Triggered internally at /pytorch/torch/csrc/autograd/python_variable_indexing.cpp:345.)
  output = output[crop_slices].contiguous()
/home/u4526725/.local/lib/python3.12/site-packages/fft_conv_pytorch/fft_conv.py:139: UserWarning: Using a non-tuple sequence for multidimensional indexing is deprecated and will be changed in pytorch 2.9; use x[tuple(seq)] instead of x[seq]. In pytorch 2.9 this will be interpreted as tensor index, x[torch.tensor(seq)], which will result either in an error or a different result (Triggered internally at /pytorch/torch/csrc/autograd/python_variable_indexing.cpp:345.)
  output = output[crop_slices].contiguous()
/home/u4526725/.local/lib/python3.12/site-packages/fft_conv_pytorch/fft_conv.py:139: UserWarning: Using a non-tuple sequence for multidimensional indexing is deprecated and will be changed in pytorch 2.9; use x[tuple(seq)] instead of x[seq]. In pytorch 2.9 this will be interpreted as tensor index, x[torch.tensor(seq)], which will result either in an error or a different result (Triggered internally at /pytorch/torch/csrc/autograd/python_variable_indexing.cpp:345.)
  output = output[crop_slices].contiguous()
/home/u4526725/.local/lib/python3.12/site-packages/fft_conv_pytorch/fft_conv.py:139: UserWarning: Using a non-tuple sequence for multidimensional indexing is deprecated and will be changed in pytorch 2.9; use x[tuple(seq)] instead of x[seq]. In pytorch 2.9 this will be interpreted as tensor index, x[torch.tensor(seq)], which will result either in an error or a different result (Triggered internally at /pytorch/torch/csrc/autograd/python_variable_indexing.cpp:345.)
  output = output[crop_slices].contiguous()
/home/u4526725/.local/lib/python3.12/site-packages/fft_conv_pytorch/fft_conv.py:139: UserWarning: Using a non-tuple sequence for multidimensional indexing is deprecated and will be changed in pytorch 2.9; use x[tuple(seq)] instead of x[seq]. In pytorch 2.9 this will be interpreted as tensor index, x[torch.tensor(seq)], which will result either in an error or a different result (Triggered internally at /pytorch/torch/csrc/autograd/python_variable_indexing.cpp:345.)
  output = output[crop_slices].contiguous()
/home/u4526725/.local/lib/python3.12/site-packages/fft_conv_pytorch/fft_conv.py:139: UserWarning: Using a non-tuple sequence for multidimensional indexing is deprecated and will be changed in pytorch 2.9; use x[tuple(seq)] instead of x[seq]. In pytorch 2.9 this will be interpreted as tensor index, x[torch.tensor(seq)], which will result either in an error or a different result (Triggered internally at /pytorch/torch/csrc/autograd/python_variable_indexing.cpp:345.)
  output = output[crop_slices].contiguous()
/home/u4526725/.local/lib/python3.12/site-packages/fft_conv_pytorch/fft_conv.py:139: UserWarning: Using a non-tuple sequence for multidimensional indexing is deprecated and will be changed in pytorch 2.9; use x[tuple(seq)] instead of x[seq]. In pytorch 2.9 this will be interpreted as tensor index, x[torch.tensor(seq)], which will result either in an error or a different result (Triggered internally at /pytorch/torch/csrc/autograd/python_variable_indexing.cpp:345.)
  output = output[crop_slices].contiguous()
/home/u4526725/.local/lib/python3.12/site-packages/fft_conv_pytorch/fft_conv.py:139: UserWarning: Using a non-tuple sequence for multidimensional indexing is deprecated and will be changed in pytorch 2.9; use x[tuple(seq)] instead of x[seq]. In pytorch 2.9 this will be interpreted as tensor index, x[torch.tensor(seq)], which will result either in an error or a different result (Triggered internally at /pytorch/torch/csrc/autograd/python_variable_indexing.cpp:345.)
  output = output[crop_slices].contiguous()
/home/u4526725/.local/lib/python3.12/site-packages/fft_conv_pytorch/fft_conv.py:139: UserWarning: Using a non-tuple sequence for multidimensional indexing is deprecated and will be changed in pytorch 2.9; use x[tuple(seq)] instead of x[seq]. In pytorch 2.9 this will be interpreted as tensor index, x[torch.tensor(seq)], which will result either in an error or a different result (Triggered internally at /pytorch/torch/csrc/autograd/python_variable_indexing.cpp:345.)
  output = output[crop_slices].contiguous()
/home/u4526725/.local/lib/python3.12/site-packages/fft_conv_pytorch/fft_conv.py:139: UserWarning: Using a non-tuple sequence for multidimensional indexing is deprecated and will be changed in pytorch 2.9; use x[tuple(seq)] instead of x[seq]. In pytorch 2.9 this will be interpreted as tensor index, x[torch.tensor(seq)], which will result either in an error or a different result (Triggered internally at /pytorch/torch/csrc/autograd/python_variable_indexing.cpp:345.)
  output = output[crop_slices].contiguous()
/home/u4526725/.local/lib/python3.12/site-packages/fft_conv_pytorch/fft_conv.py:139: UserWarning: Using a non-tuple sequence for multidimensional indexing is deprecated and will be changed in pytorch 2.9; use x[tuple(seq)] instead of x[seq]. In pytorch 2.9 this will be interpreted as tensor index, x[torch.tensor(seq)], which will result either in an error or a different result (Triggered internally at /pytorch/torch/csrc/autograd/python_variable_indexing.cpp:345.)
  output = output[crop_slices].contiguous()
using pin_memory on device 0

This is the configuration used by this training:
Configuration name: 3d_cascade_fullres
 {'data_identifier': 'nnUNetPlans_3d_fullres', 'preprocessor_name': 'DefaultPreprocessor', 'batch_size': 2, 'patch_size': [96, 160, 160], 'median_image_size_in_voxels': [302.5, 512.0, 512.0], 'spacing': [0.5, 0.39453125, 0.39453125], 'normalization_schemes': ['CTNormalization'], 'use_mask_for_norm': [False], 'resampling_fn_data': 'resample_data_or_seg_to_shape', 'resampling_fn_seg': 'resample_data_or_seg_to_shape', 'resampling_fn_data_kwargs': {'is_seg': False, 'order': 3, 'order_z': 0, 'force_separate_z': None}, 'resampling_fn_seg_kwargs': {'is_seg': True, 'order': 1, 'order_z': 0, 'force_separate_z': None}, 'resampling_fn_probabilities': 'resample_data_or_seg_to_shape', 'resampling_fn_probabilities_kwargs': {'is_seg': False, 'order': 1, 'order_z': 0, 'force_separate_z': None}, 'architecture': {'network_class_name': 'dynamic_network_architectures.architectures.unet.PlainConvUNet', 'arch_kwargs': {'n_stages': 6, 'features_per_stage': [32, 64, 128, 256, 320, 320], 'conv_op': 'torch.nn.modules.conv.Conv3d', 'kernel_sizes': [[3, 3, 3], [3, 3, 3], [3, 3, 3], [3, 3, 3], [3, 3, 3], [3, 3, 3]], 'strides': [[1, 1, 1], [2, 2, 2], [2, 2, 2], [2, 2, 2], [2, 2, 2], [1, 2, 2]], 'n_conv_per_stage': [2, 2, 2, 2, 2, 2], 'n_conv_per_stage_decoder': [2, 2, 2, 2, 2], 'conv_bias': True, 'norm_op': 'torch.nn.modules.instancenorm.InstanceNorm3d', 'norm_op_kwargs': {'eps': 1e-05, 'affine': True}, 'dropout_op': None, 'dropout_op_kwargs': None, 'nonlin': 'torch.nn.LeakyReLU', 'nonlin_kwargs': {'inplace': True}}, '_kw_requires_import': ['conv_op', 'norm_op', 'dropout_op', 'nonlin']}, 'batch_dice': True, 'inherits_from': '3d_fullres', 'previous_stage': '3d_lowres'} 

These are the global plan.json settings:
 {'dataset_name': 'Dataset306_aicup2025', 'plans_name': 'nnUNetPlans', 'original_median_spacing_after_transp': [0.5, 0.39453125, 0.39453125], 'original_median_shape_after_transp': [340, 512, 512], 'image_reader_writer': 'NibabelIOWithReorient', 'transpose_forward': [0, 1, 2], 'transpose_backward': [0, 1, 2], 'experiment_planner_used': 'ExperimentPlanner', 'label_manager': 'LabelManager', 'foreground_intensity_properties_per_channel': {'0': {'max': 1819.0, 'mean': 136.50274658203125, 'median': 115.0, 'min': -873.0, 'percentile_00_5': -30.0, 'percentile_99_5': 478.0, 'std': 91.3067398071289}}} 

2025-11-14 01:25:51.773916: Unable to plot network architecture: nnUNet_compile is enabled!
2025-11-14 01:25:51.801517: 
2025-11-14 01:25:51.801671: Epoch 0
2025-11-14 01:25:51.801847: Current learning rate: 0.01
2025-11-14 01:30:21.760459: train_loss 0.0182
2025-11-14 01:30:21.760785: val_loss -0.2144
2025-11-14 01:30:21.760898: Pseudo dice [np.float32(0.9016), np.float32(0.4821), np.float32(0.0)]
2025-11-14 01:30:21.761004: Epoch time: 269.96 s
2025-11-14 01:30:21.761085: Yayy! New best EMA pseudo Dice: 0.46129998564720154
2025-11-14 01:30:22.945627: 
2025-11-14 01:30:22.945897: Epoch 1
2025-11-14 01:30:22.946057: Current learning rate: 0.00999
2025-11-14 01:34:34.438199: train_loss -0.1392
2025-11-14 01:34:34.441989: val_loss -0.3055
2025-11-14 01:34:34.442122: Pseudo dice [np.float32(0.9103), np.float32(0.6561), np.float32(0.0)]
2025-11-14 01:34:34.442219: Epoch time: 251.49 s
2025-11-14 01:34:34.442297: Yayy! New best EMA pseudo Dice: 0.4672999978065491
2025-11-14 01:34:35.800150: 
2025-11-14 01:34:35.800379: Epoch 2
2025-11-14 01:34:35.800508: Current learning rate: 0.00998
2025-11-14 01:38:47.339563: train_loss -0.2135
2025-11-14 01:38:47.354914: val_loss -0.3521
2025-11-14 01:38:47.355063: Pseudo dice [np.float32(0.9065), np.float32(0.7042), np.float32(0.0)]
2025-11-14 01:38:47.355164: Epoch time: 251.54 s
2025-11-14 01:38:47.355314: Yayy! New best EMA pseudo Dice: 0.47429999709129333
2025-11-14 01:38:48.850257: 
2025-11-14 01:38:48.850435: Epoch 3
2025-11-14 01:38:48.850556: Current learning rate: 0.00997
2025-11-14 01:43:00.451019: train_loss -0.25
2025-11-14 01:43:00.452098: val_loss -0.3666
2025-11-14 01:43:00.452213: Pseudo dice [np.float32(0.923), np.float32(0.7315), np.float32(0.0)]
2025-11-14 01:43:00.452326: Epoch time: 251.6 s
2025-11-14 01:43:00.452407: Yayy! New best EMA pseudo Dice: 0.4819999933242798
2025-11-14 01:43:01.850548: 
2025-11-14 01:43:01.850764: Epoch 4
2025-11-14 01:43:01.850894: Current learning rate: 0.00996
2025-11-14 01:47:13.219554: train_loss -0.2684
2025-11-14 01:47:13.219960: val_loss -0.3635
2025-11-14 01:47:13.220069: Pseudo dice [np.float32(0.914), np.float32(0.7113), np.float32(0.0)]
2025-11-14 01:47:13.220174: Epoch time: 251.37 s
2025-11-14 01:47:13.220253: Yayy! New best EMA pseudo Dice: 0.4880000054836273
2025-11-14 01:47:14.550688: 
2025-11-14 01:47:14.550953: Epoch 5
2025-11-14 01:47:14.551090: Current learning rate: 0.00995
2025-11-14 01:51:25.944630: train_loss -0.2904
2025-11-14 01:51:25.945143: val_loss -0.3737
2025-11-14 01:51:25.945290: Pseudo dice [np.float32(0.9195), np.float32(0.7477), np.float32(0.0)]
2025-11-14 01:51:25.945396: Epoch time: 251.39 s
2025-11-14 01:51:25.945478: Yayy! New best EMA pseudo Dice: 0.49480000138282776
2025-11-14 01:51:27.398404: 
2025-11-14 01:51:27.398594: Epoch 6
2025-11-14 01:51:27.398722: Current learning rate: 0.00995
2025-11-14 01:55:38.879190: train_loss -0.2858
2025-11-14 01:55:38.879698: val_loss -0.3486
2025-11-14 01:55:38.879796: Pseudo dice [np.float32(0.9053), np.float32(0.733), np.float32(0.0)]
2025-11-14 01:55:38.879890: Epoch time: 251.48 s
2025-11-14 01:55:38.879961: Yayy! New best EMA pseudo Dice: 0.4999000132083893
2025-11-14 01:55:40.227283: 
2025-11-14 01:55:40.227503: Epoch 7
2025-11-14 01:55:40.227649: Current learning rate: 0.00994
2025-11-14 01:59:51.821990: train_loss -0.2948
2025-11-14 01:59:51.822361: val_loss -0.3856
2025-11-14 01:59:51.822483: Pseudo dice [np.float32(0.9023), np.float32(0.7419), np.float32(0.0)]
2025-11-14 01:59:51.822614: Epoch time: 251.6 s
2025-11-14 01:59:51.822694: Yayy! New best EMA pseudo Dice: 0.5047000050544739
2025-11-14 01:59:53.197007: 
2025-11-14 01:59:53.197325: Epoch 8
2025-11-14 01:59:53.197456: Current learning rate: 0.00993
2025-11-14 02:04:04.647583: train_loss -0.304
2025-11-14 02:04:04.648005: val_loss -0.3886
2025-11-14 02:04:04.648119: Pseudo dice [np.float32(0.9198), np.float32(0.7502), np.float32(0.0)]
2025-11-14 02:04:04.648233: Epoch time: 251.45 s
2025-11-14 02:04:04.648320: Yayy! New best EMA pseudo Dice: 0.5098999738693237
2025-11-14 02:04:06.310015: 
2025-11-14 02:04:06.310193: Epoch 9
2025-11-14 02:04:06.310323: Current learning rate: 0.00992
2025-11-14 02:08:17.738758: train_loss -0.3138
2025-11-14 02:08:17.739214: val_loss -0.3861
2025-11-14 02:08:17.739336: Pseudo dice [np.float32(0.9172), np.float32(0.753), np.float32(0.0)]
2025-11-14 02:08:17.739439: Epoch time: 251.43 s
2025-11-14 02:08:17.739517: Yayy! New best EMA pseudo Dice: 0.5145999789237976
2025-11-14 02:08:19.093750: 
2025-11-14 02:08:19.094011: Epoch 10
2025-11-14 02:08:19.094134: Current learning rate: 0.00991
2025-11-14 02:12:30.757702: train_loss -0.3283
2025-11-14 02:12:30.758111: val_loss -0.3709
2025-11-14 02:12:30.758235: Pseudo dice [np.float32(0.912), np.float32(0.7552), np.float32(0.0)]
2025-11-14 02:12:30.758353: Epoch time: 251.66 s
2025-11-14 02:12:30.770236: Yayy! New best EMA pseudo Dice: 0.5187000036239624
2025-11-14 02:12:32.188533: 
2025-11-14 02:12:32.188832: Epoch 11
2025-11-14 02:12:32.189018: Current learning rate: 0.0099
2025-11-14 02:16:43.995374: train_loss -0.3114
2025-11-14 02:16:43.995794: val_loss -0.3714
2025-11-14 02:16:43.995898: Pseudo dice [np.float32(0.9139), np.float32(0.72), np.float32(0.0)]
2025-11-14 02:16:43.995998: Epoch time: 251.81 s
2025-11-14 02:16:43.996076: Yayy! New best EMA pseudo Dice: 0.5213000178337097
2025-11-14 02:16:45.283057: 
2025-11-14 02:16:45.283334: Epoch 12
2025-11-14 02:16:45.283478: Current learning rate: 0.00989
2025-11-14 02:20:56.795767: train_loss -0.3137
2025-11-14 02:20:56.796598: val_loss -0.3726
2025-11-14 02:20:56.796742: Pseudo dice [np.float32(0.9124), np.float32(0.7544), np.float32(0.0)]
2025-11-14 02:20:56.796862: Epoch time: 251.51 s
2025-11-14 02:20:56.796955: Yayy! New best EMA pseudo Dice: 0.5246999859809875
2025-11-14 02:20:58.130306: 
2025-11-14 02:20:58.130575: Epoch 13
2025-11-14 02:20:58.130703: Current learning rate: 0.00988
2025-11-14 02:25:09.569008: train_loss -0.326
2025-11-14 02:25:09.569490: val_loss -0.3849
2025-11-14 02:25:09.569631: Pseudo dice [np.float32(0.9119), np.float32(0.757), np.float32(0.0)]
2025-11-14 02:25:09.569736: Epoch time: 251.44 s
2025-11-14 02:25:09.569816: Yayy! New best EMA pseudo Dice: 0.527899980545044
2025-11-14 02:25:10.852371: 
2025-11-14 02:25:10.852557: Epoch 14
2025-11-14 02:25:10.852690: Current learning rate: 0.00987
2025-11-14 02:29:22.039379: train_loss -0.3406
2025-11-14 02:29:22.039786: val_loss -0.3706
2025-11-14 02:29:22.039893: Pseudo dice [np.float32(0.9035), np.float32(0.7581), np.float32(0.0)]
2025-11-14 02:29:22.039999: Epoch time: 251.19 s
2025-11-14 02:29:22.040080: Yayy! New best EMA pseudo Dice: 0.5304999947547913
2025-11-14 02:29:23.418140: 
2025-11-14 02:29:23.418428: Epoch 15
2025-11-14 02:29:23.418562: Current learning rate: 0.00986
2025-11-14 02:33:34.643510: train_loss -0.341
2025-11-14 02:33:34.643896: val_loss -0.3784
2025-11-14 02:33:34.643997: Pseudo dice [np.float32(0.9125), np.float32(0.759), np.float32(0.0)]
2025-11-14 02:33:34.644099: Epoch time: 251.23 s
2025-11-14 02:33:34.644177: Yayy! New best EMA pseudo Dice: 0.5332000255584717
2025-11-14 02:33:36.020913: 
2025-11-14 02:33:36.021106: Epoch 16
2025-11-14 02:33:36.021279: Current learning rate: 0.00986
2025-11-14 02:37:47.477223: train_loss -0.3474
2025-11-14 02:37:47.477671: val_loss -0.4031
2025-11-14 02:37:47.477783: Pseudo dice [np.float32(0.9148), np.float32(0.762), np.float32(0.0)]
2025-11-14 02:37:47.477885: Epoch time: 251.46 s
2025-11-14 02:37:47.477966: Yayy! New best EMA pseudo Dice: 0.5357000231742859
2025-11-14 02:37:49.204861: 
2025-11-14 02:37:49.205042: Epoch 17
2025-11-14 02:37:49.205239: Current learning rate: 0.00985
2025-11-14 02:42:00.582877: train_loss -0.3521
2025-11-14 02:42:00.583304: val_loss -0.4016
2025-11-14 02:42:00.583411: Pseudo dice [np.float32(0.9172), np.float32(0.7699), np.float32(0.0)]
2025-11-14 02:42:00.583550: Epoch time: 251.38 s
2025-11-14 02:42:00.583662: Yayy! New best EMA pseudo Dice: 0.5383999943733215
2025-11-14 02:42:01.954984: 
2025-11-14 02:42:01.955211: Epoch 18
2025-11-14 02:42:01.955340: Current learning rate: 0.00984
2025-11-14 02:46:13.456250: train_loss -0.3436
2025-11-14 02:46:13.456695: val_loss -0.4084
2025-11-14 02:46:13.456801: Pseudo dice [np.float32(0.924), np.float32(0.7698), np.float32(0.0)]
2025-11-14 02:46:13.456905: Epoch time: 251.5 s
2025-11-14 02:46:13.456985: Yayy! New best EMA pseudo Dice: 0.5410000085830688
2025-11-14 02:46:14.838571: 
2025-11-14 02:46:14.838788: Epoch 19
2025-11-14 02:46:14.838913: Current learning rate: 0.00983
2025-11-14 02:50:26.632632: train_loss -0.3273
2025-11-14 02:50:26.633067: val_loss -0.3825
2025-11-14 02:50:26.633170: Pseudo dice [np.float32(0.9079), np.float32(0.743), np.float32(0.0)]
2025-11-14 02:50:26.633270: Epoch time: 251.79 s
2025-11-14 02:50:26.633360: Yayy! New best EMA pseudo Dice: 0.5418999791145325
2025-11-14 02:50:28.003381: 
2025-11-14 02:50:28.003569: Epoch 20
2025-11-14 02:50:28.003690: Current learning rate: 0.00982
2025-11-14 02:54:39.686513: train_loss -0.3444
2025-11-14 02:54:39.686905: val_loss -0.4123
2025-11-14 02:54:39.687010: Pseudo dice [np.float32(0.9184), np.float32(0.7762), np.float32(0.0)]
2025-11-14 02:54:39.687155: Epoch time: 251.68 s
2025-11-14 02:54:39.687245: Yayy! New best EMA pseudo Dice: 0.5442000031471252
2025-11-14 02:54:41.427491: 
2025-11-14 02:54:41.427723: Epoch 21
2025-11-14 02:54:41.427855: Current learning rate: 0.00981
2025-11-14 02:58:52.935446: train_loss -0.3397
2025-11-14 02:58:52.935995: val_loss -0.4111
2025-11-14 02:58:52.936102: Pseudo dice [np.float32(0.9161), np.float32(0.7603), np.float32(0.0)]
2025-11-14 02:58:52.936202: Epoch time: 251.51 s
2025-11-14 02:58:52.936290: Yayy! New best EMA pseudo Dice: 0.5457000136375427
2025-11-14 02:58:54.300455: 
2025-11-14 02:58:54.300677: Epoch 22
2025-11-14 02:58:54.300806: Current learning rate: 0.0098
2025-11-14 03:03:05.925728: train_loss -0.3251
2025-11-14 03:03:05.926155: val_loss -0.3832
2025-11-14 03:03:05.926278: Pseudo dice [np.float32(0.9139), np.float32(0.738), np.float32(0.0)]
2025-11-14 03:03:05.926416: Epoch time: 251.63 s
2025-11-14 03:03:05.926510: Yayy! New best EMA pseudo Dice: 0.5461999773979187
2025-11-14 03:03:07.211079: 
2025-11-14 03:03:07.211464: Epoch 23
2025-11-14 03:03:07.211738: Current learning rate: 0.00979
2025-11-14 03:07:18.601299: train_loss -0.3274
2025-11-14 03:07:18.601725: val_loss -0.3853
2025-11-14 03:07:18.601829: Pseudo dice [np.float32(0.9178), np.float32(0.7584), np.float32(0.0)]
2025-11-14 03:07:18.601928: Epoch time: 251.39 s
2025-11-14 03:07:18.602005: Yayy! New best EMA pseudo Dice: 0.5473999977111816
2025-11-14 03:07:19.917590: 
2025-11-14 03:07:19.917774: Epoch 24
2025-11-14 03:07:19.917895: Current learning rate: 0.00978
2025-11-14 03:11:31.663719: train_loss -0.3526
2025-11-14 03:11:31.663958: val_loss -0.3963
2025-11-14 03:11:31.664064: Pseudo dice [np.float32(0.9065), np.float32(0.7499), np.float32(0.0)]
2025-11-14 03:11:31.664167: Epoch time: 251.75 s
2025-11-14 03:11:31.664247: Yayy! New best EMA pseudo Dice: 0.5479000210762024
2025-11-14 03:11:33.015956: 
2025-11-14 03:11:33.016126: Epoch 25
2025-11-14 03:11:33.016256: Current learning rate: 0.00977
2025-11-14 03:15:44.515564: train_loss -0.3517
2025-11-14 03:15:44.515879: val_loss -0.4081
2025-11-14 03:15:44.515987: Pseudo dice [np.float32(0.9176), np.float32(0.7516), np.float32(0.0)]
2025-11-14 03:15:44.516090: Epoch time: 251.5 s
2025-11-14 03:15:44.516168: Yayy! New best EMA pseudo Dice: 0.548799991607666
2025-11-14 03:15:45.889181: 
2025-11-14 03:15:45.889418: Epoch 26
2025-11-14 03:15:45.889548: Current learning rate: 0.00977
2025-11-14 03:19:57.870083: train_loss -0.3484
2025-11-14 03:19:57.870346: val_loss -0.3857
2025-11-14 03:19:57.870449: Pseudo dice [np.float32(0.9176), np.float32(0.7546), np.float32(0.0)]
2025-11-14 03:19:57.870553: Epoch time: 251.98 s
2025-11-14 03:19:57.870636: Yayy! New best EMA pseudo Dice: 0.5496000051498413
2025-11-14 03:19:59.198372: 
2025-11-14 03:19:59.198611: Epoch 27
2025-11-14 03:19:59.198733: Current learning rate: 0.00976
2025-11-14 03:24:10.729072: train_loss -0.3467
2025-11-14 03:24:10.729323: val_loss -0.4027
2025-11-14 03:24:10.729426: Pseudo dice [np.float32(0.9206), np.float32(0.7651), np.float32(0.0)]
2025-11-14 03:24:10.729527: Epoch time: 251.53 s
2025-11-14 03:24:10.729606: Yayy! New best EMA pseudo Dice: 0.5508000254631042
2025-11-14 03:24:12.051135: 
2025-11-14 03:24:12.051303: Epoch 28
2025-11-14 03:24:12.051438: Current learning rate: 0.00975
2025-11-14 03:28:23.540556: train_loss -0.3677
2025-11-14 03:28:23.540791: val_loss -0.4115
2025-11-14 03:28:23.540893: Pseudo dice [np.float32(0.9286), np.float32(0.7688), np.float32(0.0)]
2025-11-14 03:28:23.540995: Epoch time: 251.49 s
2025-11-14 03:28:23.541082: Yayy! New best EMA pseudo Dice: 0.552299976348877
2025-11-14 03:28:24.901764: 
2025-11-14 03:28:24.902020: Epoch 29
2025-11-14 03:28:24.902155: Current learning rate: 0.00974
2025-11-14 03:32:36.800083: train_loss -0.3544
2025-11-14 03:32:36.800318: val_loss -0.3929
2025-11-14 03:32:36.800431: Pseudo dice [np.float32(0.9228), np.float32(0.7627), np.float32(0.0)]
2025-11-14 03:32:36.800537: Epoch time: 251.9 s
2025-11-14 03:32:36.800624: Yayy! New best EMA pseudo Dice: 0.5533000230789185
2025-11-14 03:32:38.197644: 
2025-11-14 03:32:38.197831: Epoch 30
2025-11-14 03:32:38.197972: Current learning rate: 0.00973
2025-11-14 03:36:49.619822: train_loss -0.3571
2025-11-14 03:36:49.620093: val_loss -0.3802
2025-11-14 03:36:49.620199: Pseudo dice [np.float32(0.9174), np.float32(0.7622), np.float32(0.0)]
2025-11-14 03:36:49.620313: Epoch time: 251.42 s
2025-11-14 03:36:49.620395: Yayy! New best EMA pseudo Dice: 0.5540000200271606
2025-11-14 03:36:50.954244: 
2025-11-14 03:36:50.954528: Epoch 31
2025-11-14 03:36:50.954653: Current learning rate: 0.00972
2025-11-14 03:41:02.611526: train_loss -0.3745
2025-11-14 03:41:02.611751: val_loss -0.407
2025-11-14 03:41:02.611917: Pseudo dice [np.float32(0.925), np.float32(0.7732), np.float32(0.0)]
2025-11-14 03:41:02.612028: Epoch time: 251.66 s
2025-11-14 03:41:02.612184: Yayy! New best EMA pseudo Dice: 0.5551999807357788
2025-11-14 03:41:04.009002: 
2025-11-14 03:41:04.009252: Epoch 32
2025-11-14 03:41:04.009442: Current learning rate: 0.00971
2025-11-14 03:45:15.396898: train_loss -0.3728
2025-11-14 03:45:15.397116: val_loss -0.4097
2025-11-14 03:45:15.397220: Pseudo dice [np.float32(0.9084), np.float32(0.76), np.float32(0.0)]
2025-11-14 03:45:15.397342: Epoch time: 251.39 s
2025-11-14 03:45:15.397428: Yayy! New best EMA pseudo Dice: 0.5552999973297119
2025-11-14 03:45:17.101875: 
2025-11-14 03:45:17.102108: Epoch 33
2025-11-14 03:45:17.102235: Current learning rate: 0.0097
2025-11-14 03:49:28.643762: train_loss -0.3633
2025-11-14 03:49:28.644004: val_loss -0.3972
2025-11-14 03:49:28.644105: Pseudo dice [np.float32(0.9185), np.float32(0.77), np.float32(0.0)]
2025-11-14 03:49:28.644209: Epoch time: 251.54 s
2025-11-14 03:49:28.644302: Yayy! New best EMA pseudo Dice: 0.5559999942779541
2025-11-14 03:49:29.963355: 
2025-11-14 03:49:29.963527: Epoch 34
2025-11-14 03:49:29.963659: Current learning rate: 0.00969
2025-11-14 03:53:41.348999: train_loss -0.3824
2025-11-14 03:53:41.349225: val_loss -0.4118
2025-11-14 03:53:41.349334: Pseudo dice [np.float32(0.918), np.float32(0.7702), np.float32(0.0)]
2025-11-14 03:53:41.349444: Epoch time: 251.39 s
2025-11-14 03:53:41.349526: Yayy! New best EMA pseudo Dice: 0.5566999912261963
2025-11-14 03:53:42.696722: 
2025-11-14 03:53:42.696929: Epoch 35
2025-11-14 03:53:42.697062: Current learning rate: 0.00968
2025-11-14 03:57:54.236532: train_loss -0.376
2025-11-14 03:57:54.236802: val_loss -0.375
2025-11-14 03:57:54.236906: Pseudo dice [np.float32(0.9149), np.float32(0.7626), np.float32(0.0)]
2025-11-14 03:57:54.237011: Epoch time: 251.54 s
2025-11-14 03:57:54.237090: Yayy! New best EMA pseudo Dice: 0.5569000244140625
2025-11-14 03:57:55.576098: 
2025-11-14 03:57:55.576278: Epoch 36
2025-11-14 03:57:55.576405: Current learning rate: 0.00968
2025-11-14 04:02:07.205413: train_loss -0.3812
2025-11-14 04:02:07.205786: val_loss -0.3774
2025-11-14 04:02:07.205895: Pseudo dice [np.float32(0.9086), np.float32(0.7578), np.float32(0.0)]
2025-11-14 04:02:07.206000: Epoch time: 251.63 s
2025-11-14 04:02:08.263624: 
2025-11-14 04:02:08.263877: Epoch 37
2025-11-14 04:02:08.263997: Current learning rate: 0.00967
2025-11-14 04:06:19.616513: train_loss -0.3705
2025-11-14 04:06:19.616782: val_loss -0.4208
2025-11-14 04:06:19.616884: Pseudo dice [np.float32(0.9198), np.float32(0.7649), np.float32(0.0)]
2025-11-14 04:06:19.616986: Epoch time: 251.35 s
2025-11-14 04:06:19.617064: Yayy! New best EMA pseudo Dice: 0.5572999715805054
2025-11-14 04:06:20.957693: 
2025-11-14 04:06:20.957945: Epoch 38
2025-11-14 04:06:20.958087: Current learning rate: 0.00966
2025-11-14 04:10:32.532799: train_loss -0.3691
2025-11-14 04:10:32.533050: val_loss -0.3908
2025-11-14 04:10:32.533150: Pseudo dice [np.float32(0.914), np.float32(0.7734), np.float32(0.0)]
2025-11-14 04:10:32.533254: Epoch time: 251.58 s
2025-11-14 04:10:32.533340: Yayy! New best EMA pseudo Dice: 0.5577999949455261
2025-11-14 04:10:33.958921: 
2025-11-14 04:10:33.959203: Epoch 39
2025-11-14 04:10:33.959369: Current learning rate: 0.00965
2025-11-14 04:14:45.300403: train_loss -0.3625
2025-11-14 04:14:45.300666: val_loss -0.4037
2025-11-14 04:14:45.300771: Pseudo dice [np.float32(0.9128), np.float32(0.7636), np.float32(0.0)]
2025-11-14 04:14:45.300876: Epoch time: 251.34 s
2025-11-14 04:14:45.300956: Yayy! New best EMA pseudo Dice: 0.5579000115394592
2025-11-14 04:14:46.651473: 
2025-11-14 04:14:46.651666: Epoch 40
2025-11-14 04:14:46.651792: Current learning rate: 0.00964
2025-11-14 04:18:58.229060: train_loss -0.3546
2025-11-14 04:18:58.229340: val_loss -0.3966
2025-11-14 04:18:58.229436: Pseudo dice [np.float32(0.9169), np.float32(0.7615), np.float32(0.0)]
2025-11-14 04:18:58.229529: Epoch time: 251.58 s
2025-11-14 04:18:58.229602: Yayy! New best EMA pseudo Dice: 0.5580000281333923
2025-11-14 04:18:59.620654: 
2025-11-14 04:18:59.621023: Epoch 41
2025-11-14 04:18:59.621269: Current learning rate: 0.00963
2025-11-14 04:23:10.996958: train_loss -0.3737
2025-11-14 04:23:10.997224: val_loss -0.414
2025-11-14 04:23:10.997335: Pseudo dice [np.float32(0.9144), np.float32(0.756), np.float32(0.0)]
2025-11-14 04:23:10.997437: Epoch time: 251.38 s
2025-11-14 04:23:12.031758: 
2025-11-14 04:23:12.032076: Epoch 42
2025-11-14 04:23:12.032215: Current learning rate: 0.00962
2025-11-14 04:27:23.361472: train_loss -0.3677
2025-11-14 04:27:23.361680: val_loss -0.3917
2025-11-14 04:27:23.361770: Pseudo dice [np.float32(0.9153), np.float32(0.761), np.float32(0.0)]
2025-11-14 04:27:23.361875: Epoch time: 251.33 s
2025-11-14 04:27:24.385733: 
2025-11-14 04:27:24.385954: Epoch 43
2025-11-14 04:27:24.386107: Current learning rate: 0.00961
2025-11-14 04:31:36.052747: train_loss -0.3581
2025-11-14 04:31:36.052993: val_loss -0.3776
2025-11-14 04:31:36.053093: Pseudo dice [np.float32(0.9114), np.float32(0.747), np.float32(0.0)]
2025-11-14 04:31:36.053193: Epoch time: 251.67 s
2025-11-14 04:31:37.095343: 
2025-11-14 04:31:37.095621: Epoch 44
2025-11-14 04:31:37.095781: Current learning rate: 0.0096
2025-11-14 04:35:48.520000: train_loss -0.374
2025-11-14 04:35:48.520286: val_loss -0.3827
2025-11-14 04:35:48.520397: Pseudo dice [np.float32(0.9118), np.float32(0.764), np.float32(0.0)]
2025-11-14 04:35:48.520499: Epoch time: 251.43 s
2025-11-14 04:35:49.552316: 
2025-11-14 04:35:49.552487: Epoch 45
2025-11-14 04:35:49.552609: Current learning rate: 0.00959
2025-11-14 04:40:01.012861: train_loss -0.3751
2025-11-14 04:40:01.013097: val_loss -0.3948
2025-11-14 04:40:01.013200: Pseudo dice [np.float32(0.9162), np.float32(0.7532), np.float32(0.0)]
2025-11-14 04:40:01.013339: Epoch time: 251.46 s
2025-11-14 04:40:02.444779: 
2025-11-14 04:40:02.445070: Epoch 46
2025-11-14 04:40:02.445211: Current learning rate: 0.00959
2025-11-14 04:44:14.182085: train_loss -0.3715
2025-11-14 04:44:14.182365: val_loss -0.4103
2025-11-14 04:44:14.182466: Pseudo dice [np.float32(0.9174), np.float32(0.7462), np.float32(0.0)]
2025-11-14 04:44:14.182616: Epoch time: 251.74 s
2025-11-14 04:44:15.130782: 
2025-11-14 04:44:15.131062: Epoch 47
2025-11-14 04:44:15.131196: Current learning rate: 0.00958
2025-11-14 04:48:26.674105: train_loss -0.378
2025-11-14 04:48:26.674366: val_loss -0.3585
2025-11-14 04:48:26.674491: Pseudo dice [np.float32(0.9074), np.float32(0.7532), np.float32(0.0)]
2025-11-14 04:48:26.674609: Epoch time: 251.54 s
2025-11-14 04:48:27.695248: 
2025-11-14 04:48:27.695426: Epoch 48
2025-11-14 04:48:27.695550: Current learning rate: 0.00957
2025-11-14 04:52:39.137918: train_loss -0.3695
2025-11-14 04:52:39.138193: val_loss -0.4002
2025-11-14 04:52:39.138304: Pseudo dice [np.float32(0.9201), np.float32(0.7625), np.float32(0.0)]
2025-11-14 04:52:39.138407: Epoch time: 251.44 s
2025-11-14 04:52:40.164657: 
2025-11-14 04:52:40.164943: Epoch 49
2025-11-14 04:52:40.165082: Current learning rate: 0.00956
2025-11-14 04:56:51.836647: train_loss -0.3778
2025-11-14 04:56:51.836878: val_loss -0.3769
2025-11-14 04:56:51.836989: Pseudo dice [np.float32(0.9206), np.float32(0.7691), np.float32(0.0)]
2025-11-14 04:56:51.837094: Epoch time: 251.67 s
2025-11-14 04:56:53.205691: 
2025-11-14 04:56:53.205863: Epoch 50
2025-11-14 04:56:53.205992: Current learning rate: 0.00955
2025-11-14 05:01:04.544203: train_loss -0.3747
2025-11-14 05:01:04.544444: val_loss -0.4043
2025-11-14 05:01:04.544546: Pseudo dice [np.float32(0.9162), np.float32(0.7638), np.float32(0.0)]
2025-11-14 05:01:04.544644: Epoch time: 251.34 s
2025-11-14 05:01:05.511024: 
2025-11-14 05:01:05.511199: Epoch 51
2025-11-14 05:01:05.511325: Current learning rate: 0.00954
2025-11-14 05:05:16.770550: train_loss -0.3689
2025-11-14 05:05:16.770762: val_loss -0.4035
2025-11-14 05:05:16.770856: Pseudo dice [np.float32(0.9195), np.float32(0.7711), np.float32(0.0)]
2025-11-14 05:05:16.770953: Epoch time: 251.26 s
2025-11-14 05:05:16.771029: Yayy! New best EMA pseudo Dice: 0.5586000084877014
2025-11-14 05:05:18.146292: 
2025-11-14 05:05:18.146479: Epoch 52
2025-11-14 05:05:18.146647: Current learning rate: 0.00953
2025-11-14 05:09:29.704456: train_loss -0.3838
2025-11-14 05:09:29.704687: val_loss -0.4222
2025-11-14 05:09:29.704788: Pseudo dice [np.float32(0.9142), np.float32(0.7725), np.float32(0.0)]
2025-11-14 05:09:29.704895: Epoch time: 251.56 s
2025-11-14 05:09:29.704975: Yayy! New best EMA pseudo Dice: 0.5590000152587891
2025-11-14 05:09:31.077436: 
2025-11-14 05:09:31.077624: Epoch 53
2025-11-14 05:09:31.077746: Current learning rate: 0.00952
2025-11-14 05:13:42.556682: train_loss -0.376
2025-11-14 05:13:42.556917: val_loss -0.4077
2025-11-14 05:13:42.557069: Pseudo dice [np.float32(0.9159), np.float32(0.7573), np.float32(0.0)]
2025-11-14 05:13:42.557178: Epoch time: 251.48 s
2025-11-14 05:13:43.588068: 
2025-11-14 05:13:43.588316: Epoch 54
2025-11-14 05:13:43.588483: Current learning rate: 0.00951
2025-11-14 05:17:55.123476: train_loss -0.3731
2025-11-14 05:17:55.123757: val_loss -0.4148
2025-11-14 05:17:55.123877: Pseudo dice [np.float32(0.9202), np.float32(0.7608), np.float32(0.0)]
2025-11-14 05:17:55.123983: Epoch time: 251.54 s
2025-11-14 05:17:55.124074: Yayy! New best EMA pseudo Dice: 0.5590000152587891
2025-11-14 05:17:56.531368: 
2025-11-14 05:17:56.531613: Epoch 55
2025-11-14 05:17:56.531736: Current learning rate: 0.0095
2025-11-14 05:22:07.976195: train_loss -0.3779
2025-11-14 05:22:07.976450: val_loss -0.4081
2025-11-14 05:22:07.976586: Pseudo dice [np.float32(0.9239), np.float32(0.7687), np.float32(0.0)]
2025-11-14 05:22:07.976692: Epoch time: 251.45 s
2025-11-14 05:22:07.976807: Yayy! New best EMA pseudo Dice: 0.559499979019165
2025-11-14 05:22:09.325799: 
2025-11-14 05:22:09.326086: Epoch 56
2025-11-14 05:22:09.326250: Current learning rate: 0.00949
2025-11-14 05:26:20.854339: train_loss -0.3792
2025-11-14 05:26:20.854581: val_loss -0.4043
2025-11-14 05:26:20.854675: Pseudo dice [np.float32(0.8986), np.float32(0.7634), np.float32(0.0)]
2025-11-14 05:26:20.854768: Epoch time: 251.53 s
2025-11-14 05:26:21.895051: 
2025-11-14 05:26:21.895321: Epoch 57
2025-11-14 05:26:21.895450: Current learning rate: 0.00949
2025-11-14 05:30:33.209619: train_loss -0.3854
2025-11-14 05:30:33.209893: val_loss -0.4206
2025-11-14 05:30:33.210063: Pseudo dice [np.float32(0.9225), np.float32(0.7721), np.float32(0.0)]
2025-11-14 05:30:33.210171: Epoch time: 251.32 s
2025-11-14 05:30:33.210252: Yayy! New best EMA pseudo Dice: 0.559499979019165
2025-11-14 05:30:34.536414: 
2025-11-14 05:30:34.536645: Epoch 58
2025-11-14 05:30:34.536838: Current learning rate: 0.00948
2025-11-14 05:34:46.081117: train_loss -0.3821
2025-11-14 05:34:46.081385: val_loss -0.4034
2025-11-14 05:34:46.081562: Pseudo dice [np.float32(0.922), np.float32(0.757), np.float32(0.0)]
2025-11-14 05:34:46.081748: Epoch time: 251.55 s
2025-11-14 05:34:46.081835: Yayy! New best EMA pseudo Dice: 0.5595999956130981
2025-11-14 05:34:47.766934: 
2025-11-14 05:34:47.767136: Epoch 59
2025-11-14 05:34:47.767258: Current learning rate: 0.00947
2025-11-14 05:38:59.345160: train_loss -0.3908
2025-11-14 05:38:59.345382: val_loss -0.3987
2025-11-14 05:38:59.345485: Pseudo dice [np.float32(0.9187), np.float32(0.7646), np.float32(0.0)]
2025-11-14 05:38:59.345585: Epoch time: 251.58 s
2025-11-14 05:38:59.345661: Yayy! New best EMA pseudo Dice: 0.5597000122070312
2025-11-14 05:39:00.654463: 
2025-11-14 05:39:00.654708: Epoch 60
2025-11-14 05:39:00.654856: Current learning rate: 0.00946
2025-11-14 05:43:11.809776: train_loss -0.3785
2025-11-14 05:43:11.810045: val_loss -0.3582
2025-11-14 05:43:11.810143: Pseudo dice [np.float32(0.9001), np.float32(0.7402), np.float32(0.0)]
2025-11-14 05:43:11.810262: Epoch time: 251.16 s
2025-11-14 05:43:12.857991: 
2025-11-14 05:43:12.858233: Epoch 61
2025-11-14 05:43:12.858356: Current learning rate: 0.00945
2025-11-14 05:47:24.235061: train_loss -0.3817
2025-11-14 05:47:24.235319: val_loss -0.4085
2025-11-14 05:47:24.235425: Pseudo dice [np.float32(0.9071), np.float32(0.7504), np.float32(0.0)]
2025-11-14 05:47:24.235527: Epoch time: 251.38 s
2025-11-14 05:47:25.282392: 
2025-11-14 05:47:25.282584: Epoch 62
2025-11-14 05:47:25.282707: Current learning rate: 0.00944
2025-11-14 05:51:36.712894: train_loss -0.3864
2025-11-14 05:51:36.713140: val_loss -0.4146
2025-11-14 05:51:36.713239: Pseudo dice [np.float32(0.9212), np.float32(0.7761), np.float32(0.0)]
2025-11-14 05:51:36.713347: Epoch time: 251.43 s
2025-11-14 05:51:37.762082: 
2025-11-14 05:51:37.762239: Epoch 63
2025-11-14 05:51:37.762349: Current learning rate: 0.00943
2025-11-14 05:55:49.053955: train_loss -0.4005
2025-11-14 05:55:49.054219: val_loss -0.3999
2025-11-14 05:55:49.054328: Pseudo dice [np.float32(0.9282), np.float32(0.7706), np.float32(0.0)]
2025-11-14 05:55:49.054430: Epoch time: 251.29 s
2025-11-14 05:55:50.099033: 
2025-11-14 05:55:50.099187: Epoch 64
2025-11-14 05:55:50.099305: Current learning rate: 0.00942
2025-11-14 06:00:01.285738: train_loss -0.374
2025-11-14 06:00:01.285980: val_loss -0.4176
2025-11-14 06:00:01.286083: Pseudo dice [np.float32(0.9184), np.float32(0.7538), np.float32(0.0)]
2025-11-14 06:00:01.286194: Epoch time: 251.19 s
2025-11-14 06:00:02.341925: 
2025-11-14 06:00:02.342227: Epoch 65
2025-11-14 06:00:02.342367: Current learning rate: 0.00941
2025-11-14 06:04:13.744419: train_loss -0.3736
2025-11-14 06:04:13.744668: val_loss -0.4062
2025-11-14 06:04:13.744769: Pseudo dice [np.float32(0.9127), np.float32(0.7757), np.float32(0.0)]
2025-11-14 06:04:13.744870: Epoch time: 251.4 s
2025-11-14 06:04:14.789536: 
2025-11-14 06:04:14.789756: Epoch 66
2025-11-14 06:04:14.789888: Current learning rate: 0.0094
2025-11-14 06:08:26.120099: train_loss -0.3723
2025-11-14 06:08:26.120348: val_loss -0.4189
2025-11-14 06:08:26.120453: Pseudo dice [np.float32(0.9275), np.float32(0.7772), np.float32(0.0)]
2025-11-14 06:08:26.120554: Epoch time: 251.33 s
2025-11-14 06:08:26.120631: Yayy! New best EMA pseudo Dice: 0.5604000091552734
2025-11-14 06:08:27.484685: 
2025-11-14 06:08:27.484858: Epoch 67
2025-11-14 06:08:27.484984: Current learning rate: 0.00939
2025-11-14 06:12:38.828127: train_loss -0.3896
2025-11-14 06:12:38.828394: val_loss -0.4102
2025-11-14 06:12:38.828532: Pseudo dice [np.float32(0.9222), np.float32(0.7598), np.float32(0.0)]
2025-11-14 06:12:38.828639: Epoch time: 251.34 s
2025-11-14 06:12:38.828717: Yayy! New best EMA pseudo Dice: 0.5604000091552734
2025-11-14 06:12:40.175205: 
2025-11-14 06:12:40.175383: Epoch 68
2025-11-14 06:12:40.175502: Current learning rate: 0.00939
2025-11-14 06:16:51.489942: train_loss -0.3839
2025-11-14 06:16:51.490190: val_loss -0.4032
2025-11-14 06:16:51.490299: Pseudo dice [np.float32(0.9152), np.float32(0.7608), np.float32(0.0)]
2025-11-14 06:16:51.493857: Epoch time: 251.32 s
2025-11-14 06:16:52.548415: 
2025-11-14 06:16:52.548618: Epoch 69
2025-11-14 06:16:52.548750: Current learning rate: 0.00938
2025-11-14 06:21:04.157833: train_loss -0.3826
2025-11-14 06:21:04.158085: val_loss -0.38
2025-11-14 06:21:04.158188: Pseudo dice [np.float32(0.9122), np.float32(0.7622), np.float32(0.0)]
2025-11-14 06:21:04.158310: Epoch time: 251.61 s
2025-11-14 06:21:05.203253: 
2025-11-14 06:21:05.203432: Epoch 70
2025-11-14 06:21:05.203550: Current learning rate: 0.00937
2025-11-14 06:25:16.915422: train_loss -0.3901
2025-11-14 06:25:16.915663: val_loss -0.4253
2025-11-14 06:25:16.915762: Pseudo dice [np.float32(0.9229), np.float32(0.7713), np.float32(0.0)]
2025-11-14 06:25:16.915864: Epoch time: 251.71 s
2025-11-14 06:25:16.915941: Yayy! New best EMA pseudo Dice: 0.5605000257492065
2025-11-14 06:25:18.654885: 
2025-11-14 06:25:18.655144: Epoch 71
2025-11-14 06:25:18.655279: Current learning rate: 0.00936
2025-11-14 06:29:30.104129: train_loss -0.3884
2025-11-14 06:29:30.104399: val_loss -0.397
2025-11-14 06:29:30.104501: Pseudo dice [np.float32(0.92), np.float32(0.7712), np.float32(0.0)]
2025-11-14 06:29:30.104600: Epoch time: 251.45 s
2025-11-14 06:29:30.104677: Yayy! New best EMA pseudo Dice: 0.5608000159263611
2025-11-14 06:29:31.533443: 
2025-11-14 06:29:31.533755: Epoch 72
2025-11-14 06:29:31.533936: Current learning rate: 0.00935
2025-11-14 06:33:42.991358: train_loss -0.3866
2025-11-14 06:33:42.991650: val_loss -0.4195
2025-11-14 06:33:42.991757: Pseudo dice [np.float32(0.9224), np.float32(0.7681), np.float32(0.0)]
2025-11-14 06:33:42.991858: Epoch time: 251.46 s
2025-11-14 06:33:42.991956: Yayy! New best EMA pseudo Dice: 0.5611000061035156
2025-11-14 06:33:44.342077: 
2025-11-14 06:33:44.342405: Epoch 73
2025-11-14 06:33:44.342539: Current learning rate: 0.00934
2025-11-14 06:37:55.572359: train_loss -0.3809
2025-11-14 06:37:55.572618: val_loss -0.3991
2025-11-14 06:37:55.572717: Pseudo dice [np.float32(0.9173), np.float32(0.7629), np.float32(0.0)]
2025-11-14 06:37:55.572848: Epoch time: 251.23 s
2025-11-14 06:37:56.555084: 
2025-11-14 06:37:56.555292: Epoch 74
2025-11-14 06:37:56.555407: Current learning rate: 0.00933
2025-11-14 06:42:08.063866: train_loss -0.3801
2025-11-14 06:42:08.064099: val_loss -0.3971
2025-11-14 06:42:08.064206: Pseudo dice [np.float32(0.9199), np.float32(0.7632), np.float32(0.0)]
2025-11-14 06:42:08.064326: Epoch time: 251.51 s
2025-11-14 06:42:09.128485: 
2025-11-14 06:42:09.128715: Epoch 75
2025-11-14 06:42:09.128834: Current learning rate: 0.00932
2025-11-14 06:46:20.426223: train_loss -0.3802
2025-11-14 06:46:20.426453: val_loss -0.3765
2025-11-14 06:46:20.426558: Pseudo dice [np.float32(0.9192), np.float32(0.7583), np.float32(0.0)]
2025-11-14 06:46:20.426657: Epoch time: 251.3 s
2025-11-14 06:46:21.486202: 
2025-11-14 06:46:21.486401: Epoch 76
2025-11-14 06:46:21.486544: Current learning rate: 0.00931
2025-11-14 06:50:32.697948: train_loss -0.3776
2025-11-14 06:50:32.698187: val_loss -0.4022
2025-11-14 06:50:32.698301: Pseudo dice [np.float32(0.9141), np.float32(0.7665), np.float32(0.0)]
2025-11-14 06:50:32.698415: Epoch time: 251.21 s
2025-11-14 06:50:33.753586: 
2025-11-14 06:50:33.753835: Epoch 77
2025-11-14 06:50:33.753964: Current learning rate: 0.0093
2025-11-14 06:54:45.109163: train_loss -0.3966
2025-11-14 06:54:45.109405: val_loss -0.4295
2025-11-14 06:54:45.109504: Pseudo dice [np.float32(0.9202), np.float32(0.7738), np.float32(0.0)]
2025-11-14 06:54:45.109607: Epoch time: 251.36 s
2025-11-14 06:54:45.109691: Yayy! New best EMA pseudo Dice: 0.5611000061035156
2025-11-14 06:54:46.624095: 
2025-11-14 06:54:46.624344: Epoch 78
2025-11-14 06:54:46.624471: Current learning rate: 0.0093
2025-11-14 06:58:58.277894: train_loss -0.3806
2025-11-14 06:58:58.278142: val_loss -0.406
2025-11-14 06:58:58.278242: Pseudo dice [np.float32(0.9142), np.float32(0.7652), np.float32(0.0)]
2025-11-14 06:58:58.278349: Epoch time: 251.65 s
2025-11-14 06:58:59.356981: 
2025-11-14 06:58:59.357223: Epoch 79
2025-11-14 06:58:59.357399: Current learning rate: 0.00929
2025-11-14 07:03:10.740062: train_loss -0.3872
2025-11-14 07:03:10.740393: val_loss -0.416
2025-11-14 07:03:10.740500: Pseudo dice [np.float32(0.9242), np.float32(0.7734), np.float32(0.0)]
2025-11-14 07:03:10.740602: Epoch time: 251.38 s
2025-11-14 07:03:10.740680: Yayy! New best EMA pseudo Dice: 0.5615000128746033
2025-11-14 07:03:12.080029: 
2025-11-14 07:03:12.080204: Epoch 80
2025-11-14 07:03:12.080392: Current learning rate: 0.00928
2025-11-14 07:07:23.516097: train_loss -0.3814
2025-11-14 07:07:23.516342: val_loss -0.428
2025-11-14 07:07:23.516451: Pseudo dice [np.float32(0.9205), np.float32(0.7809), np.float32(0.0)]
2025-11-14 07:07:23.516552: Epoch time: 251.44 s
2025-11-14 07:07:23.516630: Yayy! New best EMA pseudo Dice: 0.5620999932289124
2025-11-14 07:07:24.892426: 
2025-11-14 07:07:24.892706: Epoch 81
2025-11-14 07:07:24.892839: Current learning rate: 0.00927
2025-11-14 07:11:36.242822: train_loss -0.3866
2025-11-14 07:11:36.243083: val_loss -0.4107
2025-11-14 07:11:36.243182: Pseudo dice [np.float32(0.9205), np.float32(0.768), np.float32(0.0)]
2025-11-14 07:11:36.243291: Epoch time: 251.35 s
2025-11-14 07:11:36.243371: Yayy! New best EMA pseudo Dice: 0.5620999932289124
2025-11-14 07:11:37.607269: 
2025-11-14 07:11:37.607458: Epoch 82
2025-11-14 07:11:37.607576: Current learning rate: 0.00926
2025-11-14 07:15:49.272488: train_loss -0.377
2025-11-14 07:15:49.272758: val_loss -0.4116
2025-11-14 07:15:49.272861: Pseudo dice [np.float32(0.9131), np.float32(0.772), np.float32(0.0)]
2025-11-14 07:15:49.272965: Epoch time: 251.67 s
2025-11-14 07:15:50.631269: 
2025-11-14 07:15:50.631583: Epoch 83
2025-11-14 07:15:50.631712: Current learning rate: 0.00925
2025-11-14 07:20:01.890882: train_loss -0.3874
2025-11-14 07:20:01.891135: val_loss -0.4205
2025-11-14 07:20:01.891235: Pseudo dice [np.float32(0.9162), np.float32(0.7644), np.float32(0.0)]
2025-11-14 07:20:01.891342: Epoch time: 251.26 s
2025-11-14 07:20:02.929590: 
2025-11-14 07:20:02.929785: Epoch 84
2025-11-14 07:20:02.929900: Current learning rate: 0.00924
2025-11-14 07:24:14.573367: train_loss -0.3846
2025-11-14 07:24:14.573710: val_loss -0.3831
2025-11-14 07:24:14.573817: Pseudo dice [np.float32(0.9167), np.float32(0.7603), np.float32(0.0)]
2025-11-14 07:24:14.573920: Epoch time: 251.64 s
2025-11-14 07:24:15.612747: 
2025-11-14 07:24:15.613008: Epoch 85
2025-11-14 07:24:15.613170: Current learning rate: 0.00923
2025-11-14 07:28:27.077482: train_loss -0.3899
2025-11-14 07:28:27.077740: val_loss -0.4328
2025-11-14 07:28:27.077841: Pseudo dice [np.float32(0.92), np.float32(0.7551), np.float32(0.0)]
2025-11-14 07:28:27.077955: Epoch time: 251.47 s
2025-11-14 07:28:28.112983: 
2025-11-14 07:28:28.113180: Epoch 86
2025-11-14 07:28:28.113313: Current learning rate: 0.00922
2025-11-14 07:32:39.386559: train_loss -0.3886
2025-11-14 07:32:39.386828: val_loss -0.4109
2025-11-14 07:32:39.386931: Pseudo dice [np.float32(0.9208), np.float32(0.7625), np.float32(0.0)]
2025-11-14 07:32:39.387032: Epoch time: 251.27 s
2025-11-14 07:32:40.424505: 
2025-11-14 07:32:40.424786: Epoch 87
2025-11-14 07:32:40.424964: Current learning rate: 0.00921
2025-11-14 07:36:51.843378: train_loss -0.3935
2025-11-14 07:36:51.843622: val_loss -0.4186
2025-11-14 07:36:51.843763: Pseudo dice [np.float32(0.924), np.float32(0.7767), np.float32(0.0)]
2025-11-14 07:36:51.843877: Epoch time: 251.42 s
2025-11-14 07:36:52.884313: 
2025-11-14 07:36:52.884509: Epoch 88
2025-11-14 07:36:52.884633: Current learning rate: 0.0092
2025-11-14 07:41:04.597487: train_loss -0.3829
2025-11-14 07:41:04.597756: val_loss -0.4185
2025-11-14 07:41:04.597868: Pseudo dice [np.float32(0.9178), np.float32(0.7623), np.float32(0.0)]
2025-11-14 07:41:04.597971: Epoch time: 251.71 s
2025-11-14 07:41:05.637528: 
2025-11-14 07:41:05.637729: Epoch 89
2025-11-14 07:41:05.637856: Current learning rate: 0.0092
2025-11-14 07:45:17.195289: train_loss -0.4013
2025-11-14 07:45:17.195555: val_loss -0.3982
2025-11-14 07:45:17.195657: Pseudo dice [np.float32(0.9189), np.float32(0.7774), np.float32(0.0)]
2025-11-14 07:45:17.195756: Epoch time: 251.56 s
2025-11-14 07:45:18.232581: 
2025-11-14 07:45:18.232839: Epoch 90
2025-11-14 07:45:18.232977: Current learning rate: 0.00919
2025-11-14 07:49:29.556041: train_loss -0.3975
2025-11-14 07:49:29.556364: val_loss -0.4065
2025-11-14 07:49:29.556512: Pseudo dice [np.float32(0.9248), np.float32(0.7646), np.float32(0.0)]
2025-11-14 07:49:29.556624: Epoch time: 251.32 s
2025-11-14 07:49:29.556705: Yayy! New best EMA pseudo Dice: 0.5620999932289124
2025-11-14 07:49:30.891499: 
2025-11-14 07:49:30.891713: Epoch 91
2025-11-14 07:49:30.891839: Current learning rate: 0.00918
2025-11-14 07:53:42.919959: train_loss -0.3841
2025-11-14 07:53:42.920219: val_loss -0.4024
2025-11-14 07:53:42.920328: Pseudo dice [np.float32(0.9218), np.float32(0.7666), np.float32(0.0)]
2025-11-14 07:53:42.920431: Epoch time: 252.03 s
2025-11-14 07:53:42.920509: Yayy! New best EMA pseudo Dice: 0.5622000098228455
2025-11-14 07:53:44.225344: 
2025-11-14 07:53:44.225520: Epoch 92
2025-11-14 07:53:44.225626: Current learning rate: 0.00917
2025-11-14 07:57:55.764877: train_loss -0.3854
2025-11-14 07:57:55.765168: val_loss -0.4179
2025-11-14 07:57:55.765276: Pseudo dice [np.float32(0.9201), np.float32(0.772), np.float32(0.0)]
2025-11-14 07:57:55.765379: Epoch time: 251.54 s
2025-11-14 07:57:55.765457: Yayy! New best EMA pseudo Dice: 0.5623999834060669
2025-11-14 07:57:57.071442: 
2025-11-14 07:57:57.071675: Epoch 93
2025-11-14 07:57:57.071802: Current learning rate: 0.00916
2025-11-14 08:02:08.348691: train_loss -0.392
2025-11-14 08:02:08.348909: val_loss -0.4018
2025-11-14 08:02:08.349046: Pseudo dice [np.float32(0.9144), np.float32(0.7681), np.float32(0.0)]
2025-11-14 08:02:08.349163: Epoch time: 251.28 s
2025-11-14 08:02:09.382840: 
2025-11-14 08:02:09.383097: Epoch 94
2025-11-14 08:02:09.383236: Current learning rate: 0.00915
2025-11-14 08:06:20.720281: train_loss -0.3887
2025-11-14 08:06:20.720536: val_loss -0.4089
2025-11-14 08:06:20.720636: Pseudo dice [np.float32(0.9128), np.float32(0.7711), np.float32(0.0)]
2025-11-14 08:06:20.720737: Epoch time: 251.34 s
2025-11-14 08:06:21.747224: 
2025-11-14 08:06:21.747411: Epoch 95
2025-11-14 08:06:21.747534: Current learning rate: 0.00914
2025-11-14 08:10:33.275895: train_loss -0.3926
2025-11-14 08:10:33.276135: val_loss -0.3995
2025-11-14 08:10:33.276238: Pseudo dice [np.float32(0.9085), np.float32(0.7717), np.float32(0.0)]
2025-11-14 08:10:33.276352: Epoch time: 251.53 s
2025-11-14 08:10:34.664579: 
2025-11-14 08:10:34.664804: Epoch 96
2025-11-14 08:10:34.664932: Current learning rate: 0.00913
2025-11-14 08:14:46.323493: train_loss -0.3797
2025-11-14 08:14:46.323739: val_loss -0.4139
2025-11-14 08:14:46.323842: Pseudo dice [np.float32(0.9201), np.float32(0.7642), np.float32(0.0)]
2025-11-14 08:14:46.323943: Epoch time: 251.66 s
2025-11-14 08:14:47.354219: 
2025-11-14 08:14:47.354408: Epoch 97
2025-11-14 08:14:47.354529: Current learning rate: 0.00912
2025-11-14 08:18:58.851122: train_loss -0.3803
2025-11-14 08:18:58.851388: val_loss -0.4082
2025-11-14 08:18:58.851491: Pseudo dice [np.float32(0.9195), np.float32(0.7681), np.float32(0.0)]
2025-11-14 08:18:58.851591: Epoch time: 251.5 s
2025-11-14 08:18:59.879061: 
2025-11-14 08:18:59.879353: Epoch 98
2025-11-14 08:18:59.879490: Current learning rate: 0.00911
2025-11-14 08:23:11.078011: train_loss -0.3865
2025-11-14 08:23:11.078278: val_loss -0.403
2025-11-14 08:23:11.078382: Pseudo dice [np.float32(0.9177), np.float32(0.7661), np.float32(0.0)]
2025-11-14 08:23:11.078482: Epoch time: 251.2 s
2025-11-14 08:23:12.103776: 
2025-11-14 08:23:12.104039: Epoch 99
2025-11-14 08:23:12.104211: Current learning rate: 0.0091
2025-11-14 08:27:23.721049: train_loss -0.3868
2025-11-14 08:27:23.721301: val_loss -0.4054
2025-11-14 08:27:23.721406: Pseudo dice [np.float32(0.9156), np.float32(0.7754), np.float32(0.0)]
2025-11-14 08:27:23.721508: Epoch time: 251.62 s
2025-11-14 08:27:25.054254: 
2025-11-14 08:27:25.054524: Epoch 100
2025-11-14 08:27:25.054690: Current learning rate: 0.0091
2025-11-14 08:31:36.671501: train_loss -0.3833
2025-11-14 08:31:36.671761: val_loss -0.4151
2025-11-14 08:31:36.671861: Pseudo dice [np.float32(0.9173), np.float32(0.7661), np.float32(0.0)]
2025-11-14 08:31:36.671961: Epoch time: 251.62 s
2025-11-14 08:31:37.708558: 
2025-11-14 08:31:37.708796: Epoch 101
2025-11-14 08:31:37.708961: Current learning rate: 0.00909
2025-11-14 08:35:49.204292: train_loss -0.3995
2025-11-14 08:35:49.204543: val_loss -0.4274
2025-11-14 08:35:49.204643: Pseudo dice [np.float32(0.9235), np.float32(0.7755), np.float32(0.0)]
2025-11-14 08:35:49.204744: Epoch time: 251.5 s
2025-11-14 08:35:49.204820: Yayy! New best EMA pseudo Dice: 0.5623999834060669
2025-11-14 08:35:50.530190: 
2025-11-14 08:35:50.530387: Epoch 102
2025-11-14 08:35:50.530507: Current learning rate: 0.00908
2025-11-14 08:40:01.923501: train_loss -0.383
2025-11-14 08:40:01.923761: val_loss -0.3892
2025-11-14 08:40:01.923892: Pseudo dice [np.float32(0.9151), np.float32(0.754), np.float32(0.0)]
2025-11-14 08:40:01.923998: Epoch time: 251.39 s
2025-11-14 08:40:02.948728: 
2025-11-14 08:40:02.949016: Epoch 103
2025-11-14 08:40:02.949151: Current learning rate: 0.00907
2025-11-14 08:44:14.321528: train_loss -0.3876
2025-11-14 08:44:14.321788: val_loss -0.3928
2025-11-14 08:44:14.321888: Pseudo dice [np.float32(0.8999), np.float32(0.7638), np.float32(0.0)]
2025-11-14 08:44:14.321986: Epoch time: 251.37 s
2025-11-14 08:44:15.354148: 
2025-11-14 08:44:15.354350: Epoch 104
2025-11-14 08:44:15.354475: Current learning rate: 0.00906
2025-11-14 08:48:26.856412: train_loss -0.3839
2025-11-14 08:48:26.856658: val_loss -0.4096
2025-11-14 08:48:26.856748: Pseudo dice [np.float32(0.9151), np.float32(0.7791), np.float32(0.0)]
2025-11-14 08:48:26.856840: Epoch time: 251.5 s
2025-11-14 08:48:27.894001: 
2025-11-14 08:48:27.894302: Epoch 105
2025-11-14 08:48:27.894457: Current learning rate: 0.00905
2025-11-14 08:52:39.423096: train_loss -0.3885
2025-11-14 08:52:39.423329: val_loss -0.3994
2025-11-14 08:52:39.423434: Pseudo dice [np.float32(0.9151), np.float32(0.7722), np.float32(0.0)]
2025-11-14 08:52:39.423536: Epoch time: 251.53 s
2025-11-14 08:52:40.456915: 
2025-11-14 08:52:40.457139: Epoch 106
2025-11-14 08:52:40.457278: Current learning rate: 0.00904
2025-11-14 08:56:51.748464: train_loss -0.3885
2025-11-14 08:56:51.748723: val_loss -0.4147
2025-11-14 08:56:51.748832: Pseudo dice [np.float32(0.9225), np.float32(0.7707), np.float32(0.0)]
2025-11-14 08:56:51.748938: Epoch time: 251.29 s
2025-11-14 08:56:52.791585: 
2025-11-14 08:56:52.791910: Epoch 107
2025-11-14 08:56:52.792039: Current learning rate: 0.00903
2025-11-14 09:01:04.285184: train_loss -0.3918
2025-11-14 09:01:04.285437: val_loss -0.4179
2025-11-14 09:01:04.285537: Pseudo dice [np.float32(0.911), np.float32(0.7602), np.float32(0.0)]
2025-11-14 09:01:04.285638: Epoch time: 251.49 s
2025-11-14 09:01:05.332646: 
2025-11-14 09:01:05.332985: Epoch 108
2025-11-14 09:01:05.333307: Current learning rate: 0.00902
2025-11-14 09:05:17.411198: train_loss -0.4029
2025-11-14 09:05:17.411500: val_loss -0.419
2025-11-14 09:05:17.411604: Pseudo dice [np.float32(0.9202), np.float32(0.778), np.float32(0.0)]
2025-11-14 09:05:17.411705: Epoch time: 252.08 s
2025-11-14 09:05:18.818809: 
2025-11-14 09:05:18.819013: Epoch 109
2025-11-14 09:05:18.819134: Current learning rate: 0.00901
2025-11-14 09:09:30.341969: train_loss -0.3924
2025-11-14 09:09:30.342227: val_loss -0.4162
2025-11-14 09:09:30.342336: Pseudo dice [np.float32(0.9195), np.float32(0.7725), np.float32(0.0)]
2025-11-14 09:09:30.342438: Epoch time: 251.52 s
2025-11-14 09:09:31.383016: 
2025-11-14 09:09:31.383217: Epoch 110
2025-11-14 09:09:31.383338: Current learning rate: 0.009
2025-11-14 09:13:43.003284: train_loss -0.3877
2025-11-14 09:13:43.003509: val_loss -0.3879
2025-11-14 09:13:43.003652: Pseudo dice [np.float32(0.9149), np.float32(0.7595), np.float32(0.0)]
2025-11-14 09:13:43.006926: Epoch time: 251.62 s
2025-11-14 09:13:44.040871: 
2025-11-14 09:13:44.041117: Epoch 111
2025-11-14 09:13:44.041234: Current learning rate: 0.009
2025-11-14 09:17:55.536131: train_loss -0.3873
2025-11-14 09:17:55.536369: val_loss -0.4036
2025-11-14 09:17:55.536482: Pseudo dice [np.float32(0.9194), np.float32(0.7682), np.float32(0.0)]
2025-11-14 09:17:55.536582: Epoch time: 251.5 s
2025-11-14 09:17:56.575929: 
2025-11-14 09:17:56.576111: Epoch 112
2025-11-14 09:17:56.576243: Current learning rate: 0.00899
2025-11-14 09:22:07.951298: train_loss -0.4024
2025-11-14 09:22:07.951540: val_loss -0.409
2025-11-14 09:22:07.951638: Pseudo dice [np.float32(0.9131), np.float32(0.7576), np.float32(0.0)]
2025-11-14 09:22:07.951739: Epoch time: 251.38 s
2025-11-14 09:22:08.915275: 
2025-11-14 09:22:08.915553: Epoch 113
2025-11-14 09:22:08.915679: Current learning rate: 0.00898
2025-11-14 09:26:20.515046: train_loss -0.393
2025-11-14 09:26:20.515345: val_loss -0.3913
2025-11-14 09:26:20.515455: Pseudo dice [np.float32(0.9118), np.float32(0.7652), np.float32(0.0)]
2025-11-14 09:26:20.515560: Epoch time: 251.6 s
2025-11-14 09:26:21.549312: 
2025-11-14 09:26:21.549560: Epoch 114
2025-11-14 09:26:21.549736: Current learning rate: 0.00897
2025-11-14 09:30:32.857105: train_loss -0.397
2025-11-14 09:30:32.857335: val_loss -0.4075
2025-11-14 09:30:32.857438: Pseudo dice [np.float32(0.9228), np.float32(0.7738), np.float32(0.0)]
2025-11-14 09:30:32.857544: Epoch time: 251.31 s
2025-11-14 09:30:33.900755: 
2025-11-14 09:30:33.900942: Epoch 115
2025-11-14 09:30:33.901070: Current learning rate: 0.00896
2025-11-14 09:34:45.343058: train_loss -0.4032
2025-11-14 09:34:45.343324: val_loss -0.4053
2025-11-14 09:34:45.343499: Pseudo dice [np.float32(0.9165), np.float32(0.7665), np.float32(0.0)]
2025-11-14 09:34:45.343606: Epoch time: 251.44 s
2025-11-14 09:34:46.387876: 
2025-11-14 09:34:46.388114: Epoch 116
2025-11-14 09:34:46.388257: Current learning rate: 0.00895
2025-11-14 09:38:58.146446: train_loss -0.3975
2025-11-14 09:38:58.146662: val_loss -0.4198
2025-11-14 09:38:58.146822: Pseudo dice [np.float32(0.9257), np.float32(0.7705), np.float32(0.0)]
2025-11-14 09:38:58.146933: Epoch time: 251.76 s
2025-11-14 09:38:59.186921: 
2025-11-14 09:38:59.187157: Epoch 117
2025-11-14 09:38:59.187304: Current learning rate: 0.00894
2025-11-14 09:43:10.485559: train_loss -0.4002
2025-11-14 09:43:10.485812: val_loss -0.3899
2025-11-14 09:43:10.485913: Pseudo dice [np.float32(0.9137), np.float32(0.75), np.float32(0.0)]
2025-11-14 09:43:10.486015: Epoch time: 251.3 s
2025-11-14 09:43:11.533246: 
2025-11-14 09:43:11.533442: Epoch 118
2025-11-14 09:43:11.533561: Current learning rate: 0.00893
2025-11-14 09:47:22.927401: train_loss -0.4048
2025-11-14 09:47:22.927693: val_loss -0.3885
2025-11-14 09:47:22.927794: Pseudo dice [np.float32(0.9219), np.float32(0.7738), np.float32(0.0)]
2025-11-14 09:47:22.927895: Epoch time: 251.4 s
2025-11-14 09:47:23.966862: 
2025-11-14 09:47:23.967058: Epoch 119
2025-11-14 09:47:23.967177: Current learning rate: 0.00892
2025-11-14 09:51:35.560293: train_loss -0.402
2025-11-14 09:51:35.560521: val_loss -0.393
2025-11-14 09:51:35.560621: Pseudo dice [np.float32(0.922), np.float32(0.7637), np.float32(0.0)]
2025-11-14 09:51:35.560722: Epoch time: 251.59 s
2025-11-14 09:51:36.608831: 
2025-11-14 09:51:36.609039: Epoch 120
2025-11-14 09:51:36.609168: Current learning rate: 0.00891
2025-11-14 09:55:48.113254: train_loss -0.4022
2025-11-14 09:55:48.113562: val_loss -0.3846
2025-11-14 09:55:48.113679: Pseudo dice [np.float32(0.9115), np.float32(0.7716), np.float32(0.0)]
2025-11-14 09:55:48.113784: Epoch time: 251.51 s
2025-11-14 09:55:49.161437: 
2025-11-14 09:55:49.161671: Epoch 121
2025-11-14 09:55:49.161856: Current learning rate: 0.0089
2025-11-14 10:00:00.709172: train_loss -0.4028
2025-11-14 10:00:00.709462: val_loss -0.4221
2025-11-14 10:00:00.709566: Pseudo dice [np.float32(0.9215), np.float32(0.7712), np.float32(0.0)]
2025-11-14 10:00:00.709668: Epoch time: 251.55 s
2025-11-14 10:00:02.138241: 
2025-11-14 10:00:02.138563: Epoch 122
2025-11-14 10:00:02.138687: Current learning rate: 0.00889
2025-11-14 10:04:13.628213: train_loss -0.4014
2025-11-14 10:04:13.628464: val_loss -0.4176
2025-11-14 10:04:13.628597: Pseudo dice [np.float32(0.9194), np.float32(0.7659), np.float32(0.0)]
2025-11-14 10:04:13.628704: Epoch time: 251.49 s
2025-11-14 10:04:14.603821: 
2025-11-14 10:04:14.604110: Epoch 123
2025-11-14 10:04:14.604301: Current learning rate: 0.00889
2025-11-14 10:08:26.067766: train_loss -0.396
2025-11-14 10:08:26.068026: val_loss -0.4077
2025-11-14 10:08:26.068127: Pseudo dice [np.float32(0.9149), np.float32(0.751), np.float32(0.0)]
2025-11-14 10:08:26.068260: Epoch time: 251.46 s
2025-11-14 10:08:27.101849: 
2025-11-14 10:08:27.102057: Epoch 124
2025-11-14 10:08:27.102187: Current learning rate: 0.00888
2025-11-14 10:12:38.553067: train_loss -0.39
2025-11-14 10:12:38.553353: val_loss -0.3938
2025-11-14 10:12:38.553458: Pseudo dice [np.float32(0.9256), np.float32(0.7672), np.float32(0.0)]
2025-11-14 10:12:38.553559: Epoch time: 251.45 s
2025-11-14 10:12:39.595219: 
2025-11-14 10:12:39.595492: Epoch 125
2025-11-14 10:12:39.595645: Current learning rate: 0.00887
2025-11-14 10:16:50.929540: train_loss -0.3969
2025-11-14 10:16:50.929840: val_loss -0.3939
2025-11-14 10:16:50.929944: Pseudo dice [np.float32(0.9165), np.float32(0.7725), np.float32(0.0)]
2025-11-14 10:16:50.930046: Epoch time: 251.34 s
2025-11-14 10:16:51.967742: 
2025-11-14 10:16:51.967919: Epoch 126
2025-11-14 10:16:51.968045: Current learning rate: 0.00886
2025-11-14 10:21:03.672900: train_loss -0.394
2025-11-14 10:21:03.673178: val_loss -0.4239
2025-11-14 10:21:03.673288: Pseudo dice [np.float32(0.9244), np.float32(0.7724), np.float32(0.0)]
2025-11-14 10:21:03.673390: Epoch time: 251.71 s
2025-11-14 10:21:04.716970: 
2025-11-14 10:21:04.717174: Epoch 127
2025-11-14 10:21:04.717302: Current learning rate: 0.00885
2025-11-14 10:25:16.206105: train_loss -0.4017
2025-11-14 10:25:16.206351: val_loss -0.3923
2025-11-14 10:25:16.206455: Pseudo dice [np.float32(0.9119), np.float32(0.7667), np.float32(0.0)]
2025-11-14 10:25:16.206565: Epoch time: 251.49 s
2025-11-14 10:25:17.254949: 
2025-11-14 10:25:17.255234: Epoch 128
2025-11-14 10:25:17.255398: Current learning rate: 0.00884
2025-11-14 10:29:28.605909: train_loss -0.3983
2025-11-14 10:29:28.606136: val_loss -0.4214
2025-11-14 10:29:28.606244: Pseudo dice [np.float32(0.925), np.float32(0.7616), np.float32(0.0)]
2025-11-14 10:29:28.606439: Epoch time: 251.35 s
2025-11-14 10:29:29.667469: 
2025-11-14 10:29:29.667737: Epoch 129
2025-11-14 10:29:29.667890: Current learning rate: 0.00883
2025-11-14 10:33:41.373849: train_loss -0.3962
2025-11-14 10:33:41.374043: val_loss -0.3969
2025-11-14 10:33:41.374161: Pseudo dice [np.float32(0.9201), np.float32(0.7625), np.float32(0.0)]
2025-11-14 10:33:41.374269: Epoch time: 251.71 s
2025-11-14 10:33:42.427974: 
2025-11-14 10:33:42.428141: Epoch 130
2025-11-14 10:33:42.428267: Current learning rate: 0.00882
2025-11-14 10:37:53.968399: train_loss -0.3998
2025-11-14 10:37:53.968681: val_loss -0.4085
2025-11-14 10:37:53.968800: Pseudo dice [np.float32(0.9217), np.float32(0.772), np.float32(0.0)]
2025-11-14 10:37:53.968909: Epoch time: 251.54 s
2025-11-14 10:37:55.014763: 
2025-11-14 10:37:55.015043: Epoch 131
2025-11-14 10:37:55.015219: Current learning rate: 0.00881
2025-11-14 10:42:06.600481: train_loss -0.3987
2025-11-14 10:42:06.600858: val_loss -0.4298
2025-11-14 10:42:06.600971: Pseudo dice [np.float32(0.916), np.float32(0.7776), np.float32(0.0)]
2025-11-14 10:42:06.601073: Epoch time: 251.59 s
2025-11-14 10:42:07.650417: 
2025-11-14 10:42:07.650591: Epoch 132
2025-11-14 10:42:07.650712: Current learning rate: 0.0088
2025-11-14 10:46:19.729450: train_loss -0.3946
2025-11-14 10:46:19.729705: val_loss -0.4121
2025-11-14 10:46:19.729819: Pseudo dice [np.float32(0.9273), np.float32(0.7673), np.float32(0.0)]
2025-11-14 10:46:19.729932: Epoch time: 252.08 s
2025-11-14 10:46:19.730017: Yayy! New best EMA pseudo Dice: 0.5625
2025-11-14 10:46:21.068733: 
2025-11-14 10:46:21.068977: Epoch 133
2025-11-14 10:46:21.069120: Current learning rate: 0.00879
2025-11-14 10:50:32.665664: train_loss -0.3968
2025-11-14 10:50:32.665899: val_loss -0.4125
2025-11-14 10:50:32.666131: Pseudo dice [np.float32(0.9213), np.float32(0.7668), np.float32(0.0)]
2025-11-14 10:50:32.666237: Epoch time: 251.6 s
2025-11-14 10:50:32.666330: Yayy! New best EMA pseudo Dice: 0.5625
2025-11-14 10:50:34.445963: 
2025-11-14 10:50:34.446194: Epoch 134
2025-11-14 10:50:34.446322: Current learning rate: 0.00879
2025-11-14 10:54:46.010654: train_loss -0.3988
2025-11-14 10:54:46.010934: val_loss -0.4116
2025-11-14 10:54:46.011064: Pseudo dice [np.float32(0.9131), np.float32(0.7709), np.float32(0.0)]
2025-11-14 10:54:46.011171: Epoch time: 251.57 s
2025-11-14 10:54:47.060035: 
2025-11-14 10:54:47.060223: Epoch 135
2025-11-14 10:54:47.060345: Current learning rate: 0.00878
2025-11-14 10:58:58.555456: train_loss -0.4065
2025-11-14 10:58:58.555687: val_loss -0.4405
2025-11-14 10:58:58.555786: Pseudo dice [np.float32(0.9111), np.float32(0.764), np.float32(0.0)]
2025-11-14 10:58:58.555885: Epoch time: 251.5 s
2025-11-14 10:58:59.608859: 
2025-11-14 10:58:59.609066: Epoch 136
2025-11-14 10:58:59.609189: Current learning rate: 0.00877
2025-11-14 11:03:10.977020: train_loss -0.4014
2025-11-14 11:03:10.977293: val_loss -0.4108
2025-11-14 11:03:10.977399: Pseudo dice [np.float32(0.9158), np.float32(0.7724), np.float32(0.0)]
2025-11-14 11:03:10.977500: Epoch time: 251.37 s
2025-11-14 11:03:11.960054: 
2025-11-14 11:03:11.960351: Epoch 137
2025-11-14 11:03:11.960505: Current learning rate: 0.00876
2025-11-14 11:07:23.100012: train_loss -0.3965
2025-11-14 11:07:23.100256: val_loss -0.3977
2025-11-14 11:07:23.100365: Pseudo dice [np.float32(0.9143), np.float32(0.7484), np.float32(0.0)]
2025-11-14 11:07:23.100538: Epoch time: 251.14 s
2025-11-14 11:07:24.153142: 
2025-11-14 11:07:24.153393: Epoch 138
2025-11-14 11:07:24.153542: Current learning rate: 0.00875
2025-11-14 11:11:35.661454: train_loss -0.3998
2025-11-14 11:11:35.661757: val_loss -0.426
2025-11-14 11:11:35.661865: Pseudo dice [np.float32(0.9154), np.float32(0.7633), np.float32(0.0)]
2025-11-14 11:11:35.661979: Epoch time: 251.51 s
2025-11-14 11:11:36.727463: 
2025-11-14 11:11:36.727701: Epoch 139
2025-11-14 11:11:36.727827: Current learning rate: 0.00874
2025-11-14 11:15:48.307090: train_loss -0.4089
2025-11-14 11:15:48.307352: val_loss -0.4265
2025-11-14 11:15:48.307454: Pseudo dice [np.float32(0.9237), np.float32(0.7701), np.float32(0.0)]
2025-11-14 11:15:48.307553: Epoch time: 251.58 s
2025-11-14 11:15:49.371343: 
2025-11-14 11:15:49.371611: Epoch 140
2025-11-14 11:15:49.371790: Current learning rate: 0.00873
2025-11-14 11:20:01.030886: train_loss -0.4037
2025-11-14 11:20:01.031157: val_loss -0.3873
2025-11-14 11:20:01.031259: Pseudo dice [np.float32(0.9096), np.float32(0.7643), np.float32(0.0)]
2025-11-14 11:20:01.031370: Epoch time: 251.66 s
2025-11-14 11:20:02.093035: 
2025-11-14 11:20:02.093301: Epoch 141
2025-11-14 11:20:02.093472: Current learning rate: 0.00872
2025-11-14 11:24:13.658989: train_loss -0.4068
2025-11-14 11:24:13.659240: val_loss -0.4172
2025-11-14 11:24:13.659350: Pseudo dice [np.float32(0.9199), np.float32(0.7644), np.float32(0.0)]
2025-11-14 11:24:13.659452: Epoch time: 251.57 s
2025-11-14 11:24:14.718848: 
2025-11-14 11:24:14.719039: Epoch 142
2025-11-14 11:24:14.719169: Current learning rate: 0.00871
2025-11-14 11:28:26.483207: train_loss -0.4135
2025-11-14 11:28:26.483449: val_loss -0.4216
2025-11-14 11:28:26.483548: Pseudo dice [np.float32(0.9225), np.float32(0.7744), np.float32(0.0)]
2025-11-14 11:28:26.483648: Epoch time: 251.77 s
2025-11-14 11:28:27.560021: 
2025-11-14 11:28:27.560286: Epoch 143
2025-11-14 11:28:27.560405: Current learning rate: 0.0087
2025-11-14 11:32:39.001917: train_loss -0.4019
2025-11-14 11:32:39.002150: val_loss -0.4048
2025-11-14 11:32:39.002252: Pseudo dice [np.float32(0.9175), np.float32(0.7665), np.float32(0.0)]
2025-11-14 11:32:39.002374: Epoch time: 251.44 s
2025-11-14 11:32:40.061308: 
2025-11-14 11:32:40.061481: Epoch 144
2025-11-14 11:32:40.061626: Current learning rate: 0.00869
2025-11-14 11:36:51.621745: train_loss -0.4129
2025-11-14 11:36:51.621997: val_loss -0.3767
2025-11-14 11:36:51.622102: Pseudo dice [np.float32(0.9101), np.float32(0.7695), np.float32(0.0)]
2025-11-14 11:36:51.622203: Epoch time: 251.56 s
2025-11-14 11:36:52.675673: 
2025-11-14 11:36:52.675919: Epoch 145
2025-11-14 11:36:52.676072: Current learning rate: 0.00868
2025-11-14 11:41:04.008536: train_loss -0.4156
2025-11-14 11:41:04.008773: val_loss -0.4112
2025-11-14 11:41:04.008883: Pseudo dice [np.float32(0.9163), np.float32(0.7695), np.float32(0.0)]
2025-11-14 11:41:04.008996: Epoch time: 251.33 s
2025-11-14 11:41:05.466157: 
2025-11-14 11:41:05.466458: Epoch 146
2025-11-14 11:41:05.466594: Current learning rate: 0.00868
2025-11-14 11:45:16.866436: train_loss -0.4136
2025-11-14 11:45:16.866669: val_loss -0.4101
2025-11-14 11:45:16.866779: Pseudo dice [np.float32(0.9223), np.float32(0.7599), np.float32(0.0)]
2025-11-14 11:45:16.866889: Epoch time: 251.4 s
2025-11-14 11:45:17.924845: 
2025-11-14 11:45:17.925147: Epoch 147
2025-11-14 11:45:17.925292: Current learning rate: 0.00867
2025-11-14 11:49:29.274618: train_loss -0.4076
2025-11-14 11:49:29.274915: val_loss -0.4142
2025-11-14 11:49:29.275031: Pseudo dice [np.float32(0.9225), np.float32(0.7731), np.float32(0.1494)]
2025-11-14 11:49:29.275141: Epoch time: 251.35 s
2025-11-14 11:49:29.275231: Yayy! New best EMA pseudo Dice: 0.5666999816894531
2025-11-14 11:49:30.603782: 
2025-11-14 11:49:30.604041: Epoch 148
2025-11-14 11:49:30.604201: Current learning rate: 0.00866
2025-11-14 11:53:42.090999: train_loss -0.4077
2025-11-14 11:53:42.091281: val_loss -0.4305
2025-11-14 11:53:42.091390: Pseudo dice [np.float32(0.9148), np.float32(0.7617), np.float32(0.1281)]
2025-11-14 11:53:42.091491: Epoch time: 251.49 s
2025-11-14 11:53:42.091570: Yayy! New best EMA pseudo Dice: 0.5702000260353088
2025-11-14 11:53:43.466239: 
2025-11-14 11:53:43.466554: Epoch 149
2025-11-14 11:53:43.466728: Current learning rate: 0.00865
2025-11-14 11:57:54.829046: train_loss -0.393
2025-11-14 11:57:54.829373: val_loss -0.4173
2025-11-14 11:57:54.829477: Pseudo dice [np.float32(0.915), np.float32(0.757), np.float32(0.2391)]
2025-11-14 11:57:54.829578: Epoch time: 251.36 s
2025-11-14 11:57:55.109174: Yayy! New best EMA pseudo Dice: 0.5769000053405762
2025-11-14 11:57:56.480241: 
2025-11-14 11:57:56.480435: Epoch 150
2025-11-14 11:57:56.480555: Current learning rate: 0.00864
2025-11-14 12:02:08.015831: train_loss -0.3955
2025-11-14 12:02:08.016093: val_loss -0.409
2025-11-14 12:02:08.016192: Pseudo dice [np.float32(0.9134), np.float32(0.7555), np.float32(0.2093)]
2025-11-14 12:02:08.016303: Epoch time: 251.54 s
2025-11-14 12:02:08.016382: Yayy! New best EMA pseudo Dice: 0.5817999839782715
2025-11-14 12:02:09.390762: 
2025-11-14 12:02:09.391010: Epoch 151
2025-11-14 12:02:09.391247: Current learning rate: 0.00863
2025-11-14 12:06:20.817232: train_loss -0.3988
2025-11-14 12:06:20.817469: val_loss -0.4292
2025-11-14 12:06:20.817580: Pseudo dice [np.float32(0.9229), np.float32(0.7666), np.float32(0.1928)]
2025-11-14 12:06:20.817682: Epoch time: 251.43 s
2025-11-14 12:06:20.817759: Yayy! New best EMA pseudo Dice: 0.5863999724388123
2025-11-14 12:06:22.209606: 
2025-11-14 12:06:22.209956: Epoch 152
2025-11-14 12:06:22.210232: Current learning rate: 0.00862
2025-11-14 12:10:33.708753: train_loss -0.4066
2025-11-14 12:10:33.709023: val_loss -0.4131
2025-11-14 12:10:33.709125: Pseudo dice [np.float32(0.9097), np.float32(0.7549), np.float32(0.2987)]
2025-11-14 12:10:33.709228: Epoch time: 251.5 s
2025-11-14 12:10:33.709317: Yayy! New best EMA pseudo Dice: 0.5932000279426575
2025-11-14 12:10:35.104293: 
2025-11-14 12:10:35.104489: Epoch 153
2025-11-14 12:10:35.107612: Current learning rate: 0.00861
2025-11-14 12:14:46.566566: train_loss -0.3842
2025-11-14 12:14:46.566827: val_loss -0.3921
2025-11-14 12:14:46.566986: Pseudo dice [np.float32(0.9203), np.float32(0.764), np.float32(0.0444)]
2025-11-14 12:14:46.567116: Epoch time: 251.46 s
2025-11-14 12:14:47.640977: 
2025-11-14 12:14:47.641179: Epoch 154
2025-11-14 12:14:47.641294: Current learning rate: 0.0086
2025-11-14 12:18:59.133812: train_loss -0.404
2025-11-14 12:18:59.134065: val_loss -0.4049
2025-11-14 12:18:59.134168: Pseudo dice [np.float32(0.9202), np.float32(0.764), np.float32(0.2083)]
2025-11-14 12:18:59.134269: Epoch time: 251.49 s
2025-11-14 12:18:59.134361: Yayy! New best EMA pseudo Dice: 0.5953999757766724
2025-11-14 12:19:00.480366: 
2025-11-14 12:19:00.480626: Epoch 155
2025-11-14 12:19:00.480752: Current learning rate: 0.00859
2025-11-14 12:23:12.137673: train_loss -0.4055
2025-11-14 12:23:12.137901: val_loss -0.3945
2025-11-14 12:23:12.138003: Pseudo dice [np.float32(0.9169), np.float32(0.7606), np.float32(0.0307)]
2025-11-14 12:23:12.138105: Epoch time: 251.66 s
2025-11-14 12:23:13.226438: 
2025-11-14 12:23:13.226607: Epoch 156
2025-11-14 12:23:13.226738: Current learning rate: 0.00858
2025-11-14 12:27:24.864737: train_loss -0.3953
2025-11-14 12:27:24.864990: val_loss -0.4266
2025-11-14 12:27:24.865088: Pseudo dice [np.float32(0.9182), np.float32(0.7585), np.float32(0.2041)]
2025-11-14 12:27:24.865191: Epoch time: 251.64 s
2025-11-14 12:27:24.865268: Yayy! New best EMA pseudo Dice: 0.5961999893188477
2025-11-14 12:27:26.365919: 
2025-11-14 12:27:26.366112: Epoch 157
2025-11-14 12:27:26.366267: Current learning rate: 0.00858
2025-11-14 12:31:37.680847: train_loss -0.4201
2025-11-14 12:31:37.681094: val_loss -0.4158
2025-11-14 12:31:37.681195: Pseudo dice [np.float32(0.9204), np.float32(0.7668), np.float32(0.0)]
2025-11-14 12:31:37.681302: Epoch time: 251.32 s
2025-11-14 12:31:39.142735: 
2025-11-14 12:31:39.143056: Epoch 158
2025-11-14 12:31:39.143213: Current learning rate: 0.00857
2025-11-14 12:35:50.449908: train_loss -0.4068
2025-11-14 12:35:50.450287: val_loss -0.412
2025-11-14 12:35:50.450407: Pseudo dice [np.float32(0.9154), np.float32(0.7654), np.float32(0.4002)]
2025-11-14 12:35:50.450507: Epoch time: 251.31 s
2025-11-14 12:35:50.450583: Yayy! New best EMA pseudo Dice: 0.6029000282287598
2025-11-14 12:35:52.163064: 
2025-11-14 12:35:52.163351: Epoch 159
2025-11-14 12:35:52.163512: Current learning rate: 0.00856
2025-11-14 12:40:03.659282: train_loss -0.4108
2025-11-14 12:40:03.659507: val_loss -0.4416
2025-11-14 12:40:03.659609: Pseudo dice [np.float32(0.9177), np.float32(0.7628), np.float32(0.1621)]
2025-11-14 12:40:03.659711: Epoch time: 251.5 s
2025-11-14 12:40:03.659788: Yayy! New best EMA pseudo Dice: 0.6040999889373779
2025-11-14 12:40:05.058184: 
2025-11-14 12:40:05.058374: Epoch 160
2025-11-14 12:40:05.058496: Current learning rate: 0.00855
2025-11-14 12:44:16.335760: train_loss -0.4172
2025-11-14 12:44:16.336023: val_loss -0.4178
2025-11-14 12:44:16.336117: Pseudo dice [np.float32(0.9204), np.float32(0.7774), np.float32(0.308)]
2025-11-14 12:44:16.336214: Epoch time: 251.28 s
2025-11-14 12:44:16.336330: Yayy! New best EMA pseudo Dice: 0.6104999780654907
2025-11-14 12:44:17.850803: 
2025-11-14 12:44:17.851031: Epoch 161
2025-11-14 12:44:17.851149: Current learning rate: 0.00854
2025-11-14 12:48:29.502844: train_loss -0.4049
2025-11-14 12:48:29.503150: val_loss -0.4423
2025-11-14 12:48:29.503256: Pseudo dice [np.float32(0.9214), np.float32(0.7698), np.float32(0.168)]
2025-11-14 12:48:29.503367: Epoch time: 251.65 s
2025-11-14 12:48:29.503445: Yayy! New best EMA pseudo Dice: 0.6114000082015991
2025-11-14 12:48:31.129713: 
2025-11-14 12:48:31.129903: Epoch 162
2025-11-14 12:48:31.130027: Current learning rate: 0.00853
2025-11-14 12:52:42.677392: train_loss -0.4037
2025-11-14 12:52:42.677646: val_loss -0.4258
2025-11-14 12:52:42.677764: Pseudo dice [np.float32(0.9073), np.float32(0.76), np.float32(0.4348)]
2025-11-14 12:52:42.677874: Epoch time: 251.55 s
2025-11-14 12:52:42.677954: Yayy! New best EMA pseudo Dice: 0.6204000115394592
2025-11-14 12:52:44.085121: 
2025-11-14 12:52:44.085323: Epoch 163
2025-11-14 12:52:44.085441: Current learning rate: 0.00852
2025-11-14 12:56:55.329854: train_loss -0.4063
2025-11-14 12:56:55.330150: val_loss -0.4165
2025-11-14 12:56:55.330281: Pseudo dice [np.float32(0.9108), np.float32(0.7625), np.float32(0.3773)]
2025-11-14 12:56:55.330386: Epoch time: 251.25 s
2025-11-14 12:56:55.330465: Yayy! New best EMA pseudo Dice: 0.6266999840736389
2025-11-14 12:56:56.710493: 
2025-11-14 12:56:56.710847: Epoch 164
2025-11-14 12:56:56.711069: Current learning rate: 0.00851
2025-11-14 13:01:08.113837: train_loss -0.4182
2025-11-14 13:01:08.114136: val_loss -0.4338
2025-11-14 13:01:08.114241: Pseudo dice [np.float32(0.9197), np.float32(0.7753), np.float32(0.0846)]
2025-11-14 13:01:08.114350: Epoch time: 251.4 s
2025-11-14 13:01:09.166036: 
2025-11-14 13:01:09.166218: Epoch 165
2025-11-14 13:01:09.166353: Current learning rate: 0.0085
2025-11-14 13:05:20.910368: train_loss -0.3858
2025-11-14 13:05:20.910611: val_loss -0.3951
2025-11-14 13:05:20.910712: Pseudo dice [np.float32(0.9098), np.float32(0.7599), np.float32(0.0598)]
2025-11-14 13:05:20.910812: Epoch time: 251.75 s
2025-11-14 13:05:21.958285: 
2025-11-14 13:05:21.958485: Epoch 166
2025-11-14 13:05:21.958616: Current learning rate: 0.00849
2025-11-14 13:09:33.797481: train_loss -0.3961
2025-11-14 13:09:33.797806: val_loss -0.3912
2025-11-14 13:09:33.797911: Pseudo dice [np.float32(0.9109), np.float32(0.7593), np.float32(0.0531)]
2025-11-14 13:09:33.798016: Epoch time: 251.84 s
2025-11-14 13:09:34.850569: 
2025-11-14 13:09:34.850821: Epoch 167
2025-11-14 13:09:34.850946: Current learning rate: 0.00848
2025-11-14 13:13:46.410697: train_loss -0.4161
2025-11-14 13:13:46.410929: val_loss -0.4273
2025-11-14 13:13:46.411040: Pseudo dice [np.float32(0.9206), np.float32(0.7671), np.float32(0.2635)]
2025-11-14 13:13:46.411146: Epoch time: 251.56 s
2025-11-14 13:13:47.480921: 
2025-11-14 13:13:47.481117: Epoch 168
2025-11-14 13:13:47.481258: Current learning rate: 0.00847
2025-11-14 13:17:58.861332: train_loss -0.4083
2025-11-14 13:17:58.861593: val_loss -0.4471
2025-11-14 13:17:58.861694: Pseudo dice [np.float32(0.9122), np.float32(0.7738), np.float32(0.4619)]
2025-11-14 13:17:58.861796: Epoch time: 251.38 s
2025-11-14 13:17:58.861875: Yayy! New best EMA pseudo Dice: 0.6276999711990356
2025-11-14 13:18:00.229896: 
2025-11-14 13:18:00.230141: Epoch 169
2025-11-14 13:18:00.230327: Current learning rate: 0.00847
2025-11-14 13:22:11.527096: train_loss -0.41
2025-11-14 13:22:11.527341: val_loss -0.4304
2025-11-14 13:22:11.527437: Pseudo dice [np.float32(0.9228), np.float32(0.7674), np.float32(0.4971)]
2025-11-14 13:22:11.527531: Epoch time: 251.3 s
2025-11-14 13:22:11.527601: Yayy! New best EMA pseudo Dice: 0.6377999782562256
2025-11-14 13:22:13.296815: 
2025-11-14 13:22:13.297090: Epoch 170
2025-11-14 13:22:13.297229: Current learning rate: 0.00846
2025-11-14 13:26:24.862434: train_loss -0.4159
2025-11-14 13:26:24.862703: val_loss -0.4066
2025-11-14 13:26:24.862808: Pseudo dice [np.float32(0.9154), np.float32(0.7476), np.float32(0.4773)]
2025-11-14 13:26:24.862914: Epoch time: 251.57 s
2025-11-14 13:26:24.862995: Yayy! New best EMA pseudo Dice: 0.6453999876976013
2025-11-14 13:26:26.259746: 
2025-11-14 13:26:26.260041: Epoch 171
2025-11-14 13:26:26.260199: Current learning rate: 0.00845
2025-11-14 13:30:37.990107: train_loss -0.4023
2025-11-14 13:30:37.990344: val_loss -0.4402
2025-11-14 13:30:37.990446: Pseudo dice [np.float32(0.9155), np.float32(0.7678), np.float32(0.1149)]
2025-11-14 13:30:37.990546: Epoch time: 251.73 s
2025-11-14 13:30:39.060796: 
2025-11-14 13:30:39.060970: Epoch 172
2025-11-14 13:30:39.061099: Current learning rate: 0.00844
2025-11-14 13:34:50.587838: train_loss -0.4152
2025-11-14 13:34:50.588069: val_loss -0.4095
2025-11-14 13:34:50.588171: Pseudo dice [np.float32(0.9245), np.float32(0.766), np.float32(0.4592)]
2025-11-14 13:34:50.588269: Epoch time: 251.53 s
2025-11-14 13:34:50.588356: Yayy! New best EMA pseudo Dice: 0.6484000086784363
2025-11-14 13:34:52.017976: 
2025-11-14 13:34:52.018229: Epoch 173
2025-11-14 13:34:52.018381: Current learning rate: 0.00843
2025-11-14 13:39:03.583661: train_loss -0.4154
2025-11-14 13:39:03.583895: val_loss -0.4312
2025-11-14 13:39:03.583997: Pseudo dice [np.float32(0.9113), np.float32(0.7689), np.float32(0.4507)]
2025-11-14 13:39:03.584098: Epoch time: 251.57 s
2025-11-14 13:39:03.584175: Yayy! New best EMA pseudo Dice: 0.6545000076293945
2025-11-14 13:39:04.958075: 
2025-11-14 13:39:04.958306: Epoch 174
2025-11-14 13:39:04.958441: Current learning rate: 0.00842
2025-11-14 13:43:16.500011: train_loss -0.4146
2025-11-14 13:43:16.500291: val_loss -0.4227
2025-11-14 13:43:16.500393: Pseudo dice [np.float32(0.926), np.float32(0.7695), np.float32(0.3006)]
2025-11-14 13:43:16.500493: Epoch time: 251.54 s
2025-11-14 13:43:16.500569: Yayy! New best EMA pseudo Dice: 0.6556000113487244
2025-11-14 13:43:17.850406: 
2025-11-14 13:43:17.850623: Epoch 175
2025-11-14 13:43:17.850742: Current learning rate: 0.00841
2025-11-14 13:47:29.554931: train_loss -0.418
2025-11-14 13:47:29.555152: val_loss -0.3991
2025-11-14 13:47:29.555256: Pseudo dice [np.float32(0.9274), np.float32(0.7693), np.float32(0.4984)]
2025-11-14 13:47:29.555374: Epoch time: 251.71 s
2025-11-14 13:47:29.555455: Yayy! New best EMA pseudo Dice: 0.6632000207901001
2025-11-14 13:47:30.910051: 
2025-11-14 13:47:30.931225: Epoch 176
2025-11-14 13:47:30.931531: Current learning rate: 0.0084
2025-11-14 13:51:42.382465: train_loss -0.4221
2025-11-14 13:51:42.383879: val_loss -0.4406
2025-11-14 13:51:42.384050: Pseudo dice [np.float32(0.923), np.float32(0.7784), np.float32(0.2762)]
2025-11-14 13:51:42.384154: Epoch time: 251.47 s
2025-11-14 13:51:43.453762: 
2025-11-14 13:51:43.454073: Epoch 177
2025-11-14 13:51:43.454237: Current learning rate: 0.00839
2025-11-14 13:55:54.927186: train_loss -0.4171
2025-11-14 13:55:54.927473: val_loss -0.4047
2025-11-14 13:55:54.927575: Pseudo dice [np.float32(0.9165), np.float32(0.7651), np.float32(0.449)]
2025-11-14 13:55:54.927675: Epoch time: 251.47 s
2025-11-14 13:55:54.927824: Yayy! New best EMA pseudo Dice: 0.6675999760627747
2025-11-14 13:55:56.310246: 
2025-11-14 13:55:56.310510: Epoch 178
2025-11-14 13:55:56.310633: Current learning rate: 0.00838
2025-11-14 14:00:07.916783: train_loss -0.4267
2025-11-14 14:00:07.917008: val_loss -0.4293
2025-11-14 14:00:07.917205: Pseudo dice [np.float32(0.9287), np.float32(0.7655), np.float32(0.4026)]
2025-11-14 14:00:07.917367: Epoch time: 251.61 s
2025-11-14 14:00:07.917449: Yayy! New best EMA pseudo Dice: 0.6707000136375427
2025-11-14 14:00:09.289191: 
2025-11-14 14:00:09.289479: Epoch 179
2025-11-14 14:00:09.289642: Current learning rate: 0.00837
2025-11-14 14:04:20.769960: train_loss -0.4186
2025-11-14 14:04:20.770241: val_loss -0.4236
2025-11-14 14:04:20.770351: Pseudo dice [np.float32(0.9224), np.float32(0.7747), np.float32(0.3064)]
2025-11-14 14:04:20.770455: Epoch time: 251.48 s
2025-11-14 14:04:21.844599: 
2025-11-14 14:04:21.844856: Epoch 180
2025-11-14 14:04:21.844991: Current learning rate: 0.00836
2025-11-14 14:08:33.080052: train_loss -0.41
2025-11-14 14:08:33.080329: val_loss -0.4518
2025-11-14 14:08:33.080435: Pseudo dice [np.float32(0.9173), np.float32(0.7748), np.float32(0.1042)]
2025-11-14 14:08:33.080540: Epoch time: 251.24 s
2025-11-14 14:08:34.480860: 
2025-11-14 14:08:34.481079: Epoch 181
2025-11-14 14:08:34.481207: Current learning rate: 0.00836
2025-11-14 14:12:46.026123: train_loss -0.4094
2025-11-14 14:12:46.026408: val_loss -0.4178
2025-11-14 14:12:46.026515: Pseudo dice [np.float32(0.9215), np.float32(0.7642), np.float32(0.0753)]
2025-11-14 14:12:46.026617: Epoch time: 251.55 s
2025-11-14 14:12:47.092931: 
2025-11-14 14:12:47.093143: Epoch 182
2025-11-14 14:12:47.093332: Current learning rate: 0.00835
2025-11-14 14:16:58.692705: train_loss -0.4679
2025-11-14 14:16:58.692951: val_loss -0.5032
2025-11-14 14:16:58.693043: Pseudo dice [np.float32(0.9224), np.float32(0.7536), np.float32(0.2235)]
2025-11-14 14:16:58.693137: Epoch time: 251.6 s
2025-11-14 14:16:59.751518: 
2025-11-14 14:16:59.751727: Epoch 183
2025-11-14 14:16:59.751848: Current learning rate: 0.00834
2025-11-14 14:21:11.031553: train_loss -0.4675
2025-11-14 14:21:11.031806: val_loss -0.4538
2025-11-14 14:21:11.031906: Pseudo dice [np.float32(0.907), np.float32(0.7486), np.float32(0.3494)]
2025-11-14 14:21:11.032005: Epoch time: 251.28 s
2025-11-14 14:21:12.092947: 
2025-11-14 14:21:12.093143: Epoch 184
2025-11-14 14:21:12.093261: Current learning rate: 0.00833
2025-11-14 14:25:23.681657: train_loss -0.4761
2025-11-14 14:25:23.681893: val_loss -0.462
2025-11-14 14:25:23.681993: Pseudo dice [np.float32(0.9038), np.float32(0.7683), np.float32(0.2972)]
2025-11-14 14:25:23.682092: Epoch time: 251.59 s
2025-11-14 14:25:24.755909: 
2025-11-14 14:25:24.756101: Epoch 185
2025-11-14 14:25:24.756221: Current learning rate: 0.00832
2025-11-14 14:29:36.227368: train_loss -0.4883
2025-11-14 14:29:36.227625: val_loss -0.5068
2025-11-14 14:29:36.227727: Pseudo dice [np.float32(0.9181), np.float32(0.7764), np.float32(0.5934)]
2025-11-14 14:29:36.227830: Epoch time: 251.47 s
2025-11-14 14:29:37.319617: 
2025-11-14 14:29:37.319819: Epoch 186
2025-11-14 14:29:37.319945: Current learning rate: 0.00831
2025-11-14 14:33:48.835966: train_loss -0.4908
2025-11-14 14:33:48.836315: val_loss -0.5137
2025-11-14 14:33:48.836424: Pseudo dice [np.float32(0.9299), np.float32(0.7702), np.float32(0.5516)]
2025-11-14 14:33:48.836528: Epoch time: 251.52 s
2025-11-14 14:33:48.836606: Yayy! New best EMA pseudo Dice: 0.6743000149726868
2025-11-14 14:33:50.269297: 
2025-11-14 14:33:50.269485: Epoch 187
2025-11-14 14:33:50.269607: Current learning rate: 0.0083
2025-11-14 14:38:01.800533: train_loss -0.4832
2025-11-14 14:38:01.800838: val_loss -0.4831
2025-11-14 14:38:01.800937: Pseudo dice [np.float32(0.9174), np.float32(0.7627), np.float32(0.2683)]
2025-11-14 14:38:01.801032: Epoch time: 251.53 s
2025-11-14 14:38:02.879430: 
2025-11-14 14:38:02.879662: Epoch 188
2025-11-14 14:38:02.879776: Current learning rate: 0.00829
2025-11-14 14:42:14.354759: train_loss -0.4901
2025-11-14 14:42:14.355021: val_loss -0.5146
2025-11-14 14:42:14.355120: Pseudo dice [np.float32(0.9198), np.float32(0.7698), np.float32(0.4462)]
2025-11-14 14:42:14.355220: Epoch time: 251.48 s
2025-11-14 14:42:14.355304: Yayy! New best EMA pseudo Dice: 0.6758000254631042
2025-11-14 14:42:15.824878: 
2025-11-14 14:42:15.825202: Epoch 189
2025-11-14 14:42:15.825344: Current learning rate: 0.00828
2025-11-14 14:46:27.271466: train_loss -0.4782
2025-11-14 14:46:27.271714: val_loss -0.5055
2025-11-14 14:46:27.271816: Pseudo dice [np.float32(0.9158), np.float32(0.7627), np.float32(0.3897)]
2025-11-14 14:46:27.271917: Epoch time: 251.45 s
2025-11-14 14:46:27.272047: Yayy! New best EMA pseudo Dice: 0.6772000193595886
2025-11-14 14:46:28.688088: 
2025-11-14 14:46:28.688438: Epoch 190
2025-11-14 14:46:28.688580: Current learning rate: 0.00827
2025-11-14 14:50:40.407639: train_loss -0.4844
2025-11-14 14:50:40.407886: val_loss -0.4747
2025-11-14 14:50:40.407989: Pseudo dice [np.float32(0.9166), np.float32(0.7553), np.float32(0.5256)]
2025-11-14 14:50:40.408094: Epoch time: 251.72 s
2025-11-14 14:50:40.408174: Yayy! New best EMA pseudo Dice: 0.682699978351593
2025-11-14 14:50:41.747633: 
2025-11-14 14:50:41.747861: Epoch 191
2025-11-14 14:50:41.747982: Current learning rate: 0.00826
2025-11-14 14:54:53.352473: train_loss -0.4914
2025-11-14 14:54:53.352742: val_loss -0.4818
2025-11-14 14:54:53.352844: Pseudo dice [np.float32(0.9226), np.float32(0.7649), np.float32(0.5765)]
2025-11-14 14:54:53.352954: Epoch time: 251.61 s
2025-11-14 14:54:53.353031: Yayy! New best EMA pseudo Dice: 0.6898999810218811
2025-11-14 14:54:54.736897: 
2025-11-14 14:54:54.737150: Epoch 192
2025-11-14 14:54:54.737283: Current learning rate: 0.00825
2025-11-14 14:59:06.073340: train_loss -0.4902
2025-11-14 14:59:06.073632: val_loss -0.4911
2025-11-14 14:59:06.073738: Pseudo dice [np.float32(0.913), np.float32(0.7542), np.float32(0.4003)]
2025-11-14 14:59:06.073841: Epoch time: 251.34 s
2025-11-14 14:59:07.522574: 
2025-11-14 14:59:07.522775: Epoch 193
2025-11-14 14:59:07.522896: Current learning rate: 0.00824
2025-11-14 15:03:19.219551: train_loss -0.5029
2025-11-14 15:03:19.219817: val_loss -0.5086
2025-11-14 15:03:19.219919: Pseudo dice [np.float32(0.922), np.float32(0.7682), np.float32(0.3174)]
2025-11-14 15:03:19.220020: Epoch time: 251.7 s
2025-11-14 15:03:20.305954: 
2025-11-14 15:03:20.306159: Epoch 194
2025-11-14 15:03:20.306338: Current learning rate: 0.00824
2025-11-14 15:07:32.210271: train_loss -0.5008
2025-11-14 15:07:32.210543: val_loss -0.5153
2025-11-14 15:07:32.210644: Pseudo dice [np.float32(0.9122), np.float32(0.7794), np.float32(0.4986)]
2025-11-14 15:07:32.210745: Epoch time: 251.91 s
2025-11-14 15:07:32.210822: Yayy! New best EMA pseudo Dice: 0.6919999718666077
2025-11-14 15:07:33.571192: 
2025-11-14 15:07:33.571469: Epoch 195
2025-11-14 15:07:33.571594: Current learning rate: 0.00823
2025-11-14 15:11:44.964282: train_loss -0.4941
2025-11-14 15:11:44.964531: val_loss -0.5058
2025-11-14 15:11:44.964632: Pseudo dice [np.float32(0.9183), np.float32(0.7661), np.float32(0.3106)]
2025-11-14 15:11:44.964732: Epoch time: 251.39 s
2025-11-14 15:11:46.060560: 
2025-11-14 15:11:46.060805: Epoch 196
2025-11-14 15:11:46.060961: Current learning rate: 0.00822
2025-11-14 15:15:57.513599: train_loss -0.477
2025-11-14 15:15:57.513854: val_loss -0.4755
2025-11-14 15:15:57.513956: Pseudo dice [np.float32(0.9169), np.float32(0.7679), np.float32(0.4721)]
2025-11-14 15:15:57.514060: Epoch time: 251.45 s
2025-11-14 15:15:57.514139: Yayy! New best EMA pseudo Dice: 0.692300021648407
2025-11-14 15:15:58.922611: 
2025-11-14 15:15:58.922807: Epoch 197
2025-11-14 15:15:58.922916: Current learning rate: 0.00821
2025-11-14 15:20:10.758891: train_loss -0.4929
2025-11-14 15:20:10.759145: val_loss -0.4632
2025-11-14 15:20:10.759244: Pseudo dice [np.float32(0.918), np.float32(0.7553), np.float32(0.1937)]
2025-11-14 15:20:10.759353: Epoch time: 251.84 s
2025-11-14 15:20:11.843052: 
2025-11-14 15:20:11.843248: Epoch 198
2025-11-14 15:20:11.843421: Current learning rate: 0.0082
2025-11-14 15:24:23.377843: train_loss -0.489
2025-11-14 15:24:23.378091: val_loss -0.5102
2025-11-14 15:24:23.378190: Pseudo dice [np.float32(0.9142), np.float32(0.7703), np.float32(0.2726)]
2025-11-14 15:24:23.378299: Epoch time: 251.54 s
2025-11-14 15:24:24.457449: 
2025-11-14 15:24:24.457661: Epoch 199
2025-11-14 15:24:24.457779: Current learning rate: 0.00819
2025-11-14 15:28:36.462781: train_loss -0.4969
2025-11-14 15:28:36.463051: val_loss -0.4814
2025-11-14 15:28:36.463155: Pseudo dice [np.float32(0.9276), np.float32(0.767), np.float32(0.3722)]
2025-11-14 15:28:36.463258: Epoch time: 252.01 s
2025-11-14 15:28:37.868578: 
2025-11-14 15:28:37.868770: Epoch 200
2025-11-14 15:28:37.868894: Current learning rate: 0.00818
2025-11-14 15:32:49.557157: train_loss -0.4889
2025-11-14 15:32:49.557406: val_loss -0.491
2025-11-14 15:32:49.557509: Pseudo dice [np.float32(0.915), np.float32(0.7659), np.float32(0.4536)]
2025-11-14 15:32:49.557610: Epoch time: 251.69 s
2025-11-14 15:32:50.643898: 
2025-11-14 15:32:50.644090: Epoch 201
2025-11-14 15:32:50.644212: Current learning rate: 0.00817
2025-11-14 15:37:02.095362: train_loss -0.5007
2025-11-14 15:37:02.095626: val_loss -0.5134
2025-11-14 15:37:02.095760: Pseudo dice [np.float32(0.9232), np.float32(0.7733), np.float32(0.4121)]
2025-11-14 15:37:02.095880: Epoch time: 251.45 s
2025-11-14 15:37:03.181199: 
2025-11-14 15:37:03.181389: Epoch 202
2025-11-14 15:37:03.181510: Current learning rate: 0.00816
2025-11-14 15:41:14.385517: train_loss -0.4967
2025-11-14 15:41:14.385783: val_loss -0.4927
2025-11-14 15:41:14.385899: Pseudo dice [np.float32(0.9232), np.float32(0.7577), np.float32(0.4703)]
2025-11-14 15:41:14.386004: Epoch time: 251.21 s
2025-11-14 15:41:15.463633: 
2025-11-14 15:41:15.463834: Epoch 203
2025-11-14 15:41:15.463954: Current learning rate: 0.00815
2025-11-14 15:45:27.091637: train_loss -0.5803
2025-11-14 15:45:27.091897: val_loss -0.5924
2025-11-14 15:45:27.091999: Pseudo dice [np.float32(0.9177), np.float32(0.7564), np.float32(0.0)]
2025-11-14 15:45:27.092101: Epoch time: 251.63 s
2025-11-14 15:45:28.186246: 
2025-11-14 15:45:28.186443: Epoch 204
2025-11-14 15:45:28.186571: Current learning rate: 0.00814
2025-11-14 15:49:39.867079: train_loss -0.6058
2025-11-14 15:49:39.867349: val_loss -0.6492
2025-11-14 15:49:39.867455: Pseudo dice [np.float32(0.9141), np.float32(0.7584), np.float32(0.0)]
2025-11-14 15:49:39.867553: Epoch time: 251.68 s
2025-11-14 15:49:40.946573: 
2025-11-14 15:49:40.946820: Epoch 205
2025-11-14 15:49:40.946947: Current learning rate: 0.00813
2025-11-14 15:53:52.384778: train_loss -0.6115
2025-11-14 15:53:52.385031: val_loss -0.6155
2025-11-14 15:53:52.385130: Pseudo dice [np.float32(0.9191), np.float32(0.7623), np.float32(0.0)]
2025-11-14 15:53:52.385228: Epoch time: 251.44 s
2025-11-14 15:53:53.430317: 
2025-11-14 15:53:53.430521: Epoch 206
2025-11-14 15:53:53.430646: Current learning rate: 0.00813
2025-11-14 15:58:04.955660: train_loss -0.6276
2025-11-14 15:58:04.955922: val_loss -0.6237
2025-11-14 15:58:04.956020: Pseudo dice [np.float32(0.9276), np.float32(0.763), np.float32(0.0)]
2025-11-14 15:58:04.956119: Epoch time: 251.53 s
2025-11-14 15:58:05.999243: 
2025-11-14 15:58:05.999552: Epoch 207
2025-11-14 15:58:05.999688: Current learning rate: 0.00812
2025-11-14 16:02:17.296578: train_loss -0.6158
2025-11-14 16:02:17.296868: val_loss -0.6231
2025-11-14 16:02:17.296971: Pseudo dice [np.float32(0.9204), np.float32(0.7688), np.float32(0.0)]
2025-11-14 16:02:17.297070: Epoch time: 251.3 s
2025-11-14 16:02:18.345116: 
2025-11-14 16:02:18.345324: Epoch 208
2025-11-14 16:02:18.345445: Current learning rate: 0.00811
2025-11-14 16:06:29.758987: train_loss -0.6279
2025-11-14 16:06:29.759287: val_loss -0.6411
2025-11-14 16:06:29.759395: Pseudo dice [np.float32(0.9207), np.float32(0.7626), np.float32(0.0)]
2025-11-14 16:06:29.759496: Epoch time: 251.41 s
2025-11-14 16:06:30.803825: 
2025-11-14 16:06:30.804028: Epoch 209
2025-11-14 16:06:30.804150: Current learning rate: 0.0081
2025-11-14 16:10:42.311716: train_loss -0.6285
2025-11-14 16:10:42.311995: val_loss -0.6401
2025-11-14 16:10:42.312096: Pseudo dice [np.float32(0.9205), np.float32(0.7717), np.float32(0.0)]
2025-11-14 16:10:42.312198: Epoch time: 251.51 s
2025-11-14 16:10:43.363662: 
2025-11-14 16:10:43.363919: Epoch 210
2025-11-14 16:10:43.364074: Current learning rate: 0.00809
2025-11-14 16:14:54.985540: train_loss -0.625
2025-11-14 16:14:54.985858: val_loss -0.6182
2025-11-14 16:14:54.985964: Pseudo dice [np.float32(0.9093), np.float32(0.7701), np.float32(0.0)]
2025-11-14 16:14:54.986065: Epoch time: 251.62 s
2025-11-14 16:14:56.045816: 
2025-11-14 16:14:56.046046: Epoch 211
2025-11-14 16:14:56.046176: Current learning rate: 0.00808
2025-11-14 16:19:07.757249: train_loss -0.6337
2025-11-14 16:19:07.757524: val_loss -0.6423
2025-11-14 16:19:07.757624: Pseudo dice [np.float32(0.9279), np.float32(0.7579), np.float32(0.0)]
2025-11-14 16:19:07.757727: Epoch time: 251.71 s
2025-11-14 16:19:08.815016: 
2025-11-14 16:19:08.815242: Epoch 212
2025-11-14 16:19:08.815370: Current learning rate: 0.00807
2025-11-14 16:23:20.388213: train_loss -0.6183
2025-11-14 16:23:20.388484: val_loss -0.6316
2025-11-14 16:23:20.388586: Pseudo dice [np.float32(0.9141), np.float32(0.7634), np.float32(0.0)]
2025-11-14 16:23:20.388688: Epoch time: 251.57 s
2025-11-14 16:23:21.459605: 
2025-11-14 16:23:21.459953: Epoch 213
2025-11-14 16:23:21.460110: Current learning rate: 0.00806
2025-11-14 16:27:32.810780: train_loss -0.6102
2025-11-14 16:27:32.811050: val_loss -0.6449
2025-11-14 16:27:32.811153: Pseudo dice [np.float32(0.9216), np.float32(0.771), np.float32(0.0)]
2025-11-14 16:27:32.811255: Epoch time: 251.35 s
2025-11-14 16:27:33.874180: 
2025-11-14 16:27:33.874369: Epoch 214
2025-11-14 16:27:33.874488: Current learning rate: 0.00805
2025-11-14 16:31:45.166683: train_loss -0.6366
2025-11-14 16:31:45.166946: val_loss -0.6563
2025-11-14 16:31:45.167238: Pseudo dice [np.float32(0.9188), np.float32(0.7639), np.float32(0.0)]
2025-11-14 16:31:45.167352: Epoch time: 251.29 s
2025-11-14 16:31:46.220225: 
2025-11-14 16:31:46.220414: Epoch 215
2025-11-14 16:31:46.220568: Current learning rate: 0.00804
2025-11-14 16:35:57.642851: train_loss -0.6284
2025-11-14 16:35:57.643105: val_loss -0.6064
2025-11-14 16:35:57.643204: Pseudo dice [np.float32(0.9096), np.float32(0.7587), np.float32(0.0)]
2025-11-14 16:35:57.643313: Epoch time: 251.42 s
2025-11-14 16:35:58.694513: 
2025-11-14 16:35:58.694711: Epoch 216
2025-11-14 16:35:58.694880: Current learning rate: 0.00803
2025-11-14 16:40:10.202564: train_loss -0.6304
2025-11-14 16:40:10.202826: val_loss -0.5979
2025-11-14 16:40:10.202923: Pseudo dice [np.float32(0.918), np.float32(0.7595), np.float32(0.0)]
2025-11-14 16:40:10.203020: Epoch time: 251.51 s
2025-11-14 16:40:11.630698: 
2025-11-14 16:40:11.630915: Epoch 217
2025-11-14 16:40:11.631051: Current learning rate: 0.00802
2025-11-14 16:44:23.397563: train_loss -0.6298
2025-11-14 16:44:23.397866: val_loss -0.6077
2025-11-14 16:44:23.397969: Pseudo dice [np.float32(0.9091), np.float32(0.7592), np.float32(0.0)]
2025-11-14 16:44:23.398070: Epoch time: 251.77 s
2025-11-14 16:44:24.455857: 
2025-11-14 16:44:24.456084: Epoch 218
2025-11-14 16:44:24.456217: Current learning rate: 0.00801
2025-11-14 16:48:36.026710: train_loss -0.6455
2025-11-14 16:48:36.026963: val_loss -0.6155
2025-11-14 16:48:36.027062: Pseudo dice [np.float32(0.9196), np.float32(0.7757), np.float32(0.0)]
2025-11-14 16:48:36.027162: Epoch time: 251.57 s
2025-11-14 16:48:37.077014: 
2025-11-14 16:48:37.077249: Epoch 219
2025-11-14 16:48:37.077420: Current learning rate: 0.00801
2025-11-14 16:52:48.604607: train_loss -0.6314
2025-11-14 16:52:48.604852: val_loss -0.6665
2025-11-14 16:52:48.604952: Pseudo dice [np.float32(0.9249), np.float32(0.759), np.float32(0.0)]
2025-11-14 16:52:48.605051: Epoch time: 251.53 s
2025-11-14 16:52:49.658370: 
2025-11-14 16:52:49.658617: Epoch 220
2025-11-14 16:52:49.658745: Current learning rate: 0.008
2025-11-14 16:57:01.390063: train_loss -0.6287
2025-11-14 16:57:01.390343: val_loss -0.6347
2025-11-14 16:57:01.390452: Pseudo dice [np.float32(0.9178), np.float32(0.7646), np.float32(0.0)]
2025-11-14 16:57:01.390623: Epoch time: 251.73 s
2025-11-14 16:57:02.442451: 
2025-11-14 16:57:02.442695: Epoch 221
2025-11-14 16:57:02.442879: Current learning rate: 0.00799
2025-11-14 17:01:14.138261: train_loss -0.6483
2025-11-14 17:01:14.138525: val_loss -0.6336
2025-11-14 17:01:14.138627: Pseudo dice [np.float32(0.9213), np.float32(0.7558), np.float32(0.0)]
2025-11-14 17:01:14.138729: Epoch time: 251.7 s
2025-11-14 17:01:15.207262: 
2025-11-14 17:01:15.207449: Epoch 222
2025-11-14 17:01:15.207569: Current learning rate: 0.00798
2025-11-14 17:05:26.914383: train_loss -0.626
2025-11-14 17:05:26.914647: val_loss -0.63
2025-11-14 17:05:26.914751: Pseudo dice [np.float32(0.9175), np.float32(0.7676), np.float32(0.0)]
2025-11-14 17:05:26.914854: Epoch time: 251.71 s
2025-11-14 17:05:27.970355: 
2025-11-14 17:05:27.970576: Epoch 223
2025-11-14 17:05:27.970704: Current learning rate: 0.00797
2025-11-14 17:09:39.557363: train_loss -0.6306
2025-11-14 17:09:39.557620: val_loss -0.6559
2025-11-14 17:09:39.557722: Pseudo dice [np.float32(0.9222), np.float32(0.7712), np.float32(0.0)]
2025-11-14 17:09:39.557823: Epoch time: 251.59 s
2025-11-14 17:09:40.617859: 
2025-11-14 17:09:40.618057: Epoch 224
2025-11-14 17:09:40.618189: Current learning rate: 0.00796
2025-11-14 17:13:52.080242: train_loss -0.6356
2025-11-14 17:13:52.080486: val_loss -0.6037
2025-11-14 17:13:52.080588: Pseudo dice [np.float32(0.9252), np.float32(0.7725), np.float32(0.0)]
2025-11-14 17:13:52.080699: Epoch time: 251.46 s
2025-11-14 17:13:53.160446: 
2025-11-14 17:13:53.160636: Epoch 225
2025-11-14 17:13:53.160755: Current learning rate: 0.00795
2025-11-14 17:18:05.232588: train_loss -0.6279
2025-11-14 17:18:05.232865: val_loss -0.6489
2025-11-14 17:18:05.232966: Pseudo dice [np.float32(0.9266), np.float32(0.7792), np.float32(0.0)]
2025-11-14 17:18:05.233072: Epoch time: 252.07 s
2025-11-14 17:18:06.296627: 
2025-11-14 17:18:06.296836: Epoch 226
2025-11-14 17:18:06.296960: Current learning rate: 0.00794
2025-11-14 17:22:18.136135: train_loss -0.6245
2025-11-14 17:22:18.136397: val_loss -0.6115
2025-11-14 17:22:18.136501: Pseudo dice [np.float32(0.9194), np.float32(0.779), np.float32(0.0)]
2025-11-14 17:22:18.136603: Epoch time: 251.84 s
2025-11-14 17:22:19.207451: 
2025-11-14 17:22:19.207645: Epoch 227
2025-11-14 17:22:19.207765: Current learning rate: 0.00793
2025-11-14 17:26:30.694376: train_loss -0.6272
2025-11-14 17:26:30.694642: val_loss -0.6405
2025-11-14 17:26:30.694746: Pseudo dice [np.float32(0.9051), np.float32(0.7669), np.float32(0.0)]
2025-11-14 17:26:30.694849: Epoch time: 251.49 s
2025-11-14 17:26:31.762146: 
2025-11-14 17:26:31.762422: Epoch 228
2025-11-14 17:26:31.762550: Current learning rate: 0.00792
2025-11-14 17:30:43.420336: train_loss -0.6292
2025-11-14 17:30:43.420609: val_loss -0.6058
2025-11-14 17:30:43.420756: Pseudo dice [np.float32(0.9167), np.float32(0.7723), np.float32(0.0)]
2025-11-14 17:30:43.420925: Epoch time: 251.66 s
2025-11-14 17:30:44.480633: 
2025-11-14 17:30:44.480845: Epoch 229
2025-11-14 17:30:44.480969: Current learning rate: 0.00791
2025-11-14 17:34:56.781358: train_loss -0.6364
2025-11-14 17:34:56.781648: val_loss -0.6468
2025-11-14 17:34:56.781790: Pseudo dice [np.float32(0.9242), np.float32(0.759), np.float32(0.0)]
2025-11-14 17:34:56.781892: Epoch time: 252.3 s
2025-11-14 17:34:58.245794: 
2025-11-14 17:34:58.246105: Epoch 230
2025-11-14 17:34:58.246253: Current learning rate: 0.0079
2025-11-14 17:39:10.202490: train_loss -0.6326
2025-11-14 17:39:10.202739: val_loss -0.652
2025-11-14 17:39:10.202837: Pseudo dice [np.float32(0.9184), np.float32(0.7505), np.float32(0.0)]
2025-11-14 17:39:10.202939: Epoch time: 251.96 s
2025-11-14 17:39:11.270203: 
2025-11-14 17:39:11.270462: Epoch 231
2025-11-14 17:39:11.270589: Current learning rate: 0.00789
2025-11-14 17:43:22.824693: train_loss -0.6418
2025-11-14 17:43:22.824942: val_loss -0.6233
2025-11-14 17:43:22.825041: Pseudo dice [np.float32(0.92), np.float32(0.7677), np.float32(0.0)]
2025-11-14 17:43:22.825140: Epoch time: 251.56 s
2025-11-14 17:43:23.888606: 
2025-11-14 17:43:23.888842: Epoch 232
2025-11-14 17:43:23.889009: Current learning rate: 0.00789
2025-11-14 17:47:35.531009: train_loss -0.6343
2025-11-14 17:47:35.531277: val_loss -0.6403
2025-11-14 17:47:35.531381: Pseudo dice [np.float32(0.911), np.float32(0.7526), np.float32(0.0)]
2025-11-14 17:47:35.584114: Epoch time: 251.64 s
2025-11-14 17:47:36.650650: 
2025-11-14 17:47:36.650957: Epoch 233
2025-11-14 17:47:36.651098: Current learning rate: 0.00788
2025-11-14 17:51:48.636903: train_loss -0.6387
2025-11-14 17:51:48.650008: val_loss -0.616
2025-11-14 17:51:48.650285: Pseudo dice [np.float32(0.9261), np.float32(0.7622), np.float32(0.0)]
2025-11-14 17:51:48.650473: Epoch time: 251.99 s
2025-11-14 17:51:49.729784: 
2025-11-14 17:51:49.730016: Epoch 234
2025-11-14 17:51:49.730151: Current learning rate: 0.00787
2025-11-14 17:56:01.799794: train_loss -0.6269
2025-11-14 17:56:01.800228: val_loss -0.637
2025-11-14 17:56:01.800340: Pseudo dice [np.float32(0.9231), np.float32(0.7696), np.float32(0.0)]
2025-11-14 17:56:01.800443: Epoch time: 252.07 s
2025-11-14 17:56:02.860423: 
2025-11-14 17:56:02.860682: Epoch 235
2025-11-14 17:56:02.860848: Current learning rate: 0.00786
2025-11-14 18:00:14.606321: train_loss -0.6305
2025-11-14 18:00:14.606795: val_loss -0.6396
2025-11-14 18:00:14.606898: Pseudo dice [np.float32(0.9119), np.float32(0.7537), np.float32(0.0)]
2025-11-14 18:00:14.787021: Epoch time: 251.75 s
2025-11-14 18:00:15.856552: 
2025-11-14 18:00:15.856882: Epoch 236
2025-11-14 18:00:15.857037: Current learning rate: 0.00785
2025-11-14 18:04:27.775229: train_loss -0.6363
2025-11-14 18:04:27.775681: val_loss -0.607
2025-11-14 18:04:27.775804: Pseudo dice [np.float32(0.921), np.float32(0.7652), np.float32(0.0)]
2025-11-14 18:04:27.775923: Epoch time: 251.92 s
2025-11-14 18:04:28.767870: 
2025-11-14 18:04:28.768203: Epoch 237
2025-11-14 18:04:28.768352: Current learning rate: 0.00784
2025-11-14 18:08:40.704367: train_loss -0.6263
2025-11-14 18:08:40.704853: val_loss -0.6568
2025-11-14 18:08:40.704976: Pseudo dice [np.float32(0.9176), np.float32(0.7692), np.float32(0.0)]
2025-11-14 18:08:40.705096: Epoch time: 251.94 s
2025-11-14 18:08:41.694319: 
2025-11-14 18:08:41.694566: Epoch 238
2025-11-14 18:08:41.694721: Current learning rate: 0.00783
2025-11-14 18:12:53.473365: train_loss -0.6446
2025-11-14 18:12:53.473879: val_loss -0.6543
2025-11-14 18:12:53.474016: Pseudo dice [np.float32(0.9246), np.float32(0.7771), np.float32(0.0)]
2025-11-14 18:12:53.474148: Epoch time: 251.78 s
2025-11-14 18:12:54.541035: 
2025-11-14 18:12:54.541323: Epoch 239
2025-11-14 18:12:54.541527: Current learning rate: 0.00782
2025-11-14 18:17:06.517397: train_loss -0.6295
2025-11-14 18:17:06.517887: val_loss -0.6422
2025-11-14 18:17:06.518011: Pseudo dice [np.float32(0.9112), np.float32(0.771), np.float32(0.0)]
2025-11-14 18:17:06.518115: Epoch time: 251.98 s
2025-11-14 18:17:07.595343: 
2025-11-14 18:17:07.595565: Epoch 240
2025-11-14 18:17:07.595688: Current learning rate: 0.00781
2025-11-14 18:21:19.603999: train_loss -0.6344
2025-11-14 18:21:19.604266: val_loss -0.6327
2025-11-14 18:21:19.604377: Pseudo dice [np.float32(0.9161), np.float32(0.7614), np.float32(0.0)]
2025-11-14 18:21:19.604478: Epoch time: 252.01 s
2025-11-14 18:21:20.690001: 
2025-11-14 18:21:20.690202: Epoch 241
2025-11-14 18:21:20.690333: Current learning rate: 0.0078
2025-11-14 18:25:32.666754: train_loss -0.6235
2025-11-14 18:25:32.667023: val_loss -0.6355
2025-11-14 18:25:32.667122: Pseudo dice [np.float32(0.9123), np.float32(0.7653), np.float32(0.0)]
2025-11-14 18:25:32.667222: Epoch time: 251.98 s
2025-11-14 18:25:34.074231: 
2025-11-14 18:25:34.074476: Epoch 242
2025-11-14 18:25:34.074602: Current learning rate: 0.00779
2025-11-14 18:29:45.644802: train_loss -0.621
2025-11-14 18:29:45.645076: val_loss -0.6057
2025-11-14 18:29:45.645180: Pseudo dice [np.float32(0.9257), np.float32(0.7644), np.float32(0.0)]
2025-11-14 18:29:45.645291: Epoch time: 251.57 s
2025-11-14 18:29:46.710460: 
2025-11-14 18:29:46.710751: Epoch 243
2025-11-14 18:29:46.710888: Current learning rate: 0.00778
2025-11-14 18:33:58.889791: train_loss -0.6377
2025-11-14 18:33:58.890147: val_loss -0.6
2025-11-14 18:33:58.890267: Pseudo dice [np.float32(0.9075), np.float32(0.7543), np.float32(0.0)]
2025-11-14 18:33:58.890381: Epoch time: 252.18 s
2025-11-14 18:33:59.977459: 
2025-11-14 18:33:59.977720: Epoch 244
2025-11-14 18:33:59.977941: Current learning rate: 0.00777
2025-11-14 18:38:11.813655: train_loss -0.6405
2025-11-14 18:38:11.813935: val_loss -0.6279
2025-11-14 18:38:11.814039: Pseudo dice [np.float32(0.9199), np.float32(0.7659), np.float32(0.0)]
2025-11-14 18:38:11.814143: Epoch time: 251.84 s
2025-11-14 18:38:12.889819: 
2025-11-14 18:38:12.890028: Epoch 245
2025-11-14 18:38:12.890188: Current learning rate: 0.00777
2025-11-14 18:42:24.680412: train_loss -0.6286
2025-11-14 18:42:24.680677: val_loss -0.6393
2025-11-14 18:42:24.680783: Pseudo dice [np.float32(0.9117), np.float32(0.7665), np.float32(0.0)]
2025-11-14 18:42:24.680885: Epoch time: 251.79 s
2025-11-14 18:42:25.757229: 
2025-11-14 18:42:25.757462: Epoch 246
2025-11-14 18:42:25.757588: Current learning rate: 0.00776
2025-11-14 18:46:37.729607: train_loss -0.6324
2025-11-14 18:46:37.729882: val_loss -0.6287
2025-11-14 18:46:37.729984: Pseudo dice [np.float32(0.9273), np.float32(0.7548), np.float32(0.0)]
2025-11-14 18:46:37.730086: Epoch time: 251.97 s
2025-11-14 18:46:38.803116: 
2025-11-14 18:46:38.803339: Epoch 247
2025-11-14 18:46:38.803522: Current learning rate: 0.00775
2025-11-14 18:50:50.495627: train_loss -0.6267
2025-11-14 18:50:50.495893: val_loss -0.6141
2025-11-14 18:50:50.495996: Pseudo dice [np.float32(0.9172), np.float32(0.7634), np.float32(0.0)]
2025-11-14 18:50:50.496099: Epoch time: 251.69 s
2025-11-14 18:50:51.579053: 
2025-11-14 18:50:51.579255: Epoch 248
2025-11-14 18:50:51.579389: Current learning rate: 0.00774
2025-11-14 18:55:03.049130: train_loss -0.6366
2025-11-14 18:55:03.049403: val_loss -0.6082
2025-11-14 18:55:03.049543: Pseudo dice [np.float32(0.9168), np.float32(0.7688), np.float32(0.0)]
2025-11-14 18:55:03.049687: Epoch time: 251.47 s
2025-11-14 18:55:04.056103: 
2025-11-14 18:55:04.056314: Epoch 249
2025-11-14 18:55:04.056437: Current learning rate: 0.00773
2025-11-14 18:59:15.575993: train_loss -0.6391
2025-11-14 18:59:15.576259: val_loss -0.6425
2025-11-14 18:59:15.576368: Pseudo dice [np.float32(0.9173), np.float32(0.7722), np.float32(0.0)]
2025-11-14 18:59:15.576467: Epoch time: 251.52 s
2025-11-14 18:59:16.993844: 
2025-11-14 18:59:16.994058: Epoch 250
2025-11-14 18:59:16.994191: Current learning rate: 0.00772
2025-11-14 19:03:28.895607: train_loss -0.6396
2025-11-14 19:03:28.895873: val_loss -0.6663
2025-11-14 19:03:28.895972: Pseudo dice [np.float32(0.9239), np.float32(0.7751), np.float32(0.0)]
2025-11-14 19:03:28.896073: Epoch time: 251.9 s
2025-11-14 19:03:29.977653: 
2025-11-14 19:03:29.977864: Epoch 251
2025-11-14 19:03:29.977999: Current learning rate: 0.00771
2025-11-14 19:07:41.629006: train_loss -0.6302
2025-11-14 19:07:41.629315: val_loss -0.5984
2025-11-14 19:07:41.629419: Pseudo dice [np.float32(0.9142), np.float32(0.7494), np.float32(0.0)]
2025-11-14 19:07:41.629525: Epoch time: 251.65 s
2025-11-14 19:07:42.704596: 
2025-11-14 19:07:42.704864: Epoch 252
2025-11-14 19:07:42.704988: Current learning rate: 0.0077
2025-11-14 19:11:54.631288: train_loss -0.6283
2025-11-14 19:11:54.631576: val_loss -0.6091
2025-11-14 19:11:54.631688: Pseudo dice [np.float32(0.9097), np.float32(0.7717), np.float32(0.0)]
2025-11-14 19:11:54.631794: Epoch time: 251.93 s
2025-11-14 19:11:55.707558: 
2025-11-14 19:11:55.707768: Epoch 253
2025-11-14 19:11:55.707956: Current learning rate: 0.00769
2025-11-14 19:16:07.611813: train_loss -0.6183
2025-11-14 19:16:07.612092: val_loss -0.6383
2025-11-14 19:16:07.612193: Pseudo dice [np.float32(0.9169), np.float32(0.7677), np.float32(0.0)]
2025-11-14 19:16:07.612301: Epoch time: 251.91 s
2025-11-14 19:16:08.695376: 
2025-11-14 19:16:08.695756: Epoch 254
2025-11-14 19:16:08.696033: Current learning rate: 0.00768
2025-11-14 19:20:20.410879: train_loss -0.632
2025-11-14 19:20:20.411154: val_loss -0.6373
2025-11-14 19:20:20.411254: Pseudo dice [np.float32(0.9127), np.float32(0.7717), np.float32(0.0)]
2025-11-14 19:20:20.411363: Epoch time: 251.72 s
2025-11-14 19:20:21.889506: 
2025-11-14 19:20:21.889843: Epoch 255
2025-11-14 19:20:21.889985: Current learning rate: 0.00767
2025-11-14 19:24:33.227054: train_loss -0.6344
2025-11-14 19:24:33.227339: val_loss -0.6506
2025-11-14 19:24:33.227440: Pseudo dice [np.float32(0.9119), np.float32(0.7641), np.float32(0.0)]
2025-11-14 19:24:33.227541: Epoch time: 251.34 s
2025-11-14 19:24:34.309818: 
2025-11-14 19:24:34.310112: Epoch 256
2025-11-14 19:24:34.310238: Current learning rate: 0.00766
2025-11-14 19:28:46.240403: train_loss -0.6292
2025-11-14 19:28:46.240655: val_loss -0.6479
2025-11-14 19:28:46.240754: Pseudo dice [np.float32(0.9164), np.float32(0.7597), np.float32(0.0)]
2025-11-14 19:28:46.240881: Epoch time: 251.93 s
2025-11-14 19:28:47.309797: 
2025-11-14 19:28:47.310025: Epoch 257
2025-11-14 19:28:47.310158: Current learning rate: 0.00765
2025-11-14 19:32:59.064198: train_loss -0.6319
2025-11-14 19:32:59.064473: val_loss -0.6353
2025-11-14 19:32:59.064581: Pseudo dice [np.float32(0.9129), np.float32(0.7662), np.float32(0.0)]
2025-11-14 19:32:59.064685: Epoch time: 251.76 s
2025-11-14 19:33:00.136612: 
2025-11-14 19:33:00.136835: Epoch 258
2025-11-14 19:33:00.136950: Current learning rate: 0.00764
2025-11-14 19:37:12.310065: train_loss -0.6315
2025-11-14 19:37:12.310346: val_loss -0.6257
2025-11-14 19:37:12.310453: Pseudo dice [np.float32(0.9267), np.float32(0.7534), np.float32(0.0)]
2025-11-14 19:37:12.310557: Epoch time: 252.17 s
2025-11-14 19:37:13.388973: 
2025-11-14 19:37:13.389299: Epoch 259
2025-11-14 19:37:13.389513: Current learning rate: 0.00764
2025-11-14 19:41:25.435902: train_loss -0.6372
2025-11-14 19:41:25.436179: val_loss -0.6319
2025-11-14 19:41:25.436291: Pseudo dice [np.float32(0.9138), np.float32(0.7725), np.float32(0.0)]
2025-11-14 19:41:25.436392: Epoch time: 252.05 s
2025-11-14 19:41:26.506443: 
2025-11-14 19:41:26.506653: Epoch 260
2025-11-14 19:41:26.506778: Current learning rate: 0.00763
2025-11-14 19:45:38.130265: train_loss -0.6398
2025-11-14 19:45:38.130562: val_loss -0.6252
2025-11-14 19:45:38.130669: Pseudo dice [np.float32(0.915), np.float32(0.7684), np.float32(0.0)]
2025-11-14 19:45:38.130772: Epoch time: 251.62 s
2025-11-14 19:45:39.194836: 
2025-11-14 19:45:39.195137: Epoch 261
2025-11-14 19:45:39.195294: Current learning rate: 0.00762
2025-11-14 19:49:51.248456: train_loss -0.6297
2025-11-14 19:49:51.248715: val_loss -0.6616
2025-11-14 19:49:51.248813: Pseudo dice [np.float32(0.9148), np.float32(0.7763), np.float32(0.0)]
2025-11-14 19:49:51.248912: Epoch time: 252.05 s
2025-11-14 19:49:52.328475: 
2025-11-14 19:49:52.328736: Epoch 262
2025-11-14 19:49:52.328873: Current learning rate: 0.00761
2025-11-14 19:54:03.827911: train_loss -0.622
2025-11-14 19:54:03.828176: val_loss -0.6483
2025-11-14 19:54:03.828288: Pseudo dice [np.float32(0.9168), np.float32(0.762), np.float32(0.0)]
2025-11-14 19:54:03.828392: Epoch time: 251.5 s
2025-11-14 19:54:04.913291: 
2025-11-14 19:54:04.913598: Epoch 263
2025-11-14 19:54:04.913762: Current learning rate: 0.0076
2025-11-14 19:58:16.793424: train_loss -0.6258
2025-11-14 19:58:16.793682: val_loss -0.6433
2025-11-14 19:58:16.793772: Pseudo dice [np.float32(0.9078), np.float32(0.7632), np.float32(0.0)]
2025-11-14 19:58:16.793867: Epoch time: 251.88 s
2025-11-14 19:58:17.869818: 
2025-11-14 19:58:17.870027: Epoch 264
2025-11-14 19:58:17.870149: Current learning rate: 0.00759
2025-11-14 20:02:29.530004: train_loss -0.6417
2025-11-14 20:02:29.530281: val_loss -0.6123
2025-11-14 20:02:29.530385: Pseudo dice [np.float32(0.9188), np.float32(0.762), np.float32(0.0)]
2025-11-14 20:02:29.530487: Epoch time: 251.66 s
2025-11-14 20:02:30.597844: 
2025-11-14 20:02:30.598150: Epoch 265
2025-11-14 20:02:30.598295: Current learning rate: 0.00758
2025-11-14 20:06:42.130598: train_loss -0.6414
2025-11-14 20:06:42.130866: val_loss -0.6332
2025-11-14 20:06:42.130976: Pseudo dice [np.float32(0.9155), np.float32(0.7724), np.float32(0.0)]
2025-11-14 20:06:42.131084: Epoch time: 251.53 s
2025-11-14 20:06:43.203628: 
2025-11-14 20:06:43.203822: Epoch 266
2025-11-14 20:06:43.203946: Current learning rate: 0.00757
2025-11-14 20:10:55.034608: train_loss -0.6741
2025-11-14 20:10:55.034870: val_loss -0.6578
2025-11-14 20:10:55.034971: Pseudo dice [np.float32(0.9116), np.float32(0.7597), np.float32(0.0)]
2025-11-14 20:10:55.035073: Epoch time: 251.83 s
2025-11-14 20:10:56.522967: 
2025-11-14 20:10:56.523246: Epoch 267
2025-11-14 20:10:56.523386: Current learning rate: 0.00756
2025-11-14 20:15:08.300731: train_loss -0.6775
2025-11-14 20:15:08.301044: val_loss -0.6603
2025-11-14 20:15:08.301172: Pseudo dice [np.float32(0.9252), np.float32(0.7678), np.float32(0.0)]
2025-11-14 20:15:08.301286: Epoch time: 251.78 s
2025-11-14 20:15:09.378970: 
2025-11-14 20:15:09.379245: Epoch 268
2025-11-14 20:15:09.379374: Current learning rate: 0.00755
2025-11-14 20:19:21.070684: train_loss -0.6545
2025-11-14 20:19:21.070940: val_loss -0.6577
2025-11-14 20:19:21.071043: Pseudo dice [np.float32(0.9156), np.float32(0.7563), np.float32(0.0)]
2025-11-14 20:19:21.071145: Epoch time: 251.69 s
2025-11-14 20:19:22.154591: 
2025-11-14 20:19:22.154814: Epoch 269
2025-11-14 20:19:22.154935: Current learning rate: 0.00754
2025-11-14 20:23:34.011508: train_loss -0.67
2025-11-14 20:23:34.011777: val_loss -0.6685
2025-11-14 20:23:34.011945: Pseudo dice [np.float32(0.9192), np.float32(0.7585), np.float32(0.0)]
2025-11-14 20:23:34.012055: Epoch time: 251.86 s
2025-11-14 20:23:35.015804: 
2025-11-14 20:23:35.016102: Epoch 270
2025-11-14 20:23:35.016229: Current learning rate: 0.00753
2025-11-14 20:27:46.665020: train_loss -0.6723
2025-11-14 20:27:46.665291: val_loss -0.6572
2025-11-14 20:27:46.665395: Pseudo dice [np.float32(0.918), np.float32(0.7468), np.float32(0.0)]
2025-11-14 20:27:46.665553: Epoch time: 251.65 s
2025-11-14 20:27:47.739403: 
2025-11-14 20:27:47.739618: Epoch 271
2025-11-14 20:27:47.739747: Current learning rate: 0.00752
2025-11-14 20:31:59.394852: train_loss -0.669
2025-11-14 20:31:59.395125: val_loss -0.6766
2025-11-14 20:31:59.395230: Pseudo dice [np.float32(0.9209), np.float32(0.775), np.float32(0.0)]
2025-11-14 20:31:59.395342: Epoch time: 251.66 s
2025-11-14 20:32:00.482482: 
2025-11-14 20:32:00.482719: Epoch 272
2025-11-14 20:32:00.482848: Current learning rate: 0.00751
2025-11-14 20:36:12.382627: train_loss -0.6752
2025-11-14 20:36:12.382876: val_loss -0.6753
2025-11-14 20:36:12.382973: Pseudo dice [np.float32(0.9206), np.float32(0.7675), np.float32(0.0)]
2025-11-14 20:36:12.383077: Epoch time: 251.9 s
2025-11-14 20:36:13.475484: 
2025-11-14 20:36:13.475759: Epoch 273
2025-11-14 20:36:13.475894: Current learning rate: 0.00751
2025-11-14 20:40:24.974076: train_loss -0.6626
2025-11-14 20:40:24.974693: val_loss -0.6649
2025-11-14 20:40:24.974866: Pseudo dice [np.float32(0.9134), np.float32(0.7696), np.float32(0.0)]
2025-11-14 20:40:24.974988: Epoch time: 251.5 s
2025-11-14 20:40:26.048165: 
2025-11-14 20:40:26.048375: Epoch 274
2025-11-14 20:40:26.048535: Current learning rate: 0.0075
2025-11-14 20:44:37.655942: train_loss -0.654
2025-11-14 20:44:37.656212: val_loss -0.6907
2025-11-14 20:44:37.656321: Pseudo dice [np.float32(0.9241), np.float32(0.7686), np.float32(0.0)]
2025-11-14 20:44:37.656424: Epoch time: 251.61 s
2025-11-14 20:44:38.728475: 
2025-11-14 20:44:38.728706: Epoch 275
2025-11-14 20:44:38.728833: Current learning rate: 0.00749
2025-11-14 20:48:50.382721: train_loss -0.6695
2025-11-14 20:48:50.382980: val_loss -0.6374
2025-11-14 20:48:50.383073: Pseudo dice [np.float32(0.9214), np.float32(0.7685), np.float32(0.0)]
2025-11-14 20:48:50.383165: Epoch time: 251.66 s
2025-11-14 20:48:51.473390: 
2025-11-14 20:48:51.473609: Epoch 276
2025-11-14 20:48:51.473730: Current learning rate: 0.00748
2025-11-14 20:53:03.045772: train_loss -0.6723
2025-11-14 20:53:03.046042: val_loss -0.6588
2025-11-14 20:53:03.046145: Pseudo dice [np.float32(0.9118), np.float32(0.7568), np.float32(0.0)]
2025-11-14 20:53:03.046248: Epoch time: 251.57 s
2025-11-14 20:53:04.121415: 
2025-11-14 20:53:04.121659: Epoch 277
2025-11-14 20:53:04.121839: Current learning rate: 0.00747
2025-11-14 20:57:15.760075: train_loss -0.6857
2025-11-14 20:57:15.760343: val_loss -0.6732
2025-11-14 20:57:15.760487: Pseudo dice [np.float32(0.9193), np.float32(0.7631), np.float32(0.0)]
2025-11-14 20:57:15.760637: Epoch time: 251.64 s
2025-11-14 20:57:16.840160: 
2025-11-14 20:57:16.840460: Epoch 278
2025-11-14 20:57:16.840587: Current learning rate: 0.00746
2025-11-14 21:01:28.323383: train_loss -0.6667
2025-11-14 21:01:28.323664: val_loss -0.6994
2025-11-14 21:01:28.323765: Pseudo dice [np.float32(0.9291), np.float32(0.7724), np.float32(0.0)]
2025-11-14 21:01:28.323866: Epoch time: 251.48 s
2025-11-14 21:01:29.405719: 
2025-11-14 21:01:29.406011: Epoch 279
2025-11-14 21:01:29.406142: Current learning rate: 0.00745
2025-11-14 21:05:41.179842: train_loss -0.6547
2025-11-14 21:05:41.180112: val_loss -0.6812
2025-11-14 21:05:41.180212: Pseudo dice [np.float32(0.9184), np.float32(0.7723), np.float32(0.0)]
2025-11-14 21:05:41.180321: Epoch time: 251.77 s
2025-11-14 21:05:42.653011: 
2025-11-14 21:05:42.653292: Epoch 280
2025-11-14 21:05:42.653421: Current learning rate: 0.00744
2025-11-14 21:09:54.493436: train_loss -0.6856
2025-11-14 21:09:54.493717: val_loss -0.6483
2025-11-14 21:09:54.493823: Pseudo dice [np.float32(0.9165), np.float32(0.7741), np.float32(0.0)]
2025-11-14 21:09:54.493927: Epoch time: 251.84 s
2025-11-14 21:09:55.561520: 
2025-11-14 21:09:55.561749: Epoch 281
2025-11-14 21:09:55.561917: Current learning rate: 0.00743
2025-11-14 21:14:07.298657: train_loss -0.6604
2025-11-14 21:14:07.298925: val_loss -0.6775
2025-11-14 21:14:07.299025: Pseudo dice [np.float32(0.9223), np.float32(0.7762), np.float32(0.0)]
2025-11-14 21:14:07.299127: Epoch time: 251.74 s
2025-11-14 21:14:08.386769: 
2025-11-14 21:14:08.387079: Epoch 282
2025-11-14 21:14:08.387212: Current learning rate: 0.00742
2025-11-14 21:18:20.092878: train_loss -0.673
2025-11-14 21:18:20.093235: val_loss -0.6679
2025-11-14 21:18:20.093352: Pseudo dice [np.float32(0.9275), np.float32(0.7704), np.float32(0.0)]
2025-11-14 21:18:20.093454: Epoch time: 251.71 s
2025-11-14 21:18:21.176811: 
2025-11-14 21:18:21.177063: Epoch 283
2025-11-14 21:18:21.177238: Current learning rate: 0.00741
2025-11-14 21:22:32.972911: train_loss -0.6862
2025-11-14 21:22:32.973174: val_loss -0.6678
2025-11-14 21:22:32.973279: Pseudo dice [np.float32(0.9087), np.float32(0.7648), np.float32(0.0)]
2025-11-14 21:22:32.973381: Epoch time: 251.8 s
2025-11-14 21:22:34.049329: 
2025-11-14 21:22:34.049560: Epoch 284
2025-11-14 21:22:34.049685: Current learning rate: 0.0074
2025-11-14 21:26:45.534167: train_loss -0.6746
2025-11-14 21:26:45.534444: val_loss -0.6256
2025-11-14 21:26:45.534575: Pseudo dice [np.float32(0.9139), np.float32(0.7557), np.float32(0.0)]
2025-11-14 21:26:45.534679: Epoch time: 251.49 s
2025-11-14 21:26:46.626440: 
2025-11-14 21:26:46.626724: Epoch 285
2025-11-14 21:26:46.626855: Current learning rate: 0.00739
2025-11-14 21:30:58.344101: train_loss -0.6552
2025-11-14 21:30:58.344379: val_loss -0.672
2025-11-14 21:30:58.344485: Pseudo dice [np.float32(0.9195), np.float32(0.7642), np.float32(0.0)]
2025-11-14 21:30:58.344588: Epoch time: 251.72 s
2025-11-14 21:30:59.425178: 
2025-11-14 21:30:59.425396: Epoch 286
2025-11-14 21:30:59.425528: Current learning rate: 0.00738
2025-11-14 21:35:11.114978: train_loss -0.6532
2025-11-14 21:35:11.115255: val_loss -0.6641
2025-11-14 21:35:11.115364: Pseudo dice [np.float32(0.9272), np.float32(0.7711), np.float32(0.0)]
2025-11-14 21:35:11.115467: Epoch time: 251.69 s
2025-11-14 21:35:12.206719: 
2025-11-14 21:35:12.207058: Epoch 287
2025-11-14 21:35:12.207310: Current learning rate: 0.00738
2025-11-14 21:39:23.802166: train_loss -0.6696
2025-11-14 21:39:23.802445: val_loss -0.6641
2025-11-14 21:39:23.802575: Pseudo dice [np.float32(0.9309), np.float32(0.7741), np.float32(0.0)]
2025-11-14 21:39:23.802677: Epoch time: 251.6 s
2025-11-14 21:39:24.901293: 
2025-11-14 21:39:24.901517: Epoch 288
2025-11-14 21:39:24.901644: Current learning rate: 0.00737
2025-11-14 21:43:36.988038: train_loss -0.6695
2025-11-14 21:43:36.988398: val_loss -0.6603
2025-11-14 21:43:36.988519: Pseudo dice [np.float32(0.9274), np.float32(0.7638), np.float32(0.0)]
2025-11-14 21:43:36.988652: Epoch time: 252.09 s
2025-11-14 21:43:38.078699: 
2025-11-14 21:43:38.078903: Epoch 289
2025-11-14 21:43:38.079031: Current learning rate: 0.00736
2025-11-14 21:47:49.553571: train_loss -0.6861
2025-11-14 21:47:49.553993: val_loss -0.672
2025-11-14 21:47:49.554220: Pseudo dice [np.float32(0.9193), np.float32(0.7626), np.float32(0.0)]
2025-11-14 21:47:49.554425: Epoch time: 251.48 s
2025-11-14 21:47:50.647471: 
2025-11-14 21:47:50.647656: Epoch 290
2025-11-14 21:47:50.647776: Current learning rate: 0.00735
2025-11-14 21:52:02.397315: train_loss -0.6786
2025-11-14 21:52:02.397564: val_loss -0.6902
2025-11-14 21:52:02.397666: Pseudo dice [np.float32(0.9218), np.float32(0.7734), np.float32(0.0)]
2025-11-14 21:52:02.397767: Epoch time: 251.75 s
2025-11-14 21:52:03.488190: 
2025-11-14 21:52:03.488442: Epoch 291
2025-11-14 21:52:03.488577: Current learning rate: 0.00734
2025-11-14 21:56:15.429627: train_loss -0.6691
2025-11-14 21:56:15.429889: val_loss -0.6853
2025-11-14 21:56:15.429994: Pseudo dice [np.float32(0.9133), np.float32(0.769), np.float32(0.0)]
2025-11-14 21:56:15.430094: Epoch time: 251.94 s
2025-11-14 21:56:16.902303: 
2025-11-14 21:56:16.902686: Epoch 292
2025-11-14 21:56:16.902883: Current learning rate: 0.00733
2025-11-14 22:00:28.617483: train_loss -0.6582
2025-11-14 22:00:28.617809: val_loss -0.6447
2025-11-14 22:00:28.617912: Pseudo dice [np.float32(0.9259), np.float32(0.7507), np.float32(0.0)]
2025-11-14 22:00:28.618013: Epoch time: 251.72 s
2025-11-14 22:00:29.685955: 
2025-11-14 22:00:29.686210: Epoch 293
2025-11-14 22:00:29.686343: Current learning rate: 0.00732
2025-11-14 22:04:41.444322: train_loss -0.6685
2025-11-14 22:04:41.444583: val_loss -0.6666
2025-11-14 22:04:41.444685: Pseudo dice [np.float32(0.9104), np.float32(0.7673), np.float32(0.0)]
2025-11-14 22:04:41.444788: Epoch time: 251.76 s
2025-11-14 22:04:42.515961: 
2025-11-14 22:04:42.516181: Epoch 294
2025-11-14 22:04:42.516307: Current learning rate: 0.00731
2025-11-14 22:08:54.027521: train_loss -0.6776
2025-11-14 22:08:54.027878: val_loss -0.6634
2025-11-14 22:08:54.027985: Pseudo dice [np.float32(0.9125), np.float32(0.7645), np.float32(0.0)]
2025-11-14 22:08:54.028088: Epoch time: 251.51 s
2025-11-14 22:08:55.122531: 
2025-11-14 22:08:55.122746: Epoch 295
2025-11-14 22:08:55.122870: Current learning rate: 0.0073
2025-11-14 22:13:07.059922: train_loss -0.6652
2025-11-14 22:13:07.060182: val_loss -0.6786
2025-11-14 22:13:07.060291: Pseudo dice [np.float32(0.9171), np.float32(0.7735), np.float32(0.0)]
2025-11-14 22:13:07.060394: Epoch time: 251.94 s
2025-11-14 22:13:08.140900: 
2025-11-14 22:13:08.141264: Epoch 296
2025-11-14 22:13:08.141410: Current learning rate: 0.00729
2025-11-14 22:17:19.635857: train_loss -0.6729
2025-11-14 22:17:19.636103: val_loss -0.6538
2025-11-14 22:17:19.636204: Pseudo dice [np.float32(0.9299), np.float32(0.783), np.float32(0.0)]
2025-11-14 22:17:19.636316: Epoch time: 251.5 s
2025-11-14 22:17:20.744636: 
2025-11-14 22:17:20.744902: Epoch 297
2025-11-14 22:17:20.745070: Current learning rate: 0.00728
2025-11-14 22:21:32.525195: train_loss -0.6928
2025-11-14 22:21:32.525466: val_loss -0.6441
2025-11-14 22:21:32.525574: Pseudo dice [np.float32(0.9194), np.float32(0.7665), np.float32(0.0)]
2025-11-14 22:21:32.525744: Epoch time: 251.78 s
2025-11-14 22:21:33.621240: 
2025-11-14 22:21:33.621550: Epoch 298
2025-11-14 22:21:33.621683: Current learning rate: 0.00727
2025-11-14 22:25:45.593675: train_loss -0.6612
2025-11-14 22:25:45.593959: val_loss -0.6409
2025-11-14 22:25:45.594063: Pseudo dice [np.float32(0.9129), np.float32(0.7638), np.float32(0.0)]
2025-11-14 22:25:45.594167: Epoch time: 251.97 s
2025-11-14 22:25:46.606511: 
2025-11-14 22:25:46.606736: Epoch 299
2025-11-14 22:25:46.606863: Current learning rate: 0.00726
2025-11-14 22:29:58.122774: train_loss -0.6696
2025-11-14 22:29:58.123032: val_loss -0.6549
2025-11-14 22:29:58.123126: Pseudo dice [np.float32(0.9277), np.float32(0.7707), np.float32(0.0)]
2025-11-14 22:29:58.123221: Epoch time: 251.52 s
2025-11-14 22:29:59.513346: 
2025-11-14 22:29:59.513630: Epoch 300
2025-11-14 22:29:59.513763: Current learning rate: 0.00725
2025-11-14 22:34:11.091629: train_loss -0.664
2025-11-14 22:34:11.091904: val_loss -0.6257
2025-11-14 22:34:11.092007: Pseudo dice [np.float32(0.9124), np.float32(0.7751), np.float32(0.0)]
2025-11-14 22:34:11.092109: Epoch time: 251.58 s
2025-11-14 22:34:12.170337: 
2025-11-14 22:34:12.170547: Epoch 301
2025-11-14 22:34:12.170671: Current learning rate: 0.00724
2025-11-14 22:38:23.992130: train_loss -0.6781
2025-11-14 22:38:23.992398: val_loss -0.6214
2025-11-14 22:38:23.992530: Pseudo dice [np.float32(0.9208), np.float32(0.7714), np.float32(0.0)]
2025-11-14 22:38:23.992711: Epoch time: 251.82 s
2025-11-14 22:38:25.080321: 
2025-11-14 22:38:25.080586: Epoch 302
2025-11-14 22:38:25.080731: Current learning rate: 0.00724
2025-11-14 22:42:36.885919: train_loss -0.6818
2025-11-14 22:42:36.886187: val_loss -0.6372
2025-11-14 22:42:36.886293: Pseudo dice [np.float32(0.9149), np.float32(0.7695), np.float32(0.0)]
2025-11-14 22:42:36.886396: Epoch time: 251.81 s
2025-11-14 22:42:37.972762: 
2025-11-14 22:42:37.973002: Epoch 303
2025-11-14 22:42:37.973143: Current learning rate: 0.00723
2025-11-14 22:46:49.612247: train_loss -0.6733
2025-11-14 22:46:49.612538: val_loss -0.6515
2025-11-14 22:46:49.612682: Pseudo dice [np.float32(0.9117), np.float32(0.7721), np.float32(0.0)]
2025-11-14 22:46:49.612798: Epoch time: 251.64 s
2025-11-14 22:46:51.107751: 
2025-11-14 22:46:51.108112: Epoch 304
2025-11-14 22:46:51.108269: Current learning rate: 0.00722
2025-11-14 22:51:03.101560: train_loss -0.6637
2025-11-14 22:51:03.101813: val_loss -0.6871
2025-11-14 22:51:03.101908: Pseudo dice [np.float32(0.917), np.float32(0.7632), np.float32(0.0)]
2025-11-14 22:51:03.101999: Epoch time: 251.99 s
2025-11-14 22:51:04.190561: 
2025-11-14 22:51:04.190855: Epoch 305
2025-11-14 22:51:04.190981: Current learning rate: 0.00721
2025-11-14 22:55:15.790443: train_loss -0.6821
2025-11-14 22:55:15.790717: val_loss -0.6399
2025-11-14 22:55:15.790818: Pseudo dice [np.float32(0.9119), np.float32(0.7698), np.float32(0.0)]
2025-11-14 22:55:15.790920: Epoch time: 251.6 s
2025-11-14 22:55:16.866997: 
2025-11-14 22:55:16.867208: Epoch 306
2025-11-14 22:55:16.867329: Current learning rate: 0.0072
2025-11-14 22:59:28.473841: train_loss -0.6859
2025-11-14 22:59:28.474105: val_loss -0.6469
2025-11-14 22:59:28.474206: Pseudo dice [np.float32(0.9234), np.float32(0.7763), np.float32(0.0)]
2025-11-14 22:59:28.474314: Epoch time: 251.61 s
2025-11-14 22:59:29.561023: 
2025-11-14 22:59:29.561319: Epoch 307
2025-11-14 22:59:29.561471: Current learning rate: 0.00719
2025-11-14 23:03:41.099860: train_loss -0.6679
2025-11-14 23:03:41.100117: val_loss -0.6355
2025-11-14 23:03:41.100219: Pseudo dice [np.float32(0.9266), np.float32(0.7679), np.float32(0.0)]
2025-11-14 23:03:41.100329: Epoch time: 251.54 s
2025-11-14 23:03:42.197929: 
2025-11-14 23:03:42.198200: Epoch 308
2025-11-14 23:03:42.198345: Current learning rate: 0.00718
2025-11-14 23:07:53.518304: train_loss -0.6829
2025-11-14 23:07:53.518567: val_loss -0.639
2025-11-14 23:07:53.518668: Pseudo dice [np.float32(0.9285), np.float32(0.7738), np.float32(0.0)]
2025-11-14 23:07:53.518771: Epoch time: 251.32 s
2025-11-14 23:07:54.607231: 
2025-11-14 23:07:54.607449: Epoch 309
2025-11-14 23:07:54.607569: Current learning rate: 0.00717
2025-11-14 23:12:06.307329: train_loss -0.6607
2025-11-14 23:12:06.307595: val_loss -0.6645
2025-11-14 23:12:06.307699: Pseudo dice [np.float32(0.9241), np.float32(0.7814), np.float32(0.0)]
2025-11-14 23:12:06.307823: Epoch time: 251.7 s
2025-11-14 23:12:07.394694: 
2025-11-14 23:12:07.394897: Epoch 310
2025-11-14 23:12:07.395028: Current learning rate: 0.00716
2025-11-14 23:16:19.156983: train_loss -0.6702
2025-11-14 23:16:19.157254: val_loss -0.6684
2025-11-14 23:16:19.157369: Pseudo dice [np.float32(0.9181), np.float32(0.7623), np.float32(0.0)]
2025-11-14 23:16:19.157479: Epoch time: 251.76 s
2025-11-14 23:16:20.235783: 
2025-11-14 23:16:20.235970: Epoch 311
2025-11-14 23:16:20.236099: Current learning rate: 0.00715
2025-11-14 23:20:31.956266: train_loss -0.6732
2025-11-14 23:20:31.956535: val_loss -0.6908
2025-11-14 23:20:31.956634: Pseudo dice [np.float32(0.929), np.float32(0.7668), np.float32(0.0)]
2025-11-14 23:20:31.956735: Epoch time: 251.72 s
2025-11-14 23:20:33.036920: 
2025-11-14 23:20:33.037136: Epoch 312
2025-11-14 23:20:33.037260: Current learning rate: 0.00714
2025-11-14 23:24:44.604662: train_loss -0.6858
2025-11-14 23:24:44.604931: val_loss -0.6788
2025-11-14 23:24:44.605057: Pseudo dice [np.float32(0.916), np.float32(0.7685), np.float32(0.0)]
2025-11-14 23:24:44.605161: Epoch time: 251.57 s
2025-11-14 23:24:45.700365: 
2025-11-14 23:24:45.700605: Epoch 313
2025-11-14 23:24:45.700736: Current learning rate: 0.00713
2025-11-14 23:28:57.223532: train_loss -0.6599
2025-11-14 23:28:57.223798: val_loss -0.6954
2025-11-14 23:28:57.223902: Pseudo dice [np.float32(0.9217), np.float32(0.7705), np.float32(0.0)]
2025-11-14 23:28:57.224004: Epoch time: 251.52 s
2025-11-14 23:28:58.311710: 
2025-11-14 23:28:58.311969: Epoch 314
2025-11-14 23:28:58.312092: Current learning rate: 0.00712
2025-11-14 23:33:10.234927: train_loss -0.6684
2025-11-14 23:33:10.235181: val_loss -0.6451
2025-11-14 23:33:10.235290: Pseudo dice [np.float32(0.925), np.float32(0.7487), np.float32(0.0)]
2025-11-14 23:33:10.235408: Epoch time: 251.92 s
2025-11-14 23:33:11.318376: 
2025-11-14 23:33:11.318558: Epoch 315
2025-11-14 23:33:11.318677: Current learning rate: 0.00711
2025-11-14 23:37:23.018046: train_loss -0.687
2025-11-14 23:37:23.018342: val_loss -0.6459
2025-11-14 23:37:23.018454: Pseudo dice [np.float32(0.9253), np.float32(0.7722), np.float32(0.0)]
2025-11-14 23:37:23.018553: Epoch time: 251.7 s
2025-11-14 23:37:24.505071: 
2025-11-14 23:37:24.505390: Epoch 316
2025-11-14 23:37:24.505522: Current learning rate: 0.0071
2025-11-14 23:41:36.297732: train_loss -0.6831
2025-11-14 23:41:36.298057: val_loss -0.6524
2025-11-14 23:41:36.298164: Pseudo dice [np.float32(0.914), np.float32(0.7694), np.float32(0.0)]
2025-11-14 23:41:36.298266: Epoch time: 251.79 s
2025-11-14 23:41:37.384256: 
2025-11-14 23:41:37.384477: Epoch 317
2025-11-14 23:41:37.384640: Current learning rate: 0.0071
2025-11-14 23:45:49.150231: train_loss -0.6813
2025-11-14 23:45:49.150512: val_loss -0.6887
2025-11-14 23:45:49.150615: Pseudo dice [np.float32(0.9311), np.float32(0.7604), np.float32(0.0)]
2025-11-14 23:45:49.150716: Epoch time: 251.77 s
2025-11-14 23:45:50.226975: 
2025-11-14 23:45:50.227293: Epoch 318
2025-11-14 23:45:50.227459: Current learning rate: 0.00709
2025-11-14 23:50:01.860855: train_loss -0.6774
2025-11-14 23:50:01.861151: val_loss -0.6134
2025-11-14 23:50:01.861265: Pseudo dice [np.float32(0.9198), np.float32(0.7697), np.float32(0.0)]
2025-11-14 23:50:01.861377: Epoch time: 251.63 s
2025-11-14 23:50:02.964368: 
2025-11-14 23:50:02.964594: Epoch 319
2025-11-14 23:50:02.964722: Current learning rate: 0.00708
2025-11-14 23:54:14.757933: train_loss -0.6855
2025-11-14 23:54:14.758197: val_loss -0.6632
2025-11-14 23:54:14.758309: Pseudo dice [np.float32(0.9118), np.float32(0.7713), np.float32(0.0)]
2025-11-14 23:54:14.758424: Epoch time: 251.79 s
2025-11-14 23:54:15.785185: 
2025-11-14 23:54:15.785423: Epoch 320
2025-11-14 23:54:15.785544: Current learning rate: 0.00707
2025-11-14 23:58:27.465005: train_loss -0.6713
2025-11-14 23:58:27.465283: val_loss -0.6929
2025-11-14 23:58:27.465388: Pseudo dice [np.float32(0.932), np.float32(0.7701), np.float32(0.0)]
2025-11-14 23:58:27.465490: Epoch time: 251.68 s
2025-11-14 23:58:28.554509: 
2025-11-14 23:58:28.554805: Epoch 321
2025-11-14 23:58:28.554988: Current learning rate: 0.00706
2025-11-15 00:02:40.052462: train_loss -0.6576
2025-11-15 00:02:40.052749: val_loss -0.6433
2025-11-15 00:02:40.052849: Pseudo dice [np.float32(0.9175), np.float32(0.7726), np.float32(0.0)]
2025-11-15 00:02:40.052948: Epoch time: 251.5 s
2025-11-15 00:02:41.141363: 
2025-11-15 00:02:41.141624: Epoch 322
2025-11-15 00:02:41.141804: Current learning rate: 0.00705
2025-11-15 00:06:53.039885: train_loss -0.6775
2025-11-15 00:06:53.040141: val_loss -0.6803
2025-11-15 00:06:53.040245: Pseudo dice [np.float32(0.9225), np.float32(0.7708), np.float32(0.0)]
2025-11-15 00:06:53.040356: Epoch time: 251.9 s
2025-11-15 00:06:54.128260: 
2025-11-15 00:06:54.128528: Epoch 323
2025-11-15 00:06:54.128666: Current learning rate: 0.00704
2025-11-15 00:11:05.821429: train_loss -0.6889
2025-11-15 00:11:05.821678: val_loss -0.6266
2025-11-15 00:11:05.821778: Pseudo dice [np.float32(0.9124), np.float32(0.7706), np.float32(0.0)]
2025-11-15 00:11:05.821878: Epoch time: 251.69 s
2025-11-15 00:11:06.915538: 
2025-11-15 00:11:06.919111: Epoch 324
2025-11-15 00:11:06.919277: Current learning rate: 0.00703
2025-11-15 00:15:18.501810: train_loss -0.661
2025-11-15 00:15:18.502082: val_loss -0.7061
2025-11-15 00:15:18.502183: Pseudo dice [np.float32(0.9277), np.float32(0.778), np.float32(0.0)]
2025-11-15 00:15:18.502289: Epoch time: 251.59 s
2025-11-15 00:15:19.598345: 
2025-11-15 00:15:19.598544: Epoch 325
2025-11-15 00:15:19.598669: Current learning rate: 0.00702
2025-11-15 00:19:31.076999: train_loss -0.6674
2025-11-15 00:19:31.077262: val_loss -0.7053
2025-11-15 00:19:31.077376: Pseudo dice [np.float32(0.9134), np.float32(0.7678), np.float32(0.0)]
2025-11-15 00:19:31.077479: Epoch time: 251.48 s
2025-11-15 00:19:32.166004: 
2025-11-15 00:19:32.166261: Epoch 326
2025-11-15 00:19:32.166397: Current learning rate: 0.00701
2025-11-15 00:23:44.185303: train_loss -0.6774
2025-11-15 00:23:44.185574: val_loss -0.7032
2025-11-15 00:23:44.185677: Pseudo dice [np.float32(0.9239), np.float32(0.7728), np.float32(0.0)]
2025-11-15 00:23:44.185779: Epoch time: 252.02 s
2025-11-15 00:23:45.270929: 
2025-11-15 00:23:45.271163: Epoch 327
2025-11-15 00:23:45.271318: Current learning rate: 0.007
2025-11-15 00:27:56.900018: train_loss -0.673
2025-11-15 00:27:56.900287: val_loss -0.6451
2025-11-15 00:27:56.900391: Pseudo dice [np.float32(0.9155), np.float32(0.7613), np.float32(0.0)]
2025-11-15 00:27:56.900495: Epoch time: 251.63 s
2025-11-15 00:27:58.364944: 
2025-11-15 00:27:58.365182: Epoch 328
2025-11-15 00:27:58.365329: Current learning rate: 0.00699
2025-11-15 00:32:10.242562: train_loss -0.6842
2025-11-15 00:32:10.242831: val_loss -0.638
2025-11-15 00:32:10.242931: Pseudo dice [np.float32(0.9164), np.float32(0.7671), np.float32(0.0)]
2025-11-15 00:32:10.243030: Epoch time: 251.88 s
2025-11-15 00:32:11.325168: 
2025-11-15 00:32:11.325401: Epoch 329
2025-11-15 00:32:11.325554: Current learning rate: 0.00698
2025-11-15 00:36:23.006774: train_loss -0.6833
2025-11-15 00:36:23.007049: val_loss -0.6956
2025-11-15 00:36:23.007154: Pseudo dice [np.float32(0.918), np.float32(0.7596), np.float32(0.0)]
2025-11-15 00:36:23.007289: Epoch time: 251.68 s
2025-11-15 00:36:24.090840: 
2025-11-15 00:36:24.091095: Epoch 330
2025-11-15 00:36:24.091219: Current learning rate: 0.00697
2025-11-15 00:40:35.820704: train_loss -0.6771
2025-11-15 00:40:35.820971: val_loss -0.6697
2025-11-15 00:40:35.821072: Pseudo dice [np.float32(0.9224), np.float32(0.7747), np.float32(0.0)]
2025-11-15 00:40:35.821173: Epoch time: 251.73 s
2025-11-15 00:40:36.912267: 
2025-11-15 00:40:36.912580: Epoch 331
2025-11-15 00:40:36.912712: Current learning rate: 0.00696
2025-11-15 00:44:48.913367: train_loss -0.6771
2025-11-15 00:44:48.913627: val_loss -0.642
2025-11-15 00:44:48.913728: Pseudo dice [np.float32(0.906), np.float32(0.7577), np.float32(0.0)]
2025-11-15 00:44:48.913826: Epoch time: 252.0 s
2025-11-15 00:44:50.013589: 
2025-11-15 00:44:50.013801: Epoch 332
2025-11-15 00:44:50.013926: Current learning rate: 0.00696
2025-11-15 00:49:01.772889: train_loss -0.6441
2025-11-15 00:49:01.773210: val_loss -0.6765
2025-11-15 00:49:01.773323: Pseudo dice [np.float32(0.9217), np.float32(0.7653), np.float32(0.0)]
2025-11-15 00:49:01.773425: Epoch time: 251.76 s
2025-11-15 00:49:02.864574: 
2025-11-15 00:49:02.864842: Epoch 333
2025-11-15 00:49:02.864969: Current learning rate: 0.00695
2025-11-15 00:53:14.503202: train_loss -0.6672
2025-11-15 00:53:14.503533: val_loss -0.66
2025-11-15 00:53:14.503657: Pseudo dice [np.float32(0.9131), np.float32(0.7602), np.float32(0.0)]
2025-11-15 00:53:14.503762: Epoch time: 251.64 s
2025-11-15 00:53:15.598964: 
2025-11-15 00:53:15.599302: Epoch 334
2025-11-15 00:53:15.599423: Current learning rate: 0.00694
2025-11-15 00:57:27.460541: train_loss -0.6734
2025-11-15 00:57:27.460807: val_loss -0.6689
2025-11-15 00:57:27.460913: Pseudo dice [np.float32(0.9231), np.float32(0.7604), np.float32(0.0)]
2025-11-15 00:57:27.461018: Epoch time: 251.86 s
2025-11-15 00:57:28.563328: 
2025-11-15 00:57:28.563539: Epoch 335
2025-11-15 00:57:28.563652: Current learning rate: 0.00693
2025-11-15 01:01:40.257541: train_loss -0.6725
2025-11-15 01:01:40.257806: val_loss -0.6485
2025-11-15 01:01:40.257905: Pseudo dice [np.float32(0.9213), np.float32(0.7643), np.float32(0.0)]
2025-11-15 01:01:40.258005: Epoch time: 251.7 s
2025-11-15 01:01:41.360514: 
2025-11-15 01:01:41.360794: Epoch 336
2025-11-15 01:01:41.360921: Current learning rate: 0.00692
2025-11-15 01:05:53.080772: train_loss -0.6752
2025-11-15 01:05:53.081042: val_loss -0.6546
2025-11-15 01:05:53.081144: Pseudo dice [np.float32(0.9151), np.float32(0.7641), np.float32(0.0)]
2025-11-15 01:05:53.081246: Epoch time: 251.72 s
2025-11-15 01:05:54.177051: 
2025-11-15 01:05:54.177326: Epoch 337
2025-11-15 01:05:54.177454: Current learning rate: 0.00691
2025-11-15 01:10:05.983408: train_loss -0.6804
2025-11-15 01:10:05.983660: val_loss -0.659
2025-11-15 01:10:05.983811: Pseudo dice [np.float32(0.9218), np.float32(0.7616), np.float32(0.0)]
2025-11-15 01:10:05.983918: Epoch time: 251.81 s
2025-11-15 01:10:07.088137: 
2025-11-15 01:10:07.088394: Epoch 338
2025-11-15 01:10:07.088555: Current learning rate: 0.0069
2025-11-15 01:14:19.123544: train_loss -0.6599
2025-11-15 01:14:19.123838: val_loss -0.6984
2025-11-15 01:14:19.123953: Pseudo dice [np.float32(0.9203), np.float32(0.7812), np.float32(0.0)]
2025-11-15 01:14:19.124057: Epoch time: 252.04 s
2025-11-15 01:14:20.222103: 
2025-11-15 01:14:20.222522: Epoch 339
2025-11-15 01:14:20.222867: Current learning rate: 0.00689
2025-11-15 01:18:32.148452: train_loss -0.6611
2025-11-15 01:18:32.148719: val_loss -0.662
2025-11-15 01:18:32.148819: Pseudo dice [np.float32(0.9238), np.float32(0.7655), np.float32(0.0)]
2025-11-15 01:18:32.148919: Epoch time: 251.93 s
2025-11-15 01:18:33.647354: 
2025-11-15 01:18:33.647588: Epoch 340
2025-11-15 01:18:33.647713: Current learning rate: 0.00688
2025-11-15 01:22:45.278527: train_loss -0.6843
2025-11-15 01:22:45.278793: val_loss -0.676
2025-11-15 01:22:45.278900: Pseudo dice [np.float32(0.919), np.float32(0.7589), np.float32(0.0)]
2025-11-15 01:22:45.279004: Epoch time: 251.63 s
2025-11-15 01:22:46.370136: 
2025-11-15 01:22:46.370434: Epoch 341
2025-11-15 01:22:46.370577: Current learning rate: 0.00687
2025-11-15 01:26:58.071886: train_loss -0.6845
2025-11-15 01:26:58.072151: val_loss -0.6588
2025-11-15 01:26:58.072252: Pseudo dice [np.float32(0.9217), np.float32(0.7631), np.float32(0.0)]
2025-11-15 01:26:58.072361: Epoch time: 251.7 s
2025-11-15 01:26:59.175481: 
2025-11-15 01:26:59.175756: Epoch 342
2025-11-15 01:26:59.175925: Current learning rate: 0.00686
2025-11-15 01:31:10.848145: train_loss -0.681
2025-11-15 01:31:10.848419: val_loss -0.6356
2025-11-15 01:31:10.848523: Pseudo dice [np.float32(0.9126), np.float32(0.7712), np.float32(0.0)]
2025-11-15 01:31:10.848699: Epoch time: 251.67 s
2025-11-15 01:31:11.944515: 
2025-11-15 01:31:11.944736: Epoch 343
2025-11-15 01:31:11.944874: Current learning rate: 0.00685
2025-11-15 01:35:23.775729: train_loss -0.6885
2025-11-15 01:35:23.775985: val_loss -0.6637
2025-11-15 01:35:23.776090: Pseudo dice [np.float32(0.917), np.float32(0.7573), np.float32(0.0)]
2025-11-15 01:35:23.776204: Epoch time: 251.83 s
2025-11-15 01:35:24.870977: 
2025-11-15 01:35:24.871259: Epoch 344
2025-11-15 01:35:24.871439: Current learning rate: 0.00684
2025-11-15 01:39:36.730655: train_loss -0.6664
2025-11-15 01:39:36.730915: val_loss -0.6823
2025-11-15 01:39:36.731017: Pseudo dice [np.float32(0.9231), np.float32(0.7611), np.float32(0.0)]
2025-11-15 01:39:36.731116: Epoch time: 251.86 s
2025-11-15 01:39:37.826729: 
2025-11-15 01:39:37.826999: Epoch 345
2025-11-15 01:39:37.827141: Current learning rate: 0.00683
2025-11-15 01:43:49.525401: train_loss -0.6675
2025-11-15 01:43:49.525692: val_loss -0.6818
2025-11-15 01:43:49.525795: Pseudo dice [np.float32(0.9142), np.float32(0.7733), np.float32(0.0)]
2025-11-15 01:43:49.525899: Epoch time: 251.7 s
2025-11-15 01:43:50.631618: 
2025-11-15 01:43:50.631868: Epoch 346
2025-11-15 01:43:50.632001: Current learning rate: 0.00682
2025-11-15 01:48:02.535383: train_loss -0.682
2025-11-15 01:48:02.535761: val_loss -0.6757
2025-11-15 01:48:02.535874: Pseudo dice [np.float32(0.9165), np.float32(0.7722), np.float32(0.0)]
2025-11-15 01:48:02.535979: Epoch time: 251.9 s
2025-11-15 01:48:03.628309: 
2025-11-15 01:48:03.628561: Epoch 347
2025-11-15 01:48:03.628685: Current learning rate: 0.00681
2025-11-15 01:52:15.176411: train_loss -0.6683
2025-11-15 01:52:15.176681: val_loss -0.6516
2025-11-15 01:52:15.176784: Pseudo dice [np.float32(0.9104), np.float32(0.7489), np.float32(0.0)]
2025-11-15 01:52:15.176888: Epoch time: 251.55 s
2025-11-15 01:52:16.285002: 
2025-11-15 01:52:16.285259: Epoch 348
2025-11-15 01:52:16.285396: Current learning rate: 0.0068
2025-11-15 01:56:28.160156: train_loss -0.6791
2025-11-15 01:56:28.160421: val_loss -0.6709
2025-11-15 01:56:28.160522: Pseudo dice [np.float32(0.9166), np.float32(0.7495), np.float32(0.0)]
2025-11-15 01:56:28.160625: Epoch time: 251.88 s
2025-11-15 01:56:29.265022: 
2025-11-15 01:56:29.265226: Epoch 349
2025-11-15 01:56:29.265353: Current learning rate: 0.0068
2025-11-15 02:00:41.221036: train_loss -0.6569
2025-11-15 02:00:41.221316: val_loss -0.6969
2025-11-15 02:00:41.221422: Pseudo dice [np.float32(0.9242), np.float32(0.778), np.float32(0.0)]
2025-11-15 02:00:41.221525: Epoch time: 251.96 s
2025-11-15 02:00:42.651145: 
2025-11-15 02:00:42.651375: Epoch 350
2025-11-15 02:00:42.651499: Current learning rate: 0.00679
2025-11-15 02:04:54.343232: train_loss -0.6715
2025-11-15 02:04:54.343510: val_loss -0.6663
2025-11-15 02:04:54.343612: Pseudo dice [np.float32(0.9216), np.float32(0.7762), np.float32(0.0)]
2025-11-15 02:04:54.343719: Epoch time: 251.69 s
2025-11-15 02:04:55.807993: 
2025-11-15 02:04:55.808295: Epoch 351
2025-11-15 02:04:55.808423: Current learning rate: 0.00678
2025-11-15 02:09:07.569427: train_loss -0.6685
2025-11-15 02:09:07.569690: val_loss -0.6611
2025-11-15 02:09:07.569794: Pseudo dice [np.float32(0.9238), np.float32(0.7545), np.float32(0.0)]
2025-11-15 02:09:07.569894: Epoch time: 251.76 s
2025-11-15 02:09:08.668709: 
2025-11-15 02:09:08.668929: Epoch 352
2025-11-15 02:09:08.669058: Current learning rate: 0.00677
2025-11-15 02:13:20.482837: train_loss -0.667
2025-11-15 02:13:20.483104: val_loss -0.6408
2025-11-15 02:13:20.483203: Pseudo dice [np.float32(0.916), np.float32(0.7592), np.float32(0.0)]
2025-11-15 02:13:20.483311: Epoch time: 251.82 s
2025-11-15 02:13:21.576431: 
2025-11-15 02:13:21.576731: Epoch 353
2025-11-15 02:13:21.576904: Current learning rate: 0.00676
2025-11-15 02:17:33.591372: train_loss -0.6846
2025-11-15 02:17:33.591632: val_loss -0.6677
2025-11-15 02:17:33.591731: Pseudo dice [np.float32(0.9233), np.float32(0.7686), np.float32(0.0)]
2025-11-15 02:17:33.591830: Epoch time: 252.02 s
2025-11-15 02:17:34.691145: 
2025-11-15 02:17:34.691362: Epoch 354
2025-11-15 02:17:34.691484: Current learning rate: 0.00675
2025-11-15 02:21:46.173022: train_loss -0.6786
2025-11-15 02:21:46.173303: val_loss -0.6657
2025-11-15 02:21:46.173408: Pseudo dice [np.float32(0.9213), np.float32(0.7627), np.float32(0.0)]
2025-11-15 02:21:46.173509: Epoch time: 251.48 s
2025-11-15 02:21:47.272271: 
2025-11-15 02:21:47.272479: Epoch 355
2025-11-15 02:21:47.272595: Current learning rate: 0.00674
2025-11-15 02:25:59.097843: train_loss -0.6665
2025-11-15 02:25:59.098154: val_loss -0.6943
2025-11-15 02:25:59.098262: Pseudo dice [np.float32(0.9322), np.float32(0.7707), np.float32(0.0)]
2025-11-15 02:25:59.098376: Epoch time: 251.83 s
2025-11-15 02:26:00.204279: 
2025-11-15 02:26:00.204545: Epoch 356
2025-11-15 02:26:00.204674: Current learning rate: 0.00673
2025-11-15 02:30:11.805388: train_loss -0.6688
2025-11-15 02:30:11.805658: val_loss -0.6493
2025-11-15 02:30:11.805762: Pseudo dice [np.float32(0.9175), np.float32(0.7652), np.float32(0.0)]
2025-11-15 02:30:11.805863: Epoch time: 251.6 s
2025-11-15 02:30:12.903084: 
2025-11-15 02:30:12.903389: Epoch 357
2025-11-15 02:30:12.903516: Current learning rate: 0.00672
2025-11-15 02:34:24.497232: train_loss -0.6821
2025-11-15 02:34:24.497494: val_loss -0.6922
2025-11-15 02:34:24.497646: Pseudo dice [np.float32(0.9242), np.float32(0.7685), np.float32(0.0)]
2025-11-15 02:34:24.497757: Epoch time: 251.6 s
2025-11-15 02:34:25.594334: 
2025-11-15 02:34:25.594539: Epoch 358
2025-11-15 02:34:25.594694: Current learning rate: 0.00671
2025-11-15 02:38:37.429732: train_loss -0.6656
2025-11-15 02:38:37.430012: val_loss -0.6241
2025-11-15 02:38:37.430160: Pseudo dice [np.float32(0.9128), np.float32(0.7624), np.float32(0.0)]
2025-11-15 02:38:37.430269: Epoch time: 251.84 s
2025-11-15 02:38:38.527653: 
2025-11-15 02:38:38.527897: Epoch 359
2025-11-15 02:38:38.528077: Current learning rate: 0.0067
2025-11-15 02:42:50.333956: train_loss -0.6765
2025-11-15 02:42:50.334269: val_loss -0.677
2025-11-15 02:42:50.334386: Pseudo dice [np.float32(0.9159), np.float32(0.7646), np.float32(0.0)]
2025-11-15 02:42:50.334494: Epoch time: 251.81 s
2025-11-15 02:42:51.448998: 
2025-11-15 02:42:51.449412: Epoch 360
2025-11-15 02:42:51.449723: Current learning rate: 0.00669
2025-11-15 02:47:03.379499: train_loss -0.6712
2025-11-15 02:47:03.379772: val_loss -0.6557
2025-11-15 02:47:03.379873: Pseudo dice [np.float32(0.9166), np.float32(0.7717), np.float32(0.0)]
2025-11-15 02:47:03.379976: Epoch time: 251.93 s
2025-11-15 02:47:04.493114: 
2025-11-15 02:47:04.493340: Epoch 361
2025-11-15 02:47:04.493468: Current learning rate: 0.00668
2025-11-15 02:51:16.221967: train_loss -0.6744
2025-11-15 02:51:16.222232: val_loss -0.6641
2025-11-15 02:51:16.222342: Pseudo dice [np.float32(0.9148), np.float32(0.7622), np.float32(0.0)]
2025-11-15 02:51:16.222447: Epoch time: 251.73 s
2025-11-15 02:51:17.335814: 
2025-11-15 02:51:17.336030: Epoch 362
2025-11-15 02:51:17.336166: Current learning rate: 0.00667
2025-11-15 02:55:29.214893: train_loss -0.6758
2025-11-15 02:55:29.215132: val_loss -0.6558
2025-11-15 02:55:29.215256: Pseudo dice [np.float32(0.9229), np.float32(0.7681), np.float32(0.0)]
2025-11-15 02:55:29.215372: Epoch time: 251.88 s
2025-11-15 02:55:30.717474: 
2025-11-15 02:55:30.717842: Epoch 363
2025-11-15 02:55:30.718124: Current learning rate: 0.00666
2025-11-15 02:59:42.424605: train_loss -0.6814
2025-11-15 02:59:42.424887: val_loss -0.686
2025-11-15 02:59:42.424994: Pseudo dice [np.float32(0.9277), np.float32(0.7619), np.float32(0.0)]
2025-11-15 02:59:42.425099: Epoch time: 251.71 s
2025-11-15 02:59:43.516548: 
2025-11-15 02:59:43.516847: Epoch 364
2025-11-15 02:59:43.516974: Current learning rate: 0.00665
2025-11-15 03:03:55.388604: train_loss -0.6791
2025-11-15 03:03:55.388889: val_loss -0.6609
2025-11-15 03:03:55.388997: Pseudo dice [np.float32(0.9261), np.float32(0.7689), np.float32(0.0)]
2025-11-15 03:03:55.389099: Epoch time: 251.87 s
2025-11-15 03:03:56.410518: 
2025-11-15 03:03:56.410780: Epoch 365
2025-11-15 03:03:56.410904: Current learning rate: 0.00665
2025-11-15 03:08:08.497216: train_loss -0.686
2025-11-15 03:08:08.497486: val_loss -0.6731
2025-11-15 03:08:08.497590: Pseudo dice [np.float32(0.9223), np.float32(0.767), np.float32(0.0)]
2025-11-15 03:08:08.497691: Epoch time: 252.09 s
2025-11-15 03:08:09.600338: 
2025-11-15 03:08:09.600617: Epoch 366
2025-11-15 03:08:09.600768: Current learning rate: 0.00664
2025-11-15 03:12:21.386664: train_loss -0.6966
2025-11-15 03:12:21.386922: val_loss -0.6625
2025-11-15 03:12:21.387024: Pseudo dice [np.float32(0.9212), np.float32(0.7718), np.float32(0.0)]
2025-11-15 03:12:21.387125: Epoch time: 251.79 s
2025-11-15 03:12:22.488738: 
2025-11-15 03:12:22.488958: Epoch 367
2025-11-15 03:12:22.489112: Current learning rate: 0.00663
2025-11-15 03:16:34.284083: train_loss -0.6975
2025-11-15 03:16:34.284360: val_loss -0.6861
2025-11-15 03:16:34.284465: Pseudo dice [np.float32(0.9212), np.float32(0.7647), np.float32(0.0)]
2025-11-15 03:16:34.284603: Epoch time: 251.8 s
2025-11-15 03:16:35.392801: 
2025-11-15 03:16:35.392999: Epoch 368
2025-11-15 03:16:35.393120: Current learning rate: 0.00662
2025-11-15 03:20:47.260689: train_loss -0.6882
2025-11-15 03:20:47.261021: val_loss -0.7261
2025-11-15 03:20:47.261135: Pseudo dice [np.float32(0.9185), np.float32(0.7667), np.float32(0.0)]
2025-11-15 03:20:47.261242: Epoch time: 251.87 s
2025-11-15 03:20:48.367824: 
2025-11-15 03:20:48.368129: Epoch 369
2025-11-15 03:20:48.368255: Current learning rate: 0.00661
2025-11-15 03:25:00.031327: train_loss -0.667
2025-11-15 03:25:00.031596: val_loss -0.6918
2025-11-15 03:25:00.031699: Pseudo dice [np.float32(0.9201), np.float32(0.7765), np.float32(0.0)]
2025-11-15 03:25:00.031802: Epoch time: 251.66 s
2025-11-15 03:25:01.141320: 
2025-11-15 03:25:01.141561: Epoch 370
2025-11-15 03:25:01.141677: Current learning rate: 0.0066
2025-11-15 03:29:12.675345: train_loss -0.6859
2025-11-15 03:29:12.675620: val_loss -0.6712
2025-11-15 03:29:12.675723: Pseudo dice [np.float32(0.9142), np.float32(0.7681), np.float32(0.0)]
2025-11-15 03:29:12.675828: Epoch time: 251.53 s
2025-11-15 03:29:13.789939: 
2025-11-15 03:29:13.790241: Epoch 371
2025-11-15 03:29:13.790379: Current learning rate: 0.00659
2025-11-15 03:33:25.437672: train_loss -0.68
2025-11-15 03:33:25.437934: val_loss -0.6718
2025-11-15 03:33:25.438034: Pseudo dice [np.float32(0.9233), np.float32(0.77), np.float32(0.0)]
2025-11-15 03:33:25.438135: Epoch time: 251.65 s
2025-11-15 03:33:26.544031: 
2025-11-15 03:33:26.544342: Epoch 372
2025-11-15 03:33:26.544468: Current learning rate: 0.00658
2025-11-15 03:37:38.264392: train_loss -0.6785
2025-11-15 03:37:38.264668: val_loss -0.6688
2025-11-15 03:37:38.264769: Pseudo dice [np.float32(0.9248), np.float32(0.7678), np.float32(0.0)]
2025-11-15 03:37:38.264873: Epoch time: 251.72 s
2025-11-15 03:37:39.371066: 
2025-11-15 03:37:39.371336: Epoch 373
2025-11-15 03:37:39.371470: Current learning rate: 0.00657
2025-11-15 03:41:51.105735: train_loss -0.6854
2025-11-15 03:41:51.105991: val_loss -0.6832
2025-11-15 03:41:51.106091: Pseudo dice [np.float32(0.9261), np.float32(0.7676), np.float32(0.0)]
2025-11-15 03:41:51.106271: Epoch time: 251.74 s
2025-11-15 03:41:52.216572: 
2025-11-15 03:41:52.216831: Epoch 374
2025-11-15 03:41:52.216952: Current learning rate: 0.00656
2025-11-15 03:46:03.837492: train_loss -0.6949
2025-11-15 03:46:03.837757: val_loss -0.6447
2025-11-15 03:46:03.837860: Pseudo dice [np.float32(0.9228), np.float32(0.7772), np.float32(0.0)]
2025-11-15 03:46:03.837960: Epoch time: 251.62 s
2025-11-15 03:46:05.353402: 
2025-11-15 03:46:05.353638: Epoch 375
2025-11-15 03:46:05.353765: Current learning rate: 0.00655
2025-11-15 03:50:16.898973: train_loss -0.6827
2025-11-15 03:50:16.899253: val_loss -0.6556
2025-11-15 03:50:16.899363: Pseudo dice [np.float32(0.9276), np.float32(0.7753), np.float32(0.0)]
2025-11-15 03:50:16.899467: Epoch time: 251.55 s
2025-11-15 03:50:17.990741: 
2025-11-15 03:50:17.990976: Epoch 376
2025-11-15 03:50:17.991100: Current learning rate: 0.00654
2025-11-15 03:54:29.909158: train_loss -0.6817
2025-11-15 03:54:29.909420: val_loss -0.6625
2025-11-15 03:54:29.909521: Pseudo dice [np.float32(0.9243), np.float32(0.7664), np.float32(0.0)]
2025-11-15 03:54:29.909657: Epoch time: 251.92 s
2025-11-15 03:54:31.003465: 
2025-11-15 03:54:31.003737: Epoch 377
2025-11-15 03:54:31.003883: Current learning rate: 0.00653
2025-11-15 03:58:42.899397: train_loss -0.6847
2025-11-15 03:58:42.899665: val_loss -0.6022
2025-11-15 03:58:42.899775: Pseudo dice [np.float32(0.9194), np.float32(0.7605), np.float32(0.0)]
2025-11-15 03:58:42.899879: Epoch time: 251.9 s
2025-11-15 03:58:44.001226: 
2025-11-15 03:58:44.001477: Epoch 378
2025-11-15 03:58:44.001603: Current learning rate: 0.00652
2025-11-15 04:02:55.747961: train_loss -0.6803
2025-11-15 04:02:55.748229: val_loss -0.6473
2025-11-15 04:02:55.748405: Pseudo dice [np.float32(0.9157), np.float32(0.7614), np.float32(0.0)]
2025-11-15 04:02:55.748515: Epoch time: 251.75 s
2025-11-15 04:02:56.851194: 
2025-11-15 04:02:56.851548: Epoch 379
2025-11-15 04:02:56.851683: Current learning rate: 0.00651
2025-11-15 04:07:08.668512: train_loss -0.6842
2025-11-15 04:07:08.668823: val_loss -0.6918
2025-11-15 04:07:08.668936: Pseudo dice [np.float32(0.9224), np.float32(0.7693), np.float32(0.0)]
2025-11-15 04:07:08.669041: Epoch time: 251.82 s
2025-11-15 04:07:09.699766: 
2025-11-15 04:07:09.700035: Epoch 380
2025-11-15 04:07:09.700195: Current learning rate: 0.0065
2025-11-15 04:11:21.439744: train_loss -0.6843
2025-11-15 04:11:21.440029: val_loss -0.6514
2025-11-15 04:11:21.440133: Pseudo dice [np.float32(0.9159), np.float32(0.7659), np.float32(0.0)]
2025-11-15 04:11:21.440236: Epoch time: 251.74 s
2025-11-15 04:11:22.544665: 
2025-11-15 04:11:22.544933: Epoch 381
2025-11-15 04:11:22.545075: Current learning rate: 0.00649
2025-11-15 04:15:34.270291: train_loss -0.6869
2025-11-15 04:15:34.270549: val_loss -0.6523
2025-11-15 04:15:34.270648: Pseudo dice [np.float32(0.9148), np.float32(0.7532), np.float32(0.0)]
2025-11-15 04:15:34.270751: Epoch time: 251.73 s
2025-11-15 04:15:35.386449: 
2025-11-15 04:15:35.386651: Epoch 382
2025-11-15 04:15:35.386772: Current learning rate: 0.00648
2025-11-15 04:19:47.098286: train_loss -0.67
2025-11-15 04:19:47.098543: val_loss -0.6556
2025-11-15 04:19:47.098647: Pseudo dice [np.float32(0.9173), np.float32(0.7684), np.float32(0.0)]
2025-11-15 04:19:47.098749: Epoch time: 251.71 s
2025-11-15 04:19:48.209846: 
2025-11-15 04:19:48.210149: Epoch 383
2025-11-15 04:19:48.210289: Current learning rate: 0.00648
2025-11-15 04:24:00.069481: train_loss -0.6624
2025-11-15 04:24:00.069746: val_loss -0.6302
2025-11-15 04:24:00.069847: Pseudo dice [np.float32(0.9183), np.float32(0.7655), np.float32(0.0)]
2025-11-15 04:24:00.069950: Epoch time: 251.86 s
2025-11-15 04:24:01.186250: 
2025-11-15 04:24:01.186512: Epoch 384
2025-11-15 04:24:01.186655: Current learning rate: 0.00647
2025-11-15 04:28:12.944761: train_loss -0.6789
2025-11-15 04:28:12.945033: val_loss -0.6842
2025-11-15 04:28:12.945134: Pseudo dice [np.float32(0.9142), np.float32(0.7652), np.float32(0.0)]
2025-11-15 04:28:12.945234: Epoch time: 251.76 s
2025-11-15 04:28:14.047217: 
2025-11-15 04:28:14.047399: Epoch 385
2025-11-15 04:28:14.047515: Current learning rate: 0.00646
2025-11-15 04:32:25.575608: train_loss -0.6754
2025-11-15 04:32:25.575859: val_loss -0.665
2025-11-15 04:32:25.575959: Pseudo dice [np.float32(0.919), np.float32(0.7691), np.float32(0.0)]
2025-11-15 04:32:25.576061: Epoch time: 251.53 s
2025-11-15 04:32:26.687747: 
2025-11-15 04:32:26.687953: Epoch 386
2025-11-15 04:32:26.688082: Current learning rate: 0.00645
2025-11-15 04:36:38.605559: train_loss -0.6828
2025-11-15 04:36:38.605884: val_loss -0.6665
2025-11-15 04:36:38.605993: Pseudo dice [np.float32(0.9251), np.float32(0.7683), np.float32(0.0)]
2025-11-15 04:36:38.606094: Epoch time: 251.92 s
2025-11-15 04:36:40.113990: 
2025-11-15 04:36:40.114260: Epoch 387
2025-11-15 04:36:40.114383: Current learning rate: 0.00644
2025-11-15 04:40:51.589550: train_loss -0.6788
2025-11-15 04:40:51.589798: val_loss -0.6649
2025-11-15 04:40:51.589896: Pseudo dice [np.float32(0.9181), np.float32(0.7661), np.float32(0.0)]
2025-11-15 04:40:51.589995: Epoch time: 251.48 s
2025-11-15 04:40:52.698521: 
2025-11-15 04:40:52.698740: Epoch 388
2025-11-15 04:40:52.698910: Current learning rate: 0.00643
2025-11-15 04:45:04.442547: train_loss -0.6934
2025-11-15 04:45:04.442807: val_loss -0.6502
2025-11-15 04:45:04.442908: Pseudo dice [np.float32(0.9247), np.float32(0.7715), np.float32(0.0)]
2025-11-15 04:45:04.443009: Epoch time: 251.74 s
2025-11-15 04:45:05.576037: 
2025-11-15 04:45:05.576319: Epoch 389
2025-11-15 04:45:05.576450: Current learning rate: 0.00642
2025-11-15 04:49:17.561468: train_loss -0.6864
2025-11-15 04:49:17.561774: val_loss -0.689
2025-11-15 04:49:17.561878: Pseudo dice [np.float32(0.9206), np.float32(0.7659), np.float32(0.0)]
2025-11-15 04:49:17.561983: Epoch time: 251.99 s
2025-11-15 04:49:18.675404: 
2025-11-15 04:49:18.675656: Epoch 390
2025-11-15 04:49:18.675782: Current learning rate: 0.00641
2025-11-15 04:53:30.671477: train_loss -0.6662
2025-11-15 04:53:30.671777: val_loss -0.6528
2025-11-15 04:53:30.671880: Pseudo dice [np.float32(0.9144), np.float32(0.7663), np.float32(0.0)]
2025-11-15 04:53:30.671985: Epoch time: 252.0 s
2025-11-15 04:53:31.708943: 
2025-11-15 04:53:31.709163: Epoch 391
2025-11-15 04:53:31.709292: Current learning rate: 0.0064
2025-11-15 04:57:43.503822: train_loss -0.6712
2025-11-15 04:57:43.504102: val_loss -0.6664
2025-11-15 04:57:43.504202: Pseudo dice [np.float32(0.9123), np.float32(0.7409), np.float32(0.0)]
2025-11-15 04:57:43.504312: Epoch time: 251.8 s
2025-11-15 04:57:44.628024: 
2025-11-15 04:57:44.628292: Epoch 392
2025-11-15 04:57:44.628424: Current learning rate: 0.00639
2025-11-15 05:01:56.619226: train_loss -0.677
2025-11-15 05:01:56.619521: val_loss -0.686
2025-11-15 05:01:56.619706: Pseudo dice [np.float32(0.9182), np.float32(0.7794), np.float32(0.0)]
2025-11-15 05:01:56.619809: Epoch time: 251.99 s
2025-11-15 05:01:57.735556: 
2025-11-15 05:01:57.735764: Epoch 393
2025-11-15 05:01:57.735883: Current learning rate: 0.00638
2025-11-15 05:06:09.382785: train_loss -0.6863
2025-11-15 05:06:09.383068: val_loss -0.6846
2025-11-15 05:06:09.383250: Pseudo dice [np.float32(0.9176), np.float32(0.7619), np.float32(0.0)]
2025-11-15 05:06:09.383368: Epoch time: 251.65 s
2025-11-15 05:06:10.491161: 
2025-11-15 05:06:10.491359: Epoch 394
2025-11-15 05:06:10.491483: Current learning rate: 0.00637
2025-11-15 05:10:22.334016: train_loss -0.6708
2025-11-15 05:10:22.334310: val_loss -0.6761
2025-11-15 05:10:22.334413: Pseudo dice [np.float32(0.9153), np.float32(0.777), np.float32(0.0)]
2025-11-15 05:10:22.334515: Epoch time: 251.84 s
2025-11-15 05:10:23.447307: 
2025-11-15 05:10:23.447570: Epoch 395
2025-11-15 05:10:23.447696: Current learning rate: 0.00636
2025-11-15 05:14:34.827685: train_loss -0.6821
2025-11-15 05:14:34.827957: val_loss -0.6462
2025-11-15 05:14:34.828105: Pseudo dice [np.float32(0.9149), np.float32(0.7651), np.float32(0.0)]
2025-11-15 05:14:34.828212: Epoch time: 251.38 s
2025-11-15 05:14:35.937086: 
2025-11-15 05:14:35.937294: Epoch 396
2025-11-15 05:14:35.937417: Current learning rate: 0.00635
2025-11-15 05:18:47.743954: train_loss -0.6905
2025-11-15 05:18:47.744226: val_loss -0.6587
2025-11-15 05:18:47.744334: Pseudo dice [np.float32(0.9184), np.float32(0.7565), np.float32(0.0)]
2025-11-15 05:18:47.744437: Epoch time: 251.81 s
2025-11-15 05:18:48.857563: 
2025-11-15 05:18:48.857795: Epoch 397
2025-11-15 05:18:48.857949: Current learning rate: 0.00634
2025-11-15 05:23:00.580780: train_loss -0.6802
2025-11-15 05:23:00.581038: val_loss -0.7248
2025-11-15 05:23:00.581196: Pseudo dice [np.float32(0.9205), np.float32(0.7617), np.float32(0.0)]
2025-11-15 05:23:00.581325: Epoch time: 251.72 s
2025-11-15 05:23:02.084826: 
2025-11-15 05:23:02.085204: Epoch 398
2025-11-15 05:23:02.085353: Current learning rate: 0.00633
2025-11-15 05:27:14.219284: train_loss -0.6958
2025-11-15 05:27:14.219587: val_loss -0.6842
2025-11-15 05:27:14.219697: Pseudo dice [np.float32(0.9231), np.float32(0.773), np.float32(0.0)]
2025-11-15 05:27:14.219799: Epoch time: 252.14 s
2025-11-15 05:27:15.319096: 
2025-11-15 05:27:15.319429: Epoch 399
2025-11-15 05:27:15.319560: Current learning rate: 0.00632
2025-11-15 05:31:26.967102: train_loss -0.6793
2025-11-15 05:31:26.967427: val_loss -0.6729
2025-11-15 05:31:26.967536: Pseudo dice [np.float32(0.9137), np.float32(0.7621), np.float32(0.0)]
2025-11-15 05:31:26.967638: Epoch time: 251.65 s
2025-11-15 05:31:28.374754: 
2025-11-15 05:31:28.374986: Epoch 400
2025-11-15 05:31:28.375259: Current learning rate: 0.00631
2025-11-15 05:35:40.313934: train_loss -0.683
2025-11-15 05:35:40.314279: val_loss -0.6561
2025-11-15 05:35:40.314394: Pseudo dice [np.float32(0.9174), np.float32(0.7702), np.float32(0.0)]
2025-11-15 05:35:40.314500: Epoch time: 251.94 s
2025-11-15 05:35:41.431422: 
2025-11-15 05:35:41.432092: Epoch 401
2025-11-15 05:35:41.432245: Current learning rate: 0.0063
2025-11-15 05:39:52.913611: train_loss -0.6742
2025-11-15 05:39:52.913878: val_loss -0.6443
2025-11-15 05:39:52.913980: Pseudo dice [np.float32(0.921), np.float32(0.7747), np.float32(0.0)]
2025-11-15 05:39:52.914080: Epoch time: 251.48 s
2025-11-15 05:39:54.020850: 
2025-11-15 05:39:54.021073: Epoch 402
2025-11-15 05:39:54.021209: Current learning rate: 0.0063
2025-11-15 05:44:05.570661: train_loss -0.6802
2025-11-15 05:44:05.570930: val_loss -0.6714
2025-11-15 05:44:05.571034: Pseudo dice [np.float32(0.9166), np.float32(0.7656), np.float32(0.0)]
2025-11-15 05:44:05.571136: Epoch time: 251.55 s
2025-11-15 05:44:06.679656: 
2025-11-15 05:44:06.679948: Epoch 403
2025-11-15 05:44:06.680227: Current learning rate: 0.00629
2025-11-15 05:48:18.408174: train_loss -0.6711
2025-11-15 05:48:18.408435: val_loss -0.681
2025-11-15 05:48:18.408540: Pseudo dice [np.float32(0.9207), np.float32(0.7714), np.float32(0.0)]
2025-11-15 05:48:18.408642: Epoch time: 251.73 s
2025-11-15 05:48:19.508117: 
2025-11-15 05:48:19.508318: Epoch 404
2025-11-15 05:48:19.508435: Current learning rate: 0.00628
2025-11-15 05:52:31.119124: train_loss -0.6794
2025-11-15 05:52:31.119401: val_loss -0.6526
2025-11-15 05:52:31.119504: Pseudo dice [np.float32(0.9272), np.float32(0.7495), np.float32(0.0)]
2025-11-15 05:52:31.119633: Epoch time: 251.61 s
2025-11-15 05:52:32.232888: 
2025-11-15 05:52:32.233203: Epoch 405
2025-11-15 05:52:32.233339: Current learning rate: 0.00627
2025-11-15 05:56:44.148657: train_loss -0.6699
2025-11-15 05:56:44.148926: val_loss -0.6307
2025-11-15 05:56:44.149028: Pseudo dice [np.float32(0.9077), np.float32(0.763), np.float32(0.0)]
2025-11-15 05:56:44.149129: Epoch time: 251.92 s
2025-11-15 05:56:45.260519: 
2025-11-15 05:56:45.260735: Epoch 406
2025-11-15 05:56:45.260863: Current learning rate: 0.00626
2025-11-15 06:00:57.106334: train_loss -0.675
2025-11-15 06:00:57.106598: val_loss -0.7079
2025-11-15 06:00:57.106702: Pseudo dice [np.float32(0.9216), np.float32(0.7643), np.float32(0.0)]
2025-11-15 06:00:57.106805: Epoch time: 251.85 s
2025-11-15 06:00:58.221277: 
2025-11-15 06:00:58.221464: Epoch 407
2025-11-15 06:00:58.221583: Current learning rate: 0.00625
2025-11-15 06:05:10.042004: train_loss -0.6824
2025-11-15 06:05:10.042280: val_loss -0.6339
2025-11-15 06:05:10.042384: Pseudo dice [np.float32(0.9219), np.float32(0.7689), np.float32(0.0)]
2025-11-15 06:05:10.042486: Epoch time: 251.82 s
2025-11-15 06:05:11.158580: 
2025-11-15 06:05:11.158889: Epoch 408
2025-11-15 06:05:11.159074: Current learning rate: 0.00624
2025-11-15 06:09:23.011555: train_loss -0.6617
2025-11-15 06:09:23.011825: val_loss -0.6629
2025-11-15 06:09:23.011924: Pseudo dice [np.float32(0.9167), np.float32(0.7651), np.float32(0.0)]
2025-11-15 06:09:23.012024: Epoch time: 251.85 s
2025-11-15 06:09:24.121246: 
2025-11-15 06:09:24.121444: Epoch 409
2025-11-15 06:09:24.121562: Current learning rate: 0.00623
2025-11-15 06:13:35.936990: train_loss -0.6709
2025-11-15 06:13:35.937252: val_loss -0.6638
2025-11-15 06:13:35.937363: Pseudo dice [np.float32(0.9154), np.float32(0.7554), np.float32(0.0)]
2025-11-15 06:13:35.937464: Epoch time: 251.82 s
2025-11-15 06:13:37.450132: 
2025-11-15 06:13:37.450433: Epoch 410
2025-11-15 06:13:37.450561: Current learning rate: 0.00622
2025-11-15 06:17:48.834842: train_loss -0.6686
2025-11-15 06:17:48.835109: val_loss -0.6703
2025-11-15 06:17:48.835216: Pseudo dice [np.float32(0.9135), np.float32(0.7721), np.float32(0.0)]
2025-11-15 06:17:48.835328: Epoch time: 251.39 s
2025-11-15 06:17:49.903699: 
2025-11-15 06:17:49.904058: Epoch 411
2025-11-15 06:17:49.904232: Current learning rate: 0.00621
2025-11-15 06:22:01.818969: train_loss -0.6746
2025-11-15 06:22:01.819242: val_loss -0.6853
2025-11-15 06:22:01.819351: Pseudo dice [np.float32(0.922), np.float32(0.7639), np.float32(0.0)]
2025-11-15 06:22:01.819453: Epoch time: 251.92 s
2025-11-15 06:22:02.899557: 
2025-11-15 06:22:02.899801: Epoch 412
2025-11-15 06:22:02.899922: Current learning rate: 0.0062
2025-11-15 06:26:14.937359: train_loss -0.6937
2025-11-15 06:26:14.937627: val_loss -0.6375
2025-11-15 06:26:14.937730: Pseudo dice [np.float32(0.9141), np.float32(0.7692), np.float32(0.0)]
2025-11-15 06:26:14.937835: Epoch time: 252.04 s
2025-11-15 06:26:16.012957: 
2025-11-15 06:26:16.013223: Epoch 413
2025-11-15 06:26:16.013353: Current learning rate: 0.00619
2025-11-15 06:30:27.550235: train_loss -0.6999
2025-11-15 06:30:27.550512: val_loss -0.6407
2025-11-15 06:30:27.550615: Pseudo dice [np.float32(0.912), np.float32(0.7705), np.float32(0.0)]
2025-11-15 06:30:27.550715: Epoch time: 251.54 s
2025-11-15 06:30:28.628620: 
2025-11-15 06:30:28.628908: Epoch 414
2025-11-15 06:30:28.629040: Current learning rate: 0.00618
2025-11-15 06:34:40.314345: train_loss -0.6793
2025-11-15 06:34:40.314667: val_loss -0.6644
2025-11-15 06:34:40.314771: Pseudo dice [np.float32(0.9191), np.float32(0.7637), np.float32(0.0)]
2025-11-15 06:34:40.314872: Epoch time: 251.69 s
2025-11-15 06:34:41.404442: 
2025-11-15 06:34:41.404653: Epoch 415
2025-11-15 06:34:41.404776: Current learning rate: 0.00617
2025-11-15 06:38:53.061608: train_loss -0.6817
2025-11-15 06:38:53.061878: val_loss -0.6745
2025-11-15 06:38:53.061978: Pseudo dice [np.float32(0.9188), np.float32(0.7692), np.float32(0.0)]
2025-11-15 06:38:53.062078: Epoch time: 251.66 s
2025-11-15 06:38:54.145107: 
2025-11-15 06:38:54.145403: Epoch 416
2025-11-15 06:38:54.145521: Current learning rate: 0.00616
2025-11-15 06:43:06.192480: train_loss -0.6891
2025-11-15 06:43:06.192746: val_loss -0.6615
2025-11-15 06:43:06.192846: Pseudo dice [np.float32(0.9166), np.float32(0.7674), np.float32(0.0)]
2025-11-15 06:43:06.192946: Epoch time: 252.05 s
2025-11-15 06:43:07.280553: 
2025-11-15 06:43:07.280770: Epoch 417
2025-11-15 06:43:07.280897: Current learning rate: 0.00615
2025-11-15 06:47:19.021877: train_loss -0.694
2025-11-15 06:47:19.022210: val_loss -0.6853
2025-11-15 06:47:19.022347: Pseudo dice [np.float32(0.9164), np.float32(0.7693), np.float32(0.0)]
2025-11-15 06:47:19.022451: Epoch time: 251.74 s
2025-11-15 06:47:20.106833: 
2025-11-15 06:47:20.107035: Epoch 418
2025-11-15 06:47:20.107157: Current learning rate: 0.00614
2025-11-15 06:51:31.487364: train_loss -0.6827
2025-11-15 06:51:31.487622: val_loss -0.634
2025-11-15 06:51:31.487761: Pseudo dice [np.float32(0.9177), np.float32(0.7606), np.float32(0.0)]
2025-11-15 06:51:31.487881: Epoch time: 251.38 s
2025-11-15 06:51:32.565692: 
2025-11-15 06:51:32.565908: Epoch 419
2025-11-15 06:51:32.566035: Current learning rate: 0.00613
2025-11-15 06:55:44.368081: train_loss -0.6857
2025-11-15 06:55:44.368352: val_loss -0.6639
2025-11-15 06:55:44.368453: Pseudo dice [np.float32(0.9144), np.float32(0.7694), np.float32(0.0)]
2025-11-15 06:55:44.368552: Epoch time: 251.8 s
2025-11-15 06:55:45.447687: 
2025-11-15 06:55:45.447900: Epoch 420
2025-11-15 06:55:45.448025: Current learning rate: 0.00612
2025-11-15 06:59:57.452544: train_loss -0.6817
2025-11-15 06:59:57.452844: val_loss -0.6688
2025-11-15 06:59:57.452950: Pseudo dice [np.float32(0.9209), np.float32(0.7741), np.float32(0.0)]
2025-11-15 06:59:57.453057: Epoch time: 252.01 s
2025-11-15 06:59:58.532543: 
2025-11-15 06:59:58.532727: Epoch 421
2025-11-15 06:59:58.532843: Current learning rate: 0.00612
2025-11-15 07:04:10.082486: train_loss -0.6868
2025-11-15 07:04:10.082740: val_loss -0.6593
2025-11-15 07:04:10.082838: Pseudo dice [np.float32(0.9136), np.float32(0.7711), np.float32(0.0)]
2025-11-15 07:04:10.082939: Epoch time: 251.55 s
2025-11-15 07:04:11.562114: 
2025-11-15 07:04:11.562355: Epoch 422
2025-11-15 07:04:11.562480: Current learning rate: 0.00611
2025-11-15 07:08:23.314447: train_loss -0.7047
2025-11-15 07:08:23.314705: val_loss -0.6884
2025-11-15 07:08:23.314806: Pseudo dice [np.float32(0.9144), np.float32(0.7598), np.float32(0.0)]
2025-11-15 07:08:23.314907: Epoch time: 251.75 s
2025-11-15 07:08:24.395246: 
2025-11-15 07:08:24.395471: Epoch 423
2025-11-15 07:08:24.395595: Current learning rate: 0.0061
2025-11-15 07:12:36.391191: train_loss -0.6796
2025-11-15 07:12:36.391469: val_loss -0.6733
2025-11-15 07:12:36.391628: Pseudo dice [np.float32(0.9193), np.float32(0.7684), np.float32(0.0)]
2025-11-15 07:12:36.391733: Epoch time: 252.0 s
2025-11-15 07:12:37.472871: 
2025-11-15 07:12:37.473167: Epoch 424
2025-11-15 07:12:37.473299: Current learning rate: 0.00609
2025-11-15 07:16:49.209926: train_loss -0.6803
2025-11-15 07:16:49.210197: val_loss -0.6514
2025-11-15 07:16:49.210307: Pseudo dice [np.float32(0.9204), np.float32(0.7587), np.float32(0.0)]
2025-11-15 07:16:49.210414: Epoch time: 251.74 s
2025-11-15 07:16:50.291202: 
2025-11-15 07:16:50.291431: Epoch 425
2025-11-15 07:16:50.291578: Current learning rate: 0.00608
2025-11-15 07:21:02.010745: train_loss -0.6912
2025-11-15 07:21:02.011009: val_loss -0.6464
2025-11-15 07:21:02.011110: Pseudo dice [np.float32(0.9169), np.float32(0.7652), np.float32(0.0)]
2025-11-15 07:21:02.011209: Epoch time: 251.72 s
2025-11-15 07:21:03.095911: 
2025-11-15 07:21:03.096132: Epoch 426
2025-11-15 07:21:03.096300: Current learning rate: 0.00607
2025-11-15 07:25:15.161176: train_loss -0.6783
2025-11-15 07:25:15.161451: val_loss -0.6514
2025-11-15 07:25:15.161554: Pseudo dice [np.float32(0.9119), np.float32(0.7677), np.float32(0.0)]
2025-11-15 07:25:15.161657: Epoch time: 252.07 s
2025-11-15 07:25:16.244493: 
2025-11-15 07:25:16.244714: Epoch 427
2025-11-15 07:25:16.244838: Current learning rate: 0.00606
2025-11-15 07:29:27.780653: train_loss -0.686
2025-11-15 07:29:27.780951: val_loss -0.672
2025-11-15 07:29:27.781055: Pseudo dice [np.float32(0.9076), np.float32(0.7615), np.float32(0.0)]
2025-11-15 07:29:27.781157: Epoch time: 251.54 s
2025-11-15 07:29:28.869199: 
2025-11-15 07:29:28.869408: Epoch 428
2025-11-15 07:29:28.869534: Current learning rate: 0.00605
2025-11-15 07:33:40.379113: train_loss -0.6771
2025-11-15 07:33:40.379376: val_loss -0.6635
2025-11-15 07:33:40.379478: Pseudo dice [np.float32(0.9166), np.float32(0.7665), np.float32(0.0)]
2025-11-15 07:33:40.379580: Epoch time: 251.51 s
2025-11-15 07:33:41.453917: 
2025-11-15 07:33:41.454186: Epoch 429
2025-11-15 07:33:41.454334: Current learning rate: 0.00604
2025-11-15 07:37:53.465517: train_loss -0.685
2025-11-15 07:37:53.465819: val_loss -0.6412
2025-11-15 07:37:53.465926: Pseudo dice [np.float32(0.9148), np.float32(0.7684), np.float32(0.0)]
2025-11-15 07:37:53.466028: Epoch time: 252.01 s
2025-11-15 07:37:54.540073: 
2025-11-15 07:37:54.540353: Epoch 430
2025-11-15 07:37:54.540490: Current learning rate: 0.00603
2025-11-15 07:42:06.306270: train_loss -0.6802
2025-11-15 07:42:06.306546: val_loss -0.6713
2025-11-15 07:42:06.306651: Pseudo dice [np.float32(0.9192), np.float32(0.769), np.float32(0.0)]
2025-11-15 07:42:06.306755: Epoch time: 251.77 s
2025-11-15 07:42:07.395528: 
2025-11-15 07:42:07.395739: Epoch 431
2025-11-15 07:42:07.395862: Current learning rate: 0.00602
2025-11-15 07:46:19.320130: train_loss -0.6496
2025-11-15 07:46:19.320417: val_loss -0.6723
2025-11-15 07:46:19.320520: Pseudo dice [np.float32(0.9257), np.float32(0.7704), np.float32(0.0)]
2025-11-15 07:46:19.320624: Epoch time: 251.93 s
2025-11-15 07:46:20.400434: 
2025-11-15 07:46:20.400697: Epoch 432
2025-11-15 07:46:20.400823: Current learning rate: 0.00601
2025-11-15 07:50:32.275033: train_loss -0.683
2025-11-15 07:50:32.275299: val_loss -0.7018
2025-11-15 07:50:32.275456: Pseudo dice [np.float32(0.9143), np.float32(0.762), np.float32(0.0)]
2025-11-15 07:50:32.275555: Epoch time: 251.88 s
2025-11-15 07:50:33.352862: 
2025-11-15 07:50:33.353077: Epoch 433
2025-11-15 07:50:33.353202: Current learning rate: 0.006
2025-11-15 07:54:45.340085: train_loss -0.6529
2025-11-15 07:54:45.340357: val_loss -0.668
2025-11-15 07:54:45.340459: Pseudo dice [np.float32(0.9159), np.float32(0.7724), np.float32(0.0)]
2025-11-15 07:54:45.340559: Epoch time: 251.99 s
2025-11-15 07:54:46.433327: 
2025-11-15 07:54:46.433538: Epoch 434
2025-11-15 07:54:46.433666: Current learning rate: 0.00599
2025-11-15 07:58:58.399159: train_loss -0.6642
2025-11-15 07:58:58.399446: val_loss -0.6559
2025-11-15 07:58:58.399549: Pseudo dice [np.float32(0.9184), np.float32(0.7661), np.float32(0.0)]
2025-11-15 07:58:58.399649: Epoch time: 251.97 s
2025-11-15 07:58:59.475882: 
2025-11-15 07:58:59.476241: Epoch 435
2025-11-15 07:58:59.476392: Current learning rate: 0.00598
2025-11-15 08:03:11.412710: train_loss -0.6647
2025-11-15 08:03:11.412959: val_loss -0.6578
2025-11-15 08:03:11.413062: Pseudo dice [np.float32(0.916), np.float32(0.7337), np.float32(0.0)]
2025-11-15 08:03:11.413186: Epoch time: 251.94 s
2025-11-15 08:03:12.495342: 
2025-11-15 08:03:12.495562: Epoch 436
2025-11-15 08:03:12.495674: Current learning rate: 0.00597
2025-11-15 08:07:24.279011: train_loss -0.6952
2025-11-15 08:07:24.279285: val_loss -0.6095
2025-11-15 08:07:24.279395: Pseudo dice [np.float32(0.9026), np.float32(0.7656), np.float32(0.0)]
2025-11-15 08:07:24.279496: Epoch time: 251.78 s
2025-11-15 08:07:25.357201: 
2025-11-15 08:07:25.357485: Epoch 437
2025-11-15 08:07:25.357620: Current learning rate: 0.00596
2025-11-15 08:11:36.952341: train_loss -0.6741
2025-11-15 08:11:36.952605: val_loss -0.6843
2025-11-15 08:11:36.952704: Pseudo dice [np.float32(0.915), np.float32(0.7663), np.float32(0.0)]
2025-11-15 08:11:36.952842: Epoch time: 251.6 s
2025-11-15 08:11:38.033407: 
2025-11-15 08:11:38.033696: Epoch 438
2025-11-15 08:11:38.033818: Current learning rate: 0.00595
2025-11-15 08:15:49.823636: train_loss -0.6786
2025-11-15 08:15:49.823897: val_loss -0.683
2025-11-15 08:15:49.823996: Pseudo dice [np.float32(0.9212), np.float32(0.7692), np.float32(0.0)]
2025-11-15 08:15:49.824095: Epoch time: 251.79 s
2025-11-15 08:15:50.915365: 
2025-11-15 08:15:50.915663: Epoch 439
2025-11-15 08:15:50.915789: Current learning rate: 0.00594
2025-11-15 08:20:03.053222: train_loss -0.6866
2025-11-15 08:20:03.053488: val_loss -0.6604
2025-11-15 08:20:03.053587: Pseudo dice [np.float32(0.9117), np.float32(0.7601), np.float32(0.0)]
2025-11-15 08:20:03.053687: Epoch time: 252.14 s
2025-11-15 08:20:04.135245: 
2025-11-15 08:20:04.135434: Epoch 440
2025-11-15 08:20:04.135556: Current learning rate: 0.00593
2025-11-15 08:24:15.958379: train_loss -0.6859
2025-11-15 08:24:15.958647: val_loss -0.6933
2025-11-15 08:24:15.958746: Pseudo dice [np.float32(0.9148), np.float32(0.7664), np.float32(0.0)]
2025-11-15 08:24:15.958928: Epoch time: 251.82 s
2025-11-15 08:24:17.045025: 
2025-11-15 08:24:17.045247: Epoch 441
2025-11-15 08:24:17.045380: Current learning rate: 0.00592
2025-11-15 08:28:28.718332: train_loss -0.6935
2025-11-15 08:28:28.718645: val_loss -0.639
2025-11-15 08:28:28.718767: Pseudo dice [np.float32(0.921), np.float32(0.7569), np.float32(0.0)]
2025-11-15 08:28:28.718877: Epoch time: 251.67 s
2025-11-15 08:28:29.729010: 
2025-11-15 08:28:29.729208: Epoch 442
2025-11-15 08:28:29.729331: Current learning rate: 0.00592
2025-11-15 08:32:41.322034: train_loss -0.6673
2025-11-15 08:32:41.322310: val_loss -0.6425
2025-11-15 08:32:41.322415: Pseudo dice [np.float32(0.911), np.float32(0.7693), np.float32(0.0)]
2025-11-15 08:32:41.322566: Epoch time: 251.59 s
2025-11-15 08:32:42.402628: 
2025-11-15 08:32:42.402829: Epoch 443
2025-11-15 08:32:42.402946: Current learning rate: 0.00591
2025-11-15 08:36:54.049794: train_loss -0.6812
2025-11-15 08:36:54.050088: val_loss -0.671
2025-11-15 08:36:54.050194: Pseudo dice [np.float32(0.9192), np.float32(0.7714), np.float32(0.0)]
2025-11-15 08:36:54.050303: Epoch time: 251.65 s
2025-11-15 08:36:55.112611: 
2025-11-15 08:36:55.112826: Epoch 444
2025-11-15 08:36:55.112959: Current learning rate: 0.0059
2025-11-15 08:41:07.165104: train_loss -0.6965
2025-11-15 08:41:07.165365: val_loss -0.6807
2025-11-15 08:41:07.165472: Pseudo dice [np.float32(0.9201), np.float32(0.7648), np.float32(0.0)]
2025-11-15 08:41:07.165574: Epoch time: 252.05 s
2025-11-15 08:41:08.232471: 
2025-11-15 08:41:08.232787: Epoch 445
2025-11-15 08:41:08.232911: Current learning rate: 0.00589
2025-11-15 08:45:19.717575: train_loss -0.6736
2025-11-15 08:45:19.717831: val_loss -0.6733
2025-11-15 08:45:19.717932: Pseudo dice [np.float32(0.9104), np.float32(0.7674), np.float32(0.0)]
2025-11-15 08:45:19.718031: Epoch time: 251.49 s
2025-11-15 08:45:20.785807: 
2025-11-15 08:45:20.786141: Epoch 446
2025-11-15 08:45:20.786283: Current learning rate: 0.00588
2025-11-15 08:49:32.617506: train_loss -0.6914
2025-11-15 08:49:32.617784: val_loss -0.6566
2025-11-15 08:49:32.617887: Pseudo dice [np.float32(0.9133), np.float32(0.7619), np.float32(0.0)]
2025-11-15 08:49:32.618028: Epoch time: 251.83 s
2025-11-15 08:49:34.069712: 
2025-11-15 08:49:34.069973: Epoch 447
2025-11-15 08:49:34.070111: Current learning rate: 0.00587
2025-11-15 08:53:45.556085: train_loss -0.6838
2025-11-15 08:53:45.556357: val_loss -0.6914
2025-11-15 08:53:45.556460: Pseudo dice [np.float32(0.9186), np.float32(0.7655), np.float32(0.0)]
2025-11-15 08:53:45.556561: Epoch time: 251.49 s
2025-11-15 08:53:46.607113: 
2025-11-15 08:53:46.607366: Epoch 448
2025-11-15 08:53:46.607491: Current learning rate: 0.00586
2025-11-15 08:57:58.588933: train_loss -0.6814
2025-11-15 08:57:58.589195: val_loss -0.6365
2025-11-15 08:57:58.589307: Pseudo dice [np.float32(0.916), np.float32(0.7661), np.float32(0.0)]
2025-11-15 08:57:58.589412: Epoch time: 251.98 s
2025-11-15 08:57:59.667040: 
2025-11-15 08:57:59.667252: Epoch 449
2025-11-15 08:57:59.667378: Current learning rate: 0.00585
2025-11-15 09:02:11.747650: train_loss -0.6762
2025-11-15 09:02:11.747926: val_loss -0.6896
2025-11-15 09:02:11.748029: Pseudo dice [np.float32(0.9237), np.float32(0.7602), np.float32(0.0)]
2025-11-15 09:02:11.748130: Epoch time: 252.08 s
2025-11-15 09:02:13.165290: 
2025-11-15 09:02:13.165579: Epoch 450
2025-11-15 09:02:13.165748: Current learning rate: 0.00584
2025-11-15 09:06:24.907938: train_loss -0.6652
2025-11-15 09:06:24.908204: val_loss -0.6611
2025-11-15 09:06:24.908315: Pseudo dice [np.float32(0.916), np.float32(0.7741), np.float32(0.0)]
2025-11-15 09:06:24.908420: Epoch time: 251.74 s
2025-11-15 09:06:25.971968: 
2025-11-15 09:06:25.972168: Epoch 451
2025-11-15 09:06:25.972296: Current learning rate: 0.00583
2025-11-15 09:10:37.647232: train_loss -0.68
2025-11-15 09:10:37.647488: val_loss -0.6815
2025-11-15 09:10:37.647587: Pseudo dice [np.float32(0.9234), np.float32(0.768), np.float32(0.0)]
2025-11-15 09:10:37.647687: Epoch time: 251.68 s
2025-11-15 09:10:38.722671: 
2025-11-15 09:10:38.723022: Epoch 452
2025-11-15 09:10:38.723290: Current learning rate: 0.00582
2025-11-15 09:14:50.613091: train_loss -0.7008
2025-11-15 09:14:50.613353: val_loss -0.69
2025-11-15 09:14:50.613454: Pseudo dice [np.float32(0.915), np.float32(0.7655), np.float32(0.0)]
2025-11-15 09:14:50.613557: Epoch time: 251.89 s
2025-11-15 09:14:51.673905: 
2025-11-15 09:14:51.674121: Epoch 453
2025-11-15 09:14:51.674248: Current learning rate: 0.00581
2025-11-15 09:19:03.410634: train_loss -0.6894
2025-11-15 09:19:03.410908: val_loss -0.6858
2025-11-15 09:19:03.411008: Pseudo dice [np.float32(0.9227), np.float32(0.7475), np.float32(0.0)]
2025-11-15 09:19:03.411115: Epoch time: 251.74 s
2025-11-15 09:19:04.486780: 
2025-11-15 09:19:04.487000: Epoch 454
2025-11-15 09:19:04.487130: Current learning rate: 0.0058
2025-11-15 09:23:16.080576: train_loss -0.6782
2025-11-15 09:23:16.080829: val_loss -0.6274
2025-11-15 09:23:16.080930: Pseudo dice [np.float32(0.9139), np.float32(0.7517), np.float32(0.0)]
2025-11-15 09:23:16.081031: Epoch time: 251.59 s
2025-11-15 09:23:17.165434: 
2025-11-15 09:23:17.165643: Epoch 455
2025-11-15 09:23:17.165767: Current learning rate: 0.00579
2025-11-15 09:27:29.115658: train_loss -0.6686
2025-11-15 09:27:29.115982: val_loss -0.6772
2025-11-15 09:27:29.116092: Pseudo dice [np.float32(0.9171), np.float32(0.7643), np.float32(0.0)]
2025-11-15 09:27:29.116196: Epoch time: 251.95 s
2025-11-15 09:27:30.173285: 
2025-11-15 09:27:30.173558: Epoch 456
2025-11-15 09:27:30.173685: Current learning rate: 0.00578
2025-11-15 09:31:41.831286: train_loss -0.6874
2025-11-15 09:31:41.834900: val_loss -0.643
2025-11-15 09:31:41.835068: Pseudo dice [np.float32(0.9174), np.float32(0.766), np.float32(0.0)]
2025-11-15 09:31:41.835189: Epoch time: 251.66 s
2025-11-15 09:31:42.895410: 
2025-11-15 09:31:42.895596: Epoch 457
2025-11-15 09:31:42.895718: Current learning rate: 0.00577
2025-11-15 09:35:54.645251: train_loss -0.7061
2025-11-15 09:35:54.645544: val_loss -0.6465
2025-11-15 09:35:54.645649: Pseudo dice [np.float32(0.9091), np.float32(0.7552), np.float32(0.0)]
2025-11-15 09:35:54.645755: Epoch time: 251.75 s
2025-11-15 09:35:55.710110: 
2025-11-15 09:35:55.710309: Epoch 458
2025-11-15 09:35:55.710457: Current learning rate: 0.00576
2025-11-15 09:40:07.402774: train_loss -0.6886
2025-11-15 09:40:07.403061: val_loss -0.6883
2025-11-15 09:40:07.403181: Pseudo dice [np.float32(0.9114), np.float32(0.7606), np.float32(0.0)]
2025-11-15 09:40:07.403290: Epoch time: 251.69 s
2025-11-15 09:40:08.468771: 
2025-11-15 09:40:08.468971: Epoch 459
2025-11-15 09:40:08.469089: Current learning rate: 0.00575
2025-11-15 09:44:20.173479: train_loss -0.6922
2025-11-15 09:44:20.173736: val_loss -0.6552
2025-11-15 09:44:20.173827: Pseudo dice [np.float32(0.9252), np.float32(0.7664), np.float32(0.0)]
2025-11-15 09:44:20.173919: Epoch time: 251.71 s
2025-11-15 09:44:21.633476: 
2025-11-15 09:44:21.633701: Epoch 460
2025-11-15 09:44:21.633890: Current learning rate: 0.00574
2025-11-15 09:48:33.248010: train_loss -0.6847
2025-11-15 09:48:33.248266: val_loss -0.6639
2025-11-15 09:48:33.248387: Pseudo dice [np.float32(0.9191), np.float32(0.7591), np.float32(0.0)]
2025-11-15 09:48:33.248496: Epoch time: 251.62 s
2025-11-15 09:48:34.304126: 
2025-11-15 09:48:34.304360: Epoch 461
2025-11-15 09:48:34.304485: Current learning rate: 0.00573
2025-11-15 09:52:46.122165: train_loss -0.6847
2025-11-15 09:52:46.122455: val_loss -0.6669
2025-11-15 09:52:46.122558: Pseudo dice [np.float32(0.9268), np.float32(0.7694), np.float32(0.0)]
2025-11-15 09:52:46.122658: Epoch time: 251.82 s
2025-11-15 09:52:47.183909: 
2025-11-15 09:52:47.184163: Epoch 462
2025-11-15 09:52:47.184299: Current learning rate: 0.00572
2025-11-15 09:56:58.754174: train_loss -0.6887
2025-11-15 09:56:58.754452: val_loss -0.6529
2025-11-15 09:56:58.754559: Pseudo dice [np.float32(0.9192), np.float32(0.7637), np.float32(0.0)]
2025-11-15 09:56:58.754665: Epoch time: 251.57 s
2025-11-15 09:56:59.830157: 
2025-11-15 09:56:59.830419: Epoch 463
2025-11-15 09:56:59.830543: Current learning rate: 0.00571
2025-11-15 10:01:11.727840: train_loss -0.6678
2025-11-15 10:01:11.728081: val_loss -0.6693
2025-11-15 10:01:11.728191: Pseudo dice [np.float32(0.9158), np.float32(0.7539), np.float32(0.0)]
2025-11-15 10:01:11.728301: Epoch time: 251.9 s
2025-11-15 10:01:12.796040: 
2025-11-15 10:01:12.796249: Epoch 464
2025-11-15 10:01:12.796373: Current learning rate: 0.0057
2025-11-15 10:05:24.655938: train_loss -0.6814
2025-11-15 10:05:24.656200: val_loss -0.6803
2025-11-15 10:05:24.656307: Pseudo dice [np.float32(0.9174), np.float32(0.7609), np.float32(0.0)]
2025-11-15 10:05:24.656409: Epoch time: 251.86 s
2025-11-15 10:05:25.730862: 
2025-11-15 10:05:25.731073: Epoch 465
2025-11-15 10:05:25.731185: Current learning rate: 0.0057
2025-11-15 10:09:37.355843: train_loss -0.6869
2025-11-15 10:09:37.356100: val_loss -0.6826
2025-11-15 10:09:37.356203: Pseudo dice [np.float32(0.9186), np.float32(0.7713), np.float32(0.0)]
2025-11-15 10:09:37.356317: Epoch time: 251.63 s
2025-11-15 10:09:38.422795: 
2025-11-15 10:09:38.423076: Epoch 466
2025-11-15 10:09:38.423213: Current learning rate: 0.00569
2025-11-15 10:13:49.852087: train_loss -0.6721
2025-11-15 10:13:49.852324: val_loss -0.6524
2025-11-15 10:13:49.852427: Pseudo dice [np.float32(0.9152), np.float32(0.7633), np.float32(0.0)]
2025-11-15 10:13:49.852531: Epoch time: 251.43 s
2025-11-15 10:13:50.914612: 
2025-11-15 10:13:50.914934: Epoch 467
2025-11-15 10:13:50.915063: Current learning rate: 0.00568
2025-11-15 10:18:02.639339: train_loss -0.6768
2025-11-15 10:18:02.639616: val_loss -0.6473
2025-11-15 10:18:02.639720: Pseudo dice [np.float32(0.9167), np.float32(0.7576), np.float32(0.0)]
2025-11-15 10:18:02.639821: Epoch time: 251.73 s
2025-11-15 10:18:03.708838: 
2025-11-15 10:18:03.709146: Epoch 468
2025-11-15 10:18:03.709288: Current learning rate: 0.00567
2025-11-15 10:22:15.329958: train_loss -0.6793
2025-11-15 10:22:15.330244: val_loss -0.6476
2025-11-15 10:22:15.330436: Pseudo dice [np.float32(0.9179), np.float32(0.7657), np.float32(0.0)]
2025-11-15 10:22:15.330550: Epoch time: 251.62 s
2025-11-15 10:22:16.401299: 
2025-11-15 10:22:16.401498: Epoch 469
2025-11-15 10:22:16.401616: Current learning rate: 0.00566
2025-11-15 10:26:28.183981: train_loss -0.7022
2025-11-15 10:26:28.184239: val_loss -0.6672
2025-11-15 10:26:28.184345: Pseudo dice [np.float32(0.918), np.float32(0.7513), np.float32(0.0)]
2025-11-15 10:26:28.184448: Epoch time: 251.78 s
2025-11-15 10:26:29.251445: 
2025-11-15 10:26:29.251660: Epoch 470
2025-11-15 10:26:29.251779: Current learning rate: 0.00565
2025-11-15 10:30:40.960422: train_loss -0.703
2025-11-15 10:30:40.960678: val_loss -0.6627
2025-11-15 10:30:40.960778: Pseudo dice [np.float32(0.9265), np.float32(0.7575), np.float32(0.0)]
2025-11-15 10:30:40.960880: Epoch time: 251.71 s
2025-11-15 10:30:42.014472: 
2025-11-15 10:30:42.014661: Epoch 471
2025-11-15 10:30:42.014780: Current learning rate: 0.00564
2025-11-15 10:34:53.637942: train_loss -0.6805
2025-11-15 10:34:53.638221: val_loss -0.6668
2025-11-15 10:34:53.638333: Pseudo dice [np.float32(0.9188), np.float32(0.763), np.float32(0.0)]
2025-11-15 10:34:53.638438: Epoch time: 251.62 s
2025-11-15 10:34:54.642743: 
2025-11-15 10:34:54.642987: Epoch 472
2025-11-15 10:34:54.643114: Current learning rate: 0.00563
2025-11-15 10:39:06.295857: train_loss -0.6953
2025-11-15 10:39:06.296127: val_loss -0.6491
2025-11-15 10:39:06.296230: Pseudo dice [np.float32(0.9237), np.float32(0.7713), np.float32(0.0)]
2025-11-15 10:39:06.296342: Epoch time: 251.65 s
2025-11-15 10:39:07.758328: 
2025-11-15 10:39:07.758580: Epoch 473
2025-11-15 10:39:07.758706: Current learning rate: 0.00562
2025-11-15 10:43:19.350799: train_loss -0.6924
2025-11-15 10:43:19.351053: val_loss -0.7098
2025-11-15 10:43:19.351159: Pseudo dice [np.float32(0.9153), np.float32(0.766), np.float32(0.0)]
2025-11-15 10:43:19.351258: Epoch time: 251.59 s
2025-11-15 10:43:20.411747: 
2025-11-15 10:43:20.412067: Epoch 474
2025-11-15 10:43:20.412205: Current learning rate: 0.00561
2025-11-15 10:47:31.927754: train_loss -0.6867
2025-11-15 10:47:31.928058: val_loss -0.7164
2025-11-15 10:47:31.928172: Pseudo dice [np.float32(0.9122), np.float32(0.7616), np.float32(0.0)]
2025-11-15 10:47:31.928282: Epoch time: 251.52 s
2025-11-15 10:47:32.999868: 
2025-11-15 10:47:33.000166: Epoch 475
2025-11-15 10:47:33.000306: Current learning rate: 0.0056
2025-11-15 10:51:44.556159: train_loss -0.7051
2025-11-15 10:51:44.556457: val_loss -0.6342
2025-11-15 10:51:44.556567: Pseudo dice [np.float32(0.9193), np.float32(0.7629), np.float32(0.0)]
2025-11-15 10:51:44.556671: Epoch time: 251.56 s
2025-11-15 10:51:45.621596: 
2025-11-15 10:51:45.621813: Epoch 476
2025-11-15 10:51:45.621937: Current learning rate: 0.00559
2025-11-15 10:55:57.374719: train_loss -0.681
2025-11-15 10:55:57.374991: val_loss -0.6644
2025-11-15 10:55:57.375140: Pseudo dice [np.float32(0.9205), np.float32(0.7667), np.float32(0.0)]
2025-11-15 10:55:57.375245: Epoch time: 251.75 s
2025-11-15 10:55:58.454459: 
2025-11-15 10:55:58.454845: Epoch 477
2025-11-15 10:55:58.455007: Current learning rate: 0.00558
2025-11-15 11:00:10.569556: train_loss -0.6771
2025-11-15 11:00:10.569828: val_loss -0.694
2025-11-15 11:00:10.569931: Pseudo dice [np.float32(0.9166), np.float32(0.7647), np.float32(0.0)]
2025-11-15 11:00:10.570031: Epoch time: 252.12 s
2025-11-15 11:00:11.636919: 
2025-11-15 11:00:11.637202: Epoch 478
2025-11-15 11:00:11.637356: Current learning rate: 0.00557
2025-11-15 11:04:23.572392: train_loss -0.6853
2025-11-15 11:04:23.572695: val_loss -0.6389
2025-11-15 11:04:23.572802: Pseudo dice [np.float32(0.917), np.float32(0.7653), np.float32(0.0)]
2025-11-15 11:04:23.572905: Epoch time: 251.94 s
2025-11-15 11:04:24.647250: 
2025-11-15 11:04:24.647484: Epoch 479
2025-11-15 11:04:24.647608: Current learning rate: 0.00556
2025-11-15 11:08:36.547738: train_loss -0.6765
2025-11-15 11:08:36.547999: val_loss -0.7313
2025-11-15 11:08:36.548100: Pseudo dice [np.float32(0.9283), np.float32(0.765), np.float32(0.0)]
2025-11-15 11:08:36.548200: Epoch time: 251.9 s
2025-11-15 11:08:37.629023: 
2025-11-15 11:08:37.629222: Epoch 480
2025-11-15 11:08:37.629350: Current learning rate: 0.00555
2025-11-15 11:12:49.362060: train_loss -0.69
2025-11-15 11:12:49.362335: val_loss -0.6695
2025-11-15 11:12:49.362441: Pseudo dice [np.float32(0.9161), np.float32(0.7574), np.float32(0.0)]
2025-11-15 11:12:49.362541: Epoch time: 251.73 s
2025-11-15 11:12:50.447063: 
2025-11-15 11:12:50.447384: Epoch 481
2025-11-15 11:12:50.447508: Current learning rate: 0.00554
2025-11-15 11:17:02.358856: train_loss -0.6869
2025-11-15 11:17:02.359109: val_loss -0.6921
2025-11-15 11:17:02.359211: Pseudo dice [np.float32(0.9156), np.float32(0.7771), np.float32(0.0)]
2025-11-15 11:17:02.359318: Epoch time: 251.91 s
2025-11-15 11:17:03.448425: 
2025-11-15 11:17:03.448633: Epoch 482
2025-11-15 11:17:03.448753: Current learning rate: 0.00553
2025-11-15 11:21:15.069027: train_loss -0.6956
2025-11-15 11:21:15.069331: val_loss -0.6454
2025-11-15 11:21:15.069436: Pseudo dice [np.float32(0.9108), np.float32(0.7613), np.float32(0.0)]
2025-11-15 11:21:15.069538: Epoch time: 251.62 s
2025-11-15 11:21:16.140487: 
2025-11-15 11:21:16.140688: Epoch 483
2025-11-15 11:21:16.140813: Current learning rate: 0.00552
2025-11-15 11:25:27.903165: train_loss -0.675
2025-11-15 11:25:27.903440: val_loss -0.6333
2025-11-15 11:25:27.903541: Pseudo dice [np.float32(0.9259), np.float32(0.7687), np.float32(0.0)]
2025-11-15 11:25:27.903642: Epoch time: 251.76 s
2025-11-15 11:25:28.973974: 
2025-11-15 11:25:28.974239: Epoch 484
2025-11-15 11:25:28.974365: Current learning rate: 0.00551
2025-11-15 11:29:40.935866: train_loss -0.6709
2025-11-15 11:29:40.936135: val_loss -0.6437
2025-11-15 11:29:40.936237: Pseudo dice [np.float32(0.9091), np.float32(0.7549), np.float32(0.0)]
2025-11-15 11:29:40.936348: Epoch time: 251.96 s
2025-11-15 11:29:42.411892: 
2025-11-15 11:29:42.412134: Epoch 485
2025-11-15 11:29:42.412303: Current learning rate: 0.0055
2025-11-15 11:33:54.271101: train_loss -0.6881
2025-11-15 11:33:54.271394: val_loss -0.6713
2025-11-15 11:33:54.271499: Pseudo dice [np.float32(0.9198), np.float32(0.7734), np.float32(0.0)]
2025-11-15 11:33:54.271598: Epoch time: 251.86 s
2025-11-15 11:33:55.385794: 
2025-11-15 11:33:55.386093: Epoch 486
2025-11-15 11:33:55.386235: Current learning rate: 0.00549
2025-11-15 11:38:07.212666: train_loss -0.6797
2025-11-15 11:38:07.212948: val_loss -0.6322
2025-11-15 11:38:07.213050: Pseudo dice [np.float32(0.913), np.float32(0.7587), np.float32(0.0)]
2025-11-15 11:38:07.213150: Epoch time: 251.83 s
2025-11-15 11:38:08.276609: 
2025-11-15 11:38:08.276844: Epoch 487
2025-11-15 11:38:08.276962: Current learning rate: 0.00548
2025-11-15 11:42:20.001778: train_loss -0.6736
2025-11-15 11:42:20.002029: val_loss -0.6867
2025-11-15 11:42:20.002131: Pseudo dice [np.float32(0.9199), np.float32(0.7564), np.float32(0.0)]
2025-11-15 11:42:20.002233: Epoch time: 251.73 s
2025-11-15 11:42:21.075645: 
2025-11-15 11:42:21.075984: Epoch 488
2025-11-15 11:42:21.076118: Current learning rate: 0.00547
2025-11-15 11:46:32.882335: train_loss -0.6859
2025-11-15 11:46:32.882602: val_loss -0.6625
2025-11-15 11:46:32.882704: Pseudo dice [np.float32(0.9234), np.float32(0.7794), np.float32(0.0)]
2025-11-15 11:46:32.882803: Epoch time: 251.81 s
2025-11-15 11:46:33.956966: 
2025-11-15 11:46:33.957176: Epoch 489
2025-11-15 11:46:33.957302: Current learning rate: 0.00546
2025-11-15 11:50:45.790327: train_loss -0.6881
2025-11-15 11:50:45.790581: val_loss -0.6567
2025-11-15 11:50:45.790682: Pseudo dice [np.float32(0.9142), np.float32(0.7632), np.float32(0.0)]
2025-11-15 11:50:45.790781: Epoch time: 251.83 s
2025-11-15 11:50:46.871239: 
2025-11-15 11:50:46.871452: Epoch 490
2025-11-15 11:50:46.871570: Current learning rate: 0.00546
2025-11-15 11:54:58.967227: train_loss -0.6988
2025-11-15 11:54:58.967502: val_loss -0.6737
2025-11-15 11:54:58.967602: Pseudo dice [np.float32(0.9241), np.float32(0.7667), np.float32(0.0)]
2025-11-15 11:54:58.967705: Epoch time: 252.1 s
2025-11-15 11:55:00.043486: 
2025-11-15 11:55:00.043838: Epoch 491
2025-11-15 11:55:00.043978: Current learning rate: 0.00545
2025-11-15 11:59:11.410840: train_loss -0.6957
2025-11-15 11:59:11.411116: val_loss -0.6096
2025-11-15 11:59:11.411210: Pseudo dice [np.float32(0.9229), np.float32(0.7717), np.float32(0.0)]
2025-11-15 11:59:11.411310: Epoch time: 251.37 s
2025-11-15 11:59:12.416091: 
2025-11-15 11:59:12.416400: Epoch 492
2025-11-15 11:59:12.416525: Current learning rate: 0.00544
2025-11-15 12:03:24.025482: train_loss -0.6855
2025-11-15 12:03:24.025751: val_loss -0.6519
2025-11-15 12:03:24.025855: Pseudo dice [np.float32(0.9047), np.float32(0.7684), np.float32(0.0)]
2025-11-15 12:03:24.025957: Epoch time: 251.61 s
2025-11-15 12:03:25.105942: 
2025-11-15 12:03:25.106188: Epoch 493
2025-11-15 12:03:25.106324: Current learning rate: 0.00543
2025-11-15 12:07:36.752219: train_loss -0.6882
2025-11-15 12:07:36.752496: val_loss -0.6492
2025-11-15 12:07:36.752599: Pseudo dice [np.float32(0.9148), np.float32(0.7674), np.float32(0.0)]
2025-11-15 12:07:36.752698: Epoch time: 251.65 s
2025-11-15 12:07:37.823282: 
2025-11-15 12:07:37.823492: Epoch 494
2025-11-15 12:07:37.823613: Current learning rate: 0.00542
2025-11-15 12:11:49.528568: train_loss -0.6929
2025-11-15 12:11:49.528814: val_loss -0.6182
2025-11-15 12:11:49.528905: Pseudo dice [np.float32(0.9171), np.float32(0.7659), np.float32(0.0)]
2025-11-15 12:11:49.529000: Epoch time: 251.71 s
2025-11-15 12:11:50.599930: 
2025-11-15 12:11:50.600324: Epoch 495
2025-11-15 12:11:50.600568: Current learning rate: 0.00541
2025-11-15 12:16:02.209959: train_loss -0.6815
2025-11-15 12:16:02.210224: val_loss -0.6422
2025-11-15 12:16:02.210333: Pseudo dice [np.float32(0.9105), np.float32(0.7656), np.float32(0.0)]
2025-11-15 12:16:02.210434: Epoch time: 251.61 s
2025-11-15 12:16:03.287724: 
2025-11-15 12:16:03.288019: Epoch 496
2025-11-15 12:16:03.288219: Current learning rate: 0.0054
2025-11-15 12:20:14.930889: train_loss -0.6848
2025-11-15 12:20:14.931139: val_loss -0.6153
2025-11-15 12:20:14.931239: Pseudo dice [np.float32(0.9121), np.float32(0.7609), np.float32(0.0)]
2025-11-15 12:20:14.931348: Epoch time: 251.64 s
2025-11-15 12:20:15.999020: 
2025-11-15 12:20:15.999258: Epoch 497
2025-11-15 12:20:15.999420: Current learning rate: 0.00539
2025-11-15 12:24:27.696870: train_loss -0.6803
2025-11-15 12:24:27.697122: val_loss -0.6444
2025-11-15 12:24:27.697222: Pseudo dice [np.float32(0.9235), np.float32(0.7742), np.float32(0.0)]
2025-11-15 12:24:27.697330: Epoch time: 251.7 s
2025-11-15 12:24:29.165816: 
2025-11-15 12:24:29.166035: Epoch 498
2025-11-15 12:24:29.166219: Current learning rate: 0.00538
2025-11-15 12:28:41.025200: train_loss -0.6884
2025-11-15 12:28:41.025481: val_loss -0.6291
2025-11-15 12:28:41.025585: Pseudo dice [np.float32(0.9213), np.float32(0.7696), np.float32(0.0)]
2025-11-15 12:28:41.025685: Epoch time: 251.86 s
2025-11-15 12:28:42.094827: 
2025-11-15 12:28:42.095038: Epoch 499
2025-11-15 12:28:42.095169: Current learning rate: 0.00537
2025-11-15 12:32:54.094769: train_loss -0.6863
2025-11-15 12:32:54.095124: val_loss -0.6636
2025-11-15 12:32:54.095232: Pseudo dice [np.float32(0.9224), np.float32(0.7722), np.float32(0.0)]
2025-11-15 12:32:54.095344: Epoch time: 252.0 s
2025-11-15 12:32:55.517477: 
2025-11-15 12:32:55.517689: Epoch 500
2025-11-15 12:32:55.517815: Current learning rate: 0.00536
2025-11-15 12:37:07.193651: train_loss -0.6951
2025-11-15 12:37:07.193909: val_loss -0.6752
2025-11-15 12:37:07.197559: Pseudo dice [np.float32(0.9201), np.float32(0.7734), np.float32(0.0)]
2025-11-15 12:37:07.197691: Epoch time: 251.68 s
2025-11-15 12:37:08.269171: 
2025-11-15 12:37:08.269390: Epoch 501
2025-11-15 12:37:08.269510: Current learning rate: 0.00535
2025-11-15 12:41:19.942806: train_loss -0.6808
2025-11-15 12:41:19.943077: val_loss -0.6043
2025-11-15 12:41:19.943176: Pseudo dice [np.float32(0.9141), np.float32(0.7643), np.float32(0.0)]
2025-11-15 12:41:19.943282: Epoch time: 251.67 s
2025-11-15 12:41:21.033111: 
2025-11-15 12:41:21.033329: Epoch 502
2025-11-15 12:41:21.033455: Current learning rate: 0.00534
2025-11-15 12:45:32.434811: train_loss -0.6941
2025-11-15 12:45:32.435080: val_loss -0.6725
2025-11-15 12:45:32.435224: Pseudo dice [np.float32(0.9041), np.float32(0.7533), np.float32(0.0)]
2025-11-15 12:45:32.435351: Epoch time: 251.4 s
2025-11-15 12:45:33.510484: 
2025-11-15 12:45:33.510671: Epoch 503
2025-11-15 12:45:33.510787: Current learning rate: 0.00533
2025-11-15 12:49:45.127583: train_loss -0.6851
2025-11-15 12:49:45.127872: val_loss -0.6888
2025-11-15 12:49:45.127989: Pseudo dice [np.float32(0.9144), np.float32(0.7536), np.float32(0.0)]
2025-11-15 12:49:45.128097: Epoch time: 251.62 s
2025-11-15 12:49:46.205031: 
2025-11-15 12:49:46.205330: Epoch 504
2025-11-15 12:49:46.205458: Current learning rate: 0.00532
2025-11-15 12:53:57.917860: train_loss -0.694
2025-11-15 12:53:57.918123: val_loss -0.6723
2025-11-15 12:53:57.918228: Pseudo dice [np.float32(0.9148), np.float32(0.7643), np.float32(0.0)]
2025-11-15 12:53:57.918335: Epoch time: 251.71 s
2025-11-15 12:53:58.988007: 
2025-11-15 12:53:58.988265: Epoch 505
2025-11-15 12:53:58.988393: Current learning rate: 0.00531
2025-11-15 12:58:10.561805: train_loss -0.7023
2025-11-15 12:58:10.562062: val_loss -0.651
2025-11-15 12:58:10.562163: Pseudo dice [np.float32(0.9104), np.float32(0.769), np.float32(0.0)]
2025-11-15 12:58:10.562314: Epoch time: 251.57 s
2025-11-15 12:58:11.628629: 
2025-11-15 12:58:11.628829: Epoch 506
2025-11-15 12:58:11.628947: Current learning rate: 0.0053
2025-11-15 13:02:23.778641: train_loss -0.6895
2025-11-15 13:02:23.778989: val_loss -0.6565
2025-11-15 13:02:23.779098: Pseudo dice [np.float32(0.9238), np.float32(0.7663), np.float32(0.0)]
2025-11-15 13:02:23.779201: Epoch time: 252.15 s
2025-11-15 13:02:24.861540: 
2025-11-15 13:02:24.861731: Epoch 507
2025-11-15 13:02:24.861851: Current learning rate: 0.00529
2025-11-15 13:06:36.964498: train_loss -0.685
2025-11-15 13:06:36.964762: val_loss -0.6811
2025-11-15 13:06:36.964862: Pseudo dice [np.float32(0.9229), np.float32(0.7713), np.float32(0.0)]
2025-11-15 13:06:36.964964: Epoch time: 252.1 s
2025-11-15 13:06:38.043848: 
2025-11-15 13:06:38.044046: Epoch 508
2025-11-15 13:06:38.044168: Current learning rate: 0.00528
2025-11-15 13:10:50.143456: train_loss -0.6791
2025-11-15 13:10:50.143754: val_loss -0.6711
2025-11-15 13:10:50.143866: Pseudo dice [np.float32(0.9188), np.float32(0.7711), np.float32(0.0)]
2025-11-15 13:10:50.143971: Epoch time: 252.1 s
2025-11-15 13:10:51.220186: 
2025-11-15 13:10:51.220465: Epoch 509
2025-11-15 13:10:51.220593: Current learning rate: 0.00527
2025-11-15 13:15:02.816656: train_loss -0.6863
2025-11-15 13:15:02.816924: val_loss -0.6849
2025-11-15 13:15:02.817025: Pseudo dice [np.float32(0.9191), np.float32(0.7677), np.float32(0.0)]
2025-11-15 13:15:02.817128: Epoch time: 251.6 s
2025-11-15 13:15:03.904954: 
2025-11-15 13:15:03.905143: Epoch 510
2025-11-15 13:15:03.905261: Current learning rate: 0.00526
2025-11-15 13:19:15.632293: train_loss -0.6777
2025-11-15 13:19:15.632547: val_loss -0.658
2025-11-15 13:19:15.632645: Pseudo dice [np.float32(0.9152), np.float32(0.7634), np.float32(0.0)]
2025-11-15 13:19:15.632746: Epoch time: 251.73 s
2025-11-15 13:19:17.101439: 
2025-11-15 13:19:17.101660: Epoch 511
2025-11-15 13:19:17.101781: Current learning rate: 0.00525
2025-11-15 13:23:29.095463: train_loss -0.6692
2025-11-15 13:23:29.095726: val_loss -0.6707
2025-11-15 13:23:29.095825: Pseudo dice [np.float32(0.921), np.float32(0.7613), np.float32(0.0)]
2025-11-15 13:23:29.095926: Epoch time: 251.99 s
2025-11-15 13:23:30.159104: 
2025-11-15 13:23:30.159341: Epoch 512
2025-11-15 13:23:30.159458: Current learning rate: 0.00524
2025-11-15 13:27:42.102491: train_loss -0.674
2025-11-15 13:27:42.102766: val_loss -0.654
2025-11-15 13:27:42.102872: Pseudo dice [np.float32(0.924), np.float32(0.7702), np.float32(0.0)]
2025-11-15 13:27:42.102975: Epoch time: 251.94 s
2025-11-15 13:27:43.186332: 
2025-11-15 13:27:43.186551: Epoch 513
2025-11-15 13:27:43.186714: Current learning rate: 0.00523
2025-11-15 13:31:54.835204: train_loss -0.6948
2025-11-15 13:31:54.835908: val_loss -0.6594
2025-11-15 13:31:54.836066: Pseudo dice [np.float32(0.9238), np.float32(0.7545), np.float32(0.0)]
2025-11-15 13:31:54.836167: Epoch time: 251.65 s
2025-11-15 13:31:55.914496: 
2025-11-15 13:31:55.914746: Epoch 514
2025-11-15 13:31:55.914879: Current learning rate: 0.00522
2025-11-15 13:36:07.906553: train_loss -0.6892
2025-11-15 13:36:07.906826: val_loss -0.6428
2025-11-15 13:36:07.906933: Pseudo dice [np.float32(0.9135), np.float32(0.7725), np.float32(0.0)]
2025-11-15 13:36:07.907037: Epoch time: 251.99 s
2025-11-15 13:36:08.994920: 
2025-11-15 13:36:08.995138: Epoch 515
2025-11-15 13:36:08.995256: Current learning rate: 0.00521
2025-11-15 13:40:20.629819: train_loss -0.6991
2025-11-15 13:40:20.630124: val_loss -0.6315
2025-11-15 13:40:20.630226: Pseudo dice [np.float32(0.9152), np.float32(0.7616), np.float32(0.0)]
2025-11-15 13:40:20.630336: Epoch time: 251.64 s
2025-11-15 13:40:21.720634: 
2025-11-15 13:40:21.720900: Epoch 516
2025-11-15 13:40:21.721022: Current learning rate: 0.0052
2025-11-15 13:44:33.681993: train_loss -0.6739
2025-11-15 13:44:33.682250: val_loss -0.6539
2025-11-15 13:44:33.682362: Pseudo dice [np.float32(0.9212), np.float32(0.7693), np.float32(0.0)]
2025-11-15 13:44:33.682464: Epoch time: 251.96 s
2025-11-15 13:44:34.762658: 
2025-11-15 13:44:34.762965: Epoch 517
2025-11-15 13:44:34.763171: Current learning rate: 0.00519
2025-11-15 13:48:46.960875: train_loss -0.6995
2025-11-15 13:48:46.961135: val_loss -0.6508
2025-11-15 13:48:46.961237: Pseudo dice [np.float32(0.9138), np.float32(0.7561), np.float32(0.0)]
2025-11-15 13:48:46.961346: Epoch time: 252.2 s
2025-11-15 13:48:48.043579: 
2025-11-15 13:48:48.043829: Epoch 518
2025-11-15 13:48:48.043961: Current learning rate: 0.00518
2025-11-15 13:52:59.942576: train_loss -0.6838
2025-11-15 13:52:59.942858: val_loss -0.7044
2025-11-15 13:52:59.942961: Pseudo dice [np.float32(0.9207), np.float32(0.7574), np.float32(0.0)]
2025-11-15 13:52:59.943062: Epoch time: 251.9 s
2025-11-15 13:53:01.028994: 
2025-11-15 13:53:01.029185: Epoch 519
2025-11-15 13:53:01.029312: Current learning rate: 0.00518
2025-11-15 13:57:12.907368: train_loss -0.6963
2025-11-15 13:57:12.907629: val_loss -0.6816
2025-11-15 13:57:12.907779: Pseudo dice [np.float32(0.9177), np.float32(0.7526), np.float32(0.0)]
2025-11-15 13:57:12.907887: Epoch time: 251.88 s
2025-11-15 13:57:13.911343: 
2025-11-15 13:57:13.911612: Epoch 520
2025-11-15 13:57:13.911757: Current learning rate: 0.00517
2025-11-15 14:01:25.373827: train_loss -0.6838
2025-11-15 14:01:25.374073: val_loss -0.6289
2025-11-15 14:01:25.374177: Pseudo dice [np.float32(0.9202), np.float32(0.7622), np.float32(0.0)]
2025-11-15 14:01:25.374285: Epoch time: 251.46 s
2025-11-15 14:01:26.461094: 
2025-11-15 14:01:26.461279: Epoch 521
2025-11-15 14:01:26.461401: Current learning rate: 0.00516
2025-11-15 14:05:38.279735: train_loss -0.6844
2025-11-15 14:05:38.279996: val_loss -0.6346
2025-11-15 14:05:38.280096: Pseudo dice [np.float32(0.9224), np.float32(0.7527), np.float32(0.0)]
2025-11-15 14:05:38.280195: Epoch time: 251.82 s
2025-11-15 14:05:39.350167: 
2025-11-15 14:05:39.350361: Epoch 522
2025-11-15 14:05:39.350485: Current learning rate: 0.00515
2025-11-15 14:09:51.030306: train_loss -0.6889
2025-11-15 14:09:51.030560: val_loss -0.6407
2025-11-15 14:09:51.030663: Pseudo dice [np.float32(0.9223), np.float32(0.7636), np.float32(0.0)]
2025-11-15 14:09:51.030766: Epoch time: 251.68 s
2025-11-15 14:09:52.404510: 
2025-11-15 14:09:52.404758: Epoch 523
2025-11-15 14:09:52.404891: Current learning rate: 0.00514
2025-11-15 14:14:04.056588: train_loss -0.6818
2025-11-15 14:14:04.056870: val_loss -0.6445
2025-11-15 14:14:04.056974: Pseudo dice [np.float32(0.9009), np.float32(0.7428), np.float32(0.0)]
2025-11-15 14:14:04.057076: Epoch time: 251.65 s
2025-11-15 14:14:05.131891: 
2025-11-15 14:14:05.132165: Epoch 524
2025-11-15 14:14:05.132298: Current learning rate: 0.00513
2025-11-15 14:18:17.058952: train_loss -0.6864
2025-11-15 14:18:17.059353: val_loss -0.6478
2025-11-15 14:18:17.059461: Pseudo dice [np.float32(0.9227), np.float32(0.7645), np.float32(0.0)]
2025-11-15 14:18:17.059565: Epoch time: 251.93 s
2025-11-15 14:18:18.132812: 
2025-11-15 14:18:18.133052: Epoch 525
2025-11-15 14:18:18.133178: Current learning rate: 0.00512
2025-11-15 14:22:29.729781: train_loss -0.689
2025-11-15 14:22:29.730068: val_loss -0.6631
2025-11-15 14:22:29.730173: Pseudo dice [np.float32(0.9165), np.float32(0.7619), np.float32(0.0)]
2025-11-15 14:22:29.730281: Epoch time: 251.6 s
2025-11-15 14:22:30.818497: 
2025-11-15 14:22:30.818722: Epoch 526
2025-11-15 14:22:30.818902: Current learning rate: 0.00511
2025-11-15 14:26:42.471357: train_loss -0.6942
2025-11-15 14:26:42.471611: val_loss -0.6977
2025-11-15 14:26:42.471711: Pseudo dice [np.float32(0.9177), np.float32(0.769), np.float32(0.0)]
2025-11-15 14:26:42.471809: Epoch time: 251.65 s
2025-11-15 14:26:43.555521: 
2025-11-15 14:26:43.555807: Epoch 527
2025-11-15 14:26:43.555941: Current learning rate: 0.0051
2025-11-15 14:30:55.334758: train_loss -0.7029
2025-11-15 14:30:55.335027: val_loss -0.6472
2025-11-15 14:30:55.335128: Pseudo dice [np.float32(0.9164), np.float32(0.768), np.float32(0.0)]
2025-11-15 14:30:55.335228: Epoch time: 251.78 s
2025-11-15 14:30:56.416466: 
2025-11-15 14:30:56.416669: Epoch 528
2025-11-15 14:30:56.416805: Current learning rate: 0.00509
2025-11-15 14:35:08.296139: train_loss -0.7014
2025-11-15 14:35:08.296402: val_loss -0.6411
2025-11-15 14:35:08.296501: Pseudo dice [np.float32(0.9179), np.float32(0.7587), np.float32(0.0)]
2025-11-15 14:35:08.296600: Epoch time: 251.88 s
2025-11-15 14:35:09.369793: 
2025-11-15 14:35:09.369998: Epoch 529
2025-11-15 14:35:09.370124: Current learning rate: 0.00508
2025-11-15 14:39:21.294931: train_loss -0.6822
2025-11-15 14:39:21.295202: val_loss -0.6249
2025-11-15 14:39:21.295312: Pseudo dice [np.float32(0.9125), np.float32(0.7584), np.float32(0.0)]
2025-11-15 14:39:21.295413: Epoch time: 251.93 s
2025-11-15 14:39:22.381221: 
2025-11-15 14:39:22.381548: Epoch 530
2025-11-15 14:39:22.381690: Current learning rate: 0.00507
2025-11-15 14:43:34.131748: train_loss -0.673
2025-11-15 14:43:34.132000: val_loss -0.6829
2025-11-15 14:43:34.132099: Pseudo dice [np.float32(0.9212), np.float32(0.7625), np.float32(0.0)]
2025-11-15 14:43:34.132196: Epoch time: 251.75 s
2025-11-15 14:43:35.231975: 
2025-11-15 14:43:35.232187: Epoch 531
2025-11-15 14:43:35.232317: Current learning rate: 0.00506
2025-11-15 14:47:47.245333: train_loss -0.678
2025-11-15 14:47:47.245608: val_loss -0.6749
2025-11-15 14:47:47.245711: Pseudo dice [np.float32(0.9156), np.float32(0.7527), np.float32(0.0)]
2025-11-15 14:47:47.245812: Epoch time: 252.01 s
2025-11-15 14:47:48.259895: 
2025-11-15 14:47:48.260082: Epoch 532
2025-11-15 14:47:48.260203: Current learning rate: 0.00505
2025-11-15 14:52:00.249236: train_loss -0.6804
2025-11-15 14:52:00.249500: val_loss -0.6425
2025-11-15 14:52:00.249603: Pseudo dice [np.float32(0.918), np.float32(0.756), np.float32(0.0)]
2025-11-15 14:52:00.249703: Epoch time: 251.99 s
2025-11-15 14:52:01.321621: 
2025-11-15 14:52:01.321823: Epoch 533
2025-11-15 14:52:01.321944: Current learning rate: 0.00504
2025-11-15 14:56:13.453613: train_loss -0.7006
2025-11-15 14:56:13.453874: val_loss -0.6254
2025-11-15 14:56:13.453973: Pseudo dice [np.float32(0.9245), np.float32(0.7628), np.float32(0.0)]
2025-11-15 14:56:13.454075: Epoch time: 252.13 s
2025-11-15 14:56:14.535074: 
2025-11-15 14:56:14.535270: Epoch 534
2025-11-15 14:56:14.535395: Current learning rate: 0.00503
2025-11-15 15:00:26.270217: train_loss -0.7031
2025-11-15 15:00:26.270488: val_loss -0.628
2025-11-15 15:00:26.270587: Pseudo dice [np.float32(0.92), np.float32(0.7575), np.float32(0.0)]
2025-11-15 15:00:26.270685: Epoch time: 251.74 s
2025-11-15 15:00:27.349151: 
2025-11-15 15:00:27.349451: Epoch 535
2025-11-15 15:00:27.349632: Current learning rate: 0.00502
2025-11-15 15:04:39.515062: train_loss -0.6857
2025-11-15 15:04:39.515371: val_loss -0.6749
2025-11-15 15:04:39.515478: Pseudo dice [np.float32(0.9223), np.float32(0.7555), np.float32(0.0)]
2025-11-15 15:04:39.515579: Epoch time: 252.17 s
2025-11-15 15:04:40.520650: 
2025-11-15 15:04:40.520963: Epoch 536
2025-11-15 15:04:40.521096: Current learning rate: 0.00501
2025-11-15 15:08:52.203577: train_loss -0.6943
2025-11-15 15:08:52.203853: val_loss -0.6566
2025-11-15 15:08:52.203964: Pseudo dice [np.float32(0.9161), np.float32(0.7538), np.float32(0.0)]
2025-11-15 15:08:52.204065: Epoch time: 251.68 s
2025-11-15 15:08:53.270047: 
2025-11-15 15:08:53.270278: Epoch 537
2025-11-15 15:08:53.270401: Current learning rate: 0.005
2025-11-15 15:13:04.823587: train_loss -0.6954
2025-11-15 15:13:04.823838: val_loss -0.6916
2025-11-15 15:13:04.823944: Pseudo dice [np.float32(0.9239), np.float32(0.7659), np.float32(0.0)]
2025-11-15 15:13:04.824045: Epoch time: 251.55 s
2025-11-15 15:13:05.839544: 
2025-11-15 15:13:05.839779: Epoch 538
2025-11-15 15:13:05.839901: Current learning rate: 0.00499
2025-11-15 15:17:17.561206: train_loss -0.7005
2025-11-15 15:17:17.561527: val_loss -0.614
2025-11-15 15:17:17.561635: Pseudo dice [np.float32(0.9038), np.float32(0.777), np.float32(0.0)]
2025-11-15 15:17:17.561741: Epoch time: 251.72 s
2025-11-15 15:17:18.656058: 
2025-11-15 15:17:18.656286: Epoch 539
2025-11-15 15:17:18.656411: Current learning rate: 0.00498
2025-11-15 15:21:30.417388: train_loss -0.6655
2025-11-15 15:21:30.417659: val_loss -0.6248
2025-11-15 15:21:30.417759: Pseudo dice [np.float32(0.9114), np.float32(0.7726), np.float32(0.0)]
2025-11-15 15:21:30.417861: Epoch time: 251.76 s
2025-11-15 15:21:31.508983: 
2025-11-15 15:21:31.509308: Epoch 540
2025-11-15 15:21:31.509439: Current learning rate: 0.00497
2025-11-15 15:25:42.934392: train_loss -0.6872
2025-11-15 15:25:42.934653: val_loss -0.6718
2025-11-15 15:25:42.934754: Pseudo dice [np.float32(0.917), np.float32(0.7479), np.float32(0.0)]
2025-11-15 15:25:42.934855: Epoch time: 251.43 s
2025-11-15 15:25:44.012389: 
2025-11-15 15:25:44.012590: Epoch 541
2025-11-15 15:25:44.012702: Current learning rate: 0.00496
2025-11-15 15:29:55.747731: train_loss -0.6927
2025-11-15 15:29:55.747994: val_loss -0.6782
2025-11-15 15:29:55.748094: Pseudo dice [np.float32(0.9152), np.float32(0.7662), np.float32(0.0)]
2025-11-15 15:29:55.748203: Epoch time: 251.74 s
2025-11-15 15:29:56.830136: 
2025-11-15 15:29:56.830359: Epoch 542
2025-11-15 15:29:56.830480: Current learning rate: 0.00495
2025-11-15 15:34:08.451836: train_loss -0.6907
2025-11-15 15:34:08.452101: val_loss -0.6493
2025-11-15 15:34:08.452203: Pseudo dice [np.float32(0.9163), np.float32(0.772), np.float32(0.0)]
2025-11-15 15:34:08.452315: Epoch time: 251.62 s
2025-11-15 15:34:09.542318: 
2025-11-15 15:34:09.542518: Epoch 543
2025-11-15 15:34:09.542633: Current learning rate: 0.00494
2025-11-15 15:38:21.376248: train_loss -0.6792
2025-11-15 15:38:21.376575: val_loss -0.6759
2025-11-15 15:38:21.376677: Pseudo dice [np.float32(0.929), np.float32(0.7697), np.float32(0.0)]
2025-11-15 15:38:21.376777: Epoch time: 251.83 s
2025-11-15 15:38:22.457872: 
2025-11-15 15:38:22.458112: Epoch 544
2025-11-15 15:38:22.458242: Current learning rate: 0.00493
2025-11-15 15:42:34.207356: train_loss -0.702
2025-11-15 15:42:34.207630: val_loss -0.6617
2025-11-15 15:42:34.207731: Pseudo dice [np.float32(0.9183), np.float32(0.7648), np.float32(0.0)]
2025-11-15 15:42:34.212954: Epoch time: 251.75 s
2025-11-15 15:42:35.291881: 
2025-11-15 15:42:35.292109: Epoch 545
2025-11-15 15:42:35.292238: Current learning rate: 0.00492
2025-11-15 15:46:46.976862: train_loss -0.6903
2025-11-15 15:46:46.977208: val_loss -0.6369
2025-11-15 15:46:46.977330: Pseudo dice [np.float32(0.922), np.float32(0.765), np.float32(0.0)]
2025-11-15 15:46:46.977433: Epoch time: 251.69 s
2025-11-15 15:46:48.060502: 
2025-11-15 15:46:48.060687: Epoch 546
2025-11-15 15:46:48.060803: Current learning rate: 0.00491
2025-11-15 15:51:00.045019: train_loss -0.696
2025-11-15 15:51:00.045264: val_loss -0.6559
2025-11-15 15:51:00.045374: Pseudo dice [np.float32(0.9158), np.float32(0.7522), np.float32(0.0)]
2025-11-15 15:51:00.045534: Epoch time: 251.99 s
2025-11-15 15:51:01.129426: 
2025-11-15 15:51:01.129639: Epoch 547
2025-11-15 15:51:01.129771: Current learning rate: 0.0049
2025-11-15 15:55:12.846704: train_loss -0.6938
2025-11-15 15:55:12.846970: val_loss -0.6481
2025-11-15 15:55:12.847070: Pseudo dice [np.float32(0.9224), np.float32(0.7628), np.float32(0.0)]
2025-11-15 15:55:12.847173: Epoch time: 251.72 s
2025-11-15 15:55:14.319337: 
2025-11-15 15:55:14.319562: Epoch 548
2025-11-15 15:55:14.319681: Current learning rate: 0.00489
2025-11-15 15:59:26.591294: train_loss -0.6933
2025-11-15 15:59:26.591561: val_loss -0.673
2025-11-15 15:59:26.591663: Pseudo dice [np.float32(0.9129), np.float32(0.7747), np.float32(0.0)]
2025-11-15 15:59:26.591765: Epoch time: 252.27 s
2025-11-15 15:59:27.667316: 
2025-11-15 15:59:27.667533: Epoch 549
2025-11-15 15:59:27.667652: Current learning rate: 0.00488
2025-11-15 16:03:39.511439: train_loss -0.6865
2025-11-15 16:03:39.511705: val_loss -0.616
2025-11-15 16:03:39.511857: Pseudo dice [np.float32(0.9057), np.float32(0.7514), np.float32(0.0)]
2025-11-15 16:03:39.511966: Epoch time: 251.85 s
2025-11-15 16:03:40.952472: 
2025-11-15 16:03:40.952685: Epoch 550
2025-11-15 16:03:40.952797: Current learning rate: 0.00487
2025-11-15 16:07:52.321800: train_loss -0.6971
2025-11-15 16:07:52.322051: val_loss -0.6424
2025-11-15 16:07:52.322154: Pseudo dice [np.float32(0.9235), np.float32(0.7621), np.float32(0.0)]
2025-11-15 16:07:52.322252: Epoch time: 251.37 s
2025-11-15 16:07:53.410153: 
2025-11-15 16:07:53.410370: Epoch 551
2025-11-15 16:07:53.410544: Current learning rate: 0.00486
2025-11-15 16:12:05.038151: train_loss -0.6667
2025-11-15 16:12:05.038424: val_loss -0.6681
2025-11-15 16:12:05.038528: Pseudo dice [np.float32(0.9007), np.float32(0.7578), np.float32(0.0)]
2025-11-15 16:12:05.038630: Epoch time: 251.63 s
2025-11-15 16:12:06.132163: 
2025-11-15 16:12:06.132437: Epoch 552
2025-11-15 16:12:06.132556: Current learning rate: 0.00485
2025-11-15 16:16:17.884019: train_loss -0.7056
2025-11-15 16:16:17.884299: val_loss -0.639
2025-11-15 16:16:17.884403: Pseudo dice [np.float32(0.9228), np.float32(0.7576), np.float32(0.0)]
2025-11-15 16:16:17.884505: Epoch time: 251.75 s
2025-11-15 16:16:18.975955: 
2025-11-15 16:16:18.976166: Epoch 553
2025-11-15 16:16:18.976289: Current learning rate: 0.00484
2025-11-15 16:20:30.811253: train_loss -0.6843
2025-11-15 16:20:30.811552: val_loss -0.6972
2025-11-15 16:20:30.811660: Pseudo dice [np.float32(0.9275), np.float32(0.7701), np.float32(0.0)]
2025-11-15 16:20:30.811763: Epoch time: 251.84 s
2025-11-15 16:20:31.894352: 
2025-11-15 16:20:31.894566: Epoch 554
2025-11-15 16:20:31.894689: Current learning rate: 0.00484
2025-11-15 16:24:44.136939: train_loss -0.6748
2025-11-15 16:24:44.137187: val_loss -0.6479
2025-11-15 16:24:44.137296: Pseudo dice [np.float32(0.9311), np.float32(0.7841), np.float32(0.0)]
2025-11-15 16:24:44.137399: Epoch time: 252.24 s
2025-11-15 16:24:45.231631: 
2025-11-15 16:24:45.231846: Epoch 555
2025-11-15 16:24:45.231965: Current learning rate: 0.00483
2025-11-15 16:28:56.887378: train_loss -0.687
2025-11-15 16:28:56.887642: val_loss -0.6729
2025-11-15 16:28:56.887806: Pseudo dice [np.float32(0.9161), np.float32(0.7678), np.float32(0.0)]
2025-11-15 16:28:56.887919: Epoch time: 251.66 s
2025-11-15 16:28:57.967934: 
2025-11-15 16:28:57.968143: Epoch 556
2025-11-15 16:28:57.968277: Current learning rate: 0.00482
2025-11-15 16:33:09.785057: train_loss -0.6827
2025-11-15 16:33:09.785342: val_loss -0.6599
2025-11-15 16:33:09.785467: Pseudo dice [np.float32(0.9228), np.float32(0.756), np.float32(0.0)]
2025-11-15 16:33:09.785577: Epoch time: 251.82 s
2025-11-15 16:33:10.789781: 
2025-11-15 16:33:10.789961: Epoch 557
2025-11-15 16:33:10.790078: Current learning rate: 0.00481
2025-11-15 16:37:22.614385: train_loss -0.6979
2025-11-15 16:37:22.614641: val_loss -0.6633
2025-11-15 16:37:22.614794: Pseudo dice [np.float32(0.9164), np.float32(0.7462), np.float32(0.0)]
2025-11-15 16:37:22.614899: Epoch time: 251.83 s
2025-11-15 16:37:23.695003: 
2025-11-15 16:37:23.695206: Epoch 558
2025-11-15 16:37:23.695329: Current learning rate: 0.0048
2025-11-15 16:41:35.577296: train_loss -0.6957
2025-11-15 16:41:35.577572: val_loss -0.6623
2025-11-15 16:41:35.577735: Pseudo dice [np.float32(0.9184), np.float32(0.7632), np.float32(0.0)]
2025-11-15 16:41:35.577842: Epoch time: 251.88 s
2025-11-15 16:41:36.659586: 
2025-11-15 16:41:36.659770: Epoch 559
2025-11-15 16:41:36.659888: Current learning rate: 0.00479
2025-11-15 16:45:48.411666: train_loss -0.6877
2025-11-15 16:45:48.411901: val_loss -0.6757
2025-11-15 16:45:48.411991: Pseudo dice [np.float32(0.9255), np.float32(0.7705), np.float32(0.0)]
2025-11-15 16:45:48.412080: Epoch time: 251.75 s
2025-11-15 16:45:49.892339: 
2025-11-15 16:45:49.892567: Epoch 560
2025-11-15 16:45:49.892697: Current learning rate: 0.00478
2025-11-15 16:50:01.802172: train_loss -0.6854
2025-11-15 16:50:01.802757: val_loss -0.667
2025-11-15 16:50:01.802867: Pseudo dice [np.float32(0.9272), np.float32(0.7624), np.float32(0.0)]
2025-11-15 16:50:01.802975: Epoch time: 251.91 s
2025-11-15 16:50:02.881462: 
2025-11-15 16:50:02.881674: Epoch 561
2025-11-15 16:50:02.881794: Current learning rate: 0.00477
2025-11-15 16:54:14.354533: train_loss -0.6785
2025-11-15 16:54:14.354790: val_loss -0.6418
2025-11-15 16:54:14.354890: Pseudo dice [np.float32(0.9134), np.float32(0.7634), np.float32(0.0)]
2025-11-15 16:54:14.354990: Epoch time: 251.47 s
2025-11-15 16:54:15.439245: 
2025-11-15 16:54:15.439532: Epoch 562
2025-11-15 16:54:15.439671: Current learning rate: 0.00476
2025-11-15 16:58:27.068137: train_loss -0.6859
2025-11-15 16:58:27.068423: val_loss -0.6726
2025-11-15 16:58:27.068525: Pseudo dice [np.float32(0.9121), np.float32(0.7606), np.float32(0.0)]
2025-11-15 16:58:27.068625: Epoch time: 251.63 s
2025-11-15 16:58:28.151991: 
2025-11-15 16:58:28.152203: Epoch 563
2025-11-15 16:58:28.152331: Current learning rate: 0.00475
2025-11-15 17:02:39.772062: train_loss -0.702
2025-11-15 17:02:39.772343: val_loss -0.6556
2025-11-15 17:02:39.772453: Pseudo dice [np.float32(0.9147), np.float32(0.7719), np.float32(0.0)]
2025-11-15 17:02:39.772580: Epoch time: 251.62 s
2025-11-15 17:02:40.847777: 
2025-11-15 17:02:40.847993: Epoch 564
2025-11-15 17:02:40.848114: Current learning rate: 0.00474
2025-11-15 17:06:52.868966: train_loss -0.6859
2025-11-15 17:06:52.869237: val_loss -0.6709
2025-11-15 17:06:52.869349: Pseudo dice [np.float32(0.9161), np.float32(0.7539), np.float32(0.0)]
2025-11-15 17:06:52.869452: Epoch time: 252.02 s
2025-11-15 17:06:53.950847: 
2025-11-15 17:06:53.951077: Epoch 565
2025-11-15 17:06:53.951210: Current learning rate: 0.00473
2025-11-15 17:11:05.457052: train_loss -0.692
2025-11-15 17:11:05.457328: val_loss -0.6686
2025-11-15 17:11:05.457428: Pseudo dice [np.float32(0.907), np.float32(0.7559), np.float32(0.0)]
2025-11-15 17:11:05.457528: Epoch time: 251.51 s
2025-11-15 17:11:06.529952: 
2025-11-15 17:11:06.530153: Epoch 566
2025-11-15 17:11:06.530266: Current learning rate: 0.00472
2025-11-15 17:15:18.763015: train_loss -0.6968
2025-11-15 17:15:18.763339: val_loss -0.6706
2025-11-15 17:15:18.763454: Pseudo dice [np.float32(0.9215), np.float32(0.7751), np.float32(0.0)]
2025-11-15 17:15:18.763557: Epoch time: 252.23 s
2025-11-15 17:15:19.857240: 
2025-11-15 17:15:19.857461: Epoch 567
2025-11-15 17:15:19.857607: Current learning rate: 0.00471
2025-11-15 17:19:31.376418: train_loss -0.6927
2025-11-15 17:19:31.376684: val_loss -0.7212
2025-11-15 17:19:31.376786: Pseudo dice [np.float32(0.9175), np.float32(0.762), np.float32(0.0)]
2025-11-15 17:19:31.376889: Epoch time: 251.52 s
2025-11-15 17:19:32.465524: 
2025-11-15 17:19:32.465750: Epoch 568
2025-11-15 17:19:32.465901: Current learning rate: 0.0047
2025-11-15 17:23:44.676472: train_loss -0.7071
2025-11-15 17:23:44.676718: val_loss -0.6343
2025-11-15 17:23:44.676821: Pseudo dice [np.float32(0.9217), np.float32(0.7546), np.float32(0.0)]
2025-11-15 17:23:44.676923: Epoch time: 252.21 s
2025-11-15 17:23:45.766415: 
2025-11-15 17:23:45.766677: Epoch 569
2025-11-15 17:23:45.766805: Current learning rate: 0.00469
2025-11-15 17:27:57.425116: train_loss -0.6915
2025-11-15 17:27:57.425399: val_loss -0.6571
2025-11-15 17:27:57.425500: Pseudo dice [np.float32(0.9137), np.float32(0.7617), np.float32(0.0)]
2025-11-15 17:27:57.425603: Epoch time: 251.66 s
2025-11-15 17:27:58.499347: 
2025-11-15 17:27:58.499547: Epoch 570
2025-11-15 17:27:58.499669: Current learning rate: 0.00468
2025-11-15 17:32:10.409679: train_loss -0.6944
2025-11-15 17:32:10.409940: val_loss -0.6455
2025-11-15 17:32:10.410042: Pseudo dice [np.float32(0.9112), np.float32(0.7623), np.float32(0.0)]
2025-11-15 17:32:10.410142: Epoch time: 251.91 s
2025-11-15 17:32:11.497799: 
2025-11-15 17:32:11.498009: Epoch 571
2025-11-15 17:32:11.498129: Current learning rate: 0.00467
2025-11-15 17:36:23.207205: train_loss -0.6911
2025-11-15 17:36:23.207465: val_loss -0.6342
2025-11-15 17:36:23.207568: Pseudo dice [np.float32(0.9226), np.float32(0.7517), np.float32(0.0)]
2025-11-15 17:36:23.207668: Epoch time: 251.71 s
2025-11-15 17:36:24.290149: 
2025-11-15 17:36:24.290380: Epoch 572
2025-11-15 17:36:24.290502: Current learning rate: 0.00466
2025-11-15 17:40:35.823087: train_loss -0.6815
2025-11-15 17:40:35.823361: val_loss -0.6503
2025-11-15 17:40:35.823469: Pseudo dice [np.float32(0.9148), np.float32(0.7588), np.float32(0.0)]
2025-11-15 17:40:35.823647: Epoch time: 251.53 s
2025-11-15 17:40:37.323587: 
2025-11-15 17:40:37.323819: Epoch 573
2025-11-15 17:40:37.323937: Current learning rate: 0.00465
2025-11-15 17:44:48.900204: train_loss -0.6803
2025-11-15 17:44:48.900477: val_loss -0.6603
2025-11-15 17:44:48.900578: Pseudo dice [np.float32(0.9173), np.float32(0.7616), np.float32(0.0)]
2025-11-15 17:44:48.900678: Epoch time: 251.58 s
2025-11-15 17:44:49.997521: 
2025-11-15 17:44:49.997757: Epoch 574
2025-11-15 17:44:49.997880: Current learning rate: 0.00464
2025-11-15 17:49:01.934062: train_loss -0.689
2025-11-15 17:49:01.934343: val_loss -0.7028
2025-11-15 17:49:01.934450: Pseudo dice [np.float32(0.9179), np.float32(0.7615), np.float32(0.0)]
2025-11-15 17:49:01.934553: Epoch time: 251.94 s
2025-11-15 17:49:03.016395: 
2025-11-15 17:49:03.016607: Epoch 575
2025-11-15 17:49:03.016729: Current learning rate: 0.00463
2025-11-15 17:53:14.653570: train_loss -0.6931
2025-11-15 17:53:14.653859: val_loss -0.6241
2025-11-15 17:53:14.653961: Pseudo dice [np.float32(0.915), np.float32(0.7554), np.float32(0.0)]
2025-11-15 17:53:14.654071: Epoch time: 251.64 s
2025-11-15 17:53:15.750211: 
2025-11-15 17:53:15.750468: Epoch 576
2025-11-15 17:53:15.750581: Current learning rate: 0.00462
2025-11-15 17:57:27.405757: train_loss -0.6995
2025-11-15 17:57:27.406021: val_loss -0.6541
2025-11-15 17:57:27.406120: Pseudo dice [np.float32(0.9189), np.float32(0.7651), np.float32(0.0)]
2025-11-15 17:57:27.406220: Epoch time: 251.66 s
2025-11-15 17:57:28.495184: 
2025-11-15 17:57:28.495412: Epoch 577
2025-11-15 17:57:28.495534: Current learning rate: 0.00461
2025-11-15 18:01:40.009915: train_loss -0.6902
2025-11-15 18:01:40.010189: val_loss -0.6835
2025-11-15 18:01:40.010298: Pseudo dice [np.float32(0.9205), np.float32(0.7663), np.float32(0.0)]
2025-11-15 18:01:40.010400: Epoch time: 251.52 s
2025-11-15 18:01:41.109352: 
2025-11-15 18:01:41.109562: Epoch 578
2025-11-15 18:01:41.109686: Current learning rate: 0.0046
2025-11-15 18:05:53.059554: train_loss -0.7004
2025-11-15 18:05:53.059815: val_loss -0.6574
2025-11-15 18:05:53.059917: Pseudo dice [np.float32(0.9182), np.float32(0.7641), np.float32(0.0)]
2025-11-15 18:05:53.060019: Epoch time: 251.95 s
2025-11-15 18:05:54.150173: 
2025-11-15 18:05:54.150443: Epoch 579
2025-11-15 18:05:54.150566: Current learning rate: 0.00459
2025-11-15 18:10:06.124635: train_loss -0.7104
2025-11-15 18:10:06.124960: val_loss -0.7079
2025-11-15 18:10:06.125065: Pseudo dice [np.float32(0.9261), np.float32(0.7732), np.float32(0.0)]
2025-11-15 18:10:06.125168: Epoch time: 251.98 s
2025-11-15 18:10:07.215113: 
2025-11-15 18:10:07.215329: Epoch 580
2025-11-15 18:10:07.215447: Current learning rate: 0.00458
2025-11-15 18:14:18.981887: train_loss -0.7044
2025-11-15 18:14:18.982158: val_loss -0.645
2025-11-15 18:14:18.982260: Pseudo dice [np.float32(0.9186), np.float32(0.763), np.float32(0.0)]
2025-11-15 18:14:18.982368: Epoch time: 251.77 s
2025-11-15 18:14:20.071874: 
2025-11-15 18:14:20.072241: Epoch 581
2025-11-15 18:14:20.072402: Current learning rate: 0.00457
2025-11-15 18:18:31.900115: train_loss -0.691
2025-11-15 18:18:31.900391: val_loss -0.6543
2025-11-15 18:18:31.900490: Pseudo dice [np.float32(0.9202), np.float32(0.7666), np.float32(0.0)]
2025-11-15 18:18:31.900591: Epoch time: 251.83 s
2025-11-15 18:18:32.996192: 
2025-11-15 18:18:32.996455: Epoch 582
2025-11-15 18:18:32.996589: Current learning rate: 0.00456
2025-11-15 18:22:44.713434: train_loss -0.6846
2025-11-15 18:22:44.713702: val_loss -0.6669
2025-11-15 18:22:44.713801: Pseudo dice [np.float32(0.9136), np.float32(0.766), np.float32(0.0)]
2025-11-15 18:22:44.713901: Epoch time: 251.72 s
2025-11-15 18:22:45.804702: 
2025-11-15 18:22:45.804913: Epoch 583
2025-11-15 18:22:45.805038: Current learning rate: 0.00455
2025-11-15 18:26:57.364139: train_loss -0.7125
2025-11-15 18:26:57.364422: val_loss -0.6653
2025-11-15 18:26:57.364538: Pseudo dice [np.float32(0.9225), np.float32(0.7635), np.float32(0.0)]
2025-11-15 18:26:57.364644: Epoch time: 251.56 s
2025-11-15 18:26:58.450021: 
2025-11-15 18:26:58.450222: Epoch 584
2025-11-15 18:26:58.450346: Current learning rate: 0.00454
2025-11-15 18:31:10.356850: train_loss -0.6905
2025-11-15 18:31:10.357132: val_loss -0.6379
2025-11-15 18:31:10.357234: Pseudo dice [np.float32(0.9143), np.float32(0.7613), np.float32(0.0)]
2025-11-15 18:31:10.357347: Epoch time: 251.91 s
2025-11-15 18:31:11.857193: 
2025-11-15 18:31:11.857449: Epoch 585
2025-11-15 18:31:11.857573: Current learning rate: 0.00453
2025-11-15 18:35:23.584532: train_loss -0.695
2025-11-15 18:35:23.584791: val_loss -0.6704
2025-11-15 18:35:23.584897: Pseudo dice [np.float32(0.9322), np.float32(0.7583), np.float32(0.0)]
2025-11-15 18:35:23.585000: Epoch time: 251.73 s
2025-11-15 18:35:24.670533: 
2025-11-15 18:35:24.670773: Epoch 586
2025-11-15 18:35:24.670891: Current learning rate: 0.00452
2025-11-15 18:39:36.477968: train_loss -0.6825
2025-11-15 18:39:36.478297: val_loss -0.6896
2025-11-15 18:39:36.478405: Pseudo dice [np.float32(0.925), np.float32(0.7596), np.float32(0.0)]
2025-11-15 18:39:36.478507: Epoch time: 251.81 s
2025-11-15 18:39:37.565990: 
2025-11-15 18:39:37.566195: Epoch 587
2025-11-15 18:39:37.566322: Current learning rate: 0.00451
2025-11-15 18:43:49.046005: train_loss -0.6992
2025-11-15 18:43:49.046281: val_loss -0.6434
2025-11-15 18:43:49.046384: Pseudo dice [np.float32(0.9048), np.float32(0.7612), np.float32(0.0)]
2025-11-15 18:43:49.046488: Epoch time: 251.48 s
2025-11-15 18:43:50.136576: 
2025-11-15 18:43:50.136860: Epoch 588
2025-11-15 18:43:50.137122: Current learning rate: 0.0045
2025-11-15 18:48:01.927232: train_loss -0.687
2025-11-15 18:48:01.927500: val_loss -0.6454
2025-11-15 18:48:01.927627: Pseudo dice [np.float32(0.9177), np.float32(0.7495), np.float32(0.0)]
2025-11-15 18:48:01.932819: Epoch time: 251.79 s
2025-11-15 18:48:03.027051: 
2025-11-15 18:48:03.027298: Epoch 589
2025-11-15 18:48:03.027431: Current learning rate: 0.00449
2025-11-15 18:52:15.030439: train_loss -0.6953
2025-11-15 18:52:15.030708: val_loss -0.6639
2025-11-15 18:52:15.030807: Pseudo dice [np.float32(0.9219), np.float32(0.7468), np.float32(0.0)]
2025-11-15 18:52:15.030906: Epoch time: 252.0 s
2025-11-15 18:52:16.121704: 
2025-11-15 18:52:16.121956: Epoch 590
2025-11-15 18:52:16.122095: Current learning rate: 0.00448
2025-11-15 18:56:27.935927: train_loss -0.6899
2025-11-15 18:56:27.936187: val_loss -0.6655
2025-11-15 18:56:27.936299: Pseudo dice [np.float32(0.9164), np.float32(0.7548), np.float32(0.0)]
2025-11-15 18:56:27.936512: Epoch time: 251.82 s
2025-11-15 18:56:29.032908: 
2025-11-15 18:56:29.033124: Epoch 591
2025-11-15 18:56:29.033256: Current learning rate: 0.00447
2025-11-15 19:00:40.909558: train_loss -0.6819
2025-11-15 19:00:40.909828: val_loss -0.692
2025-11-15 19:00:40.909930: Pseudo dice [np.float32(0.9264), np.float32(0.7708), np.float32(0.0)]
2025-11-15 19:00:40.910029: Epoch time: 251.88 s
2025-11-15 19:00:41.995760: 
2025-11-15 19:00:41.995973: Epoch 592
2025-11-15 19:00:41.996096: Current learning rate: 0.00446
2025-11-15 19:04:53.814910: train_loss -0.6904
2025-11-15 19:04:53.815150: val_loss -0.6753
2025-11-15 19:04:53.815253: Pseudo dice [np.float32(0.9152), np.float32(0.7737), np.float32(0.0)]
2025-11-15 19:04:53.815365: Epoch time: 251.82 s
2025-11-15 19:04:54.914224: 
2025-11-15 19:04:54.914487: Epoch 593
2025-11-15 19:04:54.914609: Current learning rate: 0.00445
2025-11-15 19:09:06.518446: train_loss -0.6907
2025-11-15 19:09:06.518750: val_loss -0.6618
2025-11-15 19:09:06.518858: Pseudo dice [np.float32(0.9121), np.float32(0.7643), np.float32(0.0)]
2025-11-15 19:09:06.518960: Epoch time: 251.61 s
2025-11-15 19:09:07.611282: 
2025-11-15 19:09:07.611480: Epoch 594
2025-11-15 19:09:07.611600: Current learning rate: 0.00444
2025-11-15 19:13:19.841389: train_loss -0.7089
2025-11-15 19:13:19.841661: val_loss -0.6732
2025-11-15 19:13:19.841760: Pseudo dice [np.float32(0.9144), np.float32(0.7645), np.float32(0.0)]
2025-11-15 19:13:19.841859: Epoch time: 252.23 s
2025-11-15 19:13:20.929402: 
2025-11-15 19:13:20.929596: Epoch 595
2025-11-15 19:13:20.929753: Current learning rate: 0.00443
2025-11-15 19:17:32.645168: train_loss -0.6885
2025-11-15 19:17:32.645454: val_loss -0.6671
2025-11-15 19:17:32.645558: Pseudo dice [np.float32(0.9155), np.float32(0.7667), np.float32(0.0)]
2025-11-15 19:17:32.645662: Epoch time: 251.72 s
2025-11-15 19:17:33.742201: 
2025-11-15 19:17:33.742412: Epoch 596
2025-11-15 19:17:33.742538: Current learning rate: 0.00442
2025-11-15 19:21:45.496263: train_loss -0.6968
2025-11-15 19:21:45.496535: val_loss -0.6626
2025-11-15 19:21:45.496635: Pseudo dice [np.float32(0.9217), np.float32(0.7562), np.float32(0.0)]
2025-11-15 19:21:45.496735: Epoch time: 251.75 s
2025-11-15 19:21:46.994889: 
2025-11-15 19:21:46.995174: Epoch 597
2025-11-15 19:21:46.995314: Current learning rate: 0.00441
2025-11-15 19:25:58.955044: train_loss -0.6846
2025-11-15 19:25:58.955319: val_loss -0.6977
2025-11-15 19:25:58.955421: Pseudo dice [np.float32(0.9223), np.float32(0.76), np.float32(0.0)]
2025-11-15 19:25:58.955546: Epoch time: 251.96 s
2025-11-15 19:26:00.043072: 
2025-11-15 19:26:00.043359: Epoch 598
2025-11-15 19:26:00.043486: Current learning rate: 0.0044
2025-11-15 19:30:11.640059: train_loss -0.6991
2025-11-15 19:30:11.640357: val_loss -0.6655
2025-11-15 19:30:11.640465: Pseudo dice [np.float32(0.9224), np.float32(0.7725), np.float32(0.0)]
2025-11-15 19:30:11.640565: Epoch time: 251.6 s
2025-11-15 19:30:12.725214: 
2025-11-15 19:30:12.725438: Epoch 599
2025-11-15 19:30:12.725560: Current learning rate: 0.00439
2025-11-15 19:34:24.382908: train_loss -0.6855
2025-11-15 19:34:24.383163: val_loss -0.6574
2025-11-15 19:34:24.383260: Pseudo dice [np.float32(0.9094), np.float32(0.7577), np.float32(0.0)]
2025-11-15 19:34:24.383366: Epoch time: 251.66 s
2025-11-15 19:34:25.797634: 
2025-11-15 19:34:25.797885: Epoch 600
2025-11-15 19:34:25.798009: Current learning rate: 0.00438
2025-11-15 19:38:37.695751: train_loss -0.6845
2025-11-15 19:38:37.696095: val_loss -0.6826
2025-11-15 19:38:37.696206: Pseudo dice [np.float32(0.9183), np.float32(0.764), np.float32(0.0)]
2025-11-15 19:38:37.696319: Epoch time: 251.9 s
2025-11-15 19:38:38.792903: 
2025-11-15 19:38:38.793154: Epoch 601
2025-11-15 19:38:38.793289: Current learning rate: 0.00437
2025-11-15 19:42:50.513967: train_loss -0.6939
2025-11-15 19:42:50.514240: val_loss -0.6924
2025-11-15 19:42:50.514359: Pseudo dice [np.float32(0.9234), np.float32(0.766), np.float32(0.0)]
2025-11-15 19:42:50.514462: Epoch time: 251.72 s
2025-11-15 19:42:51.602268: 
2025-11-15 19:42:51.602500: Epoch 602
2025-11-15 19:42:51.602625: Current learning rate: 0.00436
2025-11-15 19:47:02.993698: train_loss -0.7117
2025-11-15 19:47:02.993966: val_loss -0.6587
2025-11-15 19:47:02.994065: Pseudo dice [np.float32(0.9191), np.float32(0.754), np.float32(0.0)]
2025-11-15 19:47:02.994166: Epoch time: 251.39 s
2025-11-15 19:47:04.089562: 
2025-11-15 19:47:04.089756: Epoch 603
2025-11-15 19:47:04.089879: Current learning rate: 0.00435
2025-11-15 19:51:15.984777: train_loss -0.6942
2025-11-15 19:51:15.985043: val_loss -0.6756
2025-11-15 19:51:15.985206: Pseudo dice [np.float32(0.9183), np.float32(0.7589), np.float32(0.0)]
2025-11-15 19:51:15.985318: Epoch time: 251.9 s
2025-11-15 19:51:17.088153: 
2025-11-15 19:51:17.088359: Epoch 604
2025-11-15 19:51:17.088478: Current learning rate: 0.00434
2025-11-15 19:55:28.864829: train_loss -0.6847
2025-11-15 19:55:28.865088: val_loss -0.6333
2025-11-15 19:55:28.865185: Pseudo dice [np.float32(0.9248), np.float32(0.7526), np.float32(0.0)]
2025-11-15 19:55:28.865290: Epoch time: 251.78 s
2025-11-15 19:55:29.952781: 
2025-11-15 19:55:29.952981: Epoch 605
2025-11-15 19:55:29.953146: Current learning rate: 0.00433
2025-11-15 19:59:41.885703: train_loss -0.6787
2025-11-15 19:59:41.885974: val_loss -0.657
2025-11-15 19:59:41.886073: Pseudo dice [np.float32(0.9215), np.float32(0.769), np.float32(0.0)]
2025-11-15 19:59:41.886174: Epoch time: 251.93 s
2025-11-15 19:59:42.907007: 
2025-11-15 19:59:42.907201: Epoch 606
2025-11-15 19:59:42.907319: Current learning rate: 0.00432
2025-11-15 20:03:54.459193: train_loss -0.674
2025-11-15 20:03:54.459460: val_loss -0.646
2025-11-15 20:03:54.459560: Pseudo dice [np.float32(0.9197), np.float32(0.7607), np.float32(0.0)]
2025-11-15 20:03:54.459660: Epoch time: 251.55 s
2025-11-15 20:03:55.542850: 
2025-11-15 20:03:55.543036: Epoch 607
2025-11-15 20:03:55.543150: Current learning rate: 0.00431
2025-11-15 20:08:07.019392: train_loss -0.6902
2025-11-15 20:08:07.019646: val_loss -0.6745
2025-11-15 20:08:07.019746: Pseudo dice [np.float32(0.924), np.float32(0.7632), np.float32(0.0)]
2025-11-15 20:08:07.019845: Epoch time: 251.48 s
2025-11-15 20:08:08.106357: 
2025-11-15 20:08:08.106567: Epoch 608
2025-11-15 20:08:08.106691: Current learning rate: 0.0043
2025-11-15 20:12:19.918295: train_loss -0.6982
2025-11-15 20:12:19.918556: val_loss -0.643
2025-11-15 20:12:19.918658: Pseudo dice [np.float32(0.9265), np.float32(0.7612), np.float32(0.0)]
2025-11-15 20:12:19.918761: Epoch time: 251.81 s
2025-11-15 20:12:21.421823: 
2025-11-15 20:12:21.422062: Epoch 609
2025-11-15 20:12:21.422187: Current learning rate: 0.00429
2025-11-15 20:16:33.572093: train_loss -0.6989
2025-11-15 20:16:33.572371: val_loss -0.6562
2025-11-15 20:16:33.572477: Pseudo dice [np.float32(0.9196), np.float32(0.7535), np.float32(0.0)]
2025-11-15 20:16:33.572619: Epoch time: 252.15 s
2025-11-15 20:16:34.658091: 
2025-11-15 20:16:34.658373: Epoch 610
2025-11-15 20:16:34.658571: Current learning rate: 0.00429
2025-11-15 20:20:46.503434: train_loss -0.6847
2025-11-15 20:20:46.503701: val_loss -0.6651
2025-11-15 20:20:46.503854: Pseudo dice [np.float32(0.9256), np.float32(0.7705), np.float32(0.0)]
2025-11-15 20:20:46.504070: Epoch time: 251.85 s
2025-11-15 20:20:47.595877: 
2025-11-15 20:20:47.596090: Epoch 611
2025-11-15 20:20:47.596221: Current learning rate: 0.00428
2025-11-15 20:24:59.189242: train_loss -0.678
2025-11-15 20:24:59.189587: val_loss -0.6363
2025-11-15 20:24:59.189699: Pseudo dice [np.float32(0.9269), np.float32(0.7615), np.float32(0.0)]
2025-11-15 20:24:59.189799: Epoch time: 251.59 s
2025-11-15 20:25:00.282565: 
2025-11-15 20:25:00.282748: Epoch 612
2025-11-15 20:25:00.282917: Current learning rate: 0.00427
2025-11-15 20:29:12.105584: train_loss -0.7017
2025-11-15 20:29:12.105853: val_loss -0.6913
2025-11-15 20:29:12.105955: Pseudo dice [np.float32(0.9222), np.float32(0.7587), np.float32(0.0)]
2025-11-15 20:29:12.106054: Epoch time: 251.82 s
2025-11-15 20:29:13.209939: 
2025-11-15 20:29:13.210220: Epoch 613
2025-11-15 20:29:13.210424: Current learning rate: 0.00426
2025-11-15 20:33:25.299666: train_loss -0.7054
2025-11-15 20:33:25.299948: val_loss -0.6505
2025-11-15 20:33:25.300057: Pseudo dice [np.float32(0.92), np.float32(0.7583), np.float32(0.0)]
2025-11-15 20:33:25.300156: Epoch time: 252.09 s
2025-11-15 20:33:26.411322: 
2025-11-15 20:33:26.411542: Epoch 614
2025-11-15 20:33:26.411663: Current learning rate: 0.00425
2025-11-15 20:37:38.240957: train_loss -0.6896
2025-11-15 20:37:38.241217: val_loss -0.7063
2025-11-15 20:37:38.241325: Pseudo dice [np.float32(0.9158), np.float32(0.7618), np.float32(0.0)]
2025-11-15 20:37:38.241426: Epoch time: 251.83 s
2025-11-15 20:37:39.342530: 
2025-11-15 20:37:39.342837: Epoch 615
2025-11-15 20:37:39.342962: Current learning rate: 0.00424
2025-11-15 20:41:51.100768: train_loss -0.6876
2025-11-15 20:41:51.101027: val_loss -0.6672
2025-11-15 20:41:51.101130: Pseudo dice [np.float32(0.9188), np.float32(0.7656), np.float32(0.0)]
2025-11-15 20:41:51.101230: Epoch time: 251.76 s
2025-11-15 20:41:52.205476: 
2025-11-15 20:41:52.205691: Epoch 616
2025-11-15 20:41:52.205811: Current learning rate: 0.00423
2025-11-15 20:46:03.921222: train_loss -0.7097
2025-11-15 20:46:03.921491: val_loss -0.6484
2025-11-15 20:46:03.921594: Pseudo dice [np.float32(0.9232), np.float32(0.7561), np.float32(0.0)]
2025-11-15 20:46:03.921695: Epoch time: 251.72 s
2025-11-15 20:46:05.022354: 
2025-11-15 20:46:05.022549: Epoch 617
2025-11-15 20:46:05.022668: Current learning rate: 0.00422
2025-11-15 20:50:16.810137: train_loss -0.7003
2025-11-15 20:50:16.810441: val_loss -0.6772
2025-11-15 20:50:16.810545: Pseudo dice [np.float32(0.9105), np.float32(0.7586), np.float32(0.0)]
2025-11-15 20:50:16.810647: Epoch time: 251.79 s
2025-11-15 20:50:17.914263: 
2025-11-15 20:50:17.914550: Epoch 618
2025-11-15 20:50:17.914672: Current learning rate: 0.00421
2025-11-15 20:54:29.351549: train_loss -0.6988
2025-11-15 20:54:29.351811: val_loss -0.6624
2025-11-15 20:54:29.351911: Pseudo dice [np.float32(0.9116), np.float32(0.7706), np.float32(0.0)]
2025-11-15 20:54:29.352023: Epoch time: 251.44 s
2025-11-15 20:54:30.458561: 
2025-11-15 20:54:30.458761: Epoch 619
2025-11-15 20:54:30.458886: Current learning rate: 0.0042
2025-11-15 20:58:42.125311: train_loss -0.6901
2025-11-15 20:58:42.125575: val_loss -0.6642
2025-11-15 20:58:42.125674: Pseudo dice [np.float32(0.922), np.float32(0.7588), np.float32(0.0)]
2025-11-15 20:58:42.125827: Epoch time: 251.67 s
2025-11-15 20:58:43.225155: 
2025-11-15 20:58:43.225482: Epoch 620
2025-11-15 20:58:43.225618: Current learning rate: 0.00419
2025-11-15 21:02:55.176720: train_loss -0.7043
2025-11-15 21:02:55.177026: val_loss -0.649
2025-11-15 21:02:55.177131: Pseudo dice [np.float32(0.9227), np.float32(0.754), np.float32(0.0)]
2025-11-15 21:02:55.177233: Epoch time: 251.95 s
2025-11-15 21:02:56.193929: 
2025-11-15 21:02:56.194172: Epoch 621
2025-11-15 21:02:56.194304: Current learning rate: 0.00418
2025-11-15 21:07:07.889083: train_loss -0.7005
2025-11-15 21:07:07.889331: val_loss -0.6684
2025-11-15 21:07:07.889481: Pseudo dice [np.float32(0.9144), np.float32(0.7656), np.float32(0.0)]
2025-11-15 21:07:07.889585: Epoch time: 251.7 s
2025-11-15 21:07:09.368056: 
2025-11-15 21:07:09.368334: Epoch 622
2025-11-15 21:07:09.368460: Current learning rate: 0.00417
2025-11-15 21:11:20.867288: train_loss -0.7026
2025-11-15 21:11:20.867547: val_loss -0.6782
2025-11-15 21:11:20.867648: Pseudo dice [np.float32(0.9276), np.float32(0.7794), np.float32(0.0)]
2025-11-15 21:11:20.867748: Epoch time: 251.5 s
2025-11-15 21:11:21.949113: 
2025-11-15 21:11:21.949402: Epoch 623
2025-11-15 21:11:21.949539: Current learning rate: 0.00416
2025-11-15 21:15:33.451377: train_loss -0.6941
2025-11-15 21:15:33.451645: val_loss -0.7073
2025-11-15 21:15:33.451746: Pseudo dice [np.float32(0.9218), np.float32(0.762), np.float32(0.0)]
2025-11-15 21:15:33.451849: Epoch time: 251.5 s
2025-11-15 21:15:34.552680: 
2025-11-15 21:15:34.552936: Epoch 624
2025-11-15 21:15:34.553056: Current learning rate: 0.00415
2025-11-15 21:19:46.109058: train_loss -0.7075
2025-11-15 21:19:46.109342: val_loss -0.6349
2025-11-15 21:19:46.109446: Pseudo dice [np.float32(0.9168), np.float32(0.766), np.float32(0.0)]
2025-11-15 21:19:46.109550: Epoch time: 251.56 s
2025-11-15 21:19:47.217776: 
2025-11-15 21:19:47.218054: Epoch 625
2025-11-15 21:19:47.218189: Current learning rate: 0.00414
2025-11-15 21:23:59.136568: train_loss -0.6918
2025-11-15 21:23:59.136818: val_loss -0.6688
2025-11-15 21:23:59.136961: Pseudo dice [np.float32(0.9219), np.float32(0.7531), np.float32(0.0)]
2025-11-15 21:23:59.137069: Epoch time: 251.92 s
2025-11-15 21:24:00.212574: 
2025-11-15 21:24:00.212878: Epoch 626
2025-11-15 21:24:00.213004: Current learning rate: 0.00413
2025-11-15 21:28:12.110567: train_loss -0.6966
2025-11-15 21:28:12.110834: val_loss -0.6381
2025-11-15 21:28:12.110946: Pseudo dice [np.float32(0.9104), np.float32(0.759), np.float32(0.0)]
2025-11-15 21:28:12.111076: Epoch time: 251.9 s
2025-11-15 21:28:13.212603: 
2025-11-15 21:28:13.212822: Epoch 627
2025-11-15 21:28:13.212945: Current learning rate: 0.00412
2025-11-15 21:32:24.927563: train_loss -0.6947
2025-11-15 21:32:24.927815: val_loss -0.6694
2025-11-15 21:32:24.927916: Pseudo dice [np.float32(0.9212), np.float32(0.7583), np.float32(0.0)]
2025-11-15 21:32:24.928018: Epoch time: 251.72 s
2025-11-15 21:32:26.024537: 
2025-11-15 21:32:26.024807: Epoch 628
2025-11-15 21:32:26.024946: Current learning rate: 0.00411
2025-11-15 21:36:37.754159: train_loss -0.6793
2025-11-15 21:36:37.754427: val_loss -0.6359
2025-11-15 21:36:37.754526: Pseudo dice [np.float32(0.9217), np.float32(0.764), np.float32(0.0)]
2025-11-15 21:36:37.754627: Epoch time: 251.73 s
2025-11-15 21:36:38.852452: 
2025-11-15 21:36:38.852719: Epoch 629
2025-11-15 21:36:38.852845: Current learning rate: 0.0041
2025-11-15 21:40:50.857661: train_loss -0.6996
2025-11-15 21:40:50.857930: val_loss -0.651
2025-11-15 21:40:50.858033: Pseudo dice [np.float32(0.9174), np.float32(0.7565), np.float32(0.0)]
2025-11-15 21:40:50.858137: Epoch time: 252.01 s
2025-11-15 21:40:51.956435: 
2025-11-15 21:40:51.956651: Epoch 630
2025-11-15 21:40:51.956771: Current learning rate: 0.00409
2025-11-15 21:45:03.556367: train_loss -0.695
2025-11-15 21:45:03.556636: val_loss -0.6612
2025-11-15 21:45:03.556742: Pseudo dice [np.float32(0.9111), np.float32(0.7547), np.float32(0.0)]
2025-11-15 21:45:03.556843: Epoch time: 251.6 s
2025-11-15 21:45:04.648892: 
2025-11-15 21:45:04.649086: Epoch 631
2025-11-15 21:45:04.649199: Current learning rate: 0.00408
2025-11-15 21:49:16.248251: train_loss -0.695
2025-11-15 21:49:16.248509: val_loss -0.6618
2025-11-15 21:49:16.248610: Pseudo dice [np.float32(0.9248), np.float32(0.7635), np.float32(0.0)]
2025-11-15 21:49:16.248708: Epoch time: 251.6 s
2025-11-15 21:49:17.345888: 
2025-11-15 21:49:17.346203: Epoch 632
2025-11-15 21:49:17.346345: Current learning rate: 0.00407
2025-11-15 21:53:28.948736: train_loss -0.6949
2025-11-15 21:53:28.948988: val_loss -0.6612
2025-11-15 21:53:28.949089: Pseudo dice [np.float32(0.9124), np.float32(0.7567), np.float32(0.0)]
2025-11-15 21:53:28.949213: Epoch time: 251.6 s
2025-11-15 21:53:30.058029: 
2025-11-15 21:53:30.058222: Epoch 633
2025-11-15 21:53:30.058343: Current learning rate: 0.00406
2025-11-15 21:57:41.893208: train_loss -0.68
2025-11-15 21:57:41.893465: val_loss -0.631
2025-11-15 21:57:41.893565: Pseudo dice [np.float32(0.913), np.float32(0.7532), np.float32(0.0)]
2025-11-15 21:57:41.893664: Epoch time: 251.84 s
2025-11-15 21:57:43.392450: 
2025-11-15 21:57:43.392762: Epoch 634
2025-11-15 21:57:43.392905: Current learning rate: 0.00405
2025-11-15 22:01:55.128937: train_loss -0.6795
2025-11-15 22:01:55.129496: val_loss -0.6556
2025-11-15 22:01:55.129605: Pseudo dice [np.float32(0.9192), np.float32(0.7561), np.float32(0.0)]
2025-11-15 22:01:55.129708: Epoch time: 251.74 s
2025-11-15 22:01:56.223397: 
2025-11-15 22:01:56.223681: Epoch 635
2025-11-15 22:01:56.223800: Current learning rate: 0.00404
2025-11-15 22:06:07.602315: train_loss -0.6876
2025-11-15 22:06:07.602704: val_loss -0.6466
2025-11-15 22:06:07.602813: Pseudo dice [np.float32(0.9203), np.float32(0.7554), np.float32(0.0)]
2025-11-15 22:06:07.602914: Epoch time: 251.38 s
2025-11-15 22:06:08.701295: 
2025-11-15 22:06:08.701565: Epoch 636
2025-11-15 22:06:08.701693: Current learning rate: 0.00403
2025-11-15 22:10:20.688445: train_loss -0.696
2025-11-15 22:10:20.688723: val_loss -0.6371
2025-11-15 22:10:20.688826: Pseudo dice [np.float32(0.907), np.float32(0.7498), np.float32(0.0)]
2025-11-15 22:10:20.688926: Epoch time: 251.99 s
2025-11-15 22:10:21.788634: 
2025-11-15 22:10:21.788992: Epoch 637
2025-11-15 22:10:21.789234: Current learning rate: 0.00402
2025-11-15 22:14:33.510027: train_loss -0.6861
2025-11-15 22:14:33.510294: val_loss -0.6551
2025-11-15 22:14:33.510396: Pseudo dice [np.float32(0.9209), np.float32(0.7609), np.float32(0.0)]
2025-11-15 22:14:33.510496: Epoch time: 251.72 s
2025-11-15 22:14:34.615745: 
2025-11-15 22:14:34.615968: Epoch 638
2025-11-15 22:14:34.616117: Current learning rate: 0.00401
2025-11-15 22:18:46.326645: train_loss -0.7
2025-11-15 22:18:46.326901: val_loss -0.6538
2025-11-15 22:18:46.327000: Pseudo dice [np.float32(0.9043), np.float32(0.7553), np.float32(0.0)]
2025-11-15 22:18:46.327102: Epoch time: 251.71 s
2025-11-15 22:18:47.426038: 
2025-11-15 22:18:47.426228: Epoch 639
2025-11-15 22:18:47.426358: Current learning rate: 0.004
2025-11-15 22:22:59.277217: train_loss -0.6921
2025-11-15 22:22:59.277480: val_loss -0.6816
2025-11-15 22:22:59.277580: Pseudo dice [np.float32(0.9212), np.float32(0.769), np.float32(0.0)]
2025-11-15 22:22:59.277680: Epoch time: 251.85 s
2025-11-15 22:23:00.382441: 
2025-11-15 22:23:00.382724: Epoch 640
2025-11-15 22:23:00.382849: Current learning rate: 0.00399
2025-11-15 22:27:11.983269: train_loss -0.6861
2025-11-15 22:27:11.983538: val_loss -0.657
2025-11-15 22:27:11.983636: Pseudo dice [np.float32(0.9226), np.float32(0.765), np.float32(0.0)]
2025-11-15 22:27:11.983735: Epoch time: 251.6 s
2025-11-15 22:27:13.084672: 
2025-11-15 22:27:13.084882: Epoch 641
2025-11-15 22:27:13.085012: Current learning rate: 0.00398
2025-11-15 22:31:25.128383: train_loss -0.697
2025-11-15 22:31:25.128644: val_loss -0.6739
2025-11-15 22:31:25.128746: Pseudo dice [np.float32(0.9166), np.float32(0.7651), np.float32(0.0)]
2025-11-15 22:31:25.128847: Epoch time: 252.04 s
2025-11-15 22:31:26.215784: 
2025-11-15 22:31:26.216113: Epoch 642
2025-11-15 22:31:26.216263: Current learning rate: 0.00397
2025-11-15 22:35:37.969611: train_loss -0.712
2025-11-15 22:35:37.969888: val_loss -0.6661
2025-11-15 22:35:37.969992: Pseudo dice [np.float32(0.9158), np.float32(0.7634), np.float32(0.0)]
2025-11-15 22:35:37.970097: Epoch time: 251.75 s
2025-11-15 22:35:39.066900: 
2025-11-15 22:35:39.067112: Epoch 643
2025-11-15 22:35:39.067239: Current learning rate: 0.00396
2025-11-15 22:39:50.970917: train_loss -0.6821
2025-11-15 22:39:50.971208: val_loss -0.6564
2025-11-15 22:39:50.971318: Pseudo dice [np.float32(0.9159), np.float32(0.7596), np.float32(0.0)]
2025-11-15 22:39:50.971420: Epoch time: 251.9 s
2025-11-15 22:39:52.048782: 
2025-11-15 22:39:52.049029: Epoch 644
2025-11-15 22:39:52.049167: Current learning rate: 0.00395
2025-11-15 22:44:03.831762: train_loss -0.7137
2025-11-15 22:44:03.832026: val_loss -0.6513
2025-11-15 22:44:03.832247: Pseudo dice [np.float32(0.9099), np.float32(0.7604), np.float32(0.0)]
2025-11-15 22:44:03.832364: Epoch time: 251.78 s
2025-11-15 22:44:04.929161: 
2025-11-15 22:44:04.929440: Epoch 645
2025-11-15 22:44:04.929591: Current learning rate: 0.00394
2025-11-15 22:48:16.716117: train_loss -0.6976
2025-11-15 22:48:16.716386: val_loss -0.6406
2025-11-15 22:48:16.716488: Pseudo dice [np.float32(0.9173), np.float32(0.7626), np.float32(0.0)]
2025-11-15 22:48:16.716593: Epoch time: 251.79 s
2025-11-15 22:48:18.210862: 
2025-11-15 22:48:18.211117: Epoch 646
2025-11-15 22:48:18.211251: Current learning rate: 0.00393
2025-11-15 22:52:30.133135: train_loss -0.7013
2025-11-15 22:52:30.133409: val_loss -0.6715
2025-11-15 22:52:30.133517: Pseudo dice [np.float32(0.9166), np.float32(0.7613), np.float32(0.0)]
2025-11-15 22:52:30.133617: Epoch time: 251.92 s
2025-11-15 22:52:31.226069: 
2025-11-15 22:52:31.226332: Epoch 647
2025-11-15 22:52:31.226468: Current learning rate: 0.00392
2025-11-15 22:56:43.091555: train_loss -0.706
2025-11-15 22:56:43.091802: val_loss -0.6332
2025-11-15 22:56:43.091902: Pseudo dice [np.float32(0.9188), np.float32(0.7356), np.float32(0.0)]
2025-11-15 22:56:43.092002: Epoch time: 251.87 s
2025-11-15 22:56:44.186455: 
2025-11-15 22:56:44.186682: Epoch 648
2025-11-15 22:56:44.186834: Current learning rate: 0.00391
2025-11-15 23:00:56.199512: train_loss -0.7037
2025-11-15 23:00:56.199767: val_loss -0.6748
2025-11-15 23:00:56.199925: Pseudo dice [np.float32(0.9208), np.float32(0.7661), np.float32(0.0)]
2025-11-15 23:00:56.200038: Epoch time: 252.01 s
2025-11-15 23:00:57.299504: 
2025-11-15 23:00:57.299747: Epoch 649
2025-11-15 23:00:57.299879: Current learning rate: 0.0039
2025-11-15 23:05:09.249551: train_loss -0.7066
2025-11-15 23:05:09.249828: val_loss -0.6893
2025-11-15 23:05:09.249932: Pseudo dice [np.float32(0.9194), np.float32(0.7606), np.float32(0.0)]
2025-11-15 23:05:09.250033: Epoch time: 251.95 s
2025-11-15 23:05:10.640917: 
2025-11-15 23:05:10.641125: Epoch 650
2025-11-15 23:05:10.641313: Current learning rate: 0.00389
2025-11-15 23:09:22.291814: train_loss -0.701
2025-11-15 23:09:22.292082: val_loss -0.675
2025-11-15 23:09:22.292184: Pseudo dice [np.float32(0.9251), np.float32(0.7615), np.float32(0.0)]
2025-11-15 23:09:22.292452: Epoch time: 251.65 s
2025-11-15 23:09:23.397452: 
2025-11-15 23:09:23.397756: Epoch 651
2025-11-15 23:09:23.397895: Current learning rate: 0.00388
2025-11-15 23:13:34.948589: train_loss -0.6992
2025-11-15 23:13:34.948932: val_loss -0.6812
2025-11-15 23:13:34.949055: Pseudo dice [np.float32(0.9173), np.float32(0.7565), np.float32(0.0)]
2025-11-15 23:13:34.949158: Epoch time: 251.55 s
2025-11-15 23:13:36.049177: 
2025-11-15 23:13:36.049385: Epoch 652
2025-11-15 23:13:36.049509: Current learning rate: 0.00387
2025-11-15 23:17:47.872927: train_loss -0.6828
2025-11-15 23:17:47.873192: val_loss -0.6857
2025-11-15 23:17:47.873301: Pseudo dice [np.float32(0.9218), np.float32(0.7506), np.float32(0.0)]
2025-11-15 23:17:47.873408: Epoch time: 251.82 s
2025-11-15 23:17:48.971885: 
2025-11-15 23:17:48.972072: Epoch 653
2025-11-15 23:17:48.972206: Current learning rate: 0.00386
2025-11-15 23:22:01.068404: train_loss -0.6823
2025-11-15 23:22:01.068666: val_loss -0.6404
2025-11-15 23:22:01.068766: Pseudo dice [np.float32(0.929), np.float32(0.7673), np.float32(0.0)]
2025-11-15 23:22:01.068869: Epoch time: 252.1 s
2025-11-15 23:22:02.159048: 
2025-11-15 23:22:02.159258: Epoch 654
2025-11-15 23:22:02.159388: Current learning rate: 0.00385
2025-11-15 23:26:13.889765: train_loss -0.6977
2025-11-15 23:26:13.890041: val_loss -0.6869
2025-11-15 23:26:13.890146: Pseudo dice [np.float32(0.9247), np.float32(0.7698), np.float32(0.0)]
2025-11-15 23:26:13.890303: Epoch time: 251.73 s
2025-11-15 23:26:14.989999: 
2025-11-15 23:26:14.990253: Epoch 655
2025-11-15 23:26:14.990385: Current learning rate: 0.00384
2025-11-15 23:30:27.058058: train_loss -0.6845
2025-11-15 23:30:27.058341: val_loss -0.6483
2025-11-15 23:30:27.058448: Pseudo dice [np.float32(0.9135), np.float32(0.7621), np.float32(0.0)]
2025-11-15 23:30:27.058552: Epoch time: 252.07 s
2025-11-15 23:30:28.152318: 
2025-11-15 23:30:28.152559: Epoch 656
2025-11-15 23:30:28.152683: Current learning rate: 0.00383
2025-11-15 23:34:39.955123: train_loss -0.6929
2025-11-15 23:34:39.955381: val_loss -0.6723
2025-11-15 23:34:39.955484: Pseudo dice [np.float32(0.9159), np.float32(0.7576), np.float32(0.0)]
2025-11-15 23:34:39.955586: Epoch time: 251.8 s
2025-11-15 23:34:41.049020: 
2025-11-15 23:34:41.049284: Epoch 657
2025-11-15 23:34:41.049432: Current learning rate: 0.00382
2025-11-15 23:38:52.605183: train_loss -0.6998
2025-11-15 23:38:52.605468: val_loss -0.681
2025-11-15 23:38:52.605569: Pseudo dice [np.float32(0.9259), np.float32(0.7591), np.float32(0.0)]
2025-11-15 23:38:52.605674: Epoch time: 251.56 s
2025-11-15 23:38:54.095778: 
2025-11-15 23:38:54.096011: Epoch 658
2025-11-15 23:38:54.096139: Current learning rate: 0.00381
2025-11-15 23:43:05.909197: train_loss -0.6938
2025-11-15 23:43:05.909478: val_loss -0.6257
2025-11-15 23:43:05.909580: Pseudo dice [np.float32(0.9153), np.float32(0.7589), np.float32(0.0)]
2025-11-15 23:43:05.909681: Epoch time: 251.81 s
2025-11-15 23:43:07.003734: 
2025-11-15 23:43:07.003957: Epoch 659
2025-11-15 23:43:07.004075: Current learning rate: 0.0038
2025-11-15 23:47:19.050296: train_loss -0.6905
2025-11-15 23:47:19.050553: val_loss -0.6615
2025-11-15 23:47:19.050656: Pseudo dice [np.float32(0.9189), np.float32(0.7659), np.float32(0.0)]
2025-11-15 23:47:19.050806: Epoch time: 252.05 s
2025-11-15 23:47:20.144449: 
2025-11-15 23:47:20.144675: Epoch 660
2025-11-15 23:47:20.144796: Current learning rate: 0.00379
2025-11-15 23:51:32.060659: train_loss -0.6941
2025-11-15 23:51:32.060919: val_loss -0.652
2025-11-15 23:51:32.061022: Pseudo dice [np.float32(0.9175), np.float32(0.7528), np.float32(0.0)]
2025-11-15 23:51:32.061123: Epoch time: 251.92 s
2025-11-15 23:51:33.159201: 
2025-11-15 23:51:33.159515: Epoch 661
2025-11-15 23:51:33.159719: Current learning rate: 0.00378
2025-11-15 23:55:44.736717: train_loss -0.686
2025-11-15 23:55:44.737003: val_loss -0.6821
2025-11-15 23:55:44.737110: Pseudo dice [np.float32(0.9175), np.float32(0.7551), np.float32(0.0)]
2025-11-15 23:55:44.737216: Epoch time: 251.58 s
2025-11-15 23:55:45.830623: 
2025-11-15 23:55:45.830883: Epoch 662
2025-11-15 23:55:45.831038: Current learning rate: 0.00377
2025-11-15 23:59:57.740621: train_loss -0.6843
2025-11-15 23:59:57.740881: val_loss -0.6144
2025-11-15 23:59:57.740982: Pseudo dice [np.float32(0.9126), np.float32(0.7617), np.float32(0.0)]
2025-11-15 23:59:57.741082: Epoch time: 251.91 s
2025-11-15 23:59:58.835154: 
2025-11-15 23:59:58.835414: Epoch 663
2025-11-15 23:59:58.835539: Current learning rate: 0.00376
2025-11-16 00:04:10.366630: train_loss -0.6866
2025-11-16 00:04:10.366894: val_loss -0.6293
2025-11-16 00:04:10.366997: Pseudo dice [np.float32(0.9121), np.float32(0.7554), np.float32(0.0)]
2025-11-16 00:04:10.367098: Epoch time: 251.53 s
2025-11-16 00:04:11.456533: 
2025-11-16 00:04:11.456803: Epoch 664
2025-11-16 00:04:11.456935: Current learning rate: 0.00375
2025-11-16 00:08:23.522228: train_loss -0.6681
2025-11-16 00:08:23.522508: val_loss -0.6609
2025-11-16 00:08:23.522618: Pseudo dice [np.float32(0.9258), np.float32(0.7597), np.float32(0.0)]
2025-11-16 00:08:23.522720: Epoch time: 252.07 s
2025-11-16 00:08:24.618321: 
2025-11-16 00:08:24.618522: Epoch 665
2025-11-16 00:08:24.618659: Current learning rate: 0.00374
2025-11-16 00:12:36.261008: train_loss -0.6871
2025-11-16 00:12:36.261281: val_loss -0.6604
2025-11-16 00:12:36.261392: Pseudo dice [np.float32(0.9212), np.float32(0.7712), np.float32(0.0)]
2025-11-16 00:12:36.261496: Epoch time: 251.64 s
2025-11-16 00:12:37.359737: 
2025-11-16 00:12:37.359957: Epoch 666
2025-11-16 00:12:37.360089: Current learning rate: 0.00373
2025-11-16 00:16:49.175681: train_loss -0.6766
2025-11-16 00:16:49.175932: val_loss -0.6677
2025-11-16 00:16:49.176034: Pseudo dice [np.float32(0.9277), np.float32(0.7535), np.float32(0.0)]
2025-11-16 00:16:49.176134: Epoch time: 251.82 s
2025-11-16 00:16:50.201630: 
2025-11-16 00:16:50.201833: Epoch 667
2025-11-16 00:16:50.201954: Current learning rate: 0.00372
2025-11-16 00:21:01.971057: train_loss -0.7023
2025-11-16 00:21:01.971359: val_loss -0.6917
2025-11-16 00:21:01.971471: Pseudo dice [np.float32(0.9149), np.float32(0.7675), np.float32(0.0)]
2025-11-16 00:21:01.971573: Epoch time: 251.77 s
2025-11-16 00:21:03.084071: 
2025-11-16 00:21:03.084386: Epoch 668
2025-11-16 00:21:03.084537: Current learning rate: 0.00371
2025-11-16 00:25:15.173283: train_loss -0.6931
2025-11-16 00:25:15.173569: val_loss -0.6304
2025-11-16 00:25:15.173674: Pseudo dice [np.float32(0.9104), np.float32(0.7639), np.float32(0.0)]
2025-11-16 00:25:15.173776: Epoch time: 252.09 s
2025-11-16 00:25:16.290218: 
2025-11-16 00:25:16.290475: Epoch 669
2025-11-16 00:25:16.290604: Current learning rate: 0.0037
2025-11-16 00:29:27.980947: train_loss -0.7088
2025-11-16 00:29:27.981249: val_loss -0.6506
2025-11-16 00:29:27.981366: Pseudo dice [np.float32(0.9196), np.float32(0.759), np.float32(0.0)]
2025-11-16 00:29:27.981470: Epoch time: 251.69 s
2025-11-16 00:29:29.479101: 
2025-11-16 00:29:29.479328: Epoch 670
2025-11-16 00:29:29.479527: Current learning rate: 0.00369
2025-11-16 00:33:41.264382: train_loss -0.7107
2025-11-16 00:33:41.264641: val_loss -0.6441
2025-11-16 00:33:41.264749: Pseudo dice [np.float32(0.9293), np.float32(0.7508), np.float32(0.0)]
2025-11-16 00:33:41.264851: Epoch time: 251.79 s
2025-11-16 00:33:42.358160: 
2025-11-16 00:33:42.358449: Epoch 671
2025-11-16 00:33:42.358662: Current learning rate: 0.00368
2025-11-16 00:37:54.031542: train_loss -0.7015
2025-11-16 00:37:54.031805: val_loss -0.673
2025-11-16 00:37:54.032009: Pseudo dice [np.float32(0.9128), np.float32(0.7544), np.float32(0.0)]
2025-11-16 00:37:54.032118: Epoch time: 251.67 s
2025-11-16 00:37:55.139283: 
2025-11-16 00:37:55.139585: Epoch 672
2025-11-16 00:37:55.139808: Current learning rate: 0.00367
2025-11-16 00:42:07.502329: train_loss -0.7036
2025-11-16 00:42:07.502580: val_loss -0.6695
2025-11-16 00:42:07.502683: Pseudo dice [np.float32(0.921), np.float32(0.7541), np.float32(0.0)]
2025-11-16 00:42:07.502784: Epoch time: 252.36 s
2025-11-16 00:42:08.608620: 
2025-11-16 00:42:08.608838: Epoch 673
2025-11-16 00:42:08.608955: Current learning rate: 0.00366
2025-11-16 00:46:20.323418: train_loss -0.6983
2025-11-16 00:46:20.323687: val_loss -0.6373
2025-11-16 00:46:20.323786: Pseudo dice [np.float32(0.9148), np.float32(0.773), np.float32(0.0)]
2025-11-16 00:46:20.323888: Epoch time: 251.72 s
2025-11-16 00:46:21.430953: 
2025-11-16 00:46:21.431188: Epoch 674
2025-11-16 00:46:21.431320: Current learning rate: 0.00365
2025-11-16 00:50:33.279607: train_loss -0.7
2025-11-16 00:50:33.279887: val_loss -0.6573
2025-11-16 00:50:33.279993: Pseudo dice [np.float32(0.9198), np.float32(0.7663), np.float32(0.0)]
2025-11-16 00:50:33.280098: Epoch time: 251.85 s
2025-11-16 00:50:34.385425: 
2025-11-16 00:50:34.385640: Epoch 675
2025-11-16 00:50:34.385758: Current learning rate: 0.00364
2025-11-16 00:54:46.347035: train_loss -0.6888
2025-11-16 00:54:46.347325: val_loss -0.6447
2025-11-16 00:54:46.347433: Pseudo dice [np.float32(0.9189), np.float32(0.7611), np.float32(0.0)]
2025-11-16 00:54:46.347540: Epoch time: 251.96 s
2025-11-16 00:54:47.450572: 
2025-11-16 00:54:47.450797: Epoch 676
2025-11-16 00:54:47.450926: Current learning rate: 0.00363
2025-11-16 00:58:59.275234: train_loss -0.6939
2025-11-16 00:58:59.275512: val_loss -0.6806
2025-11-16 00:58:59.275616: Pseudo dice [np.float32(0.9191), np.float32(0.7589), np.float32(0.0)]
2025-11-16 00:58:59.275718: Epoch time: 251.83 s
2025-11-16 00:59:00.383906: 
2025-11-16 00:59:00.384127: Epoch 677
2025-11-16 00:59:00.387381: Current learning rate: 0.00362
2025-11-16 01:03:12.362078: train_loss -0.6989
2025-11-16 01:03:12.362367: val_loss -0.6879
2025-11-16 01:03:12.362493: Pseudo dice [np.float32(0.9122), np.float32(0.774), np.float32(0.0)]
2025-11-16 01:03:12.362591: Epoch time: 251.98 s
2025-11-16 01:03:13.465014: 
2025-11-16 01:03:13.465231: Epoch 678
2025-11-16 01:03:13.465377: Current learning rate: 0.00361
2025-11-16 01:07:25.292422: train_loss -0.7018
2025-11-16 01:07:25.292692: val_loss -0.6571
2025-11-16 01:07:25.292794: Pseudo dice [np.float32(0.9176), np.float32(0.7631), np.float32(0.0)]
2025-11-16 01:07:25.292896: Epoch time: 251.83 s
2025-11-16 01:07:26.399512: 
2025-11-16 01:07:26.399714: Epoch 679
2025-11-16 01:07:26.399825: Current learning rate: 0.0036
2025-11-16 01:11:37.890954: train_loss -0.7041
2025-11-16 01:11:37.891243: val_loss -0.6887
2025-11-16 01:11:37.891356: Pseudo dice [np.float32(0.9196), np.float32(0.7671), np.float32(0.0)]
2025-11-16 01:11:37.891459: Epoch time: 251.49 s
2025-11-16 01:11:39.001906: 
2025-11-16 01:11:39.002115: Epoch 680
2025-11-16 01:11:39.002241: Current learning rate: 0.00359
2025-11-16 01:15:50.676402: train_loss -0.7181
2025-11-16 01:15:50.676652: val_loss -0.6862
2025-11-16 01:15:50.676753: Pseudo dice [np.float32(0.9182), np.float32(0.7643), np.float32(0.0)]
2025-11-16 01:15:50.676850: Epoch time: 251.68 s
2025-11-16 01:15:52.086768: 
2025-11-16 01:15:52.087074: Epoch 681
2025-11-16 01:15:52.087201: Current learning rate: 0.00358
2025-11-16 01:20:03.689402: train_loss -0.7036
2025-11-16 01:20:03.689674: val_loss -0.7014
2025-11-16 01:20:03.689776: Pseudo dice [np.float32(0.9197), np.float32(0.7659), np.float32(0.0)]
2025-11-16 01:20:03.689878: Epoch time: 251.6 s
2025-11-16 01:20:04.796314: 
2025-11-16 01:20:04.796596: Epoch 682
2025-11-16 01:20:04.796724: Current learning rate: 0.00357
2025-11-16 01:24:16.418025: train_loss -0.7017
2025-11-16 01:24:16.418334: val_loss -0.6747
2025-11-16 01:24:16.418442: Pseudo dice [np.float32(0.9103), np.float32(0.7657), np.float32(0.0)]
2025-11-16 01:24:16.418544: Epoch time: 251.62 s
2025-11-16 01:24:17.513200: 
2025-11-16 01:24:17.513436: Epoch 683
2025-11-16 01:24:17.513553: Current learning rate: 0.00356
2025-11-16 01:28:29.705630: train_loss -0.683
2025-11-16 01:28:29.705940: val_loss -0.6273
2025-11-16 01:28:29.706048: Pseudo dice [np.float32(0.9067), np.float32(0.755), np.float32(0.0)]
2025-11-16 01:28:29.706150: Epoch time: 252.19 s
2025-11-16 01:28:30.809767: 
2025-11-16 01:28:30.810085: Epoch 684
2025-11-16 01:28:30.810320: Current learning rate: 0.00355
2025-11-16 01:32:42.834321: train_loss -0.6919
2025-11-16 01:32:42.834584: val_loss -0.6926
2025-11-16 01:32:42.834685: Pseudo dice [np.float32(0.9188), np.float32(0.7632), np.float32(0.0)]
2025-11-16 01:32:42.834788: Epoch time: 252.03 s
2025-11-16 01:32:43.938081: 
2025-11-16 01:32:43.938358: Epoch 685
2025-11-16 01:32:43.938485: Current learning rate: 0.00354
2025-11-16 01:36:55.642639: train_loss -0.6954
2025-11-16 01:36:55.642871: val_loss -0.6717
2025-11-16 01:36:55.642972: Pseudo dice [np.float32(0.9205), np.float32(0.7642), np.float32(0.0)]
2025-11-16 01:36:55.643074: Epoch time: 251.71 s
2025-11-16 01:36:56.753169: 
2025-11-16 01:36:56.753383: Epoch 686
2025-11-16 01:36:56.753510: Current learning rate: 0.00353
2025-11-16 01:41:08.446493: train_loss -0.7
2025-11-16 01:41:08.446751: val_loss -0.6066
2025-11-16 01:41:08.446854: Pseudo dice [np.float32(0.9099), np.float32(0.7704), np.float32(0.0)]
2025-11-16 01:41:08.446954: Epoch time: 251.69 s
2025-11-16 01:41:09.545892: 
2025-11-16 01:41:09.546212: Epoch 687
2025-11-16 01:41:09.546352: Current learning rate: 0.00352
2025-11-16 01:45:21.357251: train_loss -0.6907
2025-11-16 01:45:21.357530: val_loss -0.6801
2025-11-16 01:45:21.357633: Pseudo dice [np.float32(0.9187), np.float32(0.7601), np.float32(0.0)]
2025-11-16 01:45:21.357734: Epoch time: 251.81 s
2025-11-16 01:45:22.463052: 
2025-11-16 01:45:22.463396: Epoch 688
2025-11-16 01:45:22.463532: Current learning rate: 0.00351
2025-11-16 01:49:34.711051: train_loss -0.7046
2025-11-16 01:49:34.711333: val_loss -0.6297
2025-11-16 01:49:34.711442: Pseudo dice [np.float32(0.9116), np.float32(0.7644), np.float32(0.0)]
2025-11-16 01:49:34.711549: Epoch time: 252.25 s
2025-11-16 01:49:35.819020: 
2025-11-16 01:49:35.819235: Epoch 689
2025-11-16 01:49:35.819373: Current learning rate: 0.0035
2025-11-16 01:53:47.498025: train_loss -0.6936
2025-11-16 01:53:47.498296: val_loss -0.6786
2025-11-16 01:53:47.498401: Pseudo dice [np.float32(0.9094), np.float32(0.7649), np.float32(0.0)]
2025-11-16 01:53:47.498502: Epoch time: 251.68 s
2025-11-16 01:53:48.602869: 
2025-11-16 01:53:48.603068: Epoch 690
2025-11-16 01:53:48.603190: Current learning rate: 0.00349
2025-11-16 01:58:00.470902: train_loss -0.6966
2025-11-16 01:58:00.471143: val_loss -0.6902
2025-11-16 01:58:00.471367: Pseudo dice [np.float32(0.9191), np.float32(0.7595), np.float32(0.0)]
2025-11-16 01:58:00.471468: Epoch time: 251.87 s
2025-11-16 01:58:01.579521: 
2025-11-16 01:58:01.579771: Epoch 691
2025-11-16 01:58:01.579895: Current learning rate: 0.00348
2025-11-16 02:02:13.146094: train_loss -0.703
2025-11-16 02:02:13.146346: val_loss -0.6559
2025-11-16 02:02:13.146449: Pseudo dice [np.float32(0.924), np.float32(0.7662), np.float32(0.0)]
2025-11-16 02:02:13.146548: Epoch time: 251.57 s
2025-11-16 02:02:14.251590: 
2025-11-16 02:02:14.251890: Epoch 692
2025-11-16 02:02:14.252008: Current learning rate: 0.00346
2025-11-16 02:06:26.314605: train_loss -0.7042
2025-11-16 02:06:26.314863: val_loss -0.6912
2025-11-16 02:06:26.315009: Pseudo dice [np.float32(0.9138), np.float32(0.7561), np.float32(0.0)]
2025-11-16 02:06:26.315114: Epoch time: 252.06 s
2025-11-16 02:06:27.848105: 
2025-11-16 02:06:27.848325: Epoch 693
2025-11-16 02:06:27.848498: Current learning rate: 0.00345
2025-11-16 02:10:39.802683: train_loss -0.6888
2025-11-16 02:10:39.802957: val_loss -0.6361
2025-11-16 02:10:39.803129: Pseudo dice [np.float32(0.9102), np.float32(0.7567), np.float32(0.0)]
2025-11-16 02:10:39.803240: Epoch time: 251.96 s
2025-11-16 02:10:40.901533: 
2025-11-16 02:10:40.901748: Epoch 694
2025-11-16 02:10:40.901860: Current learning rate: 0.00344
2025-11-16 02:14:52.782961: train_loss -0.6972
2025-11-16 02:14:52.783224: val_loss -0.6335
2025-11-16 02:14:52.783332: Pseudo dice [np.float32(0.9131), np.float32(0.7585), np.float32(0.0)]
2025-11-16 02:14:52.783436: Epoch time: 251.88 s
2025-11-16 02:14:53.879040: 
2025-11-16 02:14:53.879309: Epoch 695
2025-11-16 02:14:53.879432: Current learning rate: 0.00343
2025-11-16 02:19:05.384516: train_loss -0.7036
2025-11-16 02:19:05.384790: val_loss -0.7039
2025-11-16 02:19:05.384895: Pseudo dice [np.float32(0.9241), np.float32(0.7524), np.float32(0.0)]
2025-11-16 02:19:05.385123: Epoch time: 251.51 s
2025-11-16 02:19:06.489555: 
2025-11-16 02:19:06.489785: Epoch 696
2025-11-16 02:19:06.489908: Current learning rate: 0.00342
2025-11-16 02:23:18.167444: train_loss -0.7169
2025-11-16 02:23:18.167709: val_loss -0.6574
2025-11-16 02:23:18.167812: Pseudo dice [np.float32(0.9202), np.float32(0.7597), np.float32(0.0)]
2025-11-16 02:23:18.167916: Epoch time: 251.68 s
2025-11-16 02:23:19.274153: 
2025-11-16 02:23:19.274420: Epoch 697
2025-11-16 02:23:19.274546: Current learning rate: 0.00341
2025-11-16 02:27:31.012099: train_loss -0.7013
2025-11-16 02:27:31.012369: val_loss -0.694
2025-11-16 02:27:31.012477: Pseudo dice [np.float32(0.9115), np.float32(0.7657), np.float32(0.0)]
2025-11-16 02:27:31.012578: Epoch time: 251.74 s
2025-11-16 02:27:32.125511: 
2025-11-16 02:27:32.125831: Epoch 698
2025-11-16 02:27:32.126049: Current learning rate: 0.0034
2025-11-16 02:31:43.726776: train_loss -0.7061
2025-11-16 02:31:43.727041: val_loss -0.6389
2025-11-16 02:31:43.727142: Pseudo dice [np.float32(0.9114), np.float32(0.7611), np.float32(0.0)]
2025-11-16 02:31:43.727242: Epoch time: 251.6 s
2025-11-16 02:31:44.836070: 
2025-11-16 02:31:44.836315: Epoch 699
2025-11-16 02:31:44.836457: Current learning rate: 0.00339
2025-11-16 02:35:56.676290: train_loss -0.7097
2025-11-16 02:35:56.676552: val_loss -0.6667
2025-11-16 02:35:56.676654: Pseudo dice [np.float32(0.9164), np.float32(0.7548), np.float32(0.0)]
2025-11-16 02:35:56.676875: Epoch time: 251.84 s
2025-11-16 02:35:58.268853: 
2025-11-16 02:35:58.269089: Epoch 700
2025-11-16 02:35:58.269210: Current learning rate: 0.00338
2025-11-16 02:40:09.762305: train_loss -0.7059
2025-11-16 02:40:09.762659: val_loss -0.6569
2025-11-16 02:40:09.762766: Pseudo dice [np.float32(0.9278), np.float32(0.759), np.float32(0.0)]
2025-11-16 02:40:09.762868: Epoch time: 251.49 s
2025-11-16 02:40:10.876255: 
2025-11-16 02:40:10.876534: Epoch 701
2025-11-16 02:40:10.876681: Current learning rate: 0.00337
2025-11-16 02:44:22.515751: train_loss -0.7035
2025-11-16 02:44:22.516011: val_loss -0.6604
2025-11-16 02:44:22.516112: Pseudo dice [np.float32(0.9217), np.float32(0.7607), np.float32(0.0)]
2025-11-16 02:44:22.516210: Epoch time: 251.64 s
2025-11-16 02:44:23.625150: 
2025-11-16 02:44:23.625391: Epoch 702
2025-11-16 02:44:23.625521: Current learning rate: 0.00336
2025-11-16 02:48:35.217383: train_loss -0.7131
2025-11-16 02:48:35.217641: val_loss -0.6234
2025-11-16 02:48:35.217748: Pseudo dice [np.float32(0.9155), np.float32(0.7644), np.float32(0.0)]
2025-11-16 02:48:35.217853: Epoch time: 251.59 s
2025-11-16 02:48:36.332894: 
2025-11-16 02:48:36.333100: Epoch 703
2025-11-16 02:48:36.333225: Current learning rate: 0.00335
2025-11-16 02:52:47.952964: train_loss -0.6884
2025-11-16 02:52:47.953293: val_loss -0.7233
2025-11-16 02:52:47.953402: Pseudo dice [np.float32(0.9123), np.float32(0.7605), np.float32(0.0)]
2025-11-16 02:52:47.953505: Epoch time: 251.62 s
2025-11-16 02:52:49.054854: 
2025-11-16 02:52:49.055097: Epoch 704
2025-11-16 02:52:49.055236: Current learning rate: 0.00334
2025-11-16 02:57:01.089146: train_loss -0.7062
2025-11-16 02:57:01.089421: val_loss -0.6484
2025-11-16 02:57:01.089524: Pseudo dice [np.float32(0.9223), np.float32(0.7607), np.float32(0.0)]
2025-11-16 02:57:01.089625: Epoch time: 252.04 s
2025-11-16 02:57:02.594238: 
2025-11-16 02:57:02.594560: Epoch 705
2025-11-16 02:57:02.594692: Current learning rate: 0.00333
2025-11-16 03:01:15.083769: train_loss -0.7018
2025-11-16 03:01:15.084036: val_loss -0.6405
2025-11-16 03:01:15.084144: Pseudo dice [np.float32(0.9174), np.float32(0.7551), np.float32(0.0)]
2025-11-16 03:01:15.084247: Epoch time: 252.49 s
2025-11-16 03:01:16.187998: 
2025-11-16 03:01:16.188220: Epoch 706
2025-11-16 03:01:16.188345: Current learning rate: 0.00332
2025-11-16 03:05:28.098602: train_loss -0.7077
2025-11-16 03:05:28.098867: val_loss -0.6645
2025-11-16 03:05:28.098968: Pseudo dice [np.float32(0.9151), np.float32(0.7615), np.float32(0.0)]
2025-11-16 03:05:28.099088: Epoch time: 251.91 s
2025-11-16 03:05:29.207278: 
2025-11-16 03:05:29.207496: Epoch 707
2025-11-16 03:05:29.207621: Current learning rate: 0.00331
2025-11-16 03:09:41.095313: train_loss -0.7046
2025-11-16 03:09:41.095588: val_loss -0.6871
2025-11-16 03:09:41.095721: Pseudo dice [np.float32(0.9181), np.float32(0.7675), np.float32(0.0)]
2025-11-16 03:09:41.095826: Epoch time: 251.89 s
2025-11-16 03:09:42.214832: 
2025-11-16 03:09:42.215053: Epoch 708
2025-11-16 03:09:42.215177: Current learning rate: 0.0033
2025-11-16 03:13:54.052951: train_loss -0.6912
2025-11-16 03:13:54.053221: val_loss -0.6551
2025-11-16 03:13:54.053329: Pseudo dice [np.float32(0.9092), np.float32(0.7585), np.float32(0.0)]
2025-11-16 03:13:54.053431: Epoch time: 251.84 s
2025-11-16 03:13:55.170938: 
2025-11-16 03:13:55.171149: Epoch 709
2025-11-16 03:13:55.171281: Current learning rate: 0.00329
2025-11-16 03:18:06.780114: train_loss -0.7105
2025-11-16 03:18:06.780393: val_loss -0.6725
2025-11-16 03:18:06.780501: Pseudo dice [np.float32(0.9161), np.float32(0.7703), np.float32(0.0)]
2025-11-16 03:18:06.780602: Epoch time: 251.61 s
2025-11-16 03:18:07.894566: 
2025-11-16 03:18:07.894768: Epoch 710
2025-11-16 03:18:07.894890: Current learning rate: 0.00328
2025-11-16 03:22:19.683497: train_loss -0.695
2025-11-16 03:22:19.683773: val_loss -0.6965
2025-11-16 03:22:19.683882: Pseudo dice [np.float32(0.9175), np.float32(0.7656), np.float32(0.0)]
2025-11-16 03:22:19.683982: Epoch time: 251.79 s
2025-11-16 03:22:20.795399: 
2025-11-16 03:22:20.795684: Epoch 711
2025-11-16 03:22:20.795816: Current learning rate: 0.00327
2025-11-16 03:26:32.966459: train_loss -0.7147
2025-11-16 03:26:32.966733: val_loss -0.6678
2025-11-16 03:26:32.966842: Pseudo dice [np.float32(0.9061), np.float32(0.7497), np.float32(0.0)]
2025-11-16 03:26:32.966975: Epoch time: 252.17 s
2025-11-16 03:26:34.080752: 
2025-11-16 03:26:34.081113: Epoch 712
2025-11-16 03:26:34.081268: Current learning rate: 0.00326
2025-11-16 03:30:45.898411: train_loss -0.7048
2025-11-16 03:30:45.898673: val_loss -0.6612
2025-11-16 03:30:45.898772: Pseudo dice [np.float32(0.9176), np.float32(0.7702), np.float32(0.0)]
2025-11-16 03:30:45.898904: Epoch time: 251.82 s
2025-11-16 03:30:47.020086: 
2025-11-16 03:30:47.020339: Epoch 713
2025-11-16 03:30:47.020464: Current learning rate: 0.00325
2025-11-16 03:34:59.341868: train_loss -0.6945
2025-11-16 03:34:59.342133: val_loss -0.6194
2025-11-16 03:34:59.342236: Pseudo dice [np.float32(0.9118), np.float32(0.7613), np.float32(0.0)]
2025-11-16 03:34:59.342345: Epoch time: 252.32 s
2025-11-16 03:35:00.453092: 
2025-11-16 03:35:00.453391: Epoch 714
2025-11-16 03:35:00.453528: Current learning rate: 0.00324
2025-11-16 03:39:12.326107: train_loss -0.6967
2025-11-16 03:39:12.326383: val_loss -0.6526
2025-11-16 03:39:12.326490: Pseudo dice [np.float32(0.9139), np.float32(0.7564), np.float32(0.0)]
2025-11-16 03:39:12.326591: Epoch time: 251.87 s
2025-11-16 03:39:13.439548: 
2025-11-16 03:39:13.439780: Epoch 715
2025-11-16 03:39:13.439905: Current learning rate: 0.00323
2025-11-16 03:43:25.551150: train_loss -0.6968
2025-11-16 03:43:25.551433: val_loss -0.6991
2025-11-16 03:43:25.551536: Pseudo dice [np.float32(0.919), np.float32(0.7597), np.float32(0.0)]
2025-11-16 03:43:25.551636: Epoch time: 252.11 s
2025-11-16 03:43:26.663285: 
2025-11-16 03:43:26.663543: Epoch 716
2025-11-16 03:43:26.663709: Current learning rate: 0.00322
2025-11-16 03:47:38.461177: train_loss -0.7021
2025-11-16 03:47:38.461442: val_loss -0.6425
2025-11-16 03:47:38.461543: Pseudo dice [np.float32(0.9269), np.float32(0.7585), np.float32(0.0)]
2025-11-16 03:47:38.461643: Epoch time: 251.8 s
2025-11-16 03:47:39.973727: 
2025-11-16 03:47:39.973956: Epoch 717
2025-11-16 03:47:39.974082: Current learning rate: 0.00321
2025-11-16 03:51:51.763830: train_loss -0.7001
2025-11-16 03:51:51.764132: val_loss -0.6546
2025-11-16 03:51:51.764238: Pseudo dice [np.float32(0.9228), np.float32(0.7566), np.float32(0.0)]
2025-11-16 03:51:51.764347: Epoch time: 251.79 s
2025-11-16 03:51:52.870320: 
2025-11-16 03:51:52.870524: Epoch 718
2025-11-16 03:51:52.870640: Current learning rate: 0.0032
2025-11-16 03:56:04.485635: train_loss -0.6992
2025-11-16 03:56:04.485904: val_loss -0.6558
2025-11-16 03:56:04.486007: Pseudo dice [np.float32(0.9134), np.float32(0.762), np.float32(0.0)]
2025-11-16 03:56:04.486111: Epoch time: 251.62 s
2025-11-16 03:56:05.593189: 
2025-11-16 03:56:05.593399: Epoch 719
2025-11-16 03:56:05.593529: Current learning rate: 0.00319
2025-11-16 04:00:17.436197: train_loss -0.7148
2025-11-16 04:00:17.436501: val_loss -0.6804
2025-11-16 04:00:17.436605: Pseudo dice [np.float32(0.9177), np.float32(0.7526), np.float32(0.0)]
2025-11-16 04:00:17.436710: Epoch time: 251.84 s
2025-11-16 04:00:18.470840: 
2025-11-16 04:00:18.471056: Epoch 720
2025-11-16 04:00:18.471178: Current learning rate: 0.00318
2025-11-16 04:04:30.191928: train_loss -0.7002
2025-11-16 04:04:30.192266: val_loss -0.6749
2025-11-16 04:04:30.192409: Pseudo dice [np.float32(0.9137), np.float32(0.7535), np.float32(0.0)]
2025-11-16 04:04:30.192514: Epoch time: 251.72 s
2025-11-16 04:04:31.311379: 
2025-11-16 04:04:31.311572: Epoch 721
2025-11-16 04:04:31.311687: Current learning rate: 0.00317
2025-11-16 04:08:43.129509: train_loss -0.7032
2025-11-16 04:08:43.129779: val_loss -0.6748
2025-11-16 04:08:43.129882: Pseudo dice [np.float32(0.9282), np.float32(0.7505), np.float32(0.0)]
2025-11-16 04:08:43.129984: Epoch time: 251.82 s
2025-11-16 04:08:44.246228: 
2025-11-16 04:08:44.246424: Epoch 722
2025-11-16 04:08:44.246538: Current learning rate: 0.00316
2025-11-16 04:12:55.620978: train_loss -0.7065
2025-11-16 04:12:55.621256: val_loss -0.6372
2025-11-16 04:12:55.621371: Pseudo dice [np.float32(0.9095), np.float32(0.7445), np.float32(0.0)]
2025-11-16 04:12:55.621475: Epoch time: 251.38 s
2025-11-16 04:12:56.726138: 
2025-11-16 04:12:56.726357: Epoch 723
2025-11-16 04:12:56.726480: Current learning rate: 0.00315
2025-11-16 04:17:08.538904: train_loss -0.7018
2025-11-16 04:17:08.539175: val_loss -0.6489
2025-11-16 04:17:08.539285: Pseudo dice [np.float32(0.9004), np.float32(0.7501), np.float32(0.0)]
2025-11-16 04:17:08.539391: Epoch time: 251.81 s
2025-11-16 04:17:09.652936: 
2025-11-16 04:17:09.653207: Epoch 724
2025-11-16 04:17:09.653360: Current learning rate: 0.00314
2025-11-16 04:21:21.700693: train_loss -0.7143
2025-11-16 04:21:21.700951: val_loss -0.6527
2025-11-16 04:21:21.701052: Pseudo dice [np.float32(0.9229), np.float32(0.7585), np.float32(0.0)]
2025-11-16 04:21:21.701152: Epoch time: 252.05 s
2025-11-16 04:21:22.821638: 
2025-11-16 04:21:22.821982: Epoch 725
2025-11-16 04:21:22.822118: Current learning rate: 0.00313
2025-11-16 04:25:34.582444: train_loss -0.7093
2025-11-16 04:25:34.582704: val_loss -0.6691
2025-11-16 04:25:34.582804: Pseudo dice [np.float32(0.9225), np.float32(0.7669), np.float32(0.0)]
2025-11-16 04:25:34.582904: Epoch time: 251.76 s
2025-11-16 04:25:35.705901: 
2025-11-16 04:25:35.706122: Epoch 726
2025-11-16 04:25:35.706253: Current learning rate: 0.00312
2025-11-16 04:29:47.394972: train_loss -0.7095
2025-11-16 04:29:47.395246: val_loss -0.654
2025-11-16 04:29:47.395359: Pseudo dice [np.float32(0.9149), np.float32(0.7621), np.float32(0.0)]
2025-11-16 04:29:47.395460: Epoch time: 251.69 s
2025-11-16 04:29:48.505120: 
2025-11-16 04:29:48.505332: Epoch 727
2025-11-16 04:29:48.505455: Current learning rate: 0.00311
2025-11-16 04:34:00.548313: train_loss -0.699
2025-11-16 04:34:00.548583: val_loss -0.6555
2025-11-16 04:34:00.548683: Pseudo dice [np.float32(0.9158), np.float32(0.7643), np.float32(0.0)]
2025-11-16 04:34:00.548842: Epoch time: 252.04 s
2025-11-16 04:34:02.049928: 
2025-11-16 04:34:02.050177: Epoch 728
2025-11-16 04:34:02.050313: Current learning rate: 0.0031
2025-11-16 04:38:13.961563: train_loss -0.7095
2025-11-16 04:38:13.961837: val_loss -0.6668
2025-11-16 04:38:13.961938: Pseudo dice [np.float32(0.917), np.float32(0.7657), np.float32(0.0)]
2025-11-16 04:38:13.962038: Epoch time: 251.91 s
2025-11-16 04:38:15.075205: 
2025-11-16 04:38:15.075414: Epoch 729
2025-11-16 04:38:15.075537: Current learning rate: 0.00309
2025-11-16 04:42:26.844371: train_loss -0.7075
2025-11-16 04:42:26.844627: val_loss -0.6247
2025-11-16 04:42:26.844727: Pseudo dice [np.float32(0.9044), np.float32(0.7595), np.float32(0.0)]
2025-11-16 04:42:26.844828: Epoch time: 251.77 s
2025-11-16 04:42:27.942626: 
2025-11-16 04:42:27.942939: Epoch 730
2025-11-16 04:42:27.943088: Current learning rate: 0.00308
2025-11-16 04:46:39.759673: train_loss -0.6947
2025-11-16 04:46:39.759951: val_loss -0.6522
2025-11-16 04:46:39.760062: Pseudo dice [np.float32(0.9106), np.float32(0.7469), np.float32(0.0)]
2025-11-16 04:46:39.760187: Epoch time: 251.82 s
2025-11-16 04:46:40.864643: 
2025-11-16 04:46:40.864895: Epoch 731
2025-11-16 04:46:40.865015: Current learning rate: 0.00307
2025-11-16 04:50:52.957224: train_loss -0.7065
2025-11-16 04:50:52.957502: val_loss -0.6589
2025-11-16 04:50:52.957603: Pseudo dice [np.float32(0.9126), np.float32(0.7639), np.float32(0.0)]
2025-11-16 04:50:52.957750: Epoch time: 252.09 s
2025-11-16 04:50:53.996702: 
2025-11-16 04:50:53.996983: Epoch 732
2025-11-16 04:50:53.997108: Current learning rate: 0.00306
2025-11-16 04:55:05.787873: train_loss -0.7068
2025-11-16 04:55:05.788148: val_loss -0.6729
2025-11-16 04:55:05.788254: Pseudo dice [np.float32(0.9133), np.float32(0.7648), np.float32(0.0)]
2025-11-16 04:55:05.788402: Epoch time: 251.79 s
2025-11-16 04:55:06.910784: 
2025-11-16 04:55:06.911092: Epoch 733
2025-11-16 04:55:06.911225: Current learning rate: 0.00305
2025-11-16 04:59:18.666839: train_loss -0.713
2025-11-16 04:59:18.667093: val_loss -0.6715
2025-11-16 04:59:18.667193: Pseudo dice [np.float32(0.9167), np.float32(0.7587), np.float32(0.0)]
2025-11-16 04:59:18.667301: Epoch time: 251.76 s
2025-11-16 04:59:19.786573: 
2025-11-16 04:59:19.786893: Epoch 734
2025-11-16 04:59:19.787297: Current learning rate: 0.00304
2025-11-16 05:03:31.190462: train_loss -0.7129
2025-11-16 05:03:31.190731: val_loss -0.6886
2025-11-16 05:03:31.190835: Pseudo dice [np.float32(0.9206), np.float32(0.7606), np.float32(0.0)]
2025-11-16 05:03:31.190935: Epoch time: 251.4 s
2025-11-16 05:03:32.299132: 
2025-11-16 05:03:32.299500: Epoch 735
2025-11-16 05:03:32.299620: Current learning rate: 0.00303
2025-11-16 05:07:43.822604: train_loss -0.7146
2025-11-16 05:07:43.822892: val_loss -0.6366
2025-11-16 05:07:43.823002: Pseudo dice [np.float32(0.9129), np.float32(0.7653), np.float32(0.0)]
2025-11-16 05:07:43.823171: Epoch time: 251.52 s
2025-11-16 05:07:44.924104: 
2025-11-16 05:07:44.924372: Epoch 736
2025-11-16 05:07:44.924497: Current learning rate: 0.00302
2025-11-16 05:11:56.507437: train_loss -0.7173
2025-11-16 05:11:56.507708: val_loss -0.6068
2025-11-16 05:11:56.507808: Pseudo dice [np.float32(0.9114), np.float32(0.7614), np.float32(0.0)]
2025-11-16 05:11:56.507910: Epoch time: 251.58 s
2025-11-16 05:11:57.612840: 
2025-11-16 05:11:57.613105: Epoch 737
2025-11-16 05:11:57.613255: Current learning rate: 0.00301
2025-11-16 05:16:09.185086: train_loss -0.7162
2025-11-16 05:16:09.185367: val_loss -0.6752
2025-11-16 05:16:09.185471: Pseudo dice [np.float32(0.916), np.float32(0.7464), np.float32(0.0)]
2025-11-16 05:16:09.185613: Epoch time: 251.57 s
2025-11-16 05:16:10.298224: 
2025-11-16 05:16:10.298593: Epoch 738
2025-11-16 05:16:10.298787: Current learning rate: 0.003
2025-11-16 05:20:21.822633: train_loss -0.7221
2025-11-16 05:20:21.822887: val_loss -0.6445
2025-11-16 05:20:21.823049: Pseudo dice [np.float32(0.9213), np.float32(0.7592), np.float32(0.0)]
2025-11-16 05:20:21.823189: Epoch time: 251.53 s
2025-11-16 05:20:22.940647: 
2025-11-16 05:20:22.940914: Epoch 739
2025-11-16 05:20:22.941047: Current learning rate: 0.00299
2025-11-16 05:24:34.533502: train_loss -0.7116
2025-11-16 05:24:34.533837: val_loss -0.6375
2025-11-16 05:24:34.533973: Pseudo dice [np.float32(0.9183), np.float32(0.7576), np.float32(0.0)]
2025-11-16 05:24:34.534078: Epoch time: 251.59 s
2025-11-16 05:24:36.042265: 
2025-11-16 05:24:36.042483: Epoch 740
2025-11-16 05:24:36.042605: Current learning rate: 0.00297
2025-11-16 05:28:47.917751: train_loss -0.7154
2025-11-16 05:28:47.917999: val_loss -0.6881
2025-11-16 05:28:47.918151: Pseudo dice [np.float32(0.9218), np.float32(0.7645), np.float32(0.0)]
2025-11-16 05:28:47.918286: Epoch time: 251.88 s
2025-11-16 05:28:49.014930: 
2025-11-16 05:28:49.015168: Epoch 741
2025-11-16 05:28:49.015296: Current learning rate: 0.00296
2025-11-16 05:33:00.826865: train_loss -0.7129
2025-11-16 05:33:00.827156: val_loss -0.688
2025-11-16 05:33:00.827262: Pseudo dice [np.float32(0.9084), np.float32(0.7505), np.float32(0.0)]
2025-11-16 05:33:00.827376: Epoch time: 251.81 s
2025-11-16 05:33:01.942346: 
2025-11-16 05:33:01.942593: Epoch 742
2025-11-16 05:33:01.942720: Current learning rate: 0.00295
2025-11-16 05:37:13.813224: train_loss -0.7086
2025-11-16 05:37:13.813512: val_loss -0.6515
2025-11-16 05:37:13.813617: Pseudo dice [np.float32(0.9186), np.float32(0.7454), np.float32(0.0)]
2025-11-16 05:37:13.813717: Epoch time: 251.87 s
2025-11-16 05:37:14.919508: 
2025-11-16 05:37:14.919796: Epoch 743
2025-11-16 05:37:14.919915: Current learning rate: 0.00294
2025-11-16 05:41:26.929453: train_loss -0.7046
2025-11-16 05:41:26.929730: val_loss -0.6578
2025-11-16 05:41:26.929831: Pseudo dice [np.float32(0.9166), np.float32(0.756), np.float32(0.0)]
2025-11-16 05:41:26.929932: Epoch time: 252.01 s
2025-11-16 05:41:28.039318: 
2025-11-16 05:41:28.039551: Epoch 744
2025-11-16 05:41:28.039676: Current learning rate: 0.00293
2025-11-16 05:45:39.853117: train_loss -0.685
2025-11-16 05:45:39.853430: val_loss -0.6661
2025-11-16 05:45:39.853539: Pseudo dice [np.float32(0.9145), np.float32(0.7587), np.float32(0.0)]
2025-11-16 05:45:39.853641: Epoch time: 251.81 s
2025-11-16 05:45:40.965662: 
2025-11-16 05:45:40.965861: Epoch 745
2025-11-16 05:45:40.965976: Current learning rate: 0.00292
2025-11-16 05:49:52.925004: train_loss -0.6935
2025-11-16 05:49:52.925263: val_loss -0.663
2025-11-16 05:49:52.925373: Pseudo dice [np.float32(0.9172), np.float32(0.7681), np.float32(0.0)]
2025-11-16 05:49:52.925474: Epoch time: 251.96 s
2025-11-16 05:49:54.030094: 
2025-11-16 05:49:54.030307: Epoch 746
2025-11-16 05:49:54.030430: Current learning rate: 0.00291
2025-11-16 05:54:05.757858: train_loss -0.7078
2025-11-16 05:54:05.758139: val_loss -0.6557
2025-11-16 05:54:05.758243: Pseudo dice [np.float32(0.9157), np.float32(0.7663), np.float32(0.0)]
2025-11-16 05:54:05.758354: Epoch time: 251.73 s
2025-11-16 05:54:06.867127: 
2025-11-16 05:54:06.867349: Epoch 747
2025-11-16 05:54:06.867474: Current learning rate: 0.0029
2025-11-16 05:58:18.837152: train_loss -0.7127
2025-11-16 05:58:18.837427: val_loss -0.6693
2025-11-16 05:58:18.837531: Pseudo dice [np.float32(0.9211), np.float32(0.7512), np.float32(0.0)]
2025-11-16 05:58:18.837632: Epoch time: 251.97 s
2025-11-16 05:58:19.949298: 
2025-11-16 05:58:19.949494: Epoch 748
2025-11-16 05:58:19.949613: Current learning rate: 0.00289
2025-11-16 06:02:31.581995: train_loss -0.7018
2025-11-16 06:02:31.582253: val_loss -0.6517
2025-11-16 06:02:31.582362: Pseudo dice [np.float32(0.9005), np.float32(0.7619), np.float32(0.0)]
2025-11-16 06:02:31.582464: Epoch time: 251.63 s
2025-11-16 06:02:32.685555: 
2025-11-16 06:02:32.685840: Epoch 749
2025-11-16 06:02:32.685969: Current learning rate: 0.00288
2025-11-16 06:06:44.583527: train_loss -0.707
2025-11-16 06:06:44.583820: val_loss -0.6547
2025-11-16 06:06:44.583923: Pseudo dice [np.float32(0.9293), np.float32(0.7648), np.float32(0.0)]
2025-11-16 06:06:44.584026: Epoch time: 251.9 s
2025-11-16 06:06:46.052752: 
2025-11-16 06:06:46.052990: Epoch 750
2025-11-16 06:06:46.053121: Current learning rate: 0.00287
2025-11-16 06:10:57.716706: train_loss -0.7158
2025-11-16 06:10:57.716976: val_loss -0.645
2025-11-16 06:10:57.717079: Pseudo dice [np.float32(0.9164), np.float32(0.7573), np.float32(0.0)]
2025-11-16 06:10:57.717179: Epoch time: 251.66 s
2025-11-16 06:10:58.823428: 
2025-11-16 06:10:58.823645: Epoch 751
2025-11-16 06:10:58.823758: Current learning rate: 0.00286
2025-11-16 06:15:10.737313: train_loss -0.6961
2025-11-16 06:15:10.737570: val_loss -0.6524
2025-11-16 06:15:10.737672: Pseudo dice [np.float32(0.9148), np.float32(0.7733), np.float32(0.0)]
2025-11-16 06:15:10.737772: Epoch time: 251.91 s
2025-11-16 06:15:12.249906: 
2025-11-16 06:15:12.250116: Epoch 752
2025-11-16 06:15:12.250232: Current learning rate: 0.00285
2025-11-16 06:19:24.143945: train_loss -0.7205
2025-11-16 06:19:24.144213: val_loss -0.6724
2025-11-16 06:19:24.144321: Pseudo dice [np.float32(0.917), np.float32(0.761), np.float32(0.0)]
2025-11-16 06:19:24.144423: Epoch time: 251.89 s
2025-11-16 06:19:25.255509: 
2025-11-16 06:19:25.255806: Epoch 753
2025-11-16 06:19:25.255939: Current learning rate: 0.00284
2025-11-16 06:23:36.924548: train_loss -0.721
2025-11-16 06:23:36.924774: val_loss -0.639
2025-11-16 06:23:36.924873: Pseudo dice [np.float32(0.9165), np.float32(0.759), np.float32(0.0)]
2025-11-16 06:23:36.924974: Epoch time: 251.67 s
2025-11-16 06:23:38.103440: 
2025-11-16 06:23:38.103678: Epoch 754
2025-11-16 06:23:38.103799: Current learning rate: 0.00283
2025-11-16 06:27:49.989451: train_loss -0.7219
2025-11-16 06:27:49.989765: val_loss -0.6519
2025-11-16 06:27:49.989862: Pseudo dice [np.float32(0.926), np.float32(0.7568), np.float32(0.0)]
2025-11-16 06:27:49.989956: Epoch time: 251.89 s
2025-11-16 06:27:51.046997: 
2025-11-16 06:27:51.047199: Epoch 755
2025-11-16 06:27:51.047325: Current learning rate: 0.00282
2025-11-16 06:32:02.363862: train_loss -0.6995
2025-11-16 06:32:02.364150: val_loss -0.671
2025-11-16 06:32:02.364310: Pseudo dice [np.float32(0.9112), np.float32(0.7596), np.float32(0.0)]
2025-11-16 06:32:02.364417: Epoch time: 251.32 s
2025-11-16 06:32:03.472198: 
2025-11-16 06:32:03.472513: Epoch 756
2025-11-16 06:32:03.472728: Current learning rate: 0.00281
2025-11-16 06:36:14.894959: train_loss -0.7212
2025-11-16 06:36:14.895258: val_loss -0.6638
2025-11-16 06:36:14.895370: Pseudo dice [np.float32(0.9093), np.float32(0.7648), np.float32(0.0)]
2025-11-16 06:36:14.895471: Epoch time: 251.42 s
2025-11-16 06:36:16.009938: 
2025-11-16 06:36:16.010168: Epoch 757
2025-11-16 06:36:16.010292: Current learning rate: 0.0028
2025-11-16 06:40:27.846783: train_loss -0.7154
2025-11-16 06:40:27.847109: val_loss -0.6262
2025-11-16 06:40:27.847221: Pseudo dice [np.float32(0.9197), np.float32(0.757), np.float32(0.0)]
2025-11-16 06:40:27.847332: Epoch time: 251.84 s
2025-11-16 06:40:28.963717: 
2025-11-16 06:40:28.963923: Epoch 758
2025-11-16 06:40:28.964054: Current learning rate: 0.00279
2025-11-16 06:44:40.984895: train_loss -0.6972
2025-11-16 06:44:40.985229: val_loss -0.6588
2025-11-16 06:44:40.985347: Pseudo dice [np.float32(0.9082), np.float32(0.7452), np.float32(0.0)]
2025-11-16 06:44:40.985451: Epoch time: 252.02 s
2025-11-16 06:44:42.103238: 
2025-11-16 06:44:42.103540: Epoch 759
2025-11-16 06:44:42.103691: Current learning rate: 0.00278
2025-11-16 06:48:53.658460: train_loss -0.7168
2025-11-16 06:48:53.658736: val_loss -0.6649
2025-11-16 06:48:53.658837: Pseudo dice [np.float32(0.9206), np.float32(0.7564), np.float32(0.0)]
2025-11-16 06:48:53.658940: Epoch time: 251.56 s
2025-11-16 06:48:54.775857: 
2025-11-16 06:48:54.776056: Epoch 760
2025-11-16 06:48:54.776213: Current learning rate: 0.00277
2025-11-16 06:53:06.630710: train_loss -0.6917
2025-11-16 06:53:06.630965: val_loss -0.6379
2025-11-16 06:53:06.631064: Pseudo dice [np.float32(0.9195), np.float32(0.7536), np.float32(0.0)]
2025-11-16 06:53:06.631166: Epoch time: 251.86 s
2025-11-16 06:53:07.743536: 
2025-11-16 06:53:07.743839: Epoch 761
2025-11-16 06:53:07.743971: Current learning rate: 0.00276
2025-11-16 06:57:19.413159: train_loss -0.6983
2025-11-16 06:57:19.413421: val_loss -0.6592
2025-11-16 06:57:19.413526: Pseudo dice [np.float32(0.9094), np.float32(0.7618), np.float32(0.0)]
2025-11-16 06:57:19.413628: Epoch time: 251.67 s
2025-11-16 06:57:20.520129: 
2025-11-16 06:57:20.520327: Epoch 762
2025-11-16 06:57:20.520446: Current learning rate: 0.00275
2025-11-16 07:01:32.413062: train_loss -0.7094
2025-11-16 07:01:32.413340: val_loss -0.659
2025-11-16 07:01:32.413516: Pseudo dice [np.float32(0.9079), np.float32(0.7581), np.float32(0.0)]
2025-11-16 07:01:32.413621: Epoch time: 251.89 s
2025-11-16 07:01:33.534373: 
2025-11-16 07:01:33.534554: Epoch 763
2025-11-16 07:01:33.534682: Current learning rate: 0.00274
2025-11-16 07:05:45.682155: train_loss -0.7126
2025-11-16 07:05:45.682438: val_loss -0.6343
2025-11-16 07:05:45.682538: Pseudo dice [np.float32(0.9112), np.float32(0.7611), np.float32(0.0)]
2025-11-16 07:05:45.682638: Epoch time: 252.15 s
2025-11-16 07:05:46.805977: 
2025-11-16 07:05:46.806197: Epoch 764
2025-11-16 07:05:46.806322: Current learning rate: 0.00273
2025-11-16 07:09:58.722408: train_loss -0.7144
2025-11-16 07:09:58.722687: val_loss -0.7174
2025-11-16 07:09:58.722792: Pseudo dice [np.float32(0.9194), np.float32(0.7558), np.float32(0.0)]
2025-11-16 07:09:58.722898: Epoch time: 251.92 s
2025-11-16 07:09:59.849390: 
2025-11-16 07:09:59.849659: Epoch 765
2025-11-16 07:09:59.849785: Current learning rate: 0.00272
2025-11-16 07:14:11.636200: train_loss -0.7018
2025-11-16 07:14:11.636484: val_loss -0.6726
2025-11-16 07:14:11.636587: Pseudo dice [np.float32(0.9255), np.float32(0.7615), np.float32(0.0)]
2025-11-16 07:14:11.636688: Epoch time: 251.79 s
2025-11-16 07:14:12.756279: 
2025-11-16 07:14:12.756503: Epoch 766
2025-11-16 07:14:12.756631: Current learning rate: 0.00271
2025-11-16 07:18:24.778867: train_loss -0.7272
2025-11-16 07:18:24.779135: val_loss -0.6231
2025-11-16 07:18:24.779237: Pseudo dice [np.float32(0.918), np.float32(0.7711), np.float32(0.0)]
2025-11-16 07:18:24.779348: Epoch time: 252.02 s
2025-11-16 07:18:25.904922: 
2025-11-16 07:18:25.905138: Epoch 767
2025-11-16 07:18:25.905267: Current learning rate: 0.0027
2025-11-16 07:22:37.954044: train_loss -0.7051
2025-11-16 07:22:37.954321: val_loss -0.6673
2025-11-16 07:22:37.954424: Pseudo dice [np.float32(0.9191), np.float32(0.7596), np.float32(0.0)]
2025-11-16 07:22:37.954526: Epoch time: 252.05 s
2025-11-16 07:22:39.001658: 
2025-11-16 07:22:39.001967: Epoch 768
2025-11-16 07:22:39.002125: Current learning rate: 0.00268
2025-11-16 07:26:51.020405: train_loss -0.7282
2025-11-16 07:26:51.020670: val_loss -0.6595
2025-11-16 07:26:51.020775: Pseudo dice [np.float32(0.9183), np.float32(0.7663), np.float32(0.0)]
2025-11-16 07:26:51.020878: Epoch time: 252.02 s
2025-11-16 07:26:52.145651: 
2025-11-16 07:26:52.145859: Epoch 769
2025-11-16 07:26:52.145979: Current learning rate: 0.00267
2025-11-16 07:31:03.959010: train_loss -0.7156
2025-11-16 07:31:03.959301: val_loss -0.6933
2025-11-16 07:31:03.959409: Pseudo dice [np.float32(0.9214), np.float32(0.7574), np.float32(0.0)]
2025-11-16 07:31:03.959511: Epoch time: 251.81 s
2025-11-16 07:31:05.084429: 
2025-11-16 07:31:05.084655: Epoch 770
2025-11-16 07:31:05.084778: Current learning rate: 0.00266
2025-11-16 07:35:17.118807: train_loss -0.7091
2025-11-16 07:35:17.119082: val_loss -0.6369
2025-11-16 07:35:17.119188: Pseudo dice [np.float32(0.9226), np.float32(0.7465), np.float32(0.0)]
2025-11-16 07:35:17.119304: Epoch time: 252.04 s
2025-11-16 07:35:18.237559: 
2025-11-16 07:35:18.237761: Epoch 771
2025-11-16 07:35:18.237923: Current learning rate: 0.00265
2025-11-16 07:39:29.892738: train_loss -0.71
2025-11-16 07:39:29.893002: val_loss -0.6592
2025-11-16 07:39:29.893102: Pseudo dice [np.float32(0.9149), np.float32(0.7704), np.float32(0.0)]
2025-11-16 07:39:29.893228: Epoch time: 251.66 s
2025-11-16 07:39:31.007986: 
2025-11-16 07:39:31.008229: Epoch 772
2025-11-16 07:39:31.008360: Current learning rate: 0.00264
2025-11-16 07:43:42.769811: train_loss -0.7207
2025-11-16 07:43:42.770078: val_loss -0.6856
2025-11-16 07:43:42.770180: Pseudo dice [np.float32(0.9258), np.float32(0.769), np.float32(0.0)]
2025-11-16 07:43:42.770291: Epoch time: 251.76 s
2025-11-16 07:43:43.903054: 
2025-11-16 07:43:43.903281: Epoch 773
2025-11-16 07:43:43.903442: Current learning rate: 0.00263
2025-11-16 07:47:55.799268: train_loss -0.7136
2025-11-16 07:47:55.799523: val_loss -0.6673
2025-11-16 07:47:55.799612: Pseudo dice [np.float32(0.9201), np.float32(0.7565), np.float32(0.0)]
2025-11-16 07:47:55.799704: Epoch time: 251.9 s
2025-11-16 07:47:56.926753: 
2025-11-16 07:47:56.927088: Epoch 774
2025-11-16 07:47:56.927244: Current learning rate: 0.00262
2025-11-16 07:52:08.750478: train_loss -0.7045
2025-11-16 07:52:08.750751: val_loss -0.5852
2025-11-16 07:52:08.750851: Pseudo dice [np.float32(0.9086), np.float32(0.7589), np.float32(0.0)]
2025-11-16 07:52:08.750952: Epoch time: 251.82 s
2025-11-16 07:52:10.173464: 
2025-11-16 07:52:10.173692: Epoch 775
2025-11-16 07:52:10.173811: Current learning rate: 0.00261
2025-11-16 07:56:22.082319: train_loss -0.7156
2025-11-16 07:56:22.082591: val_loss -0.6565
2025-11-16 07:56:22.082694: Pseudo dice [np.float32(0.919), np.float32(0.7563), np.float32(0.0)]
2025-11-16 07:56:22.082797: Epoch time: 251.91 s
2025-11-16 07:56:23.196777: 
2025-11-16 07:56:23.196987: Epoch 776
2025-11-16 07:56:23.197110: Current learning rate: 0.0026
2025-11-16 08:00:34.934629: train_loss -0.7062
2025-11-16 08:00:34.934904: val_loss -0.6376
2025-11-16 08:00:34.935009: Pseudo dice [np.float32(0.9105), np.float32(0.7604), np.float32(0.0)]
2025-11-16 08:00:34.935142: Epoch time: 251.74 s
2025-11-16 08:00:36.047931: 
2025-11-16 08:00:36.048202: Epoch 777
2025-11-16 08:00:36.048323: Current learning rate: 0.00259
2025-11-16 08:04:47.837087: train_loss -0.7046
2025-11-16 08:04:47.837364: val_loss -0.671
2025-11-16 08:04:47.837465: Pseudo dice [np.float32(0.9194), np.float32(0.7569), np.float32(0.0)]
2025-11-16 08:04:47.837566: Epoch time: 251.79 s
2025-11-16 08:04:48.954908: 
2025-11-16 08:04:48.955213: Epoch 778
2025-11-16 08:04:48.955357: Current learning rate: 0.00258
2025-11-16 08:09:00.942199: train_loss -0.7015
2025-11-16 08:09:00.942470: val_loss -0.6411
2025-11-16 08:09:00.942570: Pseudo dice [np.float32(0.9118), np.float32(0.7622), np.float32(0.0)]
2025-11-16 08:09:00.942669: Epoch time: 251.99 s
2025-11-16 08:09:02.065584: 
2025-11-16 08:09:02.065817: Epoch 779
2025-11-16 08:09:02.065941: Current learning rate: 0.00257
2025-11-16 08:13:13.927045: train_loss -0.7135
2025-11-16 08:13:13.927312: val_loss -0.6484
2025-11-16 08:13:13.927414: Pseudo dice [np.float32(0.9157), np.float32(0.7584), np.float32(0.0)]
2025-11-16 08:13:13.927514: Epoch time: 251.86 s
2025-11-16 08:13:15.057955: 
2025-11-16 08:13:15.058187: Epoch 780
2025-11-16 08:13:15.058314: Current learning rate: 0.00256
2025-11-16 08:17:26.954928: train_loss -0.7234
2025-11-16 08:17:26.955196: val_loss -0.6538
2025-11-16 08:17:26.955302: Pseudo dice [np.float32(0.9126), np.float32(0.7667), np.float32(0.0)]
2025-11-16 08:17:26.955406: Epoch time: 251.9 s
2025-11-16 08:17:28.066572: 
2025-11-16 08:17:28.066761: Epoch 781
2025-11-16 08:17:28.066879: Current learning rate: 0.00255
2025-11-16 08:21:39.693706: train_loss -0.7116
2025-11-16 08:21:39.693945: val_loss -0.6782
2025-11-16 08:21:39.694047: Pseudo dice [np.float32(0.9153), np.float32(0.7632), np.float32(0.0)]
2025-11-16 08:21:39.694146: Epoch time: 251.63 s
2025-11-16 08:21:40.799293: 
2025-11-16 08:21:40.799491: Epoch 782
2025-11-16 08:21:40.799608: Current learning rate: 0.00254
2025-11-16 08:25:52.462697: train_loss -0.7071
2025-11-16 08:25:52.462964: val_loss -0.6646
2025-11-16 08:25:52.463069: Pseudo dice [np.float32(0.9095), np.float32(0.7656), np.float32(0.0)]
2025-11-16 08:25:52.463171: Epoch time: 251.66 s
2025-11-16 08:25:53.586214: 
2025-11-16 08:25:53.586442: Epoch 783
2025-11-16 08:25:53.586598: Current learning rate: 0.00253
2025-11-16 08:30:05.717798: train_loss -0.7179
2025-11-16 08:30:05.718063: val_loss -0.6501
2025-11-16 08:30:05.718218: Pseudo dice [np.float32(0.9228), np.float32(0.7694), np.float32(0.0)]
2025-11-16 08:30:05.718333: Epoch time: 252.13 s
2025-11-16 08:30:06.856164: 
2025-11-16 08:30:06.856357: Epoch 784
2025-11-16 08:30:06.856476: Current learning rate: 0.00252
2025-11-16 08:34:18.399934: train_loss -0.7041
2025-11-16 08:34:18.400250: val_loss -0.6704
2025-11-16 08:34:18.400372: Pseudo dice [np.float32(0.9134), np.float32(0.7629), np.float32(0.0)]
2025-11-16 08:34:18.400476: Epoch time: 251.54 s
2025-11-16 08:34:19.520445: 
2025-11-16 08:34:19.520753: Epoch 785
2025-11-16 08:34:19.520887: Current learning rate: 0.00251
2025-11-16 08:38:31.042653: train_loss -0.6999
2025-11-16 08:38:31.042919: val_loss -0.6302
2025-11-16 08:38:31.043019: Pseudo dice [np.float32(0.9175), np.float32(0.754), np.float32(0.0)]
2025-11-16 08:38:31.043120: Epoch time: 251.52 s
2025-11-16 08:38:32.551109: 
2025-11-16 08:38:32.551334: Epoch 786
2025-11-16 08:38:32.551547: Current learning rate: 0.0025
2025-11-16 08:42:44.633882: train_loss -0.7081
2025-11-16 08:42:44.634137: val_loss -0.665
2025-11-16 08:42:44.634242: Pseudo dice [np.float32(0.9137), np.float32(0.7686), np.float32(0.0)]
2025-11-16 08:42:44.634355: Epoch time: 252.08 s
2025-11-16 08:42:45.748508: 
2025-11-16 08:42:45.748833: Epoch 787
2025-11-16 08:42:45.748954: Current learning rate: 0.00249
2025-11-16 08:46:57.669504: train_loss -0.7035
2025-11-16 08:46:57.669840: val_loss -0.6805
2025-11-16 08:46:57.669947: Pseudo dice [np.float32(0.9188), np.float32(0.7621), np.float32(0.0)]
2025-11-16 08:46:57.670049: Epoch time: 251.92 s
2025-11-16 08:46:58.792126: 
2025-11-16 08:46:58.792500: Epoch 788
2025-11-16 08:46:58.792672: Current learning rate: 0.00248
2025-11-16 08:51:10.641346: train_loss -0.7188
2025-11-16 08:51:10.641613: val_loss -0.6788
2025-11-16 08:51:10.641715: Pseudo dice [np.float32(0.9184), np.float32(0.7698), np.float32(0.0)]
2025-11-16 08:51:10.641816: Epoch time: 251.85 s
2025-11-16 08:51:11.746172: 
2025-11-16 08:51:11.746460: Epoch 789
2025-11-16 08:51:11.746623: Current learning rate: 0.00247
2025-11-16 08:55:23.348742: train_loss -0.7011
2025-11-16 08:55:23.348965: val_loss -0.639
2025-11-16 08:55:23.349064: Pseudo dice [np.float32(0.9139), np.float32(0.765), np.float32(0.0)]
2025-11-16 08:55:23.349223: Epoch time: 251.6 s
2025-11-16 08:55:24.473647: 
2025-11-16 08:55:24.473917: Epoch 790
2025-11-16 08:55:24.474049: Current learning rate: 0.00245
2025-11-16 08:59:36.499185: train_loss -0.7001
2025-11-16 08:59:36.499449: val_loss -0.6437
2025-11-16 08:59:36.499552: Pseudo dice [np.float32(0.9149), np.float32(0.7646), np.float32(0.0)]
2025-11-16 08:59:36.499653: Epoch time: 252.03 s
2025-11-16 08:59:37.618396: 
2025-11-16 08:59:37.618645: Epoch 791
2025-11-16 08:59:37.618766: Current learning rate: 0.00244
2025-11-16 09:03:49.378943: train_loss -0.7181
2025-11-16 09:03:49.379216: val_loss -0.6434
2025-11-16 09:03:49.379329: Pseudo dice [np.float32(0.9172), np.float32(0.7499), np.float32(0.0)]
2025-11-16 09:03:49.379460: Epoch time: 251.76 s
2025-11-16 09:03:50.507728: 
2025-11-16 09:03:50.508015: Epoch 792
2025-11-16 09:03:50.508156: Current learning rate: 0.00243
2025-11-16 09:08:02.289151: train_loss -0.7146
2025-11-16 09:08:02.289466: val_loss -0.6789
2025-11-16 09:08:02.289573: Pseudo dice [np.float32(0.9189), np.float32(0.7624), np.float32(0.0)]
2025-11-16 09:08:02.289675: Epoch time: 251.78 s
2025-11-16 09:08:03.412252: 
2025-11-16 09:08:03.412507: Epoch 793
2025-11-16 09:08:03.412679: Current learning rate: 0.00242
2025-11-16 09:12:15.019587: train_loss -0.7113
2025-11-16 09:12:15.019872: val_loss -0.6584
2025-11-16 09:12:15.019977: Pseudo dice [np.float32(0.9216), np.float32(0.7571), np.float32(0.0)]
2025-11-16 09:12:15.020079: Epoch time: 251.61 s
2025-11-16 09:12:16.137242: 
2025-11-16 09:12:16.137455: Epoch 794
2025-11-16 09:12:16.137578: Current learning rate: 0.00241
2025-11-16 09:16:28.053333: train_loss -0.7188
2025-11-16 09:16:28.053602: val_loss -0.643
2025-11-16 09:16:28.053703: Pseudo dice [np.float32(0.9108), np.float32(0.7556), np.float32(0.0)]
2025-11-16 09:16:28.053804: Epoch time: 251.92 s
2025-11-16 09:16:29.169669: 
2025-11-16 09:16:29.169864: Epoch 795
2025-11-16 09:16:29.169982: Current learning rate: 0.0024
2025-11-16 09:20:41.200787: train_loss -0.717
2025-11-16 09:20:41.201052: val_loss -0.6459
2025-11-16 09:20:41.201154: Pseudo dice [np.float32(0.9182), np.float32(0.7705), np.float32(0.0)]
2025-11-16 09:20:41.201257: Epoch time: 252.03 s
2025-11-16 09:20:42.319149: 
2025-11-16 09:20:42.319379: Epoch 796
2025-11-16 09:20:42.319550: Current learning rate: 0.00239
2025-11-16 09:24:54.082977: train_loss -0.7074
2025-11-16 09:24:54.083243: val_loss -0.6589
2025-11-16 09:24:54.083350: Pseudo dice [np.float32(0.9261), np.float32(0.7609), np.float32(0.0)]
2025-11-16 09:24:54.083452: Epoch time: 251.76 s
2025-11-16 09:24:55.204900: 
2025-11-16 09:24:55.205111: Epoch 797
2025-11-16 09:24:55.205246: Current learning rate: 0.00238
2025-11-16 09:29:06.991985: train_loss -0.7079
2025-11-16 09:29:06.992244: val_loss -0.6852
2025-11-16 09:29:06.992356: Pseudo dice [np.float32(0.9177), np.float32(0.7534), np.float32(0.0)]
2025-11-16 09:29:06.992459: Epoch time: 251.79 s
2025-11-16 09:29:08.520977: 
2025-11-16 09:29:08.521199: Epoch 798
2025-11-16 09:29:08.521326: Current learning rate: 0.00237
2025-11-16 09:33:20.207096: train_loss -0.705
2025-11-16 09:33:20.207370: val_loss -0.6845
2025-11-16 09:33:20.207471: Pseudo dice [np.float32(0.9182), np.float32(0.7634), np.float32(0.0)]
2025-11-16 09:33:20.207610: Epoch time: 251.69 s
2025-11-16 09:33:21.321481: 
2025-11-16 09:33:21.321720: Epoch 799
2025-11-16 09:33:21.321877: Current learning rate: 0.00236
2025-11-16 09:37:32.862739: train_loss -0.7101
2025-11-16 09:37:32.863114: val_loss -0.6281
2025-11-16 09:37:32.863229: Pseudo dice [np.float32(0.912), np.float32(0.7711), np.float32(0.0)]
2025-11-16 09:37:32.863342: Epoch time: 251.54 s
2025-11-16 09:37:34.340908: 
2025-11-16 09:37:34.341137: Epoch 800
2025-11-16 09:37:34.341257: Current learning rate: 0.00235
2025-11-16 09:41:46.207294: train_loss -0.7258
2025-11-16 09:41:46.207558: val_loss -0.6872
2025-11-16 09:41:46.207659: Pseudo dice [np.float32(0.922), np.float32(0.764), np.float32(0.0)]
2025-11-16 09:41:46.207763: Epoch time: 251.87 s
2025-11-16 09:41:47.333069: 
2025-11-16 09:41:47.333326: Epoch 801
2025-11-16 09:41:47.333454: Current learning rate: 0.00234
2025-11-16 09:45:58.988177: train_loss -0.7139
2025-11-16 09:45:58.988436: val_loss -0.6317
2025-11-16 09:45:58.988527: Pseudo dice [np.float32(0.9078), np.float32(0.758), np.float32(0.0)]
2025-11-16 09:45:58.988621: Epoch time: 251.66 s
2025-11-16 09:46:00.073923: 
2025-11-16 09:46:00.074195: Epoch 802
2025-11-16 09:46:00.074322: Current learning rate: 0.00233
2025-11-16 09:50:11.772118: train_loss -0.699
2025-11-16 09:50:11.772400: val_loss -0.6388
2025-11-16 09:50:11.772541: Pseudo dice [np.float32(0.9116), np.float32(0.7557), np.float32(0.0)]
2025-11-16 09:50:11.772759: Epoch time: 251.7 s
2025-11-16 09:50:12.896019: 
2025-11-16 09:50:12.896302: Epoch 803
2025-11-16 09:50:12.896455: Current learning rate: 0.00232
2025-11-16 09:54:24.617082: train_loss -0.7246
2025-11-16 09:54:24.617370: val_loss -0.6505
2025-11-16 09:54:24.617473: Pseudo dice [np.float32(0.9153), np.float32(0.7591), np.float32(0.0)]
2025-11-16 09:54:24.617572: Epoch time: 251.72 s
2025-11-16 09:54:25.747725: 
2025-11-16 09:54:25.747927: Epoch 804
2025-11-16 09:54:25.748060: Current learning rate: 0.00231
2025-11-16 09:58:37.308799: train_loss -0.7091
2025-11-16 09:58:37.309073: val_loss -0.6547
2025-11-16 09:58:37.309174: Pseudo dice [np.float32(0.9069), np.float32(0.764), np.float32(0.0)]
2025-11-16 09:58:37.309304: Epoch time: 251.56 s
2025-11-16 09:58:38.364551: 
2025-11-16 09:58:38.364752: Epoch 805
2025-11-16 09:58:38.364873: Current learning rate: 0.0023
2025-11-16 10:02:50.049536: train_loss -0.7162
2025-11-16 10:02:50.049794: val_loss -0.6545
2025-11-16 10:02:50.049899: Pseudo dice [np.float32(0.9195), np.float32(0.7657), np.float32(0.0)]
2025-11-16 10:02:50.049998: Epoch time: 251.69 s
2025-11-16 10:02:51.180213: 
2025-11-16 10:02:51.180544: Epoch 806
2025-11-16 10:02:51.180677: Current learning rate: 0.00229
2025-11-16 10:07:02.987498: train_loss -0.7027
2025-11-16 10:07:02.987784: val_loss -0.6591
2025-11-16 10:07:02.987891: Pseudo dice [np.float32(0.9161), np.float32(0.7575), np.float32(0.0)]
2025-11-16 10:07:02.987997: Epoch time: 251.81 s
2025-11-16 10:07:04.118258: 
2025-11-16 10:07:04.118554: Epoch 807
2025-11-16 10:07:04.118727: Current learning rate: 0.00228
2025-11-16 10:11:15.929021: train_loss -0.7115
2025-11-16 10:11:15.929298: val_loss -0.6688
2025-11-16 10:11:15.929401: Pseudo dice [np.float32(0.9198), np.float32(0.7686), np.float32(0.0)]
2025-11-16 10:11:15.929501: Epoch time: 251.81 s
2025-11-16 10:11:17.056550: 
2025-11-16 10:11:17.056791: Epoch 808
2025-11-16 10:11:17.056948: Current learning rate: 0.00226
2025-11-16 10:15:28.531896: train_loss -0.7094
2025-11-16 10:15:28.532160: val_loss -0.6522
2025-11-16 10:15:28.532265: Pseudo dice [np.float32(0.9165), np.float32(0.7543), np.float32(0.0)]
2025-11-16 10:15:28.532384: Epoch time: 251.48 s
2025-11-16 10:15:30.043429: 
2025-11-16 10:15:30.043646: Epoch 809
2025-11-16 10:15:30.043771: Current learning rate: 0.00225
2025-11-16 10:19:41.999102: train_loss -0.704
2025-11-16 10:19:42.002643: val_loss -0.6562
2025-11-16 10:19:42.002785: Pseudo dice [np.float32(0.9135), np.float32(0.7592), np.float32(0.0)]
2025-11-16 10:19:42.002884: Epoch time: 251.96 s
2025-11-16 10:19:43.112895: 
2025-11-16 10:19:43.113279: Epoch 810
2025-11-16 10:19:43.113559: Current learning rate: 0.00224
2025-11-16 10:23:54.743200: train_loss -0.7208
2025-11-16 10:23:54.743468: val_loss -0.6723
2025-11-16 10:23:54.743572: Pseudo dice [np.float32(0.9232), np.float32(0.7682), np.float32(0.0)]
2025-11-16 10:23:54.743675: Epoch time: 251.63 s
2025-11-16 10:23:55.789565: 
2025-11-16 10:23:55.789953: Epoch 811
2025-11-16 10:23:55.790202: Current learning rate: 0.00223
2025-11-16 10:28:07.494608: train_loss -0.7169
2025-11-16 10:28:07.494865: val_loss -0.6789
2025-11-16 10:28:07.494965: Pseudo dice [np.float32(0.9229), np.float32(0.7593), np.float32(0.0)]
2025-11-16 10:28:07.495066: Epoch time: 251.71 s
2025-11-16 10:28:08.619732: 
2025-11-16 10:28:08.619958: Epoch 812
2025-11-16 10:28:08.620088: Current learning rate: 0.00222
2025-11-16 10:32:20.417895: train_loss -0.71
2025-11-16 10:32:20.418143: val_loss -0.6333
2025-11-16 10:32:20.418242: Pseudo dice [np.float32(0.9168), np.float32(0.7633), np.float32(0.0)]
2025-11-16 10:32:20.418351: Epoch time: 251.8 s
2025-11-16 10:32:21.557104: 
2025-11-16 10:32:21.557301: Epoch 813
2025-11-16 10:32:21.557421: Current learning rate: 0.00221
2025-11-16 10:36:33.386376: train_loss -0.7175
2025-11-16 10:36:33.386652: val_loss -0.657
2025-11-16 10:36:33.386750: Pseudo dice [np.float32(0.9245), np.float32(0.7594), np.float32(0.0)]
2025-11-16 10:36:33.386850: Epoch time: 251.83 s
2025-11-16 10:36:34.518006: 
2025-11-16 10:36:34.518242: Epoch 814
2025-11-16 10:36:34.518374: Current learning rate: 0.0022
2025-11-16 10:40:46.348045: train_loss -0.712
2025-11-16 10:40:46.348323: val_loss -0.6742
2025-11-16 10:40:46.348428: Pseudo dice [np.float32(0.9103), np.float32(0.7513), np.float32(0.0)]
2025-11-16 10:40:46.348533: Epoch time: 251.83 s
2025-11-16 10:40:47.486220: 
2025-11-16 10:40:47.486422: Epoch 815
2025-11-16 10:40:47.486543: Current learning rate: 0.00219
2025-11-16 10:44:59.384458: train_loss -0.7081
2025-11-16 10:44:59.384757: val_loss -0.6618
2025-11-16 10:44:59.384864: Pseudo dice [np.float32(0.9221), np.float32(0.7562), np.float32(0.0)]
2025-11-16 10:44:59.384967: Epoch time: 251.9 s
2025-11-16 10:45:00.509748: 
2025-11-16 10:45:00.509956: Epoch 816
2025-11-16 10:45:00.510079: Current learning rate: 0.00218
2025-11-16 10:49:12.573002: train_loss -0.7035
2025-11-16 10:49:12.573262: val_loss -0.6757
2025-11-16 10:49:12.573372: Pseudo dice [np.float32(0.9183), np.float32(0.7674), np.float32(0.0)]
2025-11-16 10:49:12.573475: Epoch time: 252.06 s
2025-11-16 10:49:13.705317: 
2025-11-16 10:49:13.705518: Epoch 817
2025-11-16 10:49:13.705642: Current learning rate: 0.00217
2025-11-16 10:53:25.108596: train_loss -0.7065
2025-11-16 10:53:25.108845: val_loss -0.6513
2025-11-16 10:53:25.108949: Pseudo dice [np.float32(0.911), np.float32(0.7527), np.float32(0.0)]
2025-11-16 10:53:25.109056: Epoch time: 251.4 s
2025-11-16 10:53:26.230502: 
2025-11-16 10:53:26.230811: Epoch 818
2025-11-16 10:53:26.230965: Current learning rate: 0.00216
2025-11-16 10:57:37.836743: train_loss -0.7139
2025-11-16 10:57:37.837126: val_loss -0.6571
2025-11-16 10:57:37.837241: Pseudo dice [np.float32(0.9194), np.float32(0.7705), np.float32(0.0)]
2025-11-16 10:57:37.837354: Epoch time: 251.61 s
2025-11-16 10:57:38.964094: 
2025-11-16 10:57:38.964338: Epoch 819
2025-11-16 10:57:38.964466: Current learning rate: 0.00215
2025-11-16 11:01:50.762623: train_loss -0.7042
2025-11-16 11:01:50.762888: val_loss -0.6824
2025-11-16 11:01:50.763039: Pseudo dice [np.float32(0.9182), np.float32(0.7598), np.float32(0.0)]
2025-11-16 11:01:50.763148: Epoch time: 251.8 s
2025-11-16 11:01:52.253172: 
2025-11-16 11:01:52.253428: Epoch 820
2025-11-16 11:01:52.253559: Current learning rate: 0.00214
2025-11-16 11:06:04.161661: train_loss -0.7075
2025-11-16 11:06:04.161926: val_loss -0.6622
2025-11-16 11:06:04.162028: Pseudo dice [np.float32(0.9163), np.float32(0.7663), np.float32(0.0)]
2025-11-16 11:06:04.162129: Epoch time: 251.91 s
2025-11-16 11:06:05.242241: 
2025-11-16 11:06:05.242464: Epoch 821
2025-11-16 11:06:05.242586: Current learning rate: 0.00213
2025-11-16 11:10:17.248503: train_loss -0.7165
2025-11-16 11:10:17.248761: val_loss -0.6612
2025-11-16 11:10:17.248861: Pseudo dice [np.float32(0.9156), np.float32(0.7516), np.float32(0.0)]
2025-11-16 11:10:17.248962: Epoch time: 252.01 s
2025-11-16 11:10:18.328730: 
2025-11-16 11:10:18.328951: Epoch 822
2025-11-16 11:10:18.329073: Current learning rate: 0.00212
2025-11-16 11:14:30.332011: train_loss -0.7245
2025-11-16 11:14:30.332283: val_loss -0.6331
2025-11-16 11:14:30.332387: Pseudo dice [np.float32(0.9143), np.float32(0.7662), np.float32(0.0)]
2025-11-16 11:14:30.332525: Epoch time: 252.0 s
2025-11-16 11:14:31.420911: 
2025-11-16 11:14:31.421118: Epoch 823
2025-11-16 11:14:31.421240: Current learning rate: 0.0021
2025-11-16 11:18:43.227645: train_loss -0.7126
2025-11-16 11:18:43.227913: val_loss -0.6625
2025-11-16 11:18:43.228060: Pseudo dice [np.float32(0.9225), np.float32(0.7583), np.float32(0.0)]
2025-11-16 11:18:43.228164: Epoch time: 251.81 s
2025-11-16 11:18:44.332371: 
2025-11-16 11:18:44.332649: Epoch 824
2025-11-16 11:18:44.332800: Current learning rate: 0.00209
2025-11-16 11:22:55.716206: train_loss -0.7163
2025-11-16 11:22:55.716497: val_loss -0.677
2025-11-16 11:22:55.716601: Pseudo dice [np.float32(0.9061), np.float32(0.7546), np.float32(0.0)]
2025-11-16 11:22:55.716705: Epoch time: 251.38 s
2025-11-16 11:22:56.813778: 
2025-11-16 11:22:56.814026: Epoch 825
2025-11-16 11:22:56.814157: Current learning rate: 0.00208
2025-11-16 11:27:08.622781: train_loss -0.7074
2025-11-16 11:27:08.623057: val_loss -0.6551
2025-11-16 11:27:08.623162: Pseudo dice [np.float32(0.9129), np.float32(0.7612), np.float32(0.0)]
2025-11-16 11:27:08.623269: Epoch time: 251.81 s
2025-11-16 11:27:09.715245: 
2025-11-16 11:27:09.715456: Epoch 826
2025-11-16 11:27:09.715578: Current learning rate: 0.00207
2025-11-16 11:31:21.463233: train_loss -0.7126
2025-11-16 11:31:21.463506: val_loss -0.6648
2025-11-16 11:31:21.463606: Pseudo dice [np.float32(0.9135), np.float32(0.7607), np.float32(0.0)]
2025-11-16 11:31:21.463707: Epoch time: 251.75 s
2025-11-16 11:31:22.559956: 
2025-11-16 11:31:22.560140: Epoch 827
2025-11-16 11:31:22.560254: Current learning rate: 0.00206
2025-11-16 11:35:34.393860: train_loss -0.7022
2025-11-16 11:35:34.394134: val_loss -0.6392
2025-11-16 11:35:34.394234: Pseudo dice [np.float32(0.9104), np.float32(0.7618), np.float32(0.0)]
2025-11-16 11:35:34.394345: Epoch time: 251.83 s
2025-11-16 11:35:35.491039: 
2025-11-16 11:35:35.491231: Epoch 828
2025-11-16 11:35:35.491357: Current learning rate: 0.00205
2025-11-16 11:39:47.198175: train_loss -0.708
2025-11-16 11:39:47.198462: val_loss -0.6344
2025-11-16 11:39:47.198622: Pseudo dice [np.float32(0.9117), np.float32(0.7603), np.float32(0.0)]
2025-11-16 11:39:47.198728: Epoch time: 251.71 s
2025-11-16 11:39:48.295408: 
2025-11-16 11:39:48.295591: Epoch 829
2025-11-16 11:39:48.295716: Current learning rate: 0.00204
2025-11-16 11:44:00.068834: train_loss -0.7112
2025-11-16 11:44:00.069107: val_loss -0.6685
2025-11-16 11:44:00.069213: Pseudo dice [np.float32(0.92), np.float32(0.7674), np.float32(0.0)]
2025-11-16 11:44:00.069320: Epoch time: 251.77 s
2025-11-16 11:44:01.162470: 
2025-11-16 11:44:01.162701: Epoch 830
2025-11-16 11:44:01.162822: Current learning rate: 0.00203
2025-11-16 11:48:12.959547: train_loss -0.7098
2025-11-16 11:48:12.959802: val_loss -0.6691
2025-11-16 11:48:12.959902: Pseudo dice [np.float32(0.9241), np.float32(0.7647), np.float32(0.0)]
2025-11-16 11:48:12.960004: Epoch time: 251.8 s
2025-11-16 11:48:14.053981: 
2025-11-16 11:48:14.054176: Epoch 831
2025-11-16 11:48:14.054299: Current learning rate: 0.00202
2025-11-16 11:52:25.974086: train_loss -0.7224
2025-11-16 11:52:25.974359: val_loss -0.6826
2025-11-16 11:52:25.974462: Pseudo dice [np.float32(0.9178), np.float32(0.7642), np.float32(0.0)]
2025-11-16 11:52:25.974564: Epoch time: 251.92 s
2025-11-16 11:52:27.063162: 
2025-11-16 11:52:27.063369: Epoch 832
2025-11-16 11:52:27.063494: Current learning rate: 0.00201
2025-11-16 11:56:38.893476: train_loss -0.7209
2025-11-16 11:56:38.893752: val_loss -0.7021
2025-11-16 11:56:38.893861: Pseudo dice [np.float32(0.9244), np.float32(0.7588), np.float32(0.0)]
2025-11-16 11:56:38.893961: Epoch time: 251.83 s
2025-11-16 11:56:39.972175: 
2025-11-16 11:56:39.972411: Epoch 833
2025-11-16 11:56:39.972553: Current learning rate: 0.002
2025-11-16 12:00:51.787024: train_loss -0.711
2025-11-16 12:00:51.787306: val_loss -0.6928
2025-11-16 12:00:51.787409: Pseudo dice [np.float32(0.9218), np.float32(0.7619), np.float32(0.0)]
2025-11-16 12:00:51.787510: Epoch time: 251.82 s
2025-11-16 12:00:52.865818: 
2025-11-16 12:00:52.866025: Epoch 834
2025-11-16 12:00:52.866144: Current learning rate: 0.00199
2025-11-16 12:05:04.619142: train_loss -0.7083
2025-11-16 12:05:04.619411: val_loss -0.6543
2025-11-16 12:05:04.619517: Pseudo dice [np.float32(0.9158), np.float32(0.7571), np.float32(0.0)]
2025-11-16 12:05:04.619620: Epoch time: 251.75 s
2025-11-16 12:05:05.704569: 
2025-11-16 12:05:05.704850: Epoch 835
2025-11-16 12:05:05.704971: Current learning rate: 0.00198
2025-11-16 12:09:17.599769: train_loss -0.7255
2025-11-16 12:09:17.600124: val_loss -0.66
2025-11-16 12:09:17.600233: Pseudo dice [np.float32(0.9138), np.float32(0.7605), np.float32(0.0)]
2025-11-16 12:09:17.600343: Epoch time: 251.9 s
2025-11-16 12:09:18.692642: 
2025-11-16 12:09:18.692857: Epoch 836
2025-11-16 12:09:18.693002: Current learning rate: 0.00196
2025-11-16 12:13:30.422028: train_loss -0.721
2025-11-16 12:13:30.422334: val_loss -0.6471
2025-11-16 12:13:30.422439: Pseudo dice [np.float32(0.9161), np.float32(0.7597), np.float32(0.0)]
2025-11-16 12:13:30.422543: Epoch time: 251.73 s
2025-11-16 12:13:31.428055: 
2025-11-16 12:13:31.428288: Epoch 837
2025-11-16 12:13:31.428445: Current learning rate: 0.00195
2025-11-16 12:17:42.980772: train_loss -0.7148
2025-11-16 12:17:42.981025: val_loss -0.6467
2025-11-16 12:17:42.981127: Pseudo dice [np.float32(0.9172), np.float32(0.7638), np.float32(0.0)]
2025-11-16 12:17:42.981270: Epoch time: 251.55 s
2025-11-16 12:17:44.069621: 
2025-11-16 12:17:44.069824: Epoch 838
2025-11-16 12:17:44.069946: Current learning rate: 0.00194
2025-11-16 12:21:56.111982: train_loss -0.7144
2025-11-16 12:21:56.112244: val_loss -0.6683
2025-11-16 12:21:56.112353: Pseudo dice [np.float32(0.9211), np.float32(0.7606), np.float32(0.0)]
2025-11-16 12:21:56.112456: Epoch time: 252.04 s
2025-11-16 12:21:57.194449: 
2025-11-16 12:21:57.194653: Epoch 839
2025-11-16 12:21:57.194774: Current learning rate: 0.00193
2025-11-16 12:26:08.791857: train_loss -0.6984
2025-11-16 12:26:08.792114: val_loss -0.6719
2025-11-16 12:26:08.792210: Pseudo dice [np.float32(0.9102), np.float32(0.7584), np.float32(0.0)]
2025-11-16 12:26:08.792317: Epoch time: 251.6 s
2025-11-16 12:26:09.876093: 
2025-11-16 12:26:09.876312: Epoch 840
2025-11-16 12:26:09.876435: Current learning rate: 0.00192
2025-11-16 12:30:21.610239: train_loss -0.7128
2025-11-16 12:30:21.610517: val_loss -0.6771
2025-11-16 12:30:21.610618: Pseudo dice [np.float32(0.9201), np.float32(0.7543), np.float32(0.0)]
2025-11-16 12:30:21.610718: Epoch time: 251.74 s
2025-11-16 12:30:22.702420: 
2025-11-16 12:30:22.702681: Epoch 841
2025-11-16 12:30:22.702802: Current learning rate: 0.00191
2025-11-16 12:34:34.406052: train_loss -0.7262
2025-11-16 12:34:34.406320: val_loss -0.6437
2025-11-16 12:34:34.406423: Pseudo dice [np.float32(0.9154), np.float32(0.7613), np.float32(0.0)]
2025-11-16 12:34:34.406527: Epoch time: 251.7 s
2025-11-16 12:34:35.493544: 
2025-11-16 12:34:35.493756: Epoch 842
2025-11-16 12:34:35.493879: Current learning rate: 0.0019
2025-11-16 12:38:47.012548: train_loss -0.7282
2025-11-16 12:38:47.012815: val_loss -0.6765
2025-11-16 12:38:47.012917: Pseudo dice [np.float32(0.9109), np.float32(0.7511), np.float32(0.0)]
2025-11-16 12:38:47.013017: Epoch time: 251.52 s
2025-11-16 12:38:48.110231: 
2025-11-16 12:38:48.110438: Epoch 843
2025-11-16 12:38:48.110555: Current learning rate: 0.00189
2025-11-16 12:42:59.770684: train_loss -0.7055
2025-11-16 12:42:59.770953: val_loss -0.6658
2025-11-16 12:42:59.771055: Pseudo dice [np.float32(0.9162), np.float32(0.7605), np.float32(0.0)]
2025-11-16 12:42:59.771154: Epoch time: 251.66 s
2025-11-16 12:43:00.867751: 
2025-11-16 12:43:00.868001: Epoch 844
2025-11-16 12:43:00.868132: Current learning rate: 0.00188
2025-11-16 12:47:12.602740: train_loss -0.7165
2025-11-16 12:47:12.602991: val_loss -0.6703
2025-11-16 12:47:12.603147: Pseudo dice [np.float32(0.9177), np.float32(0.7538), np.float32(0.0)]
2025-11-16 12:47:12.603255: Epoch time: 251.74 s
2025-11-16 12:47:14.087225: 
2025-11-16 12:47:14.087486: Epoch 845
2025-11-16 12:47:14.087630: Current learning rate: 0.00187
2025-11-16 12:51:25.459628: train_loss -0.713
2025-11-16 12:51:25.459893: val_loss -0.632
2025-11-16 12:51:25.460029: Pseudo dice [np.float32(0.9078), np.float32(0.7672), np.float32(0.0)]
2025-11-16 12:51:25.460136: Epoch time: 251.37 s
2025-11-16 12:51:26.544255: 
2025-11-16 12:51:26.544459: Epoch 846
2025-11-16 12:51:26.544576: Current learning rate: 0.00186
2025-11-16 12:55:38.052790: train_loss -0.7332
2025-11-16 12:55:38.053055: val_loss -0.6839
2025-11-16 12:55:38.053158: Pseudo dice [np.float32(0.9221), np.float32(0.7672), np.float32(0.0)]
2025-11-16 12:55:38.053263: Epoch time: 251.51 s
2025-11-16 12:55:39.132636: 
2025-11-16 12:55:39.132897: Epoch 847
2025-11-16 12:55:39.133045: Current learning rate: 0.00185
2025-11-16 12:59:50.733889: train_loss -0.7204
2025-11-16 12:59:50.734146: val_loss -0.67
2025-11-16 12:59:50.734387: Pseudo dice [np.float32(0.9144), np.float32(0.7605), np.float32(0.0)]
2025-11-16 12:59:50.734503: Epoch time: 251.6 s
2025-11-16 12:59:51.823013: 
2025-11-16 12:59:51.823318: Epoch 848
2025-11-16 12:59:51.823465: Current learning rate: 0.00184
2025-11-16 13:04:03.720903: train_loss -0.7271
2025-11-16 13:04:03.721176: val_loss -0.6226
2025-11-16 13:04:03.721288: Pseudo dice [np.float32(0.9168), np.float32(0.7635), np.float32(0.0)]
2025-11-16 13:04:03.721394: Epoch time: 251.9 s
2025-11-16 13:04:04.738325: 
2025-11-16 13:04:04.738516: Epoch 849
2025-11-16 13:04:04.738624: Current learning rate: 0.00182
2025-11-16 13:08:16.739153: train_loss -0.7231
2025-11-16 13:08:16.739450: val_loss -0.6616
2025-11-16 13:08:16.739561: Pseudo dice [np.float32(0.9207), np.float32(0.7616), np.float32(0.0)]
2025-11-16 13:08:16.739662: Epoch time: 252.0 s
2025-11-16 13:08:18.149949: 
2025-11-16 13:08:18.150267: Epoch 850
2025-11-16 13:08:18.150395: Current learning rate: 0.00181
2025-11-16 13:12:29.595199: train_loss -0.7073
2025-11-16 13:12:29.595488: val_loss -0.6788
2025-11-16 13:12:29.595590: Pseudo dice [np.float32(0.9207), np.float32(0.7553), np.float32(0.0)]
2025-11-16 13:12:29.595690: Epoch time: 251.45 s
2025-11-16 13:12:30.679376: 
2025-11-16 13:12:30.679616: Epoch 851
2025-11-16 13:12:30.679736: Current learning rate: 0.0018
2025-11-16 13:16:42.816854: train_loss -0.7207
2025-11-16 13:16:42.817147: val_loss -0.6088
2025-11-16 13:16:42.817250: Pseudo dice [np.float32(0.9076), np.float32(0.7538), np.float32(0.0)]
2025-11-16 13:16:42.817363: Epoch time: 252.14 s
2025-11-16 13:16:43.886535: 
2025-11-16 13:16:43.886743: Epoch 852
2025-11-16 13:16:43.886868: Current learning rate: 0.00179
2025-11-16 13:20:55.667869: train_loss -0.7244
2025-11-16 13:20:55.668143: val_loss -0.6454
2025-11-16 13:20:55.668243: Pseudo dice [np.float32(0.9109), np.float32(0.7559), np.float32(0.0)]
2025-11-16 13:20:55.668357: Epoch time: 251.78 s
2025-11-16 13:20:56.754512: 
2025-11-16 13:20:56.754713: Epoch 853
2025-11-16 13:20:56.754832: Current learning rate: 0.00178
2025-11-16 13:25:08.713917: train_loss -0.705
2025-11-16 13:25:08.714192: val_loss -0.6929
2025-11-16 13:25:08.714303: Pseudo dice [np.float32(0.9177), np.float32(0.754), np.float32(0.0)]
2025-11-16 13:25:08.717870: Epoch time: 251.96 s
2025-11-16 13:25:09.796633: 
2025-11-16 13:25:09.796913: Epoch 854
2025-11-16 13:25:09.797044: Current learning rate: 0.00177
2025-11-16 13:29:21.814527: train_loss -0.7184
2025-11-16 13:29:21.814786: val_loss -0.6841
2025-11-16 13:29:21.814888: Pseudo dice [np.float32(0.9199), np.float32(0.7607), np.float32(0.0)]
2025-11-16 13:29:21.814992: Epoch time: 252.02 s
2025-11-16 13:29:22.897779: 
2025-11-16 13:29:22.897976: Epoch 855
2025-11-16 13:29:22.898101: Current learning rate: 0.00176
2025-11-16 13:33:35.036945: train_loss -0.7199
2025-11-16 13:33:35.037279: val_loss -0.6922
2025-11-16 13:33:35.037388: Pseudo dice [np.float32(0.9226), np.float32(0.7579), np.float32(0.0)]
2025-11-16 13:33:35.037490: Epoch time: 252.14 s
2025-11-16 13:33:36.113258: 
2025-11-16 13:33:36.113548: Epoch 856
2025-11-16 13:33:36.113716: Current learning rate: 0.00175
2025-11-16 13:37:47.938552: train_loss -0.7142
2025-11-16 13:37:47.938822: val_loss -0.6529
2025-11-16 13:37:47.938924: Pseudo dice [np.float32(0.9084), np.float32(0.7608), np.float32(0.0)]
2025-11-16 13:37:47.939028: Epoch time: 251.83 s
2025-11-16 13:37:49.387463: 
2025-11-16 13:37:49.387681: Epoch 857
2025-11-16 13:37:49.387796: Current learning rate: 0.00174
2025-11-16 13:42:00.981741: train_loss -0.7145
2025-11-16 13:42:00.982004: val_loss -0.6667
2025-11-16 13:42:00.982104: Pseudo dice [np.float32(0.9002), np.float32(0.7672), np.float32(0.0)]
2025-11-16 13:42:00.982203: Epoch time: 251.6 s
2025-11-16 13:42:02.055197: 
2025-11-16 13:42:02.055408: Epoch 858
2025-11-16 13:42:02.055527: Current learning rate: 0.00173
2025-11-16 13:46:13.969420: train_loss -0.7121
2025-11-16 13:46:13.969690: val_loss -0.6516
2025-11-16 13:46:13.969792: Pseudo dice [np.float32(0.9235), np.float32(0.7573), np.float32(0.0)]
2025-11-16 13:46:13.969895: Epoch time: 251.92 s
2025-11-16 13:46:15.038917: 
2025-11-16 13:46:15.039119: Epoch 859
2025-11-16 13:46:15.039240: Current learning rate: 0.00172
2025-11-16 13:50:27.075870: train_loss -0.719
2025-11-16 13:50:27.076141: val_loss -0.6587
2025-11-16 13:50:27.076247: Pseudo dice [np.float32(0.9063), np.float32(0.7576), np.float32(0.0)]
2025-11-16 13:50:27.076364: Epoch time: 252.04 s
2025-11-16 13:50:28.148192: 
2025-11-16 13:50:28.148385: Epoch 860
2025-11-16 13:50:28.148623: Current learning rate: 0.0017
2025-11-16 13:54:39.496825: train_loss -0.7374
2025-11-16 13:54:39.497086: val_loss -0.6726
2025-11-16 13:54:39.497190: Pseudo dice [np.float32(0.9129), np.float32(0.7579), np.float32(0.0)]
2025-11-16 13:54:39.497303: Epoch time: 251.35 s
2025-11-16 13:54:40.576512: 
2025-11-16 13:54:40.576822: Epoch 861
2025-11-16 13:54:40.577002: Current learning rate: 0.00169
2025-11-16 13:58:52.116714: train_loss -0.7077
2025-11-16 13:58:52.117006: val_loss -0.6616
2025-11-16 13:58:52.117116: Pseudo dice [np.float32(0.9147), np.float32(0.7647), np.float32(0.0)]
2025-11-16 13:58:52.117218: Epoch time: 251.54 s
2025-11-16 13:58:53.192614: 
2025-11-16 13:58:53.192895: Epoch 862
2025-11-16 13:58:53.193023: Current learning rate: 0.00168
2025-11-16 14:03:04.564619: train_loss -0.7168
2025-11-16 14:03:04.564888: val_loss -0.6626
2025-11-16 14:03:04.565026: Pseudo dice [np.float32(0.9162), np.float32(0.7564), np.float32(0.0)]
2025-11-16 14:03:04.565138: Epoch time: 251.37 s
2025-11-16 14:03:05.647668: 
2025-11-16 14:03:05.647901: Epoch 863
2025-11-16 14:03:05.648033: Current learning rate: 0.00167
2025-11-16 14:07:17.369652: train_loss -0.7144
2025-11-16 14:07:17.369929: val_loss -0.6386
2025-11-16 14:07:17.370028: Pseudo dice [np.float32(0.919), np.float32(0.7596), np.float32(0.0)]
2025-11-16 14:07:17.370131: Epoch time: 251.72 s
2025-11-16 14:07:18.451998: 
2025-11-16 14:07:18.452199: Epoch 864
2025-11-16 14:07:18.452317: Current learning rate: 0.00166
2025-11-16 14:11:30.121513: train_loss -0.7372
2025-11-16 14:11:30.121809: val_loss -0.6684
2025-11-16 14:11:30.121917: Pseudo dice [np.float32(0.917), np.float32(0.7546), np.float32(0.0)]
2025-11-16 14:11:30.122022: Epoch time: 251.67 s
2025-11-16 14:11:31.127014: 
2025-11-16 14:11:31.127299: Epoch 865
2025-11-16 14:11:31.127672: Current learning rate: 0.00165
2025-11-16 14:15:42.687981: train_loss -0.7237
2025-11-16 14:15:42.688249: val_loss -0.6666
2025-11-16 14:15:42.688355: Pseudo dice [np.float32(0.9198), np.float32(0.7639), np.float32(0.0)]
2025-11-16 14:15:42.688454: Epoch time: 251.56 s
2025-11-16 14:15:43.757109: 
2025-11-16 14:15:43.757412: Epoch 866
2025-11-16 14:15:43.757548: Current learning rate: 0.00164
2025-11-16 14:19:55.374534: train_loss -0.7148
2025-11-16 14:19:55.374817: val_loss -0.6437
2025-11-16 14:19:55.374923: Pseudo dice [np.float32(0.9128), np.float32(0.765), np.float32(0.0)]
2025-11-16 14:19:55.375021: Epoch time: 251.62 s
2025-11-16 14:19:56.443118: 
2025-11-16 14:19:56.443405: Epoch 867
2025-11-16 14:19:56.443534: Current learning rate: 0.00163
2025-11-16 14:24:08.366630: train_loss -0.7216
2025-11-16 14:24:08.366929: val_loss -0.6476
2025-11-16 14:24:08.367032: Pseudo dice [np.float32(0.918), np.float32(0.7679), np.float32(0.0)]
2025-11-16 14:24:08.367131: Epoch time: 251.92 s
2025-11-16 14:24:09.434506: 
2025-11-16 14:24:09.434786: Epoch 868
2025-11-16 14:24:09.434912: Current learning rate: 0.00162
2025-11-16 14:28:21.432011: train_loss -0.7163
2025-11-16 14:28:21.432286: val_loss -0.642
2025-11-16 14:28:21.432392: Pseudo dice [np.float32(0.9112), np.float32(0.7523), np.float32(0.0)]
2025-11-16 14:28:21.432494: Epoch time: 252.0 s
2025-11-16 14:28:22.513952: 
2025-11-16 14:28:22.514148: Epoch 869
2025-11-16 14:28:22.514270: Current learning rate: 0.00161
2025-11-16 14:32:34.003087: train_loss -0.715
2025-11-16 14:32:34.003377: val_loss -0.6552
2025-11-16 14:32:34.003486: Pseudo dice [np.float32(0.9227), np.float32(0.7525), np.float32(0.0)]
2025-11-16 14:32:34.003587: Epoch time: 251.49 s
2025-11-16 14:32:35.472075: 
2025-11-16 14:32:35.472291: Epoch 870
2025-11-16 14:32:35.472409: Current learning rate: 0.00159
2025-11-16 14:36:47.511784: train_loss -0.7105
2025-11-16 14:36:47.512047: val_loss -0.6589
2025-11-16 14:36:47.512150: Pseudo dice [np.float32(0.9143), np.float32(0.7477), np.float32(0.0)]
2025-11-16 14:36:47.512251: Epoch time: 252.04 s
2025-11-16 14:36:48.588287: 
2025-11-16 14:36:48.588510: Epoch 871
2025-11-16 14:36:48.588629: Current learning rate: 0.00158
2025-11-16 14:41:00.297710: train_loss -0.7068
2025-11-16 14:41:00.297964: val_loss -0.6525
2025-11-16 14:41:00.298064: Pseudo dice [np.float32(0.9227), np.float32(0.7571), np.float32(0.0)]
2025-11-16 14:41:00.298164: Epoch time: 251.71 s
2025-11-16 14:41:01.311336: 
2025-11-16 14:41:01.311545: Epoch 872
2025-11-16 14:41:01.311674: Current learning rate: 0.00157
2025-11-16 14:45:13.141518: train_loss -0.717
2025-11-16 14:45:13.141775: val_loss -0.6559
2025-11-16 14:45:13.141874: Pseudo dice [np.float32(0.9193), np.float32(0.7659), np.float32(0.0)]
2025-11-16 14:45:13.141973: Epoch time: 251.83 s
2025-11-16 14:45:14.207380: 
2025-11-16 14:45:14.207603: Epoch 873
2025-11-16 14:45:14.207723: Current learning rate: 0.00156
2025-11-16 14:49:25.974796: train_loss -0.7167
2025-11-16 14:49:25.975069: val_loss -0.61
2025-11-16 14:49:25.975229: Pseudo dice [np.float32(0.9045), np.float32(0.7493), np.float32(0.0)]
2025-11-16 14:49:25.975340: Epoch time: 251.77 s
2025-11-16 14:49:27.046231: 
2025-11-16 14:49:27.046530: Epoch 874
2025-11-16 14:49:27.046669: Current learning rate: 0.00155
2025-11-16 14:53:38.596946: train_loss -0.713
2025-11-16 14:53:38.597219: val_loss -0.6546
2025-11-16 14:53:38.597327: Pseudo dice [np.float32(0.9146), np.float32(0.7578), np.float32(0.0)]
2025-11-16 14:53:38.597429: Epoch time: 251.55 s
2025-11-16 14:53:39.674071: 
2025-11-16 14:53:39.674288: Epoch 875
2025-11-16 14:53:39.674409: Current learning rate: 0.00154
2025-11-16 14:57:51.491163: train_loss -0.7419
2025-11-16 14:57:51.491422: val_loss -0.6887
2025-11-16 14:57:51.491520: Pseudo dice [np.float32(0.9209), np.float32(0.771), np.float32(0.0)]
2025-11-16 14:57:51.491792: Epoch time: 251.82 s
2025-11-16 14:57:52.561927: 
2025-11-16 14:57:52.562222: Epoch 876
2025-11-16 14:57:52.562360: Current learning rate: 0.00153
2025-11-16 15:02:04.217614: train_loss -0.7223
2025-11-16 15:02:04.217893: val_loss -0.6563
2025-11-16 15:02:04.217996: Pseudo dice [np.float32(0.9145), np.float32(0.7613), np.float32(0.0)]
2025-11-16 15:02:04.218098: Epoch time: 251.66 s
2025-11-16 15:02:05.292234: 
2025-11-16 15:02:05.292446: Epoch 877
2025-11-16 15:02:05.292574: Current learning rate: 0.00152
2025-11-16 15:06:16.803567: train_loss -0.7207
2025-11-16 15:06:16.803827: val_loss -0.6565
2025-11-16 15:06:16.803927: Pseudo dice [np.float32(0.9146), np.float32(0.7615), np.float32(0.0)]
2025-11-16 15:06:16.804029: Epoch time: 251.51 s
2025-11-16 15:06:17.889120: 
2025-11-16 15:06:17.889321: Epoch 878
2025-11-16 15:06:17.889445: Current learning rate: 0.00151
2025-11-16 15:10:30.041139: train_loss -0.7165
2025-11-16 15:10:30.041413: val_loss -0.6542
2025-11-16 15:10:30.041516: Pseudo dice [np.float32(0.9087), np.float32(0.7555), np.float32(0.0)]
2025-11-16 15:10:30.041815: Epoch time: 252.15 s
2025-11-16 15:10:31.125208: 
2025-11-16 15:10:31.125399: Epoch 879
2025-11-16 15:10:31.125553: Current learning rate: 0.00149
2025-11-16 15:14:43.301319: train_loss -0.7334
2025-11-16 15:14:43.301586: val_loss -0.6138
2025-11-16 15:14:43.301687: Pseudo dice [np.float32(0.9045), np.float32(0.7582), np.float32(0.0)]
2025-11-16 15:14:43.301787: Epoch time: 252.18 s
2025-11-16 15:14:44.300943: 
2025-11-16 15:14:44.301151: Epoch 880
2025-11-16 15:14:44.301429: Current learning rate: 0.00148
2025-11-16 15:18:55.919649: train_loss -0.7231
2025-11-16 15:18:55.919909: val_loss -0.6915
2025-11-16 15:18:55.920009: Pseudo dice [np.float32(0.919), np.float32(0.7619), np.float32(0.0)]
2025-11-16 15:18:55.920110: Epoch time: 251.62 s
2025-11-16 15:18:57.003224: 
2025-11-16 15:18:57.003435: Epoch 881
2025-11-16 15:18:57.003600: Current learning rate: 0.00147
2025-11-16 15:23:08.786784: train_loss -0.7214
2025-11-16 15:23:08.787059: val_loss -0.645
2025-11-16 15:23:08.787165: Pseudo dice [np.float32(0.9069), np.float32(0.7549), np.float32(0.0)]
2025-11-16 15:23:08.787266: Epoch time: 251.78 s
2025-11-16 15:23:09.866170: 
2025-11-16 15:23:09.866377: Epoch 882
2025-11-16 15:23:09.866501: Current learning rate: 0.00146
2025-11-16 15:27:21.698141: train_loss -0.7205
2025-11-16 15:27:21.698407: val_loss -0.6784
2025-11-16 15:27:21.698510: Pseudo dice [np.float32(0.9178), np.float32(0.7538), np.float32(0.0)]
2025-11-16 15:27:21.698611: Epoch time: 251.83 s
2025-11-16 15:27:23.164299: 
2025-11-16 15:27:23.164514: Epoch 883
2025-11-16 15:27:23.164633: Current learning rate: 0.00145
2025-11-16 15:31:34.784472: train_loss -0.728
2025-11-16 15:31:34.784740: val_loss -0.6551
2025-11-16 15:31:34.784845: Pseudo dice [np.float32(0.9131), np.float32(0.7642), np.float32(0.0)]
2025-11-16 15:31:34.784950: Epoch time: 251.62 s
2025-11-16 15:31:35.850876: 
2025-11-16 15:31:35.851090: Epoch 884
2025-11-16 15:31:35.851209: Current learning rate: 0.00144
2025-11-16 15:35:47.740254: train_loss -0.7214
2025-11-16 15:35:47.740521: val_loss -0.6243
2025-11-16 15:35:47.740620: Pseudo dice [np.float32(0.912), np.float32(0.754), np.float32(0.0)]
2025-11-16 15:35:47.740734: Epoch time: 251.89 s
2025-11-16 15:35:48.805467: 
2025-11-16 15:35:48.805671: Epoch 885
2025-11-16 15:35:48.805796: Current learning rate: 0.00143
2025-11-16 15:40:00.746321: train_loss -0.7282
2025-11-16 15:40:00.746588: val_loss -0.6592
2025-11-16 15:40:00.746687: Pseudo dice [np.float32(0.9255), np.float32(0.7594), np.float32(0.0)]
2025-11-16 15:40:00.746786: Epoch time: 251.94 s
2025-11-16 15:40:01.811662: 
2025-11-16 15:40:01.811945: Epoch 886
2025-11-16 15:40:01.812077: Current learning rate: 0.00142
2025-11-16 15:44:13.700771: train_loss -0.7274
2025-11-16 15:44:13.701030: val_loss -0.6356
2025-11-16 15:44:13.701137: Pseudo dice [np.float32(0.9168), np.float32(0.7509), np.float32(0.0)]
2025-11-16 15:44:13.701241: Epoch time: 251.89 s
2025-11-16 15:44:14.781603: 
2025-11-16 15:44:14.781787: Epoch 887
2025-11-16 15:44:14.781904: Current learning rate: 0.00141
2025-11-16 15:48:26.440297: train_loss -0.7174
2025-11-16 15:48:26.440593: val_loss -0.6903
2025-11-16 15:48:26.440704: Pseudo dice [np.float32(0.9145), np.float32(0.7642), np.float32(0.0)]
2025-11-16 15:48:26.440827: Epoch time: 251.66 s
2025-11-16 15:48:27.518346: 
2025-11-16 15:48:27.518555: Epoch 888
2025-11-16 15:48:27.518680: Current learning rate: 0.00139
2025-11-16 15:52:39.428931: train_loss -0.7226
2025-11-16 15:52:39.429193: val_loss -0.6523
2025-11-16 15:52:39.429302: Pseudo dice [np.float32(0.9172), np.float32(0.7535), np.float32(0.0)]
2025-11-16 15:52:39.429407: Epoch time: 251.91 s
2025-11-16 15:52:40.417311: 
2025-11-16 15:52:40.417573: Epoch 889
2025-11-16 15:52:40.417715: Current learning rate: 0.00138
2025-11-16 15:56:52.342599: train_loss -0.7284
2025-11-16 15:56:52.342902: val_loss -0.644
2025-11-16 15:56:52.343012: Pseudo dice [np.float32(0.915), np.float32(0.7601), np.float32(0.0)]
2025-11-16 15:56:52.343116: Epoch time: 251.93 s
2025-11-16 15:56:53.422300: 
2025-11-16 15:56:53.422514: Epoch 890
2025-11-16 15:56:53.422644: Current learning rate: 0.00137
2025-11-16 16:01:05.151590: train_loss -0.7296
2025-11-16 16:01:05.151868: val_loss -0.6629
2025-11-16 16:01:05.151968: Pseudo dice [np.float32(0.9094), np.float32(0.748), np.float32(0.0)]
2025-11-16 16:01:05.152069: Epoch time: 251.73 s
2025-11-16 16:01:06.231852: 
2025-11-16 16:01:06.232096: Epoch 891
2025-11-16 16:01:06.232219: Current learning rate: 0.00136
2025-11-16 16:05:18.167100: train_loss -0.7124
2025-11-16 16:05:18.167380: val_loss -0.67
2025-11-16 16:05:18.167483: Pseudo dice [np.float32(0.9193), np.float32(0.7551), np.float32(0.0)]
2025-11-16 16:05:18.167584: Epoch time: 251.94 s
2025-11-16 16:05:19.243749: 
2025-11-16 16:05:19.243964: Epoch 892
2025-11-16 16:05:19.244086: Current learning rate: 0.00135
2025-11-16 16:09:31.217000: train_loss -0.7331
2025-11-16 16:09:31.217268: val_loss -0.6676
2025-11-16 16:09:31.217384: Pseudo dice [np.float32(0.9174), np.float32(0.7582), np.float32(0.0)]
2025-11-16 16:09:31.217487: Epoch time: 251.97 s
2025-11-16 16:09:32.279939: 
2025-11-16 16:09:32.280158: Epoch 893
2025-11-16 16:09:32.280285: Current learning rate: 0.00134
2025-11-16 16:13:43.800979: train_loss -0.7174
2025-11-16 16:13:43.801251: val_loss -0.6568
2025-11-16 16:13:43.801362: Pseudo dice [np.float32(0.9123), np.float32(0.7504), np.float32(0.0)]
2025-11-16 16:13:43.801466: Epoch time: 251.52 s
2025-11-16 16:13:44.888218: 
2025-11-16 16:13:44.888439: Epoch 894
2025-11-16 16:13:44.888568: Current learning rate: 0.00133
2025-11-16 16:17:56.180506: train_loss -0.7328
2025-11-16 16:17:56.180840: val_loss -0.6129
2025-11-16 16:17:56.180944: Pseudo dice [np.float32(0.9099), np.float32(0.7496), np.float32(0.0)]
2025-11-16 16:17:56.181045: Epoch time: 251.29 s
2025-11-16 16:17:57.257906: 
2025-11-16 16:17:57.258129: Epoch 895
2025-11-16 16:17:57.258260: Current learning rate: 0.00132
2025-11-16 16:22:09.123460: train_loss -0.7215
2025-11-16 16:22:09.123722: val_loss -0.6319
2025-11-16 16:22:09.123824: Pseudo dice [np.float32(0.9144), np.float32(0.7591), np.float32(0.0)]
2025-11-16 16:22:09.124003: Epoch time: 251.87 s
2025-11-16 16:22:10.614034: 
2025-11-16 16:22:10.614295: Epoch 896
2025-11-16 16:22:10.614422: Current learning rate: 0.0013
2025-11-16 16:26:22.882944: train_loss -0.71
2025-11-16 16:26:22.883229: val_loss -0.6368
2025-11-16 16:26:22.883342: Pseudo dice [np.float32(0.9103), np.float32(0.7554), np.float32(0.0)]
2025-11-16 16:26:22.883443: Epoch time: 252.27 s
2025-11-16 16:26:23.880857: 
2025-11-16 16:26:23.881169: Epoch 897
2025-11-16 16:26:23.881306: Current learning rate: 0.00129
2025-11-16 16:30:35.349248: train_loss -0.7356
2025-11-16 16:30:35.349532: val_loss -0.6278
2025-11-16 16:30:35.349635: Pseudo dice [np.float32(0.9185), np.float32(0.7572), np.float32(0.0)]
2025-11-16 16:30:35.355250: Epoch time: 251.47 s
2025-11-16 16:30:36.427249: 
2025-11-16 16:30:36.427493: Epoch 898
2025-11-16 16:30:36.427613: Current learning rate: 0.00128
2025-11-16 16:34:48.195346: train_loss -0.7226
2025-11-16 16:34:48.195623: val_loss -0.6138
2025-11-16 16:34:48.195725: Pseudo dice [np.float32(0.9137), np.float32(0.7532), np.float32(0.0)]
2025-11-16 16:34:48.195829: Epoch time: 251.77 s
2025-11-16 16:34:49.281496: 
2025-11-16 16:34:49.281695: Epoch 899
2025-11-16 16:34:49.281812: Current learning rate: 0.00127
2025-11-16 16:39:00.839366: train_loss -0.7173
2025-11-16 16:39:00.839653: val_loss -0.6423
2025-11-16 16:39:00.839771: Pseudo dice [np.float32(0.9131), np.float32(0.7553), np.float32(0.0)]
2025-11-16 16:39:00.839893: Epoch time: 251.56 s
2025-11-16 16:39:02.339144: 
2025-11-16 16:39:02.339492: Epoch 900
2025-11-16 16:39:02.339772: Current learning rate: 0.00126
2025-11-16 16:43:13.949966: train_loss -0.724
2025-11-16 16:43:13.950304: val_loss -0.6704
2025-11-16 16:43:13.950415: Pseudo dice [np.float32(0.9197), np.float32(0.7679), np.float32(0.0)]
2025-11-16 16:43:13.950522: Epoch time: 251.61 s
2025-11-16 16:43:15.025590: 
2025-11-16 16:43:15.025786: Epoch 901
2025-11-16 16:43:15.025892: Current learning rate: 0.00125
2025-11-16 16:47:26.663132: train_loss -0.7269
2025-11-16 16:47:26.663389: val_loss -0.6519
2025-11-16 16:47:26.663489: Pseudo dice [np.float32(0.9199), np.float32(0.7557), np.float32(0.0)]
2025-11-16 16:47:26.663589: Epoch time: 251.64 s
2025-11-16 16:47:27.743829: 
2025-11-16 16:47:27.744134: Epoch 902
2025-11-16 16:47:27.744265: Current learning rate: 0.00124
2025-11-16 16:51:39.191442: train_loss -0.7336
2025-11-16 16:51:39.191727: val_loss -0.6983
2025-11-16 16:51:39.191858: Pseudo dice [np.float32(0.9145), np.float32(0.7632), np.float32(0.0)]
2025-11-16 16:51:39.191961: Epoch time: 251.45 s
2025-11-16 16:51:40.259351: 
2025-11-16 16:51:40.259527: Epoch 903
2025-11-16 16:51:40.259648: Current learning rate: 0.00122
2025-11-16 16:55:52.071137: train_loss -0.7203
2025-11-16 16:55:52.071407: val_loss -0.6241
2025-11-16 16:55:52.071509: Pseudo dice [np.float32(0.905), np.float32(0.746), np.float32(0.0)]
2025-11-16 16:55:52.071609: Epoch time: 251.81 s
2025-11-16 16:55:53.133765: 
2025-11-16 16:55:53.134109: Epoch 904
2025-11-16 16:55:53.134447: Current learning rate: 0.00121
2025-11-16 17:00:04.764393: train_loss -0.733
2025-11-16 17:00:04.764657: val_loss -0.6514
2025-11-16 17:00:04.764762: Pseudo dice [np.float32(0.9098), np.float32(0.7575), np.float32(0.0)]
2025-11-16 17:00:04.764865: Epoch time: 251.63 s
2025-11-16 17:00:05.829636: 
2025-11-16 17:00:05.829839: Epoch 905
2025-11-16 17:00:05.829957: Current learning rate: 0.0012
2025-11-16 17:04:17.377364: train_loss -0.7262
2025-11-16 17:04:17.377617: val_loss -0.6625
2025-11-16 17:04:17.377709: Pseudo dice [np.float32(0.928), np.float32(0.7685), np.float32(0.0)]
2025-11-16 17:04:17.377800: Epoch time: 251.55 s
2025-11-16 17:04:18.450742: 
2025-11-16 17:04:18.450926: Epoch 906
2025-11-16 17:04:18.451047: Current learning rate: 0.00119
2025-11-16 17:08:29.757544: train_loss -0.73
2025-11-16 17:08:29.757804: val_loss -0.6583
2025-11-16 17:08:29.757905: Pseudo dice [np.float32(0.9147), np.float32(0.7549), np.float32(0.0)]
2025-11-16 17:08:29.758005: Epoch time: 251.31 s
2025-11-16 17:08:30.818620: 
2025-11-16 17:08:30.818812: Epoch 907
2025-11-16 17:08:30.818933: Current learning rate: 0.00118
2025-11-16 17:12:42.435577: train_loss -0.7266
2025-11-16 17:12:42.435828: val_loss -0.6337
2025-11-16 17:12:42.435927: Pseudo dice [np.float32(0.9152), np.float32(0.7608), np.float32(0.0)]
2025-11-16 17:12:42.436027: Epoch time: 251.62 s
2025-11-16 17:12:43.493529: 
2025-11-16 17:12:43.493732: Epoch 908
2025-11-16 17:12:43.493914: Current learning rate: 0.00117
2025-11-16 17:16:54.866193: train_loss -0.7273
2025-11-16 17:16:54.866461: val_loss -0.6602
2025-11-16 17:16:54.866560: Pseudo dice [np.float32(0.9189), np.float32(0.7642), np.float32(0.0)]
2025-11-16 17:16:54.866663: Epoch time: 251.37 s
2025-11-16 17:16:56.309115: 
2025-11-16 17:16:56.309387: Epoch 909
2025-11-16 17:16:56.309519: Current learning rate: 0.00116
2025-11-16 17:21:08.052151: train_loss -0.726
2025-11-16 17:21:08.052445: val_loss -0.6292
2025-11-16 17:21:08.052558: Pseudo dice [np.float32(0.9177), np.float32(0.7645), np.float32(0.0)]
2025-11-16 17:21:08.052660: Epoch time: 251.74 s
2025-11-16 17:21:09.112341: 
2025-11-16 17:21:09.112606: Epoch 910
2025-11-16 17:21:09.112736: Current learning rate: 0.00115
2025-11-16 17:25:20.289806: train_loss -0.7409
2025-11-16 17:25:20.290123: val_loss -0.662
2025-11-16 17:25:20.290233: Pseudo dice [np.float32(0.9134), np.float32(0.7523), np.float32(0.0)]
2025-11-16 17:25:20.290344: Epoch time: 251.18 s
2025-11-16 17:25:21.343916: 
2025-11-16 17:25:21.344115: Epoch 911
2025-11-16 17:25:21.344230: Current learning rate: 0.00113
2025-11-16 17:29:32.774263: train_loss -0.7345
2025-11-16 17:29:32.774535: val_loss -0.6582
2025-11-16 17:29:32.774634: Pseudo dice [np.float32(0.9128), np.float32(0.7591), np.float32(0.0)]
2025-11-16 17:29:32.774735: Epoch time: 251.43 s
2025-11-16 17:29:33.836397: 
2025-11-16 17:29:33.836601: Epoch 912
2025-11-16 17:29:33.836723: Current learning rate: 0.00112
2025-11-16 17:33:45.571219: train_loss -0.721
2025-11-16 17:33:45.571490: val_loss -0.6766
2025-11-16 17:33:45.571591: Pseudo dice [np.float32(0.9195), np.float32(0.7592), np.float32(0.0)]
2025-11-16 17:33:45.571691: Epoch time: 251.74 s
2025-11-16 17:33:46.637618: 
2025-11-16 17:33:46.638086: Epoch 913
2025-11-16 17:33:46.638428: Current learning rate: 0.00111
2025-11-16 17:37:58.073831: train_loss -0.7386
2025-11-16 17:37:58.074090: val_loss -0.6724
2025-11-16 17:37:58.074188: Pseudo dice [np.float32(0.9193), np.float32(0.7625), np.float32(0.0)]
2025-11-16 17:37:58.074294: Epoch time: 251.44 s
2025-11-16 17:37:59.139024: 
2025-11-16 17:37:59.139212: Epoch 914
2025-11-16 17:37:59.139334: Current learning rate: 0.0011
2025-11-16 17:42:10.692851: train_loss -0.7238
2025-11-16 17:42:10.693213: val_loss -0.6541
2025-11-16 17:42:10.693332: Pseudo dice [np.float32(0.9134), np.float32(0.7566), np.float32(0.0)]
2025-11-16 17:42:10.693436: Epoch time: 251.55 s
2025-11-16 17:42:11.750116: 
2025-11-16 17:42:11.750328: Epoch 915
2025-11-16 17:42:11.750471: Current learning rate: 0.00109
2025-11-16 17:46:23.731718: train_loss -0.7263
2025-11-16 17:46:23.731970: val_loss -0.6576
2025-11-16 17:46:23.732070: Pseudo dice [np.float32(0.9089), np.float32(0.7508), np.float32(0.0)]
2025-11-16 17:46:23.732175: Epoch time: 251.98 s
2025-11-16 17:46:24.803129: 
2025-11-16 17:46:24.803332: Epoch 916
2025-11-16 17:46:24.803451: Current learning rate: 0.00108
2025-11-16 17:50:36.559345: train_loss -0.729
2025-11-16 17:50:36.559600: val_loss -0.6517
2025-11-16 17:50:36.559703: Pseudo dice [np.float32(0.9202), np.float32(0.7584), np.float32(0.0)]
2025-11-16 17:50:36.559803: Epoch time: 251.76 s
2025-11-16 17:50:37.623619: 
2025-11-16 17:50:37.623890: Epoch 917
2025-11-16 17:50:37.624017: Current learning rate: 0.00106
2025-11-16 17:54:49.349119: train_loss -0.7235
2025-11-16 17:54:49.349395: val_loss -0.6682
2025-11-16 17:54:49.349496: Pseudo dice [np.float32(0.9086), np.float32(0.7608), np.float32(0.0)]
2025-11-16 17:54:49.349598: Epoch time: 251.73 s
2025-11-16 17:54:50.415146: 
2025-11-16 17:54:50.415349: Epoch 918
2025-11-16 17:54:50.415471: Current learning rate: 0.00105
2025-11-16 17:59:02.147633: train_loss -0.7218
2025-11-16 17:59:02.147926: val_loss -0.6536
2025-11-16 17:59:02.148094: Pseudo dice [np.float32(0.9093), np.float32(0.7522), np.float32(0.0)]
2025-11-16 17:59:02.148200: Epoch time: 251.73 s
2025-11-16 17:59:03.211582: 
2025-11-16 17:59:03.211765: Epoch 919
2025-11-16 17:59:03.211885: Current learning rate: 0.00104
2025-11-16 18:03:14.776040: train_loss -0.7189
2025-11-16 18:03:14.833152: val_loss -0.6745
2025-11-16 18:03:14.833512: Pseudo dice [np.float32(0.9227), np.float32(0.761), np.float32(0.0)]
2025-11-16 18:03:14.834026: Epoch time: 251.57 s
2025-11-16 18:03:15.818618: 
2025-11-16 18:03:15.818890: Epoch 920
2025-11-16 18:03:15.819033: Current learning rate: 0.00103
2025-11-16 18:07:27.441560: train_loss -0.7284
2025-11-16 18:07:27.443289: val_loss -0.6655
2025-11-16 18:07:27.443421: Pseudo dice [np.float32(0.9132), np.float32(0.7584), np.float32(0.0)]
2025-11-16 18:07:27.443527: Epoch time: 251.62 s
2025-11-16 18:07:28.847790: 
2025-11-16 18:07:28.848069: Epoch 921
2025-11-16 18:07:28.848188: Current learning rate: 0.00102
2025-11-16 18:11:40.821393: train_loss -0.7208
2025-11-16 18:11:40.821848: val_loss -0.6671
2025-11-16 18:11:40.821956: Pseudo dice [np.float32(0.908), np.float32(0.7553), np.float32(0.0)]
2025-11-16 18:11:40.822058: Epoch time: 251.97 s
2025-11-16 18:11:41.796833: 
2025-11-16 18:11:41.797070: Epoch 922
2025-11-16 18:11:41.797193: Current learning rate: 0.00101
2025-11-16 18:15:53.079231: train_loss -0.7177
2025-11-16 18:15:53.079696: val_loss -0.6626
2025-11-16 18:15:53.079804: Pseudo dice [np.float32(0.9078), np.float32(0.76), np.float32(0.0)]
2025-11-16 18:15:53.079906: Epoch time: 251.28 s
2025-11-16 18:15:54.140075: 
2025-11-16 18:15:54.140332: Epoch 923
2025-11-16 18:15:54.140494: Current learning rate: 0.001
2025-11-16 18:20:06.629645: train_loss -0.7275
2025-11-16 18:20:06.631114: val_loss -0.6389
2025-11-16 18:20:06.631222: Pseudo dice [np.float32(0.9212), np.float32(0.766), np.float32(0.0)]
2025-11-16 18:20:06.631330: Epoch time: 252.49 s
2025-11-16 18:20:07.941833: 
2025-11-16 18:20:07.942029: Epoch 924
2025-11-16 18:20:07.942150: Current learning rate: 0.00098
2025-11-16 18:24:20.390215: train_loss -0.7252
2025-11-16 18:24:20.390670: val_loss -0.6708
2025-11-16 18:24:20.390790: Pseudo dice [np.float32(0.923), np.float32(0.7611), np.float32(0.0)]
2025-11-16 18:24:20.390924: Epoch time: 252.45 s
2025-11-16 18:24:21.382141: 
2025-11-16 18:24:21.382404: Epoch 925
2025-11-16 18:24:21.382557: Current learning rate: 0.00097
2025-11-16 18:28:32.904926: train_loss -0.72
2025-11-16 18:28:32.905389: val_loss -0.6173
2025-11-16 18:28:32.905497: Pseudo dice [np.float32(0.9171), np.float32(0.7654), np.float32(0.0)]
2025-11-16 18:28:32.905598: Epoch time: 251.52 s
2025-11-16 18:28:33.968869: 
2025-11-16 18:28:33.969072: Epoch 926
2025-11-16 18:28:33.969194: Current learning rate: 0.00096
2025-11-16 18:32:45.808040: train_loss -0.7316
2025-11-16 18:32:45.808486: val_loss -0.6733
2025-11-16 18:32:45.808594: Pseudo dice [np.float32(0.9149), np.float32(0.7549), np.float32(0.0)]
2025-11-16 18:32:45.808726: Epoch time: 251.84 s
2025-11-16 18:32:46.870471: 
2025-11-16 18:32:46.870743: Epoch 927
2025-11-16 18:32:46.870871: Current learning rate: 0.00095
2025-11-16 18:36:58.216914: train_loss -0.7278
2025-11-16 18:36:58.217351: val_loss -0.651
2025-11-16 18:36:58.217458: Pseudo dice [np.float32(0.9161), np.float32(0.7538), np.float32(0.0)]
2025-11-16 18:36:58.217596: Epoch time: 251.35 s
2025-11-16 18:36:59.277959: 
2025-11-16 18:36:59.278352: Epoch 928
2025-11-16 18:36:59.278673: Current learning rate: 0.00094
2025-11-16 18:41:10.988780: train_loss -0.7338
2025-11-16 18:41:10.989269: val_loss -0.6209
2025-11-16 18:41:10.989422: Pseudo dice [np.float32(0.9169), np.float32(0.7604), np.float32(0.0)]
2025-11-16 18:41:10.989530: Epoch time: 251.71 s
2025-11-16 18:41:12.056400: 
2025-11-16 18:41:12.056691: Epoch 929
2025-11-16 18:41:12.056887: Current learning rate: 0.00092
2025-11-16 18:45:23.426708: train_loss -0.7219
2025-11-16 18:45:23.427133: val_loss -0.6815
2025-11-16 18:45:23.427239: Pseudo dice [np.float32(0.9272), np.float32(0.7602), np.float32(0.0)]
2025-11-16 18:45:23.427349: Epoch time: 251.37 s
2025-11-16 18:45:24.493898: 
2025-11-16 18:45:24.494113: Epoch 930
2025-11-16 18:45:24.494303: Current learning rate: 0.00091
2025-11-16 18:49:36.221406: train_loss -0.7142
2025-11-16 18:49:36.221856: val_loss -0.6915
2025-11-16 18:49:36.221961: Pseudo dice [np.float32(0.9203), np.float32(0.7537), np.float32(0.0)]
2025-11-16 18:49:36.237951: Epoch time: 251.73 s
2025-11-16 18:49:37.303912: 
2025-11-16 18:49:37.304179: Epoch 931
2025-11-16 18:49:37.304308: Current learning rate: 0.0009
2025-11-16 18:53:49.445162: train_loss -0.7077
2025-11-16 18:53:49.445601: val_loss -0.6613
2025-11-16 18:53:49.445705: Pseudo dice [np.float32(0.9114), np.float32(0.7638), np.float32(0.0)]
2025-11-16 18:53:49.445807: Epoch time: 252.14 s
2025-11-16 18:53:50.519603: 
2025-11-16 18:53:50.519864: Epoch 932
2025-11-16 18:53:50.519993: Current learning rate: 0.00089
2025-11-16 18:58:02.121513: train_loss -0.7275
2025-11-16 18:58:02.121994: val_loss -0.6629
2025-11-16 18:58:02.122100: Pseudo dice [np.float32(0.9173), np.float32(0.7635), np.float32(0.0)]
2025-11-16 18:58:02.122266: Epoch time: 251.6 s
2025-11-16 18:58:03.195401: 
2025-11-16 18:58:03.195655: Epoch 933
2025-11-16 18:58:03.195778: Current learning rate: 0.00088
2025-11-16 19:02:15.078814: train_loss -0.7367
2025-11-16 19:02:15.079292: val_loss -0.6376
2025-11-16 19:02:15.079402: Pseudo dice [np.float32(0.9151), np.float32(0.7538), np.float32(0.0)]
2025-11-16 19:02:15.079503: Epoch time: 251.88 s
2025-11-16 19:02:16.513817: 
2025-11-16 19:02:16.514126: Epoch 934
2025-11-16 19:02:16.514252: Current learning rate: 0.00087
2025-11-16 19:06:28.094015: train_loss -0.7232
2025-11-16 19:06:28.094492: val_loss -0.6539
2025-11-16 19:06:28.094600: Pseudo dice [np.float32(0.9194), np.float32(0.7687), np.float32(0.0)]
2025-11-16 19:06:28.094701: Epoch time: 251.58 s
2025-11-16 19:06:29.147046: 
2025-11-16 19:06:29.147250: Epoch 935
2025-11-16 19:06:29.147375: Current learning rate: 0.00085
2025-11-16 19:10:40.620716: train_loss -0.7282
2025-11-16 19:10:40.621195: val_loss -0.6755
2025-11-16 19:10:40.621308: Pseudo dice [np.float32(0.9238), np.float32(0.7618), np.float32(0.0)]
2025-11-16 19:10:40.621415: Epoch time: 251.47 s
2025-11-16 19:10:41.722580: 
2025-11-16 19:10:41.722802: Epoch 936
2025-11-16 19:10:41.722934: Current learning rate: 0.00084
2025-11-16 19:14:53.151318: train_loss -0.73
2025-11-16 19:14:53.151840: val_loss -0.6626
2025-11-16 19:14:53.151943: Pseudo dice [np.float32(0.9197), np.float32(0.759), np.float32(0.0)]
2025-11-16 19:14:53.152045: Epoch time: 251.43 s
2025-11-16 19:14:54.225963: 
2025-11-16 19:14:54.226164: Epoch 937
2025-11-16 19:14:54.226288: Current learning rate: 0.00083
2025-11-16 19:19:05.764571: train_loss -0.7258
2025-11-16 19:19:05.765033: val_loss -0.6678
2025-11-16 19:19:05.765143: Pseudo dice [np.float32(0.9178), np.float32(0.7611), np.float32(0.0)]
2025-11-16 19:19:05.765244: Epoch time: 251.54 s
2025-11-16 19:19:06.825508: 
2025-11-16 19:19:06.825699: Epoch 938
2025-11-16 19:19:06.825824: Current learning rate: 0.00082
2025-11-16 19:23:18.580658: train_loss -0.7329
2025-11-16 19:23:18.581106: val_loss -0.6512
2025-11-16 19:23:18.581210: Pseudo dice [np.float32(0.9285), np.float32(0.7706), np.float32(0.0)]
2025-11-16 19:23:18.581317: Epoch time: 251.76 s
2025-11-16 19:23:19.642413: 
2025-11-16 19:23:19.642686: Epoch 939
2025-11-16 19:23:19.642824: Current learning rate: 0.00081
2025-11-16 19:27:31.180913: train_loss -0.7354
2025-11-16 19:27:31.181385: val_loss -0.6242
2025-11-16 19:27:31.181489: Pseudo dice [np.float32(0.9198), np.float32(0.7614), np.float32(0.0)]
2025-11-16 19:27:31.181589: Epoch time: 251.54 s
2025-11-16 19:27:32.238836: 
2025-11-16 19:27:32.239067: Epoch 940
2025-11-16 19:27:32.239199: Current learning rate: 0.00079
2025-11-16 19:31:44.092892: train_loss -0.7239
2025-11-16 19:31:44.093368: val_loss -0.6705
2025-11-16 19:31:44.093474: Pseudo dice [np.float32(0.9172), np.float32(0.7564), np.float32(0.0)]
2025-11-16 19:31:44.093577: Epoch time: 251.85 s
2025-11-16 19:31:45.156446: 
2025-11-16 19:31:45.156787: Epoch 941
2025-11-16 19:31:45.156915: Current learning rate: 0.00078
2025-11-16 19:35:56.706449: train_loss -0.7265
2025-11-16 19:35:56.706864: val_loss -0.6763
2025-11-16 19:35:56.706966: Pseudo dice [np.float32(0.9216), np.float32(0.7601), np.float32(0.0)]
2025-11-16 19:35:56.844498: Epoch time: 251.55 s
2025-11-16 19:35:57.923923: 
2025-11-16 19:35:57.924215: Epoch 942
2025-11-16 19:35:57.924411: Current learning rate: 0.00077
2025-11-16 19:40:09.269667: train_loss -0.734
2025-11-16 19:40:09.270160: val_loss -0.6377
2025-11-16 19:40:09.270308: Pseudo dice [np.float32(0.9085), np.float32(0.7591), np.float32(0.0)]
2025-11-16 19:40:09.270446: Epoch time: 251.35 s
2025-11-16 19:40:10.334287: 
2025-11-16 19:40:10.334516: Epoch 943
2025-11-16 19:40:10.334671: Current learning rate: 0.00076
2025-11-16 19:44:21.725128: train_loss -0.7259
2025-11-16 19:44:21.725658: val_loss -0.6752
2025-11-16 19:44:21.725794: Pseudo dice [np.float32(0.9162), np.float32(0.7632), np.float32(0.0)]
2025-11-16 19:44:21.725926: Epoch time: 251.39 s
2025-11-16 19:44:22.783947: 
2025-11-16 19:44:22.784153: Epoch 944
2025-11-16 19:44:22.784302: Current learning rate: 0.00075
2025-11-16 19:48:34.422320: train_loss -0.7346
2025-11-16 19:48:34.422830: val_loss -0.6715
2025-11-16 19:48:34.422962: Pseudo dice [np.float32(0.9135), np.float32(0.7551), np.float32(0.0)]
2025-11-16 19:48:34.423091: Epoch time: 251.64 s
2025-11-16 19:48:35.482463: 
2025-11-16 19:48:35.482697: Epoch 945
2025-11-16 19:48:35.482860: Current learning rate: 0.00074
2025-11-16 19:52:46.739980: train_loss -0.735
2025-11-16 19:52:46.740487: val_loss -0.6878
2025-11-16 19:52:46.740622: Pseudo dice [np.float32(0.913), np.float32(0.7606), np.float32(0.0)]
2025-11-16 19:52:46.740756: Epoch time: 251.26 s
2025-11-16 19:52:47.799413: 
2025-11-16 19:52:47.799711: Epoch 946
2025-11-16 19:52:47.799862: Current learning rate: 0.00072
2025-11-16 19:56:59.489482: train_loss -0.717
2025-11-16 19:56:59.490000: val_loss -0.639
2025-11-16 19:56:59.490134: Pseudo dice [np.float32(0.9209), np.float32(0.7574), np.float32(0.0)]
2025-11-16 19:56:59.490265: Epoch time: 251.69 s
2025-11-16 19:57:00.903674: 
2025-11-16 19:57:00.903910: Epoch 947
2025-11-16 19:57:00.904062: Current learning rate: 0.00071
2025-11-16 20:01:12.615826: train_loss -0.7375
2025-11-16 20:01:12.616295: val_loss -0.6719
2025-11-16 20:01:12.616419: Pseudo dice [np.float32(0.915), np.float32(0.7643), np.float32(0.0)]
2025-11-16 20:01:12.616538: Epoch time: 251.71 s
2025-11-16 20:01:13.667824: 
2025-11-16 20:01:13.668146: Epoch 948
2025-11-16 20:01:13.668306: Current learning rate: 0.0007
2025-11-16 20:05:25.116448: train_loss -0.7271
2025-11-16 20:05:25.116855: val_loss -0.671
2025-11-16 20:05:25.116985: Pseudo dice [np.float32(0.9177), np.float32(0.7662), np.float32(0.0)]
2025-11-16 20:05:25.117111: Epoch time: 251.45 s
2025-11-16 20:05:26.169526: 
2025-11-16 20:05:26.169858: Epoch 949
2025-11-16 20:05:26.170011: Current learning rate: 0.00069
2025-11-16 20:09:37.894417: train_loss -0.7251
2025-11-16 20:09:37.894926: val_loss -0.6225
2025-11-16 20:09:37.895061: Pseudo dice [np.float32(0.9174), np.float32(0.7563), np.float32(0.0)]
2025-11-16 20:09:37.895189: Epoch time: 251.73 s
2025-11-16 20:09:39.298087: 
2025-11-16 20:09:39.298425: Epoch 950
2025-11-16 20:09:39.298581: Current learning rate: 0.00067
2025-11-16 20:13:50.566248: train_loss -0.7299
2025-11-16 20:13:50.566766: val_loss -0.6735
2025-11-16 20:13:50.566898: Pseudo dice [np.float32(0.9204), np.float32(0.7613), np.float32(0.0)]
2025-11-16 20:13:50.567028: Epoch time: 251.27 s
2025-11-16 20:13:51.634597: 
2025-11-16 20:13:51.634840: Epoch 951
2025-11-16 20:13:51.634984: Current learning rate: 0.00066
2025-11-16 20:18:03.384446: train_loss -0.7188
2025-11-16 20:18:03.384889: val_loss -0.6422
2025-11-16 20:18:03.385053: Pseudo dice [np.float32(0.9144), np.float32(0.7654), np.float32(0.0)]
2025-11-16 20:18:03.385179: Epoch time: 251.75 s
2025-11-16 20:18:04.383280: 
2025-11-16 20:18:04.383620: Epoch 952
2025-11-16 20:18:04.383932: Current learning rate: 0.00065
2025-11-16 20:22:15.773605: train_loss -0.736
2025-11-16 20:22:15.774086: val_loss -0.6819
2025-11-16 20:22:15.774284: Pseudo dice [np.float32(0.9259), np.float32(0.7582), np.float32(0.0)]
2025-11-16 20:22:15.774429: Epoch time: 251.39 s
2025-11-16 20:22:16.841494: 
2025-11-16 20:22:16.841717: Epoch 953
2025-11-16 20:22:16.841877: Current learning rate: 0.00064
2025-11-16 20:26:28.140975: train_loss -0.722
2025-11-16 20:26:28.141436: val_loss -0.6652
2025-11-16 20:26:28.141566: Pseudo dice [np.float32(0.9186), np.float32(0.7503), np.float32(0.0)]
2025-11-16 20:26:28.141696: Epoch time: 251.3 s
2025-11-16 20:26:29.212499: 
2025-11-16 20:26:29.212730: Epoch 954
2025-11-16 20:26:29.212883: Current learning rate: 0.00063
2025-11-16 20:30:40.634882: train_loss -0.7322
2025-11-16 20:30:40.635410: val_loss -0.677
2025-11-16 20:30:40.635546: Pseudo dice [np.float32(0.919), np.float32(0.7603), np.float32(0.0)]
2025-11-16 20:30:40.635680: Epoch time: 251.42 s
2025-11-16 20:30:41.709321: 
2025-11-16 20:30:41.709550: Epoch 955
2025-11-16 20:30:41.709759: Current learning rate: 0.00061
2025-11-16 20:34:53.303897: train_loss -0.7314
2025-11-16 20:34:53.304421: val_loss -0.6606
2025-11-16 20:34:53.304551: Pseudo dice [np.float32(0.9151), np.float32(0.7561), np.float32(0.0)]
2025-11-16 20:34:53.304679: Epoch time: 251.6 s
2025-11-16 20:34:54.378301: 
2025-11-16 20:34:54.378519: Epoch 956
2025-11-16 20:34:54.378695: Current learning rate: 0.0006
2025-11-16 20:39:06.123526: train_loss -0.7348
2025-11-16 20:39:06.123994: val_loss -0.6301
2025-11-16 20:39:06.124132: Pseudo dice [np.float32(0.916), np.float32(0.7521), np.float32(0.0)]
2025-11-16 20:39:06.124264: Epoch time: 251.75 s
2025-11-16 20:39:07.200568: 
2025-11-16 20:39:07.201100: Epoch 957
2025-11-16 20:39:07.201447: Current learning rate: 0.00059
2025-11-16 20:43:18.866897: train_loss -0.7327
2025-11-16 20:43:18.867383: val_loss -0.6527
2025-11-16 20:43:18.867528: Pseudo dice [np.float32(0.9207), np.float32(0.7636), np.float32(0.0)]
2025-11-16 20:43:18.867665: Epoch time: 251.67 s
2025-11-16 20:43:19.944670: 
2025-11-16 20:43:19.944901: Epoch 958
2025-11-16 20:43:19.945048: Current learning rate: 0.00058
2025-11-16 20:47:31.386439: train_loss -0.7299
2025-11-16 20:47:31.386937: val_loss -0.6607
2025-11-16 20:47:31.387064: Pseudo dice [np.float32(0.9164), np.float32(0.7612), np.float32(0.0)]
2025-11-16 20:47:31.387192: Epoch time: 251.44 s
2025-11-16 20:47:32.807095: 
2025-11-16 20:47:32.807384: Epoch 959
2025-11-16 20:47:32.807537: Current learning rate: 0.00056
2025-11-16 20:51:44.265399: train_loss -0.7247
2025-11-16 20:51:44.265910: val_loss -0.6568
2025-11-16 20:51:44.266076: Pseudo dice [np.float32(0.9175), np.float32(0.7654), np.float32(0.0)]
2025-11-16 20:51:44.266215: Epoch time: 251.46 s
2025-11-16 20:51:45.328798: 
2025-11-16 20:51:45.329080: Epoch 960
2025-11-16 20:51:45.329229: Current learning rate: 0.00055
2025-11-16 20:55:56.674267: train_loss -0.7356
2025-11-16 20:55:56.674956: val_loss -0.6556
2025-11-16 20:55:56.675102: Pseudo dice [np.float32(0.9144), np.float32(0.7592), np.float32(0.0)]
2025-11-16 20:55:56.675243: Epoch time: 251.35 s
2025-11-16 20:55:57.736060: 
2025-11-16 20:55:57.736401: Epoch 961
2025-11-16 20:55:57.736556: Current learning rate: 0.00054
2025-11-16 21:00:09.157846: train_loss -0.728
2025-11-16 21:00:09.158375: val_loss -0.6758
2025-11-16 21:00:09.158516: Pseudo dice [np.float32(0.9223), np.float32(0.7693), np.float32(0.0)]
2025-11-16 21:00:09.158648: Epoch time: 251.42 s
2025-11-16 21:00:10.224858: 
2025-11-16 21:00:10.225217: Epoch 962
2025-11-16 21:00:10.225386: Current learning rate: 0.00053
2025-11-16 21:04:21.770012: train_loss -0.7453
2025-11-16 21:04:21.770521: val_loss -0.7064
2025-11-16 21:04:21.770658: Pseudo dice [np.float32(0.9164), np.float32(0.7607), np.float32(0.0)]
2025-11-16 21:04:21.770795: Epoch time: 251.55 s
2025-11-16 21:04:22.849867: 
2025-11-16 21:04:22.850111: Epoch 963
2025-11-16 21:04:22.850265: Current learning rate: 0.00051
2025-11-16 21:08:34.486335: train_loss -0.7553
2025-11-16 21:08:34.486863: val_loss -0.6794
2025-11-16 21:08:34.487053: Pseudo dice [np.float32(0.9193), np.float32(0.7589), np.float32(0.0)]
2025-11-16 21:08:34.487186: Epoch time: 251.64 s
2025-11-16 21:08:35.553882: 
2025-11-16 21:08:35.554185: Epoch 964
2025-11-16 21:08:35.554339: Current learning rate: 0.0005
2025-11-16 21:12:47.479923: train_loss -0.7304
2025-11-16 21:12:47.480453: val_loss -0.6762
2025-11-16 21:12:47.480591: Pseudo dice [np.float32(0.9194), np.float32(0.7605), np.float32(0.0)]
2025-11-16 21:12:47.480723: Epoch time: 251.93 s
2025-11-16 21:12:48.555946: 
2025-11-16 21:12:48.556180: Epoch 965
2025-11-16 21:12:48.556334: Current learning rate: 0.00049
2025-11-16 21:17:00.008054: train_loss -0.7416
2025-11-16 21:17:00.008525: val_loss -0.6693
2025-11-16 21:17:00.008656: Pseudo dice [np.float32(0.9196), np.float32(0.7522), np.float32(0.0)]
2025-11-16 21:17:00.008787: Epoch time: 251.45 s
2025-11-16 21:17:01.089156: 
2025-11-16 21:17:01.089404: Epoch 966
2025-11-16 21:17:01.089553: Current learning rate: 0.00048
2025-11-16 21:21:12.680385: train_loss -0.7332
2025-11-16 21:21:12.680863: val_loss -0.6379
2025-11-16 21:21:12.680988: Pseudo dice [np.float32(0.9119), np.float32(0.7542), np.float32(0.0)]
2025-11-16 21:21:12.681113: Epoch time: 251.59 s
2025-11-16 21:21:13.753225: 
2025-11-16 21:21:13.753510: Epoch 967
2025-11-16 21:21:13.753675: Current learning rate: 0.00046
2025-11-16 21:25:24.990119: train_loss -0.7187
2025-11-16 21:25:24.990622: val_loss -0.6829
2025-11-16 21:25:24.990753: Pseudo dice [np.float32(0.9237), np.float32(0.7562), np.float32(0.0)]
2025-11-16 21:25:24.990882: Epoch time: 251.24 s
2025-11-16 21:25:26.071507: 
2025-11-16 21:25:26.071744: Epoch 968
2025-11-16 21:25:26.071898: Current learning rate: 0.00045
2025-11-16 21:29:37.482959: train_loss -0.7216
2025-11-16 21:29:37.483463: val_loss -0.6527
2025-11-16 21:29:37.483597: Pseudo dice [np.float32(0.9177), np.float32(0.7696), np.float32(0.0)]
2025-11-16 21:29:37.483734: Epoch time: 251.41 s
2025-11-16 21:29:38.567636: 
2025-11-16 21:29:38.567854: Epoch 969
2025-11-16 21:29:38.568046: Current learning rate: 0.00044
2025-11-16 21:33:49.955009: train_loss -0.7285
2025-11-16 21:33:49.955895: val_loss -0.6363
2025-11-16 21:33:49.956029: Pseudo dice [np.float32(0.9092), np.float32(0.7588), np.float32(0.0)]
2025-11-16 21:33:49.956189: Epoch time: 251.39 s
2025-11-16 21:33:51.027143: 
2025-11-16 21:33:51.027397: Epoch 970
2025-11-16 21:33:51.027546: Current learning rate: 0.00043
2025-11-16 21:38:02.636695: train_loss -0.7161
2025-11-16 21:38:02.637180: val_loss -0.6164
2025-11-16 21:38:02.637337: Pseudo dice [np.float32(0.9156), np.float32(0.7576), np.float32(0.0)]
2025-11-16 21:38:02.637478: Epoch time: 251.61 s
2025-11-16 21:38:03.710738: 
2025-11-16 21:38:03.710968: Epoch 971
2025-11-16 21:38:03.711128: Current learning rate: 0.00041
2025-11-16 21:42:15.344587: train_loss -0.7471
2025-11-16 21:42:15.345085: val_loss -0.6762
2025-11-16 21:42:15.345218: Pseudo dice [np.float32(0.924), np.float32(0.7586), np.float32(0.0)]
2025-11-16 21:42:15.345358: Epoch time: 251.63 s
2025-11-16 21:42:16.784629: 
2025-11-16 21:42:16.784895: Epoch 972
2025-11-16 21:42:16.785057: Current learning rate: 0.0004
2025-11-16 21:46:28.469388: train_loss -0.7297
2025-11-16 21:46:28.469883: val_loss -0.6352
2025-11-16 21:46:28.470024: Pseudo dice [np.float32(0.9096), np.float32(0.7547), np.float32(0.0)]
2025-11-16 21:46:28.470165: Epoch time: 251.69 s
2025-11-16 21:46:29.544917: 
2025-11-16 21:46:29.545254: Epoch 973
2025-11-16 21:46:29.545411: Current learning rate: 0.00039
2025-11-16 21:50:41.358117: train_loss -0.7278
2025-11-16 21:50:41.358595: val_loss -0.6368
2025-11-16 21:50:41.358729: Pseudo dice [np.float32(0.9094), np.float32(0.7608), np.float32(0.0)]
2025-11-16 21:50:41.358867: Epoch time: 251.81 s
2025-11-16 21:50:42.425543: 
2025-11-16 21:50:42.425842: Epoch 974
2025-11-16 21:50:42.425982: Current learning rate: 0.00037
2025-11-16 21:54:53.983090: train_loss -0.7184
2025-11-16 21:54:53.983624: val_loss -0.6832
2025-11-16 21:54:53.983757: Pseudo dice [np.float32(0.9274), np.float32(0.7616), np.float32(0.0)]
2025-11-16 21:54:53.983884: Epoch time: 251.56 s
2025-11-16 21:54:55.062543: 
2025-11-16 21:54:55.062765: Epoch 975
2025-11-16 21:54:55.062942: Current learning rate: 0.00036
2025-11-16 21:59:06.976828: train_loss -0.7299
2025-11-16 21:59:06.977340: val_loss -0.6344
2025-11-16 21:59:06.977480: Pseudo dice [np.float32(0.9059), np.float32(0.7565), np.float32(0.0)]
2025-11-16 21:59:06.977615: Epoch time: 251.92 s
2025-11-16 21:59:08.052927: 
2025-11-16 21:59:08.053233: Epoch 976
2025-11-16 21:59:08.053406: Current learning rate: 0.00035
2025-11-16 22:03:19.800412: train_loss -0.7255
2025-11-16 22:03:19.800848: val_loss -0.6399
2025-11-16 22:03:19.800971: Pseudo dice [np.float32(0.9097), np.float32(0.7583), np.float32(0.0)]
2025-11-16 22:03:19.801105: Epoch time: 251.75 s
2025-11-16 22:03:20.876316: 
2025-11-16 22:03:20.876739: Epoch 977
2025-11-16 22:03:20.877030: Current learning rate: 0.00034
2025-11-16 22:07:32.223970: train_loss -0.7315
2025-11-16 22:07:32.224498: val_loss -0.6365
2025-11-16 22:07:32.224622: Pseudo dice [np.float32(0.9137), np.float32(0.7568), np.float32(0.0)]
2025-11-16 22:07:32.224746: Epoch time: 251.35 s
2025-11-16 22:07:33.305334: 
2025-11-16 22:07:33.305552: Epoch 978
2025-11-16 22:07:33.305700: Current learning rate: 0.00032
2025-11-16 22:11:44.732933: train_loss -0.7415
2025-11-16 22:11:44.734813: val_loss -0.649
2025-11-16 22:11:44.734932: Pseudo dice [np.float32(0.9178), np.float32(0.7652), np.float32(0.0)]
2025-11-16 22:11:44.735034: Epoch time: 251.43 s
2025-11-16 22:11:45.809184: 
2025-11-16 22:11:45.809375: Epoch 979
2025-11-16 22:11:45.809491: Current learning rate: 0.00031
2025-11-16 22:15:57.640111: train_loss -0.7355
2025-11-16 22:15:57.640402: val_loss -0.6841
2025-11-16 22:15:57.640508: Pseudo dice [np.float32(0.9215), np.float32(0.7535), np.float32(0.0)]
2025-11-16 22:15:57.640641: Epoch time: 251.83 s
2025-11-16 22:15:58.719628: 
2025-11-16 22:15:58.719906: Epoch 980
2025-11-16 22:15:58.720042: Current learning rate: 0.0003
2025-11-16 22:20:10.355741: train_loss -0.7302
2025-11-16 22:20:10.356005: val_loss -0.6727
2025-11-16 22:20:10.356106: Pseudo dice [np.float32(0.9122), np.float32(0.7656), np.float32(0.0)]
2025-11-16 22:20:10.356205: Epoch time: 251.64 s
2025-11-16 22:20:11.433323: 
2025-11-16 22:20:11.433515: Epoch 981
2025-11-16 22:20:11.433637: Current learning rate: 0.00028
2025-11-16 22:24:23.020058: train_loss -0.7375
2025-11-16 22:24:23.020336: val_loss -0.6485
2025-11-16 22:24:23.020437: Pseudo dice [np.float32(0.916), np.float32(0.7529), np.float32(0.0)]
2025-11-16 22:24:23.020535: Epoch time: 251.59 s
2025-11-16 22:24:24.095660: 
2025-11-16 22:24:24.095851: Epoch 982
2025-11-16 22:24:24.095972: Current learning rate: 0.00027
2025-11-16 22:28:35.734984: train_loss -0.7286
2025-11-16 22:28:35.735250: val_loss -0.7045
2025-11-16 22:28:35.735358: Pseudo dice [np.float32(0.9271), np.float32(0.7698), np.float32(0.0)]
2025-11-16 22:28:35.735458: Epoch time: 251.64 s
2025-11-16 22:28:36.809830: 
2025-11-16 22:28:36.810096: Epoch 983
2025-11-16 22:28:36.810230: Current learning rate: 0.00026
2025-11-16 22:32:48.316937: train_loss -0.7262
2025-11-16 22:32:48.317197: val_loss -0.6538
2025-11-16 22:32:48.317308: Pseudo dice [np.float32(0.9141), np.float32(0.7596), np.float32(0.0)]
2025-11-16 22:32:48.317415: Epoch time: 251.51 s
2025-11-16 22:32:49.753375: 
2025-11-16 22:32:49.753653: Epoch 984
2025-11-16 22:32:49.753784: Current learning rate: 0.00024
2025-11-16 22:37:01.271924: train_loss -0.7302
2025-11-16 22:37:01.272247: val_loss -0.6429
2025-11-16 22:37:01.272414: Pseudo dice [np.float32(0.9227), np.float32(0.7618), np.float32(0.0)]
2025-11-16 22:37:01.272521: Epoch time: 251.52 s
2025-11-16 22:37:02.345468: 
2025-11-16 22:37:02.345674: Epoch 985
2025-11-16 22:37:02.345860: Current learning rate: 0.00023
2025-11-16 22:41:13.772377: train_loss -0.7382
2025-11-16 22:41:13.772638: val_loss -0.6516
2025-11-16 22:41:13.772738: Pseudo dice [np.float32(0.9222), np.float32(0.7557), np.float32(0.0)]
2025-11-16 22:41:13.772837: Epoch time: 251.43 s
2025-11-16 22:41:14.844605: 
2025-11-16 22:41:14.844854: Epoch 986
2025-11-16 22:41:14.845042: Current learning rate: 0.00021
2025-11-16 22:45:26.477463: train_loss -0.7339
2025-11-16 22:45:26.477723: val_loss -0.6449
2025-11-16 22:45:26.477821: Pseudo dice [np.float32(0.9172), np.float32(0.7624), np.float32(0.0)]
2025-11-16 22:45:26.477920: Epoch time: 251.63 s
2025-11-16 22:45:27.547533: 
2025-11-16 22:45:27.547739: Epoch 987
2025-11-16 22:45:27.547858: Current learning rate: 0.0002
2025-11-16 22:49:38.903531: train_loss -0.7196
2025-11-16 22:49:38.903796: val_loss -0.6476
2025-11-16 22:49:38.903897: Pseudo dice [np.float32(0.9214), np.float32(0.7557), np.float32(0.0)]
2025-11-16 22:49:38.903996: Epoch time: 251.36 s
2025-11-16 22:49:39.982256: 
2025-11-16 22:49:39.982462: Epoch 988
2025-11-16 22:49:39.982586: Current learning rate: 0.00019
2025-11-16 22:53:51.665929: train_loss -0.736
2025-11-16 22:53:51.666184: val_loss -0.655
2025-11-16 22:53:51.666322: Pseudo dice [np.float32(0.9207), np.float32(0.7711), np.float32(0.0)]
2025-11-16 22:53:51.666429: Epoch time: 251.68 s
2025-11-16 22:53:52.739550: 
2025-11-16 22:53:52.739876: Epoch 989
2025-11-16 22:53:52.740003: Current learning rate: 0.00017
2025-11-16 22:58:04.101687: train_loss -0.7376
2025-11-16 22:58:04.101951: val_loss -0.6866
2025-11-16 22:58:04.102053: Pseudo dice [np.float32(0.914), np.float32(0.7637), np.float32(0.0)]
2025-11-16 22:58:04.102155: Epoch time: 251.36 s
2025-11-16 22:58:05.182924: 
2025-11-16 22:58:05.183189: Epoch 990
2025-11-16 22:58:05.183321: Current learning rate: 0.00016
2025-11-16 23:02:16.838385: train_loss -0.722
2025-11-16 23:02:16.838680: val_loss -0.6757
2025-11-16 23:02:16.838784: Pseudo dice [np.float32(0.9175), np.float32(0.7618), np.float32(0.0)]
2025-11-16 23:02:16.838885: Epoch time: 251.66 s
2025-11-16 23:02:17.913228: 
2025-11-16 23:02:17.913432: Epoch 991
2025-11-16 23:02:17.913554: Current learning rate: 0.00014
2025-11-16 23:06:29.540609: train_loss -0.7334
2025-11-16 23:06:29.540869: val_loss -0.6356
2025-11-16 23:06:29.540971: Pseudo dice [np.float32(0.9209), np.float32(0.7553), np.float32(0.0)]
2025-11-16 23:06:29.541072: Epoch time: 251.63 s
2025-11-16 23:06:30.615734: 
2025-11-16 23:06:30.615940: Epoch 992
2025-11-16 23:06:30.616066: Current learning rate: 0.00013
2025-11-16 23:10:42.394307: train_loss -0.7432
2025-11-16 23:10:42.394568: val_loss -0.6686
2025-11-16 23:10:42.394667: Pseudo dice [np.float32(0.918), np.float32(0.7555), np.float32(0.0)]
2025-11-16 23:10:42.394768: Epoch time: 251.78 s
2025-11-16 23:10:43.487611: 
2025-11-16 23:10:43.487798: Epoch 993
2025-11-16 23:10:43.487984: Current learning rate: 0.00011
2025-11-16 23:14:54.789895: train_loss -0.7168
2025-11-16 23:14:54.790265: val_loss -0.6544
2025-11-16 23:14:54.790382: Pseudo dice [np.float32(0.9112), np.float32(0.7643), np.float32(0.0)]
2025-11-16 23:14:54.790483: Epoch time: 251.3 s
2025-11-16 23:14:55.867104: 
2025-11-16 23:14:55.867293: Epoch 994
2025-11-16 23:14:55.867415: Current learning rate: 0.0001
2025-11-16 23:19:07.212523: train_loss -0.7165
2025-11-16 23:19:07.212787: val_loss -0.6543
2025-11-16 23:19:07.212884: Pseudo dice [np.float32(0.9148), np.float32(0.7596), np.float32(0.0)]
2025-11-16 23:19:07.212981: Epoch time: 251.35 s
2025-11-16 23:19:08.282320: 
2025-11-16 23:19:08.282527: Epoch 995
2025-11-16 23:19:08.282649: Current learning rate: 8e-05
2025-11-16 23:23:20.041657: train_loss -0.7134
2025-11-16 23:23:20.041925: val_loss -0.6314
2025-11-16 23:23:20.042057: Pseudo dice [np.float32(0.9136), np.float32(0.7596), np.float32(0.0)]
2025-11-16 23:23:20.042164: Epoch time: 251.76 s
2025-11-16 23:23:21.117418: 
2025-11-16 23:23:21.117744: Epoch 996
2025-11-16 23:23:21.117878: Current learning rate: 7e-05
2025-11-16 23:27:32.660576: train_loss -0.7348
2025-11-16 23:27:32.660820: val_loss -0.6437
2025-11-16 23:27:32.660918: Pseudo dice [np.float32(0.9185), np.float32(0.7642), np.float32(0.0)]
2025-11-16 23:27:32.661018: Epoch time: 251.54 s
2025-11-16 23:27:34.088168: 
2025-11-16 23:27:34.088394: Epoch 997
2025-11-16 23:27:34.088519: Current learning rate: 5e-05
2025-11-16 23:31:45.740443: train_loss -0.7311
2025-11-16 23:31:45.740727: val_loss -0.6787
2025-11-16 23:31:45.740829: Pseudo dice [np.float32(0.9144), np.float32(0.7595), np.float32(0.0)]
2025-11-16 23:31:45.740931: Epoch time: 251.65 s
2025-11-16 23:31:46.816148: 
2025-11-16 23:31:46.816366: Epoch 998
2025-11-16 23:31:46.816494: Current learning rate: 4e-05
2025-11-16 23:35:58.630749: train_loss -0.7345
2025-11-16 23:35:58.631023: val_loss -0.6575
2025-11-16 23:35:58.631126: Pseudo dice [np.float32(0.9057), np.float32(0.7608), np.float32(0.0)]
2025-11-16 23:35:58.631228: Epoch time: 251.82 s
2025-11-16 23:35:59.697230: 
2025-11-16 23:35:59.697445: Epoch 999
2025-11-16 23:35:59.697563: Current learning rate: 2e-05
2025-11-16 23:40:11.360396: train_loss -0.726
2025-11-16 23:40:11.360678: val_loss -0.6536
2025-11-16 23:40:11.360780: Pseudo dice [np.float32(0.9153), np.float32(0.7527), np.float32(0.0)]
2025-11-16 23:40:11.360883: Epoch time: 251.66 s
2025-11-16 23:40:12.769728: Training done.
2025-11-16 23:40:12.961679: Using splits from existing split file: /work/u4526725/Dataset/nnUNet/nnUNet_preprocessed/Dataset306_aicup2025/splits_final.json
2025-11-16 23:40:12.961910: The split file contains 5 splits.
2025-11-16 23:40:12.961970: Desired fold for training: 3
2025-11-16 23:40:12.962024: This split has 40 training and 10 validation cases.
2025-11-16 23:40:12.962139: predicting patient0007
2025-11-16 23:40:15.134204: patient0007, shape torch.Size([4, 311, 456, 456]), rank 0
2025-11-16 23:42:23.350137: predicting patient0010
2025-11-16 23:42:24.900517: patient0010, shape torch.Size([4, 280, 550, 550]), rank 0
2025-11-16 23:44:53.523464: predicting patient0011
2025-11-16 23:44:54.571735: patient0011, shape torch.Size([4, 280, 436, 436]), rank 0
2025-11-16 23:46:37.791288: predicting patient0012
2025-11-16 23:46:40.024562: patient0012, shape torch.Size([4, 298, 621, 621]), rank 0
2025-11-16 23:50:42.467367: predicting patient0014
2025-11-16 23:50:43.620927: patient0014, shape torch.Size([4, 280, 449, 449]), rank 0
2025-11-16 23:52:26.892662: predicting patient0015
2025-11-16 23:52:28.296946: patient0015, shape torch.Size([4, 319, 492, 492]), rank 0
2025-11-16 23:55:26.455384: predicting patient0017
2025-11-16 23:55:28.273006: patient0017, shape torch.Size([4, 340, 540, 540]), rank 0
2025-11-16 23:58:56.271119: predicting patient0018
2025-11-16 23:58:57.422076: patient0018, shape torch.Size([4, 289, 446, 446]), rank 0
2025-11-17 00:01:01.259028: predicting patient0019
2025-11-17 00:01:02.798576: patient0019, shape torch.Size([4, 326, 479, 479]), rank 0
2025-11-17 00:03:06.679026: predicting patient0028
2025-11-17 00:03:08.126262: patient0028, shape torch.Size([4, 313, 489, 489]), rank 0
2025-11-17 00:06:45.712153: Validation complete
2025-11-17 00:06:45.712450: Mean Validation Dice:  0.5608886643513425
