+----------------------------------------------------+
| loading miniforge with conda 24.7.1 and python 3.9 |
+----------------------------------------------------+

Mon Nov 10 19:48:57 CST 2025
/work/u4526725/ntuh/nnUNet
/work/u4526725/Dataset/nnUNet/nnUNet_raw
/work/u4526725/Dataset/nnUNet/nnUNet_preprocessed
/work/u4526725/Dataset/nnUNet/nnUNet_results
/work/u4526725/Dataset/nnUNet/nnUNet_predictions
/home/u4526725/.conda/envs/nnUNet/bin:/work/HPC_SYS/twnia2/pkg-rocky8/tools/miniforge/Miniforge-pypy3-24.7.1-2/condabin:/opt/conda/bin:/home/u4526725/.vscode-server/cli/servers/Stable-7d842fb85a0275a4a8e4d7e040d2625abbf7f084/server/bin/remote-cli:/opt/conda/bin:/usr/local/bin:/usr/bin:/usr/local/sbin:/usr/sbin:/home/u4526725/.vscode-server/data/User/globalStorage/github.copilot-chat/debugCommand:/home/u4526725/.local/bin
Using device: cuda:0

#######################################################################
Please cite the following paper when using nnU-Net:
Isensee, F., Jaeger, P. F., Kohl, S. A., Petersen, J., & Maier-Hein, K. H. (2021). nnU-Net: a self-configuring method for deep learning-based biomedical image segmentation. Nature methods, 18(2), 203-211.
#######################################################################

2025-11-10 19:49:03.522919: Using torch.compile...
2025-11-10 19:49:04.955483: do_dummy_2d_data_aug: False
using pin_memory on device 0
/home/u4526725/.local/lib/python3.12/site-packages/torch/_inductor/lowering.py:7095: UserWarning: 
Online softmax is disabled on the fly since Inductor decides to
split the reduction. Cut an issue to PyTorch if this is an
important use case and you want to speed it up with online
softmax.

  warnings.warn(
/home/u4526725/.local/lib/python3.12/site-packages/torch/_inductor/lowering.py:7095: UserWarning: 
Online softmax is disabled on the fly since Inductor decides to
split the reduction. Cut an issue to PyTorch if this is an
important use case and you want to speed it up with online
softmax.

  warnings.warn(
/home/u4526725/.local/lib/python3.12/site-packages/torch/_inductor/lowering.py:7095: UserWarning: 
Online softmax is disabled on the fly since Inductor decides to
split the reduction. Cut an issue to PyTorch if this is an
important use case and you want to speed it up with online
softmax.

  warnings.warn(
/home/u4526725/.local/lib/python3.12/site-packages/fft_conv_pytorch/fft_conv.py:139: UserWarning: Using a non-tuple sequence for multidimensional indexing is deprecated and will be changed in pytorch 2.9; use x[tuple(seq)] instead of x[seq]. In pytorch 2.9 this will be interpreted as tensor index, x[torch.tensor(seq)], which will result either in an error or a different result (Triggered internally at /pytorch/torch/csrc/autograd/python_variable_indexing.cpp:306.)
  output = output[crop_slices].contiguous()
/home/u4526725/.local/lib/python3.12/site-packages/fft_conv_pytorch/fft_conv.py:139: UserWarning: Using a non-tuple sequence for multidimensional indexing is deprecated and will be changed in pytorch 2.9; use x[tuple(seq)] instead of x[seq]. In pytorch 2.9 this will be interpreted as tensor index, x[torch.tensor(seq)], which will result either in an error or a different result (Triggered internally at /pytorch/torch/csrc/autograd/python_variable_indexing.cpp:306.)
  output = output[crop_slices].contiguous()
/home/u4526725/.local/lib/python3.12/site-packages/fft_conv_pytorch/fft_conv.py:139: UserWarning: Using a non-tuple sequence for multidimensional indexing is deprecated and will be changed in pytorch 2.9; use x[tuple(seq)] instead of x[seq]. In pytorch 2.9 this will be interpreted as tensor index, x[torch.tensor(seq)], which will result either in an error or a different result (Triggered internally at /pytorch/torch/csrc/autograd/python_variable_indexing.cpp:306.)
  output = output[crop_slices].contiguous()
/home/u4526725/.local/lib/python3.12/site-packages/fft_conv_pytorch/fft_conv.py:139: UserWarning: Using a non-tuple sequence for multidimensional indexing is deprecated and will be changed in pytorch 2.9; use x[tuple(seq)] instead of x[seq]. In pytorch 2.9 this will be interpreted as tensor index, x[torch.tensor(seq)], which will result either in an error or a different result (Triggered internally at /pytorch/torch/csrc/autograd/python_variable_indexing.cpp:306.)
  output = output[crop_slices].contiguous()
/home/u4526725/.local/lib/python3.12/site-packages/fft_conv_pytorch/fft_conv.py:139: UserWarning: Using a non-tuple sequence for multidimensional indexing is deprecated and will be changed in pytorch 2.9; use x[tuple(seq)] instead of x[seq]. In pytorch 2.9 this will be interpreted as tensor index, x[torch.tensor(seq)], which will result either in an error or a different result (Triggered internally at /pytorch/torch/csrc/autograd/python_variable_indexing.cpp:306.)
  output = output[crop_slices].contiguous()
/home/u4526725/.local/lib/python3.12/site-packages/fft_conv_pytorch/fft_conv.py:139: UserWarning: Using a non-tuple sequence for multidimensional indexing is deprecated and will be changed in pytorch 2.9; use x[tuple(seq)] instead of x[seq]. In pytorch 2.9 this will be interpreted as tensor index, x[torch.tensor(seq)], which will result either in an error or a different result (Triggered internally at /pytorch/torch/csrc/autograd/python_variable_indexing.cpp:306.)
  output = output[crop_slices].contiguous()
/home/u4526725/.local/lib/python3.12/site-packages/fft_conv_pytorch/fft_conv.py:139: UserWarning: Using a non-tuple sequence for multidimensional indexing is deprecated and will be changed in pytorch 2.9; use x[tuple(seq)] instead of x[seq]. In pytorch 2.9 this will be interpreted as tensor index, x[torch.tensor(seq)], which will result either in an error or a different result (Triggered internally at /pytorch/torch/csrc/autograd/python_variable_indexing.cpp:306.)
  output = output[crop_slices].contiguous()
/home/u4526725/.local/lib/python3.12/site-packages/fft_conv_pytorch/fft_conv.py:139: UserWarning: Using a non-tuple sequence for multidimensional indexing is deprecated and will be changed in pytorch 2.9; use x[tuple(seq)] instead of x[seq]. In pytorch 2.9 this will be interpreted as tensor index, x[torch.tensor(seq)], which will result either in an error or a different result (Triggered internally at /pytorch/torch/csrc/autograd/python_variable_indexing.cpp:306.)
  output = output[crop_slices].contiguous()
/home/u4526725/.local/lib/python3.12/site-packages/fft_conv_pytorch/fft_conv.py:139: UserWarning: Using a non-tuple sequence for multidimensional indexing is deprecated and will be changed in pytorch 2.9; use x[tuple(seq)] instead of x[seq]. In pytorch 2.9 this will be interpreted as tensor index, x[torch.tensor(seq)], which will result either in an error or a different result (Triggered internally at /pytorch/torch/csrc/autograd/python_variable_indexing.cpp:306.)
  output = output[crop_slices].contiguous()
/home/u4526725/.local/lib/python3.12/site-packages/fft_conv_pytorch/fft_conv.py:139: UserWarning: Using a non-tuple sequence for multidimensional indexing is deprecated and will be changed in pytorch 2.9; use x[tuple(seq)] instead of x[seq]. In pytorch 2.9 this will be interpreted as tensor index, x[torch.tensor(seq)], which will result either in an error or a different result (Triggered internally at /pytorch/torch/csrc/autograd/python_variable_indexing.cpp:306.)
  output = output[crop_slices].contiguous()
/home/u4526725/.local/lib/python3.12/site-packages/fft_conv_pytorch/fft_conv.py:139: UserWarning: Using a non-tuple sequence for multidimensional indexing is deprecated and will be changed in pytorch 2.9; use x[tuple(seq)] instead of x[seq]. In pytorch 2.9 this will be interpreted as tensor index, x[torch.tensor(seq)], which will result either in an error or a different result (Triggered internally at /pytorch/torch/csrc/autograd/python_variable_indexing.cpp:306.)
  output = output[crop_slices].contiguous()
/home/u4526725/.local/lib/python3.12/site-packages/fft_conv_pytorch/fft_conv.py:139: UserWarning: Using a non-tuple sequence for multidimensional indexing is deprecated and will be changed in pytorch 2.9; use x[tuple(seq)] instead of x[seq]. In pytorch 2.9 this will be interpreted as tensor index, x[torch.tensor(seq)], which will result either in an error or a different result (Triggered internally at /pytorch/torch/csrc/autograd/python_variable_indexing.cpp:306.)
  output = output[crop_slices].contiguous()
/home/u4526725/.local/lib/python3.12/site-packages/torch/_inductor/lowering.py:7095: UserWarning: 
Online softmax is disabled on the fly since Inductor decides to
split the reduction. Cut an issue to PyTorch if this is an
important use case and you want to speed it up with online
softmax.

  warnings.warn(
using pin_memory on device 0

This is the configuration used by this training:
Configuration name: 3d_fullres
 {'data_identifier': 'nnUNetPlans_3d_fullres', 'preprocessor_name': 'DefaultPreprocessor', 'batch_size': 2, 'patch_size': [128, 256, 224], 'median_image_size_in_voxels': [302.5, 512.0, 512.0], 'spacing': [0.5, 0.39453125, 0.39453125], 'normalization_schemes': ['CTNormalization'], 'use_mask_for_norm': [False], 'resampling_fn_data': 'resample_data_or_seg_to_shape', 'resampling_fn_seg': 'resample_data_or_seg_to_shape', 'resampling_fn_data_kwargs': {'is_seg': False, 'order': 3, 'order_z': 0, 'force_separate_z': None}, 'resampling_fn_seg_kwargs': {'is_seg': True, 'order': 1, 'order_z': 0, 'force_separate_z': None}, 'resampling_fn_probabilities': 'resample_data_or_seg_to_shape', 'resampling_fn_probabilities_kwargs': {'is_seg': False, 'order': 1, 'order_z': 0, 'force_separate_z': None}, 'architecture': {'network_class_name': 'dynamic_network_architectures.architectures.unet.ResidualEncoderUNet', 'arch_kwargs': {'n_stages': 6, 'features_per_stage': [32, 64, 128, 256, 320, 320], 'conv_op': 'torch.nn.modules.conv.Conv3d', 'kernel_sizes': [[3, 3, 3], [3, 3, 3], [3, 3, 3], [3, 3, 3], [3, 3, 3], [3, 3, 3]], 'strides': [[1, 1, 1], [2, 2, 2], [2, 2, 2], [2, 2, 2], [2, 2, 2], [2, 2, 2]], 'n_blocks_per_stage': [1, 3, 4, 6, 6, 6], 'n_conv_per_stage_decoder': [1, 1, 1, 1, 1], 'conv_bias': True, 'norm_op': 'torch.nn.modules.instancenorm.InstanceNorm3d', 'norm_op_kwargs': {'eps': 1e-05, 'affine': True}, 'dropout_op': None, 'dropout_op_kwargs': None, 'nonlin': 'torch.nn.LeakyReLU', 'nonlin_kwargs': {'inplace': True}}, '_kw_requires_import': ['conv_op', 'norm_op', 'dropout_op', 'nonlin']}, 'batch_dice': True} 

These are the global plan.json settings:
 {'dataset_name': 'Dataset306_aicup2025', 'plans_name': 'nnUNetResEncUNetLPlans', 'original_median_spacing_after_transp': [0.5, 0.39453125, 0.39453125], 'original_median_shape_after_transp': [340, 512, 512], 'image_reader_writer': 'NibabelIOWithReorient', 'transpose_forward': [0, 1, 2], 'transpose_backward': [0, 1, 2], 'experiment_planner_used': 'nnUNetPlannerResEncL', 'label_manager': 'LabelManager', 'foreground_intensity_properties_per_channel': {'0': {'max': 1819.0, 'mean': 136.50274658203125, 'median': 115.0, 'min': -873.0, 'percentile_00_5': -30.0, 'percentile_99_5': 478.0, 'std': 91.3067398071289}}} 

2025-11-10 19:49:12.813618: Unable to plot network architecture: nnUNet_compile is enabled!
2025-11-10 19:49:12.849000: 
2025-11-10 19:49:12.849259: Epoch 0
2025-11-10 19:49:12.849451: Current learning rate: 0.01
2025-11-10 19:56:02.819603: train_loss 0.263
2025-11-10 19:56:02.823883: val_loss 0.1003
2025-11-10 19:56:02.824004: Pseudo dice [np.float32(0.5899), np.float32(0.0), np.float32(0.0)]
2025-11-10 19:56:02.824100: Epoch time: 409.97 s
2025-11-10 19:56:02.824178: Yayy! New best EMA pseudo Dice: 0.19660000503063202
2025-11-10 19:56:05.308086: 
2025-11-10 19:56:05.311341: Epoch 1
2025-11-10 19:56:05.311462: Current learning rate: 0.00999
2025-11-10 20:00:29.848543: train_loss -0.0065
2025-11-10 20:00:29.854211: val_loss -0.0762
2025-11-10 20:00:29.854384: Pseudo dice [np.float32(0.7772), np.float32(0.0), np.float32(0.0)]
2025-11-10 20:00:29.854490: Epoch time: 264.54 s
2025-11-10 20:00:29.854571: Yayy! New best EMA pseudo Dice: 0.2029000073671341
2025-11-10 20:00:32.312058: 
2025-11-10 20:00:32.316468: Epoch 2
2025-11-10 20:00:32.316669: Current learning rate: 0.00998
2025-11-10 20:04:35.269259: train_loss -0.0885
2025-11-10 20:04:35.279130: val_loss -0.1109
2025-11-10 20:04:35.279288: Pseudo dice [np.float32(0.8009), np.float32(0.0), np.float32(0.0)]
2025-11-10 20:04:35.279552: Epoch time: 242.96 s
2025-11-10 20:04:35.279670: Yayy! New best EMA pseudo Dice: 0.2092999964952469
2025-11-10 20:04:37.193932: 
2025-11-10 20:04:37.194550: Epoch 3
2025-11-10 20:04:37.194655: Current learning rate: 0.00997
2025-11-10 20:08:35.731216: train_loss -0.1281
2025-11-10 20:08:35.731915: val_loss -0.1662
2025-11-10 20:08:35.732036: Pseudo dice [np.float32(0.8229), np.float32(0.0), np.float32(0.0)]
2025-11-10 20:08:35.732138: Epoch time: 238.54 s
2025-11-10 20:08:35.732221: Yayy! New best EMA pseudo Dice: 0.21580000221729279
2025-11-10 20:08:37.660487: 
2025-11-10 20:08:37.660729: Epoch 4
2025-11-10 20:08:37.660851: Current learning rate: 0.00996
2025-11-10 20:12:37.479473: train_loss -0.2108
2025-11-10 20:12:37.480941: val_loss -0.2936
2025-11-10 20:12:37.481068: Pseudo dice [np.float32(0.8487), np.float32(0.5246), np.float32(0.0)]
2025-11-10 20:12:37.481248: Epoch time: 239.82 s
2025-11-10 20:12:37.481336: Yayy! New best EMA pseudo Dice: 0.23999999463558197
2025-11-10 20:12:39.780915: 
2025-11-10 20:12:39.781100: Epoch 5
2025-11-10 20:12:39.781218: Current learning rate: 0.00995
2025-11-10 20:16:37.081316: train_loss -0.2706
2025-11-10 20:16:37.081713: val_loss -0.3342
2025-11-10 20:16:37.081965: Pseudo dice [np.float32(0.8506), np.float32(0.6157), np.float32(0.0)]
2025-11-10 20:16:37.082079: Epoch time: 237.3 s
2025-11-10 20:16:37.082161: Yayy! New best EMA pseudo Dice: 0.26489999890327454
2025-11-10 20:16:38.940758: 
2025-11-10 20:16:38.940996: Epoch 6
2025-11-10 20:16:38.941112: Current learning rate: 0.00995
2025-11-10 20:20:38.328661: train_loss -0.3054
2025-11-10 20:20:38.329791: val_loss -0.3244
2025-11-10 20:20:38.330000: Pseudo dice [np.float32(0.8454), np.float32(0.6186), np.float32(0.0)]
2025-11-10 20:20:38.330109: Epoch time: 239.39 s
2025-11-10 20:20:38.330193: Yayy! New best EMA pseudo Dice: 0.287200003862381
2025-11-10 20:20:40.747803: 
2025-11-10 20:20:40.748043: Epoch 7
2025-11-10 20:20:40.748159: Current learning rate: 0.00994
2025-11-10 20:24:41.403903: train_loss -0.3298
2025-11-10 20:24:41.404410: val_loss -0.327
2025-11-10 20:24:41.404663: Pseudo dice [np.float32(0.8542), np.float32(0.5955), np.float32(0.0)]
2025-11-10 20:24:41.404772: Epoch time: 240.66 s
2025-11-10 20:24:41.404855: Yayy! New best EMA pseudo Dice: 0.3068000078201294
2025-11-10 20:24:43.318232: 
2025-11-10 20:24:43.318510: Epoch 8
2025-11-10 20:24:43.318739: Current learning rate: 0.00993
2025-11-10 20:28:38.434671: train_loss -0.3527
2025-11-10 20:28:38.435121: val_loss -0.3701
2025-11-10 20:28:38.435231: Pseudo dice [np.float32(0.8713), np.float32(0.6714), np.float32(0.0)]
2025-11-10 20:28:38.435416: Epoch time: 235.12 s
2025-11-10 20:28:38.435506: Yayy! New best EMA pseudo Dice: 0.32749998569488525
2025-11-10 20:28:40.359115: 
2025-11-10 20:28:40.359358: Epoch 9
2025-11-10 20:28:40.359483: Current learning rate: 0.00992
2025-11-10 20:32:39.077546: train_loss -0.3654
2025-11-10 20:32:39.077959: val_loss -0.4009
2025-11-10 20:32:39.078069: Pseudo dice [np.float32(0.8875), np.float32(0.699), np.float32(0.0)]
2025-11-10 20:32:39.078173: Epoch time: 238.72 s
2025-11-10 20:32:39.078253: Yayy! New best EMA pseudo Dice: 0.3476000130176544
2025-11-10 20:32:40.820981: 
2025-11-10 20:32:40.821353: Epoch 10
2025-11-10 20:32:40.821473: Current learning rate: 0.00991
2025-11-10 20:36:35.652338: train_loss -0.3736
2025-11-10 20:36:35.652757: val_loss -0.3951
2025-11-10 20:36:35.652871: Pseudo dice [np.float32(0.8844), np.float32(0.6918), np.float32(0.0)]
2025-11-10 20:36:35.652970: Epoch time: 234.83 s
2025-11-10 20:36:35.653048: Yayy! New best EMA pseudo Dice: 0.3653999865055084
2025-11-10 20:36:37.534934: 
2025-11-10 20:36:37.535198: Epoch 11
2025-11-10 20:36:37.535364: Current learning rate: 0.0099
2025-11-10 20:40:34.733262: train_loss -0.3764
2025-11-10 20:40:34.733678: val_loss -0.3954
2025-11-10 20:40:34.733861: Pseudo dice [np.float32(0.8897), np.float32(0.6875), np.float32(0.0)]
2025-11-10 20:40:34.748202: Epoch time: 237.2 s
2025-11-10 20:40:34.748298: Yayy! New best EMA pseudo Dice: 0.3815000057220459
2025-11-10 20:40:36.675896: 
2025-11-10 20:40:36.676141: Epoch 12
2025-11-10 20:40:36.676259: Current learning rate: 0.00989
2025-11-10 20:44:31.750026: train_loss -0.378
2025-11-10 20:44:31.750484: val_loss -0.4116
2025-11-10 20:44:31.750583: Pseudo dice [np.float32(0.8935), np.float32(0.707), np.float32(0.0)]
2025-11-10 20:44:31.750676: Epoch time: 235.08 s
2025-11-10 20:44:31.750750: Yayy! New best EMA pseudo Dice: 0.396699994802475
2025-11-10 20:44:33.718618: 
2025-11-10 20:44:33.718810: Epoch 13
2025-11-10 20:44:33.718984: Current learning rate: 0.00988
2025-11-10 20:48:32.825914: train_loss -0.3862
2025-11-10 20:48:32.826442: val_loss -0.3912
2025-11-10 20:48:32.826549: Pseudo dice [np.float32(0.8791), np.float32(0.6998), np.float32(0.0)]
2025-11-10 20:48:32.826648: Epoch time: 239.11 s
2025-11-10 20:48:32.826728: Yayy! New best EMA pseudo Dice: 0.40959998965263367
2025-11-10 20:48:34.516052: 
2025-11-10 20:48:34.516284: Epoch 14
2025-11-10 20:48:34.516452: Current learning rate: 0.00987
2025-11-10 20:52:37.274552: train_loss -0.3848
2025-11-10 20:52:37.275014: val_loss -0.4103
2025-11-10 20:52:37.275123: Pseudo dice [np.float32(0.8865), np.float32(0.6986), np.float32(0.0)]
2025-11-10 20:52:37.275223: Epoch time: 242.76 s
2025-11-10 20:52:37.275302: Yayy! New best EMA pseudo Dice: 0.42149999737739563
2025-11-10 20:52:39.184035: 
2025-11-10 20:52:39.184313: Epoch 15
2025-11-10 20:52:39.184451: Current learning rate: 0.00986
2025-11-10 20:56:37.031019: train_loss -0.3944
2025-11-10 20:56:37.031461: val_loss -0.4119
2025-11-10 20:56:37.031611: Pseudo dice [np.float32(0.8911), np.float32(0.7142), np.float32(0.0)]
2025-11-10 20:56:37.031759: Epoch time: 237.85 s
2025-11-10 20:56:37.031849: Yayy! New best EMA pseudo Dice: 0.43290001153945923
2025-11-10 20:56:38.823742: 
2025-11-10 20:56:38.823963: Epoch 16
2025-11-10 20:56:38.824080: Current learning rate: 0.00986
2025-11-10 21:00:33.971882: train_loss -0.4052
2025-11-10 21:00:33.972378: val_loss -0.4178
2025-11-10 21:00:33.972498: Pseudo dice [np.float32(0.8921), np.float32(0.7262), np.float32(0.0)]
2025-11-10 21:00:33.972604: Epoch time: 235.15 s
2025-11-10 21:00:33.972685: Yayy! New best EMA pseudo Dice: 0.44350001215934753
2025-11-10 21:00:35.715375: 
2025-11-10 21:00:35.715618: Epoch 17
2025-11-10 21:00:35.715756: Current learning rate: 0.00985
2025-11-10 21:04:29.292604: train_loss -0.399
2025-11-10 21:04:29.293134: val_loss -0.4152
2025-11-10 21:04:29.293244: Pseudo dice [np.float32(0.9), np.float32(0.7249), np.float32(0.0)]
2025-11-10 21:04:29.293342: Epoch time: 233.58 s
2025-11-10 21:04:29.293446: Yayy! New best EMA pseudo Dice: 0.45329999923706055
2025-11-10 21:04:31.839734: 
2025-11-10 21:04:31.839976: Epoch 18
2025-11-10 21:04:31.840113: Current learning rate: 0.00984
2025-11-10 21:08:29.565059: train_loss -0.4046
2025-11-10 21:08:29.565656: val_loss -0.4238
2025-11-10 21:08:29.565771: Pseudo dice [np.float32(0.9052), np.float32(0.7079), np.float32(0.0)]
2025-11-10 21:08:29.565870: Epoch time: 237.73 s
2025-11-10 21:08:29.565950: Yayy! New best EMA pseudo Dice: 0.4618000090122223
2025-11-10 21:08:31.522658: 
2025-11-10 21:08:31.522929: Epoch 19
2025-11-10 21:08:31.523055: Current learning rate: 0.00983
2025-11-10 21:12:27.072846: train_loss -0.4069
2025-11-10 21:12:27.073279: val_loss -0.4299
2025-11-10 21:12:27.073388: Pseudo dice [np.float32(0.904), np.float32(0.73), np.float32(0.0)]
2025-11-10 21:12:27.073516: Epoch time: 235.55 s
2025-11-10 21:12:27.073597: Yayy! New best EMA pseudo Dice: 0.4699999988079071
2025-11-10 21:12:28.804520: 
2025-11-10 21:12:28.804751: Epoch 20
2025-11-10 21:12:28.804873: Current learning rate: 0.00982
2025-11-10 21:16:30.314286: train_loss -0.4088
2025-11-10 21:16:30.314780: val_loss -0.4283
2025-11-10 21:16:30.314892: Pseudo dice [np.float32(0.8905), np.float32(0.7382), np.float32(0.0)]
2025-11-10 21:16:30.314990: Epoch time: 241.51 s
2025-11-10 21:16:30.327370: Yayy! New best EMA pseudo Dice: 0.4772999882698059
2025-11-10 21:16:32.061029: 
2025-11-10 21:16:32.061297: Epoch 21
2025-11-10 21:16:32.061407: Current learning rate: 0.00981
2025-11-10 21:20:32.057301: train_loss -0.4175
2025-11-10 21:20:32.057801: val_loss -0.43
2025-11-10 21:20:32.057912: Pseudo dice [np.float32(0.9002), np.float32(0.7335), np.float32(0.0)]
2025-11-10 21:20:32.058012: Epoch time: 240.0 s
2025-11-10 21:20:32.058094: Yayy! New best EMA pseudo Dice: 0.48410001397132874
2025-11-10 21:20:33.890917: 
2025-11-10 21:20:33.891169: Epoch 22
2025-11-10 21:20:33.891279: Current learning rate: 0.0098
2025-11-10 21:24:27.995062: train_loss -0.4238
2025-11-10 21:24:27.995564: val_loss -0.4297
2025-11-10 21:24:27.995672: Pseudo dice [np.float32(0.8992), np.float32(0.7317), np.float32(0.0)]
2025-11-10 21:24:27.995774: Epoch time: 234.11 s
2025-11-10 21:24:27.995854: Yayy! New best EMA pseudo Dice: 0.49000000953674316
2025-11-10 21:24:29.706538: 
2025-11-10 21:24:29.706868: Epoch 23
2025-11-10 21:24:29.706984: Current learning rate: 0.00979
2025-11-10 21:28:22.149817: train_loss -0.411
2025-11-10 21:28:22.150255: val_loss -0.4316
2025-11-10 21:28:22.150365: Pseudo dice [np.float32(0.8984), np.float32(0.7369), np.float32(0.0)]
2025-11-10 21:28:22.150475: Epoch time: 232.45 s
2025-11-10 21:28:22.150556: Yayy! New best EMA pseudo Dice: 0.49549999833106995
2025-11-10 21:28:23.857132: 
2025-11-10 21:28:23.857347: Epoch 24
2025-11-10 21:28:23.857490: Current learning rate: 0.00978
2025-11-10 21:32:17.621130: train_loss -0.4256
2025-11-10 21:32:17.621616: val_loss -0.4344
2025-11-10 21:32:17.621727: Pseudo dice [np.float32(0.9034), np.float32(0.7518), np.float32(0.0)]
2025-11-10 21:32:17.621827: Epoch time: 233.77 s
2025-11-10 21:32:17.621906: Yayy! New best EMA pseudo Dice: 0.5011000037193298
2025-11-10 21:32:19.306547: 
2025-11-10 21:32:19.306787: Epoch 25
2025-11-10 21:32:19.306961: Current learning rate: 0.00977
2025-11-10 21:36:17.999640: train_loss -0.4156
2025-11-10 21:36:17.999891: val_loss -0.42
2025-11-10 21:36:17.999992: Pseudo dice [np.float32(0.9009), np.float32(0.7357), np.float32(0.0)]
2025-11-10 21:36:18.000091: Epoch time: 238.7 s
2025-11-10 21:36:18.000171: Yayy! New best EMA pseudo Dice: 0.5055999755859375
2025-11-10 21:36:20.235445: 
2025-11-10 21:36:20.235616: Epoch 26
2025-11-10 21:36:20.235731: Current learning rate: 0.00977
2025-11-10 21:40:18.756353: train_loss -0.4252
2025-11-10 21:40:18.756623: val_loss -0.4483
2025-11-10 21:40:18.756729: Pseudo dice [np.float32(0.9031), np.float32(0.7488), np.float32(0.0)]
2025-11-10 21:40:18.756832: Epoch time: 238.52 s
2025-11-10 21:40:18.756913: Yayy! New best EMA pseudo Dice: 0.5101000070571899
2025-11-10 21:40:20.517078: 
2025-11-10 21:40:20.517330: Epoch 27
2025-11-10 21:40:20.517437: Current learning rate: 0.00976
2025-11-10 21:44:15.556746: train_loss -0.4297
2025-11-10 21:44:15.556982: val_loss -0.435
2025-11-10 21:44:15.557084: Pseudo dice [np.float32(0.9058), np.float32(0.735), np.float32(0.0)]
2025-11-10 21:44:15.557184: Epoch time: 235.04 s
2025-11-10 21:44:15.557263: Yayy! New best EMA pseudo Dice: 0.5138000249862671
2025-11-10 21:44:17.257095: 
2025-11-10 21:44:17.257359: Epoch 28
2025-11-10 21:44:17.257515: Current learning rate: 0.00975
2025-11-10 21:48:18.292156: train_loss -0.4227
2025-11-10 21:48:18.292421: val_loss -0.439
2025-11-10 21:48:18.292533: Pseudo dice [np.float32(0.9071), np.float32(0.7305), np.float32(0.0)]
2025-11-10 21:48:18.292632: Epoch time: 241.04 s
2025-11-10 21:48:18.292711: Yayy! New best EMA pseudo Dice: 0.5170000195503235
2025-11-10 21:48:20.333945: 
2025-11-10 21:48:20.334204: Epoch 29
2025-11-10 21:48:20.334329: Current learning rate: 0.00974
2025-11-10 21:52:16.927426: train_loss -0.4338
2025-11-10 21:52:16.927664: val_loss -0.4468
2025-11-10 21:52:16.927770: Pseudo dice [np.float32(0.9094), np.float32(0.7331), np.float32(0.0)]
2025-11-10 21:52:16.927871: Epoch time: 236.6 s
2025-11-10 21:52:16.927951: Yayy! New best EMA pseudo Dice: 0.5199999809265137
2025-11-10 21:52:18.652047: 
2025-11-10 21:52:18.652267: Epoch 30
2025-11-10 21:52:18.652389: Current learning rate: 0.00973
2025-11-10 21:56:14.405612: train_loss -0.4387
2025-11-10 21:56:14.405918: val_loss -0.4479
2025-11-10 21:56:14.406030: Pseudo dice [np.float32(0.9116), np.float32(0.7505), np.float32(0.0)]
2025-11-10 21:56:14.406133: Epoch time: 235.76 s
2025-11-10 21:56:14.406215: Yayy! New best EMA pseudo Dice: 0.5234000086784363
2025-11-10 21:56:16.111801: 
2025-11-10 21:56:16.112032: Epoch 31
2025-11-10 21:56:16.112147: Current learning rate: 0.00972
2025-11-10 22:00:15.649159: train_loss -0.4466
2025-11-10 22:00:15.649417: val_loss -0.4468
2025-11-10 22:00:15.649523: Pseudo dice [np.float32(0.9046), np.float32(0.7415), np.float32(0.0)]
2025-11-10 22:00:15.649715: Epoch time: 239.54 s
2025-11-10 22:00:15.649854: Yayy! New best EMA pseudo Dice: 0.5260000228881836
2025-11-10 22:00:17.399173: 
2025-11-10 22:00:17.399394: Epoch 32
2025-11-10 22:00:17.399522: Current learning rate: 0.00971
2025-11-10 22:04:10.423373: train_loss -0.4329
2025-11-10 22:04:10.423660: val_loss -0.4292
2025-11-10 22:04:10.423769: Pseudo dice [np.float32(0.9019), np.float32(0.7158), np.float32(0.0)]
2025-11-10 22:04:10.423869: Epoch time: 233.03 s
2025-11-10 22:04:10.423948: Yayy! New best EMA pseudo Dice: 0.5273000001907349
2025-11-10 22:04:12.709611: 
2025-11-10 22:04:12.709853: Epoch 33
2025-11-10 22:04:12.709998: Current learning rate: 0.0097
2025-11-10 22:08:07.663223: train_loss -0.4253
2025-11-10 22:08:07.663472: val_loss -0.4378
2025-11-10 22:08:07.663577: Pseudo dice [np.float32(0.8928), np.float32(0.7385), np.float32(0.0)]
2025-11-10 22:08:07.663676: Epoch time: 234.96 s
2025-11-10 22:08:07.663754: Yayy! New best EMA pseudo Dice: 0.5289000272750854
2025-11-10 22:08:09.498660: 
2025-11-10 22:08:09.498920: Epoch 34
2025-11-10 22:08:09.499079: Current learning rate: 0.00969
2025-11-10 22:12:05.183918: train_loss -0.4257
2025-11-10 22:12:05.184160: val_loss -0.446
2025-11-10 22:12:05.184266: Pseudo dice [np.float32(0.9102), np.float32(0.7436), np.float32(0.0)]
2025-11-10 22:12:05.184366: Epoch time: 235.69 s
2025-11-10 22:12:05.184457: Yayy! New best EMA pseudo Dice: 0.5311999917030334
2025-11-10 22:12:06.957134: 
2025-11-10 22:12:06.957373: Epoch 35
2025-11-10 22:12:06.957492: Current learning rate: 0.00968
2025-11-10 22:16:01.899040: train_loss -0.441
2025-11-10 22:16:01.899338: val_loss -0.4192
2025-11-10 22:16:01.899457: Pseudo dice [np.float32(0.9028), np.float32(0.749), np.float32(0.0)]
2025-11-10 22:16:01.899560: Epoch time: 234.94 s
2025-11-10 22:16:01.899639: Yayy! New best EMA pseudo Dice: 0.5331000089645386
2025-11-10 22:16:03.604132: 
2025-11-10 22:16:03.604426: Epoch 36
2025-11-10 22:16:03.604548: Current learning rate: 0.00968
2025-11-10 22:19:59.661049: train_loss -0.4355
2025-11-10 22:19:59.661297: val_loss -0.4492
2025-11-10 22:19:59.661408: Pseudo dice [np.float32(0.9068), np.float32(0.7481), np.float32(0.0)]
2025-11-10 22:19:59.661508: Epoch time: 236.06 s
2025-11-10 22:19:59.661587: Yayy! New best EMA pseudo Dice: 0.5350000262260437
2025-11-10 22:20:01.352181: 
2025-11-10 22:20:01.352429: Epoch 37
2025-11-10 22:20:01.352544: Current learning rate: 0.00967
2025-11-10 22:23:59.980087: train_loss -0.4426
2025-11-10 22:23:59.980331: val_loss -0.4347
2025-11-10 22:23:59.980444: Pseudo dice [np.float32(0.8993), np.float32(0.7508), np.float32(0.0)]
2025-11-10 22:23:59.980548: Epoch time: 238.63 s
2025-11-10 22:23:59.980628: Yayy! New best EMA pseudo Dice: 0.5364999771118164
2025-11-10 22:24:01.733929: 
2025-11-10 22:24:01.734186: Epoch 38
2025-11-10 22:24:01.734292: Current learning rate: 0.00966
2025-11-10 22:27:57.857714: train_loss -0.4372
2025-11-10 22:27:57.857965: val_loss -0.4626
2025-11-10 22:27:57.858071: Pseudo dice [np.float32(0.9123), np.float32(0.7578), np.float32(0.0)]
2025-11-10 22:27:57.858174: Epoch time: 236.13 s
2025-11-10 22:27:57.858255: Yayy! New best EMA pseudo Dice: 0.5385000109672546
2025-11-10 22:27:59.675992: 
2025-11-10 22:27:59.676337: Epoch 39
2025-11-10 22:27:59.676603: Current learning rate: 0.00965
2025-11-10 22:31:55.095160: train_loss -0.4424
2025-11-10 22:31:55.095413: val_loss -0.4566
2025-11-10 22:31:55.095523: Pseudo dice [np.float32(0.9149), np.float32(0.7491), np.float32(0.0)]
2025-11-10 22:31:55.095624: Epoch time: 235.42 s
2025-11-10 22:31:55.095703: Yayy! New best EMA pseudo Dice: 0.5400999784469604
2025-11-10 22:31:56.840777: 
2025-11-10 22:31:56.841084: Epoch 40
2025-11-10 22:31:56.841333: Current learning rate: 0.00964
2025-11-10 22:35:53.673815: train_loss -0.4415
2025-11-10 22:35:53.674053: val_loss -0.4548
2025-11-10 22:35:53.674157: Pseudo dice [np.float32(0.9087), np.float32(0.7459), np.float32(0.0)]
2025-11-10 22:35:53.674255: Epoch time: 236.84 s
2025-11-10 22:35:53.674334: Yayy! New best EMA pseudo Dice: 0.5411999821662903
2025-11-10 22:35:55.453591: 
2025-11-10 22:35:55.453882: Epoch 41
2025-11-10 22:35:55.454023: Current learning rate: 0.00963
2025-11-10 22:39:55.780302: train_loss -0.4422
2025-11-10 22:39:55.780562: val_loss -0.4449
2025-11-10 22:39:55.780669: Pseudo dice [np.float32(0.9084), np.float32(0.7622), np.float32(0.0)]
2025-11-10 22:39:55.780770: Epoch time: 240.33 s
2025-11-10 22:39:55.780849: Yayy! New best EMA pseudo Dice: 0.5428000092506409
2025-11-10 22:39:58.586733: 
2025-11-10 22:39:58.586998: Epoch 42
2025-11-10 22:39:58.587119: Current learning rate: 0.00962
2025-11-10 22:43:57.655706: train_loss -0.4458
2025-11-10 22:43:57.655947: val_loss -0.45
2025-11-10 22:43:57.656051: Pseudo dice [np.float32(0.9072), np.float32(0.7433), np.float32(0.0)]
2025-11-10 22:43:57.656150: Epoch time: 239.07 s
2025-11-10 22:43:57.656230: Yayy! New best EMA pseudo Dice: 0.5435000061988831
2025-11-10 22:43:59.348746: 
2025-11-10 22:43:59.349003: Epoch 43
2025-11-10 22:43:59.349154: Current learning rate: 0.00961
2025-11-10 22:47:56.342307: train_loss -0.4525
2025-11-10 22:47:56.342549: val_loss -0.4708
2025-11-10 22:47:56.342655: Pseudo dice [np.float32(0.9115), np.float32(0.7682), np.float32(0.0)]
2025-11-10 22:47:56.342756: Epoch time: 237.0 s
2025-11-10 22:47:56.342835: Yayy! New best EMA pseudo Dice: 0.545199990272522
2025-11-10 22:47:57.984910: 
2025-11-10 22:47:57.985290: Epoch 44
2025-11-10 22:47:57.985548: Current learning rate: 0.0096
2025-11-10 22:51:50.768264: train_loss -0.4513
2025-11-10 22:51:50.768506: val_loss -0.4582
2025-11-10 22:51:50.768608: Pseudo dice [np.float32(0.9133), np.float32(0.767), np.float32(0.0)]
2025-11-10 22:51:50.768706: Epoch time: 232.79 s
2025-11-10 22:51:50.768784: Yayy! New best EMA pseudo Dice: 0.5467000007629395
2025-11-10 22:51:52.506712: 
2025-11-10 22:51:52.506909: Epoch 45
2025-11-10 22:51:52.507030: Current learning rate: 0.00959
2025-11-10 22:55:49.065114: train_loss -0.4528
2025-11-10 22:55:49.065403: val_loss -0.4597
2025-11-10 22:55:49.065550: Pseudo dice [np.float32(0.9154), np.float32(0.7625), np.float32(0.0)]
2025-11-10 22:55:49.065654: Epoch time: 236.56 s
2025-11-10 22:55:49.065733: Yayy! New best EMA pseudo Dice: 0.5479000210762024
2025-11-10 22:55:50.760638: 
2025-11-10 22:55:50.760873: Epoch 46
2025-11-10 22:55:50.761008: Current learning rate: 0.00959
2025-11-10 22:59:46.128712: train_loss -0.4567
2025-11-10 22:59:46.128947: val_loss -0.4692
2025-11-10 22:59:46.129049: Pseudo dice [np.float32(0.9106), np.float32(0.7679), np.float32(0.0)]
2025-11-10 22:59:46.129149: Epoch time: 235.37 s
2025-11-10 22:59:46.129228: Yayy! New best EMA pseudo Dice: 0.5490999817848206
2025-11-10 22:59:47.872467: 
2025-11-10 22:59:47.872705: Epoch 47
2025-11-10 22:59:47.872861: Current learning rate: 0.00958
2025-11-10 23:04:00.047037: train_loss -0.4525
2025-11-10 23:04:00.047280: val_loss -0.4561
2025-11-10 23:04:00.047385: Pseudo dice [np.float32(0.9178), np.float32(0.7625), np.float32(0.0)]
2025-11-10 23:04:00.047493: Epoch time: 252.18 s
2025-11-10 23:04:00.047575: Yayy! New best EMA pseudo Dice: 0.5501999855041504
2025-11-10 23:04:01.789224: 
2025-11-10 23:04:01.789488: Epoch 48
2025-11-10 23:04:01.789602: Current learning rate: 0.00957
2025-11-10 23:08:10.585178: train_loss -0.4487
2025-11-10 23:08:10.585439: val_loss -0.4548
2025-11-10 23:08:10.585544: Pseudo dice [np.float32(0.9141), np.float32(0.7697), np.float32(0.0)]
2025-11-10 23:08:10.585646: Epoch time: 248.8 s
2025-11-10 23:08:10.585725: Yayy! New best EMA pseudo Dice: 0.5512999892234802
2025-11-10 23:08:14.105842: 
2025-11-10 23:08:14.106063: Epoch 49
2025-11-10 23:08:14.106186: Current learning rate: 0.00956
2025-11-10 23:12:14.089484: train_loss -0.4529
2025-11-10 23:12:14.090000: val_loss -0.464
2025-11-10 23:12:14.090110: Pseudo dice [np.float32(0.9113), np.float32(0.7702), np.float32(0.0)]
2025-11-10 23:12:14.090209: Epoch time: 239.99 s
2025-11-10 23:12:14.913030: Yayy! New best EMA pseudo Dice: 0.5522000193595886
2025-11-10 23:12:16.762057: 
2025-11-10 23:12:16.762329: Epoch 50
2025-11-10 23:12:16.762533: Current learning rate: 0.00955
2025-11-10 23:16:13.300635: train_loss -0.4496
2025-11-10 23:16:13.300950: val_loss -0.4499
2025-11-10 23:16:13.301063: Pseudo dice [np.float32(0.9115), np.float32(0.7598), np.float32(0.0)]
2025-11-10 23:16:13.301164: Epoch time: 236.54 s
2025-11-10 23:16:13.301245: Yayy! New best EMA pseudo Dice: 0.5526999831199646
2025-11-10 23:16:15.008605: 
2025-11-10 23:16:15.008838: Epoch 51
2025-11-10 23:16:15.008988: Current learning rate: 0.00954
2025-11-10 23:20:11.759695: train_loss -0.4523
2025-11-10 23:20:11.759927: val_loss -0.4545
2025-11-10 23:20:11.760031: Pseudo dice [np.float32(0.9141), np.float32(0.7618), np.float32(0.0)]
2025-11-10 23:20:11.760129: Epoch time: 236.75 s
2025-11-10 23:20:11.760210: Yayy! New best EMA pseudo Dice: 0.5533000230789185
2025-11-10 23:20:13.570194: 
2025-11-10 23:20:13.570424: Epoch 52
2025-11-10 23:20:13.570581: Current learning rate: 0.00953
2025-11-10 23:24:12.538106: train_loss -0.4466
2025-11-10 23:24:12.538348: val_loss -0.4354
2025-11-10 23:24:12.538463: Pseudo dice [np.float32(0.8974), np.float32(0.7569), np.float32(0.0)]
2025-11-10 23:24:12.538565: Epoch time: 238.97 s
2025-11-10 23:24:13.617044: 
2025-11-10 23:24:13.617308: Epoch 53
2025-11-10 23:24:13.617455: Current learning rate: 0.00952
2025-11-10 23:28:08.949163: train_loss -0.4516
2025-11-10 23:28:08.949414: val_loss -0.4491
2025-11-10 23:28:08.949530: Pseudo dice [np.float32(0.9143), np.float32(0.7754), np.float32(0.0)]
2025-11-10 23:28:08.949633: Epoch time: 235.33 s
2025-11-10 23:28:08.949712: Yayy! New best EMA pseudo Dice: 0.554099977016449
2025-11-10 23:28:10.709338: 
2025-11-10 23:28:10.709584: Epoch 54
2025-11-10 23:28:10.709707: Current learning rate: 0.00951
2025-11-10 23:32:08.833206: train_loss -0.4542
2025-11-10 23:32:08.833444: val_loss -0.4503
2025-11-10 23:32:08.833552: Pseudo dice [np.float32(0.9177), np.float32(0.7721), np.float32(0.0)]
2025-11-10 23:32:08.833653: Epoch time: 238.13 s
2025-11-10 23:32:08.833736: Yayy! New best EMA pseudo Dice: 0.5550000071525574
2025-11-10 23:32:10.554639: 
2025-11-10 23:32:10.554895: Epoch 55
2025-11-10 23:32:10.555002: Current learning rate: 0.0095
2025-11-10 23:36:09.323483: train_loss -0.4455
2025-11-10 23:36:09.323725: val_loss -0.4563
2025-11-10 23:36:09.323829: Pseudo dice [np.float32(0.9147), np.float32(0.7618), np.float32(0.0)]
2025-11-10 23:36:09.323927: Epoch time: 238.77 s
2025-11-10 23:36:09.324007: Yayy! New best EMA pseudo Dice: 0.555400013923645
2025-11-10 23:36:11.049817: 
2025-11-10 23:36:11.050080: Epoch 56
2025-11-10 23:36:11.050185: Current learning rate: 0.00949
2025-11-10 23:40:10.410646: train_loss -0.4475
2025-11-10 23:40:10.410895: val_loss -0.4777
2025-11-10 23:40:10.410997: Pseudo dice [np.float32(0.9129), np.float32(0.7815), np.float32(0.0)]
2025-11-10 23:40:10.411095: Epoch time: 239.36 s
2025-11-10 23:40:10.411174: Yayy! New best EMA pseudo Dice: 0.5564000010490417
2025-11-10 23:40:12.229501: 
2025-11-10 23:40:12.229766: Epoch 57
2025-11-10 23:40:12.229896: Current learning rate: 0.00949
2025-11-10 23:44:18.630729: train_loss -0.4598
2025-11-10 23:44:18.630977: val_loss -0.4729
2025-11-10 23:44:18.631080: Pseudo dice [np.float32(0.9213), np.float32(0.775), np.float32(0.0)]
2025-11-10 23:44:18.631180: Epoch time: 246.4 s
2025-11-10 23:44:18.631259: Yayy! New best EMA pseudo Dice: 0.5572999715805054
2025-11-10 23:44:23.484159: 
2025-11-10 23:44:23.484404: Epoch 58
2025-11-10 23:44:23.484520: Current learning rate: 0.00948
2025-11-10 23:48:31.314818: train_loss -0.4519
2025-11-10 23:48:31.315073: val_loss -0.461
2025-11-10 23:48:31.315178: Pseudo dice [np.float32(0.9099), np.float32(0.7646), np.float32(0.0)]
2025-11-10 23:48:31.315278: Epoch time: 247.83 s
2025-11-10 23:48:31.315357: Yayy! New best EMA pseudo Dice: 0.5573999881744385
2025-11-10 23:48:34.156520: 
2025-11-10 23:48:34.157945: Epoch 59
2025-11-10 23:48:34.158075: Current learning rate: 0.00947
2025-11-10 23:52:33.936557: train_loss -0.4585
2025-11-10 23:52:33.936796: val_loss -0.4667
2025-11-10 23:52:33.936904: Pseudo dice [np.float32(0.9176), np.float32(0.7686), np.float32(0.0)]
2025-11-10 23:52:33.937005: Epoch time: 239.78 s
2025-11-10 23:52:33.937085: Yayy! New best EMA pseudo Dice: 0.5577999949455261
2025-11-10 23:52:35.708249: 
2025-11-10 23:52:35.708473: Epoch 60
2025-11-10 23:52:35.708615: Current learning rate: 0.00946
2025-11-10 23:56:43.245585: train_loss -0.4607
2025-11-10 23:56:43.245838: val_loss -0.4549
2025-11-10 23:56:43.245943: Pseudo dice [np.float32(0.9183), np.float32(0.7531), np.float32(0.0)]
2025-11-10 23:56:43.246044: Epoch time: 247.54 s
2025-11-10 23:56:45.243706: 
2025-11-10 23:56:45.243954: Epoch 61
2025-11-10 23:56:45.244074: Current learning rate: 0.00945
2025-11-11 00:00:42.401019: train_loss -0.45
2025-11-11 00:00:42.401246: val_loss -0.4586
2025-11-11 00:00:42.401353: Pseudo dice [np.float32(0.9096), np.float32(0.7612), np.float32(0.0)]
2025-11-11 00:00:42.401464: Epoch time: 237.16 s
2025-11-11 00:00:43.690583: 
2025-11-11 00:00:43.690823: Epoch 62
2025-11-11 00:00:43.690975: Current learning rate: 0.00944
2025-11-11 00:04:44.937805: train_loss -0.45
2025-11-11 00:04:44.938046: val_loss -0.4607
2025-11-11 00:04:44.938153: Pseudo dice [np.float32(0.904), np.float32(0.7722), np.float32(0.0)]
2025-11-11 00:04:44.938253: Epoch time: 241.25 s
2025-11-11 00:04:46.063065: 
2025-11-11 00:04:46.063262: Epoch 63
2025-11-11 00:04:46.063388: Current learning rate: 0.00943
2025-11-11 00:08:46.606331: train_loss -0.4607
2025-11-11 00:08:46.606646: val_loss -0.461
2025-11-11 00:08:46.606756: Pseudo dice [np.float32(0.9174), np.float32(0.7801), np.float32(0.0)]
2025-11-11 00:08:46.606856: Epoch time: 240.55 s
2025-11-11 00:08:46.606936: Yayy! New best EMA pseudo Dice: 0.5586000084877014
2025-11-11 00:08:48.365073: 
2025-11-11 00:08:48.365254: Epoch 64
2025-11-11 00:08:48.365375: Current learning rate: 0.00942
2025-11-11 00:13:09.034120: train_loss -0.4514
2025-11-11 00:13:09.034364: val_loss -0.4504
2025-11-11 00:13:09.034474: Pseudo dice [np.float32(0.9081), np.float32(0.7605), np.float32(0.0)]
2025-11-11 00:13:09.034575: Epoch time: 260.67 s
2025-11-11 00:13:10.619864: 
2025-11-11 00:13:10.620126: Epoch 65
2025-11-11 00:13:10.620248: Current learning rate: 0.00941
2025-11-11 00:17:11.213662: train_loss -0.4508
2025-11-11 00:17:11.213898: val_loss -0.4589
2025-11-11 00:17:11.214001: Pseudo dice [np.float32(0.9119), np.float32(0.7607), np.float32(0.0)]
2025-11-11 00:17:11.214098: Epoch time: 240.6 s
2025-11-11 00:17:12.313091: 
2025-11-11 00:17:12.313383: Epoch 66
2025-11-11 00:17:12.313536: Current learning rate: 0.0094
2025-11-11 00:21:10.414516: train_loss -0.4558
2025-11-11 00:21:10.414739: val_loss -0.4684
2025-11-11 00:21:10.414844: Pseudo dice [np.float32(0.9149), np.float32(0.7647), np.float32(0.0)]
2025-11-11 00:21:10.414944: Epoch time: 238.1 s
2025-11-11 00:21:11.539777: 
2025-11-11 00:21:11.540016: Epoch 67
2025-11-11 00:21:11.540135: Current learning rate: 0.00939
2025-11-11 00:25:12.562913: train_loss -0.463
2025-11-11 00:25:12.563142: val_loss -0.4762
2025-11-11 00:25:12.567357: Pseudo dice [np.float32(0.9178), np.float32(0.7737), np.float32(0.0)]
2025-11-11 00:25:12.567533: Epoch time: 241.03 s
2025-11-11 00:25:12.567619: Yayy! New best EMA pseudo Dice: 0.5590000152587891
2025-11-11 00:25:14.711718: 
2025-11-11 00:25:14.711925: Epoch 68
2025-11-11 00:25:14.712050: Current learning rate: 0.00939
2025-11-11 00:29:24.004511: train_loss -0.4606
2025-11-11 00:29:24.004728: val_loss -0.4656
2025-11-11 00:29:24.004835: Pseudo dice [np.float32(0.9217), np.float32(0.7697), np.float32(0.0)]
2025-11-11 00:29:24.004940: Epoch time: 249.3 s
2025-11-11 00:29:24.005019: Yayy! New best EMA pseudo Dice: 0.5594000220298767
2025-11-11 00:29:25.872301: 
2025-11-11 00:29:25.872568: Epoch 69
2025-11-11 00:29:25.872688: Current learning rate: 0.00938
2025-11-11 00:33:24.066692: train_loss -0.457
2025-11-11 00:33:24.066949: val_loss -0.4617
2025-11-11 00:33:24.067079: Pseudo dice [np.float32(0.9132), np.float32(0.7563), np.float32(0.0)]
2025-11-11 00:33:24.067179: Epoch time: 238.2 s
2025-11-11 00:33:25.197078: 
2025-11-11 00:33:25.197330: Epoch 70
2025-11-11 00:33:25.197549: Current learning rate: 0.00937
2025-11-11 00:37:25.918341: train_loss -0.4544
2025-11-11 00:37:25.918576: val_loss -0.4569
2025-11-11 00:37:25.918720: Pseudo dice [np.float32(0.9148), np.float32(0.7597), np.float32(0.0)]
2025-11-11 00:37:25.918890: Epoch time: 240.72 s
2025-11-11 00:37:27.125144: 
2025-11-11 00:37:27.125446: Epoch 71
2025-11-11 00:37:27.125571: Current learning rate: 0.00936
2025-11-11 00:41:24.269578: train_loss -0.4576
2025-11-11 00:41:24.269802: val_loss -0.4724
2025-11-11 00:41:24.269910: Pseudo dice [np.float32(0.9138), np.float32(0.7712), np.float32(0.0)]
2025-11-11 00:41:24.270014: Epoch time: 237.15 s
2025-11-11 00:41:25.381884: 
2025-11-11 00:41:25.382121: Epoch 72
2025-11-11 00:41:25.382251: Current learning rate: 0.00935
2025-11-11 00:45:33.488826: train_loss -0.4615
2025-11-11 00:45:33.489077: val_loss -0.4782
2025-11-11 00:45:33.489194: Pseudo dice [np.float32(0.9145), np.float32(0.7812), np.float32(0.0)]
2025-11-11 00:45:33.489298: Epoch time: 248.11 s
2025-11-11 00:45:33.489381: Yayy! New best EMA pseudo Dice: 0.5598999857902527
2025-11-11 00:45:36.005460: 
2025-11-11 00:45:36.005754: Epoch 73
2025-11-11 00:45:36.006012: Current learning rate: 0.00934
2025-11-11 00:49:44.867414: train_loss -0.4641
2025-11-11 00:49:44.867638: val_loss -0.4699
2025-11-11 00:49:44.867741: Pseudo dice [np.float32(0.916), np.float32(0.7818), np.float32(0.0)]
2025-11-11 00:49:44.867843: Epoch time: 248.86 s
2025-11-11 00:49:44.867923: Yayy! New best EMA pseudo Dice: 0.5605000257492065
2025-11-11 00:49:47.918145: 
2025-11-11 00:49:47.918412: Epoch 74
2025-11-11 00:49:47.918536: Current learning rate: 0.00933
2025-11-11 00:53:48.601310: train_loss -0.4661
2025-11-11 00:53:48.601557: val_loss -0.4771
2025-11-11 00:53:48.601666: Pseudo dice [np.float32(0.9206), np.float32(0.7748), np.float32(0.0)]
2025-11-11 00:53:48.601772: Epoch time: 240.69 s
2025-11-11 00:53:48.601943: Yayy! New best EMA pseudo Dice: 0.5609999895095825
2025-11-11 00:53:51.377112: 
2025-11-11 00:53:51.377410: Epoch 75
2025-11-11 00:53:51.377548: Current learning rate: 0.00932
2025-11-11 00:57:51.850340: train_loss -0.4569
2025-11-11 00:57:51.850579: val_loss -0.4657
2025-11-11 00:57:51.850685: Pseudo dice [np.float32(0.9138), np.float32(0.771), np.float32(0.0)]
2025-11-11 00:57:51.850785: Epoch time: 240.48 s
2025-11-11 00:57:51.850863: Yayy! New best EMA pseudo Dice: 0.5609999895095825
2025-11-11 00:57:53.707229: 
2025-11-11 00:57:53.707439: Epoch 76
2025-11-11 00:57:53.707563: Current learning rate: 0.00931
2025-11-11 01:01:55.355028: train_loss -0.4572
2025-11-11 01:01:55.355263: val_loss -0.4458
2025-11-11 01:01:55.355367: Pseudo dice [np.float32(0.9108), np.float32(0.7464), np.float32(0.0)]
2025-11-11 01:01:55.355479: Epoch time: 241.65 s
2025-11-11 01:01:56.707203: 
2025-11-11 01:01:56.707443: Epoch 77
2025-11-11 01:01:56.707565: Current learning rate: 0.0093
2025-11-11 01:05:55.951004: train_loss -0.4503
2025-11-11 01:05:55.951236: val_loss -0.4714
2025-11-11 01:05:55.951384: Pseudo dice [np.float32(0.9152), np.float32(0.7677), np.float32(0.0)]
2025-11-11 01:05:55.951554: Epoch time: 239.25 s
2025-11-11 01:05:57.102857: 
2025-11-11 01:05:57.103119: Epoch 78
2025-11-11 01:05:57.103266: Current learning rate: 0.0093
2025-11-11 01:09:52.099899: train_loss -0.4663
2025-11-11 01:09:52.100130: val_loss -0.4729
2025-11-11 01:09:52.100235: Pseudo dice [np.float32(0.9257), np.float32(0.7727), np.float32(0.0)]
2025-11-11 01:09:52.100333: Epoch time: 235.0 s
2025-11-11 01:09:53.226806: 
2025-11-11 01:09:53.227068: Epoch 79
2025-11-11 01:09:53.227210: Current learning rate: 0.00929
2025-11-11 01:13:52.762824: train_loss -0.464
2025-11-11 01:13:52.763079: val_loss -0.4768
2025-11-11 01:13:52.763182: Pseudo dice [np.float32(0.925), np.float32(0.7799), np.float32(0.0)]
2025-11-11 01:13:52.763281: Epoch time: 239.54 s
2025-11-11 01:13:52.763360: Yayy! New best EMA pseudo Dice: 0.5616000294685364
2025-11-11 01:13:54.584454: 
2025-11-11 01:13:54.584704: Epoch 80
2025-11-11 01:13:54.584827: Current learning rate: 0.00928
2025-11-11 01:17:52.551327: train_loss -0.4702
2025-11-11 01:17:52.551576: val_loss -0.4809
2025-11-11 01:17:52.551703: Pseudo dice [np.float32(0.9193), np.float32(0.783), np.float32(0.0)]
2025-11-11 01:17:52.551814: Epoch time: 237.97 s
2025-11-11 01:17:52.551896: Yayy! New best EMA pseudo Dice: 0.5622000098228455
2025-11-11 01:17:54.584869: 
2025-11-11 01:17:54.585160: Epoch 81
2025-11-11 01:17:54.585338: Current learning rate: 0.00927
2025-11-11 01:21:55.196716: train_loss -0.4624
2025-11-11 01:21:55.196943: val_loss -0.4623
2025-11-11 01:21:55.197046: Pseudo dice [np.float32(0.9208), np.float32(0.7893), np.float32(0.0)]
2025-11-11 01:21:55.197144: Epoch time: 240.61 s
2025-11-11 01:21:55.197222: Yayy! New best EMA pseudo Dice: 0.5630000233650208
2025-11-11 01:21:57.040952: 
2025-11-11 01:21:57.041187: Epoch 82
2025-11-11 01:21:57.041312: Current learning rate: 0.00926
2025-11-11 01:25:56.849970: train_loss -0.4648
2025-11-11 01:25:56.851841: val_loss -0.472
2025-11-11 01:25:56.851959: Pseudo dice [np.float32(0.9167), np.float32(0.783), np.float32(0.0)]
2025-11-11 01:25:56.852067: Epoch time: 239.81 s
2025-11-11 01:25:56.852152: Yayy! New best EMA pseudo Dice: 0.5633000135421753
2025-11-11 01:25:58.956283: 
2025-11-11 01:25:58.956535: Epoch 83
2025-11-11 01:25:58.956658: Current learning rate: 0.00925
2025-11-11 01:30:00.251020: train_loss -0.4657
2025-11-11 01:30:00.251355: val_loss -0.4743
2025-11-11 01:30:00.251473: Pseudo dice [np.float32(0.9141), np.float32(0.782), np.float32(0.0)]
2025-11-11 01:30:00.251577: Epoch time: 241.3 s
2025-11-11 01:30:00.251658: Yayy! New best EMA pseudo Dice: 0.5634999871253967
2025-11-11 01:30:02.121501: 
2025-11-11 01:30:02.121685: Epoch 84
2025-11-11 01:30:02.121804: Current learning rate: 0.00924
2025-11-11 01:33:58.791382: train_loss -0.4575
2025-11-11 01:33:58.791633: val_loss -0.4681
2025-11-11 01:33:58.791755: Pseudo dice [np.float32(0.9206), np.float32(0.7698), np.float32(0.0)]
2025-11-11 01:33:58.791862: Epoch time: 236.67 s
2025-11-11 01:33:59.909199: 
2025-11-11 01:33:59.909486: Epoch 85
2025-11-11 01:33:59.909611: Current learning rate: 0.00923
2025-11-11 01:37:57.977580: train_loss -0.4648
2025-11-11 01:37:57.977819: val_loss -0.4786
2025-11-11 01:37:57.977924: Pseudo dice [np.float32(0.9204), np.float32(0.7768), np.float32(0.0)]
2025-11-11 01:37:57.978024: Epoch time: 238.07 s
2025-11-11 01:37:57.978106: Yayy! New best EMA pseudo Dice: 0.5637000203132629
2025-11-11 01:37:59.824102: 
2025-11-11 01:37:59.824374: Epoch 86
2025-11-11 01:37:59.824566: Current learning rate: 0.00922
2025-11-11 01:42:02.582756: train_loss -0.4669
2025-11-11 01:42:02.584431: val_loss -0.48
2025-11-11 01:42:02.584550: Pseudo dice [np.float32(0.9224), np.float32(0.7759), np.float32(0.0)]
2025-11-11 01:42:02.584650: Epoch time: 242.76 s
2025-11-11 01:42:02.584726: Yayy! New best EMA pseudo Dice: 0.5640000104904175
2025-11-11 01:42:05.268172: 
2025-11-11 01:42:05.268467: Epoch 87
2025-11-11 01:42:05.268595: Current learning rate: 0.00921
2025-11-11 01:46:03.653195: train_loss -0.4714
2025-11-11 01:46:03.653458: val_loss -0.4662
2025-11-11 01:46:03.653565: Pseudo dice [np.float32(0.9175), np.float32(0.7868), np.float32(0.0)]
2025-11-11 01:46:03.653666: Epoch time: 238.39 s
2025-11-11 01:46:03.653794: Yayy! New best EMA pseudo Dice: 0.5644000172615051
2025-11-11 01:46:05.580024: 
2025-11-11 01:46:05.580262: Epoch 88
2025-11-11 01:46:05.580401: Current learning rate: 0.0092
2025-11-11 01:50:08.515568: train_loss -0.4712
2025-11-11 01:50:08.515792: val_loss -0.4637
2025-11-11 01:50:08.515897: Pseudo dice [np.float32(0.9232), np.float32(0.7665), np.float32(0.0)]
2025-11-11 01:50:08.515997: Epoch time: 242.94 s
2025-11-11 01:50:09.614542: 
2025-11-11 01:50:09.614807: Epoch 89
2025-11-11 01:50:09.614956: Current learning rate: 0.0092
2025-11-11 01:54:08.763113: train_loss -0.4628
2025-11-11 01:54:08.763380: val_loss -0.4681
2025-11-11 01:54:08.763503: Pseudo dice [np.float32(0.9164), np.float32(0.773), np.float32(0.0)]
2025-11-11 01:54:08.763608: Epoch time: 239.15 s
2025-11-11 01:54:09.878200: 
2025-11-11 01:54:09.878469: Epoch 90
2025-11-11 01:54:09.878685: Current learning rate: 0.00919
2025-11-11 01:58:17.767441: train_loss -0.465
2025-11-11 01:58:17.767678: val_loss -0.4749
2025-11-11 01:58:17.767782: Pseudo dice [np.float32(0.9173), np.float32(0.7697), np.float32(0.0)]
2025-11-11 01:58:17.767889: Epoch time: 247.89 s
2025-11-11 01:58:19.445452: 
2025-11-11 01:58:19.445715: Epoch 91
2025-11-11 01:58:19.445841: Current learning rate: 0.00918
2025-11-11 02:02:18.367291: train_loss -0.4661
2025-11-11 02:02:18.367579: val_loss -0.4844
2025-11-11 02:02:18.367687: Pseudo dice [np.float32(0.9193), np.float32(0.7786), np.float32(0.0)]
2025-11-11 02:02:18.367786: Epoch time: 238.92 s
2025-11-11 02:02:19.494827: 
2025-11-11 02:02:19.495029: Epoch 92
2025-11-11 02:02:19.495165: Current learning rate: 0.00917
2025-11-11 02:06:32.871305: train_loss -0.4736
2025-11-11 02:06:32.873735: val_loss -0.4619
2025-11-11 02:06:32.873896: Pseudo dice [np.float32(0.9168), np.float32(0.7683), np.float32(0.0)]
2025-11-11 02:06:32.874006: Epoch time: 253.38 s
2025-11-11 02:06:34.793319: 
2025-11-11 02:06:34.793684: Epoch 93
2025-11-11 02:06:34.793816: Current learning rate: 0.00916
2025-11-11 02:10:41.312608: train_loss -0.4661
2025-11-11 02:10:41.312828: val_loss -0.4784
2025-11-11 02:10:41.312933: Pseudo dice [np.float32(0.9204), np.float32(0.7866), np.float32(0.0)]
2025-11-11 02:10:41.313033: Epoch time: 246.52 s
2025-11-11 02:10:41.313114: Yayy! New best EMA pseudo Dice: 0.5644000172615051
2025-11-11 02:10:43.146702: 
2025-11-11 02:10:43.146924: Epoch 94
2025-11-11 02:10:43.147091: Current learning rate: 0.00915
2025-11-11 02:14:41.312246: train_loss -0.4746
2025-11-11 02:14:41.312591: val_loss -0.4781
2025-11-11 02:14:41.312706: Pseudo dice [np.float32(0.9184), np.float32(0.7785), np.float32(0.0)]
2025-11-11 02:14:41.312807: Epoch time: 238.17 s
2025-11-11 02:14:41.312888: Yayy! New best EMA pseudo Dice: 0.5645999908447266
2025-11-11 02:14:43.154727: 
2025-11-11 02:14:43.154963: Epoch 95
2025-11-11 02:14:43.155090: Current learning rate: 0.00914
2025-11-11 02:18:43.992428: train_loss -0.4766
2025-11-11 02:18:43.992655: val_loss -0.4864
2025-11-11 02:18:43.992759: Pseudo dice [np.float32(0.9236), np.float32(0.7877), np.float32(0.0)]
2025-11-11 02:18:43.992864: Epoch time: 240.84 s
2025-11-11 02:18:43.992944: Yayy! New best EMA pseudo Dice: 0.5651000142097473
2025-11-11 02:18:45.868046: 
2025-11-11 02:18:45.868250: Epoch 96
2025-11-11 02:18:45.868468: Current learning rate: 0.00913
2025-11-11 02:22:43.435022: train_loss -0.476
2025-11-11 02:22:43.435256: val_loss -0.4952
2025-11-11 02:22:43.435365: Pseudo dice [np.float32(0.9209), np.float32(0.7809), np.float32(0.0)]
2025-11-11 02:22:43.435480: Epoch time: 237.57 s
2025-11-11 02:22:43.435563: Yayy! New best EMA pseudo Dice: 0.5654000043869019
2025-11-11 02:22:45.309716: 
2025-11-11 02:22:45.309962: Epoch 97
2025-11-11 02:22:45.310129: Current learning rate: 0.00912
2025-11-11 02:26:46.831042: train_loss -0.4795
2025-11-11 02:26:46.831294: val_loss -0.4699
2025-11-11 02:26:46.831413: Pseudo dice [np.float32(0.9147), np.float32(0.7756), np.float32(0.0)]
2025-11-11 02:26:46.831515: Epoch time: 241.52 s
2025-11-11 02:26:48.621568: 
2025-11-11 02:26:48.621825: Epoch 98
2025-11-11 02:26:48.621968: Current learning rate: 0.00911
2025-11-11 02:30:52.690354: train_loss -0.4656
2025-11-11 02:30:52.690703: val_loss -0.4703
2025-11-11 02:30:52.690813: Pseudo dice [np.float32(0.9156), np.float32(0.7736), np.float32(0.0)]
2025-11-11 02:30:52.690916: Epoch time: 244.07 s
2025-11-11 02:30:54.654037: 
2025-11-11 02:30:54.654315: Epoch 99
2025-11-11 02:30:54.654447: Current learning rate: 0.0091
2025-11-11 02:34:52.899891: train_loss -0.4704
2025-11-11 02:34:52.900164: val_loss -0.4822
2025-11-11 02:34:52.900271: Pseudo dice [np.float32(0.9199), np.float32(0.7801), np.float32(0.0)]
2025-11-11 02:34:52.900375: Epoch time: 238.25 s
2025-11-11 02:34:54.884159: 
2025-11-11 02:34:54.884461: Epoch 100
2025-11-11 02:34:54.884630: Current learning rate: 0.0091
2025-11-11 02:39:03.970605: train_loss -0.4751
2025-11-11 02:39:03.970820: val_loss -0.4751
2025-11-11 02:39:03.970927: Pseudo dice [np.float32(0.9205), np.float32(0.766), np.float32(0.0)]
2025-11-11 02:39:03.971026: Epoch time: 249.09 s
2025-11-11 02:39:05.353017: 
2025-11-11 02:39:05.353286: Epoch 101
2025-11-11 02:39:05.353418: Current learning rate: 0.00909
2025-11-11 02:43:04.424089: train_loss -0.4713
2025-11-11 02:43:04.424325: val_loss -0.4815
2025-11-11 02:43:04.424443: Pseudo dice [np.float32(0.918), np.float32(0.7796), np.float32(0.0)]
2025-11-11 02:43:04.424547: Epoch time: 239.07 s
2025-11-11 02:43:05.451381: 
2025-11-11 02:43:05.451630: Epoch 102
2025-11-11 02:43:05.451755: Current learning rate: 0.00908
2025-11-11 02:47:05.475095: train_loss -0.4643
2025-11-11 02:47:05.475324: val_loss -0.4835
2025-11-11 02:47:05.475439: Pseudo dice [np.float32(0.9182), np.float32(0.7798), np.float32(0.0)]
2025-11-11 02:47:05.475543: Epoch time: 240.03 s
2025-11-11 02:47:06.582731: 
2025-11-11 02:47:06.582949: Epoch 103
2025-11-11 02:47:06.583074: Current learning rate: 0.00907
2025-11-11 02:51:12.416535: train_loss -0.4712
2025-11-11 02:51:12.416779: val_loss -0.4761
2025-11-11 02:51:12.421259: Pseudo dice [np.float32(0.9179), np.float32(0.7708), np.float32(0.0)]
2025-11-11 02:51:12.421379: Epoch time: 245.84 s
2025-11-11 02:51:15.680536: 
2025-11-11 02:51:15.680748: Epoch 104
2025-11-11 02:51:15.680869: Current learning rate: 0.00906
2025-11-11 02:55:15.938894: train_loss -0.4812
2025-11-11 02:55:15.939132: val_loss -0.4955
2025-11-11 02:55:15.939238: Pseudo dice [np.float32(0.9231), np.float32(0.7848), np.float32(0.0)]
2025-11-11 02:55:15.939338: Epoch time: 240.26 s
2025-11-11 02:55:17.051163: 
2025-11-11 02:55:17.051565: Epoch 105
2025-11-11 02:55:17.051826: Current learning rate: 0.00905
2025-11-11 02:59:14.660047: train_loss -0.4892
2025-11-11 02:59:14.660278: val_loss -0.4854
2025-11-11 02:59:14.660382: Pseudo dice [np.float32(0.9173), np.float32(0.7792), np.float32(0.1933)]
2025-11-11 02:59:14.660493: Epoch time: 237.61 s
2025-11-11 02:59:14.660572: Yayy! New best EMA pseudo Dice: 0.5716999769210815
2025-11-11 02:59:16.473616: 
2025-11-11 02:59:16.473891: Epoch 106
2025-11-11 02:59:16.474050: Current learning rate: 0.00904
2025-11-11 03:03:27.080808: train_loss -0.4916
2025-11-11 03:03:27.081061: val_loss -0.5028
2025-11-11 03:03:27.081165: Pseudo dice [np.float32(0.9138), np.float32(0.7831), np.float32(0.4916)]
2025-11-11 03:03:27.081266: Epoch time: 250.61 s
2025-11-11 03:03:27.081346: Yayy! New best EMA pseudo Dice: 0.5874999761581421
2025-11-11 03:03:29.448142: 
2025-11-11 03:03:29.448427: Epoch 107
2025-11-11 03:03:29.448557: Current learning rate: 0.00903
2025-11-11 03:07:27.512275: train_loss -0.4812
2025-11-11 03:07:27.512515: val_loss -0.4802
2025-11-11 03:07:27.516076: Pseudo dice [np.float32(0.925), np.float32(0.7458), np.float32(0.5467)]
2025-11-11 03:07:27.516217: Epoch time: 238.07 s
2025-11-11 03:07:27.516300: Yayy! New best EMA pseudo Dice: 0.6026999950408936
2025-11-11 03:07:29.333858: 
2025-11-11 03:07:29.334108: Epoch 108
2025-11-11 03:07:29.334243: Current learning rate: 0.00902
2025-11-11 03:11:40.082658: train_loss -0.4785
2025-11-11 03:11:40.082891: val_loss -0.4834
2025-11-11 03:11:40.087417: Pseudo dice [np.float32(0.912), np.float32(0.763), np.float32(0.3196)]
2025-11-11 03:11:40.087541: Epoch time: 250.75 s
2025-11-11 03:11:40.087620: Yayy! New best EMA pseudo Dice: 0.6089000105857849
2025-11-11 03:11:43.171221: 
2025-11-11 03:11:43.171570: Epoch 109
2025-11-11 03:11:43.171705: Current learning rate: 0.00901
2025-11-11 03:15:41.521998: train_loss -0.4718
2025-11-11 03:15:41.522215: val_loss -0.5091
2025-11-11 03:15:41.522318: Pseudo dice [np.float32(0.9192), np.float32(0.7708), np.float32(0.5373)]
2025-11-11 03:15:41.522427: Epoch time: 238.35 s
2025-11-11 03:15:41.522509: Yayy! New best EMA pseudo Dice: 0.6223000288009644
2025-11-11 03:15:43.301575: 
2025-11-11 03:15:43.301816: Epoch 110
2025-11-11 03:15:43.302019: Current learning rate: 0.009
2025-11-11 03:19:55.202700: train_loss -0.4773
2025-11-11 03:19:55.202951: val_loss -0.4832
2025-11-11 03:19:55.203058: Pseudo dice [np.float32(0.9092), np.float32(0.762), np.float32(0.5132)]
2025-11-11 03:19:55.203256: Epoch time: 251.9 s
2025-11-11 03:19:55.205657: Yayy! New best EMA pseudo Dice: 0.6327999830245972
2025-11-11 03:19:58.161278: 
2025-11-11 03:19:58.161539: Epoch 111
2025-11-11 03:19:58.161664: Current learning rate: 0.009
2025-11-11 03:24:11.166335: train_loss -0.4889
2025-11-11 03:24:11.166580: val_loss -0.5043
2025-11-11 03:24:11.166686: Pseudo dice [np.float32(0.9213), np.float32(0.7772), np.float32(0.609)]
2025-11-11 03:24:11.166787: Epoch time: 253.01 s
2025-11-11 03:24:11.175258: Yayy! New best EMA pseudo Dice: 0.6464999914169312
2025-11-11 03:24:15.163027: 
2025-11-11 03:24:15.163293: Epoch 112
2025-11-11 03:24:15.163425: Current learning rate: 0.00899
2025-11-11 03:28:13.884042: train_loss -0.4857
2025-11-11 03:28:13.886176: val_loss -0.4824
2025-11-11 03:28:13.886328: Pseudo dice [np.float32(0.919), np.float32(0.7675), np.float32(0.2971)]
2025-11-11 03:28:13.886431: Epoch time: 238.72 s
2025-11-11 03:28:13.886505: Yayy! New best EMA pseudo Dice: 0.6478999853134155
2025-11-11 03:28:15.704836: 
2025-11-11 03:28:15.705126: Epoch 113
2025-11-11 03:28:15.705278: Current learning rate: 0.00898
2025-11-11 03:32:17.302490: train_loss -0.4831
2025-11-11 03:32:17.303255: val_loss -0.4942
2025-11-11 03:32:17.303392: Pseudo dice [np.float32(0.9169), np.float32(0.7689), np.float32(0.3446)]
2025-11-11 03:32:17.303516: Epoch time: 241.6 s
2025-11-11 03:32:17.303603: Yayy! New best EMA pseudo Dice: 0.6507999897003174
2025-11-11 03:32:20.186272: 
2025-11-11 03:32:20.186570: Epoch 114
2025-11-11 03:32:20.186741: Current learning rate: 0.00897
2025-11-11 03:36:23.595309: train_loss -0.4984
2025-11-11 03:36:23.595708: val_loss -0.5033
2025-11-11 03:36:23.595828: Pseudo dice [np.float32(0.9208), np.float32(0.7782), np.float32(0.2828)]
2025-11-11 03:36:23.595934: Epoch time: 243.41 s
2025-11-11 03:36:23.596014: Yayy! New best EMA pseudo Dice: 0.6517999768257141
2025-11-11 03:36:25.405697: 
2025-11-11 03:36:25.405985: Epoch 115
2025-11-11 03:36:25.406122: Current learning rate: 0.00896
2025-11-11 03:40:23.547874: train_loss -0.4891
2025-11-11 03:40:23.548321: val_loss -0.503
2025-11-11 03:40:23.548439: Pseudo dice [np.float32(0.9219), np.float32(0.7735), np.float32(0.5796)]
2025-11-11 03:40:23.548541: Epoch time: 238.14 s
2025-11-11 03:40:23.548621: Yayy! New best EMA pseudo Dice: 0.6625000238418579
2025-11-11 03:40:25.528859: 
2025-11-11 03:40:25.529148: Epoch 116
2025-11-11 03:40:25.529292: Current learning rate: 0.00895
2025-11-11 03:44:24.821922: train_loss -0.5008
2025-11-11 03:44:24.822533: val_loss -0.5105
2025-11-11 03:44:24.845744: Pseudo dice [np.float32(0.9178), np.float32(0.7667), np.float32(0.4994)]
2025-11-11 03:44:24.845945: Epoch time: 239.3 s
2025-11-11 03:44:24.846030: Yayy! New best EMA pseudo Dice: 0.6690000295639038
2025-11-11 03:44:26.769693: 
2025-11-11 03:44:26.769947: Epoch 117
2025-11-11 03:44:26.770101: Current learning rate: 0.00894
2025-11-11 03:48:23.553523: train_loss -0.4832
2025-11-11 03:48:23.553942: val_loss -0.5286
2025-11-11 03:48:23.554049: Pseudo dice [np.float32(0.922), np.float32(0.7733), np.float32(0.6502)]
2025-11-11 03:48:23.554150: Epoch time: 236.79 s
2025-11-11 03:48:23.554232: Yayy! New best EMA pseudo Dice: 0.6802999973297119
2025-11-11 03:48:25.331552: 
2025-11-11 03:48:25.331769: Epoch 118
2025-11-11 03:48:25.331889: Current learning rate: 0.00893
2025-11-11 03:52:26.854991: train_loss -0.497
2025-11-11 03:52:26.857812: val_loss -0.5148
2025-11-11 03:52:26.857962: Pseudo dice [np.float32(0.9213), np.float32(0.7735), np.float32(0.5962)]
2025-11-11 03:52:26.858069: Epoch time: 241.53 s
2025-11-11 03:52:26.858150: Yayy! New best EMA pseudo Dice: 0.6886000037193298
2025-11-11 03:52:29.052362: 
2025-11-11 03:52:29.052600: Epoch 119
2025-11-11 03:52:29.052724: Current learning rate: 0.00892
2025-11-11 03:56:31.442884: train_loss -0.4971
2025-11-11 03:56:31.443466: val_loss -0.4788
2025-11-11 03:56:31.443576: Pseudo dice [np.float32(0.9187), np.float32(0.7707), np.float32(0.3215)]
2025-11-11 03:56:31.443675: Epoch time: 242.39 s
2025-11-11 03:56:32.508645: 
2025-11-11 03:56:32.508841: Epoch 120
2025-11-11 03:56:32.509058: Current learning rate: 0.00891
2025-11-11 04:00:37.534186: train_loss -0.4902
2025-11-11 04:00:37.538791: val_loss -0.5086
2025-11-11 04:00:37.538925: Pseudo dice [np.float32(0.9154), np.float32(0.7749), np.float32(0.5573)]
2025-11-11 04:00:37.539023: Epoch time: 245.03 s
2025-11-11 04:00:37.539100: Yayy! New best EMA pseudo Dice: 0.6930000185966492
2025-11-11 04:00:39.607687: 
2025-11-11 04:00:39.607941: Epoch 121
2025-11-11 04:00:39.608131: Current learning rate: 0.0089
2025-11-11 04:04:39.567070: train_loss -0.5019
2025-11-11 04:04:39.567452: val_loss -0.4988
2025-11-11 04:04:39.567561: Pseudo dice [np.float32(0.9177), np.float32(0.7708), np.float32(0.4272)]
2025-11-11 04:04:39.567662: Epoch time: 239.96 s
2025-11-11 04:04:39.567742: Yayy! New best EMA pseudo Dice: 0.6942999958992004
2025-11-11 04:04:41.487195: 
2025-11-11 04:04:41.487426: Epoch 122
2025-11-11 04:04:41.487564: Current learning rate: 0.00889
2025-11-11 04:08:41.802840: train_loss -0.4941
2025-11-11 04:08:41.803228: val_loss -0.4851
2025-11-11 04:08:41.803333: Pseudo dice [np.float32(0.9206), np.float32(0.7672), np.float32(0.5567)]
2025-11-11 04:08:41.803444: Epoch time: 240.32 s
2025-11-11 04:08:41.803527: Yayy! New best EMA pseudo Dice: 0.6995999813079834
2025-11-11 04:08:43.620373: 
2025-11-11 04:08:43.620619: Epoch 123
2025-11-11 04:08:43.620779: Current learning rate: 0.00889
2025-11-11 04:12:42.364522: train_loss -0.499
2025-11-11 04:12:42.365060: val_loss -0.4964
2025-11-11 04:12:42.365183: Pseudo dice [np.float32(0.9204), np.float32(0.7762), np.float32(0.5621)]
2025-11-11 04:12:42.365285: Epoch time: 238.75 s
2025-11-11 04:12:42.365364: Yayy! New best EMA pseudo Dice: 0.7049999833106995
2025-11-11 04:12:44.203695: 
2025-11-11 04:12:44.203951: Epoch 124
2025-11-11 04:12:44.204096: Current learning rate: 0.00888
2025-11-11 04:16:38.305160: train_loss -0.4924
2025-11-11 04:16:38.318880: val_loss -0.5125
2025-11-11 04:16:38.319004: Pseudo dice [np.float32(0.9246), np.float32(0.7697), np.float32(0.5375)]
2025-11-11 04:16:38.319100: Epoch time: 234.1 s
2025-11-11 04:16:38.319173: Yayy! New best EMA pseudo Dice: 0.708899974822998
2025-11-11 04:16:40.121768: 
2025-11-11 04:16:40.122036: Epoch 125
2025-11-11 04:16:40.122370: Current learning rate: 0.00887
2025-11-11 04:20:38.043806: train_loss -0.5064
2025-11-11 04:20:38.044345: val_loss -0.501
2025-11-11 04:20:38.044458: Pseudo dice [np.float32(0.9239), np.float32(0.7824), np.float32(0.4475)]
2025-11-11 04:20:38.057806: Epoch time: 237.92 s
2025-11-11 04:20:38.057923: Yayy! New best EMA pseudo Dice: 0.7098000049591064
2025-11-11 04:20:39.854159: 
2025-11-11 04:20:39.854425: Epoch 126
2025-11-11 04:20:39.854573: Current learning rate: 0.00886
2025-11-11 04:24:39.135253: train_loss -0.4996
2025-11-11 04:24:39.135726: val_loss -0.5265
2025-11-11 04:24:39.135838: Pseudo dice [np.float32(0.9248), np.float32(0.7736), np.float32(0.6044)]
2025-11-11 04:24:39.135939: Epoch time: 239.28 s
2025-11-11 04:24:39.136020: Yayy! New best EMA pseudo Dice: 0.7156000137329102
2025-11-11 04:24:40.889088: 
2025-11-11 04:24:40.889318: Epoch 127
2025-11-11 04:24:40.889461: Current learning rate: 0.00885
2025-11-11 04:28:42.765213: train_loss -0.5036
2025-11-11 04:28:42.765951: val_loss -0.5172
2025-11-11 04:28:42.766061: Pseudo dice [np.float32(0.9222), np.float32(0.776), np.float32(0.7271)]
2025-11-11 04:28:42.766161: Epoch time: 241.88 s
2025-11-11 04:28:42.766245: Yayy! New best EMA pseudo Dice: 0.7247999906539917
2025-11-11 04:28:44.783145: 
2025-11-11 04:28:44.783375: Epoch 128
2025-11-11 04:28:44.783505: Current learning rate: 0.00884
2025-11-11 04:32:43.362369: train_loss -0.5022
2025-11-11 04:32:43.362910: val_loss -0.4933
2025-11-11 04:32:43.363040: Pseudo dice [np.float32(0.9192), np.float32(0.7806), np.float32(0.6326)]
2025-11-11 04:32:43.363143: Epoch time: 238.58 s
2025-11-11 04:32:43.363223: Yayy! New best EMA pseudo Dice: 0.7300999760627747
2025-11-11 04:32:46.113867: 
2025-11-11 04:32:46.114169: Epoch 129
2025-11-11 04:32:46.114410: Current learning rate: 0.00883
2025-11-11 04:36:47.381928: train_loss -0.4868
2025-11-11 04:36:47.382451: val_loss -0.5159
2025-11-11 04:36:47.382562: Pseudo dice [np.float32(0.9262), np.float32(0.7791), np.float32(0.6484)]
2025-11-11 04:36:47.382663: Epoch time: 241.27 s
2025-11-11 04:36:47.382744: Yayy! New best EMA pseudo Dice: 0.7354999780654907
2025-11-11 04:36:49.157347: 
2025-11-11 04:36:49.157637: Epoch 130
2025-11-11 04:36:49.157760: Current learning rate: 0.00882
2025-11-11 04:40:48.338919: train_loss -0.4953
2025-11-11 04:40:48.339436: val_loss -0.5161
2025-11-11 04:40:48.339551: Pseudo dice [np.float32(0.9249), np.float32(0.7647), np.float32(0.6522)]
2025-11-11 04:40:48.339651: Epoch time: 239.18 s
2025-11-11 04:40:48.339732: Yayy! New best EMA pseudo Dice: 0.7401000261306763
2025-11-11 04:40:50.284899: 
2025-11-11 04:40:50.285269: Epoch 131
2025-11-11 04:40:50.285368: Current learning rate: 0.00881
2025-11-11 04:44:43.550603: train_loss -0.5008
2025-11-11 04:44:43.551267: val_loss -0.502
2025-11-11 04:44:43.551378: Pseudo dice [np.float32(0.9187), np.float32(0.7631), np.float32(0.3834)]
2025-11-11 04:44:43.551490: Epoch time: 233.27 s
2025-11-11 04:44:44.664833: 
2025-11-11 04:44:44.665045: Epoch 132
2025-11-11 04:44:44.665159: Current learning rate: 0.0088
2025-11-11 04:48:42.872696: train_loss -0.5013
2025-11-11 04:48:42.873194: val_loss -0.5144
2025-11-11 04:48:42.873305: Pseudo dice [np.float32(0.9236), np.float32(0.7901), np.float32(0.5208)]
2025-11-11 04:48:42.873425: Epoch time: 238.21 s
2025-11-11 04:48:43.963047: 
2025-11-11 04:48:43.963310: Epoch 133
2025-11-11 04:48:43.963478: Current learning rate: 0.00879
2025-11-11 04:52:41.562935: train_loss -0.503
2025-11-11 04:52:41.563431: val_loss -0.5045
2025-11-11 04:52:41.563544: Pseudo dice [np.float32(0.9227), np.float32(0.779), np.float32(0.5637)]
2025-11-11 04:52:41.563642: Epoch time: 237.6 s
2025-11-11 04:52:42.654062: 
2025-11-11 04:52:42.654348: Epoch 134
2025-11-11 04:52:42.654482: Current learning rate: 0.00879
2025-11-11 04:56:44.191603: train_loss -0.5054
2025-11-11 04:56:44.193853: val_loss -0.5004
2025-11-11 04:56:44.193982: Pseudo dice [np.float32(0.913), np.float32(0.7677), np.float32(0.667)]
2025-11-11 04:56:44.194088: Epoch time: 241.54 s
2025-11-11 04:56:44.194168: Yayy! New best EMA pseudo Dice: 0.7422999739646912
2025-11-11 04:56:46.419861: 
2025-11-11 04:56:46.420161: Epoch 135
2025-11-11 04:56:46.420282: Current learning rate: 0.00878
2025-11-11 05:00:42.835929: train_loss -0.5059
2025-11-11 05:00:42.836568: val_loss -0.5232
2025-11-11 05:00:42.836680: Pseudo dice [np.float32(0.9175), np.float32(0.7819), np.float32(0.6243)]
2025-11-11 05:00:42.836781: Epoch time: 236.42 s
2025-11-11 05:00:42.836861: Yayy! New best EMA pseudo Dice: 0.7455000281333923
2025-11-11 05:00:44.560227: 
2025-11-11 05:00:44.560463: Epoch 136
2025-11-11 05:00:44.560581: Current learning rate: 0.00877
2025-11-11 05:04:41.633595: train_loss -0.4967
2025-11-11 05:04:41.634220: val_loss -0.5188
2025-11-11 05:04:41.634336: Pseudo dice [np.float32(0.9208), np.float32(0.777), np.float32(0.6966)]
2025-11-11 05:04:41.634447: Epoch time: 237.08 s
2025-11-11 05:04:41.634527: Yayy! New best EMA pseudo Dice: 0.7508000135421753
2025-11-11 05:04:43.549604: 
2025-11-11 05:04:43.549840: Epoch 137
2025-11-11 05:04:43.549971: Current learning rate: 0.00876
2025-11-11 05:08:39.931971: train_loss -0.5106
2025-11-11 05:08:39.932411: val_loss -0.4986
2025-11-11 05:08:39.932523: Pseudo dice [np.float32(0.9219), np.float32(0.7541), np.float32(0.68)]
2025-11-11 05:08:39.932625: Epoch time: 236.38 s
2025-11-11 05:08:39.932705: Yayy! New best EMA pseudo Dice: 0.7541999816894531
2025-11-11 05:08:41.656576: 
2025-11-11 05:08:41.656784: Epoch 138
2025-11-11 05:08:41.656929: Current learning rate: 0.00875
2025-11-11 05:12:36.861178: train_loss -0.5027
2025-11-11 05:12:36.861625: val_loss -0.5354
2025-11-11 05:12:36.861738: Pseudo dice [np.float32(0.921), np.float32(0.7697), np.float32(0.6963)]
2025-11-11 05:12:36.861890: Epoch time: 235.21 s
2025-11-11 05:12:36.861973: Yayy! New best EMA pseudo Dice: 0.758400022983551
2025-11-11 05:12:38.612018: 
2025-11-11 05:12:38.612292: Epoch 139
2025-11-11 05:12:38.612422: Current learning rate: 0.00874
2025-11-11 05:16:39.756766: train_loss -0.506
2025-11-11 05:16:39.757304: val_loss -0.5112
2025-11-11 05:16:39.757420: Pseudo dice [np.float32(0.9196), np.float32(0.7786), np.float32(0.5024)]
2025-11-11 05:16:39.757523: Epoch time: 241.15 s
2025-11-11 05:16:40.869044: 
2025-11-11 05:16:40.869247: Epoch 140
2025-11-11 05:16:40.869435: Current learning rate: 0.00873
2025-11-11 05:20:39.274388: train_loss -0.5047
2025-11-11 05:20:39.274955: val_loss -0.5328
2025-11-11 05:20:39.275062: Pseudo dice [np.float32(0.9205), np.float32(0.7933), np.float32(0.6408)]
2025-11-11 05:20:39.275160: Epoch time: 238.41 s
2025-11-11 05:20:39.275240: Yayy! New best EMA pseudo Dice: 0.7588000297546387
2025-11-11 05:20:40.986789: 
2025-11-11 05:20:40.987035: Epoch 141
2025-11-11 05:20:40.987157: Current learning rate: 0.00872
2025-11-11 05:24:36.018411: train_loss -0.5116
2025-11-11 05:24:36.018881: val_loss -0.5321
2025-11-11 05:24:36.018991: Pseudo dice [np.float32(0.9245), np.float32(0.7821), np.float32(0.7227)]
2025-11-11 05:24:36.019093: Epoch time: 235.03 s
2025-11-11 05:24:36.019175: Yayy! New best EMA pseudo Dice: 0.7638999819755554
2025-11-11 05:24:37.741779: 
2025-11-11 05:24:37.742033: Epoch 142
2025-11-11 05:24:37.742167: Current learning rate: 0.00871
2025-11-11 05:28:32.408497: train_loss -0.5006
2025-11-11 05:28:32.409091: val_loss -0.5046
2025-11-11 05:28:32.409251: Pseudo dice [np.float32(0.9204), np.float32(0.778), np.float32(0.4591)]
2025-11-11 05:28:32.409362: Epoch time: 234.67 s
2025-11-11 05:28:33.509251: 
2025-11-11 05:28:33.509474: Epoch 143
2025-11-11 05:28:33.509590: Current learning rate: 0.0087
2025-11-11 05:32:31.805613: train_loss -0.5028
2025-11-11 05:32:31.806166: val_loss -0.5154
2025-11-11 05:32:31.806278: Pseudo dice [np.float32(0.9219), np.float32(0.7788), np.float32(0.5828)]
2025-11-11 05:32:31.806377: Epoch time: 238.3 s
2025-11-11 05:32:32.907661: 
2025-11-11 05:32:32.907829: Epoch 144
2025-11-11 05:32:32.907948: Current learning rate: 0.00869
2025-11-11 05:36:31.836169: train_loss -0.4997
2025-11-11 05:36:31.836784: val_loss -0.5135
2025-11-11 05:36:31.836897: Pseudo dice [np.float32(0.9154), np.float32(0.7791), np.float32(0.5293)]
2025-11-11 05:36:31.836997: Epoch time: 238.93 s
2025-11-11 05:36:33.683302: 
2025-11-11 05:36:33.683595: Epoch 145
2025-11-11 05:36:33.683761: Current learning rate: 0.00868
2025-11-11 05:40:33.360532: train_loss -0.5043
2025-11-11 05:40:33.361090: val_loss -0.4987
2025-11-11 05:40:33.361230: Pseudo dice [np.float32(0.9159), np.float32(0.7792), np.float32(0.6659)]
2025-11-11 05:40:33.361358: Epoch time: 239.68 s
2025-11-11 05:40:34.468858: 
2025-11-11 05:40:34.469166: Epoch 146
2025-11-11 05:40:34.469321: Current learning rate: 0.00868
2025-11-11 05:44:37.623073: train_loss -0.4951
2025-11-11 05:44:37.626163: val_loss -0.5197
2025-11-11 05:44:37.628251: Pseudo dice [np.float32(0.9169), np.float32(0.7834), np.float32(0.5847)]
2025-11-11 05:44:37.630349: Epoch time: 243.16 s
2025-11-11 05:44:39.769056: 
2025-11-11 05:44:39.769401: Epoch 147
2025-11-11 05:44:39.769554: Current learning rate: 0.00867
2025-11-11 05:48:45.259014: train_loss -0.4987
2025-11-11 05:48:45.263999: val_loss -0.509
2025-11-11 05:48:45.266089: Pseudo dice [np.float32(0.9221), np.float32(0.765), np.float32(0.6764)]
2025-11-11 05:48:45.268189: Epoch time: 245.49 s
2025-11-11 05:48:48.544353: 
2025-11-11 05:48:48.547621: Epoch 148
2025-11-11 05:48:48.549750: Current learning rate: 0.00866
2025-11-11 05:52:47.465762: train_loss -0.5252
2025-11-11 05:52:47.466316: val_loss -0.548
2025-11-11 05:52:47.466461: Pseudo dice [np.float32(0.9198), np.float32(0.7626), np.float32(0.5264)]
2025-11-11 05:52:47.466592: Epoch time: 238.93 s
2025-11-11 05:52:48.590548: 
2025-11-11 05:52:48.590771: Epoch 149
2025-11-11 05:52:48.590899: Current learning rate: 0.00865
2025-11-11 05:56:43.104074: train_loss -0.55
2025-11-11 05:56:43.104639: val_loss -0.567
2025-11-11 05:56:43.104860: Pseudo dice [np.float32(0.9189), np.float32(0.7672), np.float32(0.5953)]
2025-11-11 05:56:43.105013: Epoch time: 234.52 s
2025-11-11 05:56:45.059128: 
2025-11-11 05:56:45.059424: Epoch 150
2025-11-11 05:56:45.059566: Current learning rate: 0.00864
2025-11-11 06:00:44.555790: train_loss -0.5656
2025-11-11 06:00:44.556441: val_loss -0.5815
2025-11-11 06:00:44.556630: Pseudo dice [np.float32(0.923), np.float32(0.7814), np.float32(0.6874)]
2025-11-11 06:00:44.556766: Epoch time: 239.5 s
2025-11-11 06:00:44.556877: Yayy! New best EMA pseudo Dice: 0.7644000053405762
2025-11-11 06:00:46.483210: 
2025-11-11 06:00:46.483500: Epoch 151
2025-11-11 06:00:46.483639: Current learning rate: 0.00863
2025-11-11 06:04:43.369374: train_loss -0.5512
2025-11-11 06:04:43.369970: val_loss -0.5479
2025-11-11 06:04:43.370107: Pseudo dice [np.float32(0.9226), np.float32(0.7732), np.float32(0.4111)]
2025-11-11 06:04:43.370237: Epoch time: 236.89 s
2025-11-11 06:04:44.464772: 
2025-11-11 06:04:44.465045: Epoch 152
2025-11-11 06:04:44.465175: Current learning rate: 0.00862
2025-11-11 06:08:44.814174: train_loss -0.5609
2025-11-11 06:08:44.821199: val_loss -0.5711
2025-11-11 06:08:44.825338: Pseudo dice [np.float32(0.9258), np.float32(0.7864), np.float32(0.5655)]
2025-11-11 06:08:44.827389: Epoch time: 240.35 s
2025-11-11 06:08:47.924426: 
2025-11-11 06:08:47.924667: Epoch 153
2025-11-11 06:08:47.924818: Current learning rate: 0.00861
2025-11-11 06:12:45.279209: train_loss -0.5584
2025-11-11 06:12:45.279687: val_loss -0.5764
2025-11-11 06:12:45.279827: Pseudo dice [np.float32(0.9222), np.float32(0.7805), np.float32(0.5077)]
2025-11-11 06:12:45.279958: Epoch time: 237.36 s
2025-11-11 06:12:46.384236: 
2025-11-11 06:12:46.384491: Epoch 154
2025-11-11 06:12:46.384639: Current learning rate: 0.0086
2025-11-11 06:16:45.598009: train_loss -0.5586
2025-11-11 06:16:45.598527: val_loss -0.5581
2025-11-11 06:16:45.598663: Pseudo dice [np.float32(0.9159), np.float32(0.7649), np.float32(0.3769)]
2025-11-11 06:16:45.598792: Epoch time: 239.22 s
2025-11-11 06:16:46.699887: 
2025-11-11 06:16:46.700139: Epoch 155
2025-11-11 06:16:46.700267: Current learning rate: 0.00859
2025-11-11 06:20:42.835482: train_loss -0.5456
2025-11-11 06:20:42.836044: val_loss -0.5683
2025-11-11 06:20:42.836186: Pseudo dice [np.float32(0.9116), np.float32(0.7793), np.float32(0.6088)]
2025-11-11 06:20:42.836315: Epoch time: 236.14 s
2025-11-11 06:20:43.948742: 
2025-11-11 06:20:43.949044: Epoch 156
2025-11-11 06:20:43.949202: Current learning rate: 0.00858
2025-11-11 06:24:41.565749: train_loss -0.5761
2025-11-11 06:24:41.566383: val_loss -0.6831
2025-11-11 06:24:41.566535: Pseudo dice [np.float32(0.9269), np.float32(0.7677), np.float32(0.161)]
2025-11-11 06:24:41.566669: Epoch time: 237.62 s
2025-11-11 06:24:42.679418: 
2025-11-11 06:24:42.679721: Epoch 157
2025-11-11 06:24:42.679868: Current learning rate: 0.00858
2025-11-11 06:28:41.369907: train_loss -0.6712
2025-11-11 06:28:41.370683: val_loss -0.6757
2025-11-11 06:28:41.370820: Pseudo dice [np.float32(0.9204), np.float32(0.7886), np.float32(0.0)]
2025-11-11 06:28:41.370953: Epoch time: 238.69 s
2025-11-11 06:28:42.474345: 
2025-11-11 06:28:42.474588: Epoch 158
2025-11-11 06:28:42.474725: Current learning rate: 0.00857
2025-11-11 06:32:38.654252: train_loss -0.6692
2025-11-11 06:32:38.654693: val_loss -0.692
2025-11-11 06:32:38.654829: Pseudo dice [np.float32(0.9215), np.float32(0.7866), np.float32(0.0)]
2025-11-11 06:32:38.654952: Epoch time: 236.18 s
2025-11-11 06:32:39.760995: 
2025-11-11 06:32:39.761287: Epoch 159
2025-11-11 06:32:39.761436: Current learning rate: 0.00856
2025-11-11 06:36:37.157093: train_loss -0.6794
2025-11-11 06:36:37.157641: val_loss -0.6769
2025-11-11 06:36:37.157780: Pseudo dice [np.float32(0.9197), np.float32(0.7966), np.float32(0.0)]
2025-11-11 06:36:37.157912: Epoch time: 237.4 s
2025-11-11 06:36:38.254789: 
2025-11-11 06:36:38.255044: Epoch 160
2025-11-11 06:36:38.255165: Current learning rate: 0.00855
2025-11-11 06:40:33.727732: train_loss -0.6749
2025-11-11 06:40:33.728240: val_loss -0.6526
2025-11-11 06:40:33.728376: Pseudo dice [np.float32(0.9234), np.float32(0.7812), np.float32(0.0)]
2025-11-11 06:40:33.728530: Epoch time: 235.48 s
2025-11-11 06:40:34.833296: 
2025-11-11 06:40:34.833519: Epoch 161
2025-11-11 06:40:34.833658: Current learning rate: 0.00854
2025-11-11 06:44:31.608923: train_loss -0.6804
2025-11-11 06:44:31.609488: val_loss -0.6766
2025-11-11 06:44:31.609643: Pseudo dice [np.float32(0.9224), np.float32(0.7921), np.float32(0.0)]
2025-11-11 06:44:31.609772: Epoch time: 236.78 s
2025-11-11 06:44:32.678556: 
2025-11-11 06:44:32.678867: Epoch 162
2025-11-11 06:44:32.679018: Current learning rate: 0.00853
2025-11-11 06:48:30.389665: train_loss -0.6777
2025-11-11 06:48:30.390261: val_loss -0.7036
2025-11-11 06:48:30.390446: Pseudo dice [np.float32(0.928), np.float32(0.7957), np.float32(0.0)]
2025-11-11 06:48:30.390639: Epoch time: 237.71 s
2025-11-11 06:48:31.481906: 
2025-11-11 06:48:31.482142: Epoch 163
2025-11-11 06:48:31.482275: Current learning rate: 0.00852
2025-11-11 06:52:36.291115: train_loss -0.6805
2025-11-11 06:52:36.291671: val_loss -0.7278
2025-11-11 06:52:36.291809: Pseudo dice [np.float32(0.9237), np.float32(0.7939), np.float32(0.0)]
2025-11-11 06:52:36.291939: Epoch time: 244.81 s
2025-11-11 06:52:37.419905: 
2025-11-11 06:52:37.420144: Epoch 164
2025-11-11 06:52:37.420288: Current learning rate: 0.00851
2025-11-11 06:56:34.219712: train_loss -0.6858
2025-11-11 06:56:34.220325: val_loss -0.689
2025-11-11 06:56:34.220470: Pseudo dice [np.float32(0.9349), np.float32(0.7913), np.float32(0.0)]
2025-11-11 06:56:34.220602: Epoch time: 236.8 s
2025-11-11 06:56:35.326546: 
2025-11-11 06:56:35.326815: Epoch 165
2025-11-11 06:56:35.326960: Current learning rate: 0.0085
2025-11-11 07:00:34.367579: train_loss -0.691
2025-11-11 07:00:34.368054: val_loss -0.6798
2025-11-11 07:00:34.368179: Pseudo dice [np.float32(0.9301), np.float32(0.7988), np.float32(0.0)]
2025-11-11 07:00:34.368297: Epoch time: 239.04 s
2025-11-11 07:00:35.451469: 
2025-11-11 07:00:35.451749: Epoch 166
2025-11-11 07:00:35.451895: Current learning rate: 0.00849
2025-11-11 07:04:33.092712: train_loss -0.6894
2025-11-11 07:04:33.093258: val_loss -0.6687
2025-11-11 07:04:33.093467: Pseudo dice [np.float32(0.9283), np.float32(0.8031), np.float32(0.0)]
2025-11-11 07:04:33.093607: Epoch time: 237.64 s
2025-11-11 07:04:34.184523: 
2025-11-11 07:04:34.184822: Epoch 167
2025-11-11 07:04:34.184981: Current learning rate: 0.00848
2025-11-11 07:08:31.938603: train_loss -0.6853
2025-11-11 07:08:31.939083: val_loss -0.6906
2025-11-11 07:08:31.939223: Pseudo dice [np.float32(0.9221), np.float32(0.7941), np.float32(0.0)]
2025-11-11 07:08:31.939353: Epoch time: 237.76 s
2025-11-11 07:08:33.033166: 
2025-11-11 07:08:33.033444: Epoch 168
2025-11-11 07:08:33.033598: Current learning rate: 0.00847
2025-11-11 07:12:32.882846: train_loss -0.6727
2025-11-11 07:12:32.883424: val_loss -0.6876
2025-11-11 07:12:32.883615: Pseudo dice [np.float32(0.9295), np.float32(0.8002), np.float32(0.0)]
2025-11-11 07:12:32.883747: Epoch time: 239.85 s
2025-11-11 07:12:34.005327: 
2025-11-11 07:12:34.005552: Epoch 169
2025-11-11 07:12:34.005701: Current learning rate: 0.00847
2025-11-11 07:16:26.888864: train_loss -0.6767
2025-11-11 07:16:26.889439: val_loss -0.6695
2025-11-11 07:16:26.889577: Pseudo dice [np.float32(0.93), np.float32(0.7874), np.float32(0.0)]
2025-11-11 07:16:26.889705: Epoch time: 232.89 s
2025-11-11 07:16:28.002550: 
2025-11-11 07:16:28.002830: Epoch 170
2025-11-11 07:16:28.003104: Current learning rate: 0.00846
2025-11-11 07:20:24.216750: train_loss -0.6857
2025-11-11 07:20:24.217295: val_loss -0.6768
2025-11-11 07:20:24.217459: Pseudo dice [np.float32(0.9307), np.float32(0.7946), np.float32(0.0)]
2025-11-11 07:20:24.217591: Epoch time: 236.22 s
2025-11-11 07:20:25.314481: 
2025-11-11 07:20:25.314764: Epoch 171
2025-11-11 07:20:25.314886: Current learning rate: 0.00845
2025-11-11 07:24:21.198463: train_loss -0.679
2025-11-11 07:24:21.198938: val_loss -0.6615
2025-11-11 07:24:21.199075: Pseudo dice [np.float32(0.9189), np.float32(0.7906), np.float32(0.0)]
2025-11-11 07:24:21.199296: Epoch time: 235.89 s
2025-11-11 07:24:22.295624: 
2025-11-11 07:24:22.295854: Epoch 172
2025-11-11 07:24:22.295982: Current learning rate: 0.00844
2025-11-11 07:28:24.059076: train_loss -0.6642
2025-11-11 07:28:24.070229: val_loss -0.6941
2025-11-11 07:28:24.079488: Pseudo dice [np.float32(0.9262), np.float32(0.7951), np.float32(0.0)]
2025-11-11 07:28:24.079693: Epoch time: 241.77 s
2025-11-11 07:28:25.596671: 
2025-11-11 07:28:25.596991: Epoch 173
2025-11-11 07:28:25.597143: Current learning rate: 0.00843
2025-11-11 07:32:21.879171: train_loss -0.6779
2025-11-11 07:32:21.880031: val_loss -0.6842
2025-11-11 07:32:21.880169: Pseudo dice [np.float32(0.927), np.float32(0.8036), np.float32(0.0)]
2025-11-11 07:32:21.880300: Epoch time: 236.29 s
2025-11-11 07:32:22.985784: 
2025-11-11 07:32:22.986093: Epoch 174
2025-11-11 07:32:22.986279: Current learning rate: 0.00842
2025-11-11 07:36:19.167813: train_loss -0.7066
2025-11-11 07:36:19.168315: val_loss -0.6747
2025-11-11 07:36:19.168472: Pseudo dice [np.float32(0.9275), np.float32(0.7947), np.float32(0.0)]
2025-11-11 07:36:19.168605: Epoch time: 236.18 s
2025-11-11 07:36:20.276658: 
2025-11-11 07:36:20.276934: Epoch 175
2025-11-11 07:36:20.277075: Current learning rate: 0.00841
2025-11-11 07:40:20.255355: train_loss -0.6817
2025-11-11 07:40:20.255828: val_loss -0.7006
2025-11-11 07:40:20.255968: Pseudo dice [np.float32(0.9298), np.float32(0.8032), np.float32(0.0)]
2025-11-11 07:40:20.256097: Epoch time: 239.98 s
2025-11-11 07:40:21.359106: 
2025-11-11 07:40:21.359338: Epoch 176
2025-11-11 07:40:21.359471: Current learning rate: 0.0084
2025-11-11 07:44:21.791656: train_loss -0.6881
2025-11-11 07:44:21.792179: val_loss -0.681
2025-11-11 07:44:21.792466: Pseudo dice [np.float32(0.9278), np.float32(0.8022), np.float32(0.0)]
2025-11-11 07:44:21.792612: Epoch time: 240.44 s
2025-11-11 07:44:23.147502: 
2025-11-11 07:44:23.147796: Epoch 177
2025-11-11 07:44:23.147946: Current learning rate: 0.00839
2025-11-11 07:48:23.030554: train_loss -0.6688
2025-11-11 07:48:23.031098: val_loss -0.6609
2025-11-11 07:48:23.031279: Pseudo dice [np.float32(0.9247), np.float32(0.7939), np.float32(0.0)]
2025-11-11 07:48:23.031431: Epoch time: 239.89 s
2025-11-11 07:48:25.064046: 
2025-11-11 07:48:25.064309: Epoch 178
2025-11-11 07:48:25.064459: Current learning rate: 0.00838
2025-11-11 07:52:34.448154: train_loss -0.6702
2025-11-11 07:52:34.448722: val_loss -0.6811
2025-11-11 07:52:34.448894: Pseudo dice [np.float32(0.9236), np.float32(0.7943), np.float32(0.0)]
2025-11-11 07:52:34.449027: Epoch time: 249.39 s
2025-11-11 07:52:35.543760: 
2025-11-11 07:52:35.544059: Epoch 179
2025-11-11 07:52:35.544206: Current learning rate: 0.00837
2025-11-11 07:56:35.887067: train_loss -0.6786
2025-11-11 07:56:35.887624: val_loss -0.6886
2025-11-11 07:56:35.887767: Pseudo dice [np.float32(0.9249), np.float32(0.7996), np.float32(0.0)]
2025-11-11 07:56:35.887898: Epoch time: 240.35 s
2025-11-11 07:56:36.908035: 
2025-11-11 07:56:36.908270: Epoch 180
2025-11-11 07:56:36.908420: Current learning rate: 0.00836
2025-11-11 08:00:39.990370: train_loss -0.6892
2025-11-11 08:00:39.995308: val_loss -0.7058
2025-11-11 08:00:39.997368: Pseudo dice [np.float32(0.9294), np.float32(0.7897), np.float32(0.0)]
2025-11-11 08:00:40.001494: Epoch time: 243.08 s
2025-11-11 08:00:41.885359: 
2025-11-11 08:00:41.885658: Epoch 181
2025-11-11 08:00:41.885824: Current learning rate: 0.00836
2025-11-11 08:04:42.776370: train_loss -0.6836
2025-11-11 08:04:42.783386: val_loss -0.7096
2025-11-11 08:04:42.785449: Pseudo dice [np.float32(0.9264), np.float32(0.7964), np.float32(0.0)]
2025-11-11 08:04:42.787482: Epoch time: 240.89 s
2025-11-11 08:04:46.097058: 
2025-11-11 08:04:46.100322: Epoch 182
2025-11-11 08:04:46.102461: Current learning rate: 0.00835
2025-11-11 08:08:45.145048: train_loss -0.6877
2025-11-11 08:08:45.145578: val_loss -0.6579
2025-11-11 08:08:45.145720: Pseudo dice [np.float32(0.9249), np.float32(0.7842), np.float32(0.0)]
2025-11-11 08:08:45.145850: Epoch time: 239.06 s
2025-11-11 08:08:46.237650: 
2025-11-11 08:08:46.237918: Epoch 183
2025-11-11 08:08:46.238044: Current learning rate: 0.00834
2025-11-11 08:12:45.817209: train_loss -0.6801
2025-11-11 08:12:45.821019: val_loss -0.6782
2025-11-11 08:12:45.821195: Pseudo dice [np.float32(0.9262), np.float32(0.7892), np.float32(0.0)]
2025-11-11 08:12:45.821322: Epoch time: 239.58 s
2025-11-11 08:12:47.262190: 
2025-11-11 08:12:47.262504: Epoch 184
2025-11-11 08:12:47.262650: Current learning rate: 0.00833
2025-11-11 08:16:50.756771: train_loss -0.6725
2025-11-11 08:16:50.757241: val_loss -0.6927
2025-11-11 08:16:50.757376: Pseudo dice [np.float32(0.9294), np.float32(0.7948), np.float32(0.0)]
2025-11-11 08:16:50.757515: Epoch time: 243.5 s
2025-11-11 08:16:51.861866: 
2025-11-11 08:16:51.862151: Epoch 185
2025-11-11 08:16:51.862305: Current learning rate: 0.00832
2025-11-11 08:20:50.196921: train_loss -0.6912
2025-11-11 08:20:50.217672: val_loss -0.6905
2025-11-11 08:20:50.217860: Pseudo dice [np.float32(0.9287), np.float32(0.8027), np.float32(0.0)]
2025-11-11 08:20:50.217988: Epoch time: 238.34 s
2025-11-11 08:20:51.501487: 
2025-11-11 08:20:51.501725: Epoch 186
2025-11-11 08:20:51.501875: Current learning rate: 0.00831
2025-11-11 08:24:50.718756: train_loss -0.6853
2025-11-11 08:24:50.719241: val_loss -0.7077
2025-11-11 08:24:50.719438: Pseudo dice [np.float32(0.9267), np.float32(0.7911), np.float32(0.0)]
2025-11-11 08:24:50.719628: Epoch time: 239.22 s
2025-11-11 08:24:51.815761: 
2025-11-11 08:24:51.816045: Epoch 187
2025-11-11 08:24:51.816180: Current learning rate: 0.0083
2025-11-11 08:28:49.810089: train_loss -0.6827
2025-11-11 08:28:49.810699: val_loss -0.6771
2025-11-11 08:28:49.810840: Pseudo dice [np.float32(0.9231), np.float32(0.7967), np.float32(0.0)]
2025-11-11 08:28:49.811017: Epoch time: 238.0 s
2025-11-11 08:28:50.906336: 
2025-11-11 08:28:50.906591: Epoch 188
2025-11-11 08:28:50.906715: Current learning rate: 0.00829
2025-11-11 08:32:48.393723: train_loss -0.6925
2025-11-11 08:32:48.394462: val_loss -0.6872
2025-11-11 08:32:48.394604: Pseudo dice [np.float32(0.929), np.float32(0.8018), np.float32(0.0)]
2025-11-11 08:32:48.394738: Epoch time: 237.49 s
2025-11-11 08:32:49.511639: 
2025-11-11 08:32:49.511874: Epoch 189
2025-11-11 08:32:49.511999: Current learning rate: 0.00828
2025-11-11 08:36:47.499283: train_loss -0.6905
2025-11-11 08:36:47.499787: val_loss -0.6876
2025-11-11 08:36:47.499926: Pseudo dice [np.float32(0.9255), np.float32(0.7934), np.float32(0.0)]
2025-11-11 08:36:47.500055: Epoch time: 237.99 s
2025-11-11 08:36:48.580197: 
2025-11-11 08:36:48.580444: Epoch 190
2025-11-11 08:36:48.580568: Current learning rate: 0.00827
2025-11-11 08:40:49.277718: train_loss -0.6893
2025-11-11 08:40:49.282859: val_loss -0.6967
2025-11-11 08:40:49.284931: Pseudo dice [np.float32(0.9282), np.float32(0.8045), np.float32(0.0)]
2025-11-11 08:40:49.285089: Epoch time: 240.7 s
2025-11-11 08:40:51.019876: 
2025-11-11 08:40:51.020136: Epoch 191
2025-11-11 08:40:51.020273: Current learning rate: 0.00826
2025-11-11 08:44:54.818870: train_loss -0.6775
2025-11-11 08:44:54.819437: val_loss -0.6807
2025-11-11 08:44:54.819579: Pseudo dice [np.float32(0.9319), np.float32(0.8096), np.float32(0.0)]
2025-11-11 08:44:54.819710: Epoch time: 243.8 s
2025-11-11 08:44:55.964388: 
2025-11-11 08:44:55.964592: Epoch 192
2025-11-11 08:44:55.964732: Current learning rate: 0.00825
2025-11-11 08:48:53.536623: train_loss -0.6864
2025-11-11 08:48:53.537145: val_loss -0.7257
2025-11-11 08:48:53.537280: Pseudo dice [np.float32(0.9311), np.float32(0.8021), np.float32(0.0)]
2025-11-11 08:48:53.537417: Epoch time: 237.57 s
2025-11-11 08:48:54.651624: 
2025-11-11 08:48:54.651905: Epoch 193
2025-11-11 08:48:54.652081: Current learning rate: 0.00824
2025-11-11 08:52:54.956651: train_loss -0.7012
2025-11-11 08:52:54.957418: val_loss -0.7103
2025-11-11 08:52:54.957556: Pseudo dice [np.float32(0.927), np.float32(0.8013), np.float32(0.0)]
2025-11-11 08:52:54.957685: Epoch time: 240.31 s
2025-11-11 08:52:56.059908: 
2025-11-11 08:52:56.060153: Epoch 194
2025-11-11 08:52:56.060279: Current learning rate: 0.00824
2025-11-11 08:57:02.466254: train_loss -0.6977
2025-11-11 08:57:02.466774: val_loss -0.7032
2025-11-11 08:57:02.466911: Pseudo dice [np.float32(0.926), np.float32(0.8075), np.float32(0.0)]
2025-11-11 08:57:02.467040: Epoch time: 246.41 s
2025-11-11 08:57:04.172495: 
2025-11-11 08:57:04.172724: Epoch 195
2025-11-11 08:57:04.172859: Current learning rate: 0.00823
2025-11-11 09:00:58.926972: train_loss -0.7044
2025-11-11 09:00:58.927479: val_loss -0.6877
2025-11-11 09:00:58.927621: Pseudo dice [np.float32(0.933), np.float32(0.8096), np.float32(0.0)]
2025-11-11 09:00:58.927749: Epoch time: 234.76 s
2025-11-11 09:01:00.019698: 
2025-11-11 09:01:00.019986: Epoch 196
2025-11-11 09:01:00.020108: Current learning rate: 0.00822
2025-11-11 09:05:05.822422: train_loss -0.6942
2025-11-11 09:05:05.822937: val_loss -0.6818
2025-11-11 09:05:05.823075: Pseudo dice [np.float32(0.9353), np.float32(0.8114), np.float32(0.0)]
2025-11-11 09:05:05.823204: Epoch time: 245.81 s
2025-11-11 09:05:06.945209: 
2025-11-11 09:05:06.945548: Epoch 197
2025-11-11 09:05:06.945698: Current learning rate: 0.00821
2025-11-11 09:09:08.435056: train_loss -0.6855
2025-11-11 09:09:08.437302: val_loss -0.7092
2025-11-11 09:09:08.438882: Pseudo dice [np.float32(0.9309), np.float32(0.8025), np.float32(0.0)]
2025-11-11 09:09:08.439401: Epoch time: 241.49 s
2025-11-11 09:09:09.708436: 
2025-11-11 09:09:09.708853: Epoch 198
2025-11-11 09:09:09.710576: Current learning rate: 0.0082
2025-11-11 09:13:09.731922: train_loss -0.6737
2025-11-11 09:13:09.732517: val_loss -0.6565
2025-11-11 09:13:09.732662: Pseudo dice [np.float32(0.9204), np.float32(0.7786), np.float32(0.0)]
2025-11-11 09:13:09.732792: Epoch time: 240.03 s
2025-11-11 09:13:10.852266: 
2025-11-11 09:13:10.852569: Epoch 199
2025-11-11 09:13:10.852722: Current learning rate: 0.00819
2025-11-11 09:17:09.218853: train_loss -0.6727
2025-11-11 09:17:09.219437: val_loss -0.6953
2025-11-11 09:17:09.219579: Pseudo dice [np.float32(0.9265), np.float32(0.789), np.float32(0.0)]
2025-11-11 09:17:09.219706: Epoch time: 238.37 s
2025-11-11 09:17:11.139859: 
2025-11-11 09:17:11.140110: Epoch 200
2025-11-11 09:17:11.140246: Current learning rate: 0.00818
2025-11-11 09:21:06.277751: train_loss -0.6808
2025-11-11 09:21:06.278266: val_loss -0.6834
2025-11-11 09:21:06.278426: Pseudo dice [np.float32(0.9196), np.float32(0.7982), np.float32(0.0)]
2025-11-11 09:21:06.278560: Epoch time: 235.14 s
2025-11-11 09:21:07.405962: 
2025-11-11 09:21:07.406224: Epoch 201
2025-11-11 09:21:07.406410: Current learning rate: 0.00817
2025-11-11 09:25:03.669316: train_loss -0.695
2025-11-11 09:25:03.669854: val_loss -0.7097
2025-11-11 09:25:03.669994: Pseudo dice [np.float32(0.926), np.float32(0.7993), np.float32(0.0)]
2025-11-11 09:25:03.670123: Epoch time: 236.27 s
2025-11-11 09:25:04.775176: 
2025-11-11 09:25:04.775435: Epoch 202
2025-11-11 09:25:04.775605: Current learning rate: 0.00816
2025-11-11 09:29:02.431031: train_loss -0.6895
2025-11-11 09:29:02.431597: val_loss -0.6972
2025-11-11 09:29:02.431805: Pseudo dice [np.float32(0.9298), np.float32(0.8059), np.float32(0.0)]
2025-11-11 09:29:02.431938: Epoch time: 237.66 s
2025-11-11 09:29:03.551973: 
2025-11-11 09:29:03.552229: Epoch 203
2025-11-11 09:29:03.552376: Current learning rate: 0.00815
2025-11-11 09:33:03.633535: train_loss -0.6976
2025-11-11 09:33:03.634079: val_loss -0.7073
2025-11-11 09:33:03.634218: Pseudo dice [np.float32(0.9299), np.float32(0.8081), np.float32(0.0)]
2025-11-11 09:33:03.634349: Epoch time: 240.08 s
2025-11-11 09:33:04.744296: 
2025-11-11 09:33:04.744560: Epoch 204
2025-11-11 09:33:04.744686: Current learning rate: 0.00814
2025-11-11 09:37:05.763488: train_loss -0.7071
2025-11-11 09:37:05.764101: val_loss -0.6999
2025-11-11 09:37:05.764239: Pseudo dice [np.float32(0.9326), np.float32(0.8106), np.float32(0.0)]
2025-11-11 09:37:05.764369: Epoch time: 241.02 s
2025-11-11 09:37:06.866185: 
2025-11-11 09:37:06.866454: Epoch 205
2025-11-11 09:37:06.866583: Current learning rate: 0.00813
2025-11-11 09:41:03.930885: train_loss -0.714
2025-11-11 09:41:03.931371: val_loss -0.6977
2025-11-11 09:41:03.931517: Pseudo dice [np.float32(0.933), np.float32(0.8045), np.float32(0.0)]
2025-11-11 09:41:03.931648: Epoch time: 237.07 s
2025-11-11 09:41:04.999851: 
2025-11-11 09:41:05.000153: Epoch 206
2025-11-11 09:41:05.000288: Current learning rate: 0.00813
2025-11-11 09:45:03.594254: train_loss -0.6943
2025-11-11 09:45:03.594809: val_loss -0.681
2025-11-11 09:45:03.594948: Pseudo dice [np.float32(0.9335), np.float32(0.7952), np.float32(0.0)]
2025-11-11 09:45:03.595076: Epoch time: 238.6 s
2025-11-11 09:45:04.668033: 
2025-11-11 09:45:04.668336: Epoch 207
2025-11-11 09:45:04.668493: Current learning rate: 0.00812
2025-11-11 09:49:00.170733: train_loss -0.7009
2025-11-11 09:49:00.171428: val_loss -0.7203
2025-11-11 09:49:00.171581: Pseudo dice [np.float32(0.934), np.float32(0.807), np.float32(0.0)]
2025-11-11 09:49:00.171714: Epoch time: 235.51 s
2025-11-11 09:49:01.239518: 
2025-11-11 09:49:01.239841: Epoch 208
2025-11-11 09:49:01.240165: Current learning rate: 0.00811
2025-11-11 09:52:58.457368: train_loss -0.694
2025-11-11 09:52:58.457814: val_loss -0.7087
2025-11-11 09:52:58.457941: Pseudo dice [np.float32(0.9327), np.float32(0.8085), np.float32(0.0)]
2025-11-11 09:52:58.458093: Epoch time: 237.22 s
2025-11-11 09:52:59.529582: 
2025-11-11 09:52:59.529849: Epoch 209
2025-11-11 09:52:59.529993: Current learning rate: 0.0081
2025-11-11 09:56:56.240644: train_loss -0.682
2025-11-11 09:56:56.241256: val_loss -0.7217
2025-11-11 09:56:56.241393: Pseudo dice [np.float32(0.9289), np.float32(0.8056), np.float32(0.0)]
2025-11-11 09:56:56.241550: Epoch time: 236.71 s
2025-11-11 09:56:57.314897: 
2025-11-11 09:56:57.315166: Epoch 210
2025-11-11 09:56:57.315294: Current learning rate: 0.00809
2025-11-11 10:01:06.129784: train_loss -0.7052
2025-11-11 10:01:06.131193: val_loss -0.6976
2025-11-11 10:01:06.131354: Pseudo dice [np.float32(0.9323), np.float32(0.812), np.float32(0.0)]
2025-11-11 10:01:06.131468: Epoch time: 248.82 s
2025-11-11 10:01:07.213333: 
2025-11-11 10:01:07.213588: Epoch 211
2025-11-11 10:01:07.213711: Current learning rate: 0.00808
2025-11-11 10:05:06.137780: train_loss -0.6888
2025-11-11 10:05:06.138025: val_loss -0.6486
2025-11-11 10:05:06.138129: Pseudo dice [np.float32(0.8985), np.float32(0.7898), np.float32(0.0)]
2025-11-11 10:05:06.138232: Epoch time: 238.93 s
2025-11-11 10:05:07.805524: 
2025-11-11 10:05:07.805790: Epoch 212
2025-11-11 10:05:07.805898: Current learning rate: 0.00807
2025-11-11 10:09:10.183319: train_loss -0.6901
2025-11-11 10:09:10.183579: val_loss -0.7134
2025-11-11 10:09:10.183684: Pseudo dice [np.float32(0.9191), np.float32(0.7982), np.float32(0.0)]
2025-11-11 10:09:10.183781: Epoch time: 242.38 s
2025-11-11 10:09:11.256673: 
2025-11-11 10:09:11.256942: Epoch 213
2025-11-11 10:09:11.257062: Current learning rate: 0.00806
2025-11-11 10:13:07.075481: train_loss -0.687
2025-11-11 10:13:07.075715: val_loss -0.6994
2025-11-11 10:13:07.075816: Pseudo dice [np.float32(0.9301), np.float32(0.7926), np.float32(0.0)]
2025-11-11 10:13:07.075916: Epoch time: 235.82 s
2025-11-11 10:13:08.146959: 
2025-11-11 10:13:08.147202: Epoch 214
2025-11-11 10:13:08.147338: Current learning rate: 0.00805
2025-11-11 10:17:05.966334: train_loss -0.6811
2025-11-11 10:17:05.966582: val_loss -0.6827
2025-11-11 10:17:05.966687: Pseudo dice [np.float32(0.9264), np.float32(0.8098), np.float32(0.0)]
2025-11-11 10:17:05.966787: Epoch time: 237.82 s
2025-11-11 10:17:07.043753: 
2025-11-11 10:17:07.044022: Epoch 215
2025-11-11 10:17:07.044139: Current learning rate: 0.00804
2025-11-11 10:21:06.020997: train_loss -0.7
2025-11-11 10:21:06.021234: val_loss -0.7013
2025-11-11 10:21:06.021339: Pseudo dice [np.float32(0.9292), np.float32(0.8073), np.float32(0.0)]
2025-11-11 10:21:06.021446: Epoch time: 238.98 s
2025-11-11 10:21:07.103665: 
2025-11-11 10:21:07.103914: Epoch 216
2025-11-11 10:21:07.104019: Current learning rate: 0.00803
2025-11-11 10:25:09.347292: train_loss -0.7135
2025-11-11 10:25:09.347565: val_loss -0.7115
2025-11-11 10:25:09.347672: Pseudo dice [np.float32(0.929), np.float32(0.8037), np.float32(0.0)]
2025-11-11 10:25:09.347856: Epoch time: 242.25 s
2025-11-11 10:25:10.426769: 
2025-11-11 10:25:10.427033: Epoch 217
2025-11-11 10:25:10.427152: Current learning rate: 0.00802
2025-11-11 10:29:06.561844: train_loss -0.6948
2025-11-11 10:29:06.562078: val_loss -0.7077
2025-11-11 10:29:06.562183: Pseudo dice [np.float32(0.9296), np.float32(0.8072), np.float32(0.0)]
2025-11-11 10:29:06.562284: Epoch time: 236.14 s
2025-11-11 10:29:07.638991: 
2025-11-11 10:29:07.639268: Epoch 218
2025-11-11 10:29:07.639384: Current learning rate: 0.00801
2025-11-11 10:33:04.012503: train_loss -0.6954
2025-11-11 10:33:04.012741: val_loss -0.6985
2025-11-11 10:33:04.012845: Pseudo dice [np.float32(0.9349), np.float32(0.8129), np.float32(0.0)]
2025-11-11 10:33:04.012945: Epoch time: 236.38 s
2025-11-11 10:33:05.086036: 
2025-11-11 10:33:05.086329: Epoch 219
2025-11-11 10:33:05.086445: Current learning rate: 0.00801
2025-11-11 10:37:03.026155: train_loss -0.688
2025-11-11 10:37:03.026409: val_loss -0.7098
2025-11-11 10:37:03.026520: Pseudo dice [np.float32(0.9357), np.float32(0.805), np.float32(0.0)]
2025-11-11 10:37:03.026619: Epoch time: 237.94 s
2025-11-11 10:37:04.106157: 
2025-11-11 10:37:04.106442: Epoch 220
2025-11-11 10:37:04.106587: Current learning rate: 0.008
2025-11-11 10:41:01.675644: train_loss -0.7021
2025-11-11 10:41:01.675887: val_loss -0.7259
2025-11-11 10:41:01.675994: Pseudo dice [np.float32(0.9327), np.float32(0.809), np.float32(0.0)]
2025-11-11 10:41:01.676095: Epoch time: 237.57 s
2025-11-11 10:41:02.760994: 
2025-11-11 10:41:02.761290: Epoch 221
2025-11-11 10:41:02.761443: Current learning rate: 0.00799
2025-11-11 10:45:04.888860: train_loss -0.6999
2025-11-11 10:45:04.889095: val_loss -0.6914
2025-11-11 10:45:04.889199: Pseudo dice [np.float32(0.9221), np.float32(0.8129), np.float32(0.0)]
2025-11-11 10:45:04.889317: Epoch time: 242.13 s
2025-11-11 10:45:05.967536: 
2025-11-11 10:45:05.967921: Epoch 222
2025-11-11 10:45:05.968168: Current learning rate: 0.00798
2025-11-11 10:49:04.301981: train_loss -0.6929
2025-11-11 10:49:04.302215: val_loss -0.6868
2025-11-11 10:49:04.302319: Pseudo dice [np.float32(0.9258), np.float32(0.8099), np.float32(0.0)]
2025-11-11 10:49:04.302565: Epoch time: 238.34 s
2025-11-11 10:49:05.376243: 
2025-11-11 10:49:05.376538: Epoch 223
2025-11-11 10:49:05.376657: Current learning rate: 0.00797
2025-11-11 10:53:01.833702: train_loss -0.7083
2025-11-11 10:53:01.833944: val_loss -0.6878
2025-11-11 10:53:01.834046: Pseudo dice [np.float32(0.9257), np.float32(0.8054), np.float32(0.0)]
2025-11-11 10:53:01.834146: Epoch time: 236.46 s
2025-11-11 10:53:02.904726: 
2025-11-11 10:53:02.904969: Epoch 224
2025-11-11 10:53:02.905088: Current learning rate: 0.00796
2025-11-11 10:57:02.563737: train_loss -0.6985
2025-11-11 10:57:02.563984: val_loss -0.702
2025-11-11 10:57:02.564089: Pseudo dice [np.float32(0.9306), np.float32(0.8089), np.float32(0.0)]
2025-11-11 10:57:02.564190: Epoch time: 239.66 s
2025-11-11 10:57:03.656999: 
2025-11-11 10:57:03.657315: Epoch 225
2025-11-11 10:57:03.657533: Current learning rate: 0.00795
2025-11-11 11:01:01.889157: train_loss -0.7008
2025-11-11 11:01:01.889416: val_loss -0.7071
2025-11-11 11:01:01.889528: Pseudo dice [np.float32(0.9264), np.float32(0.8122), np.float32(0.0)]
2025-11-11 11:01:01.889629: Epoch time: 238.23 s
2025-11-11 11:01:02.952367: 
2025-11-11 11:01:02.952602: Epoch 226
2025-11-11 11:01:02.952804: Current learning rate: 0.00794
2025-11-11 11:05:05.647365: train_loss -0.7029
2025-11-11 11:05:05.647610: val_loss -0.6814
2025-11-11 11:05:05.647713: Pseudo dice [np.float32(0.9314), np.float32(0.8044), np.float32(0.0)]
2025-11-11 11:05:05.647813: Epoch time: 242.7 s
2025-11-11 11:05:06.706094: 
2025-11-11 11:05:06.706331: Epoch 227
2025-11-11 11:05:06.706467: Current learning rate: 0.00793
2025-11-11 11:09:07.416888: train_loss -0.6976
2025-11-11 11:09:07.417126: val_loss -0.7218
2025-11-11 11:09:07.417229: Pseudo dice [np.float32(0.9289), np.float32(0.8084), np.float32(0.0)]
2025-11-11 11:09:07.417328: Epoch time: 240.71 s
2025-11-11 11:09:10.384318: 
2025-11-11 11:09:10.385259: Epoch 228
2025-11-11 11:09:10.385414: Current learning rate: 0.00792
2025-11-11 11:13:04.908294: train_loss -0.7001
2025-11-11 11:13:04.908544: val_loss -0.6865
2025-11-11 11:13:04.908649: Pseudo dice [np.float32(0.932), np.float32(0.8051), np.float32(0.0)]
2025-11-11 11:13:04.908748: Epoch time: 234.53 s
2025-11-11 11:13:05.964979: 
2025-11-11 11:13:05.965222: Epoch 229
2025-11-11 11:13:05.965337: Current learning rate: 0.00791
2025-11-11 11:17:04.636324: train_loss -0.6906
2025-11-11 11:17:04.636609: val_loss -0.7202
2025-11-11 11:17:04.636719: Pseudo dice [np.float32(0.9272), np.float32(0.8034), np.float32(0.0)]
2025-11-11 11:17:04.636821: Epoch time: 238.67 s
2025-11-11 11:17:06.288695: 
2025-11-11 11:17:06.288930: Epoch 230
2025-11-11 11:17:06.289081: Current learning rate: 0.0079
2025-11-11 11:21:04.607081: train_loss -0.6789
2025-11-11 11:21:04.607352: val_loss -0.6912
2025-11-11 11:21:04.607493: Pseudo dice [np.float32(0.9211), np.float32(0.7768), np.float32(0.0)]
2025-11-11 11:21:04.607595: Epoch time: 238.32 s
2025-11-11 11:21:05.626369: 
2025-11-11 11:21:05.626639: Epoch 231
2025-11-11 11:21:05.626799: Current learning rate: 0.00789
2025-11-11 11:25:05.431827: train_loss -0.6717
2025-11-11 11:25:05.432082: val_loss -0.7194
2025-11-11 11:25:05.432187: Pseudo dice [np.float32(0.9211), np.float32(0.8013), np.float32(0.0)]
2025-11-11 11:25:05.432286: Epoch time: 239.81 s
2025-11-11 11:25:06.509670: 
2025-11-11 11:25:06.509912: Epoch 232
2025-11-11 11:25:06.510065: Current learning rate: 0.00789
2025-11-11 11:29:11.122793: train_loss -0.6963
2025-11-11 11:29:11.123040: val_loss -0.6784
2025-11-11 11:29:11.123142: Pseudo dice [np.float32(0.9281), np.float32(0.801), np.float32(0.0)]
2025-11-11 11:29:11.129098: Epoch time: 244.62 s
2025-11-11 11:29:12.463593: 
2025-11-11 11:29:12.463815: Epoch 233
2025-11-11 11:29:12.463931: Current learning rate: 0.00788
2025-11-11 11:33:08.230897: train_loss -0.7076
2025-11-11 11:33:08.231125: val_loss -0.6855
2025-11-11 11:33:08.231228: Pseudo dice [np.float32(0.9268), np.float32(0.8066), np.float32(0.0)]
2025-11-11 11:33:08.231326: Epoch time: 235.77 s
2025-11-11 11:33:09.288275: 
2025-11-11 11:33:09.288578: Epoch 234
2025-11-11 11:33:09.288742: Current learning rate: 0.00787
2025-11-11 11:37:08.323313: train_loss -0.6972
2025-11-11 11:37:08.323549: val_loss -0.7113
2025-11-11 11:37:08.323654: Pseudo dice [np.float32(0.9358), np.float32(0.7961), np.float32(0.0)]
2025-11-11 11:37:08.323754: Epoch time: 239.04 s
2025-11-11 11:37:09.386183: 
2025-11-11 11:37:09.386465: Epoch 235
2025-11-11 11:37:09.386587: Current learning rate: 0.00786
2025-11-11 11:41:06.019848: train_loss -0.7018
2025-11-11 11:41:06.020090: val_loss -0.6752
2025-11-11 11:41:06.020194: Pseudo dice [np.float32(0.9277), np.float32(0.7979), np.float32(0.0)]
2025-11-11 11:41:06.020295: Epoch time: 236.64 s
2025-11-11 11:41:07.078805: 
2025-11-11 11:41:07.079068: Epoch 236
2025-11-11 11:41:07.079181: Current learning rate: 0.00785
2025-11-11 11:45:07.298889: train_loss -0.7065
2025-11-11 11:45:07.299152: val_loss -0.7209
2025-11-11 11:45:07.299260: Pseudo dice [np.float32(0.9248), np.float32(0.8045), np.float32(0.0)]
2025-11-11 11:45:07.299363: Epoch time: 240.22 s
2025-11-11 11:45:08.901953: 
2025-11-11 11:45:08.902243: Epoch 237
2025-11-11 11:45:08.902365: Current learning rate: 0.00784
2025-11-11 11:49:07.835354: train_loss -0.7167
2025-11-11 11:49:07.835724: val_loss -0.6963
2025-11-11 11:49:07.835876: Pseudo dice [np.float32(0.9333), np.float32(0.8087), np.float32(0.0)]
2025-11-11 11:49:07.835997: Epoch time: 238.94 s
2025-11-11 11:49:08.894558: 
2025-11-11 11:49:08.894839: Epoch 238
2025-11-11 11:49:08.894954: Current learning rate: 0.00783
2025-11-11 11:53:06.520822: train_loss -0.714
2025-11-11 11:53:06.525107: val_loss -0.6979
2025-11-11 11:53:06.525211: Pseudo dice [np.float32(0.9279), np.float32(0.7998), np.float32(0.0)]
2025-11-11 11:53:06.525300: Epoch time: 237.63 s
2025-11-11 11:53:07.597035: 
2025-11-11 11:53:07.597293: Epoch 239
2025-11-11 11:53:07.597449: Current learning rate: 0.00782
2025-11-11 11:57:05.913455: train_loss -0.6899
2025-11-11 11:57:05.916004: val_loss -0.6581
2025-11-11 11:57:05.916154: Pseudo dice [np.float32(0.9075), np.float32(0.7984), np.float32(0.0)]
2025-11-11 11:57:05.916256: Epoch time: 238.32 s
2025-11-11 11:57:07.351253: 
2025-11-11 11:57:07.351608: Epoch 240
2025-11-11 11:57:07.351751: Current learning rate: 0.00781
2025-11-11 12:01:05.516445: train_loss -0.6874
2025-11-11 12:01:05.516692: val_loss -0.6942
2025-11-11 12:01:05.516796: Pseudo dice [np.float32(0.9211), np.float32(0.7994), np.float32(0.0)]
2025-11-11 12:01:05.516898: Epoch time: 238.17 s
2025-11-11 12:01:06.612233: 
2025-11-11 12:01:06.612485: Epoch 241
2025-11-11 12:01:06.612604: Current learning rate: 0.0078
2025-11-11 12:05:04.155873: train_loss -0.6875
2025-11-11 12:05:04.156105: val_loss -0.7096
2025-11-11 12:05:04.156209: Pseudo dice [np.float32(0.9263), np.float32(0.807), np.float32(0.0)]
2025-11-11 12:05:04.156307: Epoch time: 237.55 s
2025-11-11 12:05:05.219932: 
2025-11-11 12:05:05.220144: Epoch 242
2025-11-11 12:05:05.220298: Current learning rate: 0.00779
2025-11-11 12:09:00.453851: train_loss -0.6917
2025-11-11 12:09:00.454097: val_loss -0.6809
2025-11-11 12:09:00.454201: Pseudo dice [np.float32(0.9278), np.float32(0.8051), np.float32(0.0)]
2025-11-11 12:09:00.454300: Epoch time: 235.24 s
2025-11-11 12:09:01.539715: 
2025-11-11 12:09:01.539949: Epoch 243
2025-11-11 12:09:01.540089: Current learning rate: 0.00778
2025-11-11 12:12:58.526019: train_loss -0.6936
2025-11-11 12:12:58.526813: val_loss -0.7061
2025-11-11 12:12:58.526926: Pseudo dice [np.float32(0.9311), np.float32(0.802), np.float32(0.0)]
2025-11-11 12:12:58.527029: Epoch time: 236.99 s
2025-11-11 12:12:59.608370: 
2025-11-11 12:12:59.608589: Epoch 244
2025-11-11 12:12:59.608731: Current learning rate: 0.00777
2025-11-11 12:17:00.884890: train_loss -0.7025
2025-11-11 12:17:00.885216: val_loss -0.7109
2025-11-11 12:17:00.885325: Pseudo dice [np.float32(0.9332), np.float32(0.813), np.float32(0.0)]
2025-11-11 12:17:00.885435: Epoch time: 241.28 s
2025-11-11 12:17:01.958028: 
2025-11-11 12:17:01.958252: Epoch 245
2025-11-11 12:17:01.958374: Current learning rate: 0.00777
2025-11-11 12:20:58.745774: train_loss -0.7072
2025-11-11 12:20:58.746023: val_loss -0.7253
2025-11-11 12:20:58.746128: Pseudo dice [np.float32(0.9295), np.float32(0.8121), np.float32(0.0)]
2025-11-11 12:20:58.746232: Epoch time: 236.79 s
2025-11-11 12:20:59.819471: 
2025-11-11 12:20:59.819716: Epoch 246
2025-11-11 12:20:59.819875: Current learning rate: 0.00776
2025-11-11 12:24:55.089042: train_loss -0.7231
2025-11-11 12:24:55.089278: val_loss -0.7148
2025-11-11 12:24:55.089383: Pseudo dice [np.float32(0.9314), np.float32(0.8144), np.float32(0.0)]
2025-11-11 12:24:55.089494: Epoch time: 235.27 s
2025-11-11 12:24:56.155878: 
2025-11-11 12:24:56.156101: Epoch 247
2025-11-11 12:24:56.156230: Current learning rate: 0.00775
2025-11-11 12:29:00.220466: train_loss -0.704
2025-11-11 12:29:00.220763: val_loss -0.6799
2025-11-11 12:29:00.220871: Pseudo dice [np.float32(0.9251), np.float32(0.8127), np.float32(0.0)]
2025-11-11 12:29:00.220973: Epoch time: 244.07 s
2025-11-11 12:29:02.263906: 
2025-11-11 12:29:02.264149: Epoch 248
2025-11-11 12:29:02.264266: Current learning rate: 0.00774
2025-11-11 12:33:01.615141: train_loss -0.6919
2025-11-11 12:33:01.615371: val_loss -0.7228
2025-11-11 12:33:01.615484: Pseudo dice [np.float32(0.9327), np.float32(0.805), np.float32(0.0)]
2025-11-11 12:33:01.615584: Epoch time: 239.35 s
2025-11-11 12:33:02.680475: 
2025-11-11 12:33:02.680768: Epoch 249
2025-11-11 12:33:02.680893: Current learning rate: 0.00773
2025-11-11 12:36:59.180035: train_loss -0.6937
2025-11-11 12:36:59.180282: val_loss -0.7225
2025-11-11 12:36:59.180389: Pseudo dice [np.float32(0.9305), np.float32(0.8032), np.float32(0.0)]
2025-11-11 12:36:59.180644: Epoch time: 236.5 s
2025-11-11 12:37:00.997764: 
2025-11-11 12:37:00.998015: Epoch 250
2025-11-11 12:37:00.998117: Current learning rate: 0.00772
2025-11-11 12:40:56.161114: train_loss -0.6994
2025-11-11 12:40:56.161358: val_loss -0.6974
2025-11-11 12:40:56.161470: Pseudo dice [np.float32(0.9295), np.float32(0.8091), np.float32(0.0)]
2025-11-11 12:40:56.161570: Epoch time: 235.17 s
2025-11-11 12:40:57.219811: 
2025-11-11 12:40:57.220111: Epoch 251
2025-11-11 12:40:57.220237: Current learning rate: 0.00771
2025-11-11 12:44:57.319546: train_loss -0.6947
2025-11-11 12:44:57.319855: val_loss -0.7263
2025-11-11 12:44:57.319960: Pseudo dice [np.float32(0.9297), np.float32(0.8032), np.float32(0.0)]
2025-11-11 12:44:57.320060: Epoch time: 240.1 s
2025-11-11 12:44:58.419824: 
2025-11-11 12:44:58.420141: Epoch 252
2025-11-11 12:44:58.420256: Current learning rate: 0.0077
2025-11-11 12:49:00.607777: train_loss -0.6902
2025-11-11 12:49:00.608097: val_loss -0.6721
2025-11-11 12:49:00.608207: Pseudo dice [np.float32(0.9247), np.float32(0.7894), np.float32(0.0)]
2025-11-11 12:49:00.608310: Epoch time: 242.19 s
2025-11-11 12:49:01.674949: 
2025-11-11 12:49:01.675233: Epoch 253
2025-11-11 12:49:01.675357: Current learning rate: 0.00769
2025-11-11 12:53:02.111377: train_loss -0.6922
2025-11-11 12:53:02.112274: val_loss -0.7128
2025-11-11 12:53:02.112388: Pseudo dice [np.float32(0.927), np.float32(0.8005), np.float32(0.0)]
2025-11-11 12:53:02.112499: Epoch time: 240.44 s
2025-11-11 12:53:03.150768: 
2025-11-11 12:53:03.151027: Epoch 254
2025-11-11 12:53:03.151150: Current learning rate: 0.00768
2025-11-11 12:56:58.137619: train_loss -0.6969
2025-11-11 12:56:58.137855: val_loss -0.7278
2025-11-11 12:56:58.137958: Pseudo dice [np.float32(0.9299), np.float32(0.8107), np.float32(0.0)]
2025-11-11 12:56:58.138059: Epoch time: 234.99 s
2025-11-11 12:56:59.213287: 
2025-11-11 12:56:59.213548: Epoch 255
2025-11-11 12:56:59.213706: Current learning rate: 0.00767
2025-11-11 13:00:56.998080: train_loss -0.6964
2025-11-11 13:00:56.998332: val_loss -0.7129
2025-11-11 13:00:56.998443: Pseudo dice [np.float32(0.9355), np.float32(0.8107), np.float32(0.0)]
2025-11-11 13:00:56.998545: Epoch time: 237.79 s
2025-11-11 13:00:58.083460: 
2025-11-11 13:00:58.083695: Epoch 256
2025-11-11 13:00:58.083816: Current learning rate: 0.00766
2025-11-11 13:04:55.046584: train_loss -0.6936
2025-11-11 13:04:55.046819: val_loss -0.7057
2025-11-11 13:04:55.046924: Pseudo dice [np.float32(0.9293), np.float32(0.8028), np.float32(0.0)]
2025-11-11 13:04:55.047026: Epoch time: 236.97 s
2025-11-11 13:04:56.137071: 
2025-11-11 13:04:56.137303: Epoch 257
2025-11-11 13:04:56.137468: Current learning rate: 0.00765
2025-11-11 13:08:53.256130: train_loss -0.7083
2025-11-11 13:08:53.256370: val_loss -0.7201
2025-11-11 13:08:53.256490: Pseudo dice [np.float32(0.9315), np.float32(0.8151), np.float32(0.0)]
2025-11-11 13:08:53.256591: Epoch time: 237.12 s
2025-11-11 13:08:54.327024: 
2025-11-11 13:08:54.327272: Epoch 258
2025-11-11 13:08:54.327413: Current learning rate: 0.00764
2025-11-11 13:12:53.006695: train_loss -0.7046
2025-11-11 13:12:53.006935: val_loss -0.7205
2025-11-11 13:12:53.007037: Pseudo dice [np.float32(0.9353), np.float32(0.8069), np.float32(0.0)]
2025-11-11 13:12:53.007136: Epoch time: 238.68 s
2025-11-11 13:12:54.073786: 
2025-11-11 13:12:54.074064: Epoch 259
2025-11-11 13:12:54.074192: Current learning rate: 0.00764
2025-11-11 13:16:55.150985: train_loss -0.6967
2025-11-11 13:16:55.151238: val_loss -0.7125
2025-11-11 13:16:55.151341: Pseudo dice [np.float32(0.9286), np.float32(0.8075), np.float32(0.0)]
2025-11-11 13:16:55.151466: Epoch time: 241.08 s
2025-11-11 13:16:56.455742: 
2025-11-11 13:16:56.456001: Epoch 260
2025-11-11 13:16:56.456150: Current learning rate: 0.00763
2025-11-11 13:20:54.789216: train_loss -0.7235
2025-11-11 13:20:54.791623: val_loss -0.7311
2025-11-11 13:20:54.791745: Pseudo dice [np.float32(0.9307), np.float32(0.8104), np.float32(0.0)]
2025-11-11 13:20:54.791849: Epoch time: 238.34 s
2025-11-11 13:20:55.880157: 
2025-11-11 13:20:55.880431: Epoch 261
2025-11-11 13:20:55.880586: Current learning rate: 0.00762
2025-11-11 13:24:53.440894: train_loss -0.7151
2025-11-11 13:24:53.442979: val_loss -0.7228
2025-11-11 13:24:53.443098: Pseudo dice [np.float32(0.9272), np.float32(0.8049), np.float32(0.0)]
2025-11-11 13:24:53.443284: Epoch time: 237.56 s
2025-11-11 13:24:54.435332: 
2025-11-11 13:24:54.435602: Epoch 262
2025-11-11 13:24:54.435706: Current learning rate: 0.00761
2025-11-11 13:28:54.476569: train_loss -0.7234
2025-11-11 13:28:54.477256: val_loss -0.7371
2025-11-11 13:28:54.477411: Pseudo dice [np.float32(0.9301), np.float32(0.8057), np.float32(0.0)]
2025-11-11 13:28:54.477520: Epoch time: 240.04 s
2025-11-11 13:28:55.609853: 
2025-11-11 13:28:55.610059: Epoch 263
2025-11-11 13:28:55.610180: Current learning rate: 0.0076
2025-11-11 13:32:51.957197: train_loss -0.7426
2025-11-11 13:32:51.957723: val_loss -0.7079
2025-11-11 13:32:51.957833: Pseudo dice [np.float32(0.9237), np.float32(0.8079), np.float32(0.0)]
2025-11-11 13:32:51.957933: Epoch time: 236.35 s
2025-11-11 13:32:53.037362: 
2025-11-11 13:32:53.037601: Epoch 264
2025-11-11 13:32:53.037717: Current learning rate: 0.00759
2025-11-11 13:36:55.703285: train_loss -0.7209
2025-11-11 13:36:55.703799: val_loss -0.7332
2025-11-11 13:36:55.703911: Pseudo dice [np.float32(0.9331), np.float32(0.8103), np.float32(0.0)]
2025-11-11 13:36:55.704014: Epoch time: 242.67 s
2025-11-11 13:36:56.759919: 
2025-11-11 13:36:56.760143: Epoch 265
2025-11-11 13:36:56.760273: Current learning rate: 0.00758
2025-11-11 13:40:54.715961: train_loss -0.7532
2025-11-11 13:40:54.716511: val_loss -0.7493
2025-11-11 13:40:54.716622: Pseudo dice [np.float32(0.9314), np.float32(0.8163), np.float32(0.0)]
2025-11-11 13:40:54.716721: Epoch time: 237.96 s
2025-11-11 13:40:56.362667: 
2025-11-11 13:40:56.362936: Epoch 266
2025-11-11 13:40:56.363060: Current learning rate: 0.00757
2025-11-11 13:44:56.680486: train_loss -0.737
2025-11-11 13:44:56.680915: val_loss -0.7562
2025-11-11 13:44:56.681023: Pseudo dice [np.float32(0.9292), np.float32(0.8158), np.float32(0.0)]
2025-11-11 13:44:56.681122: Epoch time: 240.32 s
2025-11-11 13:44:57.752844: 
2025-11-11 13:44:57.753082: Epoch 267
2025-11-11 13:44:57.753205: Current learning rate: 0.00756
2025-11-11 13:48:50.451232: train_loss -0.7519
2025-11-11 13:48:50.451776: val_loss -0.7052
2025-11-11 13:48:50.451882: Pseudo dice [np.float32(0.9372), np.float32(0.8237), np.float32(0.0)]
2025-11-11 13:48:50.451987: Epoch time: 232.7 s
2025-11-11 13:48:51.522240: 
2025-11-11 13:48:51.522506: Epoch 268
2025-11-11 13:48:51.522612: Current learning rate: 0.00755
2025-11-11 13:52:52.112249: train_loss -0.724
2025-11-11 13:52:52.112861: val_loss -0.7331
2025-11-11 13:52:52.112970: Pseudo dice [np.float32(0.9323), np.float32(0.8022), np.float32(0.0)]
2025-11-11 13:52:52.113070: Epoch time: 240.59 s
2025-11-11 13:52:53.200003: 
2025-11-11 13:52:53.200292: Epoch 269
2025-11-11 13:52:53.200420: Current learning rate: 0.00754
2025-11-11 13:56:49.127810: train_loss -0.726
2025-11-11 13:56:49.128302: val_loss -0.7199
2025-11-11 13:56:49.128433: Pseudo dice [np.float32(0.9341), np.float32(0.8176), np.float32(0.0)]
2025-11-11 13:56:49.128542: Epoch time: 235.93 s
2025-11-11 13:56:50.207995: 
2025-11-11 13:56:50.208251: Epoch 270
2025-11-11 13:56:50.208390: Current learning rate: 0.00753
2025-11-11 14:00:47.841202: train_loss -0.7303
2025-11-11 14:00:47.841634: val_loss -0.7078
2025-11-11 14:00:47.841742: Pseudo dice [np.float32(0.9348), np.float32(0.8161), np.float32(0.0)]
2025-11-11 14:00:47.841842: Epoch time: 237.64 s
2025-11-11 14:00:48.923133: 
2025-11-11 14:00:48.923416: Epoch 271
2025-11-11 14:00:48.923534: Current learning rate: 0.00752
2025-11-11 14:04:49.559309: train_loss -0.7264
2025-11-11 14:04:49.560042: val_loss -0.7683
2025-11-11 14:04:49.560153: Pseudo dice [np.float32(0.9315), np.float32(0.822), np.float32(0.0)]
2025-11-11 14:04:49.560252: Epoch time: 240.64 s
2025-11-11 14:04:50.633979: 
2025-11-11 14:04:50.634257: Epoch 272
2025-11-11 14:04:50.634367: Current learning rate: 0.00751
2025-11-11 14:08:49.773168: train_loss -0.7271
2025-11-11 14:08:49.773682: val_loss -0.715
2025-11-11 14:08:49.773816: Pseudo dice [np.float32(0.9376), np.float32(0.8142), np.float32(0.0)]
2025-11-11 14:08:49.773925: Epoch time: 239.14 s
2025-11-11 14:08:50.855245: 
2025-11-11 14:08:50.855529: Epoch 273
2025-11-11 14:08:50.855664: Current learning rate: 0.00751
2025-11-11 14:12:49.281663: train_loss -0.7235
2025-11-11 14:12:49.283428: val_loss -0.753
2025-11-11 14:12:49.283547: Pseudo dice [np.float32(0.9354), np.float32(0.8232), np.float32(0.0)]
2025-11-11 14:12:49.283644: Epoch time: 238.43 s
2025-11-11 14:12:51.224438: 
2025-11-11 14:12:51.224724: Epoch 274
2025-11-11 14:12:51.224850: Current learning rate: 0.0075
2025-11-11 14:16:49.776374: train_loss -0.7481
2025-11-11 14:16:49.779422: val_loss -0.7546
2025-11-11 14:16:49.779578: Pseudo dice [np.float32(0.9327), np.float32(0.8082), np.float32(0.0)]
2025-11-11 14:16:49.779698: Epoch time: 238.55 s
2025-11-11 14:16:51.900857: 
2025-11-11 14:16:51.901073: Epoch 275
2025-11-11 14:16:51.901186: Current learning rate: 0.00749
2025-11-11 14:20:51.210027: train_loss -0.7223
2025-11-11 14:20:51.210607: val_loss -0.7362
2025-11-11 14:20:51.210715: Pseudo dice [np.float32(0.9316), np.float32(0.8117), np.float32(0.0)]
2025-11-11 14:20:51.210815: Epoch time: 239.31 s
2025-11-11 14:20:52.290771: 
2025-11-11 14:20:52.291020: Epoch 276
2025-11-11 14:20:52.291167: Current learning rate: 0.00748
2025-11-11 14:24:48.564714: train_loss -0.7388
2025-11-11 14:24:48.565178: val_loss -0.7665
2025-11-11 14:24:48.565287: Pseudo dice [np.float32(0.9333), np.float32(0.8201), np.float32(0.0)]
2025-11-11 14:24:48.565393: Epoch time: 236.28 s
2025-11-11 14:24:49.708925: 
2025-11-11 14:24:49.709186: Epoch 277
2025-11-11 14:24:49.709351: Current learning rate: 0.00747
2025-11-11 14:28:44.136936: train_loss -0.7485
2025-11-11 14:28:44.137430: val_loss -0.7392
2025-11-11 14:28:44.137568: Pseudo dice [np.float32(0.9376), np.float32(0.8249), np.float32(0.0)]
2025-11-11 14:28:44.137697: Epoch time: 234.43 s
2025-11-11 14:28:45.209615: 
2025-11-11 14:28:45.209898: Epoch 278
2025-11-11 14:28:45.210040: Current learning rate: 0.00746
2025-11-11 14:32:40.005315: train_loss -0.7423
2025-11-11 14:32:40.008968: val_loss -0.7355
2025-11-11 14:32:40.009099: Pseudo dice [np.float32(0.9366), np.float32(0.8237), np.float32(0.0)]
2025-11-11 14:32:40.009216: Epoch time: 234.8 s
2025-11-11 14:32:41.091794: 
2025-11-11 14:32:41.092065: Epoch 279
2025-11-11 14:32:41.092250: Current learning rate: 0.00745
2025-11-11 14:36:35.862985: train_loss -0.7394
2025-11-11 14:36:35.863576: val_loss -0.7187
2025-11-11 14:36:35.863717: Pseudo dice [np.float32(0.9361), np.float32(0.8241), np.float32(0.0)]
2025-11-11 14:36:35.863920: Epoch time: 234.77 s
2025-11-11 14:36:36.936447: 
2025-11-11 14:36:36.936742: Epoch 280
2025-11-11 14:36:36.936862: Current learning rate: 0.00744
2025-11-11 14:40:35.645673: train_loss -0.7567
2025-11-11 14:40:35.646226: val_loss -0.7456
2025-11-11 14:40:35.646438: Pseudo dice [np.float32(0.9409), np.float32(0.8233), np.float32(0.0)]
2025-11-11 14:40:35.646604: Epoch time: 238.71 s
2025-11-11 14:40:36.717692: 
2025-11-11 14:40:36.717956: Epoch 281
2025-11-11 14:40:36.718091: Current learning rate: 0.00743
2025-11-11 14:44:35.376147: train_loss -0.7302
2025-11-11 14:44:35.376694: val_loss -0.7333
2025-11-11 14:44:35.376836: Pseudo dice [np.float32(0.941), np.float32(0.8232), np.float32(0.0)]
2025-11-11 14:44:35.376966: Epoch time: 238.66 s
2025-11-11 14:44:36.448070: 
2025-11-11 14:44:36.448350: Epoch 282
2025-11-11 14:44:36.448480: Current learning rate: 0.00742
2025-11-11 14:48:32.907317: train_loss -0.7328
2025-11-11 14:48:32.907993: val_loss -0.774
2025-11-11 14:48:32.908126: Pseudo dice [np.float32(0.9375), np.float32(0.8151), np.float32(0.0)]
2025-11-11 14:48:32.908254: Epoch time: 236.46 s
2025-11-11 14:48:33.987191: 
2025-11-11 14:48:33.987474: Epoch 283
2025-11-11 14:48:33.987619: Current learning rate: 0.00741
2025-11-11 14:52:30.575293: train_loss -0.7467
2025-11-11 14:52:30.575784: val_loss -0.7395
2025-11-11 14:52:30.575947: Pseudo dice [np.float32(0.9366), np.float32(0.8251), np.float32(0.0)]
2025-11-11 14:52:30.576076: Epoch time: 236.59 s
2025-11-11 14:52:32.250939: 
2025-11-11 14:52:32.251211: Epoch 284
2025-11-11 14:52:32.251343: Current learning rate: 0.0074
2025-11-11 14:56:31.186026: train_loss -0.7302
2025-11-11 14:56:31.186707: val_loss -0.7414
2025-11-11 14:56:31.186847: Pseudo dice [np.float32(0.9376), np.float32(0.822), np.float32(0.0)]
2025-11-11 14:56:31.186977: Epoch time: 238.94 s
2025-11-11 14:56:32.257708: 
2025-11-11 14:56:32.257993: Epoch 285
2025-11-11 14:56:32.258132: Current learning rate: 0.00739
2025-11-11 15:00:31.366585: train_loss -0.7447
2025-11-11 15:00:31.371696: val_loss -0.7316
2025-11-11 15:00:31.373788: Pseudo dice [np.float32(0.9341), np.float32(0.8251), np.float32(0.0)]
2025-11-11 15:00:31.375890: Epoch time: 239.11 s
2025-11-11 15:00:33.029832: 
2025-11-11 15:00:33.033088: Epoch 286
2025-11-11 15:00:33.035204: Current learning rate: 0.00738
2025-11-11 15:04:29.655779: train_loss -0.738
2025-11-11 15:04:29.656322: val_loss -0.7483
2025-11-11 15:04:29.656468: Pseudo dice [np.float32(0.9337), np.float32(0.8261), np.float32(0.0)]
2025-11-11 15:04:29.656619: Epoch time: 236.63 s
2025-11-11 15:04:30.741694: 
2025-11-11 15:04:30.741962: Epoch 287
2025-11-11 15:04:30.742107: Current learning rate: 0.00738
2025-11-11 15:08:28.721894: train_loss -0.733
2025-11-11 15:08:28.723275: val_loss -0.7373
2025-11-11 15:08:28.723438: Pseudo dice [np.float32(0.9375), np.float32(0.8241), np.float32(0.0)]
2025-11-11 15:08:28.723572: Epoch time: 237.98 s
2025-11-11 15:08:29.828237: 
2025-11-11 15:08:29.828558: Epoch 288
2025-11-11 15:08:29.828701: Current learning rate: 0.00737
2025-11-11 15:12:31.204254: train_loss -0.7457
2025-11-11 15:12:31.206323: val_loss -0.7563
2025-11-11 15:12:31.206467: Pseudo dice [np.float32(0.935), np.float32(0.8163), np.float32(0.0)]
2025-11-11 15:12:31.206568: Epoch time: 241.38 s
2025-11-11 15:12:32.295952: 
2025-11-11 15:12:32.296249: Epoch 289
2025-11-11 15:12:32.296390: Current learning rate: 0.00736
2025-11-11 15:16:27.335732: train_loss -0.7281
2025-11-11 15:16:27.335972: val_loss -0.7388
2025-11-11 15:16:27.336077: Pseudo dice [np.float32(0.932), np.float32(0.8199), np.float32(0.0)]
2025-11-11 15:16:27.336178: Epoch time: 235.04 s
2025-11-11 15:16:28.424977: 
2025-11-11 15:16:28.425249: Epoch 290
2025-11-11 15:16:28.425364: Current learning rate: 0.00735
2025-11-11 15:20:25.758416: train_loss -0.7371
2025-11-11 15:20:25.758691: val_loss -0.7725
2025-11-11 15:20:25.758805: Pseudo dice [np.float32(0.9336), np.float32(0.8186), np.float32(0.0)]
2025-11-11 15:20:25.758906: Epoch time: 237.34 s
2025-11-11 15:20:26.844886: 
2025-11-11 15:20:26.845141: Epoch 291
2025-11-11 15:20:26.845365: Current learning rate: 0.00734
2025-11-11 15:24:24.613676: train_loss -0.7428
2025-11-11 15:24:24.614179: val_loss -0.7205
2025-11-11 15:24:24.614508: Pseudo dice [np.float32(0.9281), np.float32(0.8168), np.float32(0.0)]
2025-11-11 15:24:24.614758: Epoch time: 237.77 s
2025-11-11 15:24:25.712915: 
2025-11-11 15:24:25.713187: Epoch 292
2025-11-11 15:24:25.713303: Current learning rate: 0.00733
2025-11-11 15:28:23.940328: train_loss -0.7289
2025-11-11 15:28:23.940576: val_loss -0.7019
2025-11-11 15:28:23.940680: Pseudo dice [np.float32(0.933), np.float32(0.8205), np.float32(0.0)]
2025-11-11 15:28:23.940779: Epoch time: 238.23 s
2025-11-11 15:28:25.026434: 
2025-11-11 15:28:25.026693: Epoch 293
2025-11-11 15:28:25.026836: Current learning rate: 0.00732
2025-11-11 15:32:26.806583: train_loss -0.7452
2025-11-11 15:32:26.806920: val_loss -0.7599
2025-11-11 15:32:26.807017: Pseudo dice [np.float32(0.9372), np.float32(0.8223), np.float32(0.0)]
2025-11-11 15:32:26.807109: Epoch time: 241.78 s
2025-11-11 15:32:28.774514: 
2025-11-11 15:32:28.774707: Epoch 294
2025-11-11 15:32:28.774822: Current learning rate: 0.00731
2025-11-11 15:36:29.449356: train_loss -0.749
2025-11-11 15:36:29.449625: val_loss -0.7393
2025-11-11 15:36:29.449729: Pseudo dice [np.float32(0.9288), np.float32(0.8228), np.float32(0.0)]
2025-11-11 15:36:29.449830: Epoch time: 240.68 s
2025-11-11 15:36:31.280822: 
2025-11-11 15:36:31.281018: Epoch 295
2025-11-11 15:36:31.281132: Current learning rate: 0.0073
2025-11-11 15:40:33.090762: train_loss -0.7371
2025-11-11 15:40:33.091012: val_loss -0.7172
2025-11-11 15:40:33.091115: Pseudo dice [np.float32(0.9241), np.float32(0.8043), np.float32(0.0)]
2025-11-11 15:40:33.091216: Epoch time: 241.81 s
2025-11-11 15:40:34.287211: 
2025-11-11 15:40:34.287408: Epoch 296
2025-11-11 15:40:34.287524: Current learning rate: 0.00729
2025-11-11 15:44:32.366750: train_loss -0.7386
2025-11-11 15:44:32.366962: val_loss -0.7636
2025-11-11 15:44:32.367065: Pseudo dice [np.float32(0.9331), np.float32(0.8223), np.float32(0.0)]
2025-11-11 15:44:32.367170: Epoch time: 238.08 s
2025-11-11 15:44:33.485316: 
2025-11-11 15:44:33.485566: Epoch 297
2025-11-11 15:44:33.485697: Current learning rate: 0.00728
2025-11-11 15:48:35.063900: train_loss -0.7406
2025-11-11 15:48:35.064169: val_loss -0.7356
2025-11-11 15:48:35.064273: Pseudo dice [np.float32(0.9263), np.float32(0.8184), np.float32(0.0)]
2025-11-11 15:48:35.064381: Epoch time: 241.58 s
2025-11-11 15:48:37.774484: 
2025-11-11 15:48:37.774798: Epoch 298
2025-11-11 15:48:37.774922: Current learning rate: 0.00727
2025-11-11 15:52:51.083185: train_loss -0.728
2025-11-11 15:52:51.085594: val_loss -0.7393
2025-11-11 15:52:51.085753: Pseudo dice [np.float32(0.9159), np.float32(0.8061), np.float32(0.0)]
2025-11-11 15:52:51.085852: Epoch time: 253.31 s
2025-11-11 15:52:53.538646: 
2025-11-11 15:52:53.538905: Epoch 299
2025-11-11 15:52:53.539027: Current learning rate: 0.00726
2025-11-11 15:57:02.843486: train_loss -0.7193
2025-11-11 15:57:02.843772: val_loss -0.7557
2025-11-11 15:57:02.843881: Pseudo dice [np.float32(0.929), np.float32(0.8122), np.float32(0.0)]
2025-11-11 15:57:02.843987: Epoch time: 249.31 s
2025-11-11 15:57:05.515871: 
2025-11-11 15:57:05.516095: Epoch 300
2025-11-11 15:57:05.516225: Current learning rate: 0.00725
2025-11-11 16:01:12.801236: train_loss -0.7503
2025-11-11 16:01:12.801559: val_loss -0.7319
2025-11-11 16:01:12.801673: Pseudo dice [np.float32(0.9307), np.float32(0.8166), np.float32(0.0)]
2025-11-11 16:01:12.801795: Epoch time: 247.29 s
2025-11-11 16:01:14.741018: 
2025-11-11 16:01:14.741331: Epoch 301
2025-11-11 16:01:14.741468: Current learning rate: 0.00724
2025-11-11 16:05:16.006677: train_loss -0.7185
2025-11-11 16:05:16.006944: val_loss -0.7177
2025-11-11 16:05:16.007052: Pseudo dice [np.float32(0.9244), np.float32(0.7955), np.float32(0.0)]
2025-11-11 16:05:16.007157: Epoch time: 241.27 s
2025-11-11 16:05:17.137650: 
2025-11-11 16:05:17.137951: Epoch 302
2025-11-11 16:05:17.138083: Current learning rate: 0.00724
2025-11-11 16:09:33.966682: train_loss -0.7133
2025-11-11 16:09:33.966955: val_loss -0.7543
2025-11-11 16:09:33.967064: Pseudo dice [np.float32(0.9283), np.float32(0.7954), np.float32(0.0)]
2025-11-11 16:09:33.967165: Epoch time: 256.83 s
2025-11-11 16:09:35.669218: 
2025-11-11 16:09:35.669574: Epoch 303
2025-11-11 16:09:35.669702: Current learning rate: 0.00723
2025-11-11 16:13:45.277966: train_loss -0.7341
2025-11-11 16:13:45.278230: val_loss -0.7283
2025-11-11 16:13:45.278334: Pseudo dice [np.float32(0.9293), np.float32(0.8127), np.float32(0.0)]
2025-11-11 16:13:45.278446: Epoch time: 249.61 s
2025-11-11 16:13:46.900168: 
2025-11-11 16:13:46.900581: Epoch 304
2025-11-11 16:13:46.900830: Current learning rate: 0.00722
2025-11-11 16:17:49.712142: train_loss -0.7448
2025-11-11 16:17:49.714712: val_loss -0.7492
2025-11-11 16:17:49.714834: Pseudo dice [np.float32(0.932), np.float32(0.8147), np.float32(0.0)]
2025-11-11 16:17:49.714931: Epoch time: 242.81 s
2025-11-11 16:17:51.923922: 
2025-11-11 16:17:51.924267: Epoch 305
2025-11-11 16:17:51.924394: Current learning rate: 0.00721
2025-11-11 16:22:11.276080: train_loss -0.7407
2025-11-11 16:22:11.280764: val_loss -0.7238
2025-11-11 16:22:11.280899: Pseudo dice [np.float32(0.935), np.float32(0.8236), np.float32(0.0)]
2025-11-11 16:22:11.281002: Epoch time: 259.36 s
2025-11-11 16:22:13.062560: 
2025-11-11 16:22:13.062808: Epoch 306
2025-11-11 16:22:13.062937: Current learning rate: 0.0072
2025-11-11 16:26:15.339755: train_loss -0.7249
2025-11-11 16:26:15.340041: val_loss -0.7693
2025-11-11 16:26:15.340153: Pseudo dice [np.float32(0.9364), np.float32(0.824), np.float32(0.0)]
2025-11-11 16:26:15.340385: Epoch time: 242.28 s
2025-11-11 16:26:16.478035: 
2025-11-11 16:26:16.478307: Epoch 307
2025-11-11 16:26:16.478440: Current learning rate: 0.00719
2025-11-11 16:30:16.412905: train_loss -0.7467
2025-11-11 16:30:16.413140: val_loss -0.7321
2025-11-11 16:30:16.413243: Pseudo dice [np.float32(0.9341), np.float32(0.8183), np.float32(0.0)]
2025-11-11 16:30:16.413340: Epoch time: 239.94 s
2025-11-11 16:30:17.506985: 
2025-11-11 16:30:17.507221: Epoch 308
2025-11-11 16:30:17.507356: Current learning rate: 0.00718
2025-11-11 16:34:17.940885: train_loss -0.7452
2025-11-11 16:34:17.941099: val_loss -0.7034
2025-11-11 16:34:17.941211: Pseudo dice [np.float32(0.9335), np.float32(0.8114), np.float32(0.0)]
2025-11-11 16:34:17.941320: Epoch time: 240.44 s
2025-11-11 16:34:19.045748: 
2025-11-11 16:34:19.046044: Epoch 309
2025-11-11 16:34:19.046174: Current learning rate: 0.00717
2025-11-11 16:38:27.341630: train_loss -0.7275
2025-11-11 16:38:27.341961: val_loss -0.7392
2025-11-11 16:38:27.342070: Pseudo dice [np.float32(0.9331), np.float32(0.8194), np.float32(0.0)]
2025-11-11 16:38:27.342172: Epoch time: 248.3 s
2025-11-11 16:38:28.468239: 
2025-11-11 16:38:28.468541: Epoch 310
2025-11-11 16:38:28.468678: Current learning rate: 0.00716
2025-11-11 16:42:37.116208: train_loss -0.7325
2025-11-11 16:42:37.116559: val_loss -0.763
2025-11-11 16:42:37.116668: Pseudo dice [np.float32(0.9294), np.float32(0.8224), np.float32(0.0)]
2025-11-11 16:42:37.116771: Epoch time: 248.65 s
2025-11-11 16:42:39.549944: 
2025-11-11 16:42:39.550205: Epoch 311
2025-11-11 16:42:39.550328: Current learning rate: 0.00715
2025-11-11 16:46:39.070423: train_loss -0.7225
2025-11-11 16:46:39.070636: val_loss -0.7745
2025-11-11 16:46:39.070740: Pseudo dice [np.float32(0.9368), np.float32(0.8242), np.float32(0.0)]
2025-11-11 16:46:39.070841: Epoch time: 239.52 s
2025-11-11 16:46:41.308622: 
2025-11-11 16:46:41.308913: Epoch 312
2025-11-11 16:46:41.309034: Current learning rate: 0.00714
2025-11-11 16:50:40.663703: train_loss -0.7529
2025-11-11 16:50:40.663957: val_loss -0.7261
2025-11-11 16:50:40.664071: Pseudo dice [np.float32(0.9406), np.float32(0.8272), np.float32(0.0)]
2025-11-11 16:50:40.664175: Epoch time: 239.36 s
2025-11-11 16:50:41.782319: 
2025-11-11 16:50:41.782597: Epoch 313
2025-11-11 16:50:41.782737: Current learning rate: 0.00713
2025-11-11 16:54:49.209232: train_loss -0.7488
2025-11-11 16:54:49.209560: val_loss -0.7445
2025-11-11 16:54:49.209671: Pseudo dice [np.float32(0.9359), np.float32(0.8327), np.float32(0.0)]
2025-11-11 16:54:49.209773: Epoch time: 247.43 s
2025-11-11 16:54:50.481643: 
2025-11-11 16:54:50.481842: Epoch 314
2025-11-11 16:54:50.481963: Current learning rate: 0.00712
2025-11-11 16:59:04.402707: train_loss -0.7426
2025-11-11 16:59:04.407083: val_loss -0.7917
2025-11-11 16:59:04.409211: Pseudo dice [np.float32(0.9401), np.float32(0.8301), np.float32(0.0)]
2025-11-11 16:59:04.409372: Epoch time: 253.92 s
2025-11-11 16:59:05.960871: 
2025-11-11 16:59:05.961159: Epoch 315
2025-11-11 16:59:05.961286: Current learning rate: 0.00711
2025-11-11 17:03:07.097830: train_loss -0.7514
2025-11-11 17:03:07.098056: val_loss -0.7867
2025-11-11 17:03:07.098163: Pseudo dice [np.float32(0.9403), np.float32(0.8302), np.float32(0.0)]
2025-11-11 17:03:07.098263: Epoch time: 241.14 s
2025-11-11 17:03:08.219986: 
2025-11-11 17:03:08.220279: Epoch 316
2025-11-11 17:03:08.220413: Current learning rate: 0.0071
2025-11-11 17:07:09.980042: train_loss -0.7523
2025-11-11 17:07:09.980351: val_loss -0.789
2025-11-11 17:07:09.980465: Pseudo dice [np.float32(0.933), np.float32(0.8279), np.float32(0.0)]
2025-11-11 17:07:09.980566: Epoch time: 241.76 s
2025-11-11 17:07:11.119343: 
2025-11-11 17:07:11.119605: Epoch 317
2025-11-11 17:07:11.119734: Current learning rate: 0.0071
2025-11-11 17:11:13.138516: train_loss -0.753
2025-11-11 17:11:13.138784: val_loss -0.7588
2025-11-11 17:11:13.138889: Pseudo dice [np.float32(0.9346), np.float32(0.8244), np.float32(0.0)]
2025-11-11 17:11:13.138990: Epoch time: 242.02 s
2025-11-11 17:11:14.651858: 
2025-11-11 17:11:14.652122: Epoch 318
2025-11-11 17:11:14.652243: Current learning rate: 0.00709
2025-11-11 17:15:14.604419: train_loss -0.7475
2025-11-11 17:15:14.604645: val_loss -0.7671
2025-11-11 17:15:14.604750: Pseudo dice [np.float32(0.9322), np.float32(0.8245), np.float32(0.0)]
2025-11-11 17:15:14.604852: Epoch time: 239.96 s
2025-11-11 17:15:16.478599: 
2025-11-11 17:15:16.478900: Epoch 319
2025-11-11 17:15:16.479052: Current learning rate: 0.00708
2025-11-11 17:19:28.710021: train_loss -0.7425
2025-11-11 17:19:28.710245: val_loss -0.775
2025-11-11 17:19:28.710348: Pseudo dice [np.float32(0.9365), np.float32(0.8277), np.float32(0.0)]
2025-11-11 17:19:28.710456: Epoch time: 252.23 s
2025-11-11 17:19:30.939779: 
2025-11-11 17:19:30.940085: Epoch 320
2025-11-11 17:19:30.940223: Current learning rate: 0.00707
2025-11-11 17:23:37.701053: train_loss -0.7473
2025-11-11 17:23:37.701289: val_loss -0.76
2025-11-11 17:23:37.701404: Pseudo dice [np.float32(0.9351), np.float32(0.8189), np.float32(0.0)]
2025-11-11 17:23:37.701512: Epoch time: 246.76 s
2025-11-11 17:23:39.271716: 
2025-11-11 17:23:39.277887: Epoch 321
2025-11-11 17:23:39.278181: Current learning rate: 0.00706
2025-11-11 17:27:43.639039: train_loss -0.7374
2025-11-11 17:27:43.639258: val_loss -0.7538
2025-11-11 17:27:43.639363: Pseudo dice [np.float32(0.9325), np.float32(0.82), np.float32(0.0)]
2025-11-11 17:27:43.639471: Epoch time: 244.37 s
2025-11-11 17:27:44.756076: 
2025-11-11 17:27:44.756341: Epoch 322
2025-11-11 17:27:44.756475: Current learning rate: 0.00705
2025-11-11 17:31:42.146475: train_loss -0.7273
2025-11-11 17:31:42.147441: val_loss -0.7286
2025-11-11 17:31:42.147549: Pseudo dice [np.float32(0.9306), np.float32(0.8171), np.float32(0.0)]
2025-11-11 17:31:42.147650: Epoch time: 237.39 s
2025-11-11 17:31:43.244823: 
2025-11-11 17:31:43.245068: Epoch 323
2025-11-11 17:31:43.245226: Current learning rate: 0.00704
2025-11-11 17:35:42.085413: train_loss -0.7276
2025-11-11 17:35:42.085656: val_loss -0.7371
2025-11-11 17:35:42.085762: Pseudo dice [np.float32(0.9299), np.float32(0.8127), np.float32(0.0)]
2025-11-11 17:35:42.085864: Epoch time: 238.84 s
2025-11-11 17:35:43.208461: 
2025-11-11 17:35:43.208772: Epoch 324
2025-11-11 17:35:43.208904: Current learning rate: 0.00703
2025-11-11 17:39:54.662175: train_loss -0.711
2025-11-11 17:39:54.663627: val_loss -0.7293
2025-11-11 17:39:54.668927: Pseudo dice [np.float32(0.9338), np.float32(0.7894), np.float32(0.0)]
2025-11-11 17:39:54.669047: Epoch time: 251.46 s
2025-11-11 17:39:56.261001: 
2025-11-11 17:39:56.261271: Epoch 325
2025-11-11 17:39:56.261457: Current learning rate: 0.00702
2025-11-11 17:44:06.693008: train_loss -0.7173
2025-11-11 17:44:06.693917: val_loss -0.7278
2025-11-11 17:44:06.694033: Pseudo dice [np.float32(0.9344), np.float32(0.8155), np.float32(0.0)]
2025-11-11 17:44:06.694173: Epoch time: 250.43 s
2025-11-11 17:44:07.822921: 
2025-11-11 17:44:07.823216: Epoch 326
2025-11-11 17:44:07.823372: Current learning rate: 0.00701
2025-11-11 17:48:04.726815: train_loss -0.728
2025-11-11 17:48:04.727060: val_loss -0.7276
2025-11-11 17:48:04.727167: Pseudo dice [np.float32(0.9381), np.float32(0.827), np.float32(0.0)]
2025-11-11 17:48:04.727266: Epoch time: 236.91 s
2025-11-11 17:48:05.825615: 
2025-11-11 17:48:05.825898: Epoch 327
2025-11-11 17:48:05.826023: Current learning rate: 0.007
2025-11-11 17:52:05.732826: train_loss -0.7522
2025-11-11 17:52:05.733064: val_loss -0.7419
2025-11-11 17:52:05.733170: Pseudo dice [np.float32(0.9355), np.float32(0.8197), np.float32(0.0)]
2025-11-11 17:52:05.733269: Epoch time: 239.91 s
2025-11-11 17:52:06.836100: 
2025-11-11 17:52:06.836382: Epoch 328
2025-11-11 17:52:06.836552: Current learning rate: 0.00699
2025-11-11 17:56:09.989986: train_loss -0.7533
2025-11-11 17:56:09.990230: val_loss -0.777
2025-11-11 17:56:09.990337: Pseudo dice [np.float32(0.9385), np.float32(0.8229), np.float32(0.0)]
2025-11-11 17:56:09.990446: Epoch time: 243.16 s
2025-11-11 17:56:11.552931: 
2025-11-11 17:56:11.553200: Epoch 329
2025-11-11 17:56:11.553325: Current learning rate: 0.00698
2025-11-11 18:00:10.378170: train_loss -0.7465
2025-11-11 18:00:10.378523: val_loss -0.7254
2025-11-11 18:00:10.378641: Pseudo dice [np.float32(0.9374), np.float32(0.8218), np.float32(0.0)]
2025-11-11 18:00:10.378742: Epoch time: 238.83 s
2025-11-11 18:00:11.494767: 
2025-11-11 18:00:11.495025: Epoch 330
2025-11-11 18:00:11.495153: Current learning rate: 0.00697
2025-11-11 18:04:19.306915: train_loss -0.7517
2025-11-11 18:04:19.307160: val_loss -0.7726
2025-11-11 18:04:19.307267: Pseudo dice [np.float32(0.9388), np.float32(0.8282), np.float32(0.0)]
2025-11-11 18:04:19.307366: Epoch time: 247.81 s
2025-11-11 18:04:21.056313: 
2025-11-11 18:04:21.056599: Epoch 331
2025-11-11 18:04:21.056727: Current learning rate: 0.00696
2025-11-11 18:08:18.627611: train_loss -0.7392
2025-11-11 18:08:18.627841: val_loss -0.7321
2025-11-11 18:08:18.627947: Pseudo dice [np.float32(0.9388), np.float32(0.8285), np.float32(0.0)]
2025-11-11 18:08:18.628048: Epoch time: 237.57 s
2025-11-11 18:08:19.718028: 
2025-11-11 18:08:19.718292: Epoch 332
2025-11-11 18:08:19.718463: Current learning rate: 0.00696
2025-11-11 18:12:16.709281: train_loss -0.7511
2025-11-11 18:12:16.709527: val_loss -0.7591
2025-11-11 18:12:16.709635: Pseudo dice [np.float32(0.9393), np.float32(0.8327), np.float32(0.0)]
2025-11-11 18:12:16.709732: Epoch time: 236.99 s
2025-11-11 18:12:17.782689: 
2025-11-11 18:12:17.782923: Epoch 333
2025-11-11 18:12:17.783065: Current learning rate: 0.00695
2025-11-11 18:16:18.906729: train_loss -0.7524
2025-11-11 18:16:18.906940: val_loss -0.7593
2025-11-11 18:16:18.907087: Pseudo dice [np.float32(0.9413), np.float32(0.8296), np.float32(0.0)]
2025-11-11 18:16:18.907197: Epoch time: 241.13 s
2025-11-11 18:16:20.022616: 
2025-11-11 18:16:20.022869: Epoch 334
2025-11-11 18:16:20.023020: Current learning rate: 0.00694
2025-11-11 18:20:33.466344: train_loss -0.7626
2025-11-11 18:20:33.466590: val_loss -0.7207
2025-11-11 18:20:33.466789: Pseudo dice [np.float32(0.9328), np.float32(0.8266), np.float32(0.0)]
2025-11-11 18:20:33.466896: Epoch time: 253.45 s
2025-11-11 18:20:34.627154: 
2025-11-11 18:20:34.627433: Epoch 335
2025-11-11 18:20:34.627564: Current learning rate: 0.00693
2025-11-11 18:24:43.565578: train_loss -0.7598
2025-11-11 18:24:43.565798: val_loss -0.7403
2025-11-11 18:24:43.565902: Pseudo dice [np.float32(0.9371), np.float32(0.826), np.float32(0.0)]
2025-11-11 18:24:43.566002: Epoch time: 248.94 s
2025-11-11 18:24:45.387965: 
2025-11-11 18:24:45.388232: Epoch 336
2025-11-11 18:24:45.388356: Current learning rate: 0.00692
2025-11-11 18:28:46.436261: train_loss -0.7518
2025-11-11 18:28:46.436521: val_loss -0.7361
2025-11-11 18:28:46.436627: Pseudo dice [np.float32(0.9382), np.float32(0.8162), np.float32(0.0)]
2025-11-11 18:28:46.436728: Epoch time: 241.05 s
2025-11-11 18:28:47.677852: 
2025-11-11 18:28:47.678068: Epoch 337
2025-11-11 18:28:47.678196: Current learning rate: 0.00691
2025-11-11 18:32:48.175799: train_loss -0.747
2025-11-11 18:32:48.177425: val_loss -0.7676
2025-11-11 18:32:48.177580: Pseudo dice [np.float32(0.9341), np.float32(0.8263), np.float32(0.0)]
2025-11-11 18:32:48.177689: Epoch time: 240.5 s
2025-11-11 18:32:49.750634: 
2025-11-11 18:32:49.753534: Epoch 338
2025-11-11 18:32:49.753679: Current learning rate: 0.0069
2025-11-11 18:36:53.428487: train_loss -0.7349
2025-11-11 18:36:53.428732: val_loss -0.7539
2025-11-11 18:36:53.433123: Pseudo dice [np.float32(0.9367), np.float32(0.8277), np.float32(0.0)]
2025-11-11 18:36:53.433335: Epoch time: 243.68 s
2025-11-11 18:36:55.126897: 
2025-11-11 18:36:55.127156: Epoch 339
2025-11-11 18:36:55.127275: Current learning rate: 0.00689
2025-11-11 18:40:57.720738: train_loss -0.7381
2025-11-11 18:40:57.720986: val_loss -0.7766
2025-11-11 18:40:57.721092: Pseudo dice [np.float32(0.9414), np.float32(0.8214), np.float32(0.0)]
2025-11-11 18:40:57.721193: Epoch time: 242.6 s
2025-11-11 18:40:58.843504: 
2025-11-11 18:40:58.843748: Epoch 340
2025-11-11 18:40:58.843872: Current learning rate: 0.00688
2025-11-11 18:45:05.862697: train_loss -0.7486
2025-11-11 18:45:05.862937: val_loss -0.7219
2025-11-11 18:45:05.863041: Pseudo dice [np.float32(0.9358), np.float32(0.8258), np.float32(0.0)]
2025-11-11 18:45:05.863141: Epoch time: 247.02 s
2025-11-11 18:45:07.198453: 
2025-11-11 18:45:07.198712: Epoch 341
2025-11-11 18:45:07.198833: Current learning rate: 0.00687
2025-11-11 18:49:17.290861: train_loss -0.7367
2025-11-11 18:49:17.291108: val_loss -0.7437
2025-11-11 18:49:17.291213: Pseudo dice [np.float32(0.9373), np.float32(0.8299), np.float32(0.0)]
2025-11-11 18:49:17.291312: Epoch time: 250.1 s
2025-11-11 18:49:19.617491: 
2025-11-11 18:49:19.617867: Epoch 342
2025-11-11 18:49:19.617994: Current learning rate: 0.00686
2025-11-11 18:53:22.838814: train_loss -0.7568
2025-11-11 18:53:22.839069: val_loss -0.7626
2025-11-11 18:53:22.839177: Pseudo dice [np.float32(0.9405), np.float32(0.8305), np.float32(0.0)]
2025-11-11 18:53:22.839286: Epoch time: 243.22 s
2025-11-11 18:53:26.791356: 
2025-11-11 18:53:26.792766: Epoch 343
2025-11-11 18:53:26.792897: Current learning rate: 0.00685
2025-11-11 18:57:26.408707: train_loss -0.7377
2025-11-11 18:57:26.408947: val_loss -0.7688
2025-11-11 18:57:26.409251: Pseudo dice [np.float32(0.9376), np.float32(0.8275), np.float32(0.0)]
2025-11-11 18:57:26.409361: Epoch time: 239.62 s
2025-11-11 18:57:27.511803: 
2025-11-11 18:57:27.512083: Epoch 344
2025-11-11 18:57:27.512205: Current learning rate: 0.00684
2025-11-11 19:01:26.147063: train_loss -0.7386
2025-11-11 19:01:26.147338: val_loss -0.7484
2025-11-11 19:01:26.147463: Pseudo dice [np.float32(0.9397), np.float32(0.8269), np.float32(0.0)]
2025-11-11 19:01:26.147577: Epoch time: 238.64 s
2025-11-11 19:01:27.278893: 
2025-11-11 19:01:27.279171: Epoch 345
2025-11-11 19:01:27.279316: Current learning rate: 0.00683
2025-11-11 19:05:33.365459: train_loss -0.7345
2025-11-11 19:05:33.365689: val_loss -0.7541
2025-11-11 19:05:33.365795: Pseudo dice [np.float32(0.934), np.float32(0.8189), np.float32(0.0)]
2025-11-11 19:05:33.365896: Epoch time: 246.09 s
2025-11-11 19:05:34.531806: 
2025-11-11 19:05:34.532114: Epoch 346
2025-11-11 19:05:34.532406: Current learning rate: 0.00682
2025-11-11 19:09:35.123354: train_loss -0.7386
2025-11-11 19:09:35.123625: val_loss -0.7313
2025-11-11 19:09:35.123732: Pseudo dice [np.float32(0.9379), np.float32(0.823), np.float32(0.0)]
2025-11-11 19:09:35.123835: Epoch time: 240.59 s
2025-11-11 19:09:36.172374: 
2025-11-11 19:09:36.172655: Epoch 347
2025-11-11 19:09:36.172782: Current learning rate: 0.00681
2025-11-11 19:13:49.459096: train_loss -0.7568
2025-11-11 19:13:49.461465: val_loss -0.7508
2025-11-11 19:13:49.461627: Pseudo dice [np.float32(0.9393), np.float32(0.834), np.float32(0.0)]
2025-11-11 19:13:49.461727: Epoch time: 253.29 s
2025-11-11 19:13:50.898817: 
2025-11-11 19:13:50.899003: Epoch 348
2025-11-11 19:13:50.899132: Current learning rate: 0.0068
2025-11-11 19:17:54.702184: train_loss -0.747
2025-11-11 19:17:54.702431: val_loss -0.7328
2025-11-11 19:17:54.702538: Pseudo dice [np.float32(0.9403), np.float32(0.837), np.float32(0.0)]
2025-11-11 19:17:54.702638: Epoch time: 243.81 s
2025-11-11 19:17:55.806389: 
2025-11-11 19:17:55.806673: Epoch 349
2025-11-11 19:17:55.806803: Current learning rate: 0.0068
2025-11-11 19:22:01.730144: train_loss -0.7572
2025-11-11 19:22:01.730366: val_loss -0.789
2025-11-11 19:22:01.732773: Pseudo dice [np.float32(0.9381), np.float32(0.8387), np.float32(0.0)]
2025-11-11 19:22:01.734897: Epoch time: 245.93 s
2025-11-11 19:22:06.305331: 
2025-11-11 19:22:06.306715: Epoch 350
2025-11-11 19:22:06.306858: Current learning rate: 0.00679
2025-11-11 19:26:06.954225: train_loss -0.7394
2025-11-11 19:26:06.954458: val_loss -0.7313
2025-11-11 19:26:06.954604: Pseudo dice [np.float32(0.937), np.float32(0.8331), np.float32(0.0)]
2025-11-11 19:26:06.954715: Epoch time: 240.65 s
2025-11-11 19:26:08.075788: 
2025-11-11 19:26:08.076042: Epoch 351
2025-11-11 19:26:08.076166: Current learning rate: 0.00678
2025-11-11 19:30:13.307601: train_loss -0.7225
2025-11-11 19:30:13.307839: val_loss -0.7222
2025-11-11 19:30:13.307943: Pseudo dice [np.float32(0.9237), np.float32(0.8116), np.float32(0.0)]
2025-11-11 19:30:13.308046: Epoch time: 245.23 s
2025-11-11 19:30:14.759877: 
2025-11-11 19:30:14.760045: Epoch 352
2025-11-11 19:30:14.760162: Current learning rate: 0.00677
2025-11-11 19:34:20.005196: train_loss -0.7328
2025-11-11 19:34:20.005432: val_loss -0.7282
2025-11-11 19:34:20.005538: Pseudo dice [np.float32(0.9286), np.float32(0.8261), np.float32(0.0)]
2025-11-11 19:34:20.005644: Epoch time: 245.25 s
2025-11-11 19:34:23.129565: 
2025-11-11 19:34:23.129861: Epoch 353
2025-11-11 19:34:23.129983: Current learning rate: 0.00676
2025-11-11 19:38:27.599465: train_loss -0.7399
2025-11-11 19:38:27.599686: val_loss -0.7083
2025-11-11 19:38:27.599788: Pseudo dice [np.float32(0.9402), np.float32(0.8289), np.float32(0.0)]
2025-11-11 19:38:27.599890: Epoch time: 244.47 s
2025-11-11 19:38:28.735962: 
2025-11-11 19:38:28.736258: Epoch 354
2025-11-11 19:38:28.736379: Current learning rate: 0.00675
2025-11-11 19:42:30.007921: train_loss -0.7333
2025-11-11 19:42:30.008147: val_loss -0.7437
2025-11-11 19:42:30.008255: Pseudo dice [np.float32(0.9347), np.float32(0.8312), np.float32(0.0)]
2025-11-11 19:42:30.008359: Epoch time: 241.27 s
2025-11-11 19:42:32.460176: 
2025-11-11 19:42:32.460473: Epoch 355
2025-11-11 19:42:32.460598: Current learning rate: 0.00674
2025-11-11 19:46:32.326548: train_loss -0.7261
2025-11-11 19:46:32.326853: val_loss -0.684
2025-11-11 19:46:32.326963: Pseudo dice [np.float32(0.9202), np.float32(0.8144), np.float32(0.0)]
2025-11-11 19:46:32.327066: Epoch time: 239.87 s
2025-11-11 19:46:33.460254: 
2025-11-11 19:46:33.460556: Epoch 356
2025-11-11 19:46:33.460681: Current learning rate: 0.00673
2025-11-11 19:50:43.876613: train_loss -0.7216
2025-11-11 19:50:43.888065: val_loss -0.731
2025-11-11 19:50:43.888226: Pseudo dice [np.float32(0.9326), np.float32(0.816), np.float32(0.0)]
2025-11-11 19:50:43.888459: Epoch time: 250.42 s
2025-11-11 19:50:45.003597: 
2025-11-11 19:50:45.003861: Epoch 357
2025-11-11 19:50:45.003997: Current learning rate: 0.00672
2025-11-11 19:54:47.234062: train_loss -0.7288
2025-11-11 19:54:47.234306: val_loss -0.6892
2025-11-11 19:54:47.238980: Pseudo dice [np.float32(0.9236), np.float32(0.8099), np.float32(0.0)]
2025-11-11 19:54:47.239245: Epoch time: 242.23 s
2025-11-11 19:54:50.036169: 
2025-11-11 19:54:50.037137: Epoch 358
2025-11-11 19:54:50.037264: Current learning rate: 0.00671
2025-11-11 19:58:48.801708: train_loss -0.7206
2025-11-11 19:58:48.802034: val_loss -0.7489
2025-11-11 19:58:48.802145: Pseudo dice [np.float32(0.9296), np.float32(0.8226), np.float32(0.0)]
2025-11-11 19:58:48.802245: Epoch time: 238.77 s
2025-11-11 19:58:49.916543: 
2025-11-11 19:58:49.916790: Epoch 359
2025-11-11 19:58:49.916950: Current learning rate: 0.0067
2025-11-11 20:02:52.857179: train_loss -0.7394
2025-11-11 20:02:52.857491: val_loss -0.7508
2025-11-11 20:02:52.857601: Pseudo dice [np.float32(0.9326), np.float32(0.8033), np.float32(0.0)]
2025-11-11 20:02:52.857704: Epoch time: 242.94 s
2025-11-11 20:02:54.008338: 
2025-11-11 20:02:54.008536: Epoch 360
2025-11-11 20:02:54.008652: Current learning rate: 0.00669
2025-11-11 20:06:50.909509: train_loss -0.7327
2025-11-11 20:06:50.909750: val_loss -0.7531
2025-11-11 20:06:50.909854: Pseudo dice [np.float32(0.9332), np.float32(0.8274), np.float32(0.0)]
2025-11-11 20:06:50.909953: Epoch time: 236.9 s
2025-11-11 20:06:52.021638: 
2025-11-11 20:06:52.021864: Epoch 361
2025-11-11 20:06:52.021989: Current learning rate: 0.00668
2025-11-11 20:10:50.165063: train_loss -0.7413
2025-11-11 20:10:50.165307: val_loss -0.7351
2025-11-11 20:10:50.165421: Pseudo dice [np.float32(0.932), np.float32(0.8061), np.float32(0.0)]
2025-11-11 20:10:50.165524: Epoch time: 238.15 s
2025-11-11 20:10:51.282388: 
2025-11-11 20:10:51.282645: Epoch 362
2025-11-11 20:10:51.282763: Current learning rate: 0.00667
2025-11-11 20:14:48.958837: train_loss -0.7236
2025-11-11 20:14:48.959072: val_loss -0.7505
2025-11-11 20:14:48.959175: Pseudo dice [np.float32(0.9291), np.float32(0.8018), np.float32(0.0)]
2025-11-11 20:14:48.959287: Epoch time: 237.68 s
2025-11-11 20:14:50.063009: 
2025-11-11 20:14:50.063274: Epoch 363
2025-11-11 20:14:50.063384: Current learning rate: 0.00666
2025-11-11 20:18:47.848767: train_loss -0.7301
2025-11-11 20:18:47.849010: val_loss -0.7717
2025-11-11 20:18:47.849113: Pseudo dice [np.float32(0.9356), np.float32(0.8226), np.float32(0.0)]
2025-11-11 20:18:47.849211: Epoch time: 237.79 s
2025-11-11 20:18:49.016389: 
2025-11-11 20:18:49.016591: Epoch 364
2025-11-11 20:18:49.016706: Current learning rate: 0.00665
2025-11-11 20:22:48.316382: train_loss -0.7382
2025-11-11 20:22:48.316622: val_loss -0.7404
2025-11-11 20:22:48.316725: Pseudo dice [np.float32(0.9365), np.float32(0.8229), np.float32(0.0)]
2025-11-11 20:22:48.316825: Epoch time: 239.3 s
2025-11-11 20:22:49.425469: 
2025-11-11 20:22:49.425719: Epoch 365
2025-11-11 20:22:49.446496: Current learning rate: 0.00665
2025-11-11 20:26:44.951245: train_loss -0.7368
2025-11-11 20:26:44.951499: val_loss -0.7584
2025-11-11 20:26:44.951608: Pseudo dice [np.float32(0.9334), np.float32(0.8213), np.float32(0.0)]
2025-11-11 20:26:44.951709: Epoch time: 235.53 s
2025-11-11 20:26:46.061283: 
2025-11-11 20:26:46.061544: Epoch 366
2025-11-11 20:26:46.061674: Current learning rate: 0.00664
2025-11-11 20:30:44.928805: train_loss -0.7513
2025-11-11 20:30:44.929062: val_loss -0.7412
2025-11-11 20:30:44.929166: Pseudo dice [np.float32(0.933), np.float32(0.8195), np.float32(0.0)]
2025-11-11 20:30:44.929265: Epoch time: 238.87 s
2025-11-11 20:30:46.722192: 
2025-11-11 20:30:46.722452: Epoch 367
2025-11-11 20:30:46.722571: Current learning rate: 0.00663
2025-11-11 20:34:43.837627: train_loss -0.7423
2025-11-11 20:34:43.837988: val_loss -0.7518
2025-11-11 20:34:43.838098: Pseudo dice [np.float32(0.9329), np.float32(0.8169), np.float32(0.0)]
2025-11-11 20:34:43.838197: Epoch time: 237.12 s
2025-11-11 20:34:44.943716: 
2025-11-11 20:34:44.943964: Epoch 368
2025-11-11 20:34:44.944083: Current learning rate: 0.00662
2025-11-11 20:38:42.955225: train_loss -0.7314
2025-11-11 20:38:42.955474: val_loss -0.7551
2025-11-11 20:38:42.955582: Pseudo dice [np.float32(0.9364), np.float32(0.8236), np.float32(0.0)]
2025-11-11 20:38:42.955683: Epoch time: 238.01 s
2025-11-11 20:38:44.074682: 
2025-11-11 20:38:44.074955: Epoch 369
2025-11-11 20:38:44.075077: Current learning rate: 0.00661
2025-11-11 20:42:40.351285: train_loss -0.7394
2025-11-11 20:42:40.351523: val_loss -0.7256
2025-11-11 20:42:40.351628: Pseudo dice [np.float32(0.9251), np.float32(0.8154), np.float32(0.0)]
2025-11-11 20:42:40.351725: Epoch time: 236.28 s
2025-11-11 20:42:42.051526: 
2025-11-11 20:42:42.051795: Epoch 370
2025-11-11 20:42:42.051898: Current learning rate: 0.0066
2025-11-11 20:46:40.409179: train_loss -0.7065
2025-11-11 20:46:40.409445: val_loss -0.7122
2025-11-11 20:46:40.409559: Pseudo dice [np.float32(0.9298), np.float32(0.8197), np.float32(0.0)]
2025-11-11 20:46:40.409660: Epoch time: 238.36 s
2025-11-11 20:46:41.526319: 
2025-11-11 20:46:41.526519: Epoch 371
2025-11-11 20:46:41.526615: Current learning rate: 0.00659
2025-11-11 20:50:47.628801: train_loss -0.7256
2025-11-11 20:50:47.629061: val_loss -0.7341
2025-11-11 20:50:47.629164: Pseudo dice [np.float32(0.937), np.float32(0.8246), np.float32(0.0)]
2025-11-11 20:50:47.629265: Epoch time: 246.11 s
2025-11-11 20:50:48.932246: 
2025-11-11 20:50:48.932545: Epoch 372
2025-11-11 20:50:48.932665: Current learning rate: 0.00658
2025-11-11 20:54:47.240284: train_loss -0.7418
2025-11-11 20:54:47.240499: val_loss -0.7673
2025-11-11 20:54:47.240605: Pseudo dice [np.float32(0.9379), np.float32(0.8197), np.float32(0.0)]
2025-11-11 20:54:47.240703: Epoch time: 238.31 s
2025-11-11 20:54:49.184859: 
2025-11-11 20:54:49.185079: Epoch 373
2025-11-11 20:54:49.185199: Current learning rate: 0.00657
2025-11-11 20:58:50.690488: train_loss -0.7404
2025-11-11 20:58:50.690727: val_loss -0.7517
2025-11-11 20:58:50.690829: Pseudo dice [np.float32(0.9358), np.float32(0.827), np.float32(0.0)]
2025-11-11 20:58:50.690927: Epoch time: 241.51 s
2025-11-11 20:58:51.802346: 
2025-11-11 20:58:51.802639: Epoch 374
2025-11-11 20:58:51.802746: Current learning rate: 0.00656
2025-11-11 21:02:44.909429: train_loss -0.7452
2025-11-11 21:02:44.909742: val_loss -0.7385
2025-11-11 21:02:44.909873: Pseudo dice [np.float32(0.938), np.float32(0.8288), np.float32(0.0)]
2025-11-11 21:02:44.909973: Epoch time: 233.11 s
2025-11-11 21:02:46.017081: 
2025-11-11 21:02:46.017362: Epoch 375
2025-11-11 21:02:46.017504: Current learning rate: 0.00655
2025-11-11 21:06:40.446489: train_loss -0.7493
2025-11-11 21:06:40.446773: val_loss -0.7378
2025-11-11 21:06:40.446882: Pseudo dice [np.float32(0.9386), np.float32(0.8322), np.float32(0.0)]
2025-11-11 21:06:40.446984: Epoch time: 234.43 s
2025-11-11 21:06:41.558974: 
2025-11-11 21:06:41.559197: Epoch 376
2025-11-11 21:06:41.559314: Current learning rate: 0.00654
2025-11-11 21:10:39.164313: train_loss -0.7395
2025-11-11 21:10:39.164557: val_loss -0.7639
2025-11-11 21:10:39.164665: Pseudo dice [np.float32(0.939), np.float32(0.824), np.float32(0.0)]
2025-11-11 21:10:39.164763: Epoch time: 237.61 s
2025-11-11 21:10:40.261356: 
2025-11-11 21:10:40.261612: Epoch 377
2025-11-11 21:10:40.261722: Current learning rate: 0.00653
2025-11-11 21:14:36.892691: train_loss -0.7312
2025-11-11 21:14:36.892932: val_loss -0.7602
2025-11-11 21:14:36.893035: Pseudo dice [np.float32(0.9358), np.float32(0.8229), np.float32(0.0)]
2025-11-11 21:14:36.893136: Epoch time: 236.63 s
2025-11-11 21:14:38.003783: 
2025-11-11 21:14:38.004014: Epoch 378
2025-11-11 21:14:38.004141: Current learning rate: 0.00652
2025-11-11 21:18:37.882978: train_loss -0.7342
2025-11-11 21:18:37.883219: val_loss -0.7403
2025-11-11 21:18:37.883321: Pseudo dice [np.float32(0.9333), np.float32(0.8208), np.float32(0.0)]
2025-11-11 21:18:37.883427: Epoch time: 239.88 s
2025-11-11 21:18:38.990829: 
2025-11-11 21:18:38.991089: Epoch 379
2025-11-11 21:18:38.991212: Current learning rate: 0.00651
2025-11-11 21:22:37.881655: train_loss -0.7416
2025-11-11 21:22:37.881898: val_loss -0.7191
2025-11-11 21:22:37.882001: Pseudo dice [np.float32(0.9391), np.float32(0.8274), np.float32(0.0)]
2025-11-11 21:22:37.882101: Epoch time: 238.89 s
2025-11-11 21:22:38.991818: 
2025-11-11 21:22:38.992063: Epoch 380
2025-11-11 21:22:38.992224: Current learning rate: 0.0065
2025-11-11 21:26:39.329742: train_loss -0.754
2025-11-11 21:26:39.330056: val_loss -0.706
2025-11-11 21:26:39.330167: Pseudo dice [np.float32(0.9373), np.float32(0.8154), np.float32(0.0)]
2025-11-11 21:26:39.330266: Epoch time: 240.34 s
2025-11-11 21:26:40.444860: 
2025-11-11 21:26:40.445152: Epoch 381
2025-11-11 21:26:40.445275: Current learning rate: 0.00649
2025-11-11 21:30:41.047384: train_loss -0.7264
2025-11-11 21:30:41.047629: val_loss -0.7423
2025-11-11 21:30:41.047732: Pseudo dice [np.float32(0.9394), np.float32(0.8218), np.float32(0.0)]
2025-11-11 21:30:41.047831: Epoch time: 240.61 s
2025-11-11 21:30:42.175830: 
2025-11-11 21:30:42.176077: Epoch 382
2025-11-11 21:30:42.176245: Current learning rate: 0.00648
2025-11-11 21:34:41.830302: train_loss -0.7369
2025-11-11 21:34:41.830551: val_loss -0.7232
2025-11-11 21:34:41.830656: Pseudo dice [np.float32(0.9358), np.float32(0.8273), np.float32(0.0)]
2025-11-11 21:34:41.830755: Epoch time: 239.66 s
2025-11-11 21:34:42.976157: 
2025-11-11 21:34:42.976421: Epoch 383
2025-11-11 21:34:42.976542: Current learning rate: 0.00648
2025-11-11 21:38:43.012071: train_loss -0.7437
2025-11-11 21:38:43.012306: val_loss -0.749
2025-11-11 21:38:43.012421: Pseudo dice [np.float32(0.9367), np.float32(0.8307), np.float32(0.0)]
2025-11-11 21:38:43.012524: Epoch time: 240.04 s
2025-11-11 21:38:44.119153: 
2025-11-11 21:38:44.119393: Epoch 384
2025-11-11 21:38:44.119542: Current learning rate: 0.00647
2025-11-11 21:42:41.139787: train_loss -0.7306
2025-11-11 21:42:41.140029: val_loss -0.7121
2025-11-11 21:42:41.140134: Pseudo dice [np.float32(0.934), np.float32(0.827), np.float32(0.0)]
2025-11-11 21:42:41.140235: Epoch time: 237.02 s
2025-11-11 21:42:42.250288: 
2025-11-11 21:42:42.250508: Epoch 385
2025-11-11 21:42:42.250647: Current learning rate: 0.00646
2025-11-11 21:46:41.148381: train_loss -0.7269
2025-11-11 21:46:41.148625: val_loss -0.7489
2025-11-11 21:46:41.148773: Pseudo dice [np.float32(0.9351), np.float32(0.8237), np.float32(0.0)]
2025-11-11 21:46:41.148898: Epoch time: 238.9 s
2025-11-11 21:46:42.262778: 
2025-11-11 21:46:42.263007: Epoch 386
2025-11-11 21:46:42.263125: Current learning rate: 0.00645
2025-11-11 21:50:41.132510: train_loss -0.7503
2025-11-11 21:50:41.132779: val_loss -0.7104
2025-11-11 21:50:41.132887: Pseudo dice [np.float32(0.9383), np.float32(0.8212), np.float32(0.0)]
2025-11-11 21:50:41.132987: Epoch time: 238.87 s
2025-11-11 21:50:42.849040: 
2025-11-11 21:50:42.849363: Epoch 387
2025-11-11 21:50:42.849490: Current learning rate: 0.00644
2025-11-11 21:54:36.584843: train_loss -0.7445
2025-11-11 21:54:36.585077: val_loss -0.77
2025-11-11 21:54:36.585181: Pseudo dice [np.float32(0.9395), np.float32(0.8316), np.float32(0.0)]
2025-11-11 21:54:36.585320: Epoch time: 233.74 s
2025-11-11 21:54:37.685057: 
2025-11-11 21:54:37.685322: Epoch 388
2025-11-11 21:54:37.685446: Current learning rate: 0.00643
2025-11-11 21:58:34.266315: train_loss -0.7433
2025-11-11 21:58:34.266562: val_loss -0.7409
2025-11-11 21:58:34.266666: Pseudo dice [np.float32(0.9384), np.float32(0.8362), np.float32(0.0)]
2025-11-11 21:58:34.266765: Epoch time: 236.58 s
2025-11-11 21:58:35.370302: 
2025-11-11 21:58:35.370569: Epoch 389
2025-11-11 21:58:35.370726: Current learning rate: 0.00642
2025-11-11 22:02:32.444293: train_loss -0.7477
2025-11-11 22:02:32.444541: val_loss -0.7417
2025-11-11 22:02:32.444672: Pseudo dice [np.float32(0.9361), np.float32(0.8287), np.float32(0.0)]
2025-11-11 22:02:32.444775: Epoch time: 237.08 s
2025-11-11 22:02:33.557420: 
2025-11-11 22:02:33.557680: Epoch 390
2025-11-11 22:02:33.557798: Current learning rate: 0.00641
2025-11-11 22:06:32.538899: train_loss -0.7585
2025-11-11 22:06:32.539149: val_loss -0.7765
2025-11-11 22:06:32.539256: Pseudo dice [np.float32(0.9381), np.float32(0.8392), np.float32(0.0)]
2025-11-11 22:06:32.539356: Epoch time: 238.98 s
2025-11-11 22:06:33.660815: 
2025-11-11 22:06:33.661089: Epoch 391
2025-11-11 22:06:33.661215: Current learning rate: 0.0064
2025-11-11 22:10:33.000784: train_loss -0.7429
2025-11-11 22:10:33.001044: val_loss -0.7738
2025-11-11 22:10:33.001149: Pseudo dice [np.float32(0.9401), np.float32(0.8354), np.float32(0.0)]
2025-11-11 22:10:33.001251: Epoch time: 239.34 s
2025-11-11 22:10:34.449989: 
2025-11-11 22:10:34.450193: Epoch 392
2025-11-11 22:10:34.450309: Current learning rate: 0.00639
2025-11-11 22:14:32.605352: train_loss -0.7535
2025-11-11 22:14:32.605595: val_loss -0.7086
2025-11-11 22:14:32.605734: Pseudo dice [np.float32(0.9412), np.float32(0.8401), np.float32(0.0)]
2025-11-11 22:14:32.605843: Epoch time: 238.16 s
2025-11-11 22:14:33.728261: 
2025-11-11 22:14:33.728506: Epoch 393
2025-11-11 22:14:33.728635: Current learning rate: 0.00638
2025-11-11 22:18:31.724868: train_loss -0.7476
2025-11-11 22:18:31.725169: val_loss -0.7708
2025-11-11 22:18:31.725275: Pseudo dice [np.float32(0.9378), np.float32(0.8349), np.float32(0.0)]
2025-11-11 22:18:31.725373: Epoch time: 238.0 s
2025-11-11 22:18:32.850945: 
2025-11-11 22:18:32.851206: Epoch 394
2025-11-11 22:18:32.851348: Current learning rate: 0.00637
2025-11-11 22:22:27.284342: train_loss -0.7388
2025-11-11 22:22:27.284588: val_loss -0.7321
2025-11-11 22:22:27.284693: Pseudo dice [np.float32(0.9372), np.float32(0.8322), np.float32(0.0)]
2025-11-11 22:22:27.284790: Epoch time: 234.44 s
2025-11-11 22:22:28.396028: 
2025-11-11 22:22:28.396323: Epoch 395
2025-11-11 22:22:28.396462: Current learning rate: 0.00636
2025-11-11 22:26:30.656449: train_loss -0.7647
2025-11-11 22:26:30.656687: val_loss -0.757
2025-11-11 22:26:30.656791: Pseudo dice [np.float32(0.9394), np.float32(0.8347), np.float32(0.0)]
2025-11-11 22:26:30.656890: Epoch time: 242.26 s
2025-11-11 22:26:31.805455: 
2025-11-11 22:26:31.805701: Epoch 396
2025-11-11 22:26:31.805826: Current learning rate: 0.00635
2025-11-11 22:30:27.784593: train_loss -0.7534
2025-11-11 22:30:27.784943: val_loss -0.7491
2025-11-11 22:30:27.785053: Pseudo dice [np.float32(0.9428), np.float32(0.8289), np.float32(0.0)]
2025-11-11 22:30:27.785155: Epoch time: 235.98 s
2025-11-11 22:30:28.877084: 
2025-11-11 22:30:28.877343: Epoch 397
2025-11-11 22:30:28.877491: Current learning rate: 0.00634
2025-11-11 22:34:28.975429: train_loss -0.7502
2025-11-11 22:34:28.976032: val_loss -0.7493
2025-11-11 22:34:28.976156: Pseudo dice [np.float32(0.937), np.float32(0.8352), np.float32(0.0)]
2025-11-11 22:34:28.976261: Epoch time: 240.1 s
2025-11-11 22:34:30.151683: 
2025-11-11 22:34:30.151929: Epoch 398
2025-11-11 22:34:30.152056: Current learning rate: 0.00633
2025-11-11 22:38:31.651639: train_loss -0.7518
2025-11-11 22:38:31.652391: val_loss -0.7797
2025-11-11 22:38:31.652541: Pseudo dice [np.float32(0.942), np.float32(0.8328), np.float32(0.0)]
2025-11-11 22:38:31.652650: Epoch time: 241.5 s
2025-11-11 22:38:32.925099: 
2025-11-11 22:38:32.925344: Epoch 399
2025-11-11 22:38:32.925470: Current learning rate: 0.00632
2025-11-11 22:42:39.376905: train_loss -0.7396
2025-11-11 22:42:39.385897: val_loss -0.7591
2025-11-11 22:42:39.386042: Pseudo dice [np.float32(0.9375), np.float32(0.8307), np.float32(0.0)]
2025-11-11 22:42:39.386147: Epoch time: 246.45 s
2025-11-11 22:42:43.409740: 
2025-11-11 22:42:43.410031: Epoch 400
2025-11-11 22:42:43.410160: Current learning rate: 0.00631
2025-11-11 22:46:45.002735: train_loss -0.7387
2025-11-11 22:46:45.002949: val_loss -0.7456
2025-11-11 22:46:45.005251: Pseudo dice [np.float32(0.9436), np.float32(0.831), np.float32(0.0)]
2025-11-11 22:46:45.005377: Epoch time: 241.6 s
2025-11-11 22:46:46.733601: 
2025-11-11 22:46:46.733782: Epoch 401
2025-11-11 22:46:46.733898: Current learning rate: 0.0063
2025-11-11 22:50:54.088756: train_loss -0.7643
2025-11-11 22:50:54.089619: val_loss -0.7695
2025-11-11 22:50:54.089739: Pseudo dice [np.float32(0.9387), np.float32(0.8284), np.float32(0.0)]
2025-11-11 22:50:54.089843: Epoch time: 247.36 s
2025-11-11 22:50:55.305025: 
2025-11-11 22:50:55.305350: Epoch 402
2025-11-11 22:50:55.305573: Current learning rate: 0.0063
2025-11-11 22:55:03.692369: train_loss -0.7529
2025-11-11 22:55:03.692628: val_loss -0.7577
2025-11-11 22:55:03.692738: Pseudo dice [np.float32(0.9386), np.float32(0.8316), np.float32(0.0)]
2025-11-11 22:55:03.692845: Epoch time: 248.39 s
2025-11-11 22:55:06.288478: 
2025-11-11 22:55:06.288729: Epoch 403
2025-11-11 22:55:06.288864: Current learning rate: 0.00629
2025-11-11 22:59:08.926712: train_loss -0.7595
2025-11-11 22:59:08.926942: val_loss -0.7404
2025-11-11 22:59:08.927046: Pseudo dice [np.float32(0.9408), np.float32(0.839), np.float32(0.0)]
2025-11-11 22:59:08.937495: Epoch time: 242.64 s
2025-11-11 22:59:11.801231: 
2025-11-11 22:59:11.801466: Epoch 404
2025-11-11 22:59:11.801589: Current learning rate: 0.00628
2025-11-11 23:03:15.477595: train_loss -0.7635
2025-11-11 23:03:15.477834: val_loss -0.7655
2025-11-11 23:03:15.477941: Pseudo dice [np.float32(0.9392), np.float32(0.8348), np.float32(0.0)]
2025-11-11 23:03:15.478052: Epoch time: 243.68 s
2025-11-11 23:03:16.668343: 
2025-11-11 23:03:16.668634: Epoch 405
2025-11-11 23:03:16.668757: Current learning rate: 0.00627
2025-11-11 23:07:16.602587: train_loss -0.7448
2025-11-11 23:07:16.602818: val_loss -0.7618
2025-11-11 23:07:16.602924: Pseudo dice [np.float32(0.9399), np.float32(0.8338), np.float32(0.0)]
2025-11-11 23:07:16.603025: Epoch time: 239.94 s
2025-11-11 23:07:17.757447: 
2025-11-11 23:07:17.757771: Epoch 406
2025-11-11 23:07:17.757910: Current learning rate: 0.00626
2025-11-11 23:11:30.107817: train_loss -0.751
2025-11-11 23:11:30.108071: val_loss -0.7675
2025-11-11 23:11:30.108179: Pseudo dice [np.float32(0.9399), np.float32(0.8343), np.float32(0.0)]
2025-11-11 23:11:30.108282: Epoch time: 252.35 s
2025-11-11 23:11:32.120803: 
2025-11-11 23:11:32.121113: Epoch 407
2025-11-11 23:11:32.121240: Current learning rate: 0.00625
2025-11-11 23:15:32.397230: train_loss -0.7442
2025-11-11 23:15:32.400210: val_loss -0.7361
2025-11-11 23:15:32.400343: Pseudo dice [np.float32(0.9385), np.float32(0.837), np.float32(0.0)]
2025-11-11 23:15:32.400462: Epoch time: 240.28 s
2025-11-11 23:15:34.540663: 
2025-11-11 23:15:34.540884: Epoch 408
2025-11-11 23:15:34.541007: Current learning rate: 0.00624
2025-11-11 23:19:36.723865: train_loss -0.7601
2025-11-11 23:19:36.724087: val_loss -0.753
2025-11-11 23:19:36.724188: Pseudo dice [np.float32(0.9397), np.float32(0.8378), np.float32(0.0)]
2025-11-11 23:19:36.724289: Epoch time: 242.19 s
2025-11-11 23:19:37.861207: 
2025-11-11 23:19:37.861470: Epoch 409
2025-11-11 23:19:37.861594: Current learning rate: 0.00623
2025-11-11 23:23:40.995055: train_loss -0.7586
2025-11-11 23:23:41.008168: val_loss -0.7403
2025-11-11 23:23:41.008318: Pseudo dice [np.float32(0.9411), np.float32(0.8391), np.float32(0.0)]
2025-11-11 23:23:41.008424: Epoch time: 243.14 s
2025-11-11 23:23:42.167557: 
2025-11-11 23:23:42.167836: Epoch 410
2025-11-11 23:23:42.168004: Current learning rate: 0.00622
2025-11-11 23:27:42.666821: train_loss -0.7457
2025-11-11 23:27:42.667043: val_loss -0.7472
2025-11-11 23:27:42.667148: Pseudo dice [np.float32(0.9389), np.float32(0.8405), np.float32(0.0)]
2025-11-11 23:27:42.667246: Epoch time: 240.5 s
2025-11-11 23:27:43.700118: 
2025-11-11 23:27:43.700425: Epoch 411
2025-11-11 23:27:43.700760: Current learning rate: 0.00621
2025-11-11 23:31:41.925190: train_loss -0.7484
2025-11-11 23:31:41.925439: val_loss -0.7628
2025-11-11 23:31:41.925548: Pseudo dice [np.float32(0.9376), np.float32(0.8256), np.float32(0.0)]
2025-11-11 23:31:41.925649: Epoch time: 238.23 s
2025-11-11 23:31:42.998916: 
2025-11-11 23:31:42.999216: Epoch 412
2025-11-11 23:31:42.999378: Current learning rate: 0.0062
2025-11-11 23:35:44.812770: train_loss -0.7467
2025-11-11 23:35:44.812989: val_loss -0.769
2025-11-11 23:35:44.813091: Pseudo dice [np.float32(0.9381), np.float32(0.8366), np.float32(0.0)]
2025-11-11 23:35:44.813190: Epoch time: 241.82 s
2025-11-11 23:35:45.930079: 
2025-11-11 23:35:45.930382: Epoch 413
2025-11-11 23:35:45.930523: Current learning rate: 0.00619
2025-11-11 23:39:44.598106: train_loss -0.7524
2025-11-11 23:39:44.598418: val_loss -0.7808
2025-11-11 23:39:44.598536: Pseudo dice [np.float32(0.9408), np.float32(0.8417), np.float32(0.0)]
2025-11-11 23:39:44.598639: Epoch time: 238.67 s
2025-11-11 23:39:45.712790: 
2025-11-11 23:39:45.712984: Epoch 414
2025-11-11 23:39:45.713104: Current learning rate: 0.00618
2025-11-11 23:43:46.872386: train_loss -0.744
2025-11-11 23:43:46.872658: val_loss -0.7513
2025-11-11 23:43:46.872762: Pseudo dice [np.float32(0.9419), np.float32(0.8369), np.float32(0.0)]
2025-11-11 23:43:46.872861: Epoch time: 241.16 s
2025-11-11 23:43:49.452005: 
2025-11-11 23:43:49.452263: Epoch 415
2025-11-11 23:43:49.452385: Current learning rate: 0.00617
2025-11-11 23:47:59.569811: train_loss -0.7567
2025-11-11 23:47:59.570075: val_loss -0.7599
2025-11-11 23:47:59.570188: Pseudo dice [np.float32(0.9342), np.float32(0.8228), np.float32(0.0)]
2025-11-11 23:47:59.570293: Epoch time: 250.12 s
2025-11-11 23:48:01.088478: 
2025-11-11 23:48:01.088832: Epoch 416
2025-11-11 23:48:01.088970: Current learning rate: 0.00616
2025-11-11 23:52:01.656232: train_loss -0.7534
2025-11-11 23:52:01.656473: val_loss -0.7755
2025-11-11 23:52:01.656580: Pseudo dice [np.float32(0.935), np.float32(0.8292), np.float32(0.0)]
2025-11-11 23:52:01.656682: Epoch time: 240.57 s
2025-11-11 23:52:02.766227: 
2025-11-11 23:52:02.766490: Epoch 417
2025-11-11 23:52:02.766620: Current learning rate: 0.00615
2025-11-11 23:56:04.340673: train_loss -0.7426
2025-11-11 23:56:04.340898: val_loss -0.744
2025-11-11 23:56:04.341003: Pseudo dice [np.float32(0.9334), np.float32(0.8219), np.float32(0.0)]
2025-11-11 23:56:04.341102: Epoch time: 241.58 s
2025-11-11 23:56:05.937851: 
2025-11-11 23:56:05.938150: Epoch 418
2025-11-11 23:56:05.938278: Current learning rate: 0.00614
2025-11-12 00:00:10.043004: train_loss -0.7251
2025-11-12 00:00:10.043243: val_loss -0.7596
2025-11-12 00:00:10.043349: Pseudo dice [np.float32(0.9286), np.float32(0.8187), np.float32(0.0)]
2025-11-12 00:00:10.043460: Epoch time: 244.11 s
2025-11-12 00:00:11.184268: 
2025-11-12 00:00:11.184469: Epoch 419
2025-11-12 00:00:11.184597: Current learning rate: 0.00613
2025-11-12 00:04:15.114728: train_loss -0.7305
2025-11-12 00:04:15.115071: val_loss -0.7607
2025-11-12 00:04:15.115191: Pseudo dice [np.float32(0.9346), np.float32(0.8288), np.float32(0.0)]
2025-11-12 00:04:15.115299: Epoch time: 243.93 s
2025-11-12 00:04:17.133225: 
2025-11-12 00:04:17.133572: Epoch 420
2025-11-12 00:04:17.133728: Current learning rate: 0.00612
2025-11-12 00:08:25.321436: train_loss -0.7425
2025-11-12 00:08:25.321675: val_loss -0.739
2025-11-12 00:08:25.321780: Pseudo dice [np.float32(0.9316), np.float32(0.8224), np.float32(0.0)]
2025-11-12 00:08:25.321881: Epoch time: 248.19 s
2025-11-12 00:08:26.572648: 
2025-11-12 00:08:26.574201: Epoch 421
2025-11-12 00:08:26.574326: Current learning rate: 0.00612
2025-11-12 00:12:26.872592: train_loss -0.7572
2025-11-12 00:12:26.872818: val_loss -0.7434
2025-11-12 00:12:26.872925: Pseudo dice [np.float32(0.9343), np.float32(0.8306), np.float32(0.0)]
2025-11-12 00:12:26.873088: Epoch time: 240.3 s
2025-11-12 00:12:27.973567: 
2025-11-12 00:12:27.973849: Epoch 422
2025-11-12 00:12:27.973973: Current learning rate: 0.00611
2025-11-12 00:16:24.287696: train_loss -0.7334
2025-11-12 00:16:24.287928: val_loss -0.7153
2025-11-12 00:16:24.288032: Pseudo dice [np.float32(0.9277), np.float32(0.827), np.float32(0.0)]
2025-11-12 00:16:24.288131: Epoch time: 236.32 s
2025-11-12 00:16:25.389220: 
2025-11-12 00:16:25.389446: Epoch 423
2025-11-12 00:16:25.389574: Current learning rate: 0.0061
2025-11-12 00:20:27.195600: train_loss -0.7343
2025-11-12 00:20:27.195840: val_loss -0.7889
2025-11-12 00:20:27.195945: Pseudo dice [np.float32(0.9372), np.float32(0.8248), np.float32(0.0)]
2025-11-12 00:20:27.196049: Epoch time: 241.81 s
2025-11-12 00:20:28.288714: 
2025-11-12 00:20:28.288982: Epoch 424
2025-11-12 00:20:28.289111: Current learning rate: 0.00609
2025-11-12 00:24:30.998664: train_loss -0.7485
2025-11-12 00:24:30.998915: val_loss -0.7761
2025-11-12 00:24:30.999019: Pseudo dice [np.float32(0.9371), np.float32(0.836), np.float32(0.0)]
2025-11-12 00:24:30.999119: Epoch time: 242.71 s
2025-11-12 00:24:33.424719: 
2025-11-12 00:24:33.425002: Epoch 425
2025-11-12 00:24:33.425125: Current learning rate: 0.00608
2025-11-12 00:28:34.151822: train_loss -0.7516
2025-11-12 00:28:34.152058: val_loss -0.7619
2025-11-12 00:28:34.152171: Pseudo dice [np.float32(0.9376), np.float32(0.8387), np.float32(0.0)]
2025-11-12 00:28:34.152332: Epoch time: 240.73 s
2025-11-12 00:28:35.514519: 
2025-11-12 00:28:35.514794: Epoch 426
2025-11-12 00:28:35.514917: Current learning rate: 0.00607
2025-11-12 00:32:41.990544: train_loss -0.7417
2025-11-12 00:32:41.990786: val_loss -0.7775
2025-11-12 00:32:41.990891: Pseudo dice [np.float32(0.9393), np.float32(0.8391), np.float32(0.0)]
2025-11-12 00:32:41.990995: Epoch time: 246.48 s
2025-11-12 00:32:43.194212: 
2025-11-12 00:32:43.194479: Epoch 427
2025-11-12 00:32:43.194603: Current learning rate: 0.00606
2025-11-12 00:36:44.658298: train_loss -0.7574
2025-11-12 00:36:44.663122: val_loss -0.7549
2025-11-12 00:36:44.663299: Pseudo dice [np.float32(0.9384), np.float32(0.8376), np.float32(0.0)]
2025-11-12 00:36:44.663450: Epoch time: 241.47 s
2025-11-12 00:36:47.013059: 
2025-11-12 00:36:47.013669: Epoch 428
2025-11-12 00:36:47.013841: Current learning rate: 0.00605
2025-11-12 00:40:48.962441: train_loss -0.7435
2025-11-12 00:40:48.962695: val_loss -0.712
2025-11-12 00:40:48.962806: Pseudo dice [np.float32(0.9368), np.float32(0.8384), np.float32(0.0)]
2025-11-12 00:40:48.962912: Epoch time: 241.95 s
2025-11-12 00:40:50.078228: 
2025-11-12 00:40:50.078537: Epoch 429
2025-11-12 00:40:50.078674: Current learning rate: 0.00604
2025-11-12 00:45:00.222686: train_loss -0.7296
2025-11-12 00:45:00.245017: val_loss -0.7562
2025-11-12 00:45:00.245205: Pseudo dice [np.float32(0.9343), np.float32(0.8322), np.float32(0.0)]
2025-11-12 00:45:00.245308: Epoch time: 250.15 s
2025-11-12 00:45:01.393494: 
2025-11-12 00:45:01.393800: Epoch 430
2025-11-12 00:45:01.393967: Current learning rate: 0.00603
2025-11-12 00:49:01.403726: train_loss -0.7299
2025-11-12 00:49:01.404171: val_loss -0.752
2025-11-12 00:49:01.404291: Pseudo dice [np.float32(0.935), np.float32(0.8295), np.float32(0.0)]
2025-11-12 00:49:01.404393: Epoch time: 240.01 s
2025-11-12 00:49:02.586675: 
2025-11-12 00:49:02.586890: Epoch 431
2025-11-12 00:49:02.587018: Current learning rate: 0.00602
2025-11-12 00:53:00.659157: train_loss -0.7391
2025-11-12 00:53:00.659614: val_loss -0.7531
2025-11-12 00:53:00.659721: Pseudo dice [np.float32(0.939), np.float32(0.8227), np.float32(0.0)]
2025-11-12 00:53:00.659823: Epoch time: 238.08 s
2025-11-12 00:53:01.754124: 
2025-11-12 00:53:01.754457: Epoch 432
2025-11-12 00:53:01.754592: Current learning rate: 0.00601
2025-11-12 00:57:10.339684: train_loss -0.7315
2025-11-12 00:57:10.342084: val_loss -0.7518
2025-11-12 00:57:10.342208: Pseudo dice [np.float32(0.9345), np.float32(0.8282), np.float32(0.0)]
2025-11-12 00:57:10.342303: Epoch time: 248.59 s
2025-11-12 00:57:11.816391: 
2025-11-12 00:57:11.816676: Epoch 433
2025-11-12 00:57:11.816807: Current learning rate: 0.006
2025-11-12 01:01:18.305293: train_loss -0.7409
2025-11-12 01:01:18.305736: val_loss -0.7488
2025-11-12 01:01:18.305844: Pseudo dice [np.float32(0.9377), np.float32(0.8343), np.float32(0.0)]
2025-11-12 01:01:18.305943: Epoch time: 246.49 s
2025-11-12 01:01:19.405161: 
2025-11-12 01:01:19.405371: Epoch 434
2025-11-12 01:01:19.405510: Current learning rate: 0.00599
2025-11-12 01:05:18.219568: train_loss -0.7573
2025-11-12 01:05:18.220032: val_loss -0.7474
2025-11-12 01:05:18.220148: Pseudo dice [np.float32(0.9389), np.float32(0.8407), np.float32(0.0)]
2025-11-12 01:05:18.220255: Epoch time: 238.82 s
2025-11-12 01:05:19.333145: 
2025-11-12 01:05:19.333438: Epoch 435
2025-11-12 01:05:19.333610: Current learning rate: 0.00598
2025-11-12 01:09:37.009615: train_loss -0.7707
2025-11-12 01:09:37.026590: val_loss -0.7449
2025-11-12 01:09:37.026780: Pseudo dice [np.float32(0.939), np.float32(0.8317), np.float32(0.0)]
2025-11-12 01:09:37.026889: Epoch time: 257.68 s
2025-11-12 01:09:38.276260: 
2025-11-12 01:09:38.276497: Epoch 436
2025-11-12 01:09:38.276620: Current learning rate: 0.00597
2025-11-12 01:13:46.309993: train_loss -0.7397
2025-11-12 01:13:46.314076: val_loss -0.7294
2025-11-12 01:13:46.314237: Pseudo dice [np.float32(0.9369), np.float32(0.8373), np.float32(0.0)]
2025-11-12 01:13:46.314572: Epoch time: 248.04 s
2025-11-12 01:13:49.599517: 
2025-11-12 01:13:49.599719: Epoch 437
2025-11-12 01:13:49.599849: Current learning rate: 0.00596
2025-11-12 01:17:51.214443: train_loss -0.761
2025-11-12 01:17:51.214853: val_loss -0.7511
2025-11-12 01:17:51.214983: Pseudo dice [np.float32(0.9364), np.float32(0.8269), np.float32(0.0)]
2025-11-12 01:17:51.215098: Epoch time: 241.62 s
2025-11-12 01:17:53.021553: 
2025-11-12 01:17:53.021767: Epoch 438
2025-11-12 01:17:53.021887: Current learning rate: 0.00595
2025-11-12 01:21:55.780736: train_loss -0.7275
2025-11-12 01:21:55.784608: val_loss -0.7142
2025-11-12 01:21:55.784732: Pseudo dice [np.float32(0.9335), np.float32(0.8184), np.float32(0.0)]
2025-11-12 01:21:55.784826: Epoch time: 242.76 s
2025-11-12 01:21:57.659170: 
2025-11-12 01:21:57.659438: Epoch 439
2025-11-12 01:21:57.659560: Current learning rate: 0.00594
2025-11-12 01:26:08.092642: train_loss -0.7573
2025-11-12 01:26:08.094528: val_loss -0.7652
2025-11-12 01:26:08.094660: Pseudo dice [np.float32(0.9414), np.float32(0.8336), np.float32(0.0)]
2025-11-12 01:26:08.094755: Epoch time: 250.44 s
2025-11-12 01:26:10.551424: 
2025-11-12 01:26:10.551777: Epoch 440
2025-11-12 01:26:10.551902: Current learning rate: 0.00593
2025-11-12 01:30:10.945089: train_loss -0.7393
2025-11-12 01:30:10.945423: val_loss -0.7347
2025-11-12 01:30:10.945595: Pseudo dice [np.float32(0.9366), np.float32(0.8255), np.float32(0.0)]
2025-11-12 01:30:10.945701: Epoch time: 240.4 s
2025-11-12 01:30:12.033499: 
2025-11-12 01:30:12.033754: Epoch 441
2025-11-12 01:30:12.033884: Current learning rate: 0.00592
2025-11-12 01:34:17.716872: train_loss -0.7431
2025-11-12 01:34:17.727658: val_loss -0.7438
2025-11-12 01:34:17.727795: Pseudo dice [np.float32(0.9353), np.float32(0.8345), np.float32(0.0)]
2025-11-12 01:34:17.727911: Epoch time: 245.69 s
2025-11-12 01:34:18.911057: 
2025-11-12 01:34:18.911358: Epoch 442
2025-11-12 01:34:18.911494: Current learning rate: 0.00592
2025-11-12 01:38:19.090087: train_loss -0.7542
2025-11-12 01:38:19.106542: val_loss -0.7469
2025-11-12 01:38:19.106695: Pseudo dice [np.float32(0.9405), np.float32(0.8331), np.float32(0.0)]
2025-11-12 01:38:19.106797: Epoch time: 240.18 s
2025-11-12 01:38:20.250867: 
2025-11-12 01:38:20.251180: Epoch 443
2025-11-12 01:38:20.251305: Current learning rate: 0.00591
2025-11-12 01:42:20.079632: train_loss -0.7639
2025-11-12 01:42:20.080089: val_loss -0.7778
2025-11-12 01:42:20.080197: Pseudo dice [np.float32(0.9417), np.float32(0.839), np.float32(0.0)]
2025-11-12 01:42:20.080296: Epoch time: 239.83 s
2025-11-12 01:42:21.241634: 
2025-11-12 01:42:21.241946: Epoch 444
2025-11-12 01:42:21.242112: Current learning rate: 0.0059
2025-11-12 01:46:29.272682: train_loss -0.744
2025-11-12 01:46:29.274058: val_loss -0.7596
2025-11-12 01:46:29.274193: Pseudo dice [np.float32(0.9389), np.float32(0.8376), np.float32(0.0)]
2025-11-12 01:46:29.274301: Epoch time: 248.03 s
2025-11-12 01:46:30.404028: 
2025-11-12 01:46:30.404266: Epoch 445
2025-11-12 01:46:30.404408: Current learning rate: 0.00589
2025-11-12 01:50:43.285833: train_loss -0.7444
2025-11-12 01:50:43.287031: val_loss -0.7592
2025-11-12 01:50:43.287179: Pseudo dice [np.float32(0.9421), np.float32(0.8394), np.float32(0.0)]
2025-11-12 01:50:43.287292: Epoch time: 252.88 s
2025-11-12 01:50:44.811014: 
2025-11-12 01:50:44.811331: Epoch 446
2025-11-12 01:50:44.811472: Current learning rate: 0.00588
2025-11-12 01:54:56.600501: train_loss -0.7509
2025-11-12 01:54:56.600937: val_loss -0.7524
2025-11-12 01:54:56.601048: Pseudo dice [np.float32(0.9426), np.float32(0.8415), np.float32(0.0)]
2025-11-12 01:54:56.601149: Epoch time: 251.79 s
2025-11-12 01:54:57.708430: 
2025-11-12 01:54:57.708718: Epoch 447
2025-11-12 01:54:57.708847: Current learning rate: 0.00587
2025-11-12 01:58:58.962506: train_loss -0.762
2025-11-12 01:58:58.967577: val_loss -0.7766
2025-11-12 01:58:58.969710: Pseudo dice [np.float32(0.9417), np.float32(0.8407), np.float32(0.0)]
2025-11-12 01:58:58.969986: Epoch time: 241.26 s
2025-11-12 01:59:00.787399: 
2025-11-12 01:59:00.787605: Epoch 448
2025-11-12 01:59:00.787730: Current learning rate: 0.00586
2025-11-12 02:03:00.782334: train_loss -0.7662
2025-11-12 02:03:00.782907: val_loss -0.7261
2025-11-12 02:03:00.783036: Pseudo dice [np.float32(0.9394), np.float32(0.8346), np.float32(0.0)]
2025-11-12 02:03:00.783139: Epoch time: 240.0 s
2025-11-12 02:03:01.873261: 
2025-11-12 02:03:01.873605: Epoch 449
2025-11-12 02:03:01.873849: Current learning rate: 0.00585
2025-11-12 02:07:04.346866: train_loss -0.7497
2025-11-12 02:07:04.347335: val_loss -0.7868
2025-11-12 02:07:04.347486: Pseudo dice [np.float32(0.9391), np.float32(0.8449), np.float32(0.0)]
2025-11-12 02:07:04.347591: Epoch time: 242.48 s
2025-11-12 02:07:06.798546: 
2025-11-12 02:07:06.798856: Epoch 450
2025-11-12 02:07:06.799006: Current learning rate: 0.00584
2025-11-12 02:11:12.755700: train_loss -0.7528
2025-11-12 02:11:12.756200: val_loss -0.7582
2025-11-12 02:11:12.756349: Pseudo dice [np.float32(0.9417), np.float32(0.835), np.float32(0.0)]
2025-11-12 02:11:12.756465: Epoch time: 245.96 s
2025-11-12 02:11:13.857583: 
2025-11-12 02:11:13.857826: Epoch 451
2025-11-12 02:11:13.857986: Current learning rate: 0.00583
2025-11-12 02:15:20.032015: train_loss -0.7509
2025-11-12 02:15:20.038790: val_loss -0.7527
2025-11-12 02:15:20.038936: Pseudo dice [np.float32(0.9448), np.float32(0.8416), np.float32(0.0)]
2025-11-12 02:15:20.039034: Epoch time: 246.18 s
2025-11-12 02:15:23.845534: 
2025-11-12 02:15:23.852532: Epoch 452
2025-11-12 02:15:23.852697: Current learning rate: 0.00582
2025-11-12 02:19:25.583237: train_loss -0.765
2025-11-12 02:19:25.613661: val_loss -0.7442
2025-11-12 02:19:25.613840: Pseudo dice [np.float32(0.9397), np.float32(0.842), np.float32(0.0)]
2025-11-12 02:19:25.613963: Epoch time: 241.74 s
2025-11-12 02:19:26.700734: 
2025-11-12 02:19:26.700976: Epoch 453
2025-11-12 02:19:26.701105: Current learning rate: 0.00581
2025-11-12 02:23:31.197817: train_loss -0.7361
2025-11-12 02:23:31.293640: val_loss -0.733
2025-11-12 02:23:31.293866: Pseudo dice [np.float32(0.9358), np.float32(0.8096), np.float32(0.0)]
2025-11-12 02:23:31.294003: Epoch time: 244.5 s
2025-11-12 02:23:33.504128: 
2025-11-12 02:23:33.505296: Epoch 454
2025-11-12 02:23:33.506428: Current learning rate: 0.0058
2025-11-12 02:27:44.647496: train_loss -0.7364
2025-11-12 02:27:44.648051: val_loss -0.7679
2025-11-12 02:27:44.648196: Pseudo dice [np.float32(0.9386), np.float32(0.8372), np.float32(0.0)]
2025-11-12 02:27:44.648331: Epoch time: 251.15 s
2025-11-12 02:27:45.731867: 
2025-11-12 02:27:45.732152: Epoch 455
2025-11-12 02:27:45.732314: Current learning rate: 0.00579
2025-11-12 02:31:53.742489: train_loss -0.7609
2025-11-12 02:31:53.751305: val_loss -0.7958
2025-11-12 02:31:53.753403: Pseudo dice [np.float32(0.9404), np.float32(0.8415), np.float32(0.0)]
2025-11-12 02:31:53.755491: Epoch time: 248.01 s
2025-11-12 02:31:58.640143: 
2025-11-12 02:31:58.640414: Epoch 456
2025-11-12 02:31:58.640561: Current learning rate: 0.00578
2025-11-12 02:36:00.071838: train_loss -0.7569
2025-11-12 02:36:00.072521: val_loss -0.7512
2025-11-12 02:36:00.072678: Pseudo dice [np.float32(0.9383), np.float32(0.8379), np.float32(0.0)]
2025-11-12 02:36:00.072818: Epoch time: 241.43 s
2025-11-12 02:36:01.166923: 
2025-11-12 02:36:01.167370: Epoch 457
2025-11-12 02:36:01.167708: Current learning rate: 0.00577
2025-11-12 02:40:07.047895: train_loss -0.7395
2025-11-12 02:40:07.057999: val_loss -0.7497
2025-11-12 02:40:07.058224: Pseudo dice [np.float32(0.9418), np.float32(0.84), np.float32(0.0)]
2025-11-12 02:40:07.058358: Epoch time: 245.88 s
2025-11-12 02:40:08.108623: 
2025-11-12 02:40:08.108896: Epoch 458
2025-11-12 02:40:08.109051: Current learning rate: 0.00576
2025-11-12 02:44:07.042091: train_loss -0.729
2025-11-12 02:44:07.042707: val_loss -0.7912
2025-11-12 02:44:07.042852: Pseudo dice [np.float32(0.9421), np.float32(0.8344), np.float32(0.0)]
2025-11-12 02:44:07.042985: Epoch time: 238.94 s
2025-11-12 02:44:08.156060: 
2025-11-12 02:44:08.156446: Epoch 459
2025-11-12 02:44:08.156602: Current learning rate: 0.00575
2025-11-12 02:48:15.988410: train_loss -0.7653
2025-11-12 02:48:15.994156: val_loss -0.7522
2025-11-12 02:48:15.994448: Pseudo dice [np.float32(0.9418), np.float32(0.8419), np.float32(0.0)]
2025-11-12 02:48:15.994588: Epoch time: 247.84 s
2025-11-12 02:48:17.541425: 
2025-11-12 02:48:17.541740: Epoch 460
2025-11-12 02:48:17.541919: Current learning rate: 0.00574
2025-11-12 02:52:18.336153: train_loss -0.7583
2025-11-12 02:52:18.336781: val_loss -0.7618
2025-11-12 02:52:18.336941: Pseudo dice [np.float32(0.936), np.float32(0.8386), np.float32(0.0)]
2025-11-12 02:52:18.337079: Epoch time: 240.8 s
2025-11-12 02:52:19.422769: 
2025-11-12 02:52:19.423079: Epoch 461
2025-11-12 02:52:19.423233: Current learning rate: 0.00573
2025-11-12 02:56:30.646095: train_loss -0.7462
2025-11-12 02:56:30.666729: val_loss -0.7577
2025-11-12 02:56:30.666980: Pseudo dice [np.float32(0.935), np.float32(0.831), np.float32(0.0)]
2025-11-12 02:56:30.667157: Epoch time: 251.23 s
2025-11-12 02:56:31.763857: 
2025-11-12 02:56:31.764063: Epoch 462
2025-11-12 02:56:31.764187: Current learning rate: 0.00572
2025-11-12 03:00:37.558612: train_loss -0.7643
2025-11-12 03:00:37.558859: val_loss -0.7879
2025-11-12 03:00:37.558964: Pseudo dice [np.float32(0.9411), np.float32(0.8399), np.float32(0.0)]
2025-11-12 03:00:37.563448: Epoch time: 245.8 s
2025-11-12 03:00:40.848474: 
2025-11-12 03:00:40.848801: Epoch 463
2025-11-12 03:00:40.848932: Current learning rate: 0.00571
2025-11-12 03:04:42.734146: train_loss -0.7548
2025-11-12 03:04:42.734370: val_loss -0.7651
2025-11-12 03:04:42.734489: Pseudo dice [np.float32(0.9441), np.float32(0.8407), np.float32(0.0)]
2025-11-12 03:04:42.734590: Epoch time: 241.89 s
2025-11-12 03:04:43.822742: 
2025-11-12 03:04:43.823022: Epoch 464
2025-11-12 03:04:43.823152: Current learning rate: 0.0057
2025-11-12 03:08:43.174642: train_loss -0.7576
2025-11-12 03:08:43.174960: val_loss -0.7601
2025-11-12 03:08:43.175071: Pseudo dice [np.float32(0.9425), np.float32(0.8471), np.float32(0.0)]
2025-11-12 03:08:43.175174: Epoch time: 239.35 s
2025-11-12 03:08:44.229069: 
2025-11-12 03:08:44.229369: Epoch 465
2025-11-12 03:08:44.229496: Current learning rate: 0.0057
2025-11-12 03:12:45.731802: train_loss -0.7601
2025-11-12 03:12:45.732078: val_loss -0.7668
2025-11-12 03:12:45.732193: Pseudo dice [np.float32(0.942), np.float32(0.8399), np.float32(0.0)]
2025-11-12 03:12:45.732295: Epoch time: 241.51 s
2025-11-12 03:12:46.878588: 
2025-11-12 03:12:46.878857: Epoch 466
2025-11-12 03:12:46.878977: Current learning rate: 0.00569
2025-11-12 03:16:45.501981: train_loss -0.7345
2025-11-12 03:16:45.502238: val_loss -0.7398
2025-11-12 03:16:45.502354: Pseudo dice [np.float32(0.94), np.float32(0.8327), np.float32(0.0)]
2025-11-12 03:16:45.502469: Epoch time: 238.63 s
2025-11-12 03:16:46.602144: 
2025-11-12 03:16:46.602439: Epoch 467
2025-11-12 03:16:46.602570: Current learning rate: 0.00568
2025-11-12 03:20:54.008804: train_loss -0.7373
2025-11-12 03:20:54.055350: val_loss -0.725
2025-11-12 03:20:54.055635: Pseudo dice [np.float32(0.933), np.float32(0.8252), np.float32(0.0)]
2025-11-12 03:20:54.055842: Epoch time: 247.41 s
2025-11-12 03:20:55.146015: 
2025-11-12 03:20:55.146277: Epoch 468
2025-11-12 03:20:55.146418: Current learning rate: 0.00567
2025-11-12 03:24:53.515689: train_loss -0.7573
2025-11-12 03:24:53.516216: val_loss -0.7737
2025-11-12 03:24:53.516503: Pseudo dice [np.float32(0.9404), np.float32(0.8393), np.float32(0.0)]
2025-11-12 03:24:53.516739: Epoch time: 238.37 s
2025-11-12 03:24:54.637233: 
2025-11-12 03:24:54.637503: Epoch 469
2025-11-12 03:24:54.637633: Current learning rate: 0.00566
2025-11-12 03:28:56.623271: train_loss -0.7599
2025-11-12 03:28:56.623517: val_loss -0.7704
2025-11-12 03:28:56.623624: Pseudo dice [np.float32(0.9386), np.float32(0.8459), np.float32(0.0)]
2025-11-12 03:28:56.623725: Epoch time: 241.99 s
2025-11-12 03:28:57.720454: 
2025-11-12 03:28:57.720775: Epoch 470
2025-11-12 03:28:57.720921: Current learning rate: 0.00565
2025-11-12 03:33:02.054818: train_loss -0.7526
2025-11-12 03:33:02.055040: val_loss -0.7441
2025-11-12 03:33:02.055143: Pseudo dice [np.float32(0.9415), np.float32(0.8463), np.float32(0.0)]
2025-11-12 03:33:02.055241: Epoch time: 244.34 s
2025-11-12 03:33:03.127059: 
2025-11-12 03:33:03.127286: Epoch 471
2025-11-12 03:33:03.127416: Current learning rate: 0.00564
2025-11-12 03:37:04.391984: train_loss -0.7485
2025-11-12 03:37:04.392268: val_loss -0.7431
2025-11-12 03:37:04.392385: Pseudo dice [np.float32(0.9395), np.float32(0.8466), np.float32(0.0)]
2025-11-12 03:37:04.392491: Epoch time: 241.27 s
2025-11-12 03:37:05.477031: 
2025-11-12 03:37:05.477309: Epoch 472
2025-11-12 03:37:05.477437: Current learning rate: 0.00563
2025-11-12 03:41:05.559778: train_loss -0.7638
2025-11-12 03:41:05.560000: val_loss -0.7784
2025-11-12 03:41:05.560105: Pseudo dice [np.float32(0.9416), np.float32(0.8457), np.float32(0.0)]
2025-11-12 03:41:05.560205: Epoch time: 240.09 s
2025-11-12 03:41:06.657326: 
2025-11-12 03:41:06.657699: Epoch 473
2025-11-12 03:41:06.657974: Current learning rate: 0.00562
2025-11-12 03:45:05.974727: train_loss -0.7585
2025-11-12 03:45:05.974974: val_loss -0.7826
2025-11-12 03:45:05.975093: Pseudo dice [np.float32(0.9436), np.float32(0.8447), np.float32(0.0)]
2025-11-12 03:45:05.975197: Epoch time: 239.32 s
2025-11-12 03:45:07.845095: 
2025-11-12 03:45:07.845368: Epoch 474
2025-11-12 03:45:07.845505: Current learning rate: 0.00561
2025-11-12 03:49:08.710921: train_loss -0.7635
2025-11-12 03:49:08.711176: val_loss -0.7859
2025-11-12 03:49:08.711283: Pseudo dice [np.float32(0.9397), np.float32(0.8411), np.float32(0.0)]
2025-11-12 03:49:08.711387: Epoch time: 240.87 s
2025-11-12 03:49:09.802165: 
2025-11-12 03:49:09.802474: Epoch 475
2025-11-12 03:49:09.802685: Current learning rate: 0.0056
2025-11-12 03:53:09.223721: train_loss -0.7628
2025-11-12 03:53:09.233307: val_loss -0.753
2025-11-12 03:53:09.233455: Pseudo dice [np.float32(0.9406), np.float32(0.8391), np.float32(0.0)]
2025-11-12 03:53:09.233557: Epoch time: 239.42 s
2025-11-12 03:53:10.321574: 
2025-11-12 03:53:10.321950: Epoch 476
2025-11-12 03:53:10.322181: Current learning rate: 0.00559
2025-11-12 03:57:11.351257: train_loss -0.7434
2025-11-12 03:57:11.351500: val_loss -0.7607
2025-11-12 03:57:11.351606: Pseudo dice [np.float32(0.9411), np.float32(0.8385), np.float32(0.0)]
2025-11-12 03:57:11.351708: Epoch time: 241.03 s
2025-11-12 03:57:12.415442: 
2025-11-12 03:57:12.415726: Epoch 477
2025-11-12 03:57:12.415847: Current learning rate: 0.00558
2025-11-12 04:01:20.903158: train_loss -0.7514
2025-11-12 04:01:20.903428: val_loss -0.767
2025-11-12 04:01:20.903541: Pseudo dice [np.float32(0.9403), np.float32(0.8406), np.float32(0.0)]
2025-11-12 04:01:20.905932: Epoch time: 248.49 s
2025-11-12 04:01:22.109189: 
2025-11-12 04:01:22.109537: Epoch 478
2025-11-12 04:01:22.109661: Current learning rate: 0.00557
2025-11-12 04:05:38.420967: train_loss -0.7656
2025-11-12 04:05:38.449877: val_loss -0.7648
2025-11-12 04:05:38.450065: Pseudo dice [np.float32(0.9346), np.float32(0.8374), np.float32(0.0)]
2025-11-12 04:05:38.450168: Epoch time: 256.31 s
2025-11-12 04:05:40.093970: 
2025-11-12 04:05:40.094240: Epoch 479
2025-11-12 04:05:40.094357: Current learning rate: 0.00556
2025-11-12 04:09:49.693925: train_loss -0.7494
2025-11-12 04:09:49.694154: val_loss -0.75
2025-11-12 04:09:49.694258: Pseudo dice [np.float32(0.9439), np.float32(0.8442), np.float32(0.0)]
2025-11-12 04:09:49.694360: Epoch time: 249.6 s
2025-11-12 04:09:50.825065: 
2025-11-12 04:09:50.825322: Epoch 480
2025-11-12 04:09:50.825451: Current learning rate: 0.00555
2025-11-12 04:13:54.715139: train_loss -0.7533
2025-11-12 04:13:54.715383: val_loss -0.7094
2025-11-12 04:13:54.715499: Pseudo dice [np.float32(0.9337), np.float32(0.8024), np.float32(0.0)]
2025-11-12 04:13:54.715603: Epoch time: 243.89 s
2025-11-12 04:13:56.620588: 
2025-11-12 04:13:56.621054: Epoch 481
2025-11-12 04:13:56.621385: Current learning rate: 0.00554
2025-11-12 04:17:58.180296: train_loss -0.7379
2025-11-12 04:17:58.180541: val_loss -0.7427
2025-11-12 04:17:58.180650: Pseudo dice [np.float32(0.9358), np.float32(0.8273), np.float32(0.0)]
2025-11-12 04:17:58.180757: Epoch time: 241.56 s
2025-11-12 04:17:59.287286: 
2025-11-12 04:17:59.287569: Epoch 482
2025-11-12 04:17:59.287703: Current learning rate: 0.00553
2025-11-12 04:22:09.304002: train_loss -0.7423
2025-11-12 04:22:09.304255: val_loss -0.7409
2025-11-12 04:22:09.304366: Pseudo dice [np.float32(0.9398), np.float32(0.8345), np.float32(0.0)]
2025-11-12 04:22:09.304481: Epoch time: 250.02 s
2025-11-12 04:22:11.930457: 
2025-11-12 04:22:11.931856: Epoch 483
2025-11-12 04:22:11.931991: Current learning rate: 0.00552
2025-11-12 04:26:23.624196: train_loss -0.7473
2025-11-12 04:26:23.626684: val_loss -0.7433
2025-11-12 04:26:23.626848: Pseudo dice [np.float32(0.9427), np.float32(0.8395), np.float32(0.0)]
2025-11-12 04:26:23.626944: Epoch time: 251.7 s
2025-11-12 04:26:25.872726: 
2025-11-12 04:26:25.873046: Epoch 484
2025-11-12 04:26:25.873185: Current learning rate: 0.00551
2025-11-12 04:30:30.840644: train_loss -0.7502
2025-11-12 04:30:30.840894: val_loss -0.7336
2025-11-12 04:30:30.841002: Pseudo dice [np.float32(0.9379), np.float32(0.8385), np.float32(0.0)]
2025-11-12 04:30:30.841103: Epoch time: 244.97 s
2025-11-12 04:30:32.331588: 
2025-11-12 04:30:32.331834: Epoch 485
2025-11-12 04:30:32.331961: Current learning rate: 0.0055
2025-11-12 04:34:33.581458: train_loss -0.7526
2025-11-12 04:34:33.581690: val_loss -0.7492
2025-11-12 04:34:33.581793: Pseudo dice [np.float32(0.9427), np.float32(0.8387), np.float32(0.0)]
2025-11-12 04:34:33.581894: Epoch time: 241.25 s
2025-11-12 04:34:34.680338: 
2025-11-12 04:34:34.680650: Epoch 486
2025-11-12 04:34:34.680776: Current learning rate: 0.00549
2025-11-12 04:38:33.680063: train_loss -0.7509
2025-11-12 04:38:33.680278: val_loss -0.7499
2025-11-12 04:38:33.691961: Pseudo dice [np.float32(0.9399), np.float32(0.8391), np.float32(0.0)]
2025-11-12 04:38:33.692087: Epoch time: 239.0 s
2025-11-12 04:38:34.785653: 
2025-11-12 04:38:34.785914: Epoch 487
2025-11-12 04:38:34.786036: Current learning rate: 0.00548
2025-11-12 04:42:39.424557: train_loss -0.7587
2025-11-12 04:42:39.424791: val_loss -0.7588
2025-11-12 04:42:39.424898: Pseudo dice [np.float32(0.9446), np.float32(0.839), np.float32(0.0)]
2025-11-12 04:42:39.425006: Epoch time: 244.64 s
2025-11-12 04:42:41.486747: 
2025-11-12 04:42:41.486991: Epoch 488
2025-11-12 04:42:41.487113: Current learning rate: 0.00547
2025-11-12 04:46:41.437729: train_loss -0.7578
2025-11-12 04:46:41.437945: val_loss -0.7515
2025-11-12 04:46:41.438050: Pseudo dice [np.float32(0.9441), np.float32(0.8438), np.float32(0.0)]
2025-11-12 04:46:41.438150: Epoch time: 239.95 s
2025-11-12 04:46:42.520711: 
2025-11-12 04:46:42.520943: Epoch 489
2025-11-12 04:46:42.521081: Current learning rate: 0.00546
2025-11-12 04:50:44.015656: train_loss -0.7429
2025-11-12 04:50:44.015892: val_loss -0.7602
2025-11-12 04:50:44.015996: Pseudo dice [np.float32(0.9438), np.float32(0.8435), np.float32(0.0)]
2025-11-12 04:50:44.016094: Epoch time: 241.5 s
2025-11-12 04:50:45.018611: 
2025-11-12 04:50:45.018910: Epoch 490
2025-11-12 04:50:45.019167: Current learning rate: 0.00546
2025-11-12 04:54:48.901798: train_loss -0.754
2025-11-12 04:54:48.906702: val_loss -0.7971
2025-11-12 04:54:48.906901: Pseudo dice [np.float32(0.9433), np.float32(0.8406), np.float32(0.0)]
2025-11-12 04:54:48.907027: Epoch time: 243.89 s
2025-11-12 04:54:52.219028: 
2025-11-12 04:54:52.220514: Epoch 491
2025-11-12 04:54:52.220654: Current learning rate: 0.00545
2025-11-12 04:58:53.633972: train_loss -0.754
2025-11-12 04:58:53.634223: val_loss -0.7797
2025-11-12 04:58:53.634331: Pseudo dice [np.float32(0.9417), np.float32(0.841), np.float32(0.0)]
2025-11-12 04:58:53.634444: Epoch time: 241.42 s
2025-11-12 04:58:55.498114: 
2025-11-12 04:58:55.498405: Epoch 492
2025-11-12 04:58:55.498531: Current learning rate: 0.00544
2025-11-12 05:02:56.993132: train_loss -0.7566
2025-11-12 05:02:57.018782: val_loss -0.7397
2025-11-12 05:02:57.018966: Pseudo dice [np.float32(0.9398), np.float32(0.8431), np.float32(0.0)]
2025-11-12 05:02:57.019070: Epoch time: 241.5 s
2025-11-12 05:02:58.248778: 
2025-11-12 05:02:58.249057: Epoch 493
2025-11-12 05:02:58.249195: Current learning rate: 0.00543
2025-11-12 05:06:57.398188: train_loss -0.7559
2025-11-12 05:06:57.398421: val_loss -0.7902
2025-11-12 05:06:57.398526: Pseudo dice [np.float32(0.9406), np.float32(0.8462), np.float32(0.0)]
2025-11-12 05:06:57.398627: Epoch time: 239.15 s
2025-11-12 05:06:58.523225: 
2025-11-12 05:06:58.523555: Epoch 494
2025-11-12 05:06:58.523721: Current learning rate: 0.00542
2025-11-12 05:10:57.868262: train_loss -0.747
2025-11-12 05:10:57.868508: val_loss -0.7436
2025-11-12 05:10:57.868614: Pseudo dice [np.float32(0.9406), np.float32(0.8368), np.float32(0.0)]
2025-11-12 05:10:57.868716: Epoch time: 239.35 s
2025-11-12 05:10:58.974380: 
2025-11-12 05:10:58.974636: Epoch 495
2025-11-12 05:10:58.974767: Current learning rate: 0.00541
2025-11-12 05:15:01.476765: train_loss -0.7615
2025-11-12 05:15:01.477025: val_loss -0.7241
2025-11-12 05:15:01.477132: Pseudo dice [np.float32(0.9429), np.float32(0.8476), np.float32(0.0)]
2025-11-12 05:15:01.477233: Epoch time: 242.51 s
2025-11-12 05:15:02.851344: 
2025-11-12 05:15:02.851612: Epoch 496
2025-11-12 05:15:02.851729: Current learning rate: 0.0054
2025-11-12 05:19:02.832509: train_loss -0.7647
2025-11-12 05:19:02.832797: val_loss -0.7302
2025-11-12 05:19:02.832937: Pseudo dice [np.float32(0.9409), np.float32(0.8509), np.float32(0.0)]
2025-11-12 05:19:02.833043: Epoch time: 239.98 s
2025-11-12 05:19:03.925853: 
2025-11-12 05:19:03.926122: Epoch 497
2025-11-12 05:19:03.926327: Current learning rate: 0.00539
2025-11-12 05:23:05.021093: train_loss -0.7568
2025-11-12 05:23:05.021337: val_loss -0.752
2025-11-12 05:23:05.038709: Pseudo dice [np.float32(0.9434), np.float32(0.8474), np.float32(0.0)]
2025-11-12 05:23:05.038892: Epoch time: 241.1 s
2025-11-12 05:23:06.172036: 
2025-11-12 05:23:06.172241: Epoch 498
2025-11-12 05:23:06.172356: Current learning rate: 0.00538
2025-11-12 05:27:05.149168: train_loss -0.7695
2025-11-12 05:27:05.149410: val_loss -0.7797
2025-11-12 05:27:05.149560: Pseudo dice [np.float32(0.9446), np.float32(0.849), np.float32(0.0)]
2025-11-12 05:27:05.149667: Epoch time: 238.98 s
2025-11-12 05:27:06.257912: 
2025-11-12 05:27:06.258204: Epoch 499
2025-11-12 05:27:06.258333: Current learning rate: 0.00537
2025-11-12 05:31:08.845175: train_loss -0.7347
2025-11-12 05:31:08.845407: val_loss -0.7493
2025-11-12 05:31:08.845516: Pseudo dice [np.float32(0.9401), np.float32(0.8418), np.float32(0.0)]
2025-11-12 05:31:08.850753: Epoch time: 242.59 s
2025-11-12 05:31:11.132994: 
2025-11-12 05:31:11.133267: Epoch 500
2025-11-12 05:31:11.133465: Current learning rate: 0.00536
2025-11-12 05:35:18.907907: train_loss -0.7403
2025-11-12 05:35:18.911208: val_loss -0.78
2025-11-12 05:35:18.911351: Pseudo dice [np.float32(0.9382), np.float32(0.8324), np.float32(0.0)]
2025-11-12 05:35:18.911457: Epoch time: 247.78 s
2025-11-12 05:35:20.672884: 
2025-11-12 05:35:20.673159: Epoch 501
2025-11-12 05:35:20.673281: Current learning rate: 0.00535
2025-11-12 05:39:18.664159: train_loss -0.7463
2025-11-12 05:39:18.664380: val_loss -0.7748
2025-11-12 05:39:18.664499: Pseudo dice [np.float32(0.9428), np.float32(0.8389), np.float32(0.0)]
2025-11-12 05:39:18.664600: Epoch time: 237.99 s
2025-11-12 05:39:19.779146: 
2025-11-12 05:39:19.779434: Epoch 502
2025-11-12 05:39:19.779569: Current learning rate: 0.00534
2025-11-12 05:43:26.554354: train_loss -0.7639
2025-11-12 05:43:26.554724: val_loss -0.7798
2025-11-12 05:43:26.554837: Pseudo dice [np.float32(0.9407), np.float32(0.8413), np.float32(0.0)]
2025-11-12 05:43:26.554939: Epoch time: 246.78 s
2025-11-12 05:43:27.795474: 
2025-11-12 05:43:27.795784: Epoch 503
2025-11-12 05:43:27.795907: Current learning rate: 0.00533
2025-11-12 05:47:24.950713: train_loss -0.733
2025-11-12 05:47:24.950934: val_loss -0.7587
2025-11-12 05:47:24.951037: Pseudo dice [np.float32(0.9298), np.float32(0.8316), np.float32(0.0)]
2025-11-12 05:47:24.951138: Epoch time: 237.16 s
2025-11-12 05:47:26.067420: 
2025-11-12 05:47:26.067642: Epoch 504
2025-11-12 05:47:26.067762: Current learning rate: 0.00532
2025-11-12 05:51:39.989209: train_loss -0.7362
2025-11-12 05:51:39.989447: val_loss -0.7713
2025-11-12 05:51:39.989552: Pseudo dice [np.float32(0.9332), np.float32(0.8341), np.float32(0.0)]
2025-11-12 05:51:39.989651: Epoch time: 253.92 s
2025-11-12 05:51:42.106615: 
2025-11-12 05:51:42.106875: Epoch 505
2025-11-12 05:51:42.107024: Current learning rate: 0.00531
2025-11-12 05:55:42.049251: train_loss -0.7504
2025-11-12 05:55:42.049488: val_loss -0.7492
2025-11-12 05:55:42.049594: Pseudo dice [np.float32(0.9372), np.float32(0.8411), np.float32(0.0)]
2025-11-12 05:55:42.049695: Epoch time: 239.95 s
2025-11-12 05:55:43.104160: 
2025-11-12 05:55:43.104416: Epoch 506
2025-11-12 05:55:43.104580: Current learning rate: 0.0053
2025-11-12 05:59:41.874291: train_loss -0.7321
2025-11-12 05:59:41.893266: val_loss -0.7733
2025-11-12 05:59:41.893390: Pseudo dice [np.float32(0.9404), np.float32(0.8388), np.float32(0.0)]
2025-11-12 05:59:41.893493: Epoch time: 238.77 s
2025-11-12 05:59:43.008448: 
2025-11-12 05:59:43.008680: Epoch 507
2025-11-12 05:59:43.008927: Current learning rate: 0.00529
2025-11-12 06:03:44.046214: train_loss -0.7582
2025-11-12 06:03:44.046553: val_loss -0.7571
2025-11-12 06:03:44.046669: Pseudo dice [np.float32(0.9366), np.float32(0.8374), np.float32(0.0)]
2025-11-12 06:03:44.046776: Epoch time: 241.04 s
2025-11-12 06:03:45.198774: 
2025-11-12 06:03:45.198957: Epoch 508
2025-11-12 06:03:45.199080: Current learning rate: 0.00528
2025-11-12 06:07:41.554202: train_loss -0.7425
2025-11-12 06:07:41.554450: val_loss -0.7489
2025-11-12 06:07:41.574225: Pseudo dice [np.float32(0.9346), np.float32(0.8305), np.float32(0.0)]
2025-11-12 06:07:41.574355: Epoch time: 236.36 s
2025-11-12 06:07:43.439100: 
2025-11-12 06:07:43.439394: Epoch 509
2025-11-12 06:07:43.439579: Current learning rate: 0.00527
2025-11-12 06:11:53.446898: train_loss -0.7587
2025-11-12 06:11:53.459598: val_loss -0.7812
2025-11-12 06:11:53.459816: Pseudo dice [np.float32(0.9368), np.float32(0.8374), np.float32(0.0)]
2025-11-12 06:11:53.459976: Epoch time: 250.01 s
2025-11-12 06:11:54.636764: 
2025-11-12 06:11:54.637069: Epoch 510
2025-11-12 06:11:54.637198: Current learning rate: 0.00526
2025-11-12 06:15:51.729333: train_loss -0.7492
2025-11-12 06:15:51.729587: val_loss -0.7587
2025-11-12 06:15:51.729700: Pseudo dice [np.float32(0.9425), np.float32(0.8362), np.float32(0.0)]
2025-11-12 06:15:51.729849: Epoch time: 237.1 s
2025-11-12 06:15:52.843555: 
2025-11-12 06:15:52.843846: Epoch 511
2025-11-12 06:15:52.843992: Current learning rate: 0.00525
2025-11-12 06:19:54.783578: train_loss -0.7629
2025-11-12 06:19:54.788769: val_loss -0.7763
2025-11-12 06:19:54.788927: Pseudo dice [np.float32(0.9451), np.float32(0.8416), np.float32(0.0)]
2025-11-12 06:19:54.789035: Epoch time: 241.94 s
2025-11-12 06:19:56.004129: 
2025-11-12 06:19:56.004357: Epoch 512
2025-11-12 06:19:56.004485: Current learning rate: 0.00524
2025-11-12 06:23:57.405925: train_loss -0.7575
2025-11-12 06:23:57.406161: val_loss -0.7842
2025-11-12 06:23:57.406303: Pseudo dice [np.float32(0.9427), np.float32(0.8461), np.float32(0.0)]
2025-11-12 06:23:57.406414: Epoch time: 241.4 s
2025-11-12 06:23:58.502593: 
2025-11-12 06:23:58.502917: Epoch 513
2025-11-12 06:23:58.503047: Current learning rate: 0.00523
2025-11-12 06:28:00.476325: train_loss -0.763
2025-11-12 06:28:00.476581: val_loss -0.7554
2025-11-12 06:28:00.476684: Pseudo dice [np.float32(0.9425), np.float32(0.848), np.float32(0.0)]
2025-11-12 06:28:00.476786: Epoch time: 241.98 s
2025-11-12 06:28:02.824479: 
2025-11-12 06:28:02.824782: Epoch 514
2025-11-12 06:28:02.824923: Current learning rate: 0.00522
2025-11-12 06:32:02.976188: train_loss -0.7553
2025-11-12 06:32:02.976451: val_loss -0.7407
2025-11-12 06:32:02.976562: Pseudo dice [np.float32(0.944), np.float32(0.8486), np.float32(0.0)]
2025-11-12 06:32:02.976688: Epoch time: 240.15 s
2025-11-12 06:32:04.060072: 
2025-11-12 06:32:04.060347: Epoch 515
2025-11-12 06:32:04.060481: Current learning rate: 0.00521
2025-11-12 06:36:14.185124: train_loss -0.7556
2025-11-12 06:36:14.185374: val_loss -0.767
2025-11-12 06:36:14.185519: Pseudo dice [np.float32(0.9418), np.float32(0.8414), np.float32(0.0)]
2025-11-12 06:36:14.185719: Epoch time: 250.13 s
2025-11-12 06:36:15.321619: 
2025-11-12 06:36:15.321813: Epoch 516
2025-11-12 06:36:15.321937: Current learning rate: 0.0052
2025-11-12 06:40:14.989900: train_loss -0.7587
2025-11-12 06:40:14.990133: val_loss -0.7794
2025-11-12 06:40:14.990236: Pseudo dice [np.float32(0.9404), np.float32(0.8479), np.float32(0.0)]
2025-11-12 06:40:14.990335: Epoch time: 239.67 s
2025-11-12 06:40:16.087413: 
2025-11-12 06:40:16.087773: Epoch 517
2025-11-12 06:40:16.087922: Current learning rate: 0.00519
2025-11-12 06:44:17.687583: train_loss -0.757
2025-11-12 06:44:17.687815: val_loss -0.7458
2025-11-12 06:44:17.687920: Pseudo dice [np.float32(0.9456), np.float32(0.8508), np.float32(0.0)]
2025-11-12 06:44:17.688020: Epoch time: 241.6 s
2025-11-12 06:44:18.776922: 
2025-11-12 06:44:18.777147: Epoch 518
2025-11-12 06:44:18.777331: Current learning rate: 0.00518
2025-11-12 06:48:18.182370: train_loss -0.7622
2025-11-12 06:48:18.182628: val_loss -0.7432
2025-11-12 06:48:18.182734: Pseudo dice [np.float32(0.9431), np.float32(0.846), np.float32(0.0)]
2025-11-12 06:48:18.182833: Epoch time: 239.41 s
2025-11-12 06:48:19.924575: 
2025-11-12 06:48:19.924842: Epoch 519
2025-11-12 06:48:19.924961: Current learning rate: 0.00518
2025-11-12 06:52:23.207679: train_loss -0.7451
2025-11-12 06:52:23.207920: val_loss -0.7461
2025-11-12 06:52:23.237026: Pseudo dice [np.float32(0.9431), np.float32(0.8395), np.float32(0.0)]
2025-11-12 06:52:23.237227: Epoch time: 243.29 s
2025-11-12 06:52:24.786170: 
2025-11-12 06:52:24.786391: Epoch 520
2025-11-12 06:52:24.786523: Current learning rate: 0.00517
2025-11-12 06:56:22.768218: train_loss -0.7518
2025-11-12 06:56:22.768520: val_loss -0.7556
2025-11-12 06:56:22.768661: Pseudo dice [np.float32(0.9419), np.float32(0.8457), np.float32(0.0)]
2025-11-12 06:56:22.768763: Epoch time: 237.98 s
2025-11-12 06:56:23.853916: 
2025-11-12 06:56:23.854184: Epoch 521
2025-11-12 06:56:23.854291: Current learning rate: 0.00516
2025-11-12 07:00:21.497518: train_loss -0.7514
2025-11-12 07:00:21.497793: val_loss -0.7745
2025-11-12 07:00:21.497921: Pseudo dice [np.float32(0.9403), np.float32(0.8456), np.float32(0.0)]
2025-11-12 07:00:21.498024: Epoch time: 237.65 s
2025-11-12 07:00:22.584512: 
2025-11-12 07:00:22.584738: Epoch 522
2025-11-12 07:00:22.584872: Current learning rate: 0.00515
2025-11-12 07:04:20.884891: train_loss -0.7641
2025-11-12 07:04:20.885126: val_loss -0.7851
2025-11-12 07:04:20.885231: Pseudo dice [np.float32(0.9432), np.float32(0.849), np.float32(0.0)]
2025-11-12 07:04:20.885331: Epoch time: 238.3 s
2025-11-12 07:04:21.969169: 
2025-11-12 07:04:21.969416: Epoch 523
2025-11-12 07:04:21.969560: Current learning rate: 0.00514
2025-11-12 07:08:24.024364: train_loss -0.7559
2025-11-12 07:08:24.024606: val_loss -0.785
2025-11-12 07:08:24.024712: Pseudo dice [np.float32(0.941), np.float32(0.84), np.float32(0.0)]
2025-11-12 07:08:24.024810: Epoch time: 242.06 s
2025-11-12 07:08:25.104526: 
2025-11-12 07:08:25.104766: Epoch 524
2025-11-12 07:08:25.104963: Current learning rate: 0.00513
2025-11-12 07:12:21.223526: train_loss -0.7485
2025-11-12 07:12:21.223764: val_loss -0.7759
2025-11-12 07:12:21.223869: Pseudo dice [np.float32(0.9439), np.float32(0.8478), np.float32(0.0)]
2025-11-12 07:12:21.224015: Epoch time: 236.12 s
2025-11-12 07:12:22.306303: 
2025-11-12 07:12:22.306563: Epoch 525
2025-11-12 07:12:22.306679: Current learning rate: 0.00512
2025-11-12 07:16:25.394353: train_loss -0.7629
2025-11-12 07:16:25.394597: val_loss -0.7525
2025-11-12 07:16:25.394702: Pseudo dice [np.float32(0.9434), np.float32(0.8448), np.float32(0.0)]
2025-11-12 07:16:25.394801: Epoch time: 243.09 s
2025-11-12 07:16:26.484296: 
2025-11-12 07:16:26.484577: Epoch 526
2025-11-12 07:16:26.484694: Current learning rate: 0.00511
2025-11-12 07:20:25.659729: train_loss -0.7534
2025-11-12 07:20:25.659975: val_loss -0.7382
2025-11-12 07:20:25.660088: Pseudo dice [np.float32(0.9417), np.float32(0.8434), np.float32(0.0)]
2025-11-12 07:20:25.660192: Epoch time: 239.18 s
2025-11-12 07:20:26.757059: 
2025-11-12 07:20:26.757317: Epoch 527
2025-11-12 07:20:26.757441: Current learning rate: 0.0051
2025-11-12 07:24:29.802817: train_loss -0.7506
2025-11-12 07:24:29.803051: val_loss -0.7671
2025-11-12 07:24:29.803155: Pseudo dice [np.float32(0.9417), np.float32(0.843), np.float32(0.0)]
2025-11-12 07:24:29.803253: Epoch time: 243.05 s
2025-11-12 07:24:30.887188: 
2025-11-12 07:24:30.887472: Epoch 528
2025-11-12 07:24:30.887598: Current learning rate: 0.00509
2025-11-12 07:28:30.401680: train_loss -0.7412
2025-11-12 07:28:30.401928: val_loss -0.7601
2025-11-12 07:28:30.402033: Pseudo dice [np.float32(0.9393), np.float32(0.8298), np.float32(0.0)]
2025-11-12 07:28:30.402131: Epoch time: 239.52 s
2025-11-12 07:28:31.477746: 
2025-11-12 07:28:31.478142: Epoch 529
2025-11-12 07:28:31.478274: Current learning rate: 0.00508
2025-11-12 07:32:32.911854: train_loss -0.7427
2025-11-12 07:32:32.912094: val_loss -0.738
2025-11-12 07:32:32.912198: Pseudo dice [np.float32(0.9393), np.float32(0.8414), np.float32(0.0)]
2025-11-12 07:32:32.912298: Epoch time: 241.44 s
2025-11-12 07:32:33.929918: 
2025-11-12 07:32:33.930187: Epoch 530
2025-11-12 07:32:33.930363: Current learning rate: 0.00507
2025-11-12 07:36:30.395807: train_loss -0.7457
2025-11-12 07:36:30.396043: val_loss -0.8059
2025-11-12 07:36:30.396158: Pseudo dice [np.float32(0.9406), np.float32(0.8469), np.float32(0.0)]
2025-11-12 07:36:30.416597: Epoch time: 236.47 s
2025-11-12 07:36:31.504036: 
2025-11-12 07:36:31.504300: Epoch 531
2025-11-12 07:36:31.504420: Current learning rate: 0.00506
2025-11-12 07:40:29.111248: train_loss -0.7453
2025-11-12 07:40:29.111490: val_loss -0.8032
2025-11-12 07:40:29.111596: Pseudo dice [np.float32(0.9414), np.float32(0.8434), np.float32(0.0)]
2025-11-12 07:40:29.111697: Epoch time: 237.61 s
2025-11-12 07:40:30.190718: 
2025-11-12 07:40:30.191006: Epoch 532
2025-11-12 07:40:30.191151: Current learning rate: 0.00505
2025-11-12 07:44:25.004519: train_loss -0.7581
2025-11-12 07:44:25.004754: val_loss -0.7456
2025-11-12 07:44:25.004858: Pseudo dice [np.float32(0.941), np.float32(0.8515), np.float32(0.0)]
2025-11-12 07:44:25.004958: Epoch time: 234.82 s
2025-11-12 07:44:26.092647: 
2025-11-12 07:44:26.092903: Epoch 533
2025-11-12 07:44:26.093069: Current learning rate: 0.00504
2025-11-12 07:48:27.417729: train_loss -0.7529
2025-11-12 07:48:27.417979: val_loss -0.7375
2025-11-12 07:48:27.418082: Pseudo dice [np.float32(0.9427), np.float32(0.8494), np.float32(0.0)]
2025-11-12 07:48:27.418183: Epoch time: 241.33 s
2025-11-12 07:48:28.635979: 
2025-11-12 07:48:28.636232: Epoch 534
2025-11-12 07:48:28.636356: Current learning rate: 0.00503
2025-11-12 07:52:28.584145: train_loss -0.7514
2025-11-12 07:52:28.584372: val_loss -0.7377
2025-11-12 07:52:28.584488: Pseudo dice [np.float32(0.9455), np.float32(0.8404), np.float32(0.0)]
2025-11-12 07:52:28.584589: Epoch time: 239.95 s
2025-11-12 07:52:29.664496: 
2025-11-12 07:52:29.664783: Epoch 535
2025-11-12 07:52:29.664943: Current learning rate: 0.00502
2025-11-12 07:56:27.218936: train_loss -0.7564
2025-11-12 07:56:27.219186: val_loss -0.7311
2025-11-12 07:56:27.219291: Pseudo dice [np.float32(0.9442), np.float32(0.8459), np.float32(0.0)]
2025-11-12 07:56:27.219392: Epoch time: 237.56 s
2025-11-12 07:56:28.301354: 
2025-11-12 07:56:28.301606: Epoch 536
2025-11-12 07:56:28.301720: Current learning rate: 0.00501
2025-11-12 08:00:23.844858: train_loss -0.7665
2025-11-12 08:00:23.845097: val_loss -0.7487
2025-11-12 08:00:23.845200: Pseudo dice [np.float32(0.9422), np.float32(0.8506), np.float32(0.0)]
2025-11-12 08:00:23.845298: Epoch time: 235.55 s
2025-11-12 08:00:24.939600: 
2025-11-12 08:00:24.939795: Epoch 537
2025-11-12 08:00:24.939914: Current learning rate: 0.005
2025-11-12 08:04:18.870945: train_loss -0.7457
2025-11-12 08:04:18.871173: val_loss -0.7707
2025-11-12 08:04:18.871277: Pseudo dice [np.float32(0.944), np.float32(0.8483), np.float32(0.0)]
2025-11-12 08:04:18.871380: Epoch time: 233.93 s
2025-11-12 08:04:19.923072: 
2025-11-12 08:04:19.923340: Epoch 538
2025-11-12 08:04:19.923507: Current learning rate: 0.00499
2025-11-12 08:08:22.805321: train_loss -0.7631
2025-11-12 08:08:22.805576: val_loss -0.7817
2025-11-12 08:08:22.805679: Pseudo dice [np.float32(0.9412), np.float32(0.8519), np.float32(0.0)]
2025-11-12 08:08:22.805780: Epoch time: 242.88 s
2025-11-12 08:08:24.582750: 
2025-11-12 08:08:24.582938: Epoch 539
2025-11-12 08:08:24.583059: Current learning rate: 0.00498
2025-11-12 08:12:19.437903: train_loss -0.764
2025-11-12 08:12:19.438141: val_loss -0.755
2025-11-12 08:12:19.438244: Pseudo dice [np.float32(0.9409), np.float32(0.8498), np.float32(0.0)]
2025-11-12 08:12:19.438343: Epoch time: 234.86 s
2025-11-12 08:12:20.519641: 
2025-11-12 08:12:20.519888: Epoch 540
2025-11-12 08:12:20.520006: Current learning rate: 0.00497
2025-11-12 08:16:16.315730: train_loss -0.7778
2025-11-12 08:16:16.315959: val_loss -0.786
2025-11-12 08:16:16.316064: Pseudo dice [np.float32(0.9445), np.float32(0.8499), np.float32(0.0)]
2025-11-12 08:16:16.316163: Epoch time: 235.8 s
2025-11-12 08:16:17.407790: 
2025-11-12 08:16:17.408020: Epoch 541
2025-11-12 08:16:17.408160: Current learning rate: 0.00496
2025-11-12 08:20:15.956516: train_loss -0.7698
2025-11-12 08:20:15.956748: val_loss -0.7598
2025-11-12 08:20:15.956856: Pseudo dice [np.float32(0.9428), np.float32(0.8499), np.float32(0.0)]
2025-11-12 08:20:15.976467: Epoch time: 238.55 s
2025-11-12 08:20:17.056854: 
2025-11-12 08:20:17.057094: Epoch 542
2025-11-12 08:20:17.057225: Current learning rate: 0.00495
2025-11-12 08:24:16.199108: train_loss -0.7531
2025-11-12 08:24:16.199339: val_loss -0.7482
2025-11-12 08:24:16.199458: Pseudo dice [np.float32(0.9447), np.float32(0.8455), np.float32(0.0)]
2025-11-12 08:24:16.199560: Epoch time: 239.14 s
2025-11-12 08:24:17.274754: 
2025-11-12 08:24:17.274991: Epoch 543
2025-11-12 08:24:17.275098: Current learning rate: 0.00494
2025-11-12 08:28:20.397187: train_loss -0.774
2025-11-12 08:28:20.397433: val_loss -0.7735
2025-11-12 08:28:20.397537: Pseudo dice [np.float32(0.943), np.float32(0.8485), np.float32(0.0)]
2025-11-12 08:28:20.397640: Epoch time: 243.13 s
2025-11-12 08:28:21.547400: 
2025-11-12 08:28:21.547588: Epoch 544
2025-11-12 08:28:21.547702: Current learning rate: 0.00493
2025-11-12 08:32:18.644684: train_loss -0.7508
2025-11-12 08:32:18.644992: val_loss -0.7647
2025-11-12 08:32:18.645102: Pseudo dice [np.float32(0.9411), np.float32(0.8207), np.float32(0.0)]
2025-11-12 08:32:18.645201: Epoch time: 237.1 s
2025-11-12 08:32:20.307228: 
2025-11-12 08:32:20.307457: Epoch 545
2025-11-12 08:32:20.307607: Current learning rate: 0.00492
2025-11-12 08:36:16.531737: train_loss -0.7511
2025-11-12 08:36:16.531979: val_loss -0.7391
2025-11-12 08:36:16.532089: Pseudo dice [np.float32(0.9377), np.float32(0.8089), np.float32(0.0)]
2025-11-12 08:36:16.532191: Epoch time: 236.23 s
2025-11-12 08:36:17.603281: 
2025-11-12 08:36:17.603558: Epoch 546
2025-11-12 08:36:17.603693: Current learning rate: 0.00491
2025-11-12 08:40:19.626173: train_loss -0.7246
2025-11-12 08:40:19.626422: val_loss -0.7128
2025-11-12 08:40:19.626528: Pseudo dice [np.float32(0.936), np.float32(0.8231), np.float32(0.0)]
2025-11-12 08:40:19.626626: Epoch time: 242.03 s
2025-11-12 08:40:20.662378: 
2025-11-12 08:40:20.662656: Epoch 547
2025-11-12 08:40:20.662789: Current learning rate: 0.0049
2025-11-12 08:44:15.765536: train_loss -0.7362
2025-11-12 08:44:15.765772: val_loss -0.7667
2025-11-12 08:44:15.765879: Pseudo dice [np.float32(0.9398), np.float32(0.8285), np.float32(0.0)]
2025-11-12 08:44:15.765977: Epoch time: 235.11 s
2025-11-12 08:44:16.849414: 
2025-11-12 08:44:16.849702: Epoch 548
2025-11-12 08:44:16.849850: Current learning rate: 0.00489
2025-11-12 08:48:18.611060: train_loss -0.7369
2025-11-12 08:48:18.616111: val_loss -0.7526
2025-11-12 08:48:18.616280: Pseudo dice [np.float32(0.9404), np.float32(0.8401), np.float32(0.0)]
2025-11-12 08:48:18.616376: Epoch time: 241.76 s
2025-11-12 08:48:20.928044: 
2025-11-12 08:48:20.928325: Epoch 549
2025-11-12 08:48:20.928449: Current learning rate: 0.00488
2025-11-12 08:52:16.798741: train_loss -0.7595
2025-11-12 08:52:16.798981: val_loss -0.7503
2025-11-12 08:52:16.799087: Pseudo dice [np.float32(0.9397), np.float32(0.8433), np.float32(0.0)]
2025-11-12 08:52:16.799185: Epoch time: 235.87 s
2025-11-12 08:52:18.519896: 
2025-11-12 08:52:18.520161: Epoch 550
2025-11-12 08:52:18.520286: Current learning rate: 0.00487
2025-11-12 08:56:16.296001: train_loss -0.7514
2025-11-12 08:56:16.296240: val_loss -0.6913
2025-11-12 08:56:16.296344: Pseudo dice [np.float32(0.9167), np.float32(0.8324), np.float32(0.0)]
2025-11-12 08:56:16.296450: Epoch time: 237.78 s
2025-11-12 08:56:17.374174: 
2025-11-12 08:56:17.374349: Epoch 551
2025-11-12 08:56:17.374442: Current learning rate: 0.00486
2025-11-12 09:00:09.869144: train_loss -0.712
2025-11-12 09:00:09.869384: val_loss -0.7172
2025-11-12 09:00:09.869500: Pseudo dice [np.float32(0.9295), np.float32(0.8262), np.float32(0.0)]
2025-11-12 09:00:09.869602: Epoch time: 232.5 s
2025-11-12 09:00:10.964004: 
2025-11-12 09:00:10.964283: Epoch 552
2025-11-12 09:00:10.964410: Current learning rate: 0.00485
2025-11-12 09:04:10.770567: train_loss -0.7538
2025-11-12 09:04:10.770808: val_loss -0.7518
2025-11-12 09:04:10.770911: Pseudo dice [np.float32(0.9381), np.float32(0.8327), np.float32(0.0)]
2025-11-12 09:04:10.771008: Epoch time: 239.81 s
2025-11-12 09:04:11.852946: 
2025-11-12 09:04:11.853219: Epoch 553
2025-11-12 09:04:11.853342: Current learning rate: 0.00484
2025-11-12 09:08:09.618178: train_loss -0.7416
2025-11-12 09:08:09.618427: val_loss -0.7629
2025-11-12 09:08:09.618535: Pseudo dice [np.float32(0.9358), np.float32(0.8483), np.float32(0.0)]
2025-11-12 09:08:09.618635: Epoch time: 237.77 s
2025-11-12 09:08:10.699791: 
2025-11-12 09:08:10.700006: Epoch 554
2025-11-12 09:08:10.700134: Current learning rate: 0.00484
2025-11-12 09:12:08.084757: train_loss -0.7629
2025-11-12 09:12:08.084995: val_loss -0.7568
2025-11-12 09:12:08.085185: Pseudo dice [np.float32(0.9435), np.float32(0.8445), np.float32(0.0)]
2025-11-12 09:12:08.085292: Epoch time: 237.39 s
2025-11-12 09:12:09.173125: 
2025-11-12 09:12:09.173371: Epoch 555
2025-11-12 09:12:09.173520: Current learning rate: 0.00483
2025-11-12 09:16:08.233356: train_loss -0.7507
2025-11-12 09:16:08.233604: val_loss -0.6968
2025-11-12 09:16:08.233708: Pseudo dice [np.float32(0.9407), np.float32(0.8446), np.float32(0.0)]
2025-11-12 09:16:08.233807: Epoch time: 239.06 s
2025-11-12 09:16:09.317009: 
2025-11-12 09:16:09.317214: Epoch 556
2025-11-12 09:16:09.317332: Current learning rate: 0.00482
2025-11-12 09:20:09.317732: train_loss -0.7729
2025-11-12 09:20:09.319460: val_loss -0.779
2025-11-12 09:20:09.319563: Pseudo dice [np.float32(0.9452), np.float32(0.8482), np.float32(0.0)]
2025-11-12 09:20:09.319659: Epoch time: 240.0 s
2025-11-12 09:20:12.681856: 
2025-11-12 09:20:12.682047: Epoch 557
2025-11-12 09:20:12.682163: Current learning rate: 0.00481
2025-11-12 09:24:19.640268: train_loss -0.7443
2025-11-12 09:24:19.640509: val_loss -0.7475
2025-11-12 09:24:19.640611: Pseudo dice [np.float32(0.9444), np.float32(0.8494), np.float32(0.0)]
2025-11-12 09:24:19.640710: Epoch time: 246.96 s
2025-11-12 09:24:20.721626: 
2025-11-12 09:24:20.721860: Epoch 558
2025-11-12 09:24:20.722027: Current learning rate: 0.0048
2025-11-12 09:28:19.112911: train_loss -0.7636
2025-11-12 09:28:19.113231: val_loss -0.7344
2025-11-12 09:28:19.113329: Pseudo dice [np.float32(0.9418), np.float32(0.849), np.float32(0.0)]
2025-11-12 09:28:19.113424: Epoch time: 238.39 s
2025-11-12 09:28:21.242953: 
2025-11-12 09:28:21.244442: Epoch 559
2025-11-12 09:28:21.244565: Current learning rate: 0.00479
2025-11-12 09:32:14.396508: train_loss -0.7675
2025-11-12 09:32:14.396745: val_loss -0.7682
2025-11-12 09:32:14.396851: Pseudo dice [np.float32(0.9438), np.float32(0.8496), np.float32(0.0)]
2025-11-12 09:32:14.396951: Epoch time: 233.16 s
2025-11-12 09:32:15.476043: 
2025-11-12 09:32:15.476378: Epoch 560
2025-11-12 09:32:15.476686: Current learning rate: 0.00478
2025-11-12 09:36:12.811314: train_loss -0.7455
2025-11-12 09:36:12.811655: val_loss -0.7617
2025-11-12 09:36:12.811765: Pseudo dice [np.float32(0.9378), np.float32(0.836), np.float32(0.0)]
2025-11-12 09:36:12.811863: Epoch time: 237.34 s
2025-11-12 09:36:13.896457: 
2025-11-12 09:36:13.896691: Epoch 561
2025-11-12 09:36:13.896803: Current learning rate: 0.00477
2025-11-12 09:40:17.001509: train_loss -0.7562
2025-11-12 09:40:17.001850: val_loss -0.7909
2025-11-12 09:40:17.001958: Pseudo dice [np.float32(0.939), np.float32(0.8455), np.float32(0.0)]
2025-11-12 09:40:17.002058: Epoch time: 243.11 s
2025-11-12 09:40:20.128175: 
2025-11-12 09:40:20.129648: Epoch 562
2025-11-12 09:40:20.129770: Current learning rate: 0.00476
2025-11-12 09:44:21.945354: train_loss -0.7514
2025-11-12 09:44:21.945598: val_loss -0.7588
2025-11-12 09:44:21.945701: Pseudo dice [np.float32(0.9372), np.float32(0.8449), np.float32(0.0)]
2025-11-12 09:44:21.945799: Epoch time: 241.82 s
2025-11-12 09:44:23.013666: 
2025-11-12 09:44:23.013937: Epoch 563
2025-11-12 09:44:23.014068: Current learning rate: 0.00475
2025-11-12 09:48:18.778913: train_loss -0.7666
2025-11-12 09:48:18.779160: val_loss -0.7618
2025-11-12 09:48:18.779263: Pseudo dice [np.float32(0.9408), np.float32(0.8369), np.float32(0.0)]
2025-11-12 09:48:18.779361: Epoch time: 235.77 s
2025-11-12 09:48:19.855987: 
2025-11-12 09:48:19.856195: Epoch 564
2025-11-12 09:48:19.856319: Current learning rate: 0.00474
2025-11-12 09:52:17.345587: train_loss -0.7396
2025-11-12 09:52:17.345823: val_loss -0.7786
2025-11-12 09:52:17.345927: Pseudo dice [np.float32(0.9496), np.float32(0.8415), np.float32(0.0)]
2025-11-12 09:52:17.346026: Epoch time: 237.49 s
2025-11-12 09:52:18.438772: 
2025-11-12 09:52:18.439020: Epoch 565
2025-11-12 09:52:18.439229: Current learning rate: 0.00473
2025-11-12 09:56:14.506531: train_loss -0.7545
2025-11-12 09:56:14.506798: val_loss -0.7741
2025-11-12 09:56:14.506907: Pseudo dice [np.float32(0.9382), np.float32(0.8425), np.float32(0.0)]
2025-11-12 09:56:14.507008: Epoch time: 236.07 s
2025-11-12 09:56:15.583165: 
2025-11-12 09:56:15.583424: Epoch 566
2025-11-12 09:56:15.583569: Current learning rate: 0.00472
2025-11-12 10:00:11.948277: train_loss -0.7627
2025-11-12 10:00:11.948625: val_loss -0.7347
2025-11-12 10:00:11.948734: Pseudo dice [np.float32(0.9442), np.float32(0.8502), np.float32(0.0)]
2025-11-12 10:00:11.948833: Epoch time: 236.37 s
2025-11-12 10:00:13.034581: 
2025-11-12 10:00:13.034814: Epoch 567
2025-11-12 10:00:13.034931: Current learning rate: 0.00471
2025-11-12 10:04:12.988620: train_loss -0.7563
2025-11-12 10:04:12.988858: val_loss -0.778
2025-11-12 10:04:12.988963: Pseudo dice [np.float32(0.944), np.float32(0.8495), np.float32(0.0)]
2025-11-12 10:04:12.989062: Epoch time: 239.96 s
2025-11-12 10:04:14.080551: 
2025-11-12 10:04:14.080804: Epoch 568
2025-11-12 10:04:14.080988: Current learning rate: 0.0047
2025-11-12 10:08:08.057955: train_loss -0.7684
2025-11-12 10:08:08.058194: val_loss -0.7572
2025-11-12 10:08:08.058295: Pseudo dice [np.float32(0.9472), np.float32(0.8503), np.float32(0.0)]
2025-11-12 10:08:08.058458: Epoch time: 233.98 s
2025-11-12 10:08:09.137691: 
2025-11-12 10:08:09.137966: Epoch 569
2025-11-12 10:08:09.138118: Current learning rate: 0.00469
2025-11-12 10:12:07.746084: train_loss -0.7508
2025-11-12 10:12:07.746325: val_loss -0.743
2025-11-12 10:12:07.746437: Pseudo dice [np.float32(0.9443), np.float32(0.8497), np.float32(0.0)]
2025-11-12 10:12:07.746540: Epoch time: 238.61 s
2025-11-12 10:12:08.830599: 
2025-11-12 10:12:08.830866: Epoch 570
2025-11-12 10:12:08.831029: Current learning rate: 0.00468
2025-11-12 10:16:08.192533: train_loss -0.7652
2025-11-12 10:16:08.192772: val_loss -0.8002
2025-11-12 10:16:08.192874: Pseudo dice [np.float32(0.9448), np.float32(0.843), np.float32(0.0)]
2025-11-12 10:16:08.192975: Epoch time: 239.36 s
2025-11-12 10:16:09.313609: 
2025-11-12 10:16:09.313877: Epoch 571
2025-11-12 10:16:09.313997: Current learning rate: 0.00467
2025-11-12 10:20:07.499505: train_loss -0.7661
2025-11-12 10:20:07.499733: val_loss -0.7855
2025-11-12 10:20:07.499836: Pseudo dice [np.float32(0.943), np.float32(0.8442), np.float32(0.0)]
2025-11-12 10:20:07.499961: Epoch time: 238.19 s
2025-11-12 10:20:08.593286: 
2025-11-12 10:20:08.593565: Epoch 572
2025-11-12 10:20:08.593718: Current learning rate: 0.00466
2025-11-12 10:24:08.092747: train_loss -0.7484
2025-11-12 10:24:08.092997: val_loss -0.7392
2025-11-12 10:24:08.093098: Pseudo dice [np.float32(0.9396), np.float32(0.8414), np.float32(0.0)]
2025-11-12 10:24:08.093197: Epoch time: 239.5 s
2025-11-12 10:24:09.337549: 
2025-11-12 10:24:09.337795: Epoch 573
2025-11-12 10:24:09.337910: Current learning rate: 0.00465
2025-11-12 10:28:12.084028: train_loss -0.7501
2025-11-12 10:28:12.084281: val_loss -0.7352
2025-11-12 10:28:12.084383: Pseudo dice [np.float32(0.9434), np.float32(0.8465), np.float32(0.0)]
2025-11-12 10:28:12.084493: Epoch time: 242.75 s
2025-11-12 10:28:13.239363: 
2025-11-12 10:28:13.239543: Epoch 574
2025-11-12 10:28:13.239673: Current learning rate: 0.00464
2025-11-12 10:32:13.999318: train_loss -0.7363
2025-11-12 10:32:13.999566: val_loss -0.7628
2025-11-12 10:32:13.999670: Pseudo dice [np.float32(0.9401), np.float32(0.8504), np.float32(0.0)]
2025-11-12 10:32:13.999769: Epoch time: 240.76 s
2025-11-12 10:32:15.089347: 
2025-11-12 10:32:15.089595: Epoch 575
2025-11-12 10:32:15.089763: Current learning rate: 0.00463
2025-11-12 10:36:20.673703: train_loss -0.7655
2025-11-12 10:36:20.673953: val_loss -0.747
2025-11-12 10:36:20.674055: Pseudo dice [np.float32(0.9416), np.float32(0.8485), np.float32(0.0)]
2025-11-12 10:36:20.674154: Epoch time: 245.59 s
2025-11-12 10:36:21.771400: 
2025-11-12 10:36:21.771668: Epoch 576
2025-11-12 10:36:21.771799: Current learning rate: 0.00462
2025-11-12 10:40:18.651437: train_loss -0.7556
2025-11-12 10:40:18.651742: val_loss -0.7752
2025-11-12 10:40:18.651853: Pseudo dice [np.float32(0.9395), np.float32(0.8509), np.float32(0.0)]
2025-11-12 10:40:18.651984: Epoch time: 236.88 s
2025-11-12 10:40:19.741889: 
2025-11-12 10:40:19.742144: Epoch 577
2025-11-12 10:40:19.742266: Current learning rate: 0.00461
2025-11-12 10:44:18.820086: train_loss -0.7602
2025-11-12 10:44:18.820344: val_loss -0.7293
2025-11-12 10:44:18.820462: Pseudo dice [np.float32(0.9436), np.float32(0.8533), np.float32(0.0)]
2025-11-12 10:44:18.820561: Epoch time: 239.08 s
2025-11-12 10:44:19.912864: 
2025-11-12 10:44:19.913119: Epoch 578
2025-11-12 10:44:19.913222: Current learning rate: 0.0046
2025-11-12 10:48:15.564175: train_loss -0.7617
2025-11-12 10:48:15.564545: val_loss -0.7828
2025-11-12 10:48:15.564659: Pseudo dice [np.float32(0.9424), np.float32(0.8501), np.float32(0.0)]
2025-11-12 10:48:15.564759: Epoch time: 235.65 s
2025-11-12 10:48:16.653849: 
2025-11-12 10:48:16.654082: Epoch 579
2025-11-12 10:48:16.654197: Current learning rate: 0.00459
2025-11-12 10:52:23.286021: train_loss -0.7552
2025-11-12 10:52:23.293276: val_loss -0.7635
2025-11-12 10:52:23.293529: Pseudo dice [np.float32(0.9414), np.float32(0.8303), np.float32(0.0)]
2025-11-12 10:52:23.293641: Epoch time: 246.63 s
2025-11-12 10:52:26.323687: 
2025-11-12 10:52:26.324040: Epoch 580
2025-11-12 10:52:26.324171: Current learning rate: 0.00458
2025-11-12 10:56:25.303009: train_loss -0.7623
2025-11-12 10:56:25.303268: val_loss -0.7752
2025-11-12 10:56:25.303374: Pseudo dice [np.float32(0.9459), np.float32(0.8531), np.float32(0.0)]
2025-11-12 10:56:25.303485: Epoch time: 238.98 s
2025-11-12 10:56:26.405540: 
2025-11-12 10:56:26.405862: Epoch 581
2025-11-12 10:56:26.405984: Current learning rate: 0.00457
2025-11-12 11:00:24.700627: train_loss -0.7525
2025-11-12 11:00:24.700866: val_loss -0.7602
2025-11-12 11:00:24.700972: Pseudo dice [np.float32(0.9465), np.float32(0.85), np.float32(0.0)]
2025-11-12 11:00:24.701072: Epoch time: 238.3 s
2025-11-12 11:00:25.777942: 
2025-11-12 11:00:25.778201: Epoch 582
2025-11-12 11:00:25.778340: Current learning rate: 0.00456
2025-11-12 11:04:25.373932: train_loss -0.7568
2025-11-12 11:04:25.374188: val_loss -0.7216
2025-11-12 11:04:25.374292: Pseudo dice [np.float32(0.9417), np.float32(0.852), np.float32(0.0)]
2025-11-12 11:04:25.374389: Epoch time: 239.6 s
2025-11-12 11:04:26.467703: 
2025-11-12 11:04:26.467968: Epoch 583
2025-11-12 11:04:26.468078: Current learning rate: 0.00455
2025-11-12 11:08:21.547899: train_loss -0.7647
2025-11-12 11:08:21.548945: val_loss -0.7575
2025-11-12 11:08:21.549055: Pseudo dice [np.float32(0.9456), np.float32(0.8537), np.float32(0.0)]
2025-11-12 11:08:21.549158: Epoch time: 235.08 s
2025-11-12 11:08:22.622965: 
2025-11-12 11:08:22.623182: Epoch 584
2025-11-12 11:08:22.623301: Current learning rate: 0.00454
2025-11-12 11:12:20.556272: train_loss -0.7661
2025-11-12 11:12:20.556515: val_loss -0.7321
2025-11-12 11:12:20.556619: Pseudo dice [np.float32(0.9446), np.float32(0.8536), np.float32(0.0)]
2025-11-12 11:12:20.556717: Epoch time: 237.94 s
2025-11-12 11:12:21.646050: 
2025-11-12 11:12:21.646317: Epoch 585
2025-11-12 11:12:21.646425: Current learning rate: 0.00453
2025-11-12 11:16:21.285321: train_loss -0.767
2025-11-12 11:16:21.285605: val_loss -0.7568
2025-11-12 11:16:21.285712: Pseudo dice [np.float32(0.9479), np.float32(0.8489), np.float32(0.0)]
2025-11-12 11:16:21.289606: Epoch time: 239.64 s
2025-11-12 11:16:22.410080: 
2025-11-12 11:16:22.410329: Epoch 586
2025-11-12 11:16:22.410462: Current learning rate: 0.00452
2025-11-12 11:20:20.495906: train_loss -0.7667
2025-11-12 11:20:20.496142: val_loss -0.7671
2025-11-12 11:20:20.496246: Pseudo dice [np.float32(0.9455), np.float32(0.8568), np.float32(0.0)]
2025-11-12 11:20:20.496346: Epoch time: 238.09 s
2025-11-12 11:20:21.564139: 
2025-11-12 11:20:21.564403: Epoch 587
2025-11-12 11:20:21.564557: Current learning rate: 0.00451
2025-11-12 11:24:19.788679: train_loss -0.7611
2025-11-12 11:24:19.788955: val_loss -0.757
2025-11-12 11:24:19.789064: Pseudo dice [np.float32(0.9436), np.float32(0.8555), np.float32(0.0)]
2025-11-12 11:24:19.789164: Epoch time: 238.23 s
2025-11-12 11:24:20.888643: 
2025-11-12 11:24:20.888904: Epoch 588
2025-11-12 11:24:20.889015: Current learning rate: 0.0045
2025-11-12 11:28:27.934785: train_loss -0.7651
2025-11-12 11:28:27.935164: val_loss -0.7668
2025-11-12 11:28:27.935270: Pseudo dice [np.float32(0.9485), np.float32(0.8553), np.float32(0.0)]
2025-11-12 11:28:27.935371: Epoch time: 247.05 s
2025-11-12 11:28:29.393587: 
2025-11-12 11:28:29.394256: Epoch 589
2025-11-12 11:28:29.394380: Current learning rate: 0.00449
2025-11-12 11:32:24.121171: train_loss -0.7602
2025-11-12 11:32:24.121441: val_loss -0.7704
2025-11-12 11:32:24.121554: Pseudo dice [np.float32(0.9472), np.float32(0.8554), np.float32(0.0)]
2025-11-12 11:32:24.121654: Epoch time: 234.73 s
2025-11-12 11:32:25.226856: 
2025-11-12 11:32:25.227104: Epoch 590
2025-11-12 11:32:25.227207: Current learning rate: 0.00448
2025-11-12 11:36:25.056240: train_loss -0.7749
2025-11-12 11:36:25.056493: val_loss -0.736
2025-11-12 11:36:25.056597: Pseudo dice [np.float32(0.9475), np.float32(0.8553), np.float32(0.0)]
2025-11-12 11:36:25.056695: Epoch time: 239.83 s
2025-11-12 11:36:26.151282: 
2025-11-12 11:36:26.151514: Epoch 591
2025-11-12 11:36:26.151685: Current learning rate: 0.00447
2025-11-12 11:40:24.909448: train_loss -0.7664
2025-11-12 11:40:24.909732: val_loss -0.7739
2025-11-12 11:40:24.909922: Pseudo dice [np.float32(0.9427), np.float32(0.8555), np.float32(0.0)]
2025-11-12 11:40:24.910028: Epoch time: 238.76 s
2025-11-12 11:40:25.959869: 
2025-11-12 11:40:25.960107: Epoch 592
2025-11-12 11:40:25.960226: Current learning rate: 0.00446
2025-11-12 11:44:27.785088: train_loss -0.7668
2025-11-12 11:44:27.786901: val_loss -0.7619
2025-11-12 11:44:27.787004: Pseudo dice [np.float32(0.9435), np.float32(0.8542), np.float32(0.0)]
2025-11-12 11:44:27.787099: Epoch time: 241.83 s
2025-11-12 11:44:30.118103: 
2025-11-12 11:44:30.118343: Epoch 593
2025-11-12 11:44:30.118465: Current learning rate: 0.00445
2025-11-12 11:48:29.298516: train_loss -0.7565
2025-11-12 11:48:29.298776: val_loss -0.7535
2025-11-12 11:48:29.298885: Pseudo dice [np.float32(0.9414), np.float32(0.8527), np.float32(0.0)]
2025-11-12 11:48:29.298985: Epoch time: 239.18 s
2025-11-12 11:48:30.387109: 
2025-11-12 11:48:30.387332: Epoch 594
2025-11-12 11:48:30.387493: Current learning rate: 0.00444
2025-11-12 11:52:34.437530: train_loss -0.7518
2025-11-12 11:52:34.437845: val_loss -0.8007
2025-11-12 11:52:34.437973: Pseudo dice [np.float32(0.943), np.float32(0.8466), np.float32(0.0)]
2025-11-12 11:52:34.438074: Epoch time: 244.05 s
2025-11-12 11:52:35.535451: 
2025-11-12 11:52:35.535732: Epoch 595
2025-11-12 11:52:35.535856: Current learning rate: 0.00443
2025-11-12 11:56:30.437785: train_loss -0.7762
2025-11-12 11:56:30.438024: val_loss -0.7797
2025-11-12 11:56:30.438127: Pseudo dice [np.float32(0.9457), np.float32(0.8547), np.float32(0.0)]
2025-11-12 11:56:30.438227: Epoch time: 234.9 s
2025-11-12 11:56:31.522550: 
2025-11-12 11:56:31.522786: Epoch 596
2025-11-12 11:56:31.522939: Current learning rate: 0.00442
2025-11-12 12:00:30.477142: train_loss -0.7708
2025-11-12 12:00:30.477445: val_loss -0.7697
2025-11-12 12:00:30.477556: Pseudo dice [np.float32(0.945), np.float32(0.8569), np.float32(0.0)]
2025-11-12 12:00:30.477658: Epoch time: 238.96 s
2025-11-12 12:00:31.684945: 
2025-11-12 12:00:31.685131: Epoch 597
2025-11-12 12:00:31.685251: Current learning rate: 0.00441
2025-11-12 12:04:31.070390: train_loss -0.7612
2025-11-12 12:04:31.070731: val_loss -0.7718
2025-11-12 12:04:31.070838: Pseudo dice [np.float32(0.9462), np.float32(0.8541), np.float32(0.0)]
2025-11-12 12:04:31.070939: Epoch time: 239.39 s
2025-11-12 12:04:32.176423: 
2025-11-12 12:04:32.176672: Epoch 598
2025-11-12 12:04:32.176794: Current learning rate: 0.0044
2025-11-12 12:08:31.565555: train_loss -0.7543
2025-11-12 12:08:31.566508: val_loss -0.7857
2025-11-12 12:08:31.566650: Pseudo dice [np.float32(0.9445), np.float32(0.8534), np.float32(0.0)]
2025-11-12 12:08:31.566754: Epoch time: 239.39 s
2025-11-12 12:08:32.662273: 
2025-11-12 12:08:32.662556: Epoch 599
2025-11-12 12:08:32.662678: Current learning rate: 0.00439
2025-11-12 12:12:32.892714: train_loss -0.7591
2025-11-12 12:12:32.892941: val_loss -0.7532
2025-11-12 12:12:32.893123: Pseudo dice [np.float32(0.9466), np.float32(0.8506), np.float32(0.0)]
2025-11-12 12:12:32.893261: Epoch time: 240.23 s
2025-11-12 12:12:34.668969: 
2025-11-12 12:12:34.669281: Epoch 600
2025-11-12 12:12:34.669410: Current learning rate: 0.00438
2025-11-12 12:16:32.561905: train_loss -0.7523
2025-11-12 12:16:32.562190: val_loss -0.7553
2025-11-12 12:16:32.562303: Pseudo dice [np.float32(0.9414), np.float32(0.8525), np.float32(0.0)]
2025-11-12 12:16:32.562411: Epoch time: 237.9 s
2025-11-12 12:16:33.652731: 
2025-11-12 12:16:33.653017: Epoch 601
2025-11-12 12:16:33.653127: Current learning rate: 0.00437
2025-11-12 12:20:32.376412: train_loss -0.7616
2025-11-12 12:20:32.376678: val_loss -0.7464
2025-11-12 12:20:32.376842: Pseudo dice [np.float32(0.9421), np.float32(0.8531), np.float32(0.0)]
2025-11-12 12:20:32.376947: Epoch time: 238.73 s
2025-11-12 12:20:33.467848: 
2025-11-12 12:20:33.468144: Epoch 602
2025-11-12 12:20:33.468282: Current learning rate: 0.00436
2025-11-12 12:24:29.895539: train_loss -0.7533
2025-11-12 12:24:29.895789: val_loss -0.7433
2025-11-12 12:24:29.895896: Pseudo dice [np.float32(0.943), np.float32(0.8501), np.float32(0.0)]
2025-11-12 12:24:29.895997: Epoch time: 236.43 s
2025-11-12 12:24:30.988975: 
2025-11-12 12:24:30.989276: Epoch 603
2025-11-12 12:24:30.989387: Current learning rate: 0.00435
2025-11-12 12:28:30.184154: train_loss -0.768
2025-11-12 12:28:30.189264: val_loss -0.792
2025-11-12 12:28:30.189382: Pseudo dice [np.float32(0.9362), np.float32(0.8377), np.float32(0.0)]
2025-11-12 12:28:30.189485: Epoch time: 239.2 s
2025-11-12 12:28:31.572384: 
2025-11-12 12:28:31.572683: Epoch 604
2025-11-12 12:28:31.572806: Current learning rate: 0.00434
2025-11-12 12:32:27.364329: train_loss -0.7485
2025-11-12 12:32:27.364572: val_loss -0.7791
2025-11-12 12:32:27.364678: Pseudo dice [np.float32(0.9424), np.float32(0.8455), np.float32(0.0)]
2025-11-12 12:32:27.364777: Epoch time: 235.79 s
2025-11-12 12:32:28.451874: 
2025-11-12 12:32:28.452133: Epoch 605
2025-11-12 12:32:28.452286: Current learning rate: 0.00433
2025-11-12 12:36:24.729234: train_loss -0.7573
2025-11-12 12:36:24.729488: val_loss -0.8045
2025-11-12 12:36:24.729594: Pseudo dice [np.float32(0.9458), np.float32(0.8473), np.float32(0.0)]
2025-11-12 12:36:24.729691: Epoch time: 236.28 s
2025-11-12 12:36:25.824322: 
2025-11-12 12:36:25.824580: Epoch 606
2025-11-12 12:36:25.824680: Current learning rate: 0.00432
2025-11-12 12:40:27.135967: train_loss -0.7738
2025-11-12 12:40:27.136228: val_loss -0.7809
2025-11-12 12:40:27.136333: Pseudo dice [np.float32(0.946), np.float32(0.8535), np.float32(0.0)]
2025-11-12 12:40:27.136444: Epoch time: 241.31 s
2025-11-12 12:40:28.236260: 
2025-11-12 12:40:28.236456: Epoch 607
2025-11-12 12:40:28.236570: Current learning rate: 0.00431
2025-11-12 12:44:25.390305: train_loss -0.7569
2025-11-12 12:44:25.390555: val_loss -0.7524
2025-11-12 12:44:25.390657: Pseudo dice [np.float32(0.9418), np.float32(0.8517), np.float32(0.0)]
2025-11-12 12:44:25.390754: Epoch time: 237.16 s
2025-11-12 12:44:26.479094: 
2025-11-12 12:44:26.479358: Epoch 608
2025-11-12 12:44:26.479499: Current learning rate: 0.0043
2025-11-12 12:48:25.652703: train_loss -0.768
2025-11-12 12:48:25.652956: val_loss -0.7986
2025-11-12 12:48:25.653062: Pseudo dice [np.float32(0.9444), np.float32(0.8552), np.float32(0.0)]
2025-11-12 12:48:25.653183: Epoch time: 239.18 s
2025-11-12 12:48:26.757718: 
2025-11-12 12:48:26.757903: Epoch 609
2025-11-12 12:48:26.758021: Current learning rate: 0.00429
2025-11-12 12:52:24.566726: train_loss -0.7541
2025-11-12 12:52:24.566959: val_loss -0.7819
2025-11-12 12:52:24.567064: Pseudo dice [np.float32(0.944), np.float32(0.8443), np.float32(0.0)]
2025-11-12 12:52:24.567212: Epoch time: 237.81 s
2025-11-12 12:52:25.684880: 
2025-11-12 12:52:25.685096: Epoch 610
2025-11-12 12:52:25.685213: Current learning rate: 0.00429
2025-11-12 12:56:23.845523: train_loss -0.7655
2025-11-12 12:56:23.845760: val_loss -0.7653
2025-11-12 12:56:23.845863: Pseudo dice [np.float32(0.944), np.float32(0.854), np.float32(0.0)]
2025-11-12 12:56:23.845960: Epoch time: 238.16 s
2025-11-12 12:56:24.949287: 
2025-11-12 12:56:24.949541: Epoch 611
2025-11-12 12:56:24.949694: Current learning rate: 0.00428
2025-11-12 13:00:21.842341: train_loss -0.7753
2025-11-12 13:00:21.842629: val_loss -0.7426
2025-11-12 13:00:21.842741: Pseudo dice [np.float32(0.9419), np.float32(0.8472), np.float32(0.0)]
2025-11-12 13:00:21.842843: Epoch time: 236.9 s
2025-11-12 13:00:22.938144: 
2025-11-12 13:00:22.938345: Epoch 612
2025-11-12 13:00:22.938486: Current learning rate: 0.00427
2025-11-12 13:04:21.975693: train_loss -0.7732
2025-11-12 13:04:21.975920: val_loss -0.7723
2025-11-12 13:04:21.976043: Pseudo dice [np.float32(0.9439), np.float32(0.8506), np.float32(0.0)]
2025-11-12 13:04:21.976143: Epoch time: 239.04 s
2025-11-12 13:04:23.072930: 
2025-11-12 13:04:23.073174: Epoch 613
2025-11-12 13:04:23.073299: Current learning rate: 0.00426
2025-11-12 13:08:21.917574: train_loss -0.7519
2025-11-12 13:08:21.917811: val_loss -0.7975
2025-11-12 13:08:21.917913: Pseudo dice [np.float32(0.9425), np.float32(0.8599), np.float32(0.0)]
2025-11-12 13:08:21.918011: Epoch time: 238.85 s
2025-11-12 13:08:23.010030: 
2025-11-12 13:08:23.010251: Epoch 614
2025-11-12 13:08:23.010375: Current learning rate: 0.00425
2025-11-12 13:12:23.715250: train_loss -0.7635
2025-11-12 13:12:23.715490: val_loss -0.7931
2025-11-12 13:12:23.715595: Pseudo dice [np.float32(0.9468), np.float32(0.8561), np.float32(0.0)]
2025-11-12 13:12:23.715692: Epoch time: 240.71 s
2025-11-12 13:12:24.797126: 
2025-11-12 13:12:24.797364: Epoch 615
2025-11-12 13:12:24.797465: Current learning rate: 0.00424
2025-11-12 13:16:38.374534: train_loss -0.7502
2025-11-12 13:16:38.374773: val_loss -0.7606
2025-11-12 13:16:38.374876: Pseudo dice [np.float32(0.9438), np.float32(0.8532), np.float32(0.0)]
2025-11-12 13:16:38.374975: Epoch time: 253.58 s
2025-11-12 13:16:39.979584: 
2025-11-12 13:16:39.979782: Epoch 616
2025-11-12 13:16:39.979899: Current learning rate: 0.00423
2025-11-12 13:20:41.084100: train_loss -0.7451
2025-11-12 13:20:41.084367: val_loss -0.7609
2025-11-12 13:20:41.084484: Pseudo dice [np.float32(0.9439), np.float32(0.8541), np.float32(0.0)]
2025-11-12 13:20:41.084602: Epoch time: 241.11 s
2025-11-12 13:20:42.156950: 
2025-11-12 13:20:42.157189: Epoch 617
2025-11-12 13:20:42.157314: Current learning rate: 0.00422
2025-11-12 13:24:37.178964: train_loss -0.7572
2025-11-12 13:24:37.179199: val_loss -0.7351
2025-11-12 13:24:37.179303: Pseudo dice [np.float32(0.9422), np.float32(0.8543), np.float32(0.0)]
2025-11-12 13:24:37.179410: Epoch time: 235.02 s
2025-11-12 13:24:38.273057: 
2025-11-12 13:24:38.273318: Epoch 618
2025-11-12 13:24:38.273418: Current learning rate: 0.00421
2025-11-12 13:28:47.153345: train_loss -0.7835
2025-11-12 13:28:47.153568: val_loss -0.7473
2025-11-12 13:28:47.153672: Pseudo dice [np.float32(0.9469), np.float32(0.8495), np.float32(0.0)]
2025-11-12 13:28:47.153769: Epoch time: 248.88 s
2025-11-12 13:28:49.605157: 
2025-11-12 13:28:49.605400: Epoch 619
2025-11-12 13:28:49.605526: Current learning rate: 0.0042
2025-11-12 13:32:49.421604: train_loss -0.7584
2025-11-12 13:32:49.421844: val_loss -0.7811
2025-11-12 13:32:49.421949: Pseudo dice [np.float32(0.9422), np.float32(0.8528), np.float32(0.0)]
2025-11-12 13:32:49.422047: Epoch time: 239.82 s
2025-11-12 13:32:50.514621: 
2025-11-12 13:32:50.514891: Epoch 620
2025-11-12 13:32:50.515023: Current learning rate: 0.00419
2025-11-12 13:36:49.716318: train_loss -0.7635
2025-11-12 13:36:49.716559: val_loss -0.7534
2025-11-12 13:36:49.716663: Pseudo dice [np.float32(0.9427), np.float32(0.8543), np.float32(0.0)]
2025-11-12 13:36:49.716762: Epoch time: 239.2 s
2025-11-12 13:36:50.818432: 
2025-11-12 13:36:50.818623: Epoch 621
2025-11-12 13:36:50.818731: Current learning rate: 0.00418
2025-11-12 13:40:47.713329: train_loss -0.7572
2025-11-12 13:40:47.713614: val_loss -0.7976
2025-11-12 13:40:47.713721: Pseudo dice [np.float32(0.9477), np.float32(0.8556), np.float32(0.0)]
2025-11-12 13:40:47.713820: Epoch time: 236.9 s
2025-11-12 13:40:48.874278: 
2025-11-12 13:40:48.874552: Epoch 622
2025-11-12 13:40:48.874675: Current learning rate: 0.00417
2025-11-12 13:44:46.437198: train_loss -0.7576
2025-11-12 13:44:46.437445: val_loss -0.7848
2025-11-12 13:44:46.437551: Pseudo dice [np.float32(0.9456), np.float32(0.8522), np.float32(0.0)]
2025-11-12 13:44:46.437650: Epoch time: 237.57 s
2025-11-12 13:44:47.540332: 
2025-11-12 13:44:47.540591: Epoch 623
2025-11-12 13:44:47.540736: Current learning rate: 0.00416
2025-11-12 13:48:40.191477: train_loss -0.7662
2025-11-12 13:48:40.191718: val_loss -0.7874
2025-11-12 13:48:40.191822: Pseudo dice [np.float32(0.9452), np.float32(0.8582), np.float32(0.0)]
2025-11-12 13:48:40.191918: Epoch time: 232.65 s
2025-11-12 13:48:41.292496: 
2025-11-12 13:48:41.292799: Epoch 624
2025-11-12 13:48:41.292958: Current learning rate: 0.00415
2025-11-12 13:52:41.650036: train_loss -0.767
2025-11-12 13:52:41.650309: val_loss -0.7776
2025-11-12 13:52:41.650422: Pseudo dice [np.float32(0.9473), np.float32(0.8545), np.float32(0.0)]
2025-11-12 13:52:41.650524: Epoch time: 240.36 s
2025-11-12 13:52:42.751038: 
2025-11-12 13:52:42.751323: Epoch 625
2025-11-12 13:52:42.751461: Current learning rate: 0.00414
2025-11-12 13:56:45.085967: train_loss -0.7573
2025-11-12 13:56:45.086228: val_loss -0.7703
2025-11-12 13:56:45.086330: Pseudo dice [np.float32(0.9462), np.float32(0.8612), np.float32(0.0)]
2025-11-12 13:56:45.086441: Epoch time: 242.34 s
2025-11-12 13:56:46.490435: 
2025-11-12 13:56:46.490685: Epoch 626
2025-11-12 13:56:46.490804: Current learning rate: 0.00413
2025-11-12 14:00:39.289977: train_loss -0.7786
2025-11-12 14:00:39.290212: val_loss -0.7688
2025-11-12 14:00:39.290317: Pseudo dice [np.float32(0.9453), np.float32(0.8603), np.float32(0.0)]
2025-11-12 14:00:39.290422: Epoch time: 232.8 s
2025-11-12 14:00:40.386297: 
2025-11-12 14:00:40.386505: Epoch 627
2025-11-12 14:00:40.386636: Current learning rate: 0.00412
2025-11-12 14:04:34.183631: train_loss -0.7873
2025-11-12 14:04:34.183867: val_loss -0.7851
2025-11-12 14:04:34.183971: Pseudo dice [np.float32(0.949), np.float32(0.8604), np.float32(0.0)]
2025-11-12 14:04:34.184139: Epoch time: 233.8 s
2025-11-12 14:04:35.280830: 
2025-11-12 14:04:35.281040: Epoch 628
2025-11-12 14:04:35.281193: Current learning rate: 0.00411
2025-11-12 14:08:31.140441: train_loss -0.7669
2025-11-12 14:08:31.140852: val_loss -0.8018
2025-11-12 14:08:31.140962: Pseudo dice [np.float32(0.9511), np.float32(0.8582), np.float32(0.0)]
2025-11-12 14:08:31.141063: Epoch time: 235.86 s
2025-11-12 14:08:32.237888: 
2025-11-12 14:08:32.238204: Epoch 629
2025-11-12 14:08:32.238461: Current learning rate: 0.0041
2025-11-12 14:12:32.785852: train_loss -0.7567
2025-11-12 14:12:32.786186: val_loss -0.7395
2025-11-12 14:12:32.786290: Pseudo dice [np.float32(0.9453), np.float32(0.8576), np.float32(0.0)]
2025-11-12 14:12:32.786389: Epoch time: 240.55 s
2025-11-12 14:12:33.893648: 
2025-11-12 14:12:33.893893: Epoch 630
2025-11-12 14:12:33.894054: Current learning rate: 0.00409
2025-11-12 14:16:30.291960: train_loss -0.7808
2025-11-12 14:16:30.292187: val_loss -0.7894
2025-11-12 14:16:30.292352: Pseudo dice [np.float32(0.9431), np.float32(0.857), np.float32(0.0)]
2025-11-12 14:16:30.292470: Epoch time: 236.4 s
2025-11-12 14:16:31.384758: 
2025-11-12 14:16:31.384989: Epoch 631
2025-11-12 14:16:31.385169: Current learning rate: 0.00408
2025-11-12 14:20:29.986207: train_loss -0.7704
2025-11-12 14:20:29.986519: val_loss -0.7672
2025-11-12 14:20:29.986630: Pseudo dice [np.float32(0.9464), np.float32(0.8591), np.float32(0.0)]
2025-11-12 14:20:29.986728: Epoch time: 238.6 s
2025-11-12 14:20:31.071829: 
2025-11-12 14:20:31.072092: Epoch 632
2025-11-12 14:20:31.072264: Current learning rate: 0.00407
2025-11-12 14:24:27.534624: train_loss -0.7639
2025-11-12 14:24:27.534858: val_loss -0.7559
2025-11-12 14:24:27.534959: Pseudo dice [np.float32(0.9475), np.float32(0.8625), np.float32(0.0)]
2025-11-12 14:24:27.535057: Epoch time: 236.47 s
2025-11-12 14:24:28.620530: 
2025-11-12 14:24:28.620781: Epoch 633
2025-11-12 14:24:28.620896: Current learning rate: 0.00406
2025-11-12 14:28:30.200606: train_loss -0.7662
2025-11-12 14:28:30.200846: val_loss -0.7732
2025-11-12 14:28:30.200950: Pseudo dice [np.float32(0.9454), np.float32(0.8608), np.float32(0.0)]
2025-11-12 14:28:30.201048: Epoch time: 241.58 s
2025-11-12 14:28:31.304373: 
2025-11-12 14:28:31.304641: Epoch 634
2025-11-12 14:28:31.304786: Current learning rate: 0.00405
2025-11-12 14:32:30.944504: train_loss -0.7535
2025-11-12 14:32:30.944740: val_loss -0.7672
2025-11-12 14:32:30.944842: Pseudo dice [np.float32(0.9432), np.float32(0.8579), np.float32(0.0)]
2025-11-12 14:32:30.944940: Epoch time: 239.64 s
2025-11-12 14:32:32.042449: 
2025-11-12 14:32:32.042726: Epoch 635
2025-11-12 14:32:32.042856: Current learning rate: 0.00404
2025-11-12 14:36:27.898859: train_loss -0.7624
2025-11-12 14:36:27.899179: val_loss -0.7742
2025-11-12 14:36:27.899351: Pseudo dice [np.float32(0.9455), np.float32(0.8608), np.float32(0.0)]
2025-11-12 14:36:27.899462: Epoch time: 235.86 s
2025-11-12 14:36:29.012715: 
2025-11-12 14:36:29.012973: Epoch 636
2025-11-12 14:36:29.013119: Current learning rate: 0.00403
2025-11-12 14:40:25.215899: train_loss -0.7597
2025-11-12 14:40:25.216136: val_loss -0.7657
2025-11-12 14:40:25.216240: Pseudo dice [np.float32(0.948), np.float32(0.8571), np.float32(0.0)]
2025-11-12 14:40:25.216339: Epoch time: 236.22 s
2025-11-12 14:40:26.314835: 
2025-11-12 14:40:26.315082: Epoch 637
2025-11-12 14:40:26.315224: Current learning rate: 0.00402
2025-11-12 14:44:25.893770: train_loss -0.7514
2025-11-12 14:44:25.894009: val_loss -0.8058
2025-11-12 14:44:25.894114: Pseudo dice [np.float32(0.9429), np.float32(0.8487), np.float32(0.0)]
2025-11-12 14:44:25.894211: Epoch time: 239.58 s
2025-11-12 14:44:27.013413: 
2025-11-12 14:44:27.013692: Epoch 638
2025-11-12 14:44:27.013862: Current learning rate: 0.00401
2025-11-12 14:48:22.912205: train_loss -0.7657
2025-11-12 14:48:22.913153: val_loss -0.7636
2025-11-12 14:48:22.913267: Pseudo dice [np.float32(0.9476), np.float32(0.858), np.float32(0.0)]
2025-11-12 14:48:22.913368: Epoch time: 235.9 s
2025-11-12 14:48:24.009654: 
2025-11-12 14:48:24.009910: Epoch 639
2025-11-12 14:48:24.010055: Current learning rate: 0.004
2025-11-12 14:52:22.754441: train_loss -0.7722
2025-11-12 14:52:22.754688: val_loss -0.7302
2025-11-12 14:52:22.754792: Pseudo dice [np.float32(0.9496), np.float32(0.8593), np.float32(0.0)]
2025-11-12 14:52:22.754890: Epoch time: 238.75 s
2025-11-12 14:52:23.848931: 
2025-11-12 14:52:23.849230: Epoch 640
2025-11-12 14:52:23.849351: Current learning rate: 0.00399
2025-11-12 14:56:22.815122: train_loss -0.7678
2025-11-12 14:56:22.815346: val_loss -0.758
2025-11-12 14:56:22.815458: Pseudo dice [np.float32(0.9453), np.float32(0.8568), np.float32(0.0)]
2025-11-12 14:56:22.815557: Epoch time: 238.97 s
2025-11-12 14:56:24.936550: 
2025-11-12 14:56:24.936745: Epoch 641
2025-11-12 14:56:24.936864: Current learning rate: 0.00398
2025-11-12 15:00:21.985944: train_loss -0.7741
2025-11-12 15:00:21.986177: val_loss -0.7321
2025-11-12 15:00:21.986283: Pseudo dice [np.float32(0.9465), np.float32(0.862), np.float32(0.0)]
2025-11-12 15:00:21.986384: Epoch time: 237.05 s
2025-11-12 15:00:23.080151: 
2025-11-12 15:00:23.080371: Epoch 642
2025-11-12 15:00:23.080497: Current learning rate: 0.00397
2025-11-12 15:04:21.871975: train_loss -0.7665
2025-11-12 15:04:21.872236: val_loss -0.8097
2025-11-12 15:04:21.874646: Pseudo dice [np.float32(0.9441), np.float32(0.8517), np.float32(0.0)]
2025-11-12 15:04:21.874808: Epoch time: 238.79 s
2025-11-12 15:04:23.504764: 
2025-11-12 15:04:23.505010: Epoch 643
2025-11-12 15:04:23.505131: Current learning rate: 0.00396
2025-11-12 15:08:22.636769: train_loss -0.7621
2025-11-12 15:08:22.637002: val_loss -0.7841
2025-11-12 15:08:22.637143: Pseudo dice [np.float32(0.9452), np.float32(0.8554), np.float32(0.0)]
2025-11-12 15:08:22.637245: Epoch time: 239.13 s
2025-11-12 15:08:23.727216: 
2025-11-12 15:08:23.727389: Epoch 644
2025-11-12 15:08:23.727508: Current learning rate: 0.00395
2025-11-12 15:12:22.681412: train_loss -0.7727
2025-11-12 15:12:22.681655: val_loss -0.7748
2025-11-12 15:12:22.681839: Pseudo dice [np.float32(0.9465), np.float32(0.8594), np.float32(0.0)]
2025-11-12 15:12:22.681945: Epoch time: 238.96 s
2025-11-12 15:12:23.774359: 
2025-11-12 15:12:23.774599: Epoch 645
2025-11-12 15:12:23.774737: Current learning rate: 0.00394
2025-11-12 15:16:22.691996: train_loss -0.7754
2025-11-12 15:16:22.692231: val_loss -0.7744
2025-11-12 15:16:22.692336: Pseudo dice [np.float32(0.9464), np.float32(0.8583), np.float32(0.0)]
2025-11-12 15:16:22.692441: Epoch time: 238.92 s
2025-11-12 15:16:23.789407: 
2025-11-12 15:16:23.789656: Epoch 646
2025-11-12 15:16:23.789805: Current learning rate: 0.00393
2025-11-12 15:20:21.641006: train_loss -0.7789
2025-11-12 15:20:21.641250: val_loss -0.7788
2025-11-12 15:20:21.641353: Pseudo dice [np.float32(0.9483), np.float32(0.8585), np.float32(0.0)]
2025-11-12 15:20:21.641462: Epoch time: 237.85 s
2025-11-12 15:20:22.735152: 
2025-11-12 15:20:22.735369: Epoch 647
2025-11-12 15:20:22.735491: Current learning rate: 0.00392
2025-11-12 15:24:19.897180: train_loss -0.7727
2025-11-12 15:24:19.897427: val_loss -0.7871
2025-11-12 15:24:19.897536: Pseudo dice [np.float32(0.9486), np.float32(0.8579), np.float32(0.0)]
2025-11-12 15:24:19.897638: Epoch time: 237.16 s
2025-11-12 15:24:20.991749: 
2025-11-12 15:24:20.991980: Epoch 648
2025-11-12 15:24:20.992160: Current learning rate: 0.00391
2025-11-12 15:28:18.198275: train_loss -0.7602
2025-11-12 15:28:18.198528: val_loss -0.757
2025-11-12 15:28:18.198633: Pseudo dice [np.float32(0.9414), np.float32(0.8496), np.float32(0.0)]
2025-11-12 15:28:18.198750: Epoch time: 237.21 s
2025-11-12 15:28:19.281617: 
2025-11-12 15:28:19.281878: Epoch 649
2025-11-12 15:28:19.282032: Current learning rate: 0.0039
2025-11-12 15:32:19.717031: train_loss -0.7728
2025-11-12 15:32:19.717272: val_loss -0.7734
2025-11-12 15:32:19.717377: Pseudo dice [np.float32(0.9472), np.float32(0.8596), np.float32(0.0)]
2025-11-12 15:32:19.717486: Epoch time: 240.44 s
2025-11-12 15:32:21.461980: 
2025-11-12 15:32:21.462231: Epoch 650
2025-11-12 15:32:21.462407: Current learning rate: 0.00389
2025-11-12 15:36:21.076290: train_loss -0.7711
2025-11-12 15:36:21.076523: val_loss -0.7694
2025-11-12 15:36:21.076627: Pseudo dice [np.float32(0.9429), np.float32(0.8551), np.float32(0.0)]
2025-11-12 15:36:21.076728: Epoch time: 239.62 s
2025-11-12 15:36:22.638074: 
2025-11-12 15:36:22.638391: Epoch 651
2025-11-12 15:36:22.638518: Current learning rate: 0.00388
2025-11-12 15:40:19.025925: train_loss -0.7585
2025-11-12 15:40:19.026158: val_loss -0.7841
2025-11-12 15:40:19.026258: Pseudo dice [np.float32(0.947), np.float32(0.8567), np.float32(0.0)]
2025-11-12 15:40:19.026357: Epoch time: 236.39 s
2025-11-12 15:40:20.116539: 
2025-11-12 15:40:20.116781: Epoch 652
2025-11-12 15:40:20.116908: Current learning rate: 0.00387
2025-11-12 15:44:16.987254: train_loss -0.7505
2025-11-12 15:44:16.987575: val_loss -0.7498
2025-11-12 15:44:16.987684: Pseudo dice [np.float32(0.9496), np.float32(0.8601), np.float32(0.0)]
2025-11-12 15:44:16.987784: Epoch time: 236.87 s
2025-11-12 15:44:18.097416: 
2025-11-12 15:44:18.097662: Epoch 653
2025-11-12 15:44:18.097779: Current learning rate: 0.00386
2025-11-12 15:48:16.533150: train_loss -0.7524
2025-11-12 15:48:16.533420: val_loss -0.7776
2025-11-12 15:48:16.533532: Pseudo dice [np.float32(0.9498), np.float32(0.864), np.float32(0.0)]
2025-11-12 15:48:16.533632: Epoch time: 238.44 s
2025-11-12 15:48:17.628498: 
2025-11-12 15:48:17.628742: Epoch 654
2025-11-12 15:48:17.628888: Current learning rate: 0.00385
2025-11-12 15:52:27.610945: train_loss -0.7756
2025-11-12 15:52:27.611184: val_loss -0.7861
2025-11-12 15:52:27.611287: Pseudo dice [np.float32(0.9482), np.float32(0.8608), np.float32(0.0)]
2025-11-12 15:52:27.611386: Epoch time: 249.99 s
2025-11-12 15:52:28.906944: 
2025-11-12 15:52:28.907185: Epoch 655
2025-11-12 15:52:28.907306: Current learning rate: 0.00384
2025-11-12 15:56:26.466430: train_loss -0.7614
2025-11-12 15:56:26.466677: val_loss -0.7955
2025-11-12 15:56:26.466780: Pseudo dice [np.float32(0.9473), np.float32(0.8598), np.float32(0.0)]
2025-11-12 15:56:26.466880: Epoch time: 237.56 s
2025-11-12 15:56:27.567589: 
2025-11-12 15:56:27.567987: Epoch 656
2025-11-12 15:56:27.568279: Current learning rate: 0.00383
2025-11-12 16:00:24.958199: train_loss -0.7803
2025-11-12 16:00:24.958452: val_loss -0.7373
2025-11-12 16:00:24.958561: Pseudo dice [np.float32(0.9467), np.float32(0.8668), np.float32(0.0)]
2025-11-12 16:00:24.958664: Epoch time: 237.39 s
2025-11-12 16:00:26.060847: 
2025-11-12 16:00:26.061101: Epoch 657
2025-11-12 16:00:26.061245: Current learning rate: 0.00382
2025-11-12 16:04:25.236603: train_loss -0.7528
2025-11-12 16:04:25.237095: val_loss -0.7725
2025-11-12 16:04:25.237386: Pseudo dice [np.float32(0.9474), np.float32(0.8593), np.float32(0.0)]
2025-11-12 16:04:25.237634: Epoch time: 239.18 s
2025-11-12 16:04:26.329896: 
2025-11-12 16:04:26.330141: Epoch 658
2025-11-12 16:04:26.330262: Current learning rate: 0.00381
2025-11-12 16:08:24.656976: train_loss -0.7576
2025-11-12 16:08:24.657206: val_loss -0.7664
2025-11-12 16:08:24.657309: Pseudo dice [np.float32(0.9413), np.float32(0.845), np.float32(0.0)]
2025-11-12 16:08:24.657418: Epoch time: 238.33 s
2025-11-12 16:08:25.747405: 
2025-11-12 16:08:25.747652: Epoch 659
2025-11-12 16:08:25.747794: Current learning rate: 0.0038
2025-11-12 16:12:23.181655: train_loss -0.762
2025-11-12 16:12:23.182555: val_loss -0.7614
2025-11-12 16:12:23.182667: Pseudo dice [np.float32(0.9425), np.float32(0.8554), np.float32(0.0)]
2025-11-12 16:12:23.182768: Epoch time: 237.44 s
2025-11-12 16:12:24.280300: 
2025-11-12 16:12:24.280515: Epoch 660
2025-11-12 16:12:24.280644: Current learning rate: 0.00379
2025-11-12 16:16:24.107060: train_loss -0.7609
2025-11-12 16:16:24.107296: val_loss -0.7457
2025-11-12 16:16:24.107410: Pseudo dice [np.float32(0.9395), np.float32(0.8408), np.float32(0.0)]
2025-11-12 16:16:24.107511: Epoch time: 239.83 s
2025-11-12 16:16:25.202680: 
2025-11-12 16:16:25.202886: Epoch 661
2025-11-12 16:16:25.203017: Current learning rate: 0.00378
2025-11-12 16:20:28.652811: train_loss -0.7618
2025-11-12 16:20:28.653057: val_loss -0.727
2025-11-12 16:20:28.653156: Pseudo dice [np.float32(0.9442), np.float32(0.8503), np.float32(0.0)]
2025-11-12 16:20:28.653254: Epoch time: 243.45 s
2025-11-12 16:20:30.706030: 
2025-11-12 16:20:30.706294: Epoch 662
2025-11-12 16:20:30.706422: Current learning rate: 0.00377
2025-11-12 16:24:36.922776: train_loss -0.7572
2025-11-12 16:24:36.923029: val_loss -0.7736
2025-11-12 16:24:36.923135: Pseudo dice [np.float32(0.9469), np.float32(0.8527), np.float32(0.0)]
2025-11-12 16:24:36.923232: Epoch time: 246.22 s
2025-11-12 16:24:38.056925: 
2025-11-12 16:24:38.057103: Epoch 663
2025-11-12 16:24:38.057215: Current learning rate: 0.00376
2025-11-12 16:28:36.187139: train_loss -0.754
2025-11-12 16:28:36.187373: val_loss -0.7696
2025-11-12 16:28:36.187482: Pseudo dice [np.float32(0.9461), np.float32(0.86), np.float32(0.0)]
2025-11-12 16:28:36.187582: Epoch time: 238.13 s
2025-11-12 16:28:37.278331: 
2025-11-12 16:28:37.278576: Epoch 664
2025-11-12 16:28:37.278721: Current learning rate: 0.00375
2025-11-12 16:32:37.632936: train_loss -0.7651
2025-11-12 16:32:37.633185: val_loss -0.7683
2025-11-12 16:32:37.633291: Pseudo dice [np.float32(0.9452), np.float32(0.8592), np.float32(0.0)]
2025-11-12 16:32:37.633386: Epoch time: 240.36 s
2025-11-12 16:32:39.349460: 
2025-11-12 16:32:39.349711: Epoch 665
2025-11-12 16:32:39.349847: Current learning rate: 0.00374
2025-11-12 16:36:38.811737: train_loss -0.771
2025-11-12 16:36:38.811973: val_loss -0.7678
2025-11-12 16:36:38.812127: Pseudo dice [np.float32(0.9482), np.float32(0.8624), np.float32(0.0)]
2025-11-12 16:36:38.812230: Epoch time: 239.46 s
2025-11-12 16:36:39.903220: 
2025-11-12 16:36:39.903505: Epoch 666
2025-11-12 16:36:39.903636: Current learning rate: 0.00373
2025-11-12 16:40:41.751873: train_loss -0.7774
2025-11-12 16:40:41.752113: val_loss -0.7648
2025-11-12 16:40:41.752217: Pseudo dice [np.float32(0.9444), np.float32(0.8533), np.float32(0.0)]
2025-11-12 16:40:41.752316: Epoch time: 241.85 s
2025-11-12 16:40:42.838453: 
2025-11-12 16:40:42.838828: Epoch 667
2025-11-12 16:40:42.838959: Current learning rate: 0.00372
2025-11-12 16:44:38.229845: train_loss -0.7631
2025-11-12 16:44:38.230077: val_loss -0.7545
2025-11-12 16:44:38.230180: Pseudo dice [np.float32(0.9499), np.float32(0.8582), np.float32(0.0)]
2025-11-12 16:44:38.230279: Epoch time: 235.39 s
2025-11-12 16:44:39.336688: 
2025-11-12 16:44:39.336978: Epoch 668
2025-11-12 16:44:39.337090: Current learning rate: 0.00371
2025-11-12 16:48:35.817463: train_loss -0.7724
2025-11-12 16:48:35.817723: val_loss -0.7403
2025-11-12 16:48:35.817832: Pseudo dice [np.float32(0.9487), np.float32(0.8584), np.float32(0.0)]
2025-11-12 16:48:35.817932: Epoch time: 236.48 s
2025-11-12 16:48:36.920141: 
2025-11-12 16:48:36.920382: Epoch 669
2025-11-12 16:48:36.920526: Current learning rate: 0.0037
2025-11-12 16:52:34.129871: train_loss -0.7827
2025-11-12 16:52:34.130748: val_loss -0.7753
2025-11-12 16:52:34.130858: Pseudo dice [np.float32(0.9475), np.float32(0.8561), np.float32(0.0)]
2025-11-12 16:52:34.130960: Epoch time: 237.21 s
2025-11-12 16:52:35.230543: 
2025-11-12 16:52:35.230809: Epoch 670
2025-11-12 16:52:35.230962: Current learning rate: 0.00369
2025-11-12 16:56:33.660603: train_loss -0.7699
2025-11-12 16:56:33.660916: val_loss -0.786
2025-11-12 16:56:33.661022: Pseudo dice [np.float32(0.9479), np.float32(0.8593), np.float32(0.0)]
2025-11-12 16:56:33.661124: Epoch time: 238.43 s
2025-11-12 16:56:34.764281: 
2025-11-12 16:56:34.764529: Epoch 671
2025-11-12 16:56:34.764640: Current learning rate: 0.00368
2025-11-12 17:00:32.455182: train_loss -0.7792
2025-11-12 17:00:32.455443: val_loss -0.7728
2025-11-12 17:00:32.455550: Pseudo dice [np.float32(0.9482), np.float32(0.8651), np.float32(0.0)]
2025-11-12 17:00:32.455652: Epoch time: 237.69 s
2025-11-12 17:00:34.203410: 
2025-11-12 17:00:34.203663: Epoch 672
2025-11-12 17:00:34.203788: Current learning rate: 0.00367
2025-11-12 17:04:33.900225: train_loss -0.7715
2025-11-12 17:04:33.900491: val_loss -0.7832
2025-11-12 17:04:33.900594: Pseudo dice [np.float32(0.9477), np.float32(0.8608), np.float32(0.0)]
2025-11-12 17:04:33.900691: Epoch time: 239.7 s
2025-11-12 17:04:35.012168: 
2025-11-12 17:04:35.012457: Epoch 673
2025-11-12 17:04:35.012596: Current learning rate: 0.00366
2025-11-12 17:08:33.019344: train_loss -0.769
2025-11-12 17:08:33.019601: val_loss -0.8111
2025-11-12 17:08:33.019707: Pseudo dice [np.float32(0.9482), np.float32(0.859), np.float32(0.0)]
2025-11-12 17:08:33.019808: Epoch time: 238.01 s
2025-11-12 17:08:34.127228: 
2025-11-12 17:08:34.132906: Epoch 674
2025-11-12 17:08:34.133139: Current learning rate: 0.00365
2025-11-12 17:12:31.249175: train_loss -0.7681
2025-11-12 17:12:31.249425: val_loss -0.7595
2025-11-12 17:12:31.249532: Pseudo dice [np.float32(0.9469), np.float32(0.8627), np.float32(0.0)]
2025-11-12 17:12:31.249666: Epoch time: 237.12 s
2025-11-12 17:12:32.349024: 
2025-11-12 17:12:32.349272: Epoch 675
2025-11-12 17:12:32.349386: Current learning rate: 0.00364
2025-11-12 17:16:32.009768: train_loss -0.7691
2025-11-12 17:16:32.012238: val_loss -0.8175
2025-11-12 17:16:32.016315: Pseudo dice [np.float32(0.9447), np.float32(0.859), np.float32(0.0)]
2025-11-12 17:16:32.016477: Epoch time: 239.66 s
2025-11-12 17:16:33.303469: 
2025-11-12 17:16:33.303835: Epoch 676
2025-11-12 17:16:33.303983: Current learning rate: 0.00363
2025-11-12 17:20:30.712589: train_loss -0.7569
2025-11-12 17:20:30.712824: val_loss -0.7468
2025-11-12 17:20:30.712926: Pseudo dice [np.float32(0.9465), np.float32(0.8605), np.float32(0.0)]
2025-11-12 17:20:30.713023: Epoch time: 237.41 s
2025-11-12 17:20:31.823270: 
2025-11-12 17:20:31.823482: Epoch 677
2025-11-12 17:20:31.823641: Current learning rate: 0.00362
2025-11-12 17:24:29.929127: train_loss -0.758
2025-11-12 17:24:29.929358: val_loss -0.7558
2025-11-12 17:24:29.929469: Pseudo dice [np.float32(0.9477), np.float32(0.8608), np.float32(0.0)]
2025-11-12 17:24:29.929567: Epoch time: 238.11 s
2025-11-12 17:24:31.031245: 
2025-11-12 17:24:31.031523: Epoch 678
2025-11-12 17:24:31.031673: Current learning rate: 0.00361
2025-11-12 17:28:30.792291: train_loss -0.7659
2025-11-12 17:28:30.792559: val_loss -0.7624
2025-11-12 17:28:30.792669: Pseudo dice [np.float32(0.9457), np.float32(0.8596), np.float32(0.0)]
2025-11-12 17:28:30.792770: Epoch time: 239.76 s
2025-11-12 17:28:31.900311: 
2025-11-12 17:28:31.900580: Epoch 679
2025-11-12 17:28:31.900701: Current learning rate: 0.0036
2025-11-12 17:32:30.302926: train_loss -0.7417
2025-11-12 17:32:30.303192: val_loss -0.7231
2025-11-12 17:32:30.303302: Pseudo dice [np.float32(0.9291), np.float32(0.8341), np.float32(0.0)]
2025-11-12 17:32:30.303411: Epoch time: 238.41 s
2025-11-12 17:32:31.410839: 
2025-11-12 17:32:31.411093: Epoch 680
2025-11-12 17:32:31.411223: Current learning rate: 0.00359
2025-11-12 17:36:28.981967: train_loss -0.7513
2025-11-12 17:36:28.982228: val_loss -0.7504
2025-11-12 17:36:28.982336: Pseudo dice [np.float32(0.9386), np.float32(0.8488), np.float32(0.0)]
2025-11-12 17:36:28.982444: Epoch time: 237.57 s
2025-11-12 17:36:30.087244: 
2025-11-12 17:36:30.087482: Epoch 681
2025-11-12 17:36:30.087592: Current learning rate: 0.00358
2025-11-12 17:40:27.135947: train_loss -0.775
2025-11-12 17:40:27.136249: val_loss -0.7908
2025-11-12 17:40:27.136357: Pseudo dice [np.float32(0.9439), np.float32(0.8558), np.float32(0.0)]
2025-11-12 17:40:27.136472: Epoch time: 237.05 s
2025-11-12 17:40:28.833483: 
2025-11-12 17:40:28.833724: Epoch 682
2025-11-12 17:40:28.833841: Current learning rate: 0.00357
2025-11-12 17:44:31.028408: train_loss -0.7591
2025-11-12 17:44:31.028667: val_loss -0.7817
2025-11-12 17:44:31.028771: Pseudo dice [np.float32(0.9437), np.float32(0.8588), np.float32(0.0)]
2025-11-12 17:44:31.028871: Epoch time: 242.2 s
2025-11-12 17:44:33.069884: 
2025-11-12 17:44:33.070167: Epoch 683
2025-11-12 17:44:33.070293: Current learning rate: 0.00356
2025-11-12 17:48:28.798520: train_loss -0.7662
2025-11-12 17:48:28.798765: val_loss -0.758
2025-11-12 17:48:28.798865: Pseudo dice [np.float32(0.9477), np.float32(0.8608), np.float32(0.0)]
2025-11-12 17:48:28.798985: Epoch time: 235.73 s
2025-11-12 17:48:29.892588: 
2025-11-12 17:48:29.892874: Epoch 684
2025-11-12 17:48:29.892990: Current learning rate: 0.00355
2025-11-12 17:52:22.654155: train_loss -0.761
2025-11-12 17:52:22.654402: val_loss -0.7238
2025-11-12 17:52:22.654516: Pseudo dice [np.float32(0.9435), np.float32(0.8395), np.float32(0.0)]
2025-11-12 17:52:22.654615: Epoch time: 232.76 s
2025-11-12 17:52:23.761000: 
2025-11-12 17:52:23.761264: Epoch 685
2025-11-12 17:52:23.761407: Current learning rate: 0.00354
2025-11-12 17:56:21.871405: train_loss -0.7631
2025-11-12 17:56:21.871652: val_loss -0.734
2025-11-12 17:56:21.871757: Pseudo dice [np.float32(0.946), np.float32(0.8476), np.float32(0.0)]
2025-11-12 17:56:21.871856: Epoch time: 238.11 s
2025-11-12 17:56:22.988637: 
2025-11-12 17:56:22.988916: Epoch 686
2025-11-12 17:56:22.989041: Current learning rate: 0.00353
2025-11-12 18:00:20.850882: train_loss -0.7531
2025-11-12 18:00:20.851124: val_loss -0.7932
2025-11-12 18:00:20.851269: Pseudo dice [np.float32(0.947), np.float32(0.8574), np.float32(0.0)]
2025-11-12 18:00:20.851376: Epoch time: 237.86 s
2025-11-12 18:00:21.958550: 
2025-11-12 18:00:21.958804: Epoch 687
2025-11-12 18:00:21.958917: Current learning rate: 0.00352
2025-11-12 18:04:21.114292: train_loss -0.7568
2025-11-12 18:04:21.114592: val_loss -0.7667
2025-11-12 18:04:21.114699: Pseudo dice [np.float32(0.943), np.float32(0.855), np.float32(0.0)]
2025-11-12 18:04:21.114797: Epoch time: 239.16 s
2025-11-12 18:04:22.214250: 
2025-11-12 18:04:22.214528: Epoch 688
2025-11-12 18:04:22.214643: Current learning rate: 0.00351
2025-11-12 18:08:18.620242: train_loss -0.7522
2025-11-12 18:08:18.620541: val_loss -0.7642
2025-11-12 18:08:18.620652: Pseudo dice [np.float32(0.9437), np.float32(0.8519), np.float32(0.0)]
2025-11-12 18:08:18.620752: Epoch time: 236.41 s
2025-11-12 18:08:19.742778: 
2025-11-12 18:08:19.743052: Epoch 689
2025-11-12 18:08:19.743187: Current learning rate: 0.0035
2025-11-12 18:12:14.151498: train_loss -0.7813
2025-11-12 18:12:14.151739: val_loss -0.7632
2025-11-12 18:12:14.151926: Pseudo dice [np.float32(0.9414), np.float32(0.8548), np.float32(0.0)]
2025-11-12 18:12:14.152033: Epoch time: 234.41 s
2025-11-12 18:12:15.266946: 
2025-11-12 18:12:15.267235: Epoch 690
2025-11-12 18:12:15.267358: Current learning rate: 0.00349
2025-11-12 18:16:09.553789: train_loss -0.767
2025-11-12 18:16:09.554038: val_loss -0.7623
2025-11-12 18:16:09.554146: Pseudo dice [np.float32(0.9483), np.float32(0.8602), np.float32(0.0)]
2025-11-12 18:16:09.554245: Epoch time: 234.29 s
2025-11-12 18:16:10.662830: 
2025-11-12 18:16:10.663070: Epoch 691
2025-11-12 18:16:10.663191: Current learning rate: 0.00348
2025-11-12 18:20:12.202947: train_loss -0.7491
2025-11-12 18:20:12.203263: val_loss -0.7333
2025-11-12 18:20:12.203371: Pseudo dice [np.float32(0.9357), np.float32(0.8553), np.float32(0.0)]
2025-11-12 18:20:12.203483: Epoch time: 241.54 s
2025-11-12 18:20:13.319211: 
2025-11-12 18:20:13.319469: Epoch 692
2025-11-12 18:20:13.319571: Current learning rate: 0.00346
2025-11-12 18:24:08.628796: train_loss -0.7363
2025-11-12 18:24:08.629033: val_loss -0.7195
2025-11-12 18:24:08.629136: Pseudo dice [np.float32(0.93), np.float32(0.8327), np.float32(0.0)]
2025-11-12 18:24:08.629235: Epoch time: 235.31 s
2025-11-12 18:24:09.693276: 
2025-11-12 18:24:09.693543: Epoch 693
2025-11-12 18:24:09.693661: Current learning rate: 0.00345
2025-11-12 18:28:08.223114: train_loss -0.749
2025-11-12 18:28:08.223444: val_loss -0.7153
2025-11-12 18:28:08.223561: Pseudo dice [np.float32(0.939), np.float32(0.8461), np.float32(0.0)]
2025-11-12 18:28:08.223662: Epoch time: 238.53 s
2025-11-12 18:28:09.333756: 
2025-11-12 18:28:09.333988: Epoch 694
2025-11-12 18:28:09.334107: Current learning rate: 0.00344
2025-11-12 18:32:11.152218: train_loss -0.7571
2025-11-12 18:32:11.152474: val_loss -0.7452
2025-11-12 18:32:11.152577: Pseudo dice [np.float32(0.9447), np.float32(0.852), np.float32(0.0)]
2025-11-12 18:32:11.152676: Epoch time: 241.82 s
2025-11-12 18:32:12.629910: 
2025-11-12 18:32:12.630172: Epoch 695
2025-11-12 18:32:12.630364: Current learning rate: 0.00343
2025-11-12 18:36:10.198840: train_loss -0.7643
2025-11-12 18:36:10.199080: val_loss -0.7988
2025-11-12 18:36:10.199185: Pseudo dice [np.float32(0.9427), np.float32(0.8531), np.float32(0.0)]
2025-11-12 18:36:10.199284: Epoch time: 237.57 s
2025-11-12 18:36:11.304065: 
2025-11-12 18:36:11.304273: Epoch 696
2025-11-12 18:36:11.304389: Current learning rate: 0.00342
2025-11-12 18:40:03.688113: train_loss -0.7617
2025-11-12 18:40:03.688353: val_loss -0.7573
2025-11-12 18:40:03.688478: Pseudo dice [np.float32(0.9462), np.float32(0.8588), np.float32(0.0)]
2025-11-12 18:40:03.688582: Epoch time: 232.39 s
2025-11-12 18:40:04.787866: 
2025-11-12 18:40:04.788110: Epoch 697
2025-11-12 18:40:04.788220: Current learning rate: 0.00341
2025-11-12 18:44:05.037956: train_loss -0.7552
2025-11-12 18:44:05.038853: val_loss -0.7816
2025-11-12 18:44:05.038965: Pseudo dice [np.float32(0.9454), np.float32(0.8553), np.float32(0.0)]
2025-11-12 18:44:05.039065: Epoch time: 240.25 s
2025-11-12 18:44:06.306634: 
2025-11-12 18:44:06.306813: Epoch 698
2025-11-12 18:44:06.306927: Current learning rate: 0.0034
2025-11-12 18:48:02.256507: train_loss -0.774
2025-11-12 18:48:02.256744: val_loss -0.7861
2025-11-12 18:48:02.256850: Pseudo dice [np.float32(0.9439), np.float32(0.8527), np.float32(0.0)]
2025-11-12 18:48:02.256952: Epoch time: 235.95 s
2025-11-12 18:48:03.998902: 
2025-11-12 18:48:03.999145: Epoch 699
2025-11-12 18:48:03.999283: Current learning rate: 0.00339
2025-11-12 18:51:59.435724: train_loss -0.7637
2025-11-12 18:51:59.436023: val_loss -0.7727
2025-11-12 18:51:59.436131: Pseudo dice [np.float32(0.9424), np.float32(0.8552), np.float32(0.0)]
2025-11-12 18:51:59.436230: Epoch time: 235.44 s
2025-11-12 18:52:01.205979: 
2025-11-12 18:52:01.206221: Epoch 700
2025-11-12 18:52:01.206316: Current learning rate: 0.00338
2025-11-12 18:56:00.971632: train_loss -0.7644
2025-11-12 18:56:00.971982: val_loss -0.7351
2025-11-12 18:56:00.972094: Pseudo dice [np.float32(0.9441), np.float32(0.8494), np.float32(0.0)]
2025-11-12 18:56:00.973829: Epoch time: 239.77 s
2025-11-12 18:56:02.243493: 
2025-11-12 18:56:02.243829: Epoch 701
2025-11-12 18:56:02.243954: Current learning rate: 0.00337
2025-11-12 18:59:56.322426: train_loss -0.7679
2025-11-12 18:59:56.322734: val_loss -0.7837
2025-11-12 18:59:56.322845: Pseudo dice [np.float32(0.9467), np.float32(0.8558), np.float32(0.0)]
2025-11-12 18:59:56.322945: Epoch time: 234.08 s
2025-11-12 18:59:57.423740: 
2025-11-12 18:59:57.424000: Epoch 702
2025-11-12 18:59:57.424116: Current learning rate: 0.00336
2025-11-12 19:04:03.624966: train_loss -0.7618
2025-11-12 19:04:03.625231: val_loss -0.8006
2025-11-12 19:04:03.625340: Pseudo dice [np.float32(0.9459), np.float32(0.8553), np.float32(0.0)]
2025-11-12 19:04:03.625451: Epoch time: 246.2 s
2025-11-12 19:04:04.732389: 
2025-11-12 19:04:04.732677: Epoch 703
2025-11-12 19:04:04.732832: Current learning rate: 0.00335
2025-11-12 19:08:13.190113: train_loss -0.7525
2025-11-12 19:08:13.190354: val_loss -0.7641
2025-11-12 19:08:13.190468: Pseudo dice [np.float32(0.9439), np.float32(0.8525), np.float32(0.0)]
2025-11-12 19:08:13.190568: Epoch time: 248.46 s
2025-11-12 19:08:14.292086: 
2025-11-12 19:08:14.292364: Epoch 704
2025-11-12 19:08:14.292475: Current learning rate: 0.00334
2025-11-12 19:12:15.722440: train_loss -0.7604
2025-11-12 19:12:15.723543: val_loss -0.7907
2025-11-12 19:12:15.723647: Pseudo dice [np.float32(0.9473), np.float32(0.856), np.float32(0.0)]
2025-11-12 19:12:15.723737: Epoch time: 241.43 s
2025-11-12 19:12:17.142951: 
2025-11-12 19:12:17.143169: Epoch 705
2025-11-12 19:12:17.143289: Current learning rate: 0.00333
2025-11-12 19:16:12.342209: train_loss -0.7666
2025-11-12 19:16:12.342454: val_loss -0.7629
2025-11-12 19:16:12.342560: Pseudo dice [np.float32(0.9456), np.float32(0.8629), np.float32(0.0)]
2025-11-12 19:16:12.342658: Epoch time: 235.2 s
2025-11-12 19:16:13.477458: 
2025-11-12 19:16:13.477676: Epoch 706
2025-11-12 19:16:13.477816: Current learning rate: 0.00332
2025-11-12 19:20:13.621845: train_loss -0.7719
2025-11-12 19:20:13.622087: val_loss -0.7634
2025-11-12 19:20:13.622190: Pseudo dice [np.float32(0.946), np.float32(0.8612), np.float32(0.0)]
2025-11-12 19:20:13.622412: Epoch time: 240.15 s
2025-11-12 19:20:14.704603: 
2025-11-12 19:20:14.704803: Epoch 707
2025-11-12 19:20:14.704923: Current learning rate: 0.00331
2025-11-12 19:24:13.878659: train_loss -0.7479
2025-11-12 19:24:13.878891: val_loss -0.7553
2025-11-12 19:24:13.878993: Pseudo dice [np.float32(0.9435), np.float32(0.8598), np.float32(0.0)]
2025-11-12 19:24:13.879091: Epoch time: 239.18 s
2025-11-12 19:24:15.001660: 
2025-11-12 19:24:15.001913: Epoch 708
2025-11-12 19:24:15.002036: Current learning rate: 0.0033
2025-11-12 19:28:16.583687: train_loss -0.7681
2025-11-12 19:28:16.584828: val_loss -0.755
2025-11-12 19:28:16.584961: Pseudo dice [np.float32(0.9483), np.float32(0.861), np.float32(0.0)]
2025-11-12 19:28:16.585063: Epoch time: 241.58 s
2025-11-12 19:28:17.788185: 
2025-11-12 19:28:17.788391: Epoch 709
2025-11-12 19:28:17.788513: Current learning rate: 0.00329
2025-11-12 19:32:14.270351: train_loss -0.7621
2025-11-12 19:32:14.270605: val_loss -0.759
2025-11-12 19:32:14.270710: Pseudo dice [np.float32(0.9464), np.float32(0.8631), np.float32(0.0)]
2025-11-12 19:32:14.270808: Epoch time: 236.48 s
2025-11-12 19:32:15.348487: 
2025-11-12 19:32:15.348765: Epoch 710
2025-11-12 19:32:15.348886: Current learning rate: 0.00328
2025-11-12 19:36:12.584127: train_loss -0.767
2025-11-12 19:36:12.584359: val_loss -0.7604
2025-11-12 19:36:12.584469: Pseudo dice [np.float32(0.9387), np.float32(0.855), np.float32(0.0)]
2025-11-12 19:36:12.584567: Epoch time: 237.24 s
2025-11-12 19:36:13.696629: 
2025-11-12 19:36:13.696841: Epoch 711
2025-11-12 19:36:13.696934: Current learning rate: 0.00327
2025-11-12 19:40:16.224330: train_loss -0.7665
2025-11-12 19:40:16.224665: val_loss -0.7686
2025-11-12 19:40:16.224771: Pseudo dice [np.float32(0.9468), np.float32(0.8541), np.float32(0.0)]
2025-11-12 19:40:16.224871: Epoch time: 242.53 s
2025-11-12 19:40:17.457907: 
2025-11-12 19:40:17.458251: Epoch 712
2025-11-12 19:40:17.458382: Current learning rate: 0.00326
2025-11-12 19:44:16.551166: train_loss -0.7552
2025-11-12 19:44:16.551423: val_loss -0.8057
2025-11-12 19:44:16.551531: Pseudo dice [np.float32(0.9476), np.float32(0.8599), np.float32(0.0)]
2025-11-12 19:44:16.551632: Epoch time: 239.1 s
2025-11-12 19:44:17.666581: 
2025-11-12 19:44:17.666809: Epoch 713
2025-11-12 19:44:17.666958: Current learning rate: 0.00325
2025-11-12 19:48:15.671720: train_loss -0.7654
2025-11-12 19:48:15.671960: val_loss -0.7467
2025-11-12 19:48:15.672065: Pseudo dice [np.float32(0.9443), np.float32(0.8585), np.float32(0.0)]
2025-11-12 19:48:15.672165: Epoch time: 238.01 s
2025-11-12 19:48:16.784668: 
2025-11-12 19:48:16.784871: Epoch 714
2025-11-12 19:48:16.784971: Current learning rate: 0.00324
2025-11-12 19:52:14.738882: train_loss -0.7685
2025-11-12 19:52:14.739145: val_loss -0.7631
2025-11-12 19:52:14.739254: Pseudo dice [np.float32(0.9448), np.float32(0.8592), np.float32(0.0)]
2025-11-12 19:52:14.739353: Epoch time: 237.96 s
2025-11-12 19:52:15.872791: 
2025-11-12 19:52:15.873048: Epoch 715
2025-11-12 19:52:15.873192: Current learning rate: 0.00323
2025-11-12 19:56:16.682204: train_loss -0.7688
2025-11-12 19:56:16.682453: val_loss -0.7636
2025-11-12 19:56:16.682559: Pseudo dice [np.float32(0.9487), np.float32(0.8629), np.float32(0.0)]
2025-11-12 19:56:16.682662: Epoch time: 240.81 s
2025-11-12 19:56:18.378337: 
2025-11-12 19:56:18.378600: Epoch 716
2025-11-12 19:56:18.378743: Current learning rate: 0.00322
2025-11-12 20:00:18.760457: train_loss -0.781
2025-11-12 20:00:18.760708: val_loss -0.7701
2025-11-12 20:00:18.760813: Pseudo dice [np.float32(0.9464), np.float32(0.8589), np.float32(0.0)]
2025-11-12 20:00:18.760911: Epoch time: 240.38 s
2025-11-12 20:00:19.874039: 
2025-11-12 20:00:19.874324: Epoch 717
2025-11-12 20:00:19.874451: Current learning rate: 0.00321
2025-11-12 20:04:20.857203: train_loss -0.7756
2025-11-12 20:04:20.857448: val_loss -0.7775
2025-11-12 20:04:20.857554: Pseudo dice [np.float32(0.9467), np.float32(0.8603), np.float32(0.0)]
2025-11-12 20:04:20.857655: Epoch time: 240.99 s
2025-11-12 20:04:21.970291: 
2025-11-12 20:04:21.970541: Epoch 718
2025-11-12 20:04:21.976005: Current learning rate: 0.0032
2025-11-12 20:08:20.496569: train_loss -0.7709
2025-11-12 20:08:20.496822: val_loss -0.761
2025-11-12 20:08:20.496924: Pseudo dice [np.float32(0.9468), np.float32(0.8602), np.float32(0.0)]
2025-11-12 20:08:20.497025: Epoch time: 238.53 s
2025-11-12 20:08:21.622686: 
2025-11-12 20:08:21.622892: Epoch 719
2025-11-12 20:08:21.623008: Current learning rate: 0.00319
2025-11-12 20:12:20.203263: train_loss -0.7493
2025-11-12 20:12:20.203518: val_loss -0.7665
2025-11-12 20:12:20.203624: Pseudo dice [np.float32(0.9505), np.float32(0.8596), np.float32(0.0)]
2025-11-12 20:12:20.203722: Epoch time: 238.58 s
2025-11-12 20:12:21.309467: 
2025-11-12 20:12:21.309704: Epoch 720
2025-11-12 20:12:21.309815: Current learning rate: 0.00318
2025-11-12 20:16:18.927654: train_loss -0.7593
2025-11-12 20:16:18.927902: val_loss -0.7503
2025-11-12 20:16:18.928006: Pseudo dice [np.float32(0.9465), np.float32(0.8538), np.float32(0.0)]
2025-11-12 20:16:18.928105: Epoch time: 237.62 s
2025-11-12 20:16:20.033786: 
2025-11-12 20:16:20.034033: Epoch 721
2025-11-12 20:16:20.034168: Current learning rate: 0.00317
2025-11-12 20:20:16.843922: train_loss -0.7689
2025-11-12 20:20:16.844169: val_loss -0.777
2025-11-12 20:20:16.844271: Pseudo dice [np.float32(0.947), np.float32(0.8503), np.float32(0.0)]
2025-11-12 20:20:16.844370: Epoch time: 236.81 s
2025-11-12 20:20:17.954657: 
2025-11-12 20:20:17.954896: Epoch 722
2025-11-12 20:20:17.955179: Current learning rate: 0.00316
2025-11-12 20:24:16.328760: train_loss -0.775
2025-11-12 20:24:16.329002: val_loss -0.7827
2025-11-12 20:24:16.329108: Pseudo dice [np.float32(0.948), np.float32(0.8587), np.float32(0.0)]
2025-11-12 20:24:16.329205: Epoch time: 238.38 s
2025-11-12 20:24:17.451246: 
2025-11-12 20:24:17.451535: Epoch 723
2025-11-12 20:24:17.451679: Current learning rate: 0.00315
2025-11-12 20:28:13.682883: train_loss -0.7616
2025-11-12 20:28:13.683126: val_loss -0.7697
2025-11-12 20:28:13.683230: Pseudo dice [np.float32(0.9439), np.float32(0.8523), np.float32(0.0)]
2025-11-12 20:28:13.683332: Epoch time: 236.23 s
2025-11-12 20:28:14.790060: 
2025-11-12 20:28:14.790322: Epoch 724
2025-11-12 20:28:14.790488: Current learning rate: 0.00314
2025-11-12 20:32:14.677269: train_loss -0.7634
2025-11-12 20:32:14.677574: val_loss -0.789
2025-11-12 20:32:14.677681: Pseudo dice [np.float32(0.9478), np.float32(0.8603), np.float32(0.0)]
2025-11-12 20:32:14.677778: Epoch time: 239.89 s
2025-11-12 20:32:16.167057: 
2025-11-12 20:32:16.167357: Epoch 725
2025-11-12 20:32:16.167499: Current learning rate: 0.00313
2025-11-12 20:36:13.294269: train_loss -0.7657
2025-11-12 20:36:13.294518: val_loss -0.795
2025-11-12 20:36:13.294624: Pseudo dice [np.float32(0.9452), np.float32(0.8629), np.float32(0.0)]
2025-11-12 20:36:13.294721: Epoch time: 237.13 s
2025-11-12 20:36:14.404854: 
2025-11-12 20:36:14.405085: Epoch 726
2025-11-12 20:36:14.405218: Current learning rate: 0.00312
2025-11-12 20:40:10.017039: train_loss -0.7843
2025-11-12 20:40:10.017276: val_loss -0.7619
2025-11-12 20:40:10.017382: Pseudo dice [np.float32(0.9468), np.float32(0.86), np.float32(0.0)]
2025-11-12 20:40:10.017492: Epoch time: 235.61 s
2025-11-12 20:40:11.068223: 
2025-11-12 20:40:11.068485: Epoch 727
2025-11-12 20:40:11.068611: Current learning rate: 0.00311
2025-11-12 20:44:08.992625: train_loss -0.7738
2025-11-12 20:44:08.992856: val_loss -0.7705
2025-11-12 20:44:08.992966: Pseudo dice [np.float32(0.95), np.float32(0.8616), np.float32(0.0)]
2025-11-12 20:44:08.993065: Epoch time: 237.93 s
2025-11-12 20:44:10.105876: 
2025-11-12 20:44:10.106106: Epoch 728
2025-11-12 20:44:10.106247: Current learning rate: 0.0031
2025-11-12 20:48:10.802877: train_loss -0.7736
2025-11-12 20:48:10.803137: val_loss -0.7695
2025-11-12 20:48:10.803244: Pseudo dice [np.float32(0.9467), np.float32(0.8619), np.float32(0.0)]
2025-11-12 20:48:10.803344: Epoch time: 240.7 s
2025-11-12 20:48:12.524499: 
2025-11-12 20:48:12.524747: Epoch 729
2025-11-12 20:48:12.524880: Current learning rate: 0.00309
2025-11-12 20:52:10.808447: train_loss -0.7902
2025-11-12 20:52:10.808700: val_loss -0.7808
2025-11-12 20:52:10.808807: Pseudo dice [np.float32(0.949), np.float32(0.8663), np.float32(0.0)]
2025-11-12 20:52:10.808908: Epoch time: 238.29 s
2025-11-12 20:52:11.935779: 
2025-11-12 20:52:11.935995: Epoch 730
2025-11-12 20:52:11.936146: Current learning rate: 0.00308
2025-11-12 20:56:07.383552: train_loss -0.7746
2025-11-12 20:56:07.383790: val_loss -0.7876
2025-11-12 20:56:07.383893: Pseudo dice [np.float32(0.949), np.float32(0.8652), np.float32(0.0)]
2025-11-12 20:56:07.383991: Epoch time: 235.45 s
2025-11-12 20:56:08.497915: 
2025-11-12 20:56:08.498181: Epoch 731
2025-11-12 20:56:08.498305: Current learning rate: 0.00307
2025-11-12 21:00:05.180276: train_loss -0.7555
2025-11-12 21:00:05.180526: val_loss -0.7606
2025-11-12 21:00:05.180633: Pseudo dice [np.float32(0.9495), np.float32(0.869), np.float32(0.0)]
2025-11-12 21:00:05.180736: Epoch time: 236.68 s
2025-11-12 21:00:06.879065: 
2025-11-12 21:00:06.879351: Epoch 732
2025-11-12 21:00:06.879477: Current learning rate: 0.00306
2025-11-12 21:04:01.863352: train_loss -0.7736
2025-11-12 21:04:01.863601: val_loss -0.8117
2025-11-12 21:04:01.863705: Pseudo dice [np.float32(0.9487), np.float32(0.8632), np.float32(0.0)]
2025-11-12 21:04:01.863802: Epoch time: 234.99 s
2025-11-12 21:04:02.987797: 
2025-11-12 21:04:02.988079: Epoch 733
2025-11-12 21:04:02.988207: Current learning rate: 0.00305
2025-11-12 21:08:03.133666: train_loss -0.7823
2025-11-12 21:08:03.133966: val_loss -0.7922
2025-11-12 21:08:03.134081: Pseudo dice [np.float32(0.9502), np.float32(0.8597), np.float32(0.0)]
2025-11-12 21:08:03.134180: Epoch time: 240.15 s
2025-11-12 21:08:04.243290: 
2025-11-12 21:08:04.243584: Epoch 734
2025-11-12 21:08:04.243734: Current learning rate: 0.00304
2025-11-12 21:12:00.222368: train_loss -0.7652
2025-11-12 21:12:00.222614: val_loss -0.7786
2025-11-12 21:12:00.222800: Pseudo dice [np.float32(0.9465), np.float32(0.8638), np.float32(0.0)]
2025-11-12 21:12:00.222910: Epoch time: 235.98 s
2025-11-12 21:12:01.329559: 
2025-11-12 21:12:01.329816: Epoch 735
2025-11-12 21:12:01.329920: Current learning rate: 0.00303
2025-11-12 21:15:58.654685: train_loss -0.7828
2025-11-12 21:15:58.654923: val_loss -0.7559
2025-11-12 21:15:58.655027: Pseudo dice [np.float32(0.9462), np.float32(0.8634), np.float32(0.0)]
2025-11-12 21:15:58.655127: Epoch time: 237.33 s
2025-11-12 21:15:59.760955: 
2025-11-12 21:15:59.761205: Epoch 736
2025-11-12 21:15:59.761337: Current learning rate: 0.00302
2025-11-12 21:19:57.909797: train_loss -0.7801
2025-11-12 21:19:57.910040: val_loss -0.775
2025-11-12 21:19:57.910143: Pseudo dice [np.float32(0.9505), np.float32(0.8623), np.float32(0.0)]
2025-11-12 21:19:57.910291: Epoch time: 238.15 s
2025-11-12 21:19:58.968738: 
2025-11-12 21:19:58.969006: Epoch 737
2025-11-12 21:19:58.969125: Current learning rate: 0.00301
2025-11-12 21:23:54.178953: train_loss -0.7618
2025-11-12 21:23:54.179309: val_loss -0.7703
2025-11-12 21:23:54.179457: Pseudo dice [np.float32(0.9471), np.float32(0.8593), np.float32(0.0)]
2025-11-12 21:23:54.179564: Epoch time: 235.21 s
2025-11-12 21:23:55.293366: 
2025-11-12 21:23:55.293618: Epoch 738
2025-11-12 21:23:55.293714: Current learning rate: 0.003
2025-11-12 21:27:54.196347: train_loss -0.7636
2025-11-12 21:27:54.196597: val_loss -0.8034
2025-11-12 21:27:54.196702: Pseudo dice [np.float32(0.9492), np.float32(0.8605), np.float32(0.0)]
2025-11-12 21:27:54.196801: Epoch time: 238.91 s
2025-11-12 21:27:55.319112: 
2025-11-12 21:27:55.319390: Epoch 739
2025-11-12 21:27:55.319514: Current learning rate: 0.00299
2025-11-12 21:31:58.252252: train_loss -0.764
2025-11-12 21:31:58.252518: val_loss -0.7771
2025-11-12 21:31:58.252624: Pseudo dice [np.float32(0.9469), np.float32(0.8603), np.float32(0.0)]
2025-11-12 21:31:58.252725: Epoch time: 242.94 s
2025-11-12 21:31:59.395899: 
2025-11-12 21:31:59.396086: Epoch 740
2025-11-12 21:31:59.396203: Current learning rate: 0.00297
2025-11-12 21:35:57.514253: train_loss -0.7667
2025-11-12 21:35:57.514500: val_loss -0.7852
2025-11-12 21:35:57.514607: Pseudo dice [np.float32(0.9487), np.float32(0.8618), np.float32(0.0)]
2025-11-12 21:35:57.514703: Epoch time: 238.12 s
2025-11-12 21:35:58.627861: 
2025-11-12 21:35:58.628079: Epoch 741
2025-11-12 21:35:58.628186: Current learning rate: 0.00296
2025-11-12 21:39:55.021143: train_loss -0.7814
2025-11-12 21:39:55.021379: val_loss -0.7747
2025-11-12 21:39:55.021493: Pseudo dice [np.float32(0.9469), np.float32(0.8661), np.float32(0.0)]
2025-11-12 21:39:55.021591: Epoch time: 236.4 s
2025-11-12 21:39:56.129165: 
2025-11-12 21:39:56.129435: Epoch 742
2025-11-12 21:39:56.129542: Current learning rate: 0.00295
2025-11-12 21:43:56.676091: train_loss -0.7702
2025-11-12 21:43:56.676383: val_loss -0.7737
2025-11-12 21:43:56.676500: Pseudo dice [np.float32(0.95), np.float32(0.8625), np.float32(0.0)]
2025-11-12 21:43:56.676601: Epoch time: 240.55 s
2025-11-12 21:43:57.790725: 
2025-11-12 21:43:57.790976: Epoch 743
2025-11-12 21:43:57.791092: Current learning rate: 0.00294
2025-11-12 21:47:57.909184: train_loss -0.7744
2025-11-12 21:47:57.909534: val_loss -0.781
2025-11-12 21:47:57.909705: Pseudo dice [np.float32(0.9455), np.float32(0.8603), np.float32(0.0)]
2025-11-12 21:47:57.909811: Epoch time: 240.12 s
2025-11-12 21:47:59.022387: 
2025-11-12 21:47:59.022612: Epoch 744
2025-11-12 21:47:59.022738: Current learning rate: 0.00293
2025-11-12 21:51:57.714138: train_loss -0.7659
2025-11-12 21:51:57.714382: val_loss -0.7692
2025-11-12 21:51:57.714528: Pseudo dice [np.float32(0.9468), np.float32(0.8556), np.float32(0.0)]
2025-11-12 21:51:57.714631: Epoch time: 238.69 s
2025-11-12 21:51:58.823216: 
2025-11-12 21:51:58.823458: Epoch 745
2025-11-12 21:51:58.823581: Current learning rate: 0.00292
2025-11-12 21:55:54.987671: train_loss -0.7726
2025-11-12 21:55:54.987906: val_loss -0.8057
2025-11-12 21:55:54.988009: Pseudo dice [np.float32(0.9463), np.float32(0.8611), np.float32(0.0)]
2025-11-12 21:55:54.988107: Epoch time: 236.17 s
2025-11-12 21:55:56.094092: 
2025-11-12 21:55:56.094354: Epoch 746
2025-11-12 21:55:56.094471: Current learning rate: 0.00291
2025-11-12 21:59:51.543916: train_loss -0.7795
2025-11-12 21:59:51.544159: val_loss -0.7563
2025-11-12 21:59:51.544263: Pseudo dice [np.float32(0.944), np.float32(0.8616), np.float32(0.0)]
2025-11-12 21:59:51.544365: Epoch time: 235.45 s
2025-11-12 21:59:52.646894: 
2025-11-12 21:59:52.647137: Epoch 747
2025-11-12 21:59:52.647324: Current learning rate: 0.0029
2025-11-12 22:03:51.307244: train_loss -0.7818
2025-11-12 22:03:51.307497: val_loss -0.7688
2025-11-12 22:03:51.307603: Pseudo dice [np.float32(0.9497), np.float32(0.8644), np.float32(0.0)]
2025-11-12 22:03:51.307702: Epoch time: 238.66 s
2025-11-12 22:03:52.416060: 
2025-11-12 22:03:52.416291: Epoch 748
2025-11-12 22:03:52.416419: Current learning rate: 0.00289
2025-11-12 22:07:47.521021: train_loss -0.7684
2025-11-12 22:07:47.521349: val_loss -0.7766
2025-11-12 22:07:47.521474: Pseudo dice [np.float32(0.9488), np.float32(0.8659), np.float32(0.0)]
2025-11-12 22:07:47.521576: Epoch time: 235.11 s
2025-11-12 22:07:48.636252: 
2025-11-12 22:07:48.636468: Epoch 749
2025-11-12 22:07:48.636585: Current learning rate: 0.00288
2025-11-12 22:11:48.040836: train_loss -0.7697
2025-11-12 22:11:48.041183: val_loss -0.7574
2025-11-12 22:11:48.041290: Pseudo dice [np.float32(0.9501), np.float32(0.8633), np.float32(0.0)]
2025-11-12 22:11:48.041390: Epoch time: 239.41 s
2025-11-12 22:11:49.909416: 
2025-11-12 22:11:49.909714: Epoch 750
2025-11-12 22:11:49.909838: Current learning rate: 0.00287
2025-11-12 22:15:48.658206: train_loss -0.7759
2025-11-12 22:15:48.658502: val_loss -0.7648
2025-11-12 22:15:48.658616: Pseudo dice [np.float32(0.9473), np.float32(0.8594), np.float32(0.0)]
2025-11-12 22:15:48.658718: Epoch time: 238.75 s
2025-11-12 22:15:49.753685: 
2025-11-12 22:15:49.753903: Epoch 751
2025-11-12 22:15:49.754009: Current learning rate: 0.00286
2025-11-12 22:19:45.792236: train_loss -0.7591
2025-11-12 22:19:45.792481: val_loss -0.7761
2025-11-12 22:19:45.792586: Pseudo dice [np.float32(0.9458), np.float32(0.8593), np.float32(0.0)]
2025-11-12 22:19:45.792685: Epoch time: 236.04 s
2025-11-12 22:19:46.903443: 
2025-11-12 22:19:46.903717: Epoch 752
2025-11-12 22:19:46.903872: Current learning rate: 0.00285
2025-11-12 22:23:47.218925: train_loss -0.7748
2025-11-12 22:23:47.219174: val_loss -0.7457
2025-11-12 22:23:47.219277: Pseudo dice [np.float32(0.9457), np.float32(0.8609), np.float32(0.0)]
2025-11-12 22:23:47.219375: Epoch time: 240.32 s
2025-11-12 22:23:49.017525: 
2025-11-12 22:23:49.017733: Epoch 753
2025-11-12 22:23:49.017850: Current learning rate: 0.00284
2025-11-12 22:27:48.219021: train_loss -0.7768
2025-11-12 22:27:48.219259: val_loss -0.7622
2025-11-12 22:27:48.219363: Pseudo dice [np.float32(0.948), np.float32(0.8639), np.float32(0.0)]
2025-11-12 22:27:48.219594: Epoch time: 239.2 s
2025-11-12 22:27:49.335508: 
2025-11-12 22:27:49.335726: Epoch 754
2025-11-12 22:27:49.335820: Current learning rate: 0.00283
2025-11-12 22:31:44.189282: train_loss -0.7865
2025-11-12 22:31:44.189535: val_loss -0.78
2025-11-12 22:31:44.189644: Pseudo dice [np.float32(0.9481), np.float32(0.8651), np.float32(0.0)]
2025-11-12 22:31:44.189741: Epoch time: 234.86 s
2025-11-12 22:31:45.296781: 
2025-11-12 22:31:45.297057: Epoch 755
2025-11-12 22:31:45.297199: Current learning rate: 0.00282
2025-11-12 22:35:47.683358: train_loss -0.7715
2025-11-12 22:35:47.683607: val_loss -0.7801
2025-11-12 22:35:47.683713: Pseudo dice [np.float32(0.9512), np.float32(0.8638), np.float32(0.0)]
2025-11-12 22:35:47.683813: Epoch time: 242.39 s
2025-11-12 22:35:49.332428: 
2025-11-12 22:35:49.332722: Epoch 756
2025-11-12 22:35:49.332850: Current learning rate: 0.00281
2025-11-12 22:39:47.816450: train_loss -0.7766
2025-11-12 22:39:47.816702: val_loss -0.7833
2025-11-12 22:39:47.816805: Pseudo dice [np.float32(0.9496), np.float32(0.8654), np.float32(0.0)]
2025-11-12 22:39:47.816976: Epoch time: 238.49 s
2025-11-12 22:39:48.920155: 
2025-11-12 22:39:48.920536: Epoch 757
2025-11-12 22:39:48.920667: Current learning rate: 0.0028
2025-11-12 22:43:48.449257: train_loss -0.769
2025-11-12 22:43:48.449503: val_loss -0.7618
2025-11-12 22:43:48.449609: Pseudo dice [np.float32(0.9481), np.float32(0.8663), np.float32(0.0)]
2025-11-12 22:43:48.449705: Epoch time: 239.53 s
2025-11-12 22:43:49.477239: 
2025-11-12 22:43:49.477462: Epoch 758
2025-11-12 22:43:49.477611: Current learning rate: 0.00279
2025-11-12 22:47:52.401530: train_loss -0.7772
2025-11-12 22:47:52.401746: val_loss -0.7926
2025-11-12 22:47:52.401846: Pseudo dice [np.float32(0.9473), np.float32(0.8676), np.float32(0.0)]
2025-11-12 22:47:52.401942: Epoch time: 242.93 s
2025-11-12 22:47:54.750666: 
2025-11-12 22:47:54.750892: Epoch 759
2025-11-12 22:47:54.751013: Current learning rate: 0.00278
2025-11-12 22:51:52.597505: train_loss -0.7746
2025-11-12 22:51:52.597738: val_loss -0.8017
2025-11-12 22:51:52.597841: Pseudo dice [np.float32(0.9507), np.float32(0.864), np.float32(0.0)]
2025-11-12 22:51:52.597939: Epoch time: 237.85 s
2025-11-12 22:51:53.698893: 
2025-11-12 22:51:53.699102: Epoch 760
2025-11-12 22:51:53.699220: Current learning rate: 0.00277
2025-11-12 22:55:49.141510: train_loss -0.7622
2025-11-12 22:55:49.141817: val_loss -0.7874
2025-11-12 22:55:49.141929: Pseudo dice [np.float32(0.9464), np.float32(0.8628), np.float32(0.0)]
2025-11-12 22:55:49.142029: Epoch time: 235.45 s
2025-11-12 22:55:50.239084: 
2025-11-12 22:55:50.239335: Epoch 761
2025-11-12 22:55:50.239510: Current learning rate: 0.00276
2025-11-12 22:59:50.018515: train_loss -0.7757
2025-11-12 22:59:50.019256: val_loss -0.7947
2025-11-12 22:59:50.019367: Pseudo dice [np.float32(0.9481), np.float32(0.8656), np.float32(0.0)]
2025-11-12 22:59:50.019474: Epoch time: 239.78 s
2025-11-12 22:59:52.586688: 
2025-11-12 22:59:52.586947: Epoch 762
2025-11-12 22:59:52.587071: Current learning rate: 0.00275
2025-11-12 23:04:00.034315: train_loss -0.7687
2025-11-12 23:04:00.034571: val_loss -0.7541
2025-11-12 23:04:00.034673: Pseudo dice [np.float32(0.9463), np.float32(0.8607), np.float32(0.0)]
2025-11-12 23:04:00.034769: Epoch time: 247.45 s
2025-11-12 23:04:02.199088: 
2025-11-12 23:04:02.199354: Epoch 763
2025-11-12 23:04:02.199481: Current learning rate: 0.00274
2025-11-12 23:08:01.383524: train_loss -0.7902
2025-11-12 23:08:01.383832: val_loss -0.7825
2025-11-12 23:08:01.383942: Pseudo dice [np.float32(0.9468), np.float32(0.8614), np.float32(0.0)]
2025-11-12 23:08:01.384039: Epoch time: 239.19 s
2025-11-12 23:08:02.498952: 
2025-11-12 23:08:02.499180: Epoch 764
2025-11-12 23:08:02.499298: Current learning rate: 0.00273
2025-11-12 23:12:00.574806: train_loss -0.7671
2025-11-12 23:12:00.575046: val_loss -0.7652
2025-11-12 23:12:00.575149: Pseudo dice [np.float32(0.947), np.float32(0.866), np.float32(0.0)]
2025-11-12 23:12:00.575247: Epoch time: 238.08 s
2025-11-12 23:12:01.687581: 
2025-11-12 23:12:01.687856: Epoch 765
2025-11-12 23:12:01.687960: Current learning rate: 0.00272
2025-11-12 23:16:02.564003: train_loss -0.7675
2025-11-12 23:16:02.566446: val_loss -0.7718
2025-11-12 23:16:02.566597: Pseudo dice [np.float32(0.9504), np.float32(0.8692), np.float32(0.0)]
2025-11-12 23:16:02.568374: Epoch time: 240.88 s
2025-11-12 23:16:04.483424: 
2025-11-12 23:16:04.483698: Epoch 766
2025-11-12 23:16:04.483876: Current learning rate: 0.00271
2025-11-12 23:20:14.695423: train_loss -0.7728
2025-11-12 23:20:14.697315: val_loss -0.7677
2025-11-12 23:20:14.697434: Pseudo dice [np.float32(0.9472), np.float32(0.8538), np.float32(0.0)]
2025-11-12 23:20:14.697536: Epoch time: 250.21 s
2025-11-12 23:20:17.021243: 
2025-11-12 23:20:17.021528: Epoch 767
2025-11-12 23:20:17.021652: Current learning rate: 0.0027
2025-11-12 23:24:15.113998: train_loss -0.7629
2025-11-12 23:24:15.114237: val_loss -0.7759
2025-11-12 23:24:15.114340: Pseudo dice [np.float32(0.9475), np.float32(0.8615), np.float32(0.0)]
2025-11-12 23:24:15.114446: Epoch time: 238.1 s
2025-11-12 23:24:16.241754: 
2025-11-12 23:24:16.242012: Epoch 768
2025-11-12 23:24:16.242148: Current learning rate: 0.00268
2025-11-12 23:28:12.285808: train_loss -0.7764
2025-11-12 23:28:12.286044: val_loss -0.7869
2025-11-12 23:28:12.286148: Pseudo dice [np.float32(0.9471), np.float32(0.8663), np.float32(0.0)]
2025-11-12 23:28:12.286248: Epoch time: 236.05 s
2025-11-12 23:28:13.407030: 
2025-11-12 23:28:13.407307: Epoch 769
2025-11-12 23:28:13.407443: Current learning rate: 0.00267
2025-11-12 23:32:09.481055: train_loss -0.7597
2025-11-12 23:32:09.481385: val_loss -0.8051
2025-11-12 23:32:09.481504: Pseudo dice [np.float32(0.9486), np.float32(0.8626), np.float32(0.0)]
2025-11-12 23:32:09.481604: Epoch time: 236.08 s
2025-11-12 23:32:10.593593: 
2025-11-12 23:32:10.593873: Epoch 770
2025-11-12 23:32:10.594019: Current learning rate: 0.00266
2025-11-12 23:36:09.958438: train_loss -0.7759
2025-11-12 23:36:09.958704: val_loss -0.7891
2025-11-12 23:36:09.958855: Pseudo dice [np.float32(0.9508), np.float32(0.8661), np.float32(0.0)]
2025-11-12 23:36:09.958956: Epoch time: 239.37 s
2025-11-12 23:36:11.069024: 
2025-11-12 23:36:11.069298: Epoch 771
2025-11-12 23:36:11.069405: Current learning rate: 0.00265
2025-11-12 23:40:05.628917: train_loss -0.7831
2025-11-12 23:40:05.629148: val_loss -0.7965
2025-11-12 23:40:05.629253: Pseudo dice [np.float32(0.952), np.float32(0.8666), np.float32(0.0)]
2025-11-12 23:40:05.629350: Epoch time: 234.56 s
2025-11-12 23:40:06.737945: 
2025-11-12 23:40:06.738155: Epoch 772
2025-11-12 23:40:06.738258: Current learning rate: 0.00264
2025-11-12 23:44:06.442753: train_loss -0.7791
2025-11-12 23:44:06.442992: val_loss -0.7563
2025-11-12 23:44:06.443096: Pseudo dice [np.float32(0.9481), np.float32(0.8683), np.float32(0.0)]
2025-11-12 23:44:06.443196: Epoch time: 239.71 s
2025-11-12 23:44:07.555104: 
2025-11-12 23:44:07.555389: Epoch 773
2025-11-12 23:44:07.555501: Current learning rate: 0.00263
2025-11-12 23:48:03.095551: train_loss -0.7822
2025-11-12 23:48:03.095787: val_loss -0.7607
2025-11-12 23:48:03.095941: Pseudo dice [np.float32(0.9495), np.float32(0.8694), np.float32(0.0)]
2025-11-12 23:48:03.096132: Epoch time: 235.54 s
2025-11-12 23:48:04.202577: 
2025-11-12 23:48:04.202842: Epoch 774
2025-11-12 23:48:04.202991: Current learning rate: 0.00262
2025-11-12 23:52:04.266512: train_loss -0.7692
2025-11-12 23:52:04.266748: val_loss -0.7875
2025-11-12 23:52:04.266848: Pseudo dice [np.float32(0.9495), np.float32(0.8636), np.float32(0.0)]
2025-11-12 23:52:04.266944: Epoch time: 240.07 s
2025-11-12 23:52:05.388234: 
2025-11-12 23:52:05.388473: Epoch 775
2025-11-12 23:52:05.388591: Current learning rate: 0.00261
2025-11-12 23:56:01.779684: train_loss -0.7778
2025-11-12 23:56:01.779949: val_loss -0.7871
2025-11-12 23:56:01.780102: Pseudo dice [np.float32(0.9488), np.float32(0.8691), np.float32(0.0)]
2025-11-12 23:56:01.780205: Epoch time: 236.39 s
2025-11-12 23:56:02.894809: 
2025-11-12 23:56:02.895063: Epoch 776
2025-11-12 23:56:02.895187: Current learning rate: 0.0026
2025-11-13 00:00:00.740315: train_loss -0.7693
2025-11-13 00:00:00.740566: val_loss -0.78
2025-11-13 00:00:00.740668: Pseudo dice [np.float32(0.9505), np.float32(0.8626), np.float32(0.0)]
2025-11-13 00:00:00.740769: Epoch time: 237.85 s
2025-11-13 00:00:01.847509: 
2025-11-13 00:00:01.847739: Epoch 777
2025-11-13 00:00:01.847838: Current learning rate: 0.00259
2025-11-13 00:03:59.968955: train_loss -0.79
2025-11-13 00:03:59.969197: val_loss -0.7807
2025-11-13 00:03:59.969299: Pseudo dice [np.float32(0.9477), np.float32(0.8669), np.float32(0.0)]
2025-11-13 00:03:59.969405: Epoch time: 238.12 s
2025-11-13 00:04:01.080873: 
2025-11-13 00:04:01.081119: Epoch 778
2025-11-13 00:04:01.081255: Current learning rate: 0.00258
2025-11-13 00:07:58.380982: train_loss -0.7706
2025-11-13 00:07:58.381221: val_loss -0.793
2025-11-13 00:07:58.381324: Pseudo dice [np.float32(0.9522), np.float32(0.8681), np.float32(0.0)]
2025-11-13 00:07:58.381471: Epoch time: 237.3 s
2025-11-13 00:07:59.511319: 
2025-11-13 00:07:59.511558: Epoch 779
2025-11-13 00:07:59.511673: Current learning rate: 0.00257
2025-11-13 00:11:57.875787: train_loss -0.7687
2025-11-13 00:11:57.876030: val_loss -0.7901
2025-11-13 00:11:57.876187: Pseudo dice [np.float32(0.9464), np.float32(0.8661), np.float32(0.0)]
2025-11-13 00:11:57.876290: Epoch time: 238.37 s
2025-11-13 00:11:58.988580: 
2025-11-13 00:11:58.988801: Epoch 780
2025-11-13 00:11:58.988923: Current learning rate: 0.00256
2025-11-13 00:15:57.538442: train_loss -0.77
2025-11-13 00:15:57.538648: val_loss -0.7638
2025-11-13 00:15:57.538812: Pseudo dice [np.float32(0.9483), np.float32(0.8691), np.float32(0.0)]
2025-11-13 00:15:57.539001: Epoch time: 238.55 s
2025-11-13 00:15:58.841274: 
2025-11-13 00:15:58.841520: Epoch 781
2025-11-13 00:15:58.841636: Current learning rate: 0.00255
2025-11-13 00:19:58.158374: train_loss -0.7776
2025-11-13 00:19:58.158621: val_loss -0.7835
2025-11-13 00:19:58.158745: Pseudo dice [np.float32(0.9482), np.float32(0.8691), np.float32(0.0)]
2025-11-13 00:19:58.158845: Epoch time: 239.32 s
2025-11-13 00:19:59.819988: 
2025-11-13 00:19:59.820412: Epoch 782
2025-11-13 00:19:59.820665: Current learning rate: 0.00254
2025-11-13 00:24:00.435835: train_loss -0.759
2025-11-13 00:24:00.436093: val_loss -0.7971
2025-11-13 00:24:00.436197: Pseudo dice [np.float32(0.9479), np.float32(0.8654), np.float32(0.0)]
2025-11-13 00:24:00.436350: Epoch time: 240.62 s
2025-11-13 00:24:01.561250: 
2025-11-13 00:24:01.561554: Epoch 783
2025-11-13 00:24:01.561672: Current learning rate: 0.00253
2025-11-13 00:28:00.637425: train_loss -0.7786
2025-11-13 00:28:00.637664: val_loss -0.7941
2025-11-13 00:28:00.637768: Pseudo dice [np.float32(0.9482), np.float32(0.8715), np.float32(0.0)]
2025-11-13 00:28:00.637865: Epoch time: 239.08 s
2025-11-13 00:28:01.756205: 
2025-11-13 00:28:01.756459: Epoch 784
2025-11-13 00:28:01.756588: Current learning rate: 0.00252
2025-11-13 00:31:57.021162: train_loss -0.773
2025-11-13 00:31:57.021394: val_loss -0.7938
2025-11-13 00:31:57.021508: Pseudo dice [np.float32(0.9506), np.float32(0.8687), np.float32(0.0)]
2025-11-13 00:31:57.021607: Epoch time: 235.27 s
2025-11-13 00:31:58.132801: 
2025-11-13 00:31:58.133193: Epoch 785
2025-11-13 00:31:58.133507: Current learning rate: 0.00251
2025-11-13 00:35:59.300188: train_loss -0.7837
2025-11-13 00:35:59.300435: val_loss -0.782
2025-11-13 00:35:59.300543: Pseudo dice [np.float32(0.9477), np.float32(0.8696), np.float32(0.0)]
2025-11-13 00:35:59.300641: Epoch time: 241.17 s
2025-11-13 00:36:00.417885: 
2025-11-13 00:36:00.418151: Epoch 786
2025-11-13 00:36:00.418360: Current learning rate: 0.0025
2025-11-13 00:39:59.699091: train_loss -0.7726
2025-11-13 00:39:59.699331: val_loss -0.8113
2025-11-13 00:39:59.699445: Pseudo dice [np.float32(0.949), np.float32(0.8697), np.float32(0.0)]
2025-11-13 00:39:59.699544: Epoch time: 239.28 s
2025-11-13 00:40:00.738600: 
2025-11-13 00:40:00.738848: Epoch 787
2025-11-13 00:40:00.738958: Current learning rate: 0.00249
2025-11-13 00:43:59.935983: train_loss -0.7636
2025-11-13 00:43:59.936318: val_loss -0.7661
2025-11-13 00:43:59.936437: Pseudo dice [np.float32(0.9488), np.float32(0.8692), np.float32(0.0)]
2025-11-13 00:43:59.936538: Epoch time: 239.2 s
2025-11-13 00:44:01.058844: 
2025-11-13 00:44:01.059116: Epoch 788
2025-11-13 00:44:01.059216: Current learning rate: 0.00248
2025-11-13 00:48:04.259844: train_loss -0.7725
2025-11-13 00:48:04.260073: val_loss -0.7928
2025-11-13 00:48:04.260179: Pseudo dice [np.float32(0.9488), np.float32(0.869), np.float32(0.0)]
2025-11-13 00:48:04.260279: Epoch time: 243.2 s
2025-11-13 00:48:05.369730: 
2025-11-13 00:48:05.369990: Epoch 789
2025-11-13 00:48:05.370122: Current learning rate: 0.00247
2025-11-13 00:52:10.543808: train_loss -0.7757
2025-11-13 00:52:10.544067: val_loss -0.7979
2025-11-13 00:52:10.544173: Pseudo dice [np.float32(0.9507), np.float32(0.8684), np.float32(0.0)]
2025-11-13 00:52:10.544268: Epoch time: 245.18 s
2025-11-13 00:52:11.664933: 
2025-11-13 00:52:11.665216: Epoch 790
2025-11-13 00:52:11.665333: Current learning rate: 0.00245
2025-11-13 00:56:11.829639: train_loss -0.7864
2025-11-13 00:56:11.829873: val_loss -0.7865
2025-11-13 00:56:11.829978: Pseudo dice [np.float32(0.9491), np.float32(0.8668), np.float32(0.0)]
2025-11-13 00:56:11.830077: Epoch time: 240.17 s
2025-11-13 00:56:12.940201: 
2025-11-13 00:56:12.940476: Epoch 791
2025-11-13 00:56:12.940600: Current learning rate: 0.00244
2025-11-13 01:00:12.949915: train_loss -0.7766
2025-11-13 01:00:12.951783: val_loss -0.8119
2025-11-13 01:00:12.951887: Pseudo dice [np.float32(0.9485), np.float32(0.8671), np.float32(0.0)]
2025-11-13 01:00:12.951978: Epoch time: 240.01 s
2025-11-13 01:00:15.138324: 
2025-11-13 01:00:15.138616: Epoch 792
2025-11-13 01:00:15.138738: Current learning rate: 0.00243
2025-11-13 01:04:12.315243: train_loss -0.7718
2025-11-13 01:04:12.315485: val_loss -0.7479
2025-11-13 01:04:12.315591: Pseudo dice [np.float32(0.9516), np.float32(0.8717), np.float32(0.0)]
2025-11-13 01:04:12.315689: Epoch time: 237.18 s
2025-11-13 01:04:13.430710: 
2025-11-13 01:04:13.431028: Epoch 793
2025-11-13 01:04:13.431292: Current learning rate: 0.00242
2025-11-13 01:08:10.394658: train_loss -0.7714
2025-11-13 01:08:10.394957: val_loss -0.779
2025-11-13 01:08:10.395062: Pseudo dice [np.float32(0.9517), np.float32(0.8638), np.float32(0.0)]
2025-11-13 01:08:10.395159: Epoch time: 236.97 s
2025-11-13 01:08:11.511079: 
2025-11-13 01:08:11.511296: Epoch 794
2025-11-13 01:08:11.511434: Current learning rate: 0.00241
2025-11-13 01:12:19.867160: train_loss -0.7811
2025-11-13 01:12:19.867420: val_loss -0.7625
2025-11-13 01:12:19.867525: Pseudo dice [np.float32(0.9518), np.float32(0.856), np.float32(0.0)]
2025-11-13 01:12:19.867624: Epoch time: 248.36 s
2025-11-13 01:12:21.288840: 
2025-11-13 01:12:21.289090: Epoch 795
2025-11-13 01:12:21.289209: Current learning rate: 0.0024
2025-11-13 01:16:19.230939: train_loss -0.7765
2025-11-13 01:16:19.231207: val_loss -0.7888
2025-11-13 01:16:19.231310: Pseudo dice [np.float32(0.9435), np.float32(0.8551), np.float32(0.0)]
2025-11-13 01:16:19.231417: Epoch time: 237.94 s
2025-11-13 01:16:21.376433: 
2025-11-13 01:16:21.376635: Epoch 796
2025-11-13 01:16:21.376753: Current learning rate: 0.00239
2025-11-13 01:20:24.189981: train_loss -0.754
2025-11-13 01:20:24.190212: val_loss -0.773
2025-11-13 01:20:24.190317: Pseudo dice [np.float32(0.9402), np.float32(0.857), np.float32(0.0)]
2025-11-13 01:20:24.190424: Epoch time: 242.82 s
2025-11-13 01:20:25.302236: 
2025-11-13 01:20:25.302634: Epoch 797
2025-11-13 01:20:25.302838: Current learning rate: 0.00238
2025-11-13 01:24:21.926892: train_loss -0.7643
2025-11-13 01:24:21.927211: val_loss -0.7777
2025-11-13 01:24:21.927322: Pseudo dice [np.float32(0.95), np.float32(0.8575), np.float32(0.0)]
2025-11-13 01:24:21.927429: Epoch time: 236.63 s
2025-11-13 01:24:23.051512: 
2025-11-13 01:24:23.051764: Epoch 798
2025-11-13 01:24:23.051881: Current learning rate: 0.00237
2025-11-13 01:28:21.168867: train_loss -0.7773
2025-11-13 01:28:21.169101: val_loss -0.7583
2025-11-13 01:28:21.169204: Pseudo dice [np.float32(0.9478), np.float32(0.8606), np.float32(0.0)]
2025-11-13 01:28:21.169302: Epoch time: 238.12 s
2025-11-13 01:28:22.868182: 
2025-11-13 01:28:22.868390: Epoch 799
2025-11-13 01:28:22.868514: Current learning rate: 0.00236
2025-11-13 01:32:19.212102: train_loss -0.7767
2025-11-13 01:32:19.212411: val_loss -0.8123
2025-11-13 01:32:19.212522: Pseudo dice [np.float32(0.9479), np.float32(0.8645), np.float32(0.0)]
2025-11-13 01:32:19.212623: Epoch time: 236.35 s
2025-11-13 01:32:20.966290: 
2025-11-13 01:32:20.966581: Epoch 800
2025-11-13 01:32:20.966780: Current learning rate: 0.00235
2025-11-13 01:36:17.806974: train_loss -0.7773
2025-11-13 01:36:17.807211: val_loss -0.7533
2025-11-13 01:36:17.807311: Pseudo dice [np.float32(0.9465), np.float32(0.8668), np.float32(0.0)]
2025-11-13 01:36:17.807417: Epoch time: 236.85 s
2025-11-13 01:36:18.935905: 
2025-11-13 01:36:18.936194: Epoch 801
2025-11-13 01:36:18.936311: Current learning rate: 0.00234
2025-11-13 01:40:21.060987: train_loss -0.7737
2025-11-13 01:40:21.061240: val_loss -0.7988
2025-11-13 01:40:21.061342: Pseudo dice [np.float32(0.9506), np.float32(0.8686), np.float32(0.0)]
2025-11-13 01:40:21.061448: Epoch time: 242.13 s
2025-11-13 01:40:23.200555: 
2025-11-13 01:40:23.200802: Epoch 802
2025-11-13 01:40:23.200921: Current learning rate: 0.00233
2025-11-13 01:44:21.150863: train_loss -0.765
2025-11-13 01:44:21.151099: val_loss -0.8026
2025-11-13 01:44:21.151203: Pseudo dice [np.float32(0.9485), np.float32(0.8671), np.float32(0.0)]
2025-11-13 01:44:21.151301: Epoch time: 237.95 s
2025-11-13 01:44:22.264666: 
2025-11-13 01:44:22.264894: Epoch 803
2025-11-13 01:44:22.265006: Current learning rate: 0.00232
2025-11-13 01:48:18.076945: train_loss -0.786
2025-11-13 01:48:18.077188: val_loss -0.7816
2025-11-13 01:48:18.077291: Pseudo dice [np.float32(0.951), np.float32(0.8703), np.float32(0.0)]
2025-11-13 01:48:18.077422: Epoch time: 235.81 s
2025-11-13 01:48:19.198661: 
2025-11-13 01:48:19.198900: Epoch 804
2025-11-13 01:48:19.199005: Current learning rate: 0.00231
2025-11-13 01:52:19.482389: train_loss -0.756
2025-11-13 01:52:19.482630: val_loss -0.794
2025-11-13 01:52:19.482733: Pseudo dice [np.float32(0.9508), np.float32(0.8659), np.float32(0.0)]
2025-11-13 01:52:19.482832: Epoch time: 240.29 s
2025-11-13 01:52:20.604060: 
2025-11-13 01:52:20.604305: Epoch 805
2025-11-13 01:52:20.604414: Current learning rate: 0.0023
2025-11-13 01:56:21.937073: train_loss -0.7697
2025-11-13 01:56:21.937334: val_loss -0.8076
2025-11-13 01:56:21.937449: Pseudo dice [np.float32(0.9495), np.float32(0.8706), np.float32(0.0)]
2025-11-13 01:56:21.937551: Epoch time: 241.34 s
2025-11-13 01:56:23.058399: 
2025-11-13 01:56:23.058659: Epoch 806
2025-11-13 01:56:23.058783: Current learning rate: 0.00229
2025-11-13 02:00:21.397413: train_loss -0.7863
2025-11-13 02:00:21.401773: val_loss -0.7589
2025-11-13 02:00:21.401884: Pseudo dice [np.float32(0.9489), np.float32(0.8681), np.float32(0.0)]
2025-11-13 02:00:21.401975: Epoch time: 238.34 s
2025-11-13 02:00:22.516951: 
2025-11-13 02:00:22.517156: Epoch 807
2025-11-13 02:00:22.517275: Current learning rate: 0.00228
2025-11-13 02:04:16.348853: train_loss -0.7875
2025-11-13 02:04:16.349099: val_loss -0.7798
2025-11-13 02:04:16.349202: Pseudo dice [np.float32(0.9474), np.float32(0.8619), np.float32(0.0)]
2025-11-13 02:04:16.349300: Epoch time: 233.83 s
2025-11-13 02:04:17.468200: 
2025-11-13 02:04:17.468477: Epoch 808
2025-11-13 02:04:17.468593: Current learning rate: 0.00226
2025-11-13 02:08:16.028836: train_loss -0.7612
2025-11-13 02:08:16.029073: val_loss -0.735
2025-11-13 02:08:16.029175: Pseudo dice [np.float32(0.9425), np.float32(0.8625), np.float32(0.0)]
2025-11-13 02:08:16.029277: Epoch time: 238.56 s
2025-11-13 02:08:17.152946: 
2025-11-13 02:08:17.153187: Epoch 809
2025-11-13 02:08:17.153302: Current learning rate: 0.00225
2025-11-13 02:12:13.541912: train_loss -0.7704
2025-11-13 02:12:13.542145: val_loss -0.7728
2025-11-13 02:12:13.542248: Pseudo dice [np.float32(0.951), np.float32(0.8699), np.float32(0.0)]
2025-11-13 02:12:13.542345: Epoch time: 236.39 s
2025-11-13 02:12:14.655178: 
2025-11-13 02:12:14.655376: Epoch 810
2025-11-13 02:12:14.655490: Current learning rate: 0.00224
2025-11-13 02:16:13.744676: train_loss -0.7859
2025-11-13 02:16:13.744929: val_loss -0.7864
2025-11-13 02:16:13.745033: Pseudo dice [np.float32(0.95), np.float32(0.8685), np.float32(0.0)]
2025-11-13 02:16:13.745131: Epoch time: 239.09 s
2025-11-13 02:16:14.879198: 
2025-11-13 02:16:14.879424: Epoch 811
2025-11-13 02:16:14.879554: Current learning rate: 0.00223
2025-11-13 02:20:15.887189: train_loss -0.7751
2025-11-13 02:20:15.887444: val_loss -0.784
2025-11-13 02:20:15.887551: Pseudo dice [np.float32(0.9511), np.float32(0.87), np.float32(0.0)]
2025-11-13 02:20:15.887650: Epoch time: 241.01 s
2025-11-13 02:20:17.302599: 
2025-11-13 02:20:17.302836: Epoch 812
2025-11-13 02:20:17.302952: Current learning rate: 0.00222
2025-11-13 02:24:17.665816: train_loss -0.769
2025-11-13 02:24:17.666056: val_loss -0.7983
2025-11-13 02:24:17.666160: Pseudo dice [np.float32(0.9515), np.float32(0.8682), np.float32(0.0)]
2025-11-13 02:24:17.666257: Epoch time: 240.37 s
2025-11-13 02:24:18.751899: 
2025-11-13 02:24:18.752141: Epoch 813
2025-11-13 02:24:18.752256: Current learning rate: 0.00221
2025-11-13 02:28:15.665460: train_loss -0.7571
2025-11-13 02:28:15.665700: val_loss -0.7529
2025-11-13 02:28:15.665804: Pseudo dice [np.float32(0.9502), np.float32(0.8683), np.float32(0.0)]
2025-11-13 02:28:15.665976: Epoch time: 236.92 s
2025-11-13 02:28:16.776832: 
2025-11-13 02:28:16.777073: Epoch 814
2025-11-13 02:28:16.777226: Current learning rate: 0.0022
2025-11-13 02:32:18.132962: train_loss -0.7679
2025-11-13 02:32:18.133196: val_loss -0.795
2025-11-13 02:32:18.133300: Pseudo dice [np.float32(0.9479), np.float32(0.8718), np.float32(0.0)]
2025-11-13 02:32:18.133413: Epoch time: 241.36 s
2025-11-13 02:32:19.241386: 
2025-11-13 02:32:19.241657: Epoch 815
2025-11-13 02:32:19.241786: Current learning rate: 0.00219
2025-11-13 02:36:15.587510: train_loss -0.7849
2025-11-13 02:36:15.587841: val_loss -0.816
2025-11-13 02:36:15.587951: Pseudo dice [np.float32(0.951), np.float32(0.8648), np.float32(0.0)]
2025-11-13 02:36:15.588050: Epoch time: 236.35 s
2025-11-13 02:36:16.690034: 
2025-11-13 02:36:16.690304: Epoch 816
2025-11-13 02:36:16.690410: Current learning rate: 0.00218
2025-11-13 02:40:13.853746: train_loss -0.7641
2025-11-13 02:40:13.854023: val_loss -0.7872
2025-11-13 02:40:13.854129: Pseudo dice [np.float32(0.9475), np.float32(0.8641), np.float32(0.0)]
2025-11-13 02:40:13.854230: Epoch time: 237.17 s
2025-11-13 02:40:14.973241: 
2025-11-13 02:40:14.973532: Epoch 817
2025-11-13 02:40:14.973652: Current learning rate: 0.00217
2025-11-13 02:44:11.906433: train_loss -0.772
2025-11-13 02:44:11.906730: val_loss -0.7858
2025-11-13 02:44:11.906836: Pseudo dice [np.float32(0.9509), np.float32(0.8669), np.float32(0.0)]
2025-11-13 02:44:11.906933: Epoch time: 236.94 s
2025-11-13 02:44:12.967609: 
2025-11-13 02:44:12.967862: Epoch 818
2025-11-13 02:44:12.968004: Current learning rate: 0.00216
2025-11-13 02:48:07.553220: train_loss -0.785
2025-11-13 02:48:07.553461: val_loss -0.7754
2025-11-13 02:48:07.553564: Pseudo dice [np.float32(0.9486), np.float32(0.867), np.float32(0.0)]
2025-11-13 02:48:07.553661: Epoch time: 234.59 s
2025-11-13 02:48:08.670907: 
2025-11-13 02:48:08.671149: Epoch 819
2025-11-13 02:48:08.671288: Current learning rate: 0.00215
2025-11-13 02:52:08.479725: train_loss -0.7576
2025-11-13 02:52:08.479957: val_loss -0.7845
2025-11-13 02:52:08.480100: Pseudo dice [np.float32(0.9491), np.float32(0.8698), np.float32(0.0)]
2025-11-13 02:52:08.480200: Epoch time: 239.81 s
2025-11-13 02:52:09.575614: 
2025-11-13 02:52:09.575868: Epoch 820
2025-11-13 02:52:09.576047: Current learning rate: 0.00214
2025-11-13 02:56:04.840565: train_loss -0.7902
2025-11-13 02:56:04.840801: val_loss -0.7439
2025-11-13 02:56:04.840903: Pseudo dice [np.float32(0.9471), np.float32(0.86), np.float32(0.0)]
2025-11-13 02:56:04.841000: Epoch time: 235.27 s
2025-11-13 02:56:05.938793: 
2025-11-13 02:56:05.939089: Epoch 821
2025-11-13 02:56:05.939187: Current learning rate: 0.00213
2025-11-13 03:00:02.579762: train_loss -0.7563
2025-11-13 03:00:02.580000: val_loss -0.7806
2025-11-13 03:00:02.580102: Pseudo dice [np.float32(0.9499), np.float32(0.866), np.float32(0.0)]
2025-11-13 03:00:02.580204: Epoch time: 236.64 s
2025-11-13 03:00:03.662999: 
2025-11-13 03:00:03.663255: Epoch 822
2025-11-13 03:00:03.663378: Current learning rate: 0.00212
2025-11-13 03:04:00.672261: train_loss -0.7605
2025-11-13 03:04:00.672512: val_loss -0.763
2025-11-13 03:04:00.672618: Pseudo dice [np.float32(0.9498), np.float32(0.8625), np.float32(0.0)]
2025-11-13 03:04:00.672717: Epoch time: 237.01 s
2025-11-13 03:04:01.752852: 
2025-11-13 03:04:01.753115: Epoch 823
2025-11-13 03:04:01.753221: Current learning rate: 0.0021
2025-11-13 03:07:57.914588: train_loss -0.7529
2025-11-13 03:07:57.914832: val_loss -0.7963
2025-11-13 03:07:57.914938: Pseudo dice [np.float32(0.9492), np.float32(0.8692), np.float32(0.0)]
2025-11-13 03:07:57.915034: Epoch time: 236.16 s
2025-11-13 03:07:58.996042: 
2025-11-13 03:07:58.996302: Epoch 824
2025-11-13 03:07:58.996477: Current learning rate: 0.00209
2025-11-13 03:12:03.375039: train_loss -0.7665
2025-11-13 03:12:03.375283: val_loss -0.7585
2025-11-13 03:12:03.375446: Pseudo dice [np.float32(0.9451), np.float32(0.8668), np.float32(0.0)]
2025-11-13 03:12:03.375553: Epoch time: 244.38 s
2025-11-13 03:12:04.456763: 
2025-11-13 03:12:04.456997: Epoch 825
2025-11-13 03:12:04.457125: Current learning rate: 0.00208
2025-11-13 03:16:00.801943: train_loss -0.761
2025-11-13 03:16:00.802179: val_loss -0.7938
2025-11-13 03:16:00.802281: Pseudo dice [np.float32(0.9483), np.float32(0.8682), np.float32(0.0)]
2025-11-13 03:16:00.802380: Epoch time: 236.35 s
2025-11-13 03:16:01.900791: 
2025-11-13 03:16:01.901027: Epoch 826
2025-11-13 03:16:01.901171: Current learning rate: 0.00207
2025-11-13 03:20:02.209049: train_loss -0.7674
2025-11-13 03:20:02.209285: val_loss -0.7674
2025-11-13 03:20:02.209388: Pseudo dice [np.float32(0.9482), np.float32(0.8687), np.float32(0.0)]
2025-11-13 03:20:02.209498: Epoch time: 240.31 s
2025-11-13 03:20:03.251809: 
2025-11-13 03:20:03.252054: Epoch 827
2025-11-13 03:20:03.252160: Current learning rate: 0.00206
2025-11-13 03:23:58.868596: train_loss -0.7781
2025-11-13 03:23:58.868832: val_loss -0.7554
2025-11-13 03:23:58.868985: Pseudo dice [np.float32(0.9497), np.float32(0.8692), np.float32(0.0)]
2025-11-13 03:23:58.869092: Epoch time: 235.62 s
2025-11-13 03:23:59.949781: 
2025-11-13 03:23:59.950048: Epoch 828
2025-11-13 03:23:59.950201: Current learning rate: 0.00205
2025-11-13 03:27:56.699528: train_loss -0.7757
2025-11-13 03:27:56.699765: val_loss -0.7734
2025-11-13 03:27:56.699866: Pseudo dice [np.float32(0.9502), np.float32(0.8705), np.float32(0.0)]
2025-11-13 03:27:56.699962: Epoch time: 236.75 s
2025-11-13 03:27:57.786978: 
2025-11-13 03:27:57.787200: Epoch 829
2025-11-13 03:27:57.787362: Current learning rate: 0.00204
2025-11-13 03:31:54.673925: train_loss -0.7771
2025-11-13 03:31:54.674158: val_loss -0.7787
2025-11-13 03:31:54.674259: Pseudo dice [np.float32(0.95), np.float32(0.8683), np.float32(0.0)]
2025-11-13 03:31:54.674358: Epoch time: 236.89 s
2025-11-13 03:31:55.750496: 
2025-11-13 03:31:55.750703: Epoch 830
2025-11-13 03:31:55.750805: Current learning rate: 0.00203
2025-11-13 03:35:49.841624: train_loss -0.7833
2025-11-13 03:35:49.841891: val_loss -0.779
2025-11-13 03:35:49.841995: Pseudo dice [np.float32(0.9474), np.float32(0.8658), np.float32(0.0)]
2025-11-13 03:35:49.842094: Epoch time: 234.09 s
2025-11-13 03:35:50.921269: 
2025-11-13 03:35:50.921524: Epoch 831
2025-11-13 03:35:50.921669: Current learning rate: 0.00202
2025-11-13 03:39:47.384268: train_loss -0.7766
2025-11-13 03:39:47.384529: val_loss -0.7821
2025-11-13 03:39:47.384634: Pseudo dice [np.float32(0.9506), np.float32(0.868), np.float32(0.0)]
2025-11-13 03:39:47.384731: Epoch time: 236.47 s
2025-11-13 03:39:48.468556: 
2025-11-13 03:39:48.468822: Epoch 832
2025-11-13 03:39:48.468947: Current learning rate: 0.00201
2025-11-13 03:43:48.390592: train_loss -0.788
2025-11-13 03:43:48.390829: val_loss -0.7887
2025-11-13 03:43:48.390951: Pseudo dice [np.float32(0.9499), np.float32(0.8697), np.float32(0.0)]
2025-11-13 03:43:48.391068: Epoch time: 239.92 s
2025-11-13 03:43:49.463868: 
2025-11-13 03:43:49.464122: Epoch 833
2025-11-13 03:43:49.464277: Current learning rate: 0.002
2025-11-13 03:47:49.054384: train_loss -0.7708
2025-11-13 03:47:49.054624: val_loss -0.7976
2025-11-13 03:47:49.054728: Pseudo dice [np.float32(0.9534), np.float32(0.8715), np.float32(0.0)]
2025-11-13 03:47:49.054826: Epoch time: 239.59 s
2025-11-13 03:47:50.138925: 
2025-11-13 03:47:50.139203: Epoch 834
2025-11-13 03:47:50.139310: Current learning rate: 0.00199
2025-11-13 03:51:49.825307: train_loss -0.7781
2025-11-13 03:51:49.825687: val_loss -0.7808
2025-11-13 03:51:49.825796: Pseudo dice [np.float32(0.9493), np.float32(0.8725), np.float32(0.0)]
2025-11-13 03:51:49.825895: Epoch time: 239.69 s
2025-11-13 03:51:50.948407: 
2025-11-13 03:51:50.948611: Epoch 835
2025-11-13 03:51:50.948731: Current learning rate: 0.00198
2025-11-13 03:55:54.444889: train_loss -0.7389
2025-11-13 03:55:54.445143: val_loss -0.8021
2025-11-13 03:55:54.445248: Pseudo dice [np.float32(0.9514), np.float32(0.8695), np.float32(0.0)]
2025-11-13 03:55:54.445346: Epoch time: 243.5 s
2025-11-13 03:55:55.915400: 
2025-11-13 03:55:55.915594: Epoch 836
2025-11-13 03:55:55.915710: Current learning rate: 0.00196
2025-11-13 03:59:53.084380: train_loss -0.7761
2025-11-13 03:59:53.084636: val_loss -0.7757
2025-11-13 03:59:53.084741: Pseudo dice [np.float32(0.9504), np.float32(0.8696), np.float32(0.0)]
2025-11-13 03:59:53.084837: Epoch time: 237.17 s
2025-11-13 03:59:54.165165: 
2025-11-13 03:59:54.165393: Epoch 837
2025-11-13 03:59:54.165539: Current learning rate: 0.00195
2025-11-13 04:03:55.433333: train_loss -0.7767
2025-11-13 04:03:55.433558: val_loss -0.7761
2025-11-13 04:03:55.433731: Pseudo dice [np.float32(0.9478), np.float32(0.8701), np.float32(0.0)]
2025-11-13 04:03:55.433834: Epoch time: 241.27 s
2025-11-13 04:03:56.805925: 
2025-11-13 04:03:56.806184: Epoch 838
2025-11-13 04:03:56.806304: Current learning rate: 0.00194
2025-11-13 04:08:04.904753: train_loss -0.7688
2025-11-13 04:08:04.904999: val_loss -0.7851
2025-11-13 04:08:04.905100: Pseudo dice [np.float32(0.9511), np.float32(0.8666), np.float32(0.0)]
2025-11-13 04:08:04.905197: Epoch time: 248.1 s
2025-11-13 04:08:06.002567: 
2025-11-13 04:08:06.002830: Epoch 839
2025-11-13 04:08:06.002950: Current learning rate: 0.00193
2025-11-13 04:12:02.305976: train_loss -0.7826
2025-11-13 04:12:02.306211: val_loss -0.7988
2025-11-13 04:12:02.306315: Pseudo dice [np.float32(0.9478), np.float32(0.8712), np.float32(0.0)]
2025-11-13 04:12:02.306422: Epoch time: 236.31 s
2025-11-13 04:12:03.389231: 
2025-11-13 04:12:03.389464: Epoch 840
2025-11-13 04:12:03.389562: Current learning rate: 0.00192
2025-11-13 04:15:58.960328: train_loss -0.7744
2025-11-13 04:15:58.960592: val_loss -0.7766
2025-11-13 04:15:58.960702: Pseudo dice [np.float32(0.9503), np.float32(0.8689), np.float32(0.0)]
2025-11-13 04:15:58.960802: Epoch time: 235.57 s
2025-11-13 04:16:00.050061: 
2025-11-13 04:16:00.050286: Epoch 841
2025-11-13 04:16:00.050407: Current learning rate: 0.00191
2025-11-13 04:19:59.174019: train_loss -0.7813
2025-11-13 04:19:59.174260: val_loss -0.774
2025-11-13 04:19:59.174364: Pseudo dice [np.float32(0.9515), np.float32(0.8708), np.float32(0.0)]
2025-11-13 04:19:59.174471: Epoch time: 239.13 s
2025-11-13 04:20:00.254921: 
2025-11-13 04:20:00.255159: Epoch 842
2025-11-13 04:20:00.255265: Current learning rate: 0.0019
2025-11-13 04:23:59.013754: train_loss -0.7767
2025-11-13 04:23:59.013989: val_loss -0.783
2025-11-13 04:23:59.014091: Pseudo dice [np.float32(0.9483), np.float32(0.8735), np.float32(0.0)]
2025-11-13 04:23:59.014189: Epoch time: 238.76 s
2025-11-13 04:24:00.099177: 
2025-11-13 04:24:00.099453: Epoch 843
2025-11-13 04:24:00.099620: Current learning rate: 0.00189
2025-11-13 04:27:59.220882: train_loss -0.7814
2025-11-13 04:27:59.221133: val_loss -0.7927
2025-11-13 04:27:59.234630: Pseudo dice [np.float32(0.9491), np.float32(0.8713), np.float32(0.0)]
2025-11-13 04:27:59.234787: Epoch time: 239.12 s
2025-11-13 04:28:00.398333: 
2025-11-13 04:28:00.398512: Epoch 844
2025-11-13 04:28:00.398627: Current learning rate: 0.00188
2025-11-13 04:31:56.614353: train_loss -0.7757
2025-11-13 04:31:56.614596: val_loss -0.764
2025-11-13 04:31:56.614730: Pseudo dice [np.float32(0.9532), np.float32(0.8713), np.float32(0.0)]
2025-11-13 04:31:56.614850: Epoch time: 236.22 s
2025-11-13 04:31:57.699295: 
2025-11-13 04:31:57.699528: Epoch 845
2025-11-13 04:31:57.699671: Current learning rate: 0.00187
2025-11-13 04:35:57.393125: train_loss -0.7715
2025-11-13 04:35:57.393366: val_loss -0.7996
2025-11-13 04:35:57.393490: Pseudo dice [np.float32(0.9506), np.float32(0.8752), np.float32(0.0)]
2025-11-13 04:35:57.393590: Epoch time: 239.7 s
2025-11-13 04:35:58.470058: 
2025-11-13 04:35:58.470292: Epoch 846
2025-11-13 04:35:58.470425: Current learning rate: 0.00186
2025-11-13 04:39:57.544170: train_loss -0.7802
2025-11-13 04:39:57.544405: val_loss -0.7903
2025-11-13 04:39:57.544513: Pseudo dice [np.float32(0.9515), np.float32(0.8712), np.float32(0.0)]
2025-11-13 04:39:57.544636: Epoch time: 239.08 s
2025-11-13 04:39:58.620881: 
2025-11-13 04:39:58.621133: Epoch 847
2025-11-13 04:39:58.621242: Current learning rate: 0.00185
2025-11-13 04:43:57.619473: train_loss -0.7697
2025-11-13 04:43:57.619707: val_loss -0.7611
2025-11-13 04:43:57.619811: Pseudo dice [np.float32(0.9523), np.float32(0.8711), np.float32(0.0)]
2025-11-13 04:43:57.619906: Epoch time: 239.0 s
2025-11-13 04:43:58.697180: 
2025-11-13 04:43:58.697415: Epoch 848
2025-11-13 04:43:58.697537: Current learning rate: 0.00184
2025-11-13 04:47:55.764059: train_loss -0.7738
2025-11-13 04:47:55.764302: val_loss -0.7862
2025-11-13 04:47:55.764416: Pseudo dice [np.float32(0.9481), np.float32(0.8733), np.float32(0.0)]
2025-11-13 04:47:55.764538: Epoch time: 237.07 s
2025-11-13 04:47:57.424861: 
2025-11-13 04:47:57.425164: Epoch 849
2025-11-13 04:47:57.425273: Current learning rate: 0.00182
2025-11-13 04:51:52.205899: train_loss -0.7838
2025-11-13 04:51:52.206134: val_loss -0.7836
2025-11-13 04:51:52.206236: Pseudo dice [np.float32(0.9511), np.float32(0.873), np.float32(0.0)]
2025-11-13 04:51:52.206334: Epoch time: 234.78 s
2025-11-13 04:51:53.950287: 
2025-11-13 04:51:53.950508: Epoch 850
2025-11-13 04:51:53.950613: Current learning rate: 0.00181
2025-11-13 04:55:51.810155: train_loss -0.7719
2025-11-13 04:55:51.810389: val_loss -0.829
2025-11-13 04:55:51.814556: Pseudo dice [np.float32(0.9524), np.float32(0.8727), np.float32(0.0)]
2025-11-13 04:55:51.814660: Epoch time: 237.86 s
2025-11-13 04:55:52.879737: 
2025-11-13 04:55:52.880005: Epoch 851
2025-11-13 04:55:52.880128: Current learning rate: 0.0018
2025-11-13 04:59:51.175729: train_loss -0.779
2025-11-13 04:59:51.175965: val_loss -0.783
2025-11-13 04:59:51.176070: Pseudo dice [np.float32(0.9507), np.float32(0.8753), np.float32(0.0)]
2025-11-13 04:59:51.176168: Epoch time: 238.3 s
2025-11-13 04:59:52.241369: 
2025-11-13 04:59:52.241629: Epoch 852
2025-11-13 04:59:52.241731: Current learning rate: 0.00179
2025-11-13 05:03:50.739709: train_loss -0.7963
2025-11-13 05:03:50.739950: val_loss -0.7827
2025-11-13 05:03:50.740053: Pseudo dice [np.float32(0.9515), np.float32(0.8694), np.float32(0.0)]
2025-11-13 05:03:50.740150: Epoch time: 238.5 s
2025-11-13 05:03:51.814528: 
2025-11-13 05:03:51.814756: Epoch 853
2025-11-13 05:03:51.814881: Current learning rate: 0.00178
2025-11-13 05:07:50.512977: train_loss -0.7837
2025-11-13 05:07:50.515446: val_loss -0.7815
2025-11-13 05:07:50.515572: Pseudo dice [np.float32(0.9526), np.float32(0.8736), np.float32(0.0)]
2025-11-13 05:07:50.515667: Epoch time: 238.7 s
2025-11-13 05:07:52.328528: 
2025-11-13 05:07:52.328804: Epoch 854
2025-11-13 05:07:52.328928: Current learning rate: 0.00177
2025-11-13 05:11:47.023482: train_loss -0.7742
2025-11-13 05:11:47.023718: val_loss -0.7521
2025-11-13 05:11:47.023823: Pseudo dice [np.float32(0.9505), np.float32(0.8707), np.float32(0.0)]
2025-11-13 05:11:47.023922: Epoch time: 234.7 s
2025-11-13 05:11:48.095105: 
2025-11-13 05:11:48.095384: Epoch 855
2025-11-13 05:11:48.095511: Current learning rate: 0.00176
2025-11-13 05:15:44.418610: train_loss -0.7773
2025-11-13 05:15:44.418846: val_loss -0.7813
2025-11-13 05:15:44.418946: Pseudo dice [np.float32(0.9504), np.float32(0.8705), np.float32(0.0)]
2025-11-13 05:15:44.419042: Epoch time: 236.33 s
2025-11-13 05:15:45.489345: 
2025-11-13 05:15:45.489528: Epoch 856
2025-11-13 05:15:45.489633: Current learning rate: 0.00175
2025-11-13 05:19:42.542624: train_loss -0.7653
2025-11-13 05:19:42.542867: val_loss -0.7824
2025-11-13 05:19:42.542970: Pseudo dice [np.float32(0.953), np.float32(0.8723), np.float32(0.0)]
2025-11-13 05:19:42.543068: Epoch time: 237.06 s
2025-11-13 05:19:43.610338: 
2025-11-13 05:19:43.610593: Epoch 857
2025-11-13 05:19:43.610731: Current learning rate: 0.00174
2025-11-13 05:23:41.775539: train_loss -0.7751
2025-11-13 05:23:41.775771: val_loss -0.802
2025-11-13 05:23:41.775874: Pseudo dice [np.float32(0.9484), np.float32(0.8728), np.float32(0.0)]
2025-11-13 05:23:41.775972: Epoch time: 238.17 s
2025-11-13 05:23:42.852700: 
2025-11-13 05:23:42.852952: Epoch 858
2025-11-13 05:23:42.853091: Current learning rate: 0.00173
2025-11-13 05:27:41.432616: train_loss -0.7736
2025-11-13 05:27:41.432851: val_loss -0.7959
2025-11-13 05:27:41.432955: Pseudo dice [np.float32(0.9479), np.float32(0.8661), np.float32(0.0)]
2025-11-13 05:27:41.433050: Epoch time: 238.58 s
2025-11-13 05:27:42.509656: 
2025-11-13 05:27:42.509845: Epoch 859
2025-11-13 05:27:42.509960: Current learning rate: 0.00172
2025-11-13 05:31:40.170027: train_loss -0.7732
2025-11-13 05:31:40.170270: val_loss -0.786
2025-11-13 05:31:40.170376: Pseudo dice [np.float32(0.9527), np.float32(0.8693), np.float32(0.0)]
2025-11-13 05:31:40.170482: Epoch time: 237.66 s
2025-11-13 05:31:41.249114: 
2025-11-13 05:31:41.249356: Epoch 860
2025-11-13 05:31:41.249498: Current learning rate: 0.0017
2025-11-13 05:35:42.021556: train_loss -0.7811
2025-11-13 05:35:42.021791: val_loss -0.7607
2025-11-13 05:35:42.021894: Pseudo dice [np.float32(0.9502), np.float32(0.873), np.float32(0.0)]
2025-11-13 05:35:42.021993: Epoch time: 240.77 s
2025-11-13 05:35:43.207193: 
2025-11-13 05:35:43.207525: Epoch 861
2025-11-13 05:35:43.207643: Current learning rate: 0.00169
2025-11-13 05:39:41.009494: train_loss -0.7642
2025-11-13 05:39:41.009726: val_loss -0.7818
2025-11-13 05:39:41.009828: Pseudo dice [np.float32(0.9495), np.float32(0.8722), np.float32(0.0)]
2025-11-13 05:39:41.009924: Epoch time: 237.8 s
2025-11-13 05:39:42.084026: 
2025-11-13 05:39:42.084237: Epoch 862
2025-11-13 05:39:42.084341: Current learning rate: 0.00168
2025-11-13 05:43:41.036391: train_loss -0.7832
2025-11-13 05:43:41.036636: val_loss -0.7709
2025-11-13 05:43:41.036739: Pseudo dice [np.float32(0.9479), np.float32(0.8677), np.float32(0.0)]
2025-11-13 05:43:41.036836: Epoch time: 238.95 s
2025-11-13 05:43:42.109617: 
2025-11-13 05:43:42.109842: Epoch 863
2025-11-13 05:43:42.109999: Current learning rate: 0.00167
2025-11-13 05:47:40.069940: train_loss -0.7758
2025-11-13 05:47:40.070279: val_loss -0.7308
2025-11-13 05:47:40.070419: Pseudo dice [np.float32(0.948), np.float32(0.8741), np.float32(0.0)]
2025-11-13 05:47:40.070524: Epoch time: 237.96 s
2025-11-13 05:47:41.146385: 
2025-11-13 05:47:41.146644: Epoch 864
2025-11-13 05:47:41.146778: Current learning rate: 0.00166
2025-11-13 05:51:36.651775: train_loss -0.7843
2025-11-13 05:51:36.652008: val_loss -0.7776
2025-11-13 05:51:36.652112: Pseudo dice [np.float32(0.9495), np.float32(0.8684), np.float32(0.0)]
2025-11-13 05:51:36.652210: Epoch time: 235.51 s
2025-11-13 05:51:37.724029: 
2025-11-13 05:51:37.724277: Epoch 865
2025-11-13 05:51:37.724419: Current learning rate: 0.00165
2025-11-13 05:55:37.595521: train_loss -0.774
2025-11-13 05:55:37.595763: val_loss -0.7789
2025-11-13 05:55:37.595869: Pseudo dice [np.float32(0.9513), np.float32(0.8715), np.float32(0.0)]
2025-11-13 05:55:37.595973: Epoch time: 239.87 s
2025-11-13 05:55:38.671205: 
2025-11-13 05:55:38.671547: Epoch 866
2025-11-13 05:55:38.671769: Current learning rate: 0.00164
2025-11-13 05:59:35.294600: train_loss -0.7845
2025-11-13 05:59:35.294856: val_loss -0.7316
2025-11-13 05:59:35.294964: Pseudo dice [np.float32(0.9512), np.float32(0.8748), np.float32(0.0)]
2025-11-13 05:59:35.295063: Epoch time: 236.63 s
2025-11-13 05:59:36.915665: 
2025-11-13 05:59:36.915911: Epoch 867
2025-11-13 05:59:36.916009: Current learning rate: 0.00163
2025-11-13 06:03:33.865790: train_loss -0.779
2025-11-13 06:03:33.866028: val_loss -0.7897
2025-11-13 06:03:33.866163: Pseudo dice [np.float32(0.9523), np.float32(0.8716), np.float32(0.0)]
2025-11-13 06:03:33.866265: Epoch time: 236.95 s
2025-11-13 06:03:34.931203: 
2025-11-13 06:03:34.931510: Epoch 868
2025-11-13 06:03:34.931648: Current learning rate: 0.00162
2025-11-13 06:07:29.488527: train_loss -0.7829
2025-11-13 06:07:29.488760: val_loss -0.7888
2025-11-13 06:07:29.488863: Pseudo dice [np.float32(0.9516), np.float32(0.877), np.float32(0.0)]
2025-11-13 06:07:29.488960: Epoch time: 234.56 s
2025-11-13 06:07:30.567349: 
2025-11-13 06:07:30.567620: Epoch 869
2025-11-13 06:07:30.567774: Current learning rate: 0.00161
2025-11-13 06:11:31.114694: train_loss -0.7789
2025-11-13 06:11:31.114929: val_loss -0.7815
2025-11-13 06:11:31.115866: Pseudo dice [np.float32(0.9502), np.float32(0.8801), np.float32(0.0)]
2025-11-13 06:11:31.116004: Epoch time: 240.55 s
2025-11-13 06:11:32.299768: 
2025-11-13 06:11:32.300037: Epoch 870
2025-11-13 06:11:32.300158: Current learning rate: 0.00159
2025-11-13 06:15:27.570846: train_loss -0.7835
2025-11-13 06:15:27.571083: val_loss -0.7908
2025-11-13 06:15:27.571189: Pseudo dice [np.float32(0.9496), np.float32(0.8737), np.float32(0.0)]
2025-11-13 06:15:27.571288: Epoch time: 235.27 s
2025-11-13 06:15:28.639035: 
2025-11-13 06:15:28.639269: Epoch 871
2025-11-13 06:15:28.639387: Current learning rate: 0.00158
2025-11-13 06:19:28.125755: train_loss -0.7713
2025-11-13 06:19:28.125984: val_loss -0.8021
2025-11-13 06:19:28.126087: Pseudo dice [np.float32(0.9499), np.float32(0.8749), np.float32(0.0)]
2025-11-13 06:19:28.126186: Epoch time: 239.49 s
2025-11-13 06:19:29.203527: 
2025-11-13 06:19:29.203774: Epoch 872
2025-11-13 06:19:29.203895: Current learning rate: 0.00157
2025-11-13 06:23:28.009638: train_loss -0.7848
2025-11-13 06:23:28.009885: val_loss -0.7902
2025-11-13 06:23:28.009988: Pseudo dice [np.float32(0.954), np.float32(0.8726), np.float32(0.0)]
2025-11-13 06:23:28.010087: Epoch time: 238.81 s
2025-11-13 06:23:29.082646: 
2025-11-13 06:23:29.082899: Epoch 873
2025-11-13 06:23:29.083022: Current learning rate: 0.00156
2025-11-13 06:27:23.688356: train_loss -0.7712
2025-11-13 06:27:23.688602: val_loss -0.7765
2025-11-13 06:27:23.688707: Pseudo dice [np.float32(0.9522), np.float32(0.8772), np.float32(0.0)]
2025-11-13 06:27:23.688805: Epoch time: 234.61 s
2025-11-13 06:27:24.757831: 
2025-11-13 06:27:24.758108: Epoch 874
2025-11-13 06:27:24.758209: Current learning rate: 0.00155
2025-11-13 06:31:23.879902: train_loss -0.7767
2025-11-13 06:31:23.880219: val_loss -0.7773
2025-11-13 06:31:23.880390: Pseudo dice [np.float32(0.9549), np.float32(0.8747), np.float32(0.0)]
2025-11-13 06:31:23.880554: Epoch time: 239.12 s
2025-11-13 06:31:24.988883: 
2025-11-13 06:31:24.989218: Epoch 875
2025-11-13 06:31:24.989393: Current learning rate: 0.00154
2025-11-13 06:35:22.942207: train_loss -0.7802
2025-11-13 06:35:22.942453: val_loss -0.7872
2025-11-13 06:35:22.942556: Pseudo dice [np.float32(0.9501), np.float32(0.8738), np.float32(0.0)]
2025-11-13 06:35:22.942656: Epoch time: 237.96 s
2025-11-13 06:35:24.009147: 
2025-11-13 06:35:24.009416: Epoch 876
2025-11-13 06:35:24.009522: Current learning rate: 0.00153
2025-11-13 06:39:26.289284: train_loss -0.7733
2025-11-13 06:39:26.289571: val_loss -0.7815
2025-11-13 06:39:26.291960: Pseudo dice [np.float32(0.9511), np.float32(0.8751), np.float32(0.0)]
2025-11-13 06:39:26.292076: Epoch time: 242.28 s
2025-11-13 06:39:27.553319: 
2025-11-13 06:39:27.553579: Epoch 877
2025-11-13 06:39:27.553702: Current learning rate: 0.00152
2025-11-13 06:43:25.434639: train_loss -0.7747
2025-11-13 06:43:25.434880: val_loss -0.7879
2025-11-13 06:43:25.434986: Pseudo dice [np.float32(0.9527), np.float32(0.8746), np.float32(0.0)]
2025-11-13 06:43:25.435084: Epoch time: 237.88 s
2025-11-13 06:43:26.501767: 
2025-11-13 06:43:26.502148: Epoch 878
2025-11-13 06:43:26.502386: Current learning rate: 0.00151
2025-11-13 06:47:25.145386: train_loss -0.791
2025-11-13 06:47:25.145687: val_loss -0.7946
2025-11-13 06:47:25.145794: Pseudo dice [np.float32(0.9531), np.float32(0.8792), np.float32(0.0)]
2025-11-13 06:47:25.145894: Epoch time: 238.65 s
2025-11-13 06:47:26.217676: 
2025-11-13 06:47:26.217944: Epoch 879
2025-11-13 06:47:26.218066: Current learning rate: 0.00149
2025-11-13 06:51:26.815879: train_loss -0.7899
2025-11-13 06:51:26.816117: val_loss -0.7821
2025-11-13 06:51:26.816219: Pseudo dice [np.float32(0.9502), np.float32(0.8764), np.float32(0.0)]
2025-11-13 06:51:26.816317: Epoch time: 240.6 s
2025-11-13 06:51:27.890808: 
2025-11-13 06:51:27.891018: Epoch 880
2025-11-13 06:51:27.891119: Current learning rate: 0.00148
2025-11-13 06:55:28.248207: train_loss -0.7824
2025-11-13 06:55:28.248432: val_loss -0.7943
2025-11-13 06:55:28.248537: Pseudo dice [np.float32(0.9492), np.float32(0.8734), np.float32(0.0)]
2025-11-13 06:55:28.248637: Epoch time: 240.36 s
2025-11-13 06:55:30.063915: 
2025-11-13 06:55:30.064170: Epoch 881
2025-11-13 06:55:30.064285: Current learning rate: 0.00147
2025-11-13 06:59:29.136757: train_loss -0.7763
2025-11-13 06:59:29.136997: val_loss -0.7868
2025-11-13 06:59:29.137102: Pseudo dice [np.float32(0.9506), np.float32(0.8752), np.float32(0.0)]
2025-11-13 06:59:29.137202: Epoch time: 239.08 s
2025-11-13 06:59:30.210186: 
2025-11-13 06:59:30.210435: Epoch 882
2025-11-13 06:59:30.210560: Current learning rate: 0.00146
2025-11-13 07:03:27.800555: train_loss -0.7758
2025-11-13 07:03:27.800791: val_loss -0.7842
2025-11-13 07:03:27.800896: Pseudo dice [np.float32(0.9518), np.float32(0.8742), np.float32(0.0)]
2025-11-13 07:03:27.800991: Epoch time: 237.59 s
2025-11-13 07:03:28.876991: 
2025-11-13 07:03:28.877233: Epoch 883
2025-11-13 07:03:28.877415: Current learning rate: 0.00145
2025-11-13 07:07:24.479120: train_loss -0.7874
2025-11-13 07:07:24.479354: val_loss -0.7763
2025-11-13 07:07:24.479471: Pseudo dice [np.float32(0.9533), np.float32(0.8739), np.float32(0.0)]
2025-11-13 07:07:24.479571: Epoch time: 235.6 s
2025-11-13 07:07:25.565173: 
2025-11-13 07:07:25.565387: Epoch 884
2025-11-13 07:07:25.565511: Current learning rate: 0.00144
2025-11-13 07:11:23.991409: train_loss -0.7863
2025-11-13 07:11:23.991639: val_loss -0.7662
2025-11-13 07:11:23.991741: Pseudo dice [np.float32(0.9517), np.float32(0.8744), np.float32(0.0)]
2025-11-13 07:11:23.991837: Epoch time: 238.43 s
2025-11-13 07:11:25.620050: 
2025-11-13 07:11:25.620334: Epoch 885
2025-11-13 07:11:25.620444: Current learning rate: 0.00143
2025-11-13 07:15:22.481307: train_loss -0.7851
2025-11-13 07:15:22.481575: val_loss -0.7672
2025-11-13 07:15:22.481679: Pseudo dice [np.float32(0.9528), np.float32(0.8771), np.float32(0.0)]
2025-11-13 07:15:22.481777: Epoch time: 236.86 s
2025-11-13 07:15:24.534209: 
2025-11-13 07:15:24.534462: Epoch 886
2025-11-13 07:15:24.534587: Current learning rate: 0.00142
2025-11-13 07:19:25.529959: train_loss -0.7703
2025-11-13 07:19:25.530205: val_loss -0.7907
2025-11-13 07:19:25.530304: Pseudo dice [np.float32(0.9491), np.float32(0.8721), np.float32(0.0)]
2025-11-13 07:19:25.530409: Epoch time: 241.0 s
2025-11-13 07:19:27.495998: 
2025-11-13 07:19:27.496269: Epoch 887
2025-11-13 07:19:27.496388: Current learning rate: 0.00141
2025-11-13 07:23:25.324709: train_loss -0.7707
2025-11-13 07:23:25.324953: val_loss -0.7949
2025-11-13 07:23:25.325058: Pseudo dice [np.float32(0.9531), np.float32(0.8759), np.float32(0.0)]
2025-11-13 07:23:25.325158: Epoch time: 237.83 s
2025-11-13 07:23:26.401643: 
2025-11-13 07:23:26.401870: Epoch 888
2025-11-13 07:23:26.402046: Current learning rate: 0.00139
2025-11-13 07:27:29.687104: train_loss -0.7859
2025-11-13 07:27:29.687339: val_loss -0.8134
2025-11-13 07:27:29.687452: Pseudo dice [np.float32(0.9519), np.float32(0.8752), np.float32(0.0)]
2025-11-13 07:27:29.687604: Epoch time: 243.29 s
2025-11-13 07:27:30.756928: 
2025-11-13 07:27:30.757189: Epoch 889
2025-11-13 07:27:30.757369: Current learning rate: 0.00138
2025-11-13 07:31:32.709906: train_loss -0.7933
2025-11-13 07:31:32.710146: val_loss -0.7787
2025-11-13 07:31:32.710250: Pseudo dice [np.float32(0.9542), np.float32(0.8773), np.float32(0.0)]
2025-11-13 07:31:32.710348: Epoch time: 241.96 s
2025-11-13 07:31:33.773845: 
2025-11-13 07:31:33.774072: Epoch 890
2025-11-13 07:31:33.774182: Current learning rate: 0.00137
2025-11-13 07:35:31.205145: train_loss -0.7674
2025-11-13 07:35:31.205378: val_loss -0.7791
2025-11-13 07:35:31.205489: Pseudo dice [np.float32(0.9518), np.float32(0.8773), np.float32(0.0)]
2025-11-13 07:35:31.205587: Epoch time: 237.43 s
2025-11-13 07:35:32.288185: 
2025-11-13 07:35:32.288410: Epoch 891
2025-11-13 07:35:32.288542: Current learning rate: 0.00136
2025-11-13 07:39:32.740618: train_loss -0.7839
2025-11-13 07:39:32.740942: val_loss -0.8096
2025-11-13 07:39:32.741052: Pseudo dice [np.float32(0.9499), np.float32(0.8705), np.float32(0.0)]
2025-11-13 07:39:32.741151: Epoch time: 240.45 s
2025-11-13 07:39:34.854496: 
2025-11-13 07:39:34.854783: Epoch 892
2025-11-13 07:39:34.854909: Current learning rate: 0.00135
2025-11-13 07:43:33.131857: train_loss -0.786
2025-11-13 07:43:33.132136: val_loss -0.8145
2025-11-13 07:43:33.132244: Pseudo dice [np.float32(0.9513), np.float32(0.8742), np.float32(0.0)]
2025-11-13 07:43:33.132343: Epoch time: 238.28 s
2025-11-13 07:43:34.223332: 
2025-11-13 07:43:34.223609: Epoch 893
2025-11-13 07:43:34.223782: Current learning rate: 0.00134
2025-11-13 07:47:29.200503: train_loss -0.7865
2025-11-13 07:47:29.200799: val_loss -0.8247
2025-11-13 07:47:29.200911: Pseudo dice [np.float32(0.9548), np.float32(0.8747), np.float32(0.0)]
2025-11-13 07:47:29.201012: Epoch time: 234.98 s
2025-11-13 07:47:30.271180: 
2025-11-13 07:47:30.271436: Epoch 894
2025-11-13 07:47:30.271562: Current learning rate: 0.00133
2025-11-13 07:51:31.305318: train_loss -0.7824
2025-11-13 07:51:31.305582: val_loss -0.793
2025-11-13 07:51:31.305683: Pseudo dice [np.float32(0.9514), np.float32(0.8778), np.float32(0.0)]
2025-11-13 07:51:31.314489: Epoch time: 241.04 s
2025-11-13 07:51:33.460887: 
2025-11-13 07:51:33.461116: Epoch 895
2025-11-13 07:51:33.461237: Current learning rate: 0.00132
2025-11-13 07:55:30.382819: train_loss -0.7801
2025-11-13 07:55:30.383061: val_loss -0.7599
2025-11-13 07:55:30.383164: Pseudo dice [np.float32(0.9527), np.float32(0.8717), np.float32(0.0)]
2025-11-13 07:55:30.383263: Epoch time: 236.93 s
2025-11-13 07:55:31.452034: 
2025-11-13 07:55:31.452348: Epoch 896
2025-11-13 07:55:31.452472: Current learning rate: 0.0013
2025-11-13 07:59:27.632031: train_loss -0.786
2025-11-13 07:59:27.632264: val_loss -0.8051
2025-11-13 07:59:27.632367: Pseudo dice [np.float32(0.9481), np.float32(0.8698), np.float32(0.0)]
2025-11-13 07:59:27.632510: Epoch time: 236.18 s
2025-11-13 07:59:28.723158: 
2025-11-13 07:59:28.723361: Epoch 897
2025-11-13 07:59:28.723485: Current learning rate: 0.00129
2025-11-13 08:03:28.068207: train_loss -0.7861
2025-11-13 08:03:28.068459: val_loss -0.7744
2025-11-13 08:03:28.068564: Pseudo dice [np.float32(0.9514), np.float32(0.878), np.float32(0.0)]
2025-11-13 08:03:28.068665: Epoch time: 239.35 s
2025-11-13 08:03:29.138365: 
2025-11-13 08:03:29.138623: Epoch 898
2025-11-13 08:03:29.138736: Current learning rate: 0.00128
2025-11-13 08:07:28.870507: train_loss -0.7636
2025-11-13 08:07:28.870751: val_loss -0.794
2025-11-13 08:07:28.870854: Pseudo dice [np.float32(0.9509), np.float32(0.8757), np.float32(0.0)]
2025-11-13 08:07:28.870955: Epoch time: 239.73 s
2025-11-13 08:07:29.937051: 
2025-11-13 08:07:29.937276: Epoch 899
2025-11-13 08:07:29.937418: Current learning rate: 0.00127
2025-11-13 08:11:27.165888: train_loss -0.7872
2025-11-13 08:11:27.166174: val_loss -0.8139
2025-11-13 08:11:27.166288: Pseudo dice [np.float32(0.9521), np.float32(0.878), np.float32(0.0)]
2025-11-13 08:11:27.166442: Epoch time: 237.23 s
2025-11-13 08:11:28.883127: 
2025-11-13 08:11:28.883341: Epoch 900
2025-11-13 08:11:28.883459: Current learning rate: 0.00126
2025-11-13 08:15:24.265877: train_loss -0.7844
2025-11-13 08:15:24.266114: val_loss -0.7744
2025-11-13 08:15:24.266219: Pseudo dice [np.float32(0.9476), np.float32(0.8741), np.float32(0.0)]
2025-11-13 08:15:24.266317: Epoch time: 235.39 s
2025-11-13 08:15:25.341573: 
2025-11-13 08:15:25.341817: Epoch 901
2025-11-13 08:15:25.341954: Current learning rate: 0.00125
2025-11-13 08:19:22.374085: train_loss -0.7941
2025-11-13 08:19:22.374328: val_loss -0.752
2025-11-13 08:19:22.374443: Pseudo dice [np.float32(0.953), np.float32(0.8761), np.float32(0.0)]
2025-11-13 08:19:22.374544: Epoch time: 237.04 s
2025-11-13 08:19:23.449677: 
2025-11-13 08:19:23.449905: Epoch 902
2025-11-13 08:19:23.450047: Current learning rate: 0.00124
2025-11-13 08:23:22.990880: train_loss -0.7636
2025-11-13 08:23:22.991121: val_loss -0.7953
2025-11-13 08:23:22.991224: Pseudo dice [np.float32(0.9531), np.float32(0.8776), np.float32(0.0)]
2025-11-13 08:23:22.991323: Epoch time: 239.54 s
2025-11-13 08:23:24.689515: 
2025-11-13 08:23:24.689811: Epoch 903
2025-11-13 08:23:24.689925: Current learning rate: 0.00122
2025-11-13 08:27:20.593531: train_loss -0.7549
2025-11-13 08:27:20.593808: val_loss -0.7954
2025-11-13 08:27:20.593912: Pseudo dice [np.float32(0.948), np.float32(0.8681), np.float32(0.0)]
2025-11-13 08:27:20.594014: Epoch time: 235.91 s
2025-11-13 08:27:21.663422: 
2025-11-13 08:27:21.663705: Epoch 904
2025-11-13 08:27:21.663868: Current learning rate: 0.00121
2025-11-13 08:31:20.617194: train_loss -0.7704
2025-11-13 08:31:20.617441: val_loss -0.7975
2025-11-13 08:31:20.617548: Pseudo dice [np.float32(0.9519), np.float32(0.8732), np.float32(0.0)]
2025-11-13 08:31:20.617648: Epoch time: 238.96 s
2025-11-13 08:31:21.772508: 
2025-11-13 08:31:21.772774: Epoch 905
2025-11-13 08:31:21.772887: Current learning rate: 0.0012
2025-11-13 08:35:24.345605: train_loss -0.7857
2025-11-13 08:35:24.345863: val_loss -0.7677
2025-11-13 08:35:24.345967: Pseudo dice [np.float32(0.9537), np.float32(0.8767), np.float32(0.0)]
2025-11-13 08:35:24.346066: Epoch time: 242.58 s
2025-11-13 08:35:25.507547: 
2025-11-13 08:35:25.507857: Epoch 906
2025-11-13 08:35:25.507977: Current learning rate: 0.00119
2025-11-13 08:39:22.504192: train_loss -0.7776
2025-11-13 08:39:22.504487: val_loss -0.7819
2025-11-13 08:39:22.504596: Pseudo dice [np.float32(0.9517), np.float32(0.8746), np.float32(0.0)]
2025-11-13 08:39:22.504693: Epoch time: 237.0 s
2025-11-13 08:39:23.570850: 
2025-11-13 08:39:23.571121: Epoch 907
2025-11-13 08:39:23.571246: Current learning rate: 0.00118
2025-11-13 08:43:19.061321: train_loss -0.7941
2025-11-13 08:43:19.061591: val_loss -0.7844
2025-11-13 08:43:19.061700: Pseudo dice [np.float32(0.9541), np.float32(0.8765), np.float32(0.0)]
2025-11-13 08:43:19.061800: Epoch time: 235.49 s
2025-11-13 08:43:20.150991: 
2025-11-13 08:43:20.151197: Epoch 908
2025-11-13 08:43:20.151312: Current learning rate: 0.00117
2025-11-13 08:47:16.548446: train_loss -0.7749
2025-11-13 08:47:16.548687: val_loss -0.7622
2025-11-13 08:47:16.548790: Pseudo dice [np.float32(0.9524), np.float32(0.8794), np.float32(0.0)]
2025-11-13 08:47:16.548888: Epoch time: 236.4 s
2025-11-13 08:47:17.626887: 
2025-11-13 08:47:17.627146: Epoch 909
2025-11-13 08:47:17.627249: Current learning rate: 0.00116
2025-11-13 08:51:16.169443: train_loss -0.7787
2025-11-13 08:51:16.169687: val_loss -0.8123
2025-11-13 08:51:16.169791: Pseudo dice [np.float32(0.9548), np.float32(0.8781), np.float32(0.0)]
2025-11-13 08:51:16.169889: Epoch time: 238.55 s
2025-11-13 08:51:17.240763: 
2025-11-13 08:51:17.241031: Epoch 910
2025-11-13 08:51:17.241208: Current learning rate: 0.00115
2025-11-13 08:55:15.294263: train_loss -0.7843
2025-11-13 08:55:15.294511: val_loss -0.8038
2025-11-13 08:55:15.294616: Pseudo dice [np.float32(0.9537), np.float32(0.8758), np.float32(0.0)]
2025-11-13 08:55:15.294713: Epoch time: 238.06 s
2025-11-13 08:55:16.367328: 
2025-11-13 08:55:16.367532: Epoch 911
2025-11-13 08:55:16.367636: Current learning rate: 0.00113
2025-11-13 08:59:12.236001: train_loss -0.7897
2025-11-13 08:59:12.236237: val_loss -0.7713
2025-11-13 08:59:12.236405: Pseudo dice [np.float32(0.9528), np.float32(0.8793), np.float32(0.0)]
2025-11-13 08:59:12.236512: Epoch time: 235.87 s
2025-11-13 08:59:13.311319: 
2025-11-13 08:59:13.311580: Epoch 912
2025-11-13 08:59:13.311699: Current learning rate: 0.00112
2025-11-13 09:03:15.345003: train_loss -0.7911
2025-11-13 09:03:15.345235: val_loss -0.8246
2025-11-13 09:03:15.345451: Pseudo dice [np.float32(0.9528), np.float32(0.8782), np.float32(0.0)]
2025-11-13 09:03:15.345559: Epoch time: 242.04 s
2025-11-13 09:03:17.033816: 
2025-11-13 09:03:17.034064: Epoch 913
2025-11-13 09:03:17.034181: Current learning rate: 0.00111
2025-11-13 09:07:16.263252: train_loss -0.7837
2025-11-13 09:07:16.263518: val_loss -0.8003
2025-11-13 09:07:16.263623: Pseudo dice [np.float32(0.951), np.float32(0.8761), np.float32(0.0)]
2025-11-13 09:07:16.263722: Epoch time: 239.23 s
2025-11-13 09:07:17.457050: 
2025-11-13 09:07:17.457233: Epoch 914
2025-11-13 09:07:17.457349: Current learning rate: 0.0011
2025-11-13 09:11:15.830484: train_loss -0.7833
2025-11-13 09:11:15.830719: val_loss -0.7551
2025-11-13 09:11:15.830876: Pseudo dice [np.float32(0.9509), np.float32(0.8782), np.float32(0.0)]
2025-11-13 09:11:15.830980: Epoch time: 238.38 s
2025-11-13 09:11:16.889559: 
2025-11-13 09:11:16.889819: Epoch 915
2025-11-13 09:11:16.889973: Current learning rate: 0.00109
2025-11-13 09:15:16.138968: train_loss -0.7801
2025-11-13 09:15:16.139299: val_loss -0.7849
2025-11-13 09:15:16.139421: Pseudo dice [np.float32(0.9526), np.float32(0.8751), np.float32(0.0)]
2025-11-13 09:15:16.139523: Epoch time: 239.25 s
2025-11-13 09:15:17.229809: 
2025-11-13 09:15:17.230116: Epoch 916
2025-11-13 09:15:17.230329: Current learning rate: 0.00108
2025-11-13 09:19:16.257173: train_loss -0.7812
2025-11-13 09:19:16.257420: val_loss -0.8139
2025-11-13 09:19:16.257524: Pseudo dice [np.float32(0.952), np.float32(0.8752), np.float32(0.0)]
2025-11-13 09:19:16.257622: Epoch time: 239.03 s
2025-11-13 09:19:17.333089: 
2025-11-13 09:19:17.333289: Epoch 917
2025-11-13 09:19:17.333419: Current learning rate: 0.00106
2025-11-13 09:23:11.157512: train_loss -0.7808
2025-11-13 09:23:11.157750: val_loss -0.7942
2025-11-13 09:23:11.157853: Pseudo dice [np.float32(0.9492), np.float32(0.8737), np.float32(0.0)]
2025-11-13 09:23:11.157953: Epoch time: 233.83 s
2025-11-13 09:23:12.250062: 
2025-11-13 09:23:12.250308: Epoch 918
2025-11-13 09:23:12.250458: Current learning rate: 0.00105
2025-11-13 09:27:10.831164: train_loss -0.7535
2025-11-13 09:27:10.831411: val_loss -0.7691
2025-11-13 09:27:10.831521: Pseudo dice [np.float32(0.9502), np.float32(0.8806), np.float32(0.0)]
2025-11-13 09:27:10.831620: Epoch time: 238.58 s
2025-11-13 09:27:11.896277: 
2025-11-13 09:27:11.896504: Epoch 919
2025-11-13 09:27:11.896623: Current learning rate: 0.00104
2025-11-13 09:31:10.995235: train_loss -0.7856
2025-11-13 09:31:10.995481: val_loss -0.7563
2025-11-13 09:31:10.995589: Pseudo dice [np.float32(0.95), np.float32(0.878), np.float32(0.0)]
2025-11-13 09:31:10.995686: Epoch time: 239.1 s
2025-11-13 09:31:12.069148: 
2025-11-13 09:31:12.069521: Epoch 920
2025-11-13 09:31:12.069795: Current learning rate: 0.00103
2025-11-13 09:35:12.614907: train_loss -0.7713
2025-11-13 09:35:12.615180: val_loss -0.7848
2025-11-13 09:35:12.615287: Pseudo dice [np.float32(0.9522), np.float32(0.8801), np.float32(0.0)]
2025-11-13 09:35:12.615386: Epoch time: 240.55 s
2025-11-13 09:35:14.243248: 
2025-11-13 09:35:14.243547: Epoch 921
2025-11-13 09:35:14.243670: Current learning rate: 0.00102
2025-11-13 09:39:17.552852: train_loss -0.79
2025-11-13 09:39:17.553174: val_loss -0.7712
2025-11-13 09:39:17.553285: Pseudo dice [np.float32(0.9526), np.float32(0.8747), np.float32(0.0)]
2025-11-13 09:39:17.553385: Epoch time: 243.31 s
2025-11-13 09:39:19.442124: 
2025-11-13 09:39:19.442341: Epoch 922
2025-11-13 09:39:19.442465: Current learning rate: 0.00101
2025-11-13 09:43:27.594935: train_loss -0.7778
2025-11-13 09:43:27.595745: val_loss -0.8067
2025-11-13 09:43:27.595856: Pseudo dice [np.float32(0.9515), np.float32(0.8783), np.float32(0.0)]
2025-11-13 09:43:27.595954: Epoch time: 248.16 s
2025-11-13 09:43:28.670435: 
2025-11-13 09:43:28.670664: Epoch 923
2025-11-13 09:43:28.670794: Current learning rate: 0.001
2025-11-13 09:47:28.483808: train_loss -0.789
2025-11-13 09:47:28.484054: val_loss -0.8035
2025-11-13 09:47:28.484156: Pseudo dice [np.float32(0.9522), np.float32(0.8778), np.float32(0.0)]
2025-11-13 09:47:28.484254: Epoch time: 239.82 s
2025-11-13 09:47:29.627105: 
2025-11-13 09:47:29.627379: Epoch 924
2025-11-13 09:47:29.627503: Current learning rate: 0.00098
2025-11-13 09:51:29.332588: train_loss -0.7859
2025-11-13 09:51:29.332887: val_loss -0.7827
2025-11-13 09:51:29.333002: Pseudo dice [np.float32(0.955), np.float32(0.8783), np.float32(0.0)]
2025-11-13 09:51:29.333102: Epoch time: 239.71 s
2025-11-13 09:51:30.405101: 
2025-11-13 09:51:30.405374: Epoch 925
2025-11-13 09:51:30.405547: Current learning rate: 0.00097
2025-11-13 09:55:27.466852: train_loss -0.7813
2025-11-13 09:55:27.467645: val_loss -0.7763
2025-11-13 09:55:27.467755: Pseudo dice [np.float32(0.9488), np.float32(0.8792), np.float32(0.0)]
2025-11-13 09:55:27.467853: Epoch time: 237.06 s
2025-11-13 09:55:28.539333: 
2025-11-13 09:55:28.539608: Epoch 926
2025-11-13 09:55:28.539736: Current learning rate: 0.00096
2025-11-13 09:59:34.988606: train_loss -0.7672
2025-11-13 09:59:34.988845: val_loss -0.7821
2025-11-13 09:59:34.988945: Pseudo dice [np.float32(0.9558), np.float32(0.8755), np.float32(0.0)]
2025-11-13 09:59:34.989043: Epoch time: 246.45 s
2025-11-13 09:59:36.510021: 
2025-11-13 09:59:36.510278: Epoch 927
2025-11-13 09:59:36.510393: Current learning rate: 0.00095
2025-11-13 10:03:32.206469: train_loss -0.7818
2025-11-13 10:03:32.206707: val_loss -0.8026
2025-11-13 10:03:32.206809: Pseudo dice [np.float32(0.9537), np.float32(0.8771), np.float32(0.0)]
2025-11-13 10:03:32.206968: Epoch time: 235.7 s
2025-11-13 10:03:33.285394: 
2025-11-13 10:03:33.285687: Epoch 928
2025-11-13 10:03:33.285815: Current learning rate: 0.00094
2025-11-13 10:07:38.188860: train_loss -0.7833
2025-11-13 10:07:38.189112: val_loss -0.7996
2025-11-13 10:07:38.189214: Pseudo dice [np.float32(0.9546), np.float32(0.8784), np.float32(0.0)]
2025-11-13 10:07:38.189313: Epoch time: 244.91 s
2025-11-13 10:07:39.435893: 
2025-11-13 10:07:39.436162: Epoch 929
2025-11-13 10:07:39.436278: Current learning rate: 0.00092
2025-11-13 10:11:39.445009: train_loss -0.7821
2025-11-13 10:11:39.445240: val_loss -0.7824
2025-11-13 10:11:39.445343: Pseudo dice [np.float32(0.9519), np.float32(0.8783), np.float32(0.0)]
2025-11-13 10:11:39.445450: Epoch time: 240.01 s
2025-11-13 10:11:40.514237: 
2025-11-13 10:11:40.514500: Epoch 930
2025-11-13 10:11:40.514643: Current learning rate: 0.00091
2025-11-13 10:15:44.613624: train_loss -0.7948
2025-11-13 10:15:44.613834: val_loss -0.7826
2025-11-13 10:15:44.613935: Pseudo dice [np.float32(0.952), np.float32(0.8802), np.float32(0.0)]
2025-11-13 10:15:44.614032: Epoch time: 244.1 s
2025-11-13 10:15:46.671183: 
2025-11-13 10:15:46.671380: Epoch 931
2025-11-13 10:15:46.671502: Current learning rate: 0.0009
2025-11-13 10:19:50.744882: train_loss -0.7735
2025-11-13 10:19:50.745136: val_loss -0.7856
2025-11-13 10:19:50.745238: Pseudo dice [np.float32(0.955), np.float32(0.8784), np.float32(0.0)]
2025-11-13 10:19:50.745334: Epoch time: 244.08 s
2025-11-13 10:19:52.652179: 
2025-11-13 10:19:52.652431: Epoch 932
2025-11-13 10:19:52.652549: Current learning rate: 0.00089
2025-11-13 10:23:52.277543: train_loss -0.7824
2025-11-13 10:23:52.277799: val_loss -0.7557
2025-11-13 10:23:52.277902: Pseudo dice [np.float32(0.954), np.float32(0.8793), np.float32(0.0)]
2025-11-13 10:23:52.278000: Epoch time: 239.63 s
2025-11-13 10:23:53.742830: 
2025-11-13 10:23:53.743094: Epoch 933
2025-11-13 10:23:53.743216: Current learning rate: 0.00088
2025-11-13 10:27:48.690143: train_loss -0.7851
2025-11-13 10:27:48.690373: val_loss -0.7959
2025-11-13 10:27:48.690487: Pseudo dice [np.float32(0.951), np.float32(0.8776), np.float32(0.0)]
2025-11-13 10:27:48.690588: Epoch time: 234.95 s
2025-11-13 10:27:49.774831: 
2025-11-13 10:27:49.775083: Epoch 934
2025-11-13 10:27:49.775242: Current learning rate: 0.00087
2025-11-13 10:31:46.867555: train_loss -0.7761
2025-11-13 10:31:46.867794: val_loss -0.7752
2025-11-13 10:31:46.867898: Pseudo dice [np.float32(0.9542), np.float32(0.8781), np.float32(0.0)]
2025-11-13 10:31:46.867997: Epoch time: 237.1 s
2025-11-13 10:31:47.943634: 
2025-11-13 10:31:47.943836: Epoch 935
2025-11-13 10:31:47.943954: Current learning rate: 0.00085
2025-11-13 10:35:44.292936: train_loss -0.7902
2025-11-13 10:35:44.293175: val_loss -0.7812
2025-11-13 10:35:44.293279: Pseudo dice [np.float32(0.9536), np.float32(0.883), np.float32(0.0)]
2025-11-13 10:35:44.293376: Epoch time: 236.35 s
2025-11-13 10:35:45.363647: 
2025-11-13 10:35:45.363884: Epoch 936
2025-11-13 10:35:45.364069: Current learning rate: 0.00084
2025-11-13 10:39:47.139013: train_loss -0.7822
2025-11-13 10:39:47.139279: val_loss -0.7938
2025-11-13 10:39:47.139384: Pseudo dice [np.float32(0.9539), np.float32(0.8783), np.float32(0.0)]
2025-11-13 10:39:47.139489: Epoch time: 241.78 s
2025-11-13 10:39:48.216102: 
2025-11-13 10:39:48.216377: Epoch 937
2025-11-13 10:39:48.216508: Current learning rate: 0.00083
2025-11-13 10:43:41.654177: train_loss -0.7837
2025-11-13 10:43:41.654434: val_loss -0.7825
2025-11-13 10:43:41.654540: Pseudo dice [np.float32(0.9536), np.float32(0.8804), np.float32(0.0)]
2025-11-13 10:43:41.654637: Epoch time: 233.44 s
2025-11-13 10:43:42.728024: 
2025-11-13 10:43:42.728220: Epoch 938
2025-11-13 10:43:42.728339: Current learning rate: 0.00082
2025-11-13 10:47:39.004031: train_loss -0.7638
2025-11-13 10:47:39.004262: val_loss -0.7859
2025-11-13 10:47:39.004363: Pseudo dice [np.float32(0.9529), np.float32(0.8789), np.float32(0.0)]
2025-11-13 10:47:39.008525: Epoch time: 236.28 s
2025-11-13 10:47:40.081595: 
2025-11-13 10:47:40.081835: Epoch 939
2025-11-13 10:47:40.081985: Current learning rate: 0.00081
2025-11-13 10:51:37.209822: train_loss -0.7863
2025-11-13 10:51:37.210056: val_loss -0.8128
2025-11-13 10:51:37.210158: Pseudo dice [np.float32(0.9533), np.float32(0.8817), np.float32(0.0)]
2025-11-13 10:51:37.210256: Epoch time: 237.13 s
2025-11-13 10:51:38.852187: 
2025-11-13 10:51:38.852448: Epoch 940
2025-11-13 10:51:38.852576: Current learning rate: 0.00079
2025-11-13 10:55:35.673072: train_loss -0.7719
2025-11-13 10:55:35.673309: val_loss -0.7925
2025-11-13 10:55:35.673424: Pseudo dice [np.float32(0.954), np.float32(0.8778), np.float32(0.0)]
2025-11-13 10:55:35.673527: Epoch time: 236.82 s
2025-11-13 10:55:36.738629: 
2025-11-13 10:55:36.738898: Epoch 941
2025-11-13 10:55:36.739020: Current learning rate: 0.00078
2025-11-13 10:59:32.027078: train_loss -0.791
2025-11-13 10:59:32.027323: val_loss -0.7738
2025-11-13 10:59:32.027433: Pseudo dice [np.float32(0.9525), np.float32(0.88), np.float32(0.0)]
2025-11-13 10:59:32.027534: Epoch time: 235.29 s
2025-11-13 10:59:33.105258: 
2025-11-13 10:59:33.105540: Epoch 942
2025-11-13 10:59:33.105706: Current learning rate: 0.00077
2025-11-13 11:03:29.699907: train_loss -0.7852
2025-11-13 11:03:29.700147: val_loss -0.7963
2025-11-13 11:03:29.700249: Pseudo dice [np.float32(0.9545), np.float32(0.8797), np.float32(0.0)]
2025-11-13 11:03:29.700346: Epoch time: 236.6 s
2025-11-13 11:03:30.768059: 
2025-11-13 11:03:30.768296: Epoch 943
2025-11-13 11:03:30.768431: Current learning rate: 0.00076
2025-11-13 11:07:22.871995: train_loss -0.7874
2025-11-13 11:07:22.872234: val_loss -0.7814
2025-11-13 11:07:22.872361: Pseudo dice [np.float32(0.953), np.float32(0.8814), np.float32(0.0)]
2025-11-13 11:07:22.872473: Epoch time: 232.11 s
2025-11-13 11:07:23.939086: 
2025-11-13 11:07:23.939334: Epoch 944
2025-11-13 11:07:23.939445: Current learning rate: 0.00075
2025-11-13 11:11:17.763319: train_loss -0.7954
2025-11-13 11:11:17.763567: val_loss -0.8374
2025-11-13 11:11:17.763668: Pseudo dice [np.float32(0.9533), np.float32(0.8786), np.float32(0.0)]
2025-11-13 11:11:17.763767: Epoch time: 233.83 s
2025-11-13 11:11:18.835071: 
2025-11-13 11:11:18.835304: Epoch 945
2025-11-13 11:11:18.835431: Current learning rate: 0.00074
2025-11-13 11:15:16.586561: train_loss -0.8024
2025-11-13 11:15:16.587641: val_loss -0.7935
2025-11-13 11:15:16.587750: Pseudo dice [np.float32(0.9543), np.float32(0.8816), np.float32(0.0)]
2025-11-13 11:15:16.587850: Epoch time: 237.75 s
2025-11-13 11:15:17.663597: 
2025-11-13 11:15:17.663879: Epoch 946
2025-11-13 11:15:17.663991: Current learning rate: 0.00072
2025-11-13 11:19:13.551609: train_loss -0.7916
2025-11-13 11:19:13.551841: val_loss -0.8356
2025-11-13 11:19:13.551942: Pseudo dice [np.float32(0.9544), np.float32(0.8794), np.float32(0.0)]
2025-11-13 11:19:13.552082: Epoch time: 235.89 s
2025-11-13 11:19:14.625872: 
2025-11-13 11:19:14.626150: Epoch 947
2025-11-13 11:19:14.626301: Current learning rate: 0.00071
2025-11-13 11:23:10.737084: train_loss -0.811
2025-11-13 11:23:10.737435: val_loss -0.8261
2025-11-13 11:23:10.737548: Pseudo dice [np.float32(0.9505), np.float32(0.8777), np.float32(0.0)]
2025-11-13 11:23:10.737661: Epoch time: 236.11 s
2025-11-13 11:23:11.907797: 
2025-11-13 11:23:11.908037: Epoch 948
2025-11-13 11:23:11.908142: Current learning rate: 0.0007
2025-11-13 11:27:13.201529: train_loss -0.8035
2025-11-13 11:27:13.201842: val_loss -0.8181
2025-11-13 11:27:13.201950: Pseudo dice [np.float32(0.9515), np.float32(0.8822), np.float32(0.0)]
2025-11-13 11:27:13.202050: Epoch time: 241.3 s
2025-11-13 11:27:14.763101: 
2025-11-13 11:27:14.763295: Epoch 949
2025-11-13 11:27:14.763415: Current learning rate: 0.00069
2025-11-13 11:31:13.603272: train_loss -0.8002
2025-11-13 11:31:13.603514: val_loss -0.7904
2025-11-13 11:31:13.603620: Pseudo dice [np.float32(0.9529), np.float32(0.8768), np.float32(0.0)]
2025-11-13 11:31:13.603766: Epoch time: 238.84 s
2025-11-13 11:31:15.366778: 
2025-11-13 11:31:15.366986: Epoch 950
2025-11-13 11:31:15.367102: Current learning rate: 0.00067
2025-11-13 11:35:10.736876: train_loss -0.7866
2025-11-13 11:35:10.737114: val_loss -0.8027
2025-11-13 11:35:10.737219: Pseudo dice [np.float32(0.9517), np.float32(0.8791), np.float32(0.0)]
2025-11-13 11:35:10.737316: Epoch time: 235.37 s
2025-11-13 11:35:11.803720: 
2025-11-13 11:35:11.803965: Epoch 951
2025-11-13 11:35:11.804071: Current learning rate: 0.00066
2025-11-13 11:39:11.988848: train_loss -0.8013
2025-11-13 11:39:11.989086: val_loss -0.7664
2025-11-13 11:39:11.989186: Pseudo dice [np.float32(0.9512), np.float32(0.8829), np.float32(0.0)]
2025-11-13 11:39:11.989282: Epoch time: 240.19 s
2025-11-13 11:39:13.067536: 
2025-11-13 11:39:13.067766: Epoch 952
2025-11-13 11:39:13.067883: Current learning rate: 0.00065
2025-11-13 11:43:10.678390: train_loss -0.806
2025-11-13 11:43:10.678637: val_loss -0.8141
2025-11-13 11:43:10.678741: Pseudo dice [np.float32(0.9525), np.float32(0.8808), np.float32(0.0)]
2025-11-13 11:43:10.678839: Epoch time: 237.61 s
2025-11-13 11:43:11.746992: 
2025-11-13 11:43:11.747201: Epoch 953
2025-11-13 11:43:11.747304: Current learning rate: 0.00064
2025-11-13 11:47:08.711478: train_loss -0.7997
2025-11-13 11:47:08.711717: val_loss -0.8086
2025-11-13 11:47:08.711817: Pseudo dice [np.float32(0.9515), np.float32(0.882), np.float32(0.0)]
2025-11-13 11:47:08.711914: Epoch time: 236.97 s
2025-11-13 11:47:09.791601: 
2025-11-13 11:47:09.791837: Epoch 954
2025-11-13 11:47:09.792004: Current learning rate: 0.00063
2025-11-13 11:51:08.989595: train_loss -0.8121
2025-11-13 11:51:08.989862: val_loss -0.8292
2025-11-13 11:51:08.989975: Pseudo dice [np.float32(0.9501), np.float32(0.8799), np.float32(0.0)]
2025-11-13 11:51:08.990074: Epoch time: 239.2 s
2025-11-13 11:51:10.036506: 
2025-11-13 11:51:10.036736: Epoch 955
2025-11-13 11:51:10.036848: Current learning rate: 0.00061
2025-11-13 11:55:06.835696: train_loss -0.7974
2025-11-13 11:55:06.835968: val_loss -0.7932
2025-11-13 11:55:06.836099: Pseudo dice [np.float32(0.9549), np.float32(0.8808), np.float32(0.0)]
2025-11-13 11:55:06.836207: Epoch time: 236.8 s
2025-11-13 11:55:07.938317: 
2025-11-13 11:55:07.938547: Epoch 956
2025-11-13 11:55:07.938713: Current learning rate: 0.0006
2025-11-13 11:59:09.496265: train_loss -0.8026
2025-11-13 11:59:09.496511: val_loss -0.8153
2025-11-13 11:59:09.496615: Pseudo dice [np.float32(0.9517), np.float32(0.8814), np.float32(0.0)]
2025-11-13 11:59:09.496716: Epoch time: 241.56 s
2025-11-13 11:59:10.576622: 
2025-11-13 11:59:10.576870: Epoch 957
2025-11-13 11:59:10.576969: Current learning rate: 0.00059
2025-11-13 12:03:11.951615: train_loss -0.7969
2025-11-13 12:03:11.951853: val_loss -0.7882
2025-11-13 12:03:11.951954: Pseudo dice [np.float32(0.9541), np.float32(0.8802), np.float32(0.0)]
2025-11-13 12:03:11.952108: Epoch time: 241.38 s
2025-11-13 12:03:13.022090: 
2025-11-13 12:03:13.022372: Epoch 958
2025-11-13 12:03:13.022512: Current learning rate: 0.00058
2025-11-13 12:07:14.827081: train_loss -0.8033
2025-11-13 12:07:14.827336: val_loss -0.8277
2025-11-13 12:07:14.827450: Pseudo dice [np.float32(0.953), np.float32(0.8823), np.float32(0.0)]
2025-11-13 12:07:14.827551: Epoch time: 241.81 s
2025-11-13 12:07:15.904632: 
2025-11-13 12:07:15.904856: Epoch 959
2025-11-13 12:07:15.904980: Current learning rate: 0.00056
2025-11-13 12:11:11.563246: train_loss -0.8059
2025-11-13 12:11:11.563552: val_loss -0.7814
2025-11-13 12:11:11.563718: Pseudo dice [np.float32(0.9476), np.float32(0.8803), np.float32(0.0)]
2025-11-13 12:11:11.563826: Epoch time: 235.66 s
2025-11-13 12:11:12.643084: 
2025-11-13 12:11:12.643394: Epoch 960
2025-11-13 12:11:12.643524: Current learning rate: 0.00055
2025-11-13 12:15:13.247681: train_loss -0.8112
2025-11-13 12:15:13.247905: val_loss -0.7942
2025-11-13 12:15:13.248005: Pseudo dice [np.float32(0.9552), np.float32(0.8816), np.float32(0.0)]
2025-11-13 12:15:13.248112: Epoch time: 240.61 s
2025-11-13 12:15:14.324258: 
2025-11-13 12:15:14.324535: Epoch 961
2025-11-13 12:15:14.324659: Current learning rate: 0.00054
2025-11-13 12:19:07.233035: train_loss -0.8007
2025-11-13 12:19:07.233268: val_loss -0.8104
2025-11-13 12:19:07.233371: Pseudo dice [np.float32(0.9529), np.float32(0.8817), np.float32(0.0)]
2025-11-13 12:19:07.233534: Epoch time: 232.91 s
2025-11-13 12:19:08.321013: 
2025-11-13 12:19:08.321256: Epoch 962
2025-11-13 12:19:08.321409: Current learning rate: 0.00053
2025-11-13 12:23:06.535022: train_loss -0.7903
2025-11-13 12:23:06.535288: val_loss -0.8098
2025-11-13 12:23:06.535405: Pseudo dice [np.float32(0.9528), np.float32(0.8814), np.float32(0.0)]
2025-11-13 12:23:06.535510: Epoch time: 238.22 s
2025-11-13 12:23:07.615906: 
2025-11-13 12:23:07.616177: Epoch 963
2025-11-13 12:23:07.616309: Current learning rate: 0.00051
2025-11-13 12:27:05.585381: train_loss -0.8058
2025-11-13 12:27:05.585640: val_loss -0.8079
2025-11-13 12:27:05.585744: Pseudo dice [np.float32(0.9525), np.float32(0.8807), np.float32(0.0)]
2025-11-13 12:27:05.585844: Epoch time: 237.97 s
2025-11-13 12:27:06.679561: 
2025-11-13 12:27:06.679815: Epoch 964
2025-11-13 12:27:06.679970: Current learning rate: 0.0005
2025-11-13 12:31:05.726087: train_loss -0.8054
2025-11-13 12:31:05.726333: val_loss -0.8006
2025-11-13 12:31:05.726443: Pseudo dice [np.float32(0.9529), np.float32(0.8817), np.float32(0.0)]
2025-11-13 12:31:05.726542: Epoch time: 239.05 s
2025-11-13 12:31:07.349373: 
2025-11-13 12:31:07.349634: Epoch 965
2025-11-13 12:31:07.349750: Current learning rate: 0.00049
2025-11-13 12:35:06.220674: train_loss -0.8051
2025-11-13 12:35:06.220907: val_loss -0.8258
2025-11-13 12:35:06.221011: Pseudo dice [np.float32(0.9526), np.float32(0.881), np.float32(0.0)]
2025-11-13 12:35:06.221106: Epoch time: 238.87 s
2025-11-13 12:35:07.310978: 
2025-11-13 12:35:07.311257: Epoch 966
2025-11-13 12:35:07.311374: Current learning rate: 0.00048
2025-11-13 12:39:04.224009: train_loss -0.8035
2025-11-13 12:39:04.224246: val_loss -0.8085
2025-11-13 12:39:04.224347: Pseudo dice [np.float32(0.9555), np.float32(0.8823), np.float32(0.0)]
2025-11-13 12:39:04.224455: Epoch time: 236.92 s
2025-11-13 12:39:05.274471: 
2025-11-13 12:39:05.274734: Epoch 967
2025-11-13 12:39:05.274844: Current learning rate: 0.00046
2025-11-13 12:43:05.605528: train_loss -0.8059
2025-11-13 12:43:05.605753: val_loss -0.8103
2025-11-13 12:43:05.605861: Pseudo dice [np.float32(0.9519), np.float32(0.8837), np.float32(0.0)]
2025-11-13 12:43:05.605958: Epoch time: 240.33 s
2025-11-13 12:43:06.908139: 
2025-11-13 12:43:06.908348: Epoch 968
2025-11-13 12:43:06.908474: Current learning rate: 0.00045
2025-11-13 12:47:01.143804: train_loss -0.8117
2025-11-13 12:47:01.144038: val_loss -0.7948
2025-11-13 12:47:01.144143: Pseudo dice [np.float32(0.9537), np.float32(0.8826), np.float32(0.0)]
2025-11-13 12:47:01.144241: Epoch time: 234.24 s
2025-11-13 12:47:02.224250: 
2025-11-13 12:47:02.224470: Epoch 969
2025-11-13 12:47:02.224588: Current learning rate: 0.00044
2025-11-13 12:51:05.398604: train_loss -0.805
2025-11-13 12:51:05.398850: val_loss -0.7909
2025-11-13 12:51:05.398953: Pseudo dice [np.float32(0.9521), np.float32(0.8803), np.float32(0.0)]
2025-11-13 12:51:05.399053: Epoch time: 243.18 s
2025-11-13 12:51:07.598705: 
2025-11-13 12:51:07.600242: Epoch 970
2025-11-13 12:51:07.600365: Current learning rate: 0.00043
2025-11-13 12:55:03.929490: train_loss -0.7997
2025-11-13 12:55:03.929736: val_loss -0.8001
2025-11-13 12:55:03.929844: Pseudo dice [np.float32(0.9554), np.float32(0.884), np.float32(0.0)]
2025-11-13 12:55:03.929941: Epoch time: 236.33 s
2025-11-13 12:55:05.010093: 
2025-11-13 12:55:05.010335: Epoch 971
2025-11-13 12:55:05.010468: Current learning rate: 0.00041
2025-11-13 12:59:03.860287: train_loss -0.7952
2025-11-13 12:59:03.860533: val_loss -0.848
2025-11-13 12:59:03.860640: Pseudo dice [np.float32(0.951), np.float32(0.8826), np.float32(0.0)]
2025-11-13 12:59:03.860738: Epoch time: 238.85 s
2025-11-13 12:59:04.941926: 
2025-11-13 12:59:04.942181: Epoch 972
2025-11-13 12:59:04.942277: Current learning rate: 0.0004
2025-11-13 13:03:01.840746: train_loss -0.7914
2025-11-13 13:03:01.840974: val_loss -0.8437
2025-11-13 13:03:01.841074: Pseudo dice [np.float32(0.9515), np.float32(0.8822), np.float32(0.0)]
2025-11-13 13:03:01.841171: Epoch time: 236.9 s
2025-11-13 13:03:02.922616: 
2025-11-13 13:03:02.922840: Epoch 973
2025-11-13 13:03:02.922977: Current learning rate: 0.00039
2025-11-13 13:06:59.007640: train_loss -0.8028
2025-11-13 13:06:59.007877: val_loss -0.8388
2025-11-13 13:06:59.008033: Pseudo dice [np.float32(0.9541), np.float32(0.8831), np.float32(0.0)]
2025-11-13 13:06:59.008134: Epoch time: 236.09 s
2025-11-13 13:07:00.091618: 
2025-11-13 13:07:00.091835: Epoch 974
2025-11-13 13:07:00.091964: Current learning rate: 0.00037
2025-11-13 13:10:58.707680: train_loss -0.8215
2025-11-13 13:10:58.707928: val_loss -0.8261
2025-11-13 13:10:58.708080: Pseudo dice [np.float32(0.9539), np.float32(0.8835), np.float32(0.0)]
2025-11-13 13:10:58.708187: Epoch time: 238.62 s
2025-11-13 13:11:00.342894: 
2025-11-13 13:11:00.343148: Epoch 975
2025-11-13 13:11:00.343297: Current learning rate: 0.00036
2025-11-13 13:15:01.998825: train_loss -0.7979
2025-11-13 13:15:01.999060: val_loss -0.8261
2025-11-13 13:15:01.999164: Pseudo dice [np.float32(0.9532), np.float32(0.8815), np.float32(0.0)]
2025-11-13 13:15:01.999269: Epoch time: 241.66 s
2025-11-13 13:15:03.079703: 
2025-11-13 13:15:03.079970: Epoch 976
2025-11-13 13:15:03.080091: Current learning rate: 0.00035
2025-11-13 13:18:57.719062: train_loss -0.8031
2025-11-13 13:18:57.719300: val_loss -0.8263
2025-11-13 13:18:57.719411: Pseudo dice [np.float32(0.9546), np.float32(0.8824), np.float32(0.0)]
2025-11-13 13:18:57.719510: Epoch time: 234.64 s
2025-11-13 13:18:58.799733: 
2025-11-13 13:18:58.800008: Epoch 977
2025-11-13 13:18:58.800136: Current learning rate: 0.00034
2025-11-13 13:22:57.503992: train_loss -0.8021
2025-11-13 13:22:57.504246: val_loss -0.8553
2025-11-13 13:22:57.504494: Pseudo dice [np.float32(0.9549), np.float32(0.8828), np.float32(0.0)]
2025-11-13 13:22:57.504603: Epoch time: 238.71 s
2025-11-13 13:22:58.601889: 
2025-11-13 13:22:58.602127: Epoch 978
2025-11-13 13:22:58.602240: Current learning rate: 0.00032
2025-11-13 13:26:59.792590: train_loss -0.8066
2025-11-13 13:26:59.792830: val_loss -0.8066
2025-11-13 13:26:59.792934: Pseudo dice [np.float32(0.9541), np.float32(0.8852), np.float32(0.0)]
2025-11-13 13:26:59.793032: Epoch time: 241.19 s
2025-11-13 13:27:00.832794: 
2025-11-13 13:27:00.833036: Epoch 979
2025-11-13 13:27:00.833160: Current learning rate: 0.00031
2025-11-13 13:30:59.481604: train_loss -0.8094
2025-11-13 13:30:59.481840: val_loss -0.8121
2025-11-13 13:30:59.481941: Pseudo dice [np.float32(0.9516), np.float32(0.8829), np.float32(0.0)]
2025-11-13 13:30:59.482038: Epoch time: 238.65 s
2025-11-13 13:31:00.563992: 
2025-11-13 13:31:00.564273: Epoch 980
2025-11-13 13:31:00.564414: Current learning rate: 0.0003
2025-11-13 13:34:57.872320: train_loss -0.8075
2025-11-13 13:34:57.872610: val_loss -0.8584
2025-11-13 13:34:57.872734: Pseudo dice [np.float32(0.9575), np.float32(0.8834), np.float32(0.0)]
2025-11-13 13:34:57.872834: Epoch time: 237.31 s
2025-11-13 13:34:58.962536: 
2025-11-13 13:34:58.962789: Epoch 981
2025-11-13 13:34:58.962910: Current learning rate: 0.00028
2025-11-13 13:38:57.353102: train_loss -0.791
2025-11-13 13:38:57.353331: val_loss -0.8293
2025-11-13 13:38:57.353439: Pseudo dice [np.float32(0.9531), np.float32(0.8815), np.float32(0.0)]
2025-11-13 13:38:57.353537: Epoch time: 238.39 s
2025-11-13 13:38:58.439613: 
2025-11-13 13:38:58.439976: Epoch 982
2025-11-13 13:38:58.440088: Current learning rate: 0.00027
2025-11-13 13:43:05.203189: train_loss -0.8099
2025-11-13 13:43:05.203449: val_loss -0.8564
2025-11-13 13:43:05.203554: Pseudo dice [np.float32(0.9531), np.float32(0.8836), np.float32(0.0)]
2025-11-13 13:43:05.203654: Epoch time: 246.77 s
2025-11-13 13:43:07.025646: 
2025-11-13 13:43:07.025897: Epoch 983
2025-11-13 13:43:07.026015: Current learning rate: 0.00026
2025-11-13 13:47:01.596992: train_loss -0.7944
2025-11-13 13:47:01.597228: val_loss -0.8119
2025-11-13 13:47:01.597334: Pseudo dice [np.float32(0.9557), np.float32(0.8864), np.float32(0.0)]
2025-11-13 13:47:01.597441: Epoch time: 234.57 s
2025-11-13 13:47:02.681408: 
2025-11-13 13:47:02.681656: Epoch 984
2025-11-13 13:47:02.681773: Current learning rate: 0.00024
2025-11-13 13:50:59.744227: train_loss -0.8038
2025-11-13 13:50:59.745651: val_loss -0.8444
2025-11-13 13:50:59.745753: Pseudo dice [np.float32(0.9557), np.float32(0.8822), np.float32(0.0)]
2025-11-13 13:50:59.745843: Epoch time: 237.07 s
2025-11-13 13:51:00.833651: 
2025-11-13 13:51:00.833915: Epoch 985
2025-11-13 13:51:00.834013: Current learning rate: 0.00023
2025-11-13 13:55:02.981517: train_loss -0.8031
2025-11-13 13:55:02.981825: val_loss -0.8217
2025-11-13 13:55:02.981931: Pseudo dice [np.float32(0.9536), np.float32(0.8834), np.float32(0.0)]
2025-11-13 13:55:02.982032: Epoch time: 242.15 s
2025-11-13 13:55:04.113264: 
2025-11-13 13:55:04.113503: Epoch 986
2025-11-13 13:55:04.113630: Current learning rate: 0.00021
2025-11-13 13:59:01.724787: train_loss -0.7883
2025-11-13 13:59:01.725019: val_loss -0.8498
2025-11-13 13:59:01.725122: Pseudo dice [np.float32(0.9546), np.float32(0.8815), np.float32(0.0)]
2025-11-13 13:59:01.725255: Epoch time: 237.61 s
2025-11-13 13:59:02.808521: 
2025-11-13 13:59:02.808744: Epoch 987
2025-11-13 13:59:02.808865: Current learning rate: 0.0002
2025-11-13 14:03:13.947149: train_loss -0.8142
2025-11-13 14:03:13.947430: val_loss -0.8139
2025-11-13 14:03:13.947542: Pseudo dice [np.float32(0.9527), np.float32(0.883), np.float32(0.0)]
2025-11-13 14:03:13.947640: Epoch time: 251.14 s
2025-11-13 14:03:16.064040: 
2025-11-13 14:03:16.064351: Epoch 988
2025-11-13 14:03:16.064495: Current learning rate: 0.00019
2025-11-13 14:07:11.064240: train_loss -0.8135
2025-11-13 14:07:11.064485: val_loss -0.8029
2025-11-13 14:07:11.064590: Pseudo dice [np.float32(0.9533), np.float32(0.8848), np.float32(0.0)]
2025-11-13 14:07:11.064689: Epoch time: 235.0 s
2025-11-13 14:07:12.143914: 
2025-11-13 14:07:12.144142: Epoch 989
2025-11-13 14:07:12.144291: Current learning rate: 0.00017
2025-11-13 14:11:07.804432: train_loss -0.8096
2025-11-13 14:11:07.804681: val_loss -0.8019
2025-11-13 14:11:07.804785: Pseudo dice [np.float32(0.9514), np.float32(0.8824), np.float32(0.0)]
2025-11-13 14:11:07.804888: Epoch time: 235.66 s
2025-11-13 14:11:08.851144: 
2025-11-13 14:11:08.851356: Epoch 990
2025-11-13 14:11:08.851504: Current learning rate: 0.00016
2025-11-13 14:15:11.389062: train_loss -0.8161
2025-11-13 14:15:11.391486: val_loss -0.7853
2025-11-13 14:15:11.391621: Pseudo dice [np.float32(0.9532), np.float32(0.8852), np.float32(0.0)]
2025-11-13 14:15:11.391719: Epoch time: 242.54 s
2025-11-13 14:15:12.755333: 
2025-11-13 14:15:12.755581: Epoch 991
2025-11-13 14:15:12.755713: Current learning rate: 0.00014
2025-11-13 14:19:10.090177: train_loss -0.8035
2025-11-13 14:19:10.090426: val_loss -0.79
2025-11-13 14:19:10.090534: Pseudo dice [np.float32(0.9553), np.float32(0.8843), np.float32(0.0)]
2025-11-13 14:19:10.090633: Epoch time: 237.34 s
2025-11-13 14:19:11.180925: 
2025-11-13 14:19:11.181153: Epoch 992
2025-11-13 14:19:11.181296: Current learning rate: 0.00013
2025-11-13 14:23:06.287684: train_loss -0.8089
2025-11-13 14:23:06.287925: val_loss -0.7757
2025-11-13 14:23:06.288028: Pseudo dice [np.float32(0.9538), np.float32(0.8838), np.float32(0.0)]
2025-11-13 14:23:06.288126: Epoch time: 235.11 s
2025-11-13 14:23:07.940507: 
2025-11-13 14:23:07.940804: Epoch 993
2025-11-13 14:23:07.940964: Current learning rate: 0.00011
2025-11-13 14:27:04.821522: train_loss -0.81
2025-11-13 14:27:04.821768: val_loss -0.8336
2025-11-13 14:27:04.821878: Pseudo dice [np.float32(0.9548), np.float32(0.8804), np.float32(0.0)]
2025-11-13 14:27:04.821979: Epoch time: 236.88 s
2025-11-13 14:27:05.828084: 
2025-11-13 14:27:05.828339: Epoch 994
2025-11-13 14:27:05.828471: Current learning rate: 0.0001
2025-11-13 14:31:06.942775: train_loss -0.8178
2025-11-13 14:31:06.943033: val_loss -0.8219
2025-11-13 14:31:06.943136: Pseudo dice [np.float32(0.9543), np.float32(0.8844), np.float32(0.0)]
2025-11-13 14:31:06.950591: Epoch time: 241.12 s
2025-11-13 14:31:08.260034: 
2025-11-13 14:31:08.260232: Epoch 995
2025-11-13 14:31:08.260353: Current learning rate: 8e-05
2025-11-13 14:35:10.308494: train_loss -0.8176
2025-11-13 14:35:10.308743: val_loss -0.8101
2025-11-13 14:35:10.308846: Pseudo dice [np.float32(0.9539), np.float32(0.8821), np.float32(0.0)]
2025-11-13 14:35:10.308946: Epoch time: 242.05 s
2025-11-13 14:35:11.468017: 
2025-11-13 14:35:11.468259: Epoch 996
2025-11-13 14:35:11.468381: Current learning rate: 7e-05
2025-11-13 14:39:09.126173: train_loss -0.815
2025-11-13 14:39:09.126420: val_loss -0.7868
2025-11-13 14:39:09.126539: Pseudo dice [np.float32(0.9538), np.float32(0.8841), np.float32(0.0)]
2025-11-13 14:39:09.126639: Epoch time: 237.66 s
2025-11-13 14:39:10.217234: 
2025-11-13 14:39:10.217630: Epoch 997
2025-11-13 14:39:10.217941: Current learning rate: 5e-05
2025-11-13 14:43:09.492822: train_loss -0.8024
2025-11-13 14:43:09.493131: val_loss -0.8175
2025-11-13 14:43:09.493243: Pseudo dice [np.float32(0.9546), np.float32(0.8847), np.float32(0.0)]
2025-11-13 14:43:09.493345: Epoch time: 239.28 s
2025-11-13 14:43:10.576774: 
2025-11-13 14:43:10.577063: Epoch 998
2025-11-13 14:43:10.577197: Current learning rate: 4e-05
2025-11-13 14:47:05.282874: train_loss -0.8172
2025-11-13 14:47:05.283110: val_loss -0.8127
2025-11-13 14:47:05.283213: Pseudo dice [np.float32(0.9532), np.float32(0.8839), np.float32(0.0)]
2025-11-13 14:47:05.283312: Epoch time: 234.71 s
2025-11-13 14:47:06.366748: 
2025-11-13 14:47:06.367002: Epoch 999
2025-11-13 14:47:06.367154: Current learning rate: 2e-05
2025-11-13 14:51:07.656589: train_loss -0.8062
2025-11-13 14:51:07.656845: val_loss -0.8172
2025-11-13 14:51:07.666669: Pseudo dice [np.float32(0.9535), np.float32(0.8821), np.float32(0.0)]
2025-11-13 14:51:07.666841: Epoch time: 241.29 s
2025-11-13 14:51:10.029035: Training done.
2025-11-13 14:51:10.216825: predicting patient0001
2025-11-13 14:51:10.830662: patient0001, shape torch.Size([1, 341, 540, 540]), rank 0
2025-11-13 14:53:01.878707: predicting patient0002
2025-11-13 14:53:02.537209: patient0002, shape torch.Size([1, 313, 558, 558]), rank 0
2025-11-13 14:54:08.910419: predicting patient0003
2025-11-13 14:54:09.645688: patient0003, shape torch.Size([1, 324, 565, 565]), rank 0
2025-11-13 14:55:53.139444: predicting patient0004
2025-11-13 14:55:53.688711: patient0004, shape torch.Size([1, 292, 532, 532]), rank 0
2025-11-13 14:56:59.929476: predicting patient0005
2025-11-13 14:57:00.383554: patient0005, shape torch.Size([1, 285, 474, 474]), rank 0
2025-11-13 14:57:50.025373: predicting patient0006
2025-11-13 14:57:50.422712: patient0006, shape torch.Size([1, 277, 456, 456]), rank 0
2025-11-13 14:58:40.077626: predicting patient0007
2025-11-13 14:58:40.530185: patient0007, shape torch.Size([1, 311, 456, 456]), rank 0
2025-11-13 14:59:30.164804: predicting patient0008
2025-11-13 14:59:30.550067: patient0008, shape torch.Size([1, 287, 444, 444]), rank 0
2025-11-13 15:00:07.833874: predicting patient0009
2025-11-13 15:00:08.220366: patient0009, shape torch.Size([1, 298, 441, 441]), rank 0
2025-11-13 15:00:45.470788: predicting patient0010
2025-11-13 15:00:46.048366: patient0010, shape torch.Size([1, 280, 550, 550]), rank 0
2025-11-13 15:01:52.306306: predicting patient0011
2025-11-13 15:01:52.702987: patient0011, shape torch.Size([1, 280, 436, 436]), rank 0
2025-11-13 15:02:29.986766: predicting patient0012
2025-11-13 15:02:30.762198: patient0012, shape torch.Size([1, 298, 621, 621]), rank 0
2025-11-13 15:03:53.554182: predicting patient0013
2025-11-13 15:03:54.275346: patient0013, shape torch.Size([1, 328, 575, 575]), rank 0
2025-11-13 15:05:37.737867: predicting patient0014
2025-11-13 15:05:38.160604: patient0014, shape torch.Size([1, 280, 449, 449]), rank 0
2025-11-13 15:06:27.887476: predicting patient0015
2025-11-13 15:06:28.434282: patient0015, shape torch.Size([1, 319, 492, 492]), rank 0
2025-11-13 15:07:18.152553: predicting patient0016
2025-11-13 15:07:18.912896: patient0016, shape torch.Size([1, 342, 575, 575]), rank 0
2025-11-13 15:09:02.338590: predicting patient0017
2025-11-13 15:09:02.981917: patient0017, shape torch.Size([1, 340, 540, 540]), rank 0
2025-11-13 15:10:25.793034: predicting patient0018
2025-11-13 15:10:26.265318: patient0018, shape torch.Size([1, 289, 446, 446]), rank 0
2025-11-13 15:11:03.668504: predicting patient0019
2025-11-13 15:11:04.404877: patient0019, shape torch.Size([1, 326, 479, 479]), rank 0
2025-11-13 15:12:06.409658: predicting patient0020
2025-11-13 15:12:07.035342: patient0020, shape torch.Size([1, 270, 527, 527]), rank 0
2025-11-13 15:13:13.219266: predicting patient0021
2025-11-13 15:13:13.862846: patient0021, shape torch.Size([1, 369, 502, 502]), rank 0
2025-11-13 15:14:16.066061: predicting patient0022
2025-11-13 15:14:16.498047: patient0022, shape torch.Size([1, 291, 456, 456]), rank 0
2025-11-13 15:15:06.149030: predicting patient0023
2025-11-13 15:15:06.777389: patient0023, shape torch.Size([1, 311, 550, 550]), rank 0
2025-11-13 15:16:13.070641: predicting patient0024
2025-11-13 15:16:13.743635: patient0024, shape torch.Size([1, 355, 504, 504]), rank 0
2025-11-13 15:17:16.013253: predicting patient0025
2025-11-13 15:17:16.727041: patient0025, shape torch.Size([1, 302, 583, 583]), rank 0
2025-11-13 15:18:39.526386: predicting patient0026
2025-11-13 15:18:40.036505: patient0026, shape torch.Size([1, 289, 471, 471]), rank 0
2025-11-13 15:19:29.695661: predicting patient0027
2025-11-13 15:19:30.338488: patient0027, shape torch.Size([1, 297, 550, 550]), rank 0
2025-11-13 15:20:36.665711: predicting patient0028
2025-11-13 15:20:37.334798: patient0028, shape torch.Size([1, 313, 489, 489]), rank 0
2025-11-13 15:21:27.032924: predicting patient0029
2025-11-13 15:21:27.612848: patient0029, shape torch.Size([1, 379, 456, 456]), rank 0
2025-11-13 15:22:29.707630: predicting patient0030
2025-11-13 15:22:30.380043: patient0030, shape torch.Size([1, 319, 535, 535]), rank 0
2025-11-13 15:23:36.739158: predicting patient0031
2025-11-13 15:23:37.065935: patient0031, shape torch.Size([1, 249, 449, 449]), rank 0
2025-11-13 15:24:14.318031: predicting patient0032
2025-11-13 15:24:14.681072: patient0032, shape torch.Size([1, 292, 438, 438]), rank 0
2025-11-13 15:24:51.925732: predicting patient0033
2025-11-13 15:24:52.366336: patient0033, shape torch.Size([1, 287, 474, 474]), rank 0
2025-11-13 15:25:41.892672: predicting patient0034
2025-11-13 15:25:42.376866: patient0034, shape torch.Size([1, 313, 482, 482]), rank 0
2025-11-13 15:26:32.015201: predicting patient0035
2025-11-13 15:26:32.686981: patient0035, shape torch.Size([1, 322, 540, 540]), rank 0
2025-11-13 15:27:55.418836: predicting patient0036
2025-11-13 15:27:56.244192: patient0036, shape torch.Size([1, 281, 487, 487]), rank 0
2025-11-13 15:28:46.038982: predicting patient0037
2025-11-13 15:28:46.422725: patient0037, shape torch.Size([1, 302, 400, 400]), rank 0
2025-11-13 15:29:23.738763: predicting patient0038
2025-11-13 15:29:24.389416: patient0038, shape torch.Size([1, 316, 540, 540]), rank 0
2025-11-13 15:30:30.677933: predicting patient0039
2025-11-13 15:30:31.089756: patient0039, shape torch.Size([1, 275, 446, 446]), rank 0
2025-11-13 15:31:08.406343: predicting patient0040
2025-11-13 15:31:09.001214: patient0040, shape torch.Size([1, 302, 540, 540]), rank 0
2025-11-13 15:32:15.260026: predicting patient0041
2025-11-13 15:32:15.564271: patient0041, shape torch.Size([1, 294, 378, 378]), rank 0
2025-11-13 15:32:40.468122: predicting patient0042
2025-11-13 15:32:41.063318: patient0042, shape torch.Size([1, 311, 540, 540]), rank 0
2025-11-13 15:33:47.300846: predicting patient0043
2025-11-13 15:33:48.423806: patient0043, shape torch.Size([1, 373, 667, 667]), rank 0
2025-11-13 15:35:57.774437: predicting patient0044
2025-11-13 15:35:58.444691: patient0044, shape torch.Size([1, 360, 520, 520]), rank 0
2025-11-13 15:37:21.365170: predicting patient0045
2025-11-13 15:37:21.971633: patient0045, shape torch.Size([1, 303, 540, 540]), rank 0
2025-11-13 15:38:28.241920: predicting patient0046
2025-11-13 15:38:28.949783: patient0046, shape torch.Size([1, 322, 558, 558]), rank 0
2025-11-13 15:39:51.770302: predicting patient0047
2025-11-13 15:39:52.857357: patient0047, shape torch.Size([1, 344, 601, 601]), rank 0
2025-11-13 15:41:36.217280: predicting patient0048
2025-11-13 15:41:36.846482: patient0048, shape torch.Size([1, 302, 558, 558]), rank 0
2025-11-13 15:42:43.091256: predicting patient0049
2025-11-13 15:42:43.611825: patient0049, shape torch.Size([1, 301, 497, 497]), rank 0
2025-11-13 15:43:33.207649: predicting patient0050
2025-11-13 15:43:33.825872: patient0050, shape torch.Size([1, 314, 540, 540]), rank 0
2025-11-13 15:46:02.301816: Validation complete
2025-11-13 15:46:02.311672: Mean Validation Dice:  0.6137982014907567
