+----------------------------------------------------+
| loading miniforge with conda 24.7.1 and python 3.9 |
+----------------------------------------------------+

Thu Nov 20 19:02:19 CST 2025
/work/u4526725/ntuh/nnUNet
/work/u4526725/Dataset/nnUNet/nnUNet_raw
/work/u4526725/Dataset/nnUNet/nnUNet_preprocessed
/work/u4526725/Dataset/nnUNet/nnUNet_results
/work/u4526725/Dataset/nnUNet/nnUNet_predictions
/home/u4526725/.conda/envs/nnUNet/bin:/work/HPC_SYS/twnia2/pkg-rocky8/tools/miniforge/Miniforge-pypy3-24.7.1-2/condabin:/opt/conda/bin:/opt/conda/bin:/home/u4526725/.vscode-server/data/User/globalStorage/github.copilot-chat/copilotCli:/home/u4526725/.vscode-server/data/User/globalStorage/github.copilot-chat/debugCommand:/home/u4526725/.vscode-server/cli/servers/Stable-cb1933bbc38d329b3595673a600fab5c7368f0a7/server/bin/remote-cli:/opt/conda/bin:/usr/local/bin:/usr/bin:/usr/local/sbin:/usr/sbin:/home/u4526725/.vscode-server/extensions/ms-python.debugpy-2025.16.0-linux-x64/bundled/scripts/noConfigScripts:/home/u4526725/.local/bin:/home/u4526725/bin:/home/u4526725/.local/bin:/home/u4526725/.local/bin

############################
INFO: You are using the old nnU-Net default plans. We have updated our recommendations. Please consider using those instead! Read more here: https://github.com/MIC-DKFZ/nnUNet/blob/master/documentation/resenc_presets.md
############################

Using device: cuda:0

#######################################################################
Please cite the following paper when using nnU-Net:
Isensee, F., Jaeger, P. F., Kohl, S. A., Petersen, J., & Maier-Hein, K. H. (2021). nnU-Net: a self-configuring method for deep learning-based biomedical image segmentation. Nature methods, 18(2), 203-211.
#######################################################################

2025-11-20 19:02:24.916017: Using torch.compile...
2025-11-20 19:02:26.431461: do_dummy_2d_data_aug: False
2025-11-20 19:02:26.431894: Using splits from existing split file: /work/u4526725/Dataset/nnUNet/nnUNet_preprocessed/Dataset306_aicup2025/splits_final.json
2025-11-20 19:02:26.432073: The split file contains 5 splits.
2025-11-20 19:02:26.432137: Desired fold for training: 2
2025-11-20 19:02:26.432200: This split has 40 training and 10 validation cases.
using pin_memory on device 0
/home/u4526725/.local/lib/python3.12/site-packages/fft_conv_pytorch/fft_conv.py:139: UserWarning: Using a non-tuple sequence for multidimensional indexing is deprecated and will be changed in pytorch 2.9; use x[tuple(seq)] instead of x[seq]. In pytorch 2.9 this will be interpreted as tensor index, x[torch.tensor(seq)], which will result either in an error or a different result (Triggered internally at /pytorch/torch/csrc/autograd/python_variable_indexing.cpp:306.)
  output = output[crop_slices].contiguous()
/home/u4526725/.local/lib/python3.12/site-packages/fft_conv_pytorch/fft_conv.py:139: UserWarning: Using a non-tuple sequence for multidimensional indexing is deprecated and will be changed in pytorch 2.9; use x[tuple(seq)] instead of x[seq]. In pytorch 2.9 this will be interpreted as tensor index, x[torch.tensor(seq)], which will result either in an error or a different result (Triggered internally at /pytorch/torch/csrc/autograd/python_variable_indexing.cpp:306.)
  output = output[crop_slices].contiguous()
/home/u4526725/.local/lib/python3.12/site-packages/fft_conv_pytorch/fft_conv.py:139: UserWarning: Using a non-tuple sequence for multidimensional indexing is deprecated and will be changed in pytorch 2.9; use x[tuple(seq)] instead of x[seq]. In pytorch 2.9 this will be interpreted as tensor index, x[torch.tensor(seq)], which will result either in an error or a different result (Triggered internally at /pytorch/torch/csrc/autograd/python_variable_indexing.cpp:306.)
  output = output[crop_slices].contiguous()
/home/u4526725/.local/lib/python3.12/site-packages/fft_conv_pytorch/fft_conv.py:139: UserWarning: Using a non-tuple sequence for multidimensional indexing is deprecated and will be changed in pytorch 2.9; use x[tuple(seq)] instead of x[seq]. In pytorch 2.9 this will be interpreted as tensor index, x[torch.tensor(seq)], which will result either in an error or a different result (Triggered internally at /pytorch/torch/csrc/autograd/python_variable_indexing.cpp:306.)
  output = output[crop_slices].contiguous()
/home/u4526725/.local/lib/python3.12/site-packages/fft_conv_pytorch/fft_conv.py:139: UserWarning: Using a non-tuple sequence for multidimensional indexing is deprecated and will be changed in pytorch 2.9; use x[tuple(seq)] instead of x[seq]. In pytorch 2.9 this will be interpreted as tensor index, x[torch.tensor(seq)], which will result either in an error or a different result (Triggered internally at /pytorch/torch/csrc/autograd/python_variable_indexing.cpp:306.)
  output = output[crop_slices].contiguous()
/home/u4526725/.local/lib/python3.12/site-packages/fft_conv_pytorch/fft_conv.py:139: UserWarning: Using a non-tuple sequence for multidimensional indexing is deprecated and will be changed in pytorch 2.9; use x[tuple(seq)] instead of x[seq]. In pytorch 2.9 this will be interpreted as tensor index, x[torch.tensor(seq)], which will result either in an error or a different result (Triggered internally at /pytorch/torch/csrc/autograd/python_variable_indexing.cpp:306.)
  output = output[crop_slices].contiguous()
/home/u4526725/.local/lib/python3.12/site-packages/fft_conv_pytorch/fft_conv.py:139: UserWarning: Using a non-tuple sequence for multidimensional indexing is deprecated and will be changed in pytorch 2.9; use x[tuple(seq)] instead of x[seq]. In pytorch 2.9 this will be interpreted as tensor index, x[torch.tensor(seq)], which will result either in an error or a different result (Triggered internally at /pytorch/torch/csrc/autograd/python_variable_indexing.cpp:306.)
  output = output[crop_slices].contiguous()
/home/u4526725/.local/lib/python3.12/site-packages/fft_conv_pytorch/fft_conv.py:139: UserWarning: Using a non-tuple sequence for multidimensional indexing is deprecated and will be changed in pytorch 2.9; use x[tuple(seq)] instead of x[seq]. In pytorch 2.9 this will be interpreted as tensor index, x[torch.tensor(seq)], which will result either in an error or a different result (Triggered internally at /pytorch/torch/csrc/autograd/python_variable_indexing.cpp:306.)
  output = output[crop_slices].contiguous()
/home/u4526725/.local/lib/python3.12/site-packages/fft_conv_pytorch/fft_conv.py:139: UserWarning: Using a non-tuple sequence for multidimensional indexing is deprecated and will be changed in pytorch 2.9; use x[tuple(seq)] instead of x[seq]. In pytorch 2.9 this will be interpreted as tensor index, x[torch.tensor(seq)], which will result either in an error or a different result (Triggered internally at /pytorch/torch/csrc/autograd/python_variable_indexing.cpp:306.)
  output = output[crop_slices].contiguous()
/home/u4526725/.local/lib/python3.12/site-packages/fft_conv_pytorch/fft_conv.py:139: UserWarning: Using a non-tuple sequence for multidimensional indexing is deprecated and will be changed in pytorch 2.9; use x[tuple(seq)] instead of x[seq]. In pytorch 2.9 this will be interpreted as tensor index, x[torch.tensor(seq)], which will result either in an error or a different result (Triggered internally at /pytorch/torch/csrc/autograd/python_variable_indexing.cpp:306.)
  output = output[crop_slices].contiguous()
/home/u4526725/.local/lib/python3.12/site-packages/fft_conv_pytorch/fft_conv.py:139: UserWarning: Using a non-tuple sequence for multidimensional indexing is deprecated and will be changed in pytorch 2.9; use x[tuple(seq)] instead of x[seq]. In pytorch 2.9 this will be interpreted as tensor index, x[torch.tensor(seq)], which will result either in an error or a different result (Triggered internally at /pytorch/torch/csrc/autograd/python_variable_indexing.cpp:306.)
  output = output[crop_slices].contiguous()
/home/u4526725/.local/lib/python3.12/site-packages/fft_conv_pytorch/fft_conv.py:139: UserWarning: Using a non-tuple sequence for multidimensional indexing is deprecated and will be changed in pytorch 2.9; use x[tuple(seq)] instead of x[seq]. In pytorch 2.9 this will be interpreted as tensor index, x[torch.tensor(seq)], which will result either in an error or a different result (Triggered internally at /pytorch/torch/csrc/autograd/python_variable_indexing.cpp:306.)
  output = output[crop_slices].contiguous()
using pin_memory on device 0

This is the configuration used by this training:
Configuration name: 3d_fullres
 {'data_identifier': 'nnUNetPlans_3d_fullres', 'preprocessor_name': 'DefaultPreprocessor', 'batch_size': 2, 'patch_size': [96, 160, 160], 'median_image_size_in_voxels': [302.5, 512.0, 512.0], 'spacing': [0.5, 0.39453125, 0.39453125], 'normalization_schemes': ['CTNormalization'], 'use_mask_for_norm': [False], 'resampling_fn_data': 'resample_data_or_seg_to_shape', 'resampling_fn_seg': 'resample_data_or_seg_to_shape', 'resampling_fn_data_kwargs': {'is_seg': False, 'order': 3, 'order_z': 0, 'force_separate_z': None}, 'resampling_fn_seg_kwargs': {'is_seg': True, 'order': 1, 'order_z': 0, 'force_separate_z': None}, 'resampling_fn_probabilities': 'resample_data_or_seg_to_shape', 'resampling_fn_probabilities_kwargs': {'is_seg': False, 'order': 1, 'order_z': 0, 'force_separate_z': None}, 'architecture': {'network_class_name': 'dynamic_network_architectures.architectures.unet.PlainConvUNet', 'arch_kwargs': {'n_stages': 6, 'features_per_stage': [32, 64, 128, 256, 320, 320], 'conv_op': 'torch.nn.modules.conv.Conv3d', 'kernel_sizes': [[3, 3, 3], [3, 3, 3], [3, 3, 3], [3, 3, 3], [3, 3, 3], [3, 3, 3]], 'strides': [[1, 1, 1], [2, 2, 2], [2, 2, 2], [2, 2, 2], [2, 2, 2], [1, 2, 2]], 'n_conv_per_stage': [2, 2, 2, 2, 2, 2], 'n_conv_per_stage_decoder': [2, 2, 2, 2, 2], 'conv_bias': True, 'norm_op': 'torch.nn.modules.instancenorm.InstanceNorm3d', 'norm_op_kwargs': {'eps': 1e-05, 'affine': True}, 'dropout_op': None, 'dropout_op_kwargs': None, 'nonlin': 'torch.nn.LeakyReLU', 'nonlin_kwargs': {'inplace': True}}, '_kw_requires_import': ['conv_op', 'norm_op', 'dropout_op', 'nonlin']}, 'batch_dice': True} 

These are the global plan.json settings:
 {'dataset_name': 'Dataset306_aicup2025', 'plans_name': 'nnUNetPlans', 'original_median_spacing_after_transp': [0.5, 0.39453125, 0.39453125], 'original_median_shape_after_transp': [340, 512, 512], 'image_reader_writer': 'NibabelIOWithReorient', 'transpose_forward': [0, 1, 2], 'transpose_backward': [0, 1, 2], 'experiment_planner_used': 'ExperimentPlanner', 'label_manager': 'LabelManager', 'foreground_intensity_properties_per_channel': {'0': {'max': 1819.0, 'mean': 136.50274658203125, 'median': 115.0, 'min': -873.0, 'percentile_00_5': -30.0, 'percentile_99_5': 478.0, 'std': 91.3067398071289}}} 

2025-11-20 19:02:28.737117: Unable to plot network architecture: nnUNet_compile is enabled!
2025-11-20 19:02:28.757959: 
2025-11-20 19:02:28.758123: Epoch 0
2025-11-20 19:02:28.758309: Current learning rate: 0.01
2025-11-20 19:04:10.993629: train_loss -0.1098
2025-11-20 19:04:10.993929: val_loss -0.1769
2025-11-20 19:04:10.994059: Pseudo dice [np.float32(0.6443), np.float32(0.2073), np.float32(0.0)]
2025-11-20 19:04:10.994169: Epoch time: 102.24 s
2025-11-20 19:04:10.994263: Yayy! New best EMA pseudo Dice: 0.2838999927043915
2025-11-20 19:04:12.201403: 
2025-11-20 19:04:12.201586: Epoch 1
2025-11-20 19:04:12.201765: Current learning rate: 0.00999
2025-11-20 19:05:21.897394: train_loss -0.2184
2025-11-20 19:05:21.897612: val_loss -0.2357
2025-11-20 19:05:21.897719: Pseudo dice [np.float32(0.7227), np.float32(0.3784), np.float32(0.0)]
2025-11-20 19:05:21.904652: Epoch time: 69.7 s
2025-11-20 19:05:21.904831: Yayy! New best EMA pseudo Dice: 0.2921999990940094
2025-11-20 19:05:23.275012: 
2025-11-20 19:05:23.275257: Epoch 2
2025-11-20 19:05:23.275411: Current learning rate: 0.00998
2025-11-20 19:06:33.725230: train_loss -0.2554
2025-11-20 19:06:33.735838: val_loss -0.2988
2025-11-20 19:06:33.736049: Pseudo dice [np.float32(0.7372), np.float32(0.4875), np.float32(0.0)]
2025-11-20 19:06:33.736163: Epoch time: 70.45 s
2025-11-20 19:06:33.736272: Yayy! New best EMA pseudo Dice: 0.30379998683929443
2025-11-20 19:06:36.326517: 
2025-11-20 19:06:36.326686: Epoch 3
2025-11-20 19:06:36.326800: Current learning rate: 0.00997
2025-11-20 19:07:49.728315: train_loss -0.2851
2025-11-20 19:07:49.728575: val_loss -0.3263
2025-11-20 19:07:49.728682: Pseudo dice [np.float32(0.7315), np.float32(0.5714), np.float32(0.0)]
2025-11-20 19:07:49.728786: Epoch time: 73.4 s
2025-11-20 19:07:49.731141: Yayy! New best EMA pseudo Dice: 0.31679999828338623
2025-11-20 19:07:51.512226: 
2025-11-20 19:07:51.512396: Epoch 4
2025-11-20 19:07:51.512512: Current learning rate: 0.00996
2025-11-20 19:09:03.782154: train_loss -0.3042
2025-11-20 19:09:03.782413: val_loss -0.3553
2025-11-20 19:09:03.782516: Pseudo dice [np.float32(0.7742), np.float32(0.5799), np.float32(0.0)]
2025-11-20 19:09:03.782622: Epoch time: 72.27 s
2025-11-20 19:09:03.782702: Yayy! New best EMA pseudo Dice: 0.3303000032901764
2025-11-20 19:09:05.861557: 
2025-11-20 19:09:05.861791: Epoch 5
2025-11-20 19:09:05.862025: Current learning rate: 0.00995
2025-11-20 19:10:15.444378: train_loss -0.3553
2025-11-20 19:10:15.444623: val_loss -0.369
2025-11-20 19:10:15.450551: Pseudo dice [np.float32(0.8052), np.float32(0.6091), np.float32(0.0)]
2025-11-20 19:10:15.450783: Epoch time: 69.58 s
2025-11-20 19:10:15.450873: Yayy! New best EMA pseudo Dice: 0.34439998865127563
2025-11-20 19:10:17.457612: 
2025-11-20 19:10:17.457792: Epoch 6
2025-11-20 19:10:17.457920: Current learning rate: 0.00995
2025-11-20 19:11:27.579586: train_loss -0.354
2025-11-20 19:11:27.579831: val_loss -0.3573
2025-11-20 19:11:27.579942: Pseudo dice [np.float32(0.8209), np.float32(0.6123), np.float32(0.0)]
2025-11-20 19:11:27.580048: Epoch time: 70.12 s
2025-11-20 19:11:27.580130: Yayy! New best EMA pseudo Dice: 0.357699990272522
2025-11-20 19:11:29.250678: 
2025-11-20 19:11:29.250916: Epoch 7
2025-11-20 19:11:29.251042: Current learning rate: 0.00994
2025-11-20 19:12:40.661896: train_loss -0.3446
2025-11-20 19:12:40.662160: val_loss -0.3496
2025-11-20 19:12:40.662276: Pseudo dice [np.float32(0.798), np.float32(0.5569), np.float32(0.0)]
2025-11-20 19:12:40.663455: Epoch time: 71.41 s
2025-11-20 19:12:40.663556: Yayy! New best EMA pseudo Dice: 0.3671000003814697
2025-11-20 19:12:42.506646: 
2025-11-20 19:12:42.506825: Epoch 8
2025-11-20 19:12:42.506951: Current learning rate: 0.00993
2025-11-20 19:13:51.277417: train_loss -0.3552
2025-11-20 19:13:51.279255: val_loss -0.393
2025-11-20 19:13:51.279404: Pseudo dice [np.float32(0.8273), np.float32(0.6634), np.float32(0.0)]
2025-11-20 19:13:51.279511: Epoch time: 68.77 s
2025-11-20 19:13:51.279702: Yayy! New best EMA pseudo Dice: 0.3801000118255615
2025-11-20 19:13:52.783663: 
2025-11-20 19:13:52.783831: Epoch 9
2025-11-20 19:13:52.783952: Current learning rate: 0.00992
2025-11-20 19:15:02.739559: train_loss -0.3873
2025-11-20 19:15:02.741054: val_loss -0.3925
2025-11-20 19:15:02.741223: Pseudo dice [np.float32(0.8256), np.float32(0.6674), np.float32(0.0)]
2025-11-20 19:15:02.741328: Epoch time: 69.96 s
2025-11-20 19:15:02.741408: Yayy! New best EMA pseudo Dice: 0.3919000029563904
2025-11-20 19:15:04.486061: 
2025-11-20 19:15:04.486246: Epoch 10
2025-11-20 19:15:04.486356: Current learning rate: 0.00991
2025-11-20 19:16:11.102919: train_loss -0.3888
2025-11-20 19:16:11.106833: val_loss -0.3721
2025-11-20 19:16:11.106979: Pseudo dice [np.float32(0.8163), np.float32(0.667), np.float32(0.0)]
2025-11-20 19:16:11.107077: Epoch time: 66.62 s
2025-11-20 19:16:11.107153: Yayy! New best EMA pseudo Dice: 0.40209999680519104
2025-11-20 19:16:13.123851: 
2025-11-20 19:16:13.124050: Epoch 11
2025-11-20 19:16:13.124184: Current learning rate: 0.0099
2025-11-20 19:17:20.648365: train_loss -0.3924
2025-11-20 19:17:20.650087: val_loss -0.4001
2025-11-20 19:17:20.650226: Pseudo dice [np.float32(0.8465), np.float32(0.6855), np.float32(0.0)]
2025-11-20 19:17:20.650329: Epoch time: 67.53 s
2025-11-20 19:17:20.650407: Yayy! New best EMA pseudo Dice: 0.4129999876022339
2025-11-20 19:17:22.479593: 
2025-11-20 19:17:22.479775: Epoch 12
2025-11-20 19:17:22.479892: Current learning rate: 0.00989
2025-11-20 19:18:31.511523: train_loss -0.3973
2025-11-20 19:18:31.511967: val_loss -0.4118
2025-11-20 19:18:31.512080: Pseudo dice [np.float32(0.8498), np.float32(0.6764), np.float32(0.0)]
2025-11-20 19:18:31.512196: Epoch time: 69.03 s
2025-11-20 19:18:31.512282: Yayy! New best EMA pseudo Dice: 0.42250001430511475
2025-11-20 19:18:32.868337: 
2025-11-20 19:18:32.868587: Epoch 13
2025-11-20 19:18:32.868706: Current learning rate: 0.00988
2025-11-20 19:19:41.832028: train_loss -0.4061
2025-11-20 19:19:41.832482: val_loss -0.3896
2025-11-20 19:19:41.832596: Pseudo dice [np.float32(0.8659), np.float32(0.66), np.float32(0.0)]
2025-11-20 19:19:41.832699: Epoch time: 68.96 s
2025-11-20 19:19:41.832781: Yayy! New best EMA pseudo Dice: 0.4311999976634979
2025-11-20 19:19:43.343225: 
2025-11-20 19:19:43.343459: Epoch 14
2025-11-20 19:19:43.343584: Current learning rate: 0.00987
2025-11-20 19:20:51.843530: train_loss -0.3888
2025-11-20 19:20:51.845665: val_loss -0.4002
2025-11-20 19:20:51.845906: Pseudo dice [np.float32(0.8233), np.float32(0.6854), np.float32(0.0)]
2025-11-20 19:20:51.846010: Epoch time: 68.5 s
2025-11-20 19:20:51.846085: Yayy! New best EMA pseudo Dice: 0.4383000135421753
2025-11-20 19:20:53.302339: 
2025-11-20 19:20:53.302520: Epoch 15
2025-11-20 19:20:53.302642: Current learning rate: 0.00986
2025-11-20 19:21:59.921974: train_loss -0.3903
2025-11-20 19:21:59.922487: val_loss -0.4145
2025-11-20 19:21:59.922616: Pseudo dice [np.float32(0.8561), np.float32(0.6564), np.float32(0.0)]
2025-11-20 19:21:59.922723: Epoch time: 66.62 s
2025-11-20 19:21:59.922807: Yayy! New best EMA pseudo Dice: 0.4449000060558319
2025-11-20 19:22:01.529289: 
2025-11-20 19:22:01.529504: Epoch 16
2025-11-20 19:22:01.529633: Current learning rate: 0.00986
2025-11-20 19:23:11.952335: train_loss -0.3973
2025-11-20 19:23:11.952755: val_loss -0.3846
2025-11-20 19:23:11.952982: Pseudo dice [np.float32(0.8249), np.float32(0.682), np.float32(0.0)]
2025-11-20 19:23:11.953106: Epoch time: 70.42 s
2025-11-20 19:23:11.953209: Yayy! New best EMA pseudo Dice: 0.4507000148296356
2025-11-20 19:23:13.482220: 
2025-11-20 19:23:13.482392: Epoch 17
2025-11-20 19:23:13.482504: Current learning rate: 0.00985
2025-11-20 19:24:21.356327: train_loss -0.4161
2025-11-20 19:24:21.361567: val_loss -0.3875
2025-11-20 19:24:21.361728: Pseudo dice [np.float32(0.8475), np.float32(0.6533), np.float32(0.0)]
2025-11-20 19:24:21.361838: Epoch time: 67.88 s
2025-11-20 19:24:21.361921: Yayy! New best EMA pseudo Dice: 0.45559999346733093
2025-11-20 19:24:22.969926: 
2025-11-20 19:24:22.970104: Epoch 18
2025-11-20 19:24:22.970230: Current learning rate: 0.00984
2025-11-20 19:25:35.181321: train_loss -0.4128
2025-11-20 19:25:35.183115: val_loss -0.4199
2025-11-20 19:25:35.183282: Pseudo dice [np.float32(0.8494), np.float32(0.7137), np.float32(0.0)]
2025-11-20 19:25:35.183390: Epoch time: 72.21 s
2025-11-20 19:25:35.183473: Yayy! New best EMA pseudo Dice: 0.46219998598098755
2025-11-20 19:25:37.397533: 
2025-11-20 19:25:37.397719: Epoch 19
2025-11-20 19:25:37.397836: Current learning rate: 0.00983
2025-11-20 19:26:48.356860: train_loss -0.4008
2025-11-20 19:26:48.358618: val_loss -0.4131
2025-11-20 19:26:48.358753: Pseudo dice [np.float32(0.8359), np.float32(0.6611), np.float32(0.0)]
2025-11-20 19:26:48.358856: Epoch time: 70.96 s
2025-11-20 19:26:48.358937: Yayy! New best EMA pseudo Dice: 0.4657999873161316
2025-11-20 19:26:49.802510: 
2025-11-20 19:26:49.822464: Epoch 20
2025-11-20 19:26:49.822642: Current learning rate: 0.00982
2025-11-20 19:28:01.652816: train_loss -0.4025
2025-11-20 19:28:01.653278: val_loss -0.4443
2025-11-20 19:28:01.653386: Pseudo dice [np.float32(0.8719), np.float32(0.6935), np.float32(0.0)]
2025-11-20 19:28:01.653488: Epoch time: 71.85 s
2025-11-20 19:28:01.653567: Yayy! New best EMA pseudo Dice: 0.4713999927043915
2025-11-20 19:28:03.549886: 
2025-11-20 19:28:03.550061: Epoch 21
2025-11-20 19:28:03.550195: Current learning rate: 0.00981
2025-11-20 19:29:10.779079: train_loss -0.4191
2025-11-20 19:29:10.779524: val_loss -0.4284
2025-11-20 19:29:10.779631: Pseudo dice [np.float32(0.8657), np.float32(0.6861), np.float32(0.0)]
2025-11-20 19:29:10.779735: Epoch time: 67.23 s
2025-11-20 19:29:10.779816: Yayy! New best EMA pseudo Dice: 0.47600001096725464
2025-11-20 19:29:12.174521: 
2025-11-20 19:29:12.174726: Epoch 22
2025-11-20 19:29:12.174854: Current learning rate: 0.0098
2025-11-20 19:30:22.865593: train_loss -0.4202
2025-11-20 19:30:22.866085: val_loss -0.4173
2025-11-20 19:30:22.866205: Pseudo dice [np.float32(0.8575), np.float32(0.7015), np.float32(0.0)]
2025-11-20 19:30:22.866313: Epoch time: 70.69 s
2025-11-20 19:30:22.866397: Yayy! New best EMA pseudo Dice: 0.4803999960422516
2025-11-20 19:30:24.261120: 
2025-11-20 19:30:24.261430: Epoch 23
2025-11-20 19:30:24.261554: Current learning rate: 0.00979
2025-11-20 19:31:36.102558: train_loss -0.4173
2025-11-20 19:31:36.102990: val_loss -0.4217
2025-11-20 19:31:36.103165: Pseudo dice [np.float32(0.8625), np.float32(0.6897), np.float32(0.0)]
2025-11-20 19:31:36.103280: Epoch time: 71.84 s
2025-11-20 19:31:36.103418: Yayy! New best EMA pseudo Dice: 0.48410001397132874
2025-11-20 19:31:37.579410: 
2025-11-20 19:31:37.579617: Epoch 24
2025-11-20 19:31:37.579769: Current learning rate: 0.00978
2025-11-20 19:32:47.035263: train_loss -0.4245
2025-11-20 19:32:47.037003: val_loss -0.4275
2025-11-20 19:32:47.037137: Pseudo dice [np.float32(0.8467), np.float32(0.7115), np.float32(0.0)]
2025-11-20 19:32:47.037252: Epoch time: 69.46 s
2025-11-20 19:32:47.037337: Yayy! New best EMA pseudo Dice: 0.4875999987125397
2025-11-20 19:32:49.155628: 
2025-11-20 19:32:49.155849: Epoch 25
2025-11-20 19:32:49.155973: Current learning rate: 0.00977
2025-11-20 19:33:55.832381: train_loss -0.4218
2025-11-20 19:33:55.832843: val_loss -0.4194
2025-11-20 19:33:55.832948: Pseudo dice [np.float32(0.8785), np.float32(0.6848), np.float32(0.0)]
2025-11-20 19:33:55.833051: Epoch time: 66.68 s
2025-11-20 19:33:55.833130: Yayy! New best EMA pseudo Dice: 0.4909999966621399
2025-11-20 19:33:57.205154: 
2025-11-20 19:33:57.205388: Epoch 26
2025-11-20 19:33:57.205533: Current learning rate: 0.00977
2025-11-20 19:35:05.833705: train_loss -0.4139
2025-11-20 19:35:05.838772: val_loss -0.4052
2025-11-20 19:35:05.838915: Pseudo dice [np.float32(0.8774), np.float32(0.6976), np.float32(0.0)]
2025-11-20 19:35:05.839015: Epoch time: 68.63 s
2025-11-20 19:35:05.839091: Yayy! New best EMA pseudo Dice: 0.4943999946117401
2025-11-20 19:35:07.878488: 
2025-11-20 19:35:07.878673: Epoch 27
2025-11-20 19:35:07.878792: Current learning rate: 0.00976
2025-11-20 19:36:16.706197: train_loss -0.4248
2025-11-20 19:36:16.706762: val_loss -0.4469
2025-11-20 19:36:16.706887: Pseudo dice [np.float32(0.8693), np.float32(0.6922), np.float32(0.0)]
2025-11-20 19:36:16.706993: Epoch time: 68.83 s
2025-11-20 19:36:16.707076: Yayy! New best EMA pseudo Dice: 0.4970000088214874
2025-11-20 19:36:18.301137: 
2025-11-20 19:36:18.301357: Epoch 28
2025-11-20 19:36:18.301482: Current learning rate: 0.00975
2025-11-20 19:37:29.373585: train_loss -0.4283
2025-11-20 19:37:29.375219: val_loss -0.4185
2025-11-20 19:37:29.375344: Pseudo dice [np.float32(0.8762), np.float32(0.6913), np.float32(0.0)]
2025-11-20 19:37:29.375441: Epoch time: 71.07 s
2025-11-20 19:37:29.375519: Yayy! New best EMA pseudo Dice: 0.49950000643730164
2025-11-20 19:37:31.210407: 
2025-11-20 19:37:31.210594: Epoch 29
2025-11-20 19:37:31.296078: Current learning rate: 0.00974
2025-11-20 19:38:40.376613: train_loss -0.4369
2025-11-20 19:38:40.380434: val_loss -0.4393
2025-11-20 19:38:40.380654: Pseudo dice [np.float32(0.8828), np.float32(0.7166), np.float32(0.0)]
2025-11-20 19:38:40.380783: Epoch time: 69.17 s
2025-11-20 19:38:40.380885: Yayy! New best EMA pseudo Dice: 0.5029000043869019
2025-11-20 19:38:41.859043: 
2025-11-20 19:38:41.859378: Epoch 30
2025-11-20 19:38:41.859537: Current learning rate: 0.00973
2025-11-20 19:39:49.789613: train_loss -0.4297
2025-11-20 19:39:49.791881: val_loss -0.4406
2025-11-20 19:39:49.793692: Pseudo dice [np.float32(0.883), np.float32(0.7203), np.float32(0.0)]
2025-11-20 19:39:49.793959: Epoch time: 67.93 s
2025-11-20 19:39:49.795759: Yayy! New best EMA pseudo Dice: 0.5059999823570251
2025-11-20 19:39:51.443098: 
2025-11-20 19:39:51.443354: Epoch 31
2025-11-20 19:39:51.443509: Current learning rate: 0.00972
2025-11-20 19:40:58.616368: train_loss -0.4306
2025-11-20 19:40:58.616855: val_loss -0.4159
2025-11-20 19:40:58.617005: Pseudo dice [np.float32(0.8589), np.float32(0.6603), np.float32(0.0)]
2025-11-20 19:40:58.617268: Epoch time: 67.17 s
2025-11-20 19:40:58.617412: Yayy! New best EMA pseudo Dice: 0.5060999989509583
2025-11-20 19:41:00.025128: 
2025-11-20 19:41:00.025321: Epoch 32
2025-11-20 19:41:00.025458: Current learning rate: 0.00971
2025-11-20 19:42:08.273168: train_loss -0.4334
2025-11-20 19:42:08.276242: val_loss -0.4592
2025-11-20 19:42:08.278378: Pseudo dice [np.float32(0.8821), np.float32(0.7175), np.float32(0.0)]
2025-11-20 19:42:08.280496: Epoch time: 68.25 s
2025-11-20 19:42:08.282605: Yayy! New best EMA pseudo Dice: 0.5088000297546387
2025-11-20 19:42:11.206894: 
2025-11-20 19:42:11.207110: Epoch 33
2025-11-20 19:42:11.207260: Current learning rate: 0.0097
2025-11-20 19:43:20.856655: train_loss -0.44
2025-11-20 19:43:20.857360: val_loss -0.4334
2025-11-20 19:43:20.857509: Pseudo dice [np.float32(0.8773), np.float32(0.711), np.float32(0.0)]
2025-11-20 19:43:20.857645: Epoch time: 69.65 s
2025-11-20 19:43:20.857755: Yayy! New best EMA pseudo Dice: 0.5109000205993652
2025-11-20 19:43:22.257211: 
2025-11-20 19:43:22.257539: Epoch 34
2025-11-20 19:43:22.257690: Current learning rate: 0.00969
2025-11-20 19:44:32.700859: train_loss -0.4355
2025-11-20 19:44:32.707396: val_loss -0.461
2025-11-20 19:44:32.707626: Pseudo dice [np.float32(0.8883), np.float32(0.7126), np.float32(0.0)]
2025-11-20 19:44:32.707753: Epoch time: 70.44 s
2025-11-20 19:44:32.707851: Yayy! New best EMA pseudo Dice: 0.5131000280380249
2025-11-20 19:44:34.625533: 
2025-11-20 19:44:34.625761: Epoch 35
2025-11-20 19:44:34.625919: Current learning rate: 0.00968
2025-11-20 19:45:44.848516: train_loss -0.428
2025-11-20 19:45:44.849003: val_loss -0.4289
2025-11-20 19:45:44.849127: Pseudo dice [np.float32(0.8633), np.float32(0.7147), np.float32(0.0)]
2025-11-20 19:45:44.849259: Epoch time: 70.22 s
2025-11-20 19:45:44.849364: Yayy! New best EMA pseudo Dice: 0.5144000053405762
2025-11-20 19:45:46.178272: 
2025-11-20 19:45:46.178668: Epoch 36
2025-11-20 19:45:46.179071: Current learning rate: 0.00968
2025-11-20 19:46:53.009684: train_loss -0.4388
2025-11-20 19:46:53.013422: val_loss -0.4475
2025-11-20 19:46:53.014188: Pseudo dice [np.float32(0.8907), np.float32(0.7155), np.float32(0.0)]
2025-11-20 19:46:53.014383: Epoch time: 66.83 s
2025-11-20 19:46:53.014515: Yayy! New best EMA pseudo Dice: 0.5164999961853027
2025-11-20 19:46:54.514343: 
2025-11-20 19:46:54.514584: Epoch 37
2025-11-20 19:46:54.514770: Current learning rate: 0.00967
2025-11-20 19:48:03.399272: train_loss -0.4466
2025-11-20 19:48:03.401903: val_loss -0.4291
2025-11-20 19:48:03.402593: Pseudo dice [np.float32(0.8787), np.float32(0.7072), np.float32(0.0)]
2025-11-20 19:48:03.404015: Epoch time: 68.89 s
2025-11-20 19:48:03.404655: Yayy! New best EMA pseudo Dice: 0.5177000164985657
2025-11-20 19:48:05.267301: 
2025-11-20 19:48:05.267506: Epoch 38
2025-11-20 19:48:05.267649: Current learning rate: 0.00966
2025-11-20 19:49:16.958797: train_loss -0.435
2025-11-20 19:49:16.959294: val_loss -0.445
2025-11-20 19:49:16.959430: Pseudo dice [np.float32(0.883), np.float32(0.7215), np.float32(0.0)]
2025-11-20 19:49:16.959555: Epoch time: 71.69 s
2025-11-20 19:49:16.959658: Yayy! New best EMA pseudo Dice: 0.5194000005722046
2025-11-20 19:49:18.359195: 
2025-11-20 19:49:18.359427: Epoch 39
2025-11-20 19:49:18.359572: Current learning rate: 0.00965
2025-11-20 19:50:23.269602: train_loss -0.4299
2025-11-20 19:50:23.270114: val_loss -0.4337
2025-11-20 19:50:23.270387: Pseudo dice [np.float32(0.8993), np.float32(0.7272), np.float32(0.0)]
2025-11-20 19:50:23.270531: Epoch time: 64.91 s
2025-11-20 19:50:23.270647: Yayy! New best EMA pseudo Dice: 0.5217000246047974
2025-11-20 19:50:24.743617: 
2025-11-20 19:50:24.743908: Epoch 40
2025-11-20 19:50:24.744059: Current learning rate: 0.00964
2025-11-20 19:51:36.285560: train_loss -0.44
2025-11-20 19:51:36.287829: val_loss -0.4403
2025-11-20 19:51:36.289233: Pseudo dice [np.float32(0.8819), np.float32(0.7232), np.float32(0.0)]
2025-11-20 19:51:36.289921: Epoch time: 71.54 s
2025-11-20 19:51:36.291256: Yayy! New best EMA pseudo Dice: 0.5230000019073486
2025-11-20 19:51:38.295485: 
2025-11-20 19:51:38.295750: Epoch 41
2025-11-20 19:51:38.295891: Current learning rate: 0.00963
2025-11-20 19:52:51.096679: train_loss -0.4402
2025-11-20 19:52:51.100617: val_loss -0.4398
2025-11-20 19:52:51.102722: Pseudo dice [np.float32(0.8712), np.float32(0.7074), np.float32(0.0)]
2025-11-20 19:52:51.102978: Epoch time: 72.8 s
2025-11-20 19:52:51.103097: Yayy! New best EMA pseudo Dice: 0.5234000086784363
2025-11-20 19:52:52.817139: 
2025-11-20 19:52:52.817433: Epoch 42
2025-11-20 19:52:52.817566: Current learning rate: 0.00962
2025-11-20 19:54:07.540254: train_loss -0.439
2025-11-20 19:54:07.540738: val_loss -0.4497
2025-11-20 19:54:07.540872: Pseudo dice [np.float32(0.8896), np.float32(0.7387), np.float32(0.0)]
2025-11-20 19:54:07.541006: Epoch time: 74.72 s
2025-11-20 19:54:07.541113: Yayy! New best EMA pseudo Dice: 0.5253000259399414
2025-11-20 19:54:08.887207: 
2025-11-20 19:54:08.887425: Epoch 43
2025-11-20 19:54:08.887568: Current learning rate: 0.00961
2025-11-20 19:55:19.496609: train_loss -0.4343
2025-11-20 19:55:19.498880: val_loss -0.4564
2025-11-20 19:55:19.500268: Pseudo dice [np.float32(0.8844), np.float32(0.7309), np.float32(0.0)]
2025-11-20 19:55:19.500985: Epoch time: 70.61 s
2025-11-20 19:55:19.502317: Yayy! New best EMA pseudo Dice: 0.5266000032424927
2025-11-20 19:55:21.238567: 
2025-11-20 19:55:21.238802: Epoch 44
2025-11-20 19:55:21.238962: Current learning rate: 0.0096
2025-11-20 19:56:33.698453: train_loss -0.4394
2025-11-20 19:56:33.698961: val_loss -0.4631
2025-11-20 19:56:33.699116: Pseudo dice [np.float32(0.9004), np.float32(0.7355), np.float32(0.0)]
2025-11-20 19:56:33.699298: Epoch time: 72.46 s
2025-11-20 19:56:33.699482: Yayy! New best EMA pseudo Dice: 0.5285000205039978
2025-11-20 19:56:35.141994: 
2025-11-20 19:56:35.142242: Epoch 45
2025-11-20 19:56:35.142399: Current learning rate: 0.00959
2025-11-20 19:57:45.099865: train_loss -0.4486
2025-11-20 19:57:45.100319: val_loss -0.4492
2025-11-20 19:57:45.100453: Pseudo dice [np.float32(0.8872), np.float32(0.7228), np.float32(0.0)]
2025-11-20 19:57:45.100581: Epoch time: 69.96 s
2025-11-20 19:57:45.100699: Yayy! New best EMA pseudo Dice: 0.5292999744415283
2025-11-20 19:57:47.217120: 
2025-11-20 19:57:47.217542: Epoch 46
2025-11-20 19:57:47.217890: Current learning rate: 0.00959
2025-11-20 19:58:57.326660: train_loss -0.4548
2025-11-20 19:58:57.332597: val_loss -0.4264
2025-11-20 19:58:57.334698: Pseudo dice [np.float32(0.8851), np.float32(0.7042), np.float32(0.0009)]
2025-11-20 19:58:57.336807: Epoch time: 70.11 s
2025-11-20 19:58:57.338897: Yayy! New best EMA pseudo Dice: 0.5293999910354614
2025-11-20 19:58:58.894304: 
2025-11-20 19:58:58.894559: Epoch 47
2025-11-20 19:58:58.894789: Current learning rate: 0.00958
2025-11-20 20:00:09.977797: train_loss -0.4389
2025-11-20 20:00:09.978354: val_loss -0.4291
2025-11-20 20:00:09.978497: Pseudo dice [np.float32(0.871), np.float32(0.7142), np.float32(0.0302)]
2025-11-20 20:00:09.978633: Epoch time: 71.08 s
2025-11-20 20:00:09.978745: Yayy! New best EMA pseudo Dice: 0.5303000211715698
2025-11-20 20:00:11.355596: 
2025-11-20 20:00:11.355804: Epoch 48
2025-11-20 20:00:11.355963: Current learning rate: 0.00957
2025-11-20 20:01:18.602062: train_loss -0.4356
2025-11-20 20:01:18.604670: val_loss -0.4103
2025-11-20 20:01:18.605793: Pseudo dice [np.float32(0.8835), np.float32(0.7088), np.float32(0.08)]
2025-11-20 20:01:18.606724: Epoch time: 67.25 s
2025-11-20 20:01:18.607881: Yayy! New best EMA pseudo Dice: 0.5329999923706055
2025-11-20 20:01:20.263188: 
2025-11-20 20:01:20.263449: Epoch 49
2025-11-20 20:01:20.263600: Current learning rate: 0.00956
2025-11-20 20:02:30.729492: train_loss -0.4574
2025-11-20 20:02:30.732787: val_loss -0.4471
2025-11-20 20:02:30.734891: Pseudo dice [np.float32(0.8886), np.float32(0.7186), np.float32(0.006)]
2025-11-20 20:02:30.735095: Epoch time: 70.47 s
2025-11-20 20:02:31.111453: Yayy! New best EMA pseudo Dice: 0.5335000157356262
2025-11-20 20:02:32.442050: 
2025-11-20 20:02:32.442304: Epoch 50
2025-11-20 20:02:32.442437: Current learning rate: 0.00955
2025-11-20 20:03:44.200042: train_loss -0.4488
2025-11-20 20:03:44.202370: val_loss -0.435
2025-11-20 20:03:44.202573: Pseudo dice [np.float32(0.8836), np.float32(0.7094), np.float32(0.0721)]
2025-11-20 20:03:44.204429: Epoch time: 71.76 s
2025-11-20 20:03:44.206508: Yayy! New best EMA pseudo Dice: 0.5356000065803528
2025-11-20 20:03:45.694839: 
2025-11-20 20:03:45.695100: Epoch 51
2025-11-20 20:03:45.695256: Current learning rate: 0.00954
2025-11-20 20:04:53.543106: train_loss -0.4593
2025-11-20 20:04:53.543662: val_loss -0.4282
2025-11-20 20:04:53.543864: Pseudo dice [np.float32(0.8867), np.float32(0.695), np.float32(0.0719)]
2025-11-20 20:04:53.543994: Epoch time: 67.85 s
2025-11-20 20:04:53.544098: Yayy! New best EMA pseudo Dice: 0.5371999740600586
2025-11-20 20:04:55.204903: 
2025-11-20 20:04:55.205103: Epoch 52
2025-11-20 20:04:55.205266: Current learning rate: 0.00953
2025-11-20 20:06:05.373530: train_loss -0.4436
2025-11-20 20:06:05.380485: val_loss -0.4548
2025-11-20 20:06:05.382572: Pseudo dice [np.float32(0.8753), np.float32(0.7054), np.float32(0.0354)]
2025-11-20 20:06:05.384712: Epoch time: 70.17 s
2025-11-20 20:06:05.386785: Yayy! New best EMA pseudo Dice: 0.5372999906539917
2025-11-20 20:06:07.265022: 
2025-11-20 20:06:07.265302: Epoch 53
2025-11-20 20:06:07.265440: Current learning rate: 0.00952
2025-11-20 20:07:16.575419: train_loss -0.4532
2025-11-20 20:07:16.584460: val_loss -0.4934
2025-11-20 20:07:16.584650: Pseudo dice [np.float32(0.8926), np.float32(0.7347), np.float32(0.3484)]
2025-11-20 20:07:16.584785: Epoch time: 69.31 s
2025-11-20 20:07:16.584891: Yayy! New best EMA pseudo Dice: 0.5494999885559082
2025-11-20 20:07:18.182643: 
2025-11-20 20:07:18.182911: Epoch 54
2025-11-20 20:07:18.183077: Current learning rate: 0.00951
2025-11-20 20:08:26.281332: train_loss -0.4611
2025-11-20 20:08:26.285745: val_loss -0.4553
2025-11-20 20:08:26.287813: Pseudo dice [np.float32(0.8635), np.float32(0.7133), np.float32(0.0)]
2025-11-20 20:08:26.289877: Epoch time: 68.1 s
2025-11-20 20:08:27.860834: 
2025-11-20 20:08:27.861079: Epoch 55
2025-11-20 20:08:27.861261: Current learning rate: 0.0095
2025-11-20 20:09:40.479461: train_loss -0.4385
2025-11-20 20:09:40.482246: val_loss -0.4672
2025-11-20 20:09:40.483180: Pseudo dice [np.float32(0.8868), np.float32(0.7188), np.float32(0.0068)]
2025-11-20 20:09:40.484360: Epoch time: 72.62 s
2025-11-20 20:09:42.788114: 
2025-11-20 20:09:42.788424: Epoch 56
2025-11-20 20:09:42.788571: Current learning rate: 0.00949
2025-11-20 20:10:49.804099: train_loss -0.4481
2025-11-20 20:10:49.805683: val_loss -0.4467
2025-11-20 20:10:49.806895: Pseudo dice [np.float32(0.8713), np.float32(0.7112), np.float32(0.1054)]
2025-11-20 20:10:49.807778: Epoch time: 67.02 s
2025-11-20 20:10:51.584496: 
2025-11-20 20:10:51.584795: Epoch 57
2025-11-20 20:10:51.584956: Current learning rate: 0.00949
2025-11-20 20:12:01.655339: train_loss -0.4509
2025-11-20 20:12:01.655813: val_loss -0.4521
2025-11-20 20:12:01.655945: Pseudo dice [np.float32(0.883), np.float32(0.7089), np.float32(0.2273)]
2025-11-20 20:12:01.656071: Epoch time: 70.07 s
2025-11-20 20:12:01.656182: Yayy! New best EMA pseudo Dice: 0.553600013256073
2025-11-20 20:12:03.059474: 
2025-11-20 20:12:03.059689: Epoch 58
2025-11-20 20:12:03.059839: Current learning rate: 0.00948
2025-11-20 20:13:13.170766: train_loss -0.4411
2025-11-20 20:13:13.173055: val_loss -0.4559
2025-11-20 20:13:13.174525: Pseudo dice [np.float32(0.8934), np.float32(0.7242), np.float32(0.3485)]
2025-11-20 20:13:13.175149: Epoch time: 70.11 s
2025-11-20 20:13:13.176345: Yayy! New best EMA pseudo Dice: 0.5637999773025513
2025-11-20 20:13:15.456155: 
2025-11-20 20:13:15.456357: Epoch 59
2025-11-20 20:13:15.456500: Current learning rate: 0.00947
2025-11-20 20:14:30.337034: train_loss -0.4492
2025-11-20 20:14:30.341333: val_loss -0.4765
2025-11-20 20:14:30.343292: Pseudo dice [np.float32(0.8846), np.float32(0.7166), np.float32(0.2949)]
2025-11-20 20:14:30.343471: Epoch time: 74.88 s
2025-11-20 20:14:30.343653: Yayy! New best EMA pseudo Dice: 0.5705999732017517
2025-11-20 20:14:32.259476: 
2025-11-20 20:14:32.259694: Epoch 60
2025-11-20 20:14:32.259839: Current learning rate: 0.00946
2025-11-20 20:15:43.768466: train_loss -0.4582
2025-11-20 20:15:43.769094: val_loss -0.4431
2025-11-20 20:15:43.769249: Pseudo dice [np.float32(0.8916), np.float32(0.6927), np.float32(0.1136)]
2025-11-20 20:15:43.769383: Epoch time: 71.51 s
2025-11-20 20:15:44.977734: 
2025-11-20 20:15:44.978026: Epoch 61
2025-11-20 20:15:44.978181: Current learning rate: 0.00945
2025-11-20 20:16:50.119739: train_loss -0.4567
2025-11-20 20:16:50.122554: val_loss -0.4523
2025-11-20 20:16:50.123385: Pseudo dice [np.float32(0.8828), np.float32(0.694), np.float32(0.116)]
2025-11-20 20:16:50.124594: Epoch time: 65.14 s
2025-11-20 20:16:51.847189: 
2025-11-20 20:16:51.847459: Epoch 62
2025-11-20 20:16:51.847595: Current learning rate: 0.00944
2025-11-20 20:18:00.837524: train_loss -0.4694
2025-11-20 20:18:00.842052: val_loss -0.4776
2025-11-20 20:18:00.845119: Pseudo dice [np.float32(0.8797), np.float32(0.7221), np.float32(0.2349)]
2025-11-20 20:18:00.847197: Epoch time: 68.99 s
2025-11-20 20:18:00.847391: Yayy! New best EMA pseudo Dice: 0.5738000273704529
2025-11-20 20:18:02.728796: 
2025-11-20 20:18:02.728988: Epoch 63
2025-11-20 20:18:02.729120: Current learning rate: 0.00943
2025-11-20 20:19:14.585890: train_loss -0.4557
2025-11-20 20:19:14.589758: val_loss -0.4387
2025-11-20 20:19:14.591882: Pseudo dice [np.float32(0.8917), np.float32(0.7262), np.float32(0.342)]
2025-11-20 20:19:14.593990: Epoch time: 71.86 s
2025-11-20 20:19:14.596093: Yayy! New best EMA pseudo Dice: 0.5817999839782715
2025-11-20 20:19:16.335466: 
2025-11-20 20:19:16.335776: Epoch 64
2025-11-20 20:19:16.336056: Current learning rate: 0.00942
2025-11-20 20:20:27.278384: train_loss -0.4495
2025-11-20 20:20:27.289304: val_loss -0.4449
2025-11-20 20:20:27.289530: Pseudo dice [np.float32(0.8773), np.float32(0.7153), np.float32(0.1789)]
2025-11-20 20:20:27.289679: Epoch time: 70.94 s
2025-11-20 20:20:27.289840: Yayy! New best EMA pseudo Dice: 0.5827000141143799
2025-11-20 20:20:28.832204: 
2025-11-20 20:20:28.832461: Epoch 65
2025-11-20 20:20:28.832650: Current learning rate: 0.00941
2025-11-20 20:21:39.850280: train_loss -0.4604
2025-11-20 20:21:39.852588: val_loss -0.4359
2025-11-20 20:21:39.854032: Pseudo dice [np.float32(0.8809), np.float32(0.705), np.float32(0.0549)]
2025-11-20 20:21:39.854687: Epoch time: 71.02 s
2025-11-20 20:21:41.985708: 
2025-11-20 20:21:41.985884: Epoch 66
2025-11-20 20:21:41.986022: Current learning rate: 0.0094
2025-11-20 20:22:53.156892: train_loss -0.4474
2025-11-20 20:22:53.157510: val_loss -0.4305
2025-11-20 20:22:53.157664: Pseudo dice [np.float32(0.8844), np.float32(0.7251), np.float32(0.1278)]
2025-11-20 20:22:53.158010: Epoch time: 71.17 s
2025-11-20 20:22:54.295192: 
2025-11-20 20:22:54.295479: Epoch 67
2025-11-20 20:22:54.295624: Current learning rate: 0.00939
2025-11-20 20:24:05.423708: train_loss -0.4693
2025-11-20 20:24:05.425484: val_loss -0.4787
2025-11-20 20:24:05.425635: Pseudo dice [np.float32(0.8922), np.float32(0.7304), np.float32(0.3019)]
2025-11-20 20:24:05.425764: Epoch time: 71.13 s
2025-11-20 20:24:05.425870: Yayy! New best EMA pseudo Dice: 0.5853000283241272
2025-11-20 20:24:07.012392: 
2025-11-20 20:24:07.012635: Epoch 68
2025-11-20 20:24:07.012778: Current learning rate: 0.00939
2025-11-20 20:25:19.585734: train_loss -0.4685
2025-11-20 20:25:19.586237: val_loss -0.4456
2025-11-20 20:25:19.586388: Pseudo dice [np.float32(0.8864), np.float32(0.718), np.float32(0.1698)]
2025-11-20 20:25:19.586522: Epoch time: 72.57 s
2025-11-20 20:25:19.586634: Yayy! New best EMA pseudo Dice: 0.5859000086784363
2025-11-20 20:25:21.092734: 
2025-11-20 20:25:21.092982: Epoch 69
2025-11-20 20:25:21.093170: Current learning rate: 0.00938
2025-11-20 20:26:31.519267: train_loss -0.4501
2025-11-20 20:26:31.519818: val_loss -0.4832
2025-11-20 20:26:31.519957: Pseudo dice [np.float32(0.8801), np.float32(0.7368), np.float32(0.2237)]
2025-11-20 20:26:31.520089: Epoch time: 70.43 s
2025-11-20 20:26:31.520202: Yayy! New best EMA pseudo Dice: 0.588699996471405
2025-11-20 20:26:33.005634: 
2025-11-20 20:26:33.005989: Epoch 70
2025-11-20 20:26:33.006207: Current learning rate: 0.00937
2025-11-20 20:27:44.767626: train_loss -0.4557
2025-11-20 20:27:44.771384: val_loss -0.455
2025-11-20 20:27:44.773502: Pseudo dice [np.float32(0.8903), np.float32(0.7432), np.float32(0.3661)]
2025-11-20 20:27:44.775597: Epoch time: 71.76 s
2025-11-20 20:27:44.777668: Yayy! New best EMA pseudo Dice: 0.5964999794960022
2025-11-20 20:27:47.535198: 
2025-11-20 20:27:47.535421: Epoch 71
2025-11-20 20:27:47.535566: Current learning rate: 0.00936
2025-11-20 20:28:59.328220: train_loss -0.4698
2025-11-20 20:28:59.340296: val_loss -0.4246
2025-11-20 20:28:59.340558: Pseudo dice [np.float32(0.9022), np.float32(0.7026), np.float32(0.0429)]
2025-11-20 20:28:59.340705: Epoch time: 71.79 s
2025-11-20 20:29:00.775708: 
2025-11-20 20:29:00.776716: Epoch 72
2025-11-20 20:29:00.778877: Current learning rate: 0.00935
2025-11-20 20:30:13.850660: train_loss -0.4743
2025-11-20 20:30:13.853602: val_loss -0.4663
2025-11-20 20:30:13.855201: Pseudo dice [np.float32(0.89), np.float32(0.7246), np.float32(0.1384)]
2025-11-20 20:30:13.855651: Epoch time: 73.08 s
2025-11-20 20:30:15.800728: 
2025-11-20 20:30:15.800948: Epoch 73
2025-11-20 20:30:15.801093: Current learning rate: 0.00934
2025-11-20 20:31:28.884234: train_loss -0.4771
2025-11-20 20:31:28.888729: val_loss -0.4502
2025-11-20 20:31:28.889529: Pseudo dice [np.float32(0.8793), np.float32(0.7087), np.float32(0.1927)]
2025-11-20 20:31:28.890793: Epoch time: 73.08 s
2025-11-20 20:31:30.205912: 
2025-11-20 20:31:30.206115: Epoch 74
2025-11-20 20:31:30.206289: Current learning rate: 0.00933
2025-11-20 20:32:35.305526: train_loss -0.4568
2025-11-20 20:32:35.307778: val_loss -0.4613
2025-11-20 20:32:35.309285: Pseudo dice [np.float32(0.8871), np.float32(0.7252), np.float32(0.0412)]
2025-11-20 20:32:35.309875: Epoch time: 65.1 s
2025-11-20 20:32:36.460537: 
2025-11-20 20:32:36.460809: Epoch 75
2025-11-20 20:32:36.460953: Current learning rate: 0.00932
2025-11-20 20:33:44.914614: train_loss -0.4711
2025-11-20 20:33:44.916228: val_loss -0.4893
2025-11-20 20:33:44.917547: Pseudo dice [np.float32(0.8918), np.float32(0.7275), np.float32(0.237)]
2025-11-20 20:33:44.918257: Epoch time: 68.46 s
2025-11-20 20:33:46.380466: 
2025-11-20 20:33:46.380783: Epoch 76
2025-11-20 20:33:46.380942: Current learning rate: 0.00931
2025-11-20 20:34:55.702461: train_loss -0.4772
2025-11-20 20:34:55.705023: val_loss -0.4644
2025-11-20 20:34:55.707606: Pseudo dice [np.float32(0.8944), np.float32(0.7169), np.float32(0.1379)]
2025-11-20 20:34:55.708077: Epoch time: 69.32 s
2025-11-20 20:34:57.080639: 
2025-11-20 20:34:57.080842: Epoch 77
2025-11-20 20:34:57.080975: Current learning rate: 0.0093
2025-11-20 20:36:08.951688: train_loss -0.467
2025-11-20 20:36:08.954417: val_loss -0.4481
2025-11-20 20:36:08.955523: Pseudo dice [np.float32(0.8941), np.float32(0.7181), np.float32(0.0729)]
2025-11-20 20:36:08.956498: Epoch time: 71.87 s
2025-11-20 20:36:10.914974: 
2025-11-20 20:36:10.915259: Epoch 78
2025-11-20 20:36:10.915404: Current learning rate: 0.0093
2025-11-20 20:37:21.392693: train_loss -0.4705
2025-11-20 20:37:21.396179: val_loss -0.476
2025-11-20 20:37:21.398263: Pseudo dice [np.float32(0.8961), np.float32(0.7251), np.float32(0.2643)]
2025-11-20 20:37:21.400352: Epoch time: 70.48 s
2025-11-20 20:37:23.122980: 
2025-11-20 20:37:23.123204: Epoch 79
2025-11-20 20:37:23.123350: Current learning rate: 0.00929
2025-11-20 20:38:33.218105: train_loss -0.4689
2025-11-20 20:38:33.220167: val_loss -0.4565
2025-11-20 20:38:33.221776: Pseudo dice [np.float32(0.8721), np.float32(0.7149), np.float32(0.0952)]
2025-11-20 20:38:33.222298: Epoch time: 70.1 s
2025-11-20 20:38:34.568345: 
2025-11-20 20:38:34.568566: Epoch 80
2025-11-20 20:38:34.568751: Current learning rate: 0.00928
2025-11-20 20:39:43.744328: train_loss -0.4623
2025-11-20 20:39:43.744817: val_loss -0.4473
2025-11-20 20:39:43.744956: Pseudo dice [np.float32(0.9006), np.float32(0.7113), np.float32(0.15)]
2025-11-20 20:39:43.745095: Epoch time: 69.18 s
2025-11-20 20:39:44.900213: 
2025-11-20 20:39:44.900426: Epoch 81
2025-11-20 20:39:44.900612: Current learning rate: 0.00927
2025-11-20 20:40:55.991785: train_loss -0.4574
2025-11-20 20:40:55.995601: val_loss -0.4819
2025-11-20 20:40:55.997722: Pseudo dice [np.float32(0.889), np.float32(0.7194), np.float32(0.2198)]
2025-11-20 20:40:55.999876: Epoch time: 71.09 s
2025-11-20 20:40:58.044930: 
2025-11-20 20:40:58.045153: Epoch 82
2025-11-20 20:40:58.045329: Current learning rate: 0.00926
2025-11-20 20:42:11.296625: train_loss -0.4686
2025-11-20 20:42:11.302318: val_loss -0.4596
2025-11-20 20:42:11.304301: Pseudo dice [np.float32(0.8794), np.float32(0.7215), np.float32(0.2841)]
2025-11-20 20:42:11.306425: Epoch time: 73.25 s
2025-11-20 20:42:13.665874: 
2025-11-20 20:42:13.666104: Epoch 83
2025-11-20 20:42:13.666255: Current learning rate: 0.00925
2025-11-20 20:43:27.512934: train_loss -0.4534
2025-11-20 20:43:27.513404: val_loss -0.436
2025-11-20 20:43:27.513536: Pseudo dice [np.float32(0.8714), np.float32(0.7091), np.float32(0.0754)]
2025-11-20 20:43:27.513685: Epoch time: 73.85 s
2025-11-20 20:43:28.636243: 
2025-11-20 20:43:28.636457: Epoch 84
2025-11-20 20:43:28.636606: Current learning rate: 0.00924
2025-11-20 20:44:40.921597: train_loss -0.4567
2025-11-20 20:44:40.922191: val_loss -0.4405
2025-11-20 20:44:40.922363: Pseudo dice [np.float32(0.881), np.float32(0.7087), np.float32(0.0662)]
2025-11-20 20:44:40.922499: Epoch time: 72.29 s
2025-11-20 20:44:42.084042: 
2025-11-20 20:44:42.084304: Epoch 85
2025-11-20 20:44:42.084454: Current learning rate: 0.00923
2025-11-20 20:45:49.172521: train_loss -0.4722
2025-11-20 20:45:49.176864: val_loss -0.4944
2025-11-20 20:45:49.178931: Pseudo dice [np.float32(0.8921), np.float32(0.7333), np.float32(0.4544)]
2025-11-20 20:45:49.181009: Epoch time: 67.09 s
2025-11-20 20:45:49.181156: Yayy! New best EMA pseudo Dice: 0.5967000126838684
2025-11-20 20:45:50.777714: 
2025-11-20 20:45:50.777985: Epoch 86
2025-11-20 20:45:50.778131: Current learning rate: 0.00922
2025-11-20 20:46:58.101912: train_loss -0.4716
2025-11-20 20:46:58.105524: val_loss -0.4488
2025-11-20 20:46:58.106722: Pseudo dice [np.float32(0.8846), np.float32(0.7347), np.float32(0.5245)]
2025-11-20 20:46:58.107596: Epoch time: 67.33 s
2025-11-20 20:46:58.108549: Yayy! New best EMA pseudo Dice: 0.6085000038146973
2025-11-20 20:47:00.012563: 
2025-11-20 20:47:00.012752: Epoch 87
2025-11-20 20:47:00.012914: Current learning rate: 0.00921
2025-11-20 20:48:09.422029: train_loss -0.4644
2025-11-20 20:48:09.424309: val_loss -0.4745
2025-11-20 20:48:09.426008: Pseudo dice [np.float32(0.8985), np.float32(0.7172), np.float32(0.3576)]
2025-11-20 20:48:09.426167: Epoch time: 69.41 s
2025-11-20 20:48:09.426274: Yayy! New best EMA pseudo Dice: 0.6133999824523926
2025-11-20 20:48:11.129116: 
2025-11-20 20:48:11.129321: Epoch 88
2025-11-20 20:48:11.129453: Current learning rate: 0.0092
2025-11-20 20:49:21.201564: train_loss -0.4888
2025-11-20 20:49:21.207302: val_loss -0.4734
2025-11-20 20:49:21.220652: Pseudo dice [np.float32(0.895), np.float32(0.7437), np.float32(0.295)]
2025-11-20 20:49:21.224779: Epoch time: 70.07 s
2025-11-20 20:49:21.230991: Yayy! New best EMA pseudo Dice: 0.6165000200271606
2025-11-20 20:49:24.043327: 
2025-11-20 20:49:24.043655: Epoch 89
2025-11-20 20:49:24.043875: Current learning rate: 0.0092
2025-11-20 20:50:35.745315: train_loss -0.4855
2025-11-20 20:50:35.752136: val_loss -0.4535
2025-11-20 20:50:35.754210: Pseudo dice [np.float32(0.8916), np.float32(0.7214), np.float32(0.3248)]
2025-11-20 20:50:35.756299: Epoch time: 71.7 s
2025-11-20 20:50:35.758386: Yayy! New best EMA pseudo Dice: 0.6194999814033508
2025-11-20 20:50:37.731068: 
2025-11-20 20:50:37.731318: Epoch 90
2025-11-20 20:50:37.731467: Current learning rate: 0.00919
2025-11-20 20:51:47.969391: train_loss -0.4778
2025-11-20 20:51:47.973292: val_loss -0.424
2025-11-20 20:51:47.973547: Pseudo dice [np.float32(0.8942), np.float32(0.7261), np.float32(0.2494)]
2025-11-20 20:51:47.973681: Epoch time: 70.24 s
2025-11-20 20:51:47.973788: Yayy! New best EMA pseudo Dice: 0.6197999715805054
2025-11-20 20:51:49.531512: 
2025-11-20 20:51:49.531710: Epoch 91
2025-11-20 20:51:49.531854: Current learning rate: 0.00918
2025-11-20 20:52:59.270014: train_loss -0.4746
2025-11-20 20:52:59.275800: val_loss -0.4701
2025-11-20 20:52:59.277865: Pseudo dice [np.float32(0.8959), np.float32(0.7036), np.float32(0.4242)]
2025-11-20 20:52:59.279937: Epoch time: 69.74 s
2025-11-20 20:52:59.281989: Yayy! New best EMA pseudo Dice: 0.6252999901771545
2025-11-20 20:53:00.807108: 
2025-11-20 20:53:00.807331: Epoch 92
2025-11-20 20:53:00.807490: Current learning rate: 0.00917
2025-11-20 20:54:09.309273: train_loss -0.4766
2025-11-20 20:54:09.311272: val_loss -0.4623
2025-11-20 20:54:09.313049: Pseudo dice [np.float32(0.8895), np.float32(0.7107), np.float32(0.2062)]
2025-11-20 20:54:09.313312: Epoch time: 68.5 s
2025-11-20 20:54:10.428679: 
2025-11-20 20:54:10.428938: Epoch 93
2025-11-20 20:54:10.429097: Current learning rate: 0.00916
2025-11-20 20:55:19.482008: train_loss -0.4689
2025-11-20 20:55:19.485880: val_loss -0.4723
2025-11-20 20:55:19.488001: Pseudo dice [np.float32(0.8891), np.float32(0.6765), np.float32(0.4367)]
2025-11-20 20:55:19.488247: Epoch time: 69.05 s
2025-11-20 20:55:19.488388: Yayy! New best EMA pseudo Dice: 0.6273999810218811
2025-11-20 20:55:21.152434: 
2025-11-20 20:55:21.152649: Epoch 94
2025-11-20 20:55:21.152816: Current learning rate: 0.00915
2025-11-20 20:56:31.240612: train_loss -0.4673
2025-11-20 20:56:31.246274: val_loss -0.4716
2025-11-20 20:56:31.246528: Pseudo dice [np.float32(0.8842), np.float32(0.7366), np.float32(0.2283)]
2025-11-20 20:56:31.246675: Epoch time: 70.09 s
2025-11-20 20:56:33.022468: 
2025-11-20 20:56:33.022775: Epoch 95
2025-11-20 20:56:33.022937: Current learning rate: 0.00914
2025-11-20 20:57:40.823852: train_loss -0.4776
2025-11-20 20:57:40.824323: val_loss -0.4592
2025-11-20 20:57:40.824452: Pseudo dice [np.float32(0.8903), np.float32(0.7324), np.float32(0.372)]
2025-11-20 20:57:40.824622: Epoch time: 67.8 s
2025-11-20 20:57:40.824729: Yayy! New best EMA pseudo Dice: 0.6302000284194946
2025-11-20 20:57:42.210547: 
2025-11-20 20:57:42.210804: Epoch 96
2025-11-20 20:57:42.210938: Current learning rate: 0.00913
2025-11-20 20:58:56.323800: train_loss -0.4828
2025-11-20 20:58:56.329720: val_loss -0.4646
2025-11-20 20:58:56.331762: Pseudo dice [np.float32(0.8916), np.float32(0.7023), np.float32(0.3418)]
2025-11-20 20:58:56.333827: Epoch time: 74.11 s
2025-11-20 20:58:56.334018: Yayy! New best EMA pseudo Dice: 0.6316999793052673
2025-11-20 20:58:58.378359: 
2025-11-20 20:58:58.378587: Epoch 97
2025-11-20 20:58:58.378743: Current learning rate: 0.00912
2025-11-20 21:00:09.978741: train_loss -0.4803
2025-11-20 21:00:09.979336: val_loss -0.4821
2025-11-20 21:00:09.979533: Pseudo dice [np.float32(0.8923), np.float32(0.7417), np.float32(0.2377)]
2025-11-20 21:00:09.979678: Epoch time: 71.6 s
2025-11-20 21:00:11.101495: 
2025-11-20 21:00:11.101766: Epoch 98
2025-11-20 21:00:11.101914: Current learning rate: 0.00911
2025-11-20 21:01:23.167126: train_loss -0.4739
2025-11-20 21:01:23.176011: val_loss -0.4346
2025-11-20 21:01:23.178133: Pseudo dice [np.float32(0.902), np.float32(0.7322), np.float32(0.2324)]
2025-11-20 21:01:23.179758: Epoch time: 72.07 s
2025-11-20 21:01:24.938260: 
2025-11-20 21:01:24.938505: Epoch 99
2025-11-20 21:01:24.938662: Current learning rate: 0.0091
2025-11-20 21:02:33.280782: train_loss -0.4745
2025-11-20 21:02:33.281280: val_loss -0.4426
2025-11-20 21:02:33.281408: Pseudo dice [np.float32(0.8786), np.float32(0.7111), np.float32(0.2806)]
2025-11-20 21:02:33.281515: Epoch time: 68.34 s
2025-11-20 21:02:34.758196: 
2025-11-20 21:02:34.758394: Epoch 100
2025-11-20 21:02:34.758522: Current learning rate: 0.0091
2025-11-20 21:03:45.862298: train_loss -0.4731
2025-11-20 21:03:45.862559: val_loss -0.4541
2025-11-20 21:03:45.862666: Pseudo dice [np.float32(0.8963), np.float32(0.7385), np.float32(0.3444)]
2025-11-20 21:03:45.862771: Epoch time: 71.11 s
2025-11-20 21:03:45.862861: Yayy! New best EMA pseudo Dice: 0.6323999762535095
2025-11-20 21:03:48.074160: 
2025-11-20 21:03:48.074377: Epoch 101
2025-11-20 21:03:48.074499: Current learning rate: 0.00909
2025-11-20 21:05:02.936539: train_loss -0.482
2025-11-20 21:05:02.952438: val_loss -0.487
2025-11-20 21:05:02.952595: Pseudo dice [np.float32(0.8888), np.float32(0.7093), np.float32(0.4259)]
2025-11-20 21:05:02.952704: Epoch time: 74.86 s
2025-11-20 21:05:02.952790: Yayy! New best EMA pseudo Dice: 0.6366000175476074
2025-11-20 21:05:05.014908: 
2025-11-20 21:05:05.015096: Epoch 102
2025-11-20 21:05:05.015324: Current learning rate: 0.00908
2025-11-20 21:06:15.813967: train_loss -0.4666
2025-11-20 21:06:15.814258: val_loss -0.452
2025-11-20 21:06:15.814379: Pseudo dice [np.float32(0.8873), np.float32(0.7103), np.float32(0.0853)]
2025-11-20 21:06:15.814485: Epoch time: 70.8 s
2025-11-20 21:06:16.909429: 
2025-11-20 21:06:16.909601: Epoch 103
2025-11-20 21:06:16.909713: Current learning rate: 0.00907
2025-11-20 21:07:28.609074: train_loss -0.5307
2025-11-20 21:07:28.609329: val_loss -0.5921
2025-11-20 21:07:28.609436: Pseudo dice [np.float32(0.8677), np.float32(0.6937), np.float32(0.0)]
2025-11-20 21:07:28.609539: Epoch time: 71.7 s
2025-11-20 21:07:30.457976: 
2025-11-20 21:07:30.458151: Epoch 104
2025-11-20 21:07:30.458282: Current learning rate: 0.00906
2025-11-20 21:08:40.657151: train_loss -0.5859
2025-11-20 21:08:40.657521: val_loss -0.5776
2025-11-20 21:08:40.657637: Pseudo dice [np.float32(0.8943), np.float32(0.731), np.float32(0.0)]
2025-11-20 21:08:40.657743: Epoch time: 70.2 s
2025-11-20 21:08:41.762345: 
2025-11-20 21:08:41.762618: Epoch 105
2025-11-20 21:08:41.762746: Current learning rate: 0.00905
2025-11-20 21:09:51.619678: train_loss -0.601
2025-11-20 21:09:51.620039: val_loss -0.5696
2025-11-20 21:09:51.620148: Pseudo dice [np.float32(0.8919), np.float32(0.7324), np.float32(0.0)]
2025-11-20 21:09:51.620260: Epoch time: 69.86 s
2025-11-20 21:09:53.103132: 
2025-11-20 21:09:53.103312: Epoch 106
2025-11-20 21:09:53.103435: Current learning rate: 0.00904
2025-11-20 21:10:59.830720: train_loss -0.603
2025-11-20 21:10:59.830946: val_loss -0.5938
2025-11-20 21:10:59.831050: Pseudo dice [np.float32(0.903), np.float32(0.7279), np.float32(0.0)]
2025-11-20 21:10:59.831150: Epoch time: 66.73 s
2025-11-20 21:11:00.910785: 
2025-11-20 21:11:00.910982: Epoch 107
2025-11-20 21:11:00.911110: Current learning rate: 0.00903
2025-11-20 21:12:15.131504: train_loss -0.573
2025-11-20 21:12:15.131750: val_loss -0.6399
2025-11-20 21:12:15.131857: Pseudo dice [np.float32(0.8826), np.float32(0.729), np.float32(0.0)]
2025-11-20 21:12:15.131961: Epoch time: 74.22 s
2025-11-20 21:12:16.585592: 
2025-11-20 21:12:16.585778: Epoch 108
2025-11-20 21:12:16.585900: Current learning rate: 0.00902
2025-11-20 21:13:25.886143: train_loss -0.6003
2025-11-20 21:13:25.886476: val_loss -0.5838
2025-11-20 21:13:25.886585: Pseudo dice [np.float32(0.8783), np.float32(0.7318), np.float32(0.0)]
2025-11-20 21:13:25.886691: Epoch time: 69.3 s
2025-11-20 21:13:27.461508: 
2025-11-20 21:13:27.461722: Epoch 109
2025-11-20 21:13:27.461843: Current learning rate: 0.00901
2025-11-20 21:14:37.773226: train_loss -0.6518
2025-11-20 21:14:37.773477: val_loss -0.6755
2025-11-20 21:14:37.773581: Pseudo dice [np.float32(0.8923), np.float32(0.7333), np.float32(0.0)]
2025-11-20 21:14:37.773684: Epoch time: 70.31 s
2025-11-20 21:14:38.854974: 
2025-11-20 21:14:38.855181: Epoch 110
2025-11-20 21:14:38.855311: Current learning rate: 0.009
2025-11-20 21:15:50.456013: train_loss -0.6766
2025-11-20 21:15:50.457048: val_loss -0.6585
2025-11-20 21:15:50.457161: Pseudo dice [np.float32(0.8908), np.float32(0.7071), np.float32(0.0)]
2025-11-20 21:15:50.457273: Epoch time: 71.6 s
2025-11-20 21:15:51.723135: 
2025-11-20 21:15:51.723402: Epoch 111
2025-11-20 21:15:51.723524: Current learning rate: 0.009
2025-11-20 21:17:01.269810: train_loss -0.682
2025-11-20 21:17:01.270056: val_loss -0.6597
2025-11-20 21:17:01.270162: Pseudo dice [np.float32(0.8847), np.float32(0.7151), np.float32(0.0)]
2025-11-20 21:17:01.270275: Epoch time: 69.55 s
2025-11-20 21:17:03.274600: 
2025-11-20 21:17:03.274817: Epoch 112
2025-11-20 21:17:03.274937: Current learning rate: 0.00899
2025-11-20 21:18:14.628712: train_loss -0.6763
2025-11-20 21:18:14.628975: val_loss -0.6705
2025-11-20 21:18:14.629083: Pseudo dice [np.float32(0.8907), np.float32(0.6964), np.float32(0.0)]
2025-11-20 21:18:14.629192: Epoch time: 71.36 s
2025-11-20 21:18:16.783894: 
2025-11-20 21:18:16.784078: Epoch 113
2025-11-20 21:18:16.784198: Current learning rate: 0.00898
2025-11-20 21:19:25.375532: train_loss -0.6831
2025-11-20 21:19:25.375785: val_loss -0.6819
2025-11-20 21:19:25.375888: Pseudo dice [np.float32(0.9134), np.float32(0.7268), np.float32(0.0)]
2025-11-20 21:19:25.375993: Epoch time: 68.59 s
2025-11-20 21:19:26.475858: 
2025-11-20 21:19:26.476085: Epoch 114
2025-11-20 21:19:26.476277: Current learning rate: 0.00897
2025-11-20 21:20:35.606887: train_loss -0.6923
2025-11-20 21:20:35.607146: val_loss -0.6494
2025-11-20 21:20:35.607260: Pseudo dice [np.float32(0.883), np.float32(0.7256), np.float32(0.0)]
2025-11-20 21:20:35.607370: Epoch time: 69.13 s
2025-11-20 21:20:36.873953: 
2025-11-20 21:20:36.874131: Epoch 115
2025-11-20 21:20:36.874264: Current learning rate: 0.00896
2025-11-20 21:21:44.963148: train_loss -0.6871
2025-11-20 21:21:44.963425: val_loss -0.6712
2025-11-20 21:21:44.963535: Pseudo dice [np.float32(0.8886), np.float32(0.729), np.float32(0.0)]
2025-11-20 21:21:44.963638: Epoch time: 68.09 s
2025-11-20 21:21:46.106300: 
2025-11-20 21:21:46.106492: Epoch 116
2025-11-20 21:21:46.106615: Current learning rate: 0.00895
2025-11-20 21:22:52.739976: train_loss -0.6785
2025-11-20 21:22:52.740339: val_loss -0.6825
2025-11-20 21:22:52.740446: Pseudo dice [np.float32(0.8988), np.float32(0.7553), np.float32(0.0)]
2025-11-20 21:22:52.740551: Epoch time: 66.63 s
2025-11-20 21:22:53.924605: 
2025-11-20 21:22:53.924871: Epoch 117
2025-11-20 21:22:53.924996: Current learning rate: 0.00894
2025-11-20 21:24:04.635314: train_loss -0.6861
2025-11-20 21:24:04.636227: val_loss -0.6937
2025-11-20 21:24:04.636342: Pseudo dice [np.float32(0.9085), np.float32(0.7469), np.float32(0.0)]
2025-11-20 21:24:04.636452: Epoch time: 70.71 s
2025-11-20 21:24:06.089095: 
2025-11-20 21:24:06.089375: Epoch 118
2025-11-20 21:24:06.089502: Current learning rate: 0.00893
2025-11-20 21:25:16.049262: train_loss -0.6868
2025-11-20 21:25:16.049502: val_loss -0.6878
2025-11-20 21:25:16.049603: Pseudo dice [np.float32(0.8814), np.float32(0.7281), np.float32(0.0)]
2025-11-20 21:25:16.049705: Epoch time: 69.96 s
2025-11-20 21:25:17.198750: 
2025-11-20 21:25:17.198951: Epoch 119
2025-11-20 21:25:17.199081: Current learning rate: 0.00892
2025-11-20 21:26:27.662570: train_loss -0.6892
2025-11-20 21:26:27.662899: val_loss -0.6439
2025-11-20 21:26:27.663004: Pseudo dice [np.float32(0.8918), np.float32(0.7356), np.float32(0.0)]
2025-11-20 21:26:27.663106: Epoch time: 70.46 s
2025-11-20 21:26:28.796271: 
2025-11-20 21:26:28.796512: Epoch 120
2025-11-20 21:26:28.796641: Current learning rate: 0.00891
2025-11-20 21:27:38.341659: train_loss -0.6736
2025-11-20 21:27:38.342012: val_loss -0.6506
2025-11-20 21:27:38.342121: Pseudo dice [np.float32(0.8926), np.float32(0.7173), np.float32(0.0)]
2025-11-20 21:27:38.342231: Epoch time: 69.55 s
2025-11-20 21:27:39.503342: 
2025-11-20 21:27:39.503526: Epoch 121
2025-11-20 21:27:39.503649: Current learning rate: 0.0089
2025-11-20 21:28:49.164318: train_loss -0.6799
2025-11-20 21:28:49.174889: val_loss -0.6488
2025-11-20 21:28:49.175180: Pseudo dice [np.float32(0.8972), np.float32(0.7458), np.float32(0.0)]
2025-11-20 21:28:49.175295: Epoch time: 69.66 s
2025-11-20 21:28:51.842310: 
2025-11-20 21:28:51.842499: Epoch 122
2025-11-20 21:28:51.842620: Current learning rate: 0.00889
2025-11-20 21:30:05.280563: train_loss -0.7015
2025-11-20 21:30:05.281440: val_loss -0.6955
2025-11-20 21:30:05.281546: Pseudo dice [np.float32(0.8895), np.float32(0.7431), np.float32(0.0)]
2025-11-20 21:30:05.281644: Epoch time: 73.44 s
2025-11-20 21:30:06.797431: 
2025-11-20 21:30:06.797662: Epoch 123
2025-11-20 21:30:06.797789: Current learning rate: 0.00889
2025-11-20 21:31:23.408321: train_loss -0.6788
2025-11-20 21:31:23.408576: val_loss -0.6634
2025-11-20 21:31:23.408680: Pseudo dice [np.float32(0.8938), np.float32(0.7254), np.float32(0.0)]
2025-11-20 21:31:23.408781: Epoch time: 76.61 s
2025-11-20 21:31:24.875118: 
2025-11-20 21:31:24.875417: Epoch 124
2025-11-20 21:31:24.875541: Current learning rate: 0.00888
2025-11-20 21:32:34.757792: train_loss -0.6863
2025-11-20 21:32:34.758033: val_loss -0.6566
2025-11-20 21:32:34.758137: Pseudo dice [np.float32(0.8815), np.float32(0.7385), np.float32(0.0)]
2025-11-20 21:32:34.758251: Epoch time: 69.88 s
2025-11-20 21:32:36.021306: 
2025-11-20 21:32:36.021520: Epoch 125
2025-11-20 21:32:36.021641: Current learning rate: 0.00887
2025-11-20 21:33:43.273941: train_loss -0.6841
2025-11-20 21:33:43.275948: val_loss -0.6968
2025-11-20 21:33:43.276054: Pseudo dice [np.float32(0.8924), np.float32(0.7327), np.float32(0.0)]
2025-11-20 21:33:43.276151: Epoch time: 67.25 s
2025-11-20 21:33:44.518401: 
2025-11-20 21:33:44.518704: Epoch 126
2025-11-20 21:33:44.518834: Current learning rate: 0.00886
2025-11-20 21:34:52.850563: train_loss -0.6927
2025-11-20 21:34:52.850907: val_loss -0.6528
2025-11-20 21:34:52.851014: Pseudo dice [np.float32(0.8863), np.float32(0.7093), np.float32(0.0)]
2025-11-20 21:34:52.851115: Epoch time: 68.33 s
2025-11-20 21:34:54.422099: 
2025-11-20 21:34:54.422292: Epoch 127
2025-11-20 21:34:54.422424: Current learning rate: 0.00885
2025-11-20 21:36:03.626851: train_loss -0.6797
2025-11-20 21:36:03.627209: val_loss -0.6772
2025-11-20 21:36:03.627324: Pseudo dice [np.float32(0.9005), np.float32(0.7551), np.float32(0.0)]
2025-11-20 21:36:03.627433: Epoch time: 69.21 s
2025-11-20 21:36:04.750982: 
2025-11-20 21:36:04.751246: Epoch 128
2025-11-20 21:36:04.751379: Current learning rate: 0.00884
2025-11-20 21:37:13.813267: train_loss -0.6704
2025-11-20 21:37:13.813514: val_loss -0.6628
2025-11-20 21:37:13.813616: Pseudo dice [np.float32(0.8898), np.float32(0.71), np.float32(0.0)]
2025-11-20 21:37:13.813716: Epoch time: 69.06 s
2025-11-20 21:37:14.960807: 
2025-11-20 21:37:14.961018: Epoch 129
2025-11-20 21:37:14.961143: Current learning rate: 0.00883
2025-11-20 21:38:23.569898: train_loss -0.6962
2025-11-20 21:38:23.570264: val_loss -0.7165
2025-11-20 21:38:23.570379: Pseudo dice [np.float32(0.8982), np.float32(0.7337), np.float32(0.0)]
2025-11-20 21:38:23.570487: Epoch time: 68.61 s
2025-11-20 21:38:24.928689: 
2025-11-20 21:38:24.928864: Epoch 130
2025-11-20 21:38:24.928986: Current learning rate: 0.00882
2025-11-20 21:39:35.177304: train_loss -0.6833
2025-11-20 21:39:35.177546: val_loss -0.6814
2025-11-20 21:39:35.177650: Pseudo dice [np.float32(0.8991), np.float32(0.7446), np.float32(0.0)]
2025-11-20 21:39:35.177752: Epoch time: 70.25 s
2025-11-20 21:39:36.686574: 
2025-11-20 21:39:36.686756: Epoch 131
2025-11-20 21:39:36.686874: Current learning rate: 0.00881
2025-11-20 21:40:45.789060: train_loss -0.6887
2025-11-20 21:40:45.789317: val_loss -0.68
2025-11-20 21:40:45.789423: Pseudo dice [np.float32(0.8944), np.float32(0.7332), np.float32(0.0)]
2025-11-20 21:40:45.789523: Epoch time: 69.1 s
2025-11-20 21:40:46.894735: 
2025-11-20 21:40:46.894930: Epoch 132
2025-11-20 21:40:46.895059: Current learning rate: 0.0088
2025-11-20 21:41:58.492404: train_loss -0.6945
2025-11-20 21:41:58.492671: val_loss -0.6739
2025-11-20 21:41:58.492776: Pseudo dice [np.float32(0.8909), np.float32(0.7008), np.float32(0.0)]
2025-11-20 21:41:58.492881: Epoch time: 71.6 s
2025-11-20 21:41:59.602599: 
2025-11-20 21:41:59.602847: Epoch 133
2025-11-20 21:41:59.602975: Current learning rate: 0.00879
2025-11-20 21:43:11.716632: train_loss -0.6855
2025-11-20 21:43:11.716884: val_loss -0.6598
2025-11-20 21:43:11.716986: Pseudo dice [np.float32(0.8952), np.float32(0.7508), np.float32(0.0)]
2025-11-20 21:43:11.717088: Epoch time: 72.11 s
2025-11-20 21:43:12.817240: 
2025-11-20 21:43:12.817416: Epoch 134
2025-11-20 21:43:12.817542: Current learning rate: 0.00879
2025-11-20 21:44:25.060435: train_loss -0.6916
2025-11-20 21:44:25.062203: val_loss -0.7177
2025-11-20 21:44:25.062330: Pseudo dice [np.float32(0.8912), np.float32(0.7536), np.float32(0.0)]
2025-11-20 21:44:25.062508: Epoch time: 72.24 s
2025-11-20 21:44:27.391559: 
2025-11-20 21:44:27.391775: Epoch 135
2025-11-20 21:44:27.391894: Current learning rate: 0.00878
2025-11-20 21:45:36.742468: train_loss -0.6856
2025-11-20 21:45:36.742729: val_loss -0.6818
2025-11-20 21:45:36.742838: Pseudo dice [np.float32(0.8963), np.float32(0.7444), np.float32(0.0)]
2025-11-20 21:45:36.742945: Epoch time: 69.35 s
2025-11-20 21:45:37.926309: 
2025-11-20 21:45:37.926526: Epoch 136
2025-11-20 21:45:37.926648: Current learning rate: 0.00877
2025-11-20 21:46:47.685333: train_loss -0.6826
2025-11-20 21:46:47.685562: val_loss -0.6541
2025-11-20 21:46:47.685666: Pseudo dice [np.float32(0.9), np.float32(0.7533), np.float32(0.0)]
2025-11-20 21:46:47.685767: Epoch time: 69.76 s
2025-11-20 21:46:48.881051: 
2025-11-20 21:46:48.881248: Epoch 137
2025-11-20 21:46:48.881367: Current learning rate: 0.00876
2025-11-20 21:47:59.989231: train_loss -0.6854
2025-11-20 21:47:59.989551: val_loss -0.6997
2025-11-20 21:47:59.989663: Pseudo dice [np.float32(0.896), np.float32(0.74), np.float32(0.0)]
2025-11-20 21:47:59.989765: Epoch time: 71.11 s
2025-11-20 21:48:01.160041: 
2025-11-20 21:48:01.160236: Epoch 138
2025-11-20 21:48:01.160410: Current learning rate: 0.00875
2025-11-20 21:49:08.758626: train_loss -0.6872
2025-11-20 21:49:08.758877: val_loss -0.6827
2025-11-20 21:49:08.758984: Pseudo dice [np.float32(0.9092), np.float32(0.7328), np.float32(0.0)]
2025-11-20 21:49:08.759095: Epoch time: 67.6 s
2025-11-20 21:49:10.212651: 
2025-11-20 21:49:10.212843: Epoch 139
2025-11-20 21:49:10.213009: Current learning rate: 0.00874
2025-11-20 21:50:22.289064: train_loss -0.6949
2025-11-20 21:50:22.295935: val_loss -0.7091
2025-11-20 21:50:22.296102: Pseudo dice [np.float32(0.8951), np.float32(0.7513), np.float32(0.0)]
2025-11-20 21:50:22.296240: Epoch time: 72.08 s
2025-11-20 21:50:23.956612: 
2025-11-20 21:50:23.956801: Epoch 140
2025-11-20 21:50:23.956925: Current learning rate: 0.00873
2025-11-20 21:51:35.856556: train_loss -0.6778
2025-11-20 21:51:35.858486: val_loss -0.7026
2025-11-20 21:51:35.858594: Pseudo dice [np.float32(0.8771), np.float32(0.7111), np.float32(0.0)]
2025-11-20 21:51:35.858690: Epoch time: 71.9 s
2025-11-20 21:51:37.269945: 
2025-11-20 21:51:37.270126: Epoch 141
2025-11-20 21:51:37.270250: Current learning rate: 0.00872
2025-11-20 21:52:47.061094: train_loss -0.6771
2025-11-20 21:52:47.061340: val_loss -0.6539
2025-11-20 21:52:47.061448: Pseudo dice [np.float32(0.8968), np.float32(0.7323), np.float32(0.0)]
2025-11-20 21:52:47.061550: Epoch time: 69.79 s
2025-11-20 21:52:48.189583: 
2025-11-20 21:52:48.189835: Epoch 142
2025-11-20 21:52:48.189961: Current learning rate: 0.00871
2025-11-20 21:53:58.484212: train_loss -0.6874
2025-11-20 21:53:58.484454: val_loss -0.6643
2025-11-20 21:53:58.484556: Pseudo dice [np.float32(0.899), np.float32(0.7322), np.float32(0.0)]
2025-11-20 21:53:58.484660: Epoch time: 70.3 s
2025-11-20 21:54:01.263703: 
2025-11-20 21:54:01.263957: Epoch 143
2025-11-20 21:54:01.264073: Current learning rate: 0.0087
2025-11-20 21:55:13.104483: train_loss -0.6958
2025-11-20 21:55:13.104715: val_loss -0.6763
2025-11-20 21:55:13.104819: Pseudo dice [np.float32(0.8925), np.float32(0.7212), np.float32(0.0)]
2025-11-20 21:55:13.104922: Epoch time: 71.84 s
2025-11-20 21:55:14.267818: 
2025-11-20 21:55:14.268029: Epoch 144
2025-11-20 21:55:14.268163: Current learning rate: 0.00869
2025-11-20 21:56:24.664885: train_loss -0.6868
2025-11-20 21:56:24.665164: val_loss -0.673
2025-11-20 21:56:24.665277: Pseudo dice [np.float32(0.8851), np.float32(0.7292), np.float32(0.0)]
2025-11-20 21:56:24.665381: Epoch time: 70.4 s
2025-11-20 21:56:25.861382: 
2025-11-20 21:56:25.861623: Epoch 145
2025-11-20 21:56:25.861751: Current learning rate: 0.00868
2025-11-20 21:57:36.126302: train_loss -0.6751
2025-11-20 21:57:36.126557: val_loss -0.6983
2025-11-20 21:57:36.126663: Pseudo dice [np.float32(0.8946), np.float32(0.7374), np.float32(0.0)]
2025-11-20 21:57:36.126772: Epoch time: 70.27 s
2025-11-20 21:57:38.418436: 
2025-11-20 21:57:38.418657: Epoch 146
2025-11-20 21:57:38.418787: Current learning rate: 0.00868
2025-11-20 21:58:47.677053: train_loss -0.6653
2025-11-20 21:58:47.677376: val_loss -0.7079
2025-11-20 21:58:47.677483: Pseudo dice [np.float32(0.8946), np.float32(0.7461), np.float32(0.0)]
2025-11-20 21:58:47.677584: Epoch time: 69.26 s
2025-11-20 21:58:48.796204: 
2025-11-20 21:58:48.796446: Epoch 147
2025-11-20 21:58:48.796567: Current learning rate: 0.00867
2025-11-20 21:59:59.434759: train_loss -0.678
2025-11-20 21:59:59.435033: val_loss -0.7046
2025-11-20 21:59:59.435138: Pseudo dice [np.float32(0.9045), np.float32(0.729), np.float32(0.0)]
2025-11-20 21:59:59.435255: Epoch time: 70.64 s
2025-11-20 22:00:01.007337: 
2025-11-20 22:00:01.007560: Epoch 148
2025-11-20 22:00:01.007691: Current learning rate: 0.00866
2025-11-20 22:01:10.048020: train_loss -0.6995
2025-11-20 22:01:10.048258: val_loss -0.6696
2025-11-20 22:01:10.048363: Pseudo dice [np.float32(0.8968), np.float32(0.7395), np.float32(0.0)]
2025-11-20 22:01:10.048466: Epoch time: 69.04 s
2025-11-20 22:01:11.260197: 
2025-11-20 22:01:11.260420: Epoch 149
2025-11-20 22:01:11.260542: Current learning rate: 0.00865
2025-11-20 22:02:19.523007: train_loss -0.6796
2025-11-20 22:02:19.524945: val_loss -0.7132
2025-11-20 22:02:19.525068: Pseudo dice [np.float32(0.8906), np.float32(0.7438), np.float32(0.0)]
2025-11-20 22:02:19.525179: Epoch time: 68.26 s
2025-11-20 22:02:21.230194: 
2025-11-20 22:02:21.230390: Epoch 150
2025-11-20 22:02:21.230511: Current learning rate: 0.00864
2025-11-20 22:03:31.141419: train_loss -0.6886
2025-11-20 22:03:31.143559: val_loss -0.7106
2025-11-20 22:03:31.143669: Pseudo dice [np.float32(0.9013), np.float32(0.7549), np.float32(0.0)]
2025-11-20 22:03:31.143765: Epoch time: 69.91 s
2025-11-20 22:03:33.223585: 
2025-11-20 22:03:33.223897: Epoch 151
2025-11-20 22:03:33.224025: Current learning rate: 0.00863
2025-11-20 22:04:41.173655: train_loss -0.6864
2025-11-20 22:04:41.173906: val_loss -0.7046
2025-11-20 22:04:41.179206: Pseudo dice [np.float32(0.8785), np.float32(0.7293), np.float32(0.0)]
2025-11-20 22:04:41.179383: Epoch time: 67.95 s
2025-11-20 22:04:42.336004: 
2025-11-20 22:04:42.336206: Epoch 152
2025-11-20 22:04:42.336333: Current learning rate: 0.00862
2025-11-20 22:05:53.926035: train_loss -0.699
2025-11-20 22:05:53.926280: val_loss -0.6895
2025-11-20 22:05:53.926414: Pseudo dice [np.float32(0.9038), np.float32(0.7498), np.float32(0.0)]
2025-11-20 22:05:53.926611: Epoch time: 71.59 s
2025-11-20 22:05:55.047987: 
2025-11-20 22:05:55.048259: Epoch 153
2025-11-20 22:05:55.048381: Current learning rate: 0.00861
2025-11-20 22:07:03.239703: train_loss -0.6858
2025-11-20 22:07:03.239949: val_loss -0.6748
2025-11-20 22:07:03.240055: Pseudo dice [np.float32(0.8907), np.float32(0.7428), np.float32(0.0)]
2025-11-20 22:07:03.240166: Epoch time: 68.19 s
2025-11-20 22:07:05.644872: 
2025-11-20 22:07:05.645072: Epoch 154
2025-11-20 22:07:05.645232: Current learning rate: 0.0086
2025-11-20 22:08:15.718008: train_loss -0.6857
2025-11-20 22:08:15.718276: val_loss -0.7065
2025-11-20 22:08:15.720516: Pseudo dice [np.float32(0.8933), np.float32(0.7265), np.float32(0.0)]
2025-11-20 22:08:15.720806: Epoch time: 70.07 s
2025-11-20 22:08:17.074875: 
2025-11-20 22:08:17.075069: Epoch 155
2025-11-20 22:08:17.075200: Current learning rate: 0.00859
2025-11-20 22:09:27.626661: train_loss -0.6932
2025-11-20 22:09:27.627004: val_loss -0.6669
2025-11-20 22:09:27.627111: Pseudo dice [np.float32(0.9026), np.float32(0.7368), np.float32(0.0)]
2025-11-20 22:09:27.627222: Epoch time: 70.55 s
2025-11-20 22:09:29.034862: 
2025-11-20 22:09:29.035040: Epoch 156
2025-11-20 22:09:29.035151: Current learning rate: 0.00858
2025-11-20 22:10:46.395864: train_loss -0.6896
2025-11-20 22:10:46.397789: val_loss -0.689
2025-11-20 22:10:46.397903: Pseudo dice [np.float32(0.8901), np.float32(0.7174), np.float32(0.0)]
2025-11-20 22:10:46.398000: Epoch time: 77.36 s
2025-11-20 22:10:47.850842: 
2025-11-20 22:10:47.851002: Epoch 157
2025-11-20 22:10:47.851120: Current learning rate: 0.00858
2025-11-20 22:12:00.642038: train_loss -0.6846
2025-11-20 22:12:00.655514: val_loss -0.6863
2025-11-20 22:12:00.655681: Pseudo dice [np.float32(0.9097), np.float32(0.7667), np.float32(0.0)]
2025-11-20 22:12:00.655781: Epoch time: 72.79 s
2025-11-20 22:12:01.844933: 
2025-11-20 22:12:01.845169: Epoch 158
2025-11-20 22:12:01.845301: Current learning rate: 0.00857
2025-11-20 22:13:10.933883: train_loss -0.6994
2025-11-20 22:13:10.934123: val_loss -0.7438
2025-11-20 22:13:10.934275: Pseudo dice [np.float32(0.902), np.float32(0.7643), np.float32(0.0)]
2025-11-20 22:13:10.934385: Epoch time: 69.09 s
2025-11-20 22:13:12.058928: 
2025-11-20 22:13:12.059133: Epoch 159
2025-11-20 22:13:12.059263: Current learning rate: 0.00856
2025-11-20 22:14:24.919504: train_loss -0.7052
2025-11-20 22:14:24.919760: val_loss -0.683
2025-11-20 22:14:24.919868: Pseudo dice [np.float32(0.9085), np.float32(0.755), np.float32(0.0)]
2025-11-20 22:14:24.920901: Epoch time: 72.86 s
2025-11-20 22:14:26.575399: 
2025-11-20 22:14:26.575710: Epoch 160
2025-11-20 22:14:26.575840: Current learning rate: 0.00855
2025-11-20 22:15:37.903306: train_loss -0.6965
2025-11-20 22:15:37.903546: val_loss -0.7041
2025-11-20 22:15:37.903650: Pseudo dice [np.float32(0.9076), np.float32(0.753), np.float32(0.0)]
2025-11-20 22:15:37.903752: Epoch time: 71.33 s
2025-11-20 22:15:39.061840: 
2025-11-20 22:15:39.062037: Epoch 161
2025-11-20 22:15:39.062150: Current learning rate: 0.00854
2025-11-20 22:16:52.750202: train_loss -0.6868
2025-11-20 22:16:52.750466: val_loss -0.6704
2025-11-20 22:16:52.750574: Pseudo dice [np.float32(0.8957), np.float32(0.7467), np.float32(0.0)]
2025-11-20 22:16:52.750689: Epoch time: 73.69 s
2025-11-20 22:16:53.874788: 
2025-11-20 22:16:53.874968: Epoch 162
2025-11-20 22:16:53.875083: Current learning rate: 0.00853
2025-11-20 22:18:02.159465: train_loss -0.6986
2025-11-20 22:18:02.159717: val_loss -0.6999
2025-11-20 22:18:02.159825: Pseudo dice [np.float32(0.8983), np.float32(0.7293), np.float32(0.0)]
2025-11-20 22:18:02.159929: Epoch time: 68.29 s
2025-11-20 22:18:04.739908: 
2025-11-20 22:18:04.740101: Epoch 163
2025-11-20 22:18:04.740222: Current learning rate: 0.00852
2025-11-20 22:19:15.117263: train_loss -0.7029
2025-11-20 22:19:15.117550: val_loss -0.7055
2025-11-20 22:19:15.117660: Pseudo dice [np.float32(0.9071), np.float32(0.7477), np.float32(0.0)]
2025-11-20 22:19:15.117767: Epoch time: 70.38 s
2025-11-20 22:19:16.447662: 
2025-11-20 22:19:16.447839: Epoch 164
2025-11-20 22:19:16.447954: Current learning rate: 0.00851
2025-11-20 22:20:25.381787: train_loss -0.6917
2025-11-20 22:20:25.386789: val_loss -0.6529
2025-11-20 22:20:25.386918: Pseudo dice [np.float32(0.9116), np.float32(0.7461), np.float32(0.0)]
2025-11-20 22:20:25.387037: Epoch time: 68.94 s
2025-11-20 22:20:27.015508: 
2025-11-20 22:20:27.015692: Epoch 165
2025-11-20 22:20:27.015813: Current learning rate: 0.0085
2025-11-20 22:21:34.060205: train_loss -0.6947
2025-11-20 22:21:34.060543: val_loss -0.69
2025-11-20 22:21:34.060654: Pseudo dice [np.float32(0.8961), np.float32(0.7332), np.float32(0.0)]
2025-11-20 22:21:34.060760: Epoch time: 67.05 s
2025-11-20 22:21:35.156395: 
2025-11-20 22:21:35.156557: Epoch 166
2025-11-20 22:21:35.156680: Current learning rate: 0.00849
2025-11-20 22:22:43.480503: train_loss -0.6939
2025-11-20 22:22:43.481492: val_loss -0.6741
2025-11-20 22:22:43.481616: Pseudo dice [np.float32(0.8928), np.float32(0.7458), np.float32(0.0)]
2025-11-20 22:22:43.481722: Epoch time: 68.33 s
2025-11-20 22:22:44.935161: 
2025-11-20 22:22:44.935411: Epoch 167
2025-11-20 22:22:44.935539: Current learning rate: 0.00848
2025-11-20 22:23:53.600294: train_loss -0.6907
2025-11-20 22:23:53.600642: val_loss -0.6592
2025-11-20 22:23:53.600752: Pseudo dice [np.float32(0.9028), np.float32(0.7693), np.float32(0.0)]
2025-11-20 22:23:53.600857: Epoch time: 68.67 s
2025-11-20 22:23:54.779459: 
2025-11-20 22:23:54.779654: Epoch 168
2025-11-20 22:23:54.779777: Current learning rate: 0.00847
2025-11-20 22:25:02.488388: train_loss -0.7014
2025-11-20 22:25:02.492961: val_loss -0.6695
2025-11-20 22:25:02.493129: Pseudo dice [np.float32(0.9), np.float32(0.7359), np.float32(0.0)]
2025-11-20 22:25:02.493237: Epoch time: 67.71 s
2025-11-20 22:25:04.023093: 
2025-11-20 22:25:04.023333: Epoch 169
2025-11-20 22:25:04.023525: Current learning rate: 0.00847
2025-11-20 22:26:14.666560: train_loss -0.6861
2025-11-20 22:26:14.668489: val_loss -0.6779
2025-11-20 22:26:14.668617: Pseudo dice [np.float32(0.9013), np.float32(0.7507), np.float32(0.0)]
2025-11-20 22:26:14.668725: Epoch time: 70.64 s
2025-11-20 22:26:16.317374: 
2025-11-20 22:26:16.317633: Epoch 170
2025-11-20 22:26:16.317778: Current learning rate: 0.00846
2025-11-20 22:27:29.990940: train_loss -0.6953
2025-11-20 22:27:29.993345: val_loss -0.6928
2025-11-20 22:27:29.993602: Pseudo dice [np.float32(0.902), np.float32(0.7346), np.float32(0.0)]
2025-11-20 22:27:29.993707: Epoch time: 73.67 s
2025-11-20 22:27:31.367880: 
2025-11-20 22:27:31.368087: Epoch 171
2025-11-20 22:27:31.368221: Current learning rate: 0.00845
2025-11-20 22:28:40.786009: train_loss -0.6979
2025-11-20 22:28:40.786280: val_loss -0.6883
2025-11-20 22:28:40.786385: Pseudo dice [np.float32(0.9037), np.float32(0.7503), np.float32(0.0)]
2025-11-20 22:28:40.786487: Epoch time: 69.42 s
2025-11-20 22:28:42.763732: 
2025-11-20 22:28:42.763948: Epoch 172
2025-11-20 22:28:42.764075: Current learning rate: 0.00844
2025-11-20 22:29:51.486337: train_loss -0.697
2025-11-20 22:29:51.487525: val_loss -0.6774
2025-11-20 22:29:51.487643: Pseudo dice [np.float32(0.9098), np.float32(0.7671), np.float32(0.0)]
2025-11-20 22:29:51.487742: Epoch time: 68.72 s
2025-11-20 22:29:52.656178: 
2025-11-20 22:29:52.656373: Epoch 173
2025-11-20 22:29:52.656483: Current learning rate: 0.00843
2025-11-20 22:31:04.450553: train_loss -0.6864
2025-11-20 22:31:04.450832: val_loss -0.701
2025-11-20 22:31:04.450932: Pseudo dice [np.float32(0.9051), np.float32(0.7569), np.float32(0.0)]
2025-11-20 22:31:04.451033: Epoch time: 71.78 s
2025-11-20 22:31:05.911445: 
2025-11-20 22:31:05.911666: Epoch 174
2025-11-20 22:31:05.911794: Current learning rate: 0.00842
2025-11-20 22:32:18.170674: train_loss -0.6923
2025-11-20 22:32:18.171005: val_loss -0.6752
2025-11-20 22:32:18.171111: Pseudo dice [np.float32(0.9044), np.float32(0.7403), np.float32(0.0)]
2025-11-20 22:32:18.171221: Epoch time: 72.26 s
2025-11-20 22:32:19.322447: 
2025-11-20 22:32:19.322707: Epoch 175
2025-11-20 22:32:19.322832: Current learning rate: 0.00841
2025-11-20 22:33:32.811965: train_loss -0.6957
2025-11-20 22:33:32.812226: val_loss -0.6761
2025-11-20 22:33:32.812331: Pseudo dice [np.float32(0.8991), np.float32(0.731), np.float32(0.0)]
2025-11-20 22:33:32.812433: Epoch time: 73.49 s
2025-11-20 22:33:34.442510: 
2025-11-20 22:33:34.442713: Epoch 176
2025-11-20 22:33:34.442877: Current learning rate: 0.0084
2025-11-20 22:34:48.357965: train_loss -0.6987
2025-11-20 22:34:48.358233: val_loss -0.651
2025-11-20 22:34:48.358335: Pseudo dice [np.float32(0.8919), np.float32(0.7267), np.float32(0.0)]
2025-11-20 22:34:48.374203: Epoch time: 73.92 s
2025-11-20 22:34:49.621560: 
2025-11-20 22:34:49.621741: Epoch 177
2025-11-20 22:34:49.621863: Current learning rate: 0.00839
2025-11-20 22:35:59.986552: train_loss -0.684
2025-11-20 22:35:59.987756: val_loss -0.6805
2025-11-20 22:35:59.989149: Pseudo dice [np.float32(0.9024), np.float32(0.7607), np.float32(0.0)]
2025-11-20 22:35:59.989267: Epoch time: 70.37 s
2025-11-20 22:36:01.642442: 
2025-11-20 22:36:01.642629: Epoch 178
2025-11-20 22:36:01.642750: Current learning rate: 0.00838
2025-11-20 22:37:12.912919: train_loss -0.6798
2025-11-20 22:37:12.913190: val_loss -0.6711
2025-11-20 22:37:12.913299: Pseudo dice [np.float32(0.8847), np.float32(0.6924), np.float32(0.0)]
2025-11-20 22:37:12.913405: Epoch time: 71.27 s
2025-11-20 22:37:14.048026: 
2025-11-20 22:37:14.048196: Epoch 179
2025-11-20 22:37:14.048312: Current learning rate: 0.00837
2025-11-20 22:38:26.794033: train_loss -0.6798
2025-11-20 22:38:26.798567: val_loss -0.6878
2025-11-20 22:38:26.798684: Pseudo dice [np.float32(0.8992), np.float32(0.7432), np.float32(0.0)]
2025-11-20 22:38:26.798781: Epoch time: 72.75 s
2025-11-20 22:38:29.106486: 
2025-11-20 22:38:29.106669: Epoch 180
2025-11-20 22:38:29.106788: Current learning rate: 0.00836
2025-11-20 22:39:42.765242: train_loss -0.6943
2025-11-20 22:39:42.765481: val_loss -0.6966
2025-11-20 22:39:42.767739: Pseudo dice [np.float32(0.902), np.float32(0.7382), np.float32(0.0)]
2025-11-20 22:39:42.768040: Epoch time: 73.66 s
2025-11-20 22:39:44.001646: 
2025-11-20 22:39:44.001827: Epoch 181
2025-11-20 22:39:44.001959: Current learning rate: 0.00836
2025-11-20 22:40:54.241731: train_loss -0.6802
2025-11-20 22:40:54.241969: val_loss -0.6821
2025-11-20 22:40:54.242073: Pseudo dice [np.float32(0.897), np.float32(0.7411), np.float32(0.0)]
2025-11-20 22:40:54.242300: Epoch time: 70.24 s
2025-11-20 22:40:55.357142: 
2025-11-20 22:40:55.357319: Epoch 182
2025-11-20 22:40:55.357437: Current learning rate: 0.00835
2025-11-20 22:42:06.206511: train_loss -0.7013
2025-11-20 22:42:06.206791: val_loss -0.6869
2025-11-20 22:42:06.206900: Pseudo dice [np.float32(0.8912), np.float32(0.7354), np.float32(0.0)]
2025-11-20 22:42:06.207010: Epoch time: 70.85 s
2025-11-20 22:42:08.275875: 
2025-11-20 22:42:08.276074: Epoch 183
2025-11-20 22:42:08.276230: Current learning rate: 0.00834
2025-11-20 22:43:21.515334: train_loss -0.6858
2025-11-20 22:43:21.516490: val_loss -0.6897
2025-11-20 22:43:21.516616: Pseudo dice [np.float32(0.8959), np.float32(0.7262), np.float32(0.0)]
2025-11-20 22:43:21.516726: Epoch time: 73.24 s
2025-11-20 22:43:22.696405: 
2025-11-20 22:43:22.696618: Epoch 184
2025-11-20 22:43:22.696780: Current learning rate: 0.00833
2025-11-20 22:44:37.997427: train_loss -0.6824
2025-11-20 22:44:37.998266: val_loss -0.6993
2025-11-20 22:44:37.998409: Pseudo dice [np.float32(0.9031), np.float32(0.7562), np.float32(0.0)]
2025-11-20 22:44:37.998516: Epoch time: 75.3 s
2025-11-20 22:44:40.500870: 
2025-11-20 22:44:40.501080: Epoch 185
2025-11-20 22:44:40.501216: Current learning rate: 0.00832
2025-11-20 22:45:50.737667: train_loss -0.7129
2025-11-20 22:45:50.740768: val_loss -0.6957
2025-11-20 22:45:50.740893: Pseudo dice [np.float32(0.9053), np.float32(0.7451), np.float32(0.0)]
2025-11-20 22:45:50.740996: Epoch time: 70.24 s
2025-11-20 22:45:52.178312: 
2025-11-20 22:45:52.178522: Epoch 186
2025-11-20 22:45:52.178646: Current learning rate: 0.00831
2025-11-20 22:47:03.560387: train_loss -0.7068
2025-11-20 22:47:03.560734: val_loss -0.7086
2025-11-20 22:47:03.560841: Pseudo dice [np.float32(0.9126), np.float32(0.7521), np.float32(0.0)]
2025-11-20 22:47:03.560948: Epoch time: 71.38 s
2025-11-20 22:47:04.795489: 
2025-11-20 22:47:04.795739: Epoch 187
2025-11-20 22:47:04.795860: Current learning rate: 0.0083
2025-11-20 22:48:17.455477: train_loss -0.7017
2025-11-20 22:48:17.455827: val_loss -0.6877
2025-11-20 22:48:17.455935: Pseudo dice [np.float32(0.8966), np.float32(0.7485), np.float32(0.0)]
2025-11-20 22:48:17.456040: Epoch time: 72.66 s
2025-11-20 22:48:18.626473: 
2025-11-20 22:48:18.626675: Epoch 188
2025-11-20 22:48:18.626799: Current learning rate: 0.00829
2025-11-20 22:49:30.622249: train_loss -0.6847
2025-11-20 22:49:30.624190: val_loss -0.7156
2025-11-20 22:49:30.624339: Pseudo dice [np.float32(0.8894), np.float32(0.74), np.float32(0.0)]
2025-11-20 22:49:30.626106: Epoch time: 72.0 s
2025-11-20 22:49:31.866585: 
2025-11-20 22:49:31.866789: Epoch 189
2025-11-20 22:49:31.866927: Current learning rate: 0.00828
2025-11-20 22:50:45.354893: train_loss -0.6999
2025-11-20 22:50:45.356817: val_loss -0.6605
2025-11-20 22:50:45.356924: Pseudo dice [np.float32(0.8893), np.float32(0.7279), np.float32(0.0)]
2025-11-20 22:50:45.357020: Epoch time: 73.49 s
2025-11-20 22:50:47.244576: 
2025-11-20 22:50:47.259648: Epoch 190
2025-11-20 22:50:47.259865: Current learning rate: 0.00827
2025-11-20 22:51:58.797628: train_loss -0.6954
2025-11-20 22:51:58.797959: val_loss -0.6958
2025-11-20 22:51:58.798068: Pseudo dice [np.float32(0.9008), np.float32(0.7465), np.float32(0.0)]
2025-11-20 22:51:58.798177: Epoch time: 71.55 s
2025-11-20 22:51:59.989376: 
2025-11-20 22:51:59.989557: Epoch 191
2025-11-20 22:51:59.989685: Current learning rate: 0.00826
2025-11-20 22:53:12.592741: train_loss -0.6977
2025-11-20 22:53:12.593046: val_loss -0.6889
2025-11-20 22:53:12.593153: Pseudo dice [np.float32(0.9053), np.float32(0.7277), np.float32(0.0)]
2025-11-20 22:53:12.593271: Epoch time: 72.6 s
2025-11-20 22:53:13.767384: 
2025-11-20 22:53:13.767571: Epoch 192
2025-11-20 22:53:13.767693: Current learning rate: 0.00825
2025-11-20 22:54:24.528778: train_loss -0.695
2025-11-20 22:54:24.531309: val_loss -0.6896
2025-11-20 22:54:24.531471: Pseudo dice [np.float32(0.904), np.float32(0.7608), np.float32(0.0)]
2025-11-20 22:54:24.531584: Epoch time: 70.76 s
2025-11-20 22:54:25.785103: 
2025-11-20 22:54:25.785286: Epoch 193
2025-11-20 22:54:25.785408: Current learning rate: 0.00824
2025-11-20 22:55:34.185516: train_loss -0.6968
2025-11-20 22:55:34.186560: val_loss -0.7129
2025-11-20 22:55:34.186677: Pseudo dice [np.float32(0.894), np.float32(0.7622), np.float32(0.0)]
2025-11-20 22:55:34.186771: Epoch time: 68.4 s
2025-11-20 22:55:35.984987: 
2025-11-20 22:55:35.985169: Epoch 194
2025-11-20 22:55:35.985302: Current learning rate: 0.00824
2025-11-20 22:56:45.506289: train_loss -0.6922
2025-11-20 22:56:45.508682: val_loss -0.6712
2025-11-20 22:56:45.508805: Pseudo dice [np.float32(0.8986), np.float32(0.7173), np.float32(0.0)]
2025-11-20 22:56:45.508902: Epoch time: 69.52 s
2025-11-20 22:56:46.991976: 
2025-11-20 22:56:46.992178: Epoch 195
2025-11-20 22:56:46.992304: Current learning rate: 0.00823
2025-11-20 22:57:56.185103: train_loss -0.6921
2025-11-20 22:57:56.185383: val_loss -0.6901
2025-11-20 22:57:56.185492: Pseudo dice [np.float32(0.9084), np.float32(0.7253), np.float32(0.0)]
2025-11-20 22:57:56.191614: Epoch time: 69.19 s
2025-11-20 22:57:58.857346: 
2025-11-20 22:57:58.857520: Epoch 196
2025-11-20 22:57:58.857646: Current learning rate: 0.00822
2025-11-20 22:59:10.416620: train_loss -0.6913
2025-11-20 22:59:10.416878: val_loss -0.6639
2025-11-20 22:59:10.416981: Pseudo dice [np.float32(0.8932), np.float32(0.7306), np.float32(0.0)]
2025-11-20 22:59:10.417164: Epoch time: 71.56 s
2025-11-20 22:59:12.010594: 
2025-11-20 22:59:12.010815: Epoch 197
2025-11-20 22:59:12.010942: Current learning rate: 0.00821
2025-11-20 23:00:20.187696: train_loss -0.6832
2025-11-20 23:00:20.187950: val_loss -0.6846
2025-11-20 23:00:20.188054: Pseudo dice [np.float32(0.895), np.float32(0.7216), np.float32(0.0)]
2025-11-20 23:00:20.188155: Epoch time: 68.18 s
2025-11-20 23:00:21.415698: 
2025-11-20 23:00:21.415897: Epoch 198
2025-11-20 23:00:21.416049: Current learning rate: 0.0082
2025-11-20 23:01:37.174500: train_loss -0.6865
2025-11-20 23:01:37.174727: val_loss -0.6939
2025-11-20 23:01:37.174831: Pseudo dice [np.float32(0.8744), np.float32(0.7468), np.float32(0.0)]
2025-11-20 23:01:37.174932: Epoch time: 75.76 s
2025-11-20 23:01:38.848862: 
2025-11-20 23:01:38.849063: Epoch 199
2025-11-20 23:01:38.849181: Current learning rate: 0.00819
2025-11-20 23:02:47.621200: train_loss -0.6898
2025-11-20 23:02:47.621551: val_loss -0.6913
2025-11-20 23:02:47.621661: Pseudo dice [np.float32(0.9076), np.float32(0.7411), np.float32(0.0)]
2025-11-20 23:02:47.621773: Epoch time: 68.77 s
2025-11-20 23:02:49.144915: 
2025-11-20 23:02:49.145202: Epoch 200
2025-11-20 23:02:49.145333: Current learning rate: 0.00818
2025-11-20 23:04:04.025632: train_loss -0.6948
2025-11-20 23:04:04.025998: val_loss -0.6991
2025-11-20 23:04:04.026104: Pseudo dice [np.float32(0.8969), np.float32(0.7581), np.float32(0.0)]
2025-11-20 23:04:04.026218: Epoch time: 74.88 s
2025-11-20 23:04:05.653145: 
2025-11-20 23:04:05.653364: Epoch 201
2025-11-20 23:04:05.653488: Current learning rate: 0.00817
2025-11-20 23:05:13.137856: train_loss -0.684
2025-11-20 23:05:13.139511: val_loss -0.6775
2025-11-20 23:05:13.139644: Pseudo dice [np.float32(0.8989), np.float32(0.7424), np.float32(0.0)]
2025-11-20 23:05:13.139749: Epoch time: 67.49 s
2025-11-20 23:05:14.392968: 
2025-11-20 23:05:14.393213: Epoch 202
2025-11-20 23:05:14.393355: Current learning rate: 0.00816
2025-11-20 23:06:29.416944: train_loss -0.6941
2025-11-20 23:06:29.417386: val_loss -0.7094
2025-11-20 23:06:29.417589: Pseudo dice [np.float32(0.8974), np.float32(0.7347), np.float32(0.0)]
2025-11-20 23:06:29.417707: Epoch time: 75.02 s
2025-11-20 23:06:30.951056: 
2025-11-20 23:06:30.951335: Epoch 203
2025-11-20 23:06:30.951460: Current learning rate: 0.00815
2025-11-20 23:07:41.422883: train_loss -0.6875
2025-11-20 23:07:41.423178: val_loss -0.6677
2025-11-20 23:07:41.423292: Pseudo dice [np.float32(0.8948), np.float32(0.7399), np.float32(0.0)]
2025-11-20 23:07:41.423397: Epoch time: 70.47 s
2025-11-20 23:07:42.608125: 
2025-11-20 23:07:42.608307: Epoch 204
2025-11-20 23:07:42.608424: Current learning rate: 0.00814
2025-11-20 23:08:59.601902: train_loss -0.6968
2025-11-20 23:08:59.602191: val_loss -0.6974
2025-11-20 23:08:59.602299: Pseudo dice [np.float32(0.9019), np.float32(0.7489), np.float32(0.0)]
2025-11-20 23:08:59.602405: Epoch time: 76.99 s
2025-11-20 23:09:02.240823: 
2025-11-20 23:09:02.241012: Epoch 205
2025-11-20 23:09:02.241168: Current learning rate: 0.00813
2025-11-20 23:10:13.540305: train_loss -0.693
2025-11-20 23:10:13.540666: val_loss -0.7019
2025-11-20 23:10:13.540773: Pseudo dice [np.float32(0.8875), np.float32(0.7456), np.float32(0.0)]
2025-11-20 23:10:13.540879: Epoch time: 71.3 s
2025-11-20 23:10:14.695571: 
2025-11-20 23:10:14.695812: Epoch 206
2025-11-20 23:10:14.695935: Current learning rate: 0.00813
2025-11-20 23:11:24.830428: train_loss -0.7041
2025-11-20 23:11:24.830698: val_loss -0.6965
2025-11-20 23:11:24.830805: Pseudo dice [np.float32(0.8955), np.float32(0.7371), np.float32(0.0)]
2025-11-20 23:11:24.830909: Epoch time: 70.14 s
2025-11-20 23:11:26.050408: 
2025-11-20 23:11:26.050589: Epoch 207
2025-11-20 23:11:26.050743: Current learning rate: 0.00812
2025-11-20 23:12:39.412557: train_loss -0.6957
2025-11-20 23:12:39.412808: val_loss -0.6965
2025-11-20 23:12:39.412913: Pseudo dice [np.float32(0.9017), np.float32(0.7452), np.float32(0.0)]
2025-11-20 23:12:39.413017: Epoch time: 73.36 s
2025-11-20 23:12:42.737331: 
2025-11-20 23:12:42.737525: Epoch 208
2025-11-20 23:12:42.737650: Current learning rate: 0.00811
2025-11-20 23:13:52.371364: train_loss -0.7055
2025-11-20 23:13:52.371631: val_loss -0.68
2025-11-20 23:13:52.371738: Pseudo dice [np.float32(0.9137), np.float32(0.7415), np.float32(0.0)]
2025-11-20 23:13:52.371841: Epoch time: 69.63 s
2025-11-20 23:13:53.949539: 
2025-11-20 23:13:53.949800: Epoch 209
2025-11-20 23:13:53.949913: Current learning rate: 0.0081
2025-11-20 23:15:01.711680: train_loss -0.7001
2025-11-20 23:15:01.711938: val_loss -0.7143
2025-11-20 23:15:01.712041: Pseudo dice [np.float32(0.9025), np.float32(0.739), np.float32(0.0)]
2025-11-20 23:15:01.712142: Epoch time: 67.76 s
2025-11-20 23:15:03.348676: 
2025-11-20 23:15:03.348880: Epoch 210
2025-11-20 23:15:03.349012: Current learning rate: 0.00809
2025-11-20 23:16:11.508879: train_loss -0.6943
2025-11-20 23:16:11.509120: val_loss -0.6591
2025-11-20 23:16:11.509235: Pseudo dice [np.float32(0.8943), np.float32(0.7362), np.float32(0.0)]
2025-11-20 23:16:11.509338: Epoch time: 68.16 s
2025-11-20 23:16:12.765184: 
2025-11-20 23:16:12.765383: Epoch 211
2025-11-20 23:16:12.765500: Current learning rate: 0.00808
2025-11-20 23:17:26.459771: train_loss -0.6803
2025-11-20 23:17:26.462210: val_loss -0.6725
2025-11-20 23:17:26.462567: Pseudo dice [np.float32(0.9035), np.float32(0.7344), np.float32(0.0)]
2025-11-20 23:17:26.462679: Epoch time: 73.7 s
2025-11-20 23:17:27.848211: 
2025-11-20 23:17:27.848425: Epoch 212
2025-11-20 23:17:27.848583: Current learning rate: 0.00807
2025-11-20 23:18:37.165941: train_loss -0.707
2025-11-20 23:18:37.185395: val_loss -0.6939
2025-11-20 23:18:37.185548: Pseudo dice [np.float32(0.8921), np.float32(0.7304), np.float32(0.0)]
2025-11-20 23:18:37.185648: Epoch time: 69.32 s
2025-11-20 23:18:38.866902: 
2025-11-20 23:18:38.868758: Epoch 213
2025-11-20 23:18:38.868899: Current learning rate: 0.00806
2025-11-20 23:19:53.997693: train_loss -0.7076
2025-11-20 23:19:53.998053: val_loss -0.6671
2025-11-20 23:19:53.998159: Pseudo dice [np.float32(0.8915), np.float32(0.758), np.float32(0.0)]
2025-11-20 23:19:53.998266: Epoch time: 75.13 s
2025-11-20 23:19:55.269475: 
2025-11-20 23:19:55.269694: Epoch 214
2025-11-20 23:19:55.269819: Current learning rate: 0.00805
2025-11-20 23:21:04.245412: train_loss -0.6968
2025-11-20 23:21:04.245801: val_loss -0.6858
2025-11-20 23:21:04.245908: Pseudo dice [np.float32(0.9062), np.float32(0.7542), np.float32(0.0)]
2025-11-20 23:21:04.246011: Epoch time: 68.98 s
2025-11-20 23:21:05.501388: 
2025-11-20 23:21:05.501569: Epoch 215
2025-11-20 23:21:05.501674: Current learning rate: 0.00804
2025-11-20 23:22:14.253422: train_loss -0.7169
2025-11-20 23:22:14.253772: val_loss -0.6762
2025-11-20 23:22:14.253882: Pseudo dice [np.float32(0.9093), np.float32(0.7743), np.float32(0.0)]
2025-11-20 23:22:14.253984: Epoch time: 68.75 s
2025-11-20 23:22:15.375767: 
2025-11-20 23:22:15.375974: Epoch 216
2025-11-20 23:22:15.376193: Current learning rate: 0.00803
2025-11-20 23:23:26.922069: train_loss -0.695
2025-11-20 23:23:26.922338: val_loss -0.6967
2025-11-20 23:23:26.922447: Pseudo dice [np.float32(0.9009), np.float32(0.7408), np.float32(0.0)]
2025-11-20 23:23:26.922552: Epoch time: 71.55 s
2025-11-20 23:23:28.079018: 
2025-11-20 23:23:28.079205: Epoch 217
2025-11-20 23:23:28.079376: Current learning rate: 0.00802
2025-11-20 23:24:35.389411: train_loss -0.7073
2025-11-20 23:24:35.391294: val_loss -0.6786
2025-11-20 23:24:35.391435: Pseudo dice [np.float32(0.901), np.float32(0.7349), np.float32(0.0)]
2025-11-20 23:24:35.391537: Epoch time: 67.31 s
2025-11-20 23:24:37.592070: 
2025-11-20 23:24:37.592326: Epoch 218
2025-11-20 23:24:37.592455: Current learning rate: 0.00801
2025-11-20 23:25:48.010755: train_loss -0.7044
2025-11-20 23:25:48.011425: val_loss -0.692
2025-11-20 23:25:48.011563: Pseudo dice [np.float32(0.9047), np.float32(0.7527), np.float32(0.0)]
2025-11-20 23:25:48.011670: Epoch time: 70.42 s
2025-11-20 23:25:49.213073: 
2025-11-20 23:25:49.213260: Epoch 219
2025-11-20 23:25:49.213379: Current learning rate: 0.00801
2025-11-20 23:26:58.597612: train_loss -0.7014
2025-11-20 23:26:58.598886: val_loss -0.7048
2025-11-20 23:26:58.599004: Pseudo dice [np.float32(0.9176), np.float32(0.7615), np.float32(0.0)]
2025-11-20 23:26:58.599108: Epoch time: 69.39 s
2025-11-20 23:26:59.744493: 
2025-11-20 23:26:59.744782: Epoch 220
2025-11-20 23:26:59.744936: Current learning rate: 0.008
2025-11-20 23:28:09.800296: train_loss -0.7006
2025-11-20 23:28:09.800615: val_loss -0.7228
2025-11-20 23:28:09.800711: Pseudo dice [np.float32(0.8898), np.float32(0.7256), np.float32(0.0)]
2025-11-20 23:28:09.800805: Epoch time: 70.06 s
2025-11-20 23:28:11.248357: 
2025-11-20 23:28:11.248600: Epoch 221
2025-11-20 23:28:11.248736: Current learning rate: 0.00799
2025-11-20 23:29:24.818745: train_loss -0.7052
2025-11-20 23:29:24.823905: val_loss -0.69
2025-11-20 23:29:24.824058: Pseudo dice [np.float32(0.9103), np.float32(0.7517), np.float32(0.0)]
2025-11-20 23:29:24.824165: Epoch time: 73.57 s
2025-11-20 23:29:27.175326: 
2025-11-20 23:29:27.175609: Epoch 222
2025-11-20 23:29:27.175734: Current learning rate: 0.00798
2025-11-20 23:30:38.196773: train_loss -0.7021
2025-11-20 23:30:38.196999: val_loss -0.6658
2025-11-20 23:30:38.197103: Pseudo dice [np.float32(0.9014), np.float32(0.7436), np.float32(0.0)]
2025-11-20 23:30:38.203774: Epoch time: 71.02 s
2025-11-20 23:30:41.856631: 
2025-11-20 23:30:41.856889: Epoch 223
2025-11-20 23:30:41.857026: Current learning rate: 0.00797
2025-11-20 23:31:52.226440: train_loss -0.6973
2025-11-20 23:31:52.226816: val_loss -0.6713
2025-11-20 23:31:52.226924: Pseudo dice [np.float32(0.8906), np.float32(0.7088), np.float32(0.0)]
2025-11-20 23:31:52.227026: Epoch time: 70.37 s
2025-11-20 23:31:53.419677: 
2025-11-20 23:31:53.419933: Epoch 224
2025-11-20 23:31:53.420058: Current learning rate: 0.00796
2025-11-20 23:33:05.490318: train_loss -0.7041
2025-11-20 23:33:05.490567: val_loss -0.6766
2025-11-20 23:33:05.490678: Pseudo dice [np.float32(0.9128), np.float32(0.7437), np.float32(0.0)]
2025-11-20 23:33:05.493013: Epoch time: 72.07 s
2025-11-20 23:33:06.660849: 
2025-11-20 23:33:06.661140: Epoch 225
2025-11-20 23:33:06.661347: Current learning rate: 0.00795
2025-11-20 23:34:17.695748: train_loss -0.7069
2025-11-20 23:34:17.696008: val_loss -0.7045
2025-11-20 23:34:17.696115: Pseudo dice [np.float32(0.9125), np.float32(0.7585), np.float32(0.0)]
2025-11-20 23:34:17.696233: Epoch time: 71.04 s
2025-11-20 23:34:19.052469: 
2025-11-20 23:34:19.052705: Epoch 226
2025-11-20 23:34:19.052872: Current learning rate: 0.00794
2025-11-20 23:35:35.008579: train_loss -0.7015
2025-11-20 23:35:35.008915: val_loss -0.7025
2025-11-20 23:35:35.009023: Pseudo dice [np.float32(0.9057), np.float32(0.7469), np.float32(0.0)]
2025-11-20 23:35:35.009124: Epoch time: 75.96 s
2025-11-20 23:35:36.424176: 
2025-11-20 23:35:36.424397: Epoch 227
2025-11-20 23:35:36.424538: Current learning rate: 0.00793
2025-11-20 23:36:51.692081: train_loss -0.6971
2025-11-20 23:36:51.692462: val_loss -0.6973
2025-11-20 23:36:51.692568: Pseudo dice [np.float32(0.8949), np.float32(0.7236), np.float32(0.0)]
2025-11-20 23:36:51.692672: Epoch time: 75.27 s
2025-11-20 23:36:53.080341: 
2025-11-20 23:36:53.080616: Epoch 228
2025-11-20 23:36:53.080746: Current learning rate: 0.00792
2025-11-20 23:38:02.609323: train_loss -0.7031
2025-11-20 23:38:02.609586: val_loss -0.7249
2025-11-20 23:38:02.609761: Pseudo dice [np.float32(0.9064), np.float32(0.7457), np.float32(0.0)]
2025-11-20 23:38:02.609935: Epoch time: 69.53 s
2025-11-20 23:38:03.705590: 
2025-11-20 23:38:03.705799: Epoch 229
2025-11-20 23:38:03.705930: Current learning rate: 0.00791
2025-11-20 23:39:15.761900: train_loss -0.7113
2025-11-20 23:39:15.762143: val_loss -0.688
2025-11-20 23:39:15.762262: Pseudo dice [np.float32(0.9002), np.float32(0.7451), np.float32(0.0)]
2025-11-20 23:39:15.762369: Epoch time: 72.06 s
2025-11-20 23:39:17.979600: 
2025-11-20 23:39:17.979808: Epoch 230
2025-11-20 23:39:17.979982: Current learning rate: 0.0079
2025-11-20 23:40:30.508782: train_loss -0.707
2025-11-20 23:40:30.509033: val_loss -0.6665
2025-11-20 23:40:30.509138: Pseudo dice [np.float32(0.8977), np.float32(0.736), np.float32(0.0)]
2025-11-20 23:40:30.509307: Epoch time: 72.53 s
2025-11-20 23:40:31.608697: 
2025-11-20 23:40:31.608883: Epoch 231
2025-11-20 23:40:31.608995: Current learning rate: 0.00789
2025-11-20 23:41:39.329696: train_loss -0.7057
2025-11-20 23:41:39.329964: val_loss -0.6835
2025-11-20 23:41:39.330076: Pseudo dice [np.float32(0.9092), np.float32(0.76), np.float32(0.0)]
2025-11-20 23:41:39.330192: Epoch time: 67.72 s
2025-11-20 23:41:41.241949: 
2025-11-20 23:41:41.242129: Epoch 232
2025-11-20 23:41:41.242259: Current learning rate: 0.00789
2025-11-20 23:42:51.699669: train_loss -0.7079
2025-11-20 23:42:51.699978: val_loss -0.6811
2025-11-20 23:42:51.700087: Pseudo dice [np.float32(0.9028), np.float32(0.7706), np.float32(0.0)]
2025-11-20 23:42:51.700199: Epoch time: 70.46 s
2025-11-20 23:42:52.798468: 
2025-11-20 23:42:52.798744: Epoch 233
2025-11-20 23:42:52.798911: Current learning rate: 0.00788
2025-11-20 23:44:02.731736: train_loss -0.6924
2025-11-20 23:44:02.733879: val_loss -0.7153
2025-11-20 23:44:02.734005: Pseudo dice [np.float32(0.8887), np.float32(0.7422), np.float32(0.0)]
2025-11-20 23:44:02.734118: Epoch time: 69.93 s
2025-11-20 23:44:04.104768: 
2025-11-20 23:44:04.105097: Epoch 234
2025-11-20 23:44:04.105438: Current learning rate: 0.00787
2025-11-20 23:45:13.202532: train_loss -0.7085
2025-11-20 23:45:13.202788: val_loss -0.6934
2025-11-20 23:45:13.202890: Pseudo dice [np.float32(0.9), np.float32(0.7757), np.float32(0.0)]
2025-11-20 23:45:13.202992: Epoch time: 69.1 s
2025-11-20 23:45:14.314386: 
2025-11-20 23:45:14.314668: Epoch 235
2025-11-20 23:45:14.314803: Current learning rate: 0.00786
2025-11-20 23:46:23.752103: train_loss -0.6921
2025-11-20 23:46:23.752373: val_loss -0.6784
2025-11-20 23:46:23.752478: Pseudo dice [np.float32(0.8971), np.float32(0.723), np.float32(0.0)]
2025-11-20 23:46:23.752581: Epoch time: 69.44 s
2025-11-20 23:46:24.997315: 
2025-11-20 23:46:24.997515: Epoch 236
2025-11-20 23:46:24.997703: Current learning rate: 0.00785
2025-11-20 23:47:34.697926: train_loss -0.678
2025-11-20 23:47:34.698196: val_loss -0.6684
2025-11-20 23:47:34.698302: Pseudo dice [np.float32(0.9083), np.float32(0.7594), np.float32(0.0)]
2025-11-20 23:47:34.698406: Epoch time: 69.7 s
2025-11-20 23:47:36.297722: 
2025-11-20 23:47:36.297940: Epoch 237
2025-11-20 23:47:36.298068: Current learning rate: 0.00784
2025-11-20 23:48:44.347401: train_loss -0.7066
2025-11-20 23:48:44.347640: val_loss -0.7105
2025-11-20 23:48:44.347745: Pseudo dice [np.float32(0.9017), np.float32(0.7333), np.float32(0.0)]
2025-11-20 23:48:44.347848: Epoch time: 68.05 s
2025-11-20 23:48:46.672856: 
2025-11-20 23:48:46.673070: Epoch 238
2025-11-20 23:48:46.673206: Current learning rate: 0.00783
2025-11-20 23:49:58.532829: train_loss -0.6848
2025-11-20 23:49:58.533118: val_loss -0.6716
2025-11-20 23:49:58.533237: Pseudo dice [np.float32(0.8944), np.float32(0.7269), np.float32(0.0)]
2025-11-20 23:49:58.533348: Epoch time: 71.86 s
2025-11-20 23:49:59.663687: 
2025-11-20 23:49:59.663913: Epoch 239
2025-11-20 23:49:59.664043: Current learning rate: 0.00782
2025-11-20 23:51:09.700477: train_loss -0.6819
2025-11-20 23:51:09.700732: val_loss -0.6888
2025-11-20 23:51:09.700835: Pseudo dice [np.float32(0.914), np.float32(0.7548), np.float32(0.0)]
2025-11-20 23:51:09.700937: Epoch time: 70.04 s
2025-11-20 23:51:10.999336: 
2025-11-20 23:51:11.004611: Epoch 240
2025-11-20 23:51:11.004773: Current learning rate: 0.00781
2025-11-20 23:52:26.071561: train_loss -0.7122
2025-11-20 23:52:26.071806: val_loss -0.7409
2025-11-20 23:52:26.076318: Pseudo dice [np.float32(0.9063), np.float32(0.7613), np.float32(0.0)]
2025-11-20 23:52:26.076542: Epoch time: 75.07 s
2025-11-20 23:52:27.142141: 
2025-11-20 23:52:27.142434: Epoch 241
2025-11-20 23:52:27.142608: Current learning rate: 0.0078
2025-11-20 23:53:37.711547: train_loss -0.7207
2025-11-20 23:53:37.711811: val_loss -0.7517
2025-11-20 23:53:37.714286: Pseudo dice [np.float32(0.8944), np.float32(0.7235), np.float32(0.0)]
2025-11-20 23:53:37.714487: Epoch time: 70.57 s
2025-11-20 23:53:38.859103: 
2025-11-20 23:53:38.859370: Epoch 242
2025-11-20 23:53:38.859513: Current learning rate: 0.00779
2025-11-20 23:54:48.285628: train_loss -0.7248
2025-11-20 23:54:48.285883: val_loss -0.7211
2025-11-20 23:54:48.285990: Pseudo dice [np.float32(0.9029), np.float32(0.7487), np.float32(0.0)]
2025-11-20 23:54:48.286093: Epoch time: 69.43 s
2025-11-20 23:54:49.589215: 
2025-11-20 23:54:49.589422: Epoch 243
2025-11-20 23:54:49.589546: Current learning rate: 0.00778
2025-11-20 23:56:01.846592: train_loss -0.7269
2025-11-20 23:56:01.846879: val_loss -0.728
2025-11-20 23:56:01.847018: Pseudo dice [np.float32(0.8858), np.float32(0.7302), np.float32(0.0)]
2025-11-20 23:56:01.847130: Epoch time: 72.26 s
2025-11-20 23:56:02.956859: 
2025-11-20 23:56:02.957071: Epoch 244
2025-11-20 23:56:02.957205: Current learning rate: 0.00777
2025-11-20 23:57:17.084438: train_loss -0.7254
2025-11-20 23:57:17.084663: val_loss -0.7532
2025-11-20 23:57:17.084767: Pseudo dice [np.float32(0.8944), np.float32(0.7281), np.float32(0.0)]
2025-11-20 23:57:17.084873: Epoch time: 74.13 s
2025-11-20 23:57:18.226750: 
2025-11-20 23:57:18.226955: Epoch 245
2025-11-20 23:57:18.227090: Current learning rate: 0.00777
2025-11-20 23:58:28.725159: train_loss -0.7347
2025-11-20 23:58:28.725411: val_loss -0.7329
2025-11-20 23:58:28.725516: Pseudo dice [np.float32(0.9043), np.float32(0.7229), np.float32(0.0)]
2025-11-20 23:58:28.725619: Epoch time: 70.5 s
2025-11-20 23:58:30.531593: 
2025-11-20 23:58:30.531798: Epoch 246
2025-11-20 23:58:30.531931: Current learning rate: 0.00776
2025-11-20 23:59:38.794294: train_loss -0.7323
2025-11-20 23:59:38.794524: val_loss -0.7306
2025-11-20 23:59:38.794617: Pseudo dice [np.float32(0.9054), np.float32(0.7244), np.float32(0.0)]
2025-11-20 23:59:38.794716: Epoch time: 68.26 s
2025-11-20 23:59:40.318102: 
2025-11-20 23:59:40.318290: Epoch 247
2025-11-20 23:59:40.318429: Current learning rate: 0.00775
2025-11-21 00:00:50.944214: train_loss -0.745
2025-11-21 00:00:50.944479: val_loss -0.7261
2025-11-21 00:00:50.944600: Pseudo dice [np.float32(0.9078), np.float32(0.7785), np.float32(0.0)]
2025-11-21 00:00:50.944794: Epoch time: 70.63 s
2025-11-21 00:00:52.144109: 
2025-11-21 00:00:52.144299: Epoch 248
2025-11-21 00:00:52.144421: Current learning rate: 0.00774
2025-11-21 00:02:04.157432: train_loss -0.7246
2025-11-21 00:02:04.157708: val_loss -0.7239
2025-11-21 00:02:04.157843: Pseudo dice [np.float32(0.8874), np.float32(0.7425), np.float32(0.0)]
2025-11-21 00:02:04.158091: Epoch time: 72.01 s
2025-11-21 00:02:05.199781: 
2025-11-21 00:02:05.200025: Epoch 249
2025-11-21 00:02:05.200152: Current learning rate: 0.00773
2025-11-21 00:03:18.736245: train_loss -0.7282
2025-11-21 00:03:18.736622: val_loss -0.7147
2025-11-21 00:03:18.736736: Pseudo dice [np.float32(0.9036), np.float32(0.7401), np.float32(0.0)]
2025-11-21 00:03:18.736841: Epoch time: 73.54 s
2025-11-21 00:03:21.044825: 
2025-11-21 00:03:21.045034: Epoch 250
2025-11-21 00:03:21.045161: Current learning rate: 0.00772
2025-11-21 00:04:28.629339: train_loss -0.7387
2025-11-21 00:04:28.629608: val_loss -0.7204
2025-11-21 00:04:28.629714: Pseudo dice [np.float32(0.9032), np.float32(0.7264), np.float32(0.0)]
2025-11-21 00:04:28.629818: Epoch time: 67.59 s
2025-11-21 00:04:29.819596: 
2025-11-21 00:04:29.819976: Epoch 251
2025-11-21 00:04:29.820163: Current learning rate: 0.00771
2025-11-21 00:05:38.399264: train_loss -0.7189
2025-11-21 00:05:38.399513: val_loss -0.714
2025-11-21 00:05:38.399618: Pseudo dice [np.float32(0.9017), np.float32(0.7485), np.float32(0.0)]
2025-11-21 00:05:38.399722: Epoch time: 68.58 s
2025-11-21 00:05:39.572673: 
2025-11-21 00:05:39.572905: Epoch 252
2025-11-21 00:05:39.573043: Current learning rate: 0.0077
2025-11-21 00:06:49.141064: train_loss -0.7386
2025-11-21 00:06:49.141317: val_loss -0.731
2025-11-21 00:06:49.141419: Pseudo dice [np.float32(0.9027), np.float32(0.7138), np.float32(0.0)]
2025-11-21 00:06:49.143823: Epoch time: 69.57 s
2025-11-21 00:06:50.336812: 
2025-11-21 00:06:50.337104: Epoch 253
2025-11-21 00:06:50.337260: Current learning rate: 0.00769
2025-11-21 00:08:00.119591: train_loss -0.7286
2025-11-21 00:08:00.121988: val_loss -0.7244
2025-11-21 00:08:00.122168: Pseudo dice [np.float32(0.8989), np.float32(0.7337), np.float32(0.0)]
2025-11-21 00:08:00.122277: Epoch time: 69.78 s
2025-11-21 00:08:01.498754: 
2025-11-21 00:08:01.499068: Epoch 254
2025-11-21 00:08:01.499214: Current learning rate: 0.00768
2025-11-21 00:09:15.743502: train_loss -0.7276
2025-11-21 00:09:15.745565: val_loss -0.7122
2025-11-21 00:09:15.745693: Pseudo dice [np.float32(0.8876), np.float32(0.7479), np.float32(0.0)]
2025-11-21 00:09:15.745811: Epoch time: 74.25 s
2025-11-21 00:09:18.592360: 
2025-11-21 00:09:18.592555: Epoch 255
2025-11-21 00:09:18.592678: Current learning rate: 0.00767
2025-11-21 00:10:27.953951: train_loss -0.7278
2025-11-21 00:10:27.954214: val_loss -0.7242
2025-11-21 00:10:27.954454: Pseudo dice [np.float32(0.9034), np.float32(0.7478), np.float32(0.0)]
2025-11-21 00:10:27.954568: Epoch time: 69.36 s
2025-11-21 00:10:29.083466: 
2025-11-21 00:10:29.083673: Epoch 256
2025-11-21 00:10:29.083832: Current learning rate: 0.00766
2025-11-21 00:11:42.019710: train_loss -0.7321
2025-11-21 00:11:42.021477: val_loss -0.7392
2025-11-21 00:11:42.021615: Pseudo dice [np.float32(0.9032), np.float32(0.7363), np.float32(0.0)]
2025-11-21 00:11:42.021718: Epoch time: 72.94 s
2025-11-21 00:11:44.016897: 
2025-11-21 00:11:44.017190: Epoch 257
2025-11-21 00:11:44.017317: Current learning rate: 0.00765
2025-11-21 00:12:56.171140: train_loss -0.7355
2025-11-21 00:12:56.171489: val_loss -0.7681
2025-11-21 00:12:56.171601: Pseudo dice [np.float32(0.9114), np.float32(0.7346), np.float32(0.0)]
2025-11-21 00:12:56.171705: Epoch time: 72.16 s
2025-11-21 00:12:57.501317: 
2025-11-21 00:12:57.501524: Epoch 258
2025-11-21 00:12:57.501659: Current learning rate: 0.00764
2025-11-21 00:14:05.432710: train_loss -0.7265
2025-11-21 00:14:05.432981: val_loss -0.725
2025-11-21 00:14:05.434106: Pseudo dice [np.float32(0.8978), np.float32(0.7448), np.float32(0.0)]
2025-11-21 00:14:05.434416: Epoch time: 67.93 s
2025-11-21 00:14:06.662099: 
2025-11-21 00:14:06.662414: Epoch 259
2025-11-21 00:14:06.662543: Current learning rate: 0.00764
2025-11-21 00:15:18.825891: train_loss -0.7326
2025-11-21 00:15:18.826164: val_loss -0.7387
2025-11-21 00:15:18.826289: Pseudo dice [np.float32(0.8942), np.float32(0.7155), np.float32(0.0)]
2025-11-21 00:15:18.826394: Epoch time: 72.16 s
2025-11-21 00:15:20.648664: 
2025-11-21 00:15:20.648924: Epoch 260
2025-11-21 00:15:20.649055: Current learning rate: 0.00763
2025-11-21 00:16:35.233215: train_loss -0.7234
2025-11-21 00:16:35.233465: val_loss -0.7244
2025-11-21 00:16:35.233571: Pseudo dice [np.float32(0.887), np.float32(0.764), np.float32(0.0)]
2025-11-21 00:16:35.233783: Epoch time: 74.59 s
2025-11-21 00:16:36.350108: 
2025-11-21 00:16:36.350322: Epoch 261
2025-11-21 00:16:36.350477: Current learning rate: 0.00762
2025-11-21 00:17:46.178459: train_loss -0.7249
2025-11-21 00:17:46.178870: val_loss -0.7091
2025-11-21 00:17:46.178980: Pseudo dice [np.float32(0.9034), np.float32(0.7368), np.float32(0.0)]
2025-11-21 00:17:46.179088: Epoch time: 69.83 s
2025-11-21 00:17:47.827584: 
2025-11-21 00:17:47.827770: Epoch 262
2025-11-21 00:17:47.827894: Current learning rate: 0.00761
2025-11-21 00:19:01.714280: train_loss -0.72
2025-11-21 00:19:01.714528: val_loss -0.6963
2025-11-21 00:19:01.714629: Pseudo dice [np.float32(0.9019), np.float32(0.7466), np.float32(0.0)]
2025-11-21 00:19:01.714732: Epoch time: 73.89 s
2025-11-21 00:19:03.357847: 
2025-11-21 00:19:03.358075: Epoch 263
2025-11-21 00:19:03.358249: Current learning rate: 0.0076
2025-11-21 00:20:14.439626: train_loss -0.7304
2025-11-21 00:20:14.439983: val_loss -0.7129
2025-11-21 00:20:14.440093: Pseudo dice [np.float32(0.9031), np.float32(0.7085), np.float32(0.0)]
2025-11-21 00:20:14.440204: Epoch time: 71.08 s
2025-11-21 00:20:16.055472: 
2025-11-21 00:20:16.055688: Epoch 264
2025-11-21 00:20:16.055937: Current learning rate: 0.00759
2025-11-21 00:21:26.295482: train_loss -0.725
2025-11-21 00:21:26.301290: val_loss -0.7431
2025-11-21 00:21:26.305574: Pseudo dice [np.float32(0.8969), np.float32(0.7379), np.float32(0.0)]
2025-11-21 00:21:26.305762: Epoch time: 70.24 s
2025-11-21 00:21:27.962203: 
2025-11-21 00:21:27.962412: Epoch 265
2025-11-21 00:21:27.962527: Current learning rate: 0.00758
2025-11-21 00:22:45.299950: train_loss -0.7315
2025-11-21 00:22:45.301867: val_loss -0.7264
2025-11-21 00:22:45.301982: Pseudo dice [np.float32(0.9069), np.float32(0.7403), np.float32(0.0)]
2025-11-21 00:22:45.302081: Epoch time: 77.34 s
2025-11-21 00:22:47.561527: 
2025-11-21 00:22:47.561867: Epoch 266
2025-11-21 00:22:47.562001: Current learning rate: 0.00757
2025-11-21 00:23:58.453504: train_loss -0.7346
2025-11-21 00:23:58.453759: val_loss -0.7359
2025-11-21 00:23:58.453861: Pseudo dice [np.float32(0.8986), np.float32(0.7542), np.float32(0.0)]
2025-11-21 00:23:58.453967: Epoch time: 70.89 s
2025-11-21 00:23:59.991270: 
2025-11-21 00:23:59.991475: Epoch 267
2025-11-21 00:23:59.991582: Current learning rate: 0.00756
2025-11-21 00:25:12.138245: train_loss -0.7319
2025-11-21 00:25:12.138503: val_loss -0.7313
2025-11-21 00:25:12.140972: Pseudo dice [np.float32(0.906), np.float32(0.727), np.float32(0.0)]
2025-11-21 00:25:12.141125: Epoch time: 72.15 s
2025-11-21 00:25:13.270577: 
2025-11-21 00:25:13.270828: Epoch 268
2025-11-21 00:25:13.271104: Current learning rate: 0.00755
2025-11-21 00:26:23.114504: train_loss -0.7225
2025-11-21 00:26:23.114750: val_loss -0.7115
2025-11-21 00:26:23.117802: Pseudo dice [np.float32(0.9076), np.float32(0.7424), np.float32(0.0)]
2025-11-21 00:26:23.117990: Epoch time: 69.85 s
2025-11-21 00:26:24.380807: 
2025-11-21 00:26:24.381073: Epoch 269
2025-11-21 00:26:24.381211: Current learning rate: 0.00754
2025-11-21 00:27:35.478888: train_loss -0.7227
2025-11-21 00:27:35.479122: val_loss -0.7149
2025-11-21 00:27:35.479230: Pseudo dice [np.float32(0.9047), np.float32(0.7506), np.float32(0.0)]
2025-11-21 00:27:35.479334: Epoch time: 71.1 s
2025-11-21 00:27:36.626073: 
2025-11-21 00:27:36.626262: Epoch 270
2025-11-21 00:27:36.626386: Current learning rate: 0.00753
2025-11-21 00:28:47.264393: train_loss -0.7456
2025-11-21 00:28:47.264645: val_loss -0.7453
2025-11-21 00:28:47.264748: Pseudo dice [np.float32(0.9011), np.float32(0.7321), np.float32(0.0)]
2025-11-21 00:28:47.264849: Epoch time: 70.64 s
2025-11-21 00:28:48.833440: 
2025-11-21 00:28:48.833648: Epoch 271
2025-11-21 00:28:48.833780: Current learning rate: 0.00752
2025-11-21 00:30:00.066777: train_loss -0.7173
2025-11-21 00:30:00.067034: val_loss -0.7213
2025-11-21 00:30:00.067140: Pseudo dice [np.float32(0.9038), np.float32(0.7329), np.float32(0.0)]
2025-11-21 00:30:00.067302: Epoch time: 71.23 s
2025-11-21 00:30:01.254430: 
2025-11-21 00:30:01.254626: Epoch 272
2025-11-21 00:30:01.254755: Current learning rate: 0.00751
2025-11-21 00:31:08.889663: train_loss -0.7346
2025-11-21 00:31:08.889933: val_loss -0.7172
2025-11-21 00:31:08.890041: Pseudo dice [np.float32(0.9009), np.float32(0.7204), np.float32(0.0)]
2025-11-21 00:31:08.890145: Epoch time: 67.64 s
2025-11-21 00:31:10.247148: 
2025-11-21 00:31:10.247388: Epoch 273
2025-11-21 00:31:10.247519: Current learning rate: 0.00751
2025-11-21 00:32:22.920943: train_loss -0.7412
2025-11-21 00:32:22.922702: val_loss -0.7528
2025-11-21 00:32:22.922926: Pseudo dice [np.float32(0.8981), np.float32(0.7364), np.float32(0.0)]
2025-11-21 00:32:22.923037: Epoch time: 72.67 s
2025-11-21 00:32:25.272588: 
2025-11-21 00:32:25.272810: Epoch 274
2025-11-21 00:32:25.273006: Current learning rate: 0.0075
2025-11-21 00:33:33.942003: train_loss -0.7244
2025-11-21 00:33:33.942425: val_loss -0.7335
2025-11-21 00:33:33.942539: Pseudo dice [np.float32(0.9088), np.float32(0.7346), np.float32(0.0)]
2025-11-21 00:33:33.942647: Epoch time: 68.67 s
2025-11-21 00:33:35.859039: 
2025-11-21 00:33:35.859351: Epoch 275
2025-11-21 00:33:35.859524: Current learning rate: 0.00749
2025-11-21 00:34:44.926893: train_loss -0.7209
2025-11-21 00:34:44.927201: val_loss -0.7459
2025-11-21 00:34:44.927306: Pseudo dice [np.float32(0.9064), np.float32(0.7681), np.float32(0.0)]
2025-11-21 00:34:44.927410: Epoch time: 69.07 s
2025-11-21 00:34:46.364964: 
2025-11-21 00:34:46.365258: Epoch 276
2025-11-21 00:34:46.365450: Current learning rate: 0.00748
2025-11-21 00:36:00.570400: train_loss -0.7413
2025-11-21 00:36:00.570800: val_loss -0.7545
2025-11-21 00:36:00.570910: Pseudo dice [np.float32(0.8984), np.float32(0.7341), np.float32(0.0)]
2025-11-21 00:36:00.571016: Epoch time: 74.21 s
2025-11-21 00:36:02.371181: 
2025-11-21 00:36:02.371441: Epoch 277
2025-11-21 00:36:02.371600: Current learning rate: 0.00747
2025-11-21 00:37:10.961898: train_loss -0.7409
2025-11-21 00:37:10.962161: val_loss -0.7424
2025-11-21 00:37:10.962277: Pseudo dice [np.float32(0.9052), np.float32(0.7453), np.float32(0.0)]
2025-11-21 00:37:10.962379: Epoch time: 68.59 s
2025-11-21 00:37:12.320954: 
2025-11-21 00:37:12.321155: Epoch 278
2025-11-21 00:37:12.321395: Current learning rate: 0.00746
2025-11-21 00:38:23.383462: train_loss -0.739
2025-11-21 00:38:23.384621: val_loss -0.7504
2025-11-21 00:38:23.384755: Pseudo dice [np.float32(0.9052), np.float32(0.7597), np.float32(0.0)]
2025-11-21 00:38:23.384862: Epoch time: 71.06 s
2025-11-21 00:38:24.998361: 
2025-11-21 00:38:24.998561: Epoch 279
2025-11-21 00:38:24.998675: Current learning rate: 0.00745
2025-11-21 00:39:37.024944: train_loss -0.7335
2025-11-21 00:39:37.025209: val_loss -0.7441
2025-11-21 00:39:37.025317: Pseudo dice [np.float32(0.912), np.float32(0.7627), np.float32(0.0)]
2025-11-21 00:39:37.025423: Epoch time: 72.03 s
2025-11-21 00:39:38.160576: 
2025-11-21 00:39:38.160773: Epoch 280
2025-11-21 00:39:38.160899: Current learning rate: 0.00744
2025-11-21 00:40:50.015310: train_loss -0.7511
2025-11-21 00:40:50.015677: val_loss -0.7478
2025-11-21 00:40:50.015779: Pseudo dice [np.float32(0.901), np.float32(0.7482), np.float32(0.0)]
2025-11-21 00:40:50.015874: Epoch time: 71.86 s
2025-11-21 00:40:51.726353: 
2025-11-21 00:40:51.726592: Epoch 281
2025-11-21 00:40:51.726714: Current learning rate: 0.00743
2025-11-21 00:42:00.637741: train_loss -0.7313
2025-11-21 00:42:00.639774: val_loss -0.7239
2025-11-21 00:42:00.639908: Pseudo dice [np.float32(0.9075), np.float32(0.7412), np.float32(0.0)]
2025-11-21 00:42:00.640020: Epoch time: 68.91 s
2025-11-21 00:42:01.923082: 
2025-11-21 00:42:01.923291: Epoch 282
2025-11-21 00:42:01.923421: Current learning rate: 0.00742
2025-11-21 00:43:13.217421: train_loss -0.7339
2025-11-21 00:43:13.217671: val_loss -0.7276
2025-11-21 00:43:13.217778: Pseudo dice [np.float32(0.9), np.float32(0.7506), np.float32(0.0)]
2025-11-21 00:43:13.217882: Epoch time: 71.3 s
2025-11-21 00:43:14.415303: 
2025-11-21 00:43:14.415650: Epoch 283
2025-11-21 00:43:14.415842: Current learning rate: 0.00741
2025-11-21 00:44:29.524317: train_loss -0.7263
2025-11-21 00:44:29.524595: val_loss -0.752
2025-11-21 00:44:29.524700: Pseudo dice [np.float32(0.8945), np.float32(0.7387), np.float32(0.0)]
2025-11-21 00:44:29.524804: Epoch time: 75.11 s
2025-11-21 00:44:30.688151: 
2025-11-21 00:44:30.688392: Epoch 284
2025-11-21 00:44:30.688523: Current learning rate: 0.0074
2025-11-21 00:45:43.040292: train_loss -0.7409
2025-11-21 00:45:43.040698: val_loss -0.7241
2025-11-21 00:45:43.040828: Pseudo dice [np.float32(0.9161), np.float32(0.7714), np.float32(0.0)]
2025-11-21 00:45:43.040939: Epoch time: 72.35 s
2025-11-21 00:45:44.439769: 
2025-11-21 00:45:44.439987: Epoch 285
2025-11-21 00:45:44.440128: Current learning rate: 0.00739
2025-11-21 00:46:57.360828: train_loss -0.7293
2025-11-21 00:46:57.361085: val_loss -0.7134
2025-11-21 00:46:57.361200: Pseudo dice [np.float32(0.9002), np.float32(0.7427), np.float32(0.0)]
2025-11-21 00:46:57.361309: Epoch time: 72.92 s
2025-11-21 00:46:58.477417: 
2025-11-21 00:46:58.477657: Epoch 286
2025-11-21 00:46:58.477856: Current learning rate: 0.00738
2025-11-21 00:48:12.973212: train_loss -0.7236
2025-11-21 00:48:12.973460: val_loss -0.7464
2025-11-21 00:48:12.973565: Pseudo dice [np.float32(0.8932), np.float32(0.7573), np.float32(0.0)]
2025-11-21 00:48:12.973669: Epoch time: 74.5 s
2025-11-21 00:48:14.225740: 
2025-11-21 00:48:14.226017: Epoch 287
2025-11-21 00:48:14.226155: Current learning rate: 0.00738
2025-11-21 00:49:27.041983: train_loss -0.7358
2025-11-21 00:49:27.042376: val_loss -0.7327
2025-11-21 00:49:27.042490: Pseudo dice [np.float32(0.9112), np.float32(0.7435), np.float32(0.0)]
2025-11-21 00:49:27.042596: Epoch time: 72.82 s
2025-11-21 00:49:28.905647: 
2025-11-21 00:49:28.906024: Epoch 288
2025-11-21 00:49:28.906160: Current learning rate: 0.00737
2025-11-21 00:50:43.018576: train_loss -0.7349
2025-11-21 00:50:43.018828: val_loss -0.7219
2025-11-21 00:50:43.018931: Pseudo dice [np.float32(0.9169), np.float32(0.7719), np.float32(0.0)]
2025-11-21 00:50:43.019034: Epoch time: 74.11 s
2025-11-21 00:50:44.225920: 
2025-11-21 00:50:44.226193: Epoch 289
2025-11-21 00:50:44.226376: Current learning rate: 0.00736
2025-11-21 00:51:57.827843: train_loss -0.7381
2025-11-21 00:51:57.829079: val_loss -0.75
2025-11-21 00:51:57.829212: Pseudo dice [np.float32(0.9074), np.float32(0.7486), np.float32(0.0)]
2025-11-21 00:51:57.829324: Epoch time: 73.6 s
2025-11-21 00:51:59.541529: 
2025-11-21 00:51:59.541756: Epoch 290
2025-11-21 00:51:59.541882: Current learning rate: 0.00735
2025-11-21 00:53:09.746438: train_loss -0.7331
2025-11-21 00:53:09.746786: val_loss -0.7391
2025-11-21 00:53:09.746894: Pseudo dice [np.float32(0.9032), np.float32(0.7392), np.float32(0.0)]
2025-11-21 00:53:09.746998: Epoch time: 70.21 s
2025-11-21 00:53:10.921882: 
2025-11-21 00:53:10.922077: Epoch 291
2025-11-21 00:53:10.922204: Current learning rate: 0.00734
2025-11-21 00:54:25.284727: train_loss -0.7342
2025-11-21 00:54:25.284998: val_loss -0.7137
2025-11-21 00:54:25.285104: Pseudo dice [np.float32(0.8895), np.float32(0.7567), np.float32(0.0)]
2025-11-21 00:54:25.285217: Epoch time: 74.36 s
2025-11-21 00:54:27.340130: 
2025-11-21 00:54:27.340372: Epoch 292
2025-11-21 00:54:27.340502: Current learning rate: 0.00733
2025-11-21 00:55:35.748561: train_loss -0.7208
2025-11-21 00:55:35.748796: val_loss -0.7367
2025-11-21 00:55:35.748902: Pseudo dice [np.float32(0.9072), np.float32(0.7556), np.float32(0.0)]
2025-11-21 00:55:35.749077: Epoch time: 68.41 s
2025-11-21 00:55:37.528221: 
2025-11-21 00:55:37.528439: Epoch 293
2025-11-21 00:55:37.528610: Current learning rate: 0.00732
2025-11-21 00:56:50.883904: train_loss -0.7414
2025-11-21 00:56:50.884209: val_loss -0.7609
2025-11-21 00:56:50.884321: Pseudo dice [np.float32(0.907), np.float32(0.7304), np.float32(0.0)]
2025-11-21 00:56:50.884433: Epoch time: 73.36 s
2025-11-21 00:56:52.028562: 
2025-11-21 00:56:52.028776: Epoch 294
2025-11-21 00:56:52.028904: Current learning rate: 0.00731
2025-11-21 00:57:58.791883: train_loss -0.74
2025-11-21 00:57:58.792124: val_loss -0.7274
2025-11-21 00:57:58.792239: Pseudo dice [np.float32(0.9042), np.float32(0.7669), np.float32(0.0)]
2025-11-21 00:57:58.792344: Epoch time: 66.76 s
2025-11-21 00:58:00.556494: 
2025-11-21 00:58:00.556722: Epoch 295
2025-11-21 00:58:00.556852: Current learning rate: 0.0073
2025-11-21 00:59:09.621062: train_loss -0.7372
2025-11-21 00:59:09.621344: val_loss -0.7545
2025-11-21 00:59:09.621450: Pseudo dice [np.float32(0.8939), np.float32(0.7311), np.float32(0.0)]
2025-11-21 00:59:09.621556: Epoch time: 69.07 s
2025-11-21 00:59:11.235873: 
2025-11-21 00:59:11.236209: Epoch 296
2025-11-21 00:59:11.236345: Current learning rate: 0.00729
2025-11-21 01:00:23.961030: train_loss -0.7215
2025-11-21 01:00:23.961293: val_loss -0.7134
2025-11-21 01:00:23.961399: Pseudo dice [np.float32(0.902), np.float32(0.7475), np.float32(0.0)]
2025-11-21 01:00:23.961502: Epoch time: 72.73 s
2025-11-21 01:00:25.331369: 
2025-11-21 01:00:25.331556: Epoch 297
2025-11-21 01:00:25.331675: Current learning rate: 0.00728
2025-11-21 01:01:40.696380: train_loss -0.7321
2025-11-21 01:01:40.698130: val_loss -0.7294
2025-11-21 01:01:40.698244: Pseudo dice [np.float32(0.9042), np.float32(0.7436), np.float32(0.0)]
2025-11-21 01:01:40.698342: Epoch time: 75.37 s
2025-11-21 01:01:42.192551: 
2025-11-21 01:01:42.192748: Epoch 298
2025-11-21 01:01:42.192871: Current learning rate: 0.00727
2025-11-21 01:02:56.146064: train_loss -0.7294
2025-11-21 01:02:56.146323: val_loss -0.6942
2025-11-21 01:02:56.146441: Pseudo dice [np.float32(0.9043), np.float32(0.7445), np.float32(0.0)]
2025-11-21 01:02:56.150753: Epoch time: 73.95 s
2025-11-21 01:02:58.240437: 
2025-11-21 01:02:58.240633: Epoch 299
2025-11-21 01:02:58.240755: Current learning rate: 0.00726
2025-11-21 01:04:09.299951: train_loss -0.7202
2025-11-21 01:04:09.300252: val_loss -0.7019
2025-11-21 01:04:09.300364: Pseudo dice [np.float32(0.9018), np.float32(0.7478), np.float32(0.0)]
2025-11-21 01:04:09.300468: Epoch time: 71.06 s
2025-11-21 01:04:10.776158: 
2025-11-21 01:04:10.776419: Epoch 300
2025-11-21 01:04:10.776531: Current learning rate: 0.00725
2025-11-21 01:05:19.018414: train_loss -0.7411
2025-11-21 01:05:19.018782: val_loss -0.7412
2025-11-21 01:05:19.018902: Pseudo dice [np.float32(0.9073), np.float32(0.7331), np.float32(0.0)]
2025-11-21 01:05:19.019012: Epoch time: 68.24 s
2025-11-21 01:05:20.252575: 
2025-11-21 01:05:20.252781: Epoch 301
2025-11-21 01:05:20.252912: Current learning rate: 0.00724
2025-11-21 01:06:30.390142: train_loss -0.7289
2025-11-21 01:06:30.390440: val_loss -0.7266
2025-11-21 01:06:30.390549: Pseudo dice [np.float32(0.9011), np.float32(0.7186), np.float32(0.0)]
2025-11-21 01:06:30.390653: Epoch time: 70.14 s
2025-11-21 01:06:32.083170: 
2025-11-21 01:06:32.083355: Epoch 302
2025-11-21 01:06:32.083469: Current learning rate: 0.00724
2025-11-21 01:07:41.501409: train_loss -0.7258
2025-11-21 01:07:41.501813: val_loss -0.7373
2025-11-21 01:07:41.501925: Pseudo dice [np.float32(0.9103), np.float32(0.738), np.float32(0.0)]
2025-11-21 01:07:41.502030: Epoch time: 69.42 s
2025-11-21 01:07:43.274312: 
2025-11-21 01:07:43.274526: Epoch 303
2025-11-21 01:07:43.274654: Current learning rate: 0.00723
2025-11-21 01:08:54.511561: train_loss -0.7372
2025-11-21 01:08:54.511946: val_loss -0.734
2025-11-21 01:08:54.512057: Pseudo dice [np.float32(0.9064), np.float32(0.7397), np.float32(0.0)]
2025-11-21 01:08:54.512163: Epoch time: 71.24 s
2025-11-21 01:08:56.088789: 
2025-11-21 01:08:56.088997: Epoch 304
2025-11-21 01:08:56.089120: Current learning rate: 0.00722
2025-11-21 01:10:06.846128: train_loss -0.7471
2025-11-21 01:10:06.846388: val_loss -0.7351
2025-11-21 01:10:06.846497: Pseudo dice [np.float32(0.9152), np.float32(0.747), np.float32(0.0)]
2025-11-21 01:10:06.846604: Epoch time: 70.76 s
2025-11-21 01:10:08.964602: 
2025-11-21 01:10:08.964801: Epoch 305
2025-11-21 01:10:08.964923: Current learning rate: 0.00721
2025-11-21 01:11:21.116308: train_loss -0.7319
2025-11-21 01:11:21.120121: val_loss -0.7385
2025-11-21 01:11:21.120286: Pseudo dice [np.float32(0.9024), np.float32(0.7453), np.float32(0.0)]
2025-11-21 01:11:21.120387: Epoch time: 72.15 s
2025-11-21 01:11:22.948695: 
2025-11-21 01:11:22.948898: Epoch 306
2025-11-21 01:11:22.949018: Current learning rate: 0.0072
2025-11-21 01:12:31.425867: train_loss -0.7275
2025-11-21 01:12:31.426285: val_loss -0.7165
2025-11-21 01:12:31.426401: Pseudo dice [np.float32(0.8887), np.float32(0.7184), np.float32(0.0)]
2025-11-21 01:12:31.426509: Epoch time: 68.48 s
2025-11-21 01:12:32.586098: 
2025-11-21 01:12:32.586405: Epoch 307
2025-11-21 01:12:32.586539: Current learning rate: 0.00719
2025-11-21 01:13:48.697964: train_loss -0.7196
2025-11-21 01:13:48.698976: val_loss -0.7123
2025-11-21 01:13:48.699095: Pseudo dice [np.float32(0.8894), np.float32(0.739), np.float32(0.0)]
2025-11-21 01:13:48.699209: Epoch time: 76.11 s
2025-11-21 01:13:49.987895: 
2025-11-21 01:13:49.988140: Epoch 308
2025-11-21 01:13:49.988275: Current learning rate: 0.00718
2025-11-21 01:15:00.372374: train_loss -0.7383
2025-11-21 01:15:00.372611: val_loss -0.7251
2025-11-21 01:15:00.372715: Pseudo dice [np.float32(0.8964), np.float32(0.7567), np.float32(0.0)]
2025-11-21 01:15:00.372819: Epoch time: 70.39 s
2025-11-21 01:15:01.661230: 
2025-11-21 01:15:01.661425: Epoch 309
2025-11-21 01:15:01.661546: Current learning rate: 0.00717
2025-11-21 01:16:14.025806: train_loss -0.7227
2025-11-21 01:16:14.026088: val_loss -0.7303
2025-11-21 01:16:14.026205: Pseudo dice [np.float32(0.8964), np.float32(0.7319), np.float32(0.0)]
2025-11-21 01:16:14.028500: Epoch time: 72.37 s
2025-11-21 01:16:15.804076: 
2025-11-21 01:16:15.804343: Epoch 310
2025-11-21 01:16:15.804470: Current learning rate: 0.00716
2025-11-21 01:17:29.858793: train_loss -0.7333
2025-11-21 01:17:29.859049: val_loss -0.7054
2025-11-21 01:17:29.859141: Pseudo dice [np.float32(0.8999), np.float32(0.7553), np.float32(0.0)]
2025-11-21 01:17:29.859244: Epoch time: 74.06 s
2025-11-21 01:17:32.783522: 
2025-11-21 01:17:32.783722: Epoch 311
2025-11-21 01:17:32.783849: Current learning rate: 0.00715
2025-11-21 01:18:43.663942: train_loss -0.7416
2025-11-21 01:18:43.664278: val_loss -0.7238
2025-11-21 01:18:43.664400: Pseudo dice [np.float32(0.8986), np.float32(0.7379), np.float32(0.0)]
2025-11-21 01:18:43.664507: Epoch time: 70.88 s
2025-11-21 01:18:44.860951: 
2025-11-21 01:18:44.861222: Epoch 312
2025-11-21 01:18:44.861398: Current learning rate: 0.00714
2025-11-21 01:19:55.267404: train_loss -0.7377
2025-11-21 01:19:55.267665: val_loss -0.7314
2025-11-21 01:19:55.267774: Pseudo dice [np.float32(0.9035), np.float32(0.7596), np.float32(0.0)]
2025-11-21 01:19:55.267880: Epoch time: 70.41 s
2025-11-21 01:19:56.411315: 
2025-11-21 01:19:56.411494: Epoch 313
2025-11-21 01:19:56.411669: Current learning rate: 0.00713
2025-11-21 01:21:08.781768: train_loss -0.7362
2025-11-21 01:21:08.786294: val_loss -0.7392
2025-11-21 01:21:08.786444: Pseudo dice [np.float32(0.909), np.float32(0.7432), np.float32(0.0)]
2025-11-21 01:21:08.786551: Epoch time: 72.37 s
2025-11-21 01:21:10.049651: 
2025-11-21 01:21:10.049872: Epoch 314
2025-11-21 01:21:10.050001: Current learning rate: 0.00712
2025-11-21 01:22:19.490372: train_loss -0.727
2025-11-21 01:22:19.499517: val_loss -0.7281
2025-11-21 01:22:19.499642: Pseudo dice [np.float32(0.9077), np.float32(0.733), np.float32(0.0)]
2025-11-21 01:22:19.499748: Epoch time: 69.44 s
2025-11-21 01:22:21.450139: 
2025-11-21 01:22:21.450472: Epoch 315
2025-11-21 01:22:21.450602: Current learning rate: 0.00711
2025-11-21 01:23:33.461664: train_loss -0.7279
2025-11-21 01:23:33.462991: val_loss -0.7058
2025-11-21 01:23:33.463132: Pseudo dice [np.float32(0.9004), np.float32(0.7327), np.float32(0.0)]
2025-11-21 01:23:33.463253: Epoch time: 72.01 s
2025-11-21 01:23:34.747905: 
2025-11-21 01:23:34.748206: Epoch 316
2025-11-21 01:23:34.748344: Current learning rate: 0.0071
2025-11-21 01:24:53.084447: train_loss -0.7218
2025-11-21 01:24:53.084738: val_loss -0.7533
2025-11-21 01:24:53.084855: Pseudo dice [np.float32(0.9056), np.float32(0.7499), np.float32(0.0)]
2025-11-21 01:24:53.084960: Epoch time: 78.34 s
2025-11-21 01:24:54.301183: 
2025-11-21 01:24:54.301381: Epoch 317
2025-11-21 01:24:54.301507: Current learning rate: 0.0071
2025-11-21 01:26:10.124010: train_loss -0.7412
2025-11-21 01:26:10.124442: val_loss -0.7445
2025-11-21 01:26:10.124552: Pseudo dice [np.float32(0.8852), np.float32(0.738), np.float32(0.0)]
2025-11-21 01:26:10.124660: Epoch time: 75.82 s
2025-11-21 01:26:11.695395: 
2025-11-21 01:26:11.695589: Epoch 318
2025-11-21 01:26:11.695710: Current learning rate: 0.00709
2025-11-21 01:27:20.402243: train_loss -0.7129
2025-11-21 01:27:20.402498: val_loss -0.7165
2025-11-21 01:27:20.403784: Pseudo dice [np.float32(0.8935), np.float32(0.7374), np.float32(0.0)]
2025-11-21 01:27:20.403934: Epoch time: 68.71 s
2025-11-21 01:27:22.004318: 
2025-11-21 01:27:22.004578: Epoch 319
2025-11-21 01:27:22.004703: Current learning rate: 0.00708
2025-11-21 01:28:35.887110: train_loss -0.7211
2025-11-21 01:28:35.887373: val_loss -0.7261
2025-11-21 01:28:35.887477: Pseudo dice [np.float32(0.9022), np.float32(0.7415), np.float32(0.0)]
2025-11-21 01:28:35.887583: Epoch time: 73.88 s
2025-11-21 01:28:37.012249: 
2025-11-21 01:28:37.012440: Epoch 320
2025-11-21 01:28:37.012563: Current learning rate: 0.00707
2025-11-21 01:29:45.120787: train_loss -0.7235
2025-11-21 01:29:45.121055: val_loss -0.7495
2025-11-21 01:29:45.121161: Pseudo dice [np.float32(0.9115), np.float32(0.7256), np.float32(0.0)]
2025-11-21 01:29:45.121274: Epoch time: 68.11 s
2025-11-21 01:29:46.965378: 
2025-11-21 01:29:46.965570: Epoch 321
2025-11-21 01:29:46.965691: Current learning rate: 0.00706
2025-11-21 01:30:59.053903: train_loss -0.7205
2025-11-21 01:30:59.054165: val_loss -0.7658
2025-11-21 01:30:59.054279: Pseudo dice [np.float32(0.9015), np.float32(0.7183), np.float32(0.0)]
2025-11-21 01:30:59.054386: Epoch time: 72.09 s
2025-11-21 01:31:01.186900: 
2025-11-21 01:31:01.187112: Epoch 322
2025-11-21 01:31:01.187249: Current learning rate: 0.00705
2025-11-21 01:32:10.992782: train_loss -0.7333
2025-11-21 01:32:10.993035: val_loss -0.7282
2025-11-21 01:32:10.997554: Pseudo dice [np.float32(0.9057), np.float32(0.7662), np.float32(0.0)]
2025-11-21 01:32:10.997724: Epoch time: 69.81 s
2025-11-21 01:32:12.399900: 
2025-11-21 01:32:12.400086: Epoch 323
2025-11-21 01:32:12.400224: Current learning rate: 0.00704
2025-11-21 01:33:20.961652: train_loss -0.7288
2025-11-21 01:33:20.974570: val_loss -0.7352
2025-11-21 01:33:20.974699: Pseudo dice [np.float32(0.8994), np.float32(0.7509), np.float32(0.0)]
2025-11-21 01:33:20.974808: Epoch time: 68.56 s
2025-11-21 01:33:22.225130: 
2025-11-21 01:33:22.225316: Epoch 324
2025-11-21 01:33:22.225440: Current learning rate: 0.00703
2025-11-21 01:34:34.342310: train_loss -0.7216
2025-11-21 01:34:34.342670: val_loss -0.7519
2025-11-21 01:34:34.342778: Pseudo dice [np.float32(0.9027), np.float32(0.757), np.float32(0.0)]
2025-11-21 01:34:34.342880: Epoch time: 72.12 s
2025-11-21 01:34:35.564824: 
2025-11-21 01:34:35.565181: Epoch 325
2025-11-21 01:34:35.565371: Current learning rate: 0.00702
2025-11-21 01:35:46.680820: train_loss -0.7346
2025-11-21 01:35:46.682334: val_loss -0.7288
2025-11-21 01:35:46.684454: Pseudo dice [np.float32(0.9141), np.float32(0.7484), np.float32(0.0)]
2025-11-21 01:35:46.684587: Epoch time: 71.12 s
2025-11-21 01:35:48.429002: 
2025-11-21 01:35:48.429225: Epoch 326
2025-11-21 01:35:48.429343: Current learning rate: 0.00701
2025-11-21 01:37:00.095724: train_loss -0.7528
2025-11-21 01:37:00.095990: val_loss -0.7596
2025-11-21 01:37:00.128403: Pseudo dice [np.float32(0.9137), np.float32(0.7418), np.float32(0.0)]
2025-11-21 01:37:00.128571: Epoch time: 71.67 s
2025-11-21 01:37:02.438379: 
2025-11-21 01:37:02.438564: Epoch 327
2025-11-21 01:37:02.438689: Current learning rate: 0.007
2025-11-21 01:38:15.972835: train_loss -0.737
2025-11-21 01:38:15.973167: val_loss -0.7239
2025-11-21 01:38:15.973279: Pseudo dice [np.float32(0.9055), np.float32(0.7567), np.float32(0.0)]
2025-11-21 01:38:15.973382: Epoch time: 73.54 s
2025-11-21 01:38:17.596072: 
2025-11-21 01:38:17.596271: Epoch 328
2025-11-21 01:38:17.596460: Current learning rate: 0.00699
2025-11-21 01:39:26.653785: train_loss -0.7226
2025-11-21 01:39:26.660476: val_loss -0.7056
2025-11-21 01:39:26.660678: Pseudo dice [np.float32(0.9126), np.float32(0.7503), np.float32(0.0)]
2025-11-21 01:39:26.660786: Epoch time: 69.06 s
2025-11-21 01:39:28.115538: 
2025-11-21 01:39:28.115746: Epoch 329
2025-11-21 01:39:28.115865: Current learning rate: 0.00698
2025-11-21 01:40:37.110970: train_loss -0.7278
2025-11-21 01:40:37.111241: val_loss -0.7526
2025-11-21 01:40:37.111347: Pseudo dice [np.float32(0.9013), np.float32(0.7377), np.float32(0.0)]
2025-11-21 01:40:37.111451: Epoch time: 69.0 s
2025-11-21 01:40:39.134975: 
2025-11-21 01:40:39.135190: Epoch 330
2025-11-21 01:40:39.135313: Current learning rate: 0.00697
2025-11-21 01:41:47.342751: train_loss -0.7392
2025-11-21 01:41:47.344409: val_loss -0.6961
2025-11-21 01:41:47.344565: Pseudo dice [np.float32(0.896), np.float32(0.7446), np.float32(0.0)]
2025-11-21 01:41:47.344682: Epoch time: 68.21 s
2025-11-21 01:41:49.594678: 
2025-11-21 01:41:49.594938: Epoch 331
2025-11-21 01:41:49.595091: Current learning rate: 0.00696
2025-11-21 01:43:00.015857: train_loss -0.7413
2025-11-21 01:43:00.016097: val_loss -0.7271
2025-11-21 01:43:00.016211: Pseudo dice [np.float32(0.9058), np.float32(0.7638), np.float32(0.0)]
2025-11-21 01:43:00.016315: Epoch time: 70.42 s
2025-11-21 01:43:01.203004: 
2025-11-21 01:43:01.203222: Epoch 332
2025-11-21 01:43:01.203347: Current learning rate: 0.00696
2025-11-21 01:44:12.427517: train_loss -0.7207
2025-11-21 01:44:12.429477: val_loss -0.7144
2025-11-21 01:44:12.429595: Pseudo dice [np.float32(0.9021), np.float32(0.7522), np.float32(0.0)]
2025-11-21 01:44:12.429694: Epoch time: 71.23 s
2025-11-21 01:44:13.866076: 
2025-11-21 01:44:13.866379: Epoch 333
2025-11-21 01:44:13.866510: Current learning rate: 0.00695
2025-11-21 01:45:30.476139: train_loss -0.7293
2025-11-21 01:45:30.476522: val_loss -0.7166
2025-11-21 01:45:30.476641: Pseudo dice [np.float32(0.8951), np.float32(0.7457), np.float32(0.0)]
2025-11-21 01:45:30.476746: Epoch time: 76.61 s
2025-11-21 01:45:32.240624: 
2025-11-21 01:45:32.240849: Epoch 334
2025-11-21 01:45:32.240989: Current learning rate: 0.00694
2025-11-21 01:46:41.055685: train_loss -0.754
2025-11-21 01:46:41.055970: val_loss -0.7449
2025-11-21 01:46:41.056074: Pseudo dice [np.float32(0.9033), np.float32(0.7577), np.float32(0.0)]
2025-11-21 01:46:41.056187: Epoch time: 68.82 s
2025-11-21 01:46:42.950524: 
2025-11-21 01:46:42.950842: Epoch 335
2025-11-21 01:46:42.950975: Current learning rate: 0.00693
2025-11-21 01:47:56.030626: train_loss -0.7341
2025-11-21 01:47:56.030887: val_loss -0.698
2025-11-21 01:47:56.030991: Pseudo dice [np.float32(0.9053), np.float32(0.7521), np.float32(0.0)]
2025-11-21 01:47:56.031091: Epoch time: 73.08 s
2025-11-21 01:47:57.790622: 
2025-11-21 01:47:57.790857: Epoch 336
2025-11-21 01:47:57.790990: Current learning rate: 0.00692
2025-11-21 01:49:13.869201: train_loss -0.7282
2025-11-21 01:49:13.871678: val_loss -0.7541
2025-11-21 01:49:13.871865: Pseudo dice [np.float32(0.904), np.float32(0.7398), np.float32(0.0)]
2025-11-21 01:49:13.871967: Epoch time: 76.08 s
2025-11-21 01:49:15.071486: 
2025-11-21 01:49:15.071675: Epoch 337
2025-11-21 01:49:15.071799: Current learning rate: 0.00691
2025-11-21 01:50:26.945979: train_loss -0.7425
2025-11-21 01:50:26.946338: val_loss -0.7224
2025-11-21 01:50:26.946444: Pseudo dice [np.float32(0.9045), np.float32(0.7331), np.float32(0.0)]
2025-11-21 01:50:26.946547: Epoch time: 71.88 s
2025-11-21 01:50:28.515298: 
2025-11-21 01:50:28.515517: Epoch 338
2025-11-21 01:50:28.515751: Current learning rate: 0.0069
2025-11-21 01:51:37.451262: train_loss -0.7146
2025-11-21 01:51:37.451631: val_loss -0.7389
2025-11-21 01:51:37.451741: Pseudo dice [np.float32(0.9069), np.float32(0.7588), np.float32(0.0)]
2025-11-21 01:51:37.451848: Epoch time: 68.94 s
2025-11-21 01:51:38.975768: 
2025-11-21 01:51:38.976064: Epoch 339
2025-11-21 01:51:38.976236: Current learning rate: 0.00689
2025-11-21 01:52:47.207125: train_loss -0.7395
2025-11-21 01:52:47.207516: val_loss -0.7387
2025-11-21 01:52:47.207625: Pseudo dice [np.float32(0.901), np.float32(0.7494), np.float32(0.0)]
2025-11-21 01:52:47.207732: Epoch time: 68.23 s
2025-11-21 01:52:48.447556: 
2025-11-21 01:52:48.447743: Epoch 340
2025-11-21 01:52:48.447868: Current learning rate: 0.00688
2025-11-21 01:54:02.935303: train_loss -0.7318
2025-11-21 01:54:02.935556: val_loss -0.7307
2025-11-21 01:54:02.935662: Pseudo dice [np.float32(0.9033), np.float32(0.7571), np.float32(0.0)]
2025-11-21 01:54:02.935765: Epoch time: 74.49 s
2025-11-21 01:54:04.709752: 
2025-11-21 01:54:04.709977: Epoch 341
2025-11-21 01:54:04.710104: Current learning rate: 0.00687
2025-11-21 01:55:12.136657: train_loss -0.7466
2025-11-21 01:55:12.136918: val_loss -0.7221
2025-11-21 01:55:12.137022: Pseudo dice [np.float32(0.8974), np.float32(0.7125), np.float32(0.0)]
2025-11-21 01:55:12.137126: Epoch time: 67.43 s
2025-11-21 01:55:13.342210: 
2025-11-21 01:55:13.342530: Epoch 342
2025-11-21 01:55:13.342758: Current learning rate: 0.00686
2025-11-21 01:56:23.954311: train_loss -0.7234
2025-11-21 01:56:23.954561: val_loss -0.7317
2025-11-21 01:56:23.954667: Pseudo dice [np.float32(0.8947), np.float32(0.7155), np.float32(0.0)]
2025-11-21 01:56:23.954770: Epoch time: 70.61 s
2025-11-21 01:56:25.101543: 
2025-11-21 01:56:25.101736: Epoch 343
2025-11-21 01:56:25.101855: Current learning rate: 0.00685
2025-11-21 01:57:35.387302: train_loss -0.737
2025-11-21 01:57:35.389221: val_loss -0.7162
2025-11-21 01:57:35.389348: Pseudo dice [np.float32(0.9168), np.float32(0.7658), np.float32(0.0)]
2025-11-21 01:57:35.389456: Epoch time: 70.29 s
2025-11-21 01:57:36.756629: 
2025-11-21 01:57:36.756882: Epoch 344
2025-11-21 01:57:36.757004: Current learning rate: 0.00684
2025-11-21 01:58:46.712123: train_loss -0.7489
2025-11-21 01:58:46.714027: val_loss -0.7306
2025-11-21 01:58:46.714138: Pseudo dice [np.float32(0.9099), np.float32(0.7673), np.float32(0.0)]
2025-11-21 01:58:46.714248: Epoch time: 69.96 s
2025-11-21 01:58:48.073948: 
2025-11-21 01:58:48.074143: Epoch 345
2025-11-21 01:58:48.074269: Current learning rate: 0.00683
2025-11-21 02:00:02.728768: train_loss -0.7168
2025-11-21 02:00:02.728995: val_loss -0.7325
2025-11-21 02:00:02.729097: Pseudo dice [np.float32(0.9046), np.float32(0.7576), np.float32(0.0)]
2025-11-21 02:00:02.729206: Epoch time: 74.66 s
2025-11-21 02:00:03.869034: 
2025-11-21 02:00:03.869312: Epoch 346
2025-11-21 02:00:03.869493: Current learning rate: 0.00682
2025-11-21 02:01:16.785823: train_loss -0.7235
2025-11-21 02:01:16.786082: val_loss -0.7661
2025-11-21 02:01:16.786197: Pseudo dice [np.float32(0.9003), np.float32(0.7384), np.float32(0.0)]
2025-11-21 02:01:16.786302: Epoch time: 72.92 s
2025-11-21 02:01:17.875034: 
2025-11-21 02:01:17.875240: Epoch 347
2025-11-21 02:01:17.875366: Current learning rate: 0.00681
2025-11-21 02:02:30.761543: train_loss -0.7167
2025-11-21 02:02:30.761783: val_loss -0.7394
2025-11-21 02:02:30.761887: Pseudo dice [np.float32(0.9076), np.float32(0.754), np.float32(0.0)]
2025-11-21 02:02:30.761989: Epoch time: 72.89 s
2025-11-21 02:02:32.131786: 
2025-11-21 02:02:32.131990: Epoch 348
2025-11-21 02:02:32.132117: Current learning rate: 0.0068
2025-11-21 02:03:42.359110: train_loss -0.7309
2025-11-21 02:03:42.365798: val_loss -0.7206
2025-11-21 02:03:42.365933: Pseudo dice [np.float32(0.9061), np.float32(0.7548), np.float32(0.0)]
2025-11-21 02:03:42.366044: Epoch time: 70.23 s
2025-11-21 02:03:44.250559: 
2025-11-21 02:03:44.250822: Epoch 349
2025-11-21 02:03:44.250955: Current learning rate: 0.0068
2025-11-21 02:04:57.539130: train_loss -0.7239
2025-11-21 02:04:57.540373: val_loss -0.7395
2025-11-21 02:04:57.540495: Pseudo dice [np.float32(0.8923), np.float32(0.7275), np.float32(0.0)]
2025-11-21 02:04:57.540602: Epoch time: 73.29 s
2025-11-21 02:04:58.980664: 
2025-11-21 02:04:58.980886: Epoch 350
2025-11-21 02:04:58.981017: Current learning rate: 0.00679
2025-11-21 02:06:12.313207: train_loss -0.7231
2025-11-21 02:06:12.313465: val_loss -0.7253
2025-11-21 02:06:12.313585: Pseudo dice [np.float32(0.8938), np.float32(0.7349), np.float32(0.0)]
2025-11-21 02:06:12.313695: Epoch time: 73.33 s
2025-11-21 02:06:13.655951: 
2025-11-21 02:06:13.656133: Epoch 351
2025-11-21 02:06:13.656268: Current learning rate: 0.00678
2025-11-21 02:07:24.831087: train_loss -0.7125
2025-11-21 02:07:24.831367: val_loss -0.7244
2025-11-21 02:07:24.835722: Pseudo dice [np.float32(0.9075), np.float32(0.7665), np.float32(0.0)]
2025-11-21 02:07:24.835915: Epoch time: 71.18 s
2025-11-21 02:07:26.523316: 
2025-11-21 02:07:26.523527: Epoch 352
2025-11-21 02:07:26.523659: Current learning rate: 0.00677
2025-11-21 02:08:39.078753: train_loss -0.7539
2025-11-21 02:08:39.079106: val_loss -0.7344
2025-11-21 02:08:39.079232: Pseudo dice [np.float32(0.9075), np.float32(0.7583), np.float32(0.0)]
2025-11-21 02:08:39.079336: Epoch time: 72.56 s
2025-11-21 02:08:40.836135: 
2025-11-21 02:08:40.836379: Epoch 353
2025-11-21 02:08:40.836524: Current learning rate: 0.00676
2025-11-21 02:09:53.203280: train_loss -0.7402
2025-11-21 02:09:53.203529: val_loss -0.7444
2025-11-21 02:09:53.203632: Pseudo dice [np.float32(0.9165), np.float32(0.7423), np.float32(0.0)]
2025-11-21 02:09:53.203735: Epoch time: 72.37 s
2025-11-21 02:09:55.313751: 
2025-11-21 02:09:55.314149: Epoch 354
2025-11-21 02:09:55.314346: Current learning rate: 0.00675
2025-11-21 02:11:06.071586: train_loss -0.7266
2025-11-21 02:11:06.071864: val_loss -0.7639
2025-11-21 02:11:06.073406: Pseudo dice [np.float32(0.9028), np.float32(0.7678), np.float32(0.0)]
2025-11-21 02:11:06.073584: Epoch time: 70.76 s
2025-11-21 02:11:07.299779: 
2025-11-21 02:11:07.299994: Epoch 355
2025-11-21 02:11:07.300125: Current learning rate: 0.00674
2025-11-21 02:12:18.492107: train_loss -0.7386
2025-11-21 02:12:18.492375: val_loss -0.7194
2025-11-21 02:12:18.492478: Pseudo dice [np.float32(0.8973), np.float32(0.7394), np.float32(0.0)]
2025-11-21 02:12:18.492581: Epoch time: 71.19 s
2025-11-21 02:12:20.203805: 
2025-11-21 02:12:20.204028: Epoch 356
2025-11-21 02:12:20.204158: Current learning rate: 0.00673
2025-11-21 02:13:35.828590: train_loss -0.7435
2025-11-21 02:13:35.828849: val_loss -0.7326
2025-11-21 02:13:35.828952: Pseudo dice [np.float32(0.9075), np.float32(0.7567), np.float32(0.0)]
2025-11-21 02:13:35.829055: Epoch time: 75.63 s
2025-11-21 02:13:37.866848: 
2025-11-21 02:13:37.867086: Epoch 357
2025-11-21 02:13:37.867222: Current learning rate: 0.00672
2025-11-21 02:14:49.884417: train_loss -0.7386
2025-11-21 02:14:49.884761: val_loss -0.761
2025-11-21 02:14:49.884868: Pseudo dice [np.float32(0.9), np.float32(0.726), np.float32(0.0)]
2025-11-21 02:14:49.884971: Epoch time: 72.02 s
2025-11-21 02:14:51.426014: 
2025-11-21 02:14:51.426217: Epoch 358
2025-11-21 02:14:51.426341: Current learning rate: 0.00671
2025-11-21 02:16:01.732325: train_loss -0.744
2025-11-21 02:16:01.732592: val_loss -0.72
2025-11-21 02:16:01.732697: Pseudo dice [np.float32(0.906), np.float32(0.7434), np.float32(0.0)]
2025-11-21 02:16:01.732803: Epoch time: 70.31 s
2025-11-21 02:16:04.000605: 
2025-11-21 02:16:04.000808: Epoch 359
2025-11-21 02:16:04.000933: Current learning rate: 0.0067
2025-11-21 02:17:17.628764: train_loss -0.7221
2025-11-21 02:17:17.629031: val_loss -0.7291
2025-11-21 02:17:17.629170: Pseudo dice [np.float32(0.8987), np.float32(0.7423), np.float32(0.0)]
2025-11-21 02:17:17.629292: Epoch time: 73.63 s
2025-11-21 02:17:18.840464: 
2025-11-21 02:17:18.840755: Epoch 360
2025-11-21 02:17:18.840878: Current learning rate: 0.00669
2025-11-21 02:18:31.478549: train_loss -0.7511
2025-11-21 02:18:31.478813: val_loss -0.7218
2025-11-21 02:18:31.479007: Pseudo dice [np.float32(0.916), np.float32(0.7743), np.float32(0.0)]
2025-11-21 02:18:31.479118: Epoch time: 72.64 s
2025-11-21 02:18:33.122576: 
2025-11-21 02:18:33.122890: Epoch 361
2025-11-21 02:18:33.123029: Current learning rate: 0.00668
2025-11-21 02:19:44.745962: train_loss -0.7501
2025-11-21 02:19:44.746250: val_loss -0.7698
2025-11-21 02:19:44.746360: Pseudo dice [np.float32(0.9135), np.float32(0.7337), np.float32(0.0)]
2025-11-21 02:19:44.746465: Epoch time: 71.62 s
2025-11-21 02:19:45.834400: 
2025-11-21 02:19:45.834642: Epoch 362
2025-11-21 02:19:45.834809: Current learning rate: 0.00667
2025-11-21 02:21:00.464059: train_loss -0.729
2025-11-21 02:21:00.464475: val_loss -0.738
2025-11-21 02:21:00.464590: Pseudo dice [np.float32(0.9012), np.float32(0.7188), np.float32(0.0)]
2025-11-21 02:21:00.464699: Epoch time: 74.63 s
2025-11-21 02:21:01.861265: 
2025-11-21 02:21:01.909649: Epoch 363
2025-11-21 02:21:01.909877: Current learning rate: 0.00666
2025-11-21 02:22:16.700912: train_loss -0.7392
2025-11-21 02:22:16.701226: val_loss -0.719
2025-11-21 02:22:16.701336: Pseudo dice [np.float32(0.902), np.float32(0.7419), np.float32(0.0)]
2025-11-21 02:22:16.701442: Epoch time: 74.84 s
2025-11-21 02:22:17.879030: 
2025-11-21 02:22:17.879226: Epoch 364
2025-11-21 02:22:17.879349: Current learning rate: 0.00665
2025-11-21 02:23:29.508874: train_loss -0.7465
2025-11-21 02:23:29.509916: val_loss -0.7351
2025-11-21 02:23:29.510027: Pseudo dice [np.float32(0.9102), np.float32(0.7528), np.float32(0.0)]
2025-11-21 02:23:29.510129: Epoch time: 71.63 s
2025-11-21 02:23:30.774441: 
2025-11-21 02:23:30.774611: Epoch 365
2025-11-21 02:23:30.774729: Current learning rate: 0.00665
2025-11-21 02:24:41.702073: train_loss -0.7477
2025-11-21 02:24:41.702448: val_loss -0.7477
2025-11-21 02:24:41.702554: Pseudo dice [np.float32(0.9066), np.float32(0.7633), np.float32(0.0)]
2025-11-21 02:24:41.702656: Epoch time: 70.93 s
2025-11-21 02:24:43.634818: 
2025-11-21 02:24:43.635030: Epoch 366
2025-11-21 02:24:43.635158: Current learning rate: 0.00664
2025-11-21 02:25:56.077506: train_loss -0.7533
2025-11-21 02:25:56.082851: val_loss -0.7705
2025-11-21 02:25:56.082967: Pseudo dice [np.float32(0.9016), np.float32(0.7635), np.float32(0.0)]
2025-11-21 02:25:56.083066: Epoch time: 72.44 s
2025-11-21 02:25:58.318402: 
2025-11-21 02:25:58.318652: Epoch 367
2025-11-21 02:25:58.318790: Current learning rate: 0.00663
2025-11-21 02:27:09.827791: train_loss -0.7293
2025-11-21 02:27:09.829607: val_loss -0.7361
2025-11-21 02:27:09.829751: Pseudo dice [np.float32(0.9067), np.float32(0.7532), np.float32(0.0)]
2025-11-21 02:27:09.829852: Epoch time: 71.51 s
2025-11-21 02:27:11.155324: 
2025-11-21 02:27:11.155541: Epoch 368
2025-11-21 02:27:11.155677: Current learning rate: 0.00662
2025-11-21 02:28:25.050574: train_loss -0.74
2025-11-21 02:28:25.050826: val_loss -0.7536
2025-11-21 02:28:25.050931: Pseudo dice [np.float32(0.9112), np.float32(0.7539), np.float32(0.0)]
2025-11-21 02:28:25.051036: Epoch time: 73.9 s
2025-11-21 02:28:26.281507: 
2025-11-21 02:28:26.281713: Epoch 369
2025-11-21 02:28:26.281835: Current learning rate: 0.00661
2025-11-21 02:29:40.173716: train_loss -0.7405
2025-11-21 02:29:40.173972: val_loss -0.7118
2025-11-21 02:29:40.176384: Pseudo dice [np.float32(0.9065), np.float32(0.7698), np.float32(0.0)]
2025-11-21 02:29:40.176508: Epoch time: 73.89 s
2025-11-21 02:29:41.846161: 
2025-11-21 02:29:41.846352: Epoch 370
2025-11-21 02:29:41.846473: Current learning rate: 0.0066
2025-11-21 02:30:54.317601: train_loss -0.7319
2025-11-21 02:30:54.317929: val_loss -0.7222
2025-11-21 02:30:54.318038: Pseudo dice [np.float32(0.9022), np.float32(0.7489), np.float32(0.0)]
2025-11-21 02:30:54.318147: Epoch time: 72.47 s
2025-11-21 02:30:55.553588: 
2025-11-21 02:30:55.553790: Epoch 371
2025-11-21 02:30:55.553915: Current learning rate: 0.00659
2025-11-21 02:32:07.397019: train_loss -0.7467
2025-11-21 02:32:07.397280: val_loss -0.7376
2025-11-21 02:32:07.397384: Pseudo dice [np.float32(0.9017), np.float32(0.7317), np.float32(0.0)]
2025-11-21 02:32:07.397485: Epoch time: 71.84 s
2025-11-21 02:32:09.491843: 
2025-11-21 02:32:09.492058: Epoch 372
2025-11-21 02:32:09.492186: Current learning rate: 0.00658
2025-11-21 02:33:25.411834: train_loss -0.7474
2025-11-21 02:33:25.412193: val_loss -0.726
2025-11-21 02:33:25.412304: Pseudo dice [np.float32(0.9122), np.float32(0.7469), np.float32(0.0)]
2025-11-21 02:33:25.418165: Epoch time: 75.92 s
2025-11-21 02:33:27.007864: 
2025-11-21 02:33:27.008070: Epoch 373
2025-11-21 02:33:27.008196: Current learning rate: 0.00657
2025-11-21 02:34:46.948331: train_loss -0.7435
2025-11-21 02:34:46.948653: val_loss -0.715
2025-11-21 02:34:46.948760: Pseudo dice [np.float32(0.9146), np.float32(0.759), np.float32(0.0)]
2025-11-21 02:34:46.948864: Epoch time: 79.94 s
2025-11-21 02:34:48.153202: 
2025-11-21 02:34:48.153475: Epoch 374
2025-11-21 02:34:48.153604: Current learning rate: 0.00656
2025-11-21 02:35:58.145073: train_loss -0.7382
2025-11-21 02:35:58.145379: val_loss -0.7365
2025-11-21 02:35:58.145486: Pseudo dice [np.float32(0.8999), np.float32(0.7248), np.float32(0.0)]
2025-11-21 02:35:58.145590: Epoch time: 69.99 s
2025-11-21 02:36:00.176929: 
2025-11-21 02:36:00.177229: Epoch 375
2025-11-21 02:36:00.177363: Current learning rate: 0.00655
2025-11-21 02:37:11.371602: train_loss -0.7361
2025-11-21 02:37:11.371974: val_loss -0.7307
2025-11-21 02:37:11.372083: Pseudo dice [np.float32(0.9085), np.float32(0.7242), np.float32(0.0)]
2025-11-21 02:37:11.372195: Epoch time: 71.2 s
2025-11-21 02:37:12.843935: 
2025-11-21 02:37:12.844122: Epoch 376
2025-11-21 02:37:12.844296: Current learning rate: 0.00654
2025-11-21 02:38:25.137199: train_loss -0.741
2025-11-21 02:38:25.157063: val_loss -0.722
2025-11-21 02:38:25.157279: Pseudo dice [np.float32(0.9064), np.float32(0.7409), np.float32(0.0)]
2025-11-21 02:38:25.157402: Epoch time: 72.29 s
2025-11-21 02:38:26.677442: 
2025-11-21 02:38:26.677622: Epoch 377
2025-11-21 02:38:26.677738: Current learning rate: 0.00653
2025-11-21 02:39:41.784703: train_loss -0.7447
2025-11-21 02:39:41.787316: val_loss -0.7416
2025-11-21 02:39:41.787452: Pseudo dice [np.float32(0.9102), np.float32(0.743), np.float32(0.0)]
2025-11-21 02:39:41.787549: Epoch time: 75.11 s
2025-11-21 02:39:43.445283: 
2025-11-21 02:39:43.445574: Epoch 378
2025-11-21 02:39:43.445720: Current learning rate: 0.00652
2025-11-21 02:40:55.331959: train_loss -0.7427
2025-11-21 02:40:55.332489: val_loss -0.7603
2025-11-21 02:40:55.332608: Pseudo dice [np.float32(0.9095), np.float32(0.7291), np.float32(0.0)]
2025-11-21 02:40:55.332708: Epoch time: 71.89 s
2025-11-21 02:40:56.490587: 
2025-11-21 02:40:56.490809: Epoch 379
2025-11-21 02:40:56.490929: Current learning rate: 0.00651
2025-11-21 02:42:10.569136: train_loss -0.7466
2025-11-21 02:42:10.570859: val_loss -0.7446
2025-11-21 02:42:10.571009: Pseudo dice [np.float32(0.9063), np.float32(0.7339), np.float32(0.0)]
2025-11-21 02:42:10.571115: Epoch time: 74.08 s
2025-11-21 02:42:13.032011: 
2025-11-21 02:42:13.032287: Epoch 380
2025-11-21 02:42:13.032428: Current learning rate: 0.0065
2025-11-21 02:43:21.109123: train_loss -0.7477
2025-11-21 02:43:21.109540: val_loss -0.7254
2025-11-21 02:43:21.109653: Pseudo dice [np.float32(0.9081), np.float32(0.7444), np.float32(0.0)]
2025-11-21 02:43:21.109762: Epoch time: 68.08 s
2025-11-21 02:43:22.275122: 
2025-11-21 02:43:22.275346: Epoch 381
2025-11-21 02:43:22.275475: Current learning rate: 0.00649
2025-11-21 02:44:35.808947: train_loss -0.7434
2025-11-21 02:44:35.813077: val_loss -0.7468
2025-11-21 02:44:35.813266: Pseudo dice [np.float32(0.9014), np.float32(0.7519), np.float32(0.0)]
2025-11-21 02:44:35.813391: Epoch time: 73.53 s
2025-11-21 02:44:37.691930: 
2025-11-21 02:44:37.692249: Epoch 382
2025-11-21 02:44:37.692383: Current learning rate: 0.00648
2025-11-21 02:45:44.533888: train_loss -0.7236
2025-11-21 02:45:44.535547: val_loss -0.7342
2025-11-21 02:45:44.535709: Pseudo dice [np.float32(0.9012), np.float32(0.7183), np.float32(0.0)]
2025-11-21 02:45:44.535834: Epoch time: 66.84 s
2025-11-21 02:45:46.155770: 
2025-11-21 02:45:46.155992: Epoch 383
2025-11-21 02:45:46.156188: Current learning rate: 0.00648
2025-11-21 02:46:59.478004: train_loss -0.7356
2025-11-21 02:46:59.482250: val_loss -0.7559
2025-11-21 02:46:59.482395: Pseudo dice [np.float32(0.9046), np.float32(0.744), np.float32(0.0)]
2025-11-21 02:46:59.507137: Epoch time: 73.32 s
2025-11-21 02:47:01.024243: 
2025-11-21 02:47:01.024437: Epoch 384
2025-11-21 02:47:01.024555: Current learning rate: 0.00647
2025-11-21 02:48:14.493701: train_loss -0.7426
2025-11-21 02:48:14.495398: val_loss -0.7438
2025-11-21 02:48:14.495532: Pseudo dice [np.float32(0.9059), np.float32(0.7478), np.float32(0.0)]
2025-11-21 02:48:14.495640: Epoch time: 73.47 s
2025-11-21 02:48:15.711745: 
2025-11-21 02:48:15.711945: Epoch 385
2025-11-21 02:48:15.712067: Current learning rate: 0.00646
2025-11-21 02:49:27.104365: train_loss -0.7378
2025-11-21 02:49:27.106100: val_loss -0.7165
2025-11-21 02:49:27.106238: Pseudo dice [np.float32(0.9075), np.float32(0.7463), np.float32(0.0)]
2025-11-21 02:49:27.106338: Epoch time: 71.39 s
2025-11-21 02:49:29.124003: 
2025-11-21 02:49:29.124236: Epoch 386
2025-11-21 02:49:29.124358: Current learning rate: 0.00645
2025-11-21 02:50:38.813774: train_loss -0.7475
2025-11-21 02:50:38.817747: val_loss -0.7439
2025-11-21 02:50:38.817889: Pseudo dice [np.float32(0.9055), np.float32(0.7529), np.float32(0.0)]
2025-11-21 02:50:38.817988: Epoch time: 69.69 s
2025-11-21 02:50:40.120043: 
2025-11-21 02:50:40.120280: Epoch 387
2025-11-21 02:50:40.120410: Current learning rate: 0.00644
2025-11-21 02:51:53.913663: train_loss -0.7483
2025-11-21 02:51:53.918346: val_loss -0.7692
2025-11-21 02:51:53.918514: Pseudo dice [np.float32(0.9031), np.float32(0.75), np.float32(0.0)]
2025-11-21 02:51:53.918615: Epoch time: 73.79 s
2025-11-21 02:51:55.553444: 
2025-11-21 02:51:55.553628: Epoch 388
2025-11-21 02:51:55.553750: Current learning rate: 0.00643
2025-11-21 02:53:06.620949: train_loss -0.7492
2025-11-21 02:53:06.624792: val_loss -0.7337
2025-11-21 02:53:06.624929: Pseudo dice [np.float32(0.9016), np.float32(0.7441), np.float32(0.0)]
2025-11-21 02:53:06.625031: Epoch time: 71.07 s
2025-11-21 02:53:08.498217: 
2025-11-21 02:53:08.498510: Epoch 389
2025-11-21 02:53:08.498688: Current learning rate: 0.00642
2025-11-21 02:54:22.501895: train_loss -0.7152
2025-11-21 02:54:22.503554: val_loss -0.7369
2025-11-21 02:54:22.503699: Pseudo dice [np.float32(0.9143), np.float32(0.7383), np.float32(0.0)]
2025-11-21 02:54:22.503799: Epoch time: 74.0 s
2025-11-21 02:54:25.121609: 
2025-11-21 02:54:25.121835: Epoch 390
2025-11-21 02:54:25.121953: Current learning rate: 0.00641
2025-11-21 02:55:36.573321: train_loss -0.7365
2025-11-21 02:55:36.573836: val_loss -0.7395
2025-11-21 02:55:36.573950: Pseudo dice [np.float32(0.8982), np.float32(0.7381), np.float32(0.0)]
2025-11-21 02:55:36.574053: Epoch time: 71.45 s
2025-11-21 02:55:37.811717: 
2025-11-21 02:55:37.811967: Epoch 391
2025-11-21 02:55:37.812102: Current learning rate: 0.0064
2025-11-21 02:56:49.951804: train_loss -0.7631
2025-11-21 02:56:49.962445: val_loss -0.6953
2025-11-21 02:56:49.967358: Pseudo dice [np.float32(0.9053), np.float32(0.751), np.float32(0.0)]
2025-11-21 02:56:49.967505: Epoch time: 72.14 s
2025-11-21 02:56:51.908857: 
2025-11-21 02:56:51.909057: Epoch 392
2025-11-21 02:56:51.909192: Current learning rate: 0.00639
2025-11-21 02:58:07.339565: train_loss -0.7337
2025-11-21 02:58:07.340096: val_loss -0.7251
2025-11-21 02:58:07.340219: Pseudo dice [np.float32(0.9077), np.float32(0.7439), np.float32(0.0)]
2025-11-21 02:58:07.340326: Epoch time: 75.43 s
2025-11-21 02:58:08.547035: 
2025-11-21 02:58:08.547322: Epoch 393
2025-11-21 02:58:08.547451: Current learning rate: 0.00638
2025-11-21 02:59:21.278776: train_loss -0.7381
2025-11-21 02:59:21.282779: val_loss -0.7388
2025-11-21 02:59:21.282934: Pseudo dice [np.float32(0.9114), np.float32(0.7556), np.float32(0.0)]
2025-11-21 02:59:21.283042: Epoch time: 72.73 s
2025-11-21 02:59:22.877910: 
2025-11-21 02:59:22.878219: Epoch 394
2025-11-21 02:59:22.878344: Current learning rate: 0.00637
2025-11-21 03:00:35.822727: train_loss -0.7449
2025-11-21 03:00:35.827398: val_loss -0.724
2025-11-21 03:00:35.827550: Pseudo dice [np.float32(0.9033), np.float32(0.7656), np.float32(0.0)]
2025-11-21 03:00:35.844244: Epoch time: 72.95 s
2025-11-21 03:00:37.927437: 
2025-11-21 03:00:37.927636: Epoch 395
2025-11-21 03:00:37.927763: Current learning rate: 0.00636
2025-11-21 03:01:46.580909: train_loss -0.758
2025-11-21 03:01:46.581395: val_loss -0.7373
2025-11-21 03:01:46.581515: Pseudo dice [np.float32(0.9118), np.float32(0.754), np.float32(0.0)]
2025-11-21 03:01:46.581620: Epoch time: 68.65 s
2025-11-21 03:01:47.760532: 
2025-11-21 03:01:47.760756: Epoch 396
2025-11-21 03:01:47.760883: Current learning rate: 0.00635
2025-11-21 03:03:01.698776: train_loss -0.7305
2025-11-21 03:03:01.703624: val_loss -0.718
2025-11-21 03:03:01.703791: Pseudo dice [np.float32(0.9032), np.float32(0.7621), np.float32(0.0)]
2025-11-21 03:03:01.703901: Epoch time: 73.94 s
2025-11-21 03:03:03.438527: 
2025-11-21 03:03:03.438751: Epoch 397
2025-11-21 03:03:03.438869: Current learning rate: 0.00634
2025-11-21 03:04:13.798508: train_loss -0.7438
2025-11-21 03:04:13.802666: val_loss -0.7562
2025-11-21 03:04:13.802821: Pseudo dice [np.float32(0.9007), np.float32(0.7416), np.float32(0.0)]
2025-11-21 03:04:13.802926: Epoch time: 70.36 s
2025-11-21 03:04:15.008641: 
2025-11-21 03:04:15.008842: Epoch 398
2025-11-21 03:04:15.008967: Current learning rate: 0.00633
2025-11-21 03:05:25.103754: train_loss -0.7351
2025-11-21 03:05:25.117462: val_loss -0.736
2025-11-21 03:05:25.117623: Pseudo dice [np.float32(0.9023), np.float32(0.7412), np.float32(0.0)]
2025-11-21 03:05:25.117722: Epoch time: 70.1 s
2025-11-21 03:05:26.893755: 
2025-11-21 03:05:26.894026: Epoch 399
2025-11-21 03:05:26.894156: Current learning rate: 0.00632
2025-11-21 03:06:41.795616: train_loss -0.7503
2025-11-21 03:06:41.796078: val_loss -0.7034
2025-11-21 03:06:41.796196: Pseudo dice [np.float32(0.9085), np.float32(0.753), np.float32(0.0)]
2025-11-21 03:06:41.796306: Epoch time: 74.9 s
2025-11-21 03:06:43.651432: 
2025-11-21 03:06:43.651608: Epoch 400
2025-11-21 03:06:43.651726: Current learning rate: 0.00631
2025-11-21 03:07:55.462003: train_loss -0.7658
2025-11-21 03:07:55.463247: val_loss -0.7395
2025-11-21 03:07:55.463385: Pseudo dice [np.float32(0.9), np.float32(0.7462), np.float32(0.0)]
2025-11-21 03:07:55.463483: Epoch time: 71.81 s
2025-11-21 03:07:56.982259: 
2025-11-21 03:07:56.982456: Epoch 401
2025-11-21 03:07:56.982574: Current learning rate: 0.0063
2025-11-21 03:09:03.574577: train_loss -0.7513
2025-11-21 03:09:03.578394: val_loss -0.7332
2025-11-21 03:09:03.578556: Pseudo dice [np.float32(0.901), np.float32(0.745), np.float32(0.0)]
2025-11-21 03:09:03.578657: Epoch time: 66.59 s
2025-11-21 03:09:05.289805: 
2025-11-21 03:09:05.290011: Epoch 402
2025-11-21 03:09:05.290139: Current learning rate: 0.0063
2025-11-21 03:10:13.916724: train_loss -0.7519
2025-11-21 03:10:13.919861: val_loss -0.7367
2025-11-21 03:10:13.920014: Pseudo dice [np.float32(0.9132), np.float32(0.762), np.float32(0.0)]
2025-11-21 03:10:13.920120: Epoch time: 68.63 s
2025-11-21 03:10:16.118845: 
2025-11-21 03:10:16.119121: Epoch 403
2025-11-21 03:10:16.119247: Current learning rate: 0.00629
2025-11-21 03:11:29.819535: train_loss -0.7446
2025-11-21 03:11:29.824226: val_loss -0.7841
2025-11-21 03:11:29.824377: Pseudo dice [np.float32(0.9107), np.float32(0.7611), np.float32(0.0)]
2025-11-21 03:11:29.824476: Epoch time: 73.7 s
2025-11-21 03:11:31.780444: 
2025-11-21 03:11:31.780668: Epoch 404
2025-11-21 03:11:31.780812: Current learning rate: 0.00628
2025-11-21 03:12:40.768744: train_loss -0.7538
2025-11-21 03:12:40.770686: val_loss -0.744
2025-11-21 03:12:40.770837: Pseudo dice [np.float32(0.9), np.float32(0.7412), np.float32(0.0)]
2025-11-21 03:12:40.770943: Epoch time: 68.99 s
2025-11-21 03:12:42.363556: 
2025-11-21 03:12:42.363781: Epoch 405
2025-11-21 03:12:42.363905: Current learning rate: 0.00627
2025-11-21 03:13:50.645032: train_loss -0.7523
2025-11-21 03:13:50.645473: val_loss -0.7155
2025-11-21 03:13:50.645580: Pseudo dice [np.float32(0.9122), np.float32(0.7403), np.float32(0.0)]
2025-11-21 03:13:50.645747: Epoch time: 68.28 s
2025-11-21 03:13:51.803825: 
2025-11-21 03:13:51.804087: Epoch 406
2025-11-21 03:13:51.804221: Current learning rate: 0.00626
2025-11-21 03:15:00.996125: train_loss -0.7388
2025-11-21 03:15:00.997062: val_loss -0.7302
2025-11-21 03:15:00.997191: Pseudo dice [np.float32(0.901), np.float32(0.736), np.float32(0.0)]
2025-11-21 03:15:00.997296: Epoch time: 69.19 s
2025-11-21 03:15:03.122635: 
2025-11-21 03:15:03.122828: Epoch 407
2025-11-21 03:15:03.122946: Current learning rate: 0.00625
2025-11-21 03:16:10.771809: train_loss -0.7466
2025-11-21 03:16:10.772448: val_loss -0.7476
2025-11-21 03:16:10.772571: Pseudo dice [np.float32(0.9083), np.float32(0.7614), np.float32(0.0)]
2025-11-21 03:16:10.772681: Epoch time: 67.65 s
2025-11-21 03:16:12.244987: 
2025-11-21 03:16:12.245224: Epoch 408
2025-11-21 03:16:12.245349: Current learning rate: 0.00624
2025-11-21 03:17:24.324222: train_loss -0.7247
2025-11-21 03:17:24.327346: val_loss -0.7457
2025-11-21 03:17:24.327506: Pseudo dice [np.float32(0.8958), np.float32(0.7497), np.float32(0.0)]
2025-11-21 03:17:24.327609: Epoch time: 72.08 s
2025-11-21 03:17:25.624855: 
2025-11-21 03:17:25.625041: Epoch 409
2025-11-21 03:17:25.625164: Current learning rate: 0.00623
2025-11-21 03:18:32.538421: train_loss -0.7495
2025-11-21 03:18:32.540829: val_loss -0.7114
2025-11-21 03:18:32.540965: Pseudo dice [np.float32(0.9048), np.float32(0.7497), np.float32(0.0)]
2025-11-21 03:18:32.541065: Epoch time: 66.91 s
2025-11-21 03:18:33.753897: 
2025-11-21 03:18:33.754179: Epoch 410
2025-11-21 03:18:33.754323: Current learning rate: 0.00622
2025-11-21 03:19:45.535065: train_loss -0.7516
2025-11-21 03:19:45.536994: val_loss -0.7456
2025-11-21 03:19:45.537147: Pseudo dice [np.float32(0.9017), np.float32(0.7614), np.float32(0.0)]
2025-11-21 03:19:45.539011: Epoch time: 71.78 s
2025-11-21 03:19:47.541555: 
2025-11-21 03:19:47.541724: Epoch 411
2025-11-21 03:19:47.541839: Current learning rate: 0.00621
2025-11-21 03:20:57.811362: train_loss -0.7456
2025-11-21 03:20:57.814333: val_loss -0.7696
2025-11-21 03:20:57.814460: Pseudo dice [np.float32(0.906), np.float32(0.7498), np.float32(0.0)]
2025-11-21 03:20:57.814559: Epoch time: 70.27 s
2025-11-21 03:20:59.756476: 
2025-11-21 03:20:59.756720: Epoch 412
2025-11-21 03:20:59.756845: Current learning rate: 0.0062
2025-11-21 03:22:13.028109: train_loss -0.7517
2025-11-21 03:22:13.030883: val_loss -0.7521
2025-11-21 03:22:13.031041: Pseudo dice [np.float32(0.91), np.float32(0.759), np.float32(0.0)]
2025-11-21 03:22:13.031141: Epoch time: 73.27 s
2025-11-21 03:22:14.382956: 
2025-11-21 03:22:14.383140: Epoch 413
2025-11-21 03:22:14.383274: Current learning rate: 0.00619
2025-11-21 03:23:25.619837: train_loss -0.7377
2025-11-21 03:23:25.621400: val_loss -0.7477
2025-11-21 03:23:25.621528: Pseudo dice [np.float32(0.9053), np.float32(0.7437), np.float32(0.0)]
2025-11-21 03:23:25.621630: Epoch time: 71.24 s
2025-11-21 03:23:27.302718: 
2025-11-21 03:23:27.302916: Epoch 414
2025-11-21 03:23:27.303041: Current learning rate: 0.00618
2025-11-21 03:24:35.656723: train_loss -0.7601
2025-11-21 03:24:35.658458: val_loss -0.7542
2025-11-21 03:24:35.658594: Pseudo dice [np.float32(0.9117), np.float32(0.7634), np.float32(0.0)]
2025-11-21 03:24:35.658694: Epoch time: 68.35 s
2025-11-21 03:24:38.010064: 
2025-11-21 03:24:38.010297: Epoch 415
2025-11-21 03:24:38.010420: Current learning rate: 0.00617
2025-11-21 03:25:48.864205: train_loss -0.7468
2025-11-21 03:25:48.868067: val_loss -0.7687
2025-11-21 03:25:48.868208: Pseudo dice [np.float32(0.91), np.float32(0.7602), np.float32(0.0)]
2025-11-21 03:25:48.868310: Epoch time: 70.86 s
2025-11-21 03:25:50.566701: 
2025-11-21 03:25:50.567002: Epoch 416
2025-11-21 03:25:50.567125: Current learning rate: 0.00616
2025-11-21 03:27:04.085446: train_loss -0.7359
2025-11-21 03:27:04.087232: val_loss -0.7354
2025-11-21 03:27:04.087386: Pseudo dice [np.float32(0.909), np.float32(0.7471), np.float32(0.0)]
2025-11-21 03:27:04.087495: Epoch time: 73.52 s
2025-11-21 03:27:05.616902: 
2025-11-21 03:27:05.617150: Epoch 417
2025-11-21 03:27:05.617311: Current learning rate: 0.00615
2025-11-21 03:28:18.919696: train_loss -0.7439
2025-11-21 03:28:18.923526: val_loss -0.7016
2025-11-21 03:28:18.925636: Pseudo dice [np.float32(0.9059), np.float32(0.7582), np.float32(0.0)]
2025-11-21 03:28:18.927716: Epoch time: 73.3 s
2025-11-21 03:28:20.273544: 
2025-11-21 03:28:20.273811: Epoch 418
2025-11-21 03:28:20.273996: Current learning rate: 0.00614
2025-11-21 03:29:29.012130: train_loss -0.7452
2025-11-21 03:29:29.017836: val_loss -0.7569
2025-11-21 03:29:29.018448: Pseudo dice [np.float32(0.9106), np.float32(0.7591), np.float32(0.0)]
2025-11-21 03:29:29.019909: Epoch time: 68.74 s
2025-11-21 03:29:30.436783: 
2025-11-21 03:29:30.436998: Epoch 419
2025-11-21 03:29:30.437135: Current learning rate: 0.00613
2025-11-21 03:30:43.412170: train_loss -0.7377
2025-11-21 03:30:43.419072: val_loss -0.7232
2025-11-21 03:30:43.421221: Pseudo dice [np.float32(0.908), np.float32(0.7602), np.float32(0.0)]
2025-11-21 03:30:43.423323: Epoch time: 72.98 s
2025-11-21 03:30:45.848441: 
2025-11-21 03:30:45.849243: Epoch 420
2025-11-21 03:30:45.851414: Current learning rate: 0.00612
2025-11-21 03:31:56.151798: train_loss -0.7359
2025-11-21 03:31:56.158866: val_loss -0.7165
2025-11-21 03:31:56.160964: Pseudo dice [np.float32(0.8906), np.float32(0.735), np.float32(0.0)]
2025-11-21 03:31:56.163062: Epoch time: 70.3 s
2025-11-21 03:31:58.358873: 
2025-11-21 03:31:58.359089: Epoch 421
2025-11-21 03:31:58.359241: Current learning rate: 0.00612
2025-11-21 03:33:08.614019: train_loss -0.7445
2025-11-21 03:33:08.618352: val_loss -0.7366
2025-11-21 03:33:08.618597: Pseudo dice [np.float32(0.898), np.float32(0.7526), np.float32(0.0)]
2025-11-21 03:33:08.620259: Epoch time: 70.25 s
2025-11-21 03:33:09.834314: 
2025-11-21 03:33:09.834570: Epoch 422
2025-11-21 03:33:09.834719: Current learning rate: 0.00611
2025-11-21 03:34:17.531223: train_loss -0.751
2025-11-21 03:34:17.531647: val_loss -0.7481
2025-11-21 03:34:17.531772: Pseudo dice [np.float32(0.9151), np.float32(0.7617), np.float32(0.0)]
2025-11-21 03:34:17.531895: Epoch time: 67.7 s
2025-11-21 03:34:18.649943: 
2025-11-21 03:34:18.650234: Epoch 423
2025-11-21 03:34:18.650384: Current learning rate: 0.0061
2025-11-21 03:35:34.203197: train_loss -0.7441
2025-11-21 03:35:34.209141: val_loss -0.6954
2025-11-21 03:35:34.211212: Pseudo dice [np.float32(0.9039), np.float32(0.749), np.float32(0.0)]
2025-11-21 03:35:34.213292: Epoch time: 75.55 s
2025-11-21 03:35:36.142592: 
2025-11-21 03:35:36.142866: Epoch 424
2025-11-21 03:35:36.143013: Current learning rate: 0.00609
2025-11-21 03:36:49.107179: train_loss -0.7249
2025-11-21 03:36:49.111778: val_loss -0.7575
2025-11-21 03:36:49.113894: Pseudo dice [np.float32(0.9104), np.float32(0.7567), np.float32(0.0)]
2025-11-21 03:36:49.116007: Epoch time: 72.97 s
2025-11-21 03:36:51.102217: 
2025-11-21 03:36:51.102435: Epoch 425
2025-11-21 03:36:51.102618: Current learning rate: 0.00608
2025-11-21 03:38:02.673793: train_loss -0.7414
2025-11-21 03:38:02.677561: val_loss -0.7295
2025-11-21 03:38:02.679642: Pseudo dice [np.float32(0.9093), np.float32(0.7534), np.float32(0.0)]
2025-11-21 03:38:02.681732: Epoch time: 71.57 s
2025-11-21 03:38:04.412647: 
2025-11-21 03:38:04.412872: Epoch 426
2025-11-21 03:38:04.413022: Current learning rate: 0.00607
2025-11-21 03:39:09.042141: train_loss -0.7446
2025-11-21 03:39:09.042694: val_loss -0.7511
2025-11-21 03:39:09.042947: Pseudo dice [np.float32(0.9154), np.float32(0.7426), np.float32(0.0)]
2025-11-21 03:39:09.043082: Epoch time: 64.63 s
2025-11-21 03:39:10.071938: 
2025-11-21 03:39:10.072147: Epoch 427
2025-11-21 03:39:10.072325: Current learning rate: 0.00606
2025-11-21 03:40:20.214787: train_loss -0.7474
2025-11-21 03:40:20.215246: val_loss -0.7413
2025-11-21 03:40:20.228324: Pseudo dice [np.float32(0.9025), np.float32(0.7566), np.float32(0.0)]
2025-11-21 03:40:20.228593: Epoch time: 70.14 s
2025-11-21 03:40:21.357808: 
2025-11-21 03:40:21.358064: Epoch 428
2025-11-21 03:40:21.358233: Current learning rate: 0.00605
2025-11-21 03:41:33.354852: train_loss -0.7461
2025-11-21 03:41:33.358625: val_loss -0.7266
2025-11-21 03:41:33.360628: Pseudo dice [np.float32(0.9074), np.float32(0.7663), np.float32(0.0)]
2025-11-21 03:41:33.360826: Epoch time: 72.0 s
2025-11-21 03:41:35.072787: 
2025-11-21 03:41:35.073014: Epoch 429
2025-11-21 03:41:35.073156: Current learning rate: 0.00604
2025-11-21 03:42:46.187241: train_loss -0.7401
2025-11-21 03:42:46.196058: val_loss -0.7736
2025-11-21 03:42:46.198161: Pseudo dice [np.float32(0.9085), np.float32(0.7336), np.float32(0.0)]
2025-11-21 03:42:46.200277: Epoch time: 71.12 s
2025-11-21 03:42:48.114573: 
2025-11-21 03:42:48.114798: Epoch 430
2025-11-21 03:42:48.114951: Current learning rate: 0.00603
2025-11-21 03:43:58.937528: train_loss -0.7415
2025-11-21 03:43:58.943429: val_loss -0.7296
2025-11-21 03:43:58.943767: Pseudo dice [np.float32(0.9003), np.float32(0.7454), np.float32(0.0)]
2025-11-21 03:43:58.943914: Epoch time: 70.82 s
2025-11-21 03:44:00.740857: 
2025-11-21 03:44:00.741117: Epoch 431
2025-11-21 03:44:00.741276: Current learning rate: 0.00602
2025-11-21 03:45:11.959873: train_loss -0.7464
2025-11-21 03:45:11.963622: val_loss -0.7081
2025-11-21 03:45:11.965765: Pseudo dice [np.float32(0.9064), np.float32(0.7629), np.float32(0.0)]
2025-11-21 03:45:11.966111: Epoch time: 71.22 s
2025-11-21 03:45:13.657668: 
2025-11-21 03:45:13.657956: Epoch 432
2025-11-21 03:45:13.658100: Current learning rate: 0.00601
2025-11-21 03:46:25.765759: train_loss -0.732
2025-11-21 03:46:25.767132: val_loss -0.7134
2025-11-21 03:46:25.768776: Pseudo dice [np.float32(0.9065), np.float32(0.7498), np.float32(0.0)]
2025-11-21 03:46:25.769188: Epoch time: 72.11 s
2025-11-21 03:46:26.994162: 
2025-11-21 03:46:26.994394: Epoch 433
2025-11-21 03:46:26.994537: Current learning rate: 0.006
2025-11-21 03:47:37.870289: train_loss -0.7248
2025-11-21 03:47:37.870780: val_loss -0.7039
2025-11-21 03:47:37.870923: Pseudo dice [np.float32(0.9178), np.float32(0.7664), np.float32(0.0)]
2025-11-21 03:47:37.871059: Epoch time: 70.88 s
2025-11-21 03:47:38.991629: 
2025-11-21 03:47:38.991837: Epoch 434
2025-11-21 03:47:38.991983: Current learning rate: 0.00599
2025-11-21 03:48:56.790516: train_loss -0.7489
2025-11-21 03:48:56.792792: val_loss -0.7228
2025-11-21 03:48:56.794216: Pseudo dice [np.float32(0.9034), np.float32(0.734), np.float32(0.0)]
2025-11-21 03:48:56.794869: Epoch time: 77.8 s
2025-11-21 03:48:58.011091: 
2025-11-21 03:48:58.011416: Epoch 435
2025-11-21 03:48:58.011568: Current learning rate: 0.00598
2025-11-21 03:50:08.155435: train_loss -0.7579
2025-11-21 03:50:08.155874: val_loss -0.7455
2025-11-21 03:50:08.156007: Pseudo dice [np.float32(0.916), np.float32(0.7796), np.float32(0.0)]
2025-11-21 03:50:08.156134: Epoch time: 70.15 s
2025-11-21 03:50:09.272816: 
2025-11-21 03:50:09.273057: Epoch 436
2025-11-21 03:50:09.273208: Current learning rate: 0.00597
2025-11-21 03:51:23.815440: train_loss -0.7567
2025-11-21 03:51:23.816077: val_loss -0.6868
2025-11-21 03:51:23.816227: Pseudo dice [np.float32(0.9009), np.float32(0.7389), np.float32(0.0)]
2025-11-21 03:51:23.816357: Epoch time: 74.54 s
2025-11-21 03:51:24.986926: 
2025-11-21 03:51:24.987237: Epoch 437
2025-11-21 03:51:24.987391: Current learning rate: 0.00596
2025-11-21 03:52:34.413482: train_loss -0.7395
2025-11-21 03:52:34.430931: val_loss -0.7296
2025-11-21 03:52:34.431166: Pseudo dice [np.float32(0.9157), np.float32(0.7441), np.float32(0.0)]
2025-11-21 03:52:34.431297: Epoch time: 69.43 s
2025-11-21 03:52:35.786195: 
2025-11-21 03:52:35.786407: Epoch 438
2025-11-21 03:52:35.786540: Current learning rate: 0.00595
2025-11-21 03:53:45.865238: train_loss -0.7414
2025-11-21 03:53:45.868156: val_loss -0.7261
2025-11-21 03:53:45.870215: Pseudo dice [np.float32(0.9015), np.float32(0.7492), np.float32(0.0)]
2025-11-21 03:53:45.872266: Epoch time: 70.08 s
2025-11-21 03:53:47.432088: 
2025-11-21 03:53:47.432353: Epoch 439
2025-11-21 03:53:47.432500: Current learning rate: 0.00594
2025-11-21 03:55:00.871565: train_loss -0.7566
2025-11-21 03:55:00.873845: val_loss -0.7265
2025-11-21 03:55:00.875274: Pseudo dice [np.float32(0.9111), np.float32(0.7459), np.float32(0.0)]
2025-11-21 03:55:00.875939: Epoch time: 73.44 s
2025-11-21 03:55:02.064894: 
2025-11-21 03:55:02.065077: Epoch 440
2025-11-21 03:55:02.065224: Current learning rate: 0.00593
2025-11-21 03:56:13.034136: train_loss -0.7315
2025-11-21 03:56:13.034621: val_loss -0.7735
2025-11-21 03:56:13.034782: Pseudo dice [np.float32(0.906), np.float32(0.7309), np.float32(0.0)]
2025-11-21 03:56:13.034919: Epoch time: 70.97 s
2025-11-21 03:56:14.345078: 
2025-11-21 03:56:14.345389: Epoch 441
2025-11-21 03:56:14.345540: Current learning rate: 0.00592
2025-11-21 03:57:26.705285: train_loss -0.76
2025-11-21 03:57:26.711038: val_loss -0.7327
2025-11-21 03:57:26.713106: Pseudo dice [np.float32(0.9039), np.float32(0.7376), np.float32(0.0)]
2025-11-21 03:57:26.715192: Epoch time: 72.36 s
2025-11-21 03:57:28.411476: 
2025-11-21 03:57:28.411718: Epoch 442
2025-11-21 03:57:28.411856: Current learning rate: 0.00592
2025-11-21 03:58:38.443808: train_loss -0.7366
2025-11-21 03:58:38.446111: val_loss -0.7422
2025-11-21 03:58:38.447488: Pseudo dice [np.float32(0.8932), np.float32(0.7616), np.float32(0.0)]
2025-11-21 03:58:38.448217: Epoch time: 70.03 s
2025-11-21 03:58:40.291197: 
2025-11-21 03:58:40.291472: Epoch 443
2025-11-21 03:58:40.291617: Current learning rate: 0.00591
2025-11-21 03:59:50.677578: train_loss -0.7496
2025-11-21 03:59:50.682084: val_loss -0.7427
2025-11-21 03:59:50.682317: Pseudo dice [np.float32(0.9053), np.float32(0.7359), np.float32(0.0)]
2025-11-21 03:59:50.682455: Epoch time: 70.39 s
2025-11-21 03:59:51.849684: 
2025-11-21 03:59:51.849935: Epoch 444
2025-11-21 03:59:51.850085: Current learning rate: 0.0059
2025-11-21 04:00:59.085515: train_loss -0.7471
2025-11-21 04:00:59.089283: val_loss -0.771
2025-11-21 04:00:59.091353: Pseudo dice [np.float32(0.9031), np.float32(0.7363), np.float32(0.0)]
2025-11-21 04:00:59.093416: Epoch time: 67.24 s
2025-11-21 04:01:00.252132: 
2025-11-21 04:01:00.252366: Epoch 445
2025-11-21 04:01:00.252542: Current learning rate: 0.00589
2025-11-21 04:02:10.880574: train_loss -0.7469
2025-11-21 04:02:10.881094: val_loss -0.721
2025-11-21 04:02:10.881234: Pseudo dice [np.float32(0.9033), np.float32(0.7526), np.float32(0.0)]
2025-11-21 04:02:10.881362: Epoch time: 70.63 s
2025-11-21 04:02:12.039951: 
2025-11-21 04:02:12.040169: Epoch 446
2025-11-21 04:02:12.040329: Current learning rate: 0.00588
2025-11-21 04:03:27.165010: train_loss -0.7499
2025-11-21 04:03:27.169135: val_loss -0.728
2025-11-21 04:03:27.170284: Pseudo dice [np.float32(0.9135), np.float32(0.7354), np.float32(0.0)]
2025-11-21 04:03:27.170454: Epoch time: 75.13 s
2025-11-21 04:03:28.980897: 
2025-11-21 04:03:28.981196: Epoch 447
2025-11-21 04:03:28.981357: Current learning rate: 0.00587
2025-11-21 04:04:44.642940: train_loss -0.7431
2025-11-21 04:04:44.648691: val_loss -0.7324
2025-11-21 04:04:44.650764: Pseudo dice [np.float32(0.9096), np.float32(0.7434), np.float32(0.0)]
2025-11-21 04:04:44.652830: Epoch time: 75.66 s
2025-11-21 04:04:45.795109: 
2025-11-21 04:04:45.795410: Epoch 448
2025-11-21 04:04:45.795564: Current learning rate: 0.00586
2025-11-21 04:05:57.187034: train_loss -0.7461
2025-11-21 04:05:57.194953: val_loss -0.7734
2025-11-21 04:05:57.197050: Pseudo dice [np.float32(0.909), np.float32(0.7307), np.float32(0.0)]
2025-11-21 04:05:57.199125: Epoch time: 71.39 s
2025-11-21 04:05:58.878332: 
2025-11-21 04:05:58.878569: Epoch 449
2025-11-21 04:05:58.878718: Current learning rate: 0.00585
2025-11-21 04:07:13.752543: train_loss -0.735
2025-11-21 04:07:13.754905: val_loss -0.713
2025-11-21 04:07:13.756402: Pseudo dice [np.float32(0.913), np.float32(0.7475), np.float32(0.0)]
2025-11-21 04:07:13.756683: Epoch time: 74.88 s
2025-11-21 04:07:15.585142: 
2025-11-21 04:07:15.585449: Epoch 450
2025-11-21 04:07:15.585638: Current learning rate: 0.00584
2025-11-21 04:08:26.220820: train_loss -0.7459
2025-11-21 04:08:26.224572: val_loss -0.7521
2025-11-21 04:08:26.226618: Pseudo dice [np.float32(0.8998), np.float32(0.7451), np.float32(0.0)]
2025-11-21 04:08:26.228696: Epoch time: 70.64 s
2025-11-21 04:08:27.912186: 
2025-11-21 04:08:27.912411: Epoch 451
2025-11-21 04:08:27.912553: Current learning rate: 0.00583
2025-11-21 04:09:37.553809: train_loss -0.7448
2025-11-21 04:09:37.557512: val_loss -0.7331
2025-11-21 04:09:37.559575: Pseudo dice [np.float32(0.9118), np.float32(0.7418), np.float32(0.0)]
2025-11-21 04:09:37.561644: Epoch time: 69.64 s
2025-11-21 04:09:39.218254: 
2025-11-21 04:09:39.218470: Epoch 452
2025-11-21 04:09:39.218636: Current learning rate: 0.00582
2025-11-21 04:10:48.279204: train_loss -0.7561
2025-11-21 04:10:48.283670: val_loss -0.7474
2025-11-21 04:10:48.285786: Pseudo dice [np.float32(0.9119), np.float32(0.7701), np.float32(0.0)]
2025-11-21 04:10:48.287929: Epoch time: 69.06 s
2025-11-21 04:10:49.528915: 
2025-11-21 04:10:49.529179: Epoch 453
2025-11-21 04:10:49.529341: Current learning rate: 0.00581
2025-11-21 04:11:58.262653: train_loss -0.7394
2025-11-21 04:11:58.267342: val_loss -0.706
2025-11-21 04:11:58.269406: Pseudo dice [np.float32(0.9013), np.float32(0.733), np.float32(0.0)]
2025-11-21 04:11:58.269697: Epoch time: 68.73 s
2025-11-21 04:11:59.947029: 
2025-11-21 04:11:59.947261: Epoch 454
2025-11-21 04:11:59.947493: Current learning rate: 0.0058
2025-11-21 04:13:12.337792: train_loss -0.7465
2025-11-21 04:13:12.341630: val_loss -0.7245
2025-11-21 04:13:12.343745: Pseudo dice [np.float32(0.8964), np.float32(0.7413), np.float32(0.0)]
2025-11-21 04:13:12.343984: Epoch time: 72.39 s
2025-11-21 04:13:14.760625: 
2025-11-21 04:13:14.760837: Epoch 455
2025-11-21 04:13:14.760998: Current learning rate: 0.00579
2025-11-21 04:14:27.323001: train_loss -0.7212
2025-11-21 04:14:27.326538: val_loss -0.7493
2025-11-21 04:14:27.327573: Pseudo dice [np.float32(0.8884), np.float32(0.7336), np.float32(0.0)]
2025-11-21 04:14:27.328642: Epoch time: 72.56 s
2025-11-21 04:14:29.293264: 
2025-11-21 04:14:29.293475: Epoch 456
2025-11-21 04:14:29.293630: Current learning rate: 0.00578
2025-11-21 04:15:40.103268: train_loss -0.748
2025-11-21 04:15:40.107126: val_loss -0.7342
2025-11-21 04:15:40.109218: Pseudo dice [np.float32(0.9085), np.float32(0.7321), np.float32(0.0)]
2025-11-21 04:15:40.109469: Epoch time: 70.81 s
2025-11-21 04:15:41.210993: 
2025-11-21 04:15:41.211242: Epoch 457
2025-11-21 04:15:41.211401: Current learning rate: 0.00577
2025-11-21 04:16:52.829529: train_loss -0.7426
2025-11-21 04:16:52.831835: val_loss -0.7544
2025-11-21 04:16:52.833034: Pseudo dice [np.float32(0.9127), np.float32(0.7447), np.float32(0.0)]
2025-11-21 04:16:52.833943: Epoch time: 71.62 s
2025-11-21 04:16:54.049802: 
2025-11-21 04:16:54.050042: Epoch 458
2025-11-21 04:16:54.050207: Current learning rate: 0.00576
2025-11-21 04:18:04.135834: train_loss -0.7411
2025-11-21 04:18:04.136253: val_loss -0.7384
2025-11-21 04:18:04.136379: Pseudo dice [np.float32(0.9085), np.float32(0.7493), np.float32(0.0)]
2025-11-21 04:18:04.136506: Epoch time: 70.09 s
2025-11-21 04:18:05.288595: 
2025-11-21 04:18:05.288900: Epoch 459
2025-11-21 04:18:05.289059: Current learning rate: 0.00575
2025-11-21 04:19:13.454904: train_loss -0.7365
2025-11-21 04:19:13.459323: val_loss -0.734
2025-11-21 04:19:13.461431: Pseudo dice [np.float32(0.8872), np.float32(0.7235), np.float32(0.0)]
2025-11-21 04:19:13.461642: Epoch time: 68.17 s
2025-11-21 04:19:14.599196: 
2025-11-21 04:19:14.599506: Epoch 460
2025-11-21 04:19:14.599667: Current learning rate: 0.00574
2025-11-21 04:20:24.241627: train_loss -0.7537
2025-11-21 04:20:24.242124: val_loss -0.7842
2025-11-21 04:20:24.242271: Pseudo dice [np.float32(0.9134), np.float32(0.7474), np.float32(0.0)]
2025-11-21 04:20:24.242404: Epoch time: 69.64 s
2025-11-21 04:20:25.334652: 
2025-11-21 04:20:25.334979: Epoch 461
2025-11-21 04:20:25.335140: Current learning rate: 0.00573
2025-11-21 04:21:39.219267: train_loss -0.7472
2025-11-21 04:21:39.225042: val_loss -0.7453
2025-11-21 04:21:39.227107: Pseudo dice [np.float32(0.8993), np.float32(0.7496), np.float32(0.0)]
2025-11-21 04:21:39.229167: Epoch time: 73.89 s
2025-11-21 04:21:40.463322: 
2025-11-21 04:21:40.463545: Epoch 462
2025-11-21 04:21:40.463691: Current learning rate: 0.00572
2025-11-21 04:22:51.524241: train_loss -0.731
2025-11-21 04:22:51.524728: val_loss -0.7059
2025-11-21 04:22:51.524863: Pseudo dice [np.float32(0.9155), np.float32(0.7664), np.float32(0.0)]
2025-11-21 04:22:51.525036: Epoch time: 71.06 s
2025-11-21 04:22:52.653078: 
2025-11-21 04:22:52.653419: Epoch 463
2025-11-21 04:22:52.653602: Current learning rate: 0.00571
2025-11-21 04:23:58.286220: train_loss -0.7453
2025-11-21 04:23:58.291098: val_loss -0.7449
2025-11-21 04:23:58.293255: Pseudo dice [np.float32(0.9074), np.float32(0.7656), np.float32(0.0)]
2025-11-21 04:23:58.293480: Epoch time: 65.63 s
2025-11-21 04:23:59.531911: 
2025-11-21 04:23:59.532115: Epoch 464
2025-11-21 04:23:59.532355: Current learning rate: 0.0057
2025-11-21 04:25:15.223493: train_loss -0.7481
2025-11-21 04:25:15.229112: val_loss -0.7164
2025-11-21 04:25:15.231166: Pseudo dice [np.float32(0.9062), np.float32(0.7586), np.float32(0.0)]
2025-11-21 04:25:15.233263: Epoch time: 75.69 s
2025-11-21 04:25:17.107381: 
2025-11-21 04:25:17.107626: Epoch 465
2025-11-21 04:25:17.107786: Current learning rate: 0.0057
2025-11-21 04:26:30.988334: train_loss -0.7522
2025-11-21 04:26:30.990672: val_loss -0.729
2025-11-21 04:26:30.992026: Pseudo dice [np.float32(0.9065), np.float32(0.7556), np.float32(0.0)]
2025-11-21 04:26:30.992792: Epoch time: 73.88 s
2025-11-21 04:26:32.508796: 
2025-11-21 04:26:32.509043: Epoch 466
2025-11-21 04:26:32.509218: Current learning rate: 0.00569
2025-11-21 04:27:40.754471: train_loss -0.7521
2025-11-21 04:27:40.756734: val_loss -0.7311
2025-11-21 04:27:40.758461: Pseudo dice [np.float32(0.9095), np.float32(0.7753), np.float32(0.0)]
2025-11-21 04:27:40.758628: Epoch time: 68.25 s
2025-11-21 04:27:42.506495: 
2025-11-21 04:27:42.506745: Epoch 467
2025-11-21 04:27:42.506894: Current learning rate: 0.00568
2025-11-21 04:28:55.764464: train_loss -0.7319
2025-11-21 04:28:55.766801: val_loss -0.7494
2025-11-21 04:28:55.767046: Pseudo dice [np.float32(0.9062), np.float32(0.7585), np.float32(0.0)]
2025-11-21 04:28:55.767199: Epoch time: 73.26 s
2025-11-21 04:28:56.877975: 
2025-11-21 04:28:56.878201: Epoch 468
2025-11-21 04:28:56.878344: Current learning rate: 0.00567
2025-11-21 04:30:08.142258: train_loss -0.7247
2025-11-21 04:30:08.146233: val_loss -0.7276
2025-11-21 04:30:08.148329: Pseudo dice [np.float32(0.9057), np.float32(0.7409), np.float32(0.0)]
2025-11-21 04:30:08.150445: Epoch time: 71.27 s
2025-11-21 04:30:10.146002: 
2025-11-21 04:30:10.146234: Epoch 469
2025-11-21 04:30:10.146383: Current learning rate: 0.00566
2025-11-21 04:31:19.453780: train_loss -0.7487
2025-11-21 04:31:19.454287: val_loss -0.7327
2025-11-21 04:31:19.454561: Pseudo dice [np.float32(0.9044), np.float32(0.7386), np.float32(0.0)]
2025-11-21 04:31:19.454694: Epoch time: 69.31 s
2025-11-21 04:31:20.559318: 
2025-11-21 04:31:20.559622: Epoch 470
2025-11-21 04:31:20.559777: Current learning rate: 0.00565
2025-11-21 04:32:32.209398: train_loss -0.741
2025-11-21 04:32:32.212038: val_loss -0.7009
2025-11-21 04:32:32.214117: Pseudo dice [np.float32(0.9159), np.float32(0.7518), np.float32(0.0)]
2025-11-21 04:32:32.216208: Epoch time: 71.65 s
2025-11-21 04:32:33.793814: 
2025-11-21 04:32:33.794093: Epoch 471
2025-11-21 04:32:33.794249: Current learning rate: 0.00564
2025-11-21 04:33:46.471570: train_loss -0.7496
2025-11-21 04:33:46.477683: val_loss -0.7708
2025-11-21 04:33:46.479407: Pseudo dice [np.float32(0.9088), np.float32(0.7643), np.float32(0.0)]
2025-11-21 04:33:46.479759: Epoch time: 72.68 s
2025-11-21 04:33:47.822146: 
2025-11-21 04:33:47.822627: Epoch 472
2025-11-21 04:33:47.822943: Current learning rate: 0.00563
2025-11-21 04:35:02.702939: train_loss -0.751
2025-11-21 04:35:02.708068: val_loss -0.7612
2025-11-21 04:35:02.710120: Pseudo dice [np.float32(0.9081), np.float32(0.7249), np.float32(0.0)]
2025-11-21 04:35:02.710409: Epoch time: 74.88 s
2025-11-21 04:35:03.953143: 
2025-11-21 04:35:03.953483: Epoch 473
2025-11-21 04:35:03.953632: Current learning rate: 0.00562
2025-11-21 04:36:14.443012: train_loss -0.7576
2025-11-21 04:36:14.448138: val_loss -0.7255
2025-11-21 04:36:14.450294: Pseudo dice [np.float32(0.9034), np.float32(0.7456), np.float32(0.0)]
2025-11-21 04:36:14.450562: Epoch time: 70.49 s
2025-11-21 04:36:15.720416: 
2025-11-21 04:36:15.720685: Epoch 474
2025-11-21 04:36:15.720831: Current learning rate: 0.00561
2025-11-21 04:37:26.345735: train_loss -0.7527
2025-11-21 04:37:26.346326: val_loss -0.736
2025-11-21 04:37:26.346508: Pseudo dice [np.float32(0.92), np.float32(0.7631), np.float32(0.0)]
2025-11-21 04:37:26.346650: Epoch time: 70.63 s
2025-11-21 04:37:27.502453: 
2025-11-21 04:37:27.502684: Epoch 475
2025-11-21 04:37:27.502838: Current learning rate: 0.0056
2025-11-21 04:38:40.493119: train_loss -0.7503
2025-11-21 04:38:40.499139: val_loss -0.7059
2025-11-21 04:38:40.501091: Pseudo dice [np.float32(0.911), np.float32(0.7474), np.float32(0.0)]
2025-11-21 04:38:40.503212: Epoch time: 72.99 s
2025-11-21 04:38:41.716810: 
2025-11-21 04:38:41.717018: Epoch 476
2025-11-21 04:38:41.717187: Current learning rate: 0.00559
2025-11-21 04:39:54.987155: train_loss -0.7493
2025-11-21 04:39:54.990278: val_loss -0.7357
2025-11-21 04:39:54.990816: Pseudo dice [np.float32(0.9167), np.float32(0.7635), np.float32(0.0)]
2025-11-21 04:39:54.992387: Epoch time: 73.27 s
2025-11-21 04:39:56.819093: 
2025-11-21 04:39:56.819287: Epoch 477
2025-11-21 04:39:56.819435: Current learning rate: 0.00558
2025-11-21 04:41:08.877567: train_loss -0.7431
2025-11-21 04:41:08.878047: val_loss -0.7529
2025-11-21 04:41:08.878194: Pseudo dice [np.float32(0.909), np.float32(0.7617), np.float32(0.0)]
2025-11-21 04:41:08.878339: Epoch time: 72.06 s
2025-11-21 04:41:09.988436: 
2025-11-21 04:41:09.988638: Epoch 478
2025-11-21 04:41:09.988786: Current learning rate: 0.00557
2025-11-21 04:42:24.918891: train_loss -0.7417
2025-11-21 04:42:24.924018: val_loss -0.7448
2025-11-21 04:42:24.926075: Pseudo dice [np.float32(0.9096), np.float32(0.7472), np.float32(0.0)]
2025-11-21 04:42:24.926382: Epoch time: 74.93 s
2025-11-21 04:42:26.340033: 
2025-11-21 04:42:26.340338: Epoch 479
2025-11-21 04:42:26.340490: Current learning rate: 0.00556
2025-11-21 04:43:36.197712: train_loss -0.7285
2025-11-21 04:43:36.203458: val_loss -0.7301
2025-11-21 04:43:36.205557: Pseudo dice [np.float32(0.9069), np.float32(0.7415), np.float32(0.0)]
2025-11-21 04:43:36.205779: Epoch time: 69.86 s
2025-11-21 04:43:37.674506: 
2025-11-21 04:43:37.674824: Epoch 480
2025-11-21 04:43:37.674985: Current learning rate: 0.00555
2025-11-21 04:44:52.248499: train_loss -0.7461
2025-11-21 04:44:52.248955: val_loss -0.7334
2025-11-21 04:44:52.249090: Pseudo dice [np.float32(0.9154), np.float32(0.7428), np.float32(0.0)]
2025-11-21 04:44:52.249239: Epoch time: 74.57 s
2025-11-21 04:44:53.362776: 
2025-11-21 04:44:53.363019: Epoch 481
2025-11-21 04:44:53.363164: Current learning rate: 0.00554
2025-11-21 04:46:00.792455: train_loss -0.7631
2025-11-21 04:46:00.794726: val_loss -0.7051
2025-11-21 04:46:00.796203: Pseudo dice [np.float32(0.898), np.float32(0.761), np.float32(0.0)]
2025-11-21 04:46:00.796819: Epoch time: 67.43 s
2025-11-21 04:46:02.036319: 
2025-11-21 04:46:02.036547: Epoch 482
2025-11-21 04:46:02.036698: Current learning rate: 0.00553
2025-11-21 04:47:13.592052: train_loss -0.7396
2025-11-21 04:47:13.596156: val_loss -0.7164
2025-11-21 04:47:13.596430: Pseudo dice [np.float32(0.9014), np.float32(0.7134), np.float32(0.0)]
2025-11-21 04:47:13.596569: Epoch time: 71.56 s
2025-11-21 04:47:15.287081: 
2025-11-21 04:47:15.287341: Epoch 483
2025-11-21 04:47:15.287494: Current learning rate: 0.00552
2025-11-21 04:48:25.605043: train_loss -0.7315
2025-11-21 04:48:25.608745: val_loss -0.7058
2025-11-21 04:48:25.608956: Pseudo dice [np.float32(0.9105), np.float32(0.7387), np.float32(0.0)]
2025-11-21 04:48:25.609086: Epoch time: 70.32 s
2025-11-21 04:48:27.024111: 
2025-11-21 04:48:27.024395: Epoch 484
2025-11-21 04:48:27.024552: Current learning rate: 0.00551
2025-11-21 04:49:35.268345: train_loss -0.7441
2025-11-21 04:49:35.271298: val_loss -0.7514
2025-11-21 04:49:35.272006: Pseudo dice [np.float32(0.9076), np.float32(0.7505), np.float32(0.0)]
2025-11-21 04:49:35.273377: Epoch time: 68.25 s
2025-11-21 04:49:36.529018: 
2025-11-21 04:49:36.529256: Epoch 485
2025-11-21 04:49:36.529402: Current learning rate: 0.0055
2025-11-21 04:50:47.512054: train_loss -0.749
2025-11-21 04:50:47.516264: val_loss -0.7167
2025-11-21 04:50:47.517803: Pseudo dice [np.float32(0.9059), np.float32(0.7624), np.float32(0.0)]
2025-11-21 04:50:47.519885: Epoch time: 70.98 s
2025-11-21 04:50:48.777381: 
2025-11-21 04:50:48.777619: Epoch 486
2025-11-21 04:50:48.777758: Current learning rate: 0.00549
2025-11-21 04:52:02.827832: train_loss -0.7415
2025-11-21 04:52:02.830711: val_loss -0.7406
2025-11-21 04:52:02.831361: Pseudo dice [np.float32(0.9076), np.float32(0.7638), np.float32(0.0)]
2025-11-21 04:52:02.832834: Epoch time: 74.05 s
2025-11-21 04:52:04.286127: 
2025-11-21 04:52:04.286404: Epoch 487
2025-11-21 04:52:04.286573: Current learning rate: 0.00548
2025-11-21 04:53:15.673429: train_loss -0.7584
2025-11-21 04:53:15.675380: val_loss -0.6831
2025-11-21 04:53:15.675548: Pseudo dice [np.float32(0.9116), np.float32(0.7492), np.float32(0.0)]
2025-11-21 04:53:15.677324: Epoch time: 71.39 s
2025-11-21 04:53:17.104923: 
2025-11-21 04:53:17.105129: Epoch 488
2025-11-21 04:53:17.105269: Current learning rate: 0.00547
2025-11-21 04:54:23.666717: train_loss -0.7507
2025-11-21 04:54:23.671902: val_loss -0.7673
2025-11-21 04:54:23.673961: Pseudo dice [np.float32(0.9129), np.float32(0.7592), np.float32(0.0)]
2025-11-21 04:54:23.674255: Epoch time: 66.56 s
2025-11-21 04:54:25.147632: 
2025-11-21 04:54:25.147831: Epoch 489
2025-11-21 04:54:25.147969: Current learning rate: 0.00546
2025-11-21 04:55:36.368999: train_loss -0.7366
2025-11-21 04:55:36.372776: val_loss -0.7291
2025-11-21 04:55:36.373538: Pseudo dice [np.float32(0.9136), np.float32(0.7637), np.float32(0.0)]
2025-11-21 04:55:36.374838: Epoch time: 71.22 s
2025-11-21 04:55:37.582185: 
2025-11-21 04:55:37.582452: Epoch 490
2025-11-21 04:55:37.582610: Current learning rate: 0.00546
2025-11-21 04:56:50.842514: train_loss -0.7423
2025-11-21 04:56:50.846299: val_loss -0.7216
2025-11-21 04:56:50.848358: Pseudo dice [np.float32(0.9069), np.float32(0.746), np.float32(0.0)]
2025-11-21 04:56:50.850437: Epoch time: 73.26 s
2025-11-21 04:56:53.389009: 
2025-11-21 04:56:53.389242: Epoch 491
2025-11-21 04:56:53.389406: Current learning rate: 0.00545
2025-11-21 04:58:05.714687: train_loss -0.7547
2025-11-21 04:58:05.717542: val_loss -0.7486
2025-11-21 04:58:05.719298: Pseudo dice [np.float32(0.9083), np.float32(0.7696), np.float32(0.0)]
2025-11-21 04:58:05.719573: Epoch time: 72.33 s
2025-11-21 04:58:06.871496: 
2025-11-21 04:58:06.871752: Epoch 492
2025-11-21 04:58:06.871895: Current learning rate: 0.00544
2025-11-21 04:59:17.337050: train_loss -0.7412
2025-11-21 04:59:17.337554: val_loss -0.7148
2025-11-21 04:59:17.337708: Pseudo dice [np.float32(0.8954), np.float32(0.7403), np.float32(0.0)]
2025-11-21 04:59:17.337847: Epoch time: 70.47 s
2025-11-21 04:59:18.460526: 
2025-11-21 04:59:18.460736: Epoch 493
2025-11-21 04:59:18.460904: Current learning rate: 0.00543
2025-11-21 05:00:29.569347: train_loss -0.7405
2025-11-21 05:00:29.571092: val_loss -0.771
2025-11-21 05:00:29.573226: Pseudo dice [np.float32(0.9125), np.float32(0.7537), np.float32(0.0)]
2025-11-21 05:00:29.573444: Epoch time: 71.11 s
2025-11-21 05:00:31.120363: 
2025-11-21 05:00:31.120633: Epoch 494
2025-11-21 05:00:31.120787: Current learning rate: 0.00542
2025-11-21 05:01:43.007962: train_loss -0.7364
2025-11-21 05:01:43.019961: val_loss -0.7431
2025-11-21 05:01:43.020207: Pseudo dice [np.float32(0.9045), np.float32(0.7546), np.float32(0.0)]
2025-11-21 05:01:43.020391: Epoch time: 71.89 s
2025-11-21 05:01:44.148482: 
2025-11-21 05:01:44.148743: Epoch 495
2025-11-21 05:01:44.148937: Current learning rate: 0.00541
2025-11-21 05:02:55.613544: train_loss -0.748
2025-11-21 05:02:55.619459: val_loss -0.7415
2025-11-21 05:02:55.621578: Pseudo dice [np.float32(0.9061), np.float32(0.7265), np.float32(0.0)]
2025-11-21 05:02:55.621814: Epoch time: 71.47 s
2025-11-21 05:02:58.545203: 
2025-11-21 05:02:58.545421: Epoch 496
2025-11-21 05:02:58.545624: Current learning rate: 0.0054
2025-11-21 05:04:07.207491: train_loss -0.7468
2025-11-21 05:04:07.207960: val_loss -0.75
2025-11-21 05:04:07.208096: Pseudo dice [np.float32(0.9164), np.float32(0.7453), np.float32(0.0)]
2025-11-21 05:04:07.208264: Epoch time: 68.66 s
2025-11-21 05:04:08.397066: 
2025-11-21 05:04:08.397402: Epoch 497
2025-11-21 05:04:08.397546: Current learning rate: 0.00539
2025-11-21 05:05:18.594906: train_loss -0.7528
2025-11-21 05:05:18.595377: val_loss -0.7206
2025-11-21 05:05:18.595507: Pseudo dice [np.float32(0.9057), np.float32(0.7526), np.float32(0.0)]
2025-11-21 05:05:18.595634: Epoch time: 70.2 s
2025-11-21 05:05:19.712265: 
2025-11-21 05:05:19.712513: Epoch 498
2025-11-21 05:05:19.712654: Current learning rate: 0.00538
2025-11-21 05:06:31.772755: train_loss -0.7376
2025-11-21 05:06:31.778663: val_loss -0.7267
2025-11-21 05:06:31.780768: Pseudo dice [np.float32(0.9169), np.float32(0.7584), np.float32(0.0)]
2025-11-21 05:06:31.782873: Epoch time: 72.06 s
2025-11-21 05:06:33.406913: 
2025-11-21 05:06:33.407187: Epoch 499
2025-11-21 05:06:33.407334: Current learning rate: 0.00537
2025-11-21 05:07:43.898106: train_loss -0.7768
2025-11-21 05:07:43.899702: val_loss -0.7528
2025-11-21 05:07:43.902063: Pseudo dice [np.float32(0.9059), np.float32(0.73), np.float32(0.0)]
2025-11-21 05:07:43.904164: Epoch time: 70.49 s
2025-11-21 05:07:45.780419: 
2025-11-21 05:07:45.780643: Epoch 500
2025-11-21 05:07:45.780804: Current learning rate: 0.00536
2025-11-21 05:08:56.243250: train_loss -0.7473
2025-11-21 05:08:56.246571: val_loss -0.7268
2025-11-21 05:08:56.248189: Pseudo dice [np.float32(0.9079), np.float32(0.7604), np.float32(0.0)]
2025-11-21 05:08:56.248652: Epoch time: 70.46 s
2025-11-21 05:08:57.840946: 
2025-11-21 05:08:57.841216: Epoch 501
2025-11-21 05:08:57.841394: Current learning rate: 0.00535
2025-11-21 05:10:11.157796: train_loss -0.7456
2025-11-21 05:10:11.161655: val_loss -0.7342
2025-11-21 05:10:11.163799: Pseudo dice [np.float32(0.9118), np.float32(0.7663), np.float32(0.0)]
2025-11-21 05:10:11.165921: Epoch time: 73.32 s
2025-11-21 05:10:12.531345: 
2025-11-21 05:10:12.531664: Epoch 502
2025-11-21 05:10:12.531830: Current learning rate: 0.00534
2025-11-21 05:11:23.435540: train_loss -0.758
2025-11-21 05:11:23.435981: val_loss -0.7284
2025-11-21 05:11:23.436109: Pseudo dice [np.float32(0.9004), np.float32(0.7465), np.float32(0.0)]
2025-11-21 05:11:23.436244: Epoch time: 70.91 s
2025-11-21 05:11:24.471356: 
2025-11-21 05:11:24.471550: Epoch 503
2025-11-21 05:11:24.471691: Current learning rate: 0.00533
2025-11-21 05:12:36.343943: train_loss -0.7391
2025-11-21 05:12:36.346266: val_loss -0.7311
2025-11-21 05:12:36.347527: Pseudo dice [np.float32(0.8931), np.float32(0.7447), np.float32(0.0)]
2025-11-21 05:12:36.348349: Epoch time: 71.87 s
2025-11-21 05:12:37.449756: 
2025-11-21 05:12:37.450006: Epoch 504
2025-11-21 05:12:37.450140: Current learning rate: 0.00532
2025-11-21 05:13:48.245485: train_loss -0.7525
2025-11-21 05:13:48.247319: val_loss -0.7617
2025-11-21 05:13:48.248227: Pseudo dice [np.float32(0.9007), np.float32(0.7265), np.float32(0.0)]
2025-11-21 05:13:48.249430: Epoch time: 70.8 s
2025-11-21 05:13:49.934276: 
2025-11-21 05:13:49.934556: Epoch 505
2025-11-21 05:13:49.934714: Current learning rate: 0.00531
2025-11-21 05:15:01.745687: train_loss -0.7458
2025-11-21 05:15:01.747949: val_loss -0.7508
2025-11-21 05:15:01.750071: Pseudo dice [np.float32(0.9117), np.float32(0.7518), np.float32(0.0)]
2025-11-21 05:15:01.751769: Epoch time: 71.81 s
2025-11-21 05:15:04.065336: 
2025-11-21 05:15:04.065580: Epoch 506
2025-11-21 05:15:04.065723: Current learning rate: 0.0053
2025-11-21 05:16:15.229749: train_loss -0.7385
2025-11-21 05:16:15.232072: val_loss -0.717
2025-11-21 05:16:15.233763: Pseudo dice [np.float32(0.9068), np.float32(0.7492), np.float32(0.0)]
2025-11-21 05:16:15.234179: Epoch time: 71.17 s
2025-11-21 05:16:16.749830: 
2025-11-21 05:16:16.750067: Epoch 507
2025-11-21 05:16:16.750216: Current learning rate: 0.00529
2025-11-21 05:17:27.580462: train_loss -0.7385
2025-11-21 05:17:27.588360: val_loss -0.7117
2025-11-21 05:17:27.590471: Pseudo dice [np.float32(0.9126), np.float32(0.7337), np.float32(0.0)]
2025-11-21 05:17:27.592633: Epoch time: 70.83 s
2025-11-21 05:17:30.075666: 
2025-11-21 05:17:30.075864: Epoch 508
2025-11-21 05:17:30.076006: Current learning rate: 0.00528
2025-11-21 05:18:39.199525: train_loss -0.7336
2025-11-21 05:18:39.201422: val_loss -0.7222
2025-11-21 05:18:39.201820: Pseudo dice [np.float32(0.9062), np.float32(0.7414), np.float32(0.0)]
2025-11-21 05:18:39.203199: Epoch time: 69.12 s
2025-11-21 05:18:40.390107: 
2025-11-21 05:18:40.390412: Epoch 509
2025-11-21 05:18:40.390567: Current learning rate: 0.00527
2025-11-21 05:19:49.556587: train_loss -0.7507
2025-11-21 05:19:49.557110: val_loss -0.7223
2025-11-21 05:19:49.557246: Pseudo dice [np.float32(0.9016), np.float32(0.7722), np.float32(0.0)]
2025-11-21 05:19:49.557371: Epoch time: 69.17 s
2025-11-21 05:19:51.145012: 
2025-11-21 05:19:51.145244: Epoch 510
2025-11-21 05:19:51.145396: Current learning rate: 0.00526
2025-11-21 05:21:04.344093: train_loss -0.7641
2025-11-21 05:21:04.349559: val_loss -0.7154
2025-11-21 05:21:04.351629: Pseudo dice [np.float32(0.9116), np.float32(0.7486), np.float32(0.0)]
2025-11-21 05:21:04.353707: Epoch time: 73.2 s
2025-11-21 05:21:05.597832: 
2025-11-21 05:21:05.598110: Epoch 511
2025-11-21 05:21:05.598283: Current learning rate: 0.00525
2025-11-21 05:22:16.597075: train_loss -0.7332
2025-11-21 05:22:16.599299: val_loss -0.7381
2025-11-21 05:22:16.600807: Pseudo dice [np.float32(0.9101), np.float32(0.751), np.float32(0.0)]
2025-11-21 05:22:16.601391: Epoch time: 71.0 s
2025-11-21 05:22:18.950631: 
2025-11-21 05:22:18.950857: Epoch 512
2025-11-21 05:22:18.951020: Current learning rate: 0.00524
2025-11-21 05:23:28.752946: train_loss -0.7461
2025-11-21 05:23:28.755285: val_loss -0.7536
2025-11-21 05:23:28.756728: Pseudo dice [np.float32(0.9118), np.float32(0.7523), np.float32(0.0)]
2025-11-21 05:23:28.757416: Epoch time: 69.8 s
2025-11-21 05:23:29.913596: 
2025-11-21 05:23:29.913809: Epoch 513
2025-11-21 05:23:29.913951: Current learning rate: 0.00523
2025-11-21 05:24:39.795751: train_loss -0.7481
2025-11-21 05:24:39.798514: val_loss -0.7635
2025-11-21 05:24:39.799465: Pseudo dice [np.float32(0.9096), np.float32(0.7495), np.float32(0.0)]
2025-11-21 05:24:39.800639: Epoch time: 69.88 s
2025-11-21 05:24:42.168704: 
2025-11-21 05:24:42.168960: Epoch 514
2025-11-21 05:24:42.169107: Current learning rate: 0.00522
2025-11-21 05:25:54.580424: train_loss -0.7525
2025-11-21 05:25:54.584157: val_loss -0.7531
2025-11-21 05:25:54.585049: Pseudo dice [np.float32(0.918), np.float32(0.7564), np.float32(0.0)]
2025-11-21 05:25:54.586220: Epoch time: 72.41 s
2025-11-21 05:25:55.973566: 
2025-11-21 05:25:55.973810: Epoch 515
2025-11-21 05:25:55.973973: Current learning rate: 0.00521
2025-11-21 05:27:08.330736: train_loss -0.7445
2025-11-21 05:27:08.334360: val_loss -0.7461
2025-11-21 05:27:08.335111: Pseudo dice [np.float32(0.9108), np.float32(0.7534), np.float32(0.0)]
2025-11-21 05:27:08.335626: Epoch time: 72.36 s
2025-11-21 05:27:09.869697: 
2025-11-21 05:27:09.869909: Epoch 516
2025-11-21 05:27:09.870079: Current learning rate: 0.0052
2025-11-21 05:28:22.016632: train_loss -0.753
2025-11-21 05:28:22.017143: val_loss -0.734
2025-11-21 05:28:22.017532: Pseudo dice [np.float32(0.9129), np.float32(0.7693), np.float32(0.0)]
2025-11-21 05:28:22.017666: Epoch time: 72.15 s
2025-11-21 05:28:23.258772: 
2025-11-21 05:28:23.259049: Epoch 517
2025-11-21 05:28:23.259206: Current learning rate: 0.00519
2025-11-21 05:29:31.907489: train_loss -0.7386
2025-11-21 05:29:31.909047: val_loss -0.7325
2025-11-21 05:29:31.910080: Pseudo dice [np.float32(0.8998), np.float32(0.7451), np.float32(0.0)]
2025-11-21 05:29:31.911091: Epoch time: 68.65 s
2025-11-21 05:29:33.200053: 
2025-11-21 05:29:33.200263: Epoch 518
2025-11-21 05:29:33.200408: Current learning rate: 0.00518
2025-11-21 05:30:41.117950: train_loss -0.7578
2025-11-21 05:30:41.120775: val_loss -0.7389
2025-11-21 05:30:41.122849: Pseudo dice [np.float32(0.9155), np.float32(0.7632), np.float32(0.0)]
2025-11-21 05:30:41.125058: Epoch time: 67.92 s
2025-11-21 05:30:42.537657: 
2025-11-21 05:30:42.537848: Epoch 519
2025-11-21 05:30:42.537980: Current learning rate: 0.00518
2025-11-21 05:31:58.373430: train_loss -0.7443
2025-11-21 05:31:58.375692: val_loss -0.7448
2025-11-21 05:31:58.377084: Pseudo dice [np.float32(0.9045), np.float32(0.7263), np.float32(0.0)]
2025-11-21 05:31:58.377782: Epoch time: 75.84 s
2025-11-21 05:31:59.969247: 
2025-11-21 05:31:59.969516: Epoch 520
2025-11-21 05:31:59.969662: Current learning rate: 0.00517
2025-11-21 05:33:11.272987: train_loss -0.7433
2025-11-21 05:33:11.274878: val_loss -0.7428
2025-11-21 05:33:11.275051: Pseudo dice [np.float32(0.9003), np.float32(0.7597), np.float32(0.0)]
2025-11-21 05:33:11.275227: Epoch time: 71.3 s
2025-11-21 05:33:12.795300: 
2025-11-21 05:33:12.795599: Epoch 521
2025-11-21 05:33:12.795738: Current learning rate: 0.00516
2025-11-21 05:34:22.493068: train_loss -0.7401
2025-11-21 05:34:22.495390: val_loss -0.7313
2025-11-21 05:34:22.496645: Pseudo dice [np.float32(0.9044), np.float32(0.7387), np.float32(0.0)]
2025-11-21 05:34:22.497460: Epoch time: 69.7 s
2025-11-21 05:34:23.635773: 
2025-11-21 05:34:23.635993: Epoch 522
2025-11-21 05:34:23.636144: Current learning rate: 0.00515
2025-11-21 05:35:33.822122: train_loss -0.7416
2025-11-21 05:35:33.826274: val_loss -0.7575
2025-11-21 05:35:33.828336: Pseudo dice [np.float32(0.8958), np.float32(0.764), np.float32(0.0)]
2025-11-21 05:35:33.830398: Epoch time: 70.19 s
2025-11-21 05:35:36.052546: 
2025-11-21 05:35:36.052785: Epoch 523
2025-11-21 05:35:36.052938: Current learning rate: 0.00514
2025-11-21 05:36:49.392334: train_loss -0.7256
2025-11-21 05:36:49.394385: val_loss -0.761
2025-11-21 05:36:49.395766: Pseudo dice [np.float32(0.9132), np.float32(0.7555), np.float32(0.0)]
2025-11-21 05:36:49.396439: Epoch time: 73.34 s
2025-11-21 05:36:50.926619: 
2025-11-21 05:36:50.926852: Epoch 524
2025-11-21 05:36:50.927027: Current learning rate: 0.00513
2025-11-21 05:37:57.062347: train_loss -0.7419
2025-11-21 05:37:57.068122: val_loss -0.7481
2025-11-21 05:37:57.070178: Pseudo dice [np.float32(0.9153), np.float32(0.7686), np.float32(0.0)]
2025-11-21 05:37:57.072259: Epoch time: 66.14 s
2025-11-21 05:37:58.490976: 
2025-11-21 05:37:58.491191: Epoch 525
2025-11-21 05:37:58.491333: Current learning rate: 0.00512
2025-11-21 05:39:08.307126: train_loss -0.7523
2025-11-21 05:39:08.309419: val_loss -0.7249
2025-11-21 05:39:08.310823: Pseudo dice [np.float32(0.9103), np.float32(0.7579), np.float32(0.0)]
2025-11-21 05:39:08.311499: Epoch time: 69.82 s
2025-11-21 05:39:10.470494: 
2025-11-21 05:39:10.471393: Epoch 526
2025-11-21 05:39:10.472824: Current learning rate: 0.00511
2025-11-21 05:40:19.720263: train_loss -0.7385
2025-11-21 05:40:19.724142: val_loss -0.7264
2025-11-21 05:40:19.726249: Pseudo dice [np.float32(0.9105), np.float32(0.7445), np.float32(0.0)]
2025-11-21 05:40:19.728375: Epoch time: 69.25 s
2025-11-21 05:40:21.203669: 
2025-11-21 05:40:21.203896: Epoch 527
2025-11-21 05:40:21.204046: Current learning rate: 0.0051
2025-11-21 05:41:34.726450: train_loss -0.7542
2025-11-21 05:41:34.737265: val_loss -0.719
2025-11-21 05:41:34.741299: Pseudo dice [np.float32(0.8983), np.float32(0.7697), np.float32(0.0)]
2025-11-21 05:41:34.741891: Epoch time: 73.52 s
2025-11-21 05:41:36.468688: 
2025-11-21 05:41:36.468890: Epoch 528
2025-11-21 05:41:36.469031: Current learning rate: 0.00509
2025-11-21 05:42:49.305922: train_loss -0.7488
2025-11-21 05:42:49.308216: val_loss -0.7518
2025-11-21 05:42:49.309872: Pseudo dice [np.float32(0.9052), np.float32(0.7337), np.float32(0.0)]
2025-11-21 05:42:49.310305: Epoch time: 72.84 s
2025-11-21 05:42:50.951945: 
2025-11-21 05:42:50.952150: Epoch 529
2025-11-21 05:42:50.952298: Current learning rate: 0.00508
2025-11-21 05:44:06.622953: train_loss -0.745
2025-11-21 05:44:06.625314: val_loss -0.7426
2025-11-21 05:44:06.626601: Pseudo dice [np.float32(0.9115), np.float32(0.7635), np.float32(0.0)]
2025-11-21 05:44:06.627431: Epoch time: 75.67 s
2025-11-21 05:44:08.335327: 
2025-11-21 05:44:08.335548: Epoch 530
2025-11-21 05:44:08.335700: Current learning rate: 0.00507
2025-11-21 05:45:20.643140: train_loss -0.7671
2025-11-21 05:45:20.643835: val_loss -0.7667
2025-11-21 05:45:20.643977: Pseudo dice [np.float32(0.9142), np.float32(0.7741), np.float32(0.0)]
2025-11-21 05:45:20.644104: Epoch time: 72.31 s
2025-11-21 05:45:22.056559: 
2025-11-21 05:45:22.056903: Epoch 531
2025-11-21 05:45:22.057059: Current learning rate: 0.00506
2025-11-21 05:46:32.951678: train_loss -0.7489
2025-11-21 05:46:32.953504: val_loss -0.7261
2025-11-21 05:46:32.953679: Pseudo dice [np.float32(0.9178), np.float32(0.7432), np.float32(0.0)]
2025-11-21 05:46:32.953813: Epoch time: 70.9 s
2025-11-21 05:46:34.134335: 
2025-11-21 05:46:34.134551: Epoch 532
2025-11-21 05:46:34.134705: Current learning rate: 0.00505
2025-11-21 05:47:45.728555: train_loss -0.7485
2025-11-21 05:47:45.732302: val_loss -0.703
2025-11-21 05:47:45.734447: Pseudo dice [np.float32(0.9117), np.float32(0.7751), np.float32(0.0)]
2025-11-21 05:47:45.736547: Epoch time: 71.6 s
2025-11-21 05:47:47.075917: 
2025-11-21 05:47:47.076155: Epoch 533
2025-11-21 05:47:47.076313: Current learning rate: 0.00504
2025-11-21 05:48:57.838414: train_loss -0.7512
2025-11-21 05:48:57.840759: val_loss -0.7259
2025-11-21 05:48:57.842095: Pseudo dice [np.float32(0.9128), np.float32(0.7416), np.float32(0.0)]
2025-11-21 05:48:57.842844: Epoch time: 70.76 s
2025-11-21 05:48:59.562452: 
2025-11-21 05:48:59.562669: Epoch 534
2025-11-21 05:48:59.562826: Current learning rate: 0.00503
2025-11-21 05:50:07.479383: train_loss -0.7487
2025-11-21 05:50:07.479898: val_loss -0.7506
2025-11-21 05:50:07.480040: Pseudo dice [np.float32(0.9072), np.float32(0.7528), np.float32(0.0)]
2025-11-21 05:50:07.480181: Epoch time: 67.92 s
2025-11-21 05:50:08.610113: 
2025-11-21 05:50:08.610423: Epoch 535
2025-11-21 05:50:08.610573: Current learning rate: 0.00502
2025-11-21 05:51:20.492162: train_loss -0.7569
2025-11-21 05:51:20.497012: val_loss -0.7367
2025-11-21 05:51:20.497297: Pseudo dice [np.float32(0.9043), np.float32(0.7667), np.float32(0.0)]
2025-11-21 05:51:20.497474: Epoch time: 71.88 s
2025-11-21 05:51:22.793059: 
2025-11-21 05:51:22.793337: Epoch 536
2025-11-21 05:51:22.793492: Current learning rate: 0.00501
2025-11-21 05:52:33.837864: train_loss -0.7524
2025-11-21 05:52:33.841698: val_loss -0.7529
2025-11-21 05:52:33.843831: Pseudo dice [np.float32(0.9197), np.float32(0.7711), np.float32(0.0)]
2025-11-21 05:52:33.845913: Epoch time: 71.05 s
2025-11-21 05:52:36.705339: 
2025-11-21 05:52:36.705590: Epoch 537
2025-11-21 05:52:36.705806: Current learning rate: 0.005
2025-11-21 05:53:52.703414: train_loss -0.7513
2025-11-21 05:53:52.706586: val_loss -0.7175
2025-11-21 05:53:52.707864: Pseudo dice [np.float32(0.9142), np.float32(0.7575), np.float32(0.0)]
2025-11-21 05:53:52.708657: Epoch time: 76.0 s
2025-11-21 05:53:53.927657: 
2025-11-21 05:53:53.928013: Epoch 538
2025-11-21 05:53:53.928190: Current learning rate: 0.00499
2025-11-21 05:55:08.082129: train_loss -0.7617
2025-11-21 05:55:08.085615: val_loss -0.7579
2025-11-21 05:55:08.087708: Pseudo dice [np.float32(0.9098), np.float32(0.7651), np.float32(0.0)]
2025-11-21 05:55:08.109107: Epoch time: 74.16 s
2025-11-21 05:55:10.062808: 
2025-11-21 05:55:10.063006: Epoch 539
2025-11-21 05:55:10.063154: Current learning rate: 0.00498
2025-11-21 05:56:20.184559: train_loss -0.7573
2025-11-21 05:56:20.193040: val_loss -0.7084
2025-11-21 05:56:20.195111: Pseudo dice [np.float32(0.9202), np.float32(0.7508), np.float32(0.0)]
2025-11-21 05:56:20.197163: Epoch time: 70.12 s
2025-11-21 05:56:21.830856: 
2025-11-21 05:56:21.831136: Epoch 540
2025-11-21 05:56:21.831297: Current learning rate: 0.00497
2025-11-21 05:57:29.214332: train_loss -0.7563
2025-11-21 05:57:29.216603: val_loss -0.7324
2025-11-21 05:57:29.218298: Pseudo dice [np.float32(0.9115), np.float32(0.7537), np.float32(0.0)]
2025-11-21 05:57:29.218702: Epoch time: 67.38 s
2025-11-21 05:57:30.357741: 
2025-11-21 05:57:30.357959: Epoch 541
2025-11-21 05:57:30.358105: Current learning rate: 0.00496
2025-11-21 05:58:44.626985: train_loss -0.766
2025-11-21 05:58:44.631079: val_loss -0.7235
2025-11-21 05:58:44.631414: Pseudo dice [np.float32(0.9128), np.float32(0.7659), np.float32(0.0)]
2025-11-21 05:58:44.631551: Epoch time: 74.27 s
2025-11-21 05:58:45.749022: 
2025-11-21 05:58:45.749240: Epoch 542
2025-11-21 05:58:45.749383: Current learning rate: 0.00495
2025-11-21 05:59:54.092794: train_loss -0.7419
2025-11-21 05:59:54.095214: val_loss -0.7383
2025-11-21 05:59:54.096495: Pseudo dice [np.float32(0.9047), np.float32(0.7431), np.float32(0.0)]
2025-11-21 05:59:54.097345: Epoch time: 68.34 s
2025-11-21 05:59:55.933287: 
2025-11-21 05:59:55.933589: Epoch 543
2025-11-21 05:59:55.933740: Current learning rate: 0.00494
2025-11-21 06:01:11.267803: train_loss -0.7451
2025-11-21 06:01:11.273609: val_loss -0.7529
2025-11-21 06:01:11.275676: Pseudo dice [np.float32(0.9048), np.float32(0.7764), np.float32(0.0)]
2025-11-21 06:01:11.277748: Epoch time: 75.34 s
2025-11-21 06:01:12.944416: 
2025-11-21 06:01:12.944783: Epoch 544
2025-11-21 06:01:12.944959: Current learning rate: 0.00493
2025-11-21 06:02:25.407742: train_loss -0.7337
2025-11-21 06:02:25.409483: val_loss -0.7169
2025-11-21 06:02:25.410410: Pseudo dice [np.float32(0.9088), np.float32(0.769), np.float32(0.0)]
2025-11-21 06:02:25.410990: Epoch time: 72.46 s
2025-11-21 06:02:26.806611: 
2025-11-21 06:02:26.807611: Epoch 545
2025-11-21 06:02:26.809771: Current learning rate: 0.00492
2025-11-21 06:03:42.946989: train_loss -0.7385
2025-11-21 06:03:42.947527: val_loss -0.7319
2025-11-21 06:03:42.947662: Pseudo dice [np.float32(0.9095), np.float32(0.7433), np.float32(0.0)]
2025-11-21 06:03:42.947794: Epoch time: 76.14 s
2025-11-21 06:03:44.048988: 
2025-11-21 06:03:44.049190: Epoch 546
2025-11-21 06:03:44.049340: Current learning rate: 0.00491
2025-11-21 06:04:56.068660: train_loss -0.7435
2025-11-21 06:04:56.072857: val_loss -0.7434
2025-11-21 06:04:56.074942: Pseudo dice [np.float32(0.9103), np.float32(0.7442), np.float32(0.0)]
2025-11-21 06:04:56.076998: Epoch time: 72.02 s
2025-11-21 06:04:57.547890: 
2025-11-21 06:04:57.548142: Epoch 547
2025-11-21 06:04:57.548306: Current learning rate: 0.0049
2025-11-21 06:06:06.027659: train_loss -0.746
2025-11-21 06:06:06.028074: val_loss -0.7116
2025-11-21 06:06:06.028204: Pseudo dice [np.float32(0.909), np.float32(0.7444), np.float32(0.0)]
2025-11-21 06:06:06.028328: Epoch time: 68.48 s
2025-11-21 06:06:07.243802: 
2025-11-21 06:06:07.244028: Epoch 548
2025-11-21 06:06:07.244184: Current learning rate: 0.00489
2025-11-21 06:07:14.780763: train_loss -0.7651
2025-11-21 06:07:14.783795: val_loss -0.7291
2025-11-21 06:07:14.785899: Pseudo dice [np.float32(0.9024), np.float32(0.7334), np.float32(0.0)]
2025-11-21 06:07:14.788006: Epoch time: 67.54 s
2025-11-21 06:07:16.322464: 
2025-11-21 06:07:16.322669: Epoch 549
2025-11-21 06:07:16.322877: Current learning rate: 0.00488
2025-11-21 06:08:26.121885: train_loss -0.7597
2025-11-21 06:08:26.125717: val_loss -0.7584
2025-11-21 06:08:26.127820: Pseudo dice [np.float32(0.9144), np.float32(0.7699), np.float32(0.0)]
2025-11-21 06:08:26.130009: Epoch time: 69.8 s
2025-11-21 06:08:28.339436: 
2025-11-21 06:08:28.339643: Epoch 550
2025-11-21 06:08:28.339782: Current learning rate: 0.00487
2025-11-21 06:09:42.579632: train_loss -0.766
2025-11-21 06:09:42.581345: val_loss -0.7651
2025-11-21 06:09:42.581553: Pseudo dice [np.float32(0.9142), np.float32(0.7566), np.float32(0.0)]
2025-11-21 06:09:42.581696: Epoch time: 74.24 s
2025-11-21 06:09:43.843212: 
2025-11-21 06:09:43.843446: Epoch 551
2025-11-21 06:09:43.843602: Current learning rate: 0.00486
2025-11-21 06:10:51.355919: train_loss -0.7333
2025-11-21 06:10:51.356385: val_loss -0.723
2025-11-21 06:10:51.356521: Pseudo dice [np.float32(0.9162), np.float32(0.7504), np.float32(0.0)]
2025-11-21 06:10:51.356655: Epoch time: 67.51 s
2025-11-21 06:10:52.476507: 
2025-11-21 06:10:52.476725: Epoch 552
2025-11-21 06:10:52.476874: Current learning rate: 0.00485
2025-11-21 06:11:59.924118: train_loss -0.7511
2025-11-21 06:11:59.927873: val_loss -0.7254
2025-11-21 06:11:59.929978: Pseudo dice [np.float32(0.9141), np.float32(0.752), np.float32(0.0)]
2025-11-21 06:11:59.932077: Epoch time: 67.45 s
2025-11-21 06:12:01.260639: 
2025-11-21 06:12:01.260927: Epoch 553
2025-11-21 06:12:01.261081: Current learning rate: 0.00484
2025-11-21 06:13:13.151044: train_loss -0.7432
2025-11-21 06:13:13.156350: val_loss -0.7368
2025-11-21 06:13:13.156645: Pseudo dice [np.float32(0.9131), np.float32(0.7425), np.float32(0.0)]
2025-11-21 06:13:13.158412: Epoch time: 71.89 s
2025-11-21 06:13:15.130836: 
2025-11-21 06:13:15.131057: Epoch 554
2025-11-21 06:13:15.131221: Current learning rate: 0.00484
2025-11-21 06:14:29.746938: train_loss -0.7419
2025-11-21 06:14:29.749744: val_loss -0.7422
2025-11-21 06:14:29.750401: Pseudo dice [np.float32(0.9175), np.float32(0.7531), np.float32(0.0)]
2025-11-21 06:14:29.751830: Epoch time: 74.62 s
2025-11-21 06:14:31.591520: 
2025-11-21 06:14:31.591779: Epoch 555
2025-11-21 06:14:31.591979: Current learning rate: 0.00483
2025-11-21 06:15:39.517415: train_loss -0.7542
2025-11-21 06:15:39.523988: val_loss -0.741
2025-11-21 06:15:39.524316: Pseudo dice [np.float32(0.914), np.float32(0.7565), np.float32(0.0)]
2025-11-21 06:15:39.524457: Epoch time: 67.93 s
2025-11-21 06:15:41.164754: 
2025-11-21 06:15:41.164953: Epoch 556
2025-11-21 06:15:41.165098: Current learning rate: 0.00482
2025-11-21 06:16:49.408025: train_loss -0.7495
2025-11-21 06:16:49.416910: val_loss -0.7488
2025-11-21 06:16:49.419013: Pseudo dice [np.float32(0.9149), np.float32(0.7524), np.float32(0.0)]
2025-11-21 06:16:49.421083: Epoch time: 68.24 s
2025-11-21 06:16:50.920404: 
2025-11-21 06:16:50.920702: Epoch 557
2025-11-21 06:16:50.920841: Current learning rate: 0.00481
2025-11-21 06:18:06.116927: train_loss -0.7517
2025-11-21 06:18:06.117430: val_loss -0.7727
2025-11-21 06:18:06.117570: Pseudo dice [np.float32(0.91), np.float32(0.751), np.float32(0.0)]
2025-11-21 06:18:06.117690: Epoch time: 75.2 s
2025-11-21 06:18:07.243126: 
2025-11-21 06:18:07.243415: Epoch 558
2025-11-21 06:18:07.243552: Current learning rate: 0.0048
2025-11-21 06:19:17.954005: train_loss -0.7564
2025-11-21 06:19:17.954475: val_loss -0.7454
2025-11-21 06:19:17.954604: Pseudo dice [np.float32(0.9153), np.float32(0.7458), np.float32(0.0)]
2025-11-21 06:19:17.954727: Epoch time: 70.71 s
2025-11-21 06:19:19.084502: 
2025-11-21 06:19:19.084715: Epoch 559
2025-11-21 06:19:19.084858: Current learning rate: 0.00479
2025-11-21 06:20:26.801418: train_loss -0.7632
2025-11-21 06:20:26.802003: val_loss -0.74
2025-11-21 06:20:26.802263: Pseudo dice [np.float32(0.9007), np.float32(0.7666), np.float32(0.0)]
2025-11-21 06:20:26.802399: Epoch time: 67.72 s
2025-11-21 06:20:27.925330: 
2025-11-21 06:20:27.925621: Epoch 560
2025-11-21 06:20:27.925792: Current learning rate: 0.00478
2025-11-21 06:21:36.652332: train_loss -0.7422
2025-11-21 06:21:36.655030: val_loss -0.7374
2025-11-21 06:21:36.656169: Pseudo dice [np.float32(0.9088), np.float32(0.7561), np.float32(0.0)]
2025-11-21 06:21:36.674161: Epoch time: 68.73 s
2025-11-21 06:21:39.796611: 
2025-11-21 06:21:39.806350: Epoch 561
2025-11-21 06:21:39.806552: Current learning rate: 0.00477
2025-11-21 06:22:49.285869: train_loss -0.7462
2025-11-21 06:22:49.286371: val_loss -0.7458
2025-11-21 06:22:49.286496: Pseudo dice [np.float32(0.903), np.float32(0.7413), np.float32(0.0)]
2025-11-21 06:22:49.286635: Epoch time: 69.49 s
2025-11-21 06:22:50.825798: 
2025-11-21 06:22:50.826098: Epoch 562
2025-11-21 06:22:50.826253: Current learning rate: 0.00476
2025-11-21 06:24:03.490413: train_loss -0.7507
2025-11-21 06:24:03.491063: val_loss -0.7284
2025-11-21 06:24:03.491214: Pseudo dice [np.float32(0.907), np.float32(0.7565), np.float32(0.0)]
2025-11-21 06:24:03.491388: Epoch time: 72.67 s
2025-11-21 06:24:04.836780: 
2025-11-21 06:24:04.837007: Epoch 563
2025-11-21 06:24:04.837181: Current learning rate: 0.00475
2025-11-21 06:25:21.952807: train_loss -0.7515
2025-11-21 06:25:21.956720: val_loss -0.7553
2025-11-21 06:25:21.956887: Pseudo dice [np.float32(0.9098), np.float32(0.7438), np.float32(0.0)]
2025-11-21 06:25:21.957076: Epoch time: 77.12 s
2025-11-21 06:25:23.095251: 
2025-11-21 06:25:23.095484: Epoch 564
2025-11-21 06:25:23.095623: Current learning rate: 0.00474
2025-11-21 06:26:33.759665: train_loss -0.7535
2025-11-21 06:26:33.765347: val_loss -0.7402
2025-11-21 06:26:33.767407: Pseudo dice [np.float32(0.9141), np.float32(0.7581), np.float32(0.0)]
2025-11-21 06:26:33.769477: Epoch time: 70.67 s
2025-11-21 06:26:35.147464: 
2025-11-21 06:26:35.147720: Epoch 565
2025-11-21 06:26:35.147874: Current learning rate: 0.00473
2025-11-21 06:27:49.809738: train_loss -0.7535
2025-11-21 06:27:49.815501: val_loss -0.7309
2025-11-21 06:27:49.817557: Pseudo dice [np.float32(0.9165), np.float32(0.7416), np.float32(0.0)]
2025-11-21 06:27:49.819648: Epoch time: 74.66 s
2025-11-21 06:27:51.076622: 
2025-11-21 06:27:51.076847: Epoch 566
2025-11-21 06:27:51.076998: Current learning rate: 0.00472
2025-11-21 06:29:02.807858: train_loss -0.7508
2025-11-21 06:29:02.810145: val_loss -0.7388
2025-11-21 06:29:02.811526: Pseudo dice [np.float32(0.9186), np.float32(0.7547), np.float32(0.0)]
2025-11-21 06:29:02.812222: Epoch time: 71.73 s
2025-11-21 06:29:04.574810: 
2025-11-21 06:29:04.575059: Epoch 567
2025-11-21 06:29:04.575212: Current learning rate: 0.00471
2025-11-21 06:30:19.049922: train_loss -0.7661
2025-11-21 06:30:19.055781: val_loss -0.7462
2025-11-21 06:30:19.056535: Pseudo dice [np.float32(0.9145), np.float32(0.7525), np.float32(0.0)]
2025-11-21 06:30:19.057858: Epoch time: 74.48 s
2025-11-21 06:30:20.892202: 
2025-11-21 06:30:20.892432: Epoch 568
2025-11-21 06:30:20.892586: Current learning rate: 0.0047
2025-11-21 06:31:30.754344: train_loss -0.7494
2025-11-21 06:31:30.760087: val_loss -0.7356
2025-11-21 06:31:30.762482: Pseudo dice [np.float32(0.9124), np.float32(0.7477), np.float32(0.0)]
2025-11-21 06:31:30.762641: Epoch time: 69.86 s
2025-11-21 06:31:32.015029: 
2025-11-21 06:31:32.015257: Epoch 569
2025-11-21 06:31:32.015428: Current learning rate: 0.00469
2025-11-21 06:32:44.408950: train_loss -0.7607
2025-11-21 06:32:44.409558: val_loss -0.7631
2025-11-21 06:32:44.409698: Pseudo dice [np.float32(0.9119), np.float32(0.7523), np.float32(0.0)]
2025-11-21 06:32:44.409832: Epoch time: 72.39 s
2025-11-21 06:32:45.543668: 
2025-11-21 06:32:45.543883: Epoch 570
2025-11-21 06:32:45.544036: Current learning rate: 0.00468
2025-11-21 06:33:54.339665: train_loss -0.7531
2025-11-21 06:33:54.344096: val_loss -0.7148
2025-11-21 06:33:54.344359: Pseudo dice [np.float32(0.9141), np.float32(0.7545), np.float32(0.0)]
2025-11-21 06:33:54.344491: Epoch time: 68.8 s
2025-11-21 06:33:55.537194: 
2025-11-21 06:33:55.537470: Epoch 571
2025-11-21 06:33:55.537621: Current learning rate: 0.00467
2025-11-21 06:35:04.958497: train_loss -0.7443
2025-11-21 06:35:04.959057: val_loss -0.7569
2025-11-21 06:35:04.959198: Pseudo dice [np.float32(0.908), np.float32(0.7414), np.float32(0.0)]
2025-11-21 06:35:04.994317: Epoch time: 69.42 s
2025-11-21 06:35:06.113942: 
2025-11-21 06:35:06.114162: Epoch 572
2025-11-21 06:35:06.114304: Current learning rate: 0.00466
2025-11-21 06:36:16.638011: train_loss -0.7472
2025-11-21 06:36:16.642362: val_loss -0.7301
2025-11-21 06:36:16.643717: Pseudo dice [np.float32(0.9161), np.float32(0.7476), np.float32(0.0)]
2025-11-21 06:36:16.644399: Epoch time: 70.52 s
2025-11-21 06:36:18.326708: 
2025-11-21 06:36:18.326997: Epoch 573
2025-11-21 06:36:18.327140: Current learning rate: 0.00465
2025-11-21 06:37:30.328855: train_loss -0.7529
2025-11-21 06:37:30.332732: val_loss -0.7381
2025-11-21 06:37:30.334830: Pseudo dice [np.float32(0.9154), np.float32(0.7371), np.float32(0.0)]
2025-11-21 06:37:30.336582: Epoch time: 72.0 s
2025-11-21 06:37:32.768651: 
2025-11-21 06:37:32.768902: Epoch 574
2025-11-21 06:37:32.769049: Current learning rate: 0.00464
2025-11-21 06:38:43.513422: train_loss -0.7518
2025-11-21 06:38:43.515764: val_loss -0.7182
2025-11-21 06:38:43.517111: Pseudo dice [np.float32(0.9133), np.float32(0.7558), np.float32(0.0)]
2025-11-21 06:38:43.517873: Epoch time: 70.75 s
2025-11-21 06:38:44.922966: 
2025-11-21 06:38:44.923209: Epoch 575
2025-11-21 06:38:44.923387: Current learning rate: 0.00463
2025-11-21 06:40:00.525120: train_loss -0.7491
2025-11-21 06:40:00.528838: val_loss -0.7306
2025-11-21 06:40:00.530910: Pseudo dice [np.float32(0.8943), np.float32(0.7738), np.float32(0.0)]
2025-11-21 06:40:00.532977: Epoch time: 75.6 s
2025-11-21 06:40:02.542711: 
2025-11-21 06:40:02.542949: Epoch 576
2025-11-21 06:40:02.543092: Current learning rate: 0.00462
2025-11-21 06:41:12.521849: train_loss -0.7414
2025-11-21 06:41:12.526935: val_loss -0.7226
2025-11-21 06:41:12.529010: Pseudo dice [np.float32(0.9131), np.float32(0.7511), np.float32(0.0)]
2025-11-21 06:41:12.529319: Epoch time: 69.98 s
2025-11-21 06:41:13.707261: 
2025-11-21 06:41:13.707474: Epoch 577
2025-11-21 06:41:13.707620: Current learning rate: 0.00461
2025-11-21 06:42:23.540086: train_loss -0.7565
2025-11-21 06:42:23.540595: val_loss -0.7405
2025-11-21 06:42:23.540730: Pseudo dice [np.float32(0.9097), np.float32(0.7285), np.float32(0.0)]
2025-11-21 06:42:23.540853: Epoch time: 69.83 s
2025-11-21 06:42:24.690443: 
2025-11-21 06:42:24.690649: Epoch 578
2025-11-21 06:42:24.690797: Current learning rate: 0.0046
2025-11-21 06:43:37.935265: train_loss -0.7332
2025-11-21 06:43:37.935782: val_loss -0.7116
2025-11-21 06:43:37.935962: Pseudo dice [np.float32(0.9101), np.float32(0.7493), np.float32(0.0)]
2025-11-21 06:43:37.936104: Epoch time: 73.25 s
2025-11-21 06:43:39.072089: 
2025-11-21 06:43:39.072310: Epoch 579
2025-11-21 06:43:39.072465: Current learning rate: 0.00459
2025-11-21 06:44:50.087400: train_loss -0.7488
2025-11-21 06:44:50.090044: val_loss -0.769
2025-11-21 06:44:50.090306: Pseudo dice [np.float32(0.9135), np.float32(0.7445), np.float32(0.0)]
2025-11-21 06:44:50.091045: Epoch time: 71.02 s
2025-11-21 06:44:51.343212: 
2025-11-21 06:44:51.343444: Epoch 580
2025-11-21 06:44:51.343592: Current learning rate: 0.00458
2025-11-21 06:46:05.104825: train_loss -0.7595
2025-11-21 06:46:05.108401: val_loss -0.72
2025-11-21 06:46:05.110476: Pseudo dice [np.float32(0.9197), np.float32(0.7545), np.float32(0.0)]
2025-11-21 06:46:05.112532: Epoch time: 73.76 s
2025-11-21 06:46:07.049312: 
2025-11-21 06:46:07.049534: Epoch 581
2025-11-21 06:46:07.049681: Current learning rate: 0.00457
2025-11-21 06:47:15.176855: train_loss -0.7628
2025-11-21 06:47:15.187430: val_loss -0.7183
2025-11-21 06:47:15.187605: Pseudo dice [np.float32(0.9071), np.float32(0.7499), np.float32(0.0)]
2025-11-21 06:47:15.187733: Epoch time: 68.13 s
2025-11-21 06:47:16.561311: 
2025-11-21 06:47:16.561512: Epoch 582
2025-11-21 06:47:16.561644: Current learning rate: 0.00456
2025-11-21 06:48:26.129914: train_loss -0.7464
2025-11-21 06:48:26.131757: val_loss -0.7295
2025-11-21 06:48:26.132315: Pseudo dice [np.float32(0.9097), np.float32(0.7235), np.float32(0.0)]
2025-11-21 06:48:26.133846: Epoch time: 69.57 s
2025-11-21 06:48:27.711820: 
2025-11-21 06:48:27.712025: Epoch 583
2025-11-21 06:48:27.712176: Current learning rate: 0.00455
2025-11-21 06:49:36.339463: train_loss -0.7361
2025-11-21 06:49:36.344109: val_loss -0.7212
2025-11-21 06:49:36.345225: Pseudo dice [np.float32(0.9071), np.float32(0.7422), np.float32(0.0)]
2025-11-21 06:49:36.346186: Epoch time: 68.63 s
2025-11-21 06:49:38.475642: 
2025-11-21 06:49:38.475868: Epoch 584
2025-11-21 06:49:38.476035: Current learning rate: 0.00454
2025-11-21 06:50:48.336630: train_loss -0.7408
2025-11-21 06:50:48.339363: val_loss -0.6825
2025-11-21 06:50:48.341418: Pseudo dice [np.float32(0.9093), np.float32(0.7392), np.float32(0.0)]
2025-11-21 06:50:48.343473: Epoch time: 69.86 s
2025-11-21 06:50:50.049722: 
2025-11-21 06:50:50.049915: Epoch 585
2025-11-21 06:50:50.050054: Current learning rate: 0.00453
2025-11-21 06:52:01.311012: train_loss -0.7516
2025-11-21 06:52:01.313293: val_loss -0.7269
2025-11-21 06:52:01.314657: Pseudo dice [np.float32(0.9099), np.float32(0.765), np.float32(0.0)]
2025-11-21 06:52:01.315363: Epoch time: 71.26 s
2025-11-21 06:52:02.681449: 
2025-11-21 06:52:02.681759: Epoch 586
2025-11-21 06:52:02.681915: Current learning rate: 0.00452
2025-11-21 06:53:16.521154: train_loss -0.7597
2025-11-21 06:53:16.521752: val_loss -0.7348
2025-11-21 06:53:16.521935: Pseudo dice [np.float32(0.9127), np.float32(0.7488), np.float32(0.0)]
2025-11-21 06:53:16.522066: Epoch time: 73.84 s
2025-11-21 06:53:17.663401: 
2025-11-21 06:53:17.663603: Epoch 587
2025-11-21 06:53:17.663748: Current learning rate: 0.00451
2025-11-21 06:54:29.709955: train_loss -0.7485
2025-11-21 06:54:29.716930: val_loss -0.7258
2025-11-21 06:54:29.717160: Pseudo dice [np.float32(0.908), np.float32(0.7415), np.float32(0.0)]
2025-11-21 06:54:29.717288: Epoch time: 72.05 s
2025-11-21 06:54:31.361448: 
2025-11-21 06:54:31.361739: Epoch 588
2025-11-21 06:54:31.361885: Current learning rate: 0.0045
2025-11-21 06:55:38.787348: train_loss -0.7557
2025-11-21 06:55:38.794366: val_loss -0.7324
2025-11-21 06:55:38.796460: Pseudo dice [np.float32(0.9144), np.float32(0.7607), np.float32(0.0)]
2025-11-21 06:55:38.798579: Epoch time: 67.43 s
2025-11-21 06:55:40.818613: 
2025-11-21 06:55:40.818911: Epoch 589
2025-11-21 06:55:40.819074: Current learning rate: 0.00449
2025-11-21 06:56:52.125100: train_loss -0.7379
2025-11-21 06:56:52.126738: val_loss -0.744
2025-11-21 06:56:52.127879: Pseudo dice [np.float32(0.9072), np.float32(0.756), np.float32(0.0)]
2025-11-21 06:56:52.128825: Epoch time: 71.31 s
2025-11-21 06:56:53.681528: 
2025-11-21 06:56:53.681748: Epoch 590
2025-11-21 06:56:53.681899: Current learning rate: 0.00448
2025-11-21 06:58:05.843818: train_loss -0.7553
2025-11-21 06:58:05.844330: val_loss -0.7637
2025-11-21 06:58:05.844499: Pseudo dice [np.float32(0.9053), np.float32(0.7389), np.float32(0.0)]
2025-11-21 06:58:05.844644: Epoch time: 72.16 s
2025-11-21 06:58:07.037097: 
2025-11-21 06:58:07.037391: Epoch 591
2025-11-21 06:58:07.037539: Current learning rate: 0.00447
2025-11-21 06:59:18.957922: train_loss -0.7518
2025-11-21 06:59:18.959846: val_loss -0.7243
2025-11-21 06:59:18.960155: Pseudo dice [np.float32(0.913), np.float32(0.7493), np.float32(0.0)]
2025-11-21 06:59:18.961482: Epoch time: 71.92 s
2025-11-21 06:59:20.195396: 
2025-11-21 06:59:20.195610: Epoch 592
2025-11-21 06:59:20.195799: Current learning rate: 0.00446
2025-11-21 07:00:29.888139: train_loss -0.7544
2025-11-21 07:00:29.889888: val_loss -0.7402
2025-11-21 07:00:29.890028: Pseudo dice [np.float32(0.9118), np.float32(0.7502), np.float32(0.0)]
2025-11-21 07:00:29.890144: Epoch time: 69.69 s
2025-11-21 07:00:31.246097: 
2025-11-21 07:00:31.246368: Epoch 593
2025-11-21 07:00:31.246515: Current learning rate: 0.00445
2025-11-21 07:01:42.416586: train_loss -0.769
2025-11-21 07:01:42.424272: val_loss -0.7373
2025-11-21 07:01:42.428256: Pseudo dice [np.float32(0.9073), np.float32(0.7297), np.float32(0.0)]
2025-11-21 07:01:42.428511: Epoch time: 71.17 s
2025-11-21 07:01:44.488430: 
2025-11-21 07:01:44.488626: Epoch 594
2025-11-21 07:01:44.488762: Current learning rate: 0.00444
2025-11-21 07:02:57.726925: train_loss -0.7441
2025-11-21 07:02:57.729258: val_loss -0.7118
2025-11-21 07:02:57.730687: Pseudo dice [np.float32(0.9216), np.float32(0.7562), np.float32(0.0)]
2025-11-21 07:02:57.731309: Epoch time: 73.24 s
2025-11-21 07:02:59.179497: 
2025-11-21 07:02:59.179839: Epoch 595
2025-11-21 07:02:59.179991: Current learning rate: 0.00443
2025-11-21 07:04:10.669723: train_loss -0.7393
2025-11-21 07:04:10.682496: val_loss -0.7744
2025-11-21 07:04:10.682682: Pseudo dice [np.float32(0.9121), np.float32(0.7624), np.float32(0.0)]
2025-11-21 07:04:10.682969: Epoch time: 71.49 s
2025-11-21 07:04:11.872040: 
2025-11-21 07:04:11.872252: Epoch 596
2025-11-21 07:04:11.872396: Current learning rate: 0.00442
2025-11-21 07:05:21.561851: train_loss -0.7473
2025-11-21 07:05:21.565662: val_loss -0.7124
2025-11-21 07:05:21.567784: Pseudo dice [np.float32(0.9091), np.float32(0.768), np.float32(0.0)]
2025-11-21 07:05:21.569911: Epoch time: 69.69 s
2025-11-21 07:05:23.179861: 
2025-11-21 07:05:23.180078: Epoch 597
2025-11-21 07:05:23.180228: Current learning rate: 0.00441
2025-11-21 07:06:36.112891: train_loss -0.7566
2025-11-21 07:06:36.115195: val_loss -0.7264
2025-11-21 07:06:36.116848: Pseudo dice [np.float32(0.9167), np.float32(0.7562), np.float32(0.0)]
2025-11-21 07:06:36.117270: Epoch time: 72.93 s
2025-11-21 07:06:37.331951: 
2025-11-21 07:06:37.332233: Epoch 598
2025-11-21 07:06:37.332385: Current learning rate: 0.0044
2025-11-21 07:07:45.317681: train_loss -0.7525
2025-11-21 07:07:45.318199: val_loss -0.7528
2025-11-21 07:07:45.318355: Pseudo dice [np.float32(0.9142), np.float32(0.7625), np.float32(0.0)]
2025-11-21 07:07:45.318502: Epoch time: 67.99 s
2025-11-21 07:07:46.455687: 
2025-11-21 07:07:46.455904: Epoch 599
2025-11-21 07:07:46.456050: Current learning rate: 0.00439
2025-11-21 07:08:58.085672: train_loss -0.7435
2025-11-21 07:08:58.089452: val_loss -0.7479
2025-11-21 07:08:58.091590: Pseudo dice [np.float32(0.914), np.float32(0.774), np.float32(0.0)]
2025-11-21 07:08:58.091815: Epoch time: 71.63 s
2025-11-21 07:09:00.041915: 
2025-11-21 07:09:00.042170: Epoch 600
2025-11-21 07:09:00.042331: Current learning rate: 0.00438
2025-11-21 07:10:10.878428: train_loss -0.7636
2025-11-21 07:10:10.879657: val_loss -0.7495
2025-11-21 07:10:10.879836: Pseudo dice [np.float32(0.913), np.float32(0.7457), np.float32(0.0)]
2025-11-21 07:10:10.879972: Epoch time: 70.84 s
2025-11-21 07:10:12.545337: 
2025-11-21 07:10:12.545583: Epoch 601
2025-11-21 07:10:12.545732: Current learning rate: 0.00437
2025-11-21 07:11:25.871795: train_loss -0.7407
2025-11-21 07:11:25.872288: val_loss -0.7591
2025-11-21 07:11:25.872417: Pseudo dice [np.float32(0.913), np.float32(0.7368), np.float32(0.0)]
2025-11-21 07:11:25.872566: Epoch time: 73.33 s
2025-11-21 07:11:27.071300: 
2025-11-21 07:11:27.071548: Epoch 602
2025-11-21 07:11:27.071705: Current learning rate: 0.00436
2025-11-21 07:12:33.242631: train_loss -0.7422
2025-11-21 07:12:33.243129: val_loss -0.7509
2025-11-21 07:12:33.243280: Pseudo dice [np.float32(0.907), np.float32(0.755), np.float32(0.0)]
2025-11-21 07:12:33.243427: Epoch time: 66.17 s
2025-11-21 07:12:34.397108: 
2025-11-21 07:12:34.397339: Epoch 603
2025-11-21 07:12:34.397494: Current learning rate: 0.00435
2025-11-21 07:13:44.292412: train_loss -0.7539
2025-11-21 07:13:44.292946: val_loss -0.7296
2025-11-21 07:13:44.293075: Pseudo dice [np.float32(0.9069), np.float32(0.7723), np.float32(0.0)]
2025-11-21 07:13:44.293204: Epoch time: 69.9 s
2025-11-21 07:13:45.680299: 
2025-11-21 07:13:45.680656: Epoch 604
2025-11-21 07:13:45.680812: Current learning rate: 0.00434
2025-11-21 07:14:57.225606: train_loss -0.7511
2025-11-21 07:14:57.226131: val_loss -0.7015
2025-11-21 07:14:57.226297: Pseudo dice [np.float32(0.9094), np.float32(0.7548), np.float32(0.0)]
2025-11-21 07:14:57.226441: Epoch time: 71.55 s
2025-11-21 07:14:58.382639: 
2025-11-21 07:14:58.388659: Epoch 605
2025-11-21 07:14:58.388849: Current learning rate: 0.00433
2025-11-21 07:16:10.441036: train_loss -0.7458
2025-11-21 07:16:10.441528: val_loss -0.7287
2025-11-21 07:16:10.441665: Pseudo dice [np.float32(0.9026), np.float32(0.7306), np.float32(0.0)]
2025-11-21 07:16:10.441797: Epoch time: 72.06 s
2025-11-21 07:16:11.570040: 
2025-11-21 07:16:11.570307: Epoch 606
2025-11-21 07:16:11.570455: Current learning rate: 0.00432
2025-11-21 07:17:23.865433: train_loss -0.7438
2025-11-21 07:17:23.869206: val_loss -0.7268
2025-11-21 07:17:23.871279: Pseudo dice [np.float32(0.9183), np.float32(0.7645), np.float32(0.0)]
2025-11-21 07:17:23.873356: Epoch time: 72.3 s
2025-11-21 07:17:25.850278: 
2025-11-21 07:17:25.850520: Epoch 607
2025-11-21 07:17:25.850675: Current learning rate: 0.00431
2025-11-21 07:18:35.206522: train_loss -0.7377
2025-11-21 07:18:35.209135: val_loss -0.7257
2025-11-21 07:18:35.210089: Pseudo dice [np.float32(0.9092), np.float32(0.762), np.float32(0.0)]
2025-11-21 07:18:35.211210: Epoch time: 69.36 s
2025-11-21 07:18:36.424303: 
2025-11-21 07:18:36.424503: Epoch 608
2025-11-21 07:18:36.424641: Current learning rate: 0.0043
2025-11-21 07:19:45.796407: train_loss -0.7532
2025-11-21 07:19:45.798741: val_loss -0.7723
2025-11-21 07:19:45.800360: Pseudo dice [np.float32(0.9128), np.float32(0.7519), np.float32(0.0)]
2025-11-21 07:19:45.800834: Epoch time: 69.37 s
2025-11-21 07:19:47.577081: 
2025-11-21 07:19:47.577354: Epoch 609
2025-11-21 07:19:47.577548: Current learning rate: 0.00429
2025-11-21 07:21:00.193479: train_loss -0.7623
2025-11-21 07:21:00.203351: val_loss -0.7708
2025-11-21 07:21:00.205595: Pseudo dice [np.float32(0.9083), np.float32(0.7533), np.float32(0.0)]
2025-11-21 07:21:00.207481: Epoch time: 72.62 s
2025-11-21 07:21:02.151508: 
2025-11-21 07:21:02.151718: Epoch 610
2025-11-21 07:21:02.151858: Current learning rate: 0.00429
2025-11-21 07:22:14.905994: train_loss -0.7559
2025-11-21 07:22:14.907735: val_loss -0.7682
2025-11-21 07:22:14.908607: Pseudo dice [np.float32(0.9185), np.float32(0.7533), np.float32(0.0)]
2025-11-21 07:22:14.909786: Epoch time: 72.76 s
2025-11-21 07:22:16.615178: 
2025-11-21 07:22:16.615473: Epoch 611
2025-11-21 07:22:16.615624: Current learning rate: 0.00428
2025-11-21 07:23:29.364581: train_loss -0.7675
2025-11-21 07:23:29.366911: val_loss -0.7801
2025-11-21 07:23:29.368366: Pseudo dice [np.float32(0.9138), np.float32(0.7438), np.float32(0.0)]
2025-11-21 07:23:29.369026: Epoch time: 72.75 s
2025-11-21 07:23:30.682240: 
2025-11-21 07:23:30.682438: Epoch 612
2025-11-21 07:23:30.682607: Current learning rate: 0.00427
2025-11-21 07:24:42.412158: train_loss -0.7529
2025-11-21 07:24:42.413728: val_loss -0.7457
2025-11-21 07:24:42.414971: Pseudo dice [np.float32(0.9189), np.float32(0.766), np.float32(0.0)]
2025-11-21 07:24:42.415794: Epoch time: 71.73 s
2025-11-21 07:24:43.972843: 
2025-11-21 07:24:43.973140: Epoch 613
2025-11-21 07:24:43.973357: Current learning rate: 0.00426
2025-11-21 07:25:53.515050: train_loss -0.764
2025-11-21 07:25:53.518313: val_loss -0.7763
2025-11-21 07:25:53.519540: Pseudo dice [np.float32(0.9157), np.float32(0.7614), np.float32(0.0)]
2025-11-21 07:25:53.520372: Epoch time: 69.54 s
2025-11-21 07:25:55.312761: 
2025-11-21 07:25:55.312987: Epoch 614
2025-11-21 07:25:55.313132: Current learning rate: 0.00425
2025-11-21 07:27:07.782383: train_loss -0.7522
2025-11-21 07:27:07.782842: val_loss -0.7502
2025-11-21 07:27:07.782972: Pseudo dice [np.float32(0.9169), np.float32(0.7618), np.float32(0.0)]
2025-11-21 07:27:07.783096: Epoch time: 72.47 s
2025-11-21 07:27:08.932325: 
2025-11-21 07:27:08.932585: Epoch 615
2025-11-21 07:27:08.932734: Current learning rate: 0.00424
2025-11-21 07:28:19.959477: train_loss -0.7318
2025-11-21 07:28:19.960103: val_loss -0.7421
2025-11-21 07:28:19.960257: Pseudo dice [np.float32(0.9057), np.float32(0.7689), np.float32(0.0)]
2025-11-21 07:28:19.960397: Epoch time: 71.03 s
2025-11-21 07:28:21.177226: 
2025-11-21 07:28:21.177452: Epoch 616
2025-11-21 07:28:21.177745: Current learning rate: 0.00423
2025-11-21 07:29:34.565150: train_loss -0.7529
2025-11-21 07:29:34.566967: val_loss -0.7362
2025-11-21 07:29:34.568738: Pseudo dice [np.float32(0.9044), np.float32(0.737), np.float32(0.0)]
2025-11-21 07:29:34.570845: Epoch time: 73.39 s
2025-11-21 07:29:35.760004: 
2025-11-21 07:29:35.760255: Epoch 617
2025-11-21 07:29:35.760403: Current learning rate: 0.00422
2025-11-21 07:30:46.257157: train_loss -0.7631
2025-11-21 07:30:46.264122: val_loss -0.7692
2025-11-21 07:30:46.266237: Pseudo dice [np.float32(0.9046), np.float32(0.767), np.float32(0.0)]
2025-11-21 07:30:46.268364: Epoch time: 70.5 s
2025-11-21 07:30:48.372183: 
2025-11-21 07:30:48.372475: Epoch 618
2025-11-21 07:30:48.372621: Current learning rate: 0.00421
2025-11-21 07:31:59.060657: train_loss -0.7608
2025-11-21 07:31:59.061103: val_loss -0.7331
2025-11-21 07:31:59.061244: Pseudo dice [np.float32(0.9121), np.float32(0.7541), np.float32(0.0)]
2025-11-21 07:31:59.061370: Epoch time: 70.69 s
2025-11-21 07:32:00.207469: 
2025-11-21 07:32:00.207676: Epoch 619
2025-11-21 07:32:00.207818: Current learning rate: 0.0042
2025-11-21 07:33:07.776245: train_loss -0.7479
2025-11-21 07:33:07.778145: val_loss -0.7498
2025-11-21 07:33:07.778288: Pseudo dice [np.float32(0.9065), np.float32(0.7459), np.float32(0.0)]
2025-11-21 07:33:07.778409: Epoch time: 67.57 s
2025-11-21 07:33:09.353103: 
2025-11-21 07:33:09.353409: Epoch 620
2025-11-21 07:33:09.353558: Current learning rate: 0.00419
2025-11-21 07:34:22.874830: train_loss -0.756
2025-11-21 07:34:22.878332: val_loss -0.7275
2025-11-21 07:34:22.879142: Pseudo dice [np.float32(0.9168), np.float32(0.7664), np.float32(0.0)]
2025-11-21 07:34:22.880479: Epoch time: 73.52 s
2025-11-21 07:34:24.036767: 
2025-11-21 07:34:24.037093: Epoch 621
2025-11-21 07:34:24.037266: Current learning rate: 0.00418
2025-11-21 07:35:35.486645: train_loss -0.7533
2025-11-21 07:35:35.487129: val_loss -0.7029
2025-11-21 07:35:35.487273: Pseudo dice [np.float32(0.9008), np.float32(0.7465), np.float32(0.0)]
2025-11-21 07:35:35.487401: Epoch time: 71.45 s
2025-11-21 07:35:36.665873: 
2025-11-21 07:35:36.666108: Epoch 622
2025-11-21 07:35:36.666312: Current learning rate: 0.00417
2025-11-21 07:36:48.306601: train_loss -0.7505
2025-11-21 07:36:48.307110: val_loss -0.7313
2025-11-21 07:36:48.307277: Pseudo dice [np.float32(0.9047), np.float32(0.7413), np.float32(0.0)]
2025-11-21 07:36:48.307414: Epoch time: 71.64 s
2025-11-21 07:36:49.449805: 
2025-11-21 07:36:49.450073: Epoch 623
2025-11-21 07:36:49.450290: Current learning rate: 0.00416
2025-11-21 07:37:58.507697: train_loss -0.7613
2025-11-21 07:37:58.508202: val_loss -0.752
2025-11-21 07:37:58.508346: Pseudo dice [np.float32(0.9148), np.float32(0.7528), np.float32(0.0)]
2025-11-21 07:37:58.508481: Epoch time: 69.06 s
2025-11-21 07:37:59.578128: 
2025-11-21 07:37:59.578368: Epoch 624
2025-11-21 07:37:59.578503: Current learning rate: 0.00415
2025-11-21 07:39:11.296305: train_loss -0.7611
2025-11-21 07:39:11.303305: val_loss -0.7191
2025-11-21 07:39:11.305424: Pseudo dice [np.float32(0.9133), np.float32(0.7631), np.float32(0.0)]
2025-11-21 07:39:11.307514: Epoch time: 71.72 s
2025-11-21 07:39:12.849538: 
2025-11-21 07:39:12.849755: Epoch 625
2025-11-21 07:39:12.849904: Current learning rate: 0.00414
2025-11-21 07:40:25.179817: train_loss -0.7519
2025-11-21 07:40:25.181537: val_loss -0.7639
2025-11-21 07:40:25.182280: Pseudo dice [np.float32(0.9078), np.float32(0.7609), np.float32(0.0)]
2025-11-21 07:40:25.182685: Epoch time: 72.33 s
2025-11-21 07:40:26.838420: 
2025-11-21 07:40:26.838609: Epoch 626
2025-11-21 07:40:26.838755: Current learning rate: 0.00413
2025-11-21 07:41:41.135885: train_loss -0.7661
2025-11-21 07:41:41.136357: val_loss -0.7461
2025-11-21 07:41:41.136497: Pseudo dice [np.float32(0.9092), np.float32(0.7252), np.float32(0.0)]
2025-11-21 07:41:41.136627: Epoch time: 74.3 s
2025-11-21 07:41:42.704663: 
2025-11-21 07:41:42.704895: Epoch 627
2025-11-21 07:41:42.705259: Current learning rate: 0.00412
2025-11-21 07:42:52.718674: train_loss -0.7693
2025-11-21 07:42:52.729295: val_loss -0.7365
2025-11-21 07:42:52.733247: Pseudo dice [np.float32(0.9177), np.float32(0.7544), np.float32(0.0)]
2025-11-21 07:42:52.733452: Epoch time: 70.01 s
2025-11-21 07:42:54.361420: 
2025-11-21 07:42:54.361668: Epoch 628
2025-11-21 07:42:54.361838: Current learning rate: 0.00411
2025-11-21 07:44:06.440684: train_loss -0.763
2025-11-21 07:44:06.443400: val_loss -0.7572
2025-11-21 07:44:06.444200: Pseudo dice [np.float32(0.9035), np.float32(0.7478), np.float32(0.0)]
2025-11-21 07:44:06.445498: Epoch time: 72.08 s
2025-11-21 07:44:07.641688: 
2025-11-21 07:44:07.642025: Epoch 629
2025-11-21 07:44:07.642192: Current learning rate: 0.0041
2025-11-21 07:45:17.209951: train_loss -0.7386
2025-11-21 07:45:17.212235: val_loss -0.7406
2025-11-21 07:45:17.213704: Pseudo dice [np.float32(0.9095), np.float32(0.7252), np.float32(0.0)]
2025-11-21 07:45:17.214322: Epoch time: 69.57 s
2025-11-21 07:45:18.853154: 
2025-11-21 07:45:18.853388: Epoch 630
2025-11-21 07:45:18.853621: Current learning rate: 0.00409
2025-11-21 07:46:32.800234: train_loss -0.7593
2025-11-21 07:46:32.802780: val_loss -0.7128
2025-11-21 07:46:32.803401: Pseudo dice [np.float32(0.9124), np.float32(0.7622), np.float32(0.0)]
2025-11-21 07:46:32.804847: Epoch time: 73.95 s
2025-11-21 07:46:34.048678: 
2025-11-21 07:46:34.048903: Epoch 631
2025-11-21 07:46:34.049057: Current learning rate: 0.00408
2025-11-21 07:47:47.842736: train_loss -0.756
2025-11-21 07:47:47.848023: val_loss -0.726
2025-11-21 07:47:47.848298: Pseudo dice [np.float32(0.9145), np.float32(0.7572), np.float32(0.0)]
2025-11-21 07:47:47.849352: Epoch time: 73.79 s
2025-11-21 07:47:50.219625: 
2025-11-21 07:47:50.229223: Epoch 632
2025-11-21 07:47:50.229524: Current learning rate: 0.00407
2025-11-21 07:49:01.588186: train_loss -0.7786
2025-11-21 07:49:01.590919: val_loss -0.7654
2025-11-21 07:49:01.591227: Pseudo dice [np.float32(0.9114), np.float32(0.7575), np.float32(0.0)]
2025-11-21 07:49:01.593011: Epoch time: 71.37 s
2025-11-21 07:49:02.884044: 
2025-11-21 07:49:02.884269: Epoch 633
2025-11-21 07:49:02.884422: Current learning rate: 0.00406
2025-11-21 07:50:12.904605: train_loss -0.7583
2025-11-21 07:50:12.905222: val_loss -0.7482
2025-11-21 07:50:12.905364: Pseudo dice [np.float32(0.9076), np.float32(0.7391), np.float32(0.0)]
2025-11-21 07:50:12.905501: Epoch time: 70.02 s
2025-11-21 07:50:14.051474: 
2025-11-21 07:50:14.051693: Epoch 634
2025-11-21 07:50:14.051845: Current learning rate: 0.00405
2025-11-21 07:51:23.580304: train_loss -0.7413
2025-11-21 07:51:23.581924: val_loss -0.7073
2025-11-21 07:51:23.583351: Pseudo dice [np.float32(0.911), np.float32(0.742), np.float32(0.0)]
2025-11-21 07:51:23.584023: Epoch time: 69.53 s
2025-11-21 07:51:24.876339: 
2025-11-21 07:51:24.876600: Epoch 635
2025-11-21 07:51:24.876745: Current learning rate: 0.00404
2025-11-21 07:52:38.513351: train_loss -0.7497
2025-11-21 07:52:38.515626: val_loss -0.7324
2025-11-21 07:52:38.516342: Pseudo dice [np.float32(0.9129), np.float32(0.764), np.float32(0.0)]
2025-11-21 07:52:38.517740: Epoch time: 73.64 s
2025-11-21 07:52:39.718125: 
2025-11-21 07:52:39.718393: Epoch 636
2025-11-21 07:52:39.718559: Current learning rate: 0.00403
2025-11-21 07:53:52.169059: train_loss -0.7612
2025-11-21 07:53:52.169558: val_loss -0.7335
2025-11-21 07:53:52.169772: Pseudo dice [np.float32(0.9167), np.float32(0.7328), np.float32(0.0)]
2025-11-21 07:53:52.169919: Epoch time: 72.45 s
2025-11-21 07:53:53.794850: 
2025-11-21 07:53:53.795133: Epoch 637
2025-11-21 07:53:53.795295: Current learning rate: 0.00402
2025-11-21 07:55:07.101101: train_loss -0.7422
2025-11-21 07:55:07.115266: val_loss -0.748
2025-11-21 07:55:07.115496: Pseudo dice [np.float32(0.9127), np.float32(0.7531), np.float32(0.0)]
2025-11-21 07:55:07.115630: Epoch time: 73.31 s
2025-11-21 07:55:08.375986: 
2025-11-21 07:55:08.378270: Epoch 638
2025-11-21 07:55:08.379062: Current learning rate: 0.00401
2025-11-21 07:56:20.632064: train_loss -0.7633
2025-11-21 07:56:20.634262: val_loss -0.7784
2025-11-21 07:56:20.635741: Pseudo dice [np.float32(0.9082), np.float32(0.769), np.float32(0.0)]
2025-11-21 07:56:20.636326: Epoch time: 72.26 s
2025-11-21 07:56:22.004140: 
2025-11-21 07:56:22.004389: Epoch 639
2025-11-21 07:56:22.004544: Current learning rate: 0.004
2025-11-21 07:57:29.025963: train_loss -0.7601
2025-11-21 07:57:29.026490: val_loss -0.7098
2025-11-21 07:57:29.026618: Pseudo dice [np.float32(0.9085), np.float32(0.7525), np.float32(0.0)]
2025-11-21 07:57:29.026743: Epoch time: 67.02 s
2025-11-21 07:57:30.619484: 
2025-11-21 07:57:30.619751: Epoch 640
2025-11-21 07:57:30.619896: Current learning rate: 0.00399
2025-11-21 07:58:44.164275: train_loss -0.7366
2025-11-21 07:58:44.169995: val_loss -0.7424
2025-11-21 07:58:44.172073: Pseudo dice [np.float32(0.9206), np.float32(0.7609), np.float32(0.0)]
2025-11-21 07:58:44.174144: Epoch time: 73.55 s
2025-11-21 07:58:46.594978: 
2025-11-21 07:58:46.595235: Epoch 641
2025-11-21 07:58:46.595393: Current learning rate: 0.00398
2025-11-21 07:59:56.890507: train_loss -0.7755
2025-11-21 07:59:56.890969: val_loss -0.7518
2025-11-21 07:59:56.891100: Pseudo dice [np.float32(0.9052), np.float32(0.752), np.float32(0.0)]
2025-11-21 07:59:56.891230: Epoch time: 70.3 s
2025-11-21 07:59:58.074874: 
2025-11-21 07:59:58.075163: Epoch 642
2025-11-21 07:59:58.075312: Current learning rate: 0.00397
2025-11-21 08:01:09.884278: train_loss -0.7764
2025-11-21 08:01:09.886093: val_loss -0.7597
2025-11-21 08:01:09.886836: Pseudo dice [np.float32(0.9119), np.float32(0.744), np.float32(0.0)]
2025-11-21 08:01:09.887652: Epoch time: 71.81 s
2025-11-21 08:01:11.614506: 
2025-11-21 08:01:11.614743: Epoch 643
2025-11-21 08:01:11.614895: Current learning rate: 0.00396
2025-11-21 08:02:22.362741: train_loss -0.7572
2025-11-21 08:02:22.364211: val_loss -0.7573
2025-11-21 08:02:22.365764: Pseudo dice [np.float32(0.9108), np.float32(0.7465), np.float32(0.0)]
2025-11-21 08:02:22.366290: Epoch time: 70.75 s
2025-11-21 08:02:23.607720: 
2025-11-21 08:02:23.608011: Epoch 644
2025-11-21 08:02:23.608158: Current learning rate: 0.00395
2025-11-21 08:03:37.085682: train_loss -0.7597
2025-11-21 08:03:37.090493: val_loss -0.7545
2025-11-21 08:03:37.090762: Pseudo dice [np.float32(0.9096), np.float32(0.763), np.float32(0.0)]
2025-11-21 08:03:37.092566: Epoch time: 73.48 s
2025-11-21 08:03:38.287158: 
2025-11-21 08:03:38.287380: Epoch 645
2025-11-21 08:03:38.287582: Current learning rate: 0.00394
2025-11-21 08:04:52.843631: train_loss -0.7551
2025-11-21 08:04:52.852969: val_loss -0.758
2025-11-21 08:04:52.853146: Pseudo dice [np.float32(0.9104), np.float32(0.7632), np.float32(0.0)]
2025-11-21 08:04:52.853301: Epoch time: 74.56 s
2025-11-21 08:04:54.008628: 
2025-11-21 08:04:54.008845: Epoch 646
2025-11-21 08:04:54.009041: Current learning rate: 0.00393
2025-11-21 08:06:06.822432: train_loss -0.7573
2025-11-21 08:06:06.824246: val_loss -0.7319
2025-11-21 08:06:06.824721: Pseudo dice [np.float32(0.9096), np.float32(0.7293), np.float32(0.0)]
2025-11-21 08:06:06.826175: Epoch time: 72.81 s
2025-11-21 08:06:08.254817: 
2025-11-21 08:06:08.255049: Epoch 647
2025-11-21 08:06:08.255197: Current learning rate: 0.00392
2025-11-21 08:07:18.608839: train_loss -0.7666
2025-11-21 08:07:18.611626: val_loss -0.7291
2025-11-21 08:07:18.612585: Pseudo dice [np.float32(0.9159), np.float32(0.7545), np.float32(0.0)]
2025-11-21 08:07:18.613729: Epoch time: 70.35 s
2025-11-21 08:07:20.475219: 
2025-11-21 08:07:20.475827: Epoch 648
2025-11-21 08:07:20.477972: Current learning rate: 0.00391
2025-11-21 08:08:32.444690: train_loss -0.7621
2025-11-21 08:08:32.448533: val_loss -0.7835
2025-11-21 08:08:32.450654: Pseudo dice [np.float32(0.9173), np.float32(0.7728), np.float32(0.0)]
2025-11-21 08:08:32.452770: Epoch time: 71.97 s
2025-11-21 08:08:33.735826: 
2025-11-21 08:08:33.736133: Epoch 649
2025-11-21 08:08:33.736300: Current learning rate: 0.0039
2025-11-21 08:09:43.230637: train_loss -0.7494
2025-11-21 08:09:43.231154: val_loss -0.7152
2025-11-21 08:09:43.232331: Pseudo dice [np.float32(0.912), np.float32(0.7477), np.float32(0.0)]
2025-11-21 08:09:43.234460: Epoch time: 69.5 s
2025-11-21 08:09:44.828834: 
2025-11-21 08:09:44.829123: Epoch 650
2025-11-21 08:09:44.829285: Current learning rate: 0.00389
2025-11-21 08:10:54.701569: train_loss -0.757
2025-11-21 08:10:54.705395: val_loss -0.7262
2025-11-21 08:10:54.707480: Pseudo dice [np.float32(0.9111), np.float32(0.7661), np.float32(0.0)]
2025-11-21 08:10:54.709538: Epoch time: 69.87 s
2025-11-21 08:10:56.085474: 
2025-11-21 08:10:56.085741: Epoch 651
2025-11-21 08:10:56.085889: Current learning rate: 0.00388
2025-11-21 08:12:07.185049: train_loss -0.7659
2025-11-21 08:12:07.185591: val_loss -0.7424
2025-11-21 08:12:07.185736: Pseudo dice [np.float32(0.9104), np.float32(0.7473), np.float32(0.0)]
2025-11-21 08:12:07.185874: Epoch time: 71.1 s
2025-11-21 08:12:08.323970: 
2025-11-21 08:12:08.324264: Epoch 652
2025-11-21 08:12:08.324422: Current learning rate: 0.00387
2025-11-21 08:13:16.691612: train_loss -0.7515
2025-11-21 08:13:16.692126: val_loss -0.7556
2025-11-21 08:13:16.692284: Pseudo dice [np.float32(0.9023), np.float32(0.7444), np.float32(0.0)]
2025-11-21 08:13:16.692406: Epoch time: 68.37 s
2025-11-21 08:13:18.281347: 
2025-11-21 08:13:18.281623: Epoch 653
2025-11-21 08:13:18.281773: Current learning rate: 0.00386
2025-11-21 08:14:28.468554: train_loss -0.7509
2025-11-21 08:14:28.470454: val_loss -0.7496
2025-11-21 08:14:28.470837: Pseudo dice [np.float32(0.9204), np.float32(0.7506), np.float32(0.0)]
2025-11-21 08:14:28.472547: Epoch time: 70.19 s
2025-11-21 08:14:29.919203: 
2025-11-21 08:14:29.919554: Epoch 654
2025-11-21 08:14:29.919769: Current learning rate: 0.00385
2025-11-21 08:15:42.545905: train_loss -0.7622
2025-11-21 08:15:42.551677: val_loss -0.7359
2025-11-21 08:15:42.553734: Pseudo dice [np.float32(0.9101), np.float32(0.7509), np.float32(0.0)]
2025-11-21 08:15:42.555814: Epoch time: 72.63 s
2025-11-21 08:15:44.401853: 
2025-11-21 08:15:44.402082: Epoch 655
2025-11-21 08:15:44.402263: Current learning rate: 0.00384
2025-11-21 08:16:57.872976: train_loss -0.757
2025-11-21 08:16:57.879421: val_loss -0.7538
2025-11-21 08:16:57.883577: Pseudo dice [np.float32(0.9107), np.float32(0.7516), np.float32(0.0)]
2025-11-21 08:16:57.885649: Epoch time: 73.47 s
2025-11-21 08:16:59.226775: 
2025-11-21 08:16:59.227061: Epoch 656
2025-11-21 08:16:59.227367: Current learning rate: 0.00383
2025-11-21 08:18:11.456008: train_loss -0.7409
2025-11-21 08:18:11.459185: val_loss -0.7203
2025-11-21 08:18:11.459557: Pseudo dice [np.float32(0.9158), np.float32(0.7648), np.float32(0.0)]
2025-11-21 08:18:11.459695: Epoch time: 72.23 s
2025-11-21 08:18:12.620180: 
2025-11-21 08:18:12.620447: Epoch 657
2025-11-21 08:18:12.620586: Current learning rate: 0.00382
2025-11-21 08:19:24.025990: train_loss -0.7461
2025-11-21 08:19:24.031774: val_loss -0.7045
2025-11-21 08:19:24.033909: Pseudo dice [np.float32(0.919), np.float32(0.7745), np.float32(0.0)]
2025-11-21 08:19:24.036003: Epoch time: 71.41 s
2025-11-21 08:19:25.731673: 
2025-11-21 08:19:25.732616: Epoch 658
2025-11-21 08:19:25.734744: Current learning rate: 0.00381
2025-11-21 08:20:37.174325: train_loss -0.7609
2025-11-21 08:20:37.175838: val_loss -0.7793
2025-11-21 08:20:37.176938: Pseudo dice [np.float32(0.9132), np.float32(0.74), np.float32(0.0)]
2025-11-21 08:20:37.177905: Epoch time: 71.44 s
2025-11-21 08:20:38.655066: 
2025-11-21 08:20:38.655358: Epoch 659
2025-11-21 08:20:38.655514: Current learning rate: 0.0038
2025-11-21 08:21:48.195848: train_loss -0.7617
2025-11-21 08:21:48.199090: val_loss -0.7633
2025-11-21 08:21:48.200430: Pseudo dice [np.float32(0.9197), np.float32(0.7518), np.float32(0.0)]
2025-11-21 08:21:48.201156: Epoch time: 69.54 s
2025-11-21 08:21:49.384180: 
2025-11-21 08:21:49.384401: Epoch 660
2025-11-21 08:21:49.384548: Current learning rate: 0.00379
2025-11-21 08:23:02.058715: train_loss -0.7664
2025-11-21 08:23:02.067335: val_loss -0.7329
2025-11-21 08:23:02.069389: Pseudo dice [np.float32(0.9084), np.float32(0.746), np.float32(0.0)]
2025-11-21 08:23:02.071462: Epoch time: 72.68 s
2025-11-21 08:23:03.959103: 
2025-11-21 08:23:03.959311: Epoch 661
2025-11-21 08:23:03.959445: Current learning rate: 0.00378
2025-11-21 08:24:17.097678: train_loss -0.7594
2025-11-21 08:24:17.106910: val_loss -0.7606
2025-11-21 08:24:17.109035: Pseudo dice [np.float32(0.9156), np.float32(0.7626), np.float32(0.0)]
2025-11-21 08:24:17.111178: Epoch time: 73.14 s
2025-11-21 08:24:19.328928: 
2025-11-21 08:24:19.329288: Epoch 662
2025-11-21 08:24:19.329452: Current learning rate: 0.00377
2025-11-21 08:25:30.853721: train_loss -0.7421
2025-11-21 08:25:30.856041: val_loss -0.7732
2025-11-21 08:25:30.857425: Pseudo dice [np.float32(0.9272), np.float32(0.7574), np.float32(0.0)]
2025-11-21 08:25:30.858132: Epoch time: 71.53 s
2025-11-21 08:25:32.094304: 
2025-11-21 08:25:32.094511: Epoch 663
2025-11-21 08:25:32.094663: Current learning rate: 0.00376
2025-11-21 08:26:40.919215: train_loss -0.7495
2025-11-21 08:26:40.922655: val_loss -0.7375
2025-11-21 08:26:40.923648: Pseudo dice [np.float32(0.9197), np.float32(0.7375), np.float32(0.0)]
2025-11-21 08:26:40.924736: Epoch time: 68.83 s
2025-11-21 08:26:42.237715: 
2025-11-21 08:26:42.237935: Epoch 664
2025-11-21 08:26:42.238085: Current learning rate: 0.00375
2025-11-21 08:27:51.704044: train_loss -0.7484
2025-11-21 08:27:51.711401: val_loss -0.7676
2025-11-21 08:27:51.713514: Pseudo dice [np.float32(0.9167), np.float32(0.7582), np.float32(0.0)]
2025-11-21 08:27:51.715634: Epoch time: 69.47 s
2025-11-21 08:27:53.712076: 
2025-11-21 08:27:53.712392: Epoch 665
2025-11-21 08:27:53.712554: Current learning rate: 0.00374
2025-11-21 08:29:03.949044: train_loss -0.7534
2025-11-21 08:29:03.949505: val_loss -0.755
2025-11-21 08:29:03.949672: Pseudo dice [np.float32(0.9165), np.float32(0.7569), np.float32(0.0)]
2025-11-21 08:29:03.949802: Epoch time: 70.24 s
2025-11-21 08:29:05.078419: 
2025-11-21 08:29:05.078720: Epoch 666
2025-11-21 08:29:05.078870: Current learning rate: 0.00373
2025-11-21 08:30:16.644890: train_loss -0.7659
2025-11-21 08:30:16.648721: val_loss -0.6954
2025-11-21 08:30:16.650805: Pseudo dice [np.float32(0.9177), np.float32(0.7483), np.float32(0.0)]
2025-11-21 08:30:16.652924: Epoch time: 71.57 s
2025-11-21 08:30:18.300878: 
2025-11-21 08:30:18.301116: Epoch 667
2025-11-21 08:30:18.301280: Current learning rate: 0.00372
2025-11-21 08:31:28.113066: train_loss -0.7574
2025-11-21 08:31:28.115283: val_loss -0.7372
2025-11-21 08:31:28.117257: Pseudo dice [np.float32(0.9095), np.float32(0.7377), np.float32(0.0)]
2025-11-21 08:31:28.117482: Epoch time: 69.81 s
2025-11-21 08:31:30.687188: 
2025-11-21 08:31:30.687498: Epoch 668
2025-11-21 08:31:30.687661: Current learning rate: 0.00371
2025-11-21 08:32:37.757369: train_loss -0.7482
2025-11-21 08:32:37.766200: val_loss -0.7411
2025-11-21 08:32:37.768300: Pseudo dice [np.float32(0.9141), np.float32(0.7493), np.float32(0.0)]
2025-11-21 08:32:37.770411: Epoch time: 67.07 s
2025-11-21 08:32:40.118111: 
2025-11-21 08:32:40.118387: Epoch 669
2025-11-21 08:32:40.118538: Current learning rate: 0.0037
2025-11-21 08:33:52.481362: train_loss -0.7492
2025-11-21 08:33:52.481867: val_loss -0.7554
2025-11-21 08:33:52.481995: Pseudo dice [np.float32(0.9113), np.float32(0.7619), np.float32(0.0)]
2025-11-21 08:33:52.482117: Epoch time: 72.36 s
2025-11-21 08:33:53.549029: 
2025-11-21 08:33:53.549235: Epoch 670
2025-11-21 08:33:53.549386: Current learning rate: 0.00369
2025-11-21 08:35:02.759678: train_loss -0.7438
2025-11-21 08:35:02.764534: val_loss -0.7626
2025-11-21 08:35:02.766614: Pseudo dice [np.float32(0.9071), np.float32(0.7534), np.float32(0.0)]
2025-11-21 08:35:02.766948: Epoch time: 69.21 s
2025-11-21 08:35:04.038618: 
2025-11-21 08:35:04.038857: Epoch 671
2025-11-21 08:35:04.039019: Current learning rate: 0.00368
2025-11-21 08:36:13.114412: train_loss -0.7474
2025-11-21 08:36:13.136972: val_loss -0.7294
2025-11-21 08:36:13.137169: Pseudo dice [np.float32(0.9004), np.float32(0.774), np.float32(0.0)]
2025-11-21 08:36:13.137297: Epoch time: 69.08 s
2025-11-21 08:36:14.487500: 
2025-11-21 08:36:14.487713: Epoch 672
2025-11-21 08:36:14.487855: Current learning rate: 0.00367
2025-11-21 08:37:29.093004: train_loss -0.7647
2025-11-21 08:37:29.116287: val_loss -0.7549
2025-11-21 08:37:29.116554: Pseudo dice [np.float32(0.9087), np.float32(0.7709), np.float32(0.0)]
2025-11-21 08:37:29.116693: Epoch time: 74.61 s
2025-11-21 08:37:30.407678: 
2025-11-21 08:37:30.407937: Epoch 673
2025-11-21 08:37:30.408084: Current learning rate: 0.00366
2025-11-21 08:38:39.677470: train_loss -0.7599
2025-11-21 08:38:39.693270: val_loss -0.7307
2025-11-21 08:38:39.693527: Pseudo dice [np.float32(0.9097), np.float32(0.7687), np.float32(0.0)]
2025-11-21 08:38:39.695772: Epoch time: 69.27 s
2025-11-21 08:38:41.165744: 
2025-11-21 08:38:41.166100: Epoch 674
2025-11-21 08:38:41.166272: Current learning rate: 0.00365
2025-11-21 08:39:54.877622: train_loss -0.7609
2025-11-21 08:39:54.882544: val_loss -0.7158
2025-11-21 08:39:54.884655: Pseudo dice [np.float32(0.9113), np.float32(0.7733), np.float32(0.0)]
2025-11-21 08:39:54.884848: Epoch time: 73.71 s
2025-11-21 08:39:56.089468: 
2025-11-21 08:39:56.089746: Epoch 675
2025-11-21 08:39:56.089899: Current learning rate: 0.00364
2025-11-21 08:41:07.550218: train_loss -0.7453
2025-11-21 08:41:07.565023: val_loss -0.738
2025-11-21 08:41:07.565249: Pseudo dice [np.float32(0.9153), np.float32(0.7579), np.float32(0.0)]
2025-11-21 08:41:07.565362: Epoch time: 71.46 s
2025-11-21 08:41:08.766814: 
2025-11-21 08:41:08.767001: Epoch 676
2025-11-21 08:41:08.767130: Current learning rate: 0.00363
2025-11-21 08:42:17.600995: train_loss -0.7624
2025-11-21 08:42:17.601368: val_loss -0.7273
2025-11-21 08:42:17.601476: Pseudo dice [np.float32(0.9037), np.float32(0.7593), np.float32(0.0)]
2025-11-21 08:42:17.601649: Epoch time: 68.84 s
2025-11-21 08:42:18.836957: 
2025-11-21 08:42:18.837131: Epoch 677
2025-11-21 08:42:18.837252: Current learning rate: 0.00362
2025-11-21 08:43:29.254871: train_loss -0.7657
2025-11-21 08:43:29.255116: val_loss -0.7767
2025-11-21 08:43:29.255230: Pseudo dice [np.float32(0.9092), np.float32(0.7689), np.float32(0.0)]
2025-11-21 08:43:29.255333: Epoch time: 70.42 s
2025-11-21 08:43:30.880788: 
2025-11-21 08:43:30.881005: Epoch 678
2025-11-21 08:43:30.881239: Current learning rate: 0.00361
2025-11-21 08:44:44.794609: train_loss -0.7449
2025-11-21 08:44:44.794915: val_loss -0.7426
2025-11-21 08:44:44.795022: Pseudo dice [np.float32(0.91), np.float32(0.7718), np.float32(0.0)]
2025-11-21 08:44:44.795121: Epoch time: 73.91 s
2025-11-21 08:44:45.952418: 
2025-11-21 08:44:45.952631: Epoch 679
2025-11-21 08:44:45.952756: Current learning rate: 0.0036
2025-11-21 08:45:57.916665: train_loss -0.7621
2025-11-21 08:45:57.916961: val_loss -0.7049
2025-11-21 08:45:57.917069: Pseudo dice [np.float32(0.9159), np.float32(0.7623), np.float32(0.0)]
2025-11-21 08:45:57.917177: Epoch time: 71.97 s
2025-11-21 08:46:00.031417: 
2025-11-21 08:46:00.031600: Epoch 680
2025-11-21 08:46:00.031717: Current learning rate: 0.00359
2025-11-21 08:47:11.041516: train_loss -0.7462
2025-11-21 08:47:11.043859: val_loss -0.7255
2025-11-21 08:47:11.044019: Pseudo dice [np.float32(0.9081), np.float32(0.7481), np.float32(0.0)]
2025-11-21 08:47:11.044126: Epoch time: 71.01 s
2025-11-21 08:47:12.203055: 
2025-11-21 08:47:12.203299: Epoch 681
2025-11-21 08:47:12.203427: Current learning rate: 0.00358
2025-11-21 08:48:22.004420: train_loss -0.7527
2025-11-21 08:48:22.008941: val_loss -0.7404
2025-11-21 08:48:22.009189: Pseudo dice [np.float32(0.9113), np.float32(0.7607), np.float32(0.0)]
2025-11-21 08:48:22.009303: Epoch time: 69.8 s
2025-11-21 08:48:23.599720: 
2025-11-21 08:48:23.599903: Epoch 682
2025-11-21 08:48:23.600020: Current learning rate: 0.00357
2025-11-21 08:49:33.225699: train_loss -0.763
2025-11-21 08:49:33.231404: val_loss -0.7262
2025-11-21 08:49:33.231557: Pseudo dice [np.float32(0.9093), np.float32(0.7653), np.float32(0.0)]
2025-11-21 08:49:33.231699: Epoch time: 69.63 s
2025-11-21 08:49:34.334006: 
2025-11-21 08:49:34.334221: Epoch 683
2025-11-21 08:49:34.334345: Current learning rate: 0.00356
2025-11-21 08:50:44.397714: train_loss -0.7533
2025-11-21 08:50:44.397989: val_loss -0.7163
2025-11-21 08:50:44.398095: Pseudo dice [np.float32(0.9117), np.float32(0.7667), np.float32(0.0)]
2025-11-21 08:50:44.398216: Epoch time: 70.06 s
2025-11-21 08:50:46.295513: 
2025-11-21 08:50:46.295693: Epoch 684
2025-11-21 08:50:46.295814: Current learning rate: 0.00355
2025-11-21 08:51:51.353487: train_loss -0.7556
2025-11-21 08:51:51.353738: val_loss -0.7251
2025-11-21 08:51:51.353844: Pseudo dice [np.float32(0.9112), np.float32(0.7636), np.float32(0.0)]
2025-11-21 08:51:51.353947: Epoch time: 65.06 s
2025-11-21 08:51:52.592481: 
2025-11-21 08:51:52.592695: Epoch 685
2025-11-21 08:51:52.592813: Current learning rate: 0.00354
2025-11-21 08:53:00.950419: train_loss -0.7578
2025-11-21 08:53:00.950676: val_loss -0.777
2025-11-21 08:53:00.950784: Pseudo dice [np.float32(0.9166), np.float32(0.7581), np.float32(0.0)]
2025-11-21 08:53:00.950885: Epoch time: 68.36 s
2025-11-21 08:53:02.083344: 
2025-11-21 08:53:02.083509: Epoch 686
2025-11-21 08:53:02.083618: Current learning rate: 0.00353
2025-11-21 08:54:13.178823: train_loss -0.7642
2025-11-21 08:54:13.179046: val_loss -0.7567
2025-11-21 08:54:13.179148: Pseudo dice [np.float32(0.9124), np.float32(0.7402), np.float32(0.0)]
2025-11-21 08:54:13.179258: Epoch time: 71.1 s
2025-11-21 08:54:14.825360: 
2025-11-21 08:54:14.825536: Epoch 687
2025-11-21 08:54:14.825755: Current learning rate: 0.00352
2025-11-21 08:55:24.266083: train_loss -0.7694
2025-11-21 08:55:24.267295: val_loss -0.7451
2025-11-21 08:55:24.267557: Pseudo dice [np.float32(0.9173), np.float32(0.7573), np.float32(0.0)]
2025-11-21 08:55:24.267665: Epoch time: 69.44 s
2025-11-21 08:55:25.873209: 
2025-11-21 08:55:25.873392: Epoch 688
2025-11-21 08:55:25.873509: Current learning rate: 0.00351
2025-11-21 08:56:40.151149: train_loss -0.7581
2025-11-21 08:56:40.151498: val_loss -0.749
2025-11-21 08:56:40.151615: Pseudo dice [np.float32(0.9053), np.float32(0.7608), np.float32(0.0)]
2025-11-21 08:56:40.151722: Epoch time: 74.28 s
2025-11-21 08:56:41.300756: 
2025-11-21 08:56:41.300992: Epoch 689
2025-11-21 08:56:41.301111: Current learning rate: 0.0035
2025-11-21 08:57:53.231411: train_loss -0.7651
2025-11-21 08:57:53.231743: val_loss -0.7306
2025-11-21 08:57:53.231853: Pseudo dice [np.float32(0.9136), np.float32(0.752), np.float32(0.0)]
2025-11-21 08:57:53.231958: Epoch time: 71.93 s
2025-11-21 08:57:54.842020: 
2025-11-21 08:57:54.842332: Epoch 690
2025-11-21 08:57:54.842455: Current learning rate: 0.00349
2025-11-21 08:59:02.130373: train_loss -0.7575
2025-11-21 08:59:02.130635: val_loss -0.7446
2025-11-21 08:59:02.130740: Pseudo dice [np.float32(0.9168), np.float32(0.7635), np.float32(0.0)]
2025-11-21 08:59:02.130843: Epoch time: 67.29 s
2025-11-21 08:59:03.292889: 
2025-11-21 08:59:03.293099: Epoch 691
2025-11-21 08:59:03.293230: Current learning rate: 0.00348
2025-11-21 09:00:18.791159: train_loss -0.7603
2025-11-21 09:00:18.791424: val_loss -0.6941
2025-11-21 09:00:18.791525: Pseudo dice [np.float32(0.9055), np.float32(0.7405), np.float32(0.0)]
2025-11-21 09:00:18.793948: Epoch time: 75.5 s
2025-11-21 09:00:20.715033: 
2025-11-21 09:00:20.715311: Epoch 692
2025-11-21 09:00:20.715426: Current learning rate: 0.00346
2025-11-21 09:01:32.008868: train_loss -0.7431
2025-11-21 09:01:32.009218: val_loss -0.6908
2025-11-21 09:01:32.009328: Pseudo dice [np.float32(0.9105), np.float32(0.7474), np.float32(0.0)]
2025-11-21 09:01:32.009431: Epoch time: 71.29 s
2025-11-21 09:01:33.951328: 
2025-11-21 09:01:33.951534: Epoch 693
2025-11-21 09:01:33.951663: Current learning rate: 0.00345
2025-11-21 09:02:52.133722: train_loss -0.744
2025-11-21 09:02:52.135096: val_loss -0.735
2025-11-21 09:02:52.135220: Pseudo dice [np.float32(0.9146), np.float32(0.755), np.float32(0.0)]
2025-11-21 09:02:52.135325: Epoch time: 78.18 s
2025-11-21 09:02:53.648775: 
2025-11-21 09:02:53.648968: Epoch 694
2025-11-21 09:02:53.649101: Current learning rate: 0.00344
2025-11-21 09:04:03.787050: train_loss -0.7505
2025-11-21 09:04:03.787327: val_loss -0.7061
2025-11-21 09:04:03.787433: Pseudo dice [np.float32(0.907), np.float32(0.7593), np.float32(0.0)]
2025-11-21 09:04:03.787612: Epoch time: 70.14 s
2025-11-21 09:04:05.626651: 
2025-11-21 09:04:05.626821: Epoch 695
2025-11-21 09:04:05.626934: Current learning rate: 0.00343
2025-11-21 09:05:17.623431: train_loss -0.7501
2025-11-21 09:05:17.625968: val_loss -0.747
2025-11-21 09:05:17.626214: Pseudo dice [np.float32(0.9143), np.float32(0.773), np.float32(0.0)]
2025-11-21 09:05:17.626329: Epoch time: 72.0 s
2025-11-21 09:05:18.879957: 
2025-11-21 09:05:18.880126: Epoch 696
2025-11-21 09:05:18.880255: Current learning rate: 0.00342
2025-11-21 09:06:31.522193: train_loss -0.7587
2025-11-21 09:06:31.531341: val_loss -0.7507
2025-11-21 09:06:31.531498: Pseudo dice [np.float32(0.9125), np.float32(0.7558), np.float32(0.0)]
2025-11-21 09:06:31.531596: Epoch time: 72.64 s
2025-11-21 09:06:32.758527: 
2025-11-21 09:06:32.758815: Epoch 697
2025-11-21 09:06:32.758934: Current learning rate: 0.00341
2025-11-21 09:07:42.810853: train_loss -0.7786
2025-11-21 09:07:42.811203: val_loss -0.7667
2025-11-21 09:07:42.811312: Pseudo dice [np.float32(0.9132), np.float32(0.7533), np.float32(0.0)]
2025-11-21 09:07:42.811414: Epoch time: 70.05 s
2025-11-21 09:07:44.038638: 
2025-11-21 09:07:44.038875: Epoch 698
2025-11-21 09:07:44.039025: Current learning rate: 0.0034
2025-11-21 09:08:53.935695: train_loss -0.7771
2025-11-21 09:08:53.937667: val_loss -0.7621
2025-11-21 09:08:53.937781: Pseudo dice [np.float32(0.9146), np.float32(0.7549), np.float32(0.0)]
2025-11-21 09:08:53.937879: Epoch time: 69.9 s
2025-11-21 09:08:55.717749: 
2025-11-21 09:08:55.717987: Epoch 699
2025-11-21 09:08:55.718100: Current learning rate: 0.00339
2025-11-21 09:10:05.999644: train_loss -0.7545
2025-11-21 09:10:05.999904: val_loss -0.7464
2025-11-21 09:10:06.000009: Pseudo dice [np.float32(0.9119), np.float32(0.7614), np.float32(0.0)]
2025-11-21 09:10:06.000113: Epoch time: 70.28 s
2025-11-21 09:10:07.466313: 
2025-11-21 09:10:07.466506: Epoch 700
2025-11-21 09:10:07.466619: Current learning rate: 0.00338
2025-11-21 09:11:16.783807: train_loss -0.7692
2025-11-21 09:11:16.785276: val_loss -0.7454
2025-11-21 09:11:16.785397: Pseudo dice [np.float32(0.909), np.float32(0.7576), np.float32(0.0)]
2025-11-21 09:11:16.785491: Epoch time: 69.32 s
2025-11-21 09:11:18.278213: 
2025-11-21 09:11:18.278412: Epoch 701
2025-11-21 09:11:18.278553: Current learning rate: 0.00337
2025-11-21 09:12:26.655786: train_loss -0.7436
2025-11-21 09:12:26.656002: val_loss -0.7358
2025-11-21 09:12:26.656103: Pseudo dice [np.float32(0.9188), np.float32(0.7614), np.float32(0.0)]
2025-11-21 09:12:26.660577: Epoch time: 68.38 s
2025-11-21 09:12:28.661647: 
2025-11-21 09:12:28.661946: Epoch 702
2025-11-21 09:12:28.662083: Current learning rate: 0.00336
2025-11-21 09:13:37.597048: train_loss -0.7583
2025-11-21 09:13:37.597306: val_loss -0.6984
2025-11-21 09:13:37.599628: Pseudo dice [np.float32(0.9184), np.float32(0.7485), np.float32(0.0)]
2025-11-21 09:13:37.599784: Epoch time: 68.94 s
2025-11-21 09:13:39.326722: 
2025-11-21 09:13:39.327033: Epoch 703
2025-11-21 09:13:39.327169: Current learning rate: 0.00335
2025-11-21 09:14:54.880891: train_loss -0.7534
2025-11-21 09:14:54.881181: val_loss -0.7753
2025-11-21 09:14:54.881300: Pseudo dice [np.float32(0.914), np.float32(0.7748), np.float32(0.0)]
2025-11-21 09:14:54.881398: Epoch time: 75.56 s
2025-11-21 09:14:56.795448: 
2025-11-21 09:14:56.795701: Epoch 704
2025-11-21 09:14:56.795841: Current learning rate: 0.00334
2025-11-21 09:16:07.345257: train_loss -0.7578
2025-11-21 09:16:07.345537: val_loss -0.76
2025-11-21 09:16:07.345645: Pseudo dice [np.float32(0.9087), np.float32(0.733), np.float32(0.0)]
2025-11-21 09:16:07.346869: Epoch time: 70.55 s
2025-11-21 09:16:08.889959: 
2025-11-21 09:16:08.890181: Epoch 705
2025-11-21 09:16:08.890312: Current learning rate: 0.00333
2025-11-21 09:17:18.922611: train_loss -0.7621
2025-11-21 09:17:18.922845: val_loss -0.7393
2025-11-21 09:17:18.922948: Pseudo dice [np.float32(0.9138), np.float32(0.7429), np.float32(0.0)]
2025-11-21 09:17:18.923049: Epoch time: 70.03 s
2025-11-21 09:17:20.194795: 
2025-11-21 09:17:20.195068: Epoch 706
2025-11-21 09:17:20.195293: Current learning rate: 0.00332
2025-11-21 09:18:30.955709: train_loss -0.7578
2025-11-21 09:18:30.955954: val_loss -0.7303
2025-11-21 09:18:30.956058: Pseudo dice [np.float32(0.9123), np.float32(0.7435), np.float32(0.0)]
2025-11-21 09:18:30.956159: Epoch time: 70.76 s
2025-11-21 09:18:33.240789: 
2025-11-21 09:18:33.240990: Epoch 707
2025-11-21 09:18:33.241104: Current learning rate: 0.00331
2025-11-21 09:19:42.289015: train_loss -0.7598
2025-11-21 09:19:42.292349: val_loss -0.7552
2025-11-21 09:19:42.292459: Pseudo dice [np.float32(0.9148), np.float32(0.7488), np.float32(0.0)]
2025-11-21 09:19:42.292557: Epoch time: 69.05 s
2025-11-21 09:19:43.687567: 
2025-11-21 09:19:43.687778: Epoch 708
2025-11-21 09:19:43.687903: Current learning rate: 0.0033
2025-11-21 09:20:53.100334: train_loss -0.7528
2025-11-21 09:20:53.101592: val_loss -0.7364
2025-11-21 09:20:53.101706: Pseudo dice [np.float32(0.917), np.float32(0.7597), np.float32(0.0)]
2025-11-21 09:20:53.101808: Epoch time: 69.41 s
2025-11-21 09:20:54.330935: 
2025-11-21 09:20:54.331133: Epoch 709
2025-11-21 09:20:54.331256: Current learning rate: 0.00329
2025-11-21 09:22:05.254754: train_loss -0.7549
2025-11-21 09:22:05.255015: val_loss -0.7448
2025-11-21 09:22:05.255126: Pseudo dice [np.float32(0.9054), np.float32(0.7556), np.float32(0.0)]
2025-11-21 09:22:05.255243: Epoch time: 70.92 s
2025-11-21 09:22:06.426907: 
2025-11-21 09:22:06.427191: Epoch 710
2025-11-21 09:22:06.427365: Current learning rate: 0.00328
2025-11-21 09:23:15.305963: train_loss -0.7619
2025-11-21 09:23:15.306217: val_loss -0.7442
2025-11-21 09:23:15.306324: Pseudo dice [np.float32(0.9224), np.float32(0.7651), np.float32(0.0)]
2025-11-21 09:23:15.306428: Epoch time: 68.88 s
2025-11-21 09:23:16.739519: 
2025-11-21 09:23:16.739702: Epoch 711
2025-11-21 09:23:16.739827: Current learning rate: 0.00327
2025-11-21 09:24:28.425881: train_loss -0.7585
2025-11-21 09:24:28.426276: val_loss -0.7544
2025-11-21 09:24:28.426386: Pseudo dice [np.float32(0.9098), np.float32(0.7438), np.float32(0.0)]
2025-11-21 09:24:28.426490: Epoch time: 71.69 s
2025-11-21 09:24:29.650677: 
2025-11-21 09:24:29.650898: Epoch 712
2025-11-21 09:24:29.651027: Current learning rate: 0.00326
2025-11-21 09:25:46.679962: train_loss -0.7473
2025-11-21 09:25:46.681224: val_loss -0.7572
2025-11-21 09:25:46.681331: Pseudo dice [np.float32(0.9048), np.float32(0.7477), np.float32(0.0)]
2025-11-21 09:25:46.681429: Epoch time: 77.03 s
2025-11-21 09:25:48.292614: 
2025-11-21 09:25:48.292799: Epoch 713
2025-11-21 09:25:48.292921: Current learning rate: 0.00325
2025-11-21 09:26:59.083020: train_loss -0.7511
2025-11-21 09:26:59.083329: val_loss -0.7616
2025-11-21 09:26:59.083437: Pseudo dice [np.float32(0.9129), np.float32(0.7537), np.float32(0.0)]
2025-11-21 09:26:59.083539: Epoch time: 70.79 s
2025-11-21 09:27:00.305182: 
2025-11-21 09:27:00.305435: Epoch 714
2025-11-21 09:27:00.305556: Current learning rate: 0.00324
2025-11-21 09:28:13.893943: train_loss -0.7694
2025-11-21 09:28:13.894281: val_loss -0.7481
2025-11-21 09:28:13.894389: Pseudo dice [np.float32(0.9138), np.float32(0.7538), np.float32(0.0)]
2025-11-21 09:28:13.894492: Epoch time: 73.59 s
2025-11-21 09:28:15.730951: 
2025-11-21 09:28:15.731183: Epoch 715
2025-11-21 09:28:15.731312: Current learning rate: 0.00323
2025-11-21 09:29:28.637345: train_loss -0.7636
2025-11-21 09:29:28.639379: val_loss -0.7408
2025-11-21 09:29:28.641299: Pseudo dice [np.float32(0.9149), np.float32(0.7668), np.float32(0.0)]
2025-11-21 09:29:28.641453: Epoch time: 72.91 s
2025-11-21 09:29:30.273556: 
2025-11-21 09:29:30.273733: Epoch 716
2025-11-21 09:29:30.273855: Current learning rate: 0.00322
2025-11-21 09:30:37.714585: train_loss -0.7774
2025-11-21 09:30:37.716493: val_loss -0.7672
2025-11-21 09:30:37.716614: Pseudo dice [np.float32(0.9058), np.float32(0.7438), np.float32(0.0)]
2025-11-21 09:30:37.716732: Epoch time: 67.44 s
2025-11-21 09:30:38.909068: 
2025-11-21 09:30:38.909292: Epoch 717
2025-11-21 09:30:38.909414: Current learning rate: 0.00321
2025-11-21 09:31:45.256697: train_loss -0.7565
2025-11-21 09:31:45.257060: val_loss -0.7412
2025-11-21 09:31:45.257168: Pseudo dice [np.float32(0.9078), np.float32(0.7614), np.float32(0.0)]
2025-11-21 09:31:45.257285: Epoch time: 66.35 s
2025-11-21 09:31:46.553177: 
2025-11-21 09:31:46.553480: Epoch 718
2025-11-21 09:31:46.553637: Current learning rate: 0.0032
2025-11-21 09:32:56.010868: train_loss -0.7568
2025-11-21 09:32:56.011205: val_loss -0.7404
2025-11-21 09:32:56.011319: Pseudo dice [np.float32(0.9145), np.float32(0.761), np.float32(0.0)]
2025-11-21 09:32:56.011422: Epoch time: 69.46 s
2025-11-21 09:32:57.163892: 
2025-11-21 09:32:57.164178: Epoch 719
2025-11-21 09:32:57.164547: Current learning rate: 0.00319
2025-11-21 09:34:09.066166: train_loss -0.7652
2025-11-21 09:34:09.066393: val_loss -0.7363
2025-11-21 09:34:09.066494: Pseudo dice [np.float32(0.9218), np.float32(0.751), np.float32(0.0)]
2025-11-21 09:34:09.066596: Epoch time: 71.9 s
2025-11-21 09:34:10.431903: 
2025-11-21 09:34:10.432205: Epoch 720
2025-11-21 09:34:10.432335: Current learning rate: 0.00318
2025-11-21 09:35:25.422978: train_loss -0.7474
2025-11-21 09:35:25.423236: val_loss -0.7698
2025-11-21 09:35:25.423342: Pseudo dice [np.float32(0.906), np.float32(0.7555), np.float32(0.0)]
2025-11-21 09:35:25.423444: Epoch time: 74.99 s
2025-11-21 09:35:27.118952: 
2025-11-21 09:35:27.119241: Epoch 721
2025-11-21 09:35:27.119366: Current learning rate: 0.00317
2025-11-21 09:36:40.020075: train_loss -0.7627
2025-11-21 09:36:40.020430: val_loss -0.7463
2025-11-21 09:36:40.020538: Pseudo dice [np.float32(0.918), np.float32(0.73), np.float32(0.0)]
2025-11-21 09:36:40.020642: Epoch time: 72.9 s
2025-11-21 09:36:41.329694: 
2025-11-21 09:36:41.329894: Epoch 722
2025-11-21 09:36:41.330022: Current learning rate: 0.00316
2025-11-21 09:37:54.433730: train_loss -0.7548
2025-11-21 09:37:54.433991: val_loss -0.7421
2025-11-21 09:37:54.434114: Pseudo dice [np.float32(0.9131), np.float32(0.7187), np.float32(0.0)]
2025-11-21 09:37:54.434226: Epoch time: 73.1 s
2025-11-21 09:37:55.573321: 
2025-11-21 09:37:55.573566: Epoch 723
2025-11-21 09:37:55.573688: Current learning rate: 0.00315
2025-11-21 09:39:10.624449: train_loss -0.7573
2025-11-21 09:39:10.624695: val_loss -0.7228
2025-11-21 09:39:10.624798: Pseudo dice [np.float32(0.9156), np.float32(0.7525), np.float32(0.0)]
2025-11-21 09:39:10.624899: Epoch time: 75.05 s
2025-11-21 09:39:13.010656: 
2025-11-21 09:39:13.010851: Epoch 724
2025-11-21 09:39:13.010967: Current learning rate: 0.00314
2025-11-21 09:40:23.461733: train_loss -0.761
2025-11-21 09:40:23.462004: val_loss -0.7589
2025-11-21 09:40:23.462108: Pseudo dice [np.float32(0.9176), np.float32(0.764), np.float32(0.0)]
2025-11-21 09:40:23.465257: Epoch time: 70.45 s
2025-11-21 09:40:25.240823: 
2025-11-21 09:40:25.241068: Epoch 725
2025-11-21 09:40:25.241204: Current learning rate: 0.00313
2025-11-21 09:41:33.819800: train_loss -0.7431
2025-11-21 09:41:33.820039: val_loss -0.7478
2025-11-21 09:41:33.820145: Pseudo dice [np.float32(0.912), np.float32(0.7352), np.float32(0.0)]
2025-11-21 09:41:33.820250: Epoch time: 68.58 s
2025-11-21 09:41:35.267930: 
2025-11-21 09:41:35.268136: Epoch 726
2025-11-21 09:41:35.268282: Current learning rate: 0.00312
2025-11-21 09:42:50.125288: train_loss -0.7628
2025-11-21 09:42:50.125523: val_loss -0.7411
2025-11-21 09:42:50.125632: Pseudo dice [np.float32(0.9158), np.float32(0.7555), np.float32(0.0)]
2025-11-21 09:42:50.132610: Epoch time: 74.86 s
2025-11-21 09:42:51.858898: 
2025-11-21 09:42:51.859082: Epoch 727
2025-11-21 09:42:51.859222: Current learning rate: 0.00311
2025-11-21 09:44:04.502405: train_loss -0.7609
2025-11-21 09:44:04.504298: val_loss -0.7569
2025-11-21 09:44:04.504405: Pseudo dice [np.float32(0.9112), np.float32(0.755), np.float32(0.0)]
2025-11-21 09:44:04.504501: Epoch time: 72.64 s
2025-11-21 09:44:06.197456: 
2025-11-21 09:44:06.197664: Epoch 728
2025-11-21 09:44:06.197793: Current learning rate: 0.0031
2025-11-21 09:45:16.245267: train_loss -0.7693
2025-11-21 09:45:16.245491: val_loss -0.7196
2025-11-21 09:45:16.249804: Pseudo dice [np.float32(0.9092), np.float32(0.7535), np.float32(0.0)]
2025-11-21 09:45:16.250071: Epoch time: 70.05 s
2025-11-21 09:45:17.510554: 
2025-11-21 09:45:17.510809: Epoch 729
2025-11-21 09:45:17.510934: Current learning rate: 0.00309
2025-11-21 09:46:31.437782: train_loss -0.7592
2025-11-21 09:46:31.438039: val_loss -0.7189
2025-11-21 09:46:31.438141: Pseudo dice [np.float32(0.9114), np.float32(0.7503), np.float32(0.0)]
2025-11-21 09:46:31.438259: Epoch time: 73.93 s
2025-11-21 09:46:32.982482: 
2025-11-21 09:46:32.982763: Epoch 730
2025-11-21 09:46:32.982886: Current learning rate: 0.00308
2025-11-21 09:47:44.969594: train_loss -0.7652
2025-11-21 09:47:44.969833: val_loss -0.7415
2025-11-21 09:47:44.969937: Pseudo dice [np.float32(0.9141), np.float32(0.7469), np.float32(0.0)]
2025-11-21 09:47:44.970040: Epoch time: 71.99 s
2025-11-21 09:47:46.964638: 
2025-11-21 09:47:46.964928: Epoch 731
2025-11-21 09:47:46.965077: Current learning rate: 0.00307
2025-11-21 09:48:58.091180: train_loss -0.7569
2025-11-21 09:48:58.091469: val_loss -0.7476
2025-11-21 09:48:58.091575: Pseudo dice [np.float32(0.9187), np.float32(0.7466), np.float32(0.0)]
2025-11-21 09:48:58.091676: Epoch time: 71.13 s
2025-11-21 09:48:59.257980: 
2025-11-21 09:48:59.258182: Epoch 732
2025-11-21 09:48:59.258307: Current learning rate: 0.00306
2025-11-21 09:50:14.826721: train_loss -0.7643
2025-11-21 09:50:14.828710: val_loss -0.7755
2025-11-21 09:50:14.828824: Pseudo dice [np.float32(0.9125), np.float32(0.7287), np.float32(0.0)]
2025-11-21 09:50:14.828924: Epoch time: 75.57 s
2025-11-21 09:50:16.443359: 
2025-11-21 09:50:16.443615: Epoch 733
2025-11-21 09:50:16.443747: Current learning rate: 0.00305
2025-11-21 09:51:27.445509: train_loss -0.7582
2025-11-21 09:51:27.445884: val_loss -0.766
2025-11-21 09:51:27.445983: Pseudo dice [np.float32(0.9229), np.float32(0.7621), np.float32(0.0)]
2025-11-21 09:51:27.446080: Epoch time: 71.0 s
2025-11-21 09:51:28.736676: 
2025-11-21 09:51:28.736980: Epoch 734
2025-11-21 09:51:28.737115: Current learning rate: 0.00304
2025-11-21 09:52:37.332943: train_loss -0.756
2025-11-21 09:52:37.333220: val_loss -0.7197
2025-11-21 09:52:37.333325: Pseudo dice [np.float32(0.9214), np.float32(0.7649), np.float32(0.0)]
2025-11-21 09:52:37.333428: Epoch time: 68.6 s
2025-11-21 09:52:38.907826: 
2025-11-21 09:52:38.908034: Epoch 735
2025-11-21 09:52:38.908163: Current learning rate: 0.00303
2025-11-21 09:53:55.430553: train_loss -0.7714
2025-11-21 09:53:55.430890: val_loss -0.7421
2025-11-21 09:53:55.430996: Pseudo dice [np.float32(0.9102), np.float32(0.7553), np.float32(0.0)]
2025-11-21 09:53:55.431097: Epoch time: 76.52 s
2025-11-21 09:53:56.656071: 
2025-11-21 09:53:56.656276: Epoch 736
2025-11-21 09:53:56.656407: Current learning rate: 0.00302
2025-11-21 09:55:06.322739: train_loss -0.7647
2025-11-21 09:55:06.323076: val_loss -0.732
2025-11-21 09:55:06.323190: Pseudo dice [np.float32(0.9136), np.float32(0.7518), np.float32(0.0)]
2025-11-21 09:55:06.323295: Epoch time: 69.67 s
2025-11-21 09:55:07.491904: 
2025-11-21 09:55:07.492157: Epoch 737
2025-11-21 09:55:07.492278: Current learning rate: 0.00301
2025-11-21 09:56:17.758679: train_loss -0.7582
2025-11-21 09:56:17.759035: val_loss -0.7407
2025-11-21 09:56:17.759141: Pseudo dice [np.float32(0.9063), np.float32(0.77), np.float32(0.0)]
2025-11-21 09:56:17.759255: Epoch time: 70.27 s
2025-11-21 09:56:19.384724: 
2025-11-21 09:56:19.384904: Epoch 738
2025-11-21 09:56:19.385026: Current learning rate: 0.003
2025-11-21 09:57:30.240077: train_loss -0.771
2025-11-21 09:57:30.240423: val_loss -0.7632
2025-11-21 09:57:30.240528: Pseudo dice [np.float32(0.9058), np.float32(0.7531), np.float32(0.0)]
2025-11-21 09:57:30.240630: Epoch time: 70.86 s
2025-11-21 09:57:31.489660: 
2025-11-21 09:57:31.489936: Epoch 739
2025-11-21 09:57:31.490050: Current learning rate: 0.00299
2025-11-21 09:58:45.712595: train_loss -0.7504
2025-11-21 09:58:45.714379: val_loss -0.7335
2025-11-21 09:58:45.714493: Pseudo dice [np.float32(0.8992), np.float32(0.729), np.float32(0.0)]
2025-11-21 09:58:45.714586: Epoch time: 74.22 s
2025-11-21 09:58:47.524407: 
2025-11-21 09:58:47.524669: Epoch 740
2025-11-21 09:58:47.524801: Current learning rate: 0.00297
2025-11-21 10:00:02.284233: train_loss -0.7514
2025-11-21 10:00:02.284501: val_loss -0.7571
2025-11-21 10:00:02.284604: Pseudo dice [np.float32(0.9102), np.float32(0.7488), np.float32(0.0)]
2025-11-21 10:00:02.284863: Epoch time: 74.76 s
2025-11-21 10:00:03.446977: 
2025-11-21 10:00:03.447185: Epoch 741
2025-11-21 10:00:03.447314: Current learning rate: 0.00296
2025-11-21 10:01:13.717298: train_loss -0.7523
2025-11-21 10:01:13.717621: val_loss -0.7423
2025-11-21 10:01:13.717730: Pseudo dice [np.float32(0.9072), np.float32(0.7406), np.float32(0.0)]
2025-11-21 10:01:13.717840: Epoch time: 70.27 s
2025-11-21 10:01:14.872886: 
2025-11-21 10:01:14.873081: Epoch 742
2025-11-21 10:01:14.873209: Current learning rate: 0.00295
2025-11-21 10:02:26.316029: train_loss -0.7511
2025-11-21 10:02:26.316292: val_loss -0.7515
2025-11-21 10:02:26.316396: Pseudo dice [np.float32(0.9189), np.float32(0.7536), np.float32(0.0)]
2025-11-21 10:02:26.316499: Epoch time: 71.44 s
2025-11-21 10:02:27.470340: 
2025-11-21 10:02:27.470541: Epoch 743
2025-11-21 10:02:27.470662: Current learning rate: 0.00294
2025-11-21 10:03:36.775806: train_loss -0.7601
2025-11-21 10:03:36.776062: val_loss -0.734
2025-11-21 10:03:36.779280: Pseudo dice [np.float32(0.9069), np.float32(0.7389), np.float32(0.0)]
2025-11-21 10:03:36.779448: Epoch time: 69.31 s
2025-11-21 10:03:38.238311: 
2025-11-21 10:03:38.238553: Epoch 744
2025-11-21 10:03:38.238674: Current learning rate: 0.00293
2025-11-21 10:04:50.824025: train_loss -0.7601
2025-11-21 10:04:50.824388: val_loss -0.7383
2025-11-21 10:04:50.824568: Pseudo dice [np.float32(0.9094), np.float32(0.7531), np.float32(0.0)]
2025-11-21 10:04:50.824677: Epoch time: 72.59 s
2025-11-21 10:04:52.001661: 
2025-11-21 10:04:52.001860: Epoch 745
2025-11-21 10:04:52.001985: Current learning rate: 0.00292
2025-11-21 10:06:03.928673: train_loss -0.7594
2025-11-21 10:06:03.928920: val_loss -0.7348
2025-11-21 10:06:03.929022: Pseudo dice [np.float32(0.9123), np.float32(0.7497), np.float32(0.0)]
2025-11-21 10:06:03.929124: Epoch time: 71.93 s
2025-11-21 10:06:05.079550: 
2025-11-21 10:06:05.079802: Epoch 746
2025-11-21 10:06:05.079920: Current learning rate: 0.00291
2025-11-21 10:07:14.246444: train_loss -0.757
2025-11-21 10:07:14.246693: val_loss -0.7443
2025-11-21 10:07:14.246795: Pseudo dice [np.float32(0.9061), np.float32(0.748), np.float32(0.0)]
2025-11-21 10:07:14.246897: Epoch time: 69.17 s
2025-11-21 10:07:15.667331: 
2025-11-21 10:07:15.667516: Epoch 747
2025-11-21 10:07:15.667638: Current learning rate: 0.0029
2025-11-21 10:08:24.597284: train_loss -0.7699
2025-11-21 10:08:24.597671: val_loss -0.7433
2025-11-21 10:08:24.597781: Pseudo dice [np.float32(0.9133), np.float32(0.7461), np.float32(0.0)]
2025-11-21 10:08:24.597887: Epoch time: 68.93 s
2025-11-21 10:08:26.261296: 
2025-11-21 10:08:26.261478: Epoch 748
2025-11-21 10:08:26.261596: Current learning rate: 0.00289
2025-11-21 10:09:38.560408: train_loss -0.773
2025-11-21 10:09:38.560624: val_loss -0.7494
2025-11-21 10:09:38.560728: Pseudo dice [np.float32(0.9147), np.float32(0.7487), np.float32(0.0)]
2025-11-21 10:09:38.560827: Epoch time: 72.3 s
2025-11-21 10:09:39.744999: 
2025-11-21 10:09:39.745184: Epoch 749
2025-11-21 10:09:39.745299: Current learning rate: 0.00288
2025-11-21 10:10:48.597068: train_loss -0.7627
2025-11-21 10:10:48.600284: val_loss -0.7303
2025-11-21 10:10:48.600425: Pseudo dice [np.float32(0.9128), np.float32(0.7197), np.float32(0.0)]
2025-11-21 10:10:48.600523: Epoch time: 68.85 s
2025-11-21 10:10:50.402188: 
2025-11-21 10:10:50.402384: Epoch 750
2025-11-21 10:10:50.402510: Current learning rate: 0.00287
2025-11-21 10:12:00.693798: train_loss -0.7471
2025-11-21 10:12:00.697636: val_loss -0.7559
2025-11-21 10:12:00.697788: Pseudo dice [np.float32(0.9199), np.float32(0.7512), np.float32(0.0)]
2025-11-21 10:12:00.697884: Epoch time: 70.29 s
2025-11-21 10:12:02.181002: 
2025-11-21 10:12:02.181191: Epoch 751
2025-11-21 10:12:02.181317: Current learning rate: 0.00286
2025-11-21 10:13:13.842351: train_loss -0.7786
2025-11-21 10:13:13.844272: val_loss -0.7261
2025-11-21 10:13:13.844398: Pseudo dice [np.float32(0.9217), np.float32(0.7352), np.float32(0.0)]
2025-11-21 10:13:13.844504: Epoch time: 71.66 s
2025-11-21 10:13:15.541744: 
2025-11-21 10:13:15.541943: Epoch 752
2025-11-21 10:13:15.542080: Current learning rate: 0.00285
2025-11-21 10:14:27.419268: train_loss -0.7562
2025-11-21 10:14:27.419603: val_loss -0.736
2025-11-21 10:14:27.419712: Pseudo dice [np.float32(0.9136), np.float32(0.727), np.float32(0.0)]
2025-11-21 10:14:27.419814: Epoch time: 71.88 s
2025-11-21 10:14:28.964848: 
2025-11-21 10:14:28.965067: Epoch 753
2025-11-21 10:14:28.965205: Current learning rate: 0.00284
2025-11-21 10:15:42.622089: train_loss -0.7516
2025-11-21 10:15:42.622359: val_loss -0.7357
2025-11-21 10:15:42.622466: Pseudo dice [np.float32(0.9116), np.float32(0.7493), np.float32(0.0)]
2025-11-21 10:15:42.622568: Epoch time: 73.66 s
2025-11-21 10:15:44.279059: 
2025-11-21 10:15:44.279272: Epoch 754
2025-11-21 10:15:44.279394: Current learning rate: 0.00283
2025-11-21 10:16:59.707473: train_loss -0.7444
2025-11-21 10:16:59.708332: val_loss -0.728
2025-11-21 10:16:59.708443: Pseudo dice [np.float32(0.9143), np.float32(0.7263), np.float32(0.0)]
2025-11-21 10:16:59.708547: Epoch time: 75.43 s
2025-11-21 10:17:01.256080: 
2025-11-21 10:17:01.256343: Epoch 755
2025-11-21 10:17:01.256476: Current learning rate: 0.00282
2025-11-21 10:18:10.484220: train_loss -0.7567
2025-11-21 10:18:10.484565: val_loss -0.7363
2025-11-21 10:18:10.484672: Pseudo dice [np.float32(0.9165), np.float32(0.7553), np.float32(0.0)]
2025-11-21 10:18:10.484773: Epoch time: 69.23 s
2025-11-21 10:18:12.562183: 
2025-11-21 10:18:12.562426: Epoch 756
2025-11-21 10:18:12.562558: Current learning rate: 0.00281
2025-11-21 10:19:25.322737: train_loss -0.7518
2025-11-21 10:19:25.322995: val_loss -0.6927
2025-11-21 10:19:25.323100: Pseudo dice [np.float32(0.9134), np.float32(0.7477), np.float32(0.0)]
2025-11-21 10:19:25.323212: Epoch time: 72.76 s
2025-11-21 10:19:27.551468: 
2025-11-21 10:19:27.551725: Epoch 757
2025-11-21 10:19:27.551838: Current learning rate: 0.0028
2025-11-21 10:20:38.055415: train_loss -0.7518
2025-11-21 10:20:38.055641: val_loss -0.7496
2025-11-21 10:20:38.055747: Pseudo dice [np.float32(0.9122), np.float32(0.7452), np.float32(0.0)]
2025-11-21 10:20:38.058086: Epoch time: 70.5 s
2025-11-21 10:20:39.334004: 
2025-11-21 10:20:39.334258: Epoch 758
2025-11-21 10:20:39.334434: Current learning rate: 0.00279
2025-11-21 10:21:48.834538: train_loss -0.7505
2025-11-21 10:21:48.834800: val_loss -0.7622
2025-11-21 10:21:48.834903: Pseudo dice [np.float32(0.9126), np.float32(0.7537), np.float32(0.0)]
2025-11-21 10:21:48.835006: Epoch time: 69.5 s
2025-11-21 10:21:49.957062: 
2025-11-21 10:21:49.957339: Epoch 759
2025-11-21 10:21:49.957463: Current learning rate: 0.00278
2025-11-21 10:23:01.144602: train_loss -0.7734
2025-11-21 10:23:01.144838: val_loss -0.7313
2025-11-21 10:23:01.144940: Pseudo dice [np.float32(0.9099), np.float32(0.7569), np.float32(0.0)]
2025-11-21 10:23:01.145043: Epoch time: 71.19 s
2025-11-21 10:23:02.389957: 
2025-11-21 10:23:02.390186: Epoch 760
2025-11-21 10:23:02.390321: Current learning rate: 0.00277
2025-11-21 10:24:16.214898: train_loss -0.7455
2025-11-21 10:24:16.218752: val_loss -0.7618
2025-11-21 10:24:16.218894: Pseudo dice [np.float32(0.904), np.float32(0.7444), np.float32(0.0)]
2025-11-21 10:24:16.218995: Epoch time: 73.83 s
2025-11-21 10:24:17.958859: 
2025-11-21 10:24:17.959050: Epoch 761
2025-11-21 10:24:17.959169: Current learning rate: 0.00276
2025-11-21 10:25:29.937609: train_loss -0.7725
2025-11-21 10:25:29.939555: val_loss -0.7469
2025-11-21 10:25:29.939678: Pseudo dice [np.float32(0.9038), np.float32(0.7492), np.float32(0.0)]
2025-11-21 10:25:29.939779: Epoch time: 71.98 s
2025-11-21 10:25:31.154121: 
2025-11-21 10:25:31.154301: Epoch 762
2025-11-21 10:25:31.154423: Current learning rate: 0.00275
2025-11-21 10:26:37.810789: train_loss -0.772
2025-11-21 10:26:37.811136: val_loss -0.7552
2025-11-21 10:26:37.811251: Pseudo dice [np.float32(0.9175), np.float32(0.7639), np.float32(0.0)]
2025-11-21 10:26:37.811355: Epoch time: 66.66 s
2025-11-21 10:26:39.051438: 
2025-11-21 10:26:39.051605: Epoch 763
2025-11-21 10:26:39.051727: Current learning rate: 0.00274
2025-11-21 10:27:50.445295: train_loss -0.758
2025-11-21 10:27:50.445526: val_loss -0.7469
2025-11-21 10:27:50.445629: Pseudo dice [np.float32(0.9171), np.float32(0.7733), np.float32(0.0)]
2025-11-21 10:27:50.445729: Epoch time: 71.39 s
2025-11-21 10:27:52.244563: 
2025-11-21 10:27:52.244769: Epoch 764
2025-11-21 10:27:52.244891: Current learning rate: 0.00273
2025-11-21 10:29:04.033989: train_loss -0.7525
2025-11-21 10:29:04.034331: val_loss -0.7328
2025-11-21 10:29:04.034436: Pseudo dice [np.float32(0.9201), np.float32(0.7558), np.float32(0.0)]
2025-11-21 10:29:04.034537: Epoch time: 71.79 s
2025-11-21 10:29:05.225940: 
2025-11-21 10:29:05.226196: Epoch 765
2025-11-21 10:29:05.226322: Current learning rate: 0.00272
2025-11-21 10:30:18.955707: train_loss -0.7596
2025-11-21 10:30:18.958203: val_loss -0.7472
2025-11-21 10:30:18.958363: Pseudo dice [np.float32(0.9099), np.float32(0.7532), np.float32(0.0)]
2025-11-21 10:30:18.958462: Epoch time: 73.73 s
2025-11-21 10:30:20.306925: 
2025-11-21 10:30:20.307099: Epoch 766
2025-11-21 10:30:20.307249: Current learning rate: 0.00271
2025-11-21 10:31:31.372790: train_loss -0.7556
2025-11-21 10:31:31.373034: val_loss -0.7241
2025-11-21 10:31:31.373138: Pseudo dice [np.float32(0.9162), np.float32(0.7495), np.float32(0.0)]
2025-11-21 10:31:31.373249: Epoch time: 71.07 s
2025-11-21 10:31:32.736111: 
2025-11-21 10:31:32.736368: Epoch 767
2025-11-21 10:31:32.736555: Current learning rate: 0.0027
2025-11-21 10:32:46.739442: train_loss -0.7603
2025-11-21 10:32:46.739740: val_loss -0.7141
2025-11-21 10:32:46.739836: Pseudo dice [np.float32(0.9229), np.float32(0.7646), np.float32(0.0)]
2025-11-21 10:32:46.739931: Epoch time: 74.0 s
2025-11-21 10:32:48.154728: 
2025-11-21 10:32:48.154934: Epoch 768
2025-11-21 10:32:48.155059: Current learning rate: 0.00268
2025-11-21 10:33:55.155011: train_loss -0.7625
2025-11-21 10:33:55.155311: val_loss -0.7311
2025-11-21 10:33:55.155419: Pseudo dice [np.float32(0.9123), np.float32(0.7276), np.float32(0.0)]
2025-11-21 10:33:55.155520: Epoch time: 67.0 s
2025-11-21 10:33:57.074562: 
2025-11-21 10:33:57.074754: Epoch 769
2025-11-21 10:33:57.074876: Current learning rate: 0.00267
2025-11-21 10:35:04.558000: train_loss -0.7587
2025-11-21 10:35:04.559345: val_loss -0.7422
2025-11-21 10:35:04.559468: Pseudo dice [np.float32(0.9052), np.float32(0.7491), np.float32(0.0)]
2025-11-21 10:35:04.559573: Epoch time: 67.48 s
2025-11-21 10:35:05.802271: 
2025-11-21 10:35:05.802479: Epoch 770
2025-11-21 10:35:05.802600: Current learning rate: 0.00266
2025-11-21 10:36:18.215401: train_loss -0.757
2025-11-21 10:36:18.215751: val_loss -0.7374
2025-11-21 10:36:18.215851: Pseudo dice [np.float32(0.9185), np.float32(0.7334), np.float32(0.0)]
2025-11-21 10:36:18.215947: Epoch time: 72.41 s
2025-11-21 10:36:20.183970: 
2025-11-21 10:36:20.184211: Epoch 771
2025-11-21 10:36:20.184373: Current learning rate: 0.00265
2025-11-21 10:37:34.315015: train_loss -0.755
2025-11-21 10:37:34.315940: val_loss -0.7472
2025-11-21 10:37:34.316062: Pseudo dice [np.float32(0.91), np.float32(0.7406), np.float32(0.0)]
2025-11-21 10:37:34.316167: Epoch time: 74.13 s
2025-11-21 10:37:36.219304: 
2025-11-21 10:37:36.219491: Epoch 772
2025-11-21 10:37:36.219613: Current learning rate: 0.00264
2025-11-21 10:38:44.781911: train_loss -0.7691
2025-11-21 10:38:44.782258: val_loss -0.7503
2025-11-21 10:38:44.782363: Pseudo dice [np.float32(0.9036), np.float32(0.7347), np.float32(0.0)]
2025-11-21 10:38:44.782465: Epoch time: 68.56 s
2025-11-21 10:38:46.780931: 
2025-11-21 10:38:46.781156: Epoch 773
2025-11-21 10:38:46.781277: Current learning rate: 0.00263
2025-11-21 10:39:57.248529: train_loss -0.7592
2025-11-21 10:39:57.248766: val_loss -0.7767
2025-11-21 10:39:57.248867: Pseudo dice [np.float32(0.9174), np.float32(0.7579), np.float32(0.0)]
2025-11-21 10:39:57.257282: Epoch time: 70.47 s
2025-11-21 10:39:58.727087: 
2025-11-21 10:39:58.727347: Epoch 774
2025-11-21 10:39:58.727478: Current learning rate: 0.00262
2025-11-21 10:41:12.116365: train_loss -0.7354
2025-11-21 10:41:12.116619: val_loss -0.7914
2025-11-21 10:41:12.116725: Pseudo dice [np.float32(0.9117), np.float32(0.7571), np.float32(0.0)]
2025-11-21 10:41:12.116826: Epoch time: 73.39 s
2025-11-21 10:41:13.996969: 
2025-11-21 10:41:13.997181: Epoch 775
2025-11-21 10:41:13.997306: Current learning rate: 0.00261
2025-11-21 10:42:26.307647: train_loss -0.7685
2025-11-21 10:42:26.307876: val_loss -0.7173
2025-11-21 10:42:26.307979: Pseudo dice [np.float32(0.9221), np.float32(0.7621), np.float32(0.0)]
2025-11-21 10:42:26.308080: Epoch time: 72.31 s
2025-11-21 10:42:28.501609: 
2025-11-21 10:42:28.501828: Epoch 776
2025-11-21 10:42:28.501966: Current learning rate: 0.0026
2025-11-21 10:43:42.140426: train_loss -0.7531
2025-11-21 10:43:42.142469: val_loss -0.7492
2025-11-21 10:43:42.142599: Pseudo dice [np.float32(0.9155), np.float32(0.7344), np.float32(0.0)]
2025-11-21 10:43:42.142707: Epoch time: 73.64 s
2025-11-21 10:43:43.665027: 
2025-11-21 10:43:43.665300: Epoch 777
2025-11-21 10:43:43.665432: Current learning rate: 0.00259
2025-11-21 10:44:52.267737: train_loss -0.7662
2025-11-21 10:44:52.267992: val_loss -0.7689
2025-11-21 10:44:52.268098: Pseudo dice [np.float32(0.9159), np.float32(0.7688), np.float32(0.0)]
2025-11-21 10:44:52.270470: Epoch time: 68.6 s
2025-11-21 10:44:54.693386: 
2025-11-21 10:44:54.693672: Epoch 778
2025-11-21 10:44:54.693810: Current learning rate: 0.00258
2025-11-21 10:46:07.244631: train_loss -0.7609
2025-11-21 10:46:07.244871: val_loss -0.7638
2025-11-21 10:46:07.244972: Pseudo dice [np.float32(0.9132), np.float32(0.7675), np.float32(0.0)]
2025-11-21 10:46:07.246370: Epoch time: 72.55 s
2025-11-21 10:46:09.231551: 
2025-11-21 10:46:09.231752: Epoch 779
2025-11-21 10:46:09.231868: Current learning rate: 0.00257
2025-11-21 10:47:21.884684: train_loss -0.7545
2025-11-21 10:47:21.885040: val_loss -0.7496
2025-11-21 10:47:21.885149: Pseudo dice [np.float32(0.9153), np.float32(0.7491), np.float32(0.0)]
2025-11-21 10:47:21.885260: Epoch time: 72.65 s
2025-11-21 10:47:23.595161: 
2025-11-21 10:47:23.595429: Epoch 780
2025-11-21 10:47:23.595555: Current learning rate: 0.00256
2025-11-21 10:48:34.995491: train_loss -0.7529
2025-11-21 10:48:34.995734: val_loss -0.7464
2025-11-21 10:48:34.995840: Pseudo dice [np.float32(0.9098), np.float32(0.737), np.float32(0.0)]
2025-11-21 10:48:34.995941: Epoch time: 71.4 s
2025-11-21 10:48:37.528616: 
2025-11-21 10:48:37.528807: Epoch 781
2025-11-21 10:48:37.528925: Current learning rate: 0.00255
2025-11-21 10:49:49.610433: train_loss -0.7493
2025-11-21 10:49:49.610660: val_loss -0.7134
2025-11-21 10:49:49.610765: Pseudo dice [np.float32(0.9139), np.float32(0.7479), np.float32(0.0)]
2025-11-21 10:49:49.610889: Epoch time: 72.08 s
2025-11-21 10:49:50.875722: 
2025-11-21 10:49:50.875921: Epoch 782
2025-11-21 10:49:50.876058: Current learning rate: 0.00254
2025-11-21 10:51:03.584160: train_loss -0.7546
2025-11-21 10:51:03.588760: val_loss -0.7669
2025-11-21 10:51:03.588918: Pseudo dice [np.float32(0.9208), np.float32(0.7562), np.float32(0.0)]
2025-11-21 10:51:03.589017: Epoch time: 72.71 s
2025-11-21 10:51:05.500268: 
2025-11-21 10:51:05.500529: Epoch 783
2025-11-21 10:51:05.500648: Current learning rate: 0.00253
2025-11-21 10:52:16.285666: train_loss -0.7781
2025-11-21 10:52:16.285919: val_loss -0.7599
2025-11-21 10:52:16.286021: Pseudo dice [np.float32(0.9183), np.float32(0.7538), np.float32(0.0)]
2025-11-21 10:52:16.286122: Epoch time: 70.79 s
2025-11-21 10:52:17.992424: 
2025-11-21 10:52:17.992632: Epoch 784
2025-11-21 10:52:17.992759: Current learning rate: 0.00252
2025-11-21 10:53:27.683706: train_loss -0.7605
2025-11-21 10:53:27.683939: val_loss -0.7549
2025-11-21 10:53:27.684041: Pseudo dice [np.float32(0.9228), np.float32(0.7646), np.float32(0.0)]
2025-11-21 10:53:27.684144: Epoch time: 69.69 s
2025-11-21 10:53:28.932853: 
2025-11-21 10:53:28.933096: Epoch 785
2025-11-21 10:53:28.933229: Current learning rate: 0.00251
2025-11-21 10:54:39.694877: train_loss -0.7685
2025-11-21 10:54:39.705391: val_loss -0.7282
2025-11-21 10:54:39.711373: Pseudo dice [np.float32(0.921), np.float32(0.7479), np.float32(0.0)]
2025-11-21 10:54:39.711543: Epoch time: 70.76 s
2025-11-21 10:54:42.111901: 
2025-11-21 10:54:42.112118: Epoch 786
2025-11-21 10:54:42.112250: Current learning rate: 0.0025
2025-11-21 10:55:53.606037: train_loss -0.7602
2025-11-21 10:55:53.606331: val_loss -0.7588
2025-11-21 10:55:53.606438: Pseudo dice [np.float32(0.9181), np.float32(0.7482), np.float32(0.0)]
2025-11-21 10:55:53.606542: Epoch time: 71.5 s
2025-11-21 10:55:56.780233: 
2025-11-21 10:55:56.780484: Epoch 787
2025-11-21 10:55:56.780613: Current learning rate: 0.00249
2025-11-21 10:57:10.651618: train_loss -0.7601
2025-11-21 10:57:10.651866: val_loss -0.7306
2025-11-21 10:57:10.651969: Pseudo dice [np.float32(0.9209), np.float32(0.7349), np.float32(0.0)]
2025-11-21 10:57:10.652073: Epoch time: 73.87 s
2025-11-21 10:57:13.025817: 
2025-11-21 10:57:13.026019: Epoch 788
2025-11-21 10:57:13.026146: Current learning rate: 0.00248
2025-11-21 10:58:23.586725: train_loss -0.7663
2025-11-21 10:58:23.586993: val_loss -0.7386
2025-11-21 10:58:23.587098: Pseudo dice [np.float32(0.9179), np.float32(0.7544), np.float32(0.0)]
2025-11-21 10:58:23.587205: Epoch time: 70.56 s
2025-11-21 10:58:24.768088: 
2025-11-21 10:58:24.768286: Epoch 789
2025-11-21 10:58:24.768402: Current learning rate: 0.00247
2025-11-21 10:59:32.346080: train_loss -0.7767
2025-11-21 10:59:32.346352: val_loss -0.742
2025-11-21 10:59:32.346457: Pseudo dice [np.float32(0.9195), np.float32(0.7548), np.float32(0.0)]
2025-11-21 10:59:32.346640: Epoch time: 67.58 s
2025-11-21 10:59:33.884927: 
2025-11-21 10:59:33.885133: Epoch 790
2025-11-21 10:59:33.885307: Current learning rate: 0.00245
2025-11-21 11:00:48.206309: train_loss -0.7683
2025-11-21 11:00:48.206545: val_loss -0.7486
2025-11-21 11:00:48.206645: Pseudo dice [np.float32(0.919), np.float32(0.7737), np.float32(0.0)]
2025-11-21 11:00:48.206745: Epoch time: 74.32 s
2025-11-21 11:00:49.437122: 
2025-11-21 11:00:49.437325: Epoch 791
2025-11-21 11:00:49.437440: Current learning rate: 0.00244
2025-11-21 11:02:02.586748: train_loss -0.7539
2025-11-21 11:02:02.587068: val_loss -0.7333
2025-11-21 11:02:02.587182: Pseudo dice [np.float32(0.918), np.float32(0.7569), np.float32(0.0)]
2025-11-21 11:02:02.587287: Epoch time: 73.15 s
2025-11-21 11:02:03.799119: 
2025-11-21 11:02:03.799302: Epoch 792
2025-11-21 11:02:03.799419: Current learning rate: 0.00243
2025-11-21 11:03:15.453302: train_loss -0.767
2025-11-21 11:03:15.453557: val_loss -0.7225
2025-11-21 11:03:15.453661: Pseudo dice [np.float32(0.9185), np.float32(0.749), np.float32(0.0)]
2025-11-21 11:03:15.453763: Epoch time: 71.66 s
2025-11-21 11:03:16.624200: 
2025-11-21 11:03:16.624511: Epoch 793
2025-11-21 11:03:16.624633: Current learning rate: 0.00242
2025-11-21 11:04:30.154419: train_loss -0.7569
2025-11-21 11:04:30.154673: val_loss -0.7462
2025-11-21 11:04:30.154779: Pseudo dice [np.float32(0.9196), np.float32(0.7701), np.float32(0.0)]
2025-11-21 11:04:30.154883: Epoch time: 73.53 s
2025-11-21 11:04:32.124699: 
2025-11-21 11:04:32.124946: Epoch 794
2025-11-21 11:04:32.125076: Current learning rate: 0.00241
2025-11-21 11:05:43.897648: train_loss -0.7551
2025-11-21 11:05:43.897901: val_loss -0.7598
2025-11-21 11:05:43.898091: Pseudo dice [np.float32(0.911), np.float32(0.7679), np.float32(0.0)]
2025-11-21 11:05:43.898216: Epoch time: 71.77 s
2025-11-21 11:05:45.054819: 
2025-11-21 11:05:45.055040: Epoch 795
2025-11-21 11:05:45.055179: Current learning rate: 0.0024
2025-11-21 11:06:54.892088: train_loss -0.7528
2025-11-21 11:06:54.892350: val_loss -0.7477
2025-11-21 11:06:54.892455: Pseudo dice [np.float32(0.9228), np.float32(0.7446), np.float32(0.0)]
2025-11-21 11:06:54.892559: Epoch time: 69.84 s
2025-11-21 11:06:56.367988: 
2025-11-21 11:06:56.368303: Epoch 796
2025-11-21 11:06:56.368462: Current learning rate: 0.00239
2025-11-21 11:08:10.472743: train_loss -0.7643
2025-11-21 11:08:10.472987: val_loss -0.7545
2025-11-21 11:08:10.473094: Pseudo dice [np.float32(0.918), np.float32(0.7318), np.float32(0.0)]
2025-11-21 11:08:10.473205: Epoch time: 74.11 s
2025-11-21 11:08:11.668097: 
2025-11-21 11:08:11.668295: Epoch 797
2025-11-21 11:08:11.668423: Current learning rate: 0.00238
2025-11-21 11:09:24.456888: train_loss -0.7737
2025-11-21 11:09:24.457169: val_loss -0.7661
2025-11-21 11:09:24.457271: Pseudo dice [np.float32(0.9165), np.float32(0.7644), np.float32(0.0)]
2025-11-21 11:09:24.457370: Epoch time: 72.78 s
2025-11-21 11:09:26.194906: 
2025-11-21 11:09:26.195084: Epoch 798
2025-11-21 11:09:26.195209: Current learning rate: 0.00237
2025-11-21 11:10:39.873683: train_loss -0.7681
2025-11-21 11:10:39.873931: val_loss -0.7221
2025-11-21 11:10:39.874034: Pseudo dice [np.float32(0.9119), np.float32(0.7497), np.float32(0.0)]
2025-11-21 11:10:39.874139: Epoch time: 73.68 s
2025-11-21 11:10:41.009461: 
2025-11-21 11:10:41.009769: Epoch 799
2025-11-21 11:10:41.009907: Current learning rate: 0.00236
2025-11-21 11:11:49.869157: train_loss -0.7657
2025-11-21 11:11:49.869415: val_loss -0.7247
2025-11-21 11:11:49.873768: Pseudo dice [np.float32(0.9236), np.float32(0.7511), np.float32(0.0)]
2025-11-21 11:11:49.873953: Epoch time: 68.86 s
2025-11-21 11:11:52.087959: 
2025-11-21 11:11:52.088165: Epoch 800
2025-11-21 11:11:52.088295: Current learning rate: 0.00235
2025-11-21 11:12:59.906498: train_loss -0.7665
2025-11-21 11:12:59.906749: val_loss -0.6989
2025-11-21 11:12:59.906877: Pseudo dice [np.float32(0.9116), np.float32(0.7733), np.float32(0.0)]
2025-11-21 11:12:59.910130: Epoch time: 67.82 s
2025-11-21 11:13:02.252601: 
2025-11-21 11:13:02.252773: Epoch 801
2025-11-21 11:13:02.252898: Current learning rate: 0.00234
2025-11-21 11:14:12.294149: train_loss -0.7631
2025-11-21 11:14:12.294513: val_loss -0.7563
2025-11-21 11:14:12.294622: Pseudo dice [np.float32(0.9137), np.float32(0.7609), np.float32(0.0)]
2025-11-21 11:14:12.294732: Epoch time: 70.04 s
2025-11-21 11:14:13.482516: 
2025-11-21 11:14:13.482803: Epoch 802
2025-11-21 11:14:13.482944: Current learning rate: 0.00233
2025-11-21 11:15:26.072183: train_loss -0.7772
2025-11-21 11:15:26.072435: val_loss -0.7147
2025-11-21 11:15:26.072567: Pseudo dice [np.float32(0.9195), np.float32(0.7195), np.float32(0.0)]
2025-11-21 11:15:26.074996: Epoch time: 72.59 s
2025-11-21 11:15:27.274784: 
2025-11-21 11:15:27.274988: Epoch 803
2025-11-21 11:15:27.275113: Current learning rate: 0.00232
2025-11-21 11:16:36.262212: train_loss -0.7578
2025-11-21 11:16:36.262544: val_loss -0.7651
2025-11-21 11:16:36.262658: Pseudo dice [np.float32(0.9137), np.float32(0.7639), np.float32(0.0)]
2025-11-21 11:16:36.262789: Epoch time: 68.99 s
2025-11-21 11:16:37.705237: 
2025-11-21 11:16:37.705436: Epoch 804
2025-11-21 11:16:37.705564: Current learning rate: 0.00231
2025-11-21 11:17:45.857651: train_loss -0.7794
2025-11-21 11:17:45.859558: val_loss -0.773
2025-11-21 11:17:45.859695: Pseudo dice [np.float32(0.915), np.float32(0.755), np.float32(0.0)]
2025-11-21 11:17:45.859812: Epoch time: 68.15 s
2025-11-21 11:17:47.409463: 
2025-11-21 11:17:47.409664: Epoch 805
2025-11-21 11:17:47.409781: Current learning rate: 0.0023
2025-11-21 11:18:57.746372: train_loss -0.7564
2025-11-21 11:18:57.746608: val_loss -0.7437
2025-11-21 11:18:57.746724: Pseudo dice [np.float32(0.9155), np.float32(0.7465), np.float32(0.0)]
2025-11-21 11:18:57.746826: Epoch time: 70.34 s
2025-11-21 11:18:58.934308: 
2025-11-21 11:18:58.934614: Epoch 806
2025-11-21 11:18:58.934769: Current learning rate: 0.00229
2025-11-21 11:20:09.214282: train_loss -0.7703
2025-11-21 11:20:09.215235: val_loss -0.7493
2025-11-21 11:20:09.215360: Pseudo dice [np.float32(0.913), np.float32(0.7568), np.float32(0.0)]
2025-11-21 11:20:09.215469: Epoch time: 70.28 s
2025-11-21 11:20:10.980774: 
2025-11-21 11:20:10.981006: Epoch 807
2025-11-21 11:20:10.981141: Current learning rate: 0.00228
2025-11-21 11:21:18.353699: train_loss -0.7601
2025-11-21 11:21:18.354043: val_loss -0.7488
2025-11-21 11:21:18.354159: Pseudo dice [np.float32(0.9157), np.float32(0.7564), np.float32(0.0)]
2025-11-21 11:21:18.354284: Epoch time: 67.37 s
2025-11-21 11:21:19.849952: 
2025-11-21 11:21:19.850215: Epoch 808
2025-11-21 11:21:19.850348: Current learning rate: 0.00226
2025-11-21 11:22:33.496801: train_loss -0.7659
2025-11-21 11:22:33.497040: val_loss -0.776
2025-11-21 11:22:33.497146: Pseudo dice [np.float32(0.9122), np.float32(0.7534), np.float32(0.0)]
2025-11-21 11:22:33.497255: Epoch time: 73.65 s
2025-11-21 11:22:35.291577: 
2025-11-21 11:22:35.291741: Epoch 809
2025-11-21 11:22:35.291876: Current learning rate: 0.00225
2025-11-21 11:23:47.967694: train_loss -0.7785
2025-11-21 11:23:47.967942: val_loss -0.742
2025-11-21 11:23:47.970531: Pseudo dice [np.float32(0.9203), np.float32(0.7484), np.float32(0.0)]
2025-11-21 11:23:47.970838: Epoch time: 72.68 s
2025-11-21 11:23:49.170007: 
2025-11-21 11:23:49.170334: Epoch 810
2025-11-21 11:23:49.170530: Current learning rate: 0.00224
2025-11-21 11:25:00.496255: train_loss -0.772
2025-11-21 11:25:00.496505: val_loss -0.7672
2025-11-21 11:25:00.496621: Pseudo dice [np.float32(0.9117), np.float32(0.7729), np.float32(0.0)]
2025-11-21 11:25:00.496730: Epoch time: 71.33 s
2025-11-21 11:25:02.102214: 
2025-11-21 11:25:02.102395: Epoch 811
2025-11-21 11:25:02.102513: Current learning rate: 0.00223
2025-11-21 11:26:13.881781: train_loss -0.7624
2025-11-21 11:26:13.884183: val_loss -0.7509
2025-11-21 11:26:13.884313: Pseudo dice [np.float32(0.9143), np.float32(0.7435), np.float32(0.0)]
2025-11-21 11:26:13.884418: Epoch time: 71.78 s
2025-11-21 11:26:15.689852: 
2025-11-21 11:26:15.690118: Epoch 812
2025-11-21 11:26:15.690250: Current learning rate: 0.00222
2025-11-21 11:27:27.015675: train_loss -0.7673
2025-11-21 11:27:27.015998: val_loss -0.7621
2025-11-21 11:27:27.016108: Pseudo dice [np.float32(0.9159), np.float32(0.7422), np.float32(0.0)]
2025-11-21 11:27:27.016225: Epoch time: 71.33 s
2025-11-21 11:27:28.604761: 
2025-11-21 11:27:28.604986: Epoch 813
2025-11-21 11:27:28.605133: Current learning rate: 0.00221
2025-11-21 11:28:38.953710: train_loss -0.7591
2025-11-21 11:28:38.953956: val_loss -0.7253
2025-11-21 11:28:38.954062: Pseudo dice [np.float32(0.9132), np.float32(0.7612), np.float32(0.0)]
2025-11-21 11:28:38.954163: Epoch time: 70.35 s
2025-11-21 11:28:40.621647: 
2025-11-21 11:28:40.621884: Epoch 814
2025-11-21 11:28:40.622029: Current learning rate: 0.0022
2025-11-21 11:29:49.041913: train_loss -0.7596
2025-11-21 11:29:49.042155: val_loss -0.7602
2025-11-21 11:29:49.042283: Pseudo dice [np.float32(0.9205), np.float32(0.7572), np.float32(0.0)]
2025-11-21 11:29:49.042392: Epoch time: 68.42 s
2025-11-21 11:29:50.564252: 
2025-11-21 11:29:50.564473: Epoch 815
2025-11-21 11:29:50.567328: Current learning rate: 0.00219
2025-11-21 11:31:01.954524: train_loss -0.7724
2025-11-21 11:31:01.956504: val_loss -0.7622
2025-11-21 11:31:01.956624: Pseudo dice [np.float32(0.9158), np.float32(0.7619), np.float32(0.0)]
2025-11-21 11:31:01.956720: Epoch time: 71.39 s
2025-11-21 11:31:03.786313: 
2025-11-21 11:31:03.786516: Epoch 816
2025-11-21 11:31:03.786670: Current learning rate: 0.00218
2025-11-21 11:32:16.754337: train_loss -0.7643
2025-11-21 11:32:16.754596: val_loss -0.7644
2025-11-21 11:32:16.754709: Pseudo dice [np.float32(0.9145), np.float32(0.7279), np.float32(0.0)]
2025-11-21 11:32:16.758059: Epoch time: 72.97 s
2025-11-21 11:32:18.463936: 
2025-11-21 11:32:18.464176: Epoch 817
2025-11-21 11:32:18.464318: Current learning rate: 0.00217
2025-11-21 11:33:33.255372: train_loss -0.7735
2025-11-21 11:33:33.255628: val_loss -0.7617
2025-11-21 11:33:33.255757: Pseudo dice [np.float32(0.9178), np.float32(0.7638), np.float32(0.0)]
2025-11-21 11:33:33.255865: Epoch time: 74.79 s
2025-11-21 11:33:34.432418: 
2025-11-21 11:33:34.432608: Epoch 818
2025-11-21 11:33:34.432734: Current learning rate: 0.00216
2025-11-21 11:34:45.422784: train_loss -0.7668
2025-11-21 11:34:45.423030: val_loss -0.7426
2025-11-21 11:34:45.423145: Pseudo dice [np.float32(0.917), np.float32(0.757), np.float32(0.0)]
2025-11-21 11:34:45.424304: Epoch time: 70.99 s
2025-11-21 11:34:47.797990: 
2025-11-21 11:34:47.798185: Epoch 819
2025-11-21 11:34:47.798329: Current learning rate: 0.00215
2025-11-21 11:35:57.753020: train_loss -0.7786
2025-11-21 11:35:57.753296: val_loss -0.7551
2025-11-21 11:35:57.753426: Pseudo dice [np.float32(0.9083), np.float32(0.7438), np.float32(0.0)]
2025-11-21 11:35:57.753549: Epoch time: 69.96 s
2025-11-21 11:35:59.266620: 
2025-11-21 11:35:59.266794: Epoch 820
2025-11-21 11:35:59.266930: Current learning rate: 0.00214
2025-11-21 11:37:09.365550: train_loss -0.7708
2025-11-21 11:37:09.366391: val_loss -0.7367
2025-11-21 11:37:09.366524: Pseudo dice [np.float32(0.9142), np.float32(0.7527), np.float32(0.0)]
2025-11-21 11:37:09.366632: Epoch time: 70.1 s
2025-11-21 11:37:10.812957: 
2025-11-21 11:37:10.813140: Epoch 821
2025-11-21 11:37:10.813269: Current learning rate: 0.00213
2025-11-21 11:38:22.070036: train_loss -0.7671
2025-11-21 11:38:22.071155: val_loss -0.7552
2025-11-21 11:38:22.071280: Pseudo dice [np.float32(0.9213), np.float32(0.7607), np.float32(0.0)]
2025-11-21 11:38:22.071385: Epoch time: 71.26 s
2025-11-21 11:38:23.863017: 
2025-11-21 11:38:23.863279: Epoch 822
2025-11-21 11:38:23.863409: Current learning rate: 0.00212
2025-11-21 11:39:32.592942: train_loss -0.7538
2025-11-21 11:39:32.593185: val_loss -0.7598
2025-11-21 11:39:32.593292: Pseudo dice [np.float32(0.9122), np.float32(0.7491), np.float32(0.0)]
2025-11-21 11:39:32.593398: Epoch time: 68.73 s
2025-11-21 11:39:34.829422: 
2025-11-21 11:39:34.829661: Epoch 823
2025-11-21 11:39:34.829795: Current learning rate: 0.0021
2025-11-21 11:40:47.236527: train_loss -0.7704
2025-11-21 11:40:47.236758: val_loss -0.7394
2025-11-21 11:40:47.236878: Pseudo dice [np.float32(0.9126), np.float32(0.7712), np.float32(0.0)]
2025-11-21 11:40:47.236990: Epoch time: 72.41 s
2025-11-21 11:40:48.368865: 
2025-11-21 11:40:48.369077: Epoch 824
2025-11-21 11:40:48.369204: Current learning rate: 0.00209
2025-11-21 11:41:59.307875: train_loss -0.773
2025-11-21 11:41:59.309812: val_loss -0.7382
2025-11-21 11:41:59.309943: Pseudo dice [np.float32(0.9207), np.float32(0.7387), np.float32(0.0)]
2025-11-21 11:41:59.310039: Epoch time: 70.94 s
2025-11-21 11:42:01.129462: 
2025-11-21 11:42:01.129738: Epoch 825
2025-11-21 11:42:01.129875: Current learning rate: 0.00208
2025-11-21 11:43:12.230489: train_loss -0.7673
2025-11-21 11:43:12.230747: val_loss -0.7299
2025-11-21 11:43:12.230860: Pseudo dice [np.float32(0.9135), np.float32(0.7349), np.float32(0.0)]
2025-11-21 11:43:12.230987: Epoch time: 71.1 s
2025-11-21 11:43:13.468720: 
2025-11-21 11:43:13.468923: Epoch 826
2025-11-21 11:43:13.469079: Current learning rate: 0.00207
2025-11-21 11:44:28.102491: train_loss -0.7647
2025-11-21 11:44:28.102751: val_loss -0.768
2025-11-21 11:44:28.113380: Pseudo dice [np.float32(0.9172), np.float32(0.7696), np.float32(0.0)]
2025-11-21 11:44:28.119379: Epoch time: 74.63 s
2025-11-21 11:44:29.505332: 
2025-11-21 11:44:29.505569: Epoch 827
2025-11-21 11:44:29.505697: Current learning rate: 0.00206
2025-11-21 11:45:42.518505: train_loss -0.7606
2025-11-21 11:45:42.518767: val_loss -0.7579
2025-11-21 11:45:42.518924: Pseudo dice [np.float32(0.9131), np.float32(0.7599), np.float32(0.0)]
2025-11-21 11:45:42.519170: Epoch time: 73.01 s
2025-11-21 11:45:43.655123: 
2025-11-21 11:45:43.655300: Epoch 828
2025-11-21 11:45:43.655420: Current learning rate: 0.00205
2025-11-21 11:46:58.845032: train_loss -0.7691
2025-11-21 11:46:58.845402: val_loss -0.7643
2025-11-21 11:46:58.845512: Pseudo dice [np.float32(0.9161), np.float32(0.7241), np.float32(0.0)]
2025-11-21 11:46:58.845618: Epoch time: 75.19 s
2025-11-21 11:47:00.734684: 
2025-11-21 11:47:00.734912: Epoch 829
2025-11-21 11:47:00.735024: Current learning rate: 0.00204
2025-11-21 11:48:12.799738: train_loss -0.773
2025-11-21 11:48:12.813517: val_loss -0.7756
2025-11-21 11:48:12.813643: Pseudo dice [np.float32(0.9182), np.float32(0.7509), np.float32(0.0)]
2025-11-21 11:48:12.813757: Epoch time: 72.07 s
2025-11-21 11:48:15.297945: 
2025-11-21 11:48:15.298190: Epoch 830
2025-11-21 11:48:15.298316: Current learning rate: 0.00203
2025-11-21 11:49:24.179661: train_loss -0.7728
2025-11-21 11:49:24.179889: val_loss -0.7397
2025-11-21 11:49:24.179997: Pseudo dice [np.float32(0.9119), np.float32(0.7695), np.float32(0.0)]
2025-11-21 11:49:24.180100: Epoch time: 68.88 s
2025-11-21 11:49:25.405039: 
2025-11-21 11:49:25.405255: Epoch 831
2025-11-21 11:49:25.405404: Current learning rate: 0.00202
2025-11-21 11:50:39.581707: train_loss -0.7652
2025-11-21 11:50:39.581998: val_loss -0.7474
2025-11-21 11:50:39.582106: Pseudo dice [np.float32(0.9199), np.float32(0.7562), np.float32(0.0)]
2025-11-21 11:50:39.582214: Epoch time: 74.18 s
2025-11-21 11:50:41.274569: 
2025-11-21 11:50:41.274795: Epoch 832
2025-11-21 11:50:41.274926: Current learning rate: 0.00201
2025-11-21 11:51:56.085588: train_loss -0.7664
2025-11-21 11:51:56.085830: val_loss -0.7362
2025-11-21 11:51:56.085956: Pseudo dice [np.float32(0.9188), np.float32(0.752), np.float32(0.0)]
2025-11-21 11:51:56.086084: Epoch time: 74.81 s
2025-11-21 11:51:57.846536: 
2025-11-21 11:51:57.846814: Epoch 833
2025-11-21 11:51:57.847029: Current learning rate: 0.002
2025-11-21 11:53:08.047442: train_loss -0.7738
2025-11-21 11:53:08.048936: val_loss -0.7497
2025-11-21 11:53:08.049054: Pseudo dice [np.float32(0.9096), np.float32(0.7497), np.float32(0.0)]
2025-11-21 11:53:08.049155: Epoch time: 70.2 s
2025-11-21 11:53:09.394243: 
2025-11-21 11:53:09.394500: Epoch 834
2025-11-21 11:53:09.394647: Current learning rate: 0.00199
2025-11-21 11:54:20.880277: train_loss -0.7699
2025-11-21 11:54:20.882138: val_loss -0.7536
2025-11-21 11:54:20.882277: Pseudo dice [np.float32(0.9169), np.float32(0.7369), np.float32(0.0)]
2025-11-21 11:54:20.882468: Epoch time: 71.49 s
2025-11-21 11:54:22.116663: 
2025-11-21 11:54:22.116881: Epoch 835
2025-11-21 11:54:22.117032: Current learning rate: 0.00198
2025-11-21 11:55:33.898291: train_loss -0.7652
2025-11-21 11:55:33.898562: val_loss -0.7343
2025-11-21 11:55:33.898677: Pseudo dice [np.float32(0.9181), np.float32(0.76), np.float32(0.0)]
2025-11-21 11:55:33.898787: Epoch time: 71.78 s
2025-11-21 11:55:35.830336: 
2025-11-21 11:55:35.830525: Epoch 836
2025-11-21 11:55:35.830650: Current learning rate: 0.00196
2025-11-21 11:56:48.701801: train_loss -0.7715
2025-11-21 11:56:48.702033: val_loss -0.7342
2025-11-21 11:56:48.702139: Pseudo dice [np.float32(0.9131), np.float32(0.7678), np.float32(0.0)]
2025-11-21 11:56:48.702251: Epoch time: 72.87 s
2025-11-21 11:56:50.173253: 
2025-11-21 11:56:50.173429: Epoch 837
2025-11-21 11:56:50.173552: Current learning rate: 0.00195
2025-11-21 11:57:59.617152: train_loss -0.7793
2025-11-21 11:57:59.617407: val_loss -0.7601
2025-11-21 11:57:59.617520: Pseudo dice [np.float32(0.9082), np.float32(0.7389), np.float32(0.0)]
2025-11-21 11:57:59.617631: Epoch time: 69.44 s
2025-11-21 11:58:00.782976: 
2025-11-21 11:58:00.783228: Epoch 838
2025-11-21 11:58:00.783357: Current learning rate: 0.00194
2025-11-21 11:59:08.807746: train_loss -0.7527
2025-11-21 11:59:08.808105: val_loss -0.7306
2025-11-21 11:59:08.808221: Pseudo dice [np.float32(0.9211), np.float32(0.754), np.float32(0.0)]
2025-11-21 11:59:08.808327: Epoch time: 68.03 s
2025-11-21 11:59:10.475643: 
2025-11-21 11:59:10.475845: Epoch 839
2025-11-21 11:59:10.475991: Current learning rate: 0.00193
2025-11-21 12:00:23.687330: train_loss -0.759
2025-11-21 12:00:23.687643: val_loss -0.7018
2025-11-21 12:00:23.687782: Pseudo dice [np.float32(0.9084), np.float32(0.7407), np.float32(0.0)]
2025-11-21 12:00:23.687916: Epoch time: 73.21 s
2025-11-21 12:00:24.809865: 
2025-11-21 12:00:24.810052: Epoch 840
2025-11-21 12:00:24.810180: Current learning rate: 0.00192
2025-11-21 12:01:38.506963: train_loss -0.7619
2025-11-21 12:01:38.507211: val_loss -0.7358
2025-11-21 12:01:38.509512: Pseudo dice [np.float32(0.9196), np.float32(0.7244), np.float32(0.0)]
2025-11-21 12:01:38.509641: Epoch time: 73.7 s
2025-11-21 12:01:40.283282: 
2025-11-21 12:01:40.283482: Epoch 841
2025-11-21 12:01:40.283610: Current learning rate: 0.00191
2025-11-21 12:02:51.890893: train_loss -0.7587
2025-11-21 12:02:51.891130: val_loss -0.7411
2025-11-21 12:02:51.891252: Pseudo dice [np.float32(0.918), np.float32(0.7647), np.float32(0.0)]
2025-11-21 12:02:51.891362: Epoch time: 71.61 s
2025-11-21 12:02:53.072148: 
2025-11-21 12:02:53.072448: Epoch 842
2025-11-21 12:02:53.072617: Current learning rate: 0.0019
2025-11-21 12:04:07.831918: train_loss -0.7678
2025-11-21 12:04:07.832191: val_loss -0.7544
2025-11-21 12:04:07.832309: Pseudo dice [np.float32(0.9159), np.float32(0.746), np.float32(0.0)]
2025-11-21 12:04:07.832421: Epoch time: 74.76 s
2025-11-21 12:04:09.798738: 
2025-11-21 12:04:09.799001: Epoch 843
2025-11-21 12:04:09.799158: Current learning rate: 0.00189
2025-11-21 12:05:22.677556: train_loss -0.7717
2025-11-21 12:05:22.679714: val_loss -0.7814
2025-11-21 12:05:22.679826: Pseudo dice [np.float32(0.9131), np.float32(0.7676), np.float32(0.0)]
2025-11-21 12:05:22.679923: Epoch time: 72.88 s
2025-11-21 12:05:24.588958: 
2025-11-21 12:05:24.589239: Epoch 844
2025-11-21 12:05:24.589381: Current learning rate: 0.00188
2025-11-21 12:06:37.181585: train_loss -0.7632
2025-11-21 12:06:37.182692: val_loss -0.7403
2025-11-21 12:06:37.182820: Pseudo dice [np.float32(0.9096), np.float32(0.7629), np.float32(0.0)]
2025-11-21 12:06:37.182931: Epoch time: 72.59 s
2025-11-21 12:06:39.638102: 
2025-11-21 12:06:39.638295: Epoch 845
2025-11-21 12:06:39.638428: Current learning rate: 0.00187
2025-11-21 12:07:54.224740: train_loss -0.767
2025-11-21 12:07:54.225000: val_loss -0.7404
2025-11-21 12:07:54.225106: Pseudo dice [np.float32(0.9171), np.float32(0.7438), np.float32(0.0)]
2025-11-21 12:07:54.225231: Epoch time: 74.59 s
2025-11-21 12:07:55.947446: 
2025-11-21 12:07:55.947641: Epoch 846
2025-11-21 12:07:55.947769: Current learning rate: 0.00186
2025-11-21 12:09:08.137575: train_loss -0.7706
2025-11-21 12:09:08.138524: val_loss -0.7483
2025-11-21 12:09:08.138639: Pseudo dice [np.float32(0.9121), np.float32(0.7391), np.float32(0.0)]
2025-11-21 12:09:08.138744: Epoch time: 72.19 s
2025-11-21 12:09:09.808757: 
2025-11-21 12:09:09.808995: Epoch 847
2025-11-21 12:09:09.809127: Current learning rate: 0.00185
2025-11-21 12:10:19.396921: train_loss -0.7684
2025-11-21 12:10:19.399426: val_loss -0.749
2025-11-21 12:10:19.399608: Pseudo dice [np.float32(0.9079), np.float32(0.742), np.float32(0.0)]
2025-11-21 12:10:19.399734: Epoch time: 69.59 s
2025-11-21 12:10:20.947469: 
2025-11-21 12:10:20.947656: Epoch 848
2025-11-21 12:10:20.947780: Current learning rate: 0.00184
2025-11-21 12:11:30.825834: train_loss -0.7553
2025-11-21 12:11:30.826066: val_loss -0.7505
2025-11-21 12:11:30.826194: Pseudo dice [np.float32(0.9148), np.float32(0.7503), np.float32(0.0)]
2025-11-21 12:11:30.826317: Epoch time: 69.88 s
2025-11-21 12:11:32.066330: 
2025-11-21 12:11:32.066579: Epoch 849
2025-11-21 12:11:32.066700: Current learning rate: 0.00182
2025-11-21 12:12:38.966995: train_loss -0.7555
2025-11-21 12:12:38.967234: val_loss -0.7334
2025-11-21 12:12:38.967361: Pseudo dice [np.float32(0.9183), np.float32(0.7615), np.float32(0.0)]
2025-11-21 12:12:38.967479: Epoch time: 66.9 s
2025-11-21 12:12:40.419115: 
2025-11-21 12:12:40.419333: Epoch 850
2025-11-21 12:12:40.419456: Current learning rate: 0.00181
2025-11-21 12:13:51.681277: train_loss -0.7708
2025-11-21 12:13:51.681512: val_loss -0.7244
2025-11-21 12:13:51.681617: Pseudo dice [np.float32(0.9197), np.float32(0.7704), np.float32(0.0)]
2025-11-21 12:13:51.681718: Epoch time: 71.26 s
2025-11-21 12:13:53.363159: 
2025-11-21 12:13:53.363376: Epoch 851
2025-11-21 12:13:53.363506: Current learning rate: 0.0018
2025-11-21 12:15:03.275689: train_loss -0.77
2025-11-21 12:15:03.277571: val_loss -0.7186
2025-11-21 12:15:03.277702: Pseudo dice [np.float32(0.9146), np.float32(0.7559), np.float32(0.0)]
2025-11-21 12:15:03.277803: Epoch time: 69.91 s
2025-11-21 12:15:05.470262: 
2025-11-21 12:15:05.470480: Epoch 852
2025-11-21 12:15:05.470602: Current learning rate: 0.00179
2025-11-21 12:16:18.476472: train_loss -0.7744
2025-11-21 12:16:18.478000: val_loss -0.7158
2025-11-21 12:16:18.478142: Pseudo dice [np.float32(0.9137), np.float32(0.749), np.float32(0.0)]
2025-11-21 12:16:18.478267: Epoch time: 73.01 s
2025-11-21 12:16:19.627734: 
2025-11-21 12:16:19.628001: Epoch 853
2025-11-21 12:16:19.628123: Current learning rate: 0.00178
2025-11-21 12:17:35.470894: train_loss -0.775
2025-11-21 12:17:35.475464: val_loss -0.7466
2025-11-21 12:17:35.475585: Pseudo dice [np.float32(0.9182), np.float32(0.74), np.float32(0.0)]
2025-11-21 12:17:35.475688: Epoch time: 75.84 s
2025-11-21 12:17:37.716250: 
2025-11-21 12:17:37.716548: Epoch 854
2025-11-21 12:17:37.716675: Current learning rate: 0.00177
2025-11-21 12:18:48.776879: train_loss -0.7568
2025-11-21 12:18:48.777104: val_loss -0.7391
2025-11-21 12:18:48.777218: Pseudo dice [np.float32(0.911), np.float32(0.7537), np.float32(0.0)]
2025-11-21 12:18:48.779503: Epoch time: 71.06 s
2025-11-21 12:18:50.286419: 
2025-11-21 12:18:50.286616: Epoch 855
2025-11-21 12:18:50.286729: Current learning rate: 0.00176
2025-11-21 12:20:01.705804: train_loss -0.7656
2025-11-21 12:20:01.706050: val_loss -0.747
2025-11-21 12:20:01.708419: Pseudo dice [np.float32(0.9154), np.float32(0.7364), np.float32(0.0)]
2025-11-21 12:20:01.708565: Epoch time: 71.42 s
2025-11-21 12:20:03.279801: 
2025-11-21 12:20:03.280051: Epoch 856
2025-11-21 12:20:03.280182: Current learning rate: 0.00175
2025-11-21 12:21:11.648514: train_loss -0.7715
2025-11-21 12:21:11.648750: val_loss -0.7701
2025-11-21 12:21:11.648877: Pseudo dice [np.float32(0.907), np.float32(0.7427), np.float32(0.0)]
2025-11-21 12:21:11.648985: Epoch time: 68.37 s
2025-11-21 12:21:12.973918: 
2025-11-21 12:21:12.974194: Epoch 857
2025-11-21 12:21:12.974346: Current learning rate: 0.00174
2025-11-21 12:22:21.128051: train_loss -0.7734
2025-11-21 12:22:21.128484: val_loss -0.705
2025-11-21 12:22:21.128600: Pseudo dice [np.float32(0.9117), np.float32(0.7546), np.float32(0.0)]
2025-11-21 12:22:21.128712: Epoch time: 68.16 s
2025-11-21 12:22:23.460326: 
2025-11-21 12:22:23.460568: Epoch 858
2025-11-21 12:22:23.460709: Current learning rate: 0.00173
2025-11-21 12:23:35.502964: train_loss -0.7698
2025-11-21 12:23:35.503203: val_loss -0.7257
2025-11-21 12:23:35.503306: Pseudo dice [np.float32(0.9175), np.float32(0.7509), np.float32(0.0)]
2025-11-21 12:23:35.503407: Epoch time: 72.04 s
2025-11-21 12:23:36.759956: 
2025-11-21 12:23:36.760243: Epoch 859
2025-11-21 12:23:36.760401: Current learning rate: 0.00172
2025-11-21 12:24:50.283090: train_loss -0.7705
2025-11-21 12:24:50.288478: val_loss -0.7298
2025-11-21 12:24:50.288666: Pseudo dice [np.float32(0.9139), np.float32(0.7524), np.float32(0.0)]
2025-11-21 12:24:50.288774: Epoch time: 73.52 s
2025-11-21 12:24:52.068468: 
2025-11-21 12:24:52.068685: Epoch 860
2025-11-21 12:24:52.068834: Current learning rate: 0.0017
2025-11-21 12:26:02.691030: train_loss -0.7613
2025-11-21 12:26:02.692727: val_loss -0.7356
2025-11-21 12:26:02.692891: Pseudo dice [np.float32(0.9221), np.float32(0.7469), np.float32(0.0)]
2025-11-21 12:26:02.693012: Epoch time: 70.62 s
2025-11-21 12:26:04.298429: 
2025-11-21 12:26:04.298702: Epoch 861
2025-11-21 12:26:04.298825: Current learning rate: 0.00169
2025-11-21 12:27:14.029049: train_loss -0.785
2025-11-21 12:27:14.029294: val_loss -0.7413
2025-11-21 12:27:14.029436: Pseudo dice [np.float32(0.9173), np.float32(0.7632), np.float32(0.0)]
2025-11-21 12:27:14.029567: Epoch time: 69.73 s
2025-11-21 12:27:15.153058: 
2025-11-21 12:27:15.153346: Epoch 862
2025-11-21 12:27:15.153478: Current learning rate: 0.00168
2025-11-21 12:28:23.784360: train_loss -0.771
2025-11-21 12:28:23.784648: val_loss -0.7062
2025-11-21 12:28:23.784772: Pseudo dice [np.float32(0.9168), np.float32(0.7452), np.float32(0.0)]
2025-11-21 12:28:23.784886: Epoch time: 68.63 s
2025-11-21 12:28:25.463954: 
2025-11-21 12:28:25.464214: Epoch 863
2025-11-21 12:28:25.464333: Current learning rate: 0.00167
2025-11-21 12:29:38.898330: train_loss -0.7613
2025-11-21 12:29:38.898697: val_loss -0.7579
2025-11-21 12:29:38.898804: Pseudo dice [np.float32(0.9063), np.float32(0.7389), np.float32(0.0)]
2025-11-21 12:29:38.898923: Epoch time: 73.44 s
2025-11-21 12:29:40.016707: 
2025-11-21 12:29:40.016953: Epoch 864
2025-11-21 12:29:40.017098: Current learning rate: 0.00166
2025-11-21 12:30:50.699292: train_loss -0.7726
2025-11-21 12:30:50.699541: val_loss -0.7483
2025-11-21 12:30:50.699644: Pseudo dice [np.float32(0.9197), np.float32(0.7507), np.float32(0.0)]
2025-11-21 12:30:50.699750: Epoch time: 70.68 s
2025-11-21 12:30:51.882276: 
2025-11-21 12:30:51.882465: Epoch 865
2025-11-21 12:30:51.882606: Current learning rate: 0.00165
2025-11-21 12:32:01.373617: train_loss -0.7616
2025-11-21 12:32:01.374919: val_loss -0.7652
2025-11-21 12:32:01.375062: Pseudo dice [np.float32(0.911), np.float32(0.7398), np.float32(0.0)]
2025-11-21 12:32:01.375188: Epoch time: 69.49 s
2025-11-21 12:32:03.355333: 
2025-11-21 12:32:03.355681: Epoch 866
2025-11-21 12:32:03.355902: Current learning rate: 0.00164
2025-11-21 12:33:17.171352: train_loss -0.765
2025-11-21 12:33:17.171572: val_loss -0.726
2025-11-21 12:33:17.171675: Pseudo dice [np.float32(0.9206), np.float32(0.7646), np.float32(0.0)]
2025-11-21 12:33:17.171777: Epoch time: 73.82 s
2025-11-21 12:33:18.482421: 
2025-11-21 12:33:18.482613: Epoch 867
2025-11-21 12:33:18.482751: Current learning rate: 0.00163
2025-11-21 12:34:30.842018: train_loss -0.7777
2025-11-21 12:34:30.844147: val_loss -0.7468
2025-11-21 12:34:30.846168: Pseudo dice [np.float32(0.9182), np.float32(0.7613), np.float32(0.0)]
2025-11-21 12:34:30.846306: Epoch time: 72.36 s
2025-11-21 12:34:32.417697: 
2025-11-21 12:34:32.417902: Epoch 868
2025-11-21 12:34:32.418039: Current learning rate: 0.00162
2025-11-21 12:35:42.543685: train_loss -0.7751
2025-11-21 12:35:42.544034: val_loss -0.7011
2025-11-21 12:35:42.544149: Pseudo dice [np.float32(0.9105), np.float32(0.7475), np.float32(0.0)]
2025-11-21 12:35:42.544287: Epoch time: 70.13 s
2025-11-21 12:35:44.265913: 
2025-11-21 12:35:44.266098: Epoch 869
2025-11-21 12:35:44.266392: Current learning rate: 0.00161
2025-11-21 12:36:55.275743: train_loss -0.7542
2025-11-21 12:36:55.275994: val_loss -0.7223
2025-11-21 12:36:55.276128: Pseudo dice [np.float32(0.9125), np.float32(0.7576), np.float32(0.0)]
2025-11-21 12:36:55.276248: Epoch time: 71.01 s
2025-11-21 12:36:57.461679: 
2025-11-21 12:36:57.461844: Epoch 870
2025-11-21 12:36:57.461965: Current learning rate: 0.00159
2025-11-21 12:38:07.632770: train_loss -0.7682
2025-11-21 12:38:07.633017: val_loss -0.7562
2025-11-21 12:38:07.648524: Pseudo dice [np.float32(0.9138), np.float32(0.7667), np.float32(0.0)]
2025-11-21 12:38:07.648707: Epoch time: 70.17 s
2025-11-21 12:38:10.619286: 
2025-11-21 12:38:10.619492: Epoch 871
2025-11-21 12:38:10.619613: Current learning rate: 0.00158
2025-11-21 12:39:20.701448: train_loss -0.7627
2025-11-21 12:39:20.701773: val_loss -0.7542
2025-11-21 12:39:20.701938: Pseudo dice [np.float32(0.9172), np.float32(0.7496), np.float32(0.0)]
2025-11-21 12:39:20.702055: Epoch time: 70.08 s
2025-11-21 12:39:21.853650: 
2025-11-21 12:39:21.853849: Epoch 872
2025-11-21 12:39:21.853977: Current learning rate: 0.00157
2025-11-21 12:40:28.656334: train_loss -0.7779
2025-11-21 12:40:28.656584: val_loss -0.751
2025-11-21 12:40:28.656714: Pseudo dice [np.float32(0.9217), np.float32(0.7552), np.float32(0.0)]
2025-11-21 12:40:28.656819: Epoch time: 66.8 s
2025-11-21 12:40:31.107091: 
2025-11-21 12:40:31.107470: Epoch 873
2025-11-21 12:40:31.107641: Current learning rate: 0.00156
2025-11-21 12:41:45.502613: train_loss -0.7654
2025-11-21 12:41:45.502873: val_loss -0.7268
2025-11-21 12:41:45.502992: Pseudo dice [np.float32(0.9162), np.float32(0.7455), np.float32(0.0)]
2025-11-21 12:41:45.503098: Epoch time: 74.4 s
2025-11-21 12:41:46.728157: 
2025-11-21 12:41:46.728378: Epoch 874
2025-11-21 12:41:46.728528: Current learning rate: 0.00155
2025-11-21 12:43:00.565995: train_loss -0.7775
2025-11-21 12:43:00.566232: val_loss -0.7264
2025-11-21 12:43:00.566353: Pseudo dice [np.float32(0.9132), np.float32(0.7642), np.float32(0.0)]
2025-11-21 12:43:00.566464: Epoch time: 73.84 s
2025-11-21 12:43:02.532860: 
2025-11-21 12:43:02.533038: Epoch 875
2025-11-21 12:43:02.533158: Current learning rate: 0.00154
2025-11-21 12:44:15.655539: train_loss -0.7675
2025-11-21 12:44:15.655771: val_loss -0.6994
2025-11-21 12:44:15.655918: Pseudo dice [np.float32(0.9153), np.float32(0.7666), np.float32(0.0)]
2025-11-21 12:44:15.656034: Epoch time: 73.12 s
2025-11-21 12:44:16.814035: 
2025-11-21 12:44:16.814214: Epoch 876
2025-11-21 12:44:16.814337: Current learning rate: 0.00153
2025-11-21 12:45:25.939283: train_loss -0.7767
2025-11-21 12:45:25.940501: val_loss -0.7688
2025-11-21 12:45:25.940603: Pseudo dice [np.float32(0.9127), np.float32(0.7408), np.float32(0.0)]
2025-11-21 12:45:25.940697: Epoch time: 69.13 s
2025-11-21 12:45:27.272564: 
2025-11-21 12:45:27.272732: Epoch 877
2025-11-21 12:45:27.272865: Current learning rate: 0.00152
2025-11-21 12:46:36.553958: train_loss -0.771
2025-11-21 12:46:36.554236: val_loss -0.7719
2025-11-21 12:46:36.554344: Pseudo dice [np.float32(0.9193), np.float32(0.732), np.float32(0.0)]
2025-11-21 12:46:36.554449: Epoch time: 69.28 s
2025-11-21 12:46:38.157321: 
2025-11-21 12:46:38.157510: Epoch 878
2025-11-21 12:46:38.157628: Current learning rate: 0.00151
2025-11-21 12:47:50.157502: train_loss -0.7761
2025-11-21 12:47:50.157769: val_loss -0.7532
2025-11-21 12:47:50.157873: Pseudo dice [np.float32(0.9243), np.float32(0.7655), np.float32(0.0)]
2025-11-21 12:47:50.158153: Epoch time: 72.0 s
2025-11-21 12:47:51.725107: 
2025-11-21 12:47:51.725350: Epoch 879
2025-11-21 12:47:51.725478: Current learning rate: 0.00149
2025-11-21 12:49:04.070995: train_loss -0.7778
2025-11-21 12:49:04.071364: val_loss -0.7415
2025-11-21 12:49:04.071472: Pseudo dice [np.float32(0.9176), np.float32(0.7574), np.float32(0.0)]
2025-11-21 12:49:04.073230: Epoch time: 72.35 s
2025-11-21 12:49:05.799382: 
2025-11-21 12:49:05.799582: Epoch 880
2025-11-21 12:49:05.799720: Current learning rate: 0.00148
2025-11-21 12:50:16.123012: train_loss -0.7599
2025-11-21 12:50:16.124749: val_loss -0.7083
2025-11-21 12:50:16.124881: Pseudo dice [np.float32(0.9148), np.float32(0.7526), np.float32(0.0)]
2025-11-21 12:50:16.124982: Epoch time: 70.32 s
2025-11-21 12:50:17.371802: 
2025-11-21 12:50:17.372094: Epoch 881
2025-11-21 12:50:17.372240: Current learning rate: 0.00147
2025-11-21 12:51:24.271387: train_loss -0.7777
2025-11-21 12:51:24.271650: val_loss -0.7501
2025-11-21 12:51:24.271767: Pseudo dice [np.float32(0.9164), np.float32(0.7494), np.float32(0.0)]
2025-11-21 12:51:24.271928: Epoch time: 66.9 s
2025-11-21 12:51:25.453669: 
2025-11-21 12:51:25.453904: Epoch 882
2025-11-21 12:51:25.454046: Current learning rate: 0.00146
2025-11-21 12:52:31.573436: train_loss -0.7827
2025-11-21 12:52:31.573668: val_loss -0.7433
2025-11-21 12:52:31.578752: Pseudo dice [np.float32(0.9162), np.float32(0.758), np.float32(0.0)]
2025-11-21 12:52:31.579060: Epoch time: 66.12 s
2025-11-21 12:52:33.225015: 
2025-11-21 12:52:33.225283: Epoch 883
2025-11-21 12:52:33.225441: Current learning rate: 0.00145
2025-11-21 12:53:47.361480: train_loss -0.7665
2025-11-21 12:53:47.361746: val_loss -0.7247
2025-11-21 12:53:47.361849: Pseudo dice [np.float32(0.9221), np.float32(0.7709), np.float32(0.0)]
2025-11-21 12:53:47.361951: Epoch time: 74.14 s
2025-11-21 12:53:49.007418: 
2025-11-21 12:53:49.007652: Epoch 884
2025-11-21 12:53:49.007775: Current learning rate: 0.00144
2025-11-21 12:55:02.115294: train_loss -0.7738
2025-11-21 12:55:02.115650: val_loss -0.7598
2025-11-21 12:55:02.115777: Pseudo dice [np.float32(0.9172), np.float32(0.7611), np.float32(0.0)]
2025-11-21 12:55:02.115906: Epoch time: 73.11 s
2025-11-21 12:55:03.332497: 
2025-11-21 12:55:03.332735: Epoch 885
2025-11-21 12:55:03.332866: Current learning rate: 0.00143
2025-11-21 12:56:17.164977: train_loss -0.7764
2025-11-21 12:56:17.165206: val_loss -0.7612
2025-11-21 12:56:17.165308: Pseudo dice [np.float32(0.9162), np.float32(0.7556), np.float32(0.0)]
2025-11-21 12:56:17.165411: Epoch time: 73.83 s
2025-11-21 12:56:18.600211: 
2025-11-21 12:56:18.600401: Epoch 886
2025-11-21 12:56:18.600527: Current learning rate: 0.00142
2025-11-21 12:57:28.959090: train_loss -0.7764
2025-11-21 12:57:28.959373: val_loss -0.7537
2025-11-21 12:57:28.959548: Pseudo dice [np.float32(0.917), np.float32(0.7624), np.float32(0.0)]
2025-11-21 12:57:28.959683: Epoch time: 70.36 s
2025-11-21 12:57:30.087255: 
2025-11-21 12:57:30.087460: Epoch 887
2025-11-21 12:57:30.087609: Current learning rate: 0.00141
2025-11-21 12:58:45.018420: train_loss -0.779
2025-11-21 12:58:45.019860: val_loss -0.7671
2025-11-21 12:58:45.019984: Pseudo dice [np.float32(0.9108), np.float32(0.7315), np.float32(0.0)]
2025-11-21 12:58:45.021800: Epoch time: 74.93 s
2025-11-21 12:58:46.263787: 
2025-11-21 12:58:46.263975: Epoch 888
2025-11-21 12:58:46.264124: Current learning rate: 0.00139
2025-11-21 12:59:57.676807: train_loss -0.7482
2025-11-21 12:59:57.678656: val_loss -0.7387
2025-11-21 12:59:57.678781: Pseudo dice [np.float32(0.9193), np.float32(0.7535), np.float32(0.0)]
2025-11-21 12:59:57.678907: Epoch time: 71.41 s
2025-11-21 12:59:58.971353: 
2025-11-21 12:59:58.971549: Epoch 889
2025-11-21 12:59:58.971670: Current learning rate: 0.00138
2025-11-21 13:01:10.878067: train_loss -0.7768
2025-11-21 13:01:10.878321: val_loss -0.7744
2025-11-21 13:01:10.878440: Pseudo dice [np.float32(0.9139), np.float32(0.7482), np.float32(0.0)]
2025-11-21 13:01:10.878560: Epoch time: 71.91 s
2025-11-21 13:01:12.030001: 
2025-11-21 13:01:12.030181: Epoch 890
2025-11-21 13:01:12.030313: Current learning rate: 0.00137
2025-11-21 13:02:20.883569: train_loss -0.7714
2025-11-21 13:02:20.883842: val_loss -0.774
2025-11-21 13:02:20.883947: Pseudo dice [np.float32(0.9205), np.float32(0.7485), np.float32(0.0)]
2025-11-21 13:02:20.884052: Epoch time: 68.85 s
2025-11-21 13:02:22.417604: 
2025-11-21 13:02:22.417997: Epoch 891
2025-11-21 13:02:22.418320: Current learning rate: 0.00136
2025-11-21 13:03:33.863037: train_loss -0.7735
2025-11-21 13:03:33.863333: val_loss -0.7455
2025-11-21 13:03:33.863505: Pseudo dice [np.float32(0.9199), np.float32(0.7227), np.float32(0.0)]
2025-11-21 13:03:33.863618: Epoch time: 71.45 s
2025-11-21 13:03:35.001801: 
2025-11-21 13:03:35.002000: Epoch 892
2025-11-21 13:03:35.002154: Current learning rate: 0.00135
2025-11-21 13:04:41.182929: train_loss -0.774
2025-11-21 13:04:41.183164: val_loss -0.7387
2025-11-21 13:04:41.183302: Pseudo dice [np.float32(0.9219), np.float32(0.7262), np.float32(0.0)]
2025-11-21 13:04:41.183418: Epoch time: 66.18 s
2025-11-21 13:04:43.108736: 
2025-11-21 13:04:43.108941: Epoch 893
2025-11-21 13:04:43.109081: Current learning rate: 0.00134
2025-11-21 13:05:50.495082: train_loss -0.7855
2025-11-21 13:05:50.495330: val_loss -0.7158
2025-11-21 13:05:50.495438: Pseudo dice [np.float32(0.9214), np.float32(0.7336), np.float32(0.0)]
2025-11-21 13:05:50.495549: Epoch time: 67.39 s
2025-11-21 13:05:52.460174: 
2025-11-21 13:05:52.460369: Epoch 894
2025-11-21 13:05:52.460522: Current learning rate: 0.00133
2025-11-21 13:07:04.879265: train_loss -0.7768
2025-11-21 13:07:04.879534: val_loss -0.7146
2025-11-21 13:07:04.879652: Pseudo dice [np.float32(0.9078), np.float32(0.7589), np.float32(0.0)]
2025-11-21 13:07:04.879781: Epoch time: 72.42 s
2025-11-21 13:07:06.377278: 
2025-11-21 13:07:06.377546: Epoch 895
2025-11-21 13:07:06.377671: Current learning rate: 0.00132
2025-11-21 13:08:17.621638: train_loss -0.7642
2025-11-21 13:08:17.621975: val_loss -0.7638
2025-11-21 13:08:17.622087: Pseudo dice [np.float32(0.9229), np.float32(0.7546), np.float32(0.0)]
2025-11-21 13:08:17.622198: Epoch time: 71.25 s
2025-11-21 13:08:19.051619: 
2025-11-21 13:08:19.051806: Epoch 896
2025-11-21 13:08:19.051957: Current learning rate: 0.0013
2025-11-21 13:09:35.918639: train_loss -0.7735
2025-11-21 13:09:35.918903: val_loss -0.7574
2025-11-21 13:09:35.919035: Pseudo dice [np.float32(0.918), np.float32(0.7557), np.float32(0.0)]
2025-11-21 13:09:35.919164: Epoch time: 76.87 s
2025-11-21 13:09:38.286504: 
2025-11-21 13:09:38.286733: Epoch 897
2025-11-21 13:09:38.286871: Current learning rate: 0.00129
2025-11-21 13:10:49.815052: train_loss -0.7885
2025-11-21 13:10:49.815296: val_loss -0.7209
2025-11-21 13:10:49.815403: Pseudo dice [np.float32(0.9341), np.float32(0.7592), np.float32(0.0)]
2025-11-21 13:10:49.815508: Epoch time: 71.53 s
2025-11-21 13:10:51.382401: 
2025-11-21 13:10:51.382582: Epoch 898
2025-11-21 13:10:51.382728: Current learning rate: 0.00128
2025-11-21 13:12:02.127535: train_loss -0.777
2025-11-21 13:12:02.127785: val_loss -0.7647
2025-11-21 13:12:02.130183: Pseudo dice [np.float32(0.9192), np.float32(0.7469), np.float32(0.0)]
2025-11-21 13:12:02.130314: Epoch time: 70.75 s
2025-11-21 13:12:03.435096: 
2025-11-21 13:12:03.435279: Epoch 899
2025-11-21 13:12:03.435401: Current learning rate: 0.00127
2025-11-21 13:13:16.182933: train_loss -0.771
2025-11-21 13:13:16.184125: val_loss -0.7511
2025-11-21 13:13:16.184262: Pseudo dice [np.float32(0.9155), np.float32(0.7433), np.float32(0.0)]
2025-11-21 13:13:16.184393: Epoch time: 72.75 s
2025-11-21 13:13:17.683594: 
2025-11-21 13:13:17.683811: Epoch 900
2025-11-21 13:13:17.683933: Current learning rate: 0.00126
2025-11-21 13:14:29.342981: train_loss -0.7675
2025-11-21 13:14:29.343236: val_loss -0.7581
2025-11-21 13:14:29.343348: Pseudo dice [np.float32(0.9244), np.float32(0.7549), np.float32(0.0)]
2025-11-21 13:14:29.343474: Epoch time: 71.66 s
2025-11-21 13:14:30.550892: 
2025-11-21 13:14:30.551059: Epoch 901
2025-11-21 13:14:30.551191: Current learning rate: 0.00125
2025-11-21 13:15:38.738401: train_loss -0.7782
2025-11-21 13:15:38.738642: val_loss -0.7656
2025-11-21 13:15:38.738772: Pseudo dice [np.float32(0.9159), np.float32(0.7561), np.float32(0.0)]
2025-11-21 13:15:38.738896: Epoch time: 68.19 s
2025-11-21 13:15:39.900216: 
2025-11-21 13:15:39.900429: Epoch 902
2025-11-21 13:15:39.900610: Current learning rate: 0.00124
2025-11-21 13:16:54.445015: train_loss -0.7748
2025-11-21 13:16:54.445328: val_loss -0.7393
2025-11-21 13:16:54.445506: Pseudo dice [np.float32(0.9158), np.float32(0.7446), np.float32(0.0)]
2025-11-21 13:16:54.445612: Epoch time: 74.55 s
2025-11-21 13:16:55.588178: 
2025-11-21 13:16:55.588400: Epoch 903
2025-11-21 13:16:55.588591: Current learning rate: 0.00122
2025-11-21 13:18:10.128252: train_loss -0.7745
2025-11-21 13:18:10.128486: val_loss -0.7215
2025-11-21 13:18:10.128602: Pseudo dice [np.float32(0.9209), np.float32(0.7489), np.float32(0.0)]
2025-11-21 13:18:10.134252: Epoch time: 74.54 s
2025-11-21 13:18:12.603154: 
2025-11-21 13:18:12.603366: Epoch 904
2025-11-21 13:18:12.603503: Current learning rate: 0.00121
2025-11-21 13:19:28.317549: train_loss -0.7738
2025-11-21 13:19:28.317821: val_loss -0.777
2025-11-21 13:19:28.317951: Pseudo dice [np.float32(0.9177), np.float32(0.75), np.float32(0.0)]
2025-11-21 13:19:28.318062: Epoch time: 75.72 s
2025-11-21 13:19:29.911659: 
2025-11-21 13:19:29.911953: Epoch 905
2025-11-21 13:19:29.912093: Current learning rate: 0.0012
2025-11-21 13:20:41.342655: train_loss -0.774
2025-11-21 13:20:41.347394: val_loss -0.7629
2025-11-21 13:20:41.347545: Pseudo dice [np.float32(0.9111), np.float32(0.7638), np.float32(0.0)]
2025-11-21 13:20:41.347661: Epoch time: 71.43 s
2025-11-21 13:20:42.773862: 
2025-11-21 13:20:42.774147: Epoch 906
2025-11-21 13:20:42.774299: Current learning rate: 0.00119
2025-11-21 13:21:54.725469: train_loss -0.7772
2025-11-21 13:21:54.726927: val_loss -0.7394
2025-11-21 13:21:54.727062: Pseudo dice [np.float32(0.9116), np.float32(0.7399), np.float32(0.0)]
2025-11-21 13:21:54.727169: Epoch time: 71.95 s
2025-11-21 13:21:56.956201: 
2025-11-21 13:21:56.956385: Epoch 907
2025-11-21 13:21:56.956502: Current learning rate: 0.00118
2025-11-21 13:23:10.216842: train_loss -0.7808
2025-11-21 13:23:10.217113: val_loss -0.7413
2025-11-21 13:23:10.217237: Pseudo dice [np.float32(0.9193), np.float32(0.7567), np.float32(0.0)]
2025-11-21 13:23:10.217363: Epoch time: 73.26 s
2025-11-21 13:23:12.229040: 
2025-11-21 13:23:12.229257: Epoch 908
2025-11-21 13:23:12.229404: Current learning rate: 0.00117
2025-11-21 13:24:22.109255: train_loss -0.7638
2025-11-21 13:24:22.109504: val_loss -0.7114
2025-11-21 13:24:22.109609: Pseudo dice [np.float32(0.9154), np.float32(0.7471), np.float32(0.0)]
2025-11-21 13:24:22.109713: Epoch time: 69.88 s
2025-11-21 13:24:23.255968: 
2025-11-21 13:24:23.256180: Epoch 909
2025-11-21 13:24:23.256306: Current learning rate: 0.00116
2025-11-21 13:25:35.033039: train_loss -0.7693
2025-11-21 13:25:35.033385: val_loss -0.7541
2025-11-21 13:25:35.033506: Pseudo dice [np.float32(0.9068), np.float32(0.7381), np.float32(0.0)]
2025-11-21 13:25:35.033616: Epoch time: 71.78 s
2025-11-21 13:25:36.306143: 
2025-11-21 13:25:36.306339: Epoch 910
2025-11-21 13:25:36.306470: Current learning rate: 0.00115
2025-11-21 13:26:46.838548: train_loss -0.7675
2025-11-21 13:26:46.838796: val_loss -0.7177
2025-11-21 13:26:46.838919: Pseudo dice [np.float32(0.9082), np.float32(0.762), np.float32(0.0)]
2025-11-21 13:26:46.839080: Epoch time: 70.53 s
2025-11-21 13:26:47.990524: 
2025-11-21 13:26:47.990787: Epoch 911
2025-11-21 13:26:47.990926: Current learning rate: 0.00113
2025-11-21 13:27:57.777730: train_loss -0.774
2025-11-21 13:27:57.778090: val_loss -0.7479
2025-11-21 13:27:57.778236: Pseudo dice [np.float32(0.9246), np.float32(0.7604), np.float32(0.0)]
2025-11-21 13:27:57.778355: Epoch time: 69.79 s
2025-11-21 13:28:00.057160: 
2025-11-21 13:28:00.057465: Epoch 912
2025-11-21 13:28:00.057597: Current learning rate: 0.00112
2025-11-21 13:29:10.073090: train_loss -0.7806
2025-11-21 13:29:10.073324: val_loss -0.7466
2025-11-21 13:29:10.073429: Pseudo dice [np.float32(0.917), np.float32(0.7484), np.float32(0.0)]
2025-11-21 13:29:10.073532: Epoch time: 70.02 s
2025-11-21 13:29:11.191822: 
2025-11-21 13:29:11.192020: Epoch 913
2025-11-21 13:29:11.192149: Current learning rate: 0.00111
2025-11-21 13:30:21.205195: train_loss -0.7642
2025-11-21 13:30:21.205439: val_loss -0.7349
2025-11-21 13:30:21.205559: Pseudo dice [np.float32(0.919), np.float32(0.7526), np.float32(0.0)]
2025-11-21 13:30:21.205673: Epoch time: 70.01 s
2025-11-21 13:30:22.345022: 
2025-11-21 13:30:22.345278: Epoch 914
2025-11-21 13:30:22.345414: Current learning rate: 0.0011
2025-11-21 13:31:27.916945: train_loss -0.758
2025-11-21 13:31:27.917227: val_loss -0.7344
2025-11-21 13:31:27.917335: Pseudo dice [np.float32(0.9131), np.float32(0.7454), np.float32(0.0)]
2025-11-21 13:31:27.917438: Epoch time: 65.57 s
2025-11-21 13:31:29.038513: 
2025-11-21 13:31:29.038707: Epoch 915
2025-11-21 13:31:29.038902: Current learning rate: 0.00109
2025-11-21 13:32:42.093027: train_loss -0.7786
2025-11-21 13:32:42.093325: val_loss -0.7302
2025-11-21 13:32:42.093433: Pseudo dice [np.float32(0.9202), np.float32(0.7274), np.float32(0.0)]
2025-11-21 13:32:42.093583: Epoch time: 73.06 s
2025-11-21 13:32:43.229631: 
2025-11-21 13:32:43.229857: Epoch 916
2025-11-21 13:32:43.229996: Current learning rate: 0.00108
2025-11-21 13:33:51.036368: train_loss -0.776
2025-11-21 13:33:51.036612: val_loss -0.7134
2025-11-21 13:33:51.036717: Pseudo dice [np.float32(0.9212), np.float32(0.7515), np.float32(0.0)]
2025-11-21 13:33:51.036820: Epoch time: 67.81 s
2025-11-21 13:33:52.184016: 
2025-11-21 13:33:52.184265: Epoch 917
2025-11-21 13:33:52.184391: Current learning rate: 0.00106
2025-11-21 13:35:04.541353: train_loss -0.7879
2025-11-21 13:35:04.542195: val_loss -0.7285
2025-11-21 13:35:04.542315: Pseudo dice [np.float32(0.9172), np.float32(0.7476), np.float32(0.0)]
2025-11-21 13:35:04.542423: Epoch time: 72.36 s
2025-11-21 13:35:05.846865: 
2025-11-21 13:35:05.847059: Epoch 918
2025-11-21 13:35:05.847206: Current learning rate: 0.00105
2025-11-21 13:36:22.866188: train_loss -0.7759
2025-11-21 13:36:22.867948: val_loss -0.7812
2025-11-21 13:36:22.868111: Pseudo dice [np.float32(0.9146), np.float32(0.7494), np.float32(0.0)]
2025-11-21 13:36:22.868232: Epoch time: 77.02 s
2025-11-21 13:36:24.004291: 
2025-11-21 13:36:24.004514: Epoch 919
2025-11-21 13:36:24.004650: Current learning rate: 0.00104
2025-11-21 13:37:33.873829: train_loss -0.7685
2025-11-21 13:37:33.874112: val_loss -0.7443
2025-11-21 13:37:33.874238: Pseudo dice [np.float32(0.9231), np.float32(0.7554), np.float32(0.0)]
2025-11-21 13:37:33.875891: Epoch time: 69.87 s
2025-11-21 13:37:35.641093: 
2025-11-21 13:37:35.641321: Epoch 920
2025-11-21 13:37:35.641455: Current learning rate: 0.00103
2025-11-21 13:38:42.915365: train_loss -0.771
2025-11-21 13:38:42.915637: val_loss -0.7861
2025-11-21 13:38:42.915751: Pseudo dice [np.float32(0.9207), np.float32(0.7451), np.float32(0.0)]
2025-11-21 13:38:42.931287: Epoch time: 67.28 s
2025-11-21 13:38:44.569465: 
2025-11-21 13:38:44.569703: Epoch 921
2025-11-21 13:38:44.569834: Current learning rate: 0.00102
2025-11-21 13:39:50.139202: train_loss -0.7758
2025-11-21 13:39:50.140972: val_loss -0.7402
2025-11-21 13:39:50.141093: Pseudo dice [np.float32(0.922), np.float32(0.7517), np.float32(0.0)]
2025-11-21 13:39:50.141198: Epoch time: 65.57 s
2025-11-21 13:39:51.833473: 
2025-11-21 13:39:51.833678: Epoch 922
2025-11-21 13:39:51.833791: Current learning rate: 0.00101
2025-11-21 13:41:05.789679: train_loss -0.7723
2025-11-21 13:41:05.789922: val_loss -0.7398
2025-11-21 13:41:05.790029: Pseudo dice [np.float32(0.9114), np.float32(0.7452), np.float32(0.0)]
2025-11-21 13:41:05.790141: Epoch time: 73.96 s
2025-11-21 13:41:07.028001: 
2025-11-21 13:41:07.028210: Epoch 923
2025-11-21 13:41:07.028364: Current learning rate: 0.001
2025-11-21 13:42:22.536114: train_loss -0.7909
2025-11-21 13:42:22.536394: val_loss -0.7439
2025-11-21 13:42:22.536511: Pseudo dice [np.float32(0.9217), np.float32(0.7719), np.float32(0.0)]
2025-11-21 13:42:22.536620: Epoch time: 75.51 s
2025-11-21 13:42:24.540422: 
2025-11-21 13:42:24.540615: Epoch 924
2025-11-21 13:42:24.540756: Current learning rate: 0.00098
2025-11-21 13:43:38.033585: train_loss -0.7682
2025-11-21 13:43:38.034642: val_loss -0.7679
2025-11-21 13:43:38.034782: Pseudo dice [np.float32(0.9231), np.float32(0.7384), np.float32(0.0)]
2025-11-21 13:43:38.034893: Epoch time: 73.49 s
2025-11-21 13:43:39.206782: 
2025-11-21 13:43:39.206973: Epoch 925
2025-11-21 13:43:39.207245: Current learning rate: 0.00097
2025-11-21 13:44:51.525577: train_loss -0.7875
2025-11-21 13:44:51.525805: val_loss -0.732
2025-11-21 13:44:51.525925: Pseudo dice [np.float32(0.9144), np.float32(0.7553), np.float32(0.0)]
2025-11-21 13:44:51.526036: Epoch time: 72.32 s
2025-11-21 13:44:53.914276: 
2025-11-21 13:44:53.914514: Epoch 926
2025-11-21 13:44:53.914636: Current learning rate: 0.00096
2025-11-21 13:46:04.822066: train_loss -0.7725
2025-11-21 13:46:04.822472: val_loss -0.7614
2025-11-21 13:46:04.822582: Pseudo dice [np.float32(0.914), np.float32(0.7339), np.float32(0.0)]
2025-11-21 13:46:04.822706: Epoch time: 70.91 s
2025-11-21 13:46:06.018711: 
2025-11-21 13:46:06.018924: Epoch 927
2025-11-21 13:46:06.019052: Current learning rate: 0.00095
2025-11-21 13:47:16.340317: train_loss -0.7683
2025-11-21 13:47:16.340587: val_loss -0.7463
2025-11-21 13:47:16.340700: Pseudo dice [np.float32(0.9198), np.float32(0.7491), np.float32(0.0)]
2025-11-21 13:47:16.340808: Epoch time: 70.32 s
2025-11-21 13:47:17.489854: 
2025-11-21 13:47:17.490103: Epoch 928
2025-11-21 13:47:17.490232: Current learning rate: 0.00094
2025-11-21 13:48:30.439154: train_loss -0.773
2025-11-21 13:48:30.441248: val_loss -0.7293
2025-11-21 13:48:30.443300: Pseudo dice [np.float32(0.9218), np.float32(0.7669), np.float32(0.0)]
2025-11-21 13:48:30.443451: Epoch time: 72.95 s
2025-11-21 13:48:31.666971: 
2025-11-21 13:48:31.667211: Epoch 929
2025-11-21 13:48:31.667351: Current learning rate: 0.00092
2025-11-21 13:49:43.229780: train_loss -0.7758
2025-11-21 13:49:43.230124: val_loss -0.7443
2025-11-21 13:49:43.230270: Pseudo dice [np.float32(0.9144), np.float32(0.7377), np.float32(0.0)]
2025-11-21 13:49:43.230402: Epoch time: 71.56 s
2025-11-21 13:49:44.376382: 
2025-11-21 13:49:44.376580: Epoch 930
2025-11-21 13:49:44.376707: Current learning rate: 0.00091
2025-11-21 13:50:56.533778: train_loss -0.7738
2025-11-21 13:50:56.535522: val_loss -0.7522
2025-11-21 13:50:56.535639: Pseudo dice [np.float32(0.9251), np.float32(0.7687), np.float32(0.0)]
2025-11-21 13:50:56.535734: Epoch time: 72.16 s
2025-11-21 13:50:58.004052: 
2025-11-21 13:50:58.004275: Epoch 931
2025-11-21 13:50:58.004408: Current learning rate: 0.0009
2025-11-21 13:52:12.417306: train_loss -0.7806
2025-11-21 13:52:12.417549: val_loss -0.7405
2025-11-21 13:52:12.417658: Pseudo dice [np.float32(0.9134), np.float32(0.7621), np.float32(0.0)]
2025-11-21 13:52:12.433125: Epoch time: 74.41 s
2025-11-21 13:52:14.566535: 
2025-11-21 13:52:14.566743: Epoch 932
2025-11-21 13:52:14.566871: Current learning rate: 0.00089
2025-11-21 13:53:27.093283: train_loss -0.7643
2025-11-21 13:53:27.093513: val_loss -0.7734
2025-11-21 13:53:27.093617: Pseudo dice [np.float32(0.9222), np.float32(0.7489), np.float32(0.0)]
2025-11-21 13:53:27.093719: Epoch time: 72.53 s
2025-11-21 13:53:29.182855: 
2025-11-21 13:53:29.183048: Epoch 933
2025-11-21 13:53:29.183218: Current learning rate: 0.00088
2025-11-21 13:54:44.569340: train_loss -0.7772
2025-11-21 13:54:44.570001: val_loss -0.7544
2025-11-21 13:54:44.570116: Pseudo dice [np.float32(0.925), np.float32(0.7788), np.float32(0.0)]
2025-11-21 13:54:44.570248: Epoch time: 75.39 s
2025-11-21 13:54:46.422285: 
2025-11-21 13:54:46.422496: Epoch 934
2025-11-21 13:54:46.422637: Current learning rate: 0.00087
2025-11-21 13:56:01.956807: train_loss -0.765
2025-11-21 13:56:01.960073: val_loss -0.7723
2025-11-21 13:56:01.960209: Pseudo dice [np.float32(0.9155), np.float32(0.7572), np.float32(0.0)]
2025-11-21 13:56:01.960317: Epoch time: 75.54 s
2025-11-21 13:56:04.058478: 
2025-11-21 13:56:04.058678: Epoch 935
2025-11-21 13:56:04.058822: Current learning rate: 0.00085
2025-11-21 13:57:17.904345: train_loss -0.7762
2025-11-21 13:57:17.904609: val_loss -0.7585
2025-11-21 13:57:17.904734: Pseudo dice [np.float32(0.9183), np.float32(0.7519), np.float32(0.0)]
2025-11-21 13:57:17.904842: Epoch time: 73.85 s
2025-11-21 13:57:19.151916: 
2025-11-21 13:57:19.152118: Epoch 936
2025-11-21 13:57:19.152242: Current learning rate: 0.00084
2025-11-21 13:58:37.517442: train_loss -0.7659
2025-11-21 13:58:37.517782: val_loss -0.7291
2025-11-21 13:58:37.517894: Pseudo dice [np.float32(0.9172), np.float32(0.7494), np.float32(0.0)]
2025-11-21 13:58:37.518000: Epoch time: 78.37 s
2025-11-21 13:58:38.992523: 
2025-11-21 13:58:38.992700: Epoch 937
2025-11-21 13:58:38.992813: Current learning rate: 0.00083
2025-11-21 13:59:50.210055: train_loss -0.7584
2025-11-21 13:59:50.210280: val_loss -0.7428
2025-11-21 13:59:50.214597: Pseudo dice [np.float32(0.9166), np.float32(0.7629), np.float32(0.0)]
2025-11-21 13:59:50.214931: Epoch time: 71.22 s
2025-11-21 13:59:51.512774: 
2025-11-21 13:59:51.512965: Epoch 938
2025-11-21 13:59:51.513093: Current learning rate: 0.00082
2025-11-21 14:01:02.970005: train_loss -0.7778
2025-11-21 14:01:02.971854: val_loss -0.7516
2025-11-21 14:01:02.971986: Pseudo dice [np.float32(0.9134), np.float32(0.7418), np.float32(0.0)]
2025-11-21 14:01:02.972084: Epoch time: 71.46 s
2025-11-21 14:01:04.485807: 
2025-11-21 14:01:04.486127: Epoch 939
2025-11-21 14:01:04.486282: Current learning rate: 0.00081
2025-11-21 14:02:19.399083: train_loss -0.7728
2025-11-21 14:02:19.399344: val_loss -0.7699
2025-11-21 14:02:19.399470: Pseudo dice [np.float32(0.92), np.float32(0.7591), np.float32(0.0)]
2025-11-21 14:02:19.399602: Epoch time: 74.91 s
2025-11-21 14:02:21.344027: 
2025-11-21 14:02:21.344225: Epoch 940
2025-11-21 14:02:21.344355: Current learning rate: 0.00079
2025-11-21 14:03:38.772431: train_loss -0.7727
2025-11-21 14:03:38.774129: val_loss -0.7524
2025-11-21 14:03:38.774276: Pseudo dice [np.float32(0.9229), np.float32(0.7555), np.float32(0.0)]
2025-11-21 14:03:38.774380: Epoch time: 77.43 s
2025-11-21 14:03:40.725866: 
2025-11-21 14:03:40.726074: Epoch 941
2025-11-21 14:03:40.726207: Current learning rate: 0.00078
2025-11-21 14:04:56.953729: train_loss -0.7653
2025-11-21 14:04:56.953990: val_loss -0.7427
2025-11-21 14:04:56.954119: Pseudo dice [np.float32(0.9149), np.float32(0.7697), np.float32(0.0)]
2025-11-21 14:04:56.954259: Epoch time: 76.23 s
2025-11-21 14:04:58.241577: 
2025-11-21 14:04:58.241777: Epoch 942
2025-11-21 14:04:58.241921: Current learning rate: 0.00077
2025-11-21 14:06:09.088730: train_loss -0.7927
2025-11-21 14:06:09.089059: val_loss -0.7571
2025-11-21 14:06:09.089197: Pseudo dice [np.float32(0.9092), np.float32(0.7576), np.float32(0.0)]
2025-11-21 14:06:09.089326: Epoch time: 70.85 s
2025-11-21 14:06:10.410448: 
2025-11-21 14:06:10.410627: Epoch 943
2025-11-21 14:06:10.410761: Current learning rate: 0.00076
2025-11-21 14:07:25.129247: train_loss -0.7812
2025-11-21 14:07:25.129638: val_loss -0.7362
2025-11-21 14:07:25.129773: Pseudo dice [np.float32(0.9084), np.float32(0.7513), np.float32(0.0)]
2025-11-21 14:07:25.129885: Epoch time: 74.72 s
2025-11-21 14:07:26.608471: 
2025-11-21 14:07:26.608698: Epoch 944
2025-11-21 14:07:26.608845: Current learning rate: 0.00075
2025-11-21 14:08:39.583215: train_loss -0.7674
2025-11-21 14:08:39.583446: val_loss -0.718
2025-11-21 14:08:39.583568: Pseudo dice [np.float32(0.9168), np.float32(0.7775), np.float32(0.0)]
2025-11-21 14:08:39.583677: Epoch time: 72.98 s
2025-11-21 14:08:41.642840: 
2025-11-21 14:08:41.643021: Epoch 945
2025-11-21 14:08:41.643141: Current learning rate: 0.00074
2025-11-21 14:09:54.111630: train_loss -0.7744
2025-11-21 14:09:54.112083: val_loss -0.7552
2025-11-21 14:09:54.112219: Pseudo dice [np.float32(0.9234), np.float32(0.7642), np.float32(0.0)]
2025-11-21 14:09:54.112357: Epoch time: 72.47 s
2025-11-21 14:09:55.280364: 
2025-11-21 14:09:55.280531: Epoch 946
2025-11-21 14:09:55.280655: Current learning rate: 0.00072
2025-11-21 14:11:05.818026: train_loss -0.7693
2025-11-21 14:11:05.819731: val_loss -0.7467
2025-11-21 14:11:05.819861: Pseudo dice [np.float32(0.9218), np.float32(0.7565), np.float32(0.0)]
2025-11-21 14:11:05.819963: Epoch time: 70.54 s
2025-11-21 14:11:07.653145: 
2025-11-21 14:11:07.653351: Epoch 947
2025-11-21 14:11:07.653477: Current learning rate: 0.00071
2025-11-21 14:12:21.196973: train_loss -0.7764
2025-11-21 14:12:21.197219: val_loss -0.7368
2025-11-21 14:12:21.197352: Pseudo dice [np.float32(0.9216), np.float32(0.7623), np.float32(0.0)]
2025-11-21 14:12:21.197549: Epoch time: 73.54 s
2025-11-21 14:12:22.794066: 
2025-11-21 14:12:22.794338: Epoch 948
2025-11-21 14:12:22.794462: Current learning rate: 0.0007
2025-11-21 14:13:33.972217: train_loss -0.7768
2025-11-21 14:13:33.972569: val_loss -0.7442
2025-11-21 14:13:33.972682: Pseudo dice [np.float32(0.9148), np.float32(0.7295), np.float32(0.0)]
2025-11-21 14:13:33.972808: Epoch time: 71.18 s
2025-11-21 14:13:35.152713: 
2025-11-21 14:13:35.152924: Epoch 949
2025-11-21 14:13:35.153066: Current learning rate: 0.00069
2025-11-21 14:14:49.076331: train_loss -0.7876
2025-11-21 14:14:49.078169: val_loss -0.744
2025-11-21 14:14:49.078315: Pseudo dice [np.float32(0.923), np.float32(0.7309), np.float32(0.0)]
2025-11-21 14:14:49.078428: Epoch time: 73.92 s
2025-11-21 14:14:51.400071: 
2025-11-21 14:14:51.400252: Epoch 950
2025-11-21 14:14:51.400386: Current learning rate: 0.00067
2025-11-21 14:16:02.094836: train_loss -0.7717
2025-11-21 14:16:02.095078: val_loss -0.7379
2025-11-21 14:16:02.095231: Pseudo dice [np.float32(0.9151), np.float32(0.7484), np.float32(0.0)]
2025-11-21 14:16:02.095404: Epoch time: 70.7 s
2025-11-21 14:16:03.218351: 
2025-11-21 14:16:03.218556: Epoch 951
2025-11-21 14:16:03.218678: Current learning rate: 0.00066
2025-11-21 14:17:12.180866: train_loss -0.7797
2025-11-21 14:17:12.181122: val_loss -0.7439
2025-11-21 14:17:12.181258: Pseudo dice [np.float32(0.9187), np.float32(0.7511), np.float32(0.0)]
2025-11-21 14:17:12.181383: Epoch time: 68.96 s
2025-11-21 14:17:13.306888: 
2025-11-21 14:17:13.307226: Epoch 952
2025-11-21 14:17:13.307443: Current learning rate: 0.00065
2025-11-21 14:18:24.889474: train_loss -0.7786
2025-11-21 14:18:24.891266: val_loss -0.7712
2025-11-21 14:18:24.891408: Pseudo dice [np.float32(0.9234), np.float32(0.7475), np.float32(0.0)]
2025-11-21 14:18:24.891513: Epoch time: 71.58 s
2025-11-21 14:18:26.250833: 
2025-11-21 14:18:26.251091: Epoch 953
2025-11-21 14:18:26.251286: Current learning rate: 0.00064
2025-11-21 14:19:39.903702: train_loss -0.7695
2025-11-21 14:19:39.903937: val_loss -0.7333
2025-11-21 14:19:39.904048: Pseudo dice [np.float32(0.9224), np.float32(0.7437), np.float32(0.0)]
2025-11-21 14:19:39.904154: Epoch time: 73.65 s
2025-11-21 14:19:41.191573: 
2025-11-21 14:19:41.191771: Epoch 954
2025-11-21 14:19:41.191916: Current learning rate: 0.00063
2025-11-21 14:20:55.440787: train_loss -0.7921
2025-11-21 14:20:55.443322: val_loss -0.7262
2025-11-21 14:20:55.443477: Pseudo dice [np.float32(0.9155), np.float32(0.7614), np.float32(0.0)]
2025-11-21 14:20:55.443581: Epoch time: 74.25 s
2025-11-21 14:20:57.016357: 
2025-11-21 14:20:57.016528: Epoch 955
2025-11-21 14:20:57.016654: Current learning rate: 0.00061
2025-11-21 14:22:13.373660: train_loss -0.7786
2025-11-21 14:22:13.374033: val_loss -0.7261
2025-11-21 14:22:13.374169: Pseudo dice [np.float32(0.9223), np.float32(0.7636), np.float32(0.0)]
2025-11-21 14:22:13.374292: Epoch time: 76.36 s
2025-11-21 14:22:15.102984: 
2025-11-21 14:22:15.103242: Epoch 956
2025-11-21 14:22:15.103373: Current learning rate: 0.0006
2025-11-21 14:23:23.479317: train_loss -0.7759
2025-11-21 14:23:23.479551: val_loss -0.7367
2025-11-21 14:23:23.484440: Pseudo dice [np.float32(0.9203), np.float32(0.7623), np.float32(0.0)]
2025-11-21 14:23:23.484780: Epoch time: 68.38 s
2025-11-21 14:23:24.721059: 
2025-11-21 14:23:24.721230: Epoch 957
2025-11-21 14:23:24.721353: Current learning rate: 0.00059
2025-11-21 14:24:35.267238: train_loss -0.7703
2025-11-21 14:24:35.267520: val_loss -0.7409
2025-11-21 14:24:35.267658: Pseudo dice [np.float32(0.9179), np.float32(0.761), np.float32(0.0)]
2025-11-21 14:24:35.267769: Epoch time: 70.55 s
2025-11-21 14:24:36.813311: 
2025-11-21 14:24:36.813539: Epoch 958
2025-11-21 14:24:36.813680: Current learning rate: 0.00058
2025-11-21 14:25:46.079776: train_loss -0.7713
2025-11-21 14:25:46.081655: val_loss -0.7794
2025-11-21 14:25:46.081778: Pseudo dice [np.float32(0.9223), np.float32(0.7814), np.float32(0.0)]
2025-11-21 14:25:46.081877: Epoch time: 69.27 s
2025-11-21 14:25:47.708716: 
2025-11-21 14:25:47.708918: Epoch 959
2025-11-21 14:25:47.709066: Current learning rate: 0.00056
2025-11-21 14:27:00.426889: train_loss -0.7817
2025-11-21 14:27:00.427200: val_loss -0.7317
2025-11-21 14:27:00.427329: Pseudo dice [np.float32(0.919), np.float32(0.7556), np.float32(0.0)]
2025-11-21 14:27:00.427437: Epoch time: 72.72 s
2025-11-21 14:27:01.608550: 
2025-11-21 14:27:01.608766: Epoch 960
2025-11-21 14:27:01.608917: Current learning rate: 0.00055
2025-11-21 14:28:12.426243: train_loss -0.7801
2025-11-21 14:28:12.426483: val_loss -0.7561
2025-11-21 14:28:12.426587: Pseudo dice [np.float32(0.9232), np.float32(0.7421), np.float32(0.0)]
2025-11-21 14:28:12.426691: Epoch time: 70.82 s
2025-11-21 14:28:14.079821: 
2025-11-21 14:28:14.080068: Epoch 961
2025-11-21 14:28:14.080216: Current learning rate: 0.00054
2025-11-21 14:29:24.288210: train_loss -0.7772
2025-11-21 14:29:24.288496: val_loss -0.7247
2025-11-21 14:29:24.288627: Pseudo dice [np.float32(0.9176), np.float32(0.7526), np.float32(0.0)]
2025-11-21 14:29:24.288738: Epoch time: 70.21 s
2025-11-21 14:29:27.069134: 
2025-11-21 14:29:27.069330: Epoch 962
2025-11-21 14:29:27.069470: Current learning rate: 0.00053
2025-11-21 14:30:41.090991: train_loss -0.7726
2025-11-21 14:30:41.092645: val_loss -0.7256
2025-11-21 14:30:41.092771: Pseudo dice [np.float32(0.9216), np.float32(0.7528), np.float32(0.0)]
2025-11-21 14:30:41.092875: Epoch time: 74.02 s
2025-11-21 14:30:43.628909: 
2025-11-21 14:30:43.629126: Epoch 963
2025-11-21 14:30:43.629267: Current learning rate: 0.00051
2025-11-21 14:32:01.394957: train_loss -0.7685
2025-11-21 14:32:01.395319: val_loss -0.6949
2025-11-21 14:32:01.395427: Pseudo dice [np.float32(0.9236), np.float32(0.7627), np.float32(0.0)]
2025-11-21 14:32:01.395531: Epoch time: 77.77 s
2025-11-21 14:32:02.713551: 
2025-11-21 14:32:02.713800: Epoch 964
2025-11-21 14:32:02.713914: Current learning rate: 0.0005
2025-11-21 14:33:17.644965: train_loss -0.786
2025-11-21 14:33:17.645327: val_loss -0.7457
2025-11-21 14:33:17.645458: Pseudo dice [np.float32(0.9127), np.float32(0.7346), np.float32(0.0)]
2025-11-21 14:33:17.645591: Epoch time: 74.93 s
2025-11-21 14:33:18.952177: 
2025-11-21 14:33:18.952413: Epoch 965
2025-11-21 14:33:18.952543: Current learning rate: 0.00049
2025-11-21 14:34:30.469873: train_loss -0.7751
2025-11-21 14:34:30.470219: val_loss -0.7183
2025-11-21 14:34:30.470343: Pseudo dice [np.float32(0.9177), np.float32(0.7577), np.float32(0.0)]
2025-11-21 14:34:30.470449: Epoch time: 71.52 s
2025-11-21 14:34:31.605703: 
2025-11-21 14:34:31.605929: Epoch 966
2025-11-21 14:34:31.606070: Current learning rate: 0.00048
2025-11-21 14:35:43.606842: train_loss -0.7788
2025-11-21 14:35:43.607118: val_loss -0.7545
2025-11-21 14:35:43.607267: Pseudo dice [np.float32(0.9138), np.float32(0.7502), np.float32(0.0)]
2025-11-21 14:35:43.607378: Epoch time: 72.0 s
2025-11-21 14:35:45.700234: 
2025-11-21 14:35:45.700421: Epoch 967
2025-11-21 14:35:45.700542: Current learning rate: 0.00046
2025-11-21 14:37:00.402432: train_loss -0.782
2025-11-21 14:37:00.402678: val_loss -0.7286
2025-11-21 14:37:00.402787: Pseudo dice [np.float32(0.9282), np.float32(0.7735), np.float32(0.0)]
2025-11-21 14:37:00.402893: Epoch time: 74.7 s
2025-11-21 14:37:01.579290: 
2025-11-21 14:37:01.579553: Epoch 968
2025-11-21 14:37:01.579683: Current learning rate: 0.00045
2025-11-21 14:38:11.839320: train_loss -0.7771
2025-11-21 14:38:11.840179: val_loss -0.7819
2025-11-21 14:38:11.840315: Pseudo dice [np.float32(0.9249), np.float32(0.7682), np.float32(0.0)]
2025-11-21 14:38:11.840451: Epoch time: 70.26 s
2025-11-21 14:38:13.366593: 
2025-11-21 14:38:13.366771: Epoch 969
2025-11-21 14:38:13.366900: Current learning rate: 0.00044
2025-11-21 14:39:29.280774: train_loss -0.7758
2025-11-21 14:39:29.281035: val_loss -0.7632
2025-11-21 14:39:29.281137: Pseudo dice [np.float32(0.9215), np.float32(0.7615), np.float32(0.0)]
2025-11-21 14:39:29.281245: Epoch time: 75.92 s
2025-11-21 14:39:30.693317: 
2025-11-21 14:39:30.693501: Epoch 970
2025-11-21 14:39:30.693629: Current learning rate: 0.00043
2025-11-21 14:40:40.938445: train_loss -0.783
2025-11-21 14:40:40.939540: val_loss -0.7699
2025-11-21 14:40:40.939759: Pseudo dice [np.float32(0.9183), np.float32(0.757), np.float32(0.0)]
2025-11-21 14:40:40.939894: Epoch time: 70.25 s
2025-11-21 14:40:42.593065: 
2025-11-21 14:40:42.593299: Epoch 971
2025-11-21 14:40:42.593422: Current learning rate: 0.00041
2025-11-21 14:41:57.762410: train_loss -0.7917
2025-11-21 14:41:57.762761: val_loss -0.7619
2025-11-21 14:41:57.762870: Pseudo dice [np.float32(0.9229), np.float32(0.7406), np.float32(0.0)]
2025-11-21 14:41:57.762997: Epoch time: 75.17 s
2025-11-21 14:41:58.976362: 
2025-11-21 14:41:58.976530: Epoch 972
2025-11-21 14:41:58.976733: Current learning rate: 0.0004
2025-11-21 14:43:09.311891: train_loss -0.7663
2025-11-21 14:43:09.312114: val_loss -0.767
2025-11-21 14:43:09.312232: Pseudo dice [np.float32(0.9165), np.float32(0.7701), np.float32(0.0)]
2025-11-21 14:43:09.312337: Epoch time: 70.34 s
2025-11-21 14:43:10.579260: 
2025-11-21 14:43:10.579514: Epoch 973
2025-11-21 14:43:10.579639: Current learning rate: 0.00039
2025-11-21 14:44:21.003289: train_loss -0.7754
2025-11-21 14:44:21.003548: val_loss -0.7492
2025-11-21 14:44:21.003794: Pseudo dice [np.float32(0.9171), np.float32(0.7641), np.float32(0.0)]
2025-11-21 14:44:21.003911: Epoch time: 70.43 s
2025-11-21 14:44:22.752027: 
2025-11-21 14:44:22.752338: Epoch 974
2025-11-21 14:44:22.752491: Current learning rate: 0.00037
2025-11-21 14:45:35.318707: train_loss -0.7616
2025-11-21 14:45:35.318970: val_loss -0.7527
2025-11-21 14:45:35.319102: Pseudo dice [np.float32(0.9216), np.float32(0.763), np.float32(0.0)]
2025-11-21 14:45:35.319225: Epoch time: 72.57 s
2025-11-21 14:45:36.548947: 
2025-11-21 14:45:36.549148: Epoch 975
2025-11-21 14:45:36.549282: Current learning rate: 0.00036
2025-11-21 14:46:45.098600: train_loss -0.7821
2025-11-21 14:46:45.098841: val_loss -0.7446
2025-11-21 14:46:45.098948: Pseudo dice [np.float32(0.9254), np.float32(0.7556), np.float32(0.0)]
2025-11-21 14:46:45.099058: Epoch time: 68.55 s
2025-11-21 14:46:47.010206: 
2025-11-21 14:46:47.010406: Epoch 976
2025-11-21 14:46:47.010550: Current learning rate: 0.00035
2025-11-21 14:47:57.194033: train_loss -0.7819
2025-11-21 14:47:57.194304: val_loss -0.7655
2025-11-21 14:47:57.194426: Pseudo dice [np.float32(0.9175), np.float32(0.7509), np.float32(0.0)]
2025-11-21 14:47:57.194547: Epoch time: 70.18 s
2025-11-21 14:47:58.964849: 
2025-11-21 14:47:58.965079: Epoch 977
2025-11-21 14:47:58.965240: Current learning rate: 0.00034
2025-11-21 14:49:08.421430: train_loss -0.7928
2025-11-21 14:49:08.421778: val_loss -0.7715
2025-11-21 14:49:08.421893: Pseudo dice [np.float32(0.9133), np.float32(0.7475), np.float32(0.0)]
2025-11-21 14:49:08.421998: Epoch time: 69.46 s
2025-11-21 14:49:09.989311: 
2025-11-21 14:49:09.989676: Epoch 978
2025-11-21 14:49:09.989948: Current learning rate: 0.00032
2025-11-21 14:50:21.622329: train_loss -0.786
2025-11-21 14:50:21.622583: val_loss -0.7468
2025-11-21 14:50:21.622700: Pseudo dice [np.float32(0.925), np.float32(0.7627), np.float32(0.0)]
2025-11-21 14:50:21.622821: Epoch time: 71.64 s
2025-11-21 14:50:22.925865: 
2025-11-21 14:50:22.926134: Epoch 979
2025-11-21 14:50:22.926267: Current learning rate: 0.00031
2025-11-21 14:51:37.765847: train_loss -0.7877
2025-11-21 14:51:37.771524: val_loss -0.7655
2025-11-21 14:51:37.771679: Pseudo dice [np.float32(0.9094), np.float32(0.7532), np.float32(0.0)]
2025-11-21 14:51:37.771785: Epoch time: 74.84 s
2025-11-21 14:51:39.965437: 
2025-11-21 14:51:39.965704: Epoch 980
2025-11-21 14:51:39.965836: Current learning rate: 0.0003
2025-11-21 14:52:55.268635: train_loss -0.7839
2025-11-21 14:52:55.268883: val_loss -0.7417
2025-11-21 14:52:55.268989: Pseudo dice [np.float32(0.9174), np.float32(0.75), np.float32(0.0)]
2025-11-21 14:52:55.269102: Epoch time: 75.3 s
2025-11-21 14:52:56.971594: 
2025-11-21 14:52:56.971855: Epoch 981
2025-11-21 14:52:56.972009: Current learning rate: 0.00028
2025-11-21 14:54:07.036066: train_loss -0.7632
2025-11-21 14:54:07.036336: val_loss -0.7621
2025-11-21 14:54:07.036467: Pseudo dice [np.float32(0.9229), np.float32(0.7479), np.float32(0.0)]
2025-11-21 14:54:07.036591: Epoch time: 70.07 s
2025-11-21 14:54:09.136971: 
2025-11-21 14:54:09.137192: Epoch 982
2025-11-21 14:54:09.137321: Current learning rate: 0.00027
2025-11-21 14:55:21.224454: train_loss -0.7719
2025-11-21 14:55:21.224734: val_loss -0.7851
2025-11-21 14:55:21.224861: Pseudo dice [np.float32(0.9163), np.float32(0.7384), np.float32(0.0)]
2025-11-21 14:55:21.228947: Epoch time: 72.09 s
2025-11-21 14:55:22.545443: 
2025-11-21 14:55:22.545649: Epoch 983
2025-11-21 14:55:22.545780: Current learning rate: 0.00026
2025-11-21 14:56:38.164774: train_loss -0.778
2025-11-21 14:56:38.167812: val_loss -0.7764
2025-11-21 14:56:38.167985: Pseudo dice [np.float32(0.9212), np.float32(0.7651), np.float32(0.0)]
2025-11-21 14:56:38.168113: Epoch time: 75.62 s
2025-11-21 14:56:40.230902: 
2025-11-21 14:56:40.231103: Epoch 984
2025-11-21 14:56:40.231261: Current learning rate: 0.00024
2025-11-21 14:57:50.532640: train_loss -0.7712
2025-11-21 14:57:50.537104: val_loss -0.7308
2025-11-21 14:57:50.537428: Pseudo dice [np.float32(0.9207), np.float32(0.7605), np.float32(0.0)]
2025-11-21 14:57:50.537616: Epoch time: 70.3 s
2025-11-21 14:57:51.720935: 
2025-11-21 14:57:51.721115: Epoch 985
2025-11-21 14:57:51.721260: Current learning rate: 0.00023
2025-11-21 14:59:04.818876: train_loss -0.7811
2025-11-21 14:59:04.819106: val_loss -0.7315
2025-11-21 14:59:04.819268: Pseudo dice [np.float32(0.9152), np.float32(0.7665), np.float32(0.0)]
2025-11-21 14:59:04.819394: Epoch time: 73.1 s
2025-11-21 14:59:05.983732: 
2025-11-21 14:59:05.984007: Epoch 986
2025-11-21 14:59:05.984154: Current learning rate: 0.00021
2025-11-21 15:00:17.530456: train_loss -0.7833
2025-11-21 15:00:17.535208: val_loss -0.7489
2025-11-21 15:00:17.536218: Pseudo dice [np.float32(0.9183), np.float32(0.7527), np.float32(0.0)]
2025-11-21 15:00:17.536334: Epoch time: 71.55 s
2025-11-21 15:00:19.736263: 
2025-11-21 15:00:19.736439: Epoch 987
2025-11-21 15:00:19.736618: Current learning rate: 0.0002
2025-11-21 15:01:30.872161: train_loss -0.7818
2025-11-21 15:01:30.873470: val_loss -0.7174
2025-11-21 15:01:30.873620: Pseudo dice [np.float32(0.914), np.float32(0.7564), np.float32(0.0)]
2025-11-21 15:01:30.875276: Epoch time: 71.14 s
2025-11-21 15:01:32.772285: 
2025-11-21 15:01:32.772493: Epoch 988
2025-11-21 15:01:32.772652: Current learning rate: 0.00019
2025-11-21 15:02:44.975477: train_loss -0.7898
2025-11-21 15:02:44.975750: val_loss -0.7426
2025-11-21 15:02:44.980261: Pseudo dice [np.float32(0.9204), np.float32(0.7567), np.float32(0.0)]
2025-11-21 15:02:44.980441: Epoch time: 72.2 s
2025-11-21 15:02:46.337266: 
2025-11-21 15:02:46.337433: Epoch 989
2025-11-21 15:02:46.337558: Current learning rate: 0.00017
2025-11-21 15:03:56.959514: train_loss -0.794
2025-11-21 15:03:56.961524: val_loss -0.7449
2025-11-21 15:03:56.961647: Pseudo dice [np.float32(0.9174), np.float32(0.7575), np.float32(0.0)]
2025-11-21 15:03:56.963558: Epoch time: 70.62 s
2025-11-21 15:03:58.544063: 
2025-11-21 15:03:58.544274: Epoch 990
2025-11-21 15:03:58.544423: Current learning rate: 0.00016
2025-11-21 15:05:11.401325: train_loss -0.7777
2025-11-21 15:05:11.401582: val_loss -0.7485
2025-11-21 15:05:11.401708: Pseudo dice [np.float32(0.9158), np.float32(0.7428), np.float32(0.0)]
2025-11-21 15:05:11.401820: Epoch time: 72.86 s
2025-11-21 15:05:13.657292: 
2025-11-21 15:05:13.657682: Epoch 991
2025-11-21 15:05:13.657989: Current learning rate: 0.00014
2025-11-21 15:06:28.019288: train_loss -0.7675
2025-11-21 15:06:28.023865: val_loss -0.7529
2025-11-21 15:06:28.024035: Pseudo dice [np.float32(0.9247), np.float32(0.7672), np.float32(0.0)]
2025-11-21 15:06:28.024147: Epoch time: 74.36 s
2025-11-21 15:06:29.302388: 
2025-11-21 15:06:29.302589: Epoch 992
2025-11-21 15:06:29.307081: Current learning rate: 0.00013
2025-11-21 15:07:43.207225: train_loss -0.7859
2025-11-21 15:07:43.207469: val_loss -0.7671
2025-11-21 15:07:43.207567: Pseudo dice [np.float32(0.9255), np.float32(0.766), np.float32(0.0)]
2025-11-21 15:07:43.207724: Epoch time: 73.91 s
2025-11-21 15:07:45.577942: 
2025-11-21 15:07:45.578128: Epoch 993
2025-11-21 15:07:45.578267: Current learning rate: 0.00011
2025-11-21 15:08:56.306829: train_loss -0.7829
2025-11-21 15:08:56.307202: val_loss -0.7473
2025-11-21 15:08:56.307322: Pseudo dice [np.float32(0.9221), np.float32(0.7631), np.float32(0.0)]
2025-11-21 15:08:56.307431: Epoch time: 70.73 s
2025-11-21 15:08:58.193932: 
2025-11-21 15:08:58.194123: Epoch 994
2025-11-21 15:08:58.194258: Current learning rate: 0.0001
2025-11-21 15:10:09.404063: train_loss -0.7821
2025-11-21 15:10:09.404439: val_loss -0.7499
2025-11-21 15:10:09.404553: Pseudo dice [np.float32(0.9223), np.float32(0.7379), np.float32(0.0)]
2025-11-21 15:10:09.404669: Epoch time: 71.21 s
2025-11-21 15:10:10.566617: 
2025-11-21 15:10:10.566862: Epoch 995
2025-11-21 15:10:10.566997: Current learning rate: 8e-05
2025-11-21 15:11:21.093549: train_loss -0.7876
2025-11-21 15:11:21.093834: val_loss -0.7536
2025-11-21 15:11:21.093951: Pseudo dice [np.float32(0.9209), np.float32(0.7694), np.float32(0.0)]
2025-11-21 15:11:21.094054: Epoch time: 70.53 s
2025-11-21 15:11:22.245136: 
2025-11-21 15:11:22.245369: Epoch 996
2025-11-21 15:11:22.245532: Current learning rate: 7e-05
2025-11-21 15:12:35.966377: train_loss -0.7896
2025-11-21 15:12:35.966613: val_loss -0.7448
2025-11-21 15:12:35.966741: Pseudo dice [np.float32(0.9193), np.float32(0.7707), np.float32(0.0)]
2025-11-21 15:12:35.966852: Epoch time: 73.72 s
2025-11-21 15:12:37.280202: 
2025-11-21 15:12:37.280413: Epoch 997
2025-11-21 15:12:37.280574: Current learning rate: 5e-05
2025-11-21 15:13:52.292512: train_loss -0.7942
2025-11-21 15:13:52.292911: val_loss -0.741
2025-11-21 15:13:52.293039: Pseudo dice [np.float32(0.9112), np.float32(0.7348), np.float32(0.0)]
2025-11-21 15:13:52.293149: Epoch time: 75.01 s
2025-11-21 15:13:53.494177: 
2025-11-21 15:13:53.494420: Epoch 998
2025-11-21 15:13:53.494575: Current learning rate: 4e-05
2025-11-21 15:15:05.093762: train_loss -0.7824
2025-11-21 15:15:05.094749: val_loss -0.7581
2025-11-21 15:15:05.094877: Pseudo dice [np.float32(0.9214), np.float32(0.7538), np.float32(0.0)]
2025-11-21 15:15:05.095003: Epoch time: 71.6 s
2025-11-21 15:15:06.738142: 
2025-11-21 15:15:06.738374: Epoch 999
2025-11-21 15:15:06.738550: Current learning rate: 2e-05
2025-11-21 15:16:17.734877: train_loss -0.7944
2025-11-21 15:16:17.735115: val_loss -0.7097
2025-11-21 15:16:17.735234: Pseudo dice [np.float32(0.9213), np.float32(0.739), np.float32(0.0)]
2025-11-21 15:16:17.735355: Epoch time: 71.0 s
2025-11-21 15:16:19.250528: Training done.
2025-11-21 15:16:19.303981: Using splits from existing split file: /work/u4526725/Dataset/nnUNet/nnUNet_preprocessed/Dataset306_aicup2025/splits_final.json
2025-11-21 15:16:19.304222: The split file contains 5 splits.
2025-11-21 15:16:19.304305: Desired fold for training: 2
2025-11-21 15:16:19.304368: This split has 40 training and 10 validation cases.
2025-11-21 15:16:19.304502: predicting patient0001
2025-11-21 15:16:19.953089: patient0001, shape torch.Size([1, 341, 540, 540]), rank 0
2025-11-21 15:17:29.074475: predicting patient0005
2025-11-21 15:17:29.504977: patient0005, shape torch.Size([1, 285, 474, 474]), rank 0
2025-11-21 15:18:01.359627: predicting patient0008
2025-11-21 15:18:01.730316: patient0008, shape torch.Size([1, 287, 444, 444]), rank 0
2025-11-21 15:18:33.452091: predicting patient0016
2025-11-21 15:18:34.208090: patient0016, shape torch.Size([1, 342, 575, 575]), rank 0
2025-11-21 15:20:00.962428: predicting patient0024
2025-11-21 15:20:01.610509: patient0024, shape torch.Size([1, 355, 504, 504]), rank 0
2025-11-21 15:21:05.518726: predicting patient0025
2025-11-21 15:21:06.217782: patient0025, shape torch.Size([1, 302, 583, 583]), rank 0
2025-11-21 15:22:20.655192: predicting patient0027
2025-11-21 15:22:21.247070: patient0027, shape torch.Size([1, 297, 550, 550]), rank 0
2025-11-21 15:23:16.087504: predicting patient0036
2025-11-21 15:23:16.566754: patient0036, shape torch.Size([1, 281, 487, 487]), rank 0
2025-11-21 15:24:02.339135: predicting patient0041
2025-11-21 15:24:02.602326: patient0041, shape torch.Size([1, 294, 378, 378]), rank 0
2025-11-21 15:24:27.004031: predicting patient0045
2025-11-21 15:24:27.542553: patient0045, shape torch.Size([1, 303, 540, 540]), rank 0
2025-11-21 15:26:05.851505: Validation complete
2025-11-21 15:26:05.851640: Mean Validation Dice:  0.5640428529411822
