+----------------------------------------------------+
| loading miniforge with conda 24.7.1 and python 3.9 |
+----------------------------------------------------+

Thu Nov 20 19:01:21 CST 2025
/work/u4526725/ntuh/nnUNet
/work/u4526725/Dataset/nnUNet/nnUNet_raw
/work/u4526725/Dataset/nnUNet/nnUNet_preprocessed
/work/u4526725/Dataset/nnUNet/nnUNet_results
/work/u4526725/Dataset/nnUNet/nnUNet_predictions
/home/u4526725/.conda/envs/nnUNet/bin:/work/HPC_SYS/twnia2/pkg-rocky8/tools/miniforge/Miniforge-pypy3-24.7.1-2/condabin:/opt/conda/bin:/opt/conda/bin:/home/u4526725/.vscode-server/data/User/globalStorage/github.copilot-chat/copilotCli:/home/u4526725/.vscode-server/data/User/globalStorage/github.copilot-chat/debugCommand:/home/u4526725/.vscode-server/cli/servers/Stable-cb1933bbc38d329b3595673a600fab5c7368f0a7/server/bin/remote-cli:/opt/conda/bin:/usr/local/bin:/usr/bin:/usr/local/sbin:/usr/sbin:/home/u4526725/.vscode-server/extensions/ms-python.debugpy-2025.16.0-linux-x64/bundled/scripts/noConfigScripts:/home/u4526725/.local/bin:/home/u4526725/bin:/home/u4526725/.local/bin:/home/u4526725/.local/bin

############################
INFO: You are using the old nnU-Net default plans. We have updated our recommendations. Please consider using those instead! Read more here: https://github.com/MIC-DKFZ/nnUNet/blob/master/documentation/resenc_presets.md
############################

Using device: cuda:0

#######################################################################
Please cite the following paper when using nnU-Net:
Isensee, F., Jaeger, P. F., Kohl, S. A., Petersen, J., & Maier-Hein, K. H. (2021). nnU-Net: a self-configuring method for deep learning-based biomedical image segmentation. Nature methods, 18(2), 203-211.
#######################################################################

2025-11-20 19:01:26.489582: Using torch.compile...
2025-11-20 19:01:27.984222: do_dummy_2d_data_aug: False
2025-11-20 19:01:27.984651: Using splits from existing split file: /work/u4526725/Dataset/nnUNet/nnUNet_preprocessed/Dataset306_aicup2025/splits_final.json
2025-11-20 19:01:27.984839: The split file contains 5 splits.
2025-11-20 19:01:27.984907: Desired fold for training: 1
2025-11-20 19:01:27.984966: This split has 40 training and 10 validation cases.
using pin_memory on device 0
/home/u4526725/.local/lib/python3.12/site-packages/fft_conv_pytorch/fft_conv.py:139: UserWarning: Using a non-tuple sequence for multidimensional indexing is deprecated and will be changed in pytorch 2.9; use x[tuple(seq)] instead of x[seq]. In pytorch 2.9 this will be interpreted as tensor index, x[torch.tensor(seq)], which will result either in an error or a different result (Triggered internally at /pytorch/torch/csrc/autograd/python_variable_indexing.cpp:306.)
  output = output[crop_slices].contiguous()
/home/u4526725/.local/lib/python3.12/site-packages/fft_conv_pytorch/fft_conv.py:139: UserWarning: Using a non-tuple sequence for multidimensional indexing is deprecated and will be changed in pytorch 2.9; use x[tuple(seq)] instead of x[seq]. In pytorch 2.9 this will be interpreted as tensor index, x[torch.tensor(seq)], which will result either in an error or a different result (Triggered internally at /pytorch/torch/csrc/autograd/python_variable_indexing.cpp:306.)
  output = output[crop_slices].contiguous()
/home/u4526725/.local/lib/python3.12/site-packages/fft_conv_pytorch/fft_conv.py:139: UserWarning: Using a non-tuple sequence for multidimensional indexing is deprecated and will be changed in pytorch 2.9; use x[tuple(seq)] instead of x[seq]. In pytorch 2.9 this will be interpreted as tensor index, x[torch.tensor(seq)], which will result either in an error or a different result (Triggered internally at /pytorch/torch/csrc/autograd/python_variable_indexing.cpp:306.)
  output = output[crop_slices].contiguous()
/home/u4526725/.local/lib/python3.12/site-packages/fft_conv_pytorch/fft_conv.py:139: UserWarning: Using a non-tuple sequence for multidimensional indexing is deprecated and will be changed in pytorch 2.9; use x[tuple(seq)] instead of x[seq]. In pytorch 2.9 this will be interpreted as tensor index, x[torch.tensor(seq)], which will result either in an error or a different result (Triggered internally at /pytorch/torch/csrc/autograd/python_variable_indexing.cpp:306.)
  output = output[crop_slices].contiguous()
/home/u4526725/.local/lib/python3.12/site-packages/fft_conv_pytorch/fft_conv.py:139: UserWarning: Using a non-tuple sequence for multidimensional indexing is deprecated and will be changed in pytorch 2.9; use x[tuple(seq)] instead of x[seq]. In pytorch 2.9 this will be interpreted as tensor index, x[torch.tensor(seq)], which will result either in an error or a different result (Triggered internally at /pytorch/torch/csrc/autograd/python_variable_indexing.cpp:306.)
  output = output[crop_slices].contiguous()
/home/u4526725/.local/lib/python3.12/site-packages/fft_conv_pytorch/fft_conv.py:139: UserWarning: Using a non-tuple sequence for multidimensional indexing is deprecated and will be changed in pytorch 2.9; use x[tuple(seq)] instead of x[seq]. In pytorch 2.9 this will be interpreted as tensor index, x[torch.tensor(seq)], which will result either in an error or a different result (Triggered internally at /pytorch/torch/csrc/autograd/python_variable_indexing.cpp:306.)
  output = output[crop_slices].contiguous()
/home/u4526725/.local/lib/python3.12/site-packages/fft_conv_pytorch/fft_conv.py:139: UserWarning: Using a non-tuple sequence for multidimensional indexing is deprecated and will be changed in pytorch 2.9; use x[tuple(seq)] instead of x[seq]. In pytorch 2.9 this will be interpreted as tensor index, x[torch.tensor(seq)], which will result either in an error or a different result (Triggered internally at /pytorch/torch/csrc/autograd/python_variable_indexing.cpp:306.)
  output = output[crop_slices].contiguous()
/home/u4526725/.local/lib/python3.12/site-packages/fft_conv_pytorch/fft_conv.py:139: UserWarning: Using a non-tuple sequence for multidimensional indexing is deprecated and will be changed in pytorch 2.9; use x[tuple(seq)] instead of x[seq]. In pytorch 2.9 this will be interpreted as tensor index, x[torch.tensor(seq)], which will result either in an error or a different result (Triggered internally at /pytorch/torch/csrc/autograd/python_variable_indexing.cpp:306.)
  output = output[crop_slices].contiguous()
/home/u4526725/.local/lib/python3.12/site-packages/fft_conv_pytorch/fft_conv.py:139: UserWarning: Using a non-tuple sequence for multidimensional indexing is deprecated and will be changed in pytorch 2.9; use x[tuple(seq)] instead of x[seq]. In pytorch 2.9 this will be interpreted as tensor index, x[torch.tensor(seq)], which will result either in an error or a different result (Triggered internally at /pytorch/torch/csrc/autograd/python_variable_indexing.cpp:306.)
  output = output[crop_slices].contiguous()
/home/u4526725/.local/lib/python3.12/site-packages/fft_conv_pytorch/fft_conv.py:139: UserWarning: Using a non-tuple sequence for multidimensional indexing is deprecated and will be changed in pytorch 2.9; use x[tuple(seq)] instead of x[seq]. In pytorch 2.9 this will be interpreted as tensor index, x[torch.tensor(seq)], which will result either in an error or a different result (Triggered internally at /pytorch/torch/csrc/autograd/python_variable_indexing.cpp:306.)
  output = output[crop_slices].contiguous()
/home/u4526725/.local/lib/python3.12/site-packages/fft_conv_pytorch/fft_conv.py:139: UserWarning: Using a non-tuple sequence for multidimensional indexing is deprecated and will be changed in pytorch 2.9; use x[tuple(seq)] instead of x[seq]. In pytorch 2.9 this will be interpreted as tensor index, x[torch.tensor(seq)], which will result either in an error or a different result (Triggered internally at /pytorch/torch/csrc/autograd/python_variable_indexing.cpp:306.)
  output = output[crop_slices].contiguous()
/home/u4526725/.local/lib/python3.12/site-packages/fft_conv_pytorch/fft_conv.py:139: UserWarning: Using a non-tuple sequence for multidimensional indexing is deprecated and will be changed in pytorch 2.9; use x[tuple(seq)] instead of x[seq]. In pytorch 2.9 this will be interpreted as tensor index, x[torch.tensor(seq)], which will result either in an error or a different result (Triggered internally at /pytorch/torch/csrc/autograd/python_variable_indexing.cpp:306.)
  output = output[crop_slices].contiguous()
/work/u4526725/ntuh/nnUNet/nnunetv2/training/nnUNetTrainer/nnUNetTrainer.py:1114: RuntimeWarning: invalid value encountered in scalar divide
  global_dc_per_class = [i for i in [2 * i / (2 * i + j + k) for i, j, k in zip(tp, fp, fn)]]
using pin_memory on device 0

This is the configuration used by this training:
Configuration name: 3d_fullres
 {'data_identifier': 'nnUNetPlans_3d_fullres', 'preprocessor_name': 'DefaultPreprocessor', 'batch_size': 2, 'patch_size': [96, 160, 160], 'median_image_size_in_voxels': [302.5, 512.0, 512.0], 'spacing': [0.5, 0.39453125, 0.39453125], 'normalization_schemes': ['CTNormalization'], 'use_mask_for_norm': [False], 'resampling_fn_data': 'resample_data_or_seg_to_shape', 'resampling_fn_seg': 'resample_data_or_seg_to_shape', 'resampling_fn_data_kwargs': {'is_seg': False, 'order': 3, 'order_z': 0, 'force_separate_z': None}, 'resampling_fn_seg_kwargs': {'is_seg': True, 'order': 1, 'order_z': 0, 'force_separate_z': None}, 'resampling_fn_probabilities': 'resample_data_or_seg_to_shape', 'resampling_fn_probabilities_kwargs': {'is_seg': False, 'order': 1, 'order_z': 0, 'force_separate_z': None}, 'architecture': {'network_class_name': 'dynamic_network_architectures.architectures.unet.PlainConvUNet', 'arch_kwargs': {'n_stages': 6, 'features_per_stage': [32, 64, 128, 256, 320, 320], 'conv_op': 'torch.nn.modules.conv.Conv3d', 'kernel_sizes': [[3, 3, 3], [3, 3, 3], [3, 3, 3], [3, 3, 3], [3, 3, 3], [3, 3, 3]], 'strides': [[1, 1, 1], [2, 2, 2], [2, 2, 2], [2, 2, 2], [2, 2, 2], [1, 2, 2]], 'n_conv_per_stage': [2, 2, 2, 2, 2, 2], 'n_conv_per_stage_decoder': [2, 2, 2, 2, 2], 'conv_bias': True, 'norm_op': 'torch.nn.modules.instancenorm.InstanceNorm3d', 'norm_op_kwargs': {'eps': 1e-05, 'affine': True}, 'dropout_op': None, 'dropout_op_kwargs': None, 'nonlin': 'torch.nn.LeakyReLU', 'nonlin_kwargs': {'inplace': True}}, '_kw_requires_import': ['conv_op', 'norm_op', 'dropout_op', 'nonlin']}, 'batch_dice': True} 

These are the global plan.json settings:
 {'dataset_name': 'Dataset306_aicup2025', 'plans_name': 'nnUNetPlans', 'original_median_spacing_after_transp': [0.5, 0.39453125, 0.39453125], 'original_median_shape_after_transp': [340, 512, 512], 'image_reader_writer': 'NibabelIOWithReorient', 'transpose_forward': [0, 1, 2], 'transpose_backward': [0, 1, 2], 'experiment_planner_used': 'ExperimentPlanner', 'label_manager': 'LabelManager', 'foreground_intensity_properties_per_channel': {'0': {'max': 1819.0, 'mean': 136.50274658203125, 'median': 115.0, 'min': -873.0, 'percentile_00_5': -30.0, 'percentile_99_5': 478.0, 'std': 91.3067398071289}}} 

2025-11-20 19:01:31.069542: Unable to plot network architecture: nnUNet_compile is enabled!
2025-11-20 19:01:31.118264: 
2025-11-20 19:01:31.118426: Epoch 0
2025-11-20 19:01:31.118592: Current learning rate: 0.01
2025-11-20 19:02:58.407837: train_loss -0.1094
2025-11-20 19:02:58.408075: val_loss -0.1584
2025-11-20 19:02:58.408184: Pseudo dice [np.float32(0.6136), np.float32(0.1685), np.float32(0.0)]
2025-11-20 19:02:58.408279: Epoch time: 87.29 s
2025-11-20 19:02:58.408355: Yayy! New best EMA pseudo Dice: 0.260699987411499
2025-11-20 19:02:59.590798: 
2025-11-20 19:02:59.590951: Epoch 1
2025-11-20 19:02:59.591067: Current learning rate: 0.00999
2025-11-20 19:04:08.052231: train_loss -0.2183
2025-11-20 19:04:08.052493: val_loss -0.2359
2025-11-20 19:04:08.052599: Pseudo dice [np.float32(0.659), np.float32(0.3954), np.float32(0.0)]
2025-11-20 19:04:08.055889: Epoch time: 68.46 s
2025-11-20 19:04:08.056020: Yayy! New best EMA pseudo Dice: 0.26980000734329224
2025-11-20 19:04:09.419554: 
2025-11-20 19:04:09.419754: Epoch 2
2025-11-20 19:04:09.419882: Current learning rate: 0.00998
2025-11-20 19:05:18.520880: train_loss -0.25
2025-11-20 19:05:18.522686: val_loss -0.2749
2025-11-20 19:05:18.522808: Pseudo dice [np.float32(0.6941), np.float32(0.5028), np.float32(0.0)]
2025-11-20 19:05:18.522915: Epoch time: 69.1 s
2025-11-20 19:05:18.522999: Yayy! New best EMA pseudo Dice: 0.2827000021934509
2025-11-20 19:05:20.252859: 
2025-11-20 19:05:20.253132: Epoch 3
2025-11-20 19:05:20.253273: Current learning rate: 0.00997
2025-11-20 19:06:30.028631: train_loss -0.2992
2025-11-20 19:06:30.031689: val_loss -0.2981
2025-11-20 19:06:30.031818: Pseudo dice [np.float32(0.7121), np.float32(0.5648), np.float32(0.0)]
2025-11-20 19:06:30.031923: Epoch time: 69.78 s
2025-11-20 19:06:30.032003: Yayy! New best EMA pseudo Dice: 0.296999990940094
2025-11-20 19:06:31.680536: 
2025-11-20 19:06:31.680758: Epoch 4
2025-11-20 19:06:31.680884: Current learning rate: 0.00996
2025-11-20 19:07:40.181254: train_loss -0.3114
2025-11-20 19:07:40.181489: val_loss -0.3181
2025-11-20 19:07:40.181585: Pseudo dice [np.float32(0.752), np.float32(0.5868), np.float32(0.0)]
2025-11-20 19:07:40.181683: Epoch time: 68.5 s
2025-11-20 19:07:40.181759: Yayy! New best EMA pseudo Dice: 0.31189998984336853
2025-11-20 19:07:41.846048: 
2025-11-20 19:07:41.846257: Epoch 5
2025-11-20 19:07:41.846385: Current learning rate: 0.00995
2025-11-20 19:08:53.644655: train_loss -0.3384
2025-11-20 19:08:53.644922: val_loss -0.3444
2025-11-20 19:08:53.645095: Pseudo dice [np.float32(0.753), np.float32(0.6175), np.float32(0.0)]
2025-11-20 19:08:53.645217: Epoch time: 71.8 s
2025-11-20 19:08:53.645306: Yayy! New best EMA pseudo Dice: 0.3264000117778778
2025-11-20 19:08:55.089137: 
2025-11-20 19:08:55.089369: Epoch 6
2025-11-20 19:08:55.089499: Current learning rate: 0.00995
2025-11-20 19:10:05.827460: train_loss -0.3491
2025-11-20 19:10:05.832131: val_loss -0.3697
2025-11-20 19:10:05.832385: Pseudo dice [np.float32(0.7946), np.float32(0.6372), np.float32(0.0)]
2025-11-20 19:10:05.832497: Epoch time: 70.74 s
2025-11-20 19:10:05.832577: Yayy! New best EMA pseudo Dice: 0.34150001406669617
2025-11-20 19:10:08.039052: 
2025-11-20 19:10:08.039357: Epoch 7
2025-11-20 19:10:08.039499: Current learning rate: 0.00994
2025-11-20 19:11:18.483190: train_loss -0.3577
2025-11-20 19:11:18.483582: val_loss -0.3605
2025-11-20 19:11:18.483686: Pseudo dice [np.float32(0.7829), np.float32(0.5975), np.float32(0.0)]
2025-11-20 19:11:18.483784: Epoch time: 70.45 s
2025-11-20 19:11:18.483857: Yayy! New best EMA pseudo Dice: 0.35339999198913574
2025-11-20 19:11:21.420006: 
2025-11-20 19:11:21.420294: Epoch 8
2025-11-20 19:11:21.420422: Current learning rate: 0.00993
2025-11-20 19:12:32.299924: train_loss -0.3561
2025-11-20 19:12:32.300219: val_loss -0.3661
2025-11-20 19:12:32.300326: Pseudo dice [np.float32(0.8234), np.float32(0.6413), np.float32(0.0)]
2025-11-20 19:12:32.300430: Epoch time: 70.88 s
2025-11-20 19:12:32.300510: Yayy! New best EMA pseudo Dice: 0.3668000102043152
2025-11-20 19:12:34.513701: 
2025-11-20 19:12:34.513897: Epoch 9
2025-11-20 19:12:34.514012: Current learning rate: 0.00992
2025-11-20 19:13:41.238086: train_loss -0.3791
2025-11-20 19:13:41.239927: val_loss -0.3945
2025-11-20 19:13:41.240085: Pseudo dice [np.float32(0.817), np.float32(0.6728), np.float32(0.0)]
2025-11-20 19:13:41.240202: Epoch time: 66.73 s
2025-11-20 19:13:41.241960: Yayy! New best EMA pseudo Dice: 0.3797999918460846
2025-11-20 19:13:42.826707: 
2025-11-20 19:13:42.826942: Epoch 10
2025-11-20 19:13:42.827070: Current learning rate: 0.00991
2025-11-20 19:14:56.308150: train_loss -0.3917
2025-11-20 19:14:56.310517: val_loss -0.3854
2025-11-20 19:14:56.310696: Pseudo dice [np.float32(0.8217), np.float32(0.6929), np.float32(0.0)]
2025-11-20 19:14:56.310808: Epoch time: 73.48 s
2025-11-20 19:14:56.310889: Yayy! New best EMA pseudo Dice: 0.392300009727478
2025-11-20 19:14:57.872111: 
2025-11-20 19:14:57.872301: Epoch 11
2025-11-20 19:14:57.872421: Current learning rate: 0.0099
2025-11-20 19:16:11.196727: train_loss -0.3876
2025-11-20 19:16:11.198427: val_loss -0.3781
2025-11-20 19:16:11.198563: Pseudo dice [np.float32(0.8366), np.float32(0.6724), np.float32(0.0)]
2025-11-20 19:16:11.198669: Epoch time: 73.33 s
2025-11-20 19:16:11.198757: Yayy! New best EMA pseudo Dice: 0.4034000039100647
2025-11-20 19:16:12.880824: 
2025-11-20 19:16:12.881084: Epoch 12
2025-11-20 19:16:12.881220: Current learning rate: 0.00989
2025-11-20 19:17:19.421022: train_loss -0.3902
2025-11-20 19:17:19.423107: val_loss -0.3959
2025-11-20 19:17:19.423374: Pseudo dice [np.float32(0.8093), np.float32(0.6644), np.float32(0.0)]
2025-11-20 19:17:19.423486: Epoch time: 66.54 s
2025-11-20 19:17:19.423567: Yayy! New best EMA pseudo Dice: 0.412200003862381
2025-11-20 19:17:21.386399: 
2025-11-20 19:17:21.386734: Epoch 13
2025-11-20 19:17:21.386878: Current learning rate: 0.00988
2025-11-20 19:18:32.217359: train_loss -0.3821
2025-11-20 19:18:32.219292: val_loss -0.4153
2025-11-20 19:18:32.219448: Pseudo dice [np.float32(0.845), np.float32(0.6759), np.float32(0.0)]
2025-11-20 19:18:32.219562: Epoch time: 70.83 s
2025-11-20 19:18:32.219652: Yayy! New best EMA pseudo Dice: 0.42170000076293945
2025-11-20 19:18:33.691236: 
2025-11-20 19:18:33.691420: Epoch 14
2025-11-20 19:18:33.691528: Current learning rate: 0.00987
2025-11-20 19:19:45.169759: train_loss -0.4076
2025-11-20 19:19:45.172539: val_loss -0.3908
2025-11-20 19:19:45.172693: Pseudo dice [np.float32(0.8445), np.float32(0.6944), np.float32(0.0)]
2025-11-20 19:19:45.172794: Epoch time: 71.48 s
2025-11-20 19:19:45.172870: Yayy! New best EMA pseudo Dice: 0.4307999908924103
2025-11-20 19:19:47.462638: 
2025-11-20 19:19:47.462850: Epoch 15
2025-11-20 19:19:47.462968: Current learning rate: 0.00986
2025-11-20 19:20:54.133533: train_loss -0.4139
2025-11-20 19:20:54.134098: val_loss -0.4004
2025-11-20 19:20:54.134217: Pseudo dice [np.float32(0.8277), np.float32(0.6775), np.float32(0.0)]
2025-11-20 19:20:54.134323: Epoch time: 66.67 s
2025-11-20 19:20:54.134503: Yayy! New best EMA pseudo Dice: 0.43790000677108765
2025-11-20 19:20:55.574614: 
2025-11-20 19:20:55.574878: Epoch 16
2025-11-20 19:20:55.575004: Current learning rate: 0.00986
2025-11-20 19:22:04.942757: train_loss -0.4119
2025-11-20 19:22:04.944558: val_loss -0.4101
2025-11-20 19:22:04.944722: Pseudo dice [np.float32(0.8416), np.float32(0.6819), np.float32(0.0)]
2025-11-20 19:22:04.944829: Epoch time: 69.37 s
2025-11-20 19:22:04.944912: Yayy! New best EMA pseudo Dice: 0.4449000060558319
2025-11-20 19:22:07.109334: 
2025-11-20 19:22:07.109545: Epoch 17
2025-11-20 19:22:07.109664: Current learning rate: 0.00985
2025-11-20 19:23:16.005632: train_loss -0.4048
2025-11-20 19:23:16.007344: val_loss -0.408
2025-11-20 19:23:16.007472: Pseudo dice [np.float32(0.8249), np.float32(0.6719), np.float32(0.0)]
2025-11-20 19:23:16.007577: Epoch time: 68.9 s
2025-11-20 19:23:16.007657: Yayy! New best EMA pseudo Dice: 0.450300008058548
2025-11-20 19:23:17.608097: 
2025-11-20 19:23:17.608392: Epoch 18
2025-11-20 19:23:17.608574: Current learning rate: 0.00984
2025-11-20 19:24:25.667618: train_loss -0.4034
2025-11-20 19:24:25.669375: val_loss -0.4259
2025-11-20 19:24:25.669521: Pseudo dice [np.float32(0.8225), np.float32(0.7153), np.float32(0.0)]
2025-11-20 19:24:25.669626: Epoch time: 68.06 s
2025-11-20 19:24:25.669708: Yayy! New best EMA pseudo Dice: 0.45649999380111694
2025-11-20 19:24:27.148551: 
2025-11-20 19:24:27.148783: Epoch 19
2025-11-20 19:24:27.148917: Current learning rate: 0.00983
2025-11-20 19:25:39.803073: train_loss -0.4085
2025-11-20 19:25:39.804335: val_loss -0.3854
2025-11-20 19:25:39.804494: Pseudo dice [np.float32(0.8418), np.float32(0.7023), np.float32(0.0)]
2025-11-20 19:25:39.804606: Epoch time: 72.66 s
2025-11-20 19:25:39.804691: Yayy! New best EMA pseudo Dice: 0.46230000257492065
2025-11-20 19:25:41.911296: 
2025-11-20 19:25:41.925442: Epoch 20
2025-11-20 19:25:41.925673: Current learning rate: 0.00982
2025-11-20 19:26:51.416418: train_loss -0.4139
2025-11-20 19:26:51.418463: val_loss -0.4175
2025-11-20 19:26:51.420404: Pseudo dice [np.float32(0.8283), np.float32(0.6884), np.float32(0.0)]
2025-11-20 19:26:51.420583: Epoch time: 69.51 s
2025-11-20 19:26:51.420671: Yayy! New best EMA pseudo Dice: 0.4666999876499176
2025-11-20 19:26:52.955952: 
2025-11-20 19:26:52.956233: Epoch 21
2025-11-20 19:26:52.956363: Current learning rate: 0.00981
2025-11-20 19:28:00.829823: train_loss -0.4151
2025-11-20 19:28:00.834449: val_loss -0.4072
2025-11-20 19:28:00.834611: Pseudo dice [np.float32(0.8489), np.float32(0.6916), np.float32(0.0)]
2025-11-20 19:28:00.834717: Epoch time: 67.87 s
2025-11-20 19:28:00.834806: Yayy! New best EMA pseudo Dice: 0.47130000591278076
2025-11-20 19:28:02.419446: 
2025-11-20 19:28:02.419753: Epoch 22
2025-11-20 19:28:02.419871: Current learning rate: 0.0098
2025-11-20 19:29:14.666209: train_loss -0.425
2025-11-20 19:29:14.669525: val_loss -0.4365
2025-11-20 19:29:14.669674: Pseudo dice [np.float32(0.8367), np.float32(0.7128), np.float32(0.0)]
2025-11-20 19:29:14.669783: Epoch time: 72.25 s
2025-11-20 19:29:14.669864: Yayy! New best EMA pseudo Dice: 0.47589999437332153
2025-11-20 19:29:16.603046: 
2025-11-20 19:29:16.603281: Epoch 23
2025-11-20 19:29:16.603429: Current learning rate: 0.00979
2025-11-20 19:30:26.563176: train_loss -0.4389
2025-11-20 19:30:26.564942: val_loss -0.4083
2025-11-20 19:30:26.565086: Pseudo dice [np.float32(0.8567), np.float32(0.6949), np.float32(0.0)]
2025-11-20 19:30:26.565200: Epoch time: 69.96 s
2025-11-20 19:30:26.565284: Yayy! New best EMA pseudo Dice: 0.47999998927116394
2025-11-20 19:30:28.058934: 
2025-11-20 19:30:28.059187: Epoch 24
2025-11-20 19:30:28.059311: Current learning rate: 0.00978
2025-11-20 19:31:40.267666: train_loss -0.4125
2025-11-20 19:31:40.268294: val_loss -0.4217
2025-11-20 19:31:40.268404: Pseudo dice [np.float32(0.8492), np.float32(0.6898), np.float32(0.0)]
2025-11-20 19:31:40.268506: Epoch time: 72.21 s
2025-11-20 19:31:40.268587: Yayy! New best EMA pseudo Dice: 0.48330000042915344
2025-11-20 19:31:41.744658: 
2025-11-20 19:31:41.744865: Epoch 25
2025-11-20 19:31:41.744987: Current learning rate: 0.00977
2025-11-20 19:32:50.490165: train_loss -0.425
2025-11-20 19:32:50.492073: val_loss -0.4125
2025-11-20 19:32:50.492199: Pseudo dice [np.float32(0.8646), np.float32(0.7077), np.float32(0.0)]
2025-11-20 19:32:50.492300: Epoch time: 68.75 s
2025-11-20 19:32:50.492373: Yayy! New best EMA pseudo Dice: 0.48739999532699585
2025-11-20 19:32:52.354971: 
2025-11-20 19:32:52.355147: Epoch 26
2025-11-20 19:32:52.355315: Current learning rate: 0.00977
2025-11-20 19:34:03.471776: train_loss -0.4299
2025-11-20 19:34:03.473549: val_loss -0.4321
2025-11-20 19:34:03.473671: Pseudo dice [np.float32(0.864), np.float32(0.7039), np.float32(0.0)]
2025-11-20 19:34:03.473767: Epoch time: 71.12 s
2025-11-20 19:34:03.473844: Yayy! New best EMA pseudo Dice: 0.4909000098705292
2025-11-20 19:34:05.092497: 
2025-11-20 19:34:05.092683: Epoch 27
2025-11-20 19:34:05.092800: Current learning rate: 0.00976
2025-11-20 19:35:10.442319: train_loss -0.4315
2025-11-20 19:35:10.442806: val_loss -0.423
2025-11-20 19:35:10.442919: Pseudo dice [np.float32(0.8632), np.float32(0.7089), np.float32(0.0)]
2025-11-20 19:35:10.443019: Epoch time: 65.35 s
2025-11-20 19:35:10.443098: Yayy! New best EMA pseudo Dice: 0.4941999912261963
2025-11-20 19:35:11.803653: 
2025-11-20 19:35:11.803880: Epoch 28
2025-11-20 19:35:11.804030: Current learning rate: 0.00975
2025-11-20 19:36:22.753164: train_loss -0.448
2025-11-20 19:36:22.755179: val_loss -0.4316
2025-11-20 19:36:22.755313: Pseudo dice [np.float32(0.8723), np.float32(0.7251), np.float32(0.0)]
2025-11-20 19:36:22.755419: Epoch time: 70.95 s
2025-11-20 19:36:22.755502: Yayy! New best EMA pseudo Dice: 0.49799999594688416
2025-11-20 19:36:24.336021: 
2025-11-20 19:36:24.336272: Epoch 29
2025-11-20 19:36:24.441810: Current learning rate: 0.00974
2025-11-20 19:37:33.720293: train_loss -0.4351
2025-11-20 19:37:33.720954: val_loss -0.4347
2025-11-20 19:37:33.721119: Pseudo dice [np.float32(0.8626), np.float32(0.7205), np.float32(0.0)]
2025-11-20 19:37:33.721264: Epoch time: 69.39 s
2025-11-20 19:37:33.721476: Yayy! New best EMA pseudo Dice: 0.5009999871253967
2025-11-20 19:37:35.162332: 
2025-11-20 19:37:35.162594: Epoch 30
2025-11-20 19:37:35.162771: Current learning rate: 0.00973
2025-11-20 19:38:40.838630: train_loss -0.4404
2025-11-20 19:38:40.839278: val_loss -0.4215
2025-11-20 19:38:40.839412: Pseudo dice [np.float32(0.8577), np.float32(0.6784), np.float32(0.0)]
2025-11-20 19:38:40.839576: Epoch time: 65.68 s
2025-11-20 19:38:40.839694: Yayy! New best EMA pseudo Dice: 0.5020999908447266
2025-11-20 19:38:42.243572: 
2025-11-20 19:38:42.243797: Epoch 31
2025-11-20 19:38:42.243945: Current learning rate: 0.00972
2025-11-20 19:39:49.326946: train_loss -0.4456
2025-11-20 19:39:49.327590: val_loss -0.4315
2025-11-20 19:39:49.327737: Pseudo dice [np.float32(0.862), np.float32(0.716), np.float32(0.0)]
2025-11-20 19:39:49.327945: Epoch time: 67.08 s
2025-11-20 19:39:49.328067: Yayy! New best EMA pseudo Dice: 0.5044999718666077
2025-11-20 19:39:50.744283: 
2025-11-20 19:39:50.744632: Epoch 32
2025-11-20 19:39:50.744807: Current learning rate: 0.00971
2025-11-20 19:40:56.755822: train_loss -0.4394
2025-11-20 19:40:56.759732: val_loss -0.4455
2025-11-20 19:40:56.761788: Pseudo dice [np.float32(0.873), np.float32(0.7245), np.float32(0.0)]
2025-11-20 19:40:56.763854: Epoch time: 66.01 s
2025-11-20 19:40:56.765905: Yayy! New best EMA pseudo Dice: 0.5073000192642212
2025-11-20 19:40:58.772245: 
2025-11-20 19:40:58.772484: Epoch 33
2025-11-20 19:40:58.772620: Current learning rate: 0.0097
2025-11-20 19:42:08.300688: train_loss -0.4496
2025-11-20 19:42:08.301317: val_loss -0.4402
2025-11-20 19:42:08.301437: Pseudo dice [np.float32(0.8458), np.float32(0.7273), np.float32(0.0)]
2025-11-20 19:42:08.301552: Epoch time: 69.53 s
2025-11-20 19:42:08.301644: Yayy! New best EMA pseudo Dice: 0.5090000033378601
2025-11-20 19:42:09.708126: 
2025-11-20 19:42:09.708429: Epoch 34
2025-11-20 19:42:09.708583: Current learning rate: 0.00969
2025-11-20 19:43:17.126026: train_loss -0.4387
2025-11-20 19:43:17.134245: val_loss -0.4447
2025-11-20 19:43:17.139267: Pseudo dice [np.float32(0.8573), np.float32(0.7068), np.float32(0.0)]
2025-11-20 19:43:17.139775: Epoch time: 67.42 s
2025-11-20 19:43:17.145256: Yayy! New best EMA pseudo Dice: 0.510200023651123
2025-11-20 19:43:19.111194: 
2025-11-20 19:43:19.111541: Epoch 35
2025-11-20 19:43:19.111692: Current learning rate: 0.00968
2025-11-20 19:44:27.448815: train_loss -0.4252
2025-11-20 19:44:27.449462: val_loss -0.413
2025-11-20 19:44:27.449679: Pseudo dice [np.float32(0.8628), np.float32(0.7182), np.float32(0.0)]
2025-11-20 19:44:27.449934: Epoch time: 68.34 s
2025-11-20 19:44:27.450060: Yayy! New best EMA pseudo Dice: 0.511900007724762
2025-11-20 19:44:28.871690: 
2025-11-20 19:44:28.871931: Epoch 36
2025-11-20 19:44:28.872078: Current learning rate: 0.00968
2025-11-20 19:45:38.987507: train_loss -0.4477
2025-11-20 19:45:38.992193: val_loss -0.4294
2025-11-20 19:45:38.994252: Pseudo dice [np.float32(0.8646), np.float32(0.7199), np.float32(0.0)]
2025-11-20 19:45:38.994509: Epoch time: 70.12 s
2025-11-20 19:45:38.994623: Yayy! New best EMA pseudo Dice: 0.5134999752044678
2025-11-20 19:45:40.954079: 
2025-11-20 19:45:40.954323: Epoch 37
2025-11-20 19:45:40.954467: Current learning rate: 0.00967
2025-11-20 19:46:52.545557: train_loss -0.4424
2025-11-20 19:46:52.546151: val_loss -0.4545
2025-11-20 19:46:52.546304: Pseudo dice [np.float32(0.8669), np.float32(0.7402), np.float32(0.0)]
2025-11-20 19:46:52.546440: Epoch time: 71.59 s
2025-11-20 19:46:52.546555: Yayy! New best EMA pseudo Dice: 0.5157999992370605
2025-11-20 19:46:54.030516: 
2025-11-20 19:46:54.030789: Epoch 38
2025-11-20 19:46:54.030941: Current learning rate: 0.00966
2025-11-20 19:48:02.685977: train_loss -0.4453
2025-11-20 19:48:02.689621: val_loss -0.4574
2025-11-20 19:48:02.691722: Pseudo dice [np.float32(0.8641), np.float32(0.732), np.float32(0.0)]
2025-11-20 19:48:02.693838: Epoch time: 68.66 s
2025-11-20 19:48:02.694030: Yayy! New best EMA pseudo Dice: 0.5174000263214111
2025-11-20 19:48:04.357614: 
2025-11-20 19:48:04.357838: Epoch 39
2025-11-20 19:48:04.357985: Current learning rate: 0.00965
2025-11-20 19:49:15.042093: train_loss -0.4451
2025-11-20 19:49:15.044399: val_loss -0.4578
2025-11-20 19:49:15.045767: Pseudo dice [np.float32(0.873), np.float32(0.717), np.float32(0.0)]
2025-11-20 19:49:15.046487: Epoch time: 70.69 s
2025-11-20 19:49:15.047818: Yayy! New best EMA pseudo Dice: 0.5187000036239624
2025-11-20 19:49:17.654192: 
2025-11-20 19:49:17.654435: Epoch 40
2025-11-20 19:49:17.654656: Current learning rate: 0.00964
2025-11-20 19:50:27.419170: train_loss -0.4365
2025-11-20 19:50:27.421444: val_loss -0.4556
2025-11-20 19:50:27.422983: Pseudo dice [np.float32(0.8605), np.float32(0.7332), np.float32(0.0)]
2025-11-20 19:50:27.423528: Epoch time: 69.77 s
2025-11-20 19:50:27.425034: Yayy! New best EMA pseudo Dice: 0.5199000239372253
2025-11-20 19:50:29.192212: 
2025-11-20 19:50:29.192425: Epoch 41
2025-11-20 19:50:29.192568: Current learning rate: 0.00963
2025-11-20 19:51:40.627399: train_loss -0.4365
2025-11-20 19:51:40.630035: val_loss -0.4581
2025-11-20 19:51:40.631085: Pseudo dice [np.float32(0.8747), np.float32(0.724), np.float32(0.0)]
2025-11-20 19:51:40.632078: Epoch time: 71.44 s
2025-11-20 19:51:40.632277: Yayy! New best EMA pseudo Dice: 0.5212000012397766
2025-11-20 19:51:42.514834: 
2025-11-20 19:51:42.515165: Epoch 42
2025-11-20 19:51:42.515340: Current learning rate: 0.00962
2025-11-20 19:52:50.817826: train_loss -0.4403
2025-11-20 19:52:50.818541: val_loss -0.4535
2025-11-20 19:52:50.818688: Pseudo dice [np.float32(0.8799), np.float32(0.7389), np.float32(0.0)]
2025-11-20 19:52:50.818820: Epoch time: 68.3 s
2025-11-20 19:52:50.818992: Yayy! New best EMA pseudo Dice: 0.5231000185012817
2025-11-20 19:52:52.367148: 
2025-11-20 19:52:52.367464: Epoch 43
2025-11-20 19:52:52.367608: Current learning rate: 0.00961
2025-11-20 19:54:04.774384: train_loss -0.4444
2025-11-20 19:54:04.776295: val_loss -0.4419
2025-11-20 19:54:04.777571: Pseudo dice [np.float32(0.8769), np.float32(0.7237), np.float32(0.0)]
2025-11-20 19:54:04.778325: Epoch time: 72.41 s
2025-11-20 19:54:04.779659: Yayy! New best EMA pseudo Dice: 0.5241000056266785
2025-11-20 19:54:06.333777: 
2025-11-20 19:54:06.334094: Epoch 44
2025-11-20 19:54:06.334263: Current learning rate: 0.0096
2025-11-20 19:55:13.271450: train_loss -0.445
2025-11-20 19:55:13.275915: val_loss -0.4379
2025-11-20 19:55:13.277672: Pseudo dice [np.float32(0.8753), np.float32(0.7371), np.float32(0.0027)]
2025-11-20 19:55:13.277878: Epoch time: 66.94 s
2025-11-20 19:55:13.278070: Yayy! New best EMA pseudo Dice: 0.5254999995231628
2025-11-20 19:55:15.146507: 
2025-11-20 19:55:15.146709: Epoch 45
2025-11-20 19:55:15.146842: Current learning rate: 0.00959
2025-11-20 19:56:24.882665: train_loss -0.4559
2025-11-20 19:56:24.884906: val_loss -0.4423
2025-11-20 19:56:24.885063: Pseudo dice [np.float32(0.8736), np.float32(0.7303), np.float32(0.026)]
2025-11-20 19:56:24.885292: Epoch time: 69.74 s
2025-11-20 19:56:24.886986: Yayy! New best EMA pseudo Dice: 0.5273000001907349
2025-11-20 19:56:27.148453: 
2025-11-20 19:56:27.148696: Epoch 46
2025-11-20 19:56:27.148866: Current learning rate: 0.00959
2025-11-20 19:57:35.248430: train_loss -0.4481
2025-11-20 19:57:35.252892: val_loss -0.4332
2025-11-20 19:57:35.253607: Pseudo dice [np.float32(0.8793), np.float32(0.6886), np.float32(0.0166)]
2025-11-20 19:57:35.254939: Epoch time: 68.1 s
2025-11-20 19:57:35.255713: Yayy! New best EMA pseudo Dice: 0.527400016784668
2025-11-20 19:57:36.772085: 
2025-11-20 19:57:36.772321: Epoch 47
2025-11-20 19:57:36.772474: Current learning rate: 0.00958
2025-11-20 19:58:41.419623: train_loss -0.4402
2025-11-20 19:58:41.423576: val_loss -0.4335
2025-11-20 19:58:41.425667: Pseudo dice [np.float32(0.8765), np.float32(0.7448), np.float32(0.0)]
2025-11-20 19:58:41.425850: Epoch time: 64.65 s
2025-11-20 19:58:41.427755: Yayy! New best EMA pseudo Dice: 0.5286999940872192
2025-11-20 19:58:43.494101: 
2025-11-20 19:58:43.494332: Epoch 48
2025-11-20 19:58:43.494478: Current learning rate: 0.00957
2025-11-20 19:59:48.810874: train_loss -0.4358
2025-11-20 19:59:48.811580: val_loss -0.415
2025-11-20 19:59:48.811720: Pseudo dice [np.float32(0.887), np.float32(0.7213), np.float32(0.0)]
2025-11-20 19:59:48.811854: Epoch time: 65.32 s
2025-11-20 19:59:48.811967: Yayy! New best EMA pseudo Dice: 0.5293999910354614
2025-11-20 19:59:50.131607: 
2025-11-20 19:59:50.131856: Epoch 49
2025-11-20 19:59:50.132015: Current learning rate: 0.00956
2025-11-20 20:00:57.772438: train_loss -0.4398
2025-11-20 20:00:57.774720: val_loss -0.4418
2025-11-20 20:00:57.776157: Pseudo dice [np.float32(0.8724), np.float32(0.7077), np.float32(0.0)]
2025-11-20 20:00:57.776805: Epoch time: 67.64 s
2025-11-20 20:00:59.563249: 
2025-11-20 20:00:59.563481: Epoch 50
2025-11-20 20:00:59.563628: Current learning rate: 0.00955
2025-11-20 20:02:09.294682: train_loss -0.456
2025-11-20 20:02:09.296977: val_loss -0.4693
2025-11-20 20:02:09.298434: Pseudo dice [np.float32(0.8706), np.float32(0.7361), np.float32(0.0)]
2025-11-20 20:02:09.299084: Epoch time: 69.73 s
2025-11-20 20:02:09.300412: Yayy! New best EMA pseudo Dice: 0.5297999978065491
2025-11-20 20:02:10.726818: 
2025-11-20 20:02:10.727056: Epoch 51
2025-11-20 20:02:10.727301: Current learning rate: 0.00954
2025-11-20 20:03:18.151083: train_loss -0.4389
2025-11-20 20:03:18.158211: val_loss -0.425
2025-11-20 20:03:18.160726: Pseudo dice [np.float32(0.8673), np.float32(0.7179), np.float32(0.0086)]
2025-11-20 20:03:18.160961: Epoch time: 67.43 s
2025-11-20 20:03:18.161077: Yayy! New best EMA pseudo Dice: 0.5299000144004822
2025-11-20 20:03:19.813959: 
2025-11-20 20:03:19.814168: Epoch 52
2025-11-20 20:03:19.814353: Current learning rate: 0.00953
2025-11-20 20:04:29.246413: train_loss -0.4521
2025-11-20 20:04:29.248729: val_loss -0.4686
2025-11-20 20:04:29.250091: Pseudo dice [np.float32(0.8752), np.float32(0.7382), np.float32(0.0)]
2025-11-20 20:04:29.250809: Epoch time: 69.43 s
2025-11-20 20:04:29.252155: Yayy! New best EMA pseudo Dice: 0.5307000279426575
2025-11-20 20:04:31.147861: 
2025-11-20 20:04:31.148097: Epoch 53
2025-11-20 20:04:31.148247: Current learning rate: 0.00952
2025-11-20 20:05:42.597228: train_loss -0.4407
2025-11-20 20:05:42.599481: val_loss -0.4424
2025-11-20 20:05:42.600982: Pseudo dice [np.float32(0.8648), np.float32(0.7158), np.float32(0.1344)]
2025-11-20 20:05:42.601573: Epoch time: 71.45 s
2025-11-20 20:05:42.603036: Yayy! New best EMA pseudo Dice: 0.5347999930381775
2025-11-20 20:05:44.652439: 
2025-11-20 20:05:44.652672: Epoch 54
2025-11-20 20:05:44.652822: Current learning rate: 0.00951
2025-11-20 20:06:57.168086: train_loss -0.4515
2025-11-20 20:06:57.168751: val_loss -0.4298
2025-11-20 20:06:57.168890: Pseudo dice [np.float32(0.8808), np.float32(0.7179), np.float32(0.0473)]
2025-11-20 20:06:57.169025: Epoch time: 72.52 s
2025-11-20 20:06:57.169139: Yayy! New best EMA pseudo Dice: 0.5361999869346619
2025-11-20 20:06:58.560972: 
2025-11-20 20:06:58.561269: Epoch 55
2025-11-20 20:06:58.561456: Current learning rate: 0.0095
2025-11-20 20:08:05.442204: train_loss -0.4471
2025-11-20 20:08:05.444047: val_loss -0.4398
2025-11-20 20:08:05.445210: Pseudo dice [np.float32(0.8673), np.float32(0.7236), np.float32(0.0474)]
2025-11-20 20:08:05.446162: Epoch time: 66.88 s
2025-11-20 20:08:05.447263: Yayy! New best EMA pseudo Dice: 0.5371999740600586
2025-11-20 20:08:07.423364: 
2025-11-20 20:08:07.423642: Epoch 56
2025-11-20 20:08:07.423790: Current learning rate: 0.00949
2025-11-20 20:09:14.220948: train_loss -0.459
2025-11-20 20:09:14.221490: val_loss -0.4444
2025-11-20 20:09:14.221638: Pseudo dice [np.float32(0.8741), np.float32(0.7207), np.float32(0.0)]
2025-11-20 20:09:14.221779: Epoch time: 66.8 s
2025-11-20 20:09:15.748705: 
2025-11-20 20:09:15.749034: Epoch 57
2025-11-20 20:09:15.749210: Current learning rate: 0.00949
2025-11-20 20:10:25.129514: train_loss -0.4534
2025-11-20 20:10:25.130054: val_loss -0.4508
2025-11-20 20:10:25.130201: Pseudo dice [np.float32(0.8671), np.float32(0.7147), np.float32(0.1007)]
2025-11-20 20:10:25.130341: Epoch time: 69.38 s
2025-11-20 20:10:25.130459: Yayy! New best EMA pseudo Dice: 0.5390999913215637
2025-11-20 20:10:26.540090: 
2025-11-20 20:10:26.540404: Epoch 58
2025-11-20 20:10:26.540558: Current learning rate: 0.00948
2025-11-20 20:11:39.980953: train_loss -0.4557
2025-11-20 20:11:39.985689: val_loss -0.4364
2025-11-20 20:11:39.986534: Pseudo dice [np.float32(0.8858), np.float32(0.7321), np.float32(0.0499)]
2025-11-20 20:11:39.987755: Epoch time: 73.44 s
2025-11-20 20:11:39.988624: Yayy! New best EMA pseudo Dice: 0.5407000184059143
2025-11-20 20:11:41.790626: 
2025-11-20 20:11:41.790889: Epoch 59
2025-11-20 20:11:41.791020: Current learning rate: 0.00947
2025-11-20 20:12:49.621655: train_loss -0.458
2025-11-20 20:12:49.626316: val_loss -0.4537
2025-11-20 20:12:49.628382: Pseudo dice [np.float32(0.8587), np.float32(0.7365), np.float32(0.2402)]
2025-11-20 20:12:49.628623: Epoch time: 67.83 s
2025-11-20 20:12:49.628746: Yayy! New best EMA pseudo Dice: 0.5478000044822693
2025-11-20 20:12:51.134080: 
2025-11-20 20:12:51.134305: Epoch 60
2025-11-20 20:12:51.134453: Current learning rate: 0.00946
2025-11-20 20:13:56.686924: train_loss -0.4735
2025-11-20 20:13:56.687607: val_loss -0.4399
2025-11-20 20:13:56.687752: Pseudo dice [np.float32(0.8824), np.float32(0.7155), np.float32(0.0927)]
2025-11-20 20:13:56.687877: Epoch time: 65.55 s
2025-11-20 20:13:56.687983: Yayy! New best EMA pseudo Dice: 0.5493999719619751
2025-11-20 20:13:58.002342: 
2025-11-20 20:13:58.002571: Epoch 61
2025-11-20 20:13:58.002719: Current learning rate: 0.00945
2025-11-20 20:15:05.770853: train_loss -0.4671
2025-11-20 20:15:05.771431: val_loss -0.4778
2025-11-20 20:15:05.771582: Pseudo dice [np.float32(0.8667), np.float32(0.7177), np.float32(0.1734)]
2025-11-20 20:15:05.771713: Epoch time: 67.77 s
2025-11-20 20:15:05.771824: Yayy! New best EMA pseudo Dice: 0.5530999898910522
2025-11-20 20:15:07.320465: 
2025-11-20 20:15:07.320682: Epoch 62
2025-11-20 20:15:07.320824: Current learning rate: 0.00944
2025-11-20 20:16:18.187213: train_loss -0.4666
2025-11-20 20:16:18.191468: val_loss -0.4525
2025-11-20 20:16:18.192676: Pseudo dice [np.float32(0.8685), np.float32(0.7126), np.float32(0.1217)]
2025-11-20 20:16:18.193523: Epoch time: 70.87 s
2025-11-20 20:16:18.194721: Yayy! New best EMA pseudo Dice: 0.5544999837875366
2025-11-20 20:16:20.210499: 
2025-11-20 20:16:20.210792: Epoch 63
2025-11-20 20:16:20.210934: Current learning rate: 0.00943
2025-11-20 20:17:30.178755: train_loss -0.4434
2025-11-20 20:17:30.184612: val_loss -0.4561
2025-11-20 20:17:30.186737: Pseudo dice [np.float32(0.8832), np.float32(0.7174), np.float32(0.083)]
2025-11-20 20:17:30.188836: Epoch time: 69.97 s
2025-11-20 20:17:30.189010: Yayy! New best EMA pseudo Dice: 0.5551999807357788
2025-11-20 20:17:31.956028: 
2025-11-20 20:17:31.956251: Epoch 64
2025-11-20 20:17:31.956397: Current learning rate: 0.00942
2025-11-20 20:18:41.263030: train_loss -0.4592
2025-11-20 20:18:41.265759: val_loss -0.4621
2025-11-20 20:18:41.267809: Pseudo dice [np.float32(0.8726), np.float32(0.7163), np.float32(0.2387)]
2025-11-20 20:18:41.269874: Epoch time: 69.31 s
2025-11-20 20:18:41.270003: Yayy! New best EMA pseudo Dice: 0.5605999827384949
2025-11-20 20:18:42.997988: 
2025-11-20 20:18:42.998233: Epoch 65
2025-11-20 20:18:42.998393: Current learning rate: 0.00941
2025-11-20 20:19:52.339376: train_loss -0.4638
2025-11-20 20:19:52.343344: val_loss -0.4869
2025-11-20 20:19:52.345422: Pseudo dice [np.float32(0.8768), np.float32(0.7448), np.float32(0.2726)]
2025-11-20 20:19:52.347491: Epoch time: 69.34 s
2025-11-20 20:19:52.349545: Yayy! New best EMA pseudo Dice: 0.5677000284194946
2025-11-20 20:19:53.967474: 
2025-11-20 20:19:53.967908: Epoch 66
2025-11-20 20:19:53.968146: Current learning rate: 0.0094
2025-11-20 20:21:06.692461: train_loss -0.467
2025-11-20 20:21:06.695934: val_loss -0.4639
2025-11-20 20:21:06.698035: Pseudo dice [np.float32(0.8768), np.float32(0.7542), np.float32(0.3132)]
2025-11-20 20:21:06.698246: Epoch time: 72.73 s
2025-11-20 20:21:06.698363: Yayy! New best EMA pseudo Dice: 0.5756999850273132
2025-11-20 20:21:08.511996: 
2025-11-20 20:21:08.512255: Epoch 67
2025-11-20 20:21:08.512410: Current learning rate: 0.00939
2025-11-20 20:22:16.125479: train_loss -0.4678
2025-11-20 20:22:16.133220: val_loss -0.4523
2025-11-20 20:22:16.135327: Pseudo dice [np.float32(0.8936), np.float32(0.7345), np.float32(0.0969)]
2025-11-20 20:22:16.137296: Epoch time: 67.61 s
2025-11-20 20:22:17.588240: 
2025-11-20 20:22:17.588464: Epoch 68
2025-11-20 20:22:17.588655: Current learning rate: 0.00939
2025-11-20 20:23:23.189128: train_loss -0.4604
2025-11-20 20:23:23.189666: val_loss -0.4587
2025-11-20 20:23:23.189801: Pseudo dice [np.float32(0.8641), np.float32(0.7261), np.float32(0.3418)]
2025-11-20 20:23:23.189932: Epoch time: 65.6 s
2025-11-20 20:23:23.190041: Yayy! New best EMA pseudo Dice: 0.5824999809265137
2025-11-20 20:23:25.023333: 
2025-11-20 20:23:25.023603: Epoch 69
2025-11-20 20:23:25.023746: Current learning rate: 0.00938
2025-11-20 20:24:35.230881: train_loss -0.4667
2025-11-20 20:24:35.231491: val_loss -0.45
2025-11-20 20:24:35.231627: Pseudo dice [np.float32(0.8638), np.float32(0.7196), np.float32(0.1789)]
2025-11-20 20:24:35.231758: Epoch time: 70.21 s
2025-11-20 20:24:35.231869: Yayy! New best EMA pseudo Dice: 0.5830000042915344
2025-11-20 20:24:36.689480: 
2025-11-20 20:24:36.689715: Epoch 70
2025-11-20 20:24:36.689863: Current learning rate: 0.00937
2025-11-20 20:25:47.285243: train_loss -0.4718
2025-11-20 20:25:47.285826: val_loss -0.4465
2025-11-20 20:25:47.285973: Pseudo dice [np.float32(0.8886), np.float32(0.7271), np.float32(0.0074)]
2025-11-20 20:25:47.286107: Epoch time: 70.6 s
2025-11-20 20:25:48.414373: 
2025-11-20 20:25:48.414598: Epoch 71
2025-11-20 20:25:48.414772: Current learning rate: 0.00936
2025-11-20 20:26:58.227009: train_loss -0.4634
2025-11-20 20:26:58.227655: val_loss -0.4561
2025-11-20 20:26:58.228798: Pseudo dice [np.float32(0.8708), np.float32(0.73), np.float32(0.0)]
2025-11-20 20:26:58.228968: Epoch time: 69.81 s
2025-11-20 20:26:59.424976: 
2025-11-20 20:26:59.425215: Epoch 72
2025-11-20 20:26:59.425388: Current learning rate: 0.00935
2025-11-20 20:28:07.665036: train_loss -0.4667
2025-11-20 20:28:07.665583: val_loss -0.4269
2025-11-20 20:28:07.665755: Pseudo dice [np.float32(0.8969), np.float32(0.7345), np.float32(0.01)]
2025-11-20 20:28:07.665890: Epoch time: 68.24 s
2025-11-20 20:28:08.806274: 
2025-11-20 20:28:08.806576: Epoch 73
2025-11-20 20:28:08.806732: Current learning rate: 0.00934
2025-11-20 20:29:15.006659: train_loss -0.4598
2025-11-20 20:29:15.007347: val_loss -0.4461
2025-11-20 20:29:15.007529: Pseudo dice [np.float32(0.8835), np.float32(0.7338), np.float32(0.2729)]
2025-11-20 20:29:15.007677: Epoch time: 66.2 s
2025-11-20 20:29:16.245984: 
2025-11-20 20:29:16.246322: Epoch 74
2025-11-20 20:29:16.246496: Current learning rate: 0.00933
2025-11-20 20:30:22.343526: train_loss -0.4883
2025-11-20 20:30:22.353253: val_loss -0.4575
2025-11-20 20:30:22.357252: Pseudo dice [np.float32(0.8532), np.float32(0.7266), np.float32(0.0403)]
2025-11-20 20:30:22.361286: Epoch time: 66.1 s
2025-11-20 20:30:24.236066: 
2025-11-20 20:30:24.236307: Epoch 75
2025-11-20 20:30:24.236460: Current learning rate: 0.00932
2025-11-20 20:31:32.230693: train_loss -0.4616
2025-11-20 20:31:32.232884: val_loss -0.4525
2025-11-20 20:31:32.233095: Pseudo dice [np.float32(0.8747), np.float32(0.7108), np.float32(0.2443)]
2025-11-20 20:31:32.233258: Epoch time: 68.0 s
2025-11-20 20:31:33.437060: 
2025-11-20 20:31:33.437295: Epoch 76
2025-11-20 20:31:33.437447: Current learning rate: 0.00931
2025-11-20 20:32:42.793764: train_loss -0.4663
2025-11-20 20:32:42.794543: val_loss -0.4269
2025-11-20 20:32:42.794697: Pseudo dice [np.float32(0.8741), np.float32(0.7043), np.float32(0.0)]
2025-11-20 20:32:42.794837: Epoch time: 69.36 s
2025-11-20 20:32:43.860721: 
2025-11-20 20:32:43.860948: Epoch 77
2025-11-20 20:32:43.861081: Current learning rate: 0.0093
2025-11-20 20:33:53.532132: train_loss -0.4744
2025-11-20 20:33:53.532682: val_loss -0.4621
2025-11-20 20:33:53.532810: Pseudo dice [np.float32(0.87), np.float32(0.7081), np.float32(0.2963)]
2025-11-20 20:33:53.532934: Epoch time: 69.67 s
2025-11-20 20:33:54.676064: 
2025-11-20 20:33:54.676307: Epoch 78
2025-11-20 20:33:54.676450: Current learning rate: 0.0093
2025-11-20 20:35:01.845498: train_loss -0.4684
2025-11-20 20:35:01.847785: val_loss -0.4427
2025-11-20 20:35:01.849379: Pseudo dice [np.float32(0.8781), np.float32(0.7374), np.float32(0.2746)]
2025-11-20 20:35:01.849873: Epoch time: 67.17 s
2025-11-20 20:35:03.552572: 
2025-11-20 20:35:03.552866: Epoch 79
2025-11-20 20:35:03.553022: Current learning rate: 0.00929
2025-11-20 20:36:12.513483: train_loss -0.4746
2025-11-20 20:36:12.514136: val_loss -0.4871
2025-11-20 20:36:12.514305: Pseudo dice [np.float32(0.8937), np.float32(0.7461), np.float32(0.1935)]
2025-11-20 20:36:12.514480: Epoch time: 68.96 s
2025-11-20 20:36:12.514610: Yayy! New best EMA pseudo Dice: 0.5855000019073486
2025-11-20 20:36:13.996865: 
2025-11-20 20:36:13.997157: Epoch 80
2025-11-20 20:36:13.997305: Current learning rate: 0.00928
2025-11-20 20:37:23.033710: train_loss -0.4753
2025-11-20 20:37:23.034492: val_loss -0.443
2025-11-20 20:37:23.034647: Pseudo dice [np.float32(0.8656), np.float32(0.726), np.float32(0.089)]
2025-11-20 20:37:23.034789: Epoch time: 69.04 s
2025-11-20 20:37:24.605752: 
2025-11-20 20:37:24.606029: Epoch 81
2025-11-20 20:37:24.606184: Current learning rate: 0.00927
2025-11-20 20:38:36.677698: train_loss -0.4749
2025-11-20 20:38:36.682986: val_loss -0.4699
2025-11-20 20:38:36.685056: Pseudo dice [np.float32(0.8819), np.float32(0.7409), np.float32(0.1597)]
2025-11-20 20:38:36.686571: Epoch time: 72.07 s
2025-11-20 20:38:38.051199: 
2025-11-20 20:38:38.051539: Epoch 82
2025-11-20 20:38:38.051707: Current learning rate: 0.00926
2025-11-20 20:39:45.984424: train_loss -0.4823
2025-11-20 20:39:45.985105: val_loss -0.4487
2025-11-20 20:39:45.985258: Pseudo dice [np.float32(0.8817), np.float32(0.7334), np.float32(0.0282)]
2025-11-20 20:39:45.985393: Epoch time: 67.93 s
2025-11-20 20:39:47.115186: 
2025-11-20 20:39:47.115453: Epoch 83
2025-11-20 20:39:47.115604: Current learning rate: 0.00925
2025-11-20 20:40:55.740286: train_loss -0.4719
2025-11-20 20:40:55.746064: val_loss -0.4358
2025-11-20 20:40:55.748129: Pseudo dice [np.float32(0.883), np.float32(0.731), np.float32(0.0566)]
2025-11-20 20:40:55.750192: Epoch time: 68.63 s
2025-11-20 20:40:57.221186: 
2025-11-20 20:40:57.221469: Epoch 84
2025-11-20 20:40:57.221615: Current learning rate: 0.00924
2025-11-20 20:42:03.169392: train_loss -0.4944
2025-11-20 20:42:03.169958: val_loss -0.4453
2025-11-20 20:42:03.170116: Pseudo dice [np.float32(0.8821), np.float32(0.7268), np.float32(0.0996)]
2025-11-20 20:42:03.170255: Epoch time: 65.95 s
2025-11-20 20:42:04.286635: 
2025-11-20 20:42:04.286860: Epoch 85
2025-11-20 20:42:04.286999: Current learning rate: 0.00923
2025-11-20 20:43:10.784426: train_loss -0.4854
2025-11-20 20:43:10.784997: val_loss -0.4734
2025-11-20 20:43:10.785136: Pseudo dice [np.float32(0.8713), np.float32(0.734), np.float32(0.1114)]
2025-11-20 20:43:10.785272: Epoch time: 66.5 s
2025-11-20 20:43:11.916740: 
2025-11-20 20:43:11.917061: Epoch 86
2025-11-20 20:43:11.917216: Current learning rate: 0.00922
2025-11-20 20:44:22.570869: train_loss -0.4852
2025-11-20 20:44:22.571461: val_loss -0.4968
2025-11-20 20:44:22.571607: Pseudo dice [np.float32(0.8665), np.float32(0.7196), np.float32(0.4808)]
2025-11-20 20:44:22.571781: Epoch time: 70.66 s
2025-11-20 20:44:22.571917: Yayy! New best EMA pseudo Dice: 0.5879999995231628
2025-11-20 20:44:24.076061: 
2025-11-20 20:44:24.076302: Epoch 87
2025-11-20 20:44:24.076448: Current learning rate: 0.00921
2025-11-20 20:45:32.564262: train_loss -0.4823
2025-11-20 20:45:32.564743: val_loss -0.4458
2025-11-20 20:45:32.564919: Pseudo dice [np.float32(0.8705), np.float32(0.7222), np.float32(0.0)]
2025-11-20 20:45:32.565038: Epoch time: 68.49 s
2025-11-20 20:45:33.617942: 
2025-11-20 20:45:33.618166: Epoch 88
2025-11-20 20:45:33.618351: Current learning rate: 0.0092
2025-11-20 20:46:44.900247: train_loss -0.4773
2025-11-20 20:46:44.903098: val_loss -0.4535
2025-11-20 20:46:44.905166: Pseudo dice [np.float32(0.8774), np.float32(0.7252), np.float32(0.0633)]
2025-11-20 20:46:44.907238: Epoch time: 71.28 s
2025-11-20 20:46:46.296144: 
2025-11-20 20:46:46.296462: Epoch 89
2025-11-20 20:46:46.296647: Current learning rate: 0.0092
2025-11-20 20:47:50.846264: train_loss -0.4971
2025-11-20 20:47:50.849479: val_loss -0.4583
2025-11-20 20:47:50.850598: Pseudo dice [np.float32(0.8774), np.float32(0.7393), np.float32(0.0199)]
2025-11-20 20:47:50.851547: Epoch time: 64.55 s
2025-11-20 20:47:52.021351: 
2025-11-20 20:47:52.021607: Epoch 90
2025-11-20 20:47:52.021776: Current learning rate: 0.00919
2025-11-20 20:49:00.062652: train_loss -0.49
2025-11-20 20:49:00.068419: val_loss -0.4873
2025-11-20 20:49:00.068727: Pseudo dice [np.float32(0.8839), np.float32(0.7374), np.float32(0.2601)]
2025-11-20 20:49:00.068861: Epoch time: 68.04 s
2025-11-20 20:49:01.182824: 
2025-11-20 20:49:01.183046: Epoch 91
2025-11-20 20:49:01.183270: Current learning rate: 0.00918
2025-11-20 20:50:11.410349: train_loss -0.4766
2025-11-20 20:50:11.416946: val_loss -0.4601
2025-11-20 20:50:11.419068: Pseudo dice [np.float32(0.8993), np.float32(0.743), np.float32(0.124)]
2025-11-20 20:50:11.421154: Epoch time: 70.23 s
2025-11-20 20:50:13.065655: 
2025-11-20 20:50:13.065871: Epoch 92
2025-11-20 20:50:13.066016: Current learning rate: 0.00917
2025-11-20 20:51:20.711356: train_loss -0.4932
2025-11-20 20:51:20.713314: val_loss -0.4473
2025-11-20 20:51:20.715425: Pseudo dice [np.float32(0.8792), np.float32(0.734), np.float32(0.2253)]
2025-11-20 20:51:20.716722: Epoch time: 67.65 s
2025-11-20 20:51:22.825099: 
2025-11-20 20:51:22.825394: Epoch 93
2025-11-20 20:51:22.825553: Current learning rate: 0.00916
2025-11-20 20:52:32.251531: train_loss -0.4931
2025-11-20 20:52:32.254178: val_loss -0.5078
2025-11-20 20:52:32.255022: Pseudo dice [np.float32(0.8782), np.float32(0.7488), np.float32(0.4671)]
2025-11-20 20:52:32.256242: Epoch time: 69.43 s
2025-11-20 20:52:32.257107: Yayy! New best EMA pseudo Dice: 0.5964000225067139
2025-11-20 20:52:33.666433: 
2025-11-20 20:52:33.666649: Epoch 94
2025-11-20 20:52:33.666791: Current learning rate: 0.00915
2025-11-20 20:53:41.403920: train_loss -0.4974
2025-11-20 20:53:41.406451: val_loss -0.4651
2025-11-20 20:53:41.407145: Pseudo dice [np.float32(0.875), np.float32(0.7286), np.float32(0.5924)]
2025-11-20 20:53:41.408509: Epoch time: 67.74 s
2025-11-20 20:53:41.409237: Yayy! New best EMA pseudo Dice: 0.6098999977111816
2025-11-20 20:53:42.832386: 
2025-11-20 20:53:42.832615: Epoch 95
2025-11-20 20:53:42.832798: Current learning rate: 0.00914
2025-11-20 20:54:49.731165: train_loss -0.4835
2025-11-20 20:54:49.731703: val_loss -0.4668
2025-11-20 20:54:49.731842: Pseudo dice [np.float32(0.8772), np.float32(0.7382), np.float32(0.3888)]
2025-11-20 20:54:49.732052: Epoch time: 66.9 s
2025-11-20 20:54:49.732252: Yayy! New best EMA pseudo Dice: 0.6158000230789185
2025-11-20 20:54:51.126709: 
2025-11-20 20:54:51.126975: Epoch 96
2025-11-20 20:54:51.127123: Current learning rate: 0.00913
2025-11-20 20:55:59.324257: train_loss -0.4979
2025-11-20 20:55:59.326078: val_loss -0.4918
2025-11-20 20:55:59.326286: Pseudo dice [np.float32(0.8654), np.float32(0.7092), np.float32(0.5311)]
2025-11-20 20:55:59.326412: Epoch time: 68.2 s
2025-11-20 20:55:59.326511: Yayy! New best EMA pseudo Dice: 0.6244000196456909
2025-11-20 20:56:00.969179: 
2025-11-20 20:56:00.969424: Epoch 97
2025-11-20 20:56:00.969611: Current learning rate: 0.00912
2025-11-20 20:57:12.916997: train_loss -0.589
2025-11-20 20:57:12.919262: val_loss -0.6018
2025-11-20 20:57:12.920743: Pseudo dice [np.float32(0.8783), np.float32(0.7233), np.float32(0.0)]
2025-11-20 20:57:12.921353: Epoch time: 71.95 s
2025-11-20 20:57:14.591636: 
2025-11-20 20:57:14.591849: Epoch 98
2025-11-20 20:57:14.591990: Current learning rate: 0.00911
2025-11-20 20:58:25.062654: train_loss -0.6096
2025-11-20 20:58:25.064992: val_loss -0.5963
2025-11-20 20:58:25.065975: Pseudo dice [np.float32(0.8848), np.float32(0.7372), np.float32(0.0)]
2025-11-20 20:58:25.067060: Epoch time: 70.47 s
2025-11-20 20:58:26.331201: 
2025-11-20 20:58:26.331470: Epoch 99
2025-11-20 20:58:26.331611: Current learning rate: 0.0091
2025-11-20 20:59:37.650625: train_loss -0.605
2025-11-20 20:59:37.658463: val_loss -0.6306
2025-11-20 20:59:37.658647: Pseudo dice [np.float32(0.8698), np.float32(0.736), np.float32(0.0)]
2025-11-20 20:59:37.658775: Epoch time: 71.32 s
2025-11-20 20:59:39.270812: 
2025-11-20 20:59:39.271030: Epoch 100
2025-11-20 20:59:39.271240: Current learning rate: 0.0091
2025-11-20 21:00:47.635292: train_loss -0.5965
2025-11-20 21:00:47.635781: val_loss -0.6439
2025-11-20 21:00:47.635909: Pseudo dice [np.float32(0.875), np.float32(0.7431), np.float32(0.0)]
2025-11-20 21:00:47.636020: Epoch time: 68.37 s
2025-11-20 21:00:48.718886: 
2025-11-20 21:00:48.719185: Epoch 101
2025-11-20 21:00:48.719311: Current learning rate: 0.00909
2025-11-20 21:02:02.657304: train_loss -0.6064
2025-11-20 21:02:02.658452: val_loss -0.6033
2025-11-20 21:02:02.658577: Pseudo dice [np.float32(0.8805), np.float32(0.7248), np.float32(0.0)]
2025-11-20 21:02:02.658747: Epoch time: 73.94 s
2025-11-20 21:02:03.735888: 
2025-11-20 21:02:03.736143: Epoch 102
2025-11-20 21:02:03.736288: Current learning rate: 0.00908
2025-11-20 21:03:12.082089: train_loss -0.6236
2025-11-20 21:03:12.082418: val_loss -0.6203
2025-11-20 21:03:12.082526: Pseudo dice [np.float32(0.8802), np.float32(0.7335), np.float32(0.0)]
2025-11-20 21:03:12.082627: Epoch time: 68.35 s
2025-11-20 21:03:13.996848: 
2025-11-20 21:03:13.997024: Epoch 103
2025-11-20 21:03:13.997132: Current learning rate: 0.00907
2025-11-20 21:04:24.809460: train_loss -0.6179
2025-11-20 21:04:24.809692: val_loss -0.6262
2025-11-20 21:04:24.809787: Pseudo dice [np.float32(0.884), np.float32(0.7428), np.float32(0.0)]
2025-11-20 21:04:24.809879: Epoch time: 70.81 s
2025-11-20 21:04:26.027592: 
2025-11-20 21:04:26.027911: Epoch 104
2025-11-20 21:04:26.028048: Current learning rate: 0.00906
2025-11-20 21:05:35.585445: train_loss -0.6155
2025-11-20 21:05:35.585805: val_loss -0.6175
2025-11-20 21:05:35.585912: Pseudo dice [np.float32(0.8704), np.float32(0.7127), np.float32(0.0)]
2025-11-20 21:05:35.586016: Epoch time: 69.56 s
2025-11-20 21:05:37.132288: 
2025-11-20 21:05:37.132521: Epoch 105
2025-11-20 21:05:37.132662: Current learning rate: 0.00905
2025-11-20 21:06:45.491332: train_loss -0.6055
2025-11-20 21:06:45.491565: val_loss -0.6126
2025-11-20 21:06:45.491761: Pseudo dice [np.float32(0.872), np.float32(0.7154), np.float32(0.0)]
2025-11-20 21:06:45.491863: Epoch time: 68.36 s
2025-11-20 21:06:46.578178: 
2025-11-20 21:06:46.578376: Epoch 106
2025-11-20 21:06:46.578501: Current learning rate: 0.00904
2025-11-20 21:07:55.413072: train_loss -0.6124
2025-11-20 21:07:55.413402: val_loss -0.6403
2025-11-20 21:07:55.413523: Pseudo dice [np.float32(0.8879), np.float32(0.7354), np.float32(0.0)]
2025-11-20 21:07:55.413630: Epoch time: 68.84 s
2025-11-20 21:07:56.493822: 
2025-11-20 21:07:56.494011: Epoch 107
2025-11-20 21:07:56.494125: Current learning rate: 0.00903
2025-11-20 21:09:07.248164: train_loss -0.6094
2025-11-20 21:09:07.248399: val_loss -0.6105
2025-11-20 21:09:07.248502: Pseudo dice [np.float32(0.8845), np.float32(0.7122), np.float32(0.0)]
2025-11-20 21:09:07.248601: Epoch time: 70.76 s
2025-11-20 21:09:10.142947: 
2025-11-20 21:09:10.148230: Epoch 108
2025-11-20 21:09:10.148455: Current learning rate: 0.00902
2025-11-20 21:10:18.443725: train_loss -0.6077
2025-11-20 21:10:18.445574: val_loss -0.6234
2025-11-20 21:10:18.445676: Pseudo dice [np.float32(0.8702), np.float32(0.7232), np.float32(0.0)]
2025-11-20 21:10:18.445771: Epoch time: 68.3 s
2025-11-20 21:10:19.749231: 
2025-11-20 21:10:19.749487: Epoch 109
2025-11-20 21:10:19.749673: Current learning rate: 0.00901
2025-11-20 21:11:31.133124: train_loss -0.6201
2025-11-20 21:11:31.134620: val_loss -0.6044
2025-11-20 21:11:31.134734: Pseudo dice [np.float32(0.8897), np.float32(0.734), np.float32(0.0)]
2025-11-20 21:11:31.134836: Epoch time: 71.38 s
2025-11-20 21:11:32.961315: 
2025-11-20 21:11:32.961631: Epoch 110
2025-11-20 21:11:32.961764: Current learning rate: 0.009
2025-11-20 21:12:43.380852: train_loss -0.6243
2025-11-20 21:12:43.381109: val_loss -0.6048
2025-11-20 21:12:43.381284: Pseudo dice [np.float32(0.8763), np.float32(0.7271), np.float32(0.0)]
2025-11-20 21:12:43.381397: Epoch time: 70.42 s
2025-11-20 21:12:44.475914: 
2025-11-20 21:12:44.476108: Epoch 111
2025-11-20 21:12:44.476233: Current learning rate: 0.009
2025-11-20 21:13:54.080819: train_loss -0.6149
2025-11-20 21:13:54.081213: val_loss -0.5809
2025-11-20 21:13:54.081323: Pseudo dice [np.float32(0.8893), np.float32(0.7369), np.float32(0.0)]
2025-11-20 21:13:54.081428: Epoch time: 69.61 s
2025-11-20 21:13:55.257145: 
2025-11-20 21:13:55.257478: Epoch 112
2025-11-20 21:13:55.257657: Current learning rate: 0.00899
2025-11-20 21:15:02.639551: train_loss -0.6304
2025-11-20 21:15:02.639879: val_loss -0.621
2025-11-20 21:15:02.639994: Pseudo dice [np.float32(0.8749), np.float32(0.7533), np.float32(0.0)]
2025-11-20 21:15:02.640189: Epoch time: 67.38 s
2025-11-20 21:15:04.288024: 
2025-11-20 21:15:04.288263: Epoch 113
2025-11-20 21:15:04.288395: Current learning rate: 0.00898
2025-11-20 21:16:14.860686: train_loss -0.6347
2025-11-20 21:16:14.860914: val_loss -0.6159
2025-11-20 21:16:14.861017: Pseudo dice [np.float32(0.8808), np.float32(0.7172), np.float32(0.0)]
2025-11-20 21:16:14.861120: Epoch time: 70.57 s
2025-11-20 21:16:16.073678: 
2025-11-20 21:16:16.073852: Epoch 114
2025-11-20 21:16:16.073962: Current learning rate: 0.00897
2025-11-20 21:17:23.749860: train_loss -0.6232
2025-11-20 21:17:23.750221: val_loss -0.6488
2025-11-20 21:17:23.750327: Pseudo dice [np.float32(0.8982), np.float32(0.76), np.float32(0.0)]
2025-11-20 21:17:23.750430: Epoch time: 67.68 s
2025-11-20 21:17:24.973129: 
2025-11-20 21:17:24.973350: Epoch 115
2025-11-20 21:17:24.973483: Current learning rate: 0.00896
2025-11-20 21:18:38.149092: train_loss -0.6295
2025-11-20 21:18:38.149390: val_loss -0.6106
2025-11-20 21:18:38.149498: Pseudo dice [np.float32(0.8826), np.float32(0.7242), np.float32(0.0)]
2025-11-20 21:18:38.149607: Epoch time: 73.18 s
2025-11-20 21:18:40.206029: 
2025-11-20 21:18:40.206304: Epoch 116
2025-11-20 21:18:40.206449: Current learning rate: 0.00895
2025-11-20 21:19:46.087571: train_loss -0.6267
2025-11-20 21:19:46.087930: val_loss -0.6164
2025-11-20 21:19:46.088036: Pseudo dice [np.float32(0.8924), np.float32(0.731), np.float32(0.0)]
2025-11-20 21:19:46.088137: Epoch time: 65.88 s
2025-11-20 21:19:47.192654: 
2025-11-20 21:19:47.192875: Epoch 117
2025-11-20 21:19:47.193000: Current learning rate: 0.00894
2025-11-20 21:20:58.405584: train_loss -0.6242
2025-11-20 21:20:58.405870: val_loss -0.5945
2025-11-20 21:20:58.405972: Pseudo dice [np.float32(0.8766), np.float32(0.7129), np.float32(0.0)]
2025-11-20 21:20:58.406073: Epoch time: 71.21 s
2025-11-20 21:20:59.912747: 
2025-11-20 21:20:59.912969: Epoch 118
2025-11-20 21:20:59.913099: Current learning rate: 0.00893
2025-11-20 21:22:08.790807: train_loss -0.6226
2025-11-20 21:22:08.791076: val_loss -0.6182
2025-11-20 21:22:08.791185: Pseudo dice [np.float32(0.8894), np.float32(0.7434), np.float32(0.0)]
2025-11-20 21:22:08.791291: Epoch time: 68.88 s
2025-11-20 21:22:10.395281: 
2025-11-20 21:22:10.395495: Epoch 119
2025-11-20 21:22:10.395613: Current learning rate: 0.00892
2025-11-20 21:23:22.511975: train_loss -0.6204
2025-11-20 21:23:22.513253: val_loss -0.6249
2025-11-20 21:23:22.513361: Pseudo dice [np.float32(0.8887), np.float32(0.7259), np.float32(0.0)]
2025-11-20 21:23:22.513455: Epoch time: 72.12 s
2025-11-20 21:23:23.880679: 
2025-11-20 21:23:23.880953: Epoch 120
2025-11-20 21:23:23.881083: Current learning rate: 0.00891
2025-11-20 21:24:31.283794: train_loss -0.6271
2025-11-20 21:24:31.284096: val_loss -0.6174
2025-11-20 21:24:31.284217: Pseudo dice [np.float32(0.8743), np.float32(0.7258), np.float32(0.0)]
2025-11-20 21:24:31.284330: Epoch time: 67.4 s
2025-11-20 21:24:33.284111: 
2025-11-20 21:24:33.284316: Epoch 121
2025-11-20 21:24:33.284455: Current learning rate: 0.0089
2025-11-20 21:25:42.831888: train_loss -0.6222
2025-11-20 21:25:42.832178: val_loss -0.6499
2025-11-20 21:25:42.832296: Pseudo dice [np.float32(0.8946), np.float32(0.7374), np.float32(0.0)]
2025-11-20 21:25:42.832406: Epoch time: 69.55 s
2025-11-20 21:25:43.926399: 
2025-11-20 21:25:43.926674: Epoch 122
2025-11-20 21:25:43.926827: Current learning rate: 0.00889
2025-11-20 21:26:52.058845: train_loss -0.6216
2025-11-20 21:26:52.059108: val_loss -0.6193
2025-11-20 21:26:52.059227: Pseudo dice [np.float32(0.8919), np.float32(0.726), np.float32(0.0)]
2025-11-20 21:26:52.059337: Epoch time: 68.13 s
2025-11-20 21:26:53.271460: 
2025-11-20 21:26:53.271749: Epoch 123
2025-11-20 21:26:53.271875: Current learning rate: 0.00889
2025-11-20 21:27:59.259153: train_loss -0.6243
2025-11-20 21:27:59.259424: val_loss -0.6252
2025-11-20 21:27:59.259537: Pseudo dice [np.float32(0.8779), np.float32(0.7372), np.float32(0.0)]
2025-11-20 21:27:59.259645: Epoch time: 65.99 s
2025-11-20 21:28:01.394922: 
2025-11-20 21:28:01.395138: Epoch 124
2025-11-20 21:28:01.395266: Current learning rate: 0.00888
2025-11-20 21:29:09.411686: train_loss -0.6142
2025-11-20 21:29:09.413493: val_loss -0.6181
2025-11-20 21:29:09.413632: Pseudo dice [np.float32(0.881), np.float32(0.7376), np.float32(0.0)]
2025-11-20 21:29:09.413757: Epoch time: 68.02 s
2025-11-20 21:29:10.976246: 
2025-11-20 21:29:10.976458: Epoch 125
2025-11-20 21:29:10.976583: Current learning rate: 0.00887
2025-11-20 21:30:23.354708: train_loss -0.6209
2025-11-20 21:30:23.355031: val_loss -0.6115
2025-11-20 21:30:23.355145: Pseudo dice [np.float32(0.8892), np.float32(0.7332), np.float32(0.0)]
2025-11-20 21:30:23.355263: Epoch time: 72.38 s
2025-11-20 21:30:25.536063: 
2025-11-20 21:30:25.536250: Epoch 126
2025-11-20 21:30:25.536354: Current learning rate: 0.00886
2025-11-20 21:31:33.806437: train_loss -0.6154
2025-11-20 21:31:33.806680: val_loss -0.6148
2025-11-20 21:31:33.806776: Pseudo dice [np.float32(0.8863), np.float32(0.7397), np.float32(0.0)]
2025-11-20 21:31:33.806871: Epoch time: 68.27 s
2025-11-20 21:31:34.914877: 
2025-11-20 21:31:34.915111: Epoch 127
2025-11-20 21:31:34.915221: Current learning rate: 0.00885
2025-11-20 21:32:44.089855: train_loss -0.6183
2025-11-20 21:32:44.090848: val_loss -0.619
2025-11-20 21:32:44.090983: Pseudo dice [np.float32(0.8964), np.float32(0.752), np.float32(0.0)]
2025-11-20 21:32:44.091097: Epoch time: 69.18 s
2025-11-20 21:32:45.302104: 
2025-11-20 21:32:45.302384: Epoch 128
2025-11-20 21:32:45.302535: Current learning rate: 0.00884
2025-11-20 21:33:52.926110: train_loss -0.6149
2025-11-20 21:33:52.926437: val_loss -0.641
2025-11-20 21:33:52.926534: Pseudo dice [np.float32(0.8742), np.float32(0.7403), np.float32(0.0)]
2025-11-20 21:33:52.926628: Epoch time: 67.63 s
2025-11-20 21:33:54.186636: 
2025-11-20 21:33:54.186884: Epoch 129
2025-11-20 21:33:54.187003: Current learning rate: 0.00883
2025-11-20 21:35:06.446563: train_loss -0.6117
2025-11-20 21:35:06.446974: val_loss -0.622
2025-11-20 21:35:06.447103: Pseudo dice [np.float32(0.8725), np.float32(0.7449), np.float32(0.0)]
2025-11-20 21:35:06.447217: Epoch time: 72.26 s
2025-11-20 21:35:07.684067: 
2025-11-20 21:35:07.684261: Epoch 130
2025-11-20 21:35:07.684385: Current learning rate: 0.00882
2025-11-20 21:36:17.727291: train_loss -0.6137
2025-11-20 21:36:17.731712: val_loss -0.6205
2025-11-20 21:36:17.731984: Pseudo dice [np.float32(0.8861), np.float32(0.7184), np.float32(0.0)]
2025-11-20 21:36:17.732100: Epoch time: 70.04 s
2025-11-20 21:36:19.227406: 
2025-11-20 21:36:19.227595: Epoch 131
2025-11-20 21:36:19.227711: Current learning rate: 0.00881
2025-11-20 21:37:27.795032: train_loss -0.6238
2025-11-20 21:37:27.795276: val_loss -0.6266
2025-11-20 21:37:27.795369: Pseudo dice [np.float32(0.8602), np.float32(0.736), np.float32(0.0)]
2025-11-20 21:37:27.795457: Epoch time: 68.57 s
2025-11-20 21:37:29.284555: 
2025-11-20 21:37:29.284786: Epoch 132
2025-11-20 21:37:29.284909: Current learning rate: 0.0088
2025-11-20 21:38:41.327760: train_loss -0.6215
2025-11-20 21:38:41.333017: val_loss -0.6315
2025-11-20 21:38:41.333138: Pseudo dice [np.float32(0.8797), np.float32(0.7348), np.float32(0.0)]
2025-11-20 21:38:41.333246: Epoch time: 72.04 s
2025-11-20 21:38:43.401939: 
2025-11-20 21:38:43.402128: Epoch 133
2025-11-20 21:38:43.402296: Current learning rate: 0.00879
2025-11-20 21:39:54.241839: train_loss -0.6179
2025-11-20 21:39:54.242181: val_loss -0.6103
2025-11-20 21:39:54.242290: Pseudo dice [np.float32(0.8984), np.float32(0.7419), np.float32(0.0)]
2025-11-20 21:39:54.242393: Epoch time: 70.84 s
2025-11-20 21:39:55.357080: 
2025-11-20 21:39:55.357289: Epoch 134
2025-11-20 21:39:55.357448: Current learning rate: 0.00879
2025-11-20 21:41:04.965668: train_loss -0.6193
2025-11-20 21:41:04.965960: val_loss -0.6359
2025-11-20 21:41:04.966067: Pseudo dice [np.float32(0.8836), np.float32(0.7405), np.float32(0.0)]
2025-11-20 21:41:04.966209: Epoch time: 69.61 s
2025-11-20 21:41:06.727844: 
2025-11-20 21:41:06.728151: Epoch 135
2025-11-20 21:41:06.728286: Current learning rate: 0.00878
2025-11-20 21:42:18.308162: train_loss -0.6201
2025-11-20 21:42:18.310214: val_loss -0.624
2025-11-20 21:42:18.310325: Pseudo dice [np.float32(0.8715), np.float32(0.7409), np.float32(0.0)]
2025-11-20 21:42:18.310420: Epoch time: 71.58 s
2025-11-20 21:42:19.621068: 
2025-11-20 21:42:19.621278: Epoch 136
2025-11-20 21:42:19.621402: Current learning rate: 0.00877
2025-11-20 21:43:31.296194: train_loss -0.6269
2025-11-20 21:43:31.296465: val_loss -0.6215
2025-11-20 21:43:31.296574: Pseudo dice [np.float32(0.891), np.float32(0.7159), np.float32(0.0)]
2025-11-20 21:43:31.296677: Epoch time: 71.68 s
2025-11-20 21:43:33.486288: 
2025-11-20 21:43:33.486518: Epoch 137
2025-11-20 21:43:33.486636: Current learning rate: 0.00876
2025-11-20 21:44:42.441324: train_loss -0.6698
2025-11-20 21:44:42.443159: val_loss -0.6892
2025-11-20 21:44:42.443286: Pseudo dice [np.float32(0.8714), np.float32(0.7515), np.float32(0.0)]
2025-11-20 21:44:42.443387: Epoch time: 68.96 s
2025-11-20 21:44:43.690289: 
2025-11-20 21:44:43.690556: Epoch 138
2025-11-20 21:44:43.690686: Current learning rate: 0.00875
2025-11-20 21:45:53.402746: train_loss -0.7013
2025-11-20 21:45:53.404428: val_loss -0.7536
2025-11-20 21:45:53.404537: Pseudo dice [np.float32(0.8825), np.float32(0.7394), np.float32(0.0)]
2025-11-20 21:45:53.404634: Epoch time: 69.71 s
2025-11-20 21:45:55.222969: 
2025-11-20 21:45:55.223199: Epoch 139
2025-11-20 21:45:55.223342: Current learning rate: 0.00874
2025-11-20 21:47:00.346830: train_loss -0.7169
2025-11-20 21:47:00.347099: val_loss -0.7307
2025-11-20 21:47:00.347207: Pseudo dice [np.float32(0.8831), np.float32(0.7351), np.float32(0.0)]
2025-11-20 21:47:00.347312: Epoch time: 65.12 s
2025-11-20 21:47:01.452638: 
2025-11-20 21:47:01.452838: Epoch 140
2025-11-20 21:47:01.452999: Current learning rate: 0.00873
2025-11-20 21:48:10.740037: train_loss -0.7151
2025-11-20 21:48:10.740599: val_loss -0.7262
2025-11-20 21:48:10.740716: Pseudo dice [np.float32(0.8845), np.float32(0.7167), np.float32(0.0)]
2025-11-20 21:48:10.740824: Epoch time: 69.29 s
2025-11-20 21:48:11.956696: 
2025-11-20 21:48:11.956892: Epoch 141
2025-11-20 21:48:11.957015: Current learning rate: 0.00872
2025-11-20 21:49:19.893394: train_loss -0.7165
2025-11-20 21:49:19.893747: val_loss -0.7625
2025-11-20 21:49:19.893852: Pseudo dice [np.float32(0.8997), np.float32(0.7508), np.float32(0.0)]
2025-11-20 21:49:19.893955: Epoch time: 67.94 s
2025-11-20 21:49:21.168648: 
2025-11-20 21:49:21.168843: Epoch 142
2025-11-20 21:49:21.168964: Current learning rate: 0.00871
2025-11-20 21:50:30.499638: train_loss -0.7297
2025-11-20 21:50:30.499950: val_loss -0.7561
2025-11-20 21:50:30.500065: Pseudo dice [np.float32(0.8842), np.float32(0.7451), np.float32(0.0)]
2025-11-20 21:50:30.500183: Epoch time: 69.33 s
2025-11-20 21:50:31.907941: 
2025-11-20 21:50:31.908213: Epoch 143
2025-11-20 21:50:31.908337: Current learning rate: 0.0087
2025-11-20 21:51:42.422597: train_loss -0.7169
2025-11-20 21:51:42.422862: val_loss -0.7438
2025-11-20 21:51:42.422967: Pseudo dice [np.float32(0.8918), np.float32(0.7244), np.float32(0.0)]
2025-11-20 21:51:42.423071: Epoch time: 70.52 s
2025-11-20 21:51:44.576484: 
2025-11-20 21:51:44.576740: Epoch 144
2025-11-20 21:51:44.576903: Current learning rate: 0.00869
2025-11-20 21:52:53.719035: train_loss -0.7294
2025-11-20 21:52:53.719335: val_loss -0.7399
2025-11-20 21:52:53.719453: Pseudo dice [np.float32(0.8962), np.float32(0.7492), np.float32(0.0)]
2025-11-20 21:52:53.719564: Epoch time: 69.14 s
2025-11-20 21:52:54.838205: 
2025-11-20 21:52:54.838455: Epoch 145
2025-11-20 21:52:54.838579: Current learning rate: 0.00868
2025-11-20 21:54:03.483965: train_loss -0.7244
2025-11-20 21:54:03.484275: val_loss -0.77
2025-11-20 21:54:03.484390: Pseudo dice [np.float32(0.897), np.float32(0.7472), np.float32(0.0)]
2025-11-20 21:54:03.484502: Epoch time: 68.65 s
2025-11-20 21:54:04.973959: 
2025-11-20 21:54:04.974236: Epoch 146
2025-11-20 21:54:04.974370: Current learning rate: 0.00868
2025-11-20 21:55:13.391431: train_loss -0.7328
2025-11-20 21:55:13.391654: val_loss -0.7484
2025-11-20 21:55:13.391754: Pseudo dice [np.float32(0.8894), np.float32(0.7541), np.float32(0.0)]
2025-11-20 21:55:13.391854: Epoch time: 68.42 s
2025-11-20 21:55:14.565059: 
2025-11-20 21:55:14.565282: Epoch 147
2025-11-20 21:55:14.565410: Current learning rate: 0.00867
2025-11-20 21:56:26.913366: train_loss -0.7217
2025-11-20 21:56:26.914310: val_loss -0.7445
2025-11-20 21:56:26.914424: Pseudo dice [np.float32(0.8931), np.float32(0.7471), np.float32(0.0)]
2025-11-20 21:56:26.914527: Epoch time: 72.35 s
2025-11-20 21:56:28.404908: 
2025-11-20 21:56:28.405093: Epoch 148
2025-11-20 21:56:28.405207: Current learning rate: 0.00866
2025-11-20 21:57:38.572102: train_loss -0.7306
2025-11-20 21:57:38.572323: val_loss -0.7593
2025-11-20 21:57:38.585535: Pseudo dice [np.float32(0.894), np.float32(0.759), np.float32(0.0)]
2025-11-20 21:57:38.585660: Epoch time: 70.17 s
2025-11-20 21:57:39.769528: 
2025-11-20 21:57:39.769727: Epoch 149
2025-11-20 21:57:39.769843: Current learning rate: 0.00865
2025-11-20 21:58:49.127871: train_loss -0.7314
2025-11-20 21:58:49.129762: val_loss -0.7411
2025-11-20 21:58:49.129869: Pseudo dice [np.float32(0.8791), np.float32(0.7235), np.float32(0.0)]
2025-11-20 21:58:49.129964: Epoch time: 69.36 s
2025-11-20 21:58:51.794508: 
2025-11-20 21:58:51.794800: Epoch 150
2025-11-20 21:58:51.794928: Current learning rate: 0.00864
2025-11-20 22:00:03.985253: train_loss -0.7186
2025-11-20 22:00:03.985547: val_loss -0.7381
2025-11-20 22:00:03.985658: Pseudo dice [np.float32(0.8968), np.float32(0.7425), np.float32(0.0)]
2025-11-20 22:00:03.985760: Epoch time: 72.19 s
2025-11-20 22:00:06.299437: 
2025-11-20 22:00:06.299643: Epoch 151
2025-11-20 22:00:06.299784: Current learning rate: 0.00863
2025-11-20 22:01:12.777504: train_loss -0.7163
2025-11-20 22:01:12.777781: val_loss -0.7447
2025-11-20 22:01:12.777884: Pseudo dice [np.float32(0.871), np.float32(0.7501), np.float32(0.0)]
2025-11-20 22:01:12.777985: Epoch time: 66.48 s
2025-11-20 22:01:13.938821: 
2025-11-20 22:01:13.939108: Epoch 152
2025-11-20 22:01:13.939253: Current learning rate: 0.00862
2025-11-20 22:02:22.936398: train_loss -0.7171
2025-11-20 22:02:22.936651: val_loss -0.7325
2025-11-20 22:02:22.936745: Pseudo dice [np.float32(0.8824), np.float32(0.7401), np.float32(0.0)]
2025-11-20 22:02:22.936841: Epoch time: 69.0 s
2025-11-20 22:02:24.692086: 
2025-11-20 22:02:24.692295: Epoch 153
2025-11-20 22:02:24.692414: Current learning rate: 0.00861
2025-11-20 22:03:33.489555: train_loss -0.7218
2025-11-20 22:03:33.502548: val_loss -0.7327
2025-11-20 22:03:33.502666: Pseudo dice [np.float32(0.8649), np.float32(0.7479), np.float32(0.0)]
2025-11-20 22:03:33.502764: Epoch time: 68.8 s
2025-11-20 22:03:35.143397: 
2025-11-20 22:03:35.143590: Epoch 154
2025-11-20 22:03:35.143710: Current learning rate: 0.0086
2025-11-20 22:04:44.111039: train_loss -0.7307
2025-11-20 22:04:44.111305: val_loss -0.7044
2025-11-20 22:04:44.111399: Pseudo dice [np.float32(0.8847), np.float32(0.7391), np.float32(0.0)]
2025-11-20 22:04:44.111495: Epoch time: 68.97 s
2025-11-20 22:04:46.343754: 
2025-11-20 22:04:46.344004: Epoch 155
2025-11-20 22:04:46.344123: Current learning rate: 0.00859
2025-11-20 22:05:50.616708: train_loss -0.7361
2025-11-20 22:05:50.616982: val_loss -0.7355
2025-11-20 22:05:50.617085: Pseudo dice [np.float32(0.8839), np.float32(0.707), np.float32(0.0)]
2025-11-20 22:05:50.617192: Epoch time: 64.27 s
2025-11-20 22:05:52.657645: 
2025-11-20 22:05:52.657925: Epoch 156
2025-11-20 22:05:52.658068: Current learning rate: 0.00858
2025-11-20 22:07:05.410976: train_loss -0.7342
2025-11-20 22:07:05.412455: val_loss -0.7515
2025-11-20 22:07:05.412560: Pseudo dice [np.float32(0.8926), np.float32(0.7531), np.float32(0.0)]
2025-11-20 22:07:05.414424: Epoch time: 72.75 s
2025-11-20 22:07:07.018930: 
2025-11-20 22:07:07.019146: Epoch 157
2025-11-20 22:07:07.019267: Current learning rate: 0.00858
2025-11-20 22:08:14.548114: train_loss -0.7108
2025-11-20 22:08:14.548414: val_loss -0.7277
2025-11-20 22:08:14.548518: Pseudo dice [np.float32(0.8957), np.float32(0.7395), np.float32(0.0)]
2025-11-20 22:08:14.548624: Epoch time: 67.53 s
2025-11-20 22:08:16.807087: 
2025-11-20 22:08:16.807317: Epoch 158
2025-11-20 22:08:16.807432: Current learning rate: 0.00857
2025-11-20 22:09:27.092884: train_loss -0.7193
2025-11-20 22:09:27.093161: val_loss -0.7563
2025-11-20 22:09:27.108637: Pseudo dice [np.float32(0.8936), np.float32(0.7409), np.float32(0.0)]
2025-11-20 22:09:27.108899: Epoch time: 70.29 s
2025-11-20 22:09:29.117146: 
2025-11-20 22:09:29.117357: Epoch 159
2025-11-20 22:09:29.117476: Current learning rate: 0.00856
2025-11-20 22:10:38.528705: train_loss -0.7127
2025-11-20 22:10:38.529095: val_loss -0.7475
2025-11-20 22:10:38.529224: Pseudo dice [np.float32(0.8938), np.float32(0.7452), np.float32(0.0)]
2025-11-20 22:10:38.529330: Epoch time: 69.41 s
2025-11-20 22:10:39.760117: 
2025-11-20 22:10:39.760336: Epoch 160
2025-11-20 22:10:39.760455: Current learning rate: 0.00855
2025-11-20 22:11:51.098339: train_loss -0.7158
2025-11-20 22:11:51.104923: val_loss -0.7567
2025-11-20 22:11:51.105049: Pseudo dice [np.float32(0.8781), np.float32(0.7377), np.float32(0.0)]
2025-11-20 22:11:51.105145: Epoch time: 71.34 s
2025-11-20 22:11:52.513010: 
2025-11-20 22:11:52.513235: Epoch 161
2025-11-20 22:11:52.513356: Current learning rate: 0.00854
2025-11-20 22:12:58.133282: train_loss -0.7384
2025-11-20 22:12:58.139098: val_loss -0.7483
2025-11-20 22:12:58.139380: Pseudo dice [np.float32(0.8856), np.float32(0.7557), np.float32(0.0)]
2025-11-20 22:12:58.139493: Epoch time: 65.62 s
2025-11-20 22:12:59.334715: 
2025-11-20 22:12:59.334902: Epoch 162
2025-11-20 22:12:59.335014: Current learning rate: 0.00853
2025-11-20 22:14:06.131719: train_loss -0.7273
2025-11-20 22:14:06.131995: val_loss -0.746
2025-11-20 22:14:06.132101: Pseudo dice [np.float32(0.8914), np.float32(0.7522), np.float32(0.0)]
2025-11-20 22:14:06.132210: Epoch time: 66.8 s
2025-11-20 22:14:07.301142: 
2025-11-20 22:14:07.301404: Epoch 163
2025-11-20 22:14:07.301538: Current learning rate: 0.00852
2025-11-20 22:15:18.956038: train_loss -0.7182
2025-11-20 22:15:18.956311: val_loss -0.7424
2025-11-20 22:15:18.956428: Pseudo dice [np.float32(0.8889), np.float32(0.7402), np.float32(0.0)]
2025-11-20 22:15:18.956537: Epoch time: 71.66 s
2025-11-20 22:15:20.491555: 
2025-11-20 22:15:20.491767: Epoch 164
2025-11-20 22:15:20.491886: Current learning rate: 0.00851
2025-11-20 22:16:31.562317: train_loss -0.7261
2025-11-20 22:16:31.566720: val_loss -0.7195
2025-11-20 22:16:31.566831: Pseudo dice [np.float32(0.8963), np.float32(0.7463), np.float32(0.0)]
2025-11-20 22:16:31.566928: Epoch time: 71.07 s
2025-11-20 22:16:33.008423: 
2025-11-20 22:16:33.008615: Epoch 165
2025-11-20 22:16:33.008733: Current learning rate: 0.0085
2025-11-20 22:17:41.509024: train_loss -0.7261
2025-11-20 22:17:41.509349: val_loss -0.7555
2025-11-20 22:17:41.509454: Pseudo dice [np.float32(0.8909), np.float32(0.7482), np.float32(0.0)]
2025-11-20 22:17:41.509560: Epoch time: 68.5 s
2025-11-20 22:17:42.787434: 
2025-11-20 22:17:42.787627: Epoch 166
2025-11-20 22:17:42.787743: Current learning rate: 0.00849
2025-11-20 22:18:56.019676: train_loss -0.7331
2025-11-20 22:18:56.019899: val_loss -0.7338
2025-11-20 22:18:56.019993: Pseudo dice [np.float32(0.8829), np.float32(0.7453), np.float32(0.0)]
2025-11-20 22:18:56.020085: Epoch time: 73.23 s
2025-11-20 22:18:57.438369: 
2025-11-20 22:18:57.438592: Epoch 167
2025-11-20 22:18:57.438719: Current learning rate: 0.00848
2025-11-20 22:20:06.371698: train_loss -0.7436
2025-11-20 22:20:06.371955: val_loss -0.717
2025-11-20 22:20:06.372058: Pseudo dice [np.float32(0.8889), np.float32(0.7216), np.float32(0.0)]
2025-11-20 22:20:06.372160: Epoch time: 68.93 s
2025-11-20 22:20:07.932544: 
2025-11-20 22:20:07.932831: Epoch 168
2025-11-20 22:20:07.932967: Current learning rate: 0.00847
2025-11-20 22:21:17.396635: train_loss -0.7196
2025-11-20 22:21:17.398137: val_loss -0.7559
2025-11-20 22:21:17.398314: Pseudo dice [np.float32(0.8753), np.float32(0.748), np.float32(0.0)]
2025-11-20 22:21:17.398422: Epoch time: 69.47 s
2025-11-20 22:21:18.585897: 
2025-11-20 22:21:18.586112: Epoch 169
2025-11-20 22:21:18.586237: Current learning rate: 0.00847
2025-11-20 22:22:27.666396: train_loss -0.718
2025-11-20 22:22:27.666650: val_loss -0.7303
2025-11-20 22:22:27.666751: Pseudo dice [np.float32(0.8708), np.float32(0.7211), np.float32(0.0)]
2025-11-20 22:22:27.666855: Epoch time: 69.08 s
2025-11-20 22:22:28.971569: 
2025-11-20 22:22:28.971808: Epoch 170
2025-11-20 22:22:28.971949: Current learning rate: 0.00846
2025-11-20 22:23:37.778885: train_loss -0.7208
2025-11-20 22:23:37.780019: val_loss -0.7185
2025-11-20 22:23:37.780135: Pseudo dice [np.float32(0.8778), np.float32(0.7336), np.float32(0.0)]
2025-11-20 22:23:37.780250: Epoch time: 68.81 s
2025-11-20 22:23:39.002260: 
2025-11-20 22:23:39.002655: Epoch 171
2025-11-20 22:23:39.002851: Current learning rate: 0.00845
2025-11-20 22:24:50.662083: train_loss -0.7275
2025-11-20 22:24:50.662370: val_loss -0.7497
2025-11-20 22:24:50.662477: Pseudo dice [np.float32(0.8866), np.float32(0.7474), np.float32(0.0)]
2025-11-20 22:24:50.662581: Epoch time: 71.66 s
2025-11-20 22:24:51.889778: 
2025-11-20 22:24:51.890028: Epoch 172
2025-11-20 22:24:51.890152: Current learning rate: 0.00844
2025-11-20 22:26:01.035366: train_loss -0.7207
2025-11-20 22:26:01.037469: val_loss -0.7475
2025-11-20 22:26:01.037610: Pseudo dice [np.float32(0.886), np.float32(0.7452), np.float32(0.0)]
2025-11-20 22:26:01.037713: Epoch time: 69.15 s
2025-11-20 22:26:02.296465: 
2025-11-20 22:26:02.296684: Epoch 173
2025-11-20 22:26:02.296813: Current learning rate: 0.00843
2025-11-20 22:27:14.685202: train_loss -0.7312
2025-11-20 22:27:14.685564: val_loss -0.7497
2025-11-20 22:27:14.685677: Pseudo dice [np.float32(0.8818), np.float32(0.7443), np.float32(0.0)]
2025-11-20 22:27:14.685782: Epoch time: 72.39 s
2025-11-20 22:27:16.103385: 
2025-11-20 22:27:16.103592: Epoch 174
2025-11-20 22:27:16.103705: Current learning rate: 0.00842
2025-11-20 22:28:28.274188: train_loss -0.7258
2025-11-20 22:28:28.274467: val_loss -0.7657
2025-11-20 22:28:28.274579: Pseudo dice [np.float32(0.8781), np.float32(0.7611), np.float32(0.0)]
2025-11-20 22:28:28.274688: Epoch time: 72.17 s
2025-11-20 22:28:29.398439: 
2025-11-20 22:28:29.398632: Epoch 175
2025-11-20 22:28:29.398744: Current learning rate: 0.00841
2025-11-20 22:29:41.179582: train_loss -0.722
2025-11-20 22:29:41.179879: val_loss -0.7474
2025-11-20 22:29:41.179991: Pseudo dice [np.float32(0.8914), np.float32(0.7387), np.float32(0.0)]
2025-11-20 22:29:41.182281: Epoch time: 71.78 s
2025-11-20 22:29:42.396540: 
2025-11-20 22:29:42.396860: Epoch 176
2025-11-20 22:29:42.396990: Current learning rate: 0.0084
2025-11-20 22:30:51.841819: train_loss -0.7183
2025-11-20 22:30:51.842090: val_loss -0.7596
2025-11-20 22:30:51.842377: Pseudo dice [np.float32(0.8914), np.float32(0.7465), np.float32(0.0)]
2025-11-20 22:30:51.842540: Epoch time: 69.45 s
2025-11-20 22:30:52.958091: 
2025-11-20 22:30:52.958289: Epoch 177
2025-11-20 22:30:52.958405: Current learning rate: 0.00839
2025-11-20 22:32:00.466578: train_loss -0.7368
2025-11-20 22:32:00.466958: val_loss -0.7651
2025-11-20 22:32:00.467067: Pseudo dice [np.float32(0.8962), np.float32(0.7448), np.float32(0.0)]
2025-11-20 22:32:00.467182: Epoch time: 67.51 s
2025-11-20 22:32:01.991891: 
2025-11-20 22:32:01.992127: Epoch 178
2025-11-20 22:32:01.992252: Current learning rate: 0.00838
2025-11-20 22:33:14.311226: train_loss -0.7167
2025-11-20 22:33:14.311489: val_loss -0.7476
2025-11-20 22:33:14.311594: Pseudo dice [np.float32(0.8855), np.float32(0.7448), np.float32(0.0)]
2025-11-20 22:33:14.311699: Epoch time: 72.32 s
2025-11-20 22:33:15.623069: 
2025-11-20 22:33:15.623318: Epoch 179
2025-11-20 22:33:15.623439: Current learning rate: 0.00837
2025-11-20 22:34:26.720405: train_loss -0.7469
2025-11-20 22:34:26.720665: val_loss -0.7721
2025-11-20 22:34:26.720770: Pseudo dice [np.float32(0.8887), np.float32(0.7484), np.float32(0.0)]
2025-11-20 22:34:26.720871: Epoch time: 71.1 s
2025-11-20 22:34:29.644697: 
2025-11-20 22:34:29.644923: Epoch 180
2025-11-20 22:34:29.645039: Current learning rate: 0.00836
2025-11-20 22:35:41.782367: train_loss -0.7289
2025-11-20 22:35:41.782656: val_loss -0.7242
2025-11-20 22:35:41.782847: Pseudo dice [np.float32(0.8952), np.float32(0.7493), np.float32(0.0)]
2025-11-20 22:35:41.782968: Epoch time: 72.14 s
2025-11-20 22:35:43.077468: 
2025-11-20 22:35:43.077729: Epoch 181
2025-11-20 22:35:43.077850: Current learning rate: 0.00836
2025-11-20 22:36:52.124659: train_loss -0.7404
2025-11-20 22:36:52.124934: val_loss -0.7385
2025-11-20 22:36:52.125042: Pseudo dice [np.float32(0.8832), np.float32(0.7365), np.float32(0.0)]
2025-11-20 22:36:52.125145: Epoch time: 69.05 s
2025-11-20 22:36:53.315862: 
2025-11-20 22:36:53.316130: Epoch 182
2025-11-20 22:36:53.316254: Current learning rate: 0.00835
2025-11-20 22:38:00.952383: train_loss -0.7199
2025-11-20 22:38:00.952668: val_loss -0.7502
2025-11-20 22:38:00.952762: Pseudo dice [np.float32(0.8965), np.float32(0.7454), np.float32(0.0)]
2025-11-20 22:38:00.952860: Epoch time: 67.64 s
2025-11-20 22:38:02.223934: 
2025-11-20 22:38:02.224170: Epoch 183
2025-11-20 22:38:02.224304: Current learning rate: 0.00834
2025-11-20 22:39:12.496592: train_loss -0.724
2025-11-20 22:39:12.496943: val_loss -0.7263
2025-11-20 22:39:12.497049: Pseudo dice [np.float32(0.8804), np.float32(0.6995), np.float32(0.0)]
2025-11-20 22:39:12.497152: Epoch time: 70.27 s
2025-11-20 22:39:13.669147: 
2025-11-20 22:39:13.669354: Epoch 184
2025-11-20 22:39:13.669471: Current learning rate: 0.00833
2025-11-20 22:40:26.130024: train_loss -0.7167
2025-11-20 22:40:26.131815: val_loss -0.757
2025-11-20 22:40:26.131940: Pseudo dice [np.float32(0.9014), np.float32(0.7445), np.float32(0.0)]
2025-11-20 22:40:26.132045: Epoch time: 72.46 s
2025-11-20 22:40:27.542555: 
2025-11-20 22:40:27.542824: Epoch 185
2025-11-20 22:40:27.542947: Current learning rate: 0.00832
2025-11-20 22:41:33.937535: train_loss -0.7171
2025-11-20 22:41:33.937873: val_loss -0.7632
2025-11-20 22:41:33.937981: Pseudo dice [np.float32(0.8744), np.float32(0.756), np.float32(0.0)]
2025-11-20 22:41:33.938084: Epoch time: 66.4 s
2025-11-20 22:41:35.511786: 
2025-11-20 22:41:35.512024: Epoch 186
2025-11-20 22:41:35.512153: Current learning rate: 0.00831
2025-11-20 22:42:47.910598: train_loss -0.7289
2025-11-20 22:42:47.910893: val_loss -0.7608
2025-11-20 22:42:47.911008: Pseudo dice [np.float32(0.8922), np.float32(0.7483), np.float32(0.0)]
2025-11-20 22:42:47.911123: Epoch time: 72.4 s
2025-11-20 22:42:49.145250: 
2025-11-20 22:42:49.145515: Epoch 187
2025-11-20 22:42:49.145636: Current learning rate: 0.0083
2025-11-20 22:43:58.178658: train_loss -0.7269
2025-11-20 22:43:58.179004: val_loss -0.7151
2025-11-20 22:43:58.179111: Pseudo dice [np.float32(0.884), np.float32(0.7402), np.float32(0.0)]
2025-11-20 22:43:58.179219: Epoch time: 69.03 s
2025-11-20 22:43:59.307771: 
2025-11-20 22:43:59.308007: Epoch 188
2025-11-20 22:43:59.308132: Current learning rate: 0.00829
2025-11-20 22:45:08.485477: train_loss -0.7117
2025-11-20 22:45:08.485728: val_loss -0.7257
2025-11-20 22:45:08.485829: Pseudo dice [np.float32(0.8942), np.float32(0.7519), np.float32(0.0)]
2025-11-20 22:45:08.485928: Epoch time: 69.18 s
2025-11-20 22:45:09.616111: 
2025-11-20 22:45:09.616371: Epoch 189
2025-11-20 22:45:09.616505: Current learning rate: 0.00828
2025-11-20 22:46:15.864707: train_loss -0.7147
2025-11-20 22:46:15.865007: val_loss -0.7225
2025-11-20 22:46:15.865113: Pseudo dice [np.float32(0.8924), np.float32(0.7452), np.float32(0.0)]
2025-11-20 22:46:15.865224: Epoch time: 66.25 s
2025-11-20 22:46:17.563378: 
2025-11-20 22:46:17.563589: Epoch 190
2025-11-20 22:46:17.563714: Current learning rate: 0.00827
2025-11-20 22:47:30.687196: train_loss -0.7177
2025-11-20 22:47:30.690827: val_loss -0.7363
2025-11-20 22:47:30.690986: Pseudo dice [np.float32(0.8964), np.float32(0.7291), np.float32(0.0)]
2025-11-20 22:47:30.691085: Epoch time: 73.12 s
2025-11-20 22:47:32.526489: 
2025-11-20 22:47:32.526683: Epoch 191
2025-11-20 22:47:32.526798: Current learning rate: 0.00826
2025-11-20 22:48:39.900006: train_loss -0.7273
2025-11-20 22:48:39.900288: val_loss -0.7431
2025-11-20 22:48:39.900383: Pseudo dice [np.float32(0.8874), np.float32(0.7301), np.float32(0.0)]
2025-11-20 22:48:39.903777: Epoch time: 67.37 s
2025-11-20 22:48:41.199085: 
2025-11-20 22:48:41.199290: Epoch 192
2025-11-20 22:48:41.199411: Current learning rate: 0.00825
2025-11-20 22:49:50.195234: train_loss -0.7485
2025-11-20 22:49:50.196687: val_loss -0.7827
2025-11-20 22:49:50.196805: Pseudo dice [np.float32(0.8967), np.float32(0.7654), np.float32(0.0)]
2025-11-20 22:49:50.196907: Epoch time: 69.0 s
2025-11-20 22:49:51.451999: 
2025-11-20 22:49:51.452264: Epoch 193
2025-11-20 22:49:51.452422: Current learning rate: 0.00824
2025-11-20 22:50:57.345299: train_loss -0.7296
2025-11-20 22:50:57.345671: val_loss -0.7438
2025-11-20 22:50:57.345775: Pseudo dice [np.float32(0.8907), np.float32(0.7482), np.float32(0.0)]
2025-11-20 22:50:57.345880: Epoch time: 65.89 s
2025-11-20 22:50:58.551793: 
2025-11-20 22:50:58.552087: Epoch 194
2025-11-20 22:50:58.552225: Current learning rate: 0.00824
2025-11-20 22:52:06.734009: train_loss -0.7265
2025-11-20 22:52:06.735075: val_loss -0.7676
2025-11-20 22:52:06.735198: Pseudo dice [np.float32(0.8947), np.float32(0.7614), np.float32(0.0)]
2025-11-20 22:52:06.735307: Epoch time: 68.18 s
2025-11-20 22:52:08.344577: 
2025-11-20 22:52:08.344842: Epoch 195
2025-11-20 22:52:08.344966: Current learning rate: 0.00823
2025-11-20 22:53:13.514231: train_loss -0.7375
2025-11-20 22:53:13.514525: val_loss -0.7343
2025-11-20 22:53:13.514627: Pseudo dice [np.float32(0.8821), np.float32(0.74), np.float32(0.0)]
2025-11-20 22:53:13.514733: Epoch time: 65.17 s
2025-11-20 22:53:14.664994: 
2025-11-20 22:53:14.665180: Epoch 196
2025-11-20 22:53:14.665301: Current learning rate: 0.00822
2025-11-20 22:54:23.338590: train_loss -0.7238
2025-11-20 22:54:23.338821: val_loss -0.7595
2025-11-20 22:54:23.343503: Pseudo dice [np.float32(0.8904), np.float32(0.7455), np.float32(0.0)]
2025-11-20 22:54:23.343708: Epoch time: 68.67 s
2025-11-20 22:54:24.540680: 
2025-11-20 22:54:24.540922: Epoch 197
2025-11-20 22:54:24.541053: Current learning rate: 0.00821
2025-11-20 22:55:30.081311: train_loss -0.7309
2025-11-20 22:55:30.081550: val_loss -0.7521
2025-11-20 22:55:30.081651: Pseudo dice [np.float32(0.8993), np.float32(0.7281), np.float32(nan)]
2025-11-20 22:55:30.081754: Epoch time: 65.54 s
2025-11-20 22:55:31.222077: 
2025-11-20 22:55:31.222357: Epoch 198
2025-11-20 22:55:31.222547: Current learning rate: 0.0082
2025-11-20 22:56:44.331445: train_loss -0.7164
2025-11-20 22:56:44.331709: val_loss -0.7518
2025-11-20 22:56:44.331808: Pseudo dice [np.float32(0.8982), np.float32(0.7536), np.float32(nan)]
2025-11-20 22:56:44.331908: Epoch time: 73.11 s
2025-11-20 22:56:45.476658: 
2025-11-20 22:56:45.476872: Epoch 199
2025-11-20 22:56:45.476995: Current learning rate: 0.00819
2025-11-20 22:57:50.981600: train_loss -0.7283
2025-11-20 22:57:50.982965: val_loss -0.7069
2025-11-20 22:57:50.983159: Pseudo dice [np.float32(0.8976), np.float32(0.735), np.float32(0.0)]
2025-11-20 22:57:50.983281: Epoch time: 65.51 s
2025-11-20 22:57:52.857464: 
2025-11-20 22:57:52.857666: Epoch 200
2025-11-20 22:57:52.857791: Current learning rate: 0.00818
2025-11-20 22:58:58.630659: train_loss -0.7305
2025-11-20 22:58:58.630890: val_loss -0.7494
2025-11-20 22:58:58.630991: Pseudo dice [np.float32(0.9042), np.float32(0.7254), np.float32(0.0)]
2025-11-20 22:58:58.631093: Epoch time: 65.77 s
2025-11-20 22:58:59.876994: 
2025-11-20 22:58:59.877198: Epoch 201
2025-11-20 22:58:59.877317: Current learning rate: 0.00817
2025-11-20 23:00:09.390948: train_loss -0.7266
2025-11-20 23:00:09.391212: val_loss -0.7418
2025-11-20 23:00:09.391324: Pseudo dice [np.float32(0.8785), np.float32(0.7317), np.float32(0.0)]
2025-11-20 23:00:09.391428: Epoch time: 69.51 s
2025-11-20 23:00:10.600900: 
2025-11-20 23:00:10.601092: Epoch 202
2025-11-20 23:00:10.601213: Current learning rate: 0.00816
2025-11-20 23:01:19.939898: train_loss -0.7372
2025-11-20 23:01:19.940212: val_loss -0.7421
2025-11-20 23:01:19.940317: Pseudo dice [np.float32(0.8819), np.float32(0.757), np.float32(0.0)]
2025-11-20 23:01:19.940418: Epoch time: 69.34 s
2025-11-20 23:01:21.310277: 
2025-11-20 23:01:21.310476: Epoch 203
2025-11-20 23:01:21.310666: Current learning rate: 0.00815
2025-11-20 23:02:32.541222: train_loss -0.723
2025-11-20 23:02:32.541589: val_loss -0.7435
2025-11-20 23:02:32.541698: Pseudo dice [np.float32(0.8919), np.float32(0.7448), np.float32(0.0)]
2025-11-20 23:02:32.541802: Epoch time: 71.23 s
2025-11-20 23:02:34.843210: 
2025-11-20 23:02:34.843414: Epoch 204
2025-11-20 23:02:34.843524: Current learning rate: 0.00814
2025-11-20 23:03:44.876808: train_loss -0.7143
2025-11-20 23:03:44.877207: val_loss -0.7235
2025-11-20 23:03:44.877332: Pseudo dice [np.float32(0.8837), np.float32(0.737), np.float32(0.0)]
2025-11-20 23:03:44.877447: Epoch time: 70.03 s
2025-11-20 23:03:46.083493: 
2025-11-20 23:03:46.083693: Epoch 205
2025-11-20 23:03:46.083855: Current learning rate: 0.00813
2025-11-20 23:04:55.394826: train_loss -0.7306
2025-11-20 23:04:55.395170: val_loss -0.7416
2025-11-20 23:04:55.395290: Pseudo dice [np.float32(0.891), np.float32(0.7556), np.float32(0.0)]
2025-11-20 23:04:55.395395: Epoch time: 69.31 s
2025-11-20 23:04:56.536205: 
2025-11-20 23:04:56.536507: Epoch 206
2025-11-20 23:04:56.536653: Current learning rate: 0.00813
2025-11-20 23:06:05.116534: train_loss -0.7233
2025-11-20 23:06:05.116775: val_loss -0.7212
2025-11-20 23:06:05.116884: Pseudo dice [np.float32(0.8821), np.float32(0.7504), np.float32(0.0)]
2025-11-20 23:06:05.116987: Epoch time: 68.58 s
2025-11-20 23:06:06.604465: 
2025-11-20 23:06:06.604678: Epoch 207
2025-11-20 23:06:06.604800: Current learning rate: 0.00812
2025-11-20 23:07:16.169202: train_loss -0.7275
2025-11-20 23:07:16.169466: val_loss -0.7411
2025-11-20 23:07:16.169614: Pseudo dice [np.float32(0.881), np.float32(0.7332), np.float32(0.0)]
2025-11-20 23:07:16.169728: Epoch time: 69.57 s
2025-11-20 23:07:17.276220: 
2025-11-20 23:07:17.276459: Epoch 208
2025-11-20 23:07:17.276604: Current learning rate: 0.00811
2025-11-20 23:08:25.250925: train_loss -0.7357
2025-11-20 23:08:25.251227: val_loss -0.751
2025-11-20 23:08:25.251336: Pseudo dice [np.float32(0.8798), np.float32(0.7456), np.float32(0.0)]
2025-11-20 23:08:25.251440: Epoch time: 67.98 s
2025-11-20 23:08:26.641920: 
2025-11-20 23:08:26.642116: Epoch 209
2025-11-20 23:08:26.642236: Current learning rate: 0.0081
2025-11-20 23:09:32.911283: train_loss -0.7335
2025-11-20 23:09:32.911522: val_loss -0.7485
2025-11-20 23:09:32.911624: Pseudo dice [np.float32(0.8941), np.float32(0.7541), np.float32(0.0)]
2025-11-20 23:09:32.911724: Epoch time: 66.27 s
2025-11-20 23:09:34.012345: 
2025-11-20 23:09:34.012595: Epoch 210
2025-11-20 23:09:34.012719: Current learning rate: 0.00809
2025-11-20 23:10:48.830687: train_loss -0.7223
2025-11-20 23:10:48.831023: val_loss -0.7467
2025-11-20 23:10:48.831128: Pseudo dice [np.float32(0.8915), np.float32(0.7423), np.float32(0.0)]
2025-11-20 23:10:48.831238: Epoch time: 74.82 s
2025-11-20 23:10:50.186475: 
2025-11-20 23:10:50.186747: Epoch 211
2025-11-20 23:10:50.186913: Current learning rate: 0.00808
2025-11-20 23:11:56.421483: train_loss -0.7282
2025-11-20 23:11:56.421756: val_loss -0.7369
2025-11-20 23:11:56.421860: Pseudo dice [np.float32(0.8904), np.float32(0.7576), np.float32(0.0)]
2025-11-20 23:11:56.421963: Epoch time: 66.24 s
2025-11-20 23:11:57.694931: 
2025-11-20 23:11:57.695226: Epoch 212
2025-11-20 23:11:57.695368: Current learning rate: 0.00807
2025-11-20 23:13:08.889642: train_loss -0.7167
2025-11-20 23:13:08.889896: val_loss -0.7412
2025-11-20 23:13:08.889999: Pseudo dice [np.float32(0.885), np.float32(0.755), np.float32(0.0)]
2025-11-20 23:13:08.890100: Epoch time: 71.2 s
2025-11-20 23:13:10.462652: 
2025-11-20 23:13:10.462923: Epoch 213
2025-11-20 23:13:10.463114: Current learning rate: 0.00806
2025-11-20 23:14:20.007513: train_loss -0.7193
2025-11-20 23:14:20.007842: val_loss -0.7486
2025-11-20 23:14:20.007956: Pseudo dice [np.float32(0.8891), np.float32(0.7381), np.float32(0.0)]
2025-11-20 23:14:20.008059: Epoch time: 69.55 s
2025-11-20 23:14:21.125523: 
2025-11-20 23:14:21.125735: Epoch 214
2025-11-20 23:14:21.125856: Current learning rate: 0.00805
2025-11-20 23:15:32.659125: train_loss -0.7229
2025-11-20 23:15:32.659386: val_loss -0.7622
2025-11-20 23:15:32.659484: Pseudo dice [np.float32(0.8845), np.float32(0.7497), np.float32(0.0)]
2025-11-20 23:15:32.659646: Epoch time: 71.53 s
2025-11-20 23:15:33.787209: 
2025-11-20 23:15:33.787479: Epoch 215
2025-11-20 23:15:33.787607: Current learning rate: 0.00804
2025-11-20 23:16:44.939013: train_loss -0.7304
2025-11-20 23:16:44.941515: val_loss -0.7356
2025-11-20 23:16:44.941647: Pseudo dice [np.float32(0.8791), np.float32(0.7177), np.float32(0.0)]
2025-11-20 23:16:44.941753: Epoch time: 71.15 s
2025-11-20 23:16:46.845757: 
2025-11-20 23:16:46.845968: Epoch 216
2025-11-20 23:16:46.846084: Current learning rate: 0.00803
2025-11-20 23:17:54.830671: train_loss -0.72
2025-11-20 23:17:54.830971: val_loss -0.7375
2025-11-20 23:17:54.831079: Pseudo dice [np.float32(0.8903), np.float32(0.72), np.float32(0.0)]
2025-11-20 23:17:54.831200: Epoch time: 67.99 s
2025-11-20 23:17:56.662026: 
2025-11-20 23:17:56.662296: Epoch 217
2025-11-20 23:17:56.662415: Current learning rate: 0.00802
2025-11-20 23:19:07.806330: train_loss -0.7415
2025-11-20 23:19:07.806598: val_loss -0.7508
2025-11-20 23:19:07.806713: Pseudo dice [np.float32(0.8889), np.float32(0.7475), np.float32(0.0)]
2025-11-20 23:19:07.806821: Epoch time: 71.15 s
2025-11-20 23:19:08.923886: 
2025-11-20 23:19:08.924108: Epoch 218
2025-11-20 23:19:08.924246: Current learning rate: 0.00801
2025-11-20 23:20:20.082647: train_loss -0.732
2025-11-20 23:20:20.082939: val_loss -0.755
2025-11-20 23:20:20.083047: Pseudo dice [np.float32(0.8901), np.float32(0.7401), np.float32(0.0)]
2025-11-20 23:20:20.083154: Epoch time: 71.16 s
2025-11-20 23:20:22.467238: 
2025-11-20 23:20:22.467442: Epoch 219
2025-11-20 23:20:22.467551: Current learning rate: 0.00801
2025-11-20 23:21:32.026678: train_loss -0.7149
2025-11-20 23:21:32.026947: val_loss -0.7201
2025-11-20 23:21:32.027049: Pseudo dice [np.float32(0.8828), np.float32(0.7453), np.float32(0.0)]
2025-11-20 23:21:32.027149: Epoch time: 69.56 s
2025-11-20 23:21:33.320553: 
2025-11-20 23:21:33.320753: Epoch 220
2025-11-20 23:21:33.320877: Current learning rate: 0.008
2025-11-20 23:22:41.312144: train_loss -0.728
2025-11-20 23:22:41.312442: val_loss -0.7369
2025-11-20 23:22:41.312561: Pseudo dice [np.float32(0.8884), np.float32(0.7413), np.float32(0.0)]
2025-11-20 23:22:41.312678: Epoch time: 67.99 s
2025-11-20 23:22:42.491291: 
2025-11-20 23:22:42.491505: Epoch 221
2025-11-20 23:22:42.491620: Current learning rate: 0.00799
2025-11-20 23:23:52.094332: train_loss -0.7168
2025-11-20 23:23:52.094598: val_loss -0.7418
2025-11-20 23:23:52.094700: Pseudo dice [np.float32(0.8828), np.float32(0.7392), np.float32(0.0)]
2025-11-20 23:23:52.094798: Epoch time: 69.6 s
2025-11-20 23:23:53.197388: 
2025-11-20 23:23:53.197721: Epoch 222
2025-11-20 23:23:53.197844: Current learning rate: 0.00798
2025-11-20 23:25:03.905162: train_loss -0.7115
2025-11-20 23:25:03.905429: val_loss -0.7531
2025-11-20 23:25:03.905524: Pseudo dice [np.float32(0.8937), np.float32(0.7422), np.float32(0.0)]
2025-11-20 23:25:03.905618: Epoch time: 70.71 s
2025-11-20 23:25:05.171401: 
2025-11-20 23:25:05.171603: Epoch 223
2025-11-20 23:25:05.171797: Current learning rate: 0.00797
2025-11-20 23:26:15.175971: train_loss -0.7188
2025-11-20 23:26:15.176203: val_loss -0.7296
2025-11-20 23:26:15.176309: Pseudo dice [np.float32(0.8851), np.float32(0.7483), np.float32(0.0)]
2025-11-20 23:26:15.176500: Epoch time: 70.01 s
2025-11-20 23:26:16.286639: 
2025-11-20 23:26:16.286834: Epoch 224
2025-11-20 23:26:16.286967: Current learning rate: 0.00796
2025-11-20 23:27:23.759408: train_loss -0.7179
2025-11-20 23:27:23.759719: val_loss -0.7259
2025-11-20 23:27:23.759837: Pseudo dice [np.float32(0.9039), np.float32(0.7479), np.float32(0.0)]
2025-11-20 23:27:23.759949: Epoch time: 67.47 s
2025-11-20 23:27:24.869258: 
2025-11-20 23:27:24.869542: Epoch 225
2025-11-20 23:27:24.869675: Current learning rate: 0.00795
2025-11-20 23:28:35.108682: train_loss -0.7354
2025-11-20 23:28:35.108907: val_loss -0.7363
2025-11-20 23:28:35.109004: Pseudo dice [np.float32(0.8837), np.float32(0.7443), np.float32(0.0)]
2025-11-20 23:28:35.113760: Epoch time: 70.24 s
2025-11-20 23:28:37.602412: 
2025-11-20 23:28:37.602629: Epoch 226
2025-11-20 23:28:37.602748: Current learning rate: 0.00794
2025-11-20 23:29:44.149818: train_loss -0.7339
2025-11-20 23:29:44.150162: val_loss -0.7511
2025-11-20 23:29:44.150323: Pseudo dice [np.float32(0.8936), np.float32(0.746), np.float32(0.0)]
2025-11-20 23:29:44.150428: Epoch time: 66.55 s
2025-11-20 23:29:45.240305: 
2025-11-20 23:29:45.240478: Epoch 227
2025-11-20 23:29:45.240586: Current learning rate: 0.00793
2025-11-20 23:30:52.514993: train_loss -0.7243
2025-11-20 23:30:52.515268: val_loss -0.7281
2025-11-20 23:30:52.515373: Pseudo dice [np.float32(0.8809), np.float32(0.7492), np.float32(0.0)]
2025-11-20 23:30:52.515476: Epoch time: 67.28 s
2025-11-20 23:30:53.781514: 
2025-11-20 23:30:53.781820: Epoch 228
2025-11-20 23:30:53.781941: Current learning rate: 0.00792
2025-11-20 23:32:01.958498: train_loss -0.7415
2025-11-20 23:32:01.961452: val_loss -0.7343
2025-11-20 23:32:01.961573: Pseudo dice [np.float32(0.9104), np.float32(0.7521), np.float32(0.0)]
2025-11-20 23:32:01.961674: Epoch time: 68.18 s
2025-11-20 23:32:04.123537: 
2025-11-20 23:32:04.123800: Epoch 229
2025-11-20 23:32:04.123917: Current learning rate: 0.00791
2025-11-20 23:33:10.277677: train_loss -0.731
2025-11-20 23:33:10.279574: val_loss -0.7223
2025-11-20 23:33:10.279681: Pseudo dice [np.float32(0.8865), np.float32(0.741), np.float32(0.0)]
2025-11-20 23:33:10.279777: Epoch time: 66.16 s
2025-11-20 23:33:12.132854: 
2025-11-20 23:33:12.133088: Epoch 230
2025-11-20 23:33:12.133218: Current learning rate: 0.0079
2025-11-20 23:34:19.224069: train_loss -0.7159
2025-11-20 23:34:19.224356: val_loss -0.7436
2025-11-20 23:34:19.229886: Pseudo dice [np.float32(0.8934), np.float32(0.7444), np.float32(0.0)]
2025-11-20 23:34:19.230017: Epoch time: 67.09 s
2025-11-20 23:34:20.586447: 
2025-11-20 23:34:20.586794: Epoch 231
2025-11-20 23:34:20.587017: Current learning rate: 0.00789
2025-11-20 23:35:28.697727: train_loss -0.7259
2025-11-20 23:35:28.699224: val_loss -0.7452
2025-11-20 23:35:28.699348: Pseudo dice [np.float32(0.8942), np.float32(0.7553), np.float32(0.0)]
2025-11-20 23:35:28.699451: Epoch time: 68.11 s
2025-11-20 23:35:30.174895: 
2025-11-20 23:35:30.175108: Epoch 232
2025-11-20 23:35:30.175241: Current learning rate: 0.00789
2025-11-20 23:36:44.954456: train_loss -0.742
2025-11-20 23:36:44.954725: val_loss -0.7478
2025-11-20 23:36:44.954832: Pseudo dice [np.float32(0.8965), np.float32(0.7456), np.float32(nan)]
2025-11-20 23:36:44.954937: Epoch time: 74.78 s
2025-11-20 23:36:46.059214: 
2025-11-20 23:36:46.059421: Epoch 233
2025-11-20 23:36:46.059529: Current learning rate: 0.00788
2025-11-20 23:37:55.015567: train_loss -0.7222
2025-11-20 23:37:55.015822: val_loss -0.7767
2025-11-20 23:37:55.015922: Pseudo dice [np.float32(0.8966), np.float32(0.7383), np.float32(0.0)]
2025-11-20 23:37:55.020185: Epoch time: 68.96 s
2025-11-20 23:37:56.368770: 
2025-11-20 23:37:56.369067: Epoch 234
2025-11-20 23:37:56.369198: Current learning rate: 0.00787
2025-11-20 23:39:06.019758: train_loss -0.726
2025-11-20 23:39:06.019994: val_loss -0.7633
2025-11-20 23:39:06.020096: Pseudo dice [np.float32(0.8736), np.float32(0.7437), np.float32(0.0)]
2025-11-20 23:39:06.020204: Epoch time: 69.65 s
2025-11-20 23:39:07.162010: 
2025-11-20 23:39:07.162287: Epoch 235
2025-11-20 23:39:07.162428: Current learning rate: 0.00786
2025-11-20 23:40:19.456585: train_loss -0.732
2025-11-20 23:40:19.457455: val_loss -0.7663
2025-11-20 23:40:19.457555: Pseudo dice [np.float32(0.8888), np.float32(0.7407), np.float32(nan)]
2025-11-20 23:40:19.457648: Epoch time: 72.3 s
2025-11-20 23:40:20.678891: 
2025-11-20 23:40:20.679112: Epoch 236
2025-11-20 23:40:20.679236: Current learning rate: 0.00785
2025-11-20 23:41:29.724823: train_loss -0.7256
2025-11-20 23:41:29.725114: val_loss -0.7284
2025-11-20 23:41:29.725224: Pseudo dice [np.float32(0.8924), np.float32(0.7274), np.float32(0.0)]
2025-11-20 23:41:29.726559: Epoch time: 69.05 s
2025-11-20 23:41:30.905105: 
2025-11-20 23:41:30.905300: Epoch 237
2025-11-20 23:41:30.905414: Current learning rate: 0.00784
2025-11-20 23:42:40.058308: train_loss -0.7217
2025-11-20 23:42:40.058573: val_loss -0.7658
2025-11-20 23:42:40.058678: Pseudo dice [np.float32(0.8916), np.float32(0.7391), np.float32(0.0)]
2025-11-20 23:42:40.058780: Epoch time: 69.15 s
2025-11-20 23:42:41.821122: 
2025-11-20 23:42:41.821349: Epoch 238
2025-11-20 23:42:41.821488: Current learning rate: 0.00783
2025-11-20 23:43:49.992303: train_loss -0.739
2025-11-20 23:43:49.992596: val_loss -0.7517
2025-11-20 23:43:49.992702: Pseudo dice [np.float32(0.89), np.float32(0.7395), np.float32(0.0)]
2025-11-20 23:43:49.992805: Epoch time: 68.17 s
2025-11-20 23:43:51.078204: 
2025-11-20 23:43:51.078509: Epoch 239
2025-11-20 23:43:51.078633: Current learning rate: 0.00782
2025-11-20 23:45:05.251153: train_loss -0.7168
2025-11-20 23:45:05.251445: val_loss -0.7123
2025-11-20 23:45:05.251547: Pseudo dice [np.float32(0.8908), np.float32(0.7193), np.float32(0.0)]
2025-11-20 23:45:05.251651: Epoch time: 74.17 s
2025-11-20 23:45:06.369607: 
2025-11-20 23:45:06.369816: Epoch 240
2025-11-20 23:45:06.369941: Current learning rate: 0.00781
2025-11-20 23:46:17.316052: train_loss -0.74
2025-11-20 23:46:17.316364: val_loss -0.743
2025-11-20 23:46:17.316475: Pseudo dice [np.float32(0.8952), np.float32(0.7491), np.float32(0.0)]
2025-11-20 23:46:17.321177: Epoch time: 70.95 s
2025-11-20 23:46:18.471594: 
2025-11-20 23:46:18.471868: Epoch 241
2025-11-20 23:46:18.472095: Current learning rate: 0.0078
2025-11-20 23:47:28.300060: train_loss -0.7372
2025-11-20 23:47:28.312544: val_loss -0.7469
2025-11-20 23:47:28.314678: Pseudo dice [np.float32(0.8935), np.float32(0.7256), np.float32(0.0)]
2025-11-20 23:47:28.316727: Epoch time: 69.83 s
2025-11-20 23:47:30.306117: 
2025-11-20 23:47:30.306325: Epoch 242
2025-11-20 23:47:30.306444: Current learning rate: 0.00779
2025-11-20 23:48:40.910850: train_loss -0.7104
2025-11-20 23:48:40.911160: val_loss -0.7506
2025-11-20 23:48:40.911266: Pseudo dice [np.float32(0.8891), np.float32(0.7347), np.float32(0.0)]
2025-11-20 23:48:40.911359: Epoch time: 70.61 s
2025-11-20 23:48:43.349455: 
2025-11-20 23:48:43.349740: Epoch 243
2025-11-20 23:48:43.349947: Current learning rate: 0.00778
2025-11-20 23:49:57.010134: train_loss -0.7338
2025-11-20 23:49:57.010379: val_loss -0.746
2025-11-20 23:49:57.010480: Pseudo dice [np.float32(0.8906), np.float32(0.7489), np.float32(0.0)]
2025-11-20 23:49:57.010580: Epoch time: 73.66 s
2025-11-20 23:49:58.388066: 
2025-11-20 23:49:58.388364: Epoch 244
2025-11-20 23:49:58.388536: Current learning rate: 0.00777
2025-11-20 23:51:10.356085: train_loss -0.7185
2025-11-20 23:51:10.356409: val_loss -0.7385
2025-11-20 23:51:10.356505: Pseudo dice [np.float32(0.8897), np.float32(0.7505), np.float32(0.0)]
2025-11-20 23:51:10.356599: Epoch time: 71.97 s
2025-11-20 23:51:11.549533: 
2025-11-20 23:51:11.549948: Epoch 245
2025-11-20 23:51:11.550087: Current learning rate: 0.00777
2025-11-20 23:52:23.315588: train_loss -0.7228
2025-11-20 23:52:23.317333: val_loss -0.764
2025-11-20 23:52:23.317457: Pseudo dice [np.float32(0.8983), np.float32(0.7622), np.float32(0.0)]
2025-11-20 23:52:23.317562: Epoch time: 71.77 s
2025-11-20 23:52:24.927492: 
2025-11-20 23:52:24.927732: Epoch 246
2025-11-20 23:52:24.927862: Current learning rate: 0.00776
2025-11-20 23:53:34.008100: train_loss -0.7284
2025-11-20 23:53:34.008357: val_loss -0.7377
2025-11-20 23:53:34.008457: Pseudo dice [np.float32(0.8865), np.float32(0.7523), np.float32(0.0)]
2025-11-20 23:53:34.008558: Epoch time: 69.08 s
2025-11-20 23:53:35.156255: 
2025-11-20 23:53:35.156551: Epoch 247
2025-11-20 23:53:35.156673: Current learning rate: 0.00775
2025-11-20 23:54:44.740067: train_loss -0.7274
2025-11-20 23:54:44.740343: val_loss -0.7304
2025-11-20 23:54:44.740448: Pseudo dice [np.float32(0.8917), np.float32(0.7534), np.float32(0.0)]
2025-11-20 23:54:44.740551: Epoch time: 69.58 s
2025-11-20 23:54:45.860947: 
2025-11-20 23:54:45.861211: Epoch 248
2025-11-20 23:54:45.861344: Current learning rate: 0.00774
2025-11-20 23:55:56.748947: train_loss -0.7293
2025-11-20 23:55:56.749567: val_loss -0.756
2025-11-20 23:55:56.749681: Pseudo dice [np.float32(0.8915), np.float32(0.7387), np.float32(0.0)]
2025-11-20 23:55:56.749779: Epoch time: 70.89 s
2025-11-20 23:55:57.861811: 
2025-11-20 23:55:57.862013: Epoch 249
2025-11-20 23:55:57.862135: Current learning rate: 0.00773
2025-11-20 23:57:09.056930: train_loss -0.7345
2025-11-20 23:57:09.057256: val_loss -0.7443
2025-11-20 23:57:09.057357: Pseudo dice [np.float32(0.898), np.float32(0.7467), np.float32(0.0)]
2025-11-20 23:57:09.057454: Epoch time: 71.2 s
2025-11-20 23:57:10.674599: 
2025-11-20 23:57:10.674794: Epoch 250
2025-11-20 23:57:10.674909: Current learning rate: 0.00772
2025-11-20 23:58:22.764432: train_loss -0.7367
2025-11-20 23:58:22.764687: val_loss -0.7586
2025-11-20 23:58:22.764800: Pseudo dice [np.float32(0.9014), np.float32(0.7448), np.float32(0.0)]
2025-11-20 23:58:22.764912: Epoch time: 72.09 s
2025-11-20 23:58:23.983756: 
2025-11-20 23:58:23.983955: Epoch 251
2025-11-20 23:58:23.984071: Current learning rate: 0.00771
2025-11-20 23:59:34.948374: train_loss -0.7378
2025-11-20 23:59:34.948643: val_loss -0.7543
2025-11-20 23:59:34.948746: Pseudo dice [np.float32(0.9034), np.float32(0.7457), np.float32(0.0)]
2025-11-20 23:59:34.948842: Epoch time: 70.97 s
2025-11-20 23:59:36.075299: 
2025-11-20 23:59:36.075494: Epoch 252
2025-11-20 23:59:36.075612: Current learning rate: 0.0077
2025-11-21 00:00:46.005925: train_loss -0.7304
2025-11-21 00:00:46.006236: val_loss -0.7588
2025-11-21 00:00:46.006334: Pseudo dice [np.float32(0.8826), np.float32(0.7432), np.float32(0.0)]
2025-11-21 00:00:46.006430: Epoch time: 69.93 s
2025-11-21 00:00:47.112586: 
2025-11-21 00:00:47.112791: Epoch 253
2025-11-21 00:00:47.112962: Current learning rate: 0.00769
2025-11-21 00:01:56.882188: train_loss -0.7284
2025-11-21 00:01:56.882603: val_loss -0.7513
2025-11-21 00:01:56.882715: Pseudo dice [np.float32(0.8923), np.float32(0.7472), np.float32(0.0)]
2025-11-21 00:01:56.882823: Epoch time: 69.77 s
2025-11-21 00:01:58.474247: 
2025-11-21 00:01:58.474438: Epoch 254
2025-11-21 00:01:58.474553: Current learning rate: 0.00768
2025-11-21 00:03:14.185776: train_loss -0.7315
2025-11-21 00:03:14.186044: val_loss -0.7521
2025-11-21 00:03:14.186146: Pseudo dice [np.float32(0.8899), np.float32(0.7462), np.float32(0.0)]
2025-11-21 00:03:14.186256: Epoch time: 75.71 s
2025-11-21 00:03:15.588354: 
2025-11-21 00:03:15.588600: Epoch 255
2025-11-21 00:03:15.588722: Current learning rate: 0.00767
2025-11-21 00:04:26.574456: train_loss -0.7182
2025-11-21 00:04:26.574799: val_loss -0.7334
2025-11-21 00:04:26.574905: Pseudo dice [np.float32(0.8788), np.float32(0.743), np.float32(0.0)]
2025-11-21 00:04:26.575008: Epoch time: 70.99 s
2025-11-21 00:04:28.835705: 
2025-11-21 00:04:28.835912: Epoch 256
2025-11-21 00:04:28.836033: Current learning rate: 0.00766
2025-11-21 00:05:42.581553: train_loss -0.736
2025-11-21 00:05:42.581903: val_loss -0.7632
2025-11-21 00:05:42.582018: Pseudo dice [np.float32(0.8912), np.float32(0.7397), np.float32(0.0)]
2025-11-21 00:05:42.582129: Epoch time: 73.75 s
2025-11-21 00:05:43.712352: 
2025-11-21 00:05:43.712587: Epoch 257
2025-11-21 00:05:43.712706: Current learning rate: 0.00765
2025-11-21 00:06:53.151016: train_loss -0.7295
2025-11-21 00:06:53.151311: val_loss -0.7422
2025-11-21 00:06:53.151417: Pseudo dice [np.float32(0.8812), np.float32(0.7372), np.float32(0.0)]
2025-11-21 00:06:53.151521: Epoch time: 69.44 s
2025-11-21 00:06:54.893883: 
2025-11-21 00:06:54.894197: Epoch 258
2025-11-21 00:06:54.894319: Current learning rate: 0.00764
2025-11-21 00:08:02.334566: train_loss -0.7183
2025-11-21 00:08:02.334821: val_loss -0.7241
2025-11-21 00:08:02.334923: Pseudo dice [np.float32(0.8795), np.float32(0.7287), np.float32(0.0)]
2025-11-21 00:08:02.335025: Epoch time: 67.44 s
2025-11-21 00:08:03.496016: 
2025-11-21 00:08:03.496367: Epoch 259
2025-11-21 00:08:03.496491: Current learning rate: 0.00764
2025-11-21 00:09:13.292500: train_loss -0.7345
2025-11-21 00:09:13.293391: val_loss -0.759
2025-11-21 00:09:13.293504: Pseudo dice [np.float32(0.892), np.float32(0.7595), np.float32(0.0)]
2025-11-21 00:09:13.293608: Epoch time: 69.8 s
2025-11-21 00:09:14.474859: 
2025-11-21 00:09:14.475091: Epoch 260
2025-11-21 00:09:14.475250: Current learning rate: 0.00763
2025-11-21 00:10:21.958533: train_loss -0.7325
2025-11-21 00:10:21.958846: val_loss -0.7195
2025-11-21 00:10:21.958956: Pseudo dice [np.float32(0.8875), np.float32(0.7387), np.float32(0.0)]
2025-11-21 00:10:21.959052: Epoch time: 67.48 s
2025-11-21 00:10:23.333182: 
2025-11-21 00:10:23.333414: Epoch 261
2025-11-21 00:10:23.333542: Current learning rate: 0.00762
2025-11-21 00:11:35.913477: train_loss -0.7254
2025-11-21 00:11:35.913755: val_loss -0.7716
2025-11-21 00:11:35.913859: Pseudo dice [np.float32(0.8883), np.float32(0.7534), np.float32(0.0)]
2025-11-21 00:11:35.913963: Epoch time: 72.58 s
2025-11-21 00:11:37.069991: 
2025-11-21 00:11:37.070212: Epoch 262
2025-11-21 00:11:37.070353: Current learning rate: 0.00761
2025-11-21 00:12:46.935384: train_loss -0.7475
2025-11-21 00:12:46.935658: val_loss -0.7754
2025-11-21 00:12:46.935761: Pseudo dice [np.float32(0.8936), np.float32(0.747), np.float32(0.0)]
2025-11-21 00:12:46.935938: Epoch time: 69.87 s
2025-11-21 00:12:48.099169: 
2025-11-21 00:12:48.099604: Epoch 263
2025-11-21 00:12:48.099933: Current learning rate: 0.0076
2025-11-21 00:13:59.927992: train_loss -0.7294
2025-11-21 00:13:59.928264: val_loss -0.7488
2025-11-21 00:13:59.928360: Pseudo dice [np.float32(0.9007), np.float32(0.7511), np.float32(0.0)]
2025-11-21 00:13:59.928455: Epoch time: 71.83 s
2025-11-21 00:14:01.040567: 
2025-11-21 00:14:01.040930: Epoch 264
2025-11-21 00:14:01.041145: Current learning rate: 0.00759
2025-11-21 00:15:14.655629: train_loss -0.733
2025-11-21 00:15:14.655918: val_loss -0.7259
2025-11-21 00:15:14.656021: Pseudo dice [np.float32(0.9033), np.float32(0.7442), np.float32(0.0)]
2025-11-21 00:15:14.656124: Epoch time: 73.62 s
2025-11-21 00:15:15.769426: 
2025-11-21 00:15:15.769689: Epoch 265
2025-11-21 00:15:15.769809: Current learning rate: 0.00758
2025-11-21 00:16:26.882451: train_loss -0.7263
2025-11-21 00:16:26.886448: val_loss -0.7103
2025-11-21 00:16:26.886585: Pseudo dice [np.float32(0.8925), np.float32(0.7464), np.float32(0.0)]
2025-11-21 00:16:26.886696: Epoch time: 71.11 s
2025-11-21 00:16:28.414436: 
2025-11-21 00:16:28.414680: Epoch 266
2025-11-21 00:16:28.414816: Current learning rate: 0.00757
2025-11-21 00:17:39.226651: train_loss -0.7168
2025-11-21 00:17:39.229816: val_loss -0.7369
2025-11-21 00:17:39.230006: Pseudo dice [np.float32(0.8714), np.float32(0.7265), np.float32(0.0)]
2025-11-21 00:17:39.230108: Epoch time: 70.81 s
2025-11-21 00:17:40.598576: 
2025-11-21 00:17:40.598797: Epoch 267
2025-11-21 00:17:40.598925: Current learning rate: 0.00756
2025-11-21 00:18:50.619743: train_loss -0.7465
2025-11-21 00:18:50.619993: val_loss -0.7519
2025-11-21 00:18:50.620096: Pseudo dice [np.float32(0.8957), np.float32(0.7367), np.float32(0.0)]
2025-11-21 00:18:50.620207: Epoch time: 70.02 s
2025-11-21 00:18:52.237461: 
2025-11-21 00:18:52.237744: Epoch 268
2025-11-21 00:18:52.237862: Current learning rate: 0.00755
2025-11-21 00:20:02.950761: train_loss -0.7307
2025-11-21 00:20:02.951020: val_loss -0.7482
2025-11-21 00:20:02.951124: Pseudo dice [np.float32(0.8938), np.float32(0.7481), np.float32(0.0)]
2025-11-21 00:20:02.951234: Epoch time: 70.71 s
2025-11-21 00:20:04.988793: 
2025-11-21 00:20:04.989012: Epoch 269
2025-11-21 00:20:04.989125: Current learning rate: 0.00754
2025-11-21 00:21:16.121453: train_loss -0.7209
2025-11-21 00:21:16.121712: val_loss -0.71
2025-11-21 00:21:16.121814: Pseudo dice [np.float32(0.8913), np.float32(0.7415), np.float32(0.0)]
2025-11-21 00:21:16.121916: Epoch time: 71.13 s
2025-11-21 00:21:17.731100: 
2025-11-21 00:21:17.731340: Epoch 270
2025-11-21 00:21:17.731461: Current learning rate: 0.00753
2025-11-21 00:22:30.482090: train_loss -0.7535
2025-11-21 00:22:30.482402: val_loss -0.7459
2025-11-21 00:22:30.482516: Pseudo dice [np.float32(0.8997), np.float32(0.7537), np.float32(0.0)]
2025-11-21 00:22:30.482631: Epoch time: 72.75 s
2025-11-21 00:22:32.943427: 
2025-11-21 00:22:32.943632: Epoch 271
2025-11-21 00:22:32.943746: Current learning rate: 0.00752
2025-11-21 00:23:45.955052: train_loss -0.7294
2025-11-21 00:23:45.955372: val_loss -0.7213
2025-11-21 00:23:45.955480: Pseudo dice [np.float32(0.8894), np.float32(0.7556), np.float32(0.0)]
2025-11-21 00:23:45.955584: Epoch time: 73.01 s
2025-11-21 00:23:47.190072: 
2025-11-21 00:23:47.190372: Epoch 272
2025-11-21 00:23:47.190524: Current learning rate: 0.00751
2025-11-21 00:24:57.291098: train_loss -0.7432
2025-11-21 00:24:57.291447: val_loss -0.7428
2025-11-21 00:24:57.291556: Pseudo dice [np.float32(0.8845), np.float32(0.7473), np.float32(0.0)]
2025-11-21 00:24:57.291658: Epoch time: 70.1 s
2025-11-21 00:24:59.021615: 
2025-11-21 00:24:59.021885: Epoch 273
2025-11-21 00:24:59.021998: Current learning rate: 0.00751
2025-11-21 00:26:07.511919: train_loss -0.7088
2025-11-21 00:26:07.512215: val_loss -0.7065
2025-11-21 00:26:07.512332: Pseudo dice [np.float32(0.8758), np.float32(0.7428), np.float32(0.0)]
2025-11-21 00:26:07.512444: Epoch time: 68.49 s
2025-11-21 00:26:08.629833: 
2025-11-21 00:26:08.630058: Epoch 274
2025-11-21 00:26:08.630228: Current learning rate: 0.0075
2025-11-21 00:27:18.225255: train_loss -0.734
2025-11-21 00:27:18.225527: val_loss -0.7581
2025-11-21 00:27:18.225636: Pseudo dice [np.float32(0.8856), np.float32(0.7419), np.float32(0.0)]
2025-11-21 00:27:18.225860: Epoch time: 69.6 s
2025-11-21 00:27:19.327596: 
2025-11-21 00:27:19.327801: Epoch 275
2025-11-21 00:27:19.327919: Current learning rate: 0.00749
2025-11-21 00:28:31.739085: train_loss -0.7519
2025-11-21 00:28:31.739340: val_loss -0.7582
2025-11-21 00:28:31.739447: Pseudo dice [np.float32(0.8882), np.float32(0.7591), np.float32(0.0)]
2025-11-21 00:28:31.739548: Epoch time: 72.41 s
2025-11-21 00:28:32.882205: 
2025-11-21 00:28:32.901491: Epoch 276
2025-11-21 00:28:32.901675: Current learning rate: 0.00748
2025-11-21 00:29:41.987952: train_loss -0.7307
2025-11-21 00:29:41.988220: val_loss -0.7705
2025-11-21 00:29:41.988318: Pseudo dice [np.float32(0.8973), np.float32(0.7415), np.float32(0.0)]
2025-11-21 00:29:41.988416: Epoch time: 69.11 s
2025-11-21 00:29:44.137817: 
2025-11-21 00:29:44.138047: Epoch 277
2025-11-21 00:29:44.138180: Current learning rate: 0.00747
2025-11-21 00:30:57.217575: train_loss -0.7146
2025-11-21 00:30:57.217860: val_loss -0.7349
2025-11-21 00:30:57.217972: Pseudo dice [np.float32(0.8825), np.float32(0.7208), np.float32(0.0)]
2025-11-21 00:30:57.218077: Epoch time: 73.08 s
2025-11-21 00:30:58.453254: 
2025-11-21 00:30:58.453440: Epoch 278
2025-11-21 00:30:58.453554: Current learning rate: 0.00746
2025-11-21 00:32:08.555746: train_loss -0.716
2025-11-21 00:32:08.556015: val_loss -0.7584
2025-11-21 00:32:08.556122: Pseudo dice [np.float32(0.8739), np.float32(0.747), np.float32(0.0)]
2025-11-21 00:32:08.556234: Epoch time: 70.1 s
2025-11-21 00:32:09.676234: 
2025-11-21 00:32:09.676435: Epoch 279
2025-11-21 00:32:09.676657: Current learning rate: 0.00745
2025-11-21 00:33:16.165168: train_loss -0.7073
2025-11-21 00:33:16.165426: val_loss -0.7372
2025-11-21 00:33:16.165520: Pseudo dice [np.float32(0.8932), np.float32(0.735), np.float32(0.0)]
2025-11-21 00:33:16.165615: Epoch time: 66.49 s
2025-11-21 00:33:17.269566: 
2025-11-21 00:33:17.269806: Epoch 280
2025-11-21 00:33:17.269938: Current learning rate: 0.00744
2025-11-21 00:34:31.424093: train_loss -0.7193
2025-11-21 00:34:31.424441: val_loss -0.7647
2025-11-21 00:34:31.424546: Pseudo dice [np.float32(0.8945), np.float32(0.7299), np.float32(0.0)]
2025-11-21 00:34:31.424647: Epoch time: 74.16 s
2025-11-21 00:34:32.567102: 
2025-11-21 00:34:32.567324: Epoch 281
2025-11-21 00:34:32.567454: Current learning rate: 0.00743
2025-11-21 00:35:42.004205: train_loss -0.7319
2025-11-21 00:35:42.005836: val_loss -0.7244
2025-11-21 00:35:42.005953: Pseudo dice [np.float32(0.8884), np.float32(0.7426), np.float32(0.0)]
2025-11-21 00:35:42.006056: Epoch time: 69.44 s
2025-11-21 00:35:44.291144: 
2025-11-21 00:35:44.291359: Epoch 282
2025-11-21 00:35:44.291472: Current learning rate: 0.00742
2025-11-21 00:36:51.226511: train_loss -0.7366
2025-11-21 00:36:51.226839: val_loss -0.7133
2025-11-21 00:36:51.226964: Pseudo dice [np.float32(0.8905), np.float32(0.7406), np.float32(0.0)]
2025-11-21 00:36:51.227094: Epoch time: 66.94 s
2025-11-21 00:36:52.348261: 
2025-11-21 00:36:52.348497: Epoch 283
2025-11-21 00:36:52.348627: Current learning rate: 0.00741
2025-11-21 00:38:01.619776: train_loss -0.7303
2025-11-21 00:38:01.620044: val_loss -0.7586
2025-11-21 00:38:01.620149: Pseudo dice [np.float32(0.8987), np.float32(0.7549), np.float32(0.0)]
2025-11-21 00:38:01.620260: Epoch time: 69.27 s
2025-11-21 00:38:02.729850: 
2025-11-21 00:38:02.730068: Epoch 284
2025-11-21 00:38:02.730194: Current learning rate: 0.0074
2025-11-21 00:39:12.440859: train_loss -0.7242
2025-11-21 00:39:12.441156: val_loss -0.7329
2025-11-21 00:39:12.441278: Pseudo dice [np.float32(0.8937), np.float32(0.7311), np.float32(0.0)]
2025-11-21 00:39:12.441383: Epoch time: 69.71 s
2025-11-21 00:39:13.561534: 
2025-11-21 00:39:13.561755: Epoch 285
2025-11-21 00:39:13.561882: Current learning rate: 0.00739
2025-11-21 00:40:20.407117: train_loss -0.7226
2025-11-21 00:40:20.407510: val_loss -0.7589
2025-11-21 00:40:20.407616: Pseudo dice [np.float32(0.8787), np.float32(0.7491), np.float32(0.0)]
2025-11-21 00:40:20.407718: Epoch time: 66.85 s
2025-11-21 00:40:21.744730: 
2025-11-21 00:40:21.744993: Epoch 286
2025-11-21 00:40:21.745128: Current learning rate: 0.00738
2025-11-21 00:41:31.679680: train_loss -0.7319
2025-11-21 00:41:31.679976: val_loss -0.7691
2025-11-21 00:41:31.680091: Pseudo dice [np.float32(0.8993), np.float32(0.7323), np.float32(0.0)]
2025-11-21 00:41:31.680209: Epoch time: 69.94 s
2025-11-21 00:41:32.809839: 
2025-11-21 00:41:32.810089: Epoch 287
2025-11-21 00:41:32.810218: Current learning rate: 0.00738
2025-11-21 00:42:39.111992: train_loss -0.7326
2025-11-21 00:42:39.112256: val_loss -0.7307
2025-11-21 00:42:39.112354: Pseudo dice [np.float32(0.9063), np.float32(0.7455), np.float32(0.0)]
2025-11-21 00:42:39.112448: Epoch time: 66.3 s
2025-11-21 00:42:40.226646: 
2025-11-21 00:42:40.226855: Epoch 288
2025-11-21 00:42:40.226968: Current learning rate: 0.00737
2025-11-21 00:43:50.027551: train_loss -0.735
2025-11-21 00:43:50.027879: val_loss -0.7286
2025-11-21 00:43:50.027978: Pseudo dice [np.float32(0.8921), np.float32(0.7426), np.float32(0.0)]
2025-11-21 00:43:50.028071: Epoch time: 69.8 s
2025-11-21 00:43:51.383883: 
2025-11-21 00:43:51.384101: Epoch 289
2025-11-21 00:43:51.384223: Current learning rate: 0.00736
2025-11-21 00:44:59.418973: train_loss -0.7307
2025-11-21 00:44:59.419241: val_loss -0.7564
2025-11-21 00:44:59.419347: Pseudo dice [np.float32(0.8999), np.float32(0.7539), np.float32(0.0)]
2025-11-21 00:44:59.421651: Epoch time: 68.04 s
2025-11-21 00:45:00.613782: 
2025-11-21 00:45:00.614158: Epoch 290
2025-11-21 00:45:00.614318: Current learning rate: 0.00735
2025-11-21 00:46:17.061536: train_loss -0.7351
2025-11-21 00:46:17.063577: val_loss -0.7375
2025-11-21 00:46:17.063688: Pseudo dice [np.float32(0.9029), np.float32(0.7525), np.float32(0.0)]
2025-11-21 00:46:17.063785: Epoch time: 76.45 s
2025-11-21 00:46:18.855155: 
2025-11-21 00:46:18.855384: Epoch 291
2025-11-21 00:46:18.855512: Current learning rate: 0.00734
2025-11-21 00:47:25.793342: train_loss -0.7443
2025-11-21 00:47:25.793599: val_loss -0.7414
2025-11-21 00:47:25.793692: Pseudo dice [np.float32(0.8983), np.float32(0.7485), np.float32(0.0)]
2025-11-21 00:47:25.793785: Epoch time: 66.94 s
2025-11-21 00:47:27.307226: 
2025-11-21 00:47:27.307443: Epoch 292
2025-11-21 00:47:27.307561: Current learning rate: 0.00733
2025-11-21 00:48:38.872035: train_loss -0.7354
2025-11-21 00:48:38.872403: val_loss -0.7631
2025-11-21 00:48:38.872510: Pseudo dice [np.float32(0.8903), np.float32(0.7507), np.float32(0.0)]
2025-11-21 00:48:38.872613: Epoch time: 71.57 s
2025-11-21 00:48:40.012400: 
2025-11-21 00:48:40.012593: Epoch 293
2025-11-21 00:48:40.012706: Current learning rate: 0.00732
2025-11-21 00:49:51.365381: train_loss -0.7336
2025-11-21 00:49:51.367884: val_loss -0.7502
2025-11-21 00:49:51.368509: Pseudo dice [np.float32(0.8984), np.float32(0.7462), np.float32(0.0)]
2025-11-21 00:49:51.368633: Epoch time: 71.35 s
2025-11-21 00:49:52.551219: 
2025-11-21 00:49:52.551515: Epoch 294
2025-11-21 00:49:52.551645: Current learning rate: 0.00731
2025-11-21 00:51:04.877943: train_loss -0.7356
2025-11-21 00:51:04.878219: val_loss -0.7616
2025-11-21 00:51:04.878325: Pseudo dice [np.float32(0.902), np.float32(0.7456), np.float32(0.0)]
2025-11-21 00:51:04.878428: Epoch time: 72.33 s
2025-11-21 00:51:06.540905: 
2025-11-21 00:51:06.541138: Epoch 295
2025-11-21 00:51:06.541261: Current learning rate: 0.0073
2025-11-21 00:52:18.486700: train_loss -0.7314
2025-11-21 00:52:18.486940: val_loss -0.7477
2025-11-21 00:52:18.487051: Pseudo dice [np.float32(0.8893), np.float32(0.7359), np.float32(0.0)]
2025-11-21 00:52:18.487166: Epoch time: 71.95 s
2025-11-21 00:52:19.618352: 
2025-11-21 00:52:19.618528: Epoch 296
2025-11-21 00:52:19.618630: Current learning rate: 0.00729
2025-11-21 00:53:28.626683: train_loss -0.7443
2025-11-21 00:53:28.626927: val_loss -0.7515
2025-11-21 00:53:28.627041: Pseudo dice [np.float32(0.882), np.float32(0.7413), np.float32(0.0)]
2025-11-21 00:53:28.627151: Epoch time: 69.01 s
2025-11-21 00:53:29.751950: 
2025-11-21 00:53:29.752143: Epoch 297
2025-11-21 00:53:29.752268: Current learning rate: 0.00728
2025-11-21 00:54:39.876256: train_loss -0.7408
2025-11-21 00:54:39.876535: val_loss -0.7503
2025-11-21 00:54:39.876641: Pseudo dice [np.float32(0.893), np.float32(0.7439), np.float32(0.0)]
2025-11-21 00:54:39.880963: Epoch time: 70.13 s
2025-11-21 00:54:41.107844: 
2025-11-21 00:54:41.108150: Epoch 298
2025-11-21 00:54:41.108291: Current learning rate: 0.00727
2025-11-21 00:55:48.735662: train_loss -0.7239
2025-11-21 00:55:48.735926: val_loss -0.7257
2025-11-21 00:55:48.736029: Pseudo dice [np.float32(0.8786), np.float32(0.743), np.float32(0.0)]
2025-11-21 00:55:48.736134: Epoch time: 67.63 s
2025-11-21 00:55:49.906986: 
2025-11-21 00:55:49.907223: Epoch 299
2025-11-21 00:55:49.907345: Current learning rate: 0.00726
2025-11-21 00:56:59.360178: train_loss -0.7344
2025-11-21 00:56:59.360445: val_loss -0.7335
2025-11-21 00:56:59.360550: Pseudo dice [np.float32(0.8874), np.float32(0.7215), np.float32(0.0)]
2025-11-21 00:56:59.360655: Epoch time: 69.45 s
2025-11-21 00:57:01.626063: 
2025-11-21 00:57:01.626275: Epoch 300
2025-11-21 00:57:01.626390: Current learning rate: 0.00725
2025-11-21 00:58:17.287592: train_loss -0.7118
2025-11-21 00:58:17.287917: val_loss -0.748
2025-11-21 00:58:17.288022: Pseudo dice [np.float32(0.8917), np.float32(0.7479), np.float32(0.0)]
2025-11-21 00:58:17.288121: Epoch time: 75.66 s
2025-11-21 00:58:18.443340: 
2025-11-21 00:58:18.443546: Epoch 301
2025-11-21 00:58:18.443663: Current learning rate: 0.00724
2025-11-21 00:59:31.056746: train_loss -0.7251
2025-11-21 00:59:31.057024: val_loss -0.7206
2025-11-21 00:59:31.061306: Pseudo dice [np.float32(0.8787), np.float32(0.7303), np.float32(0.0)]
2025-11-21 00:59:31.061577: Epoch time: 72.61 s
2025-11-21 00:59:32.779759: 
2025-11-21 00:59:32.780014: Epoch 302
2025-11-21 00:59:32.780188: Current learning rate: 0.00724
2025-11-21 01:00:44.806363: train_loss -0.73
2025-11-21 01:00:44.806685: val_loss -0.7157
2025-11-21 01:00:44.806795: Pseudo dice [np.float32(0.8873), np.float32(0.7311), np.float32(0.0)]
2025-11-21 01:00:44.806901: Epoch time: 72.03 s
2025-11-21 01:00:45.960014: 
2025-11-21 01:00:45.960225: Epoch 303
2025-11-21 01:00:45.960337: Current learning rate: 0.00723
2025-11-21 01:01:57.280677: train_loss -0.7279
2025-11-21 01:01:57.280921: val_loss -0.7372
2025-11-21 01:01:57.281095: Pseudo dice [np.float32(0.8868), np.float32(0.7333), np.float32(0.0)]
2025-11-21 01:01:57.281204: Epoch time: 71.32 s
2025-11-21 01:01:58.328422: 
2025-11-21 01:01:58.328663: Epoch 304
2025-11-21 01:01:58.328789: Current learning rate: 0.00722
2025-11-21 01:03:11.589594: train_loss -0.7229
2025-11-21 01:03:11.589867: val_loss -0.767
2025-11-21 01:03:11.589969: Pseudo dice [np.float32(0.885), np.float32(0.7516), np.float32(0.0)]
2025-11-21 01:03:11.590075: Epoch time: 73.26 s
2025-11-21 01:03:12.758047: 
2025-11-21 01:03:12.758324: Epoch 305
2025-11-21 01:03:12.758472: Current learning rate: 0.00721
2025-11-21 01:04:22.404915: train_loss -0.7315
2025-11-21 01:04:22.405207: val_loss -0.7625
2025-11-21 01:04:22.405324: Pseudo dice [np.float32(0.8903), np.float32(0.7421), np.float32(0.0)]
2025-11-21 01:04:22.405431: Epoch time: 69.65 s
2025-11-21 01:04:23.544744: 
2025-11-21 01:04:23.544944: Epoch 306
2025-11-21 01:04:23.545059: Current learning rate: 0.0072
2025-11-21 01:05:33.947849: train_loss -0.7212
2025-11-21 01:05:33.948133: val_loss -0.7441
2025-11-21 01:05:33.948255: Pseudo dice [np.float32(0.8793), np.float32(0.7352), np.float32(0.0)]
2025-11-21 01:05:33.948369: Epoch time: 70.4 s
2025-11-21 01:05:35.500720: 
2025-11-21 01:05:35.500999: Epoch 307
2025-11-21 01:05:35.501128: Current learning rate: 0.00719
2025-11-21 01:06:44.823482: train_loss -0.722
2025-11-21 01:06:44.826028: val_loss -0.7712
2025-11-21 01:06:44.826209: Pseudo dice [np.float32(0.8835), np.float32(0.7578), np.float32(0.0)]
2025-11-21 01:06:44.826328: Epoch time: 69.32 s
2025-11-21 01:06:46.503968: 
2025-11-21 01:06:46.504200: Epoch 308
2025-11-21 01:06:46.504402: Current learning rate: 0.00718
2025-11-21 01:07:55.480921: train_loss -0.7242
2025-11-21 01:07:55.481182: val_loss -0.7617
2025-11-21 01:07:55.481291: Pseudo dice [np.float32(0.8978), np.float32(0.7414), np.float32(0.0)]
2025-11-21 01:07:55.481395: Epoch time: 68.98 s
2025-11-21 01:07:56.524674: 
2025-11-21 01:07:56.524862: Epoch 309
2025-11-21 01:07:56.524980: Current learning rate: 0.00717
2025-11-21 01:09:08.854079: train_loss -0.7211
2025-11-21 01:09:08.854354: val_loss -0.7553
2025-11-21 01:09:08.854458: Pseudo dice [np.float32(0.8904), np.float32(0.7473), np.float32(0.0)]
2025-11-21 01:09:08.854560: Epoch time: 72.33 s
2025-11-21 01:09:10.476851: 
2025-11-21 01:09:10.477072: Epoch 310
2025-11-21 01:09:10.477200: Current learning rate: 0.00716
2025-11-21 01:10:21.103824: train_loss -0.7375
2025-11-21 01:10:21.104084: val_loss -0.7344
2025-11-21 01:10:21.104193: Pseudo dice [np.float32(0.8965), np.float32(0.7469), np.float32(0.0)]
2025-11-21 01:10:21.104294: Epoch time: 70.63 s
2025-11-21 01:10:22.419022: 
2025-11-21 01:10:22.419255: Epoch 311
2025-11-21 01:10:22.419373: Current learning rate: 0.00715
2025-11-21 01:11:31.603527: train_loss -0.7214
2025-11-21 01:11:31.603798: val_loss -0.7249
2025-11-21 01:11:31.603912: Pseudo dice [np.float32(0.8941), np.float32(0.7415), np.float32(0.0)]
2025-11-21 01:11:31.604022: Epoch time: 69.19 s
2025-11-21 01:11:33.200949: 
2025-11-21 01:11:33.201214: Epoch 312
2025-11-21 01:11:33.201343: Current learning rate: 0.00714
2025-11-21 01:12:45.241606: train_loss -0.734
2025-11-21 01:12:45.241899: val_loss -0.7484
2025-11-21 01:12:45.242006: Pseudo dice [np.float32(0.8935), np.float32(0.7478), np.float32(0.0)]
2025-11-21 01:12:45.242111: Epoch time: 72.04 s
2025-11-21 01:12:46.618287: 
2025-11-21 01:12:46.618501: Epoch 313
2025-11-21 01:12:46.618626: Current learning rate: 0.00713
2025-11-21 01:13:59.427389: train_loss -0.7221
2025-11-21 01:13:59.427721: val_loss -0.7417
2025-11-21 01:13:59.427826: Pseudo dice [np.float32(0.8947), np.float32(0.7512), np.float32(0.0)]
2025-11-21 01:13:59.427925: Epoch time: 72.81 s
2025-11-21 01:14:00.610115: 
2025-11-21 01:14:00.610324: Epoch 314
2025-11-21 01:14:00.610440: Current learning rate: 0.00712
2025-11-21 01:15:11.628797: train_loss -0.7405
2025-11-21 01:15:11.629131: val_loss -0.7736
2025-11-21 01:15:11.629258: Pseudo dice [np.float32(0.8956), np.float32(0.7511), np.float32(0.0)]
2025-11-21 01:15:11.629369: Epoch time: 71.02 s
2025-11-21 01:15:12.767984: 
2025-11-21 01:15:12.768231: Epoch 315
2025-11-21 01:15:12.768365: Current learning rate: 0.00711
2025-11-21 01:16:24.172819: train_loss -0.729
2025-11-21 01:16:24.173103: val_loss -0.7397
2025-11-21 01:16:24.173215: Pseudo dice [np.float32(0.8949), np.float32(0.7437), np.float32(0.0)]
2025-11-21 01:16:24.173320: Epoch time: 71.41 s
2025-11-21 01:16:25.463615: 
2025-11-21 01:16:25.463865: Epoch 316
2025-11-21 01:16:25.464069: Current learning rate: 0.0071
2025-11-21 01:17:33.730109: train_loss -0.7253
2025-11-21 01:17:33.731612: val_loss -0.7562
2025-11-21 01:17:33.731742: Pseudo dice [np.float32(0.8911), np.float32(0.7361), np.float32(0.0)]
2025-11-21 01:17:33.731839: Epoch time: 68.27 s
2025-11-21 01:17:34.930790: 
2025-11-21 01:17:34.930982: Epoch 317
2025-11-21 01:17:34.931098: Current learning rate: 0.0071
2025-11-21 01:18:46.045554: train_loss -0.7258
2025-11-21 01:18:46.045914: val_loss -0.738
2025-11-21 01:18:46.046021: Pseudo dice [np.float32(0.8954), np.float32(0.7523), np.float32(0.0)]
2025-11-21 01:18:46.046130: Epoch time: 71.12 s
2025-11-21 01:18:47.242177: 
2025-11-21 01:18:47.242363: Epoch 318
2025-11-21 01:18:47.242480: Current learning rate: 0.00709
2025-11-21 01:19:57.950482: train_loss -0.7425
2025-11-21 01:19:57.950766: val_loss -0.7548
2025-11-21 01:19:57.950869: Pseudo dice [np.float32(0.8982), np.float32(0.7267), np.float32(0.0)]
2025-11-21 01:19:57.950974: Epoch time: 70.71 s
2025-11-21 01:20:00.094308: 
2025-11-21 01:20:00.094672: Epoch 319
2025-11-21 01:20:00.094902: Current learning rate: 0.00708
2025-11-21 01:21:09.858307: train_loss -0.7311
2025-11-21 01:21:09.858551: val_loss -0.7754
2025-11-21 01:21:09.858654: Pseudo dice [np.float32(0.8857), np.float32(0.7555), np.float32(0.0)]
2025-11-21 01:21:09.858755: Epoch time: 69.76 s
2025-11-21 01:21:11.222509: 
2025-11-21 01:21:11.222756: Epoch 320
2025-11-21 01:21:11.222882: Current learning rate: 0.00707
2025-11-21 01:22:19.548104: train_loss -0.7179
2025-11-21 01:22:19.548380: val_loss -0.7278
2025-11-21 01:22:19.548501: Pseudo dice [np.float32(0.8881), np.float32(0.7407), np.float32(0.0)]
2025-11-21 01:22:19.548604: Epoch time: 68.33 s
2025-11-21 01:22:20.761005: 
2025-11-21 01:22:20.761227: Epoch 321
2025-11-21 01:22:20.761344: Current learning rate: 0.00706
2025-11-21 01:23:29.296487: train_loss -0.7128
2025-11-21 01:23:29.296744: val_loss -0.7462
2025-11-21 01:23:29.296842: Pseudo dice [np.float32(0.8956), np.float32(0.7415), np.float32(0.0)]
2025-11-21 01:23:29.296938: Epoch time: 68.54 s
2025-11-21 01:23:30.423151: 
2025-11-21 01:23:30.423413: Epoch 322
2025-11-21 01:23:30.423563: Current learning rate: 0.00705
2025-11-21 01:24:41.447872: train_loss -0.7461
2025-11-21 01:24:41.448192: val_loss -0.7623
2025-11-21 01:24:41.448299: Pseudo dice [np.float32(0.8917), np.float32(0.7458), np.float32(0.0)]
2025-11-21 01:24:41.448394: Epoch time: 71.03 s
2025-11-21 01:24:42.579186: 
2025-11-21 01:24:42.579415: Epoch 323
2025-11-21 01:24:42.579534: Current learning rate: 0.00704
2025-11-21 01:25:50.224561: train_loss -0.7343
2025-11-21 01:25:50.226124: val_loss -0.7465
2025-11-21 01:25:50.226334: Pseudo dice [np.float32(0.8912), np.float32(0.7476), np.float32(0.0)]
2025-11-21 01:25:50.226440: Epoch time: 67.65 s
2025-11-21 01:25:51.398290: 
2025-11-21 01:25:51.398530: Epoch 324
2025-11-21 01:25:51.398715: Current learning rate: 0.00703
2025-11-21 01:27:03.610057: train_loss -0.7327
2025-11-21 01:27:03.610323: val_loss -0.7393
2025-11-21 01:27:03.610429: Pseudo dice [np.float32(0.8977), np.float32(0.7383), np.float32(0.0)]
2025-11-21 01:27:03.610531: Epoch time: 72.21 s
2025-11-21 01:27:05.098140: 
2025-11-21 01:27:05.098348: Epoch 325
2025-11-21 01:27:05.098465: Current learning rate: 0.00702
2025-11-21 01:28:12.132904: train_loss -0.7388
2025-11-21 01:28:12.133200: val_loss -0.7475
2025-11-21 01:28:12.133319: Pseudo dice [np.float32(0.8895), np.float32(0.7436), np.float32(0.0)]
2025-11-21 01:28:12.133428: Epoch time: 67.04 s
2025-11-21 01:28:13.741285: 
2025-11-21 01:28:13.741584: Epoch 326
2025-11-21 01:28:13.741714: Current learning rate: 0.00701
2025-11-21 01:29:22.514704: train_loss -0.7436
2025-11-21 01:29:22.515017: val_loss -0.7419
2025-11-21 01:29:22.515131: Pseudo dice [np.float32(0.8848), np.float32(0.7523), np.float32(0.0)]
2025-11-21 01:29:22.515253: Epoch time: 68.77 s
2025-11-21 01:29:24.688041: 
2025-11-21 01:29:24.688267: Epoch 327
2025-11-21 01:29:24.688391: Current learning rate: 0.007
2025-11-21 01:30:40.139021: train_loss -0.7262
2025-11-21 01:30:40.141023: val_loss -0.736
2025-11-21 01:30:40.141169: Pseudo dice [np.float32(0.8903), np.float32(0.7432), np.float32(0.0)]
2025-11-21 01:30:40.141318: Epoch time: 75.45 s
2025-11-21 01:30:41.751770: 
2025-11-21 01:30:41.752059: Epoch 328
2025-11-21 01:30:41.752266: Current learning rate: 0.00699
2025-11-21 01:31:50.873863: train_loss -0.7447
2025-11-21 01:31:50.874242: val_loss -0.7776
2025-11-21 01:31:50.874349: Pseudo dice [np.float32(0.9029), np.float32(0.7575), np.float32(0.0)]
2025-11-21 01:31:50.874450: Epoch time: 69.12 s
2025-11-21 01:31:52.528357: 
2025-11-21 01:31:52.528617: Epoch 329
2025-11-21 01:31:52.528738: Current learning rate: 0.00698
2025-11-21 01:33:01.455683: train_loss -0.7335
2025-11-21 01:33:01.456059: val_loss -0.7529
2025-11-21 01:33:01.456167: Pseudo dice [np.float32(0.8923), np.float32(0.7381), np.float32(0.0)]
2025-11-21 01:33:01.456280: Epoch time: 68.93 s
2025-11-21 01:33:02.662026: 
2025-11-21 01:33:02.662300: Epoch 330
2025-11-21 01:33:02.662424: Current learning rate: 0.00697
2025-11-21 01:34:12.030338: train_loss -0.7382
2025-11-21 01:34:12.030605: val_loss -0.761
2025-11-21 01:34:12.030707: Pseudo dice [np.float32(0.884), np.float32(0.7335), np.float32(0.0)]
2025-11-21 01:34:12.030807: Epoch time: 69.37 s
2025-11-21 01:34:13.152048: 
2025-11-21 01:34:13.152252: Epoch 331
2025-11-21 01:34:13.152368: Current learning rate: 0.00696
2025-11-21 01:35:25.362000: train_loss -0.7418
2025-11-21 01:35:25.362321: val_loss -0.7359
2025-11-21 01:35:25.362436: Pseudo dice [np.float32(0.8897), np.float32(0.7349), np.float32(0.0)]
2025-11-21 01:35:25.362546: Epoch time: 72.21 s
2025-11-21 01:35:26.980271: 
2025-11-21 01:35:26.980513: Epoch 332
2025-11-21 01:35:26.980653: Current learning rate: 0.00696
2025-11-21 01:36:38.440931: train_loss -0.747
2025-11-21 01:36:38.441321: val_loss -0.7497
2025-11-21 01:36:38.441437: Pseudo dice [np.float32(0.895), np.float32(0.7337), np.float32(0.0)]
2025-11-21 01:36:38.441540: Epoch time: 71.46 s
2025-11-21 01:36:40.432721: 
2025-11-21 01:36:40.432942: Epoch 333
2025-11-21 01:36:40.433059: Current learning rate: 0.00695
2025-11-21 01:37:49.309272: train_loss -0.7398
2025-11-21 01:37:49.309633: val_loss -0.7169
2025-11-21 01:37:49.309743: Pseudo dice [np.float32(0.908), np.float32(0.7598), np.float32(0.0)]
2025-11-21 01:37:49.309846: Epoch time: 68.88 s
2025-11-21 01:37:50.478972: 
2025-11-21 01:37:50.479177: Epoch 334
2025-11-21 01:37:50.479287: Current learning rate: 0.00694
2025-11-21 01:38:59.614951: train_loss -0.7286
2025-11-21 01:38:59.615257: val_loss -0.7752
2025-11-21 01:38:59.615385: Pseudo dice [np.float32(0.8956), np.float32(0.7439), np.float32(0.0)]
2025-11-21 01:38:59.615500: Epoch time: 69.14 s
2025-11-21 01:39:00.901823: 
2025-11-21 01:39:00.902033: Epoch 335
2025-11-21 01:39:00.902155: Current learning rate: 0.00693
2025-11-21 01:40:13.211968: train_loss -0.7418
2025-11-21 01:40:13.212248: val_loss -0.7325
2025-11-21 01:40:13.212346: Pseudo dice [np.float32(0.9009), np.float32(0.7484), np.float32(0.0)]
2025-11-21 01:40:13.212440: Epoch time: 72.31 s
2025-11-21 01:40:14.508218: 
2025-11-21 01:40:14.508511: Epoch 336
2025-11-21 01:40:14.508637: Current learning rate: 0.00692
2025-11-21 01:41:24.693673: train_loss -0.7318
2025-11-21 01:41:24.694031: val_loss -0.7087
2025-11-21 01:41:24.694138: Pseudo dice [np.float32(0.8952), np.float32(0.7546), np.float32(0.0)]
2025-11-21 01:41:24.696034: Epoch time: 70.19 s
2025-11-21 01:41:25.869708: 
2025-11-21 01:41:25.869982: Epoch 337
2025-11-21 01:41:25.870114: Current learning rate: 0.00691
2025-11-21 01:42:33.858306: train_loss -0.7379
2025-11-21 01:42:33.858686: val_loss -0.7364
2025-11-21 01:42:33.858792: Pseudo dice [np.float32(0.8837), np.float32(0.7528), np.float32(0.0)]
2025-11-21 01:42:33.858894: Epoch time: 67.99 s
2025-11-21 01:42:35.110108: 
2025-11-21 01:42:35.110334: Epoch 338
2025-11-21 01:42:35.110452: Current learning rate: 0.0069
2025-11-21 01:43:50.237108: train_loss -0.7301
2025-11-21 01:43:50.237401: val_loss -0.7654
2025-11-21 01:43:50.237510: Pseudo dice [np.float32(0.8903), np.float32(0.7462), np.float32(0.0)]
2025-11-21 01:43:50.237678: Epoch time: 75.13 s
2025-11-21 01:43:52.215106: 
2025-11-21 01:43:52.215369: Epoch 339
2025-11-21 01:43:52.215496: Current learning rate: 0.00689
2025-11-21 01:44:58.055203: train_loss -0.7493
2025-11-21 01:44:58.056393: val_loss -0.7506
2025-11-21 01:44:58.056492: Pseudo dice [np.float32(0.8847), np.float32(0.7399), np.float32(0.0)]
2025-11-21 01:44:58.056583: Epoch time: 65.84 s
2025-11-21 01:44:59.324534: 
2025-11-21 01:44:59.324726: Epoch 340
2025-11-21 01:44:59.324842: Current learning rate: 0.00688
2025-11-21 01:46:07.208694: train_loss -0.7421
2025-11-21 01:46:07.211389: val_loss -0.735
2025-11-21 01:46:07.211539: Pseudo dice [np.float32(0.888), np.float32(0.7552), np.float32(0.0)]
2025-11-21 01:46:07.211636: Epoch time: 67.89 s
2025-11-21 01:46:08.451874: 
2025-11-21 01:46:08.452075: Epoch 341
2025-11-21 01:46:08.452197: Current learning rate: 0.00687
2025-11-21 01:47:17.645043: train_loss -0.7442
2025-11-21 01:47:17.645324: val_loss -0.7273
2025-11-21 01:47:17.645430: Pseudo dice [np.float32(0.8879), np.float32(0.7236), np.float32(0.0)]
2025-11-21 01:47:17.645535: Epoch time: 69.19 s
2025-11-21 01:47:19.170969: 
2025-11-21 01:47:19.171151: Epoch 342
2025-11-21 01:47:19.171278: Current learning rate: 0.00686
2025-11-21 01:48:28.108587: train_loss -0.7219
2025-11-21 01:48:28.108840: val_loss -0.75
2025-11-21 01:48:28.108942: Pseudo dice [np.float32(0.8908), np.float32(0.7397), np.float32(0.0)]
2025-11-21 01:48:28.109045: Epoch time: 68.94 s
2025-11-21 01:48:29.235693: 
2025-11-21 01:48:29.235893: Epoch 343
2025-11-21 01:48:29.236023: Current learning rate: 0.00685
2025-11-21 01:49:41.090817: train_loss -0.7429
2025-11-21 01:49:41.091074: val_loss -0.7343
2025-11-21 01:49:41.091185: Pseudo dice [np.float32(0.8902), np.float32(0.7023), np.float32(0.0)]
2025-11-21 01:49:41.091291: Epoch time: 71.86 s
2025-11-21 01:49:42.661004: 
2025-11-21 01:49:42.661290: Epoch 344
2025-11-21 01:49:42.661410: Current learning rate: 0.00684
2025-11-21 01:50:55.569928: train_loss -0.7347
2025-11-21 01:50:55.570198: val_loss -0.7454
2025-11-21 01:50:55.570302: Pseudo dice [np.float32(0.8886), np.float32(0.7444), np.float32(0.0)]
2025-11-21 01:50:55.570404: Epoch time: 72.91 s
2025-11-21 01:50:57.640268: 
2025-11-21 01:50:57.640619: Epoch 345
2025-11-21 01:50:57.640733: Current learning rate: 0.00683
2025-11-21 01:52:09.144164: train_loss -0.7431
2025-11-21 01:52:09.145997: val_loss -0.7471
2025-11-21 01:52:09.146130: Pseudo dice [np.float32(0.8996), np.float32(0.7372), np.float32(0.0)]
2025-11-21 01:52:09.146244: Epoch time: 71.5 s
2025-11-21 01:52:10.388896: 
2025-11-21 01:52:10.389225: Epoch 346
2025-11-21 01:52:10.389369: Current learning rate: 0.00682
2025-11-21 01:53:17.376801: train_loss -0.752
2025-11-21 01:53:17.377723: val_loss -0.7483
2025-11-21 01:53:17.377839: Pseudo dice [np.float32(0.8867), np.float32(0.761), np.float32(0.0)]
2025-11-21 01:53:17.377942: Epoch time: 66.99 s
2025-11-21 01:53:19.484705: 
2025-11-21 01:53:19.484985: Epoch 347
2025-11-21 01:53:19.485124: Current learning rate: 0.00681
2025-11-21 01:54:29.741050: train_loss -0.7521
2025-11-21 01:54:29.741293: val_loss -0.7384
2025-11-21 01:54:29.741389: Pseudo dice [np.float32(0.8902), np.float32(0.7361), np.float32(0.0)]
2025-11-21 01:54:29.741483: Epoch time: 70.26 s
2025-11-21 01:54:30.962613: 
2025-11-21 01:54:30.962860: Epoch 348
2025-11-21 01:54:30.962982: Current learning rate: 0.0068
2025-11-21 01:55:35.325408: train_loss -0.7309
2025-11-21 01:55:35.325686: val_loss -0.726
2025-11-21 01:55:35.325792: Pseudo dice [np.float32(0.8869), np.float32(0.7426), np.float32(0.0)]
2025-11-21 01:55:35.325895: Epoch time: 64.36 s
2025-11-21 01:55:36.469190: 
2025-11-21 01:55:36.469413: Epoch 349
2025-11-21 01:55:36.469532: Current learning rate: 0.0068
2025-11-21 01:56:47.960631: train_loss -0.7383
2025-11-21 01:56:47.960905: val_loss -0.7324
2025-11-21 01:56:47.961007: Pseudo dice [np.float32(0.8817), np.float32(0.7223), np.float32(0.0)]
2025-11-21 01:56:47.961109: Epoch time: 71.49 s
2025-11-21 01:56:49.457325: 
2025-11-21 01:56:49.457515: Epoch 350
2025-11-21 01:56:49.457629: Current learning rate: 0.00679
2025-11-21 01:58:01.477773: train_loss -0.7389
2025-11-21 01:58:01.478046: val_loss -0.7621
2025-11-21 01:58:01.478151: Pseudo dice [np.float32(0.8941), np.float32(0.7423), np.float32(0.0)]
2025-11-21 01:58:01.478260: Epoch time: 72.02 s
2025-11-21 01:58:03.771225: 
2025-11-21 01:58:03.771468: Epoch 351
2025-11-21 01:58:03.771633: Current learning rate: 0.00678
2025-11-21 01:59:16.639692: train_loss -0.7314
2025-11-21 01:59:16.640076: val_loss -0.754
2025-11-21 01:59:16.640189: Pseudo dice [np.float32(0.8942), np.float32(0.729), np.float32(0.0)]
2025-11-21 01:59:16.640295: Epoch time: 72.87 s
2025-11-21 01:59:17.873889: 
2025-11-21 01:59:17.874283: Epoch 352
2025-11-21 01:59:17.874591: Current learning rate: 0.00677
2025-11-21 02:00:26.808143: train_loss -0.7175
2025-11-21 02:00:26.808494: val_loss -0.7418
2025-11-21 02:00:26.808602: Pseudo dice [np.float32(0.8948), np.float32(0.7478), np.float32(0.0)]
2025-11-21 02:00:26.808707: Epoch time: 68.94 s
2025-11-21 02:00:29.435189: 
2025-11-21 02:00:29.435475: Epoch 353
2025-11-21 02:00:29.435598: Current learning rate: 0.00676
2025-11-21 02:01:38.025051: train_loss -0.7354
2025-11-21 02:01:38.025324: val_loss -0.7626
2025-11-21 02:01:38.025431: Pseudo dice [np.float32(0.9003), np.float32(0.7567), np.float32(0.0)]
2025-11-21 02:01:38.025578: Epoch time: 68.59 s
2025-11-21 02:01:39.168692: 
2025-11-21 02:01:39.168962: Epoch 354
2025-11-21 02:01:39.169084: Current learning rate: 0.00675
2025-11-21 02:02:48.476953: train_loss -0.7436
2025-11-21 02:02:48.477309: val_loss -0.7684
2025-11-21 02:02:48.477416: Pseudo dice [np.float32(0.9009), np.float32(0.7563), np.float32(0.0)]
2025-11-21 02:02:48.477524: Epoch time: 69.31 s
2025-11-21 02:02:49.636482: 
2025-11-21 02:02:49.636701: Epoch 355
2025-11-21 02:02:49.636831: Current learning rate: 0.00674
2025-11-21 02:03:57.806227: train_loss -0.7215
2025-11-21 02:03:57.806576: val_loss -0.7557
2025-11-21 02:03:57.806684: Pseudo dice [np.float32(0.891), np.float32(0.7456), np.float32(0.0)]
2025-11-21 02:03:57.806787: Epoch time: 68.17 s
2025-11-21 02:03:59.363890: 
2025-11-21 02:03:59.364193: Epoch 356
2025-11-21 02:03:59.364317: Current learning rate: 0.00673
2025-11-21 02:05:06.977850: train_loss -0.7388
2025-11-21 02:05:06.978137: val_loss -0.7377
2025-11-21 02:05:06.978260: Pseudo dice [np.float32(0.8918), np.float32(0.7408), np.float32(0.0)]
2025-11-21 02:05:06.978370: Epoch time: 67.61 s
2025-11-21 02:05:08.127333: 
2025-11-21 02:05:08.127550: Epoch 357
2025-11-21 02:05:08.127671: Current learning rate: 0.00672
2025-11-21 02:06:17.213758: train_loss -0.7306
2025-11-21 02:06:17.214135: val_loss -0.7262
2025-11-21 02:06:17.214250: Pseudo dice [np.float32(0.8953), np.float32(0.7474), np.float32(0.0)]
2025-11-21 02:06:17.214351: Epoch time: 69.09 s
2025-11-21 02:06:18.839663: 
2025-11-21 02:06:18.839865: Epoch 358
2025-11-21 02:06:18.839982: Current learning rate: 0.00671
2025-11-21 02:07:26.734636: train_loss -0.7364
2025-11-21 02:07:26.734903: val_loss -0.7547
2025-11-21 02:07:26.735009: Pseudo dice [np.float32(0.8844), np.float32(0.7452), np.float32(0.0)]
2025-11-21 02:07:26.735111: Epoch time: 67.9 s
2025-11-21 02:07:28.027920: 
2025-11-21 02:07:28.028184: Epoch 359
2025-11-21 02:07:28.028309: Current learning rate: 0.0067
2025-11-21 02:08:37.792217: train_loss -0.7517
2025-11-21 02:08:37.792892: val_loss -0.6997
2025-11-21 02:08:37.793005: Pseudo dice [np.float32(0.8918), np.float32(0.7272), np.float32(0.0)]
2025-11-21 02:08:37.793107: Epoch time: 69.77 s
2025-11-21 02:08:38.991909: 
2025-11-21 02:08:38.992161: Epoch 360
2025-11-21 02:08:38.992285: Current learning rate: 0.00669
2025-11-21 02:09:46.932620: train_loss -0.748
2025-11-21 02:09:46.932904: val_loss -0.7648
2025-11-21 02:09:46.933006: Pseudo dice [np.float32(0.8938), np.float32(0.733), np.float32(0.0)]
2025-11-21 02:09:46.933110: Epoch time: 67.94 s
2025-11-21 02:09:48.106081: 
2025-11-21 02:09:48.106303: Epoch 361
2025-11-21 02:09:48.106420: Current learning rate: 0.00668
2025-11-21 02:10:57.124545: train_loss -0.7396
2025-11-21 02:10:57.124799: val_loss -0.7545
2025-11-21 02:10:57.124902: Pseudo dice [np.float32(0.9066), np.float32(0.7648), np.float32(0.0)]
2025-11-21 02:10:57.125002: Epoch time: 69.02 s
2025-11-21 02:10:58.267380: 
2025-11-21 02:10:58.267574: Epoch 362
2025-11-21 02:10:58.267686: Current learning rate: 0.00667
2025-11-21 02:12:04.145454: train_loss -0.7496
2025-11-21 02:12:04.145699: val_loss -0.7356
2025-11-21 02:12:04.145801: Pseudo dice [np.float32(0.9019), np.float32(0.741), np.float32(0.0)]
2025-11-21 02:12:04.145900: Epoch time: 65.88 s
2025-11-21 02:12:05.501341: 
2025-11-21 02:12:05.501572: Epoch 363
2025-11-21 02:12:05.501698: Current learning rate: 0.00666
2025-11-21 02:13:16.391056: train_loss -0.7359
2025-11-21 02:13:16.391343: val_loss -0.7463
2025-11-21 02:13:16.391452: Pseudo dice [np.float32(0.893), np.float32(0.7364), np.float32(0.0)]
2025-11-21 02:13:16.391557: Epoch time: 70.89 s
2025-11-21 02:13:18.751785: 
2025-11-21 02:13:18.752002: Epoch 364
2025-11-21 02:13:18.752188: Current learning rate: 0.00665
2025-11-21 02:14:36.026791: train_loss -0.7408
2025-11-21 02:14:36.027122: val_loss -0.7443
2025-11-21 02:14:36.027241: Pseudo dice [np.float32(0.8908), np.float32(0.7401), np.float32(0.0)]
2025-11-21 02:14:36.027352: Epoch time: 77.28 s
2025-11-21 02:14:37.282518: 
2025-11-21 02:14:37.282743: Epoch 365
2025-11-21 02:14:37.282901: Current learning rate: 0.00665
2025-11-21 02:15:49.576548: train_loss -0.7299
2025-11-21 02:15:49.576930: val_loss -0.7539
2025-11-21 02:15:49.577048: Pseudo dice [np.float32(0.8941), np.float32(0.749), np.float32(0.0)]
2025-11-21 02:15:49.577159: Epoch time: 72.3 s
2025-11-21 02:15:51.179854: 
2025-11-21 02:15:51.180061: Epoch 366
2025-11-21 02:15:51.180180: Current learning rate: 0.00664
2025-11-21 02:17:01.014791: train_loss -0.7324
2025-11-21 02:17:01.015033: val_loss -0.7531
2025-11-21 02:17:01.015136: Pseudo dice [np.float32(0.8921), np.float32(0.7482), np.float32(0.0)]
2025-11-21 02:17:01.015249: Epoch time: 69.84 s
2025-11-21 02:17:02.171782: 
2025-11-21 02:17:02.171989: Epoch 367
2025-11-21 02:17:02.172112: Current learning rate: 0.00663
2025-11-21 02:18:10.978291: train_loss -0.7267
2025-11-21 02:18:10.978547: val_loss -0.7455
2025-11-21 02:18:10.978667: Pseudo dice [np.float32(0.8931), np.float32(0.7364), np.float32(0.0)]
2025-11-21 02:18:10.978861: Epoch time: 68.81 s
2025-11-21 02:18:12.591328: 
2025-11-21 02:18:12.591564: Epoch 368
2025-11-21 02:18:12.591675: Current learning rate: 0.00662
2025-11-21 02:19:18.793714: train_loss -0.7225
2025-11-21 02:19:18.793969: val_loss -0.7583
2025-11-21 02:19:18.794074: Pseudo dice [np.float32(0.8895), np.float32(0.7426), np.float32(0.0)]
2025-11-21 02:19:18.794182: Epoch time: 66.2 s
2025-11-21 02:19:20.719011: 
2025-11-21 02:19:20.719255: Epoch 369
2025-11-21 02:19:20.719372: Current learning rate: 0.00661
2025-11-21 02:20:33.798677: train_loss -0.7279
2025-11-21 02:20:33.798937: val_loss -0.7511
2025-11-21 02:20:33.799039: Pseudo dice [np.float32(0.8999), np.float32(0.7555), np.float32(0.0)]
2025-11-21 02:20:33.800305: Epoch time: 73.08 s
2025-11-21 02:20:35.249824: 
2025-11-21 02:20:35.250037: Epoch 370
2025-11-21 02:20:35.250178: Current learning rate: 0.0066
2025-11-21 02:21:48.777079: train_loss -0.7255
2025-11-21 02:21:48.777440: val_loss -0.7656
2025-11-21 02:21:48.777550: Pseudo dice [np.float32(0.8987), np.float32(0.7546), np.float32(0.0)]
2025-11-21 02:21:48.777655: Epoch time: 73.53 s
2025-11-21 02:21:49.890830: 
2025-11-21 02:21:49.891101: Epoch 371
2025-11-21 02:21:49.891241: Current learning rate: 0.00659
2025-11-21 02:22:58.689557: train_loss -0.7295
2025-11-21 02:22:58.690545: val_loss -0.7546
2025-11-21 02:22:58.690674: Pseudo dice [np.float32(0.8851), np.float32(0.7312), np.float32(0.0)]
2025-11-21 02:22:58.690785: Epoch time: 68.8 s
2025-11-21 02:23:00.132821: 
2025-11-21 02:23:00.133040: Epoch 372
2025-11-21 02:23:00.133155: Current learning rate: 0.00658
2025-11-21 02:24:10.222516: train_loss -0.7509
2025-11-21 02:24:10.222878: val_loss -0.7545
2025-11-21 02:24:10.222986: Pseudo dice [np.float32(0.8884), np.float32(0.7334), np.float32(0.0)]
2025-11-21 02:24:10.223092: Epoch time: 70.09 s
2025-11-21 02:24:11.380327: 
2025-11-21 02:24:11.380532: Epoch 373
2025-11-21 02:24:11.380644: Current learning rate: 0.00657
2025-11-21 02:25:20.074271: train_loss -0.7427
2025-11-21 02:25:20.080257: val_loss -0.7457
2025-11-21 02:25:20.080489: Pseudo dice [np.float32(0.8981), np.float32(0.7422), np.float32(0.0)]
2025-11-21 02:25:20.080598: Epoch time: 68.69 s
2025-11-21 02:25:21.726774: 
2025-11-21 02:25:21.727056: Epoch 374
2025-11-21 02:25:21.727219: Current learning rate: 0.00656
2025-11-21 02:26:32.371461: train_loss -0.7266
2025-11-21 02:26:32.371815: val_loss -0.7171
2025-11-21 02:26:32.371925: Pseudo dice [np.float32(0.8619), np.float32(0.7404), np.float32(0.0)]
2025-11-21 02:26:32.372028: Epoch time: 70.65 s
2025-11-21 02:26:34.016553: 
2025-11-21 02:26:34.016802: Epoch 375
2025-11-21 02:26:34.016924: Current learning rate: 0.00655
2025-11-21 02:27:43.622621: train_loss -0.7413
2025-11-21 02:27:43.622894: val_loss -0.7474
2025-11-21 02:27:43.622995: Pseudo dice [np.float32(0.9044), np.float32(0.7508), np.float32(0.0)]
2025-11-21 02:27:43.623095: Epoch time: 69.61 s
2025-11-21 02:27:44.761883: 
2025-11-21 02:27:44.762180: Epoch 376
2025-11-21 02:27:44.762308: Current learning rate: 0.00654
2025-11-21 02:29:00.435737: train_loss -0.7378
2025-11-21 02:29:00.435994: val_loss -0.7636
2025-11-21 02:29:00.436102: Pseudo dice [np.float32(0.8943), np.float32(0.7528), np.float32(0.0)]
2025-11-21 02:29:00.436210: Epoch time: 75.67 s
2025-11-21 02:29:02.089779: 
2025-11-21 02:29:02.089985: Epoch 377
2025-11-21 02:29:02.090133: Current learning rate: 0.00653
2025-11-21 02:30:16.714211: train_loss -0.7411
2025-11-21 02:30:16.714578: val_loss -0.7308
2025-11-21 02:30:16.714676: Pseudo dice [np.float32(0.9101), np.float32(0.7589), np.float32(0.0)]
2025-11-21 02:30:16.714772: Epoch time: 74.63 s
2025-11-21 02:30:17.941562: 
2025-11-21 02:30:17.941853: Epoch 378
2025-11-21 02:30:17.941972: Current learning rate: 0.00652
2025-11-21 02:31:27.090460: train_loss -0.743
2025-11-21 02:31:27.090808: val_loss -0.7795
2025-11-21 02:31:27.090927: Pseudo dice [np.float32(0.8926), np.float32(0.7446), np.float32(0.0)]
2025-11-21 02:31:27.092689: Epoch time: 69.15 s
2025-11-21 02:31:29.036744: 
2025-11-21 02:31:29.036926: Epoch 379
2025-11-21 02:31:29.037033: Current learning rate: 0.00651
2025-11-21 02:32:38.595335: train_loss -0.7448
2025-11-21 02:32:38.595612: val_loss -0.725
2025-11-21 02:32:38.600660: Pseudo dice [np.float32(0.8976), np.float32(0.7407), np.float32(0.0)]
2025-11-21 02:32:38.600776: Epoch time: 69.56 s
2025-11-21 02:32:40.399543: 
2025-11-21 02:32:40.399740: Epoch 380
2025-11-21 02:32:40.399851: Current learning rate: 0.0065
2025-11-21 02:33:47.708228: train_loss -0.7436
2025-11-21 02:33:47.708509: val_loss -0.7601
2025-11-21 02:33:47.708614: Pseudo dice [np.float32(0.9045), np.float32(0.7331), np.float32(0.0)]
2025-11-21 02:33:47.708720: Epoch time: 67.31 s
2025-11-21 02:33:49.254606: 
2025-11-21 02:33:49.254867: Epoch 381
2025-11-21 02:33:49.255052: Current learning rate: 0.00649
2025-11-21 02:35:02.682151: train_loss -0.7376
2025-11-21 02:35:02.682509: val_loss -0.7308
2025-11-21 02:35:02.682615: Pseudo dice [np.float32(0.8985), np.float32(0.7235), np.float32(0.0)]
2025-11-21 02:35:02.682715: Epoch time: 73.43 s
2025-11-21 02:35:03.900977: 
2025-11-21 02:35:03.901205: Epoch 382
2025-11-21 02:35:03.901322: Current learning rate: 0.00648
2025-11-21 02:36:14.896751: train_loss -0.7585
2025-11-21 02:36:14.897627: val_loss -0.751
2025-11-21 02:36:14.897748: Pseudo dice [np.float32(0.9051), np.float32(0.7296), np.float32(0.0)]
2025-11-21 02:36:14.897857: Epoch time: 71.0 s
2025-11-21 02:36:16.782590: 
2025-11-21 02:36:16.782897: Epoch 383
2025-11-21 02:36:16.783027: Current learning rate: 0.00648
2025-11-21 02:37:28.359928: train_loss -0.7343
2025-11-21 02:37:28.360244: val_loss -0.7378
2025-11-21 02:37:28.360362: Pseudo dice [np.float32(0.8805), np.float32(0.7442), np.float32(0.0)]
2025-11-21 02:37:28.360536: Epoch time: 71.58 s
2025-11-21 02:37:29.593818: 
2025-11-21 02:37:29.594107: Epoch 384
2025-11-21 02:37:29.594232: Current learning rate: 0.00647
2025-11-21 02:38:40.391586: train_loss -0.7342
2025-11-21 02:38:40.399461: val_loss -0.7294
2025-11-21 02:38:40.401483: Pseudo dice [np.float32(0.8856), np.float32(0.7336), np.float32(0.0)]
2025-11-21 02:38:40.401634: Epoch time: 70.8 s
2025-11-21 02:38:41.769254: 
2025-11-21 02:38:41.769479: Epoch 385
2025-11-21 02:38:41.769607: Current learning rate: 0.00646
2025-11-21 02:39:52.117337: train_loss -0.7481
2025-11-21 02:39:52.117923: val_loss -0.7821
2025-11-21 02:39:52.118038: Pseudo dice [np.float32(0.896), np.float32(0.7512), np.float32(0.0)]
2025-11-21 02:39:52.118140: Epoch time: 70.35 s
2025-11-21 02:39:53.337479: 
2025-11-21 02:39:53.337809: Epoch 386
2025-11-21 02:39:53.337930: Current learning rate: 0.00645
2025-11-21 02:41:02.793588: train_loss -0.731
2025-11-21 02:41:02.809424: val_loss -0.7375
2025-11-21 02:41:02.809591: Pseudo dice [np.float32(0.8926), np.float32(0.7526), np.float32(0.0)]
2025-11-21 02:41:02.809690: Epoch time: 69.46 s
2025-11-21 02:41:05.386621: 
2025-11-21 02:41:05.386860: Epoch 387
2025-11-21 02:41:05.386989: Current learning rate: 0.00644
2025-11-21 02:42:16.574860: train_loss -0.7358
2025-11-21 02:42:16.576671: val_loss -0.7354
2025-11-21 02:42:16.576823: Pseudo dice [np.float32(0.8843), np.float32(0.72), np.float32(0.0)]
2025-11-21 02:42:16.576930: Epoch time: 71.19 s
2025-11-21 02:42:17.950011: 
2025-11-21 02:42:17.950371: Epoch 388
2025-11-21 02:42:17.950552: Current learning rate: 0.00643
2025-11-21 02:43:27.010924: train_loss -0.7259
2025-11-21 02:43:27.011933: val_loss -0.7381
2025-11-21 02:43:27.012073: Pseudo dice [np.float32(0.8907), np.float32(0.729), np.float32(0.0)]
2025-11-21 02:43:27.012269: Epoch time: 69.06 s
2025-11-21 02:43:28.349608: 
2025-11-21 02:43:28.349825: Epoch 389
2025-11-21 02:43:28.349945: Current learning rate: 0.00642
2025-11-21 02:44:39.373070: train_loss -0.7051
2025-11-21 02:44:39.374553: val_loss -0.723
2025-11-21 02:44:39.374680: Pseudo dice [np.float32(0.8804), np.float32(0.7579), np.float32(0.0)]
2025-11-21 02:44:39.374787: Epoch time: 71.02 s
2025-11-21 02:44:40.863822: 
2025-11-21 02:44:40.864048: Epoch 390
2025-11-21 02:44:40.864167: Current learning rate: 0.00641
2025-11-21 02:45:52.276609: train_loss -0.7301
2025-11-21 02:45:52.280087: val_loss -0.7447
2025-11-21 02:45:52.280227: Pseudo dice [np.float32(0.8951), np.float32(0.7484), np.float32(0.0)]
2025-11-21 02:45:52.280326: Epoch time: 71.41 s
2025-11-21 02:45:53.485645: 
2025-11-21 02:45:53.485851: Epoch 391
2025-11-21 02:45:53.485981: Current learning rate: 0.0064
2025-11-21 02:47:02.893060: train_loss -0.7298
2025-11-21 02:47:02.893746: val_loss -0.7291
2025-11-21 02:47:02.893867: Pseudo dice [np.float32(0.8973), np.float32(0.7343), np.float32(0.0)]
2025-11-21 02:47:02.893976: Epoch time: 69.41 s
2025-11-21 02:47:04.502053: 
2025-11-21 02:47:04.502290: Epoch 392
2025-11-21 02:47:04.502413: Current learning rate: 0.00639
2025-11-21 02:48:14.947333: train_loss -0.7428
2025-11-21 02:48:14.947942: val_loss -0.7348
2025-11-21 02:48:14.948075: Pseudo dice [np.float32(0.8921), np.float32(0.7274), np.float32(0.0)]
2025-11-21 02:48:14.948191: Epoch time: 70.45 s
2025-11-21 02:48:16.812765: 
2025-11-21 02:48:16.813127: Epoch 393
2025-11-21 02:48:16.813266: Current learning rate: 0.00638
2025-11-21 02:49:26.476585: train_loss -0.7407
2025-11-21 02:49:26.492418: val_loss -0.7533
2025-11-21 02:49:26.492580: Pseudo dice [np.float32(0.91), np.float32(0.7612), np.float32(0.0)]
2025-11-21 02:49:26.492676: Epoch time: 69.66 s
2025-11-21 02:49:28.213846: 
2025-11-21 02:49:28.214135: Epoch 394
2025-11-21 02:49:28.214261: Current learning rate: 0.00637
2025-11-21 02:50:36.493342: train_loss -0.7463
2025-11-21 02:50:36.497109: val_loss -0.7498
2025-11-21 02:50:36.497278: Pseudo dice [np.float32(0.8944), np.float32(0.753), np.float32(0.0)]
2025-11-21 02:50:36.497387: Epoch time: 68.28 s
2025-11-21 02:50:38.547743: 
2025-11-21 02:50:38.548018: Epoch 395
2025-11-21 02:50:38.548141: Current learning rate: 0.00636
2025-11-21 02:51:46.709305: train_loss -0.7407
2025-11-21 02:51:46.711236: val_loss -0.7481
2025-11-21 02:51:46.731828: Pseudo dice [np.float32(0.9032), np.float32(0.7599), np.float32(0.0)]
2025-11-21 02:51:46.732059: Epoch time: 68.16 s
2025-11-21 02:51:48.455110: 
2025-11-21 02:51:48.455355: Epoch 396
2025-11-21 02:51:48.455478: Current learning rate: 0.00635
2025-11-21 02:52:54.563216: train_loss -0.7462
2025-11-21 02:52:54.569403: val_loss -0.7496
2025-11-21 02:52:54.569568: Pseudo dice [np.float32(0.9007), np.float32(0.7492), np.float32(0.0)]
2025-11-21 02:52:54.569675: Epoch time: 66.11 s
2025-11-21 02:52:56.174736: 
2025-11-21 02:52:56.175042: Epoch 397
2025-11-21 02:52:56.175178: Current learning rate: 0.00634
2025-11-21 02:54:10.870759: train_loss -0.7493
2025-11-21 02:54:10.872539: val_loss -0.7527
2025-11-21 02:54:10.872657: Pseudo dice [np.float32(0.9017), np.float32(0.7405), np.float32(0.0)]
2025-11-21 02:54:10.872751: Epoch time: 74.7 s
2025-11-21 02:54:12.666824: 
2025-11-21 02:54:12.667032: Epoch 398
2025-11-21 02:54:12.667148: Current learning rate: 0.00633
2025-11-21 02:55:18.829568: train_loss -0.7301
2025-11-21 02:55:18.830816: val_loss -0.7428
2025-11-21 02:55:18.830997: Pseudo dice [np.float32(0.8813), np.float32(0.7441), np.float32(0.0)]
2025-11-21 02:55:18.831105: Epoch time: 66.16 s
2025-11-21 02:55:20.297873: 
2025-11-21 02:55:20.298070: Epoch 399
2025-11-21 02:55:20.298207: Current learning rate: 0.00632
2025-11-21 02:56:31.692103: train_loss -0.707
2025-11-21 02:56:31.693843: val_loss -0.7159
2025-11-21 02:56:31.693971: Pseudo dice [np.float32(0.879), np.float32(0.7512), np.float32(0.0)]
2025-11-21 02:56:31.694076: Epoch time: 71.4 s
2025-11-21 02:56:33.547267: 
2025-11-21 02:56:33.547548: Epoch 400
2025-11-21 02:56:33.547673: Current learning rate: 0.00631
2025-11-21 02:57:43.436098: train_loss -0.7503
2025-11-21 02:57:43.438825: val_loss -0.763
2025-11-21 02:57:43.438966: Pseudo dice [np.float32(0.8946), np.float32(0.7257), np.float32(0.0)]
2025-11-21 02:57:43.439074: Epoch time: 69.89 s
2025-11-21 02:57:45.006871: 
2025-11-21 02:57:45.007068: Epoch 401
2025-11-21 02:57:45.007192: Current learning rate: 0.0063
2025-11-21 02:58:55.398128: train_loss -0.7433
2025-11-21 02:58:55.398671: val_loss -0.7388
2025-11-21 02:58:55.398816: Pseudo dice [np.float32(0.9002), np.float32(0.7484), np.float32(0.0)]
2025-11-21 02:58:55.398975: Epoch time: 70.39 s
2025-11-21 02:58:56.479828: 
2025-11-21 02:58:56.480038: Epoch 402
2025-11-21 02:58:56.480159: Current learning rate: 0.0063
2025-11-21 03:00:08.118331: train_loss -0.736
2025-11-21 03:00:08.119101: val_loss -0.7763
2025-11-21 03:00:08.119234: Pseudo dice [np.float32(0.9), np.float32(0.7462), np.float32(0.0)]
2025-11-21 03:00:08.119340: Epoch time: 71.64 s
2025-11-21 03:00:10.268402: 
2025-11-21 03:00:10.268605: Epoch 403
2025-11-21 03:00:10.268721: Current learning rate: 0.00629
2025-11-21 03:01:19.749894: train_loss -0.7406
2025-11-21 03:01:19.752183: val_loss -0.7491
2025-11-21 03:01:19.752345: Pseudo dice [np.float32(0.8883), np.float32(0.7403), np.float32(0.0)]
2025-11-21 03:01:19.754158: Epoch time: 69.48 s
2025-11-21 03:01:21.197529: 
2025-11-21 03:01:21.197979: Epoch 404
2025-11-21 03:01:21.198120: Current learning rate: 0.00628
2025-11-21 03:02:29.616925: train_loss -0.7284
2025-11-21 03:02:29.621685: val_loss -0.7477
2025-11-21 03:02:29.621835: Pseudo dice [np.float32(0.8845), np.float32(0.7443), np.float32(0.0)]
2025-11-21 03:02:29.621933: Epoch time: 68.42 s
2025-11-21 03:02:31.271836: 
2025-11-21 03:02:31.272071: Epoch 405
2025-11-21 03:02:31.272208: Current learning rate: 0.00627
2025-11-21 03:03:41.991798: train_loss -0.7328
2025-11-21 03:03:41.993151: val_loss -0.7407
2025-11-21 03:03:41.993306: Pseudo dice [np.float32(0.8891), np.float32(0.7359), np.float32(0.0)]
2025-11-21 03:03:41.993414: Epoch time: 70.72 s
2025-11-21 03:03:43.228978: 
2025-11-21 03:03:43.229300: Epoch 406
2025-11-21 03:03:43.229422: Current learning rate: 0.00626
2025-11-21 03:04:53.973817: train_loss -0.7357
2025-11-21 03:04:53.977868: val_loss -0.7509
2025-11-21 03:04:53.978044: Pseudo dice [np.float32(0.9007), np.float32(0.7363), np.float32(0.0)]
2025-11-21 03:04:53.991231: Epoch time: 70.75 s
2025-11-21 03:04:55.186140: 
2025-11-21 03:04:55.186428: Epoch 407
2025-11-21 03:04:55.186551: Current learning rate: 0.00625
2025-11-21 03:06:06.080416: train_loss -0.7311
2025-11-21 03:06:06.082389: val_loss -0.6983
2025-11-21 03:06:06.082526: Pseudo dice [np.float32(0.8929), np.float32(0.7294), np.float32(0.0)]
2025-11-21 03:06:06.084373: Epoch time: 70.9 s
2025-11-21 03:06:07.292862: 
2025-11-21 03:06:07.293103: Epoch 408
2025-11-21 03:06:07.293227: Current learning rate: 0.00624
2025-11-21 03:07:15.382642: train_loss -0.7454
2025-11-21 03:07:15.387679: val_loss -0.7654
2025-11-21 03:07:15.387837: Pseudo dice [np.float32(0.8968), np.float32(0.7507), np.float32(0.0)]
2025-11-21 03:07:15.389668: Epoch time: 68.09 s
2025-11-21 03:07:16.599106: 
2025-11-21 03:07:16.599317: Epoch 409
2025-11-21 03:07:16.599439: Current learning rate: 0.00623
2025-11-21 03:08:28.309457: train_loss -0.7321
2025-11-21 03:08:28.314296: val_loss -0.7585
2025-11-21 03:08:28.314458: Pseudo dice [np.float32(0.9054), np.float32(0.736), np.float32(0.0)]
2025-11-21 03:08:28.316336: Epoch time: 71.71 s
2025-11-21 03:08:30.203482: 
2025-11-21 03:08:30.203772: Epoch 410
2025-11-21 03:08:30.204056: Current learning rate: 0.00622
2025-11-21 03:09:39.392150: train_loss -0.723
2025-11-21 03:09:39.392864: val_loss -0.7504
2025-11-21 03:09:39.392980: Pseudo dice [np.float32(0.8907), np.float32(0.7449), np.float32(0.0)]
2025-11-21 03:09:39.393089: Epoch time: 69.19 s
2025-11-21 03:09:40.541347: 
2025-11-21 03:09:40.541638: Epoch 411
2025-11-21 03:09:40.541759: Current learning rate: 0.00621
2025-11-21 03:10:53.937813: train_loss -0.7269
2025-11-21 03:10:53.940612: val_loss -0.7565
2025-11-21 03:10:53.940746: Pseudo dice [np.float32(0.8997), np.float32(0.7481), np.float32(0.0)]
2025-11-21 03:10:53.940844: Epoch time: 73.4 s
2025-11-21 03:10:55.922536: 
2025-11-21 03:10:55.922732: Epoch 412
2025-11-21 03:10:55.922845: Current learning rate: 0.0062
2025-11-21 03:12:06.777056: train_loss -0.7237
2025-11-21 03:12:06.779437: val_loss -0.7498
2025-11-21 03:12:06.779621: Pseudo dice [np.float32(0.8908), np.float32(0.7381), np.float32(0.0)]
2025-11-21 03:12:06.779730: Epoch time: 70.86 s
2025-11-21 03:12:07.956536: 
2025-11-21 03:12:07.956748: Epoch 413
2025-11-21 03:12:07.956905: Current learning rate: 0.00619
2025-11-21 03:13:16.204524: train_loss -0.728
2025-11-21 03:13:16.205009: val_loss -0.7088
2025-11-21 03:13:16.205117: Pseudo dice [np.float32(0.8757), np.float32(0.7244), np.float32(0.0)]
2025-11-21 03:13:16.205230: Epoch time: 68.25 s
2025-11-21 03:13:17.328371: 
2025-11-21 03:13:17.328578: Epoch 414
2025-11-21 03:13:17.328702: Current learning rate: 0.00618
2025-11-21 03:14:28.430839: train_loss -0.7441
2025-11-21 03:14:28.434748: val_loss -0.7647
2025-11-21 03:14:28.434883: Pseudo dice [np.float32(0.8937), np.float32(0.7453), np.float32(0.0)]
2025-11-21 03:14:28.434980: Epoch time: 71.1 s
2025-11-21 03:14:30.063558: 
2025-11-21 03:14:30.063779: Epoch 415
2025-11-21 03:14:30.063889: Current learning rate: 0.00617
2025-11-21 03:15:40.679351: train_loss -0.7348
2025-11-21 03:15:40.690415: val_loss -0.7332
2025-11-21 03:15:40.690586: Pseudo dice [np.float32(0.8987), np.float32(0.7504), np.float32(0.0)]
2025-11-21 03:15:40.690684: Epoch time: 70.62 s
2025-11-21 03:15:42.191835: 
2025-11-21 03:15:42.192034: Epoch 416
2025-11-21 03:15:42.192152: Current learning rate: 0.00616
2025-11-21 03:16:51.571583: train_loss -0.7134
2025-11-21 03:16:51.573656: val_loss -0.7398
2025-11-21 03:16:51.573905: Pseudo dice [np.float32(0.8933), np.float32(0.7278), np.float32(0.0)]
2025-11-21 03:16:51.574035: Epoch time: 69.38 s
2025-11-21 03:16:53.008496: 
2025-11-21 03:16:53.008697: Epoch 417
2025-11-21 03:16:53.008806: Current learning rate: 0.00615
2025-11-21 03:18:05.908644: train_loss -0.7317
2025-11-21 03:18:05.909203: val_loss -0.7477
2025-11-21 03:18:05.909313: Pseudo dice [np.float32(0.9018), np.float32(0.7543), np.float32(0.0)]
2025-11-21 03:18:06.071752: Epoch time: 72.9 s
2025-11-21 03:18:07.190735: 
2025-11-21 03:18:07.191060: Epoch 418
2025-11-21 03:18:07.191211: Current learning rate: 0.00614
2025-11-21 03:19:13.107275: train_loss -0.7153
2025-11-21 03:19:13.107809: val_loss -0.7293
2025-11-21 03:19:13.107942: Pseudo dice [np.float32(0.8911), np.float32(0.7441), np.float32(0.0)]
2025-11-21 03:19:13.108067: Epoch time: 65.92 s
2025-11-21 03:19:14.237161: 
2025-11-21 03:19:14.237415: Epoch 419
2025-11-21 03:19:14.237567: Current learning rate: 0.00613
2025-11-21 03:20:23.348305: train_loss -0.7338
2025-11-21 03:20:23.350577: val_loss -0.7702
2025-11-21 03:20:23.351991: Pseudo dice [np.float32(0.8953), np.float32(0.7467), np.float32(0.0)]
2025-11-21 03:20:23.352674: Epoch time: 69.11 s
2025-11-21 03:20:24.830907: 
2025-11-21 03:20:24.831258: Epoch 420
2025-11-21 03:20:24.831414: Current learning rate: 0.00612
2025-11-21 03:21:35.187789: train_loss -0.7484
2025-11-21 03:21:35.193628: val_loss -0.7354
2025-11-21 03:21:35.193901: Pseudo dice [np.float32(0.8989), np.float32(0.7479), np.float32(0.0)]
2025-11-21 03:21:35.194040: Epoch time: 70.36 s
2025-11-21 03:21:36.441558: 
2025-11-21 03:21:36.441900: Epoch 421
2025-11-21 03:21:36.442058: Current learning rate: 0.00612
2025-11-21 03:22:47.759696: train_loss -0.7478
2025-11-21 03:22:47.784266: val_loss -0.7348
2025-11-21 03:22:47.784514: Pseudo dice [np.float32(0.8978), np.float32(0.7387), np.float32(0.0)]
2025-11-21 03:22:47.784636: Epoch time: 71.32 s
2025-11-21 03:22:49.221772: 
2025-11-21 03:22:49.222069: Epoch 422
2025-11-21 03:22:49.222261: Current learning rate: 0.00611
2025-11-21 03:23:59.846587: train_loss -0.7491
2025-11-21 03:23:59.849101: val_loss -0.7719
2025-11-21 03:23:59.850132: Pseudo dice [np.float32(0.8984), np.float32(0.7503), np.float32(0.0)]
2025-11-21 03:23:59.851213: Epoch time: 70.63 s
2025-11-21 03:24:01.037358: 
2025-11-21 03:24:01.037603: Epoch 423
2025-11-21 03:24:01.037747: Current learning rate: 0.0061
2025-11-21 03:25:11.785476: train_loss -0.7328
2025-11-21 03:25:11.787353: val_loss -0.7138
2025-11-21 03:25:11.787748: Pseudo dice [np.float32(0.895), np.float32(0.7221), np.float32(0.0)]
2025-11-21 03:25:11.788581: Epoch time: 70.75 s
2025-11-21 03:25:13.484905: 
2025-11-21 03:25:13.485146: Epoch 424
2025-11-21 03:25:13.485469: Current learning rate: 0.00609
2025-11-21 03:26:19.967116: train_loss -0.7334
2025-11-21 03:26:19.970410: val_loss -0.7185
2025-11-21 03:26:19.972518: Pseudo dice [np.float32(0.8943), np.float32(0.7396), np.float32(0.0)]
2025-11-21 03:26:19.974586: Epoch time: 66.48 s
2025-11-21 03:26:21.651419: 
2025-11-21 03:26:21.651641: Epoch 425
2025-11-21 03:26:21.651779: Current learning rate: 0.00608
2025-11-21 03:27:29.506786: train_loss -0.7402
2025-11-21 03:27:29.510268: val_loss -0.7698
2025-11-21 03:27:29.511270: Pseudo dice [np.float32(0.8936), np.float32(0.7407), np.float32(0.0)]
2025-11-21 03:27:29.512313: Epoch time: 67.86 s
2025-11-21 03:27:30.788836: 
2025-11-21 03:27:30.789160: Epoch 426
2025-11-21 03:27:30.789325: Current learning rate: 0.00607
2025-11-21 03:28:42.814770: train_loss -0.7295
2025-11-21 03:28:42.818630: val_loss -0.7378
2025-11-21 03:28:42.820769: Pseudo dice [np.float32(0.8961), np.float32(0.7554), np.float32(0.0)]
2025-11-21 03:28:42.821001: Epoch time: 72.03 s
2025-11-21 03:28:44.419929: 
2025-11-21 03:28:44.420201: Epoch 427
2025-11-21 03:28:44.420380: Current learning rate: 0.00606
2025-11-21 03:29:53.943614: train_loss -0.7334
2025-11-21 03:29:53.945912: val_loss -0.718
2025-11-21 03:29:53.947349: Pseudo dice [np.float32(0.8902), np.float32(0.7434), np.float32(0.0)]
2025-11-21 03:29:53.948015: Epoch time: 69.52 s
2025-11-21 03:29:55.562634: 
2025-11-21 03:29:55.562993: Epoch 428
2025-11-21 03:29:55.563163: Current learning rate: 0.00605
2025-11-21 03:31:06.896851: train_loss -0.7446
2025-11-21 03:31:06.899287: val_loss -0.757
2025-11-21 03:31:06.900508: Pseudo dice [np.float32(0.8913), np.float32(0.7483), np.float32(0.0)]
2025-11-21 03:31:06.901358: Epoch time: 71.34 s
2025-11-21 03:31:08.095546: 
2025-11-21 03:31:08.095799: Epoch 429
2025-11-21 03:31:08.095959: Current learning rate: 0.00604
2025-11-21 03:32:17.741620: train_loss -0.7373
2025-11-21 03:32:17.743500: val_loss -0.7628
2025-11-21 03:32:17.743850: Pseudo dice [np.float32(0.8983), np.float32(0.7447), np.float32(0.0)]
2025-11-21 03:32:17.745387: Epoch time: 69.65 s
2025-11-21 03:32:19.050536: 
2025-11-21 03:32:19.050832: Epoch 430
2025-11-21 03:32:19.050994: Current learning rate: 0.00603
2025-11-21 03:33:31.651618: train_loss -0.7537
2025-11-21 03:33:31.655279: val_loss -0.7451
2025-11-21 03:33:31.657374: Pseudo dice [np.float32(0.8972), np.float32(0.75), np.float32(0.0)]
2025-11-21 03:33:31.659485: Epoch time: 72.6 s
2025-11-21 03:33:33.276130: 
2025-11-21 03:33:33.276368: Epoch 431
2025-11-21 03:33:33.276514: Current learning rate: 0.00602
2025-11-21 03:34:44.544911: train_loss -0.7328
2025-11-21 03:34:44.547214: val_loss -0.749
2025-11-21 03:34:44.548639: Pseudo dice [np.float32(0.8905), np.float32(0.7261), np.float32(0.0)]
2025-11-21 03:34:44.549306: Epoch time: 71.27 s
2025-11-21 03:34:45.749027: 
2025-11-21 03:34:45.749280: Epoch 432
2025-11-21 03:34:45.749434: Current learning rate: 0.00601
2025-11-21 03:35:55.666482: train_loss -0.739
2025-11-21 03:35:55.670877: val_loss -0.769
2025-11-21 03:35:55.672938: Pseudo dice [np.float32(0.8857), np.float32(0.755), np.float32(0.0)]
2025-11-21 03:35:55.673212: Epoch time: 69.92 s
2025-11-21 03:35:56.947894: 
2025-11-21 03:35:56.948194: Epoch 433
2025-11-21 03:35:56.948348: Current learning rate: 0.006
2025-11-21 03:37:07.442054: train_loss -0.7562
2025-11-21 03:37:07.444309: val_loss -0.7884
2025-11-21 03:37:07.445914: Pseudo dice [np.float32(0.8943), np.float32(0.7465), np.float32(nan)]
2025-11-21 03:37:07.446405: Epoch time: 70.5 s
2025-11-21 03:37:08.870517: 
2025-11-21 03:37:08.870755: Epoch 434
2025-11-21 03:37:08.870897: Current learning rate: 0.00599
2025-11-21 03:38:22.381562: train_loss -0.7438
2025-11-21 03:38:22.394473: val_loss -0.7476
2025-11-21 03:38:22.394681: Pseudo dice [np.float32(0.8871), np.float32(0.7448), np.float32(0.0)]
2025-11-21 03:38:22.394826: Epoch time: 73.51 s
2025-11-21 03:38:23.575816: 
2025-11-21 03:38:23.576100: Epoch 435
2025-11-21 03:38:23.576251: Current learning rate: 0.00598
2025-11-21 03:39:30.415790: train_loss -0.7384
2025-11-21 03:39:30.416310: val_loss -0.7621
2025-11-21 03:39:30.416450: Pseudo dice [np.float32(0.9032), np.float32(0.7576), np.float32(0.0)]
2025-11-21 03:39:30.416575: Epoch time: 66.84 s
2025-11-21 03:39:31.539506: 
2025-11-21 03:39:31.539790: Epoch 436
2025-11-21 03:39:31.539941: Current learning rate: 0.00597
2025-11-21 03:40:39.548334: train_loss -0.7518
2025-11-21 03:40:39.550213: val_loss -0.7442
2025-11-21 03:40:39.550617: Pseudo dice [np.float32(0.8923), np.float32(0.7461), np.float32(0.0)]
2025-11-21 03:40:39.552049: Epoch time: 68.01 s
2025-11-21 03:40:40.746416: 
2025-11-21 03:40:40.746619: Epoch 437
2025-11-21 03:40:40.746818: Current learning rate: 0.00596
2025-11-21 03:41:51.657388: train_loss -0.7492
2025-11-21 03:41:51.662052: val_loss -0.7605
2025-11-21 03:41:51.664159: Pseudo dice [np.float32(0.9002), np.float32(0.7477), np.float32(0.0)]
2025-11-21 03:41:51.666296: Epoch time: 70.91 s
2025-11-21 03:41:53.061800: 
2025-11-21 03:41:53.063484: Epoch 438
2025-11-21 03:41:53.065099: Current learning rate: 0.00595
2025-11-21 03:43:07.939500: train_loss -0.7333
2025-11-21 03:43:07.943392: val_loss -0.7779
2025-11-21 03:43:07.945534: Pseudo dice [np.float32(0.8954), np.float32(0.7485), np.float32(0.0)]
2025-11-21 03:43:07.947625: Epoch time: 74.88 s
2025-11-21 03:43:10.027398: 
2025-11-21 03:43:10.027625: Epoch 439
2025-11-21 03:43:10.027766: Current learning rate: 0.00594
2025-11-21 03:44:18.701303: train_loss -0.7279
2025-11-21 03:44:18.705058: val_loss -0.7602
2025-11-21 03:44:18.707124: Pseudo dice [np.float32(0.8985), np.float32(0.7459), np.float32(0.0)]
2025-11-21 03:44:18.709206: Epoch time: 68.67 s
2025-11-21 03:44:20.106383: 
2025-11-21 03:44:20.106608: Epoch 440
2025-11-21 03:44:20.106752: Current learning rate: 0.00593
2025-11-21 03:45:33.728101: train_loss -0.7515
2025-11-21 03:45:33.730366: val_loss -0.7203
2025-11-21 03:45:33.731858: Pseudo dice [np.float32(0.8945), np.float32(0.7593), np.float32(0.0)]
2025-11-21 03:45:33.732457: Epoch time: 73.62 s
2025-11-21 03:45:35.483479: 
2025-11-21 03:45:35.483747: Epoch 441
2025-11-21 03:45:35.483916: Current learning rate: 0.00592
2025-11-21 03:46:53.041008: train_loss -0.7327
2025-11-21 03:46:53.044712: val_loss -0.7383
2025-11-21 03:46:53.046773: Pseudo dice [np.float32(0.9009), np.float32(0.7506), np.float32(0.0)]
2025-11-21 03:46:53.048819: Epoch time: 77.56 s
2025-11-21 03:46:54.450607: 
2025-11-21 03:46:54.450905: Epoch 442
2025-11-21 03:46:54.451050: Current learning rate: 0.00592
2025-11-21 03:48:05.903467: train_loss -0.7474
2025-11-21 03:48:05.905352: val_loss -0.7422
2025-11-21 03:48:05.906735: Pseudo dice [np.float32(0.9006), np.float32(0.7279), np.float32(0.0)]
2025-11-21 03:48:05.907407: Epoch time: 71.45 s
2025-11-21 03:48:07.084301: 
2025-11-21 03:48:07.084570: Epoch 443
2025-11-21 03:48:07.084719: Current learning rate: 0.00591
2025-11-21 03:49:14.617013: train_loss -0.7455
2025-11-21 03:49:14.620790: val_loss -0.7633
2025-11-21 03:49:14.622864: Pseudo dice [np.float32(0.9027), np.float32(0.7422), np.float32(0.0)]
2025-11-21 03:49:14.624935: Epoch time: 67.53 s
2025-11-21 03:49:16.624744: 
2025-11-21 03:49:16.625006: Epoch 444
2025-11-21 03:49:16.625155: Current learning rate: 0.0059
2025-11-21 03:50:26.162155: train_loss -0.7414
2025-11-21 03:50:26.164428: val_loss -0.7184
2025-11-21 03:50:26.166016: Pseudo dice [np.float32(0.9022), np.float32(0.7364), np.float32(0.0)]
2025-11-21 03:50:26.166529: Epoch time: 69.54 s
2025-11-21 03:50:27.303209: 
2025-11-21 03:50:27.303469: Epoch 445
2025-11-21 03:50:27.303614: Current learning rate: 0.00589
2025-11-21 03:51:37.644320: train_loss -0.7361
2025-11-21 03:51:37.646735: val_loss -0.7084
2025-11-21 03:51:37.647513: Pseudo dice [np.float32(0.8913), np.float32(0.7264), np.float32(0.0)]
2025-11-21 03:51:37.648802: Epoch time: 70.34 s
2025-11-21 03:51:38.991549: 
2025-11-21 03:51:38.992556: Epoch 446
2025-11-21 03:51:38.993876: Current learning rate: 0.00588
2025-11-21 03:52:51.361666: train_loss -0.7455
2025-11-21 03:52:51.365484: val_loss -0.721
2025-11-21 03:52:51.367546: Pseudo dice [np.float32(0.9096), np.float32(0.7394), np.float32(0.0)]
2025-11-21 03:52:51.369612: Epoch time: 72.37 s
2025-11-21 03:52:53.852347: 
2025-11-21 03:52:53.852589: Epoch 447
2025-11-21 03:52:53.852735: Current learning rate: 0.00587
2025-11-21 03:53:59.419601: train_loss -0.7458
2025-11-21 03:53:59.422944: val_loss -0.7627
2025-11-21 03:53:59.425008: Pseudo dice [np.float32(0.8924), np.float32(0.7615), np.float32(0.0)]
2025-11-21 03:53:59.427075: Epoch time: 65.57 s
2025-11-21 03:54:00.677482: 
2025-11-21 03:54:00.677718: Epoch 448
2025-11-21 03:54:00.677854: Current learning rate: 0.00586
2025-11-21 03:55:09.842906: train_loss -0.7499
2025-11-21 03:55:09.846544: val_loss -0.7334
2025-11-21 03:55:09.848636: Pseudo dice [np.float32(0.9003), np.float32(0.7422), np.float32(0.0)]
2025-11-21 03:55:09.850767: Epoch time: 69.17 s
2025-11-21 03:55:11.125498: 
2025-11-21 03:55:11.125708: Epoch 449
2025-11-21 03:55:11.125847: Current learning rate: 0.00585
2025-11-21 03:56:20.722043: train_loss -0.7442
2025-11-21 03:56:20.722576: val_loss -0.7381
2025-11-21 03:56:20.722765: Pseudo dice [np.float32(0.899), np.float32(0.7331), np.float32(0.0)]
2025-11-21 03:56:20.722908: Epoch time: 69.6 s
2025-11-21 03:56:22.327894: 
2025-11-21 03:56:22.328181: Epoch 450
2025-11-21 03:56:22.328330: Current learning rate: 0.00584
2025-11-21 03:57:29.001828: train_loss -0.7343
2025-11-21 03:57:29.002403: val_loss -0.7589
2025-11-21 03:57:29.002547: Pseudo dice [np.float32(0.8912), np.float32(0.7388), np.float32(0.0)]
2025-11-21 03:57:29.002681: Epoch time: 66.67 s
2025-11-21 03:57:30.183120: 
2025-11-21 03:57:30.183379: Epoch 451
2025-11-21 03:57:30.183591: Current learning rate: 0.00583
2025-11-21 03:58:39.445955: train_loss -0.7488
2025-11-21 03:58:39.449414: val_loss -0.7332
2025-11-21 03:58:39.450363: Pseudo dice [np.float32(0.8777), np.float32(0.727), np.float32(0.0)]
2025-11-21 03:58:39.451494: Epoch time: 69.26 s
2025-11-21 03:58:41.257730: 
2025-11-21 03:58:41.258043: Epoch 452
2025-11-21 03:58:41.258202: Current learning rate: 0.00582
2025-11-21 03:59:49.660846: train_loss -0.7394
2025-11-21 03:59:49.666644: val_loss -0.7217
2025-11-21 03:59:49.668777: Pseudo dice [np.float32(0.8945), np.float32(0.7514), np.float32(0.0)]
2025-11-21 03:59:49.670887: Epoch time: 68.4 s
2025-11-21 03:59:50.917809: 
2025-11-21 03:59:50.918033: Epoch 453
2025-11-21 03:59:50.918191: Current learning rate: 0.00581
2025-11-21 04:01:00.273793: train_loss -0.7332
2025-11-21 04:01:00.276038: val_loss -0.7395
2025-11-21 04:01:00.276856: Pseudo dice [np.float32(0.9018), np.float32(0.7421), np.float32(0.0)]
2025-11-21 04:01:00.278120: Epoch time: 69.36 s
2025-11-21 04:01:02.247760: 
2025-11-21 04:01:02.248003: Epoch 454
2025-11-21 04:01:02.248147: Current learning rate: 0.0058
2025-11-21 04:02:09.269615: train_loss -0.7469
2025-11-21 04:02:09.271864: val_loss -0.7186
2025-11-21 04:02:09.273288: Pseudo dice [np.float32(0.8906), np.float32(0.7389), np.float32(0.0)]
2025-11-21 04:02:09.273951: Epoch time: 67.02 s
2025-11-21 04:02:10.388219: 
2025-11-21 04:02:10.388453: Epoch 455
2025-11-21 04:02:10.388585: Current learning rate: 0.00579
2025-11-21 04:03:17.140929: train_loss -0.7309
2025-11-21 04:03:17.143616: val_loss -0.7672
2025-11-21 04:03:17.144568: Pseudo dice [np.float32(0.8925), np.float32(0.7332), np.float32(0.0)]
2025-11-21 04:03:17.145706: Epoch time: 66.75 s
2025-11-21 04:03:18.277753: 
2025-11-21 04:03:18.277970: Epoch 456
2025-11-21 04:03:18.278113: Current learning rate: 0.00578
2025-11-21 04:04:30.606031: train_loss -0.7431
2025-11-21 04:04:30.609888: val_loss -0.727
2025-11-21 04:04:30.611995: Pseudo dice [np.float32(0.9013), np.float32(0.7436), np.float32(0.0)]
2025-11-21 04:04:30.614106: Epoch time: 72.33 s
2025-11-21 04:04:32.399629: 
2025-11-21 04:04:32.399832: Epoch 457
2025-11-21 04:04:32.399976: Current learning rate: 0.00577
2025-11-21 04:05:41.518414: train_loss -0.7385
2025-11-21 04:05:41.520696: val_loss -0.7432
2025-11-21 04:05:41.522117: Pseudo dice [np.float32(0.8932), np.float32(0.7559), np.float32(0.0)]
2025-11-21 04:05:41.522779: Epoch time: 69.12 s
2025-11-21 04:05:42.693678: 
2025-11-21 04:05:42.694025: Epoch 458
2025-11-21 04:05:42.694181: Current learning rate: 0.00576
2025-11-21 04:06:51.565270: train_loss -0.7425
2025-11-21 04:06:51.565930: val_loss -0.7809
2025-11-21 04:06:51.566103: Pseudo dice [np.float32(0.9029), np.float32(0.7468), np.float32(0.0)]
2025-11-21 04:06:51.566345: Epoch time: 68.87 s
2025-11-21 04:06:52.678162: 
2025-11-21 04:06:52.678429: Epoch 459
2025-11-21 04:06:52.678575: Current learning rate: 0.00575
2025-11-21 04:08:06.255168: train_loss -0.7221
2025-11-21 04:08:06.255791: val_loss -0.7681
2025-11-21 04:08:06.255929: Pseudo dice [np.float32(0.8825), np.float32(0.7386), np.float32(0.0)]
2025-11-21 04:08:06.256063: Epoch time: 73.58 s
2025-11-21 04:08:07.374159: 
2025-11-21 04:08:07.374403: Epoch 460
2025-11-21 04:08:07.374536: Current learning rate: 0.00574
2025-11-21 04:09:18.011139: train_loss -0.7391
2025-11-21 04:09:18.013427: val_loss -0.7621
2025-11-21 04:09:18.014163: Pseudo dice [np.float32(0.8933), np.float32(0.7492), np.float32(0.0)]
2025-11-21 04:09:18.015513: Epoch time: 70.64 s
2025-11-21 04:09:19.123211: 
2025-11-21 04:09:19.123516: Epoch 461
2025-11-21 04:09:19.123659: Current learning rate: 0.00573
2025-11-21 04:10:27.596127: train_loss -0.7414
2025-11-21 04:10:27.596920: val_loss -0.7281
2025-11-21 04:10:27.597061: Pseudo dice [np.float32(0.8949), np.float32(0.7437), np.float32(0.0)]
2025-11-21 04:10:27.597200: Epoch time: 68.47 s
2025-11-21 04:10:28.688114: 
2025-11-21 04:10:28.688470: Epoch 462
2025-11-21 04:10:28.688661: Current learning rate: 0.00572
2025-11-21 04:11:41.578683: train_loss -0.7351
2025-11-21 04:11:41.582387: val_loss -0.7746
2025-11-21 04:11:41.583260: Pseudo dice [np.float32(0.8985), np.float32(0.7492), np.float32(0.0)]
2025-11-21 04:11:41.584490: Epoch time: 72.89 s
2025-11-21 04:11:43.272026: 
2025-11-21 04:11:43.272286: Epoch 463
2025-11-21 04:11:43.272476: Current learning rate: 0.00571
2025-11-21 04:12:55.080069: train_loss -0.742
2025-11-21 04:12:55.086133: val_loss -0.7573
2025-11-21 04:12:55.088199: Pseudo dice [np.float32(0.8992), np.float32(0.7566), np.float32(0.0)]
2025-11-21 04:12:55.090259: Epoch time: 71.81 s
2025-11-21 04:12:56.305336: 
2025-11-21 04:12:56.305550: Epoch 464
2025-11-21 04:12:56.305687: Current learning rate: 0.0057
2025-11-21 04:14:08.980859: train_loss -0.7317
2025-11-21 04:14:08.983999: val_loss -0.7675
2025-11-21 04:14:08.984561: Pseudo dice [np.float32(0.896), np.float32(0.7575), np.float32(0.0)]
2025-11-21 04:14:08.986103: Epoch time: 72.68 s
2025-11-21 04:14:10.360673: 
2025-11-21 04:14:10.361605: Epoch 465
2025-11-21 04:14:10.362405: Current learning rate: 0.0057
2025-11-21 04:15:18.711484: train_loss -0.7515
2025-11-21 04:15:18.712076: val_loss -0.7703
2025-11-21 04:15:18.712206: Pseudo dice [np.float32(0.8878), np.float32(0.7519), np.float32(0.0)]
2025-11-21 04:15:18.712325: Epoch time: 68.35 s
2025-11-21 04:15:19.816080: 
2025-11-21 04:15:19.816299: Epoch 466
2025-11-21 04:15:19.816435: Current learning rate: 0.00569
2025-11-21 04:16:31.132308: train_loss -0.7284
2025-11-21 04:16:31.138275: val_loss -0.7436
2025-11-21 04:16:31.138582: Pseudo dice [np.float32(0.9052), np.float32(0.7419), np.float32(0.0)]
2025-11-21 04:16:31.138723: Epoch time: 71.32 s
2025-11-21 04:16:33.012752: 
2025-11-21 04:16:33.013043: Epoch 467
2025-11-21 04:16:33.013245: Current learning rate: 0.00568
2025-11-21 04:17:42.364426: train_loss -0.7331
2025-11-21 04:17:42.365115: val_loss -0.7434
2025-11-21 04:17:42.365276: Pseudo dice [np.float32(0.8855), np.float32(0.7209), np.float32(0.0)]
2025-11-21 04:17:42.365416: Epoch time: 69.35 s
2025-11-21 04:17:43.505030: 
2025-11-21 04:17:43.505324: Epoch 468
2025-11-21 04:17:43.505469: Current learning rate: 0.00567
2025-11-21 04:18:51.905687: train_loss -0.7369
2025-11-21 04:18:51.911584: val_loss -0.7524
2025-11-21 04:18:51.913654: Pseudo dice [np.float32(0.9114), np.float32(0.7505), np.float32(0.0)]
2025-11-21 04:18:51.915730: Epoch time: 68.4 s
2025-11-21 04:18:53.370503: 
2025-11-21 04:18:53.370756: Epoch 469
2025-11-21 04:18:53.370941: Current learning rate: 0.00566
2025-11-21 04:20:03.200619: train_loss -0.7441
2025-11-21 04:20:03.201206: val_loss -0.7724
2025-11-21 04:20:03.201337: Pseudo dice [np.float32(0.8906), np.float32(0.7557), np.float32(0.0)]
2025-11-21 04:20:03.201460: Epoch time: 69.83 s
2025-11-21 04:20:04.424224: 
2025-11-21 04:20:04.424437: Epoch 470
2025-11-21 04:20:04.424622: Current learning rate: 0.00565
2025-11-21 04:21:13.984771: train_loss -0.7388
2025-11-21 04:21:13.985411: val_loss -0.7428
2025-11-21 04:21:13.985558: Pseudo dice [np.float32(0.8988), np.float32(0.743), np.float32(0.0)]
2025-11-21 04:21:13.985694: Epoch time: 69.56 s
2025-11-21 04:21:15.120745: 
2025-11-21 04:21:15.121039: Epoch 471
2025-11-21 04:21:15.121188: Current learning rate: 0.00564
2025-11-21 04:22:26.000223: train_loss -0.743
2025-11-21 04:22:26.004336: val_loss -0.7485
2025-11-21 04:22:26.006447: Pseudo dice [np.float32(0.896), np.float32(0.7478), np.float32(0.0)]
2025-11-21 04:22:26.008590: Epoch time: 70.88 s
2025-11-21 04:22:27.424550: 
2025-11-21 04:22:27.424830: Epoch 472
2025-11-21 04:22:27.425007: Current learning rate: 0.00563
2025-11-21 04:23:38.073033: train_loss -0.7387
2025-11-21 04:23:38.073601: val_loss -0.759
2025-11-21 04:23:38.073744: Pseudo dice [np.float32(0.8925), np.float32(0.7415), np.float32(0.0)]
2025-11-21 04:23:38.073881: Epoch time: 70.65 s
2025-11-21 04:23:39.193293: 
2025-11-21 04:23:39.193544: Epoch 473
2025-11-21 04:23:39.193695: Current learning rate: 0.00562
2025-11-21 04:24:48.745334: train_loss -0.7609
2025-11-21 04:24:48.749068: val_loss -0.7382
2025-11-21 04:24:48.749837: Pseudo dice [np.float32(0.8969), np.float32(0.7559), np.float32(0.0)]
2025-11-21 04:24:48.751185: Epoch time: 69.55 s
2025-11-21 04:24:50.862550: 
2025-11-21 04:24:50.863235: Epoch 474
2025-11-21 04:24:50.863486: Current learning rate: 0.00561
2025-11-21 04:25:59.719879: train_loss -0.7368
2025-11-21 04:25:59.720485: val_loss -0.7589
2025-11-21 04:25:59.720613: Pseudo dice [np.float32(0.899), np.float32(0.7477), np.float32(0.0)]
2025-11-21 04:25:59.720733: Epoch time: 68.86 s
2025-11-21 04:26:00.867402: 
2025-11-21 04:26:00.867729: Epoch 475
2025-11-21 04:26:00.867890: Current learning rate: 0.0056
2025-11-21 04:27:13.157703: train_loss -0.7562
2025-11-21 04:27:13.161729: val_loss -0.7687
2025-11-21 04:27:13.161957: Pseudo dice [np.float32(0.9007), np.float32(0.7505), np.float32(0.0)]
2025-11-21 04:27:13.162159: Epoch time: 72.29 s
2025-11-21 04:27:14.502812: 
2025-11-21 04:27:14.503053: Epoch 476
2025-11-21 04:27:14.503202: Current learning rate: 0.00559
2025-11-21 04:28:24.642514: train_loss -0.7269
2025-11-21 04:28:24.646165: val_loss -0.7441
2025-11-21 04:28:24.647054: Pseudo dice [np.float32(0.9007), np.float32(0.7439), np.float32(0.0)]
2025-11-21 04:28:24.648228: Epoch time: 70.14 s
2025-11-21 04:28:25.803110: 
2025-11-21 04:28:25.803358: Epoch 477
2025-11-21 04:28:25.803509: Current learning rate: 0.00558
2025-11-21 04:29:38.173813: train_loss -0.7492
2025-11-21 04:29:38.177534: val_loss -0.7452
2025-11-21 04:29:38.178280: Pseudo dice [np.float32(0.8918), np.float32(0.757), np.float32(0.0)]
2025-11-21 04:29:38.179646: Epoch time: 72.37 s
2025-11-21 04:29:39.939047: 
2025-11-21 04:29:39.939284: Epoch 478
2025-11-21 04:29:39.939436: Current learning rate: 0.00557
2025-11-21 04:30:51.301285: train_loss -0.7542
2025-11-21 04:30:51.307164: val_loss -0.7644
2025-11-21 04:30:51.309211: Pseudo dice [np.float32(0.8946), np.float32(0.7466), np.float32(0.0)]
2025-11-21 04:30:51.311262: Epoch time: 71.36 s
2025-11-21 04:30:52.988697: 
2025-11-21 04:30:52.988930: Epoch 479
2025-11-21 04:30:52.989078: Current learning rate: 0.00556
2025-11-21 04:32:07.688707: train_loss -0.7501
2025-11-21 04:32:07.692360: val_loss -0.7508
2025-11-21 04:32:07.694439: Pseudo dice [np.float32(0.8993), np.float32(0.7503), np.float32(0.0)]
2025-11-21 04:32:07.696533: Epoch time: 74.7 s
2025-11-21 04:32:09.741964: 
2025-11-21 04:32:09.742224: Epoch 480
2025-11-21 04:32:09.742381: Current learning rate: 0.00555
2025-11-21 04:33:20.504822: train_loss -0.7524
2025-11-21 04:33:20.507476: val_loss -0.7565
2025-11-21 04:33:20.508435: Pseudo dice [np.float32(0.9002), np.float32(0.7461), np.float32(0.0)]
2025-11-21 04:33:20.509570: Epoch time: 70.76 s
2025-11-21 04:33:21.922420: 
2025-11-21 04:33:21.922636: Epoch 481
2025-11-21 04:33:21.922769: Current learning rate: 0.00554
2025-11-21 04:34:32.986965: train_loss -0.7396
2025-11-21 04:34:32.988720: val_loss -0.7338
2025-11-21 04:34:32.989934: Pseudo dice [np.float32(0.8963), np.float32(0.7517), np.float32(0.0)]
2025-11-21 04:34:32.990843: Epoch time: 71.07 s
2025-11-21 04:34:35.204437: 
2025-11-21 04:34:35.204680: Epoch 482
2025-11-21 04:34:35.204817: Current learning rate: 0.00553
2025-11-21 04:35:43.280559: train_loss -0.7462
2025-11-21 04:35:43.283094: val_loss -0.7534
2025-11-21 04:35:43.284465: Pseudo dice [np.float32(0.8974), np.float32(0.751), np.float32(0.0)]
2025-11-21 04:35:43.285168: Epoch time: 68.08 s
2025-11-21 04:35:44.859995: 
2025-11-21 04:35:44.860201: Epoch 483
2025-11-21 04:35:44.860340: Current learning rate: 0.00552
2025-11-21 04:36:53.029637: train_loss -0.7369
2025-11-21 04:36:53.030222: val_loss -0.7676
2025-11-21 04:36:53.030362: Pseudo dice [np.float32(0.9018), np.float32(0.7558), np.float32(0.0)]
2025-11-21 04:36:53.030487: Epoch time: 68.17 s
2025-11-21 04:36:54.192144: 
2025-11-21 04:36:54.192444: Epoch 484
2025-11-21 04:36:54.192585: Current learning rate: 0.00551
2025-11-21 04:38:05.535250: train_loss -0.7411
2025-11-21 04:38:05.538517: val_loss -0.7551
2025-11-21 04:38:05.538939: Pseudo dice [np.float32(0.8985), np.float32(0.7459), np.float32(0.0)]
2025-11-21 04:38:05.540596: Epoch time: 71.34 s
2025-11-21 04:38:06.690219: 
2025-11-21 04:38:06.690517: Epoch 485
2025-11-21 04:38:06.690666: Current learning rate: 0.0055
2025-11-21 04:39:18.049706: train_loss -0.7397
2025-11-21 04:39:18.053391: val_loss -0.7645
2025-11-21 04:39:18.055490: Pseudo dice [np.float32(0.9051), np.float32(0.7589), np.float32(0.0)]
2025-11-21 04:39:18.057567: Epoch time: 71.36 s
2025-11-21 04:39:19.631874: 
2025-11-21 04:39:19.632108: Epoch 486
2025-11-21 04:39:19.632267: Current learning rate: 0.00549
2025-11-21 04:40:29.267787: train_loss -0.746
2025-11-21 04:40:29.270059: val_loss -0.7662
2025-11-21 04:40:29.271863: Pseudo dice [np.float32(0.8804), np.float32(0.7484), np.float32(0.0)]
2025-11-21 04:40:29.273928: Epoch time: 69.64 s
2025-11-21 04:40:31.051877: 
2025-11-21 04:40:31.052210: Epoch 487
2025-11-21 04:40:31.052366: Current learning rate: 0.00548
2025-11-21 04:41:41.073206: train_loss -0.7456
2025-11-21 04:41:41.074771: val_loss -0.7408
2025-11-21 04:41:41.075973: Pseudo dice [np.float32(0.898), np.float32(0.7471), np.float32(0.0)]
2025-11-21 04:41:41.076205: Epoch time: 70.02 s
2025-11-21 04:41:42.338897: 
2025-11-21 04:41:42.339134: Epoch 488
2025-11-21 04:41:42.339362: Current learning rate: 0.00547
2025-11-21 04:42:52.134673: train_loss -0.7351
2025-11-21 04:42:52.135367: val_loss -0.7513
2025-11-21 04:42:52.135528: Pseudo dice [np.float32(0.892), np.float32(0.7519), np.float32(0.0)]
2025-11-21 04:42:52.135676: Epoch time: 69.8 s
2025-11-21 04:42:53.306693: 
2025-11-21 04:42:53.306981: Epoch 489
2025-11-21 04:42:53.307140: Current learning rate: 0.00546
2025-11-21 04:44:03.802814: train_loss -0.74
2025-11-21 04:44:03.810267: val_loss -0.7274
2025-11-21 04:44:03.812345: Pseudo dice [np.float32(0.8837), np.float32(0.7448), np.float32(0.0)]
2025-11-21 04:44:03.814401: Epoch time: 70.5 s
2025-11-21 04:44:05.383657: 
2025-11-21 04:44:05.383981: Epoch 490
2025-11-21 04:44:05.384211: Current learning rate: 0.00546
2025-11-21 04:45:16.796281: train_loss -0.7242
2025-11-21 04:45:16.798594: val_loss -0.758
2025-11-21 04:45:16.799972: Pseudo dice [np.float32(0.8887), np.float32(0.741), np.float32(0.0)]
2025-11-21 04:45:16.800692: Epoch time: 71.41 s
2025-11-21 04:45:18.628579: 
2025-11-21 04:45:18.628834: Epoch 491
2025-11-21 04:45:18.628977: Current learning rate: 0.00545
2025-11-21 04:46:26.880222: train_loss -0.748
2025-11-21 04:46:26.885930: val_loss -0.7787
2025-11-21 04:46:26.888004: Pseudo dice [np.float32(0.8991), np.float32(0.7465), np.float32(0.0)]
2025-11-21 04:46:26.890085: Epoch time: 68.25 s
2025-11-21 04:46:29.066186: 
2025-11-21 04:46:29.066431: Epoch 492
2025-11-21 04:46:29.066620: Current learning rate: 0.00544
2025-11-21 04:47:39.134388: train_loss -0.7425
2025-11-21 04:47:39.138159: val_loss -0.7482
2025-11-21 04:47:39.140233: Pseudo dice [np.float32(0.8962), np.float32(0.7405), np.float32(0.0)]
2025-11-21 04:47:39.140431: Epoch time: 70.07 s
2025-11-21 04:47:40.772559: 
2025-11-21 04:47:40.772911: Epoch 493
2025-11-21 04:47:40.773072: Current learning rate: 0.00543
2025-11-21 04:48:49.346417: train_loss -0.7394
2025-11-21 04:48:49.350751: val_loss -0.7593
2025-11-21 04:48:49.350941: Pseudo dice [np.float32(0.8907), np.float32(0.7552), np.float32(0.0)]
2025-11-21 04:48:49.351069: Epoch time: 68.57 s
2025-11-21 04:48:50.706440: 
2025-11-21 04:48:50.706721: Epoch 494
2025-11-21 04:48:50.706882: Current learning rate: 0.00542
2025-11-21 04:50:00.319301: train_loss -0.7444
2025-11-21 04:50:00.321566: val_loss -0.7694
2025-11-21 04:50:00.322106: Pseudo dice [np.float32(0.8994), np.float32(0.7416), np.float32(nan)]
2025-11-21 04:50:00.323662: Epoch time: 69.61 s
2025-11-21 04:50:01.670298: 
2025-11-21 04:50:01.670558: Epoch 495
2025-11-21 04:50:01.725017: Current learning rate: 0.00541
2025-11-21 04:51:08.466254: train_loss -0.7522
2025-11-21 04:51:08.469916: val_loss -0.742
2025-11-21 04:51:08.471433: Pseudo dice [np.float32(0.8922), np.float32(0.727), np.float32(0.0)]
2025-11-21 04:51:08.471973: Epoch time: 66.8 s
2025-11-21 04:51:09.762115: 
2025-11-21 04:51:09.762394: Epoch 496
2025-11-21 04:51:09.762552: Current learning rate: 0.0054
2025-11-21 04:52:21.744277: train_loss -0.7404
2025-11-21 04:52:21.744897: val_loss -0.767
2025-11-21 04:52:21.745067: Pseudo dice [np.float32(0.895), np.float32(0.7418), np.float32(0.0)]
2025-11-21 04:52:21.745332: Epoch time: 71.98 s
2025-11-21 04:52:22.935162: 
2025-11-21 04:52:22.935631: Epoch 497
2025-11-21 04:52:22.935821: Current learning rate: 0.00539
2025-11-21 04:53:35.894329: train_loss -0.7165
2025-11-21 04:53:35.896309: val_loss -0.7336
2025-11-21 04:53:35.896544: Pseudo dice [np.float32(0.9115), np.float32(0.7427), np.float32(0.0)]
2025-11-21 04:53:35.897883: Epoch time: 72.96 s
2025-11-21 04:53:37.495324: 
2025-11-21 04:53:37.495583: Epoch 498
2025-11-21 04:53:37.495718: Current learning rate: 0.00538
2025-11-21 04:54:45.899915: train_loss -0.7307
2025-11-21 04:54:45.900619: val_loss -0.7716
2025-11-21 04:54:45.900750: Pseudo dice [np.float32(0.9025), np.float32(0.7579), np.float32(0.0)]
2025-11-21 04:54:45.900878: Epoch time: 68.41 s
2025-11-21 04:54:47.084711: 
2025-11-21 04:54:47.084970: Epoch 499
2025-11-21 04:54:47.085134: Current learning rate: 0.00537
2025-11-21 04:55:59.635287: train_loss -0.7558
2025-11-21 04:55:59.639109: val_loss -0.7748
2025-11-21 04:55:59.641208: Pseudo dice [np.float32(0.8955), np.float32(0.7586), np.float32(0.0)]
2025-11-21 04:55:59.643308: Epoch time: 72.55 s
2025-11-21 04:56:01.843261: 
2025-11-21 04:56:01.843525: Epoch 500
2025-11-21 04:56:01.843672: Current learning rate: 0.00536
2025-11-21 04:57:13.245368: train_loss -0.7365
2025-11-21 04:57:13.245904: val_loss -0.7714
2025-11-21 04:57:13.246047: Pseudo dice [np.float32(0.9), np.float32(0.757), np.float32(0.0)]
2025-11-21 04:57:13.246188: Epoch time: 71.4 s
2025-11-21 04:57:14.351816: 
2025-11-21 04:57:14.352128: Epoch 501
2025-11-21 04:57:14.352290: Current learning rate: 0.00535
2025-11-21 04:58:23.695410: train_loss -0.7486
2025-11-21 04:58:23.698119: val_loss -0.7786
2025-11-21 04:58:23.699055: Pseudo dice [np.float32(0.8917), np.float32(0.7556), np.float32(0.0)]
2025-11-21 04:58:23.700212: Epoch time: 69.34 s
2025-11-21 04:58:25.192223: 
2025-11-21 04:58:25.192514: Epoch 502
2025-11-21 04:58:25.192677: Current learning rate: 0.00534
2025-11-21 04:59:39.239275: train_loss -0.7354
2025-11-21 04:59:39.250265: val_loss -0.7758
2025-11-21 04:59:39.250526: Pseudo dice [np.float32(0.8946), np.float32(0.7495), np.float32(0.0)]
2025-11-21 04:59:39.250666: Epoch time: 74.05 s
2025-11-21 04:59:40.759593: 
2025-11-21 04:59:40.759816: Epoch 503
2025-11-21 04:59:40.759961: Current learning rate: 0.00533
2025-11-21 05:00:53.363193: train_loss -0.7424
2025-11-21 05:00:53.368853: val_loss -0.7461
2025-11-21 05:00:53.370929: Pseudo dice [np.float32(0.9039), np.float32(0.7451), np.float32(0.0)]
2025-11-21 05:00:53.373002: Epoch time: 72.6 s
2025-11-21 05:00:54.885118: 
2025-11-21 05:00:54.885379: Epoch 504
2025-11-21 05:00:54.885530: Current learning rate: 0.00532
2025-11-21 05:02:05.168729: train_loss -0.7326
2025-11-21 05:02:05.171451: val_loss -0.7399
2025-11-21 05:02:05.172295: Pseudo dice [np.float32(0.891), np.float32(0.7502), np.float32(0.0)]
2025-11-21 05:02:05.173528: Epoch time: 70.28 s
2025-11-21 05:02:06.726953: 
2025-11-21 05:02:06.727180: Epoch 505
2025-11-21 05:02:06.727329: Current learning rate: 0.00531
2025-11-21 05:03:22.069535: train_loss -0.7484
2025-11-21 05:03:22.087275: val_loss -0.7768
2025-11-21 05:03:22.091270: Pseudo dice [np.float32(0.8971), np.float32(0.7473), np.float32(0.0)]
2025-11-21 05:03:22.095264: Epoch time: 75.34 s
2025-11-21 05:03:24.804866: 
2025-11-21 05:03:24.805110: Epoch 506
2025-11-21 05:03:24.805254: Current learning rate: 0.0053
2025-11-21 05:04:36.897463: train_loss -0.7424
2025-11-21 05:04:36.905267: val_loss -0.7325
2025-11-21 05:04:36.907325: Pseudo dice [np.float32(0.8988), np.float32(0.7452), np.float32(0.0)]
2025-11-21 05:04:36.907605: Epoch time: 72.09 s
2025-11-21 05:04:38.782410: 
2025-11-21 05:04:38.782676: Epoch 507
2025-11-21 05:04:38.782830: Current learning rate: 0.00529
2025-11-21 05:05:48.160632: train_loss -0.7415
2025-11-21 05:05:48.161280: val_loss -0.7418
2025-11-21 05:05:48.161422: Pseudo dice [np.float32(0.8948), np.float32(0.7508), np.float32(0.0)]
2025-11-21 05:05:48.161554: Epoch time: 69.38 s
2025-11-21 05:05:49.282440: 
2025-11-21 05:05:49.282685: Epoch 508
2025-11-21 05:05:49.282866: Current learning rate: 0.00528
2025-11-21 05:07:02.487568: train_loss -0.7531
2025-11-21 05:07:02.512537: val_loss -0.7431
2025-11-21 05:07:02.513306: Pseudo dice [np.float32(0.9), np.float32(0.7492), np.float32(0.0)]
2025-11-21 05:07:02.514838: Epoch time: 73.21 s
2025-11-21 05:07:04.059405: 
2025-11-21 05:07:04.059668: Epoch 509
2025-11-21 05:07:04.059813: Current learning rate: 0.00527
2025-11-21 05:08:16.126679: train_loss -0.7358
2025-11-21 05:08:16.127299: val_loss -0.727
2025-11-21 05:08:16.127437: Pseudo dice [np.float32(0.9006), np.float32(0.7452), np.float32(0.0)]
2025-11-21 05:08:16.127566: Epoch time: 72.07 s
2025-11-21 05:08:17.168911: 
2025-11-21 05:08:17.169183: Epoch 510
2025-11-21 05:08:17.169344: Current learning rate: 0.00526
2025-11-21 05:09:29.538384: train_loss -0.7354
2025-11-21 05:09:29.541673: val_loss -0.7779
2025-11-21 05:09:29.542990: Pseudo dice [np.float32(0.9012), np.float32(0.753), np.float32(0.0)]
2025-11-21 05:09:29.543720: Epoch time: 72.37 s
2025-11-21 05:09:31.249599: 
2025-11-21 05:09:31.249862: Epoch 511
2025-11-21 05:09:31.250037: Current learning rate: 0.00525
2025-11-21 05:10:46.841668: train_loss -0.7426
2025-11-21 05:10:46.842352: val_loss -0.7482
2025-11-21 05:10:46.842529: Pseudo dice [np.float32(0.9033), np.float32(0.7607), np.float32(0.0)]
2025-11-21 05:10:46.842675: Epoch time: 75.59 s
2025-11-21 05:10:48.050890: 
2025-11-21 05:10:48.051158: Epoch 512
2025-11-21 05:10:48.051307: Current learning rate: 0.00524
2025-11-21 05:11:56.893917: train_loss -0.7441
2025-11-21 05:11:56.896202: val_loss -0.7318
2025-11-21 05:11:56.897594: Pseudo dice [np.float32(0.899), np.float32(0.7354), np.float32(0.0)]
2025-11-21 05:11:56.898308: Epoch time: 68.84 s
2025-11-21 05:11:58.233266: 
2025-11-21 05:11:58.233557: Epoch 513
2025-11-21 05:11:58.233718: Current learning rate: 0.00523
2025-11-21 05:13:10.207379: train_loss -0.7488
2025-11-21 05:13:10.208055: val_loss -0.7386
2025-11-21 05:13:10.208204: Pseudo dice [np.float32(0.9071), np.float32(0.7478), np.float32(0.0)]
2025-11-21 05:13:10.208332: Epoch time: 71.98 s
2025-11-21 05:13:11.403085: 
2025-11-21 05:13:11.403303: Epoch 514
2025-11-21 05:13:11.403443: Current learning rate: 0.00522
2025-11-21 05:14:18.137370: train_loss -0.732
2025-11-21 05:14:18.138947: val_loss -0.7474
2025-11-21 05:14:18.140419: Pseudo dice [np.float32(0.892), np.float32(0.7388), np.float32(0.0)]
2025-11-21 05:14:18.141021: Epoch time: 66.74 s
2025-11-21 05:14:19.540756: 
2025-11-21 05:14:19.540994: Epoch 515
2025-11-21 05:14:19.541144: Current learning rate: 0.00521
2025-11-21 05:15:25.807734: train_loss -0.739
2025-11-21 05:15:25.808300: val_loss -0.7513
2025-11-21 05:15:25.808433: Pseudo dice [np.float32(0.8958), np.float32(0.7573), np.float32(0.0)]
2025-11-21 05:15:25.808557: Epoch time: 66.27 s
2025-11-21 05:15:26.919656: 
2025-11-21 05:15:26.919971: Epoch 516
2025-11-21 05:15:26.920130: Current learning rate: 0.0052
2025-11-21 05:16:34.022354: train_loss -0.7421
2025-11-21 05:16:34.025516: val_loss -0.772
2025-11-21 05:16:34.026055: Pseudo dice [np.float32(0.9046), np.float32(0.7497), np.float32(0.0)]
2025-11-21 05:16:34.027599: Epoch time: 67.1 s
2025-11-21 05:16:35.556468: 
2025-11-21 05:16:35.556793: Epoch 517
2025-11-21 05:16:35.556950: Current learning rate: 0.00519
2025-11-21 05:17:45.385900: train_loss -0.7406
2025-11-21 05:17:45.390388: val_loss -0.7478
2025-11-21 05:17:45.391029: Pseudo dice [np.float32(0.8957), np.float32(0.7368), np.float32(0.0)]
2025-11-21 05:17:45.392447: Epoch time: 69.83 s
2025-11-21 05:17:46.575306: 
2025-11-21 05:17:46.575525: Epoch 518
2025-11-21 05:17:46.575661: Current learning rate: 0.00518
2025-11-21 05:18:59.050537: train_loss -0.7441
2025-11-21 05:18:59.051294: val_loss -0.7716
2025-11-21 05:18:59.051436: Pseudo dice [np.float32(0.8978), np.float32(0.7652), np.float32(0.0)]
2025-11-21 05:18:59.051595: Epoch time: 72.48 s
2025-11-21 05:19:00.597066: 
2025-11-21 05:19:00.597415: Epoch 519
2025-11-21 05:19:00.597569: Current learning rate: 0.00518
2025-11-21 05:20:08.120743: train_loss -0.7502
2025-11-21 05:20:08.122532: val_loss -0.7452
2025-11-21 05:20:08.123810: Pseudo dice [np.float32(0.8952), np.float32(0.7154), np.float32(0.0)]
2025-11-21 05:20:08.124560: Epoch time: 67.52 s
2025-11-21 05:20:09.622736: 
2025-11-21 05:20:09.622985: Epoch 520
2025-11-21 05:20:09.623198: Current learning rate: 0.00517
2025-11-21 05:21:21.224195: train_loss -0.7387
2025-11-21 05:21:21.227688: val_loss -0.7016
2025-11-21 05:21:21.228605: Pseudo dice [np.float32(0.8887), np.float32(0.7356), np.float32(0.0)]
2025-11-21 05:21:21.229796: Epoch time: 71.6 s
2025-11-21 05:21:23.222779: 
2025-11-21 05:21:23.223037: Epoch 521
2025-11-21 05:21:23.223186: Current learning rate: 0.00516
2025-11-21 05:22:35.460734: train_loss -0.7236
2025-11-21 05:22:35.465062: val_loss -0.7774
2025-11-21 05:22:35.467142: Pseudo dice [np.float32(0.8867), np.float32(0.7568), np.float32(0.0)]
2025-11-21 05:22:35.467372: Epoch time: 72.24 s
2025-11-21 05:22:36.668816: 
2025-11-21 05:22:36.669114: Epoch 522
2025-11-21 05:22:36.669265: Current learning rate: 0.00515
2025-11-21 05:23:49.687835: train_loss -0.7475
2025-11-21 05:23:49.691639: val_loss -0.7419
2025-11-21 05:23:49.693729: Pseudo dice [np.float32(0.8917), np.float32(0.7529), np.float32(0.0)]
2025-11-21 05:23:49.695829: Epoch time: 73.02 s
2025-11-21 05:23:51.405899: 
2025-11-21 05:23:51.406136: Epoch 523
2025-11-21 05:23:51.406284: Current learning rate: 0.00514
2025-11-21 05:25:00.577689: train_loss -0.7414
2025-11-21 05:25:00.582893: val_loss -0.7469
2025-11-21 05:25:00.583064: Pseudo dice [np.float32(0.9004), np.float32(0.7628), np.float32(0.0)]
2025-11-21 05:25:00.583193: Epoch time: 69.17 s
2025-11-21 05:25:01.757064: 
2025-11-21 05:25:01.757342: Epoch 524
2025-11-21 05:25:01.757490: Current learning rate: 0.00513
2025-11-21 05:26:13.427009: train_loss -0.7358
2025-11-21 05:26:13.429289: val_loss -0.7764
2025-11-21 05:26:13.430857: Pseudo dice [np.float32(0.9063), np.float32(0.762), np.float32(0.0)]
2025-11-21 05:26:13.431373: Epoch time: 71.67 s
2025-11-21 05:26:15.041821: 
2025-11-21 05:26:15.042083: Epoch 525
2025-11-21 05:26:15.042262: Current learning rate: 0.00512
2025-11-21 05:27:25.993115: train_loss -0.7627
2025-11-21 05:27:25.994847: val_loss -0.7253
2025-11-21 05:27:25.995434: Pseudo dice [np.float32(0.8884), np.float32(0.7576), np.float32(0.0)]
2025-11-21 05:27:25.996912: Epoch time: 70.95 s
2025-11-21 05:27:27.316599: 
2025-11-21 05:27:27.316828: Epoch 526
2025-11-21 05:27:27.316976: Current learning rate: 0.00511
2025-11-21 05:28:37.127511: train_loss -0.7183
2025-11-21 05:28:37.130314: val_loss -0.7567
2025-11-21 05:28:37.131062: Pseudo dice [np.float32(0.8882), np.float32(0.7436), np.float32(0.0)]
2025-11-21 05:28:37.132419: Epoch time: 69.81 s
2025-11-21 05:28:38.409309: 
2025-11-21 05:28:38.409579: Epoch 527
2025-11-21 05:28:38.409747: Current learning rate: 0.0051
2025-11-21 05:29:44.743387: train_loss -0.7456
2025-11-21 05:29:44.744006: val_loss -0.7764
2025-11-21 05:29:44.744134: Pseudo dice [np.float32(0.8885), np.float32(0.7467), np.float32(0.0)]
2025-11-21 05:29:44.744265: Epoch time: 66.34 s
2025-11-21 05:29:45.861487: 
2025-11-21 05:29:45.861781: Epoch 528
2025-11-21 05:29:45.861924: Current learning rate: 0.00509
2025-11-21 05:30:56.744210: train_loss -0.7352
2025-11-21 05:30:56.748653: val_loss -0.7771
2025-11-21 05:30:56.750741: Pseudo dice [np.float32(0.884), np.float32(0.7545), np.float32(0.0)]
2025-11-21 05:30:56.752883: Epoch time: 70.88 s
2025-11-21 05:30:58.274305: 
2025-11-21 05:30:58.274623: Epoch 529
2025-11-21 05:30:58.274781: Current learning rate: 0.00508
2025-11-21 05:32:10.162856: train_loss -0.7287
2025-11-21 05:32:10.165195: val_loss -0.7504
2025-11-21 05:32:10.166289: Pseudo dice [np.float32(0.9056), np.float32(0.7563), np.float32(0.0)]
2025-11-21 05:32:10.167257: Epoch time: 71.89 s
2025-11-21 05:32:11.440827: 
2025-11-21 05:32:11.441092: Epoch 530
2025-11-21 05:32:11.441236: Current learning rate: 0.00507
2025-11-21 05:33:20.444781: train_loss -0.7425
2025-11-21 05:33:20.448497: val_loss -0.7546
2025-11-21 05:33:20.450552: Pseudo dice [np.float32(0.8792), np.float32(0.7503), np.float32(0.0)]
2025-11-21 05:33:20.450709: Epoch time: 69.0 s
2025-11-21 05:33:21.666214: 
2025-11-21 05:33:21.666450: Epoch 531
2025-11-21 05:33:21.666607: Current learning rate: 0.00506
2025-11-21 05:34:36.875229: train_loss -0.7396
2025-11-21 05:34:36.877467: val_loss -0.7496
2025-11-21 05:34:36.878896: Pseudo dice [np.float32(0.8987), np.float32(0.7538), np.float32(0.0)]
2025-11-21 05:34:36.879537: Epoch time: 75.21 s
2025-11-21 05:34:39.003931: 
2025-11-21 05:34:39.004189: Epoch 532
2025-11-21 05:34:39.004346: Current learning rate: 0.00505
2025-11-21 05:35:50.168077: train_loss -0.7416
2025-11-21 05:35:50.181456: val_loss -0.7251
2025-11-21 05:35:50.181657: Pseudo dice [np.float32(0.8968), np.float32(0.7417), np.float32(0.0)]
2025-11-21 05:35:50.181775: Epoch time: 71.17 s
2025-11-21 05:35:51.328439: 
2025-11-21 05:35:51.328740: Epoch 533
2025-11-21 05:35:51.328883: Current learning rate: 0.00504
2025-11-21 05:37:01.429229: train_loss -0.7469
2025-11-21 05:37:01.432893: val_loss -0.7255
2025-11-21 05:37:01.433532: Pseudo dice [np.float32(0.8977), np.float32(0.7318), np.float32(0.0)]
2025-11-21 05:37:01.435020: Epoch time: 70.1 s
2025-11-21 05:37:03.061487: 
2025-11-21 05:37:03.061754: Epoch 534
2025-11-21 05:37:03.061902: Current learning rate: 0.00503
2025-11-21 05:38:14.043054: train_loss -0.7448
2025-11-21 05:38:14.046699: val_loss -0.7563
2025-11-21 05:38:14.048823: Pseudo dice [np.float32(0.896), np.float32(0.751), np.float32(0.0)]
2025-11-21 05:38:14.050934: Epoch time: 70.98 s
2025-11-21 05:38:15.258062: 
2025-11-21 05:38:15.258344: Epoch 535
2025-11-21 05:38:15.258502: Current learning rate: 0.00502
2025-11-21 05:39:24.949305: train_loss -0.7541
2025-11-21 05:39:24.951569: val_loss -0.7621
2025-11-21 05:39:24.953274: Pseudo dice [np.float32(0.891), np.float32(0.7507), np.float32(0.0)]
2025-11-21 05:39:24.953671: Epoch time: 69.69 s
2025-11-21 05:39:26.597174: 
2025-11-21 05:39:26.597490: Epoch 536
2025-11-21 05:39:26.597641: Current learning rate: 0.00501
2025-11-21 05:40:34.276162: train_loss -0.7508
2025-11-21 05:40:34.276648: val_loss -0.7548
2025-11-21 05:40:34.276775: Pseudo dice [np.float32(0.8924), np.float32(0.7555), np.float32(0.0)]
2025-11-21 05:40:34.276900: Epoch time: 67.68 s
2025-11-21 05:40:35.387653: 
2025-11-21 05:40:35.387895: Epoch 537
2025-11-21 05:40:35.388073: Current learning rate: 0.005
2025-11-21 05:41:43.630612: train_loss -0.7494
2025-11-21 05:41:43.631115: val_loss -0.7482
2025-11-21 05:41:43.631264: Pseudo dice [np.float32(0.9089), np.float32(0.7566), np.float32(0.0)]
2025-11-21 05:41:43.631396: Epoch time: 68.24 s
2025-11-21 05:41:44.751206: 
2025-11-21 05:41:44.751433: Epoch 538
2025-11-21 05:41:44.751575: Current learning rate: 0.00499
2025-11-21 05:42:54.148116: train_loss -0.7343
2025-11-21 05:42:54.150398: val_loss -0.7451
2025-11-21 05:42:54.151873: Pseudo dice [np.float32(0.8952), np.float32(0.7474), np.float32(0.0)]
2025-11-21 05:42:54.152493: Epoch time: 69.4 s
2025-11-21 05:42:56.657277: 
2025-11-21 05:42:56.657515: Epoch 539
2025-11-21 05:42:56.657657: Current learning rate: 0.00498
2025-11-21 05:44:02.348576: train_loss -0.7454
2025-11-21 05:44:02.360266: val_loss -0.7762
2025-11-21 05:44:02.360529: Pseudo dice [np.float32(0.8999), np.float32(0.75), np.float32(0.0)]
2025-11-21 05:44:02.364276: Epoch time: 65.69 s
2025-11-21 05:44:04.345527: 
2025-11-21 05:44:04.345850: Epoch 540
2025-11-21 05:44:04.346015: Current learning rate: 0.00497
2025-11-21 05:45:16.740981: train_loss -0.7257
2025-11-21 05:45:16.741492: val_loss -0.7662
2025-11-21 05:45:16.741637: Pseudo dice [np.float32(0.8915), np.float32(0.7324), np.float32(0.0)]
2025-11-21 05:45:16.741847: Epoch time: 72.4 s
2025-11-21 05:45:17.883882: 
2025-11-21 05:45:17.884143: Epoch 541
2025-11-21 05:45:17.884298: Current learning rate: 0.00496
2025-11-21 05:46:28.648857: train_loss -0.7381
2025-11-21 05:46:28.654509: val_loss -0.7467
2025-11-21 05:46:28.656561: Pseudo dice [np.float32(0.9091), np.float32(0.7584), np.float32(0.0)]
2025-11-21 05:46:28.656894: Epoch time: 70.77 s
2025-11-21 05:46:29.911995: 
2025-11-21 05:46:29.912447: Epoch 542
2025-11-21 05:46:29.912802: Current learning rate: 0.00495
2025-11-21 05:47:38.725255: train_loss -0.7538
2025-11-21 05:47:38.729069: val_loss -0.7417
2025-11-21 05:47:38.731212: Pseudo dice [np.float32(0.8983), np.float32(0.7201), np.float32(0.0)]
2025-11-21 05:47:38.733338: Epoch time: 68.81 s
2025-11-21 05:47:39.956835: 
2025-11-21 05:47:39.957105: Epoch 543
2025-11-21 05:47:39.957253: Current learning rate: 0.00494
2025-11-21 05:48:52.307574: train_loss -0.7549
2025-11-21 05:48:52.322477: val_loss -0.7423
2025-11-21 05:48:52.326261: Pseudo dice [np.float32(0.9032), np.float32(0.7526), np.float32(0.0)]
2025-11-21 05:48:52.330282: Epoch time: 72.35 s
2025-11-21 05:48:54.791505: 
2025-11-21 05:48:54.791737: Epoch 544
2025-11-21 05:48:54.791964: Current learning rate: 0.00493
2025-11-21 05:50:05.601512: train_loss -0.7348
2025-11-21 05:50:05.604703: val_loss -0.7437
2025-11-21 05:50:05.605076: Pseudo dice [np.float32(0.9051), np.float32(0.7384), np.float32(0.0)]
2025-11-21 05:50:05.606815: Epoch time: 70.81 s
2025-11-21 05:50:07.894708: 
2025-11-21 05:50:07.894979: Epoch 545
2025-11-21 05:50:07.895138: Current learning rate: 0.00492
2025-11-21 05:51:15.193280: train_loss -0.7469
2025-11-21 05:51:15.196751: val_loss -0.756
2025-11-21 05:51:15.198821: Pseudo dice [np.float32(0.9112), np.float32(0.7541), np.float32(0.0)]
2025-11-21 05:51:15.199014: Epoch time: 67.3 s
2025-11-21 05:51:16.600152: 
2025-11-21 05:51:16.600466: Epoch 546
2025-11-21 05:51:16.600606: Current learning rate: 0.00491
2025-11-21 05:52:28.714240: train_loss -0.7659
2025-11-21 05:52:28.714836: val_loss -0.753
2025-11-21 05:52:28.714986: Pseudo dice [np.float32(0.9105), np.float32(0.7288), np.float32(0.0)]
2025-11-21 05:52:28.715128: Epoch time: 72.12 s
2025-11-21 05:52:29.824848: 
2025-11-21 05:52:29.825214: Epoch 547
2025-11-21 05:52:29.825380: Current learning rate: 0.0049
2025-11-21 05:53:41.927897: train_loss -0.749
2025-11-21 05:53:41.932865: val_loss -0.7758
2025-11-21 05:53:41.934925: Pseudo dice [np.float32(0.8988), np.float32(0.7414), np.float32(0.0)]
2025-11-21 05:53:41.935220: Epoch time: 72.1 s
2025-11-21 05:53:43.116747: 
2025-11-21 05:53:43.117001: Epoch 548
2025-11-21 05:53:43.117144: Current learning rate: 0.00489
2025-11-21 05:54:53.547188: train_loss -0.7321
2025-11-21 05:54:53.547773: val_loss -0.7402
2025-11-21 05:54:53.547930: Pseudo dice [np.float32(0.9067), np.float32(0.7439), np.float32(0.0)]
2025-11-21 05:54:53.558518: Epoch time: 70.43 s
2025-11-21 05:54:54.786756: 
2025-11-21 05:54:54.787034: Epoch 549
2025-11-21 05:54:54.787184: Current learning rate: 0.00488
2025-11-21 05:56:04.164863: train_loss -0.7385
2025-11-21 05:56:04.168761: val_loss -0.7484
2025-11-21 05:56:04.170847: Pseudo dice [np.float32(0.8997), np.float32(0.7546), np.float32(0.0)]
2025-11-21 05:56:04.172942: Epoch time: 69.38 s
2025-11-21 05:56:06.330605: 
2025-11-21 05:56:06.330857: Epoch 550
2025-11-21 05:56:06.331006: Current learning rate: 0.00487
2025-11-21 05:57:18.613284: train_loss -0.7555
2025-11-21 05:57:18.649838: val_loss -0.764
2025-11-21 05:57:18.650096: Pseudo dice [np.float32(0.901), np.float32(0.7482), np.float32(0.0)]
2025-11-21 05:57:18.650221: Epoch time: 72.28 s
2025-11-21 05:57:20.427573: 
2025-11-21 05:57:20.427819: Epoch 551
2025-11-21 05:57:20.427969: Current learning rate: 0.00486
2025-11-21 05:58:30.885179: train_loss -0.7573
2025-11-21 05:58:30.890948: val_loss -0.7395
2025-11-21 05:58:30.893009: Pseudo dice [np.float32(0.9014), np.float32(0.7391), np.float32(0.0)]
2025-11-21 05:58:30.893340: Epoch time: 70.46 s
2025-11-21 05:58:32.054747: 
2025-11-21 05:58:32.054968: Epoch 552
2025-11-21 05:58:32.055105: Current learning rate: 0.00485
2025-11-21 05:59:37.983628: train_loss -0.738
2025-11-21 05:59:37.993293: val_loss -0.7514
2025-11-21 05:59:37.993578: Pseudo dice [np.float32(0.9003), np.float32(0.7347), np.float32(0.0)]
2025-11-21 05:59:37.993726: Epoch time: 65.93 s
2025-11-21 05:59:39.262397: 
2025-11-21 05:59:39.262712: Epoch 553
2025-11-21 05:59:39.262868: Current learning rate: 0.00484
2025-11-21 06:00:45.831218: train_loss -0.7451
2025-11-21 06:00:45.834959: val_loss -0.7395
2025-11-21 06:00:45.837014: Pseudo dice [np.float32(0.8962), np.float32(0.7467), np.float32(0.0)]
2025-11-21 06:00:45.839081: Epoch time: 66.57 s
2025-11-21 06:00:47.175569: 
2025-11-21 06:00:47.175866: Epoch 554
2025-11-21 06:00:47.176005: Current learning rate: 0.00484
2025-11-21 06:02:01.397639: train_loss -0.7461
2025-11-21 06:02:01.398276: val_loss -0.75
2025-11-21 06:02:01.398416: Pseudo dice [np.float32(0.8944), np.float32(0.7581), np.float32(0.0)]
2025-11-21 06:02:01.398540: Epoch time: 74.22 s
2025-11-21 06:02:03.125780: 
2025-11-21 06:02:03.125968: Epoch 555
2025-11-21 06:02:03.126106: Current learning rate: 0.00483
2025-11-21 06:03:11.853284: train_loss -0.745
2025-11-21 06:03:11.857128: val_loss -0.7659
2025-11-21 06:03:11.857301: Pseudo dice [np.float32(0.8971), np.float32(0.747), np.float32(0.0)]
2025-11-21 06:03:11.857417: Epoch time: 68.73 s
2025-11-21 06:03:13.269944: 
2025-11-21 06:03:13.270119: Epoch 556
2025-11-21 06:03:13.270252: Current learning rate: 0.00482
2025-11-21 06:04:26.274594: train_loss -0.7421
2025-11-21 06:04:26.276875: val_loss -0.7812
2025-11-21 06:04:26.277555: Pseudo dice [np.float32(0.898), np.float32(0.758), np.float32(0.0)]
2025-11-21 06:04:26.278987: Epoch time: 73.01 s
2025-11-21 06:04:28.756071: 
2025-11-21 06:04:28.756346: Epoch 557
2025-11-21 06:04:28.756491: Current learning rate: 0.00481
2025-11-21 06:05:41.288693: train_loss -0.7662
2025-11-21 06:05:41.292590: val_loss -0.7534
2025-11-21 06:05:41.294682: Pseudo dice [np.float32(0.9075), np.float32(0.7431), np.float32(0.0)]
2025-11-21 06:05:41.296803: Epoch time: 72.53 s
2025-11-21 06:05:42.791025: 
2025-11-21 06:05:42.791307: Epoch 558
2025-11-21 06:05:42.791457: Current learning rate: 0.0048
2025-11-21 06:06:53.442154: train_loss -0.7564
2025-11-21 06:06:53.442690: val_loss -0.7373
2025-11-21 06:06:53.442829: Pseudo dice [np.float32(0.9047), np.float32(0.7265), np.float32(0.0)]
2025-11-21 06:06:53.442960: Epoch time: 70.65 s
2025-11-21 06:06:54.570061: 
2025-11-21 06:06:54.570373: Epoch 559
2025-11-21 06:06:54.570524: Current learning rate: 0.00479
2025-11-21 06:08:05.179891: train_loss -0.753
2025-11-21 06:08:05.181581: val_loss -0.7672
2025-11-21 06:08:05.183455: Pseudo dice [np.float32(0.8986), np.float32(0.738), np.float32(0.0)]
2025-11-21 06:08:05.185563: Epoch time: 70.61 s
2025-11-21 06:08:06.365426: 
2025-11-21 06:08:06.365726: Epoch 560
2025-11-21 06:08:06.365941: Current learning rate: 0.00478
2025-11-21 06:09:15.431333: train_loss -0.7532
2025-11-21 06:09:15.433631: val_loss -0.7996
2025-11-21 06:09:15.435372: Pseudo dice [np.float32(0.9068), np.float32(0.7528), np.float32(0.0)]
2025-11-21 06:09:15.435723: Epoch time: 69.07 s
2025-11-21 06:09:16.611022: 
2025-11-21 06:09:16.611275: Epoch 561
2025-11-21 06:09:16.611418: Current learning rate: 0.00477
2025-11-21 06:10:23.972647: train_loss -0.7479
2025-11-21 06:10:23.981289: val_loss -0.7243
2025-11-21 06:10:23.985425: Pseudo dice [np.float32(0.8927), np.float32(0.7403), np.float32(0.0)]
2025-11-21 06:10:23.986483: Epoch time: 67.36 s
2025-11-21 06:10:25.526263: 
2025-11-21 06:10:25.526586: Epoch 562
2025-11-21 06:10:25.526728: Current learning rate: 0.00476
2025-11-21 06:11:38.598851: train_loss -0.7522
2025-11-21 06:11:38.602577: val_loss -0.736
2025-11-21 06:11:38.604683: Pseudo dice [np.float32(0.8932), np.float32(0.743), np.float32(0.0)]
2025-11-21 06:11:38.604905: Epoch time: 73.07 s
2025-11-21 06:11:39.840113: 
2025-11-21 06:11:39.840479: Epoch 563
2025-11-21 06:11:39.840709: Current learning rate: 0.00475
2025-11-21 06:12:54.757464: train_loss -0.7558
2025-11-21 06:12:54.759914: val_loss -0.7292
2025-11-21 06:12:54.761183: Pseudo dice [np.float32(0.8939), np.float32(0.7422), np.float32(0.0)]
2025-11-21 06:12:54.762079: Epoch time: 74.92 s
2025-11-21 06:12:56.022606: 
2025-11-21 06:12:56.022915: Epoch 564
2025-11-21 06:12:56.023046: Current learning rate: 0.00474
2025-11-21 06:14:08.170195: train_loss -0.7515
2025-11-21 06:14:08.170835: val_loss -0.7377
2025-11-21 06:14:08.171088: Pseudo dice [np.float32(0.911), np.float32(0.7466), np.float32(0.0)]
2025-11-21 06:14:08.171305: Epoch time: 72.15 s
2025-11-21 06:14:09.303578: 
2025-11-21 06:14:09.303815: Epoch 565
2025-11-21 06:14:09.303963: Current learning rate: 0.00473
2025-11-21 06:15:19.188710: train_loss -0.7464
2025-11-21 06:15:19.191189: val_loss -0.7475
2025-11-21 06:15:19.192443: Pseudo dice [np.float32(0.9083), np.float32(0.7427), np.float32(0.0)]
2025-11-21 06:15:19.193259: Epoch time: 69.89 s
2025-11-21 06:15:20.920849: 
2025-11-21 06:15:20.921163: Epoch 566
2025-11-21 06:15:20.921314: Current learning rate: 0.00472
2025-11-21 06:16:30.336629: train_loss -0.7563
2025-11-21 06:16:30.338940: val_loss -0.7646
2025-11-21 06:16:30.340182: Pseudo dice [np.float32(0.9051), np.float32(0.741), np.float32(0.0)]
2025-11-21 06:16:30.341015: Epoch time: 69.42 s
2025-11-21 06:16:31.879593: 
2025-11-21 06:16:31.879813: Epoch 567
2025-11-21 06:16:31.879955: Current learning rate: 0.00471
2025-11-21 06:17:41.166443: train_loss -0.7491
2025-11-21 06:17:41.170935: val_loss -0.7543
2025-11-21 06:17:41.171465: Pseudo dice [np.float32(0.9023), np.float32(0.7338), np.float32(0.0)]
2025-11-21 06:17:41.173020: Epoch time: 69.29 s
2025-11-21 06:17:42.371004: 
2025-11-21 06:17:42.371248: Epoch 568
2025-11-21 06:17:42.371393: Current learning rate: 0.0047
2025-11-21 06:18:51.844629: train_loss -0.7492
2025-11-21 06:18:51.846998: val_loss -0.7028
2025-11-21 06:18:51.848438: Pseudo dice [np.float32(0.9064), np.float32(0.7405), np.float32(0.0)]
2025-11-21 06:18:51.849087: Epoch time: 69.47 s
2025-11-21 06:18:53.397536: 
2025-11-21 06:18:53.397805: Epoch 569
2025-11-21 06:18:53.397955: Current learning rate: 0.00469
2025-11-21 06:20:02.230358: train_loss -0.738
2025-11-21 06:20:02.232614: val_loss -0.7494
2025-11-21 06:20:02.234293: Pseudo dice [np.float32(0.8969), np.float32(0.7436), np.float32(0.0)]
2025-11-21 06:20:02.234710: Epoch time: 68.83 s
2025-11-21 06:20:03.821957: 
2025-11-21 06:20:03.822278: Epoch 570
2025-11-21 06:20:03.822425: Current learning rate: 0.00468
2025-11-21 06:21:15.565821: train_loss -0.7539
2025-11-21 06:21:15.569698: val_loss -0.7379
2025-11-21 06:21:15.569914: Pseudo dice [np.float32(0.9), np.float32(0.7393), np.float32(0.0)]
2025-11-21 06:21:15.570037: Epoch time: 71.74 s
2025-11-21 06:21:16.869892: 
2025-11-21 06:21:16.870136: Epoch 571
2025-11-21 06:21:16.870347: Current learning rate: 0.00467
2025-11-21 06:22:27.160635: train_loss -0.7557
2025-11-21 06:22:27.164357: val_loss -0.758
2025-11-21 06:22:27.166445: Pseudo dice [np.float32(0.8939), np.float32(0.7574), np.float32(0.0)]
2025-11-21 06:22:27.168550: Epoch time: 70.29 s
2025-11-21 06:22:29.652109: 
2025-11-21 06:22:29.652419: Epoch 572
2025-11-21 06:22:29.652603: Current learning rate: 0.00466
2025-11-21 06:23:40.070830: train_loss -0.7532
2025-11-21 06:23:40.071514: val_loss -0.7906
2025-11-21 06:23:40.071888: Pseudo dice [np.float32(0.8993), np.float32(0.7544), np.float32(0.0)]
2025-11-21 06:23:40.072016: Epoch time: 70.42 s
2025-11-21 06:23:41.263389: 
2025-11-21 06:23:41.263680: Epoch 573
2025-11-21 06:23:41.263827: Current learning rate: 0.00465
2025-11-21 06:24:48.318755: train_loss -0.7515
2025-11-21 06:24:48.322232: val_loss -0.7644
2025-11-21 06:24:48.323092: Pseudo dice [np.float32(0.8952), np.float32(0.7517), np.float32(0.0)]
2025-11-21 06:24:48.324300: Epoch time: 67.06 s
2025-11-21 06:24:49.971903: 
2025-11-21 06:24:49.972185: Epoch 574
2025-11-21 06:24:49.972339: Current learning rate: 0.00464
2025-11-21 06:26:03.642826: train_loss -0.7543
2025-11-21 06:26:03.646683: val_loss -0.7398
2025-11-21 06:26:03.648778: Pseudo dice [np.float32(0.9038), np.float32(0.724), np.float32(0.0)]
2025-11-21 06:26:03.650889: Epoch time: 73.67 s
2025-11-21 06:26:05.113801: 
2025-11-21 06:26:05.114053: Epoch 575
2025-11-21 06:26:05.114212: Current learning rate: 0.00463
2025-11-21 06:27:13.029825: train_loss -0.7576
2025-11-21 06:27:13.034639: val_loss -0.7361
2025-11-21 06:27:13.036742: Pseudo dice [np.float32(0.8984), np.float32(0.7401), np.float32(0.0)]
2025-11-21 06:27:13.038870: Epoch time: 67.92 s
2025-11-21 06:27:14.249253: 
2025-11-21 06:27:14.249561: Epoch 576
2025-11-21 06:27:14.249709: Current learning rate: 0.00462
2025-11-21 06:28:23.179397: train_loss -0.7415
2025-11-21 06:28:23.179943: val_loss -0.7637
2025-11-21 06:28:23.180078: Pseudo dice [np.float32(0.8992), np.float32(0.7499), np.float32(0.0)]
2025-11-21 06:28:23.180324: Epoch time: 68.93 s
2025-11-21 06:28:24.369069: 
2025-11-21 06:28:24.369282: Epoch 577
2025-11-21 06:28:24.369424: Current learning rate: 0.00461
2025-11-21 06:29:32.735228: train_loss -0.75
2025-11-21 06:29:32.735841: val_loss -0.7342
2025-11-21 06:29:32.736034: Pseudo dice [np.float32(0.899), np.float32(0.7336), np.float32(0.0)]
2025-11-21 06:29:32.736170: Epoch time: 68.37 s
2025-11-21 06:29:33.856851: 
2025-11-21 06:29:33.857132: Epoch 578
2025-11-21 06:29:33.857269: Current learning rate: 0.0046
2025-11-21 06:30:42.691465: train_loss -0.7538
2025-11-21 06:30:42.692009: val_loss -0.7379
2025-11-21 06:30:42.692142: Pseudo dice [np.float32(0.905), np.float32(0.7296), np.float32(0.0)]
2025-11-21 06:30:42.692274: Epoch time: 68.84 s
2025-11-21 06:30:43.824781: 
2025-11-21 06:30:43.825000: Epoch 579
2025-11-21 06:30:43.825140: Current learning rate: 0.00459
2025-11-21 06:31:53.611925: train_loss -0.7548
2025-11-21 06:31:53.616855: val_loss -0.7398
2025-11-21 06:31:53.618934: Pseudo dice [np.float32(0.9072), np.float32(0.7474), np.float32(0.0)]
2025-11-21 06:31:53.620996: Epoch time: 69.79 s
2025-11-21 06:31:55.095294: 
2025-11-21 06:31:55.095520: Epoch 580
2025-11-21 06:31:55.095660: Current learning rate: 0.00458
2025-11-21 06:33:05.229348: train_loss -0.7561
2025-11-21 06:33:05.231874: val_loss -0.7427
2025-11-21 06:33:05.232984: Pseudo dice [np.float32(0.9026), np.float32(0.741), np.float32(0.0)]
2025-11-21 06:33:05.233954: Epoch time: 70.13 s
2025-11-21 06:33:06.603549: 
2025-11-21 06:33:06.603758: Epoch 581
2025-11-21 06:33:06.603904: Current learning rate: 0.00457
2025-11-21 06:34:16.268420: train_loss -0.7497
2025-11-21 06:34:16.271971: val_loss -0.7662
2025-11-21 06:34:16.273351: Pseudo dice [np.float32(0.9092), np.float32(0.7615), np.float32(0.0)]
2025-11-21 06:34:16.274080: Epoch time: 69.67 s
2025-11-21 06:34:18.050179: 
2025-11-21 06:34:18.050484: Epoch 582
2025-11-21 06:34:18.050635: Current learning rate: 0.00456
2025-11-21 06:35:28.645818: train_loss -0.7494
2025-11-21 06:35:28.646341: val_loss -0.7439
2025-11-21 06:35:28.646505: Pseudo dice [np.float32(0.9059), np.float32(0.7612), np.float32(0.0)]
2025-11-21 06:35:28.646752: Epoch time: 70.6 s
2025-11-21 06:35:29.790950: 
2025-11-21 06:35:29.791190: Epoch 583
2025-11-21 06:35:29.791380: Current learning rate: 0.00455
2025-11-21 06:36:37.829137: train_loss -0.7525
2025-11-21 06:36:37.835259: val_loss -0.7602
2025-11-21 06:36:37.837285: Pseudo dice [np.float32(0.8891), np.float32(0.7475), np.float32(0.0)]
2025-11-21 06:36:37.843771: Epoch time: 68.04 s
2025-11-21 06:36:39.340145: 
2025-11-21 06:36:39.340423: Epoch 584
2025-11-21 06:36:39.340572: Current learning rate: 0.00454
2025-11-21 06:37:49.473647: train_loss -0.7446
2025-11-21 06:37:49.474303: val_loss -0.7697
2025-11-21 06:37:49.474484: Pseudo dice [np.float32(0.8921), np.float32(0.7514), np.float32(0.0)]
2025-11-21 06:37:49.474630: Epoch time: 70.13 s
2025-11-21 06:37:50.730050: 
2025-11-21 06:37:50.730345: Epoch 585
2025-11-21 06:37:50.730488: Current learning rate: 0.00453
2025-11-21 06:38:58.337979: train_loss -0.7582
2025-11-21 06:38:58.343761: val_loss -0.7491
2025-11-21 06:38:58.345827: Pseudo dice [np.float32(0.9079), np.float32(0.7505), np.float32(0.0)]
2025-11-21 06:38:58.347911: Epoch time: 67.61 s
2025-11-21 06:38:59.986124: 
2025-11-21 06:38:59.986495: Epoch 586
2025-11-21 06:38:59.986686: Current learning rate: 0.00452
2025-11-21 06:40:08.555992: train_loss -0.7434
2025-11-21 06:40:08.561110: val_loss -0.7723
2025-11-21 06:40:08.563177: Pseudo dice [np.float32(0.904), np.float32(0.7375), np.float32(0.0)]
2025-11-21 06:40:08.563451: Epoch time: 68.57 s
2025-11-21 06:40:09.758042: 
2025-11-21 06:40:09.758279: Epoch 587
2025-11-21 06:40:09.758502: Current learning rate: 0.00451
2025-11-21 06:41:20.281281: train_loss -0.7489
2025-11-21 06:41:20.282505: val_loss -0.7759
2025-11-21 06:41:20.282925: Pseudo dice [np.float32(0.9059), np.float32(0.7401), np.float32(0.0)]
2025-11-21 06:41:20.283547: Epoch time: 70.52 s
2025-11-21 06:41:21.808315: 
2025-11-21 06:41:21.808566: Epoch 588
2025-11-21 06:41:21.808704: Current learning rate: 0.0045
2025-11-21 06:42:30.727698: train_loss -0.7531
2025-11-21 06:42:30.728253: val_loss -0.7485
2025-11-21 06:42:30.728396: Pseudo dice [np.float32(0.9019), np.float32(0.7378), np.float32(0.0)]
2025-11-21 06:42:30.728546: Epoch time: 68.92 s
2025-11-21 06:42:31.859533: 
2025-11-21 06:42:31.859749: Epoch 589
2025-11-21 06:42:31.859887: Current learning rate: 0.00449
2025-11-21 06:43:43.245277: train_loss -0.7385
2025-11-21 06:43:43.247936: val_loss -0.7346
2025-11-21 06:43:43.248359: Pseudo dice [np.float32(0.898), np.float32(0.7456), np.float32(0.0)]
2025-11-21 06:43:43.250004: Epoch time: 71.39 s
2025-11-21 06:43:44.443931: 
2025-11-21 06:43:44.444183: Epoch 590
2025-11-21 06:43:44.444333: Current learning rate: 0.00448
2025-11-21 06:44:57.130090: train_loss -0.7412
2025-11-21 06:44:57.138478: val_loss -0.7345
2025-11-21 06:44:57.140532: Pseudo dice [np.float32(0.8985), np.float32(0.7551), np.float32(0.0)]
2025-11-21 06:44:57.142614: Epoch time: 72.69 s
2025-11-21 06:44:58.346623: 
2025-11-21 06:44:58.347036: Epoch 591
2025-11-21 06:44:58.347402: Current learning rate: 0.00447
2025-11-21 06:46:07.154193: train_loss -0.7363
2025-11-21 06:46:07.154838: val_loss -0.774
2025-11-21 06:46:07.154999: Pseudo dice [np.float32(0.8961), np.float32(0.7547), np.float32(0.0)]
2025-11-21 06:46:07.155127: Epoch time: 68.81 s
2025-11-21 06:46:08.307572: 
2025-11-21 06:46:08.307802: Epoch 592
2025-11-21 06:46:08.307949: Current learning rate: 0.00446
2025-11-21 06:47:21.069177: train_loss -0.7338
2025-11-21 06:47:21.069880: val_loss -0.7332
2025-11-21 06:47:21.070041: Pseudo dice [np.float32(0.9003), np.float32(0.7484), np.float32(0.0)]
2025-11-21 06:47:21.070193: Epoch time: 72.76 s
2025-11-21 06:47:22.240627: 
2025-11-21 06:47:22.240896: Epoch 593
2025-11-21 06:47:22.241051: Current learning rate: 0.00445
2025-11-21 06:48:35.844126: train_loss -0.7396
2025-11-21 06:48:35.847700: val_loss -0.7428
2025-11-21 06:48:35.848720: Pseudo dice [np.float32(0.9095), np.float32(0.75), np.float32(0.0)]
2025-11-21 06:48:35.849760: Epoch time: 73.6 s
2025-11-21 06:48:37.057124: 
2025-11-21 06:48:37.057340: Epoch 594
2025-11-21 06:48:37.057473: Current learning rate: 0.00444
2025-11-21 06:49:45.943642: train_loss -0.7483
2025-11-21 06:49:45.946152: val_loss -0.7537
2025-11-21 06:49:45.947285: Pseudo dice [np.float32(0.9056), np.float32(0.7407), np.float32(0.0)]
2025-11-21 06:49:45.952224: Epoch time: 68.89 s
2025-11-21 06:49:48.242704: 
2025-11-21 06:49:48.243022: Epoch 595
2025-11-21 06:49:48.243190: Current learning rate: 0.00443
2025-11-21 06:50:56.825328: train_loss -0.7636
2025-11-21 06:50:56.829033: val_loss -0.7599
2025-11-21 06:50:56.831106: Pseudo dice [np.float32(0.9018), np.float32(0.7596), np.float32(0.0)]
2025-11-21 06:50:56.831301: Epoch time: 68.58 s
2025-11-21 06:50:57.975239: 
2025-11-21 06:50:57.975544: Epoch 596
2025-11-21 06:50:57.975688: Current learning rate: 0.00442
2025-11-21 06:52:06.445058: train_loss -0.7484
2025-11-21 06:52:06.447044: val_loss -0.7752
2025-11-21 06:52:06.447245: Pseudo dice [np.float32(0.8972), np.float32(0.7519), np.float32(0.0)]
2025-11-21 06:52:06.447389: Epoch time: 68.47 s
2025-11-21 06:52:07.632663: 
2025-11-21 06:52:07.632907: Epoch 597
2025-11-21 06:52:07.633061: Current learning rate: 0.00441
2025-11-21 06:53:18.133294: train_loss -0.7566
2025-11-21 06:53:18.133958: val_loss -0.745
2025-11-21 06:53:18.134125: Pseudo dice [np.float32(0.8957), np.float32(0.7527), np.float32(0.0)]
2025-11-21 06:53:18.134290: Epoch time: 70.5 s
2025-11-21 06:53:19.314209: 
2025-11-21 06:53:19.314433: Epoch 598
2025-11-21 06:53:19.314576: Current learning rate: 0.0044
2025-11-21 06:54:26.075320: train_loss -0.7455
2025-11-21 06:54:26.081131: val_loss -0.759
2025-11-21 06:54:26.083183: Pseudo dice [np.float32(0.8968), np.float32(0.7444), np.float32(0.0)]
2025-11-21 06:54:26.083413: Epoch time: 66.76 s
2025-11-21 06:54:27.787034: 
2025-11-21 06:54:27.787317: Epoch 599
2025-11-21 06:54:27.787478: Current learning rate: 0.00439
2025-11-21 06:55:36.691671: train_loss -0.7659
2025-11-21 06:55:36.694094: val_loss -0.7537
2025-11-21 06:55:36.695365: Pseudo dice [np.float32(0.8942), np.float32(0.7443), np.float32(0.0)]
2025-11-21 06:55:36.696147: Epoch time: 68.91 s
2025-11-21 06:55:38.457633: 
2025-11-21 06:55:38.457956: Epoch 600
2025-11-21 06:55:38.458131: Current learning rate: 0.00438
2025-11-21 06:56:52.461237: train_loss -0.7405
2025-11-21 06:56:52.463465: val_loss -0.7059
2025-11-21 06:56:52.465063: Pseudo dice [np.float32(0.896), np.float32(0.7377), np.float32(0.0)]
2025-11-21 06:56:52.465231: Epoch time: 74.01 s
2025-11-21 06:56:53.784230: 
2025-11-21 06:56:53.784524: Epoch 601
2025-11-21 06:56:53.784659: Current learning rate: 0.00437
2025-11-21 06:58:02.486475: train_loss -0.7504
2025-11-21 06:58:02.488762: val_loss -0.7605
2025-11-21 06:58:02.490466: Pseudo dice [np.float32(0.9041), np.float32(0.7573), np.float32(0.0)]
2025-11-21 06:58:02.490839: Epoch time: 68.7 s
2025-11-21 06:58:03.892221: 
2025-11-21 06:58:03.892650: Epoch 602
2025-11-21 06:58:03.892990: Current learning rate: 0.00436
2025-11-21 06:59:17.505704: train_loss -0.7486
2025-11-21 06:59:17.511556: val_loss -0.7585
2025-11-21 06:59:17.513643: Pseudo dice [np.float32(0.9057), np.float32(0.7631), np.float32(0.0)]
2025-11-21 06:59:17.515773: Epoch time: 73.62 s
2025-11-21 06:59:19.051958: 
2025-11-21 06:59:19.052221: Epoch 603
2025-11-21 06:59:19.052368: Current learning rate: 0.00435
2025-11-21 07:00:26.276435: train_loss -0.761
2025-11-21 07:00:26.277165: val_loss -0.7425
2025-11-21 07:00:26.277347: Pseudo dice [np.float32(0.9007), np.float32(0.7384), np.float32(0.0)]
2025-11-21 07:00:26.277489: Epoch time: 67.23 s
2025-11-21 07:00:27.440692: 
2025-11-21 07:00:27.440945: Epoch 604
2025-11-21 07:00:27.441097: Current learning rate: 0.00434
2025-11-21 07:01:34.793242: train_loss -0.755
2025-11-21 07:01:34.794661: val_loss -0.7212
2025-11-21 07:01:34.796430: Pseudo dice [np.float32(0.8988), np.float32(0.7407), np.float32(0.0)]
2025-11-21 07:01:34.798525: Epoch time: 67.35 s
2025-11-21 07:01:36.358774: 
2025-11-21 07:01:36.359032: Epoch 605
2025-11-21 07:01:36.359211: Current learning rate: 0.00433
2025-11-21 07:02:42.849805: train_loss -0.7486
2025-11-21 07:02:42.853482: val_loss -0.761
2025-11-21 07:02:42.855572: Pseudo dice [np.float32(0.9054), np.float32(0.7417), np.float32(0.0)]
2025-11-21 07:02:42.856183: Epoch time: 66.49 s
2025-11-21 07:02:44.017460: 
2025-11-21 07:02:44.017674: Epoch 606
2025-11-21 07:02:44.017829: Current learning rate: 0.00432
2025-11-21 07:03:55.146989: train_loss -0.7351
2025-11-21 07:03:55.150857: val_loss -0.7351
2025-11-21 07:03:55.152951: Pseudo dice [np.float32(0.8979), np.float32(0.7427), np.float32(0.0)]
2025-11-21 07:03:55.155086: Epoch time: 71.13 s
2025-11-21 07:03:57.381761: 
2025-11-21 07:03:57.382047: Epoch 607
2025-11-21 07:03:57.382261: Current learning rate: 0.00431
2025-11-21 07:05:11.153454: train_loss -0.7473
2025-11-21 07:05:11.157525: val_loss -0.7558
2025-11-21 07:05:11.157742: Pseudo dice [np.float32(0.896), np.float32(0.7486), np.float32(0.0)]
2025-11-21 07:05:11.157881: Epoch time: 73.77 s
2025-11-21 07:05:12.455803: 
2025-11-21 07:05:12.456675: Epoch 608
2025-11-21 07:05:12.458188: Current learning rate: 0.0043
2025-11-21 07:06:22.110889: train_loss -0.7565
2025-11-21 07:06:22.111455: val_loss -0.7529
2025-11-21 07:06:22.111572: Pseudo dice [np.float32(0.8995), np.float32(0.7371), np.float32(0.0)]
2025-11-21 07:06:22.111685: Epoch time: 69.66 s
2025-11-21 07:06:23.234725: 
2025-11-21 07:06:23.234983: Epoch 609
2025-11-21 07:06:23.235154: Current learning rate: 0.00429
2025-11-21 07:07:33.948296: train_loss -0.747
2025-11-21 07:07:33.950568: val_loss -0.7572
2025-11-21 07:07:33.952010: Pseudo dice [np.float32(0.8947), np.float32(0.7529), np.float32(0.0)]
2025-11-21 07:07:33.952737: Epoch time: 70.71 s
2025-11-21 07:07:35.172846: 
2025-11-21 07:07:35.173085: Epoch 610
2025-11-21 07:07:35.173246: Current learning rate: 0.00429
2025-11-21 07:08:45.799284: train_loss -0.7445
2025-11-21 07:08:45.799960: val_loss -0.7343
2025-11-21 07:08:45.800094: Pseudo dice [np.float32(0.9054), np.float32(0.751), np.float32(0.0)]
2025-11-21 07:08:45.800267: Epoch time: 70.63 s
2025-11-21 07:08:46.936593: 
2025-11-21 07:08:46.936943: Epoch 611
2025-11-21 07:08:46.937099: Current learning rate: 0.00428
2025-11-21 07:09:54.531591: train_loss -0.7269
2025-11-21 07:09:54.537327: val_loss -0.7496
2025-11-21 07:09:54.539387: Pseudo dice [np.float32(0.9027), np.float32(0.7522), np.float32(0.0)]
2025-11-21 07:09:54.541451: Epoch time: 67.6 s
2025-11-21 07:09:55.773837: 
2025-11-21 07:09:55.774134: Epoch 612
2025-11-21 07:09:55.774328: Current learning rate: 0.00427
2025-11-21 07:11:06.392257: train_loss -0.7612
2025-11-21 07:11:06.394536: val_loss -0.7319
2025-11-21 07:11:06.395964: Pseudo dice [np.float32(0.9057), np.float32(0.7528), np.float32(0.0)]
2025-11-21 07:11:06.396593: Epoch time: 70.62 s
2025-11-21 07:11:07.881587: 
2025-11-21 07:11:07.881818: Epoch 613
2025-11-21 07:11:07.881970: Current learning rate: 0.00426
2025-11-21 07:12:17.804360: train_loss -0.7725
2025-11-21 07:12:17.805091: val_loss -0.7529
2025-11-21 07:12:17.805239: Pseudo dice [np.float32(0.894), np.float32(0.7436), np.float32(0.0)]
2025-11-21 07:12:17.805373: Epoch time: 69.92 s
2025-11-21 07:12:18.965971: 
2025-11-21 07:12:18.966214: Epoch 614
2025-11-21 07:12:18.966394: Current learning rate: 0.00425
2025-11-21 07:13:27.899973: train_loss -0.7502
2025-11-21 07:13:27.903722: val_loss -0.7786
2025-11-21 07:13:27.905804: Pseudo dice [np.float32(0.897), np.float32(0.7527), np.float32(0.0)]
2025-11-21 07:13:27.907856: Epoch time: 68.94 s
2025-11-21 07:13:29.107797: 
2025-11-21 07:13:29.108104: Epoch 615
2025-11-21 07:13:29.108248: Current learning rate: 0.00424
2025-11-21 07:14:38.995522: train_loss -0.7573
2025-11-21 07:14:38.996219: val_loss -0.7358
2025-11-21 07:14:38.996380: Pseudo dice [np.float32(0.9003), np.float32(0.7531), np.float32(0.0)]
2025-11-21 07:14:38.996574: Epoch time: 69.89 s
2025-11-21 07:14:40.148859: 
2025-11-21 07:14:40.149178: Epoch 616
2025-11-21 07:14:40.149315: Current learning rate: 0.00423
2025-11-21 07:15:49.030154: train_loss -0.7445
2025-11-21 07:15:49.034323: val_loss -0.7494
2025-11-21 07:15:49.034545: Pseudo dice [np.float32(0.8907), np.float32(0.7482), np.float32(0.0)]
2025-11-21 07:15:49.064513: Epoch time: 68.88 s
2025-11-21 07:15:50.385260: 
2025-11-21 07:15:50.385580: Epoch 617
2025-11-21 07:15:50.385721: Current learning rate: 0.00422
2025-11-21 07:17:02.506610: train_loss -0.7463
2025-11-21 07:17:02.508894: val_loss -0.7416
2025-11-21 07:17:02.510275: Pseudo dice [np.float32(0.9104), np.float32(0.7424), np.float32(0.0)]
2025-11-21 07:17:02.511002: Epoch time: 72.12 s
2025-11-21 07:17:03.895263: 
2025-11-21 07:17:03.895527: Epoch 618
2025-11-21 07:17:03.895752: Current learning rate: 0.00421
2025-11-21 07:18:14.181669: train_loss -0.7578
2025-11-21 07:18:14.193356: val_loss -0.769
2025-11-21 07:18:14.194086: Pseudo dice [np.float32(0.8958), np.float32(0.7468), np.float32(0.0)]
2025-11-21 07:18:14.194242: Epoch time: 70.29 s
2025-11-21 07:18:16.356729: 
2025-11-21 07:18:16.356970: Epoch 619
2025-11-21 07:18:16.357116: Current learning rate: 0.0042
2025-11-21 07:19:27.792271: train_loss -0.7449
2025-11-21 07:19:27.794537: val_loss -0.7581
2025-11-21 07:19:27.795822: Pseudo dice [np.float32(0.9028), np.float32(0.7536), np.float32(0.0)]
2025-11-21 07:19:27.796592: Epoch time: 71.44 s
2025-11-21 07:19:29.008752: 
2025-11-21 07:19:29.009029: Epoch 620
2025-11-21 07:19:29.009187: Current learning rate: 0.00419
2025-11-21 07:20:41.447860: train_loss -0.751
2025-11-21 07:20:41.449757: val_loss -0.7518
2025-11-21 07:20:41.450109: Pseudo dice [np.float32(0.8983), np.float32(0.73), np.float32(0.0)]
2025-11-21 07:20:41.451520: Epoch time: 72.44 s
2025-11-21 07:20:42.853365: 
2025-11-21 07:20:42.853717: Epoch 621
2025-11-21 07:20:42.853887: Current learning rate: 0.00418
2025-11-21 07:21:56.343850: train_loss -0.7526
2025-11-21 07:21:56.348046: val_loss -0.7499
2025-11-21 07:21:56.348307: Pseudo dice [np.float32(0.9006), np.float32(0.7498), np.float32(0.0)]
2025-11-21 07:21:56.350152: Epoch time: 73.49 s
2025-11-21 07:21:58.513191: 
2025-11-21 07:21:58.513498: Epoch 622
2025-11-21 07:21:58.513656: Current learning rate: 0.00417
2025-11-21 07:23:11.130776: train_loss -0.7506
2025-11-21 07:23:11.133420: val_loss -0.7392
2025-11-21 07:23:11.134480: Pseudo dice [np.float32(0.9017), np.float32(0.7444), np.float32(0.0)]
2025-11-21 07:23:11.135526: Epoch time: 72.62 s
2025-11-21 07:23:12.396820: 
2025-11-21 07:23:12.397136: Epoch 623
2025-11-21 07:23:12.397368: Current learning rate: 0.00416
2025-11-21 07:24:18.709145: train_loss -0.7593
2025-11-21 07:24:18.713165: val_loss -0.7442
2025-11-21 07:24:18.715238: Pseudo dice [np.float32(0.907), np.float32(0.7412), np.float32(0.0)]
2025-11-21 07:24:18.715459: Epoch time: 66.31 s
2025-11-21 07:24:20.270953: 
2025-11-21 07:24:20.271228: Epoch 624
2025-11-21 07:24:20.271383: Current learning rate: 0.00415
2025-11-21 07:25:33.872190: train_loss -0.7525
2025-11-21 07:25:33.880257: val_loss -0.7546
2025-11-21 07:25:33.880465: Pseudo dice [np.float32(0.9033), np.float32(0.7435), np.float32(0.0)]
2025-11-21 07:25:33.880607: Epoch time: 73.6 s
2025-11-21 07:25:35.627818: 
2025-11-21 07:25:35.628074: Epoch 625
2025-11-21 07:25:35.628232: Current learning rate: 0.00414
2025-11-21 07:26:43.877282: train_loss -0.7532
2025-11-21 07:26:43.879251: val_loss -0.7281
2025-11-21 07:26:43.879519: Pseudo dice [np.float32(0.8928), np.float32(0.7489), np.float32(0.0)]
2025-11-21 07:26:43.880924: Epoch time: 68.25 s
2025-11-21 07:26:45.903712: 
2025-11-21 07:26:45.903953: Epoch 626
2025-11-21 07:26:45.904096: Current learning rate: 0.00413
2025-11-21 07:27:54.684309: train_loss -0.7598
2025-11-21 07:27:54.684843: val_loss -0.7315
2025-11-21 07:27:54.684980: Pseudo dice [np.float32(0.8961), np.float32(0.7442), np.float32(0.0)]
2025-11-21 07:27:54.685111: Epoch time: 68.78 s
2025-11-21 07:27:55.807367: 
2025-11-21 07:27:55.807637: Epoch 627
2025-11-21 07:27:55.807786: Current learning rate: 0.00412
2025-11-21 07:29:04.933519: train_loss -0.7421
2025-11-21 07:29:04.937216: val_loss -0.746
2025-11-21 07:29:04.939304: Pseudo dice [np.float32(0.8927), np.float32(0.7408), np.float32(0.0)]
2025-11-21 07:29:04.941412: Epoch time: 69.13 s
2025-11-21 07:29:06.537710: 
2025-11-21 07:29:06.538048: Epoch 628
2025-11-21 07:29:06.538321: Current learning rate: 0.00411
2025-11-21 07:30:16.311747: train_loss -0.7571
2025-11-21 07:30:16.312350: val_loss -0.7458
2025-11-21 07:30:16.312505: Pseudo dice [np.float32(0.8931), np.float32(0.7458), np.float32(0.0)]
2025-11-21 07:30:16.312648: Epoch time: 69.77 s
2025-11-21 07:30:17.458649: 
2025-11-21 07:30:17.458964: Epoch 629
2025-11-21 07:30:17.459117: Current learning rate: 0.0041
2025-11-21 07:31:25.867528: train_loss -0.7461
2025-11-21 07:31:25.871302: val_loss -0.7741
2025-11-21 07:31:25.871548: Pseudo dice [np.float32(0.9036), np.float32(0.745), np.float32(0.0)]
2025-11-21 07:31:25.873396: Epoch time: 68.41 s
2025-11-21 07:31:27.232573: 
2025-11-21 07:31:27.232836: Epoch 630
2025-11-21 07:31:27.232994: Current learning rate: 0.00409
2025-11-21 07:32:38.979523: train_loss -0.7382
2025-11-21 07:32:38.994190: val_loss -0.7319
2025-11-21 07:32:38.998338: Pseudo dice [np.float32(0.901), np.float32(0.7402), np.float32(0.0)]
2025-11-21 07:32:39.002475: Epoch time: 71.75 s
2025-11-21 07:32:40.655241: 
2025-11-21 07:32:40.655589: Epoch 631
2025-11-21 07:32:40.655762: Current learning rate: 0.00408
2025-11-21 07:33:52.121160: train_loss -0.7333
2025-11-21 07:33:52.121759: val_loss -0.7499
2025-11-21 07:33:52.121895: Pseudo dice [np.float32(0.89), np.float32(0.7466), np.float32(0.0)]
2025-11-21 07:33:52.122043: Epoch time: 71.47 s
2025-11-21 07:33:53.731062: 
2025-11-21 07:33:53.731489: Epoch 632
2025-11-21 07:33:53.731736: Current learning rate: 0.00407
2025-11-21 07:35:03.848444: train_loss -0.7394
2025-11-21 07:35:03.848963: val_loss -0.7442
2025-11-21 07:35:03.849098: Pseudo dice [np.float32(0.8901), np.float32(0.7464), np.float32(0.0)]
2025-11-21 07:35:03.849230: Epoch time: 70.12 s
2025-11-21 07:35:04.920854: 
2025-11-21 07:35:04.921153: Epoch 633
2025-11-21 07:35:04.921299: Current learning rate: 0.00406
2025-11-21 07:36:17.102625: train_loss -0.7231
2025-11-21 07:36:17.103264: val_loss -0.7784
2025-11-21 07:36:17.103409: Pseudo dice [np.float32(0.901), np.float32(0.7552), np.float32(0.0)]
2025-11-21 07:36:17.103596: Epoch time: 72.18 s
2025-11-21 07:36:18.254300: 
2025-11-21 07:36:18.254606: Epoch 634
2025-11-21 07:36:18.254789: Current learning rate: 0.00405
2025-11-21 07:37:28.562642: train_loss -0.7557
2025-11-21 07:37:28.563334: val_loss -0.7648
2025-11-21 07:37:28.563470: Pseudo dice [np.float32(0.8952), np.float32(0.7582), np.float32(0.0)]
2025-11-21 07:37:28.563603: Epoch time: 70.31 s
2025-11-21 07:37:29.706071: 
2025-11-21 07:37:29.706350: Epoch 635
2025-11-21 07:37:29.706499: Current learning rate: 0.00404
2025-11-21 07:38:37.366630: train_loss -0.7508
2025-11-21 07:38:37.368282: val_loss -0.7384
2025-11-21 07:38:37.369711: Pseudo dice [np.float32(0.909), np.float32(0.7164), np.float32(0.0)]
2025-11-21 07:38:37.370338: Epoch time: 67.66 s
2025-11-21 07:38:38.743880: 
2025-11-21 07:38:38.744192: Epoch 636
2025-11-21 07:38:38.744345: Current learning rate: 0.00403
2025-11-21 07:39:49.769808: train_loss -0.7553
2025-11-21 07:39:49.770485: val_loss -0.7674
2025-11-21 07:39:49.770633: Pseudo dice [np.float32(0.8984), np.float32(0.7549), np.float32(0.0)]
2025-11-21 07:39:49.770768: Epoch time: 71.03 s
2025-11-21 07:39:50.934443: 
2025-11-21 07:39:50.934762: Epoch 637
2025-11-21 07:39:50.934906: Current learning rate: 0.00402
2025-11-21 07:41:01.327688: train_loss -0.7523
2025-11-21 07:41:01.329431: val_loss -0.7581
2025-11-21 07:41:01.330437: Pseudo dice [np.float32(0.901), np.float32(0.7512), np.float32(0.0)]
2025-11-21 07:41:01.331544: Epoch time: 70.39 s
2025-11-21 07:41:03.519974: 
2025-11-21 07:41:03.520250: Epoch 638
2025-11-21 07:41:03.520397: Current learning rate: 0.00401
2025-11-21 07:42:13.073032: train_loss -0.7472
2025-11-21 07:42:13.073709: val_loss -0.7766
2025-11-21 07:42:13.073859: Pseudo dice [np.float32(0.9019), np.float32(0.7351), np.float32(0.0)]
2025-11-21 07:42:13.073996: Epoch time: 69.55 s
2025-11-21 07:42:14.270885: 
2025-11-21 07:42:14.271230: Epoch 639
2025-11-21 07:42:14.271394: Current learning rate: 0.004
2025-11-21 07:43:22.925442: train_loss -0.7435
2025-11-21 07:43:22.929298: val_loss -0.758
2025-11-21 07:43:22.931392: Pseudo dice [np.float32(0.8953), np.float32(0.7312), np.float32(0.0)]
2025-11-21 07:43:22.933470: Epoch time: 68.66 s
2025-11-21 07:43:24.473716: 
2025-11-21 07:43:24.473943: Epoch 640
2025-11-21 07:43:24.474088: Current learning rate: 0.00399
2025-11-21 07:44:32.630575: train_loss -0.7355
2025-11-21 07:44:32.631260: val_loss -0.7357
2025-11-21 07:44:32.631421: Pseudo dice [np.float32(0.9114), np.float32(0.7465), np.float32(0.0)]
2025-11-21 07:44:32.631608: Epoch time: 68.16 s
2025-11-21 07:44:33.803490: 
2025-11-21 07:44:33.803710: Epoch 641
2025-11-21 07:44:33.803854: Current learning rate: 0.00398
2025-11-21 07:45:42.715784: train_loss -0.751
2025-11-21 07:45:42.717650: val_loss -0.7511
2025-11-21 07:45:42.717815: Pseudo dice [np.float32(0.8953), np.float32(0.7553), np.float32(0.0)]
2025-11-21 07:45:42.717988: Epoch time: 68.91 s
2025-11-21 07:45:44.053164: 
2025-11-21 07:45:44.053429: Epoch 642
2025-11-21 07:45:44.053575: Current learning rate: 0.00397
2025-11-21 07:46:53.208332: train_loss -0.7388
2025-11-21 07:46:53.209269: val_loss -0.7465
2025-11-21 07:46:53.209430: Pseudo dice [np.float32(0.894), np.float32(0.7489), np.float32(0.0)]
2025-11-21 07:46:53.209573: Epoch time: 69.16 s
2025-11-21 07:46:54.430636: 
2025-11-21 07:46:54.430882: Epoch 643
2025-11-21 07:46:54.431025: Current learning rate: 0.00396
2025-11-21 07:48:02.874731: train_loss -0.7407
2025-11-21 07:48:02.875475: val_loss -0.7111
2025-11-21 07:48:02.875606: Pseudo dice [np.float32(0.9028), np.float32(0.7499), np.float32(0.0)]
2025-11-21 07:48:02.875764: Epoch time: 68.45 s
2025-11-21 07:48:04.422206: 
2025-11-21 07:48:04.422461: Epoch 644
2025-11-21 07:48:04.422606: Current learning rate: 0.00395
2025-11-21 07:49:14.531781: train_loss -0.7575
2025-11-21 07:49:14.532910: val_loss -0.7608
2025-11-21 07:49:14.533714: Pseudo dice [np.float32(0.9048), np.float32(0.7445), np.float32(0.0)]
2025-11-21 07:49:14.534004: Epoch time: 70.11 s
2025-11-21 07:49:15.725968: 
2025-11-21 07:49:15.726234: Epoch 645
2025-11-21 07:49:15.726436: Current learning rate: 0.00394
2025-11-21 07:50:25.305291: train_loss -0.7463
2025-11-21 07:50:25.307870: val_loss -0.769
2025-11-21 07:50:25.309031: Pseudo dice [np.float32(0.9124), np.float32(0.7547), np.float32(nan)]
2025-11-21 07:50:25.309925: Epoch time: 69.58 s
2025-11-21 07:50:27.379693: 
2025-11-21 07:50:27.379974: Epoch 646
2025-11-21 07:50:27.380126: Current learning rate: 0.00393
2025-11-21 07:51:38.888343: train_loss -0.7477
2025-11-21 07:51:38.892276: val_loss -0.7753
2025-11-21 07:51:38.894347: Pseudo dice [np.float32(0.8958), np.float32(0.7549), np.float32(0.0)]
2025-11-21 07:51:38.896467: Epoch time: 71.51 s
2025-11-21 07:51:40.831105: 
2025-11-21 07:51:40.832077: Epoch 647
2025-11-21 07:51:40.834250: Current learning rate: 0.00392
2025-11-21 07:52:49.582429: train_loss -0.7432
2025-11-21 07:52:49.583050: val_loss -0.745
2025-11-21 07:52:49.583196: Pseudo dice [np.float32(0.8991), np.float32(0.7453), np.float32(0.0)]
2025-11-21 07:52:49.583329: Epoch time: 68.75 s
2025-11-21 07:52:50.708951: 
2025-11-21 07:52:50.709163: Epoch 648
2025-11-21 07:52:50.709315: Current learning rate: 0.00391
2025-11-21 07:54:01.162351: train_loss -0.7599
2025-11-21 07:54:01.168774: val_loss -0.7524
2025-11-21 07:54:01.169079: Pseudo dice [np.float32(0.9078), np.float32(0.7612), np.float32(0.0)]
2025-11-21 07:54:01.169224: Epoch time: 70.45 s
2025-11-21 07:54:02.400046: 
2025-11-21 07:54:02.400281: Epoch 649
2025-11-21 07:54:02.400423: Current learning rate: 0.0039
2025-11-21 07:55:17.182095: train_loss -0.7633
2025-11-21 07:55:17.187287: val_loss -0.7483
2025-11-21 07:55:17.188521: Pseudo dice [np.float32(0.9082), np.float32(0.7605), np.float32(0.0)]
2025-11-21 07:55:17.189368: Epoch time: 74.78 s
2025-11-21 07:55:19.168880: 
2025-11-21 07:55:19.171759: Epoch 650
2025-11-21 07:55:19.171921: Current learning rate: 0.00389
2025-11-21 07:56:30.295886: train_loss -0.7558
2025-11-21 07:56:30.298247: val_loss -0.7436
2025-11-21 07:56:30.299532: Pseudo dice [np.float32(0.8945), np.float32(0.737), np.float32(0.0)]
2025-11-21 07:56:30.300296: Epoch time: 71.13 s
2025-11-21 07:56:31.934194: 
2025-11-21 07:56:31.934446: Epoch 651
2025-11-21 07:56:31.934592: Current learning rate: 0.00388
2025-11-21 07:57:43.233956: train_loss -0.7542
2025-11-21 07:57:43.237309: val_loss -0.7571
2025-11-21 07:57:43.239342: Pseudo dice [np.float32(0.9035), np.float32(0.7481), np.float32(0.0)]
2025-11-21 07:57:43.239651: Epoch time: 71.3 s
2025-11-21 07:57:44.475034: 
2025-11-21 07:57:44.475250: Epoch 652
2025-11-21 07:57:44.475398: Current learning rate: 0.00387
2025-11-21 07:58:52.215934: train_loss -0.7516
2025-11-21 07:58:52.216550: val_loss -0.7491
2025-11-21 07:58:52.216702: Pseudo dice [np.float32(0.8959), np.float32(0.7474), np.float32(0.0)]
2025-11-21 07:58:52.216828: Epoch time: 67.74 s
2025-11-21 07:58:53.530950: 
2025-11-21 07:58:53.531180: Epoch 653
2025-11-21 07:58:53.531317: Current learning rate: 0.00386
2025-11-21 08:00:06.368771: train_loss -0.7635
2025-11-21 08:00:06.369763: val_loss -0.7744
2025-11-21 08:00:06.371016: Pseudo dice [np.float32(0.9031), np.float32(0.7597), np.float32(0.0)]
2025-11-21 08:00:06.371243: Epoch time: 72.84 s
2025-11-21 08:00:07.531342: 
2025-11-21 08:00:07.531692: Epoch 654
2025-11-21 08:00:07.531864: Current learning rate: 0.00385
2025-11-21 08:01:17.263762: train_loss -0.7481
2025-11-21 08:01:17.267169: val_loss -0.7807
2025-11-21 08:01:17.268693: Pseudo dice [np.float32(0.8987), np.float32(0.7504), np.float32(0.0)]
2025-11-21 08:01:17.269285: Epoch time: 69.73 s
2025-11-21 08:01:19.121683: 
2025-11-21 08:01:19.121954: Epoch 655
2025-11-21 08:01:19.122097: Current learning rate: 0.00384
2025-11-21 08:02:25.942663: train_loss -0.7634
2025-11-21 08:02:25.946191: val_loss -0.7589
2025-11-21 08:02:25.948277: Pseudo dice [np.float32(0.9137), np.float32(0.7636), np.float32(0.0)]
2025-11-21 08:02:25.950336: Epoch time: 66.82 s
2025-11-21 08:02:27.840245: 
2025-11-21 08:02:27.840541: Epoch 656
2025-11-21 08:02:27.840683: Current learning rate: 0.00383
2025-11-21 08:03:37.559198: train_loss -0.7541
2025-11-21 08:03:37.559837: val_loss -0.7292
2025-11-21 08:03:37.559988: Pseudo dice [np.float32(0.9016), np.float32(0.7527), np.float32(0.0)]
2025-11-21 08:03:37.560134: Epoch time: 69.72 s
2025-11-21 08:03:38.728804: 
2025-11-21 08:03:38.729097: Epoch 657
2025-11-21 08:03:38.729254: Current learning rate: 0.00382
2025-11-21 08:04:48.107422: train_loss -0.7679
2025-11-21 08:04:48.109693: val_loss -0.7663
2025-11-21 08:04:48.110355: Pseudo dice [np.float32(0.8891), np.float32(0.747), np.float32(0.0)]
2025-11-21 08:04:48.110504: Epoch time: 69.38 s
2025-11-21 08:04:49.326251: 
2025-11-21 08:04:49.326682: Epoch 658
2025-11-21 08:04:49.326900: Current learning rate: 0.00381
2025-11-21 08:06:01.980848: train_loss -0.763
2025-11-21 08:06:01.984393: val_loss -0.7561
2025-11-21 08:06:01.986518: Pseudo dice [np.float32(0.8887), np.float32(0.7477), np.float32(0.0)]
2025-11-21 08:06:01.988613: Epoch time: 72.66 s
2025-11-21 08:06:03.521846: 
2025-11-21 08:06:03.522207: Epoch 659
2025-11-21 08:06:03.522360: Current learning rate: 0.0038
2025-11-21 08:07:12.632187: train_loss -0.7538
2025-11-21 08:07:12.632799: val_loss -0.7715
2025-11-21 08:07:12.632994: Pseudo dice [np.float32(0.9049), np.float32(0.7632), np.float32(0.0)]
2025-11-21 08:07:12.633121: Epoch time: 69.11 s
2025-11-21 08:07:13.779639: 
2025-11-21 08:07:13.779857: Epoch 660
2025-11-21 08:07:13.779991: Current learning rate: 0.00379
2025-11-21 08:08:22.293918: train_loss -0.749
2025-11-21 08:08:22.297434: val_loss -0.7626
2025-11-21 08:08:22.299567: Pseudo dice [np.float32(0.8943), np.float32(0.7483), np.float32(0.0)]
2025-11-21 08:08:22.301679: Epoch time: 68.52 s
2025-11-21 08:08:23.572337: 
2025-11-21 08:08:23.598007: Epoch 661
2025-11-21 08:08:23.598275: Current learning rate: 0.00378
2025-11-21 08:09:33.729024: train_loss -0.7532
2025-11-21 08:09:33.732223: val_loss -0.7424
2025-11-21 08:09:33.733610: Pseudo dice [np.float32(0.9021), np.float32(0.7349), np.float32(0.0)]
2025-11-21 08:09:33.734306: Epoch time: 70.16 s
2025-11-21 08:09:35.045371: 
2025-11-21 08:09:35.045614: Epoch 662
2025-11-21 08:09:35.045763: Current learning rate: 0.00377
2025-11-21 08:10:43.650002: train_loss -0.7567
2025-11-21 08:10:43.652270: val_loss -0.7635
2025-11-21 08:10:43.654080: Pseudo dice [np.float32(0.8885), np.float32(0.7425), np.float32(0.0)]
2025-11-21 08:10:43.654278: Epoch time: 68.61 s
2025-11-21 08:10:44.979843: 
2025-11-21 08:10:44.980129: Epoch 663
2025-11-21 08:10:44.980283: Current learning rate: 0.00376
2025-11-21 08:11:54.135400: train_loss -0.757
2025-11-21 08:11:54.138740: val_loss -0.738
2025-11-21 08:11:54.139945: Pseudo dice [np.float32(0.8995), np.float32(0.7263), np.float32(0.0)]
2025-11-21 08:11:54.140805: Epoch time: 69.16 s
2025-11-21 08:11:55.403237: 
2025-11-21 08:11:55.404129: Epoch 664
2025-11-21 08:11:55.406284: Current learning rate: 0.00375
2025-11-21 08:13:04.230008: train_loss -0.7439
2025-11-21 08:13:04.230622: val_loss -0.7689
2025-11-21 08:13:04.230760: Pseudo dice [np.float32(0.8981), np.float32(0.7468), np.float32(0.0)]
2025-11-21 08:13:04.230907: Epoch time: 68.83 s
2025-11-21 08:13:05.363816: 
2025-11-21 08:13:05.364030: Epoch 665
2025-11-21 08:13:05.364180: Current learning rate: 0.00374
2025-11-21 08:14:13.136469: train_loss -0.7568
2025-11-21 08:14:13.142300: val_loss -0.7442
2025-11-21 08:14:13.144429: Pseudo dice [np.float32(0.9043), np.float32(0.727), np.float32(0.0)]
2025-11-21 08:14:13.146555: Epoch time: 67.77 s
2025-11-21 08:14:15.071355: 
2025-11-21 08:14:15.071686: Epoch 666
2025-11-21 08:14:15.071836: Current learning rate: 0.00373
2025-11-21 08:15:30.217672: train_loss -0.7521
2025-11-21 08:15:30.223505: val_loss -0.7519
2025-11-21 08:15:30.225562: Pseudo dice [np.float32(0.8996), np.float32(0.7377), np.float32(0.0)]
2025-11-21 08:15:30.227621: Epoch time: 75.15 s
2025-11-21 08:15:31.809716: 
2025-11-21 08:15:31.809944: Epoch 667
2025-11-21 08:15:31.810087: Current learning rate: 0.00372
2025-11-21 08:16:40.938607: train_loss -0.7481
2025-11-21 08:16:40.940961: val_loss -0.7461
2025-11-21 08:16:40.942352: Pseudo dice [np.float32(0.8965), np.float32(0.7545), np.float32(0.0)]
2025-11-21 08:16:40.943066: Epoch time: 69.13 s
2025-11-21 08:16:42.252406: 
2025-11-21 08:16:42.252653: Epoch 668
2025-11-21 08:16:42.252801: Current learning rate: 0.00371
2025-11-21 08:17:51.515136: train_loss -0.7402
2025-11-21 08:17:51.519845: val_loss -0.7167
2025-11-21 08:17:51.521926: Pseudo dice [np.float32(0.8991), np.float32(0.7413), np.float32(0.0)]
2025-11-21 08:17:51.522246: Epoch time: 69.26 s
2025-11-21 08:17:53.150290: 
2025-11-21 08:17:53.150533: Epoch 669
2025-11-21 08:17:53.150675: Current learning rate: 0.0037
2025-11-21 08:19:05.836497: train_loss -0.7439
2025-11-21 08:19:05.840396: val_loss -0.7165
2025-11-21 08:19:05.842537: Pseudo dice [np.float32(0.8977), np.float32(0.7549), np.float32(0.0)]
2025-11-21 08:19:05.844625: Epoch time: 72.69 s
2025-11-21 08:19:07.299911: 
2025-11-21 08:19:07.300163: Epoch 670
2025-11-21 08:19:07.300381: Current learning rate: 0.00369
2025-11-21 08:20:19.451640: train_loss -0.7553
2025-11-21 08:20:19.455210: val_loss -0.7845
2025-11-21 08:20:19.456359: Pseudo dice [np.float32(0.9033), np.float32(0.7513), np.float32(0.0)]
2025-11-21 08:20:19.457258: Epoch time: 72.15 s
2025-11-21 08:20:20.947193: 
2025-11-21 08:20:20.947437: Epoch 671
2025-11-21 08:20:20.947589: Current learning rate: 0.00368
2025-11-21 08:21:32.672512: train_loss -0.7556
2025-11-21 08:21:32.674761: val_loss -0.7677
2025-11-21 08:21:32.675230: Pseudo dice [np.float32(0.8983), np.float32(0.758), np.float32(0.0)]
2025-11-21 08:21:32.676430: Epoch time: 71.73 s
2025-11-21 08:21:34.172803: 
2025-11-21 08:21:34.173109: Epoch 672
2025-11-21 08:21:34.181684: Current learning rate: 0.00367
2025-11-21 08:22:44.982206: train_loss -0.7363
2025-11-21 08:22:44.987942: val_loss -0.7183
2025-11-21 08:22:44.988295: Pseudo dice [np.float32(0.8986), np.float32(0.7402), np.float32(0.0)]
2025-11-21 08:22:44.988430: Epoch time: 70.81 s
2025-11-21 08:22:46.436668: 
2025-11-21 08:22:46.436905: Epoch 673
2025-11-21 08:22:46.437060: Current learning rate: 0.00366
2025-11-21 08:23:55.182912: train_loss -0.7291
2025-11-21 08:23:55.184494: val_loss -0.7709
2025-11-21 08:23:55.186244: Pseudo dice [np.float32(0.9111), np.float32(0.7626), np.float32(nan)]
2025-11-21 08:23:55.186540: Epoch time: 68.75 s
2025-11-21 08:23:56.768443: 
2025-11-21 08:23:56.768663: Epoch 674
2025-11-21 08:23:56.768878: Current learning rate: 0.00365
2025-11-21 08:25:09.619635: train_loss -0.7589
2025-11-21 08:25:09.623410: val_loss -0.7544
2025-11-21 08:25:09.625491: Pseudo dice [np.float32(0.9026), np.float32(0.7514), np.float32(0.0)]
2025-11-21 08:25:09.627553: Epoch time: 72.85 s
2025-11-21 08:25:10.988705: 
2025-11-21 08:25:10.989008: Epoch 675
2025-11-21 08:25:10.989164: Current learning rate: 0.00364
2025-11-21 08:26:19.720650: train_loss -0.7567
2025-11-21 08:26:19.727753: val_loss -0.7479
2025-11-21 08:26:19.729846: Pseudo dice [np.float32(0.905), np.float32(0.7584), np.float32(0.0)]
2025-11-21 08:26:19.731950: Epoch time: 68.73 s
2025-11-21 08:26:21.399068: 
2025-11-21 08:26:21.399353: Epoch 676
2025-11-21 08:26:21.399509: Current learning rate: 0.00363
2025-11-21 08:27:29.645483: train_loss -0.7578
2025-11-21 08:27:29.647229: val_loss -0.7677
2025-11-21 08:27:29.648074: Pseudo dice [np.float32(0.8988), np.float32(0.7635), np.float32(0.0)]
2025-11-21 08:27:29.648293: Epoch time: 68.25 s
2025-11-21 08:27:30.840347: 
2025-11-21 08:27:30.840596: Epoch 677
2025-11-21 08:27:30.840732: Current learning rate: 0.00362
2025-11-21 08:28:40.542279: train_loss -0.7611
2025-11-21 08:28:40.548332: val_loss -0.7515
2025-11-21 08:28:40.550321: Pseudo dice [np.float32(0.896), np.float32(0.7658), np.float32(0.0)]
2025-11-21 08:28:40.552386: Epoch time: 69.7 s
2025-11-21 08:28:41.818314: 
2025-11-21 08:28:41.818534: Epoch 678
2025-11-21 08:28:41.818670: Current learning rate: 0.00361
2025-11-21 08:29:51.562641: train_loss -0.7444
2025-11-21 08:29:51.567994: val_loss -0.7339
2025-11-21 08:29:51.570033: Pseudo dice [np.float32(0.894), np.float32(0.7439), np.float32(0.0)]
2025-11-21 08:29:51.570255: Epoch time: 69.75 s
2025-11-21 08:29:53.090302: 
2025-11-21 08:29:53.090591: Epoch 679
2025-11-21 08:29:53.090743: Current learning rate: 0.0036
2025-11-21 08:31:00.107046: train_loss -0.7616
2025-11-21 08:31:00.113082: val_loss -0.723
2025-11-21 08:31:00.115140: Pseudo dice [np.float32(0.8886), np.float32(0.7447), np.float32(0.0)]
2025-11-21 08:31:00.117224: Epoch time: 67.02 s
2025-11-21 08:31:01.491194: 
2025-11-21 08:31:01.491465: Epoch 680
2025-11-21 08:31:01.491615: Current learning rate: 0.00359
2025-11-21 08:32:12.801924: train_loss -0.751
2025-11-21 08:32:12.804346: val_loss -0.739
2025-11-21 08:32:12.805582: Pseudo dice [np.float32(0.8972), np.float32(0.7447), np.float32(0.0)]
2025-11-21 08:32:12.806417: Epoch time: 71.31 s
2025-11-21 08:32:14.463760: 
2025-11-21 08:32:14.464020: Epoch 681
2025-11-21 08:32:14.464180: Current learning rate: 0.00358
2025-11-21 08:33:24.700234: train_loss -0.7402
2025-11-21 08:33:24.700808: val_loss -0.7796
2025-11-21 08:33:24.700956: Pseudo dice [np.float32(0.8893), np.float32(0.7573), np.float32(0.0)]
2025-11-21 08:33:24.701097: Epoch time: 70.24 s
2025-11-21 08:33:25.860467: 
2025-11-21 08:33:25.860782: Epoch 682
2025-11-21 08:33:25.860935: Current learning rate: 0.00357
2025-11-21 08:34:38.221911: train_loss -0.7443
2025-11-21 08:34:38.222545: val_loss -0.7525
2025-11-21 08:34:38.222685: Pseudo dice [np.float32(0.9029), np.float32(0.7559), np.float32(0.0)]
2025-11-21 08:34:38.222809: Epoch time: 72.36 s
2025-11-21 08:34:39.408092: 
2025-11-21 08:34:39.408376: Epoch 683
2025-11-21 08:34:39.440955: Current learning rate: 0.00356
2025-11-21 08:35:51.739621: train_loss -0.7423
2025-11-21 08:35:51.762893: val_loss -0.7233
2025-11-21 08:35:51.763117: Pseudo dice [np.float32(0.9014), np.float32(0.7586), np.float32(0.0)]
2025-11-21 08:35:51.763231: Epoch time: 72.33 s
2025-11-21 08:35:52.910488: 
2025-11-21 08:35:52.910776: Epoch 684
2025-11-21 08:35:52.910921: Current learning rate: 0.00355
2025-11-21 08:37:00.880022: train_loss -0.7613
2025-11-21 08:37:00.880288: val_loss -0.7592
2025-11-21 08:37:00.880383: Pseudo dice [np.float32(0.899), np.float32(0.7561), np.float32(0.0)]
2025-11-21 08:37:00.880477: Epoch time: 67.97 s
2025-11-21 08:37:03.016072: 
2025-11-21 08:37:03.016282: Epoch 685
2025-11-21 08:37:03.016404: Current learning rate: 0.00354
2025-11-21 08:38:14.047601: train_loss -0.7675
2025-11-21 08:38:14.047860: val_loss -0.7433
2025-11-21 08:38:14.047964: Pseudo dice [np.float32(0.8985), np.float32(0.7563), np.float32(0.0)]
2025-11-21 08:38:14.048065: Epoch time: 71.03 s
2025-11-21 08:38:15.233024: 
2025-11-21 08:38:15.233316: Epoch 686
2025-11-21 08:38:15.233436: Current learning rate: 0.00353
2025-11-21 08:39:26.343464: train_loss -0.7413
2025-11-21 08:39:26.343738: val_loss -0.7472
2025-11-21 08:39:26.343843: Pseudo dice [np.float32(0.8943), np.float32(0.7359), np.float32(0.0)]
2025-11-21 08:39:26.346381: Epoch time: 71.11 s
2025-11-21 08:39:27.577261: 
2025-11-21 08:39:27.577522: Epoch 687
2025-11-21 08:39:27.577642: Current learning rate: 0.00352
2025-11-21 08:40:40.630763: train_loss -0.7422
2025-11-21 08:40:40.631025: val_loss -0.7621
2025-11-21 08:40:40.631125: Pseudo dice [np.float32(0.8989), np.float32(0.7484), np.float32(0.0)]
2025-11-21 08:40:40.631226: Epoch time: 73.05 s
2025-11-21 08:40:42.234235: 
2025-11-21 08:40:42.234442: Epoch 688
2025-11-21 08:40:42.234557: Current learning rate: 0.00351
2025-11-21 08:41:53.327484: train_loss -0.759
2025-11-21 08:41:53.328546: val_loss -0.7619
2025-11-21 08:41:53.328649: Pseudo dice [np.float32(0.8922), np.float32(0.7408), np.float32(0.0)]
2025-11-21 08:41:53.328745: Epoch time: 71.09 s
2025-11-21 08:41:54.571522: 
2025-11-21 08:41:54.571713: Epoch 689
2025-11-21 08:41:54.571835: Current learning rate: 0.0035
2025-11-21 08:43:04.792079: train_loss -0.751
2025-11-21 08:43:04.794591: val_loss -0.7161
2025-11-21 08:43:04.794749: Pseudo dice [np.float32(0.9009), np.float32(0.7446), np.float32(0.0)]
2025-11-21 08:43:04.794854: Epoch time: 70.22 s
2025-11-21 08:43:05.968224: 
2025-11-21 08:43:05.968410: Epoch 690
2025-11-21 08:43:05.968578: Current learning rate: 0.00349
2025-11-21 08:44:19.099614: train_loss -0.7481
2025-11-21 08:44:19.099897: val_loss -0.7604
2025-11-21 08:44:19.100002: Pseudo dice [np.float32(0.9009), np.float32(0.7395), np.float32(0.0)]
2025-11-21 08:44:19.100108: Epoch time: 73.13 s
2025-11-21 08:44:20.382007: 
2025-11-21 08:44:20.382253: Epoch 691
2025-11-21 08:44:20.382376: Current learning rate: 0.00348
2025-11-21 08:45:31.105863: train_loss -0.7493
2025-11-21 08:45:31.106256: val_loss -0.7768
2025-11-21 08:45:31.106369: Pseudo dice [np.float32(0.8993), np.float32(0.754), np.float32(0.0)]
2025-11-21 08:45:31.106475: Epoch time: 70.72 s
2025-11-21 08:45:32.667691: 
2025-11-21 08:45:32.667937: Epoch 692
2025-11-21 08:45:32.668258: Current learning rate: 0.00346
2025-11-21 08:46:45.978379: train_loss -0.7387
2025-11-21 08:46:45.978616: val_loss -0.7639
2025-11-21 08:46:45.978722: Pseudo dice [np.float32(0.8983), np.float32(0.7448), np.float32(0.0)]
2025-11-21 08:46:45.978824: Epoch time: 73.31 s
2025-11-21 08:46:48.449147: 
2025-11-21 08:46:48.449377: Epoch 693
2025-11-21 08:46:48.449487: Current learning rate: 0.00345
2025-11-21 08:47:59.930633: train_loss -0.7513
2025-11-21 08:47:59.932497: val_loss -0.7565
2025-11-21 08:47:59.932769: Pseudo dice [np.float32(0.8768), np.float32(0.7366), np.float32(0.0)]
2025-11-21 08:47:59.932871: Epoch time: 71.48 s
2025-11-21 08:48:01.275858: 
2025-11-21 08:48:01.276116: Epoch 694
2025-11-21 08:48:01.276256: Current learning rate: 0.00344
2025-11-21 08:49:09.976868: train_loss -0.7319
2025-11-21 08:49:09.979047: val_loss -0.7675
2025-11-21 08:49:09.981096: Pseudo dice [np.float32(0.8992), np.float32(0.7664), np.float32(0.0)]
2025-11-21 08:49:09.983099: Epoch time: 68.7 s
2025-11-21 08:49:11.239457: 
2025-11-21 08:49:11.239670: Epoch 695
2025-11-21 08:49:11.239783: Current learning rate: 0.00343
2025-11-21 08:50:23.190664: train_loss -0.7552
2025-11-21 08:50:23.191028: val_loss -0.7926
2025-11-21 08:50:23.191136: Pseudo dice [np.float32(0.9008), np.float32(0.7522), np.float32(0.0)]
2025-11-21 08:50:23.191247: Epoch time: 71.95 s
2025-11-21 08:50:24.589555: 
2025-11-21 08:50:24.589814: Epoch 696
2025-11-21 08:50:24.589954: Current learning rate: 0.00342
2025-11-21 08:51:34.342750: train_loss -0.76
2025-11-21 08:51:34.343007: val_loss -0.7306
2025-11-21 08:51:34.345251: Pseudo dice [np.float32(0.9046), np.float32(0.7255), np.float32(0.0)]
2025-11-21 08:51:34.345397: Epoch time: 69.75 s
2025-11-21 08:51:35.806286: 
2025-11-21 08:51:35.806488: Epoch 697
2025-11-21 08:51:35.806610: Current learning rate: 0.00341
2025-11-21 08:52:44.784825: train_loss -0.7484
2025-11-21 08:52:44.785225: val_loss -0.7861
2025-11-21 08:52:44.785345: Pseudo dice [np.float32(0.8896), np.float32(0.7405), np.float32(0.0)]
2025-11-21 08:52:44.785456: Epoch time: 68.98 s
2025-11-21 08:52:46.494679: 
2025-11-21 08:52:46.494889: Epoch 698
2025-11-21 08:52:46.495005: Current learning rate: 0.0034
2025-11-21 08:53:54.925605: train_loss -0.7555
2025-11-21 08:53:54.925876: val_loss -0.7494
2025-11-21 08:53:54.925990: Pseudo dice [np.float32(0.8892), np.float32(0.7463), np.float32(0.0)]
2025-11-21 08:53:54.926098: Epoch time: 68.43 s
2025-11-21 08:53:56.458320: 
2025-11-21 08:53:56.458599: Epoch 699
2025-11-21 08:53:56.458736: Current learning rate: 0.00339
2025-11-21 08:55:10.179276: train_loss -0.7638
2025-11-21 08:55:10.181452: val_loss -0.7448
2025-11-21 08:55:10.181563: Pseudo dice [np.float32(0.8977), np.float32(0.7314), np.float32(0.0)]
2025-11-21 08:55:10.181664: Epoch time: 73.72 s
2025-11-21 08:55:12.120912: 
2025-11-21 08:55:12.121161: Epoch 700
2025-11-21 08:55:12.121285: Current learning rate: 0.00338
2025-11-21 08:56:24.657505: train_loss -0.7424
2025-11-21 08:56:24.659395: val_loss -0.7433
2025-11-21 08:56:24.659528: Pseudo dice [np.float32(0.8934), np.float32(0.7442), np.float32(0.0)]
2025-11-21 08:56:24.659624: Epoch time: 72.54 s
2025-11-21 08:56:25.939897: 
2025-11-21 08:56:25.940153: Epoch 701
2025-11-21 08:56:25.940287: Current learning rate: 0.00337
2025-11-21 08:57:37.571980: train_loss -0.745
2025-11-21 08:57:37.572254: val_loss -0.7582
2025-11-21 08:57:37.572357: Pseudo dice [np.float32(0.8929), np.float32(0.7519), np.float32(0.0)]
2025-11-21 08:57:37.572460: Epoch time: 71.63 s
2025-11-21 08:57:38.838722: 
2025-11-21 08:57:38.838911: Epoch 702
2025-11-21 08:57:38.839030: Current learning rate: 0.00336
2025-11-21 08:58:46.582548: train_loss -0.7382
2025-11-21 08:58:46.582796: val_loss -0.7782
2025-11-21 08:58:46.582900: Pseudo dice [np.float32(0.9024), np.float32(0.7426), np.float32(0.0)]
2025-11-21 08:58:46.583004: Epoch time: 67.74 s
2025-11-21 08:58:47.816315: 
2025-11-21 08:58:47.816556: Epoch 703
2025-11-21 08:58:47.816679: Current learning rate: 0.00335
2025-11-21 08:59:55.906759: train_loss -0.7348
2025-11-21 08:59:55.907010: val_loss -0.7729
2025-11-21 08:59:55.907115: Pseudo dice [np.float32(0.9), np.float32(0.7546), np.float32(0.0)]
2025-11-21 08:59:55.907234: Epoch time: 68.09 s
2025-11-21 08:59:57.665856: 
2025-11-21 08:59:57.666101: Epoch 704
2025-11-21 08:59:57.666242: Current learning rate: 0.00334
2025-11-21 09:01:05.493721: train_loss -0.7471
2025-11-21 09:01:05.494041: val_loss -0.7378
2025-11-21 09:01:05.494147: Pseudo dice [np.float32(0.9059), np.float32(0.7546), np.float32(0.0)]
2025-11-21 09:01:05.494252: Epoch time: 67.83 s
2025-11-21 09:01:07.368184: 
2025-11-21 09:01:07.368510: Epoch 705
2025-11-21 09:01:07.368666: Current learning rate: 0.00333
2025-11-21 09:02:15.689109: train_loss -0.7679
2025-11-21 09:02:15.689413: val_loss -0.7461
2025-11-21 09:02:15.689520: Pseudo dice [np.float32(0.9023), np.float32(0.7507), np.float32(0.0)]
2025-11-21 09:02:15.689625: Epoch time: 68.32 s
2025-11-21 09:02:16.985424: 
2025-11-21 09:02:16.985639: Epoch 706
2025-11-21 09:02:16.985765: Current learning rate: 0.00332
2025-11-21 09:03:30.483400: train_loss -0.7417
2025-11-21 09:03:30.483653: val_loss -0.7543
2025-11-21 09:03:30.483783: Pseudo dice [np.float32(0.9017), np.float32(0.7421), np.float32(0.0)]
2025-11-21 09:03:30.483888: Epoch time: 73.5 s
2025-11-21 09:03:31.650232: 
2025-11-21 09:03:31.650499: Epoch 707
2025-11-21 09:03:31.650613: Current learning rate: 0.00331
2025-11-21 09:04:44.512133: train_loss -0.7622
2025-11-21 09:04:44.512429: val_loss -0.7365
2025-11-21 09:04:44.512534: Pseudo dice [np.float32(0.9045), np.float32(0.752), np.float32(0.0)]
2025-11-21 09:04:44.512637: Epoch time: 72.86 s
2025-11-21 09:04:45.738208: 
2025-11-21 09:04:45.738463: Epoch 708
2025-11-21 09:04:45.738588: Current learning rate: 0.0033
2025-11-21 09:05:56.172731: train_loss -0.7562
2025-11-21 09:05:56.173205: val_loss -0.747
2025-11-21 09:05:56.173331: Pseudo dice [np.float32(0.8881), np.float32(0.7482), np.float32(0.0)]
2025-11-21 09:05:56.173445: Epoch time: 70.44 s
2025-11-21 09:05:57.605968: 
2025-11-21 09:05:57.606291: Epoch 709
2025-11-21 09:05:57.606435: Current learning rate: 0.00329
2025-11-21 09:07:10.478653: train_loss -0.7436
2025-11-21 09:07:10.480389: val_loss -0.7563
2025-11-21 09:07:10.480576: Pseudo dice [np.float32(0.8985), np.float32(0.7495), np.float32(0.0)]
2025-11-21 09:07:10.480709: Epoch time: 72.87 s
2025-11-21 09:07:12.267341: 
2025-11-21 09:07:12.267715: Epoch 710
2025-11-21 09:07:12.267922: Current learning rate: 0.00328
2025-11-21 09:08:19.968428: train_loss -0.7601
2025-11-21 09:08:19.968703: val_loss -0.77
2025-11-21 09:08:19.968806: Pseudo dice [np.float32(0.902), np.float32(0.7531), np.float32(nan)]
2025-11-21 09:08:19.974170: Epoch time: 67.7 s
2025-11-21 09:08:21.284484: 
2025-11-21 09:08:21.284685: Epoch 711
2025-11-21 09:08:21.284805: Current learning rate: 0.00327
2025-11-21 09:09:30.561616: train_loss -0.7503
2025-11-21 09:09:30.562005: val_loss -0.7275
2025-11-21 09:09:30.562125: Pseudo dice [np.float32(0.9031), np.float32(0.7548), np.float32(0.0)]
2025-11-21 09:09:30.562258: Epoch time: 69.28 s
2025-11-21 09:09:31.764685: 
2025-11-21 09:09:31.764946: Epoch 712
2025-11-21 09:09:31.765081: Current learning rate: 0.00326
2025-11-21 09:10:42.786055: train_loss -0.7646
2025-11-21 09:10:42.786326: val_loss -0.7374
2025-11-21 09:10:42.786433: Pseudo dice [np.float32(0.9085), np.float32(0.7339), np.float32(0.0)]
2025-11-21 09:10:42.786536: Epoch time: 71.02 s
2025-11-21 09:10:43.951076: 
2025-11-21 09:10:43.951315: Epoch 713
2025-11-21 09:10:43.951446: Current learning rate: 0.00325
2025-11-21 09:11:53.430855: train_loss -0.7612
2025-11-21 09:11:53.431187: val_loss -0.7401
2025-11-21 09:11:53.431296: Pseudo dice [np.float32(0.902), np.float32(0.7416), np.float32(0.0)]
2025-11-21 09:11:53.431399: Epoch time: 69.48 s
2025-11-21 09:11:54.950240: 
2025-11-21 09:11:54.950525: Epoch 714
2025-11-21 09:11:54.950647: Current learning rate: 0.00324
2025-11-21 09:13:03.732072: train_loss -0.756
2025-11-21 09:13:03.732335: val_loss -0.7531
2025-11-21 09:13:03.732448: Pseudo dice [np.float32(0.896), np.float32(0.7582), np.float32(0.0)]
2025-11-21 09:13:03.732557: Epoch time: 68.78 s
2025-11-21 09:13:04.926143: 
2025-11-21 09:13:04.926371: Epoch 715
2025-11-21 09:13:04.926490: Current learning rate: 0.00323
2025-11-21 09:14:13.566164: train_loss -0.7565
2025-11-21 09:14:13.566443: val_loss -0.7538
2025-11-21 09:14:13.566550: Pseudo dice [np.float32(0.8982), np.float32(0.7493), np.float32(0.0)]
2025-11-21 09:14:13.566655: Epoch time: 68.64 s
2025-11-21 09:14:14.924089: 
2025-11-21 09:14:14.924297: Epoch 716
2025-11-21 09:14:14.924416: Current learning rate: 0.00322
2025-11-21 09:15:26.929667: train_loss -0.7524
2025-11-21 09:15:26.931235: val_loss -0.7438
2025-11-21 09:15:26.931392: Pseudo dice [np.float32(0.8963), np.float32(0.7458), np.float32(0.0)]
2025-11-21 09:15:26.931508: Epoch time: 72.01 s
2025-11-21 09:15:29.551898: 
2025-11-21 09:15:29.552209: Epoch 717
2025-11-21 09:15:29.552361: Current learning rate: 0.00321
2025-11-21 09:16:38.873351: train_loss -0.7423
2025-11-21 09:16:38.873645: val_loss -0.77
2025-11-21 09:16:38.873756: Pseudo dice [np.float32(0.9102), np.float32(0.7469), np.float32(0.0)]
2025-11-21 09:16:38.873860: Epoch time: 69.32 s
2025-11-21 09:16:40.270286: 
2025-11-21 09:16:40.270591: Epoch 718
2025-11-21 09:16:40.270721: Current learning rate: 0.0032
2025-11-21 09:17:47.422521: train_loss -0.7548
2025-11-21 09:17:47.422877: val_loss -0.734
2025-11-21 09:17:47.422987: Pseudo dice [np.float32(0.9031), np.float32(0.7446), np.float32(0.0)]
2025-11-21 09:17:47.423090: Epoch time: 67.15 s
2025-11-21 09:17:48.924565: 
2025-11-21 09:17:48.924862: Epoch 719
2025-11-21 09:17:48.924996: Current learning rate: 0.00319
2025-11-21 09:18:59.598249: train_loss -0.7489
2025-11-21 09:18:59.598618: val_loss -0.7725
2025-11-21 09:18:59.598730: Pseudo dice [np.float32(0.8906), np.float32(0.7441), np.float32(0.0)]
2025-11-21 09:18:59.598835: Epoch time: 70.67 s
2025-11-21 09:19:01.538252: 
2025-11-21 09:19:01.538475: Epoch 720
2025-11-21 09:19:01.538587: Current learning rate: 0.00318
2025-11-21 09:20:07.593610: train_loss -0.7523
2025-11-21 09:20:07.593912: val_loss -0.7795
2025-11-21 09:20:07.594028: Pseudo dice [np.float32(0.9055), np.float32(0.7461), np.float32(0.0)]
2025-11-21 09:20:07.594138: Epoch time: 66.06 s
2025-11-21 09:20:09.163099: 
2025-11-21 09:20:09.163427: Epoch 721
2025-11-21 09:20:09.163587: Current learning rate: 0.00317
2025-11-21 09:21:19.138793: train_loss -0.7509
2025-11-21 09:21:19.139048: val_loss -0.7534
2025-11-21 09:21:19.139150: Pseudo dice [np.float32(0.902), np.float32(0.7515), np.float32(0.0)]
2025-11-21 09:21:19.139300: Epoch time: 69.98 s
2025-11-21 09:21:20.283142: 
2025-11-21 09:21:20.283415: Epoch 722
2025-11-21 09:21:20.283620: Current learning rate: 0.00316
2025-11-21 09:22:30.589346: train_loss -0.7582
2025-11-21 09:22:30.589715: val_loss -0.7416
2025-11-21 09:22:30.589883: Pseudo dice [np.float32(0.8882), np.float32(0.7235), np.float32(0.0)]
2025-11-21 09:22:30.589989: Epoch time: 70.31 s
2025-11-21 09:22:31.838921: 
2025-11-21 09:22:31.839142: Epoch 723
2025-11-21 09:22:31.839316: Current learning rate: 0.00315
2025-11-21 09:23:41.635015: train_loss -0.7543
2025-11-21 09:23:41.635288: val_loss -0.7756
2025-11-21 09:23:41.635391: Pseudo dice [np.float32(0.9009), np.float32(0.7398), np.float32(0.0)]
2025-11-21 09:23:41.635492: Epoch time: 69.8 s
2025-11-21 09:23:43.539310: 
2025-11-21 09:23:43.539629: Epoch 724
2025-11-21 09:23:43.539762: Current learning rate: 0.00314
2025-11-21 09:24:55.583028: train_loss -0.7632
2025-11-21 09:24:55.584045: val_loss -0.7631
2025-11-21 09:24:55.584156: Pseudo dice [np.float32(0.9029), np.float32(0.743), np.float32(0.0)]
2025-11-21 09:24:55.584269: Epoch time: 72.04 s
2025-11-21 09:24:57.134624: 
2025-11-21 09:24:57.134851: Epoch 725
2025-11-21 09:24:57.134987: Current learning rate: 0.00313
2025-11-21 09:26:11.613662: train_loss -0.7705
2025-11-21 09:26:11.613930: val_loss -0.7549
2025-11-21 09:26:11.614034: Pseudo dice [np.float32(0.9092), np.float32(0.7526), np.float32(0.0)]
2025-11-21 09:26:11.614136: Epoch time: 74.48 s
2025-11-21 09:26:13.217959: 
2025-11-21 09:26:13.218221: Epoch 726
2025-11-21 09:26:13.218334: Current learning rate: 0.00312
2025-11-21 09:27:21.225089: train_loss -0.7534
2025-11-21 09:27:21.225374: val_loss -0.7642
2025-11-21 09:27:21.225471: Pseudo dice [np.float32(0.903), np.float32(0.7579), np.float32(0.0)]
2025-11-21 09:27:21.225564: Epoch time: 68.01 s
2025-11-21 09:27:23.311222: 
2025-11-21 09:27:23.311428: Epoch 727
2025-11-21 09:27:23.311545: Current learning rate: 0.00311
2025-11-21 09:28:32.729487: train_loss -0.764
2025-11-21 09:28:32.736958: val_loss -0.7601
2025-11-21 09:28:32.737208: Pseudo dice [np.float32(0.8973), np.float32(0.7407), np.float32(0.0)]
2025-11-21 09:28:32.737323: Epoch time: 69.42 s
2025-11-21 09:28:33.957935: 
2025-11-21 09:28:33.958143: Epoch 728
2025-11-21 09:28:33.958273: Current learning rate: 0.0031
2025-11-21 09:29:45.522134: train_loss -0.7547
2025-11-21 09:29:45.522499: val_loss -0.7659
2025-11-21 09:29:45.522616: Pseudo dice [np.float32(0.9102), np.float32(0.7529), np.float32(0.0)]
2025-11-21 09:29:45.522726: Epoch time: 71.57 s
2025-11-21 09:29:47.366786: 
2025-11-21 09:29:47.367059: Epoch 729
2025-11-21 09:29:47.367203: Current learning rate: 0.00309
2025-11-21 09:30:54.244481: train_loss -0.7576
2025-11-21 09:30:54.244825: val_loss -0.7562
2025-11-21 09:30:54.244932: Pseudo dice [np.float32(0.9028), np.float32(0.7364), np.float32(0.0)]
2025-11-21 09:30:54.245034: Epoch time: 66.88 s
2025-11-21 09:30:55.844510: 
2025-11-21 09:30:55.844752: Epoch 730
2025-11-21 09:30:55.844879: Current learning rate: 0.00308
2025-11-21 09:32:07.934466: train_loss -0.757
2025-11-21 09:32:07.934733: val_loss -0.7608
2025-11-21 09:32:07.934838: Pseudo dice [np.float32(0.8978), np.float32(0.7488), np.float32(0.0)]
2025-11-21 09:32:07.934942: Epoch time: 72.09 s
2025-11-21 09:32:09.092497: 
2025-11-21 09:32:09.092768: Epoch 731
2025-11-21 09:32:09.092931: Current learning rate: 0.00307
2025-11-21 09:33:16.456704: train_loss -0.7618
2025-11-21 09:33:16.457103: val_loss -0.7561
2025-11-21 09:33:16.457220: Pseudo dice [np.float32(0.9016), np.float32(0.7454), np.float32(0.0)]
2025-11-21 09:33:16.457325: Epoch time: 67.37 s
2025-11-21 09:33:18.122737: 
2025-11-21 09:33:18.122961: Epoch 732
2025-11-21 09:33:18.123085: Current learning rate: 0.00306
2025-11-21 09:34:29.986105: train_loss -0.7384
2025-11-21 09:34:29.987117: val_loss -0.7791
2025-11-21 09:34:29.987242: Pseudo dice [np.float32(0.9038), np.float32(0.7625), np.float32(0.0)]
2025-11-21 09:34:29.987348: Epoch time: 71.86 s
2025-11-21 09:34:32.315942: 
2025-11-21 09:34:32.316149: Epoch 733
2025-11-21 09:34:32.316273: Current learning rate: 0.00305
2025-11-21 09:35:39.631684: train_loss -0.7547
2025-11-21 09:35:39.632673: val_loss -0.7656
2025-11-21 09:35:39.632794: Pseudo dice [np.float32(0.8972), np.float32(0.7393), np.float32(0.0)]
2025-11-21 09:35:39.632905: Epoch time: 67.32 s
2025-11-21 09:35:41.869195: 
2025-11-21 09:35:41.869415: Epoch 734
2025-11-21 09:35:41.869533: Current learning rate: 0.00304
2025-11-21 09:36:52.322643: train_loss -0.7613
2025-11-21 09:36:52.323015: val_loss -0.7601
2025-11-21 09:36:52.323134: Pseudo dice [np.float32(0.9063), np.float32(0.7418), np.float32(0.0)]
2025-11-21 09:36:52.323256: Epoch time: 70.45 s
2025-11-21 09:36:54.397047: 
2025-11-21 09:36:54.397262: Epoch 735
2025-11-21 09:36:54.397378: Current learning rate: 0.00303
2025-11-21 09:37:59.467027: train_loss -0.7568
2025-11-21 09:37:59.467279: val_loss -0.7511
2025-11-21 09:37:59.467375: Pseudo dice [np.float32(0.9016), np.float32(0.7376), np.float32(0.0)]
2025-11-21 09:37:59.467471: Epoch time: 65.07 s
2025-11-21 09:38:00.989609: 
2025-11-21 09:38:00.989820: Epoch 736
2025-11-21 09:38:00.990022: Current learning rate: 0.00302
2025-11-21 09:39:11.816471: train_loss -0.7594
2025-11-21 09:39:11.816726: val_loss -0.7628
2025-11-21 09:39:11.816826: Pseudo dice [np.float32(0.9006), np.float32(0.7548), np.float32(0.0)]
2025-11-21 09:39:11.816930: Epoch time: 70.83 s
2025-11-21 09:39:12.985683: 
2025-11-21 09:39:12.985960: Epoch 737
2025-11-21 09:39:12.986089: Current learning rate: 0.00301
2025-11-21 09:40:22.638224: train_loss -0.7437
2025-11-21 09:40:22.638490: val_loss -0.7616
2025-11-21 09:40:22.638592: Pseudo dice [np.float32(0.8901), np.float32(0.7373), np.float32(0.0)]
2025-11-21 09:40:22.638696: Epoch time: 69.65 s
2025-11-21 09:40:24.472757: 
2025-11-21 09:40:24.472941: Epoch 738
2025-11-21 09:40:24.473056: Current learning rate: 0.003
2025-11-21 09:41:38.093973: train_loss -0.7513
2025-11-21 09:41:38.094233: val_loss -0.7417
2025-11-21 09:41:38.094339: Pseudo dice [np.float32(0.9088), np.float32(0.7471), np.float32(0.0)]
2025-11-21 09:41:38.094439: Epoch time: 73.62 s
2025-11-21 09:41:39.302956: 
2025-11-21 09:41:39.303168: Epoch 739
2025-11-21 09:41:39.303294: Current learning rate: 0.00299
2025-11-21 09:42:47.018915: train_loss -0.75
2025-11-21 09:42:47.019286: val_loss -0.7581
2025-11-21 09:42:47.019398: Pseudo dice [np.float32(0.9085), np.float32(0.7689), np.float32(0.0)]
2025-11-21 09:42:47.019502: Epoch time: 67.72 s
2025-11-21 09:42:48.188146: 
2025-11-21 09:42:48.188449: Epoch 740
2025-11-21 09:42:48.188582: Current learning rate: 0.00297
2025-11-21 09:44:00.407341: train_loss -0.7472
2025-11-21 09:44:00.407579: val_loss -0.7563
2025-11-21 09:44:00.408912: Pseudo dice [np.float32(0.9018), np.float32(0.748), np.float32(0.0)]
2025-11-21 09:44:00.409051: Epoch time: 72.22 s
2025-11-21 09:44:02.249847: 
2025-11-21 09:44:02.250054: Epoch 741
2025-11-21 09:44:02.250204: Current learning rate: 0.00296
2025-11-21 09:45:11.523711: train_loss -0.7522
2025-11-21 09:45:11.524989: val_loss -0.7753
2025-11-21 09:45:11.525128: Pseudo dice [np.float32(0.8976), np.float32(0.7599), np.float32(0.0)]
2025-11-21 09:45:11.525247: Epoch time: 69.27 s
2025-11-21 09:45:12.849729: 
2025-11-21 09:45:12.849984: Epoch 742
2025-11-21 09:45:12.850142: Current learning rate: 0.00295
2025-11-21 09:46:18.488263: train_loss -0.7658
2025-11-21 09:46:18.488502: val_loss -0.7546
2025-11-21 09:46:18.488609: Pseudo dice [np.float32(0.9058), np.float32(0.7532), np.float32(0.0)]
2025-11-21 09:46:18.488709: Epoch time: 65.64 s
2025-11-21 09:46:19.738271: 
2025-11-21 09:46:19.738469: Epoch 743
2025-11-21 09:46:19.738583: Current learning rate: 0.00294
2025-11-21 09:47:32.116002: train_loss -0.7627
2025-11-21 09:47:32.116283: val_loss -0.7911
2025-11-21 09:47:32.116396: Pseudo dice [np.float32(0.9056), np.float32(0.7576), np.float32(0.0)]
2025-11-21 09:47:32.116504: Epoch time: 72.38 s
2025-11-21 09:47:33.358323: 
2025-11-21 09:47:33.358538: Epoch 744
2025-11-21 09:47:33.358659: Current learning rate: 0.00293
2025-11-21 09:48:42.742868: train_loss -0.7631
2025-11-21 09:48:42.743131: val_loss -0.7816
2025-11-21 09:48:42.743243: Pseudo dice [np.float32(0.9046), np.float32(0.7487), np.float32(0.0)]
2025-11-21 09:48:42.743344: Epoch time: 69.39 s
2025-11-21 09:48:43.889073: 
2025-11-21 09:48:43.889275: Epoch 745
2025-11-21 09:48:43.889444: Current learning rate: 0.00292
2025-11-21 09:49:51.082904: train_loss -0.762
2025-11-21 09:49:51.083187: val_loss -0.7562
2025-11-21 09:49:51.083296: Pseudo dice [np.float32(0.9025), np.float32(0.7406), np.float32(0.0)]
2025-11-21 09:49:51.083423: Epoch time: 67.19 s
2025-11-21 09:49:52.245181: 
2025-11-21 09:49:52.245424: Epoch 746
2025-11-21 09:49:52.245545: Current learning rate: 0.00291
2025-11-21 09:50:58.373504: train_loss -0.76
2025-11-21 09:50:58.373827: val_loss -0.753
2025-11-21 09:50:58.373951: Pseudo dice [np.float32(0.8982), np.float32(0.7516), np.float32(0.0)]
2025-11-21 09:50:58.374064: Epoch time: 66.13 s
2025-11-21 09:50:59.524272: 
2025-11-21 09:50:59.524522: Epoch 747
2025-11-21 09:50:59.524673: Current learning rate: 0.0029
2025-11-21 09:52:07.389679: train_loss -0.7527
2025-11-21 09:52:07.390046: val_loss -0.7828
2025-11-21 09:52:07.390155: Pseudo dice [np.float32(0.9066), np.float32(0.7419), np.float32(0.0)]
2025-11-21 09:52:07.390263: Epoch time: 67.87 s
2025-11-21 09:52:08.678576: 
2025-11-21 09:52:08.678879: Epoch 748
2025-11-21 09:52:08.679011: Current learning rate: 0.00289
2025-11-21 09:53:20.027719: train_loss -0.7653
2025-11-21 09:53:20.028001: val_loss -0.7659
2025-11-21 09:53:20.028105: Pseudo dice [np.float32(0.9098), np.float32(0.752), np.float32(0.0)]
2025-11-21 09:53:20.028214: Epoch time: 71.35 s
2025-11-21 09:53:21.931448: 
2025-11-21 09:53:21.931675: Epoch 749
2025-11-21 09:53:21.931797: Current learning rate: 0.00288
2025-11-21 09:54:30.256494: train_loss -0.7418
2025-11-21 09:54:30.256735: val_loss -0.7599
2025-11-21 09:54:30.256841: Pseudo dice [np.float32(0.9064), np.float32(0.7449), np.float32(0.0)]
2025-11-21 09:54:30.257024: Epoch time: 68.33 s
2025-11-21 09:54:31.754491: 
2025-11-21 09:54:31.754719: Epoch 750
2025-11-21 09:54:31.754838: Current learning rate: 0.00287
2025-11-21 09:55:40.471534: train_loss -0.7422
2025-11-21 09:55:40.471822: val_loss -0.7533
2025-11-21 09:55:40.471928: Pseudo dice [np.float32(0.8932), np.float32(0.7476), np.float32(0.0)]
2025-11-21 09:55:40.472032: Epoch time: 68.72 s
2025-11-21 09:55:42.361063: 
2025-11-21 09:55:42.361269: Epoch 751
2025-11-21 09:55:42.361447: Current learning rate: 0.00286
2025-11-21 09:56:50.769221: train_loss -0.7706
2025-11-21 09:56:50.773782: val_loss -0.751
2025-11-21 09:56:50.773975: Pseudo dice [np.float32(0.9008), np.float32(0.7579), np.float32(0.0)]
2025-11-21 09:56:50.774080: Epoch time: 68.41 s
2025-11-21 09:56:52.003929: 
2025-11-21 09:56:52.004206: Epoch 752
2025-11-21 09:56:52.004356: Current learning rate: 0.00285
2025-11-21 09:57:59.349248: train_loss -0.7584
2025-11-21 09:57:59.349503: val_loss -0.7678
2025-11-21 09:57:59.349627: Pseudo dice [np.float32(0.9064), np.float32(0.7523), np.float32(0.0)]
2025-11-21 09:57:59.349736: Epoch time: 67.35 s
2025-11-21 09:58:00.882162: 
2025-11-21 09:58:00.882434: Epoch 753
2025-11-21 09:58:00.882554: Current learning rate: 0.00284
2025-11-21 09:59:07.063696: train_loss -0.7646
2025-11-21 09:59:07.065644: val_loss -0.7633
2025-11-21 09:59:07.065765: Pseudo dice [np.float32(0.8986), np.float32(0.7443), np.float32(0.0)]
2025-11-21 09:59:07.065867: Epoch time: 66.18 s
2025-11-21 09:59:09.505446: 
2025-11-21 09:59:09.505663: Epoch 754
2025-11-21 09:59:09.505784: Current learning rate: 0.00283
2025-11-21 10:00:21.356186: train_loss -0.7534
2025-11-21 10:00:21.356544: val_loss -0.7396
2025-11-21 10:00:21.356654: Pseudo dice [np.float32(0.8965), np.float32(0.7445), np.float32(0.0)]
2025-11-21 10:00:21.356758: Epoch time: 71.85 s
2025-11-21 10:00:22.530898: 
2025-11-21 10:00:22.531212: Epoch 755
2025-11-21 10:00:22.531337: Current learning rate: 0.00282
2025-11-21 10:01:34.406804: train_loss -0.7668
2025-11-21 10:01:34.407070: val_loss -0.7622
2025-11-21 10:01:34.407177: Pseudo dice [np.float32(0.9156), np.float32(0.7465), np.float32(0.0)]
2025-11-21 10:01:34.407280: Epoch time: 71.88 s
2025-11-21 10:01:35.649546: 
2025-11-21 10:01:35.649836: Epoch 756
2025-11-21 10:01:35.649975: Current learning rate: 0.00281
2025-11-21 10:02:44.081755: train_loss -0.7724
2025-11-21 10:02:44.082121: val_loss -0.749
2025-11-21 10:02:44.082233: Pseudo dice [np.float32(0.9051), np.float32(0.7415), np.float32(0.0)]
2025-11-21 10:02:44.082337: Epoch time: 68.43 s
2025-11-21 10:02:45.268038: 
2025-11-21 10:02:45.268235: Epoch 757
2025-11-21 10:02:45.268352: Current learning rate: 0.0028
2025-11-21 10:03:57.960438: train_loss -0.7548
2025-11-21 10:03:57.960706: val_loss -0.7438
2025-11-21 10:03:57.960809: Pseudo dice [np.float32(0.9102), np.float32(0.7405), np.float32(0.0)]
2025-11-21 10:03:57.960912: Epoch time: 72.69 s
2025-11-21 10:03:59.646951: 
2025-11-21 10:03:59.647206: Epoch 758
2025-11-21 10:03:59.647333: Current learning rate: 0.00279
2025-11-21 10:05:13.301578: train_loss -0.7706
2025-11-21 10:05:13.301868: val_loss -0.759
2025-11-21 10:05:13.301974: Pseudo dice [np.float32(0.8996), np.float32(0.7509), np.float32(0.0)]
2025-11-21 10:05:13.302076: Epoch time: 73.66 s
2025-11-21 10:05:14.839988: 
2025-11-21 10:05:14.840214: Epoch 759
2025-11-21 10:05:14.840336: Current learning rate: 0.00278
2025-11-21 10:06:26.400544: train_loss -0.7727
2025-11-21 10:06:26.400815: val_loss -0.768
2025-11-21 10:06:26.400919: Pseudo dice [np.float32(0.9027), np.float32(0.7584), np.float32(0.0)]
2025-11-21 10:06:26.401022: Epoch time: 71.56 s
2025-11-21 10:06:27.594491: 
2025-11-21 10:06:27.594745: Epoch 760
2025-11-21 10:06:27.594869: Current learning rate: 0.00277
2025-11-21 10:07:38.219556: train_loss -0.7684
2025-11-21 10:07:38.219950: val_loss -0.7795
2025-11-21 10:07:38.220048: Pseudo dice [np.float32(0.9011), np.float32(0.7394), np.float32(0.0)]
2025-11-21 10:07:38.220146: Epoch time: 70.63 s
2025-11-21 10:07:39.502700: 
2025-11-21 10:07:39.502973: Epoch 761
2025-11-21 10:07:39.503093: Current learning rate: 0.00276
2025-11-21 10:08:52.806980: train_loss -0.7511
2025-11-21 10:08:52.807207: val_loss -0.7423
2025-11-21 10:08:52.807304: Pseudo dice [np.float32(0.8958), np.float32(0.7373), np.float32(0.0)]
2025-11-21 10:08:52.807394: Epoch time: 73.31 s
2025-11-21 10:08:54.551105: 
2025-11-21 10:08:54.551390: Epoch 762
2025-11-21 10:08:54.551512: Current learning rate: 0.00275
2025-11-21 10:10:03.009889: train_loss -0.7589
2025-11-21 10:10:03.010291: val_loss -0.7739
2025-11-21 10:10:03.010408: Pseudo dice [np.float32(0.9045), np.float32(0.7564), np.float32(0.0)]
2025-11-21 10:10:03.010511: Epoch time: 68.46 s
2025-11-21 10:10:04.186674: 
2025-11-21 10:10:04.186850: Epoch 763
2025-11-21 10:10:04.186968: Current learning rate: 0.00274
2025-11-21 10:11:14.159745: train_loss -0.7564
2025-11-21 10:11:14.160027: val_loss -0.7653
2025-11-21 10:11:14.160130: Pseudo dice [np.float32(0.9126), np.float32(0.74), np.float32(0.0)]
2025-11-21 10:11:14.160237: Epoch time: 69.97 s
2025-11-21 10:11:15.321984: 
2025-11-21 10:11:15.322254: Epoch 764
2025-11-21 10:11:15.322398: Current learning rate: 0.00273
2025-11-21 10:12:23.707308: train_loss -0.7666
2025-11-21 10:12:23.707584: val_loss -0.7395
2025-11-21 10:12:23.707687: Pseudo dice [np.float32(0.907), np.float32(0.7595), np.float32(0.0)]
2025-11-21 10:12:23.718055: Epoch time: 68.39 s
2025-11-21 10:12:25.784519: 
2025-11-21 10:12:25.784752: Epoch 765
2025-11-21 10:12:25.784868: Current learning rate: 0.00272
2025-11-21 10:13:35.816372: train_loss -0.7667
2025-11-21 10:13:35.816648: val_loss -0.7363
2025-11-21 10:13:35.816742: Pseudo dice [np.float32(0.9026), np.float32(0.7249), np.float32(0.0)]
2025-11-21 10:13:35.816837: Epoch time: 70.03 s
2025-11-21 10:13:37.912772: 
2025-11-21 10:13:37.913049: Epoch 766
2025-11-21 10:13:37.913158: Current learning rate: 0.00271
2025-11-21 10:14:49.941717: train_loss -0.7674
2025-11-21 10:14:49.942000: val_loss -0.7624
2025-11-21 10:14:49.942105: Pseudo dice [np.float32(0.9021), np.float32(0.7436), np.float32(0.0)]
2025-11-21 10:14:49.942214: Epoch time: 72.03 s
2025-11-21 10:14:51.896417: 
2025-11-21 10:14:51.896613: Epoch 767
2025-11-21 10:14:51.896730: Current learning rate: 0.0027
2025-11-21 10:16:03.624712: train_loss -0.7528
2025-11-21 10:16:03.625011: val_loss -0.7528
2025-11-21 10:16:03.625115: Pseudo dice [np.float32(0.9072), np.float32(0.7626), np.float32(0.0)]
2025-11-21 10:16:03.625317: Epoch time: 71.73 s
2025-11-21 10:16:05.815209: 
2025-11-21 10:16:05.815436: Epoch 768
2025-11-21 10:16:05.815563: Current learning rate: 0.00268
2025-11-21 10:17:15.204039: train_loss -0.7537
2025-11-21 10:17:15.204322: val_loss -0.7514
2025-11-21 10:17:15.204435: Pseudo dice [np.float32(0.9104), np.float32(0.7471), np.float32(0.0)]
2025-11-21 10:17:15.204544: Epoch time: 69.39 s
2025-11-21 10:17:17.210132: 
2025-11-21 10:17:17.210413: Epoch 769
2025-11-21 10:17:17.210542: Current learning rate: 0.00267
2025-11-21 10:18:26.295636: train_loss -0.7487
2025-11-21 10:18:26.295942: val_loss -0.7485
2025-11-21 10:18:26.296054: Pseudo dice [np.float32(0.905), np.float32(0.7502), np.float32(0.0)]
2025-11-21 10:18:26.296168: Epoch time: 69.09 s
2025-11-21 10:18:27.638081: 
2025-11-21 10:18:27.638273: Epoch 770
2025-11-21 10:18:27.638531: Current learning rate: 0.00266
2025-11-21 10:19:38.555331: train_loss -0.7629
2025-11-21 10:19:38.555669: val_loss -0.7393
2025-11-21 10:19:38.556840: Pseudo dice [np.float32(0.9105), np.float32(0.7411), np.float32(0.0)]
2025-11-21 10:19:38.557041: Epoch time: 70.92 s
2025-11-21 10:19:40.123648: 
2025-11-21 10:19:40.123840: Epoch 771
2025-11-21 10:19:40.123959: Current learning rate: 0.00265
2025-11-21 10:20:50.280464: train_loss -0.7635
2025-11-21 10:20:50.280727: val_loss -0.7645
2025-11-21 10:20:50.280829: Pseudo dice [np.float32(0.9075), np.float32(0.7538), np.float32(0.0)]
2025-11-21 10:20:50.286179: Epoch time: 70.16 s
2025-11-21 10:20:51.572905: 
2025-11-21 10:20:51.573107: Epoch 772
2025-11-21 10:20:51.573233: Current learning rate: 0.00264
2025-11-21 10:21:58.126763: train_loss -0.7702
2025-11-21 10:21:58.127006: val_loss -0.7628
2025-11-21 10:21:58.127115: Pseudo dice [np.float32(0.9035), np.float32(0.7599), np.float32(0.0)]
2025-11-21 10:21:58.128361: Epoch time: 66.55 s
2025-11-21 10:21:59.948267: 
2025-11-21 10:21:59.948467: Epoch 773
2025-11-21 10:21:59.948582: Current learning rate: 0.00263
2025-11-21 10:23:11.993397: train_loss -0.7446
2025-11-21 10:23:11.997975: val_loss -0.746
2025-11-21 10:23:11.998121: Pseudo dice [np.float32(0.9086), np.float32(0.7458), np.float32(0.0)]
2025-11-21 10:23:11.998236: Epoch time: 72.05 s
2025-11-21 10:23:13.575391: 
2025-11-21 10:23:13.575580: Epoch 774
2025-11-21 10:23:13.575693: Current learning rate: 0.00262
2025-11-21 10:24:25.395002: train_loss -0.7557
2025-11-21 10:24:25.395406: val_loss -0.7474
2025-11-21 10:24:25.395524: Pseudo dice [np.float32(0.906), np.float32(0.7429), np.float32(0.0)]
2025-11-21 10:24:25.395637: Epoch time: 71.82 s
2025-11-21 10:24:26.606066: 
2025-11-21 10:24:26.606269: Epoch 775
2025-11-21 10:24:26.606378: Current learning rate: 0.00261
2025-11-21 10:25:33.937056: train_loss -0.7701
2025-11-21 10:25:33.939041: val_loss -0.7477
2025-11-21 10:25:33.939150: Pseudo dice [np.float32(0.903), np.float32(0.7516), np.float32(0.0)]
2025-11-21 10:25:33.939272: Epoch time: 67.33 s
2025-11-21 10:25:35.936695: 
2025-11-21 10:25:35.936897: Epoch 776
2025-11-21 10:25:35.937005: Current learning rate: 0.0026
2025-11-21 10:26:47.900683: train_loss -0.7621
2025-11-21 10:26:47.900943: val_loss -0.747
2025-11-21 10:26:47.901035: Pseudo dice [np.float32(0.9044), np.float32(0.7474), np.float32(0.0)]
2025-11-21 10:26:47.901127: Epoch time: 71.96 s
2025-11-21 10:26:49.335858: 
2025-11-21 10:26:49.336109: Epoch 777
2025-11-21 10:26:49.336246: Current learning rate: 0.00259
2025-11-21 10:27:55.643266: train_loss -0.7477
2025-11-21 10:27:55.643494: val_loss -0.7483
2025-11-21 10:27:55.643598: Pseudo dice [np.float32(0.9079), np.float32(0.7537), np.float32(0.0)]
2025-11-21 10:27:55.643702: Epoch time: 66.31 s
2025-11-21 10:27:57.133235: 
2025-11-21 10:27:57.133534: Epoch 778
2025-11-21 10:27:57.133694: Current learning rate: 0.00258
2025-11-21 10:29:06.996948: train_loss -0.7523
2025-11-21 10:29:06.997226: val_loss -0.7704
2025-11-21 10:29:06.997342: Pseudo dice [np.float32(0.9015), np.float32(0.7537), np.float32(0.0)]
2025-11-21 10:29:06.997503: Epoch time: 69.86 s
2025-11-21 10:29:08.217948: 
2025-11-21 10:29:08.218178: Epoch 779
2025-11-21 10:29:08.218306: Current learning rate: 0.00257
2025-11-21 10:30:19.267051: train_loss -0.7469
2025-11-21 10:30:19.267343: val_loss -0.7669
2025-11-21 10:30:19.267469: Pseudo dice [np.float32(0.9107), np.float32(0.7574), np.float32(0.0)]
2025-11-21 10:30:19.267580: Epoch time: 71.05 s
2025-11-21 10:30:20.472748: 
2025-11-21 10:30:20.473070: Epoch 780
2025-11-21 10:30:20.473207: Current learning rate: 0.00256
2025-11-21 10:31:31.515509: train_loss -0.7543
2025-11-21 10:31:31.515810: val_loss -0.7719
2025-11-21 10:31:31.515928: Pseudo dice [np.float32(0.9056), np.float32(0.7532), np.float32(0.0)]
2025-11-21 10:31:31.516042: Epoch time: 71.04 s
2025-11-21 10:31:32.794068: 
2025-11-21 10:31:32.794272: Epoch 781
2025-11-21 10:31:32.794390: Current learning rate: 0.00255
2025-11-21 10:32:40.332668: train_loss -0.7741
2025-11-21 10:32:40.332950: val_loss -0.7603
2025-11-21 10:32:40.333062: Pseudo dice [np.float32(0.912), np.float32(0.7496), np.float32(0.0)]
2025-11-21 10:32:40.333178: Epoch time: 67.54 s
2025-11-21 10:32:41.577458: 
2025-11-21 10:32:41.577668: Epoch 782
2025-11-21 10:32:41.577791: Current learning rate: 0.00254
2025-11-21 10:33:54.846232: train_loss -0.7726
2025-11-21 10:33:54.848091: val_loss -0.7419
2025-11-21 10:33:54.848203: Pseudo dice [np.float32(0.9097), np.float32(0.7434), np.float32(0.0)]
2025-11-21 10:33:54.848299: Epoch time: 73.27 s
2025-11-21 10:33:56.124099: 
2025-11-21 10:33:56.124377: Epoch 783
2025-11-21 10:33:56.124505: Current learning rate: 0.00253
2025-11-21 10:35:11.238531: train_loss -0.7581
2025-11-21 10:35:11.238810: val_loss -0.7685
2025-11-21 10:35:11.238916: Pseudo dice [np.float32(0.9011), np.float32(0.7341), np.float32(0.0)]
2025-11-21 10:35:11.239020: Epoch time: 75.12 s
2025-11-21 10:35:13.237084: 
2025-11-21 10:35:13.237324: Epoch 784
2025-11-21 10:35:13.237454: Current learning rate: 0.00252
2025-11-21 10:36:22.970398: train_loss -0.7668
2025-11-21 10:36:22.970745: val_loss -0.8044
2025-11-21 10:36:22.970850: Pseudo dice [np.float32(0.8954), np.float32(0.7437), np.float32(0.0)]
2025-11-21 10:36:22.970952: Epoch time: 69.73 s
2025-11-21 10:36:24.214359: 
2025-11-21 10:36:24.214560: Epoch 785
2025-11-21 10:36:24.214682: Current learning rate: 0.00251
2025-11-21 10:37:32.620340: train_loss -0.7622
2025-11-21 10:37:32.620608: val_loss -0.7611
2025-11-21 10:37:32.620733: Pseudo dice [np.float32(0.9028), np.float32(0.7452), np.float32(0.0)]
2025-11-21 10:37:32.620857: Epoch time: 68.41 s
2025-11-21 10:37:33.793329: 
2025-11-21 10:37:33.793541: Epoch 786
2025-11-21 10:37:33.793656: Current learning rate: 0.0025
2025-11-21 10:38:42.717335: train_loss -0.7677
2025-11-21 10:38:42.717609: val_loss -0.77
2025-11-21 10:38:42.717714: Pseudo dice [np.float32(0.8958), np.float32(0.7438), np.float32(0.0)]
2025-11-21 10:38:42.717819: Epoch time: 68.92 s
2025-11-21 10:38:43.871540: 
2025-11-21 10:38:43.871766: Epoch 787
2025-11-21 10:38:43.871879: Current learning rate: 0.00249
2025-11-21 10:39:50.683442: train_loss -0.7507
2025-11-21 10:39:50.683826: val_loss -0.7614
2025-11-21 10:39:50.683937: Pseudo dice [np.float32(0.9207), np.float32(0.7503), np.float32(0.0)]
2025-11-21 10:39:50.684041: Epoch time: 66.81 s
2025-11-21 10:39:52.907695: 
2025-11-21 10:39:52.907927: Epoch 788
2025-11-21 10:39:52.908052: Current learning rate: 0.00248
2025-11-21 10:41:04.150487: train_loss -0.7531
2025-11-21 10:41:04.150760: val_loss -0.7639
2025-11-21 10:41:04.150866: Pseudo dice [np.float32(0.9126), np.float32(0.7539), np.float32(0.0)]
2025-11-21 10:41:04.150968: Epoch time: 71.24 s
2025-11-21 10:41:05.546579: 
2025-11-21 10:41:05.546835: Epoch 789
2025-11-21 10:41:05.546950: Current learning rate: 0.00247
2025-11-21 10:42:12.520076: train_loss -0.7603
2025-11-21 10:42:12.520351: val_loss -0.7839
2025-11-21 10:42:12.520455: Pseudo dice [np.float32(0.9047), np.float32(0.7341), np.float32(0.0)]
2025-11-21 10:42:12.520559: Epoch time: 66.97 s
2025-11-21 10:42:13.689267: 
2025-11-21 10:42:13.689554: Epoch 790
2025-11-21 10:42:13.689687: Current learning rate: 0.00245
2025-11-21 10:43:22.528388: train_loss -0.771
2025-11-21 10:43:22.528643: val_loss -0.7421
2025-11-21 10:43:22.528734: Pseudo dice [np.float32(0.9079), np.float32(0.7408), np.float32(0.0)]
2025-11-21 10:43:22.528827: Epoch time: 68.84 s
2025-11-21 10:43:24.506420: 
2025-11-21 10:43:24.506654: Epoch 791
2025-11-21 10:43:24.506778: Current learning rate: 0.00244
2025-11-21 10:44:34.734318: train_loss -0.7688
2025-11-21 10:44:34.734684: val_loss -0.7672
2025-11-21 10:44:34.734791: Pseudo dice [np.float32(0.905), np.float32(0.7601), np.float32(0.0)]
2025-11-21 10:44:34.734895: Epoch time: 70.23 s
2025-11-21 10:44:36.421712: 
2025-11-21 10:44:36.421933: Epoch 792
2025-11-21 10:44:36.422053: Current learning rate: 0.00243
2025-11-21 10:45:44.460014: train_loss -0.7645
2025-11-21 10:45:44.462503: val_loss -0.7537
2025-11-21 10:45:44.462650: Pseudo dice [np.float32(0.8962), np.float32(0.727), np.float32(0.0)]
2025-11-21 10:45:44.462768: Epoch time: 68.04 s
2025-11-21 10:45:45.736397: 
2025-11-21 10:45:45.736632: Epoch 793
2025-11-21 10:45:45.736749: Current learning rate: 0.00242
2025-11-21 10:46:52.331144: train_loss -0.7552
2025-11-21 10:46:52.331409: val_loss -0.7647
2025-11-21 10:46:52.331514: Pseudo dice [np.float32(0.8996), np.float32(0.7431), np.float32(0.0)]
2025-11-21 10:46:52.331620: Epoch time: 66.6 s
2025-11-21 10:46:53.537786: 
2025-11-21 10:46:53.537995: Epoch 794
2025-11-21 10:46:53.538118: Current learning rate: 0.00241
2025-11-21 10:47:59.646701: train_loss -0.7665
2025-11-21 10:47:59.647022: val_loss -0.762
2025-11-21 10:47:59.647140: Pseudo dice [np.float32(0.9), np.float32(0.7532), np.float32(0.0)]
2025-11-21 10:47:59.647265: Epoch time: 66.11 s
2025-11-21 10:48:00.819208: 
2025-11-21 10:48:00.819401: Epoch 795
2025-11-21 10:48:00.819515: Current learning rate: 0.0024
2025-11-21 10:49:07.795040: train_loss -0.7588
2025-11-21 10:49:07.795313: val_loss -0.776
2025-11-21 10:49:07.795420: Pseudo dice [np.float32(0.9005), np.float32(0.747), np.float32(0.0)]
2025-11-21 10:49:07.795523: Epoch time: 66.98 s
2025-11-21 10:49:09.853266: 
2025-11-21 10:49:09.853552: Epoch 796
2025-11-21 10:49:09.853672: Current learning rate: 0.00239
2025-11-21 10:50:17.529810: train_loss -0.7704
2025-11-21 10:50:17.530082: val_loss -0.7505
2025-11-21 10:50:17.530188: Pseudo dice [np.float32(0.8984), np.float32(0.7619), np.float32(0.0)]
2025-11-21 10:50:17.530289: Epoch time: 67.68 s
2025-11-21 10:50:18.847913: 
2025-11-21 10:50:18.848190: Epoch 797
2025-11-21 10:50:18.848311: Current learning rate: 0.00238
2025-11-21 10:51:29.343606: train_loss -0.7553
2025-11-21 10:51:29.343884: val_loss -0.7673
2025-11-21 10:51:29.343986: Pseudo dice [np.float32(0.9053), np.float32(0.7534), np.float32(0.0)]
2025-11-21 10:51:29.344089: Epoch time: 70.5 s
2025-11-21 10:51:30.521294: 
2025-11-21 10:51:30.521467: Epoch 798
2025-11-21 10:51:30.521580: Current learning rate: 0.00237
2025-11-21 10:52:45.496650: train_loss -0.7668
2025-11-21 10:52:45.498404: val_loss -0.7519
2025-11-21 10:52:45.498551: Pseudo dice [np.float32(0.9092), np.float32(0.7547), np.float32(0.0)]
2025-11-21 10:52:45.498653: Epoch time: 74.98 s
2025-11-21 10:52:46.873385: 
2025-11-21 10:52:46.873558: Epoch 799
2025-11-21 10:52:46.873713: Current learning rate: 0.00236
2025-11-21 10:54:00.028737: train_loss -0.7725
2025-11-21 10:54:00.029180: val_loss -0.7567
2025-11-21 10:54:00.029312: Pseudo dice [np.float32(0.9076), np.float32(0.7545), np.float32(0.0)]
2025-11-21 10:54:00.029428: Epoch time: 73.16 s
2025-11-21 10:54:02.138082: 
2025-11-21 10:54:02.138362: Epoch 800
2025-11-21 10:54:02.138498: Current learning rate: 0.00235
2025-11-21 10:55:11.714679: train_loss -0.7498
2025-11-21 10:55:11.716470: val_loss -0.7705
2025-11-21 10:55:11.716597: Pseudo dice [np.float32(0.9031), np.float32(0.761), np.float32(0.0)]
2025-11-21 10:55:11.716704: Epoch time: 69.58 s
2025-11-21 10:55:13.322558: 
2025-11-21 10:55:13.322748: Epoch 801
2025-11-21 10:55:13.322870: Current learning rate: 0.00234
2025-11-21 10:56:21.624020: train_loss -0.7704
2025-11-21 10:56:21.624310: val_loss -0.7605
2025-11-21 10:56:21.624419: Pseudo dice [np.float32(0.9038), np.float32(0.7557), np.float32(0.0)]
2025-11-21 10:56:21.624522: Epoch time: 68.3 s
2025-11-21 10:56:23.114102: 
2025-11-21 10:56:23.114394: Epoch 802
2025-11-21 10:56:23.114515: Current learning rate: 0.00233
2025-11-21 10:57:32.738075: train_loss -0.7612
2025-11-21 10:57:32.738374: val_loss -0.7368
2025-11-21 10:57:32.738579: Pseudo dice [np.float32(0.8963), np.float32(0.7534), np.float32(0.0)]
2025-11-21 10:57:32.738693: Epoch time: 69.62 s
2025-11-21 10:57:33.976651: 
2025-11-21 10:57:33.976949: Epoch 803
2025-11-21 10:57:33.977086: Current learning rate: 0.00232
2025-11-21 10:58:39.518104: train_loss -0.7668
2025-11-21 10:58:39.518394: val_loss -0.7633
2025-11-21 10:58:39.518509: Pseudo dice [np.float32(0.9051), np.float32(0.7497), np.float32(0.0)]
2025-11-21 10:58:39.518620: Epoch time: 65.54 s
2025-11-21 10:58:41.560776: 
2025-11-21 10:58:41.560998: Epoch 804
2025-11-21 10:58:41.561121: Current learning rate: 0.00231
2025-11-21 10:59:51.025892: train_loss -0.7641
2025-11-21 10:59:51.026460: val_loss -0.7545
2025-11-21 10:59:51.026571: Pseudo dice [np.float32(0.9028), np.float32(0.7444), np.float32(0.0)]
2025-11-21 10:59:51.026670: Epoch time: 69.47 s
2025-11-21 10:59:52.502045: 
2025-11-21 10:59:52.502321: Epoch 805
2025-11-21 10:59:52.502448: Current learning rate: 0.0023
2025-11-21 11:01:01.206078: train_loss -0.7676
2025-11-21 11:01:01.206439: val_loss -0.7518
2025-11-21 11:01:01.206549: Pseudo dice [np.float32(0.9083), np.float32(0.7501), np.float32(0.0)]
2025-11-21 11:01:01.206652: Epoch time: 68.71 s
2025-11-21 11:01:02.719837: 
2025-11-21 11:01:02.720073: Epoch 806
2025-11-21 11:01:02.720198: Current learning rate: 0.00229
2025-11-21 11:02:13.582042: train_loss -0.7745
2025-11-21 11:02:13.582322: val_loss -0.7751
2025-11-21 11:02:13.582430: Pseudo dice [np.float32(0.9046), np.float32(0.7563), np.float32(0.0)]
2025-11-21 11:02:13.582533: Epoch time: 70.86 s
2025-11-21 11:02:14.867491: 
2025-11-21 11:02:14.867691: Epoch 807
2025-11-21 11:02:14.867802: Current learning rate: 0.00228
2025-11-21 11:03:24.215243: train_loss -0.7645
2025-11-21 11:03:24.215494: val_loss -0.7583
2025-11-21 11:03:24.215610: Pseudo dice [np.float32(0.9137), np.float32(0.7571), np.float32(0.0)]
2025-11-21 11:03:24.215721: Epoch time: 69.35 s
2025-11-21 11:03:25.468821: 
2025-11-21 11:03:25.469130: Epoch 808
2025-11-21 11:03:25.469268: Current learning rate: 0.00226
2025-11-21 11:04:39.510075: train_loss -0.7762
2025-11-21 11:04:39.510425: val_loss -0.7585
2025-11-21 11:04:39.510520: Pseudo dice [np.float32(0.9136), np.float32(0.7646), np.float32(0.0)]
2025-11-21 11:04:39.510615: Epoch time: 74.04 s
2025-11-21 11:04:41.141308: 
2025-11-21 11:04:41.141547: Epoch 809
2025-11-21 11:04:41.141665: Current learning rate: 0.00225
2025-11-21 11:05:54.772491: train_loss -0.7605
2025-11-21 11:05:54.772854: val_loss -0.7547
2025-11-21 11:05:54.772955: Pseudo dice [np.float32(0.899), np.float32(0.7336), np.float32(0.0)]
2025-11-21 11:05:54.773048: Epoch time: 73.63 s
2025-11-21 11:05:56.740132: 
2025-11-21 11:05:56.740355: Epoch 810
2025-11-21 11:05:56.740471: Current learning rate: 0.00224
2025-11-21 11:07:08.935529: train_loss -0.7691
2025-11-21 11:07:08.935818: val_loss -0.7815
2025-11-21 11:07:08.935920: Pseudo dice [np.float32(0.8985), np.float32(0.7496), np.float32(0.0)]
2025-11-21 11:07:08.936023: Epoch time: 72.2 s
2025-11-21 11:07:11.143354: 
2025-11-21 11:07:11.143612: Epoch 811
2025-11-21 11:07:11.143729: Current learning rate: 0.00223
2025-11-21 11:08:20.331877: train_loss -0.7562
2025-11-21 11:08:20.332275: val_loss -0.7631
2025-11-21 11:08:20.332376: Pseudo dice [np.float32(0.8969), np.float32(0.7421), np.float32(0.0)]
2025-11-21 11:08:20.332473: Epoch time: 69.19 s
2025-11-21 11:08:22.289943: 
2025-11-21 11:08:22.290166: Epoch 812
2025-11-21 11:08:22.290290: Current learning rate: 0.00222
2025-11-21 11:09:31.082585: train_loss -0.7642
2025-11-21 11:09:31.082861: val_loss -0.7786
2025-11-21 11:09:31.082971: Pseudo dice [np.float32(0.9061), np.float32(0.7472), np.float32(0.0)]
2025-11-21 11:09:31.083145: Epoch time: 68.79 s
2025-11-21 11:09:32.715698: 
2025-11-21 11:09:32.715914: Epoch 813
2025-11-21 11:09:32.716030: Current learning rate: 0.00221
2025-11-21 11:10:40.122798: train_loss -0.772
2025-11-21 11:10:40.123092: val_loss -0.7411
2025-11-21 11:10:40.125448: Pseudo dice [np.float32(0.9021), np.float32(0.7328), np.float32(0.0)]
2025-11-21 11:10:40.125695: Epoch time: 67.41 s
2025-11-21 11:10:41.429029: 
2025-11-21 11:10:41.429284: Epoch 814
2025-11-21 11:10:41.429412: Current learning rate: 0.0022
2025-11-21 11:11:48.131301: train_loss -0.7648
2025-11-21 11:11:48.131587: val_loss -0.7621
2025-11-21 11:11:48.131692: Pseudo dice [np.float32(0.9057), np.float32(0.7639), np.float32(0.0)]
2025-11-21 11:11:48.131796: Epoch time: 66.7 s
2025-11-21 11:11:49.513947: 
2025-11-21 11:11:49.514208: Epoch 815
2025-11-21 11:11:49.514325: Current learning rate: 0.00219
2025-11-21 11:13:01.599794: train_loss -0.7571
2025-11-21 11:13:01.600019: val_loss -0.7552
2025-11-21 11:13:01.600142: Pseudo dice [np.float32(0.9045), np.float32(0.7499), np.float32(0.0)]
2025-11-21 11:13:01.600255: Epoch time: 72.09 s
2025-11-21 11:13:03.228949: 
2025-11-21 11:13:03.229227: Epoch 816
2025-11-21 11:13:03.229357: Current learning rate: 0.00218
2025-11-21 11:14:13.710337: train_loss -0.7664
2025-11-21 11:14:13.710574: val_loss -0.7809
2025-11-21 11:14:13.710690: Pseudo dice [np.float32(0.906), np.float32(0.7471), np.float32(0.0)]
2025-11-21 11:14:13.710798: Epoch time: 70.48 s
2025-11-21 11:14:14.995124: 
2025-11-21 11:14:15.023736: Epoch 817
2025-11-21 11:14:15.023923: Current learning rate: 0.00217
2025-11-21 11:15:22.107330: train_loss -0.7617
2025-11-21 11:15:22.107573: val_loss -0.7345
2025-11-21 11:15:22.107691: Pseudo dice [np.float32(0.903), np.float32(0.7406), np.float32(0.0)]
2025-11-21 11:15:22.107809: Epoch time: 67.11 s
2025-11-21 11:15:23.288199: 
2025-11-21 11:15:23.288383: Epoch 818
2025-11-21 11:15:23.288505: Current learning rate: 0.00216
2025-11-21 11:16:35.392464: train_loss -0.7679
2025-11-21 11:16:35.392741: val_loss -0.7536
2025-11-21 11:16:35.392874: Pseudo dice [np.float32(0.9001), np.float32(0.7491), np.float32(0.0)]
2025-11-21 11:16:35.393011: Epoch time: 72.11 s
2025-11-21 11:16:36.592528: 
2025-11-21 11:16:36.592734: Epoch 819
2025-11-21 11:16:36.592851: Current learning rate: 0.00215
2025-11-21 11:17:43.032121: train_loss -0.7726
2025-11-21 11:17:43.032362: val_loss -0.7477
2025-11-21 11:17:43.032461: Pseudo dice [np.float32(0.9024), np.float32(0.747), np.float32(0.0)]
2025-11-21 11:17:43.034887: Epoch time: 66.44 s
2025-11-21 11:17:44.249154: 
2025-11-21 11:17:44.249407: Epoch 820
2025-11-21 11:17:44.249541: Current learning rate: 0.00214
2025-11-21 11:18:55.866697: train_loss -0.7546
2025-11-21 11:18:55.866910: val_loss -0.7671
2025-11-21 11:18:55.867011: Pseudo dice [np.float32(0.9044), np.float32(0.7424), np.float32(0.0)]
2025-11-21 11:18:55.867115: Epoch time: 71.62 s
2025-11-21 11:18:57.014986: 
2025-11-21 11:18:57.015292: Epoch 821
2025-11-21 11:18:57.015423: Current learning rate: 0.00213
2025-11-21 11:20:06.842321: train_loss -0.7748
2025-11-21 11:20:06.842536: val_loss -0.7451
2025-11-21 11:20:06.842642: Pseudo dice [np.float32(0.9027), np.float32(0.7627), np.float32(0.0)]
2025-11-21 11:20:06.842751: Epoch time: 69.83 s
2025-11-21 11:20:08.512561: 
2025-11-21 11:20:08.512773: Epoch 822
2025-11-21 11:20:08.512931: Current learning rate: 0.00212
2025-11-21 11:21:23.979976: train_loss -0.7548
2025-11-21 11:21:23.980362: val_loss -0.7498
2025-11-21 11:21:23.980463: Pseudo dice [np.float32(0.901), np.float32(0.7363), np.float32(0.0)]
2025-11-21 11:21:23.980556: Epoch time: 75.47 s
2025-11-21 11:21:25.898871: 
2025-11-21 11:21:25.899079: Epoch 823
2025-11-21 11:21:25.899216: Current learning rate: 0.0021
2025-11-21 11:22:37.625771: train_loss -0.7642
2025-11-21 11:22:37.626094: val_loss -0.7511
2025-11-21 11:22:37.626249: Pseudo dice [np.float32(0.9044), np.float32(0.7575), np.float32(0.0)]
2025-11-21 11:22:37.626383: Epoch time: 71.73 s
2025-11-21 11:22:38.793155: 
2025-11-21 11:22:38.793376: Epoch 824
2025-11-21 11:22:38.793555: Current learning rate: 0.00209
2025-11-21 11:23:49.705772: train_loss -0.771
2025-11-21 11:23:49.706128: val_loss -0.7644
2025-11-21 11:23:49.706270: Pseudo dice [np.float32(0.9099), np.float32(0.7619), np.float32(0.0)]
2025-11-21 11:23:49.706381: Epoch time: 70.91 s
2025-11-21 11:23:51.340845: 
2025-11-21 11:23:51.341147: Epoch 825
2025-11-21 11:23:51.341294: Current learning rate: 0.00208
2025-11-21 11:25:01.939346: train_loss -0.7762
2025-11-21 11:25:01.939728: val_loss -0.7824
2025-11-21 11:25:01.939850: Pseudo dice [np.float32(0.9146), np.float32(0.7595), np.float32(0.0)]
2025-11-21 11:25:01.939965: Epoch time: 70.6 s
2025-11-21 11:25:03.209146: 
2025-11-21 11:25:03.209370: Epoch 826
2025-11-21 11:25:03.209507: Current learning rate: 0.00207
2025-11-21 11:26:13.597827: train_loss -0.7693
2025-11-21 11:26:13.598090: val_loss -0.7765
2025-11-21 11:26:13.598202: Pseudo dice [np.float32(0.9081), np.float32(0.7472), np.float32(0.0)]
2025-11-21 11:26:13.598307: Epoch time: 70.39 s
2025-11-21 11:26:14.954878: 
2025-11-21 11:26:14.955101: Epoch 827
2025-11-21 11:26:14.955234: Current learning rate: 0.00206
2025-11-21 11:27:23.585152: train_loss -0.7591
2025-11-21 11:27:23.585392: val_loss -0.7811
2025-11-21 11:27:23.585497: Pseudo dice [np.float32(0.9045), np.float32(0.751), np.float32(0.0)]
2025-11-21 11:27:23.585599: Epoch time: 68.63 s
2025-11-21 11:27:25.241872: 
2025-11-21 11:27:25.242145: Epoch 828
2025-11-21 11:27:25.242284: Current learning rate: 0.00205
2025-11-21 11:28:30.984584: train_loss -0.7543
2025-11-21 11:28:30.984847: val_loss -0.7457
2025-11-21 11:28:30.984966: Pseudo dice [np.float32(0.9113), np.float32(0.7511), np.float32(0.0)]
2025-11-21 11:28:30.985095: Epoch time: 65.74 s
2025-11-21 11:28:32.548713: 
2025-11-21 11:28:32.548948: Epoch 829
2025-11-21 11:28:32.549069: Current learning rate: 0.00204
2025-11-21 11:29:46.531160: train_loss -0.7603
2025-11-21 11:29:46.531440: val_loss -0.7304
2025-11-21 11:29:46.531553: Pseudo dice [np.float32(0.9069), np.float32(0.7424), np.float32(0.0)]
2025-11-21 11:29:46.531657: Epoch time: 73.98 s
2025-11-21 11:29:47.678126: 
2025-11-21 11:29:47.678371: Epoch 830
2025-11-21 11:29:47.678494: Current learning rate: 0.00203
2025-11-21 11:31:00.350431: train_loss -0.7643
2025-11-21 11:31:00.350718: val_loss -0.7351
2025-11-21 11:31:00.350834: Pseudo dice [np.float32(0.9083), np.float32(0.734), np.float32(0.0)]
2025-11-21 11:31:00.350946: Epoch time: 72.67 s
2025-11-21 11:31:01.668125: 
2025-11-21 11:31:01.668379: Epoch 831
2025-11-21 11:31:01.668526: Current learning rate: 0.00202
2025-11-21 11:32:11.747497: train_loss -0.7711
2025-11-21 11:32:11.747814: val_loss -0.7513
2025-11-21 11:32:11.747927: Pseudo dice [np.float32(0.9025), np.float32(0.7361), np.float32(0.0)]
2025-11-21 11:32:11.748035: Epoch time: 70.08 s
2025-11-21 11:32:12.891762: 
2025-11-21 11:32:12.892007: Epoch 832
2025-11-21 11:32:12.892142: Current learning rate: 0.00201
2025-11-21 11:33:23.208858: train_loss -0.7713
2025-11-21 11:33:23.209137: val_loss -0.7534
2025-11-21 11:33:23.209254: Pseudo dice [np.float32(0.9014), np.float32(0.7412), np.float32(0.0)]
2025-11-21 11:33:23.209365: Epoch time: 70.32 s
2025-11-21 11:33:24.539369: 
2025-11-21 11:33:24.539634: Epoch 833
2025-11-21 11:33:24.539757: Current learning rate: 0.002
2025-11-21 11:34:41.096679: train_loss -0.778
2025-11-21 11:34:41.096954: val_loss -0.7821
2025-11-21 11:34:41.097070: Pseudo dice [np.float32(0.908), np.float32(0.7443), np.float32(0.0)]
2025-11-21 11:34:41.097191: Epoch time: 76.56 s
2025-11-21 11:34:42.840631: 
2025-11-21 11:34:42.840831: Epoch 834
2025-11-21 11:34:42.840964: Current learning rate: 0.00199
2025-11-21 11:35:54.440179: train_loss -0.7669
2025-11-21 11:35:54.440528: val_loss -0.7596
2025-11-21 11:35:54.440646: Pseudo dice [np.float32(0.9023), np.float32(0.7428), np.float32(0.0)]
2025-11-21 11:35:54.440754: Epoch time: 71.6 s
2025-11-21 11:35:55.674568: 
2025-11-21 11:35:55.674733: Epoch 835
2025-11-21 11:35:55.674846: Current learning rate: 0.00198
2025-11-21 11:37:02.321892: train_loss -0.7661
2025-11-21 11:37:02.322222: val_loss -0.7572
2025-11-21 11:37:02.322341: Pseudo dice [np.float32(0.9005), np.float32(0.7461), np.float32(0.0)]
2025-11-21 11:37:02.322502: Epoch time: 66.65 s
2025-11-21 11:37:03.885584: 
2025-11-21 11:37:03.885797: Epoch 836
2025-11-21 11:37:03.885920: Current learning rate: 0.00196
2025-11-21 11:38:14.680080: train_loss -0.7687
2025-11-21 11:38:14.680406: val_loss -0.7893
2025-11-21 11:38:14.680545: Pseudo dice [np.float32(0.9047), np.float32(0.7495), np.float32(nan)]
2025-11-21 11:38:14.680656: Epoch time: 70.8 s
2025-11-21 11:38:15.838022: 
2025-11-21 11:38:15.838241: Epoch 837
2025-11-21 11:38:15.838373: Current learning rate: 0.00195
2025-11-21 11:39:22.900426: train_loss -0.7631
2025-11-21 11:39:22.900779: val_loss -0.7757
2025-11-21 11:39:22.900896: Pseudo dice [np.float32(0.918), np.float32(0.7412), np.float32(0.0)]
2025-11-21 11:39:22.901013: Epoch time: 67.06 s
2025-11-21 11:39:24.068590: 
2025-11-21 11:39:24.068790: Epoch 838
2025-11-21 11:39:24.068976: Current learning rate: 0.00194
2025-11-21 11:40:36.517344: train_loss -0.772
2025-11-21 11:40:36.518087: val_loss -0.751
2025-11-21 11:40:36.518221: Pseudo dice [np.float32(0.8972), np.float32(0.728), np.float32(0.0)]
2025-11-21 11:40:36.518345: Epoch time: 72.45 s
2025-11-21 11:40:37.719087: 
2025-11-21 11:40:37.719286: Epoch 839
2025-11-21 11:40:37.719411: Current learning rate: 0.00193
2025-11-21 11:41:53.442084: train_loss -0.7726
2025-11-21 11:41:53.442300: val_loss -0.7628
2025-11-21 11:41:53.442405: Pseudo dice [np.float32(0.905), np.float32(0.7349), np.float32(0.0)]
2025-11-21 11:41:53.442498: Epoch time: 75.72 s
2025-11-21 11:41:54.775528: 
2025-11-21 11:41:54.775732: Epoch 840
2025-11-21 11:41:54.775853: Current learning rate: 0.00192
2025-11-21 11:43:06.314924: train_loss -0.7501
2025-11-21 11:43:06.315168: val_loss -0.775
2025-11-21 11:43:06.315295: Pseudo dice [np.float32(0.9016), np.float32(0.7527), np.float32(0.0)]
2025-11-21 11:43:06.315398: Epoch time: 71.54 s
2025-11-21 11:43:07.913881: 
2025-11-21 11:43:07.914061: Epoch 841
2025-11-21 11:43:07.914182: Current learning rate: 0.00191
2025-11-21 11:44:20.733575: train_loss -0.7723
2025-11-21 11:44:20.733802: val_loss -0.7335
2025-11-21 11:44:20.733905: Pseudo dice [np.float32(0.9079), np.float32(0.7558), np.float32(0.0)]
2025-11-21 11:44:20.735259: Epoch time: 72.82 s
2025-11-21 11:44:22.214177: 
2025-11-21 11:44:22.214392: Epoch 842
2025-11-21 11:44:22.214525: Current learning rate: 0.0019
2025-11-21 11:45:35.888722: train_loss -0.7674
2025-11-21 11:45:35.890793: val_loss -0.7611
2025-11-21 11:45:35.890919: Pseudo dice [np.float32(0.9079), np.float32(0.7553), np.float32(0.0)]
2025-11-21 11:45:35.892836: Epoch time: 73.68 s
2025-11-21 11:45:37.166845: 
2025-11-21 11:45:37.167119: Epoch 843
2025-11-21 11:45:37.167268: Current learning rate: 0.00189
2025-11-21 11:46:48.721741: train_loss -0.756
2025-11-21 11:46:48.721990: val_loss -0.7588
2025-11-21 11:46:48.722095: Pseudo dice [np.float32(0.9116), np.float32(0.7497), np.float32(0.0)]
2025-11-21 11:46:48.722202: Epoch time: 71.56 s
2025-11-21 11:46:49.866344: 
2025-11-21 11:46:49.866578: Epoch 844
2025-11-21 11:46:49.866708: Current learning rate: 0.00188
2025-11-21 11:48:01.984674: train_loss -0.7636
2025-11-21 11:48:01.984948: val_loss -0.7665
2025-11-21 11:48:01.985060: Pseudo dice [np.float32(0.911), np.float32(0.7548), np.float32(0.0)]
2025-11-21 11:48:01.985167: Epoch time: 72.12 s
2025-11-21 11:48:03.208051: 
2025-11-21 11:48:03.208229: Epoch 845
2025-11-21 11:48:03.208346: Current learning rate: 0.00187
2025-11-21 11:49:11.533426: train_loss -0.7676
2025-11-21 11:49:11.533651: val_loss -0.7698
2025-11-21 11:49:11.533754: Pseudo dice [np.float32(0.9116), np.float32(0.7584), np.float32(0.0)]
2025-11-21 11:49:11.533855: Epoch time: 68.33 s
2025-11-21 11:49:12.713181: 
2025-11-21 11:49:12.713394: Epoch 846
2025-11-21 11:49:12.713529: Current learning rate: 0.00186
2025-11-21 11:50:25.082557: train_loss -0.7491
2025-11-21 11:50:25.082789: val_loss -0.7621
2025-11-21 11:50:25.082908: Pseudo dice [np.float32(0.9084), np.float32(0.7562), np.float32(0.0)]
2025-11-21 11:50:25.083020: Epoch time: 72.37 s
2025-11-21 11:50:26.689882: 
2025-11-21 11:50:26.690072: Epoch 847
2025-11-21 11:50:26.690204: Current learning rate: 0.00185
2025-11-21 11:51:37.252160: train_loss -0.7616
2025-11-21 11:51:37.252939: val_loss -0.754
2025-11-21 11:51:37.253072: Pseudo dice [np.float32(0.9006), np.float32(0.747), np.float32(0.0)]
2025-11-21 11:51:37.253205: Epoch time: 70.56 s
2025-11-21 11:51:38.654585: 
2025-11-21 11:51:38.654791: Epoch 848
2025-11-21 11:51:38.654926: Current learning rate: 0.00184
2025-11-21 11:52:49.870526: train_loss -0.7593
2025-11-21 11:52:49.870750: val_loss -0.7588
2025-11-21 11:52:49.870867: Pseudo dice [np.float32(0.9105), np.float32(0.7313), np.float32(0.0)]
2025-11-21 11:52:49.870973: Epoch time: 71.22 s
2025-11-21 11:52:52.784124: 
2025-11-21 11:52:52.784348: Epoch 849
2025-11-21 11:52:52.784482: Current learning rate: 0.00182
2025-11-21 11:54:01.408425: train_loss -0.7747
2025-11-21 11:54:01.409544: val_loss -0.7789
2025-11-21 11:54:01.409650: Pseudo dice [np.float32(0.9087), np.float32(0.7559), np.float32(0.0)]
2025-11-21 11:54:01.409785: Epoch time: 68.63 s
2025-11-21 11:54:02.919073: 
2025-11-21 11:54:02.919268: Epoch 850
2025-11-21 11:54:02.919387: Current learning rate: 0.00181
2025-11-21 11:55:10.859596: train_loss -0.7686
2025-11-21 11:55:10.859951: val_loss -0.7401
2025-11-21 11:55:10.860063: Pseudo dice [np.float32(0.896), np.float32(0.7507), np.float32(0.0)]
2025-11-21 11:55:10.860168: Epoch time: 67.94 s
2025-11-21 11:55:12.123878: 
2025-11-21 11:55:12.124106: Epoch 851
2025-11-21 11:55:12.124228: Current learning rate: 0.0018
2025-11-21 11:56:20.801020: train_loss -0.7527
2025-11-21 11:56:20.801359: val_loss -0.7664
2025-11-21 11:56:20.801465: Pseudo dice [np.float32(0.902), np.float32(0.7389), np.float32(0.0)]
2025-11-21 11:56:20.801565: Epoch time: 68.68 s
2025-11-21 11:56:21.982948: 
2025-11-21 11:56:21.983130: Epoch 852
2025-11-21 11:56:21.983283: Current learning rate: 0.00179
2025-11-21 11:57:33.240722: train_loss -0.7649
2025-11-21 11:57:33.242460: val_loss -0.7618
2025-11-21 11:57:33.242582: Pseudo dice [np.float32(0.9011), np.float32(0.7499), np.float32(0.0)]
2025-11-21 11:57:33.242690: Epoch time: 71.26 s
2025-11-21 11:57:34.740383: 
2025-11-21 11:57:34.740608: Epoch 853
2025-11-21 11:57:34.740741: Current learning rate: 0.00178
2025-11-21 11:58:47.546707: train_loss -0.7631
2025-11-21 11:58:47.546932: val_loss -0.7474
2025-11-21 11:58:47.547039: Pseudo dice [np.float32(0.8964), np.float32(0.7383), np.float32(0.0)]
2025-11-21 11:58:47.547140: Epoch time: 72.81 s
2025-11-21 11:58:48.867187: 
2025-11-21 11:58:48.867460: Epoch 854
2025-11-21 11:58:48.867636: Current learning rate: 0.00177
2025-11-21 11:59:56.864535: train_loss -0.7511
2025-11-21 11:59:56.864788: val_loss -0.7481
2025-11-21 11:59:56.864897: Pseudo dice [np.float32(0.9082), np.float32(0.7575), np.float32(0.0)]
2025-11-21 11:59:56.865004: Epoch time: 68.0 s
2025-11-21 11:59:59.394807: 
2025-11-21 11:59:59.395068: Epoch 855
2025-11-21 11:59:59.395208: Current learning rate: 0.00176
2025-11-21 12:01:11.327991: train_loss -0.7531
2025-11-21 12:01:11.328362: val_loss -0.7498
2025-11-21 12:01:11.328476: Pseudo dice [np.float32(0.9099), np.float32(0.7494), np.float32(0.0)]
2025-11-21 12:01:11.328585: Epoch time: 71.93 s
2025-11-21 12:01:12.490249: 
2025-11-21 12:01:12.490422: Epoch 856
2025-11-21 12:01:12.490533: Current learning rate: 0.00175
2025-11-21 12:02:24.472594: train_loss -0.77
2025-11-21 12:02:24.472822: val_loss -0.735
2025-11-21 12:02:24.472928: Pseudo dice [np.float32(0.9076), np.float32(0.7442), np.float32(0.0)]
2025-11-21 12:02:24.473039: Epoch time: 71.98 s
2025-11-21 12:02:25.586346: 
2025-11-21 12:02:25.586562: Epoch 857
2025-11-21 12:02:25.586682: Current learning rate: 0.00174
2025-11-21 12:03:40.104479: train_loss -0.765
2025-11-21 12:03:40.104722: val_loss -0.7613
2025-11-21 12:03:40.114726: Pseudo dice [np.float32(0.9102), np.float32(0.7518), np.float32(0.0)]
2025-11-21 12:03:40.114930: Epoch time: 74.52 s
2025-11-21 12:03:41.615402: 
2025-11-21 12:03:41.615594: Epoch 858
2025-11-21 12:03:41.615713: Current learning rate: 0.00173
2025-11-21 12:04:48.200282: train_loss -0.7744
2025-11-21 12:04:48.200531: val_loss -0.7316
2025-11-21 12:04:48.200636: Pseudo dice [np.float32(0.9039), np.float32(0.7507), np.float32(0.0)]
2025-11-21 12:04:48.200754: Epoch time: 66.59 s
2025-11-21 12:04:49.329893: 
2025-11-21 12:04:49.330129: Epoch 859
2025-11-21 12:04:49.330275: Current learning rate: 0.00172
2025-11-21 12:05:58.779336: train_loss -0.7758
2025-11-21 12:05:58.779568: val_loss -0.743
2025-11-21 12:05:58.779673: Pseudo dice [np.float32(0.9038), np.float32(0.7309), np.float32(0.0)]
2025-11-21 12:05:58.779779: Epoch time: 69.45 s
2025-11-21 12:05:59.924033: 
2025-11-21 12:05:59.924346: Epoch 860
2025-11-21 12:05:59.927781: Current learning rate: 0.0017
2025-11-21 12:07:09.846009: train_loss -0.7677
2025-11-21 12:07:09.846369: val_loss -0.773
2025-11-21 12:07:09.846474: Pseudo dice [np.float32(0.9083), np.float32(0.747), np.float32(0.0)]
2025-11-21 12:07:09.846576: Epoch time: 69.92 s
2025-11-21 12:07:11.645250: 
2025-11-21 12:07:11.645417: Epoch 861
2025-11-21 12:07:11.645542: Current learning rate: 0.00169
2025-11-21 12:08:22.294368: train_loss -0.7744
2025-11-21 12:08:22.294707: val_loss -0.7634
2025-11-21 12:08:22.294816: Pseudo dice [np.float32(0.9013), np.float32(0.7517), np.float32(0.0)]
2025-11-21 12:08:22.294923: Epoch time: 70.65 s
2025-11-21 12:08:23.851592: 
2025-11-21 12:08:23.851838: Epoch 862
2025-11-21 12:08:23.851957: Current learning rate: 0.00168
2025-11-21 12:09:35.763981: train_loss -0.7728
2025-11-21 12:09:35.764330: val_loss -0.757
2025-11-21 12:09:35.764453: Pseudo dice [np.float32(0.9041), np.float32(0.7395), np.float32(0.0)]
2025-11-21 12:09:35.764565: Epoch time: 71.91 s
2025-11-21 12:09:36.913566: 
2025-11-21 12:09:36.913811: Epoch 863
2025-11-21 12:09:36.913934: Current learning rate: 0.00167
2025-11-21 12:10:45.223562: train_loss -0.7753
2025-11-21 12:10:45.223814: val_loss -0.7731
2025-11-21 12:10:45.223931: Pseudo dice [np.float32(0.8969), np.float32(0.7249), np.float32(0.0)]
2025-11-21 12:10:45.225253: Epoch time: 68.31 s
2025-11-21 12:10:46.498302: 
2025-11-21 12:10:46.498499: Epoch 864
2025-11-21 12:10:46.498666: Current learning rate: 0.00166
2025-11-21 12:11:58.760678: train_loss -0.7661
2025-11-21 12:11:58.761038: val_loss -0.7719
2025-11-21 12:11:58.761160: Pseudo dice [np.float32(0.9025), np.float32(0.74), np.float32(0.0)]
2025-11-21 12:11:58.761282: Epoch time: 72.26 s
2025-11-21 12:12:00.316896: 
2025-11-21 12:12:00.317228: Epoch 865
2025-11-21 12:12:00.317367: Current learning rate: 0.00165
2025-11-21 12:13:07.942663: train_loss -0.7728
2025-11-21 12:13:07.942893: val_loss -0.7546
2025-11-21 12:13:07.943011: Pseudo dice [np.float32(0.9118), np.float32(0.7586), np.float32(0.0)]
2025-11-21 12:13:07.943168: Epoch time: 67.63 s
2025-11-21 12:13:09.069151: 
2025-11-21 12:13:09.069346: Epoch 866
2025-11-21 12:13:09.069456: Current learning rate: 0.00164
2025-11-21 12:14:17.121280: train_loss -0.7677
2025-11-21 12:14:17.121507: val_loss -0.7855
2025-11-21 12:14:17.121608: Pseudo dice [np.float32(0.8976), np.float32(0.7576), np.float32(0.0)]
2025-11-21 12:14:17.121713: Epoch time: 68.05 s
2025-11-21 12:14:19.643331: 
2025-11-21 12:14:19.643532: Epoch 867
2025-11-21 12:14:19.643652: Current learning rate: 0.00163
2025-11-21 12:15:24.415803: train_loss -0.7636
2025-11-21 12:15:24.416120: val_loss -0.7796
2025-11-21 12:15:24.416274: Pseudo dice [np.float32(0.9112), np.float32(0.7442), np.float32(0.0)]
2025-11-21 12:15:24.416396: Epoch time: 64.77 s
2025-11-21 12:15:25.599345: 
2025-11-21 12:15:25.599665: Epoch 868
2025-11-21 12:15:25.599781: Current learning rate: 0.00162
2025-11-21 12:16:41.561293: train_loss -0.771
2025-11-21 12:16:41.561661: val_loss -0.7325
2025-11-21 12:16:41.561786: Pseudo dice [np.float32(0.8993), np.float32(0.7582), np.float32(0.0)]
2025-11-21 12:16:41.561902: Epoch time: 75.96 s
2025-11-21 12:16:42.797758: 
2025-11-21 12:16:42.797990: Epoch 869
2025-11-21 12:16:42.798130: Current learning rate: 0.00161
2025-11-21 12:17:57.763517: train_loss -0.766
2025-11-21 12:17:57.763750: val_loss -0.749
2025-11-21 12:17:57.763891: Pseudo dice [np.float32(0.9016), np.float32(0.7419), np.float32(0.0)]
2025-11-21 12:17:57.764006: Epoch time: 74.97 s
2025-11-21 12:17:58.889482: 
2025-11-21 12:17:58.889663: Epoch 870
2025-11-21 12:17:58.889781: Current learning rate: 0.00159
2025-11-21 12:19:08.061707: train_loss -0.7775
2025-11-21 12:19:08.062043: val_loss -0.7411
2025-11-21 12:19:08.062168: Pseudo dice [np.float32(0.9054), np.float32(0.7503), np.float32(0.0)]
2025-11-21 12:19:08.062290: Epoch time: 69.17 s
2025-11-21 12:19:09.288916: 
2025-11-21 12:19:09.289130: Epoch 871
2025-11-21 12:19:09.289271: Current learning rate: 0.00158
2025-11-21 12:20:20.660577: train_loss -0.7558
2025-11-21 12:20:20.660815: val_loss -0.7555
2025-11-21 12:20:20.660908: Pseudo dice [np.float32(0.909), np.float32(0.7288), np.float32(0.0)]
2025-11-21 12:20:20.660999: Epoch time: 71.37 s
2025-11-21 12:20:21.809746: 
2025-11-21 12:20:21.809939: Epoch 872
2025-11-21 12:20:21.810068: Current learning rate: 0.00157
2025-11-21 12:21:32.768623: train_loss -0.7687
2025-11-21 12:21:32.768949: val_loss -0.7749
2025-11-21 12:21:32.769071: Pseudo dice [np.float32(0.9088), np.float32(0.7371), np.float32(0.0)]
2025-11-21 12:21:32.769196: Epoch time: 70.96 s
2025-11-21 12:21:33.933977: 
2025-11-21 12:21:33.934281: Epoch 873
2025-11-21 12:21:33.934419: Current learning rate: 0.00156
2025-11-21 12:22:44.744711: train_loss -0.7774
2025-11-21 12:22:44.744936: val_loss -0.784
2025-11-21 12:22:44.745039: Pseudo dice [np.float32(0.9065), np.float32(0.75), np.float32(0.0)]
2025-11-21 12:22:44.745142: Epoch time: 70.81 s
2025-11-21 12:22:46.485936: 
2025-11-21 12:22:46.486109: Epoch 874
2025-11-21 12:22:46.486245: Current learning rate: 0.00155
2025-11-21 12:23:57.650617: train_loss -0.7714
2025-11-21 12:23:57.650882: val_loss -0.7503
2025-11-21 12:23:57.651010: Pseudo dice [np.float32(0.9005), np.float32(0.7505), np.float32(0.0)]
2025-11-21 12:23:57.651162: Epoch time: 71.17 s
2025-11-21 12:23:59.222299: 
2025-11-21 12:23:59.222612: Epoch 875
2025-11-21 12:23:59.222756: Current learning rate: 0.00154
2025-11-21 12:25:09.332948: train_loss -0.7573
2025-11-21 12:25:09.333960: val_loss -0.747
2025-11-21 12:25:09.334094: Pseudo dice [np.float32(0.9047), np.float32(0.7476), np.float32(0.0)]
2025-11-21 12:25:09.334220: Epoch time: 70.11 s
2025-11-21 12:25:10.904157: 
2025-11-21 12:25:10.904372: Epoch 876
2025-11-21 12:25:10.904489: Current learning rate: 0.00153
2025-11-21 12:26:21.293271: train_loss -0.7791
2025-11-21 12:26:21.298640: val_loss -0.737
2025-11-21 12:26:21.298833: Pseudo dice [np.float32(0.9115), np.float32(0.7488), np.float32(0.0)]
2025-11-21 12:26:21.298980: Epoch time: 70.39 s
2025-11-21 12:26:22.701820: 
2025-11-21 12:26:22.702063: Epoch 877
2025-11-21 12:26:22.702195: Current learning rate: 0.00152
2025-11-21 12:27:29.987792: train_loss -0.7704
2025-11-21 12:27:30.008405: val_loss -0.7591
2025-11-21 12:27:30.008573: Pseudo dice [np.float32(0.9101), np.float32(0.7351), np.float32(0.0)]
2025-11-21 12:27:30.008684: Epoch time: 67.29 s
2025-11-21 12:27:31.573768: 
2025-11-21 12:27:31.574123: Epoch 878
2025-11-21 12:27:31.574292: Current learning rate: 0.00151
2025-11-21 12:28:41.111574: train_loss -0.7797
2025-11-21 12:28:41.111815: val_loss -0.7676
2025-11-21 12:28:41.111939: Pseudo dice [np.float32(0.9058), np.float32(0.7468), np.float32(0.0)]
2025-11-21 12:28:41.112048: Epoch time: 69.54 s
2025-11-21 12:28:42.353285: 
2025-11-21 12:28:42.353485: Epoch 879
2025-11-21 12:28:42.353605: Current learning rate: 0.00149
2025-11-21 12:29:55.767017: train_loss -0.7541
2025-11-21 12:29:55.767383: val_loss -0.777
2025-11-21 12:29:55.767492: Pseudo dice [np.float32(0.9001), np.float32(0.7421), np.float32(0.0)]
2025-11-21 12:29:55.767598: Epoch time: 73.41 s
2025-11-21 12:29:57.250478: 
2025-11-21 12:29:57.250721: Epoch 880
2025-11-21 12:29:57.250848: Current learning rate: 0.00148
2025-11-21 12:31:03.002903: train_loss -0.7643
2025-11-21 12:31:03.004840: val_loss -0.7269
2025-11-21 12:31:03.005022: Pseudo dice [np.float32(0.9042), np.float32(0.7348), np.float32(0.0)]
2025-11-21 12:31:03.005122: Epoch time: 65.75 s
2025-11-21 12:31:04.274508: 
2025-11-21 12:31:04.274719: Epoch 881
2025-11-21 12:31:04.274841: Current learning rate: 0.00147
2025-11-21 12:32:13.897204: train_loss -0.7625
2025-11-21 12:32:13.897541: val_loss -0.7738
2025-11-21 12:32:13.897666: Pseudo dice [np.float32(0.9066), np.float32(0.7509), np.float32(0.0)]
2025-11-21 12:32:13.897787: Epoch time: 69.62 s
2025-11-21 12:32:15.480051: 
2025-11-21 12:32:15.480388: Epoch 882
2025-11-21 12:32:15.480560: Current learning rate: 0.00146
2025-11-21 12:33:26.887667: train_loss -0.7612
2025-11-21 12:33:26.888024: val_loss -0.7629
2025-11-21 12:33:26.888142: Pseudo dice [np.float32(0.8956), np.float32(0.7486), np.float32(0.0)]
2025-11-21 12:33:26.888280: Epoch time: 71.41 s
2025-11-21 12:33:28.286337: 
2025-11-21 12:33:28.286631: Epoch 883
2025-11-21 12:33:28.286776: Current learning rate: 0.00145
2025-11-21 12:34:38.154345: train_loss -0.7661
2025-11-21 12:34:38.154589: val_loss -0.756
2025-11-21 12:34:38.154704: Pseudo dice [np.float32(0.9041), np.float32(0.7522), np.float32(0.0)]
2025-11-21 12:34:38.154817: Epoch time: 69.87 s
2025-11-21 12:34:39.606694: 
2025-11-21 12:34:39.606858: Epoch 884
2025-11-21 12:34:39.607066: Current learning rate: 0.00144
2025-11-21 12:35:46.025250: train_loss -0.7742
2025-11-21 12:35:46.025486: val_loss -0.7869
2025-11-21 12:35:46.025600: Pseudo dice [np.float32(0.9077), np.float32(0.7564), np.float32(0.0)]
2025-11-21 12:35:46.025710: Epoch time: 66.42 s
2025-11-21 12:35:47.160772: 
2025-11-21 12:35:47.160956: Epoch 885
2025-11-21 12:35:47.161084: Current learning rate: 0.00143
2025-11-21 12:37:02.203890: train_loss -0.7507
2025-11-21 12:37:02.204183: val_loss -0.7929
2025-11-21 12:37:02.204307: Pseudo dice [np.float32(0.908), np.float32(0.7498), np.float32(0.0)]
2025-11-21 12:37:02.204413: Epoch time: 75.04 s
2025-11-21 12:37:03.381213: 
2025-11-21 12:37:03.381536: Epoch 886
2025-11-21 12:37:03.381675: Current learning rate: 0.00142
2025-11-21 12:38:12.406340: train_loss -0.7794
2025-11-21 12:38:12.406587: val_loss -0.7607
2025-11-21 12:38:12.406703: Pseudo dice [np.float32(0.8964), np.float32(0.7364), np.float32(0.0)]
2025-11-21 12:38:12.406818: Epoch time: 69.03 s
2025-11-21 12:38:13.526710: 
2025-11-21 12:38:13.526927: Epoch 887
2025-11-21 12:38:13.527061: Current learning rate: 0.00141
2025-11-21 12:39:22.928749: train_loss -0.7599
2025-11-21 12:39:22.929008: val_loss -0.7547
2025-11-21 12:39:22.929131: Pseudo dice [np.float32(0.9074), np.float32(0.7521), np.float32(0.0)]
2025-11-21 12:39:22.929253: Epoch time: 69.4 s
2025-11-21 12:39:24.069562: 
2025-11-21 12:39:24.069740: Epoch 888
2025-11-21 12:39:24.069858: Current learning rate: 0.00139
2025-11-21 12:40:34.666573: train_loss -0.7784
2025-11-21 12:40:34.668597: val_loss -0.768
2025-11-21 12:40:34.668722: Pseudo dice [np.float32(0.901), np.float32(0.7482), np.float32(0.0)]
2025-11-21 12:40:34.668830: Epoch time: 70.6 s
2025-11-21 12:40:36.591158: 
2025-11-21 12:40:36.591476: Epoch 889
2025-11-21 12:40:36.591599: Current learning rate: 0.00138
2025-11-21 12:41:47.101342: train_loss -0.7721
2025-11-21 12:41:47.103457: val_loss -0.7606
2025-11-21 12:41:47.105484: Pseudo dice [np.float32(0.9062), np.float32(0.74), np.float32(0.0)]
2025-11-21 12:41:47.105623: Epoch time: 70.51 s
2025-11-21 12:41:48.299917: 
2025-11-21 12:41:48.300169: Epoch 890
2025-11-21 12:41:48.300309: Current learning rate: 0.00137
2025-11-21 12:43:00.627276: train_loss -0.7647
2025-11-21 12:43:00.627522: val_loss -0.7542
2025-11-21 12:43:00.627644: Pseudo dice [np.float32(0.9067), np.float32(0.7608), np.float32(0.0)]
2025-11-21 12:43:00.640351: Epoch time: 72.33 s
2025-11-21 12:43:01.786700: 
2025-11-21 12:43:01.786912: Epoch 891
2025-11-21 12:43:01.787040: Current learning rate: 0.00136
2025-11-21 12:44:15.638330: train_loss -0.7722
2025-11-21 12:44:15.639978: val_loss -0.768
2025-11-21 12:44:15.640117: Pseudo dice [np.float32(0.8978), np.float32(0.7485), np.float32(0.0)]
2025-11-21 12:44:15.640229: Epoch time: 73.85 s
2025-11-21 12:44:17.588101: 
2025-11-21 12:44:17.588307: Epoch 892
2025-11-21 12:44:17.588455: Current learning rate: 0.00135
2025-11-21 12:45:28.680613: train_loss -0.7636
2025-11-21 12:45:28.680861: val_loss -0.7687
2025-11-21 12:45:28.680974: Pseudo dice [np.float32(0.9091), np.float32(0.748), np.float32(0.0)]
2025-11-21 12:45:28.681081: Epoch time: 71.09 s
2025-11-21 12:45:29.980885: 
2025-11-21 12:45:29.981182: Epoch 893
2025-11-21 12:45:29.981310: Current learning rate: 0.00134
2025-11-21 12:46:42.304662: train_loss -0.7776
2025-11-21 12:46:42.305055: val_loss -0.7565
2025-11-21 12:46:42.305178: Pseudo dice [np.float32(0.9085), np.float32(0.7406), np.float32(0.0)]
2025-11-21 12:46:42.305294: Epoch time: 72.32 s
2025-11-21 12:46:43.516272: 
2025-11-21 12:46:43.516487: Epoch 894
2025-11-21 12:46:43.516607: Current learning rate: 0.00133
2025-11-21 12:47:53.431889: train_loss -0.7785
2025-11-21 12:47:53.432132: val_loss -0.7657
2025-11-21 12:47:53.432248: Pseudo dice [np.float32(0.9084), np.float32(0.7552), np.float32(0.0)]
2025-11-21 12:47:53.432357: Epoch time: 69.92 s
2025-11-21 12:47:55.377442: 
2025-11-21 12:47:55.377638: Epoch 895
2025-11-21 12:47:55.377770: Current learning rate: 0.00132
2025-11-21 12:49:01.346630: train_loss -0.7653
2025-11-21 12:49:01.349914: val_loss -0.77
2025-11-21 12:49:01.350070: Pseudo dice [np.float32(0.9092), np.float32(0.7551), np.float32(0.0)]
2025-11-21 12:49:01.350188: Epoch time: 65.97 s
2025-11-21 12:49:03.024497: 
2025-11-21 12:49:03.024770: Epoch 896
2025-11-21 12:49:03.024927: Current learning rate: 0.0013
2025-11-21 12:50:14.639877: train_loss -0.753
2025-11-21 12:50:14.643393: val_loss -0.7604
2025-11-21 12:50:14.643717: Pseudo dice [np.float32(0.9126), np.float32(0.7504), np.float32(0.0)]
2025-11-21 12:50:14.643849: Epoch time: 71.62 s
2025-11-21 12:50:16.151586: 
2025-11-21 12:50:16.151911: Epoch 897
2025-11-21 12:50:16.152050: Current learning rate: 0.00129
2025-11-21 12:51:25.812547: train_loss -0.7676
2025-11-21 12:51:25.812868: val_loss -0.7669
2025-11-21 12:51:25.812983: Pseudo dice [np.float32(0.8963), np.float32(0.7464), np.float32(0.0)]
2025-11-21 12:51:25.813091: Epoch time: 69.66 s
2025-11-21 12:51:26.981382: 
2025-11-21 12:51:26.981570: Epoch 898
2025-11-21 12:51:26.981690: Current learning rate: 0.00128
2025-11-21 12:52:35.126649: train_loss -0.7632
2025-11-21 12:52:35.129178: val_loss -0.7625
2025-11-21 12:52:35.129371: Pseudo dice [np.float32(0.9095), np.float32(0.749), np.float32(0.0)]
2025-11-21 12:52:35.129476: Epoch time: 68.15 s
2025-11-21 12:52:36.626270: 
2025-11-21 12:52:36.626431: Epoch 899
2025-11-21 12:52:36.626549: Current learning rate: 0.00127
2025-11-21 12:53:46.455445: train_loss -0.7869
2025-11-21 12:53:46.455787: val_loss -0.7724
2025-11-21 12:53:46.455892: Pseudo dice [np.float32(0.9081), np.float32(0.7546), np.float32(0.0)]
2025-11-21 12:53:46.457505: Epoch time: 69.83 s
2025-11-21 12:53:48.140025: 
2025-11-21 12:53:48.140197: Epoch 900
2025-11-21 12:53:48.140322: Current learning rate: 0.00126
2025-11-21 12:54:59.155905: train_loss -0.7524
2025-11-21 12:54:59.156319: val_loss -0.7502
2025-11-21 12:54:59.156456: Pseudo dice [np.float32(0.9043), np.float32(0.741), np.float32(0.0)]
2025-11-21 12:54:59.156576: Epoch time: 71.02 s
2025-11-21 12:55:01.559460: 
2025-11-21 12:55:01.559664: Epoch 901
2025-11-21 12:55:01.559787: Current learning rate: 0.00125
2025-11-21 12:56:12.920187: train_loss -0.7612
2025-11-21 12:56:12.923396: val_loss -0.7676
2025-11-21 12:56:12.923565: Pseudo dice [np.float32(0.9068), np.float32(0.7428), np.float32(0.0)]
2025-11-21 12:56:12.923669: Epoch time: 71.36 s
2025-11-21 12:56:14.647902: 
2025-11-21 12:56:14.648149: Epoch 902
2025-11-21 12:56:14.648274: Current learning rate: 0.00124
2025-11-21 12:57:27.426181: train_loss -0.7739
2025-11-21 12:57:27.426465: val_loss -0.7523
2025-11-21 12:57:27.426569: Pseudo dice [np.float32(0.9041), np.float32(0.7448), np.float32(0.0)]
2025-11-21 12:57:27.426669: Epoch time: 72.78 s
2025-11-21 12:57:29.081047: 
2025-11-21 12:57:29.081248: Epoch 903
2025-11-21 12:57:29.081413: Current learning rate: 0.00122
2025-11-21 12:58:39.048655: train_loss -0.7697
2025-11-21 12:58:39.048897: val_loss -0.7618
2025-11-21 12:58:39.049011: Pseudo dice [np.float32(0.9045), np.float32(0.7592), np.float32(0.0)]
2025-11-21 12:58:39.049119: Epoch time: 69.97 s
2025-11-21 12:58:40.530615: 
2025-11-21 12:58:40.530864: Epoch 904
2025-11-21 12:58:40.531043: Current learning rate: 0.00121
2025-11-21 12:59:50.378263: train_loss -0.7756
2025-11-21 12:59:50.384181: val_loss -0.7868
2025-11-21 12:59:50.384399: Pseudo dice [np.float32(0.9035), np.float32(0.7526), np.float32(0.0)]
2025-11-21 12:59:50.384510: Epoch time: 69.85 s
2025-11-21 12:59:51.825414: 
2025-11-21 12:59:51.825623: Epoch 905
2025-11-21 12:59:51.825742: Current learning rate: 0.0012
2025-11-21 13:01:02.060117: train_loss -0.7766
2025-11-21 13:01:02.060399: val_loss -0.7506
2025-11-21 13:01:02.060524: Pseudo dice [np.float32(0.908), np.float32(0.7518), np.float32(0.0)]
2025-11-21 13:01:02.060642: Epoch time: 70.24 s
2025-11-21 13:01:03.576435: 
2025-11-21 13:01:03.576625: Epoch 906
2025-11-21 13:01:03.576745: Current learning rate: 0.00119
2025-11-21 13:02:13.590807: train_loss -0.7677
2025-11-21 13:02:13.591109: val_loss -0.7778
2025-11-21 13:02:13.591232: Pseudo dice [np.float32(0.9134), np.float32(0.7535), np.float32(0.0)]
2025-11-21 13:02:13.591344: Epoch time: 70.02 s
2025-11-21 13:02:15.701245: 
2025-11-21 13:02:15.701588: Epoch 907
2025-11-21 13:02:15.701728: Current learning rate: 0.00118
2025-11-21 13:03:27.028411: train_loss -0.774
2025-11-21 13:03:27.028809: val_loss -0.7491
2025-11-21 13:03:27.028932: Pseudo dice [np.float32(0.9019), np.float32(0.7465), np.float32(0.0)]
2025-11-21 13:03:27.029048: Epoch time: 71.33 s
2025-11-21 13:03:28.581696: 
2025-11-21 13:03:28.581906: Epoch 908
2025-11-21 13:03:28.582064: Current learning rate: 0.00117
2025-11-21 13:04:40.904644: train_loss -0.7619
2025-11-21 13:04:40.905469: val_loss -0.7655
2025-11-21 13:04:40.905572: Pseudo dice [np.float32(0.9133), np.float32(0.7401), np.float32(0.0)]
2025-11-21 13:04:40.905668: Epoch time: 72.32 s
2025-11-21 13:04:42.078844: 
2025-11-21 13:04:42.079081: Epoch 909
2025-11-21 13:04:42.079213: Current learning rate: 0.00116
2025-11-21 13:05:53.622652: train_loss -0.762
2025-11-21 13:05:53.623000: val_loss -0.7761
2025-11-21 13:05:53.623137: Pseudo dice [np.float32(0.9089), np.float32(0.7518), np.float32(0.0)]
2025-11-21 13:05:53.623269: Epoch time: 71.54 s
2025-11-21 13:05:54.793302: 
2025-11-21 13:05:54.793498: Epoch 910
2025-11-21 13:05:54.793634: Current learning rate: 0.00115
2025-11-21 13:07:05.716434: train_loss -0.7541
2025-11-21 13:07:05.716790: val_loss -0.7787
2025-11-21 13:07:05.716970: Pseudo dice [np.float32(0.9055), np.float32(0.7466), np.float32(0.0)]
2025-11-21 13:07:05.717090: Epoch time: 70.92 s
2025-11-21 13:07:06.862386: 
2025-11-21 13:07:06.862617: Epoch 911
2025-11-21 13:07:06.862745: Current learning rate: 0.00113
2025-11-21 13:08:17.373700: train_loss -0.759
2025-11-21 13:08:17.374059: val_loss -0.7572
2025-11-21 13:08:17.374162: Pseudo dice [np.float32(0.9066), np.float32(0.7638), np.float32(0.0)]
2025-11-21 13:08:17.374265: Epoch time: 70.51 s
2025-11-21 13:08:18.894145: 
2025-11-21 13:08:18.894374: Epoch 912
2025-11-21 13:08:18.894500: Current learning rate: 0.00112
2025-11-21 13:09:28.569556: train_loss -0.7763
2025-11-21 13:09:28.572767: val_loss -0.752
2025-11-21 13:09:28.572906: Pseudo dice [np.float32(0.9165), np.float32(0.7508), np.float32(0.0)]
2025-11-21 13:09:28.573020: Epoch time: 69.68 s
2025-11-21 13:09:29.776221: 
2025-11-21 13:09:29.776428: Epoch 913
2025-11-21 13:09:29.776555: Current learning rate: 0.00111
2025-11-21 13:10:39.039932: train_loss -0.7786
2025-11-21 13:10:39.042358: val_loss -0.7551
2025-11-21 13:10:39.042511: Pseudo dice [np.float32(0.9039), np.float32(0.7419), np.float32(0.0)]
2025-11-21 13:10:39.042632: Epoch time: 69.26 s
2025-11-21 13:10:40.210473: 
2025-11-21 13:10:40.210670: Epoch 914
2025-11-21 13:10:40.210788: Current learning rate: 0.0011
2025-11-21 13:11:48.625345: train_loss -0.7693
2025-11-21 13:11:48.625619: val_loss -0.7438
2025-11-21 13:11:48.625730: Pseudo dice [np.float32(0.9101), np.float32(0.7527), np.float32(0.0)]
2025-11-21 13:11:48.628150: Epoch time: 68.42 s
2025-11-21 13:11:50.306306: 
2025-11-21 13:11:50.306503: Epoch 915
2025-11-21 13:11:50.306642: Current learning rate: 0.00109
2025-11-21 13:13:02.080330: train_loss -0.7738
2025-11-21 13:13:02.080704: val_loss -0.7567
2025-11-21 13:13:02.080811: Pseudo dice [np.float32(0.9041), np.float32(0.7299), np.float32(0.0)]
2025-11-21 13:13:02.080914: Epoch time: 71.77 s
2025-11-21 13:13:03.643712: 
2025-11-21 13:13:03.643914: Epoch 916
2025-11-21 13:13:03.644046: Current learning rate: 0.00108
2025-11-21 13:14:11.874860: train_loss -0.7828
2025-11-21 13:14:11.875137: val_loss -0.7717
2025-11-21 13:14:11.875254: Pseudo dice [np.float32(0.9011), np.float32(0.7544), np.float32(0.0)]
2025-11-21 13:14:11.875359: Epoch time: 68.23 s
2025-11-21 13:14:13.077020: 
2025-11-21 13:14:13.077236: Epoch 917
2025-11-21 13:14:13.077365: Current learning rate: 0.00106
2025-11-21 13:15:25.809196: train_loss -0.7785
2025-11-21 13:15:25.809495: val_loss -0.7614
2025-11-21 13:15:25.809614: Pseudo dice [np.float32(0.9111), np.float32(0.7536), np.float32(0.0)]
2025-11-21 13:15:25.809730: Epoch time: 72.73 s
2025-11-21 13:15:26.868255: 
2025-11-21 13:15:26.868431: Epoch 918
2025-11-21 13:15:26.868553: Current learning rate: 0.00105
2025-11-21 13:16:39.359451: train_loss -0.7678
2025-11-21 13:16:39.359839: val_loss -0.7587
2025-11-21 13:16:39.359977: Pseudo dice [np.float32(0.9019), np.float32(0.7497), np.float32(nan)]
2025-11-21 13:16:39.360089: Epoch time: 72.49 s
2025-11-21 13:16:40.726818: 
2025-11-21 13:16:40.727092: Epoch 919
2025-11-21 13:16:40.727249: Current learning rate: 0.00104
2025-11-21 13:17:49.628049: train_loss -0.7816
2025-11-21 13:17:49.628414: val_loss -0.8033
2025-11-21 13:17:49.628530: Pseudo dice [np.float32(0.9011), np.float32(0.7449), np.float32(0.0)]
2025-11-21 13:17:49.628634: Epoch time: 68.9 s
2025-11-21 13:17:50.820992: 
2025-11-21 13:17:50.821204: Epoch 920
2025-11-21 13:17:50.821330: Current learning rate: 0.00103
2025-11-21 13:19:02.753969: train_loss -0.7749
2025-11-21 13:19:02.754227: val_loss -0.7605
2025-11-21 13:19:02.754340: Pseudo dice [np.float32(0.8989), np.float32(0.7462), np.float32(0.0)]
2025-11-21 13:19:02.754444: Epoch time: 71.93 s
2025-11-21 13:19:03.877830: 
2025-11-21 13:19:03.878038: Epoch 921
2025-11-21 13:19:03.878163: Current learning rate: 0.00102
2025-11-21 13:20:16.860884: train_loss -0.761
2025-11-21 13:20:16.864497: val_loss -0.7417
2025-11-21 13:20:16.864614: Pseudo dice [np.float32(0.9065), np.float32(0.7234), np.float32(0.0)]
2025-11-21 13:20:16.864725: Epoch time: 72.98 s
2025-11-21 13:20:18.558721: 
2025-11-21 13:20:18.558952: Epoch 922
2025-11-21 13:20:18.559088: Current learning rate: 0.00101
2025-11-21 13:21:29.436347: train_loss -0.7567
2025-11-21 13:21:29.436722: val_loss -0.7387
2025-11-21 13:21:29.436836: Pseudo dice [np.float32(0.9144), np.float32(0.7506), np.float32(0.0)]
2025-11-21 13:21:29.436955: Epoch time: 70.88 s
2025-11-21 13:21:30.676329: 
2025-11-21 13:21:30.676646: Epoch 923
2025-11-21 13:21:30.676792: Current learning rate: 0.001
2025-11-21 13:22:40.506858: train_loss -0.7738
2025-11-21 13:22:40.507092: val_loss -0.7531
2025-11-21 13:22:40.507206: Pseudo dice [np.float32(0.9059), np.float32(0.7478), np.float32(0.0)]
2025-11-21 13:22:40.507310: Epoch time: 69.83 s
2025-11-21 13:22:41.624768: 
2025-11-21 13:22:41.624979: Epoch 924
2025-11-21 13:22:41.625198: Current learning rate: 0.00098
2025-11-21 13:23:52.959293: train_loss -0.7458
2025-11-21 13:23:52.959591: val_loss -0.7815
2025-11-21 13:23:52.959702: Pseudo dice [np.float32(0.8938), np.float32(0.7525), np.float32(0.0)]
2025-11-21 13:23:52.959812: Epoch time: 71.34 s
2025-11-21 13:23:54.089042: 
2025-11-21 13:23:54.089343: Epoch 925
2025-11-21 13:23:54.089475: Current learning rate: 0.00097
2025-11-21 13:25:03.066364: train_loss -0.7808
2025-11-21 13:25:03.066602: val_loss -0.7538
2025-11-21 13:25:03.066716: Pseudo dice [np.float32(0.9073), np.float32(0.751), np.float32(0.0)]
2025-11-21 13:25:03.066891: Epoch time: 68.98 s
2025-11-21 13:25:05.343868: 
2025-11-21 13:25:05.344090: Epoch 926
2025-11-21 13:25:05.344218: Current learning rate: 0.00096
2025-11-21 13:26:15.274443: train_loss -0.763
2025-11-21 13:26:15.274681: val_loss -0.7649
2025-11-21 13:26:15.274788: Pseudo dice [np.float32(0.9009), np.float32(0.7236), np.float32(0.0)]
2025-11-21 13:26:15.274894: Epoch time: 69.93 s
2025-11-21 13:26:16.653664: 
2025-11-21 13:26:16.653918: Epoch 927
2025-11-21 13:26:16.654045: Current learning rate: 0.00095
2025-11-21 13:27:27.551189: train_loss -0.7701
2025-11-21 13:27:27.551435: val_loss -0.751
2025-11-21 13:27:27.551542: Pseudo dice [np.float32(0.9002), np.float32(0.7451), np.float32(0.0)]
2025-11-21 13:27:27.553882: Epoch time: 70.9 s
2025-11-21 13:27:29.841974: 
2025-11-21 13:27:29.842179: Epoch 928
2025-11-21 13:27:29.842301: Current learning rate: 0.00094
2025-11-21 13:28:38.496785: train_loss -0.7704
2025-11-21 13:28:38.497052: val_loss -0.7345
2025-11-21 13:28:38.497165: Pseudo dice [np.float32(0.9088), np.float32(0.7503), np.float32(0.0)]
2025-11-21 13:28:38.497281: Epoch time: 68.66 s
2025-11-21 13:28:39.546834: 
2025-11-21 13:28:39.547107: Epoch 929
2025-11-21 13:28:39.547240: Current learning rate: 0.00092
2025-11-21 13:29:49.617455: train_loss -0.7833
2025-11-21 13:29:49.626529: val_loss -0.7414
2025-11-21 13:29:49.626644: Pseudo dice [np.float32(0.9003), np.float32(0.7327), np.float32(0.0)]
2025-11-21 13:29:49.626746: Epoch time: 70.07 s
2025-11-21 13:29:50.734206: 
2025-11-21 13:29:50.734481: Epoch 930
2025-11-21 13:29:50.734675: Current learning rate: 0.00091
2025-11-21 13:31:00.113101: train_loss -0.7774
2025-11-21 13:31:00.115297: val_loss -0.7573
2025-11-21 13:31:00.117311: Pseudo dice [np.float32(0.9061), np.float32(0.7447), np.float32(0.0)]
2025-11-21 13:31:00.117462: Epoch time: 69.38 s
2025-11-21 13:31:02.374567: 
2025-11-21 13:31:02.374884: Epoch 931
2025-11-21 13:31:02.375017: Current learning rate: 0.0009
2025-11-21 13:32:13.378649: train_loss -0.7545
2025-11-21 13:32:13.378911: val_loss -0.7461
2025-11-21 13:32:13.379096: Pseudo dice [np.float32(0.9079), np.float32(0.7432), np.float32(0.0)]
2025-11-21 13:32:13.379311: Epoch time: 71.01 s
2025-11-21 13:32:14.427218: 
2025-11-21 13:32:14.427399: Epoch 932
2025-11-21 13:32:14.427523: Current learning rate: 0.00089
2025-11-21 13:33:20.946823: train_loss -0.7735
2025-11-21 13:33:20.947081: val_loss -0.7751
2025-11-21 13:33:20.947180: Pseudo dice [np.float32(0.9153), np.float32(0.7513), np.float32(0.0)]
2025-11-21 13:33:20.947278: Epoch time: 66.52 s
2025-11-21 13:33:22.152222: 
2025-11-21 13:33:22.152396: Epoch 933
2025-11-21 13:33:22.152505: Current learning rate: 0.00088
2025-11-21 13:34:29.846825: train_loss -0.7633
2025-11-21 13:34:29.847091: val_loss -0.7484
2025-11-21 13:34:29.847204: Pseudo dice [np.float32(0.908), np.float32(0.7446), np.float32(0.0)]
2025-11-21 13:34:29.847321: Epoch time: 67.7 s
2025-11-21 13:34:30.984107: 
2025-11-21 13:34:30.984325: Epoch 934
2025-11-21 13:34:30.984457: Current learning rate: 0.00087
2025-11-21 13:35:39.675229: train_loss -0.7652
2025-11-21 13:35:39.675470: val_loss -0.7828
2025-11-21 13:35:39.675579: Pseudo dice [np.float32(0.9086), np.float32(0.7473), np.float32(nan)]
2025-11-21 13:35:39.675693: Epoch time: 68.69 s
2025-11-21 13:35:40.812132: 
2025-11-21 13:35:40.812340: Epoch 935
2025-11-21 13:35:40.812468: Current learning rate: 0.00085
2025-11-21 13:36:54.489806: train_loss -0.7695
2025-11-21 13:36:54.490059: val_loss -0.7497
2025-11-21 13:36:54.490180: Pseudo dice [np.float32(0.9209), np.float32(0.7571), np.float32(0.0)]
2025-11-21 13:36:54.490286: Epoch time: 73.68 s
2025-11-21 13:36:56.121151: 
2025-11-21 13:36:56.121439: Epoch 936
2025-11-21 13:36:56.121583: Current learning rate: 0.00084
2025-11-21 13:38:03.573637: train_loss -0.7721
2025-11-21 13:38:03.573911: val_loss -0.7602
2025-11-21 13:38:03.574023: Pseudo dice [np.float32(0.9054), np.float32(0.7611), np.float32(0.0)]
2025-11-21 13:38:03.574131: Epoch time: 67.45 s
2025-11-21 13:38:04.720676: 
2025-11-21 13:38:04.720870: Epoch 937
2025-11-21 13:38:04.720992: Current learning rate: 0.00083
2025-11-21 13:39:14.664090: train_loss -0.7626
2025-11-21 13:39:14.664346: val_loss -0.763
2025-11-21 13:39:14.664463: Pseudo dice [np.float32(0.9011), np.float32(0.7577), np.float32(0.0)]
2025-11-21 13:39:14.664582: Epoch time: 69.94 s
2025-11-21 13:39:16.248638: 
2025-11-21 13:39:16.248896: Epoch 938
2025-11-21 13:39:16.249052: Current learning rate: 0.00082
2025-11-21 13:40:24.035474: train_loss -0.7679
2025-11-21 13:40:24.035751: val_loss -0.7795
2025-11-21 13:40:24.035851: Pseudo dice [np.float32(0.895), np.float32(0.7401), np.float32(0.0)]
2025-11-21 13:40:24.041399: Epoch time: 67.79 s
2025-11-21 13:40:25.593815: 
2025-11-21 13:40:25.594078: Epoch 939
2025-11-21 13:40:25.594286: Current learning rate: 0.00081
2025-11-21 13:41:35.547541: train_loss -0.7804
2025-11-21 13:41:35.547805: val_loss -0.7393
2025-11-21 13:41:35.547922: Pseudo dice [np.float32(0.9117), np.float32(0.7422), np.float32(0.0)]
2025-11-21 13:41:35.548048: Epoch time: 69.95 s
2025-11-21 13:41:36.869356: 
2025-11-21 13:41:36.869602: Epoch 940
2025-11-21 13:41:36.869751: Current learning rate: 0.00079
2025-11-21 13:42:48.145187: train_loss -0.7766
2025-11-21 13:42:48.145679: val_loss -0.7649
2025-11-21 13:42:48.145811: Pseudo dice [np.float32(0.9084), np.float32(0.7596), np.float32(0.0)]
2025-11-21 13:42:48.145924: Epoch time: 71.28 s
2025-11-21 13:42:49.376596: 
2025-11-21 13:42:49.376775: Epoch 941
2025-11-21 13:42:49.377628: Current learning rate: 0.00078
2025-11-21 13:44:01.921219: train_loss -0.7733
2025-11-21 13:44:01.921460: val_loss -0.7451
2025-11-21 13:44:01.921570: Pseudo dice [np.float32(0.9056), np.float32(0.7516), np.float32(0.0)]
2025-11-21 13:44:01.921679: Epoch time: 72.55 s
2025-11-21 13:44:04.293012: 
2025-11-21 13:44:04.293269: Epoch 942
2025-11-21 13:44:04.293425: Current learning rate: 0.00077
2025-11-21 13:45:12.866944: train_loss -0.7767
2025-11-21 13:45:12.867213: val_loss -0.7627
2025-11-21 13:45:12.867338: Pseudo dice [np.float32(0.9124), np.float32(0.7562), np.float32(0.0)]
2025-11-21 13:45:12.867462: Epoch time: 68.57 s
2025-11-21 13:45:14.610145: 
2025-11-21 13:45:14.610455: Epoch 943
2025-11-21 13:45:14.610579: Current learning rate: 0.00076
2025-11-21 13:46:28.002469: train_loss -0.7647
2025-11-21 13:46:28.002818: val_loss -0.7487
2025-11-21 13:46:28.002935: Pseudo dice [np.float32(0.9099), np.float32(0.7466), np.float32(0.0)]
2025-11-21 13:46:28.003044: Epoch time: 73.39 s
2025-11-21 13:46:29.151224: 
2025-11-21 13:46:29.151426: Epoch 944
2025-11-21 13:46:29.151569: Current learning rate: 0.00075
2025-11-21 13:47:37.457394: train_loss -0.7764
2025-11-21 13:47:37.457717: val_loss -0.7502
2025-11-21 13:47:37.457823: Pseudo dice [np.float32(0.9104), np.float32(0.7604), np.float32(0.0)]
2025-11-21 13:47:37.457924: Epoch time: 68.31 s
2025-11-21 13:47:38.984861: 
2025-11-21 13:47:38.985081: Epoch 945
2025-11-21 13:47:38.985214: Current learning rate: 0.00074
2025-11-21 13:48:47.574077: train_loss -0.7636
2025-11-21 13:48:47.576045: val_loss -0.7528
2025-11-21 13:48:47.576170: Pseudo dice [np.float32(0.9112), np.float32(0.7582), np.float32(0.0)]
2025-11-21 13:48:47.576291: Epoch time: 68.59 s
2025-11-21 13:48:48.772658: 
2025-11-21 13:48:48.773030: Epoch 946
2025-11-21 13:48:48.773176: Current learning rate: 0.00072
2025-11-21 13:49:57.761297: train_loss -0.7708
2025-11-21 13:49:57.761566: val_loss -0.7608
2025-11-21 13:49:57.761666: Pseudo dice [np.float32(0.9108), np.float32(0.7515), np.float32(0.0)]
2025-11-21 13:49:57.761770: Epoch time: 68.99 s
2025-11-21 13:49:59.042793: 
2025-11-21 13:49:59.043064: Epoch 947
2025-11-21 13:49:59.043221: Current learning rate: 0.00071
2025-11-21 13:51:12.480414: train_loss -0.7864
2025-11-21 13:51:12.482739: val_loss -0.7889
2025-11-21 13:51:12.483058: Pseudo dice [np.float32(0.9057), np.float32(0.7444), np.float32(0.0)]
2025-11-21 13:51:12.483185: Epoch time: 73.44 s
2025-11-21 13:51:13.955702: 
2025-11-21 13:51:13.955876: Epoch 948
2025-11-21 13:51:13.955992: Current learning rate: 0.0007
2025-11-21 13:52:23.691800: train_loss -0.7757
2025-11-21 13:52:23.693671: val_loss -0.7913
2025-11-21 13:52:23.693793: Pseudo dice [np.float32(0.9055), np.float32(0.7596), np.float32(0.0)]
2025-11-21 13:52:23.699888: Epoch time: 69.74 s
2025-11-21 13:52:26.101667: 
2025-11-21 13:52:26.101880: Epoch 949
2025-11-21 13:52:26.102015: Current learning rate: 0.00069
2025-11-21 13:53:37.511706: train_loss -0.7761
2025-11-21 13:53:37.511945: val_loss -0.7849
2025-11-21 13:53:37.512058: Pseudo dice [np.float32(0.8936), np.float32(0.7579), np.float32(0.0)]
2025-11-21 13:53:37.512181: Epoch time: 71.41 s
2025-11-21 13:53:39.785712: 
2025-11-21 13:53:39.785972: Epoch 950
2025-11-21 13:53:39.786104: Current learning rate: 0.00067
2025-11-21 13:54:52.877214: train_loss -0.7691
2025-11-21 13:54:52.878136: val_loss -0.7843
2025-11-21 13:54:52.878259: Pseudo dice [np.float32(0.9044), np.float32(0.761), np.float32(0.0)]
2025-11-21 13:54:52.878366: Epoch time: 73.09 s
2025-11-21 13:54:54.138335: 
2025-11-21 13:54:54.138555: Epoch 951
2025-11-21 13:54:54.138697: Current learning rate: 0.00066
2025-11-21 13:55:59.201663: train_loss -0.7762
2025-11-21 13:55:59.201890: val_loss -0.7413
2025-11-21 13:55:59.201990: Pseudo dice [np.float32(0.9054), np.float32(0.7423), np.float32(0.0)]
2025-11-21 13:55:59.204284: Epoch time: 65.06 s
2025-11-21 13:56:00.525950: 
2025-11-21 13:56:00.526161: Epoch 952
2025-11-21 13:56:00.526294: Current learning rate: 0.00065
2025-11-21 13:57:11.155126: train_loss -0.7737
2025-11-21 13:57:11.156333: val_loss -0.7677
2025-11-21 13:57:11.156458: Pseudo dice [np.float32(0.9131), np.float32(0.7576), np.float32(0.0)]
2025-11-21 13:57:11.156561: Epoch time: 70.63 s
2025-11-21 13:57:12.403960: 
2025-11-21 13:57:12.404148: Epoch 953
2025-11-21 13:57:12.404288: Current learning rate: 0.00064
2025-11-21 13:58:24.693871: train_loss -0.8052
2025-11-21 13:58:24.694091: val_loss -0.765
2025-11-21 13:58:24.694207: Pseudo dice [np.float32(0.9034), np.float32(0.7438), np.float32(0.0)]
2025-11-21 13:58:24.694316: Epoch time: 72.29 s
2025-11-21 13:58:25.942188: 
2025-11-21 13:58:25.942447: Epoch 954
2025-11-21 13:58:25.942594: Current learning rate: 0.00063
2025-11-21 13:59:31.311299: train_loss -0.7754
2025-11-21 13:59:31.311559: val_loss -0.7144
2025-11-21 13:59:31.311669: Pseudo dice [np.float32(0.9146), np.float32(0.7544), np.float32(0.0)]
2025-11-21 13:59:31.311779: Epoch time: 65.37 s
2025-11-21 13:59:33.541870: 
2025-11-21 13:59:33.542093: Epoch 955
2025-11-21 13:59:33.542228: Current learning rate: 0.00061
2025-11-21 14:00:47.870739: train_loss -0.7639
2025-11-21 14:00:47.870996: val_loss -0.7651
2025-11-21 14:00:47.871091: Pseudo dice [np.float32(0.9111), np.float32(0.7592), np.float32(0.0)]
2025-11-21 14:00:47.871197: Epoch time: 74.33 s
2025-11-21 14:00:49.225518: 
2025-11-21 14:00:49.225802: Epoch 956
2025-11-21 14:00:49.225936: Current learning rate: 0.0006
2025-11-21 14:01:58.811924: train_loss -0.7759
2025-11-21 14:01:58.812165: val_loss -0.7327
2025-11-21 14:01:58.812276: Pseudo dice [np.float32(0.9059), np.float32(0.7501), np.float32(0.0)]
2025-11-21 14:01:58.812395: Epoch time: 69.59 s
2025-11-21 14:02:01.459170: 
2025-11-21 14:02:01.459404: Epoch 957
2025-11-21 14:02:01.459545: Current learning rate: 0.00059
2025-11-21 14:03:10.497506: train_loss -0.7756
2025-11-21 14:03:10.497764: val_loss -0.7555
2025-11-21 14:03:10.497868: Pseudo dice [np.float32(0.9014), np.float32(0.7518), np.float32(0.0)]
2025-11-21 14:03:10.497967: Epoch time: 69.04 s
2025-11-21 14:03:12.237574: 
2025-11-21 14:03:12.237822: Epoch 958
2025-11-21 14:03:12.237952: Current learning rate: 0.00058
2025-11-21 14:04:23.564062: train_loss -0.7736
2025-11-21 14:04:23.566546: val_loss -0.7771
2025-11-21 14:04:23.566721: Pseudo dice [np.float32(0.9113), np.float32(0.7573), np.float32(0.0)]
2025-11-21 14:04:23.566835: Epoch time: 71.33 s
2025-11-21 14:04:24.999993: 
2025-11-21 14:04:25.000272: Epoch 959
2025-11-21 14:04:25.000390: Current learning rate: 0.00056
2025-11-21 14:05:34.537158: train_loss -0.7685
2025-11-21 14:05:34.537413: val_loss -0.7568
2025-11-21 14:05:34.537524: Pseudo dice [np.float32(0.9185), np.float32(0.7488), np.float32(0.0)]
2025-11-21 14:05:34.537635: Epoch time: 69.54 s
2025-11-21 14:05:36.069286: 
2025-11-21 14:05:36.069477: Epoch 960
2025-11-21 14:05:36.069590: Current learning rate: 0.00055
2025-11-21 14:06:49.293307: train_loss -0.7762
2025-11-21 14:06:49.293632: val_loss -0.727
2025-11-21 14:06:49.293747: Pseudo dice [np.float32(0.8999), np.float32(0.7387), np.float32(0.0)]
2025-11-21 14:06:49.293855: Epoch time: 73.22 s
2025-11-21 14:06:50.541184: 
2025-11-21 14:06:50.541449: Epoch 961
2025-11-21 14:06:50.541637: Current learning rate: 0.00054
2025-11-21 14:08:06.578240: train_loss -0.7795
2025-11-21 14:08:06.578500: val_loss -0.7514
2025-11-21 14:08:06.578607: Pseudo dice [np.float32(0.9065), np.float32(0.7361), np.float32(0.0)]
2025-11-21 14:08:06.578710: Epoch time: 76.04 s
2025-11-21 14:08:07.782530: 
2025-11-21 14:08:07.782794: Epoch 962
2025-11-21 14:08:07.782916: Current learning rate: 0.00053
2025-11-21 14:09:20.596045: train_loss -0.7809
2025-11-21 14:09:20.598700: val_loss -0.7393
2025-11-21 14:09:20.598833: Pseudo dice [np.float32(0.9128), np.float32(0.7431), np.float32(0.0)]
2025-11-21 14:09:20.598943: Epoch time: 72.81 s
2025-11-21 14:09:22.374084: 
2025-11-21 14:09:22.374342: Epoch 963
2025-11-21 14:09:22.374465: Current learning rate: 0.00051
2025-11-21 14:10:31.186225: train_loss -0.7589
2025-11-21 14:10:31.186456: val_loss -0.7797
2025-11-21 14:10:31.186569: Pseudo dice [np.float32(0.9161), np.float32(0.7641), np.float32(0.0)]
2025-11-21 14:10:31.186673: Epoch time: 68.81 s
2025-11-21 14:10:32.333152: 
2025-11-21 14:10:32.333370: Epoch 964
2025-11-21 14:10:32.333554: Current learning rate: 0.0005
2025-11-21 14:11:43.024892: train_loss -0.7632
2025-11-21 14:11:43.025142: val_loss -0.7514
2025-11-21 14:11:43.025270: Pseudo dice [np.float32(0.9039), np.float32(0.7502), np.float32(0.0)]
2025-11-21 14:11:43.025383: Epoch time: 70.69 s
2025-11-21 14:11:44.353484: 
2025-11-21 14:11:44.353678: Epoch 965
2025-11-21 14:11:44.353797: Current learning rate: 0.00049
2025-11-21 14:12:58.374054: train_loss -0.7747
2025-11-21 14:12:58.374292: val_loss -0.7685
2025-11-21 14:12:58.374402: Pseudo dice [np.float32(0.9024), np.float32(0.7595), np.float32(0.0)]
2025-11-21 14:12:58.374513: Epoch time: 74.02 s
2025-11-21 14:12:59.606613: 
2025-11-21 14:12:59.606794: Epoch 966
2025-11-21 14:12:59.606913: Current learning rate: 0.00048
2025-11-21 14:14:13.025815: train_loss -0.782
2025-11-21 14:14:13.026137: val_loss -0.7565
2025-11-21 14:14:13.026250: Pseudo dice [np.float32(0.8989), np.float32(0.7409), np.float32(0.0)]
2025-11-21 14:14:13.026351: Epoch time: 73.42 s
2025-11-21 14:14:14.177073: 
2025-11-21 14:14:14.177359: Epoch 967
2025-11-21 14:14:14.177515: Current learning rate: 0.00046
2025-11-21 14:15:21.094888: train_loss -0.7802
2025-11-21 14:15:21.095218: val_loss -0.7766
2025-11-21 14:15:21.095332: Pseudo dice [np.float32(0.9114), np.float32(0.7529), np.float32(0.0)]
2025-11-21 14:15:21.095438: Epoch time: 66.92 s
2025-11-21 14:15:23.154985: 
2025-11-21 14:15:23.155192: Epoch 968
2025-11-21 14:15:23.155314: Current learning rate: 0.00045
2025-11-21 14:16:32.372572: train_loss -0.77
2025-11-21 14:16:32.373491: val_loss -0.7632
2025-11-21 14:16:32.373619: Pseudo dice [np.float32(0.9012), np.float32(0.7599), np.float32(0.0)]
2025-11-21 14:16:32.373728: Epoch time: 69.22 s
2025-11-21 14:16:33.575114: 
2025-11-21 14:16:33.575526: Epoch 969
2025-11-21 14:16:33.575826: Current learning rate: 0.00044
2025-11-21 14:17:46.266763: train_loss -0.7699
2025-11-21 14:17:46.267071: val_loss -0.7617
2025-11-21 14:17:46.267186: Pseudo dice [np.float32(0.9065), np.float32(0.7496), np.float32(0.0)]
2025-11-21 14:17:46.267291: Epoch time: 72.69 s
2025-11-21 14:17:47.668058: 
2025-11-21 14:17:47.668257: Epoch 970
2025-11-21 14:17:47.668371: Current learning rate: 0.00043
2025-11-21 14:18:58.881087: train_loss -0.7648
2025-11-21 14:18:58.881347: val_loss -0.7703
2025-11-21 14:18:58.881475: Pseudo dice [np.float32(0.9079), np.float32(0.7556), np.float32(0.0)]
2025-11-21 14:18:58.881670: Epoch time: 71.21 s
2025-11-21 14:19:00.734931: 
2025-11-21 14:19:00.735126: Epoch 971
2025-11-21 14:19:00.735255: Current learning rate: 0.00041
2025-11-21 14:20:08.731221: train_loss -0.774
2025-11-21 14:20:08.732081: val_loss -0.7434
2025-11-21 14:20:08.732200: Pseudo dice [np.float32(0.9063), np.float32(0.7442), np.float32(0.0)]
2025-11-21 14:20:08.732306: Epoch time: 68.0 s
2025-11-21 14:20:10.786433: 
2025-11-21 14:20:10.786685: Epoch 972
2025-11-21 14:20:10.786820: Current learning rate: 0.0004
2025-11-21 14:21:20.424954: train_loss -0.7786
2025-11-21 14:21:20.425231: val_loss -0.7865
2025-11-21 14:21:20.425338: Pseudo dice [np.float32(0.9042), np.float32(0.7481), np.float32(0.0)]
2025-11-21 14:21:20.425440: Epoch time: 69.64 s
2025-11-21 14:21:21.673435: 
2025-11-21 14:21:21.673630: Epoch 973
2025-11-21 14:21:21.673767: Current learning rate: 0.00039
2025-11-21 14:22:33.505650: train_loss -0.7664
2025-11-21 14:22:33.505896: val_loss -0.7703
2025-11-21 14:22:33.506008: Pseudo dice [np.float32(0.9051), np.float32(0.7487), np.float32(0.0)]
2025-11-21 14:22:33.506115: Epoch time: 71.83 s
2025-11-21 14:22:34.742308: 
2025-11-21 14:22:34.742595: Epoch 974
2025-11-21 14:22:34.742738: Current learning rate: 0.00037
2025-11-21 14:23:48.749245: train_loss -0.7774
2025-11-21 14:23:48.751733: val_loss -0.7608
2025-11-21 14:23:48.751872: Pseudo dice [np.float32(0.9104), np.float32(0.7468), np.float32(0.0)]
2025-11-21 14:23:48.751994: Epoch time: 74.01 s
2025-11-21 14:23:50.849990: 
2025-11-21 14:23:50.850298: Epoch 975
2025-11-21 14:23:50.850433: Current learning rate: 0.00036
2025-11-21 14:25:03.634894: train_loss -0.7765
2025-11-21 14:25:03.636686: val_loss -0.7372
2025-11-21 14:25:03.636808: Pseudo dice [np.float32(0.9117), np.float32(0.7443), np.float32(0.0)]
2025-11-21 14:25:03.636921: Epoch time: 72.79 s
2025-11-21 14:25:04.999517: 
2025-11-21 14:25:04.999728: Epoch 976
2025-11-21 14:25:04.999872: Current learning rate: 0.00035
2025-11-21 14:26:15.317602: train_loss -0.7784
2025-11-21 14:26:15.317969: val_loss -0.7428
2025-11-21 14:26:15.318084: Pseudo dice [np.float32(0.9137), np.float32(0.7619), np.float32(0.0)]
2025-11-21 14:26:15.318197: Epoch time: 70.32 s
2025-11-21 14:26:16.690241: 
2025-11-21 14:26:16.690420: Epoch 977
2025-11-21 14:26:16.690554: Current learning rate: 0.00034
2025-11-21 14:27:22.989686: train_loss -0.781
2025-11-21 14:27:22.990011: val_loss -0.7532
2025-11-21 14:27:22.990127: Pseudo dice [np.float32(0.909), np.float32(0.744), np.float32(0.0)]
2025-11-21 14:27:22.990234: Epoch time: 66.3 s
2025-11-21 14:27:24.612866: 
2025-11-21 14:27:24.613028: Epoch 978
2025-11-21 14:27:24.613142: Current learning rate: 0.00032
2025-11-21 14:28:32.293141: train_loss -0.7572
2025-11-21 14:28:32.294912: val_loss -0.7519
2025-11-21 14:28:32.295041: Pseudo dice [np.float32(0.9044), np.float32(0.7531), np.float32(0.0)]
2025-11-21 14:28:32.295160: Epoch time: 67.68 s
2025-11-21 14:28:33.686302: 
2025-11-21 14:28:33.686512: Epoch 979
2025-11-21 14:28:33.686642: Current learning rate: 0.00031
2025-11-21 14:29:45.744158: train_loss -0.7857
2025-11-21 14:29:45.744445: val_loss -0.7661
2025-11-21 14:29:45.744547: Pseudo dice [np.float32(0.907), np.float32(0.7586), np.float32(0.0)]
2025-11-21 14:29:45.744647: Epoch time: 72.06 s
2025-11-21 14:29:47.556727: 
2025-11-21 14:29:47.556973: Epoch 980
2025-11-21 14:29:47.557108: Current learning rate: 0.0003
2025-11-21 14:30:56.168235: train_loss -0.7751
2025-11-21 14:30:56.168458: val_loss -0.7605
2025-11-21 14:30:56.168567: Pseudo dice [np.float32(0.9085), np.float32(0.754), np.float32(0.0)]
2025-11-21 14:30:56.168677: Epoch time: 68.61 s
2025-11-21 14:30:57.240167: 
2025-11-21 14:30:57.240387: Epoch 981
2025-11-21 14:30:57.240527: Current learning rate: 0.00028
2025-11-21 14:32:07.750587: train_loss -0.7685
2025-11-21 14:32:07.763459: val_loss -0.7864
2025-11-21 14:32:07.763600: Pseudo dice [np.float32(0.9097), np.float32(0.7429), np.float32(0.0)]
2025-11-21 14:32:07.763710: Epoch time: 70.51 s
2025-11-21 14:32:08.844659: 
2025-11-21 14:32:08.844896: Epoch 982
2025-11-21 14:32:08.845032: Current learning rate: 0.00027
2025-11-21 14:33:18.280510: train_loss -0.7697
2025-11-21 14:33:18.280784: val_loss -0.7448
2025-11-21 14:33:18.280902: Pseudo dice [np.float32(0.9078), np.float32(0.738), np.float32(0.0)]
2025-11-21 14:33:18.281014: Epoch time: 69.44 s
2025-11-21 14:33:19.514495: 
2025-11-21 14:33:19.514689: Epoch 983
2025-11-21 14:33:19.514818: Current learning rate: 0.00026
2025-11-21 14:34:32.503004: train_loss -0.7912
2025-11-21 14:34:32.503267: val_loss -0.7575
2025-11-21 14:34:32.503373: Pseudo dice [np.float32(0.9123), np.float32(0.7607), np.float32(0.0)]
2025-11-21 14:34:32.503483: Epoch time: 72.99 s
2025-11-21 14:34:34.296271: 
2025-11-21 14:34:34.296486: Epoch 984
2025-11-21 14:34:34.296600: Current learning rate: 0.00024
2025-11-21 14:35:44.721040: train_loss -0.7816
2025-11-21 14:35:44.721312: val_loss -0.7495
2025-11-21 14:35:44.721429: Pseudo dice [np.float32(0.9112), np.float32(0.7552), np.float32(0.0)]
2025-11-21 14:35:44.721552: Epoch time: 70.43 s
2025-11-21 14:35:46.073930: 
2025-11-21 14:35:46.074124: Epoch 985
2025-11-21 14:35:46.074244: Current learning rate: 0.00023
2025-11-21 14:37:01.706971: train_loss -0.7592
2025-11-21 14:37:01.709922: val_loss -0.7752
2025-11-21 14:37:01.710065: Pseudo dice [np.float32(0.9021), np.float32(0.7384), np.float32(0.0)]
2025-11-21 14:37:01.710182: Epoch time: 75.63 s
2025-11-21 14:37:03.007575: 
2025-11-21 14:37:03.007829: Epoch 986
2025-11-21 14:37:03.007957: Current learning rate: 0.00021
2025-11-21 14:38:15.443635: train_loss -0.7789
2025-11-21 14:38:15.443865: val_loss -0.7684
2025-11-21 14:38:15.443973: Pseudo dice [np.float32(0.9129), np.float32(0.7614), np.float32(0.0)]
2025-11-21 14:38:15.444083: Epoch time: 72.44 s
2025-11-21 14:38:17.954906: 
2025-11-21 14:38:17.955157: Epoch 987
2025-11-21 14:38:17.955295: Current learning rate: 0.0002
2025-11-21 14:39:28.165700: train_loss -0.7632
2025-11-21 14:39:28.165952: val_loss -0.7518
2025-11-21 14:39:28.166052: Pseudo dice [np.float32(0.9149), np.float32(0.7563), np.float32(0.0)]
2025-11-21 14:39:28.166240: Epoch time: 70.21 s
2025-11-21 14:39:29.320117: 
2025-11-21 14:39:29.320389: Epoch 988
2025-11-21 14:39:29.320524: Current learning rate: 0.00019
2025-11-21 14:40:43.045046: train_loss -0.7773
2025-11-21 14:40:43.046916: val_loss -0.7646
2025-11-21 14:40:43.047056: Pseudo dice [np.float32(0.9124), np.float32(0.7389), np.float32(0.0)]
2025-11-21 14:40:43.047161: Epoch time: 73.73 s
2025-11-21 14:40:44.535356: 
2025-11-21 14:40:44.535528: Epoch 989
2025-11-21 14:40:44.535652: Current learning rate: 0.00017
2025-11-21 14:41:57.645390: train_loss -0.7682
2025-11-21 14:41:57.645712: val_loss -0.7701
2025-11-21 14:41:57.645820: Pseudo dice [np.float32(0.9085), np.float32(0.7445), np.float32(0.0)]
2025-11-21 14:41:57.645921: Epoch time: 73.11 s
2025-11-21 14:41:58.844082: 
2025-11-21 14:41:58.844294: Epoch 990
2025-11-21 14:41:58.844417: Current learning rate: 0.00016
2025-11-21 14:43:08.219016: train_loss -0.7866
2025-11-21 14:43:08.219264: val_loss -0.763
2025-11-21 14:43:08.219383: Pseudo dice [np.float32(0.9134), np.float32(0.7537), np.float32(0.0)]
2025-11-21 14:43:08.219491: Epoch time: 69.38 s
2025-11-21 14:43:10.234168: 
2025-11-21 14:43:10.234434: Epoch 991
2025-11-21 14:43:10.234560: Current learning rate: 0.00014
2025-11-21 14:44:21.720530: train_loss -0.7921
2025-11-21 14:44:21.721873: val_loss -0.7633
2025-11-21 14:44:21.722216: Pseudo dice [np.float32(0.9123), np.float32(0.7539), np.float32(0.0)]
2025-11-21 14:44:21.722347: Epoch time: 71.49 s
2025-11-21 14:44:23.319980: 
2025-11-21 14:44:23.320167: Epoch 992
2025-11-21 14:44:23.320303: Current learning rate: 0.00013
2025-11-21 14:45:38.022518: train_loss -0.7785
2025-11-21 14:45:38.022854: val_loss -0.7358
2025-11-21 14:45:38.022968: Pseudo dice [np.float32(0.9084), np.float32(0.7522), np.float32(0.0)]
2025-11-21 14:45:38.028533: Epoch time: 74.7 s
2025-11-21 14:45:39.715547: 
2025-11-21 14:45:39.715791: Epoch 993
2025-11-21 14:45:39.715927: Current learning rate: 0.00011
2025-11-21 14:46:50.940324: train_loss -0.7848
2025-11-21 14:46:50.940655: val_loss -0.7395
2025-11-21 14:46:50.940768: Pseudo dice [np.float32(0.9069), np.float32(0.7471), np.float32(0.0)]
2025-11-21 14:46:50.940878: Epoch time: 71.23 s
2025-11-21 14:46:52.092294: 
2025-11-21 14:46:52.092512: Epoch 994
2025-11-21 14:46:52.092649: Current learning rate: 0.0001
2025-11-21 14:48:02.364915: train_loss -0.776
2025-11-21 14:48:02.365288: val_loss -0.77
2025-11-21 14:48:02.365417: Pseudo dice [np.float32(0.9091), np.float32(0.7625), np.float32(0.0)]
2025-11-21 14:48:02.365528: Epoch time: 70.27 s
2025-11-21 14:48:03.534368: 
2025-11-21 14:48:03.534672: Epoch 995
2025-11-21 14:48:03.534796: Current learning rate: 8e-05
2025-11-21 14:49:12.244789: train_loss -0.7933
2025-11-21 14:49:12.245023: val_loss -0.7831
2025-11-21 14:49:12.245138: Pseudo dice [np.float32(0.9181), np.float32(0.7484), np.float32(0.0)]
2025-11-21 14:49:12.245259: Epoch time: 68.71 s
2025-11-21 14:49:14.071959: 
2025-11-21 14:49:14.072181: Epoch 996
2025-11-21 14:49:14.072322: Current learning rate: 7e-05
2025-11-21 14:50:20.786976: train_loss -0.7661
2025-11-21 14:50:20.787284: val_loss -0.7971
2025-11-21 14:50:20.787416: Pseudo dice [np.float32(0.9004), np.float32(0.7448), np.float32(0.0)]
2025-11-21 14:50:20.787530: Epoch time: 66.72 s
2025-11-21 14:50:21.953485: 
2025-11-21 14:50:21.953682: Epoch 997
2025-11-21 14:50:21.953803: Current learning rate: 5e-05
2025-11-21 14:51:27.086015: train_loss -0.7849
2025-11-21 14:51:27.086258: val_loss -0.7676
2025-11-21 14:51:27.088484: Pseudo dice [np.float32(0.9136), np.float32(0.7531), np.float32(0.0)]
2025-11-21 14:51:27.088743: Epoch time: 65.13 s
2025-11-21 14:51:28.276393: 
2025-11-21 14:51:28.276608: Epoch 998
2025-11-21 14:51:28.276755: Current learning rate: 4e-05
2025-11-21 14:52:42.350536: train_loss -0.7809
2025-11-21 14:52:42.350885: val_loss -0.7513
2025-11-21 14:52:42.350993: Pseudo dice [np.float32(0.9106), np.float32(0.7464), np.float32(0.0)]
2025-11-21 14:52:42.351099: Epoch time: 74.08 s
2025-11-21 14:52:43.566203: 
2025-11-21 14:52:43.566373: Epoch 999
2025-11-21 14:52:43.566487: Current learning rate: 2e-05
2025-11-21 14:53:51.429557: train_loss -0.7772
2025-11-21 14:53:51.431451: val_loss -0.7374
2025-11-21 14:53:51.431583: Pseudo dice [np.float32(0.9107), np.float32(0.7556), np.float32(0.0)]
2025-11-21 14:53:51.431689: Epoch time: 67.86 s
2025-11-21 14:53:53.449424: Training done.
2025-11-21 14:53:53.689348: Using splits from existing split file: /work/u4526725/Dataset/nnUNet/nnUNet_preprocessed/Dataset306_aicup2025/splits_final.json
2025-11-21 14:53:53.689588: The split file contains 5 splits.
2025-11-21 14:53:53.689649: Desired fold for training: 1
2025-11-21 14:53:53.689707: This split has 40 training and 10 validation cases.
2025-11-21 14:53:53.689839: predicting patient0003
2025-11-21 14:53:54.420002: patient0003, shape torch.Size([1, 324, 565, 565]), rank 0
2025-11-21 14:55:14.141397: predicting patient0004
2025-11-21 14:55:14.702926: patient0004, shape torch.Size([1, 292, 532, 532]), rank 0
2025-11-21 14:56:10.030478: predicting patient0006
2025-11-21 14:56:10.412540: patient0006, shape torch.Size([1, 277, 456, 456]), rank 0
2025-11-21 14:56:42.509691: predicting patient0020
2025-11-21 14:56:43.008178: patient0020, shape torch.Size([1, 270, 527, 527]), rank 0
2025-11-21 14:57:29.126243: predicting patient0021
2025-11-21 14:57:29.715511: patient0021, shape torch.Size([1, 369, 502, 502]), rank 0
2025-11-21 14:58:34.229167: predicting patient0026
2025-11-21 14:58:34.632839: patient0026, shape torch.Size([1, 289, 471, 471]), rank 0
2025-11-21 14:59:13.128769: predicting patient0029
2025-11-21 14:59:13.621871: patient0029, shape torch.Size([1, 379, 456, 456]), rank 0
2025-11-21 14:59:58.497692: predicting patient0032
2025-11-21 14:59:58.838163: patient0032, shape torch.Size([1, 292, 438, 438]), rank 0
2025-11-21 15:00:37.312370: predicting patient0040
2025-11-21 15:00:37.888445: patient0040, shape torch.Size([1, 302, 540, 540]), rank 0
2025-11-21 15:01:33.244158: predicting patient0044
2025-11-21 15:01:33.882656: patient0044, shape torch.Size([1, 360, 520, 520]), rank 0
2025-11-21 15:03:20.956518: Validation complete
2025-11-21 15:03:20.956655: Mean Validation Dice:  0.5552126024922591
