+----------------------------------------------------+
| loading miniforge with conda 24.7.1 and python 3.9 |
+----------------------------------------------------+

Sat Nov 22 23:27:44 CST 2025
/work/u4526725/ntuh/nnUNet
/work/u4526725/Dataset/nnUNet/nnUNet_raw
/work/u4526725/Dataset/nnUNet/nnUNet_preprocessed
/work/u4526725/Dataset/nnUNet/nnUNet_results
/work/u4526725/Dataset/nnUNet/nnUNet_predictions
/home/u4526725/.conda/envs/nnUNet/bin:/work/HPC_SYS/twnia2/pkg-rocky8/tools/miniforge/Miniforge-pypy3-24.7.1-2/condabin:/opt/conda/bin:/opt/conda/bin:/home/u4526725/.vscode-server/data/User/globalStorage/github.copilot-chat/copilotCli:/home/u4526725/.vscode-server/data/User/globalStorage/github.copilot-chat/debugCommand:/home/u4526725/.vscode-server/cli/servers/Stable-cb1933bbc38d329b3595673a600fab5c7368f0a7/server/bin/remote-cli:/opt/conda/bin:/usr/local/bin:/usr/bin:/usr/local/sbin:/usr/sbin:/home/u4526725/.vscode-server/extensions/ms-python.debugpy-2025.16.0-linux-x64/bundled/scripts/noConfigScripts:/home/u4526725/.local/bin:/home/u4526725/.local/bin:/home/u4526725/bin:/home/u4526725/.local/bin

############################
INFO: You are using the old nnU-Net default plans. We have updated our recommendations. Please consider using those instead! Read more here: https://github.com/MIC-DKFZ/nnUNet/blob/master/documentation/resenc_presets.md
############################

Using device: cuda:0

#######################################################################
Please cite the following paper when using nnU-Net:
Isensee, F., Jaeger, P. F., Kohl, S. A., Petersen, J., & Maier-Hein, K. H. (2021). nnU-Net: a self-configuring method for deep learning-based biomedical image segmentation. Nature methods, 18(2), 203-211.
#######################################################################

2025-11-22 23:27:49.194780: Using torch.compile...
2025-11-22 23:27:50.649527: do_dummy_2d_data_aug: False
2025-11-22 23:27:50.649932: Using splits from existing split file: /work/u4526725/Dataset/nnUNet/nnUNet_preprocessed/Dataset306_aicup2025/splits_final.json
2025-11-22 23:27:50.650107: The split file contains 5 splits.
2025-11-22 23:27:50.650170: Desired fold for training: 4
2025-11-22 23:27:50.650224: This split has 40 training and 10 validation cases.
using pin_memory on device 0
/home/u4526725/.local/lib/python3.12/site-packages/torch/_inductor/lowering.py:7095: UserWarning: 
Online softmax is disabled on the fly since Inductor decides to
split the reduction. Cut an issue to PyTorch if this is an
important use case and you want to speed it up with online
softmax.

  warnings.warn(
/home/u4526725/.local/lib/python3.12/site-packages/torch/_inductor/lowering.py:7095: UserWarning: 
Online softmax is disabled on the fly since Inductor decides to
split the reduction. Cut an issue to PyTorch if this is an
important use case and you want to speed it up with online
softmax.

  warnings.warn(
/home/u4526725/.local/lib/python3.12/site-packages/torch/_inductor/lowering.py:7095: UserWarning: 
Online softmax is disabled on the fly since Inductor decides to
split the reduction. Cut an issue to PyTorch if this is an
important use case and you want to speed it up with online
softmax.

  warnings.warn(
/home/u4526725/.local/lib/python3.12/site-packages/fft_conv_pytorch/fft_conv.py:139: UserWarning: Using a non-tuple sequence for multidimensional indexing is deprecated and will be changed in pytorch 2.9; use x[tuple(seq)] instead of x[seq]. In pytorch 2.9 this will be interpreted as tensor index, x[torch.tensor(seq)], which will result either in an error or a different result (Triggered internally at /pytorch/torch/csrc/autograd/python_variable_indexing.cpp:306.)
  output = output[crop_slices].contiguous()
/home/u4526725/.local/lib/python3.12/site-packages/fft_conv_pytorch/fft_conv.py:139: UserWarning: Using a non-tuple sequence for multidimensional indexing is deprecated and will be changed in pytorch 2.9; use x[tuple(seq)] instead of x[seq]. In pytorch 2.9 this will be interpreted as tensor index, x[torch.tensor(seq)], which will result either in an error or a different result (Triggered internally at /pytorch/torch/csrc/autograd/python_variable_indexing.cpp:306.)
  output = output[crop_slices].contiguous()
/home/u4526725/.local/lib/python3.12/site-packages/fft_conv_pytorch/fft_conv.py:139: UserWarning: Using a non-tuple sequence for multidimensional indexing is deprecated and will be changed in pytorch 2.9; use x[tuple(seq)] instead of x[seq]. In pytorch 2.9 this will be interpreted as tensor index, x[torch.tensor(seq)], which will result either in an error or a different result (Triggered internally at /pytorch/torch/csrc/autograd/python_variable_indexing.cpp:306.)
  output = output[crop_slices].contiguous()
/home/u4526725/.local/lib/python3.12/site-packages/fft_conv_pytorch/fft_conv.py:139: UserWarning: Using a non-tuple sequence for multidimensional indexing is deprecated and will be changed in pytorch 2.9; use x[tuple(seq)] instead of x[seq]. In pytorch 2.9 this will be interpreted as tensor index, x[torch.tensor(seq)], which will result either in an error or a different result (Triggered internally at /pytorch/torch/csrc/autograd/python_variable_indexing.cpp:306.)
  output = output[crop_slices].contiguous()
/home/u4526725/.local/lib/python3.12/site-packages/fft_conv_pytorch/fft_conv.py:139: UserWarning: Using a non-tuple sequence for multidimensional indexing is deprecated and will be changed in pytorch 2.9; use x[tuple(seq)] instead of x[seq]. In pytorch 2.9 this will be interpreted as tensor index, x[torch.tensor(seq)], which will result either in an error or a different result (Triggered internally at /pytorch/torch/csrc/autograd/python_variable_indexing.cpp:306.)
  output = output[crop_slices].contiguous()
/home/u4526725/.local/lib/python3.12/site-packages/fft_conv_pytorch/fft_conv.py:139: UserWarning: Using a non-tuple sequence for multidimensional indexing is deprecated and will be changed in pytorch 2.9; use x[tuple(seq)] instead of x[seq]. In pytorch 2.9 this will be interpreted as tensor index, x[torch.tensor(seq)], which will result either in an error or a different result (Triggered internally at /pytorch/torch/csrc/autograd/python_variable_indexing.cpp:306.)
  output = output[crop_slices].contiguous()
/home/u4526725/.local/lib/python3.12/site-packages/fft_conv_pytorch/fft_conv.py:139: UserWarning: Using a non-tuple sequence for multidimensional indexing is deprecated and will be changed in pytorch 2.9; use x[tuple(seq)] instead of x[seq]. In pytorch 2.9 this will be interpreted as tensor index, x[torch.tensor(seq)], which will result either in an error or a different result (Triggered internally at /pytorch/torch/csrc/autograd/python_variable_indexing.cpp:306.)
  output = output[crop_slices].contiguous()
/home/u4526725/.local/lib/python3.12/site-packages/fft_conv_pytorch/fft_conv.py:139: UserWarning: Using a non-tuple sequence for multidimensional indexing is deprecated and will be changed in pytorch 2.9; use x[tuple(seq)] instead of x[seq]. In pytorch 2.9 this will be interpreted as tensor index, x[torch.tensor(seq)], which will result either in an error or a different result (Triggered internally at /pytorch/torch/csrc/autograd/python_variable_indexing.cpp:306.)
  output = output[crop_slices].contiguous()
/home/u4526725/.local/lib/python3.12/site-packages/fft_conv_pytorch/fft_conv.py:139: UserWarning: Using a non-tuple sequence for multidimensional indexing is deprecated and will be changed in pytorch 2.9; use x[tuple(seq)] instead of x[seq]. In pytorch 2.9 this will be interpreted as tensor index, x[torch.tensor(seq)], which will result either in an error or a different result (Triggered internally at /pytorch/torch/csrc/autograd/python_variable_indexing.cpp:306.)
  output = output[crop_slices].contiguous()
/home/u4526725/.local/lib/python3.12/site-packages/fft_conv_pytorch/fft_conv.py:139: UserWarning: Using a non-tuple sequence for multidimensional indexing is deprecated and will be changed in pytorch 2.9; use x[tuple(seq)] instead of x[seq]. In pytorch 2.9 this will be interpreted as tensor index, x[torch.tensor(seq)], which will result either in an error or a different result (Triggered internally at /pytorch/torch/csrc/autograd/python_variable_indexing.cpp:306.)
  output = output[crop_slices].contiguous()
/home/u4526725/.local/lib/python3.12/site-packages/fft_conv_pytorch/fft_conv.py:139: UserWarning: Using a non-tuple sequence for multidimensional indexing is deprecated and will be changed in pytorch 2.9; use x[tuple(seq)] instead of x[seq]. In pytorch 2.9 this will be interpreted as tensor index, x[torch.tensor(seq)], which will result either in an error or a different result (Triggered internally at /pytorch/torch/csrc/autograd/python_variable_indexing.cpp:306.)
  output = output[crop_slices].contiguous()
/home/u4526725/.local/lib/python3.12/site-packages/fft_conv_pytorch/fft_conv.py:139: UserWarning: Using a non-tuple sequence for multidimensional indexing is deprecated and will be changed in pytorch 2.9; use x[tuple(seq)] instead of x[seq]. In pytorch 2.9 this will be interpreted as tensor index, x[torch.tensor(seq)], which will result either in an error or a different result (Triggered internally at /pytorch/torch/csrc/autograd/python_variable_indexing.cpp:306.)
  output = output[crop_slices].contiguous()
/home/u4526725/.local/lib/python3.12/site-packages/torch/_inductor/lowering.py:7095: UserWarning: 
Online softmax is disabled on the fly since Inductor decides to
split the reduction. Cut an issue to PyTorch if this is an
important use case and you want to speed it up with online
softmax.

  warnings.warn(
using pin_memory on device 0

This is the configuration used by this training:
Configuration name: 3d_fullres
 {'data_identifier': 'nnUNetPlans_3d_fullres', 'preprocessor_name': 'DefaultPreprocessor', 'batch_size': 2, 'patch_size': [96, 160, 160], 'median_image_size_in_voxels': [302.5, 512.0, 512.0], 'spacing': [0.5, 0.39453125, 0.39453125], 'normalization_schemes': ['CTNormalization'], 'use_mask_for_norm': [False], 'resampling_fn_data': 'resample_data_or_seg_to_shape', 'resampling_fn_seg': 'resample_data_or_seg_to_shape', 'resampling_fn_data_kwargs': {'is_seg': False, 'order': 3, 'order_z': 0, 'force_separate_z': None}, 'resampling_fn_seg_kwargs': {'is_seg': True, 'order': 1, 'order_z': 0, 'force_separate_z': None}, 'resampling_fn_probabilities': 'resample_data_or_seg_to_shape', 'resampling_fn_probabilities_kwargs': {'is_seg': False, 'order': 1, 'order_z': 0, 'force_separate_z': None}, 'architecture': {'network_class_name': 'dynamic_network_architectures.architectures.unet.PlainConvUNet', 'arch_kwargs': {'n_stages': 6, 'features_per_stage': [32, 64, 128, 256, 320, 320], 'conv_op': 'torch.nn.modules.conv.Conv3d', 'kernel_sizes': [[3, 3, 3], [3, 3, 3], [3, 3, 3], [3, 3, 3], [3, 3, 3], [3, 3, 3]], 'strides': [[1, 1, 1], [2, 2, 2], [2, 2, 2], [2, 2, 2], [2, 2, 2], [1, 2, 2]], 'n_conv_per_stage': [2, 2, 2, 2, 2, 2], 'n_conv_per_stage_decoder': [2, 2, 2, 2, 2], 'conv_bias': True, 'norm_op': 'torch.nn.modules.instancenorm.InstanceNorm3d', 'norm_op_kwargs': {'eps': 1e-05, 'affine': True}, 'dropout_op': None, 'dropout_op_kwargs': None, 'nonlin': 'torch.nn.LeakyReLU', 'nonlin_kwargs': {'inplace': True}}, '_kw_requires_import': ['conv_op', 'norm_op', 'dropout_op', 'nonlin']}, 'batch_dice': True} 

These are the global plan.json settings:
 {'dataset_name': 'Dataset306_aicup2025', 'plans_name': 'nnUNetPlans', 'original_median_spacing_after_transp': [0.5, 0.39453125, 0.39453125], 'original_median_shape_after_transp': [340, 512, 512], 'image_reader_writer': 'NibabelIOWithReorient', 'transpose_forward': [0, 1, 2], 'transpose_backward': [0, 1, 2], 'experiment_planner_used': 'ExperimentPlanner', 'label_manager': 'LabelManager', 'foreground_intensity_properties_per_channel': {'0': {'max': 1819.0, 'mean': 136.50274658203125, 'median': 115.0, 'min': -873.0, 'percentile_00_5': -30.0, 'percentile_99_5': 478.0, 'std': 91.3067398071289}}} 

2025-11-22 23:27:53.982313: Unable to plot network architecture: nnUNet_compile is enabled!
2025-11-22 23:27:54.024274: 
2025-11-22 23:27:54.024442: Epoch 0
2025-11-22 23:27:54.024627: Current learning rate: 0.01
2025-11-22 23:30:07.012903: train_loss 0.0349
2025-11-22 23:30:07.013427: val_loss -0.0666
2025-11-22 23:30:07.013704: Pseudo dice [np.float32(0.6583), np.float32(0.0), np.float32(0.0)]
2025-11-22 23:30:07.013966: Epoch time: 132.91 s
2025-11-22 23:30:07.014199: Yayy! New best EMA pseudo Dice: 0.21940000355243683
2025-11-22 23:30:08.750535: 
2025-11-22 23:30:08.750699: Epoch 1
2025-11-22 23:30:08.750797: Current learning rate: 0.00999
2025-11-22 23:31:13.548451: train_loss -0.1027
2025-11-22 23:31:13.552825: val_loss -0.1417
2025-11-22 23:31:13.552990: Pseudo dice [np.float32(0.7047), np.float32(0.3471), np.float32(0.0)]
2025-11-22 23:31:13.559114: Epoch time: 64.8 s
2025-11-22 23:31:13.559272: Yayy! New best EMA pseudo Dice: 0.23260000348091125
2025-11-22 23:31:15.646623: 
2025-11-22 23:31:15.646801: Epoch 2
2025-11-22 23:31:15.646922: Current learning rate: 0.00998
2025-11-22 23:32:22.657092: train_loss -0.1532
2025-11-22 23:32:22.657321: val_loss -0.1518
2025-11-22 23:32:22.657423: Pseudo dice [np.float32(0.6931), np.float32(0.3962), np.float32(0.0)]
2025-11-22 23:32:22.657523: Epoch time: 67.01 s
2025-11-22 23:32:22.657605: Yayy! New best EMA pseudo Dice: 0.24560000002384186
2025-11-22 23:32:24.453117: 
2025-11-22 23:32:24.453384: Epoch 3
2025-11-22 23:32:24.453503: Current learning rate: 0.00997
2025-11-22 23:33:29.454331: train_loss -0.1977
2025-11-22 23:33:29.454574: val_loss -0.2089
2025-11-22 23:33:29.454680: Pseudo dice [np.float32(0.7174), np.float32(0.5579), np.float32(0.0)]
2025-11-22 23:33:29.454779: Epoch time: 65.0 s
2025-11-22 23:33:29.454858: Yayy! New best EMA pseudo Dice: 0.2635999917984009
2025-11-22 23:33:31.988204: 
2025-11-22 23:33:31.988387: Epoch 4
2025-11-22 23:33:31.988518: Current learning rate: 0.00996
2025-11-22 23:34:39.368550: train_loss -0.2162
2025-11-22 23:34:39.368781: val_loss -0.2547
2025-11-22 23:34:39.368989: Pseudo dice [np.float32(0.7946), np.float32(0.5901), np.float32(0.0)]
2025-11-22 23:34:39.369102: Epoch time: 67.38 s
2025-11-22 23:34:39.369185: Yayy! New best EMA pseudo Dice: 0.2833999991416931
2025-11-22 23:34:40.810098: 
2025-11-22 23:34:40.810291: Epoch 5
2025-11-22 23:34:40.810416: Current learning rate: 0.00995
2025-11-22 23:35:43.943130: train_loss -0.2604
2025-11-22 23:35:43.944644: val_loss -0.3065
2025-11-22 23:35:43.944817: Pseudo dice [np.float32(0.7861), np.float32(0.6328), np.float32(0.0)]
2025-11-22 23:35:43.944946: Epoch time: 63.13 s
2025-11-22 23:35:43.945062: Yayy! New best EMA pseudo Dice: 0.30230000615119934
2025-11-22 23:35:45.196138: 
2025-11-22 23:35:45.196514: Epoch 6
2025-11-22 23:35:45.196758: Current learning rate: 0.00995
2025-11-22 23:36:52.344395: train_loss -0.2874
2025-11-22 23:36:52.348900: val_loss -0.2843
2025-11-22 23:36:52.349048: Pseudo dice [np.float32(0.8008), np.float32(0.5976), np.float32(0.0)]
2025-11-22 23:36:52.349149: Epoch time: 67.15 s
2025-11-22 23:36:52.349223: Yayy! New best EMA pseudo Dice: 0.31869998574256897
2025-11-22 23:36:54.273838: 
2025-11-22 23:36:54.274006: Epoch 7
2025-11-22 23:36:54.274139: Current learning rate: 0.00994
2025-11-22 23:37:59.731046: train_loss -0.2735
2025-11-22 23:37:59.731512: val_loss -0.2854
2025-11-22 23:37:59.731621: Pseudo dice [np.float32(0.7798), np.float32(0.5795), np.float32(0.0)]
2025-11-22 23:37:59.731726: Epoch time: 65.46 s
2025-11-22 23:37:59.731805: Yayy! New best EMA pseudo Dice: 0.3321000039577484
2025-11-22 23:38:01.092166: 
2025-11-22 23:38:01.092323: Epoch 8
2025-11-22 23:38:01.092423: Current learning rate: 0.00993
2025-11-22 23:39:10.208565: train_loss -0.2987
2025-11-22 23:39:10.209617: val_loss -0.3134
2025-11-22 23:39:10.209775: Pseudo dice [np.float32(0.8204), np.float32(0.6843), np.float32(0.0)]
2025-11-22 23:39:10.209901: Epoch time: 69.12 s
2025-11-22 23:39:10.209991: Yayy! New best EMA pseudo Dice: 0.3490999937057495
2025-11-22 23:39:12.261466: 
2025-11-22 23:39:12.261636: Epoch 9
2025-11-22 23:39:12.261747: Current learning rate: 0.00992
2025-11-22 23:40:16.480826: train_loss -0.3037
2025-11-22 23:40:16.481296: val_loss -0.3211
2025-11-22 23:40:16.481411: Pseudo dice [np.float32(0.7923), np.float32(0.682), np.float32(0.0)]
2025-11-22 23:40:16.481511: Epoch time: 64.22 s
2025-11-22 23:40:16.481590: Yayy! New best EMA pseudo Dice: 0.36329999566078186
2025-11-22 23:40:17.885354: 
2025-11-22 23:40:17.885529: Epoch 10
2025-11-22 23:40:17.885627: Current learning rate: 0.00991
2025-11-22 23:41:22.064215: train_loss -0.3093
2025-11-22 23:41:22.065447: val_loss -0.3421
2025-11-22 23:41:22.065568: Pseudo dice [np.float32(0.8506), np.float32(0.7046), np.float32(0.0)]
2025-11-22 23:41:22.065672: Epoch time: 64.18 s
2025-11-22 23:41:22.065751: Yayy! New best EMA pseudo Dice: 0.37880000472068787
2025-11-22 23:41:23.618218: 
2025-11-22 23:41:23.618381: Epoch 11
2025-11-22 23:41:23.618496: Current learning rate: 0.0099
2025-11-22 23:42:28.801350: train_loss -0.3218
2025-11-22 23:42:28.805137: val_loss -0.3168
2025-11-22 23:42:28.805291: Pseudo dice [np.float32(0.8209), np.float32(0.684), np.float32(0.0)]
2025-11-22 23:42:28.805393: Epoch time: 65.18 s
2025-11-22 23:42:28.805468: Yayy! New best EMA pseudo Dice: 0.3910999894142151
2025-11-22 23:42:30.806713: 
2025-11-22 23:42:30.806888: Epoch 12
2025-11-22 23:42:30.807003: Current learning rate: 0.00989
2025-11-22 23:43:38.851553: train_loss -0.3242
2025-11-22 23:43:38.853947: val_loss -0.3671
2025-11-22 23:43:38.854074: Pseudo dice [np.float32(0.8452), np.float32(0.6996), np.float32(0.0)]
2025-11-22 23:43:38.854171: Epoch time: 68.05 s
2025-11-22 23:43:38.854354: Yayy! New best EMA pseudo Dice: 0.4034999907016754
2025-11-22 23:43:40.370801: 
2025-11-22 23:43:40.371044: Epoch 13
2025-11-22 23:43:40.371167: Current learning rate: 0.00988
2025-11-22 23:44:48.897322: train_loss -0.3465
2025-11-22 23:44:48.899994: val_loss -0.3446
2025-11-22 23:44:48.900110: Pseudo dice [np.float32(0.8136), np.float32(0.7099), np.float32(0.0)]
2025-11-22 23:44:48.900204: Epoch time: 68.53 s
2025-11-22 23:44:48.900278: Yayy! New best EMA pseudo Dice: 0.4138999879360199
2025-11-22 23:44:50.570673: 
2025-11-22 23:44:50.570907: Epoch 14
2025-11-22 23:44:50.571078: Current learning rate: 0.00987
2025-11-22 23:45:56.409001: train_loss -0.3323
2025-11-22 23:45:56.413790: val_loss -0.3639
2025-11-22 23:45:56.413986: Pseudo dice [np.float32(0.8458), np.float32(0.6705), np.float32(0.0)]
2025-11-22 23:45:56.414087: Epoch time: 65.84 s
2025-11-22 23:45:56.414160: Yayy! New best EMA pseudo Dice: 0.42309999465942383
2025-11-22 23:45:57.792771: 
2025-11-22 23:45:57.793017: Epoch 15
2025-11-22 23:45:57.793140: Current learning rate: 0.00986
2025-11-22 23:47:01.528161: train_loss -0.3154
2025-11-22 23:47:01.531744: val_loss -0.3321
2025-11-22 23:47:01.531859: Pseudo dice [np.float32(0.8536), np.float32(0.6951), np.float32(0.0)]
2025-11-22 23:47:01.531950: Epoch time: 63.74 s
2025-11-22 23:47:01.532029: Yayy! New best EMA pseudo Dice: 0.4323999881744385
2025-11-22 23:47:03.129408: 
2025-11-22 23:47:03.129667: Epoch 16
2025-11-22 23:47:03.129822: Current learning rate: 0.00986
2025-11-22 23:48:09.396566: train_loss -0.3404
2025-11-22 23:48:09.398583: val_loss -0.3551
2025-11-22 23:48:09.398705: Pseudo dice [np.float32(0.8456), np.float32(0.6933), np.float32(0.0)]
2025-11-22 23:48:09.398870: Epoch time: 66.27 s
2025-11-22 23:48:09.398947: Yayy! New best EMA pseudo Dice: 0.44040000438690186
2025-11-22 23:48:11.088880: 
2025-11-22 23:48:11.089060: Epoch 17
2025-11-22 23:48:11.089172: Current learning rate: 0.00985
2025-11-22 23:49:15.390467: train_loss -0.3584
2025-11-22 23:49:15.390837: val_loss -0.3866
2025-11-22 23:49:15.390947: Pseudo dice [np.float32(0.8494), np.float32(0.7435), np.float32(0.0)]
2025-11-22 23:49:15.391055: Epoch time: 64.3 s
2025-11-22 23:49:15.391135: Yayy! New best EMA pseudo Dice: 0.4494999945163727
2025-11-22 23:49:16.827618: 
2025-11-22 23:49:16.827877: Epoch 18
2025-11-22 23:49:16.828005: Current learning rate: 0.00984
2025-11-22 23:50:21.729434: train_loss -0.3586
2025-11-22 23:50:21.731441: val_loss -0.3818
2025-11-22 23:50:21.731554: Pseudo dice [np.float32(0.8531), np.float32(0.7109), np.float32(0.0)]
2025-11-22 23:50:21.731719: Epoch time: 64.9 s
2025-11-22 23:50:21.731794: Yayy! New best EMA pseudo Dice: 0.45669999718666077
2025-11-22 23:50:23.226534: 
2025-11-22 23:50:23.226705: Epoch 19
2025-11-22 23:50:23.226815: Current learning rate: 0.00983
2025-11-22 23:51:27.960248: train_loss -0.3479
2025-11-22 23:51:27.963228: val_loss -0.3906
2025-11-22 23:51:27.963349: Pseudo dice [np.float32(0.8551), np.float32(0.7212), np.float32(0.0)]
2025-11-22 23:51:27.963441: Epoch time: 64.73 s
2025-11-22 23:51:27.963513: Yayy! New best EMA pseudo Dice: 0.4636000096797943
2025-11-22 23:51:29.469002: 
2025-11-22 23:51:29.494952: Epoch 20
2025-11-22 23:51:29.495143: Current learning rate: 0.00982
2025-11-22 23:52:32.676291: train_loss -0.3544
2025-11-22 23:52:32.676999: val_loss -0.3728
2025-11-22 23:52:32.677122: Pseudo dice [np.float32(0.8476), np.float32(0.7255), np.float32(0.0)]
2025-11-22 23:52:32.678955: Epoch time: 63.21 s
2025-11-22 23:52:32.679175: Yayy! New best EMA pseudo Dice: 0.46959999203681946
2025-11-22 23:52:34.361890: 
2025-11-22 23:52:34.362070: Epoch 21
2025-11-22 23:52:34.362185: Current learning rate: 0.00981
2025-11-22 23:53:39.075086: train_loss -0.3696
2025-11-22 23:53:39.076872: val_loss -0.3783
2025-11-22 23:53:39.077025: Pseudo dice [np.float32(0.8519), np.float32(0.7194), np.float32(0.0)]
2025-11-22 23:53:39.077147: Epoch time: 64.71 s
2025-11-22 23:53:39.077234: Yayy! New best EMA pseudo Dice: 0.47510001063346863
2025-11-22 23:53:40.685717: 
2025-11-22 23:53:40.685897: Epoch 22
2025-11-22 23:53:40.686017: Current learning rate: 0.0098
2025-11-22 23:54:48.586415: train_loss -0.3567
2025-11-22 23:54:48.586796: val_loss -0.3891
2025-11-22 23:54:48.586903: Pseudo dice [np.float32(0.864), np.float32(0.7298), np.float32(0.0)]
2025-11-22 23:54:48.587008: Epoch time: 67.9 s
2025-11-22 23:54:48.587089: Yayy! New best EMA pseudo Dice: 0.48069998621940613
2025-11-22 23:54:49.959102: 
2025-11-22 23:54:49.959280: Epoch 23
2025-11-22 23:54:49.959440: Current learning rate: 0.00979
2025-11-22 23:55:55.050710: train_loss -0.3709
2025-11-22 23:55:55.052539: val_loss -0.3709
2025-11-22 23:55:55.052652: Pseudo dice [np.float32(0.8521), np.float32(0.702), np.float32(0.0)]
2025-11-22 23:55:55.052743: Epoch time: 65.09 s
2025-11-22 23:55:55.052815: Yayy! New best EMA pseudo Dice: 0.4844000041484833
2025-11-22 23:55:57.224469: 
2025-11-22 23:55:57.224710: Epoch 24
2025-11-22 23:55:57.224838: Current learning rate: 0.00978
2025-11-22 23:57:03.169861: train_loss -0.3805
2025-11-22 23:57:03.171729: val_loss -0.4088
2025-11-22 23:57:03.171848: Pseudo dice [np.float32(0.8641), np.float32(0.7388), np.float32(0.0)]
2025-11-22 23:57:03.171947: Epoch time: 65.95 s
2025-11-22 23:57:03.172038: Yayy! New best EMA pseudo Dice: 0.4893999993801117
2025-11-22 23:57:05.551851: 
2025-11-22 23:57:05.552015: Epoch 25
2025-11-22 23:57:05.552121: Current learning rate: 0.00977
2025-11-22 23:58:14.988876: train_loss -0.3777
2025-11-22 23:58:14.991270: val_loss -0.401
2025-11-22 23:58:14.991429: Pseudo dice [np.float32(0.8686), np.float32(0.7515), np.float32(0.0)]
2025-11-22 23:58:14.991536: Epoch time: 69.44 s
2025-11-22 23:58:14.991616: Yayy! New best EMA pseudo Dice: 0.4945000112056732
2025-11-22 23:58:16.446842: 
2025-11-22 23:58:16.447082: Epoch 26
2025-11-22 23:58:16.447266: Current learning rate: 0.00977
2025-11-22 23:59:21.477105: train_loss -0.3663
2025-11-22 23:59:21.477514: val_loss -0.396
2025-11-22 23:59:21.477626: Pseudo dice [np.float32(0.8824), np.float32(0.7513), np.float32(0.0)]
2025-11-22 23:59:21.477731: Epoch time: 65.03 s
2025-11-22 23:59:21.477814: Yayy! New best EMA pseudo Dice: 0.49950000643730164
2025-11-22 23:59:22.861093: 
2025-11-22 23:59:22.861329: Epoch 27
2025-11-22 23:59:22.861435: Current learning rate: 0.00976
2025-11-23 00:00:27.857594: train_loss -0.3808
2025-11-23 00:00:27.858089: val_loss -0.379
2025-11-23 00:00:27.858197: Pseudo dice [np.float32(0.835), np.float32(0.7327), np.float32(0.0)]
2025-11-23 00:00:27.858296: Epoch time: 65.0 s
2025-11-23 00:00:27.858375: Yayy! New best EMA pseudo Dice: 0.501800000667572
2025-11-23 00:00:29.265962: 
2025-11-23 00:00:29.266145: Epoch 28
2025-11-23 00:00:29.266284: Current learning rate: 0.00975
2025-11-23 00:01:32.419657: train_loss -0.3769
2025-11-23 00:01:32.420118: val_loss -0.3689
2025-11-23 00:01:32.420236: Pseudo dice [np.float32(0.8669), np.float32(0.7175), np.float32(0.0)]
2025-11-23 00:01:32.420340: Epoch time: 63.15 s
2025-11-23 00:01:32.420418: Yayy! New best EMA pseudo Dice: 0.5044000148773193
2025-11-23 00:01:33.822585: 
2025-11-23 00:01:33.822805: Epoch 29
2025-11-23 00:01:33.883646: Current learning rate: 0.00974
2025-11-23 00:02:41.422473: train_loss -0.3811
2025-11-23 00:02:41.425500: val_loss -0.3943
2025-11-23 00:02:41.426957: Pseudo dice [np.float32(0.8701), np.float32(0.7335), np.float32(0.0)]
2025-11-23 00:02:41.427587: Epoch time: 67.6 s
2025-11-23 00:02:41.429007: Yayy! New best EMA pseudo Dice: 0.5073999762535095
2025-11-23 00:02:43.021615: 
2025-11-23 00:02:43.021837: Epoch 30
2025-11-23 00:02:43.021981: Current learning rate: 0.00973
2025-11-23 00:03:47.338600: train_loss -0.3828
2025-11-23 00:03:47.339068: val_loss -0.3931
2025-11-23 00:03:47.339261: Pseudo dice [np.float32(0.8769), np.float32(0.7302), np.float32(0.0)]
2025-11-23 00:03:47.339395: Epoch time: 64.32 s
2025-11-23 00:03:47.339500: Yayy! New best EMA pseudo Dice: 0.5102999806404114
2025-11-23 00:03:48.692978: 
2025-11-23 00:03:48.693172: Epoch 31
2025-11-23 00:03:48.693305: Current learning rate: 0.00972
2025-11-23 00:04:54.234462: train_loss -0.3695
2025-11-23 00:04:54.238332: val_loss -0.3646
2025-11-23 00:04:54.240440: Pseudo dice [np.float32(0.8523), np.float32(0.7324), np.float32(0.0)]
2025-11-23 00:04:54.242621: Epoch time: 65.54 s
2025-11-23 00:04:54.244628: Yayy! New best EMA pseudo Dice: 0.5120999813079834
2025-11-23 00:04:56.387294: 
2025-11-23 00:04:56.387508: Epoch 32
2025-11-23 00:04:56.387649: Current learning rate: 0.00971
2025-11-23 00:06:07.314532: train_loss -0.3766
2025-11-23 00:06:07.315074: val_loss -0.3781
2025-11-23 00:06:07.315223: Pseudo dice [np.float32(0.8304), np.float32(0.7243), np.float32(0.0)]
2025-11-23 00:06:07.315360: Epoch time: 70.93 s
2025-11-23 00:06:07.315490: Yayy! New best EMA pseudo Dice: 0.5127000212669373
2025-11-23 00:06:08.724306: 
2025-11-23 00:06:08.724533: Epoch 33
2025-11-23 00:06:08.724699: Current learning rate: 0.0097
2025-11-23 00:07:12.767922: train_loss -0.3806
2025-11-23 00:07:12.770149: val_loss -0.3927
2025-11-23 00:07:12.771867: Pseudo dice [np.float32(0.867), np.float32(0.7358), np.float32(0.0)]
2025-11-23 00:07:12.772221: Epoch time: 64.04 s
2025-11-23 00:07:12.773920: Yayy! New best EMA pseudo Dice: 0.5148000121116638
2025-11-23 00:07:14.918142: 
2025-11-23 00:07:14.918348: Epoch 34
2025-11-23 00:07:14.918495: Current learning rate: 0.00969
2025-11-23 00:08:21.937478: train_loss -0.3763
2025-11-23 00:08:21.941055: val_loss -0.4037
2025-11-23 00:08:21.942049: Pseudo dice [np.float32(0.879), np.float32(0.7419), np.float32(0.0)]
2025-11-23 00:08:21.943079: Epoch time: 67.02 s
2025-11-23 00:08:21.944094: Yayy! New best EMA pseudo Dice: 0.5174000263214111
2025-11-23 00:08:23.902884: 
2025-11-23 00:08:23.903095: Epoch 35
2025-11-23 00:08:23.903245: Current learning rate: 0.00968
2025-11-23 00:09:30.329461: train_loss -0.3885
2025-11-23 00:09:30.333508: val_loss -0.385
2025-11-23 00:09:30.335621: Pseudo dice [np.float32(0.8612), np.float32(0.7286), np.float32(0.0)]
2025-11-23 00:09:30.335801: Epoch time: 66.43 s
2025-11-23 00:09:30.335923: Yayy! New best EMA pseudo Dice: 0.5185999870300293
2025-11-23 00:09:32.005483: 
2025-11-23 00:09:32.005727: Epoch 36
2025-11-23 00:09:32.005875: Current learning rate: 0.00968
2025-11-23 00:10:39.781459: train_loss -0.3958
2025-11-23 00:10:39.781947: val_loss -0.3988
2025-11-23 00:10:39.782100: Pseudo dice [np.float32(0.8638), np.float32(0.7075), np.float32(0.0)]
2025-11-23 00:10:39.782236: Epoch time: 67.78 s
2025-11-23 00:10:39.782349: Yayy! New best EMA pseudo Dice: 0.51910001039505
2025-11-23 00:10:41.198222: 
2025-11-23 00:10:41.198447: Epoch 37
2025-11-23 00:10:41.198593: Current learning rate: 0.00967
2025-11-23 00:11:50.265921: train_loss -0.3933
2025-11-23 00:11:50.266374: val_loss -0.3809
2025-11-23 00:11:50.266511: Pseudo dice [np.float32(0.8594), np.float32(0.7189), np.float32(0.0)]
2025-11-23 00:11:50.266640: Epoch time: 69.07 s
2025-11-23 00:11:50.266751: Yayy! New best EMA pseudo Dice: 0.5198000073432922
2025-11-23 00:11:52.061978: 
2025-11-23 00:11:52.062161: Epoch 38
2025-11-23 00:11:52.062293: Current learning rate: 0.00966
2025-11-23 00:12:58.072531: train_loss -0.3887
2025-11-23 00:12:58.077573: val_loss -0.3862
2025-11-23 00:12:58.079634: Pseudo dice [np.float32(0.8558), np.float32(0.7438), np.float32(0.0)]
2025-11-23 00:12:58.079866: Epoch time: 66.01 s
2025-11-23 00:12:58.079991: Yayy! New best EMA pseudo Dice: 0.5212000012397766
2025-11-23 00:12:59.471705: 
2025-11-23 00:12:59.471916: Epoch 39
2025-11-23 00:12:59.472065: Current learning rate: 0.00965
2025-11-23 00:14:04.461977: train_loss -0.3871
2025-11-23 00:14:04.462477: val_loss -0.4145
2025-11-23 00:14:04.462645: Pseudo dice [np.float32(0.8655), np.float32(0.7523), np.float32(0.0)]
2025-11-23 00:14:04.462781: Epoch time: 64.99 s
2025-11-23 00:14:04.462883: Yayy! New best EMA pseudo Dice: 0.5230000019073486
2025-11-23 00:14:06.386001: 
2025-11-23 00:14:06.386202: Epoch 40
2025-11-23 00:14:06.386342: Current learning rate: 0.00964
2025-11-23 00:15:11.873041: train_loss -0.3884
2025-11-23 00:15:11.875278: val_loss -0.4127
2025-11-23 00:15:11.876956: Pseudo dice [np.float32(0.891), np.float32(0.7495), np.float32(0.0)]
2025-11-23 00:15:11.877366: Epoch time: 65.49 s
2025-11-23 00:15:11.879020: Yayy! New best EMA pseudo Dice: 0.5253999829292297
2025-11-23 00:15:13.350197: 
2025-11-23 00:15:13.350442: Epoch 41
2025-11-23 00:15:13.350583: Current learning rate: 0.00963
2025-11-23 00:16:20.254828: train_loss -0.387
2025-11-23 00:16:20.259075: val_loss -0.4208
2025-11-23 00:16:20.260081: Pseudo dice [np.float32(0.8714), np.float32(0.735), np.float32(0.0)]
2025-11-23 00:16:20.261129: Epoch time: 66.91 s
2025-11-23 00:16:20.262161: Yayy! New best EMA pseudo Dice: 0.5264000296592712
2025-11-23 00:16:21.881185: 
2025-11-23 00:16:21.881406: Epoch 42
2025-11-23 00:16:21.881559: Current learning rate: 0.00962
2025-11-23 00:17:29.188265: train_loss -0.3908
2025-11-23 00:17:29.192663: val_loss -0.41
2025-11-23 00:17:29.193311: Pseudo dice [np.float32(0.8645), np.float32(0.7515), np.float32(0.0)]
2025-11-23 00:17:29.194718: Epoch time: 67.31 s
2025-11-23 00:17:29.194913: Yayy! New best EMA pseudo Dice: 0.5275999903678894
2025-11-23 00:17:30.859693: 
2025-11-23 00:17:30.859893: Epoch 43
2025-11-23 00:17:30.860048: Current learning rate: 0.00961
2025-11-23 00:18:38.449704: train_loss -0.3804
2025-11-23 00:18:38.457872: val_loss -0.3986
2025-11-23 00:18:38.458091: Pseudo dice [np.float32(0.8796), np.float32(0.751), np.float32(0.0)]
2025-11-23 00:18:38.460175: Epoch time: 67.59 s
2025-11-23 00:18:38.462214: Yayy! New best EMA pseudo Dice: 0.52920001745224
2025-11-23 00:18:40.019612: 
2025-11-23 00:18:40.019839: Epoch 44
2025-11-23 00:18:40.019984: Current learning rate: 0.0096
2025-11-23 00:19:48.030078: train_loss -0.3835
2025-11-23 00:19:48.031049: val_loss -0.4065
2025-11-23 00:19:48.031290: Pseudo dice [np.float32(0.8711), np.float32(0.7644), np.float32(0.0)]
2025-11-23 00:19:48.032709: Epoch time: 68.01 s
2025-11-23 00:19:48.033114: Yayy! New best EMA pseudo Dice: 0.5307999849319458
2025-11-23 00:19:49.632012: 
2025-11-23 00:19:49.632216: Epoch 45
2025-11-23 00:19:49.632354: Current learning rate: 0.00959
2025-11-23 00:20:53.243050: train_loss -0.3916
2025-11-23 00:20:53.243467: val_loss -0.4051
2025-11-23 00:20:53.243599: Pseudo dice [np.float32(0.8831), np.float32(0.7502), np.float32(0.0)]
2025-11-23 00:20:53.243719: Epoch time: 63.61 s
2025-11-23 00:20:53.243819: Yayy! New best EMA pseudo Dice: 0.5321999788284302
2025-11-23 00:20:54.567962: 
2025-11-23 00:20:54.568184: Epoch 46
2025-11-23 00:20:54.568381: Current learning rate: 0.00959
2025-11-23 00:21:59.971352: train_loss -0.3989
2025-11-23 00:21:59.971980: val_loss -0.4099
2025-11-23 00:21:59.972128: Pseudo dice [np.float32(0.8732), np.float32(0.7415), np.float32(0.0)]
2025-11-23 00:21:59.972278: Epoch time: 65.4 s
2025-11-23 00:21:59.972391: Yayy! New best EMA pseudo Dice: 0.532800018787384
2025-11-23 00:22:01.395645: 
2025-11-23 00:22:01.395903: Epoch 47
2025-11-23 00:22:01.396031: Current learning rate: 0.00958
2025-11-23 00:23:09.219261: train_loss -0.3807
2025-11-23 00:23:09.231060: val_loss -0.4047
2025-11-23 00:23:09.231315: Pseudo dice [np.float32(0.865), np.float32(0.7433), np.float32(0.0)]
2025-11-23 00:23:09.231447: Epoch time: 67.82 s
2025-11-23 00:23:09.231551: Yayy! New best EMA pseudo Dice: 0.5331000089645386
2025-11-23 00:23:10.633329: 
2025-11-23 00:23:10.633524: Epoch 48
2025-11-23 00:23:10.633658: Current learning rate: 0.00957
2025-11-23 00:24:17.582054: train_loss -0.3815
2025-11-23 00:24:17.584310: val_loss -0.3977
2025-11-23 00:24:17.586037: Pseudo dice [np.float32(0.8788), np.float32(0.729), np.float32(0.0)]
2025-11-23 00:24:17.586401: Epoch time: 66.95 s
2025-11-23 00:24:17.588065: Yayy! New best EMA pseudo Dice: 0.5333999991416931
2025-11-23 00:24:19.008211: 
2025-11-23 00:24:19.008456: Epoch 49
2025-11-23 00:24:19.008603: Current learning rate: 0.00956
2025-11-23 00:25:25.166298: train_loss -0.3902
2025-11-23 00:25:25.175233: val_loss -0.3618
2025-11-23 00:25:25.180041: Pseudo dice [np.float32(0.8677), np.float32(0.7429), np.float32(0.0)]
2025-11-23 00:25:25.180257: Epoch time: 66.16 s
2025-11-23 00:25:25.486526: Yayy! New best EMA pseudo Dice: 0.5336999893188477
2025-11-23 00:25:26.871965: 
2025-11-23 00:25:26.872154: Epoch 50
2025-11-23 00:25:26.872289: Current learning rate: 0.00955
2025-11-23 00:26:33.596095: train_loss -0.4178
2025-11-23 00:26:33.596670: val_loss -0.4069
2025-11-23 00:26:33.596817: Pseudo dice [np.float32(0.8816), np.float32(0.7306), np.float32(0.0)]
2025-11-23 00:26:33.596948: Epoch time: 66.73 s
2025-11-23 00:26:33.597062: Yayy! New best EMA pseudo Dice: 0.5340999960899353
2025-11-23 00:26:34.964154: 
2025-11-23 00:26:34.964345: Epoch 51
2025-11-23 00:26:34.964516: Current learning rate: 0.00954
2025-11-23 00:27:41.207420: train_loss -0.4083
2025-11-23 00:27:41.207945: val_loss -0.4023
2025-11-23 00:27:41.208103: Pseudo dice [np.float32(0.8774), np.float32(0.7565), np.float32(0.0)]
2025-11-23 00:27:41.208239: Epoch time: 66.24 s
2025-11-23 00:27:41.208349: Yayy! New best EMA pseudo Dice: 0.5351999998092651
2025-11-23 00:27:42.671003: 
2025-11-23 00:27:42.671195: Epoch 52
2025-11-23 00:27:42.671337: Current learning rate: 0.00953
2025-11-23 00:28:49.049467: train_loss -0.4136
2025-11-23 00:28:49.049951: val_loss -0.4203
2025-11-23 00:28:49.050088: Pseudo dice [np.float32(0.8891), np.float32(0.7442), np.float32(0.0)]
2025-11-23 00:28:49.050227: Epoch time: 66.38 s
2025-11-23 00:28:49.050334: Yayy! New best EMA pseudo Dice: 0.5360999703407288
2025-11-23 00:28:50.519896: 
2025-11-23 00:28:50.520296: Epoch 53
2025-11-23 00:28:50.520624: Current learning rate: 0.00952
2025-11-23 00:29:54.927131: train_loss -0.4156
2025-11-23 00:29:54.927631: val_loss -0.4086
2025-11-23 00:29:54.927769: Pseudo dice [np.float32(0.8752), np.float32(0.7553), np.float32(0.0)]
2025-11-23 00:29:54.927900: Epoch time: 64.41 s
2025-11-23 00:29:54.928479: Yayy! New best EMA pseudo Dice: 0.5368000268936157
2025-11-23 00:29:56.336912: 
2025-11-23 00:29:56.337143: Epoch 54
2025-11-23 00:29:56.337287: Current learning rate: 0.00951
2025-11-23 00:31:01.382602: train_loss -0.388
2025-11-23 00:31:01.385858: val_loss -0.3945
2025-11-23 00:31:01.387089: Pseudo dice [np.float32(0.8687), np.float32(0.7456), np.float32(0.0)]
2025-11-23 00:31:01.387945: Epoch time: 65.05 s
2025-11-23 00:31:01.389137: Yayy! New best EMA pseudo Dice: 0.536899983882904
2025-11-23 00:31:03.742424: 
2025-11-23 00:31:03.742633: Epoch 55
2025-11-23 00:31:03.742764: Current learning rate: 0.0095
2025-11-23 00:32:07.373264: train_loss -0.4109
2025-11-23 00:32:07.373717: val_loss -0.3999
2025-11-23 00:32:07.373849: Pseudo dice [np.float32(0.8914), np.float32(0.7424), np.float32(0.0)]
2025-11-23 00:32:07.373980: Epoch time: 63.63 s
2025-11-23 00:32:07.374087: Yayy! New best EMA pseudo Dice: 0.5376999974250793
2025-11-23 00:32:08.735819: 
2025-11-23 00:32:08.735984: Epoch 56
2025-11-23 00:32:08.736095: Current learning rate: 0.00949
2025-11-23 00:33:16.346435: train_loss -0.4062
2025-11-23 00:33:16.352253: val_loss -0.4269
2025-11-23 00:33:16.354309: Pseudo dice [np.float32(0.8606), np.float32(0.7571), np.float32(0.0)]
2025-11-23 00:33:16.356370: Epoch time: 67.61 s
2025-11-23 00:33:16.356576: Yayy! New best EMA pseudo Dice: 0.5378999710083008
2025-11-23 00:33:18.301512: 
2025-11-23 00:33:18.301701: Epoch 57
2025-11-23 00:33:18.301839: Current learning rate: 0.00949
2025-11-23 00:34:26.543266: train_loss -0.3958
2025-11-23 00:34:26.549108: val_loss -0.4016
2025-11-23 00:34:26.551195: Pseudo dice [np.float32(0.887), np.float32(0.7509), np.float32(0.0)]
2025-11-23 00:34:26.552570: Epoch time: 68.24 s
2025-11-23 00:34:26.552698: Yayy! New best EMA pseudo Dice: 0.5386999845504761
2025-11-23 00:34:27.999013: 
2025-11-23 00:34:27.999219: Epoch 58
2025-11-23 00:34:27.999410: Current learning rate: 0.00948
2025-11-23 00:35:34.895616: train_loss -0.4108
2025-11-23 00:35:34.897852: val_loss -0.42
2025-11-23 00:35:34.899395: Pseudo dice [np.float32(0.8836), np.float32(0.7536), np.float32(0.0)]
2025-11-23 00:35:34.899545: Epoch time: 66.9 s
2025-11-23 00:35:34.899648: Yayy! New best EMA pseudo Dice: 0.5393999814987183
2025-11-23 00:35:36.638828: 
2025-11-23 00:35:36.639054: Epoch 59
2025-11-23 00:35:36.639270: Current learning rate: 0.00947
2025-11-23 00:36:40.785091: train_loss -0.4044
2025-11-23 00:36:40.785557: val_loss -0.4108
2025-11-23 00:36:40.785693: Pseudo dice [np.float32(0.8815), np.float32(0.7202), np.float32(0.0)]
2025-11-23 00:36:40.785824: Epoch time: 64.15 s
2025-11-23 00:36:41.890520: 
2025-11-23 00:36:41.890779: Epoch 60
2025-11-23 00:36:41.890920: Current learning rate: 0.00946
2025-11-23 00:37:47.871370: train_loss -0.4109
2025-11-23 00:37:47.871937: val_loss -0.3924
2025-11-23 00:37:47.872093: Pseudo dice [np.float32(0.8889), np.float32(0.751), np.float32(0.0)]
2025-11-23 00:37:47.872223: Epoch time: 65.98 s
2025-11-23 00:37:47.872327: Yayy! New best EMA pseudo Dice: 0.5396000146865845
2025-11-23 00:37:49.265172: 
2025-11-23 00:37:49.265357: Epoch 61
2025-11-23 00:37:49.265496: Current learning rate: 0.00945
2025-11-23 00:39:00.296169: train_loss -0.3978
2025-11-23 00:39:00.298416: val_loss -0.4273
2025-11-23 00:39:00.299886: Pseudo dice [np.float32(0.8767), np.float32(0.7608), np.float32(0.0)]
2025-11-23 00:39:00.300510: Epoch time: 71.03 s
2025-11-23 00:39:00.301934: Yayy! New best EMA pseudo Dice: 0.5401999950408936
2025-11-23 00:39:01.853240: 
2025-11-23 00:39:01.853436: Epoch 62
2025-11-23 00:39:01.853597: Current learning rate: 0.00944
2025-11-23 00:40:07.460530: train_loss -0.3953
2025-11-23 00:40:07.469878: val_loss -0.4119
2025-11-23 00:40:07.471974: Pseudo dice [np.float32(0.8768), np.float32(0.7487), np.float32(0.0)]
2025-11-23 00:40:07.474053: Epoch time: 65.61 s
2025-11-23 00:40:07.476061: Yayy! New best EMA pseudo Dice: 0.5404000282287598
2025-11-23 00:40:09.415720: 
2025-11-23 00:40:09.416053: Epoch 63
2025-11-23 00:40:09.416203: Current learning rate: 0.00943
2025-11-23 00:41:16.853559: train_loss -0.4159
2025-11-23 00:41:16.854009: val_loss -0.4096
2025-11-23 00:41:16.854125: Pseudo dice [np.float32(0.8867), np.float32(0.7511), np.float32(0.0)]
2025-11-23 00:41:16.854228: Epoch time: 67.44 s
2025-11-23 00:41:16.854306: Yayy! New best EMA pseudo Dice: 0.5410000085830688
2025-11-23 00:41:18.613875: 
2025-11-23 00:41:18.614161: Epoch 64
2025-11-23 00:41:18.614280: Current learning rate: 0.00942
2025-11-23 00:42:26.666530: train_loss -0.4146
2025-11-23 00:42:26.670086: val_loss -0.42
2025-11-23 00:42:26.670215: Pseudo dice [np.float32(0.882), np.float32(0.7612), np.float32(0.0)]
2025-11-23 00:42:26.670308: Epoch time: 68.05 s
2025-11-23 00:42:26.670379: Yayy! New best EMA pseudo Dice: 0.5415999889373779
2025-11-23 00:42:28.183876: 
2025-11-23 00:42:28.184076: Epoch 65
2025-11-23 00:42:28.184206: Current learning rate: 0.00941
2025-11-23 00:43:35.537390: train_loss -0.4106
2025-11-23 00:43:35.537668: val_loss -0.4152
2025-11-23 00:43:35.537775: Pseudo dice [np.float32(0.8824), np.float32(0.7421), np.float32(0.0)]
2025-11-23 00:43:35.537878: Epoch time: 67.35 s
2025-11-23 00:43:36.581329: 
2025-11-23 00:43:36.581493: Epoch 66
2025-11-23 00:43:36.581625: Current learning rate: 0.0094
2025-11-23 00:44:42.796712: train_loss -0.4061
2025-11-23 00:44:42.797007: val_loss -0.3994
2025-11-23 00:44:42.797112: Pseudo dice [np.float32(0.8817), np.float32(0.7461), np.float32(0.0)]
2025-11-23 00:44:42.797211: Epoch time: 66.22 s
2025-11-23 00:44:42.797290: Yayy! New best EMA pseudo Dice: 0.541700005531311
2025-11-23 00:44:44.250776: 
2025-11-23 00:44:44.250952: Epoch 67
2025-11-23 00:44:44.251076: Current learning rate: 0.00939
2025-11-23 00:45:50.922998: train_loss -0.4112
2025-11-23 00:45:50.923236: val_loss -0.4148
2025-11-23 00:45:50.923337: Pseudo dice [np.float32(0.8784), np.float32(0.7246), np.float32(0.0)]
2025-11-23 00:45:50.934105: Epoch time: 66.67 s
2025-11-23 00:45:52.077816: 
2025-11-23 00:45:52.077977: Epoch 68
2025-11-23 00:45:52.078088: Current learning rate: 0.00939
2025-11-23 00:46:58.193204: train_loss -0.4203
2025-11-23 00:46:58.193456: val_loss -0.4252
2025-11-23 00:46:58.193561: Pseudo dice [np.float32(0.8968), np.float32(0.734), np.float32(0.0)]
2025-11-23 00:46:58.193662: Epoch time: 66.12 s
2025-11-23 00:46:59.296374: 
2025-11-23 00:46:59.296614: Epoch 69
2025-11-23 00:46:59.296710: Current learning rate: 0.00938
2025-11-23 00:48:04.278596: train_loss -0.4073
2025-11-23 00:48:04.278847: val_loss -0.4044
2025-11-23 00:48:04.278950: Pseudo dice [np.float32(0.8838), np.float32(0.7443), np.float32(0.0)]
2025-11-23 00:48:04.279160: Epoch time: 64.98 s
2025-11-23 00:48:06.052081: 
2025-11-23 00:48:06.052351: Epoch 70
2025-11-23 00:48:06.052474: Current learning rate: 0.00937
2025-11-23 00:49:12.225196: train_loss -0.404
2025-11-23 00:49:12.237684: val_loss -0.4255
2025-11-23 00:49:12.239822: Pseudo dice [np.float32(0.8939), np.float32(0.7476), np.float32(0.0)]
2025-11-23 00:49:12.241868: Epoch time: 66.17 s
2025-11-23 00:49:12.241974: Yayy! New best EMA pseudo Dice: 0.5419999957084656
2025-11-23 00:49:13.932737: 
2025-11-23 00:49:13.933033: Epoch 71
2025-11-23 00:49:13.933181: Current learning rate: 0.00936
2025-11-23 00:50:17.778036: train_loss -0.3907
2025-11-23 00:50:17.778275: val_loss -0.4089
2025-11-23 00:50:17.778379: Pseudo dice [np.float32(0.8681), np.float32(0.7671), np.float32(0.0)]
2025-11-23 00:50:17.778479: Epoch time: 63.85 s
2025-11-23 00:50:17.778559: Yayy! New best EMA pseudo Dice: 0.5422999858856201
2025-11-23 00:50:19.302266: 
2025-11-23 00:50:19.302433: Epoch 72
2025-11-23 00:50:19.302532: Current learning rate: 0.00935
2025-11-23 00:51:23.194083: train_loss -0.4054
2025-11-23 00:51:23.196064: val_loss -0.407
2025-11-23 00:51:23.196169: Pseudo dice [np.float32(0.8743), np.float32(0.7535), np.float32(0.0)]
2025-11-23 00:51:23.196264: Epoch time: 63.89 s
2025-11-23 00:51:23.196336: Yayy! New best EMA pseudo Dice: 0.5422999858856201
2025-11-23 00:51:24.675600: 
2025-11-23 00:51:24.675835: Epoch 73
2025-11-23 00:51:24.675991: Current learning rate: 0.00934
2025-11-23 00:52:28.514365: train_loss -0.4255
2025-11-23 00:52:28.514580: val_loss -0.4117
2025-11-23 00:52:28.514686: Pseudo dice [np.float32(0.8715), np.float32(0.7408), np.float32(0.0)]
2025-11-23 00:52:28.514787: Epoch time: 63.84 s
2025-11-23 00:52:30.484432: 
2025-11-23 00:52:30.484658: Epoch 74
2025-11-23 00:52:30.484798: Current learning rate: 0.00933
2025-11-23 00:53:39.692905: train_loss -0.4112
2025-11-23 00:53:39.693791: val_loss -0.4277
2025-11-23 00:53:39.693904: Pseudo dice [np.float32(0.8931), np.float32(0.7573), np.float32(0.0)]
2025-11-23 00:53:39.694013: Epoch time: 69.21 s
2025-11-23 00:53:39.694093: Yayy! New best EMA pseudo Dice: 0.5425999760627747
2025-11-23 00:53:41.639796: 
2025-11-23 00:53:41.639975: Epoch 75
2025-11-23 00:53:41.640087: Current learning rate: 0.00932
2025-11-23 00:54:45.413779: train_loss -0.4167
2025-11-23 00:54:45.416997: val_loss -0.4082
2025-11-23 00:54:45.417112: Pseudo dice [np.float32(0.8829), np.float32(0.7405), np.float32(0.0)]
2025-11-23 00:54:45.417204: Epoch time: 63.77 s
2025-11-23 00:54:46.945774: 
2025-11-23 00:54:46.945974: Epoch 76
2025-11-23 00:54:46.946097: Current learning rate: 0.00931
2025-11-23 00:55:54.870292: train_loss -0.4215
2025-11-23 00:55:54.871280: val_loss -0.4162
2025-11-23 00:55:54.871390: Pseudo dice [np.float32(0.891), np.float32(0.7451), np.float32(0.0)]
2025-11-23 00:55:54.871487: Epoch time: 67.93 s
2025-11-23 00:55:54.871564: Yayy! New best EMA pseudo Dice: 0.5428000092506409
2025-11-23 00:55:56.882524: 
2025-11-23 00:55:56.882696: Epoch 77
2025-11-23 00:55:56.882807: Current learning rate: 0.0093
2025-11-23 00:57:02.054492: train_loss -0.4261
2025-11-23 00:57:02.054714: val_loss -0.4338
2025-11-23 00:57:02.054816: Pseudo dice [np.float32(0.8867), np.float32(0.7622), np.float32(0.0)]
2025-11-23 00:57:02.054917: Epoch time: 65.17 s
2025-11-23 00:57:02.055006: Yayy! New best EMA pseudo Dice: 0.5435000061988831
2025-11-23 00:57:03.546817: 
2025-11-23 00:57:03.547150: Epoch 78
2025-11-23 00:57:03.547283: Current learning rate: 0.0093
2025-11-23 00:58:11.118063: train_loss -0.4291
2025-11-23 00:58:11.118318: val_loss -0.4217
2025-11-23 00:58:11.118424: Pseudo dice [np.float32(0.8981), np.float32(0.7535), np.float32(0.0)]
2025-11-23 00:58:11.118526: Epoch time: 67.57 s
2025-11-23 00:58:11.118656: Yayy! New best EMA pseudo Dice: 0.5442000031471252
2025-11-23 00:58:12.557640: 
2025-11-23 00:58:12.557817: Epoch 79
2025-11-23 00:58:12.557931: Current learning rate: 0.00929
2025-11-23 00:59:17.161146: train_loss -0.4169
2025-11-23 00:59:17.161375: val_loss -0.3958
2025-11-23 00:59:17.161473: Pseudo dice [np.float32(0.8703), np.float32(0.7304), np.float32(0.0)]
2025-11-23 00:59:17.161571: Epoch time: 64.6 s
2025-11-23 00:59:18.468075: 
2025-11-23 00:59:18.468243: Epoch 80
2025-11-23 00:59:18.468355: Current learning rate: 0.00928
2025-11-23 01:00:23.587000: train_loss -0.4307
2025-11-23 01:00:23.587811: val_loss -0.4144
2025-11-23 01:00:23.587921: Pseudo dice [np.float32(0.8904), np.float32(0.7633), np.float32(0.0)]
2025-11-23 01:00:23.588032: Epoch time: 65.12 s
2025-11-23 01:00:24.879265: 
2025-11-23 01:00:24.879433: Epoch 81
2025-11-23 01:00:24.879540: Current learning rate: 0.00927
2025-11-23 01:01:32.632279: train_loss -0.3996
2025-11-23 01:01:32.632526: val_loss -0.4002
2025-11-23 01:01:32.632628: Pseudo dice [np.float32(0.8767), np.float32(0.7203), np.float32(0.0)]
2025-11-23 01:01:32.634869: Epoch time: 67.75 s
2025-11-23 01:01:34.208366: 
2025-11-23 01:01:34.208556: Epoch 82
2025-11-23 01:01:34.208668: Current learning rate: 0.00926
2025-11-23 01:02:45.120531: train_loss -0.4082
2025-11-23 01:02:45.122659: val_loss -0.4352
2025-11-23 01:02:45.122773: Pseudo dice [np.float32(0.89), np.float32(0.7471), np.float32(0.0)]
2025-11-23 01:02:45.122869: Epoch time: 70.91 s
2025-11-23 01:02:46.464137: 
2025-11-23 01:02:46.464312: Epoch 83
2025-11-23 01:02:46.464425: Current learning rate: 0.00925
2025-11-23 01:03:58.994169: train_loss -0.4091
2025-11-23 01:03:58.998069: val_loss -0.4365
2025-11-23 01:03:58.998219: Pseudo dice [np.float32(0.8923), np.float32(0.7657), np.float32(0.044)]
2025-11-23 01:03:58.998315: Epoch time: 72.53 s
2025-11-23 01:03:59.003070: Yayy! New best EMA pseudo Dice: 0.5454999804496765
2025-11-23 01:04:01.050692: 
2025-11-23 01:04:01.050901: Epoch 84
2025-11-23 01:04:01.051031: Current learning rate: 0.00924
2025-11-23 01:05:08.351781: train_loss -0.4256
2025-11-23 01:05:08.352031: val_loss -0.4168
2025-11-23 01:05:08.352139: Pseudo dice [np.float32(0.8736), np.float32(0.7567), np.float32(0.0588)]
2025-11-23 01:05:08.358717: Epoch time: 67.3 s
2025-11-23 01:05:08.358842: Yayy! New best EMA pseudo Dice: 0.5472000241279602
2025-11-23 01:05:10.196710: 
2025-11-23 01:05:10.196982: Epoch 85
2025-11-23 01:05:10.197113: Current learning rate: 0.00923
2025-11-23 01:06:15.057015: train_loss -0.4187
2025-11-23 01:06:15.058804: val_loss -0.4188
2025-11-23 01:06:15.058919: Pseudo dice [np.float32(0.8882), np.float32(0.7384), np.float32(0.062)]
2025-11-23 01:06:15.059026: Epoch time: 64.86 s
2025-11-23 01:06:15.059106: Yayy! New best EMA pseudo Dice: 0.548799991607666
2025-11-23 01:06:16.971307: 
2025-11-23 01:06:16.971547: Epoch 86
2025-11-23 01:06:16.971670: Current learning rate: 0.00922
2025-11-23 01:07:21.982048: train_loss -0.4236
2025-11-23 01:07:21.982919: val_loss -0.4156
2025-11-23 01:07:21.983037: Pseudo dice [np.float32(0.8898), np.float32(0.7409), np.float32(0.1)]
2025-11-23 01:07:21.983138: Epoch time: 65.01 s
2025-11-23 01:07:21.983217: Yayy! New best EMA pseudo Dice: 0.5515999794006348
2025-11-23 01:07:23.625421: 
2025-11-23 01:07:23.625592: Epoch 87
2025-11-23 01:07:23.625704: Current learning rate: 0.00921
2025-11-23 01:08:31.272538: train_loss -0.4213
2025-11-23 01:08:31.276203: val_loss -0.4093
2025-11-23 01:08:31.276330: Pseudo dice [np.float32(0.881), np.float32(0.7508), np.float32(0.0)]
2025-11-23 01:08:31.276433: Epoch time: 67.65 s
2025-11-23 01:08:32.542873: 
2025-11-23 01:08:32.543077: Epoch 88
2025-11-23 01:08:32.543213: Current learning rate: 0.0092
2025-11-23 01:09:37.024771: train_loss -0.4146
2025-11-23 01:09:37.024991: val_loss -0.4145
2025-11-23 01:09:37.025102: Pseudo dice [np.float32(0.8982), np.float32(0.7454), np.float32(0.0)]
2025-11-23 01:09:37.025203: Epoch time: 64.48 s
2025-11-23 01:09:38.148445: 
2025-11-23 01:09:38.148618: Epoch 89
2025-11-23 01:09:38.148725: Current learning rate: 0.0092
2025-11-23 01:10:45.452157: train_loss -0.4161
2025-11-23 01:10:45.452426: val_loss -0.4141
2025-11-23 01:10:45.452531: Pseudo dice [np.float32(0.8926), np.float32(0.7609), np.float32(0.0)]
2025-11-23 01:10:45.452633: Epoch time: 67.3 s
2025-11-23 01:10:46.575362: 
2025-11-23 01:10:46.575709: Epoch 90
2025-11-23 01:10:46.575844: Current learning rate: 0.00919
2025-11-23 01:11:50.668076: train_loss -0.4385
2025-11-23 01:11:50.668279: val_loss -0.4141
2025-11-23 01:11:50.668380: Pseudo dice [np.float32(0.8831), np.float32(0.739), np.float32(0.0192)]
2025-11-23 01:11:50.668482: Epoch time: 64.09 s
2025-11-23 01:11:51.774988: 
2025-11-23 01:11:51.775155: Epoch 91
2025-11-23 01:11:51.775307: Current learning rate: 0.00918
2025-11-23 01:12:58.623033: train_loss -0.4153
2025-11-23 01:12:58.623369: val_loss -0.4308
2025-11-23 01:12:58.623476: Pseudo dice [np.float32(0.8885), np.float32(0.7576), np.float32(0.1379)]
2025-11-23 01:12:58.623579: Epoch time: 66.85 s
2025-11-23 01:12:58.623658: Yayy! New best EMA pseudo Dice: 0.5547000169754028
2025-11-23 01:13:00.065526: 
2025-11-23 01:13:00.065737: Epoch 92
2025-11-23 01:13:00.065861: Current learning rate: 0.00917
2025-11-23 01:14:10.186049: train_loss -0.433
2025-11-23 01:14:10.186303: val_loss -0.4126
2025-11-23 01:14:10.186405: Pseudo dice [np.float32(0.8863), np.float32(0.7275), np.float32(0.1269)]
2025-11-23 01:14:10.186503: Epoch time: 70.12 s
2025-11-23 01:14:10.186581: Yayy! New best EMA pseudo Dice: 0.5572999715805054
2025-11-23 01:14:11.621454: 
2025-11-23 01:14:11.621627: Epoch 93
2025-11-23 01:14:11.621744: Current learning rate: 0.00916
2025-11-23 01:15:15.121490: train_loss -0.4293
2025-11-23 01:15:15.121747: val_loss -0.4082
2025-11-23 01:15:15.121854: Pseudo dice [np.float32(0.8762), np.float32(0.7429), np.float32(0.141)]
2025-11-23 01:15:15.121954: Epoch time: 63.5 s
2025-11-23 01:15:15.122041: Yayy! New best EMA pseudo Dice: 0.5601999759674072
2025-11-23 01:15:16.613118: 
2025-11-23 01:15:16.613381: Epoch 94
2025-11-23 01:15:16.613517: Current learning rate: 0.00915
2025-11-23 01:16:21.968770: train_loss -0.4173
2025-11-23 01:16:21.969036: val_loss -0.4113
2025-11-23 01:16:21.969142: Pseudo dice [np.float32(0.8892), np.float32(0.7453), np.float32(0.0932)]
2025-11-23 01:16:21.969244: Epoch time: 65.36 s
2025-11-23 01:16:21.969323: Yayy! New best EMA pseudo Dice: 0.5618000030517578
2025-11-23 01:16:23.456054: 
2025-11-23 01:16:23.456282: Epoch 95
2025-11-23 01:16:23.456430: Current learning rate: 0.00914
2025-11-23 01:17:31.892146: train_loss -0.412
2025-11-23 01:17:31.892361: val_loss -0.4256
2025-11-23 01:17:31.892464: Pseudo dice [np.float32(0.8546), np.float32(0.7526), np.float32(0.2722)]
2025-11-23 01:17:31.892565: Epoch time: 68.44 s
2025-11-23 01:17:31.892642: Yayy! New best EMA pseudo Dice: 0.5681999921798706
2025-11-23 01:17:33.916394: 
2025-11-23 01:17:33.916562: Epoch 96
2025-11-23 01:17:33.916702: Current learning rate: 0.00913
2025-11-23 01:18:39.134631: train_loss -0.4231
2025-11-23 01:18:39.134884: val_loss -0.4311
2025-11-23 01:18:39.134996: Pseudo dice [np.float32(0.89), np.float32(0.7419), np.float32(0.1093)]
2025-11-23 01:18:39.135099: Epoch time: 65.22 s
2025-11-23 01:18:39.135177: Yayy! New best EMA pseudo Dice: 0.5695000290870667
2025-11-23 01:18:41.054463: 
2025-11-23 01:18:41.054643: Epoch 97
2025-11-23 01:18:41.054766: Current learning rate: 0.00912
2025-11-23 01:19:46.648410: train_loss -0.4264
2025-11-23 01:19:46.648690: val_loss -0.4323
2025-11-23 01:19:46.650968: Pseudo dice [np.float32(0.885), np.float32(0.7275), np.float32(0.0063)]
2025-11-23 01:19:46.651090: Epoch time: 65.59 s
2025-11-23 01:19:47.901843: 
2025-11-23 01:19:47.902030: Epoch 98
2025-11-23 01:19:47.902148: Current learning rate: 0.00911
2025-11-23 01:20:54.038489: train_loss -0.4405
2025-11-23 01:20:54.038748: val_loss -0.3942
2025-11-23 01:20:54.038851: Pseudo dice [np.float32(0.8881), np.float32(0.7671), np.float32(0.1293)]
2025-11-23 01:20:54.038951: Epoch time: 66.14 s
2025-11-23 01:20:55.935143: 
2025-11-23 01:20:55.935390: Epoch 99
2025-11-23 01:20:55.935504: Current learning rate: 0.0091
2025-11-23 01:22:02.286873: train_loss -0.4446
2025-11-23 01:22:02.287697: val_loss -0.4517
2025-11-23 01:22:02.287808: Pseudo dice [np.float32(0.8654), np.float32(0.7601), np.float32(0.2742)]
2025-11-23 01:22:02.287912: Epoch time: 66.35 s
2025-11-23 01:22:02.766815: Yayy! New best EMA pseudo Dice: 0.5756999850273132
2025-11-23 01:22:04.647155: 
2025-11-23 01:22:04.647331: Epoch 100
2025-11-23 01:22:04.647434: Current learning rate: 0.0091
2025-11-23 01:23:11.589803: train_loss -0.4247
2025-11-23 01:23:11.590030: val_loss -0.4474
2025-11-23 01:23:11.590134: Pseudo dice [np.float32(0.8874), np.float32(0.7675), np.float32(0.2269)]
2025-11-23 01:23:11.590236: Epoch time: 66.94 s
2025-11-23 01:23:11.590315: Yayy! New best EMA pseudo Dice: 0.5809000134468079
2025-11-23 01:23:13.076412: 
2025-11-23 01:23:13.076692: Epoch 101
2025-11-23 01:23:13.076816: Current learning rate: 0.00909
2025-11-23 01:24:22.762904: train_loss -0.4243
2025-11-23 01:24:22.763281: val_loss -0.4272
2025-11-23 01:24:22.763378: Pseudo dice [np.float32(0.889), np.float32(0.7581), np.float32(0.0385)]
2025-11-23 01:24:22.763474: Epoch time: 69.68 s
2025-11-23 01:24:24.004736: 
2025-11-23 01:24:24.004922: Epoch 102
2025-11-23 01:24:24.005041: Current learning rate: 0.00908
2025-11-23 01:25:28.784079: train_loss -0.4364
2025-11-23 01:25:28.784304: val_loss -0.4399
2025-11-23 01:25:28.784407: Pseudo dice [np.float32(0.8789), np.float32(0.761), np.float32(0.2394)]
2025-11-23 01:25:28.784507: Epoch time: 64.78 s
2025-11-23 01:25:28.784583: Yayy! New best EMA pseudo Dice: 0.5837000012397766
2025-11-23 01:25:30.416071: 
2025-11-23 01:25:30.416249: Epoch 103
2025-11-23 01:25:30.416360: Current learning rate: 0.00907
2025-11-23 01:26:40.791132: train_loss -0.4255
2025-11-23 01:26:40.791357: val_loss -0.4245
2025-11-23 01:26:40.791457: Pseudo dice [np.float32(0.8858), np.float32(0.7433), np.float32(0.0686)]
2025-11-23 01:26:40.791557: Epoch time: 70.38 s
2025-11-23 01:26:41.891213: 
2025-11-23 01:26:41.891415: Epoch 104
2025-11-23 01:26:41.891527: Current learning rate: 0.00906
2025-11-23 01:27:50.239289: train_loss -0.4401
2025-11-23 01:27:50.239669: val_loss -0.4324
2025-11-23 01:27:50.239785: Pseudo dice [np.float32(0.8868), np.float32(0.7515), np.float32(0.2174)]
2025-11-23 01:27:50.241118: Epoch time: 68.35 s
2025-11-23 01:27:50.241226: Yayy! New best EMA pseudo Dice: 0.5856000185012817
2025-11-23 01:27:51.774156: 
2025-11-23 01:27:51.774405: Epoch 105
2025-11-23 01:27:51.774560: Current learning rate: 0.00905
2025-11-23 01:28:58.617677: train_loss -0.4318
2025-11-23 01:28:58.623045: val_loss -0.4241
2025-11-23 01:28:58.623238: Pseudo dice [np.float32(0.892), np.float32(0.7641), np.float32(0.2397)]
2025-11-23 01:28:58.623362: Epoch time: 66.84 s
2025-11-23 01:28:58.623458: Yayy! New best EMA pseudo Dice: 0.5902000069618225
2025-11-23 01:29:00.666394: 
2025-11-23 01:29:00.666560: Epoch 106
2025-11-23 01:29:00.666670: Current learning rate: 0.00904
2025-11-23 01:30:05.158263: train_loss -0.4282
2025-11-23 01:30:05.158520: val_loss -0.4452
2025-11-23 01:30:05.158623: Pseudo dice [np.float32(0.8864), np.float32(0.765), np.float32(0.2181)]
2025-11-23 01:30:05.158723: Epoch time: 64.49 s
2025-11-23 01:30:05.158800: Yayy! New best EMA pseudo Dice: 0.593500018119812
2025-11-23 01:30:06.558825: 
2025-11-23 01:30:06.558989: Epoch 107
2025-11-23 01:30:06.559091: Current learning rate: 0.00903
2025-11-23 01:31:14.612235: train_loss -0.427
2025-11-23 01:31:14.612492: val_loss -0.434
2025-11-23 01:31:14.612596: Pseudo dice [np.float32(0.8888), np.float32(0.7546), np.float32(0.2843)]
2025-11-23 01:31:14.612695: Epoch time: 68.05 s
2025-11-23 01:31:14.612773: Yayy! New best EMA pseudo Dice: 0.5983999967575073
2025-11-23 01:31:16.150934: 
2025-11-23 01:31:16.151152: Epoch 108
2025-11-23 01:31:16.151269: Current learning rate: 0.00902
2025-11-23 01:32:20.746290: train_loss -0.4434
2025-11-23 01:32:20.746526: val_loss -0.4365
2025-11-23 01:32:20.746626: Pseudo dice [np.float32(0.8988), np.float32(0.7439), np.float32(0.3556)]
2025-11-23 01:32:20.746727: Epoch time: 64.6 s
2025-11-23 01:32:20.746805: Yayy! New best EMA pseudo Dice: 0.6051999926567078
2025-11-23 01:32:22.155327: 
2025-11-23 01:32:22.155576: Epoch 109
2025-11-23 01:32:22.155699: Current learning rate: 0.00901
2025-11-23 01:33:31.951357: train_loss -0.4424
2025-11-23 01:33:31.951679: val_loss -0.4298
2025-11-23 01:33:31.951793: Pseudo dice [np.float32(0.8908), np.float32(0.7617), np.float32(0.2822)]
2025-11-23 01:33:31.951894: Epoch time: 69.8 s
2025-11-23 01:33:31.951979: Yayy! New best EMA pseudo Dice: 0.6092000007629395
2025-11-23 01:33:33.371673: 
2025-11-23 01:33:33.371892: Epoch 110
2025-11-23 01:33:33.372042: Current learning rate: 0.009
2025-11-23 01:34:40.726408: train_loss -0.4344
2025-11-23 01:34:40.727911: val_loss -0.4059
2025-11-23 01:34:40.728059: Pseudo dice [np.float32(0.8915), np.float32(0.73), np.float32(0.1961)]
2025-11-23 01:34:40.728156: Epoch time: 67.36 s
2025-11-23 01:34:41.861822: 
2025-11-23 01:34:41.862057: Epoch 111
2025-11-23 01:34:41.862171: Current learning rate: 0.009
2025-11-23 01:35:49.022655: train_loss -0.4436
2025-11-23 01:35:49.022984: val_loss -0.4064
2025-11-23 01:35:49.023094: Pseudo dice [np.float32(0.8874), np.float32(0.754), np.float32(0.223)]
2025-11-23 01:35:49.023195: Epoch time: 67.16 s
2025-11-23 01:35:49.023272: Yayy! New best EMA pseudo Dice: 0.6100999712944031
2025-11-23 01:35:50.440809: 
2025-11-23 01:35:50.440981: Epoch 112
2025-11-23 01:35:50.441093: Current learning rate: 0.00899
2025-11-23 01:36:58.271942: train_loss -0.4433
2025-11-23 01:36:58.272210: val_loss -0.4529
2025-11-23 01:36:58.272314: Pseudo dice [np.float32(0.8853), np.float32(0.7698), np.float32(0.3457)]
2025-11-23 01:36:58.272417: Epoch time: 67.83 s
2025-11-23 01:36:58.272496: Yayy! New best EMA pseudo Dice: 0.6158000230789185
2025-11-23 01:36:59.653944: 
2025-11-23 01:36:59.654110: Epoch 113
2025-11-23 01:36:59.654213: Current learning rate: 0.00898
2025-11-23 01:38:06.973995: train_loss -0.4433
2025-11-23 01:38:06.974227: val_loss -0.4235
2025-11-23 01:38:06.974335: Pseudo dice [np.float32(0.8881), np.float32(0.7328), np.float32(0.2968)]
2025-11-23 01:38:06.974439: Epoch time: 67.32 s
2025-11-23 01:38:06.974519: Yayy! New best EMA pseudo Dice: 0.6180999875068665
2025-11-23 01:38:08.707633: 
2025-11-23 01:38:08.707801: Epoch 114
2025-11-23 01:38:08.707911: Current learning rate: 0.00897
2025-11-23 01:39:14.045777: train_loss -0.4461
2025-11-23 01:39:14.046048: val_loss -0.4662
2025-11-23 01:39:14.046154: Pseudo dice [np.float32(0.8912), np.float32(0.7681), np.float32(0.1689)]
2025-11-23 01:39:14.046256: Epoch time: 65.34 s
2025-11-23 01:39:15.886113: 
2025-11-23 01:39:15.886398: Epoch 115
2025-11-23 01:39:15.886534: Current learning rate: 0.00896
2025-11-23 01:40:25.958312: train_loss -0.4525
2025-11-23 01:40:25.958558: val_loss -0.4551
2025-11-23 01:40:25.958660: Pseudo dice [np.float32(0.8974), np.float32(0.7646), np.float32(0.3215)]
2025-11-23 01:40:25.958762: Epoch time: 70.07 s
2025-11-23 01:40:25.958844: Yayy! New best EMA pseudo Dice: 0.6215999722480774
2025-11-23 01:40:27.251899: 
2025-11-23 01:40:27.252139: Epoch 116
2025-11-23 01:40:27.252279: Current learning rate: 0.00895
2025-11-23 01:41:32.921082: train_loss -0.4628
2025-11-23 01:41:32.922742: val_loss -0.4709
2025-11-23 01:41:32.922854: Pseudo dice [np.float32(0.8903), np.float32(0.7655), np.float32(0.4828)]
2025-11-23 01:41:32.922958: Epoch time: 65.67 s
2025-11-23 01:41:32.923048: Yayy! New best EMA pseudo Dice: 0.6308000087738037
2025-11-23 01:41:34.572984: 
2025-11-23 01:41:34.573172: Epoch 117
2025-11-23 01:41:34.573285: Current learning rate: 0.00894
2025-11-23 01:42:40.835435: train_loss -0.4425
2025-11-23 01:42:40.835681: val_loss -0.4301
2025-11-23 01:42:40.835781: Pseudo dice [np.float32(0.8772), np.float32(0.7473), np.float32(0.0823)]
2025-11-23 01:42:40.835881: Epoch time: 66.26 s
2025-11-23 01:42:42.622599: 
2025-11-23 01:42:42.622959: Epoch 118
2025-11-23 01:42:42.623095: Current learning rate: 0.00893
2025-11-23 01:43:49.106908: train_loss -0.4325
2025-11-23 01:43:49.107176: val_loss -0.4161
2025-11-23 01:43:49.107280: Pseudo dice [np.float32(0.8861), np.float32(0.7274), np.float32(0.0652)]
2025-11-23 01:43:49.107382: Epoch time: 66.49 s
2025-11-23 01:43:51.836798: 
2025-11-23 01:43:51.836994: Epoch 119
2025-11-23 01:43:51.837113: Current learning rate: 0.00892
2025-11-23 01:44:57.635186: train_loss -0.4429
2025-11-23 01:44:57.635449: val_loss -0.4389
2025-11-23 01:44:57.635554: Pseudo dice [np.float32(0.8756), np.float32(0.7557), np.float32(0.1161)]
2025-11-23 01:44:57.635655: Epoch time: 65.8 s
2025-11-23 01:44:59.466171: 
2025-11-23 01:44:59.466352: Epoch 120
2025-11-23 01:44:59.466504: Current learning rate: 0.00891
2025-11-23 01:46:07.886450: train_loss -0.4043
2025-11-23 01:46:07.886702: val_loss -0.4077
2025-11-23 01:46:07.886807: Pseudo dice [np.float32(0.8622), np.float32(0.765), np.float32(0.223)]
2025-11-23 01:46:07.886906: Epoch time: 68.42 s
2025-11-23 01:46:09.566363: 
2025-11-23 01:46:09.566543: Epoch 121
2025-11-23 01:46:09.566704: Current learning rate: 0.0089
2025-11-23 01:47:15.587820: train_loss -0.4236
2025-11-23 01:47:15.588064: val_loss -0.4221
2025-11-23 01:47:15.588172: Pseudo dice [np.float32(0.8856), np.float32(0.7562), np.float32(0.0)]
2025-11-23 01:47:15.588273: Epoch time: 66.02 s
2025-11-23 01:47:17.344679: 
2025-11-23 01:47:17.345020: Epoch 122
2025-11-23 01:47:17.345312: Current learning rate: 0.00889
2025-11-23 01:48:24.250070: train_loss -0.4341
2025-11-23 01:48:24.250419: val_loss -0.4146
2025-11-23 01:48:24.250527: Pseudo dice [np.float32(0.8818), np.float32(0.7601), np.float32(0.0802)]
2025-11-23 01:48:24.250629: Epoch time: 66.91 s
2025-11-23 01:48:25.378962: 
2025-11-23 01:48:25.379143: Epoch 123
2025-11-23 01:48:25.379256: Current learning rate: 0.00889
2025-11-23 01:49:33.151415: train_loss -0.4338
2025-11-23 01:49:33.151684: val_loss -0.426
2025-11-23 01:49:33.151788: Pseudo dice [np.float32(0.8741), np.float32(0.759), np.float32(0.1831)]
2025-11-23 01:49:33.151889: Epoch time: 67.77 s
2025-11-23 01:49:34.723863: 
2025-11-23 01:49:34.724090: Epoch 124
2025-11-23 01:49:34.724202: Current learning rate: 0.00888
2025-11-23 01:50:38.136002: train_loss -0.4218
2025-11-23 01:50:38.136253: val_loss -0.4401
2025-11-23 01:50:38.136356: Pseudo dice [np.float32(0.8901), np.float32(0.7557), np.float32(0.2166)]
2025-11-23 01:50:38.136454: Epoch time: 63.41 s
2025-11-23 01:50:39.234238: 
2025-11-23 01:50:39.234398: Epoch 125
2025-11-23 01:50:39.234504: Current learning rate: 0.00887
2025-11-23 01:51:46.359039: train_loss -0.4457
2025-11-23 01:51:46.359299: val_loss -0.4505
2025-11-23 01:51:46.359403: Pseudo dice [np.float32(0.8859), np.float32(0.7748), np.float32(0.2816)]
2025-11-23 01:51:46.359503: Epoch time: 67.13 s
2025-11-23 01:51:47.672153: 
2025-11-23 01:51:47.672379: Epoch 126
2025-11-23 01:51:47.672562: Current learning rate: 0.00886
2025-11-23 01:52:53.571991: train_loss -0.4444
2025-11-23 01:52:53.572246: val_loss -0.4532
2025-11-23 01:52:53.572372: Pseudo dice [np.float32(0.8801), np.float32(0.7656), np.float32(0.3624)]
2025-11-23 01:52:53.572482: Epoch time: 65.9 s
2025-11-23 01:52:54.599567: 
2025-11-23 01:52:54.599808: Epoch 127
2025-11-23 01:52:54.599957: Current learning rate: 0.00885
2025-11-23 01:54:01.353816: train_loss -0.4361
2025-11-23 01:54:01.354153: val_loss -0.4302
2025-11-23 01:54:01.354259: Pseudo dice [np.float32(0.8814), np.float32(0.7525), np.float32(0.1503)]
2025-11-23 01:54:01.354360: Epoch time: 66.76 s
2025-11-23 01:54:03.320033: 
2025-11-23 01:54:03.320214: Epoch 128
2025-11-23 01:54:03.320325: Current learning rate: 0.00884
2025-11-23 01:55:08.234834: train_loss -0.4354
2025-11-23 01:55:08.236740: val_loss -0.4325
2025-11-23 01:55:08.236846: Pseudo dice [np.float32(0.9009), np.float32(0.756), np.float32(0.1813)]
2025-11-23 01:55:08.236940: Epoch time: 64.92 s
2025-11-23 01:55:09.651950: 
2025-11-23 01:55:09.652238: Epoch 129
2025-11-23 01:55:09.652412: Current learning rate: 0.00883
2025-11-23 01:56:20.871407: train_loss -0.441
2025-11-23 01:56:20.873334: val_loss -0.468
2025-11-23 01:56:20.873450: Pseudo dice [np.float32(0.8881), np.float32(0.7588), np.float32(0.2063)]
2025-11-23 01:56:20.873554: Epoch time: 71.22 s
2025-11-23 01:56:22.693421: 
2025-11-23 01:56:22.693642: Epoch 130
2025-11-23 01:56:22.693784: Current learning rate: 0.00882
2025-11-23 01:57:26.482286: train_loss -0.4451
2025-11-23 01:57:26.482540: val_loss -0.4122
2025-11-23 01:57:26.482724: Pseudo dice [np.float32(0.8826), np.float32(0.7375), np.float32(0.2427)]
2025-11-23 01:57:26.482872: Epoch time: 63.79 s
2025-11-23 01:57:27.594498: 
2025-11-23 01:57:27.594763: Epoch 131
2025-11-23 01:57:27.594908: Current learning rate: 0.00881
2025-11-23 01:58:31.444500: train_loss -0.4542
2025-11-23 01:58:31.444797: val_loss -0.4333
2025-11-23 01:58:31.444905: Pseudo dice [np.float32(0.8854), np.float32(0.7507), np.float32(0.3657)]
2025-11-23 01:58:31.445023: Epoch time: 63.85 s
2025-11-23 01:58:32.763397: 
2025-11-23 01:58:32.763588: Epoch 132
2025-11-23 01:58:32.763701: Current learning rate: 0.0088
2025-11-23 01:59:36.474376: train_loss -0.4364
2025-11-23 01:59:36.474623: val_loss -0.4092
2025-11-23 01:59:36.474726: Pseudo dice [np.float32(0.8995), np.float32(0.7559), np.float32(0.1251)]
2025-11-23 01:59:36.474828: Epoch time: 63.71 s
2025-11-23 01:59:37.944058: 
2025-11-23 01:59:37.944258: Epoch 133
2025-11-23 01:59:37.944375: Current learning rate: 0.00879
2025-11-23 02:00:43.922926: train_loss -0.4348
2025-11-23 02:00:43.923187: val_loss -0.4871
2025-11-23 02:00:43.923289: Pseudo dice [np.float32(0.8978), np.float32(0.7615), np.float32(0.5818)]
2025-11-23 02:00:43.923392: Epoch time: 65.98 s
2025-11-23 02:00:45.327183: 
2025-11-23 02:00:45.327374: Epoch 134
2025-11-23 02:00:45.327480: Current learning rate: 0.00879
2025-11-23 02:01:51.828063: train_loss -0.4437
2025-11-23 02:01:51.828386: val_loss -0.4645
2025-11-23 02:01:51.828488: Pseudo dice [np.float32(0.8871), np.float32(0.7614), np.float32(0.3788)]
2025-11-23 02:01:51.828625: Epoch time: 66.5 s
2025-11-23 02:01:51.828710: Yayy! New best EMA pseudo Dice: 0.6349999904632568
2025-11-23 02:01:53.373663: 
2025-11-23 02:01:53.373920: Epoch 135
2025-11-23 02:01:53.374044: Current learning rate: 0.00878
2025-11-23 02:03:02.487399: train_loss -0.4357
2025-11-23 02:03:02.487662: val_loss -0.4627
2025-11-23 02:03:02.487770: Pseudo dice [np.float32(0.898), np.float32(0.7558), np.float32(0.0792)]
2025-11-23 02:03:02.487873: Epoch time: 69.11 s
2025-11-23 02:03:04.516177: 
2025-11-23 02:03:04.516362: Epoch 136
2025-11-23 02:03:04.516477: Current learning rate: 0.00877
2025-11-23 02:04:16.561230: train_loss -0.4374
2025-11-23 02:04:16.561477: val_loss -0.4216
2025-11-23 02:04:16.561580: Pseudo dice [np.float32(0.8847), np.float32(0.7376), np.float32(0.3881)]
2025-11-23 02:04:16.561678: Epoch time: 72.05 s
2025-11-23 02:04:17.748902: 
2025-11-23 02:04:17.749114: Epoch 137
2025-11-23 02:04:17.749376: Current learning rate: 0.00876
2025-11-23 02:05:24.256340: train_loss -0.4431
2025-11-23 02:05:24.256581: val_loss -0.4294
2025-11-23 02:05:24.256685: Pseudo dice [np.float32(0.8773), np.float32(0.7601), np.float32(0.0101)]
2025-11-23 02:05:24.256786: Epoch time: 66.51 s
2025-11-23 02:05:25.389168: 
2025-11-23 02:05:25.389380: Epoch 138
2025-11-23 02:05:25.389498: Current learning rate: 0.00875
2025-11-23 02:06:30.883825: train_loss -0.4432
2025-11-23 02:06:30.884052: val_loss -0.4262
2025-11-23 02:06:30.884159: Pseudo dice [np.float32(0.9001), np.float32(0.7506), np.float32(0.0925)]
2025-11-23 02:06:30.884260: Epoch time: 65.5 s
2025-11-23 02:06:32.068631: 
2025-11-23 02:06:32.068892: Epoch 139
2025-11-23 02:06:32.069009: Current learning rate: 0.00874
2025-11-23 02:07:37.750307: train_loss -0.4394
2025-11-23 02:07:37.750570: val_loss -0.4397
2025-11-23 02:07:37.750675: Pseudo dice [np.float32(0.8838), np.float32(0.7445), np.float32(0.2382)]
2025-11-23 02:07:37.750776: Epoch time: 65.68 s
2025-11-23 02:07:39.000937: 
2025-11-23 02:07:39.001148: Epoch 140
2025-11-23 02:07:39.001287: Current learning rate: 0.00873
2025-11-23 02:08:46.113402: train_loss -0.4681
2025-11-23 02:08:46.113643: val_loss -0.4528
2025-11-23 02:08:46.113749: Pseudo dice [np.float32(0.8914), np.float32(0.7671), np.float32(0.1852)]
2025-11-23 02:08:46.113854: Epoch time: 67.11 s
2025-11-23 02:08:48.114543: 
2025-11-23 02:08:48.114807: Epoch 141
2025-11-23 02:08:48.114941: Current learning rate: 0.00872
2025-11-23 02:09:56.038382: train_loss -0.4386
2025-11-23 02:09:56.040164: val_loss -0.4058
2025-11-23 02:09:56.040272: Pseudo dice [np.float32(0.8794), np.float32(0.7575), np.float32(0.0136)]
2025-11-23 02:09:56.040367: Epoch time: 67.92 s
2025-11-23 02:09:57.472703: 
2025-11-23 02:09:57.472948: Epoch 142
2025-11-23 02:09:57.473064: Current learning rate: 0.00871
2025-11-23 02:11:04.224730: train_loss -0.4475
2025-11-23 02:11:04.225003: val_loss -0.4256
2025-11-23 02:11:04.225114: Pseudo dice [np.float32(0.8888), np.float32(0.7662), np.float32(0.0146)]
2025-11-23 02:11:04.225216: Epoch time: 66.75 s
2025-11-23 02:11:05.534365: 
2025-11-23 02:11:05.534673: Epoch 143
2025-11-23 02:11:05.535034: Current learning rate: 0.0087
2025-11-23 02:12:14.798475: train_loss -0.4496
2025-11-23 02:12:14.800470: val_loss -0.4329
2025-11-23 02:12:14.800592: Pseudo dice [np.float32(0.8852), np.float32(0.7505), np.float32(0.144)]
2025-11-23 02:12:14.800695: Epoch time: 69.27 s
2025-11-23 02:12:16.703367: 
2025-11-23 02:12:16.703534: Epoch 144
2025-11-23 02:12:16.703660: Current learning rate: 0.00869
2025-11-23 02:13:25.024638: train_loss -0.4456
2025-11-23 02:13:25.024878: val_loss -0.4186
2025-11-23 02:13:25.024987: Pseudo dice [np.float32(0.8884), np.float32(0.7418), np.float32(0.12)]
2025-11-23 02:13:25.025089: Epoch time: 68.32 s
2025-11-23 02:13:26.153263: 
2025-11-23 02:13:26.153507: Epoch 145
2025-11-23 02:13:26.153680: Current learning rate: 0.00868
2025-11-23 02:14:32.131873: train_loss -0.4467
2025-11-23 02:14:32.135936: val_loss -0.4368
2025-11-23 02:14:32.136052: Pseudo dice [np.float32(0.885), np.float32(0.7543), np.float32(0.3009)]
2025-11-23 02:14:32.137927: Epoch time: 65.98 s
2025-11-23 02:14:33.575413: 
2025-11-23 02:14:33.575599: Epoch 146
2025-11-23 02:14:33.575709: Current learning rate: 0.00868
2025-11-23 02:15:38.762808: train_loss -0.4529
2025-11-23 02:15:38.763148: val_loss -0.434
2025-11-23 02:15:38.763255: Pseudo dice [np.float32(0.8927), np.float32(0.7735), np.float32(0.342)]
2025-11-23 02:15:38.763356: Epoch time: 65.19 s
2025-11-23 02:15:39.965097: 
2025-11-23 02:15:39.965291: Epoch 147
2025-11-23 02:15:39.965455: Current learning rate: 0.00867
2025-11-23 02:16:51.577618: train_loss -0.4546
2025-11-23 02:16:51.577863: val_loss -0.4457
2025-11-23 02:16:51.577965: Pseudo dice [np.float32(0.8972), np.float32(0.7591), np.float32(0.0662)]
2025-11-23 02:16:51.578139: Epoch time: 71.61 s
2025-11-23 02:16:52.818051: 
2025-11-23 02:16:52.818208: Epoch 148
2025-11-23 02:16:52.818316: Current learning rate: 0.00866
2025-11-23 02:17:59.996822: train_loss -0.4427
2025-11-23 02:17:59.997016: val_loss -0.4401
2025-11-23 02:17:59.997184: Pseudo dice [np.float32(0.8971), np.float32(0.7542), np.float32(0.2361)]
2025-11-23 02:17:59.997295: Epoch time: 67.18 s
2025-11-23 02:18:01.186979: 
2025-11-23 02:18:01.187167: Epoch 149
2025-11-23 02:18:01.187280: Current learning rate: 0.00865
2025-11-23 02:19:07.279695: train_loss -0.4597
2025-11-23 02:19:07.280041: val_loss -0.4473
2025-11-23 02:19:07.280152: Pseudo dice [np.float32(0.8954), np.float32(0.7506), np.float32(0.4147)]
2025-11-23 02:19:07.280254: Epoch time: 66.09 s
2025-11-23 02:19:08.889276: 
2025-11-23 02:19:08.889553: Epoch 150
2025-11-23 02:19:08.889722: Current learning rate: 0.00864
2025-11-23 02:20:15.532375: train_loss -0.4576
2025-11-23 02:20:15.532634: val_loss -0.4453
2025-11-23 02:20:15.532738: Pseudo dice [np.float32(0.8946), np.float32(0.7574), np.float32(0.0507)]
2025-11-23 02:20:15.534951: Epoch time: 66.64 s
2025-11-23 02:20:17.162711: 
2025-11-23 02:20:17.162887: Epoch 151
2025-11-23 02:20:17.163003: Current learning rate: 0.00863
2025-11-23 02:21:25.462787: train_loss -0.4768
2025-11-23 02:21:25.463141: val_loss -0.4813
2025-11-23 02:21:25.463247: Pseudo dice [np.float32(0.8899), np.float32(0.7467), np.float32(0.085)]
2025-11-23 02:21:25.463347: Epoch time: 68.3 s
2025-11-23 02:21:26.602145: 
2025-11-23 02:21:26.602407: Epoch 152
2025-11-23 02:21:26.602588: Current learning rate: 0.00862
2025-11-23 02:22:32.356472: train_loss -0.5008
2025-11-23 02:22:32.356722: val_loss -0.4763
2025-11-23 02:22:32.356825: Pseudo dice [np.float32(0.8919), np.float32(0.731), np.float32(0.0)]
2025-11-23 02:22:32.357010: Epoch time: 65.76 s
2025-11-23 02:22:33.512936: 
2025-11-23 02:22:33.513188: Epoch 153
2025-11-23 02:22:33.513313: Current learning rate: 0.00861
2025-11-23 02:23:43.486867: train_loss -0.5076
2025-11-23 02:23:43.487128: val_loss -0.4874
2025-11-23 02:23:43.487234: Pseudo dice [np.float32(0.8984), np.float32(0.7464), np.float32(0.1892)]
2025-11-23 02:23:43.487331: Epoch time: 69.97 s
2025-11-23 02:23:44.869339: 
2025-11-23 02:23:44.869513: Epoch 154
2025-11-23 02:23:44.869620: Current learning rate: 0.0086
2025-11-23 02:24:55.125151: train_loss -0.5272
2025-11-23 02:24:55.125489: val_loss -0.5253
2025-11-23 02:24:55.125621: Pseudo dice [np.float32(0.8911), np.float32(0.7659), np.float32(0.1125)]
2025-11-23 02:24:55.125832: Epoch time: 70.26 s
2025-11-23 02:24:56.369160: 
2025-11-23 02:24:56.369344: Epoch 155
2025-11-23 02:24:56.369459: Current learning rate: 0.00859
2025-11-23 02:26:06.115742: train_loss -0.521
2025-11-23 02:26:06.116016: val_loss -0.5045
2025-11-23 02:26:06.116125: Pseudo dice [np.float32(0.8885), np.float32(0.7431), np.float32(0.3488)]
2025-11-23 02:26:06.116228: Epoch time: 69.75 s
2025-11-23 02:26:07.659084: 
2025-11-23 02:26:07.659267: Epoch 156
2025-11-23 02:26:07.659400: Current learning rate: 0.00858
2025-11-23 02:27:13.262650: train_loss -0.52
2025-11-23 02:27:13.262895: val_loss -0.5163
2025-11-23 02:27:13.263007: Pseudo dice [np.float32(0.8871), np.float32(0.7516), np.float32(0.138)]
2025-11-23 02:27:13.263162: Epoch time: 65.6 s
2025-11-23 02:27:14.487591: 
2025-11-23 02:27:14.487771: Epoch 157
2025-11-23 02:27:14.487881: Current learning rate: 0.00858
2025-11-23 02:28:22.289835: train_loss -0.536
2025-11-23 02:28:22.290094: val_loss -0.5059
2025-11-23 02:28:22.290198: Pseudo dice [np.float32(0.9121), np.float32(0.7501), np.float32(0.2314)]
2025-11-23 02:28:22.290300: Epoch time: 67.8 s
2025-11-23 02:28:23.588456: 
2025-11-23 02:28:23.588685: Epoch 158
2025-11-23 02:28:23.588796: Current learning rate: 0.00857
2025-11-23 02:29:32.291374: train_loss -0.5211
2025-11-23 02:29:32.291618: val_loss -0.4801
2025-11-23 02:29:32.291721: Pseudo dice [np.float32(0.8779), np.float32(0.7423), np.float32(0.0265)]
2025-11-23 02:29:32.291824: Epoch time: 68.7 s
2025-11-23 02:29:33.685502: 
2025-11-23 02:29:33.685757: Epoch 159
2025-11-23 02:29:33.685872: Current learning rate: 0.00856
2025-11-23 02:30:37.091560: train_loss -0.5334
2025-11-23 02:30:37.091808: val_loss -0.518
2025-11-23 02:30:37.091912: Pseudo dice [np.float32(0.8927), np.float32(0.7666), np.float32(0.3868)]
2025-11-23 02:30:37.092020: Epoch time: 63.41 s
2025-11-23 02:30:38.703293: 
2025-11-23 02:30:38.703478: Epoch 160
2025-11-23 02:30:38.703592: Current learning rate: 0.00855
2025-11-23 02:31:46.188314: train_loss -0.5205
2025-11-23 02:31:46.188577: val_loss -0.4997
2025-11-23 02:31:46.188681: Pseudo dice [np.float32(0.8996), np.float32(0.7547), np.float32(0.2187)]
2025-11-23 02:31:46.188787: Epoch time: 67.49 s
2025-11-23 02:31:47.310491: 
2025-11-23 02:31:47.310715: Epoch 161
2025-11-23 02:31:47.310860: Current learning rate: 0.00854
2025-11-23 02:32:52.085524: train_loss -0.5221
2025-11-23 02:32:52.085860: val_loss -0.5091
2025-11-23 02:32:52.085967: Pseudo dice [np.float32(0.8796), np.float32(0.7559), np.float32(0.4241)]
2025-11-23 02:32:52.086080: Epoch time: 64.78 s
2025-11-23 02:32:53.311951: 
2025-11-23 02:32:53.312240: Epoch 162
2025-11-23 02:32:53.312359: Current learning rate: 0.00853
2025-11-23 02:34:02.647877: train_loss -0.5259
2025-11-23 02:34:02.648129: val_loss -0.5147
2025-11-23 02:34:02.648231: Pseudo dice [np.float32(0.9014), np.float32(0.7523), np.float32(0.2348)]
2025-11-23 02:34:02.648332: Epoch time: 69.34 s
2025-11-23 02:34:04.228340: 
2025-11-23 02:34:04.228542: Epoch 163
2025-11-23 02:34:04.228658: Current learning rate: 0.00852
2025-11-23 02:35:08.229436: train_loss -0.524
2025-11-23 02:35:08.229693: val_loss -0.5333
2025-11-23 02:35:08.229799: Pseudo dice [np.float32(0.8955), np.float32(0.7637), np.float32(0.281)]
2025-11-23 02:35:08.229899: Epoch time: 64.0 s
2025-11-23 02:35:09.560156: 
2025-11-23 02:35:09.560343: Epoch 164
2025-11-23 02:35:09.560453: Current learning rate: 0.00851
2025-11-23 02:36:16.908182: train_loss -0.5235
2025-11-23 02:36:16.908930: val_loss -0.5055
2025-11-23 02:36:16.909062: Pseudo dice [np.float32(0.8999), np.float32(0.7542), np.float32(0.1288)]
2025-11-23 02:36:16.909167: Epoch time: 67.35 s
2025-11-23 02:36:18.069695: 
2025-11-23 02:36:18.069975: Epoch 165
2025-11-23 02:36:18.070091: Current learning rate: 0.0085
2025-11-23 02:37:23.772558: train_loss -0.518
2025-11-23 02:37:23.772788: val_loss -0.5163
2025-11-23 02:37:23.772894: Pseudo dice [np.float32(0.8798), np.float32(0.7515), np.float32(0.4834)]
2025-11-23 02:37:23.776258: Epoch time: 65.7 s
2025-11-23 02:37:25.652860: 
2025-11-23 02:37:25.653050: Epoch 166
2025-11-23 02:37:25.653164: Current learning rate: 0.00849
2025-11-23 02:38:30.970310: train_loss -0.5051
2025-11-23 02:38:30.971490: val_loss -0.4888
2025-11-23 02:38:30.971616: Pseudo dice [np.float32(0.8877), np.float32(0.7506), np.float32(0.3224)]
2025-11-23 02:38:30.971720: Epoch time: 65.32 s
2025-11-23 02:38:32.187935: 
2025-11-23 02:38:32.188118: Epoch 167
2025-11-23 02:38:32.188229: Current learning rate: 0.00848
2025-11-23 02:39:38.472069: train_loss -0.5263
2025-11-23 02:39:38.472381: val_loss -0.5287
2025-11-23 02:39:38.472487: Pseudo dice [np.float32(0.9037), np.float32(0.7595), np.float32(0.3328)]
2025-11-23 02:39:38.472588: Epoch time: 66.29 s
2025-11-23 02:39:39.614991: 
2025-11-23 02:39:39.615211: Epoch 168
2025-11-23 02:39:39.615378: Current learning rate: 0.00847
2025-11-23 02:40:49.547753: train_loss -0.5199
2025-11-23 02:40:49.548086: val_loss -0.486
2025-11-23 02:40:49.548194: Pseudo dice [np.float32(0.8903), np.float32(0.7623), np.float32(0.0993)]
2025-11-23 02:40:49.548293: Epoch time: 69.93 s
2025-11-23 02:40:51.085817: 
2025-11-23 02:40:51.086014: Epoch 169
2025-11-23 02:40:51.086189: Current learning rate: 0.00847
2025-11-23 02:42:00.165987: train_loss -0.5198
2025-11-23 02:42:00.166263: val_loss -0.4933
2025-11-23 02:42:00.166368: Pseudo dice [np.float32(0.8919), np.float32(0.7456), np.float32(0.0)]
2025-11-23 02:42:00.166470: Epoch time: 69.08 s
2025-11-23 02:42:02.452158: 
2025-11-23 02:42:02.452412: Epoch 170
2025-11-23 02:42:02.452530: Current learning rate: 0.00846
2025-11-23 02:43:08.620154: train_loss -0.5379
2025-11-23 02:43:08.620404: val_loss -0.5151
2025-11-23 02:43:08.620510: Pseudo dice [np.float32(0.8944), np.float32(0.7682), np.float32(0.4295)]
2025-11-23 02:43:08.620611: Epoch time: 66.17 s
2025-11-23 02:43:09.762469: 
2025-11-23 02:43:09.762616: Epoch 171
2025-11-23 02:43:09.762705: Current learning rate: 0.00845
2025-11-23 02:44:17.626983: train_loss -0.5308
2025-11-23 02:44:17.632430: val_loss -0.5042
2025-11-23 02:44:17.632602: Pseudo dice [np.float32(0.9041), np.float32(0.77), np.float32(0.4485)]
2025-11-23 02:44:17.632708: Epoch time: 67.87 s
2025-11-23 02:44:17.632791: Yayy! New best EMA pseudo Dice: 0.6367999911308289
2025-11-23 02:44:19.111040: 
2025-11-23 02:44:19.111309: Epoch 172
2025-11-23 02:44:19.111425: Current learning rate: 0.00844
2025-11-23 02:45:28.435510: train_loss -0.5321
2025-11-23 02:45:28.435721: val_loss -0.52
2025-11-23 02:45:28.435821: Pseudo dice [np.float32(0.8907), np.float32(0.7744), np.float32(0.4467)]
2025-11-23 02:45:28.435920: Epoch time: 69.33 s
2025-11-23 02:45:28.436005: Yayy! New best EMA pseudo Dice: 0.6434999704360962
2025-11-23 02:45:30.732009: 
2025-11-23 02:45:30.732249: Epoch 173
2025-11-23 02:45:30.732366: Current learning rate: 0.00843
2025-11-23 02:46:36.022356: train_loss -0.5216
2025-11-23 02:46:36.022610: val_loss -0.5068
2025-11-23 02:46:36.022715: Pseudo dice [np.float32(0.8939), np.float32(0.7699), np.float32(0.1047)]
2025-11-23 02:46:36.022815: Epoch time: 65.29 s
2025-11-23 02:46:37.300593: 
2025-11-23 02:46:37.300756: Epoch 174
2025-11-23 02:46:37.300865: Current learning rate: 0.00842
2025-11-23 02:47:42.972457: train_loss -0.5279
2025-11-23 02:47:42.972723: val_loss -0.5241
2025-11-23 02:47:42.972829: Pseudo dice [np.float32(0.8995), np.float32(0.7693), np.float32(0.3194)]
2025-11-23 02:47:42.973023: Epoch time: 65.67 s
2025-11-23 02:47:44.785807: 
2025-11-23 02:47:44.786005: Epoch 175
2025-11-23 02:47:44.786121: Current learning rate: 0.00841
2025-11-23 02:48:51.237844: train_loss -0.5336
2025-11-23 02:48:51.238060: val_loss -0.4917
2025-11-23 02:48:51.240256: Pseudo dice [np.float32(0.896), np.float32(0.7589), np.float32(0.2438)]
2025-11-23 02:48:51.240469: Epoch time: 66.45 s
2025-11-23 02:48:52.952782: 
2025-11-23 02:48:52.953059: Epoch 176
2025-11-23 02:48:52.953190: Current learning rate: 0.0084
2025-11-23 02:50:00.268373: train_loss -0.5391
2025-11-23 02:50:00.268684: val_loss -0.5147
2025-11-23 02:50:00.268781: Pseudo dice [np.float32(0.8957), np.float32(0.7584), np.float32(0.2222)]
2025-11-23 02:50:00.268872: Epoch time: 67.32 s
2025-11-23 02:50:01.466057: 
2025-11-23 02:50:01.466246: Epoch 177
2025-11-23 02:50:01.466358: Current learning rate: 0.00839
2025-11-23 02:51:08.266144: train_loss -0.5283
2025-11-23 02:51:08.266396: val_loss -0.5116
2025-11-23 02:51:08.266585: Pseudo dice [np.float32(0.9012), np.float32(0.7644), np.float32(0.0)]
2025-11-23 02:51:08.266692: Epoch time: 66.8 s
2025-11-23 02:51:09.414163: 
2025-11-23 02:51:09.414342: Epoch 178
2025-11-23 02:51:09.414516: Current learning rate: 0.00838
2025-11-23 02:52:13.925005: train_loss -0.5364
2025-11-23 02:52:13.925328: val_loss -0.5122
2025-11-23 02:52:13.925443: Pseudo dice [np.float32(0.8907), np.float32(0.7538), np.float32(0.2906)]
2025-11-23 02:52:13.925549: Epoch time: 64.51 s
2025-11-23 02:52:15.475804: 
2025-11-23 02:52:15.476052: Epoch 179
2025-11-23 02:52:15.476167: Current learning rate: 0.00837
2025-11-23 02:53:25.069158: train_loss -0.5235
2025-11-23 02:53:25.069384: val_loss -0.505
2025-11-23 02:53:25.069485: Pseudo dice [np.float32(0.8779), np.float32(0.7571), np.float32(0.0187)]
2025-11-23 02:53:25.069587: Epoch time: 69.59 s
2025-11-23 02:53:26.284961: 
2025-11-23 02:53:26.285143: Epoch 180
2025-11-23 02:53:26.285256: Current learning rate: 0.00836
2025-11-23 02:54:30.392241: train_loss -0.5268
2025-11-23 02:54:30.392546: val_loss -0.4866
2025-11-23 02:54:30.392652: Pseudo dice [np.float32(0.885), np.float32(0.7686), np.float32(0.0)]
2025-11-23 02:54:30.392754: Epoch time: 64.11 s
2025-11-23 02:54:31.569084: 
2025-11-23 02:54:31.569348: Epoch 181
2025-11-23 02:54:31.569466: Current learning rate: 0.00836
2025-11-23 02:55:36.339604: train_loss -0.5164
2025-11-23 02:55:36.339850: val_loss -0.5246
2025-11-23 02:55:36.339955: Pseudo dice [np.float32(0.8873), np.float32(0.7586), np.float32(0.2974)]
2025-11-23 02:55:36.340063: Epoch time: 64.77 s
2025-11-23 02:55:37.539771: 
2025-11-23 02:55:37.539955: Epoch 182
2025-11-23 02:55:37.540094: Current learning rate: 0.00835
2025-11-23 02:56:44.427669: train_loss -0.5232
2025-11-23 02:56:44.427923: val_loss -0.4899
2025-11-23 02:56:44.428037: Pseudo dice [np.float32(0.8787), np.float32(0.768), np.float32(0.0898)]
2025-11-23 02:56:44.428143: Epoch time: 66.89 s
2025-11-23 02:56:46.428680: 
2025-11-23 02:56:46.428868: Epoch 183
2025-11-23 02:56:46.428985: Current learning rate: 0.00834
2025-11-23 02:57:55.954699: train_loss -0.5156
2025-11-23 02:57:55.954988: val_loss -0.5063
2025-11-23 02:57:55.955094: Pseudo dice [np.float32(0.8876), np.float32(0.7494), np.float32(0.3844)]
2025-11-23 02:57:55.955194: Epoch time: 69.53 s
2025-11-23 02:57:57.122228: 
2025-11-23 02:57:57.122397: Epoch 184
2025-11-23 02:57:57.122502: Current learning rate: 0.00833
2025-11-23 02:59:02.560416: train_loss -0.5085
2025-11-23 02:59:02.560754: val_loss -0.5148
2025-11-23 02:59:02.560857: Pseudo dice [np.float32(0.9014), np.float32(0.7526), np.float32(0.4478)]
2025-11-23 02:59:02.560957: Epoch time: 65.44 s
2025-11-23 02:59:04.239020: 
2025-11-23 02:59:04.239190: Epoch 185
2025-11-23 02:59:04.239352: Current learning rate: 0.00832
2025-11-23 03:00:10.639827: train_loss -0.5246
2025-11-23 03:00:10.641598: val_loss -0.5064
2025-11-23 03:00:10.641696: Pseudo dice [np.float32(0.8785), np.float32(0.7426), np.float32(0.0873)]
2025-11-23 03:00:10.641787: Epoch time: 66.4 s
2025-11-23 03:00:12.122657: 
2025-11-23 03:00:12.122910: Epoch 186
2025-11-23 03:00:12.123050: Current learning rate: 0.00831
2025-11-23 03:01:19.986185: train_loss -0.5182
2025-11-23 03:01:19.986436: val_loss -0.5085
2025-11-23 03:01:19.986544: Pseudo dice [np.float32(0.8994), np.float32(0.7662), np.float32(0.5312)]
2025-11-23 03:01:19.986644: Epoch time: 67.86 s
2025-11-23 03:01:22.258051: 
2025-11-23 03:01:22.258291: Epoch 187
2025-11-23 03:01:22.258451: Current learning rate: 0.0083
2025-11-23 03:02:30.279362: train_loss -0.5242
2025-11-23 03:02:30.279615: val_loss -0.517
2025-11-23 03:02:30.288127: Pseudo dice [np.float32(0.8937), np.float32(0.7652), np.float32(0.2444)]
2025-11-23 03:02:30.288307: Epoch time: 68.02 s
2025-11-23 03:02:31.544933: 
2025-11-23 03:02:31.545101: Epoch 188
2025-11-23 03:02:31.545214: Current learning rate: 0.00829
2025-11-23 03:03:37.156758: train_loss -0.5319
2025-11-23 03:03:37.157110: val_loss -0.4873
2025-11-23 03:03:37.157217: Pseudo dice [np.float32(0.8862), np.float32(0.7603), np.float32(0.0662)]
2025-11-23 03:03:37.157321: Epoch time: 65.61 s
2025-11-23 03:03:38.670141: 
2025-11-23 03:03:38.670341: Epoch 189
2025-11-23 03:03:38.670453: Current learning rate: 0.00828
2025-11-23 03:04:46.189381: train_loss -0.5398
2025-11-23 03:04:46.189708: val_loss -0.5178
2025-11-23 03:04:46.189816: Pseudo dice [np.float32(0.8967), np.float32(0.7641), np.float32(0.1835)]
2025-11-23 03:04:46.189920: Epoch time: 67.52 s
2025-11-23 03:04:47.457885: 
2025-11-23 03:04:47.458073: Epoch 190
2025-11-23 03:04:47.458195: Current learning rate: 0.00827
2025-11-23 03:05:55.330209: train_loss -0.5327
2025-11-23 03:05:55.334938: val_loss -0.4683
2025-11-23 03:05:55.335131: Pseudo dice [np.float32(0.9037), np.float32(0.7256), np.float32(0.0241)]
2025-11-23 03:05:55.335236: Epoch time: 67.87 s
2025-11-23 03:05:56.686452: 
2025-11-23 03:05:56.686735: Epoch 191
2025-11-23 03:05:56.686855: Current learning rate: 0.00826
2025-11-23 03:07:01.286638: train_loss -0.5307
2025-11-23 03:07:01.286910: val_loss -0.5048
2025-11-23 03:07:01.287023: Pseudo dice [np.float32(0.8912), np.float32(0.7589), np.float32(0.3608)]
2025-11-23 03:07:01.287124: Epoch time: 64.6 s
2025-11-23 03:07:02.434780: 
2025-11-23 03:07:02.435050: Epoch 192
2025-11-23 03:07:02.435326: Current learning rate: 0.00825
2025-11-23 03:08:12.210837: train_loss -0.5213
2025-11-23 03:08:12.211095: val_loss -0.513
2025-11-23 03:08:12.211196: Pseudo dice [np.float32(0.8969), np.float32(0.7594), np.float32(0.2896)]
2025-11-23 03:08:12.211295: Epoch time: 69.78 s
2025-11-23 03:08:13.674711: 
2025-11-23 03:08:13.674976: Epoch 193
2025-11-23 03:08:13.675175: Current learning rate: 0.00824
2025-11-23 03:09:20.350136: train_loss -0.52
2025-11-23 03:09:20.352290: val_loss -0.5207
2025-11-23 03:09:20.354293: Pseudo dice [np.float32(0.8758), np.float32(0.7593), np.float32(0.3939)]
2025-11-23 03:09:20.354413: Epoch time: 66.68 s
2025-11-23 03:09:21.786715: 
2025-11-23 03:09:21.786897: Epoch 194
2025-11-23 03:09:21.787018: Current learning rate: 0.00824
2025-11-23 03:10:30.362158: train_loss -0.5188
2025-11-23 03:10:30.362440: val_loss -0.4945
2025-11-23 03:10:30.362550: Pseudo dice [np.float32(0.891), np.float32(0.771), np.float32(0.1949)]
2025-11-23 03:10:30.362649: Epoch time: 68.58 s
2025-11-23 03:10:31.507013: 
2025-11-23 03:10:31.507256: Epoch 195
2025-11-23 03:10:31.507391: Current learning rate: 0.00823
2025-11-23 03:11:40.016703: train_loss -0.5237
2025-11-23 03:11:40.017013: val_loss -0.5006
2025-11-23 03:11:40.017120: Pseudo dice [np.float32(0.8941), np.float32(0.7697), np.float32(0.1138)]
2025-11-23 03:11:40.017223: Epoch time: 68.51 s
2025-11-23 03:11:41.266957: 
2025-11-23 03:11:41.267142: Epoch 196
2025-11-23 03:11:41.267256: Current learning rate: 0.00822
2025-11-23 03:12:44.970036: train_loss -0.5114
2025-11-23 03:12:44.970344: val_loss -0.4999
2025-11-23 03:12:44.970459: Pseudo dice [np.float32(0.8811), np.float32(0.7404), np.float32(0.1343)]
2025-11-23 03:12:44.970562: Epoch time: 63.7 s
2025-11-23 03:12:46.137891: 
2025-11-23 03:12:46.138068: Epoch 197
2025-11-23 03:12:46.138180: Current learning rate: 0.00821
2025-11-23 03:13:52.409615: train_loss -0.5231
2025-11-23 03:13:52.410267: val_loss -0.5217
2025-11-23 03:13:52.410406: Pseudo dice [np.float32(0.8972), np.float32(0.7616), np.float32(0.3384)]
2025-11-23 03:13:52.410530: Epoch time: 66.27 s
2025-11-23 03:13:54.249230: 
2025-11-23 03:13:54.249423: Epoch 198
2025-11-23 03:13:54.249541: Current learning rate: 0.0082
2025-11-23 03:14:59.335663: train_loss -0.5248
2025-11-23 03:14:59.335912: val_loss -0.5054
2025-11-23 03:14:59.336026: Pseudo dice [np.float32(0.9011), np.float32(0.7725), np.float32(0.1214)]
2025-11-23 03:14:59.336130: Epoch time: 65.09 s
2025-11-23 03:15:00.531090: 
2025-11-23 03:15:00.531302: Epoch 199
2025-11-23 03:15:00.531425: Current learning rate: 0.00819
2025-11-23 03:16:08.421650: train_loss -0.5275
2025-11-23 03:16:08.421873: val_loss -0.4993
2025-11-23 03:16:08.421986: Pseudo dice [np.float32(0.9085), np.float32(0.7645), np.float32(0.1404)]
2025-11-23 03:16:08.422090: Epoch time: 67.89 s
2025-11-23 03:16:10.763742: 
2025-11-23 03:16:10.763907: Epoch 200
2025-11-23 03:16:10.764037: Current learning rate: 0.00818
2025-11-23 03:17:19.938638: train_loss -0.5293
2025-11-23 03:17:19.938979: val_loss -0.5074
2025-11-23 03:17:19.939090: Pseudo dice [np.float32(0.8917), np.float32(0.7548), np.float32(0.2075)]
2025-11-23 03:17:19.939193: Epoch time: 69.18 s
2025-11-23 03:17:21.134939: 
2025-11-23 03:17:21.135113: Epoch 201
2025-11-23 03:17:21.135217: Current learning rate: 0.00817
2025-11-23 03:18:27.204169: train_loss -0.5242
2025-11-23 03:18:27.204392: val_loss -0.515
2025-11-23 03:18:27.204494: Pseudo dice [np.float32(0.9039), np.float32(0.7626), np.float32(0.332)]
2025-11-23 03:18:27.206756: Epoch time: 66.07 s
2025-11-23 03:18:28.757257: 
2025-11-23 03:18:28.757516: Epoch 202
2025-11-23 03:18:28.757635: Current learning rate: 0.00816
2025-11-23 03:19:36.524305: train_loss -0.5274
2025-11-23 03:19:36.525994: val_loss -0.5245
2025-11-23 03:19:36.526100: Pseudo dice [np.float32(0.9054), np.float32(0.7597), np.float32(0.2153)]
2025-11-23 03:19:36.526195: Epoch time: 67.77 s
2025-11-23 03:19:38.440036: 
2025-11-23 03:19:38.440200: Epoch 203
2025-11-23 03:19:38.440309: Current learning rate: 0.00815
2025-11-23 03:20:44.316597: train_loss -0.5228
2025-11-23 03:20:44.316854: val_loss -0.5311
2025-11-23 03:20:44.316961: Pseudo dice [np.float32(0.9047), np.float32(0.7707), np.float32(0.0461)]
2025-11-23 03:20:44.317071: Epoch time: 65.88 s
2025-11-23 03:20:45.930655: 
2025-11-23 03:20:45.930847: Epoch 204
2025-11-23 03:20:45.930957: Current learning rate: 0.00814
2025-11-23 03:21:51.655120: train_loss -0.5322
2025-11-23 03:21:51.658817: val_loss -0.4904
2025-11-23 03:21:51.658933: Pseudo dice [np.float32(0.8981), np.float32(0.774), np.float32(0.1193)]
2025-11-23 03:21:51.659037: Epoch time: 65.73 s
2025-11-23 03:21:52.994059: 
2025-11-23 03:21:52.994244: Epoch 205
2025-11-23 03:21:52.994359: Current learning rate: 0.00813
2025-11-23 03:22:58.025345: train_loss -0.536
2025-11-23 03:22:58.025690: val_loss -0.4827
2025-11-23 03:22:58.025797: Pseudo dice [np.float32(0.9007), np.float32(0.7095), np.float32(0.0019)]
2025-11-23 03:22:58.025900: Epoch time: 65.03 s
2025-11-23 03:22:59.181670: 
2025-11-23 03:22:59.181958: Epoch 206
2025-11-23 03:22:59.182081: Current learning rate: 0.00813
2025-11-23 03:24:06.266357: train_loss -0.5293
2025-11-23 03:24:06.266612: val_loss -0.4971
2025-11-23 03:24:06.270014: Pseudo dice [np.float32(0.8916), np.float32(0.7497), np.float32(0.1606)]
2025-11-23 03:24:06.270153: Epoch time: 67.09 s
2025-11-23 03:24:07.950644: 
2025-11-23 03:24:07.950830: Epoch 207
2025-11-23 03:24:07.950958: Current learning rate: 0.00812
2025-11-23 03:25:16.967306: train_loss -0.5424
2025-11-23 03:25:16.967556: val_loss -0.5505
2025-11-23 03:25:16.967663: Pseudo dice [np.float32(0.901), np.float32(0.7746), np.float32(0.4867)]
2025-11-23 03:25:16.967764: Epoch time: 69.02 s
2025-11-23 03:25:18.093341: 
2025-11-23 03:25:18.093601: Epoch 208
2025-11-23 03:25:18.093723: Current learning rate: 0.00811
2025-11-23 03:26:27.163741: train_loss -0.5262
2025-11-23 03:26:27.164038: val_loss -0.5357
2025-11-23 03:26:27.164145: Pseudo dice [np.float32(0.8852), np.float32(0.763), np.float32(0.1269)]
2025-11-23 03:26:27.164246: Epoch time: 69.07 s
2025-11-23 03:26:28.313348: 
2025-11-23 03:26:28.313552: Epoch 209
2025-11-23 03:26:28.313663: Current learning rate: 0.0081
2025-11-23 03:27:35.876463: train_loss -0.5268
2025-11-23 03:27:35.876722: val_loss -0.4552
2025-11-23 03:27:35.876837: Pseudo dice [np.float32(0.8449), np.float32(0.7627), np.float32(0.0018)]
2025-11-23 03:27:35.876976: Epoch time: 67.56 s
2025-11-23 03:27:36.998573: 
2025-11-23 03:27:36.998813: Epoch 210
2025-11-23 03:27:36.998998: Current learning rate: 0.00809
2025-11-23 03:28:44.483517: train_loss -0.5195
2025-11-23 03:28:44.483759: val_loss -0.5236
2025-11-23 03:28:44.483865: Pseudo dice [np.float32(0.8905), np.float32(0.7714), np.float32(0.2727)]
2025-11-23 03:28:44.483965: Epoch time: 67.49 s
2025-11-23 03:28:45.605882: 
2025-11-23 03:28:45.606064: Epoch 211
2025-11-23 03:28:45.606200: Current learning rate: 0.00808
2025-11-23 03:29:52.390833: train_loss -0.5174
2025-11-23 03:29:52.391114: val_loss -0.4599
2025-11-23 03:29:52.391221: Pseudo dice [np.float32(0.8725), np.float32(0.7272), np.float32(0.178)]
2025-11-23 03:29:52.391320: Epoch time: 66.79 s
2025-11-23 03:29:53.630712: 
2025-11-23 03:29:53.630895: Epoch 212
2025-11-23 03:29:53.631016: Current learning rate: 0.00807
2025-11-23 03:30:59.933193: train_loss -0.5239
2025-11-23 03:30:59.933408: val_loss -0.4943
2025-11-23 03:30:59.933513: Pseudo dice [np.float32(0.8833), np.float32(0.7381), np.float32(0.3749)]
2025-11-23 03:30:59.933644: Epoch time: 66.3 s
2025-11-23 03:31:01.062412: 
2025-11-23 03:31:01.062621: Epoch 213
2025-11-23 03:31:01.062742: Current learning rate: 0.00806
2025-11-23 03:32:08.959427: train_loss -0.5272
2025-11-23 03:32:08.959677: val_loss -0.4777
2025-11-23 03:32:08.959779: Pseudo dice [np.float32(0.8864), np.float32(0.7532), np.float32(0.4202)]
2025-11-23 03:32:08.959879: Epoch time: 67.9 s
2025-11-23 03:32:10.704633: 
2025-11-23 03:32:10.704810: Epoch 214
2025-11-23 03:32:10.704919: Current learning rate: 0.00805
2025-11-23 03:33:18.536160: train_loss -0.543
2025-11-23 03:33:18.536410: val_loss -0.5147
2025-11-23 03:33:18.536516: Pseudo dice [np.float32(0.8948), np.float32(0.7577), np.float32(0.4815)]
2025-11-23 03:33:18.536619: Epoch time: 67.83 s
2025-11-23 03:33:20.102211: 
2025-11-23 03:33:20.102460: Epoch 215
2025-11-23 03:33:20.102594: Current learning rate: 0.00804
2025-11-23 03:34:27.963490: train_loss -0.5331
2025-11-23 03:34:27.963819: val_loss -0.4833
2025-11-23 03:34:27.963928: Pseudo dice [np.float32(0.8932), np.float32(0.7294), np.float32(0.0826)]
2025-11-23 03:34:27.964038: Epoch time: 67.86 s
2025-11-23 03:34:29.460998: 
2025-11-23 03:34:29.461174: Epoch 216
2025-11-23 03:34:29.461320: Current learning rate: 0.00803
2025-11-23 03:35:36.605839: train_loss -0.5283
2025-11-23 03:35:36.606087: val_loss -0.4812
2025-11-23 03:35:36.606189: Pseudo dice [np.float32(0.8908), np.float32(0.7461), np.float32(0.1932)]
2025-11-23 03:35:36.606289: Epoch time: 67.15 s
2025-11-23 03:35:37.736132: 
2025-11-23 03:35:37.736307: Epoch 217
2025-11-23 03:35:37.736402: Current learning rate: 0.00802
2025-11-23 03:36:43.039924: train_loss -0.5278
2025-11-23 03:36:43.040258: val_loss -0.4975
2025-11-23 03:36:43.040366: Pseudo dice [np.float32(0.8837), np.float32(0.7687), np.float32(0.4783)]
2025-11-23 03:36:43.040469: Epoch time: 65.3 s
2025-11-23 03:36:44.302769: 
2025-11-23 03:36:44.302942: Epoch 218
2025-11-23 03:36:44.303062: Current learning rate: 0.00801
2025-11-23 03:37:53.787716: train_loss -0.5251
2025-11-23 03:37:53.788509: val_loss -0.5144
2025-11-23 03:37:53.788621: Pseudo dice [np.float32(0.8699), np.float32(0.7509), np.float32(0.3033)]
2025-11-23 03:37:53.788724: Epoch time: 69.49 s
2025-11-23 03:37:55.552172: 
2025-11-23 03:37:55.552336: Epoch 219
2025-11-23 03:37:55.552448: Current learning rate: 0.00801
2025-11-23 03:39:00.918440: train_loss -0.5173
2025-11-23 03:39:00.920258: val_loss -0.5126
2025-11-23 03:39:00.920376: Pseudo dice [np.float32(0.8879), np.float32(0.7694), np.float32(0.021)]
2025-11-23 03:39:00.920571: Epoch time: 65.37 s
2025-11-23 03:39:02.617869: 
2025-11-23 03:39:02.618039: Epoch 220
2025-11-23 03:39:02.618136: Current learning rate: 0.008
2025-11-23 03:40:12.370544: train_loss -0.5318
2025-11-23 03:40:12.370882: val_loss -0.4729
2025-11-23 03:40:12.370996: Pseudo dice [np.float32(0.8974), np.float32(0.7655), np.float32(0.3479)]
2025-11-23 03:40:12.371100: Epoch time: 69.75 s
2025-11-23 03:40:13.492929: 
2025-11-23 03:40:13.493146: Epoch 221
2025-11-23 03:40:13.493257: Current learning rate: 0.00799
2025-11-23 03:41:21.128552: train_loss -0.5233
2025-11-23 03:41:21.132478: val_loss -0.4832
2025-11-23 03:41:21.132591: Pseudo dice [np.float32(0.883), np.float32(0.7594), np.float32(0.1746)]
2025-11-23 03:41:21.132685: Epoch time: 67.64 s
2025-11-23 03:41:22.406557: 
2025-11-23 03:41:22.406742: Epoch 222
2025-11-23 03:41:22.406858: Current learning rate: 0.00798
2025-11-23 03:42:29.190428: train_loss -0.5253
2025-11-23 03:42:29.190745: val_loss -0.5065
2025-11-23 03:42:29.190853: Pseudo dice [np.float32(0.8998), np.float32(0.7658), np.float32(0.0646)]
2025-11-23 03:42:29.190998: Epoch time: 66.78 s
2025-11-23 03:42:30.326953: 
2025-11-23 03:42:30.327140: Epoch 223
2025-11-23 03:42:30.327249: Current learning rate: 0.00797
2025-11-23 03:43:39.536727: train_loss -0.5314
2025-11-23 03:43:39.537070: val_loss -0.4875
2025-11-23 03:43:39.537183: Pseudo dice [np.float32(0.8842), np.float32(0.7666), np.float32(0.1605)]
2025-11-23 03:43:39.537287: Epoch time: 69.21 s
2025-11-23 03:43:40.968640: 
2025-11-23 03:43:40.971476: Epoch 224
2025-11-23 03:43:40.971607: Current learning rate: 0.00796
2025-11-23 03:44:47.968607: train_loss -0.5431
2025-11-23 03:44:47.970731: val_loss -0.5377
2025-11-23 03:44:47.970844: Pseudo dice [np.float32(0.8906), np.float32(0.7626), np.float32(0.4236)]
2025-11-23 03:44:47.970941: Epoch time: 67.0 s
2025-11-23 03:44:49.287451: 
2025-11-23 03:44:49.287715: Epoch 225
2025-11-23 03:44:49.287893: Current learning rate: 0.00795
2025-11-23 03:45:58.220041: train_loss -0.5271
2025-11-23 03:45:58.220299: val_loss -0.5001
2025-11-23 03:45:58.220403: Pseudo dice [np.float32(0.8933), np.float32(0.7645), np.float32(0.0713)]
2025-11-23 03:45:58.220506: Epoch time: 68.93 s
2025-11-23 03:45:59.921470: 
2025-11-23 03:45:59.921648: Epoch 226
2025-11-23 03:45:59.921757: Current learning rate: 0.00794
2025-11-23 03:47:07.939839: train_loss -0.5478
2025-11-23 03:47:07.940059: val_loss -0.5161
2025-11-23 03:47:07.940165: Pseudo dice [np.float32(0.8978), np.float32(0.7633), np.float32(0.3193)]
2025-11-23 03:47:07.940266: Epoch time: 68.02 s
2025-11-23 03:47:09.762652: 
2025-11-23 03:47:09.762865: Epoch 227
2025-11-23 03:47:09.762986: Current learning rate: 0.00793
2025-11-23 03:48:18.777588: train_loss -0.5523
2025-11-23 03:48:18.778961: val_loss -0.5199
2025-11-23 03:48:18.779087: Pseudo dice [np.float32(0.8939), np.float32(0.7606), np.float32(0.0012)]
2025-11-23 03:48:18.779193: Epoch time: 69.02 s
2025-11-23 03:48:20.318434: 
2025-11-23 03:48:20.318617: Epoch 228
2025-11-23 03:48:20.318731: Current learning rate: 0.00792
2025-11-23 03:49:29.781940: train_loss -0.537
2025-11-23 03:49:29.782814: val_loss -0.5239
2025-11-23 03:49:29.782926: Pseudo dice [np.float32(0.8819), np.float32(0.7716), np.float32(0.2932)]
2025-11-23 03:49:29.783037: Epoch time: 69.46 s
2025-11-23 03:49:30.985791: 
2025-11-23 03:49:30.986056: Epoch 229
2025-11-23 03:49:30.986177: Current learning rate: 0.00791
2025-11-23 03:50:39.016122: train_loss -0.5186
2025-11-23 03:50:39.016467: val_loss -0.5134
2025-11-23 03:50:39.016575: Pseudo dice [np.float32(0.8937), np.float32(0.7752), np.float32(0.0107)]
2025-11-23 03:50:39.016678: Epoch time: 68.03 s
2025-11-23 03:50:40.236694: 
2025-11-23 03:50:40.236865: Epoch 230
2025-11-23 03:50:40.236977: Current learning rate: 0.0079
2025-11-23 03:51:46.687708: train_loss -0.5265
2025-11-23 03:51:46.687951: val_loss -0.4832
2025-11-23 03:51:46.688063: Pseudo dice [np.float32(0.8961), np.float32(0.7537), np.float32(0.0)]
2025-11-23 03:51:46.688162: Epoch time: 66.45 s
2025-11-23 03:51:47.989048: 
2025-11-23 03:51:47.989271: Epoch 231
2025-11-23 03:51:47.989449: Current learning rate: 0.00789
2025-11-23 03:52:54.277899: train_loss -0.5272
2025-11-23 03:52:54.279679: val_loss -0.5185
2025-11-23 03:52:54.279798: Pseudo dice [np.float32(0.9), np.float32(0.7681), np.float32(0.0817)]
2025-11-23 03:52:54.279902: Epoch time: 66.29 s
2025-11-23 03:52:55.718929: 
2025-11-23 03:52:55.719105: Epoch 232
2025-11-23 03:52:55.719270: Current learning rate: 0.00789
2025-11-23 03:54:01.200234: train_loss -0.5364
2025-11-23 03:54:01.200479: val_loss -0.5289
2025-11-23 03:54:01.200580: Pseudo dice [np.float32(0.8993), np.float32(0.7653), np.float32(0.2807)]
2025-11-23 03:54:01.200682: Epoch time: 65.48 s
2025-11-23 03:54:02.730551: 
2025-11-23 03:54:02.730728: Epoch 233
2025-11-23 03:54:02.730850: Current learning rate: 0.00788
2025-11-23 03:55:08.064374: train_loss -0.5252
2025-11-23 03:55:08.065167: val_loss -0.5208
2025-11-23 03:55:08.065279: Pseudo dice [np.float32(0.9001), np.float32(0.7698), np.float32(0.1678)]
2025-11-23 03:55:08.065380: Epoch time: 65.33 s
2025-11-23 03:55:09.277628: 
2025-11-23 03:55:09.277796: Epoch 234
2025-11-23 03:55:09.277912: Current learning rate: 0.00787
2025-11-23 03:56:16.013767: train_loss -0.529
2025-11-23 03:56:16.017578: val_loss -0.5387
2025-11-23 03:56:16.017744: Pseudo dice [np.float32(0.8961), np.float32(0.7521), np.float32(0.5164)]
2025-11-23 03:56:16.017849: Epoch time: 66.74 s
2025-11-23 03:56:17.482533: 
2025-11-23 03:56:17.482695: Epoch 235
2025-11-23 03:56:17.482802: Current learning rate: 0.00786
2025-11-23 03:57:23.712810: train_loss -0.5336
2025-11-23 03:57:23.713128: val_loss -0.5321
2025-11-23 03:57:23.713234: Pseudo dice [np.float32(0.8941), np.float32(0.7694), np.float32(0.4351)]
2025-11-23 03:57:23.713335: Epoch time: 66.23 s
2025-11-23 03:57:26.106593: 
2025-11-23 03:57:26.106790: Epoch 236
2025-11-23 03:57:26.106905: Current learning rate: 0.00785
2025-11-23 03:58:33.129833: train_loss -0.5357
2025-11-23 03:58:33.130170: val_loss -0.4939
2025-11-23 03:58:33.130276: Pseudo dice [np.float32(0.8923), np.float32(0.7597), np.float32(0.3191)]
2025-11-23 03:58:33.130377: Epoch time: 67.02 s
2025-11-23 03:58:34.434196: 
2025-11-23 03:58:34.434393: Epoch 237
2025-11-23 03:58:34.434510: Current learning rate: 0.00784
2025-11-23 03:59:40.307076: train_loss -0.5267
2025-11-23 03:59:40.307418: val_loss -0.5387
2025-11-23 03:59:40.307526: Pseudo dice [np.float32(0.9072), np.float32(0.7817), np.float32(0.4229)]
2025-11-23 03:59:40.307629: Epoch time: 65.87 s
2025-11-23 03:59:41.436880: 
2025-11-23 03:59:41.437123: Epoch 238
2025-11-23 03:59:41.437262: Current learning rate: 0.00783
2025-11-23 04:00:49.818910: train_loss -0.5336
2025-11-23 04:00:49.819227: val_loss -0.5114
2025-11-23 04:00:49.819336: Pseudo dice [np.float32(0.8986), np.float32(0.7693), np.float32(0.1014)]
2025-11-23 04:00:49.819438: Epoch time: 68.38 s
2025-11-23 04:00:50.937965: 
2025-11-23 04:00:50.938223: Epoch 239
2025-11-23 04:00:50.938348: Current learning rate: 0.00782
2025-11-23 04:01:58.844291: train_loss -0.5456
2025-11-23 04:01:58.844547: val_loss -0.4941
2025-11-23 04:01:58.844653: Pseudo dice [np.float32(0.8785), np.float32(0.767), np.float32(0.2331)]
2025-11-23 04:01:58.844755: Epoch time: 67.91 s
2025-11-23 04:02:00.826877: 
2025-11-23 04:02:00.827069: Epoch 240
2025-11-23 04:02:00.827183: Current learning rate: 0.00781
2025-11-23 04:03:13.025051: train_loss -0.5204
2025-11-23 04:03:13.025748: val_loss -0.5146
2025-11-23 04:03:13.025857: Pseudo dice [np.float32(0.8918), np.float32(0.7601), np.float32(0.1404)]
2025-11-23 04:03:13.025959: Epoch time: 72.2 s
2025-11-23 04:03:14.331924: 
2025-11-23 04:03:14.332110: Epoch 241
2025-11-23 04:03:14.332222: Current learning rate: 0.0078
2025-11-23 04:04:21.230378: train_loss -0.5235
2025-11-23 04:04:21.230979: val_loss -0.5218
2025-11-23 04:04:21.231090: Pseudo dice [np.float32(0.8953), np.float32(0.7532), np.float32(0.2165)]
2025-11-23 04:04:21.231194: Epoch time: 66.9 s
2025-11-23 04:04:22.848535: 
2025-11-23 04:04:22.848797: Epoch 242
2025-11-23 04:04:22.848923: Current learning rate: 0.00779
2025-11-23 04:05:28.233155: train_loss -0.5252
2025-11-23 04:05:28.234299: val_loss -0.5149
2025-11-23 04:05:28.234400: Pseudo dice [np.float32(0.8986), np.float32(0.7605), np.float32(0.1592)]
2025-11-23 04:05:28.234495: Epoch time: 65.39 s
2025-11-23 04:05:29.619705: 
2025-11-23 04:05:29.619956: Epoch 243
2025-11-23 04:05:29.620098: Current learning rate: 0.00778
2025-11-23 04:06:37.536325: train_loss -0.5289
2025-11-23 04:06:37.536631: val_loss -0.4936
2025-11-23 04:06:37.536739: Pseudo dice [np.float32(0.8987), np.float32(0.7569), np.float32(0.0828)]
2025-11-23 04:06:37.536842: Epoch time: 67.92 s
2025-11-23 04:06:38.702128: 
2025-11-23 04:06:38.702307: Epoch 244
2025-11-23 04:06:38.702420: Current learning rate: 0.00777
2025-11-23 04:07:46.295574: train_loss -0.533
2025-11-23 04:07:46.295785: val_loss -0.4889
2025-11-23 04:07:46.295887: Pseudo dice [np.float32(0.894), np.float32(0.7484), np.float32(0.0029)]
2025-11-23 04:07:46.295995: Epoch time: 67.59 s
2025-11-23 04:07:47.708794: 
2025-11-23 04:07:47.708981: Epoch 245
2025-11-23 04:07:47.709095: Current learning rate: 0.00777
2025-11-23 04:08:55.641031: train_loss -0.5363
2025-11-23 04:08:55.641281: val_loss -0.5279
2025-11-23 04:08:55.641381: Pseudo dice [np.float32(0.8911), np.float32(0.7748), np.float32(0.2159)]
2025-11-23 04:08:55.641484: Epoch time: 67.93 s
2025-11-23 04:08:57.231477: 
2025-11-23 04:08:57.231650: Epoch 246
2025-11-23 04:08:57.231768: Current learning rate: 0.00776
2025-11-23 04:10:06.239980: train_loss -0.5176
2025-11-23 04:10:06.240261: val_loss -0.4975
2025-11-23 04:10:06.240369: Pseudo dice [np.float32(0.8853), np.float32(0.7462), np.float32(0.0733)]
2025-11-23 04:10:06.240470: Epoch time: 69.01 s
2025-11-23 04:10:07.425933: 
2025-11-23 04:10:07.426126: Epoch 247
2025-11-23 04:10:07.426247: Current learning rate: 0.00775
2025-11-23 04:11:14.243758: train_loss -0.5166
2025-11-23 04:11:14.244020: val_loss -0.4848
2025-11-23 04:11:14.244125: Pseudo dice [np.float32(0.897), np.float32(0.7644), np.float32(0.088)]
2025-11-23 04:11:14.244227: Epoch time: 66.82 s
2025-11-23 04:11:15.629736: 
2025-11-23 04:11:15.629910: Epoch 248
2025-11-23 04:11:15.630085: Current learning rate: 0.00774
2025-11-23 04:12:25.582646: train_loss -0.5308
2025-11-23 04:12:25.582860: val_loss -0.4869
2025-11-23 04:12:25.582963: Pseudo dice [np.float32(0.8821), np.float32(0.7449), np.float32(0.2183)]
2025-11-23 04:12:25.583072: Epoch time: 69.95 s
2025-11-23 04:12:26.717103: 
2025-11-23 04:12:26.717343: Epoch 249
2025-11-23 04:12:26.717465: Current learning rate: 0.00773
2025-11-23 04:13:36.246273: train_loss -0.5259
2025-11-23 04:13:36.246495: val_loss -0.5075
2025-11-23 04:13:36.248626: Pseudo dice [np.float32(0.8917), np.float32(0.7628), np.float32(0.1677)]
2025-11-23 04:13:36.248796: Epoch time: 69.53 s
2025-11-23 04:13:38.237839: 
2025-11-23 04:13:38.238082: Epoch 250
2025-11-23 04:13:38.238226: Current learning rate: 0.00772
2025-11-23 04:14:41.544086: train_loss -0.538
2025-11-23 04:14:41.544340: val_loss -0.5315
2025-11-23 04:14:41.544442: Pseudo dice [np.float32(0.901), np.float32(0.7754), np.float32(0.17)]
2025-11-23 04:14:41.544541: Epoch time: 63.31 s
2025-11-23 04:14:42.657707: 
2025-11-23 04:14:42.657861: Epoch 251
2025-11-23 04:14:42.657951: Current learning rate: 0.00771
2025-11-23 04:15:52.752099: train_loss -0.5419
2025-11-23 04:15:52.752707: val_loss -0.5344
2025-11-23 04:15:52.752818: Pseudo dice [np.float32(0.9018), np.float32(0.759), np.float32(0.4278)]
2025-11-23 04:15:52.752922: Epoch time: 70.1 s
2025-11-23 04:15:54.931628: 
2025-11-23 04:15:54.931847: Epoch 252
2025-11-23 04:15:54.932008: Current learning rate: 0.0077
2025-11-23 04:17:02.514859: train_loss -0.5348
2025-11-23 04:17:02.515093: val_loss -0.4919
2025-11-23 04:17:02.515200: Pseudo dice [np.float32(0.892), np.float32(0.7171), np.float32(0.0706)]
2025-11-23 04:17:02.515301: Epoch time: 67.58 s
2025-11-23 04:17:04.067643: 
2025-11-23 04:17:04.067905: Epoch 253
2025-11-23 04:17:04.068027: Current learning rate: 0.00769
2025-11-23 04:18:09.245655: train_loss -0.5299
2025-11-23 04:18:09.245904: val_loss -0.5306
2025-11-23 04:18:09.246016: Pseudo dice [np.float32(0.9033), np.float32(0.7751), np.float32(0.0823)]
2025-11-23 04:18:09.246148: Epoch time: 65.18 s
2025-11-23 04:18:10.368575: 
2025-11-23 04:18:10.368784: Epoch 254
2025-11-23 04:18:10.368919: Current learning rate: 0.00768
2025-11-23 04:19:19.928381: train_loss -0.5345
2025-11-23 04:19:19.928609: val_loss -0.4854
2025-11-23 04:19:19.928713: Pseudo dice [np.float32(0.8926), np.float32(0.7558), np.float32(0.1237)]
2025-11-23 04:19:19.928811: Epoch time: 69.56 s
2025-11-23 04:19:21.479275: 
2025-11-23 04:19:21.479452: Epoch 255
2025-11-23 04:19:21.479558: Current learning rate: 0.00767
2025-11-23 04:20:29.781478: train_loss -0.5348
2025-11-23 04:20:29.781695: val_loss -0.5242
2025-11-23 04:20:29.781796: Pseudo dice [np.float32(0.8969), np.float32(0.7568), np.float32(0.3524)]
2025-11-23 04:20:29.781897: Epoch time: 68.3 s
2025-11-23 04:20:31.034169: 
2025-11-23 04:20:31.034349: Epoch 256
2025-11-23 04:20:31.034459: Current learning rate: 0.00766
2025-11-23 04:21:41.396473: train_loss -0.5351
2025-11-23 04:21:41.396809: val_loss -0.5051
2025-11-23 04:21:41.396916: Pseudo dice [np.float32(0.8955), np.float32(0.7522), np.float32(0.0552)]
2025-11-23 04:21:41.397023: Epoch time: 70.36 s
2025-11-23 04:21:43.246064: 
2025-11-23 04:21:43.246283: Epoch 257
2025-11-23 04:21:43.246400: Current learning rate: 0.00765
2025-11-23 04:22:49.398834: train_loss -0.5371
2025-11-23 04:22:49.399082: val_loss -0.4977
2025-11-23 04:22:49.399186: Pseudo dice [np.float32(0.8924), np.float32(0.764), np.float32(0.1305)]
2025-11-23 04:22:49.399288: Epoch time: 66.15 s
2025-11-23 04:22:50.613774: 
2025-11-23 04:22:50.613942: Epoch 258
2025-11-23 04:22:50.614058: Current learning rate: 0.00764
2025-11-23 04:23:56.898303: train_loss -0.5407
2025-11-23 04:23:56.898508: val_loss -0.4948
2025-11-23 04:23:56.898681: Pseudo dice [np.float32(0.8912), np.float32(0.7618), np.float32(0.2088)]
2025-11-23 04:23:56.898786: Epoch time: 66.29 s
2025-11-23 04:23:58.049008: 
2025-11-23 04:23:58.049232: Epoch 259
2025-11-23 04:23:58.049346: Current learning rate: 0.00764
2025-11-23 04:25:05.683452: train_loss -0.5419
2025-11-23 04:25:05.683710: val_loss -0.5154
2025-11-23 04:25:05.683813: Pseudo dice [np.float32(0.8891), np.float32(0.7485), np.float32(0.2089)]
2025-11-23 04:25:05.683912: Epoch time: 67.64 s
2025-11-23 04:25:06.894748: 
2025-11-23 04:25:06.894983: Epoch 260
2025-11-23 04:25:06.895099: Current learning rate: 0.00763
2025-11-23 04:26:16.895638: train_loss -0.5454
2025-11-23 04:26:16.895940: val_loss -0.5238
2025-11-23 04:26:16.896050: Pseudo dice [np.float32(0.8967), np.float32(0.7724), np.float32(0.2369)]
2025-11-23 04:26:16.896168: Epoch time: 70.0 s
2025-11-23 04:26:18.042435: 
2025-11-23 04:26:18.042754: Epoch 261
2025-11-23 04:26:18.042948: Current learning rate: 0.00762
2025-11-23 04:27:23.732248: train_loss -0.544
2025-11-23 04:27:23.732467: val_loss -0.5141
2025-11-23 04:27:23.732569: Pseudo dice [np.float32(0.904), np.float32(0.7644), np.float32(0.3582)]
2025-11-23 04:27:23.732670: Epoch time: 65.69 s
2025-11-23 04:27:24.921345: 
2025-11-23 04:27:24.921506: Epoch 262
2025-11-23 04:27:24.921618: Current learning rate: 0.00761
2025-11-23 04:28:30.542315: train_loss -0.547
2025-11-23 04:28:30.542599: val_loss -0.4999
2025-11-23 04:28:30.542712: Pseudo dice [np.float32(0.8955), np.float32(0.7671), np.float32(0.0705)]
2025-11-23 04:28:30.542865: Epoch time: 65.62 s
2025-11-23 04:28:31.689808: 
2025-11-23 04:28:31.689980: Epoch 263
2025-11-23 04:28:31.690094: Current learning rate: 0.0076
2025-11-23 04:29:43.276429: train_loss -0.5385
2025-11-23 04:29:43.276694: val_loss -0.528
2025-11-23 04:29:43.276798: Pseudo dice [np.float32(0.9005), np.float32(0.7646), np.float32(0.3385)]
2025-11-23 04:29:43.276899: Epoch time: 71.59 s
2025-11-23 04:29:44.409121: 
2025-11-23 04:29:44.409351: Epoch 264
2025-11-23 04:29:44.409525: Current learning rate: 0.00759
2025-11-23 04:30:53.273989: train_loss -0.5297
2025-11-23 04:30:53.278502: val_loss -0.5032
2025-11-23 04:30:53.278753: Pseudo dice [np.float32(0.8932), np.float32(0.7682), np.float32(0.1064)]
2025-11-23 04:30:53.278860: Epoch time: 68.87 s
2025-11-23 04:30:54.585144: 
2025-11-23 04:30:54.585402: Epoch 265
2025-11-23 04:30:54.585519: Current learning rate: 0.00758
2025-11-23 04:32:02.069167: train_loss -0.5474
2025-11-23 04:32:02.069410: val_loss -0.5225
2025-11-23 04:32:02.069510: Pseudo dice [np.float32(0.903), np.float32(0.7495), np.float32(0.3131)]
2025-11-23 04:32:02.069628: Epoch time: 67.48 s
2025-11-23 04:32:03.199062: 
2025-11-23 04:32:03.199293: Epoch 266
2025-11-23 04:32:03.199441: Current learning rate: 0.00757
2025-11-23 04:33:13.016148: train_loss -0.5765
2025-11-23 04:33:13.017181: val_loss -0.567
2025-11-23 04:33:13.017295: Pseudo dice [np.float32(0.8927), np.float32(0.7649), np.float32(0.1276)]
2025-11-23 04:33:13.017399: Epoch time: 69.82 s
2025-11-23 04:33:14.890960: 
2025-11-23 04:33:14.891259: Epoch 267
2025-11-23 04:33:14.891378: Current learning rate: 0.00756
2025-11-23 04:34:19.503261: train_loss -0.5786
2025-11-23 04:34:19.503500: val_loss -0.5487
2025-11-23 04:34:19.503602: Pseudo dice [np.float32(0.9023), np.float32(0.7657), np.float32(0.3022)]
2025-11-23 04:34:19.503703: Epoch time: 64.61 s
2025-11-23 04:34:20.669205: 
2025-11-23 04:34:20.669373: Epoch 268
2025-11-23 04:34:20.669483: Current learning rate: 0.00755
2025-11-23 04:35:29.819835: train_loss -0.5656
2025-11-23 04:35:29.820038: val_loss -0.5274
2025-11-23 04:35:29.820140: Pseudo dice [np.float32(0.9046), np.float32(0.762), np.float32(0.0175)]
2025-11-23 04:35:29.820241: Epoch time: 69.15 s
2025-11-23 04:35:30.986857: 
2025-11-23 04:35:30.987087: Epoch 269
2025-11-23 04:35:30.987279: Current learning rate: 0.00754
2025-11-23 04:36:36.023851: train_loss -0.5565
2025-11-23 04:36:36.024122: val_loss -0.5588
2025-11-23 04:36:36.024229: Pseudo dice [np.float32(0.8969), np.float32(0.7705), np.float32(0.1223)]
2025-11-23 04:36:36.024331: Epoch time: 65.04 s
2025-11-23 04:36:37.313388: 
2025-11-23 04:36:37.313569: Epoch 270
2025-11-23 04:36:37.313678: Current learning rate: 0.00753
2025-11-23 04:37:46.563433: train_loss -0.5624
2025-11-23 04:37:46.563763: val_loss -0.5454
2025-11-23 04:37:46.563867: Pseudo dice [np.float32(0.8959), np.float32(0.733), np.float32(0.0961)]
2025-11-23 04:37:46.563975: Epoch time: 69.25 s
2025-11-23 04:37:48.130604: 
2025-11-23 04:37:48.130868: Epoch 271
2025-11-23 04:37:48.130993: Current learning rate: 0.00752
2025-11-23 04:38:57.962536: train_loss -0.5831
2025-11-23 04:38:57.966990: val_loss -0.5205
2025-11-23 04:38:57.969157: Pseudo dice [np.float32(0.9022), np.float32(0.7734), np.float32(0.0)]
2025-11-23 04:38:57.971162: Epoch time: 69.83 s
2025-11-23 04:38:59.483778: 
2025-11-23 04:38:59.484052: Epoch 272
2025-11-23 04:38:59.484178: Current learning rate: 0.00751
2025-11-23 04:40:08.812004: train_loss -0.5865
2025-11-23 04:40:08.812249: val_loss -0.5425
2025-11-23 04:40:08.812352: Pseudo dice [np.float32(0.8987), np.float32(0.7826), np.float32(0.2386)]
2025-11-23 04:40:08.812454: Epoch time: 69.33 s
2025-11-23 04:40:09.964434: 
2025-11-23 04:40:09.964604: Epoch 273
2025-11-23 04:40:09.964713: Current learning rate: 0.00751
2025-11-23 04:41:15.834231: train_loss -0.5706
2025-11-23 04:41:15.834475: val_loss -0.5395
2025-11-23 04:41:15.834580: Pseudo dice [np.float32(0.8958), np.float32(0.7586), np.float32(0.1895)]
2025-11-23 04:41:15.834680: Epoch time: 65.87 s
2025-11-23 04:41:16.973176: 
2025-11-23 04:41:16.973352: Epoch 274
2025-11-23 04:41:16.973466: Current learning rate: 0.0075
2025-11-23 04:42:23.103250: train_loss -0.569
2025-11-23 04:42:23.103588: val_loss -0.51
2025-11-23 04:42:23.103694: Pseudo dice [np.float32(0.8906), np.float32(0.7067), np.float32(0.1636)]
2025-11-23 04:42:23.103799: Epoch time: 66.13 s
2025-11-23 04:42:24.265531: 
2025-11-23 04:42:24.265812: Epoch 275
2025-11-23 04:42:24.265982: Current learning rate: 0.00749
2025-11-23 04:43:36.012141: train_loss -0.5568
2025-11-23 04:43:36.012483: val_loss -0.5381
2025-11-23 04:43:36.012588: Pseudo dice [np.float32(0.8905), np.float32(0.7486), np.float32(0.4665)]
2025-11-23 04:43:36.012691: Epoch time: 71.75 s
2025-11-23 04:43:37.274936: 
2025-11-23 04:43:37.275161: Epoch 276
2025-11-23 04:43:37.275278: Current learning rate: 0.00748
2025-11-23 04:44:45.344961: train_loss -0.5579
2025-11-23 04:44:45.347584: val_loss -0.5236
2025-11-23 04:44:45.347726: Pseudo dice [np.float32(0.8999), np.float32(0.7665), np.float32(0.3797)]
2025-11-23 04:44:45.347849: Epoch time: 68.07 s
2025-11-23 04:44:46.591140: 
2025-11-23 04:44:46.591392: Epoch 277
2025-11-23 04:44:46.591535: Current learning rate: 0.00747
2025-11-23 04:45:55.759540: train_loss -0.5681
2025-11-23 04:45:55.759747: val_loss -0.542
2025-11-23 04:45:55.759848: Pseudo dice [np.float32(0.8953), np.float32(0.7603), np.float32(0.1224)]
2025-11-23 04:45:55.759947: Epoch time: 69.17 s
2025-11-23 04:45:56.921181: 
2025-11-23 04:45:56.921456: Epoch 278
2025-11-23 04:45:56.921571: Current learning rate: 0.00746
2025-11-23 04:47:00.742525: train_loss -0.5763
2025-11-23 04:47:00.742826: val_loss -0.572
2025-11-23 04:47:00.742927: Pseudo dice [np.float32(0.8942), np.float32(0.7828), np.float32(0.1763)]
2025-11-23 04:47:00.743035: Epoch time: 63.82 s
2025-11-23 04:47:01.876731: 
2025-11-23 04:47:01.876982: Epoch 279
2025-11-23 04:47:01.877105: Current learning rate: 0.00745
2025-11-23 04:48:06.437475: train_loss -0.5757
2025-11-23 04:48:06.437787: val_loss -0.5435
2025-11-23 04:48:06.437890: Pseudo dice [np.float32(0.8981), np.float32(0.7612), np.float32(0.2526)]
2025-11-23 04:48:06.437998: Epoch time: 64.56 s
2025-11-23 04:48:07.585638: 
2025-11-23 04:48:07.585816: Epoch 280
2025-11-23 04:48:07.586056: Current learning rate: 0.00744
2025-11-23 04:49:15.298848: train_loss -0.5682
2025-11-23 04:49:15.299103: val_loss -0.5629
2025-11-23 04:49:15.299205: Pseudo dice [np.float32(0.8987), np.float32(0.7627), np.float32(0.1228)]
2025-11-23 04:49:15.299305: Epoch time: 67.71 s
2025-11-23 04:49:16.672453: 
2025-11-23 04:49:16.672617: Epoch 281
2025-11-23 04:49:16.672728: Current learning rate: 0.00743
2025-11-23 04:50:24.931627: train_loss -0.5618
2025-11-23 04:50:24.933023: val_loss -0.5437
2025-11-23 04:50:24.933136: Pseudo dice [np.float32(0.8931), np.float32(0.7594), np.float32(0.1501)]
2025-11-23 04:50:24.933227: Epoch time: 68.26 s
2025-11-23 04:50:26.163136: 
2025-11-23 04:50:26.163316: Epoch 282
2025-11-23 04:50:26.163429: Current learning rate: 0.00742
2025-11-23 04:51:34.507161: train_loss -0.575
2025-11-23 04:51:34.510037: val_loss -0.5515
2025-11-23 04:51:34.510143: Pseudo dice [np.float32(0.9071), np.float32(0.7497), np.float32(0.0785)]
2025-11-23 04:51:34.510237: Epoch time: 68.34 s
2025-11-23 04:51:37.326050: 
2025-11-23 04:51:37.326240: Epoch 283
2025-11-23 04:51:37.326356: Current learning rate: 0.00741
2025-11-23 04:52:45.554929: train_loss -0.5674
2025-11-23 04:52:45.555292: val_loss -0.5522
2025-11-23 04:52:45.555399: Pseudo dice [np.float32(0.9), np.float32(0.7557), np.float32(0.3779)]
2025-11-23 04:52:45.555501: Epoch time: 68.23 s
2025-11-23 04:52:46.721813: 
2025-11-23 04:52:46.722014: Epoch 284
2025-11-23 04:52:46.722131: Current learning rate: 0.0074
2025-11-23 04:53:54.883341: train_loss -0.5639
2025-11-23 04:53:54.885033: val_loss -0.538
2025-11-23 04:53:54.885136: Pseudo dice [np.float32(0.9069), np.float32(0.7492), np.float32(0.0)]
2025-11-23 04:53:54.885229: Epoch time: 68.16 s
2025-11-23 04:53:56.450246: 
2025-11-23 04:53:56.450495: Epoch 285
2025-11-23 04:53:56.450614: Current learning rate: 0.00739
2025-11-23 04:55:04.566221: train_loss -0.5616
2025-11-23 04:55:04.566446: val_loss -0.5428
2025-11-23 04:55:04.566546: Pseudo dice [np.float32(0.8953), np.float32(0.7672), np.float32(0.0918)]
2025-11-23 04:55:04.566682: Epoch time: 68.12 s
2025-11-23 04:55:05.726356: 
2025-11-23 04:55:05.726538: Epoch 286
2025-11-23 04:55:05.726650: Current learning rate: 0.00738
2025-11-23 04:56:09.756840: train_loss -0.5686
2025-11-23 04:56:09.757088: val_loss -0.5246
2025-11-23 04:56:09.757238: Pseudo dice [np.float32(0.8921), np.float32(0.752), np.float32(0.4357)]
2025-11-23 04:56:09.757434: Epoch time: 64.03 s
2025-11-23 04:56:10.886217: 
2025-11-23 04:56:10.886381: Epoch 287
2025-11-23 04:56:10.886475: Current learning rate: 0.00738
2025-11-23 04:57:16.788947: train_loss -0.573
2025-11-23 04:57:16.789162: val_loss -0.5447
2025-11-23 04:57:16.789331: Pseudo dice [np.float32(0.9005), np.float32(0.7763), np.float32(0.0714)]
2025-11-23 04:57:16.789438: Epoch time: 65.9 s
2025-11-23 04:57:17.972783: 
2025-11-23 04:57:17.973041: Epoch 288
2025-11-23 04:57:17.973159: Current learning rate: 0.00737
2025-11-23 04:58:26.201407: train_loss -0.5758
2025-11-23 04:58:26.201732: val_loss -0.5469
2025-11-23 04:58:26.201836: Pseudo dice [np.float32(0.8975), np.float32(0.7638), np.float32(0.0)]
2025-11-23 04:58:26.201937: Epoch time: 68.23 s
2025-11-23 04:58:27.428376: 
2025-11-23 04:58:27.428736: Epoch 289
2025-11-23 04:58:27.429056: Current learning rate: 0.00736
2025-11-23 04:59:35.978680: train_loss -0.5796
2025-11-23 04:59:35.981174: val_loss -0.525
2025-11-23 04:59:35.981328: Pseudo dice [np.float32(0.9051), np.float32(0.7611), np.float32(0.1329)]
2025-11-23 04:59:35.981434: Epoch time: 68.55 s
2025-11-23 04:59:37.622633: 
2025-11-23 04:59:37.622808: Epoch 290
2025-11-23 04:59:37.622919: Current learning rate: 0.00735
2025-11-23 05:00:45.358183: train_loss -0.5704
2025-11-23 05:00:45.360603: val_loss -0.5351
2025-11-23 05:00:45.360706: Pseudo dice [np.float32(0.8941), np.float32(0.7589), np.float32(0.4046)]
2025-11-23 05:00:45.360804: Epoch time: 67.74 s
2025-11-23 05:00:47.118752: 
2025-11-23 05:00:47.119022: Epoch 291
2025-11-23 05:00:47.119140: Current learning rate: 0.00734
2025-11-23 05:01:52.518371: train_loss -0.5706
2025-11-23 05:01:52.518639: val_loss -0.5421
2025-11-23 05:01:52.518743: Pseudo dice [np.float32(0.908), np.float32(0.7604), np.float32(0.0726)]
2025-11-23 05:01:52.518845: Epoch time: 65.4 s
2025-11-23 05:01:53.659008: 
2025-11-23 05:01:53.659239: Epoch 292
2025-11-23 05:01:53.659350: Current learning rate: 0.00733
2025-11-23 05:03:02.682178: train_loss -0.5754
2025-11-23 05:03:02.682427: val_loss -0.5557
2025-11-23 05:03:02.682533: Pseudo dice [np.float32(0.8942), np.float32(0.7761), np.float32(0.2015)]
2025-11-23 05:03:02.682636: Epoch time: 69.02 s
2025-11-23 05:03:03.827653: 
2025-11-23 05:03:03.827904: Epoch 293
2025-11-23 05:03:03.828051: Current learning rate: 0.00732
2025-11-23 05:04:14.810129: train_loss -0.574
2025-11-23 05:04:14.810441: val_loss -0.5523
2025-11-23 05:04:14.810546: Pseudo dice [np.float32(0.9015), np.float32(0.7665), np.float32(0.0146)]
2025-11-23 05:04:14.810650: Epoch time: 70.98 s
2025-11-23 05:04:16.382565: 
2025-11-23 05:04:16.382759: Epoch 294
2025-11-23 05:04:16.382875: Current learning rate: 0.00731
2025-11-23 05:05:23.948059: train_loss -0.5727
2025-11-23 05:05:23.948385: val_loss -0.5444
2025-11-23 05:05:23.948488: Pseudo dice [np.float32(0.8999), np.float32(0.7646), np.float32(0.0134)]
2025-11-23 05:05:23.948591: Epoch time: 67.57 s
2025-11-23 05:05:25.715562: 
2025-11-23 05:05:25.715807: Epoch 295
2025-11-23 05:05:25.715924: Current learning rate: 0.0073
2025-11-23 05:06:31.376320: train_loss -0.5719
2025-11-23 05:06:31.376661: val_loss -0.5435
2025-11-23 05:06:31.376758: Pseudo dice [np.float32(0.9061), np.float32(0.7585), np.float32(0.1853)]
2025-11-23 05:06:31.376853: Epoch time: 65.66 s
2025-11-23 05:06:32.963129: 
2025-11-23 05:06:32.963368: Epoch 296
2025-11-23 05:06:32.963483: Current learning rate: 0.00729
2025-11-23 05:07:40.599827: train_loss -0.5645
2025-11-23 05:07:40.600096: val_loss -0.5222
2025-11-23 05:07:40.600200: Pseudo dice [np.float32(0.909), np.float32(0.7615), np.float32(0.0379)]
2025-11-23 05:07:40.600299: Epoch time: 67.64 s
2025-11-23 05:07:41.739977: 
2025-11-23 05:07:41.740249: Epoch 297
2025-11-23 05:07:41.740355: Current learning rate: 0.00728
2025-11-23 05:08:49.152900: train_loss -0.5593
2025-11-23 05:08:49.153588: val_loss -0.5481
2025-11-23 05:08:49.153700: Pseudo dice [np.float32(0.8956), np.float32(0.7664), np.float32(0.1034)]
2025-11-23 05:08:49.153803: Epoch time: 67.41 s
2025-11-23 05:08:50.976635: 
2025-11-23 05:08:50.976860: Epoch 298
2025-11-23 05:08:50.976964: Current learning rate: 0.00727
2025-11-23 05:09:59.291523: train_loss -0.559
2025-11-23 05:09:59.291776: val_loss -0.514
2025-11-23 05:09:59.291893: Pseudo dice [np.float32(0.8975), np.float32(0.754), np.float32(0.0276)]
2025-11-23 05:09:59.292002: Epoch time: 68.32 s
2025-11-23 05:10:00.422697: 
2025-11-23 05:10:00.422931: Epoch 299
2025-11-23 05:10:00.423056: Current learning rate: 0.00726
2025-11-23 05:11:11.462587: train_loss -0.5748
2025-11-23 05:11:11.462879: val_loss -0.538
2025-11-23 05:11:11.462990: Pseudo dice [np.float32(0.8876), np.float32(0.7612), np.float32(0.4621)]
2025-11-23 05:11:11.463091: Epoch time: 71.04 s
2025-11-23 05:11:12.913815: 
2025-11-23 05:11:12.914034: Epoch 300
2025-11-23 05:11:12.914144: Current learning rate: 0.00725
2025-11-23 05:12:21.723672: train_loss -0.5711
2025-11-23 05:12:21.723913: val_loss -0.5496
2025-11-23 05:12:21.724021: Pseudo dice [np.float32(0.9041), np.float32(0.7787), np.float32(0.1764)]
2025-11-23 05:12:21.724122: Epoch time: 68.81 s
2025-11-23 05:12:22.874696: 
2025-11-23 05:12:22.874948: Epoch 301
2025-11-23 05:12:22.875110: Current learning rate: 0.00724
2025-11-23 05:13:31.841331: train_loss -0.5971
2025-11-23 05:13:31.841688: val_loss -0.5592
2025-11-23 05:13:31.841798: Pseudo dice [np.float32(0.9015), np.float32(0.7702), np.float32(0.0453)]
2025-11-23 05:13:31.841899: Epoch time: 68.97 s
2025-11-23 05:13:33.016760: 
2025-11-23 05:13:33.017092: Epoch 302
2025-11-23 05:13:33.017215: Current learning rate: 0.00724
2025-11-23 05:14:45.098418: train_loss -0.5717
2025-11-23 05:14:45.098683: val_loss -0.5464
2025-11-23 05:14:45.098786: Pseudo dice [np.float32(0.9001), np.float32(0.7661), np.float32(0.3293)]
2025-11-23 05:14:45.098892: Epoch time: 72.08 s
2025-11-23 05:14:46.312240: 
2025-11-23 05:14:46.312418: Epoch 303
2025-11-23 05:14:46.312534: Current learning rate: 0.00723
2025-11-23 05:15:55.736080: train_loss -0.5666
2025-11-23 05:15:55.736324: val_loss -0.5501
2025-11-23 05:15:55.736426: Pseudo dice [np.float32(0.8777), np.float32(0.7699), np.float32(0.4271)]
2025-11-23 05:15:55.736528: Epoch time: 69.42 s
2025-11-23 05:15:57.332124: 
2025-11-23 05:15:57.332308: Epoch 304
2025-11-23 05:15:57.332468: Current learning rate: 0.00722
2025-11-23 05:17:06.739737: train_loss -0.5714
2025-11-23 05:17:06.742104: val_loss -0.573
2025-11-23 05:17:06.742255: Pseudo dice [np.float32(0.8885), np.float32(0.7609), np.float32(0.3593)]
2025-11-23 05:17:06.742355: Epoch time: 69.41 s
2025-11-23 05:17:08.567639: 
2025-11-23 05:17:08.567899: Epoch 305
2025-11-23 05:17:08.568025: Current learning rate: 0.00721
2025-11-23 05:18:20.344717: train_loss -0.5693
2025-11-23 05:18:20.345002: val_loss -0.5551
2025-11-23 05:18:20.345112: Pseudo dice [np.float32(0.9), np.float32(0.7616), np.float32(0.2113)]
2025-11-23 05:18:20.345214: Epoch time: 71.78 s
2025-11-23 05:18:21.590765: 
2025-11-23 05:18:21.590934: Epoch 306
2025-11-23 05:18:21.591048: Current learning rate: 0.0072
2025-11-23 05:19:28.984152: train_loss -0.5843
2025-11-23 05:19:28.984442: val_loss -0.5573
2025-11-23 05:19:28.984551: Pseudo dice [np.float32(0.9066), np.float32(0.761), np.float32(0.2753)]
2025-11-23 05:19:28.984655: Epoch time: 67.39 s
2025-11-23 05:19:30.310593: 
2025-11-23 05:19:30.310852: Epoch 307
2025-11-23 05:19:30.311016: Current learning rate: 0.00719
2025-11-23 05:20:36.415126: train_loss -0.5722
2025-11-23 05:20:36.415375: val_loss -0.5303
2025-11-23 05:20:36.415481: Pseudo dice [np.float32(0.889), np.float32(0.7599), np.float32(0.0304)]
2025-11-23 05:20:36.415589: Epoch time: 66.11 s
2025-11-23 05:20:37.558458: 
2025-11-23 05:20:37.558761: Epoch 308
2025-11-23 05:20:37.558874: Current learning rate: 0.00718
2025-11-23 05:21:45.249154: train_loss -0.6797
2025-11-23 05:21:45.249384: val_loss -0.6507
2025-11-23 05:21:45.249487: Pseudo dice [np.float32(0.8784), np.float32(0.74), np.float32(0.0)]
2025-11-23 05:21:45.249587: Epoch time: 67.69 s
2025-11-23 05:21:47.702042: 
2025-11-23 05:21:47.702216: Epoch 309
2025-11-23 05:21:47.702330: Current learning rate: 0.00717
2025-11-23 05:22:57.283878: train_loss -0.6904
2025-11-23 05:22:57.284156: val_loss -0.6421
2025-11-23 05:22:57.284250: Pseudo dice [np.float32(0.9044), np.float32(0.7434), np.float32(0.0)]
2025-11-23 05:22:57.284342: Epoch time: 69.58 s
2025-11-23 05:22:59.313826: 
2025-11-23 05:22:59.314008: Epoch 310
2025-11-23 05:22:59.314128: Current learning rate: 0.00716
2025-11-23 05:24:07.664690: train_loss -0.7128
2025-11-23 05:24:07.664936: val_loss -0.6511
2025-11-23 05:24:07.665047: Pseudo dice [np.float32(0.8955), np.float32(0.7418), np.float32(0.0)]
2025-11-23 05:24:07.665149: Epoch time: 68.35 s
2025-11-23 05:24:09.575862: 
2025-11-23 05:24:09.576037: Epoch 311
2025-11-23 05:24:09.576151: Current learning rate: 0.00715
2025-11-23 05:25:19.381085: train_loss -0.7181
2025-11-23 05:25:19.381295: val_loss -0.6645
2025-11-23 05:25:19.381399: Pseudo dice [np.float32(0.8994), np.float32(0.7748), np.float32(0.0)]
2025-11-23 05:25:19.381499: Epoch time: 69.81 s
2025-11-23 05:25:20.627645: 
2025-11-23 05:25:20.627828: Epoch 312
2025-11-23 05:25:20.627942: Current learning rate: 0.00714
2025-11-23 05:26:25.711626: train_loss -0.7115
2025-11-23 05:26:25.711861: val_loss -0.6737
2025-11-23 05:26:25.711964: Pseudo dice [np.float32(0.8994), np.float32(0.7643), np.float32(0.0)]
2025-11-23 05:26:25.712074: Epoch time: 65.08 s
2025-11-23 05:26:27.591664: 
2025-11-23 05:26:27.591860: Epoch 313
2025-11-23 05:26:27.591976: Current learning rate: 0.00713
2025-11-23 05:27:35.859455: train_loss -0.7065
2025-11-23 05:27:35.859718: val_loss -0.6934
2025-11-23 05:27:35.859823: Pseudo dice [np.float32(0.8873), np.float32(0.7813), np.float32(0.0)]
2025-11-23 05:27:35.859923: Epoch time: 68.27 s
2025-11-23 05:27:37.367647: 
2025-11-23 05:27:37.367840: Epoch 314
2025-11-23 05:27:37.367952: Current learning rate: 0.00712
2025-11-23 05:28:46.504941: train_loss -0.7072
2025-11-23 05:28:46.505182: val_loss -0.6873
2025-11-23 05:28:46.505288: Pseudo dice [np.float32(0.906), np.float32(0.7721), np.float32(0.0)]
2025-11-23 05:28:46.507512: Epoch time: 69.14 s
2025-11-23 05:28:48.524476: 
2025-11-23 05:28:48.524724: Epoch 315
2025-11-23 05:28:48.524843: Current learning rate: 0.00711
2025-11-23 05:29:56.436800: train_loss -0.7007
2025-11-23 05:29:56.437076: val_loss -0.6855
2025-11-23 05:29:56.437181: Pseudo dice [np.float32(0.897), np.float32(0.7509), np.float32(0.0)]
2025-11-23 05:29:56.437281: Epoch time: 67.91 s
2025-11-23 05:29:57.574714: 
2025-11-23 05:29:57.574922: Epoch 316
2025-11-23 05:29:57.575120: Current learning rate: 0.0071
2025-11-23 05:31:03.978666: train_loss -0.7058
2025-11-23 05:31:03.978888: val_loss -0.6619
2025-11-23 05:31:03.978999: Pseudo dice [np.float32(0.8975), np.float32(0.7646), np.float32(0.0)]
2025-11-23 05:31:03.979100: Epoch time: 66.4 s
2025-11-23 05:31:05.126940: 
2025-11-23 05:31:05.127206: Epoch 317
2025-11-23 05:31:05.127330: Current learning rate: 0.0071
2025-11-23 05:32:12.897096: train_loss -0.7024
2025-11-23 05:32:12.897455: val_loss -0.7037
2025-11-23 05:32:12.897562: Pseudo dice [np.float32(0.8827), np.float32(0.7781), np.float32(0.0)]
2025-11-23 05:32:12.897666: Epoch time: 67.77 s
2025-11-23 05:32:14.167432: 
2025-11-23 05:32:14.167735: Epoch 318
2025-11-23 05:32:14.167853: Current learning rate: 0.00709
2025-11-23 05:33:19.229350: train_loss -0.7062
2025-11-23 05:33:19.229611: val_loss -0.6435
2025-11-23 05:33:19.229717: Pseudo dice [np.float32(0.907), np.float32(0.7678), np.float32(0.0)]
2025-11-23 05:33:19.229819: Epoch time: 65.06 s
2025-11-23 05:33:20.365637: 
2025-11-23 05:33:20.365858: Epoch 319
2025-11-23 05:33:20.365967: Current learning rate: 0.00708
2025-11-23 05:34:25.274987: train_loss -0.7193
2025-11-23 05:34:25.275311: val_loss -0.6436
2025-11-23 05:34:25.275418: Pseudo dice [np.float32(0.9032), np.float32(0.7818), np.float32(0.0)]
2025-11-23 05:34:25.275519: Epoch time: 64.91 s
2025-11-23 05:34:26.575404: 
2025-11-23 05:34:26.575619: Epoch 320
2025-11-23 05:34:26.575730: Current learning rate: 0.00707
2025-11-23 05:35:35.211190: train_loss -0.7253
2025-11-23 05:35:35.211406: val_loss -0.6637
2025-11-23 05:35:35.211509: Pseudo dice [np.float32(0.903), np.float32(0.7579), np.float32(0.0)]
2025-11-23 05:35:35.211607: Epoch time: 68.64 s
2025-11-23 05:35:36.356399: 
2025-11-23 05:35:36.356584: Epoch 321
2025-11-23 05:35:36.356700: Current learning rate: 0.00706
2025-11-23 05:36:43.013346: train_loss -0.7188
2025-11-23 05:36:43.013667: val_loss -0.6507
2025-11-23 05:36:43.013777: Pseudo dice [np.float32(0.8983), np.float32(0.7313), np.float32(0.0)]
2025-11-23 05:36:43.013876: Epoch time: 66.66 s
2025-11-23 05:36:44.189009: 
2025-11-23 05:36:44.189219: Epoch 322
2025-11-23 05:36:44.189335: Current learning rate: 0.00705
2025-11-23 05:37:52.907138: train_loss -0.7086
2025-11-23 05:37:52.907468: val_loss -0.6621
2025-11-23 05:37:52.907576: Pseudo dice [np.float32(0.8949), np.float32(0.7597), np.float32(0.0)]
2025-11-23 05:37:52.907680: Epoch time: 68.72 s
2025-11-23 05:37:54.060317: 
2025-11-23 05:37:54.060569: Epoch 323
2025-11-23 05:37:54.060741: Current learning rate: 0.00704
2025-11-23 05:39:02.352775: train_loss -0.7042
2025-11-23 05:39:02.353114: val_loss -0.6545
2025-11-23 05:39:02.353221: Pseudo dice [np.float32(0.871), np.float32(0.7574), np.float32(0.0)]
2025-11-23 05:39:02.353321: Epoch time: 68.29 s
2025-11-23 05:39:03.502340: 
2025-11-23 05:39:03.502512: Epoch 324
2025-11-23 05:39:03.502622: Current learning rate: 0.00703
2025-11-23 05:40:13.548403: train_loss -0.7086
2025-11-23 05:40:13.548702: val_loss -0.6573
2025-11-23 05:40:13.548804: Pseudo dice [np.float32(0.8894), np.float32(0.7635), np.float32(0.0)]
2025-11-23 05:40:13.548902: Epoch time: 70.05 s
2025-11-23 05:40:15.102474: 
2025-11-23 05:40:15.102695: Epoch 325
2025-11-23 05:40:15.102824: Current learning rate: 0.00702
2025-11-23 05:41:21.470217: train_loss -0.7099
2025-11-23 05:41:21.470546: val_loss -0.6739
2025-11-23 05:41:21.470651: Pseudo dice [np.float32(0.8943), np.float32(0.7672), np.float32(0.0)]
2025-11-23 05:41:21.470767: Epoch time: 66.37 s
2025-11-23 05:41:22.853029: 
2025-11-23 05:41:22.853197: Epoch 326
2025-11-23 05:41:22.853304: Current learning rate: 0.00701
2025-11-23 05:42:28.855156: train_loss -0.7045
2025-11-23 05:42:28.855497: val_loss -0.6637
2025-11-23 05:42:28.855604: Pseudo dice [np.float32(0.8995), np.float32(0.7657), np.float32(0.0)]
2025-11-23 05:42:28.855704: Epoch time: 66.0 s
2025-11-23 05:42:29.995451: 
2025-11-23 05:42:29.995672: Epoch 327
2025-11-23 05:42:29.995791: Current learning rate: 0.007
2025-11-23 05:43:39.526529: train_loss -0.7088
2025-11-23 05:43:39.526768: val_loss -0.6718
2025-11-23 05:43:39.526871: Pseudo dice [np.float32(0.899), np.float32(0.7569), np.float32(0.0)]
2025-11-23 05:43:39.526968: Epoch time: 69.53 s
2025-11-23 05:43:40.779405: 
2025-11-23 05:43:40.779573: Epoch 328
2025-11-23 05:43:40.779680: Current learning rate: 0.00699
2025-11-23 05:44:49.579880: train_loss -0.6975
2025-11-23 05:44:49.580147: val_loss -0.6717
2025-11-23 05:44:49.580249: Pseudo dice [np.float32(0.902), np.float32(0.7716), np.float32(0.0)]
2025-11-23 05:44:49.580375: Epoch time: 68.8 s
2025-11-23 05:44:50.723233: 
2025-11-23 05:44:50.723491: Epoch 329
2025-11-23 05:44:50.723634: Current learning rate: 0.00698
2025-11-23 05:45:55.351721: train_loss -0.7138
2025-11-23 05:45:55.353578: val_loss -0.6919
2025-11-23 05:45:55.353748: Pseudo dice [np.float32(0.9012), np.float32(0.7802), np.float32(0.0)]
2025-11-23 05:45:55.353865: Epoch time: 64.63 s
2025-11-23 05:45:56.821578: 
2025-11-23 05:45:56.821761: Epoch 330
2025-11-23 05:45:56.821873: Current learning rate: 0.00697
2025-11-23 05:47:03.993485: train_loss -0.7292
2025-11-23 05:47:04.000004: val_loss -0.6599
2025-11-23 05:47:04.000193: Pseudo dice [np.float32(0.9069), np.float32(0.7815), np.float32(0.0)]
2025-11-23 05:47:04.000293: Epoch time: 67.17 s
2025-11-23 05:47:05.544519: 
2025-11-23 05:47:05.544688: Epoch 331
2025-11-23 05:47:05.544796: Current learning rate: 0.00696
2025-11-23 05:48:15.429521: train_loss -0.7223
2025-11-23 05:48:15.429765: val_loss -0.6908
2025-11-23 05:48:15.429871: Pseudo dice [np.float32(0.9083), np.float32(0.7675), np.float32(0.0)]
2025-11-23 05:48:15.429992: Epoch time: 69.89 s
2025-11-23 05:48:16.562484: 
2025-11-23 05:48:16.562745: Epoch 332
2025-11-23 05:48:16.562882: Current learning rate: 0.00696
2025-11-23 05:49:23.155095: train_loss -0.6995
2025-11-23 05:49:23.155345: val_loss -0.6764
2025-11-23 05:49:23.155451: Pseudo dice [np.float32(0.9007), np.float32(0.7751), np.float32(0.0)]
2025-11-23 05:49:23.155550: Epoch time: 66.59 s
2025-11-23 05:49:24.291744: 
2025-11-23 05:49:24.291916: Epoch 333
2025-11-23 05:49:24.292025: Current learning rate: 0.00695
2025-11-23 05:50:30.959146: train_loss -0.6982
2025-11-23 05:50:30.961009: val_loss -0.6726
2025-11-23 05:50:30.961116: Pseudo dice [np.float32(0.9071), np.float32(0.7716), np.float32(0.0)]
2025-11-23 05:50:30.961211: Epoch time: 66.67 s
2025-11-23 05:50:32.495543: 
2025-11-23 05:50:32.495776: Epoch 334
2025-11-23 05:50:32.495912: Current learning rate: 0.00694
2025-11-23 05:51:39.656125: train_loss -0.6919
2025-11-23 05:51:39.656444: val_loss -0.6822
2025-11-23 05:51:39.656574: Pseudo dice [np.float32(0.8923), np.float32(0.7559), np.float32(0.0)]
2025-11-23 05:51:39.656673: Epoch time: 67.16 s
2025-11-23 05:51:41.334281: 
2025-11-23 05:51:41.334461: Epoch 335
2025-11-23 05:51:41.334577: Current learning rate: 0.00693
2025-11-23 05:52:50.755764: train_loss -0.7117
2025-11-23 05:52:50.759619: val_loss -0.6975
2025-11-23 05:52:50.759719: Pseudo dice [np.float32(0.9089), np.float32(0.7689), np.float32(0.0)]
2025-11-23 05:52:50.759812: Epoch time: 69.42 s
2025-11-23 05:52:52.359648: 
2025-11-23 05:52:52.359884: Epoch 336
2025-11-23 05:52:52.360019: Current learning rate: 0.00692
2025-11-23 05:53:56.573853: train_loss -0.7055
2025-11-23 05:53:56.575656: val_loss -0.6186
2025-11-23 05:53:56.575773: Pseudo dice [np.float32(0.9036), np.float32(0.7728), np.float32(0.0)]
2025-11-23 05:53:56.575878: Epoch time: 64.22 s
2025-11-23 05:53:58.205406: 
2025-11-23 05:53:58.205647: Epoch 337
2025-11-23 05:53:58.205759: Current learning rate: 0.00691
2025-11-23 05:55:04.252881: train_loss -0.7054
2025-11-23 05:55:04.253129: val_loss -0.7224
2025-11-23 05:55:04.253233: Pseudo dice [np.float32(0.8907), np.float32(0.7719), np.float32(0.0)]
2025-11-23 05:55:04.253334: Epoch time: 66.05 s
2025-11-23 05:55:05.523373: 
2025-11-23 05:55:05.523643: Epoch 338
2025-11-23 05:55:05.523840: Current learning rate: 0.0069
2025-11-23 05:56:12.445863: train_loss -0.7014
2025-11-23 05:56:12.446118: val_loss -0.6909
2025-11-23 05:56:12.446221: Pseudo dice [np.float32(0.9049), np.float32(0.7553), np.float32(0.0)]
2025-11-23 05:56:12.446323: Epoch time: 66.92 s
2025-11-23 05:56:13.722895: 
2025-11-23 05:56:13.723101: Epoch 339
2025-11-23 05:56:13.723217: Current learning rate: 0.00689
2025-11-23 05:57:21.473384: train_loss -0.718
2025-11-23 05:57:21.477154: val_loss -0.6586
2025-11-23 05:57:21.477263: Pseudo dice [np.float32(0.895), np.float32(0.7767), np.float32(0.0)]
2025-11-23 05:57:21.477357: Epoch time: 67.75 s
2025-11-23 05:57:23.492747: 
2025-11-23 05:57:23.492912: Epoch 340
2025-11-23 05:57:23.493024: Current learning rate: 0.00688
2025-11-23 05:58:31.439249: train_loss -0.7111
2025-11-23 05:58:31.439455: val_loss -0.6742
2025-11-23 05:58:31.439555: Pseudo dice [np.float32(0.9021), np.float32(0.7741), np.float32(0.0)]
2025-11-23 05:58:31.441782: Epoch time: 67.95 s
2025-11-23 05:58:32.832609: 
2025-11-23 05:58:32.832778: Epoch 341
2025-11-23 05:58:32.832892: Current learning rate: 0.00687
2025-11-23 05:59:41.337415: train_loss -0.7243
2025-11-23 05:59:41.337714: val_loss -0.6186
2025-11-23 05:59:41.337816: Pseudo dice [np.float32(0.9105), np.float32(0.7682), np.float32(0.0)]
2025-11-23 05:59:41.337913: Epoch time: 68.51 s
2025-11-23 05:59:42.833898: 
2025-11-23 05:59:42.834127: Epoch 342
2025-11-23 05:59:42.834268: Current learning rate: 0.00686
2025-11-23 06:00:54.966223: train_loss -0.7065
2025-11-23 06:00:54.966586: val_loss -0.7177
2025-11-23 06:00:54.966690: Pseudo dice [np.float32(0.9024), np.float32(0.7657), np.float32(0.0)]
2025-11-23 06:00:54.966788: Epoch time: 72.13 s
2025-11-23 06:00:56.333495: 
2025-11-23 06:00:56.333671: Epoch 343
2025-11-23 06:00:56.333783: Current learning rate: 0.00685
2025-11-23 06:02:00.558968: train_loss -0.7257
2025-11-23 06:02:00.559202: val_loss -0.6762
2025-11-23 06:02:00.559305: Pseudo dice [np.float32(0.8991), np.float32(0.7617), np.float32(0.0)]
2025-11-23 06:02:00.559404: Epoch time: 64.23 s
2025-11-23 06:02:02.559293: 
2025-11-23 06:02:02.559474: Epoch 344
2025-11-23 06:02:02.559589: Current learning rate: 0.00684
2025-11-23 06:03:11.270955: train_loss -0.7122
2025-11-23 06:03:11.271294: val_loss -0.6939
2025-11-23 06:03:11.271405: Pseudo dice [np.float32(0.9027), np.float32(0.7778), np.float32(0.0)]
2025-11-23 06:03:11.271508: Epoch time: 68.71 s
2025-11-23 06:03:12.770582: 
2025-11-23 06:03:12.770766: Epoch 345
2025-11-23 06:03:12.770879: Current learning rate: 0.00683
2025-11-23 06:04:21.405622: train_loss -0.7142
2025-11-23 06:04:21.405949: val_loss -0.6856
2025-11-23 06:04:21.406061: Pseudo dice [np.float32(0.9034), np.float32(0.7701), np.float32(0.0)]
2025-11-23 06:04:21.406163: Epoch time: 68.64 s
2025-11-23 06:04:22.551736: 
2025-11-23 06:04:22.551916: Epoch 346
2025-11-23 06:04:22.552029: Current learning rate: 0.00682
2025-11-23 06:05:29.598966: train_loss -0.7104
2025-11-23 06:05:29.600491: val_loss -0.6899
2025-11-23 06:05:29.600656: Pseudo dice [np.float32(0.8968), np.float32(0.773), np.float32(0.0)]
2025-11-23 06:05:29.600762: Epoch time: 67.05 s
2025-11-23 06:05:30.806890: 
2025-11-23 06:05:30.807074: Epoch 347
2025-11-23 06:05:30.807182: Current learning rate: 0.00681
2025-11-23 06:06:36.907798: train_loss -0.7133
2025-11-23 06:06:36.908060: val_loss -0.666
2025-11-23 06:06:36.908167: Pseudo dice [np.float32(0.8983), np.float32(0.7548), np.float32(0.0)]
2025-11-23 06:06:36.908267: Epoch time: 66.1 s
2025-11-23 06:06:38.279513: 
2025-11-23 06:06:38.279699: Epoch 348
2025-11-23 06:06:38.279805: Current learning rate: 0.0068
2025-11-23 06:07:48.984422: train_loss -0.7124
2025-11-23 06:07:48.984669: val_loss -0.6854
2025-11-23 06:07:48.984775: Pseudo dice [np.float32(0.8958), np.float32(0.7786), np.float32(0.0)]
2025-11-23 06:07:48.984875: Epoch time: 70.71 s
2025-11-23 06:07:51.021364: 
2025-11-23 06:07:51.021554: Epoch 349
2025-11-23 06:07:51.021668: Current learning rate: 0.0068
2025-11-23 06:08:58.375875: train_loss -0.719
2025-11-23 06:08:58.376145: val_loss -0.7047
2025-11-23 06:08:58.376249: Pseudo dice [np.float32(0.9076), np.float32(0.7715), np.float32(0.0)]
2025-11-23 06:08:58.376349: Epoch time: 67.36 s
2025-11-23 06:09:00.128925: 
2025-11-23 06:09:00.129172: Epoch 350
2025-11-23 06:09:00.129292: Current learning rate: 0.00679
2025-11-23 06:10:10.659151: train_loss -0.7183
2025-11-23 06:10:10.659376: val_loss -0.6698
2025-11-23 06:10:10.659478: Pseudo dice [np.float32(0.8847), np.float32(0.7639), np.float32(0.0)]
2025-11-23 06:10:10.659576: Epoch time: 70.53 s
2025-11-23 06:10:11.816826: 
2025-11-23 06:10:11.817021: Epoch 351
2025-11-23 06:10:11.817139: Current learning rate: 0.00678
2025-11-23 06:11:18.656614: train_loss -0.7023
2025-11-23 06:11:18.656881: val_loss -0.682
2025-11-23 06:11:18.657072: Pseudo dice [np.float32(0.9056), np.float32(0.7884), np.float32(0.0)]
2025-11-23 06:11:18.657181: Epoch time: 66.84 s
2025-11-23 06:11:19.718599: 
2025-11-23 06:11:19.718896: Epoch 352
2025-11-23 06:11:19.719003: Current learning rate: 0.00677
2025-11-23 06:12:26.960535: train_loss -0.7045
2025-11-23 06:12:26.961223: val_loss -0.6637
2025-11-23 06:12:26.961330: Pseudo dice [np.float32(0.8988), np.float32(0.7713), np.float32(0.0)]
2025-11-23 06:12:26.961429: Epoch time: 67.24 s
2025-11-23 06:12:28.716245: 
2025-11-23 06:12:28.716546: Epoch 353
2025-11-23 06:12:28.716666: Current learning rate: 0.00676
2025-11-23 06:13:34.494278: train_loss -0.7138
2025-11-23 06:13:34.494530: val_loss -0.6548
2025-11-23 06:13:34.507241: Pseudo dice [np.float32(0.8916), np.float32(0.7651), np.float32(0.0)]
2025-11-23 06:13:34.507406: Epoch time: 65.78 s
2025-11-23 06:13:35.675385: 
2025-11-23 06:13:35.675614: Epoch 354
2025-11-23 06:13:35.675767: Current learning rate: 0.00675
2025-11-23 06:14:42.928354: train_loss -0.7093
2025-11-23 06:14:42.930814: val_loss -0.688
2025-11-23 06:14:42.930947: Pseudo dice [np.float32(0.8949), np.float32(0.7676), np.float32(0.0)]
2025-11-23 06:14:42.931057: Epoch time: 67.25 s
2025-11-23 06:14:44.653116: 
2025-11-23 06:14:44.653287: Epoch 355
2025-11-23 06:14:44.653403: Current learning rate: 0.00674
2025-11-23 06:15:48.862195: train_loss -0.7195
2025-11-23 06:15:48.862443: val_loss -0.6886
2025-11-23 06:15:48.862546: Pseudo dice [np.float32(0.9042), np.float32(0.7746), np.float32(0.0)]
2025-11-23 06:15:48.862644: Epoch time: 64.21 s
2025-11-23 06:15:50.005579: 
2025-11-23 06:15:50.005862: Epoch 356
2025-11-23 06:15:50.005991: Current learning rate: 0.00673
2025-11-23 06:16:57.000097: train_loss -0.7211
2025-11-23 06:16:57.000348: val_loss -0.6593
2025-11-23 06:16:57.000449: Pseudo dice [np.float32(0.9062), np.float32(0.7571), np.float32(0.0)]
2025-11-23 06:16:57.001653: Epoch time: 67.0 s
2025-11-23 06:16:58.274579: 
2025-11-23 06:16:58.274745: Epoch 357
2025-11-23 06:16:58.274854: Current learning rate: 0.00672
2025-11-23 06:18:04.097708: train_loss -0.7308
2025-11-23 06:18:04.098035: val_loss -0.6625
2025-11-23 06:18:04.098145: Pseudo dice [np.float32(0.8967), np.float32(0.7688), np.float32(0.0)]
2025-11-23 06:18:04.098246: Epoch time: 65.82 s
2025-11-23 06:18:05.703333: 
2025-11-23 06:18:05.703503: Epoch 358
2025-11-23 06:18:05.703618: Current learning rate: 0.00671
2025-11-23 06:19:14.238317: train_loss -0.715
2025-11-23 06:19:14.238656: val_loss -0.6796
2025-11-23 06:19:14.238762: Pseudo dice [np.float32(0.8973), np.float32(0.7645), np.float32(0.0)]
2025-11-23 06:19:14.238863: Epoch time: 68.54 s
2025-11-23 06:19:15.938880: 
2025-11-23 06:19:15.939175: Epoch 359
2025-11-23 06:19:15.939323: Current learning rate: 0.0067
2025-11-23 06:20:24.001155: train_loss -0.7145
2025-11-23 06:20:24.003307: val_loss -0.6788
2025-11-23 06:20:24.003422: Pseudo dice [np.float32(0.9048), np.float32(0.7776), np.float32(0.0)]
2025-11-23 06:20:24.003524: Epoch time: 68.06 s
2025-11-23 06:20:25.368611: 
2025-11-23 06:20:25.368807: Epoch 360
2025-11-23 06:20:25.368924: Current learning rate: 0.00669
2025-11-23 06:21:32.507736: train_loss -0.7167
2025-11-23 06:21:32.508086: val_loss -0.6749
2025-11-23 06:21:32.508192: Pseudo dice [np.float32(0.9008), np.float32(0.7642), np.float32(0.0)]
2025-11-23 06:21:32.508292: Epoch time: 67.14 s
2025-11-23 06:21:34.135773: 
2025-11-23 06:21:34.136068: Epoch 361
2025-11-23 06:21:34.136185: Current learning rate: 0.00668
2025-11-23 06:22:41.461721: train_loss -0.7355
2025-11-23 06:22:41.462015: val_loss -0.6871
2025-11-23 06:22:41.462116: Pseudo dice [np.float32(0.9099), np.float32(0.7752), np.float32(0.0)]
2025-11-23 06:22:41.462211: Epoch time: 67.33 s
2025-11-23 06:22:42.648725: 
2025-11-23 06:22:42.648982: Epoch 362
2025-11-23 06:22:42.649099: Current learning rate: 0.00667
2025-11-23 06:23:49.203581: train_loss -0.7169
2025-11-23 06:23:49.203920: val_loss -0.6133
2025-11-23 06:23:49.204033: Pseudo dice [np.float32(0.8639), np.float32(0.7605), np.float32(0.0)]
2025-11-23 06:23:49.204134: Epoch time: 66.56 s
2025-11-23 06:23:51.109395: 
2025-11-23 06:23:51.109654: Epoch 363
2025-11-23 06:23:51.109772: Current learning rate: 0.00666
2025-11-23 06:24:58.728832: train_loss -0.7028
2025-11-23 06:24:58.729154: val_loss -0.6789
2025-11-23 06:24:58.729254: Pseudo dice [np.float32(0.8874), np.float32(0.7575), np.float32(0.0)]
2025-11-23 06:24:58.729350: Epoch time: 67.62 s
2025-11-23 06:25:00.382302: 
2025-11-23 06:25:00.382489: Epoch 364
2025-11-23 06:25:00.382606: Current learning rate: 0.00665
2025-11-23 06:26:06.471620: train_loss -0.6986
2025-11-23 06:26:06.471861: val_loss -0.6519
2025-11-23 06:26:06.471962: Pseudo dice [np.float32(0.9003), np.float32(0.7698), np.float32(0.0)]
2025-11-23 06:26:06.472069: Epoch time: 66.09 s
2025-11-23 06:26:07.617935: 
2025-11-23 06:26:07.618131: Epoch 365
2025-11-23 06:26:07.618236: Current learning rate: 0.00665
2025-11-23 06:27:18.839678: train_loss -0.7122
2025-11-23 06:27:18.839910: val_loss -0.6842
2025-11-23 06:27:18.840024: Pseudo dice [np.float32(0.9007), np.float32(0.7698), np.float32(0.0)]
2025-11-23 06:27:18.840128: Epoch time: 71.22 s
2025-11-23 06:27:20.034675: 
2025-11-23 06:27:20.034907: Epoch 366
2025-11-23 06:27:20.035033: Current learning rate: 0.00664
2025-11-23 06:28:28.779446: train_loss -0.7147
2025-11-23 06:28:28.779703: val_loss -0.6528
2025-11-23 06:28:28.783037: Pseudo dice [np.float32(0.9057), np.float32(0.7583), np.float32(0.0)]
2025-11-23 06:28:28.783201: Epoch time: 68.75 s
2025-11-23 06:28:30.395735: 
2025-11-23 06:28:30.395915: Epoch 367
2025-11-23 06:28:30.396034: Current learning rate: 0.00663
2025-11-23 06:29:40.001430: train_loss -0.7012
2025-11-23 06:29:40.001671: val_loss -0.6628
2025-11-23 06:29:40.001770: Pseudo dice [np.float32(0.9064), np.float32(0.7586), np.float32(0.0)]
2025-11-23 06:29:40.001869: Epoch time: 69.61 s
2025-11-23 06:29:42.519966: 
2025-11-23 06:29:42.520210: Epoch 368
2025-11-23 06:29:42.520326: Current learning rate: 0.00662
2025-11-23 06:30:50.919292: train_loss -0.7165
2025-11-23 06:30:50.919538: val_loss -0.671
2025-11-23 06:30:50.919644: Pseudo dice [np.float32(0.9106), np.float32(0.7571), np.float32(0.0)]
2025-11-23 06:30:50.919744: Epoch time: 68.4 s
2025-11-23 06:30:53.010758: 
2025-11-23 06:30:53.010934: Epoch 369
2025-11-23 06:30:53.011052: Current learning rate: 0.00661
2025-11-23 06:32:02.091009: train_loss -0.7066
2025-11-23 06:32:02.091253: val_loss -0.6871
2025-11-23 06:32:02.091354: Pseudo dice [np.float32(0.8928), np.float32(0.7652), np.float32(0.0)]
2025-11-23 06:32:02.091499: Epoch time: 69.08 s
2025-11-23 06:32:03.241001: 
2025-11-23 06:32:03.241311: Epoch 370
2025-11-23 06:32:03.241464: Current learning rate: 0.0066
2025-11-23 06:33:11.776321: train_loss -0.7121
2025-11-23 06:33:11.776638: val_loss -0.6884
2025-11-23 06:33:11.776743: Pseudo dice [np.float32(0.8949), np.float32(0.7593), np.float32(0.0)]
2025-11-23 06:33:11.776844: Epoch time: 68.54 s
2025-11-23 06:33:13.188145: 
2025-11-23 06:33:13.188310: Epoch 371
2025-11-23 06:33:13.188422: Current learning rate: 0.00659
2025-11-23 06:34:19.128417: train_loss -0.7166
2025-11-23 06:34:19.128684: val_loss -0.6813
2025-11-23 06:34:19.128785: Pseudo dice [np.float32(0.8984), np.float32(0.7582), np.float32(0.0)]
2025-11-23 06:34:19.128886: Epoch time: 65.94 s
2025-11-23 06:34:20.354621: 
2025-11-23 06:34:20.354873: Epoch 372
2025-11-23 06:34:20.355021: Current learning rate: 0.00658
2025-11-23 06:35:29.892828: train_loss -0.7084
2025-11-23 06:35:29.893078: val_loss -0.6772
2025-11-23 06:35:29.893182: Pseudo dice [np.float32(0.9067), np.float32(0.7734), np.float32(0.0)]
2025-11-23 06:35:29.893283: Epoch time: 69.54 s
2025-11-23 06:35:31.272470: 
2025-11-23 06:35:31.272644: Epoch 373
2025-11-23 06:35:31.272755: Current learning rate: 0.00657
2025-11-23 06:36:38.807212: train_loss -0.7182
2025-11-23 06:36:38.807505: val_loss -0.664
2025-11-23 06:36:38.807610: Pseudo dice [np.float32(0.8984), np.float32(0.7687), np.float32(0.0)]
2025-11-23 06:36:38.807711: Epoch time: 67.54 s
2025-11-23 06:36:40.560207: 
2025-11-23 06:36:40.560394: Epoch 374
2025-11-23 06:36:40.560508: Current learning rate: 0.00656
2025-11-23 06:37:50.190965: train_loss -0.7194
2025-11-23 06:37:50.191315: val_loss -0.6754
2025-11-23 06:37:50.191421: Pseudo dice [np.float32(0.9032), np.float32(0.7616), np.float32(0.0)]
2025-11-23 06:37:50.191525: Epoch time: 69.63 s
2025-11-23 06:37:52.398036: 
2025-11-23 06:37:52.398246: Epoch 375
2025-11-23 06:37:52.398359: Current learning rate: 0.00655
2025-11-23 06:38:58.277365: train_loss -0.719
2025-11-23 06:38:58.277610: val_loss -0.676
2025-11-23 06:38:58.277712: Pseudo dice [np.float32(0.8915), np.float32(0.7485), np.float32(0.0)]
2025-11-23 06:38:58.277810: Epoch time: 65.88 s
2025-11-23 06:38:59.438734: 
2025-11-23 06:38:59.439033: Epoch 376
2025-11-23 06:38:59.439183: Current learning rate: 0.00654
2025-11-23 06:40:04.523307: train_loss -0.7234
2025-11-23 06:40:04.523570: val_loss -0.6838
2025-11-23 06:40:04.523672: Pseudo dice [np.float32(0.9134), np.float32(0.7727), np.float32(0.0)]
2025-11-23 06:40:04.523773: Epoch time: 65.09 s
2025-11-23 06:40:05.665444: 
2025-11-23 06:40:05.665706: Epoch 377
2025-11-23 06:40:05.665835: Current learning rate: 0.00653
2025-11-23 06:41:16.609249: train_loss -0.7032
2025-11-23 06:41:16.610832: val_loss -0.66
2025-11-23 06:41:16.610947: Pseudo dice [np.float32(0.9007), np.float32(0.7567), np.float32(0.0)]
2025-11-23 06:41:16.611046: Epoch time: 70.94 s
2025-11-23 06:41:18.923680: 
2025-11-23 06:41:18.923903: Epoch 378
2025-11-23 06:41:18.924031: Current learning rate: 0.00652
2025-11-23 06:42:29.497022: train_loss -0.7225
2025-11-23 06:42:29.497289: val_loss -0.6675
2025-11-23 06:42:29.497395: Pseudo dice [np.float32(0.9109), np.float32(0.7725), np.float32(0.0)]
2025-11-23 06:42:29.497495: Epoch time: 70.57 s
2025-11-23 06:42:30.665617: 
2025-11-23 06:42:30.665819: Epoch 379
2025-11-23 06:42:30.665941: Current learning rate: 0.00651
2025-11-23 06:43:42.925836: train_loss -0.7157
2025-11-23 06:43:42.926160: val_loss -0.6995
2025-11-23 06:43:42.926270: Pseudo dice [np.float32(0.9053), np.float32(0.7749), np.float32(0.0)]
2025-11-23 06:43:42.926375: Epoch time: 72.26 s
2025-11-23 06:43:44.315444: 
2025-11-23 06:43:44.315643: Epoch 380
2025-11-23 06:43:44.315758: Current learning rate: 0.0065
2025-11-23 06:44:55.041200: train_loss -0.7112
2025-11-23 06:44:55.044139: val_loss -0.7052
2025-11-23 06:44:55.044253: Pseudo dice [np.float32(0.9006), np.float32(0.7574), np.float32(0.0)]
2025-11-23 06:44:55.044349: Epoch time: 70.73 s
2025-11-23 06:44:56.401361: 
2025-11-23 06:44:56.401533: Epoch 381
2025-11-23 06:44:56.401646: Current learning rate: 0.00649
2025-11-23 06:46:06.426905: train_loss -0.7207
2025-11-23 06:46:06.427183: val_loss -0.6364
2025-11-23 06:46:06.427286: Pseudo dice [np.float32(0.8956), np.float32(0.7665), np.float32(0.0)]
2025-11-23 06:46:06.427386: Epoch time: 70.03 s
2025-11-23 06:46:07.579176: 
2025-11-23 06:46:07.579339: Epoch 382
2025-11-23 06:46:07.579448: Current learning rate: 0.00648
2025-11-23 06:47:14.260336: train_loss -0.7229
2025-11-23 06:47:14.260581: val_loss -0.6791
2025-11-23 06:47:14.260685: Pseudo dice [np.float32(0.902), np.float32(0.7551), np.float32(0.0)]
2025-11-23 06:47:14.260787: Epoch time: 66.68 s
2025-11-23 06:47:15.334939: 
2025-11-23 06:47:15.335205: Epoch 383
2025-11-23 06:47:15.335328: Current learning rate: 0.00648
2025-11-23 06:48:23.856927: train_loss -0.7358
2025-11-23 06:48:23.859801: val_loss -0.644
2025-11-23 06:48:23.859905: Pseudo dice [np.float32(0.904), np.float32(0.7599), np.float32(0.0)]
2025-11-23 06:48:23.860006: Epoch time: 68.52 s
2025-11-23 06:48:25.108322: 
2025-11-23 06:48:25.108490: Epoch 384
2025-11-23 06:48:25.108599: Current learning rate: 0.00647
2025-11-23 06:49:29.981403: train_loss -0.7127
2025-11-23 06:49:29.981663: val_loss -0.6956
2025-11-23 06:49:29.981769: Pseudo dice [np.float32(0.9036), np.float32(0.777), np.float32(0.0)]
2025-11-23 06:49:29.981872: Epoch time: 64.87 s
2025-11-23 06:49:31.226854: 
2025-11-23 06:49:31.227079: Epoch 385
2025-11-23 06:49:31.227225: Current learning rate: 0.00646
2025-11-23 06:50:41.129264: train_loss -0.721
2025-11-23 06:50:41.129518: val_loss -0.6567
2025-11-23 06:50:41.129620: Pseudo dice [np.float32(0.8749), np.float32(0.7719), np.float32(0.0)]
2025-11-23 06:50:41.129720: Epoch time: 69.9 s
2025-11-23 06:50:42.369991: 
2025-11-23 06:50:42.370164: Epoch 386
2025-11-23 06:50:42.370300: Current learning rate: 0.00645
2025-11-23 06:51:50.169173: train_loss -0.7243
2025-11-23 06:51:50.169503: val_loss -0.7228
2025-11-23 06:51:50.169610: Pseudo dice [np.float32(0.8986), np.float32(0.7764), np.float32(0.0)]
2025-11-23 06:51:50.169712: Epoch time: 67.8 s
2025-11-23 06:51:51.836915: 
2025-11-23 06:51:51.837103: Epoch 387
2025-11-23 06:51:51.837212: Current learning rate: 0.00644
2025-11-23 06:53:05.127476: train_loss -0.7143
2025-11-23 06:53:05.127723: val_loss -0.657
2025-11-23 06:53:05.127827: Pseudo dice [np.float32(0.8991), np.float32(0.7643), np.float32(0.0)]
2025-11-23 06:53:05.127927: Epoch time: 73.29 s
2025-11-23 06:53:06.283762: 
2025-11-23 06:53:06.284023: Epoch 388
2025-11-23 06:53:06.284144: Current learning rate: 0.00643
2025-11-23 06:54:11.943942: train_loss -0.7364
2025-11-23 06:54:11.944269: val_loss -0.6747
2025-11-23 06:54:11.944372: Pseudo dice [np.float32(0.8944), np.float32(0.7819), np.float32(0.0)]
2025-11-23 06:54:11.944476: Epoch time: 65.66 s
2025-11-23 06:54:13.443764: 
2025-11-23 06:54:13.443943: Epoch 389
2025-11-23 06:54:13.444064: Current learning rate: 0.00642
2025-11-23 06:55:23.007877: train_loss -0.7221
2025-11-23 06:55:23.008203: val_loss -0.6889
2025-11-23 06:55:23.008306: Pseudo dice [np.float32(0.8947), np.float32(0.755), np.float32(0.0)]
2025-11-23 06:55:23.008404: Epoch time: 69.57 s
2025-11-23 06:55:25.285422: 
2025-11-23 06:55:25.285725: Epoch 390
2025-11-23 06:55:25.285840: Current learning rate: 0.00641
2025-11-23 06:56:34.213063: train_loss -0.7051
2025-11-23 06:56:34.213401: val_loss -0.6964
2025-11-23 06:56:34.213505: Pseudo dice [np.float32(0.8987), np.float32(0.7663), np.float32(0.0)]
2025-11-23 06:56:34.213605: Epoch time: 68.93 s
2025-11-23 06:56:35.390014: 
2025-11-23 06:56:35.390229: Epoch 391
2025-11-23 06:56:35.390356: Current learning rate: 0.0064
2025-11-23 06:57:42.404139: train_loss -0.7229
2025-11-23 06:57:42.404384: val_loss -0.6438
2025-11-23 06:57:42.404485: Pseudo dice [np.float32(0.8996), np.float32(0.767), np.float32(0.0)]
2025-11-23 06:57:42.404585: Epoch time: 67.02 s
2025-11-23 06:57:43.708943: 
2025-11-23 06:57:43.709118: Epoch 392
2025-11-23 06:57:43.709225: Current learning rate: 0.00639
2025-11-23 06:58:47.881007: train_loss -0.7224
2025-11-23 06:58:47.881229: val_loss -0.6981
2025-11-23 06:58:47.881329: Pseudo dice [np.float32(0.9036), np.float32(0.769), np.float32(0.0)]
2025-11-23 06:58:47.881428: Epoch time: 64.17 s
2025-11-23 06:58:49.712617: 
2025-11-23 06:58:49.712908: Epoch 393
2025-11-23 06:58:49.713033: Current learning rate: 0.00638
2025-11-23 06:59:56.310699: train_loss -0.7292
2025-11-23 06:59:56.312003: val_loss -0.6501
2025-11-23 06:59:56.312118: Pseudo dice [np.float32(0.8928), np.float32(0.7579), np.float32(0.0)]
2025-11-23 06:59:56.312222: Epoch time: 66.6 s
2025-11-23 06:59:57.934793: 
2025-11-23 06:59:57.935075: Epoch 394
2025-11-23 06:59:57.935218: Current learning rate: 0.00637
2025-11-23 07:01:00.909885: train_loss -0.6895
2025-11-23 07:01:00.910155: val_loss -0.6996
2025-11-23 07:01:00.910263: Pseudo dice [np.float32(0.8927), np.float32(0.7756), np.float32(0.0)]
2025-11-23 07:01:00.910365: Epoch time: 62.98 s
2025-11-23 07:01:02.068538: 
2025-11-23 07:01:02.068712: Epoch 395
2025-11-23 07:01:02.068829: Current learning rate: 0.00636
2025-11-23 07:02:10.917649: train_loss -0.6958
2025-11-23 07:02:10.917859: val_loss -0.6685
2025-11-23 07:02:10.917958: Pseudo dice [np.float32(0.8929), np.float32(0.7698), np.float32(0.0)]
2025-11-23 07:02:10.918064: Epoch time: 68.85 s
2025-11-23 07:02:12.426457: 
2025-11-23 07:02:12.426734: Epoch 396
2025-11-23 07:02:12.426860: Current learning rate: 0.00635
2025-11-23 07:03:19.504156: train_loss -0.7162
2025-11-23 07:03:19.504422: val_loss -0.6678
2025-11-23 07:03:19.504527: Pseudo dice [np.float32(0.9004), np.float32(0.755), np.float32(0.0)]
2025-11-23 07:03:19.504631: Epoch time: 67.08 s
2025-11-23 07:03:22.005675: 
2025-11-23 07:03:22.005922: Epoch 397
2025-11-23 07:03:22.006138: Current learning rate: 0.00634
2025-11-23 07:04:29.760298: train_loss -0.7369
2025-11-23 07:04:29.760529: val_loss -0.6858
2025-11-23 07:04:29.760630: Pseudo dice [np.float32(0.9024), np.float32(0.7631), np.float32(0.0)]
2025-11-23 07:04:29.760728: Epoch time: 67.76 s
2025-11-23 07:04:31.002717: 
2025-11-23 07:04:31.002893: Epoch 398
2025-11-23 07:04:31.003014: Current learning rate: 0.00633
2025-11-23 07:05:35.421828: train_loss -0.7248
2025-11-23 07:05:35.422074: val_loss -0.6816
2025-11-23 07:05:35.422179: Pseudo dice [np.float32(0.9081), np.float32(0.7804), np.float32(0.0)]
2025-11-23 07:05:35.422276: Epoch time: 64.42 s
2025-11-23 07:05:36.581520: 
2025-11-23 07:05:36.581690: Epoch 399
2025-11-23 07:05:36.581801: Current learning rate: 0.00632
2025-11-23 07:06:41.886279: train_loss -0.7174
2025-11-23 07:06:41.886631: val_loss -0.6847
2025-11-23 07:06:41.886737: Pseudo dice [np.float32(0.8961), np.float32(0.7678), np.float32(0.0)]
2025-11-23 07:06:41.886922: Epoch time: 65.31 s
2025-11-23 07:06:43.359801: 
2025-11-23 07:06:43.359965: Epoch 400
2025-11-23 07:06:43.360078: Current learning rate: 0.00631
2025-11-23 07:07:49.379318: train_loss -0.719
2025-11-23 07:07:49.379564: val_loss -0.6594
2025-11-23 07:07:49.379666: Pseudo dice [np.float32(0.8927), np.float32(0.7492), np.float32(0.0)]
2025-11-23 07:07:49.379766: Epoch time: 66.02 s
2025-11-23 07:07:50.842020: 
2025-11-23 07:07:50.842219: Epoch 401
2025-11-23 07:07:50.842337: Current learning rate: 0.0063
2025-11-23 07:08:59.244666: train_loss -0.7214
2025-11-23 07:08:59.244929: val_loss -0.6734
2025-11-23 07:08:59.245076: Pseudo dice [np.float32(0.9114), np.float32(0.7729), np.float32(0.0)]
2025-11-23 07:08:59.245179: Epoch time: 68.4 s
2025-11-23 07:09:00.390096: 
2025-11-23 07:09:00.390274: Epoch 402
2025-11-23 07:09:00.390363: Current learning rate: 0.0063
2025-11-23 07:10:07.579787: train_loss -0.7259
2025-11-23 07:10:07.580124: val_loss -0.6751
2025-11-23 07:10:07.580230: Pseudo dice [np.float32(0.907), np.float32(0.7662), np.float32(0.0)]
2025-11-23 07:10:07.580333: Epoch time: 67.19 s
2025-11-23 07:10:08.780004: 
2025-11-23 07:10:08.780259: Epoch 403
2025-11-23 07:10:08.780414: Current learning rate: 0.00629
2025-11-23 07:11:17.848027: train_loss -0.7356
2025-11-23 07:11:17.848320: val_loss -0.6625
2025-11-23 07:11:17.848425: Pseudo dice [np.float32(0.9119), np.float32(0.7735), np.float32(0.0)]
2025-11-23 07:11:17.848525: Epoch time: 69.07 s
2025-11-23 07:11:19.337369: 
2025-11-23 07:11:19.337533: Epoch 404
2025-11-23 07:11:19.337706: Current learning rate: 0.00628
2025-11-23 07:12:27.290654: train_loss -0.7142
2025-11-23 07:12:27.290994: val_loss -0.6571
2025-11-23 07:12:27.291101: Pseudo dice [np.float32(0.9004), np.float32(0.7637), np.float32(0.0)]
2025-11-23 07:12:27.291202: Epoch time: 67.95 s
2025-11-23 07:12:28.862652: 
2025-11-23 07:12:28.862856: Epoch 405
2025-11-23 07:12:28.862999: Current learning rate: 0.00627
2025-11-23 07:13:37.530167: train_loss -0.7384
2025-11-23 07:13:37.530417: val_loss -0.6612
2025-11-23 07:13:37.530521: Pseudo dice [np.float32(0.9021), np.float32(0.7644), np.float32(0.0)]
2025-11-23 07:13:37.530620: Epoch time: 68.67 s
2025-11-23 07:13:39.418634: 
2025-11-23 07:13:39.418813: Epoch 406
2025-11-23 07:13:39.418919: Current learning rate: 0.00626
2025-11-23 07:14:49.038768: train_loss -0.725
2025-11-23 07:14:49.039048: val_loss -0.6504
2025-11-23 07:14:49.039154: Pseudo dice [np.float32(0.9005), np.float32(0.7602), np.float32(0.0)]
2025-11-23 07:14:49.039320: Epoch time: 69.62 s
2025-11-23 07:14:50.259236: 
2025-11-23 07:14:50.259407: Epoch 407
2025-11-23 07:14:50.259548: Current learning rate: 0.00625
2025-11-23 07:15:58.094059: train_loss -0.7236
2025-11-23 07:15:58.096502: val_loss -0.6838
2025-11-23 07:15:58.096636: Pseudo dice [np.float32(0.8955), np.float32(0.7529), np.float32(0.0)]
2025-11-23 07:15:58.096741: Epoch time: 67.84 s
2025-11-23 07:15:59.391166: 
2025-11-23 07:15:59.391467: Epoch 408
2025-11-23 07:15:59.391612: Current learning rate: 0.00624
2025-11-23 07:17:06.050206: train_loss -0.7253
2025-11-23 07:17:06.051869: val_loss -0.6799
2025-11-23 07:17:06.051992: Pseudo dice [np.float32(0.8962), np.float32(0.759), np.float32(0.0)]
2025-11-23 07:17:06.052088: Epoch time: 66.66 s
2025-11-23 07:17:07.267554: 
2025-11-23 07:17:07.267738: Epoch 409
2025-11-23 07:17:07.267856: Current learning rate: 0.00623
2025-11-23 07:18:12.784922: train_loss -0.7414
2025-11-23 07:18:12.785178: val_loss -0.6662
2025-11-23 07:18:12.785314: Pseudo dice [np.float32(0.9004), np.float32(0.7708), np.float32(0.0)]
2025-11-23 07:18:12.785505: Epoch time: 65.52 s
2025-11-23 07:18:13.982067: 
2025-11-23 07:18:13.982242: Epoch 410
2025-11-23 07:18:13.982354: Current learning rate: 0.00622
2025-11-23 07:19:21.236443: train_loss -0.7211
2025-11-23 07:19:21.236697: val_loss -0.6545
2025-11-23 07:19:21.236816: Pseudo dice [np.float32(0.9105), np.float32(0.7697), np.float32(0.0)]
2025-11-23 07:19:21.242126: Epoch time: 67.26 s
2025-11-23 07:19:22.430385: 
2025-11-23 07:19:22.430541: Epoch 411
2025-11-23 07:19:22.430634: Current learning rate: 0.00621
2025-11-23 07:20:27.923542: train_loss -0.7118
2025-11-23 07:20:27.923805: val_loss -0.681
2025-11-23 07:20:27.923910: Pseudo dice [np.float32(0.9026), np.float32(0.7732), np.float32(0.0)]
2025-11-23 07:20:27.924021: Epoch time: 65.49 s
2025-11-23 07:20:29.752165: 
2025-11-23 07:20:29.752401: Epoch 412
2025-11-23 07:20:29.752558: Current learning rate: 0.0062
2025-11-23 07:21:36.814128: train_loss -0.7209
2025-11-23 07:21:36.814444: val_loss -0.7115
2025-11-23 07:21:36.814546: Pseudo dice [np.float32(0.8976), np.float32(0.7752), np.float32(0.0)]
2025-11-23 07:21:36.814644: Epoch time: 67.06 s
2025-11-23 07:21:37.867555: 
2025-11-23 07:21:37.867725: Epoch 413
2025-11-23 07:21:37.867835: Current learning rate: 0.00619
2025-11-23 07:22:45.424278: train_loss -0.717
2025-11-23 07:22:45.424520: val_loss -0.6823
2025-11-23 07:22:45.424619: Pseudo dice [np.float32(0.9029), np.float32(0.7526), np.float32(0.0)]
2025-11-23 07:22:45.424715: Epoch time: 67.56 s
2025-11-23 07:22:46.727852: 
2025-11-23 07:22:46.728029: Epoch 414
2025-11-23 07:22:46.728141: Current learning rate: 0.00618
2025-11-23 07:23:53.127302: train_loss -0.7368
2025-11-23 07:23:53.127557: val_loss -0.6882
2025-11-23 07:23:53.127659: Pseudo dice [np.float32(0.9072), np.float32(0.7681), np.float32(0.0)]
2025-11-23 07:23:53.127761: Epoch time: 66.4 s
2025-11-23 07:23:54.519321: 
2025-11-23 07:23:54.519563: Epoch 415
2025-11-23 07:23:54.519677: Current learning rate: 0.00617
2025-11-23 07:25:03.859947: train_loss -0.7205
2025-11-23 07:25:03.860212: val_loss -0.6506
2025-11-23 07:25:03.860315: Pseudo dice [np.float32(0.8914), np.float32(0.7754), np.float32(0.0)]
2025-11-23 07:25:03.860538: Epoch time: 69.34 s
2025-11-23 07:25:05.000762: 
2025-11-23 07:25:05.000934: Epoch 416
2025-11-23 07:25:05.001057: Current learning rate: 0.00616
2025-11-23 07:26:12.748513: train_loss -0.7178
2025-11-23 07:26:12.748890: val_loss -0.6536
2025-11-23 07:26:12.749084: Pseudo dice [np.float32(0.8994), np.float32(0.7594), np.float32(0.0)]
2025-11-23 07:26:12.749233: Epoch time: 67.75 s
2025-11-23 07:26:13.872123: 
2025-11-23 07:26:13.872305: Epoch 417
2025-11-23 07:26:13.872420: Current learning rate: 0.00615
2025-11-23 07:27:24.426130: train_loss -0.7192
2025-11-23 07:27:24.426450: val_loss -0.6532
2025-11-23 07:27:24.426551: Pseudo dice [np.float32(0.9045), np.float32(0.7694), np.float32(0.0)]
2025-11-23 07:27:24.426650: Epoch time: 70.55 s
2025-11-23 07:27:25.598105: 
2025-11-23 07:27:25.598266: Epoch 418
2025-11-23 07:27:25.598371: Current learning rate: 0.00614
2025-11-23 07:28:35.021919: train_loss -0.7142
2025-11-23 07:28:35.022253: val_loss -0.6843
2025-11-23 07:28:35.022358: Pseudo dice [np.float32(0.9047), np.float32(0.7694), np.float32(0.0)]
2025-11-23 07:28:35.022459: Epoch time: 69.42 s
2025-11-23 07:28:36.452843: 
2025-11-23 07:28:36.453008: Epoch 419
2025-11-23 07:28:36.453121: Current learning rate: 0.00613
2025-11-23 07:29:44.932359: train_loss -0.7254
2025-11-23 07:29:44.934612: val_loss -0.6802
2025-11-23 07:29:44.934714: Pseudo dice [np.float32(0.9128), np.float32(0.7654), np.float32(0.0)]
2025-11-23 07:29:44.934805: Epoch time: 68.48 s
2025-11-23 07:29:47.021708: 
2025-11-23 07:29:47.021899: Epoch 420
2025-11-23 07:29:47.022026: Current learning rate: 0.00612
2025-11-23 07:30:54.300315: train_loss -0.709
2025-11-23 07:30:54.302705: val_loss -0.6582
2025-11-23 07:30:54.302815: Pseudo dice [np.float32(0.896), np.float32(0.7594), np.float32(0.0)]
2025-11-23 07:30:54.302909: Epoch time: 67.28 s
2025-11-23 07:30:55.591704: 
2025-11-23 07:30:55.626123: Epoch 421
2025-11-23 07:30:55.626331: Current learning rate: 0.00612
2025-11-23 07:32:03.847224: train_loss -0.7066
2025-11-23 07:32:03.847561: val_loss -0.6821
2025-11-23 07:32:03.847664: Pseudo dice [np.float32(0.9074), np.float32(0.78), np.float32(0.0)]
2025-11-23 07:32:03.847761: Epoch time: 68.26 s
2025-11-23 07:32:05.305764: 
2025-11-23 07:32:05.323934: Epoch 422
2025-11-23 07:32:05.324129: Current learning rate: 0.00611
2025-11-23 07:33:13.423097: train_loss -0.711
2025-11-23 07:33:13.423436: val_loss -0.7136
2025-11-23 07:33:13.423543: Pseudo dice [np.float32(0.9041), np.float32(0.773), np.float32(0.0)]
2025-11-23 07:33:13.423643: Epoch time: 68.12 s
2025-11-23 07:33:14.924778: 
2025-11-23 07:33:14.924956: Epoch 423
2025-11-23 07:33:14.925072: Current learning rate: 0.0061
2025-11-23 07:34:21.809838: train_loss -0.6861
2025-11-23 07:34:21.810157: val_loss -0.6494
2025-11-23 07:34:21.810264: Pseudo dice [np.float32(0.8948), np.float32(0.7567), np.float32(0.0)]
2025-11-23 07:34:21.810363: Epoch time: 66.89 s
2025-11-23 07:34:22.990440: 
2025-11-23 07:34:22.990705: Epoch 424
2025-11-23 07:34:22.990825: Current learning rate: 0.00609
2025-11-23 07:35:34.658570: train_loss -0.722
2025-11-23 07:35:34.658816: val_loss -0.6895
2025-11-23 07:35:34.658918: Pseudo dice [np.float32(0.901), np.float32(0.771), np.float32(0.0)]
2025-11-23 07:35:34.659027: Epoch time: 71.67 s
2025-11-23 07:35:35.997552: 
2025-11-23 07:35:35.997783: Epoch 425
2025-11-23 07:35:35.997915: Current learning rate: 0.00608
2025-11-23 07:36:43.597688: train_loss -0.7254
2025-11-23 07:36:43.598044: val_loss -0.6945
2025-11-23 07:36:43.598154: Pseudo dice [np.float32(0.9082), np.float32(0.7742), np.float32(0.0)]
2025-11-23 07:36:43.598256: Epoch time: 67.6 s
2025-11-23 07:36:45.117992: 
2025-11-23 07:36:45.118231: Epoch 426
2025-11-23 07:36:45.118346: Current learning rate: 0.00607
2025-11-23 07:37:54.512085: train_loss -0.7113
2025-11-23 07:37:54.512336: val_loss -0.6828
2025-11-23 07:37:54.512441: Pseudo dice [np.float32(0.9025), np.float32(0.7604), np.float32(0.0)]
2025-11-23 07:37:54.527888: Epoch time: 69.4 s
2025-11-23 07:37:56.313582: 
2025-11-23 07:37:56.313770: Epoch 427
2025-11-23 07:37:56.313885: Current learning rate: 0.00606
2025-11-23 07:39:04.243914: train_loss -0.7253
2025-11-23 07:39:04.244156: val_loss -0.6535
2025-11-23 07:39:04.244263: Pseudo dice [np.float32(0.902), np.float32(0.7773), np.float32(0.0)]
2025-11-23 07:39:04.244365: Epoch time: 67.93 s
2025-11-23 07:39:05.377359: 
2025-11-23 07:39:05.377530: Epoch 428
2025-11-23 07:39:05.377642: Current learning rate: 0.00605
2025-11-23 07:40:12.416075: train_loss -0.7209
2025-11-23 07:40:12.416347: val_loss -0.6703
2025-11-23 07:40:12.416450: Pseudo dice [np.float32(0.9048), np.float32(0.764), np.float32(0.0)]
2025-11-23 07:40:12.416553: Epoch time: 67.04 s
2025-11-23 07:40:13.644104: 
2025-11-23 07:40:13.644298: Epoch 429
2025-11-23 07:40:13.644463: Current learning rate: 0.00604
2025-11-23 07:41:23.114487: train_loss -0.7185
2025-11-23 07:41:23.116207: val_loss -0.6438
2025-11-23 07:41:23.116311: Pseudo dice [np.float32(0.9), np.float32(0.7626), np.float32(0.0)]
2025-11-23 07:41:23.116405: Epoch time: 69.47 s
2025-11-23 07:41:25.071413: 
2025-11-23 07:41:25.071604: Epoch 430
2025-11-23 07:41:25.071718: Current learning rate: 0.00603
2025-11-23 07:42:36.884645: train_loss -0.7092
2025-11-23 07:42:36.884892: val_loss -0.6952
2025-11-23 07:42:36.885003: Pseudo dice [np.float32(0.9073), np.float32(0.775), np.float32(0.0)]
2025-11-23 07:42:36.885104: Epoch time: 71.81 s
2025-11-23 07:42:38.084636: 
2025-11-23 07:42:38.084808: Epoch 431
2025-11-23 07:42:38.084916: Current learning rate: 0.00602
2025-11-23 07:43:49.791934: train_loss -0.7288
2025-11-23 07:43:49.792175: val_loss -0.6813
2025-11-23 07:43:49.792281: Pseudo dice [np.float32(0.912), np.float32(0.7761), np.float32(0.0)]
2025-11-23 07:43:49.792380: Epoch time: 71.71 s
2025-11-23 07:43:51.276897: 
2025-11-23 07:43:51.277069: Epoch 432
2025-11-23 07:43:51.277180: Current learning rate: 0.00601
2025-11-23 07:45:01.942290: train_loss -0.7125
2025-11-23 07:45:01.942523: val_loss -0.7037
2025-11-23 07:45:01.942626: Pseudo dice [np.float32(0.9109), np.float32(0.7675), np.float32(0.0)]
2025-11-23 07:45:01.942723: Epoch time: 70.67 s
2025-11-23 07:45:03.110802: 
2025-11-23 07:45:03.110991: Epoch 433
2025-11-23 07:45:03.111109: Current learning rate: 0.006
2025-11-23 07:46:11.638937: train_loss -0.726
2025-11-23 07:46:11.639181: val_loss -0.6831
2025-11-23 07:46:11.639282: Pseudo dice [np.float32(0.9054), np.float32(0.761), np.float32(0.0)]
2025-11-23 07:46:11.639381: Epoch time: 68.53 s
2025-11-23 07:46:13.362334: 
2025-11-23 07:46:13.362516: Epoch 434
2025-11-23 07:46:13.362633: Current learning rate: 0.00599
2025-11-23 07:47:20.326732: train_loss -0.7111
2025-11-23 07:47:20.327007: val_loss -0.659
2025-11-23 07:47:20.327113: Pseudo dice [np.float32(0.9052), np.float32(0.7536), np.float32(0.0)]
2025-11-23 07:47:20.327216: Epoch time: 66.97 s
2025-11-23 07:47:21.479208: 
2025-11-23 07:47:21.479489: Epoch 435
2025-11-23 07:47:21.479608: Current learning rate: 0.00598
2025-11-23 07:48:29.222689: train_loss -0.7017
2025-11-23 07:48:29.223001: val_loss -0.69
2025-11-23 07:48:29.223111: Pseudo dice [np.float32(0.9041), np.float32(0.7578), np.float32(0.0)]
2025-11-23 07:48:29.223211: Epoch time: 67.74 s
2025-11-23 07:48:30.942051: 
2025-11-23 07:48:30.942264: Epoch 436
2025-11-23 07:48:30.942382: Current learning rate: 0.00597
2025-11-23 07:49:36.915949: train_loss -0.7102
2025-11-23 07:49:36.916309: val_loss -0.7092
2025-11-23 07:49:36.916415: Pseudo dice [np.float32(0.8999), np.float32(0.7699), np.float32(0.0)]
2025-11-23 07:49:36.916516: Epoch time: 65.97 s
2025-11-23 07:49:38.389188: 
2025-11-23 07:49:38.389427: Epoch 437
2025-11-23 07:49:38.389545: Current learning rate: 0.00596
2025-11-23 07:50:47.967954: train_loss -0.7164
2025-11-23 07:50:47.968225: val_loss -0.6317
2025-11-23 07:50:47.968330: Pseudo dice [np.float32(0.9014), np.float32(0.7752), np.float32(0.0)]
2025-11-23 07:50:47.968434: Epoch time: 69.58 s
2025-11-23 07:50:49.098366: 
2025-11-23 07:50:49.098578: Epoch 438
2025-11-23 07:50:49.098690: Current learning rate: 0.00595
2025-11-23 07:51:55.374347: train_loss -0.7092
2025-11-23 07:51:55.374610: val_loss -0.7007
2025-11-23 07:51:55.374718: Pseudo dice [np.float32(0.9006), np.float32(0.7529), np.float32(0.0)]
2025-11-23 07:51:55.374819: Epoch time: 66.28 s
2025-11-23 07:51:56.767302: 
2025-11-23 07:51:56.767519: Epoch 439
2025-11-23 07:51:56.767636: Current learning rate: 0.00594
2025-11-23 07:53:01.446531: train_loss -0.7183
2025-11-23 07:53:01.448225: val_loss -0.6842
2025-11-23 07:53:01.448359: Pseudo dice [np.float32(0.9084), np.float32(0.7753), np.float32(0.0)]
2025-11-23 07:53:01.448462: Epoch time: 64.68 s
2025-11-23 07:53:02.679132: 
2025-11-23 07:53:02.679317: Epoch 440
2025-11-23 07:53:02.679434: Current learning rate: 0.00593
2025-11-23 07:54:10.589530: train_loss -0.7244
2025-11-23 07:54:10.589803: val_loss -0.6331
2025-11-23 07:54:10.589899: Pseudo dice [np.float32(0.9015), np.float32(0.7659), np.float32(0.0)]
2025-11-23 07:54:10.590026: Epoch time: 67.91 s
2025-11-23 07:54:12.080441: 
2025-11-23 07:54:12.080642: Epoch 441
2025-11-23 07:54:12.080765: Current learning rate: 0.00592
2025-11-23 07:55:21.603439: train_loss -0.7213
2025-11-23 07:55:21.603751: val_loss -0.6852
2025-11-23 07:55:21.603856: Pseudo dice [np.float32(0.8977), np.float32(0.7724), np.float32(0.0)]
2025-11-23 07:55:21.603956: Epoch time: 69.52 s
2025-11-23 07:55:22.740195: 
2025-11-23 07:55:22.740362: Epoch 442
2025-11-23 07:55:22.740472: Current learning rate: 0.00592
2025-11-23 07:56:31.247704: train_loss -0.728
2025-11-23 07:56:31.247960: val_loss -0.6492
2025-11-23 07:56:31.248076: Pseudo dice [np.float32(0.9025), np.float32(0.7728), np.float32(0.0)]
2025-11-23 07:56:31.248177: Epoch time: 68.51 s
2025-11-23 07:56:32.501028: 
2025-11-23 07:56:32.501206: Epoch 443
2025-11-23 07:56:32.501320: Current learning rate: 0.00591
2025-11-23 07:57:43.703609: train_loss -0.7237
2025-11-23 07:57:43.703852: val_loss -0.7068
2025-11-23 07:57:43.703955: Pseudo dice [np.float32(0.9112), np.float32(0.7781), np.float32(0.0)]
2025-11-23 07:57:43.704061: Epoch time: 71.2 s
2025-11-23 07:57:44.839480: 
2025-11-23 07:57:44.839760: Epoch 444
2025-11-23 07:57:44.839890: Current learning rate: 0.0059
2025-11-23 07:58:52.738597: train_loss -0.7228
2025-11-23 07:58:52.740392: val_loss -0.6943
2025-11-23 07:58:52.740504: Pseudo dice [np.float32(0.9118), np.float32(0.7665), np.float32(0.0)]
2025-11-23 07:58:52.740673: Epoch time: 67.9 s
2025-11-23 07:58:54.671815: 
2025-11-23 07:58:54.671999: Epoch 445
2025-11-23 07:58:54.672181: Current learning rate: 0.00589
2025-11-23 08:00:06.557952: train_loss -0.7113
2025-11-23 08:00:06.558217: val_loss -0.6607
2025-11-23 08:00:06.558320: Pseudo dice [np.float32(0.9092), np.float32(0.7767), np.float32(0.0)]
2025-11-23 08:00:06.558419: Epoch time: 71.89 s
2025-11-23 08:00:07.790003: 
2025-11-23 08:00:07.790180: Epoch 446
2025-11-23 08:00:07.790354: Current learning rate: 0.00588
2025-11-23 08:01:12.992540: train_loss -0.7187
2025-11-23 08:01:12.992790: val_loss -0.6778
2025-11-23 08:01:12.992896: Pseudo dice [np.float32(0.9014), np.float32(0.7569), np.float32(0.0)]
2025-11-23 08:01:12.993003: Epoch time: 65.2 s
2025-11-23 08:01:14.202285: 
2025-11-23 08:01:14.202507: Epoch 447
2025-11-23 08:01:14.202646: Current learning rate: 0.00587
2025-11-23 08:02:24.691173: train_loss -0.7158
2025-11-23 08:02:24.691425: val_loss -0.6568
2025-11-23 08:02:24.691527: Pseudo dice [np.float32(0.8917), np.float32(0.768), np.float32(0.0)]
2025-11-23 08:02:24.691627: Epoch time: 70.49 s
2025-11-23 08:02:25.796616: 
2025-11-23 08:02:25.796822: Epoch 448
2025-11-23 08:02:25.796947: Current learning rate: 0.00586
2025-11-23 08:03:34.803505: train_loss -0.7137
2025-11-23 08:03:34.803725: val_loss -0.6758
2025-11-23 08:03:34.803828: Pseudo dice [np.float32(0.8959), np.float32(0.7844), np.float32(0.0)]
2025-11-23 08:03:34.803929: Epoch time: 69.01 s
2025-11-23 08:03:36.721770: 
2025-11-23 08:03:36.722038: Epoch 449
2025-11-23 08:03:36.722152: Current learning rate: 0.00585
2025-11-23 08:04:45.346286: train_loss -0.7268
2025-11-23 08:04:45.349397: val_loss -0.6448
2025-11-23 08:04:45.349540: Pseudo dice [np.float32(0.8993), np.float32(0.7695), np.float32(0.0)]
2025-11-23 08:04:45.349638: Epoch time: 68.63 s
2025-11-23 08:04:47.200215: 
2025-11-23 08:04:47.200384: Epoch 450
2025-11-23 08:04:47.200493: Current learning rate: 0.00584
2025-11-23 08:05:55.077473: train_loss -0.7135
2025-11-23 08:05:55.077726: val_loss -0.6938
2025-11-23 08:05:55.077831: Pseudo dice [np.float32(0.9109), np.float32(0.7642), np.float32(0.0)]
2025-11-23 08:05:55.077932: Epoch time: 67.88 s
2025-11-23 08:05:56.235272: 
2025-11-23 08:05:56.235540: Epoch 451
2025-11-23 08:05:56.235662: Current learning rate: 0.00583
2025-11-23 08:07:05.955846: train_loss -0.7184
2025-11-23 08:07:05.956131: val_loss -0.6973
2025-11-23 08:07:05.956238: Pseudo dice [np.float32(0.905), np.float32(0.779), np.float32(0.0)]
2025-11-23 08:07:05.956339: Epoch time: 69.72 s
2025-11-23 08:07:07.731869: 
2025-11-23 08:07:07.732134: Epoch 452
2025-11-23 08:07:07.732252: Current learning rate: 0.00582
2025-11-23 08:08:15.131454: train_loss -0.7299
2025-11-23 08:08:15.133869: val_loss -0.6592
2025-11-23 08:08:15.133997: Pseudo dice [np.float32(0.9086), np.float32(0.7693), np.float32(0.0)]
2025-11-23 08:08:15.134094: Epoch time: 67.4 s
2025-11-23 08:08:16.419212: 
2025-11-23 08:08:16.419390: Epoch 453
2025-11-23 08:08:16.419503: Current learning rate: 0.00581
2025-11-23 08:09:25.577513: train_loss -0.7099
2025-11-23 08:09:25.577777: val_loss -0.7087
2025-11-23 08:09:25.577881: Pseudo dice [np.float32(0.9024), np.float32(0.7756), np.float32(0.0)]
2025-11-23 08:09:25.577991: Epoch time: 69.16 s
2025-11-23 08:09:26.707356: 
2025-11-23 08:09:26.707526: Epoch 454
2025-11-23 08:09:26.707632: Current learning rate: 0.0058
2025-11-23 08:10:35.129773: train_loss -0.7116
2025-11-23 08:10:35.130114: val_loss -0.6615
2025-11-23 08:10:35.130220: Pseudo dice [np.float32(0.9069), np.float32(0.7709), np.float32(0.0)]
2025-11-23 08:10:35.130322: Epoch time: 68.42 s
2025-11-23 08:10:36.266590: 
2025-11-23 08:10:36.271766: Epoch 455
2025-11-23 08:10:36.271904: Current learning rate: 0.00579
2025-11-23 08:11:44.137658: train_loss -0.7248
2025-11-23 08:11:44.137900: val_loss -0.6564
2025-11-23 08:11:44.138012: Pseudo dice [np.float32(0.8934), np.float32(0.7524), np.float32(0.0)]
2025-11-23 08:11:44.138114: Epoch time: 67.87 s
2025-11-23 08:11:45.631075: 
2025-11-23 08:11:45.631287: Epoch 456
2025-11-23 08:11:45.631518: Current learning rate: 0.00578
2025-11-23 08:12:52.131618: train_loss -0.7142
2025-11-23 08:12:52.131927: val_loss -0.6742
2025-11-23 08:12:52.132044: Pseudo dice [np.float32(0.9026), np.float32(0.7697), np.float32(0.0)]
2025-11-23 08:12:52.132150: Epoch time: 66.5 s
2025-11-23 08:12:53.627633: 
2025-11-23 08:12:53.627827: Epoch 457
2025-11-23 08:12:53.627939: Current learning rate: 0.00577
2025-11-23 08:13:58.952548: train_loss -0.726
2025-11-23 08:13:58.952794: val_loss -0.7017
2025-11-23 08:13:58.952897: Pseudo dice [np.float32(0.9103), np.float32(0.7567), np.float32(0.0)]
2025-11-23 08:13:58.953009: Epoch time: 65.33 s
2025-11-23 08:13:59.988047: 
2025-11-23 08:13:59.988211: Epoch 458
2025-11-23 08:13:59.988315: Current learning rate: 0.00576
2025-11-23 08:15:08.802402: train_loss -0.7194
2025-11-23 08:15:08.802637: val_loss -0.6797
2025-11-23 08:15:08.802738: Pseudo dice [np.float32(0.8877), np.float32(0.7641), np.float32(0.0)]
2025-11-23 08:15:08.802837: Epoch time: 68.82 s
2025-11-23 08:15:10.159880: 
2025-11-23 08:15:10.160078: Epoch 459
2025-11-23 08:15:10.160192: Current learning rate: 0.00575
2025-11-23 08:16:16.684309: train_loss -0.7097
2025-11-23 08:16:16.684530: val_loss -0.6453
2025-11-23 08:16:16.684633: Pseudo dice [np.float32(0.8958), np.float32(0.7586), np.float32(0.0)]
2025-11-23 08:16:16.684730: Epoch time: 66.53 s
2025-11-23 08:16:18.225954: 
2025-11-23 08:16:18.226192: Epoch 460
2025-11-23 08:16:18.226307: Current learning rate: 0.00574
2025-11-23 08:17:26.289810: train_loss -0.7052
2025-11-23 08:17:26.291625: val_loss -0.6973
2025-11-23 08:17:26.291731: Pseudo dice [np.float32(0.9075), np.float32(0.7688), np.float32(0.0)]
2025-11-23 08:17:26.291833: Epoch time: 68.06 s
2025-11-23 08:17:27.836933: 
2025-11-23 08:17:27.837120: Epoch 461
2025-11-23 08:17:27.837233: Current learning rate: 0.00573
2025-11-23 08:18:39.138151: train_loss -0.7202
2025-11-23 08:18:39.138418: val_loss -0.7084
2025-11-23 08:18:39.138526: Pseudo dice [np.float32(0.8948), np.float32(0.7592), np.float32(0.0)]
2025-11-23 08:18:39.138629: Epoch time: 71.3 s
2025-11-23 08:18:40.258469: 
2025-11-23 08:18:40.258745: Epoch 462
2025-11-23 08:18:40.258898: Current learning rate: 0.00572
2025-11-23 08:19:50.268933: train_loss -0.7433
2025-11-23 08:19:50.269265: val_loss -0.6769
2025-11-23 08:19:50.269371: Pseudo dice [np.float32(0.8939), np.float32(0.779), np.float32(0.0)]
2025-11-23 08:19:50.269472: Epoch time: 70.01 s
2025-11-23 08:19:51.650185: 
2025-11-23 08:19:51.650369: Epoch 463
2025-11-23 08:19:51.650482: Current learning rate: 0.00571
2025-11-23 08:21:01.492341: train_loss -0.7309
2025-11-23 08:21:01.492588: val_loss -0.6415
2025-11-23 08:21:01.492689: Pseudo dice [np.float32(0.9057), np.float32(0.7669), np.float32(0.0)]
2025-11-23 08:21:01.492789: Epoch time: 69.84 s
2025-11-23 08:21:02.614284: 
2025-11-23 08:21:02.614468: Epoch 464
2025-11-23 08:21:02.614580: Current learning rate: 0.0057
2025-11-23 08:22:07.704072: train_loss -0.7274
2025-11-23 08:22:07.704348: val_loss -0.689
2025-11-23 08:22:07.704463: Pseudo dice [np.float32(0.9041), np.float32(0.7569), np.float32(0.0)]
2025-11-23 08:22:07.704565: Epoch time: 65.09 s
2025-11-23 08:22:08.821128: 
2025-11-23 08:22:08.821372: Epoch 465
2025-11-23 08:22:08.821497: Current learning rate: 0.0057
2025-11-23 08:23:16.863320: train_loss -0.7174
2025-11-23 08:23:16.865307: val_loss -0.6828
2025-11-23 08:23:16.865434: Pseudo dice [np.float32(0.9032), np.float32(0.7597), np.float32(0.0)]
2025-11-23 08:23:16.867300: Epoch time: 68.04 s
2025-11-23 08:23:18.054268: 
2025-11-23 08:23:18.054509: Epoch 466
2025-11-23 08:23:18.054673: Current learning rate: 0.00569
2025-11-23 08:24:24.412573: train_loss -0.719
2025-11-23 08:24:24.412907: val_loss -0.67
2025-11-23 08:24:24.413020: Pseudo dice [np.float32(0.9075), np.float32(0.7674), np.float32(0.0)]
2025-11-23 08:24:24.413121: Epoch time: 66.36 s
2025-11-23 08:24:26.400889: 
2025-11-23 08:24:26.401145: Epoch 467
2025-11-23 08:24:26.401265: Current learning rate: 0.00568
2025-11-23 08:25:34.650405: train_loss -0.7224
2025-11-23 08:25:34.650735: val_loss -0.6323
2025-11-23 08:25:34.650844: Pseudo dice [np.float32(0.9084), np.float32(0.7796), np.float32(0.0)]
2025-11-23 08:25:34.650944: Epoch time: 68.25 s
2025-11-23 08:25:36.278509: 
2025-11-23 08:25:36.278711: Epoch 468
2025-11-23 08:25:36.278824: Current learning rate: 0.00567
2025-11-23 08:26:41.647822: train_loss -0.7182
2025-11-23 08:26:41.648063: val_loss -0.6971
2025-11-23 08:26:41.648167: Pseudo dice [np.float32(0.9057), np.float32(0.7648), np.float32(0.0)]
2025-11-23 08:26:41.648265: Epoch time: 65.37 s
2025-11-23 08:26:43.596230: 
2025-11-23 08:26:43.596502: Epoch 469
2025-11-23 08:26:43.596711: Current learning rate: 0.00566
2025-11-23 08:27:53.109857: train_loss -0.7194
2025-11-23 08:27:53.110081: val_loss -0.7003
2025-11-23 08:27:53.110188: Pseudo dice [np.float32(0.9075), np.float32(0.7698), np.float32(0.0)]
2025-11-23 08:27:53.110291: Epoch time: 69.51 s
2025-11-23 08:27:54.321122: 
2025-11-23 08:27:54.321359: Epoch 470
2025-11-23 08:27:54.321501: Current learning rate: 0.00565
2025-11-23 08:28:57.604106: train_loss -0.7299
2025-11-23 08:28:57.604366: val_loss -0.6718
2025-11-23 08:28:57.604574: Pseudo dice [np.float32(0.9029), np.float32(0.7679), np.float32(0.0)]
2025-11-23 08:28:57.604688: Epoch time: 63.28 s
2025-11-23 08:28:58.705753: 
2025-11-23 08:28:58.705927: Epoch 471
2025-11-23 08:28:58.706035: Current learning rate: 0.00564
2025-11-23 08:30:05.590404: train_loss -0.7417
2025-11-23 08:30:05.590622: val_loss -0.6656
2025-11-23 08:30:05.590723: Pseudo dice [np.float32(0.9015), np.float32(0.7558), np.float32(0.0)]
2025-11-23 08:30:05.590825: Epoch time: 66.89 s
2025-11-23 08:30:07.482866: 
2025-11-23 08:30:07.483131: Epoch 472
2025-11-23 08:30:07.483253: Current learning rate: 0.00563
2025-11-23 08:31:15.994546: train_loss -0.7191
2025-11-23 08:31:15.994887: val_loss -0.6841
2025-11-23 08:31:15.995003: Pseudo dice [np.float32(0.9062), np.float32(0.7601), np.float32(0.0)]
2025-11-23 08:31:15.995109: Epoch time: 68.51 s
2025-11-23 08:31:17.179668: 
2025-11-23 08:31:17.179922: Epoch 473
2025-11-23 08:31:17.180045: Current learning rate: 0.00562
2025-11-23 08:32:24.030962: train_loss -0.7381
2025-11-23 08:32:24.031214: val_loss -0.7117
2025-11-23 08:32:24.031309: Pseudo dice [np.float32(0.9031), np.float32(0.7824), np.float32(0.0)]
2025-11-23 08:32:24.031403: Epoch time: 66.85 s
2025-11-23 08:32:26.649702: 
2025-11-23 08:32:26.649893: Epoch 474
2025-11-23 08:32:26.650018: Current learning rate: 0.00561
2025-11-23 08:33:32.310641: train_loss -0.6928
2025-11-23 08:33:32.317281: val_loss -0.6615
2025-11-23 08:33:32.317433: Pseudo dice [np.float32(0.9011), np.float32(0.7454), np.float32(0.0)]
2025-11-23 08:33:32.317528: Epoch time: 65.66 s
2025-11-23 08:33:33.998223: 
2025-11-23 08:33:33.998505: Epoch 475
2025-11-23 08:33:33.998638: Current learning rate: 0.0056
2025-11-23 08:34:43.511588: train_loss -0.708
2025-11-23 08:34:43.511845: val_loss -0.7097
2025-11-23 08:34:43.513640: Pseudo dice [np.float32(0.9022), np.float32(0.7608), np.float32(0.0)]
2025-11-23 08:34:43.513755: Epoch time: 69.51 s
2025-11-23 08:34:45.326549: 
2025-11-23 08:34:45.326722: Epoch 476
2025-11-23 08:34:45.326895: Current learning rate: 0.00559
2025-11-23 08:35:51.276624: train_loss -0.7319
2025-11-23 08:35:51.276922: val_loss -0.6973
2025-11-23 08:35:51.277043: Pseudo dice [np.float32(0.8952), np.float32(0.7564), np.float32(0.0)]
2025-11-23 08:35:51.277143: Epoch time: 65.95 s
2025-11-23 08:35:52.395001: 
2025-11-23 08:35:52.395164: Epoch 477
2025-11-23 08:35:52.395270: Current learning rate: 0.00558
2025-11-23 08:37:01.244422: train_loss -0.7172
2025-11-23 08:37:01.245693: val_loss -0.7074
2025-11-23 08:37:01.245803: Pseudo dice [np.float32(0.9025), np.float32(0.7562), np.float32(0.0)]
2025-11-23 08:37:01.245906: Epoch time: 68.85 s
2025-11-23 08:37:03.159918: 
2025-11-23 08:37:03.160125: Epoch 478
2025-11-23 08:37:03.160247: Current learning rate: 0.00557
2025-11-23 08:38:10.989745: train_loss -0.7234
2025-11-23 08:38:10.996425: val_loss -0.7037
2025-11-23 08:38:10.996614: Pseudo dice [np.float32(0.8971), np.float32(0.77), np.float32(0.0)]
2025-11-23 08:38:10.996718: Epoch time: 67.83 s
2025-11-23 08:38:12.633860: 
2025-11-23 08:38:12.634133: Epoch 479
2025-11-23 08:38:12.634273: Current learning rate: 0.00556
2025-11-23 08:39:21.041676: train_loss -0.7207
2025-11-23 08:39:21.041924: val_loss -0.6819
2025-11-23 08:39:21.042035: Pseudo dice [np.float32(0.8968), np.float32(0.751), np.float32(0.0)]
2025-11-23 08:39:21.042133: Epoch time: 68.41 s
2025-11-23 08:39:22.219428: 
2025-11-23 08:39:22.219597: Epoch 480
2025-11-23 08:39:22.219703: Current learning rate: 0.00555
2025-11-23 08:40:29.727094: train_loss -0.7319
2025-11-23 08:40:29.727453: val_loss -0.6978
2025-11-23 08:40:29.727553: Pseudo dice [np.float32(0.9092), np.float32(0.7707), np.float32(0.0)]
2025-11-23 08:40:29.727651: Epoch time: 67.51 s
2025-11-23 08:40:31.301814: 
2025-11-23 08:40:31.302049: Epoch 481
2025-11-23 08:40:31.302186: Current learning rate: 0.00554
2025-11-23 08:41:36.827047: train_loss -0.7375
2025-11-23 08:41:36.827380: val_loss -0.6695
2025-11-23 08:41:36.827486: Pseudo dice [np.float32(0.915), np.float32(0.771), np.float32(0.0)]
2025-11-23 08:41:36.827585: Epoch time: 65.53 s
2025-11-23 08:41:38.176853: 
2025-11-23 08:41:38.177041: Epoch 482
2025-11-23 08:41:38.177156: Current learning rate: 0.00553
2025-11-23 08:42:42.322847: train_loss -0.7199
2025-11-23 08:42:42.323062: val_loss -0.6647
2025-11-23 08:42:42.323169: Pseudo dice [np.float32(0.9064), np.float32(0.7663), np.float32(0.0)]
2025-11-23 08:42:42.323272: Epoch time: 64.15 s
2025-11-23 08:42:43.782688: 
2025-11-23 08:42:43.782903: Epoch 483
2025-11-23 08:42:43.783025: Current learning rate: 0.00552
2025-11-23 08:43:51.778965: train_loss -0.7291
2025-11-23 08:43:51.779290: val_loss -0.6861
2025-11-23 08:43:51.779394: Pseudo dice [np.float32(0.909), np.float32(0.761), np.float32(0.0)]
2025-11-23 08:43:51.779491: Epoch time: 68.0 s
2025-11-23 08:43:53.589696: 
2025-11-23 08:43:53.589861: Epoch 484
2025-11-23 08:43:53.589966: Current learning rate: 0.00551
2025-11-23 08:45:04.069955: train_loss -0.6917
2025-11-23 08:45:04.070176: val_loss -0.6723
2025-11-23 08:45:04.070276: Pseudo dice [np.float32(0.871), np.float32(0.7708), np.float32(0.0)]
2025-11-23 08:45:04.070377: Epoch time: 70.48 s
2025-11-23 08:45:05.236890: 
2025-11-23 08:45:05.237078: Epoch 485
2025-11-23 08:45:05.237194: Current learning rate: 0.0055
2025-11-23 08:46:12.466514: train_loss -0.7003
2025-11-23 08:46:12.466761: val_loss -0.6762
2025-11-23 08:46:12.466865: Pseudo dice [np.float32(0.8814), np.float32(0.7746), np.float32(0.0)]
2025-11-23 08:46:12.466963: Epoch time: 67.23 s
2025-11-23 08:46:14.742522: 
2025-11-23 08:46:14.742839: Epoch 486
2025-11-23 08:46:14.742968: Current learning rate: 0.00549
2025-11-23 08:47:24.108878: train_loss -0.6944
2025-11-23 08:47:24.109136: val_loss -0.6758
2025-11-23 08:47:24.109238: Pseudo dice [np.float32(0.8973), np.float32(0.776), np.float32(0.0)]
2025-11-23 08:47:24.110131: Epoch time: 69.37 s
2025-11-23 08:47:25.638974: 
2025-11-23 08:47:25.639170: Epoch 487
2025-11-23 08:47:25.639284: Current learning rate: 0.00548
2025-11-23 08:48:33.602001: train_loss -0.7126
2025-11-23 08:48:33.602245: val_loss -0.6713
2025-11-23 08:48:33.602346: Pseudo dice [np.float32(0.8993), np.float32(0.7404), np.float32(0.0)]
2025-11-23 08:48:33.602445: Epoch time: 67.96 s
2025-11-23 08:48:34.767629: 
2025-11-23 08:48:34.767835: Epoch 488
2025-11-23 08:48:34.767954: Current learning rate: 0.00547
2025-11-23 08:49:42.564716: train_loss -0.7303
2025-11-23 08:49:42.565511: val_loss -0.6615
2025-11-23 08:49:42.565619: Pseudo dice [np.float32(0.8934), np.float32(0.7626), np.float32(0.0)]
2025-11-23 08:49:42.565719: Epoch time: 67.8 s
2025-11-23 08:49:43.774889: 
2025-11-23 08:49:43.775094: Epoch 489
2025-11-23 08:49:43.775211: Current learning rate: 0.00546
2025-11-23 08:50:51.964221: train_loss -0.7214
2025-11-23 08:50:51.964473: val_loss -0.6689
2025-11-23 08:50:51.964575: Pseudo dice [np.float32(0.9045), np.float32(0.7775), np.float32(0.0)]
2025-11-23 08:50:51.964678: Epoch time: 68.19 s
2025-11-23 08:50:53.090698: 
2025-11-23 08:50:53.090951: Epoch 490
2025-11-23 08:50:53.091145: Current learning rate: 0.00546
2025-11-23 08:52:02.329192: train_loss -0.7127
2025-11-23 08:52:02.329443: val_loss -0.6326
2025-11-23 08:52:02.329543: Pseudo dice [np.float32(0.9114), np.float32(0.7764), np.float32(0.0)]
2025-11-23 08:52:02.329643: Epoch time: 69.24 s
2025-11-23 08:52:03.451467: 
2025-11-23 08:52:03.451651: Epoch 491
2025-11-23 08:52:03.451814: Current learning rate: 0.00545
2025-11-23 08:53:09.299824: train_loss -0.7144
2025-11-23 08:53:09.300138: val_loss -0.7032
2025-11-23 08:53:09.300242: Pseudo dice [np.float32(0.9118), np.float32(0.7713), np.float32(0.0)]
2025-11-23 08:53:09.300341: Epoch time: 65.85 s
2025-11-23 08:53:10.431546: 
2025-11-23 08:53:10.431729: Epoch 492
2025-11-23 08:53:10.431847: Current learning rate: 0.00544
2025-11-23 08:54:16.573431: train_loss -0.7115
2025-11-23 08:54:16.573699: val_loss -0.648
2025-11-23 08:54:16.573804: Pseudo dice [np.float32(0.894), np.float32(0.7661), np.float32(0.0)]
2025-11-23 08:54:16.573904: Epoch time: 66.14 s
2025-11-23 08:54:17.729897: 
2025-11-23 08:54:17.730106: Epoch 493
2025-11-23 08:54:17.730225: Current learning rate: 0.00543
2025-11-23 08:55:25.068769: train_loss -0.7361
2025-11-23 08:55:25.069028: val_loss -0.6721
2025-11-23 08:55:25.069132: Pseudo dice [np.float32(0.9022), np.float32(0.7632), np.float32(0.0)]
2025-11-23 08:55:25.069233: Epoch time: 67.34 s
2025-11-23 08:55:26.191394: 
2025-11-23 08:55:26.191638: Epoch 494
2025-11-23 08:55:26.191777: Current learning rate: 0.00542
2025-11-23 08:56:35.569531: train_loss -0.7235
2025-11-23 08:56:35.569882: val_loss -0.6555
2025-11-23 08:56:35.569992: Pseudo dice [np.float32(0.9018), np.float32(0.7686), np.float32(0.0)]
2025-11-23 08:56:35.570094: Epoch time: 69.38 s
2025-11-23 08:56:36.762737: 
2025-11-23 08:56:36.762931: Epoch 495
2025-11-23 08:56:36.763062: Current learning rate: 0.00541
2025-11-23 08:57:47.100914: train_loss -0.7186
2025-11-23 08:57:47.101211: val_loss -0.6411
2025-11-23 08:57:47.101309: Pseudo dice [np.float32(0.911), np.float32(0.7683), np.float32(0.0)]
2025-11-23 08:57:47.101405: Epoch time: 70.34 s
2025-11-23 08:57:48.896878: 
2025-11-23 08:57:48.897125: Epoch 496
2025-11-23 08:57:48.897264: Current learning rate: 0.0054
2025-11-23 08:58:53.305817: train_loss -0.726
2025-11-23 08:58:53.306494: val_loss -0.6815
2025-11-23 08:58:53.306607: Pseudo dice [np.float32(0.9104), np.float32(0.7743), np.float32(0.0)]
2025-11-23 08:58:53.306711: Epoch time: 64.41 s
2025-11-23 08:58:54.775669: 
2025-11-23 08:58:54.775843: Epoch 497
2025-11-23 08:58:54.775963: Current learning rate: 0.00539
2025-11-23 09:00:03.162985: train_loss -0.7296
2025-11-23 09:00:03.163302: val_loss -0.7166
2025-11-23 09:00:03.163399: Pseudo dice [np.float32(0.8953), np.float32(0.7771), np.float32(0.0)]
2025-11-23 09:00:03.163493: Epoch time: 68.39 s
2025-11-23 09:00:04.841169: 
2025-11-23 09:00:04.841380: Epoch 498
2025-11-23 09:00:04.841523: Current learning rate: 0.00538
2025-11-23 09:01:13.432233: train_loss -0.7241
2025-11-23 09:01:13.432556: val_loss -0.7186
2025-11-23 09:01:13.432659: Pseudo dice [np.float32(0.9129), np.float32(0.7659), np.float32(0.0)]
2025-11-23 09:01:13.432758: Epoch time: 68.59 s
2025-11-23 09:01:14.608870: 
2025-11-23 09:01:14.609038: Epoch 499
2025-11-23 09:01:14.609149: Current learning rate: 0.00537
2025-11-23 09:02:22.561615: train_loss -0.7094
2025-11-23 09:02:22.561880: val_loss -0.6572
2025-11-23 09:02:22.561991: Pseudo dice [np.float32(0.9011), np.float32(0.7643), np.float32(0.0)]
2025-11-23 09:02:22.562093: Epoch time: 67.95 s
2025-11-23 09:02:24.342105: 
2025-11-23 09:02:24.342276: Epoch 500
2025-11-23 09:02:24.342388: Current learning rate: 0.00536
2025-11-23 09:03:29.577995: train_loss -0.7186
2025-11-23 09:03:29.578226: val_loss -0.67
2025-11-23 09:03:29.578326: Pseudo dice [np.float32(0.9074), np.float32(0.763), np.float32(0.0)]
2025-11-23 09:03:29.578424: Epoch time: 65.24 s
2025-11-23 09:03:31.089578: 
2025-11-23 09:03:31.089766: Epoch 501
2025-11-23 09:03:31.089880: Current learning rate: 0.00535
2025-11-23 09:04:35.714007: train_loss -0.71
2025-11-23 09:04:35.714257: val_loss -0.6549
2025-11-23 09:04:35.714359: Pseudo dice [np.float32(0.9083), np.float32(0.766), np.float32(0.0)]
2025-11-23 09:04:35.716561: Epoch time: 64.63 s
2025-11-23 09:04:37.615775: 
2025-11-23 09:04:37.616061: Epoch 502
2025-11-23 09:04:37.616175: Current learning rate: 0.00534
2025-11-23 09:05:45.906402: train_loss -0.7211
2025-11-23 09:05:45.906739: val_loss -0.7274
2025-11-23 09:05:45.906844: Pseudo dice [np.float32(0.9055), np.float32(0.7737), np.float32(0.0)]
2025-11-23 09:05:45.906944: Epoch time: 68.29 s
2025-11-23 09:05:47.088246: 
2025-11-23 09:05:47.088422: Epoch 503
2025-11-23 09:05:47.088533: Current learning rate: 0.00533
2025-11-23 09:06:55.397281: train_loss -0.7251
2025-11-23 09:06:55.399096: val_loss -0.6605
2025-11-23 09:06:55.399212: Pseudo dice [np.float32(0.9028), np.float32(0.771), np.float32(0.0)]
2025-11-23 09:06:55.399309: Epoch time: 68.31 s
2025-11-23 09:06:57.262024: 
2025-11-23 09:06:57.262212: Epoch 504
2025-11-23 09:06:57.262323: Current learning rate: 0.00532
2025-11-23 09:08:03.980520: train_loss -0.7304
2025-11-23 09:08:03.980784: val_loss -0.7155
2025-11-23 09:08:03.980886: Pseudo dice [np.float32(0.9132), np.float32(0.7706), np.float32(0.0)]
2025-11-23 09:08:03.980996: Epoch time: 66.72 s
2025-11-23 09:08:05.558084: 
2025-11-23 09:08:05.558255: Epoch 505
2025-11-23 09:08:05.558368: Current learning rate: 0.00531
2025-11-23 09:09:11.724298: train_loss -0.7278
2025-11-23 09:09:11.724615: val_loss -0.6734
2025-11-23 09:09:11.724719: Pseudo dice [np.float32(0.9038), np.float32(0.7722), np.float32(0.0)]
2025-11-23 09:09:11.724822: Epoch time: 66.17 s
2025-11-23 09:09:12.861637: 
2025-11-23 09:09:12.861825: Epoch 506
2025-11-23 09:09:12.861935: Current learning rate: 0.0053
2025-11-23 09:10:20.818323: train_loss -0.7372
2025-11-23 09:10:20.818576: val_loss -0.67
2025-11-23 09:10:20.823068: Pseudo dice [np.float32(0.8995), np.float32(0.7747), np.float32(0.0)]
2025-11-23 09:10:20.823205: Epoch time: 67.96 s
2025-11-23 09:10:22.381586: 
2025-11-23 09:10:22.381847: Epoch 507
2025-11-23 09:10:22.381963: Current learning rate: 0.00529
2025-11-23 09:11:29.546279: train_loss -0.7388
2025-11-23 09:11:29.546541: val_loss -0.6754
2025-11-23 09:11:29.546645: Pseudo dice [np.float32(0.9065), np.float32(0.7742), np.float32(0.0)]
2025-11-23 09:11:29.546746: Epoch time: 67.17 s
2025-11-23 09:11:30.716354: 
2025-11-23 09:11:30.716544: Epoch 508
2025-11-23 09:11:30.716656: Current learning rate: 0.00528
2025-11-23 09:12:36.357720: train_loss -0.7363
2025-11-23 09:12:36.358040: val_loss -0.6826
2025-11-23 09:12:36.358147: Pseudo dice [np.float32(0.9095), np.float32(0.7616), np.float32(0.0)]
2025-11-23 09:12:36.358247: Epoch time: 65.64 s
2025-11-23 09:12:37.503088: 
2025-11-23 09:12:37.503296: Epoch 509
2025-11-23 09:12:37.503411: Current learning rate: 0.00527
2025-11-23 09:13:49.564937: train_loss -0.7335
2025-11-23 09:13:49.565199: val_loss -0.6642
2025-11-23 09:13:49.565301: Pseudo dice [np.float32(0.9088), np.float32(0.7435), np.float32(0.0)]
2025-11-23 09:13:49.565405: Epoch time: 72.06 s
2025-11-23 09:13:50.746045: 
2025-11-23 09:13:50.746308: Epoch 510
2025-11-23 09:13:50.746425: Current learning rate: 0.00526
2025-11-23 09:14:59.496252: train_loss -0.7382
2025-11-23 09:14:59.496460: val_loss -0.6425
2025-11-23 09:14:59.496561: Pseudo dice [np.float32(0.8905), np.float32(0.7636), np.float32(0.0)]
2025-11-23 09:14:59.496661: Epoch time: 68.75 s
2025-11-23 09:15:00.967058: 
2025-11-23 09:15:00.967320: Epoch 511
2025-11-23 09:15:00.967485: Current learning rate: 0.00525
2025-11-23 09:16:09.935930: train_loss -0.7237
2025-11-23 09:16:09.936271: val_loss -0.6769
2025-11-23 09:16:09.936383: Pseudo dice [np.float32(0.9061), np.float32(0.7643), np.float32(0.0)]
2025-11-23 09:16:09.936483: Epoch time: 68.97 s
2025-11-23 09:16:11.093350: 
2025-11-23 09:16:11.093531: Epoch 512
2025-11-23 09:16:11.093647: Current learning rate: 0.00524
2025-11-23 09:17:17.190275: train_loss -0.725
2025-11-23 09:17:17.190526: val_loss -0.6728
2025-11-23 09:17:17.190706: Pseudo dice [np.float32(0.8985), np.float32(0.7711), np.float32(0.0)]
2025-11-23 09:17:17.190814: Epoch time: 66.1 s
2025-11-23 09:17:18.498771: 
2025-11-23 09:17:18.498954: Epoch 513
2025-11-23 09:17:18.499072: Current learning rate: 0.00523
2025-11-23 09:18:24.404049: train_loss -0.7189
2025-11-23 09:18:24.404298: val_loss -0.6769
2025-11-23 09:18:24.404431: Pseudo dice [np.float32(0.902), np.float32(0.757), np.float32(0.0)]
2025-11-23 09:18:24.404531: Epoch time: 65.91 s
2025-11-23 09:18:25.523879: 
2025-11-23 09:18:25.524078: Epoch 514
2025-11-23 09:18:25.524184: Current learning rate: 0.00522
2025-11-23 09:19:31.386927: train_loss -0.7137
2025-11-23 09:19:31.389789: val_loss -0.6841
2025-11-23 09:19:31.389903: Pseudo dice [np.float32(0.9), np.float32(0.7614), np.float32(0.0)]
2025-11-23 09:19:31.390021: Epoch time: 65.86 s
2025-11-23 09:19:32.907385: 
2025-11-23 09:19:32.907546: Epoch 515
2025-11-23 09:19:32.907659: Current learning rate: 0.00521
2025-11-23 09:20:37.545709: train_loss -0.7162
2025-11-23 09:20:37.546058: val_loss -0.6615
2025-11-23 09:20:37.546168: Pseudo dice [np.float32(0.8981), np.float32(0.7618), np.float32(0.0)]
2025-11-23 09:20:37.546271: Epoch time: 64.64 s
2025-11-23 09:20:39.154963: 
2025-11-23 09:20:39.155161: Epoch 516
2025-11-23 09:20:39.155277: Current learning rate: 0.0052
2025-11-23 09:21:44.688072: train_loss -0.7203
2025-11-23 09:21:44.688328: val_loss -0.7096
2025-11-23 09:21:44.688430: Pseudo dice [np.float32(0.9159), np.float32(0.7634), np.float32(0.0)]
2025-11-23 09:21:44.688529: Epoch time: 65.53 s
2025-11-23 09:21:46.254754: 
2025-11-23 09:21:46.254942: Epoch 517
2025-11-23 09:21:46.255074: Current learning rate: 0.00519
2025-11-23 09:22:53.378564: train_loss -0.726
2025-11-23 09:22:53.378784: val_loss -0.6816
2025-11-23 09:22:53.378887: Pseudo dice [np.float32(0.9107), np.float32(0.775), np.float32(0.0)]
2025-11-23 09:22:53.378994: Epoch time: 67.12 s
2025-11-23 09:22:55.049929: 
2025-11-23 09:22:55.050127: Epoch 518
2025-11-23 09:22:55.050237: Current learning rate: 0.00518
2025-11-23 09:24:05.456317: train_loss -0.7317
2025-11-23 09:24:05.456552: val_loss -0.6913
2025-11-23 09:24:05.456655: Pseudo dice [np.float32(0.9074), np.float32(0.7712), np.float32(0.0)]
2025-11-23 09:24:05.456753: Epoch time: 70.41 s
2025-11-23 09:24:06.688801: 
2025-11-23 09:24:06.689039: Epoch 519
2025-11-23 09:24:06.689183: Current learning rate: 0.00518
2025-11-23 09:25:12.468365: train_loss -0.7231
2025-11-23 09:25:12.468713: val_loss -0.641
2025-11-23 09:25:12.468822: Pseudo dice [np.float32(0.9095), np.float32(0.7635), np.float32(0.0)]
2025-11-23 09:25:12.468923: Epoch time: 65.78 s
2025-11-23 09:25:13.616206: 
2025-11-23 09:25:13.616472: Epoch 520
2025-11-23 09:25:13.616590: Current learning rate: 0.00517
2025-11-23 09:26:23.327463: train_loss -0.7243
2025-11-23 09:26:23.327700: val_loss -0.6343
2025-11-23 09:26:23.327802: Pseudo dice [np.float32(0.902), np.float32(0.7534), np.float32(0.0)]
2025-11-23 09:26:23.327902: Epoch time: 69.71 s
2025-11-23 09:26:25.551963: 
2025-11-23 09:26:25.552165: Epoch 521
2025-11-23 09:26:25.552279: Current learning rate: 0.00516
2025-11-23 09:27:31.474295: train_loss -0.7077
2025-11-23 09:27:31.477160: val_loss -0.6606
2025-11-23 09:27:31.477271: Pseudo dice [np.float32(0.8965), np.float32(0.7706), np.float32(0.0)]
2025-11-23 09:27:31.477365: Epoch time: 65.92 s
2025-11-23 09:27:32.725200: 
2025-11-23 09:27:32.725471: Epoch 522
2025-11-23 09:27:32.725634: Current learning rate: 0.00515
2025-11-23 09:28:38.836955: train_loss -0.7102
2025-11-23 09:28:38.837327: val_loss -0.6394
2025-11-23 09:28:38.837445: Pseudo dice [np.float32(0.8994), np.float32(0.7419), np.float32(0.0)]
2025-11-23 09:28:38.837538: Epoch time: 66.11 s
2025-11-23 09:28:40.146072: 
2025-11-23 09:28:40.146407: Epoch 523
2025-11-23 09:28:40.146528: Current learning rate: 0.00514
2025-11-23 09:29:47.764090: train_loss -0.7103
2025-11-23 09:29:47.764989: val_loss -0.7266
2025-11-23 09:29:47.765108: Pseudo dice [np.float32(0.9074), np.float32(0.7857), np.float32(0.0)]
2025-11-23 09:29:47.765214: Epoch time: 67.62 s
2025-11-23 09:29:49.250852: 
2025-11-23 09:29:49.251047: Epoch 524
2025-11-23 09:29:49.251166: Current learning rate: 0.00513
2025-11-23 09:30:57.453322: train_loss -0.7373
2025-11-23 09:30:57.453565: val_loss -0.6872
2025-11-23 09:30:57.453721: Pseudo dice [np.float32(0.9024), np.float32(0.7708), np.float32(0.0)]
2025-11-23 09:30:57.453832: Epoch time: 68.2 s
2025-11-23 09:30:58.883876: 
2025-11-23 09:30:58.884135: Epoch 525
2025-11-23 09:30:58.884246: Current learning rate: 0.00512
2025-11-23 09:32:03.368480: train_loss -0.7269
2025-11-23 09:32:03.368722: val_loss -0.6648
2025-11-23 09:32:03.368823: Pseudo dice [np.float32(0.8835), np.float32(0.7837), np.float32(0.0)]
2025-11-23 09:32:03.368920: Epoch time: 64.49 s
2025-11-23 09:32:05.397349: 
2025-11-23 09:32:05.397633: Epoch 526
2025-11-23 09:32:05.397751: Current learning rate: 0.00511
2025-11-23 09:33:13.387460: train_loss -0.6984
2025-11-23 09:33:13.388866: val_loss -0.6663
2025-11-23 09:33:13.390712: Pseudo dice [np.float32(0.8867), np.float32(0.7464), np.float32(0.0)]
2025-11-23 09:33:13.390918: Epoch time: 67.99 s
2025-11-23 09:33:14.798600: 
2025-11-23 09:33:14.798789: Epoch 527
2025-11-23 09:33:14.798917: Current learning rate: 0.0051
2025-11-23 09:34:24.135954: train_loss -0.7101
2025-11-23 09:34:24.136213: val_loss -0.6521
2025-11-23 09:34:24.136315: Pseudo dice [np.float32(0.8874), np.float32(0.7572), np.float32(0.0)]
2025-11-23 09:34:24.136416: Epoch time: 69.34 s
2025-11-23 09:34:25.390219: 
2025-11-23 09:34:25.390501: Epoch 528
2025-11-23 09:34:25.390614: Current learning rate: 0.00509
2025-11-23 09:35:32.911903: train_loss -0.7129
2025-11-23 09:35:32.912141: val_loss -0.672
2025-11-23 09:35:32.912245: Pseudo dice [np.float32(0.8993), np.float32(0.7612), np.float32(0.0)]
2025-11-23 09:35:32.912343: Epoch time: 67.52 s
2025-11-23 09:35:34.047027: 
2025-11-23 09:35:34.047252: Epoch 529
2025-11-23 09:35:34.047373: Current learning rate: 0.00508
2025-11-23 09:36:37.611623: train_loss -0.7368
2025-11-23 09:36:37.611885: val_loss -0.6665
2025-11-23 09:36:37.611997: Pseudo dice [np.float32(0.8959), np.float32(0.764), np.float32(0.0)]
2025-11-23 09:36:37.612100: Epoch time: 63.57 s
2025-11-23 09:36:38.731009: 
2025-11-23 09:36:38.731258: Epoch 530
2025-11-23 09:36:38.731365: Current learning rate: 0.00507
2025-11-23 09:37:45.924553: train_loss -0.7194
2025-11-23 09:37:45.924920: val_loss -0.6777
2025-11-23 09:37:45.925036: Pseudo dice [np.float32(0.9084), np.float32(0.7783), np.float32(0.0)]
2025-11-23 09:37:45.925139: Epoch time: 67.19 s
2025-11-23 09:37:47.061381: 
2025-11-23 09:37:47.061555: Epoch 531
2025-11-23 09:37:47.061670: Current learning rate: 0.00506
2025-11-23 09:38:50.710546: train_loss -0.7476
2025-11-23 09:38:50.710770: val_loss -0.6449
2025-11-23 09:38:50.710878: Pseudo dice [np.float32(0.8955), np.float32(0.7611), np.float32(0.0)]
2025-11-23 09:38:50.710982: Epoch time: 63.65 s
2025-11-23 09:38:51.832653: 
2025-11-23 09:38:51.832803: Epoch 532
2025-11-23 09:38:51.832895: Current learning rate: 0.00505
2025-11-23 09:40:01.899011: train_loss -0.7295
2025-11-23 09:40:01.899353: val_loss -0.6439
2025-11-23 09:40:01.899456: Pseudo dice [np.float32(0.9003), np.float32(0.7549), np.float32(0.0)]
2025-11-23 09:40:01.899556: Epoch time: 70.07 s
2025-11-23 09:40:03.048218: 
2025-11-23 09:40:03.048379: Epoch 533
2025-11-23 09:40:03.048491: Current learning rate: 0.00504
2025-11-23 09:41:10.003160: train_loss -0.737
2025-11-23 09:41:10.004855: val_loss -0.6591
2025-11-23 09:41:10.004976: Pseudo dice [np.float32(0.8963), np.float32(0.7723), np.float32(0.0)]
2025-11-23 09:41:10.005080: Epoch time: 66.96 s
2025-11-23 09:41:12.182997: 
2025-11-23 09:41:12.183303: Epoch 534
2025-11-23 09:41:12.183419: Current learning rate: 0.00503
2025-11-23 09:42:17.532310: train_loss -0.7337
2025-11-23 09:42:17.532601: val_loss -0.6698
2025-11-23 09:42:17.532704: Pseudo dice [np.float32(0.903), np.float32(0.7611), np.float32(0.0)]
2025-11-23 09:42:17.532804: Epoch time: 65.35 s
2025-11-23 09:42:18.699797: 
2025-11-23 09:42:18.699984: Epoch 535
2025-11-23 09:42:18.700166: Current learning rate: 0.00502
2025-11-23 09:43:23.615257: train_loss -0.734
2025-11-23 09:43:23.615505: val_loss -0.6759
2025-11-23 09:43:23.615608: Pseudo dice [np.float32(0.9077), np.float32(0.7502), np.float32(0.0)]
2025-11-23 09:43:23.615709: Epoch time: 64.92 s
2025-11-23 09:43:25.195095: 
2025-11-23 09:43:25.195350: Epoch 536
2025-11-23 09:43:25.195469: Current learning rate: 0.00501
2025-11-23 09:44:35.131780: train_loss -0.7213
2025-11-23 09:44:35.132039: val_loss -0.6779
2025-11-23 09:44:35.132145: Pseudo dice [np.float32(0.9085), np.float32(0.7742), np.float32(0.0)]
2025-11-23 09:44:35.132245: Epoch time: 69.94 s
2025-11-23 09:44:36.442203: 
2025-11-23 09:44:36.442404: Epoch 537
2025-11-23 09:44:36.442553: Current learning rate: 0.005
2025-11-23 09:45:42.295661: train_loss -0.7182
2025-11-23 09:45:42.296023: val_loss -0.6889
2025-11-23 09:45:42.296131: Pseudo dice [np.float32(0.9), np.float32(0.7699), np.float32(0.0)]
2025-11-23 09:45:42.296233: Epoch time: 65.85 s
2025-11-23 09:45:43.998607: 
2025-11-23 09:45:43.998833: Epoch 538
2025-11-23 09:45:43.998954: Current learning rate: 0.00499
2025-11-23 09:46:50.584328: train_loss -0.7418
2025-11-23 09:46:50.584576: val_loss -0.675
2025-11-23 09:46:50.584667: Pseudo dice [np.float32(0.9032), np.float32(0.7694), np.float32(0.0)]
2025-11-23 09:46:50.584755: Epoch time: 66.59 s
2025-11-23 09:46:51.915596: 
2025-11-23 09:46:51.915780: Epoch 539
2025-11-23 09:46:51.915899: Current learning rate: 0.00498
2025-11-23 09:48:00.225324: train_loss -0.7312
2025-11-23 09:48:00.225645: val_loss -0.6524
2025-11-23 09:48:00.225754: Pseudo dice [np.float32(0.8913), np.float32(0.7575), np.float32(0.0)]
2025-11-23 09:48:00.225856: Epoch time: 68.31 s
2025-11-23 09:48:01.917361: 
2025-11-23 09:48:01.917561: Epoch 540
2025-11-23 09:48:01.917673: Current learning rate: 0.00497
2025-11-23 09:49:12.803773: train_loss -0.7287
2025-11-23 09:49:12.804031: val_loss -0.6575
2025-11-23 09:49:12.804137: Pseudo dice [np.float32(0.9047), np.float32(0.7712), np.float32(0.0)]
2025-11-23 09:49:12.804238: Epoch time: 70.89 s
2025-11-23 09:49:14.573759: 
2025-11-23 09:49:14.573963: Epoch 541
2025-11-23 09:49:14.574083: Current learning rate: 0.00496
2025-11-23 09:50:22.938246: train_loss -0.7245
2025-11-23 09:50:22.938516: val_loss -0.6736
2025-11-23 09:50:22.938618: Pseudo dice [np.float32(0.9033), np.float32(0.7651), np.float32(0.0)]
2025-11-23 09:50:22.938716: Epoch time: 68.37 s
2025-11-23 09:50:24.087610: 
2025-11-23 09:50:24.087862: Epoch 542
2025-11-23 09:50:24.088001: Current learning rate: 0.00495
2025-11-23 09:51:30.622920: train_loss -0.7205
2025-11-23 09:51:30.624079: val_loss -0.6943
2025-11-23 09:51:30.624179: Pseudo dice [np.float32(0.8944), np.float32(0.7628), np.float32(0.0)]
2025-11-23 09:51:30.624272: Epoch time: 66.54 s
2025-11-23 09:51:32.391298: 
2025-11-23 09:51:32.391492: Epoch 543
2025-11-23 09:51:32.391655: Current learning rate: 0.00494
2025-11-23 09:52:44.959381: train_loss -0.7258
2025-11-23 09:52:44.959687: val_loss -0.6639
2025-11-23 09:52:44.962989: Pseudo dice [np.float32(0.9007), np.float32(0.7791), np.float32(0.0)]
2025-11-23 09:52:44.963133: Epoch time: 72.57 s
2025-11-23 09:52:46.116227: 
2025-11-23 09:52:46.116422: Epoch 544
2025-11-23 09:52:46.116534: Current learning rate: 0.00493
2025-11-23 09:53:53.413648: train_loss -0.7363
2025-11-23 09:53:53.413984: val_loss -0.6715
2025-11-23 09:53:53.414092: Pseudo dice [np.float32(0.906), np.float32(0.7632), np.float32(0.0)]
2025-11-23 09:53:53.414192: Epoch time: 67.3 s
2025-11-23 09:53:55.044364: 
2025-11-23 09:53:55.044537: Epoch 545
2025-11-23 09:53:55.044706: Current learning rate: 0.00492
2025-11-23 09:55:00.162872: train_loss -0.7253
2025-11-23 09:55:00.163164: val_loss -0.6846
2025-11-23 09:55:00.163266: Pseudo dice [np.float32(0.9038), np.float32(0.7575), np.float32(0.0)]
2025-11-23 09:55:00.163367: Epoch time: 65.12 s
2025-11-23 09:55:01.628389: 
2025-11-23 09:55:01.628570: Epoch 546
2025-11-23 09:55:01.628681: Current learning rate: 0.00491
2025-11-23 09:56:07.938493: train_loss -0.7181
2025-11-23 09:56:07.938742: val_loss -0.6878
2025-11-23 09:56:07.938846: Pseudo dice [np.float32(0.9105), np.float32(0.7725), np.float32(0.0)]
2025-11-23 09:56:07.938947: Epoch time: 66.31 s
2025-11-23 09:56:09.101311: 
2025-11-23 09:56:09.101572: Epoch 547
2025-11-23 09:56:09.101730: Current learning rate: 0.0049
2025-11-23 09:57:21.048189: train_loss -0.743
2025-11-23 09:57:21.048450: val_loss -0.6946
2025-11-23 09:57:21.048556: Pseudo dice [np.float32(0.9129), np.float32(0.7746), np.float32(0.0)]
2025-11-23 09:57:21.048655: Epoch time: 71.95 s
2025-11-23 09:57:22.180992: 
2025-11-23 09:57:22.181192: Epoch 548
2025-11-23 09:57:22.181311: Current learning rate: 0.00489
2025-11-23 09:58:27.691391: train_loss -0.7322
2025-11-23 09:58:27.691648: val_loss -0.6687
2025-11-23 09:58:27.691754: Pseudo dice [np.float32(0.9035), np.float32(0.7697), np.float32(0.0)]
2025-11-23 09:58:27.691856: Epoch time: 65.51 s
2025-11-23 09:58:29.902528: 
2025-11-23 09:58:29.902804: Epoch 549
2025-11-23 09:58:29.902928: Current learning rate: 0.00488
2025-11-23 09:59:39.985584: train_loss -0.7213
2025-11-23 09:59:39.986408: val_loss -0.6688
2025-11-23 09:59:39.986517: Pseudo dice [np.float32(0.9068), np.float32(0.7681), np.float32(0.0)]
2025-11-23 09:59:39.986619: Epoch time: 70.08 s
2025-11-23 09:59:42.193911: 
2025-11-23 09:59:42.194195: Epoch 550
2025-11-23 09:59:42.194316: Current learning rate: 0.00487
2025-11-23 10:00:47.805646: train_loss -0.722
2025-11-23 10:00:47.805911: val_loss -0.6697
2025-11-23 10:00:47.806027: Pseudo dice [np.float32(0.8928), np.float32(0.7274), np.float32(0.0)]
2025-11-23 10:00:47.806131: Epoch time: 65.61 s
2025-11-23 10:00:49.131359: 
2025-11-23 10:00:49.131545: Epoch 551
2025-11-23 10:00:49.131659: Current learning rate: 0.00486
2025-11-23 10:01:59.372209: train_loss -0.724
2025-11-23 10:01:59.372429: val_loss -0.6805
2025-11-23 10:01:59.372531: Pseudo dice [np.float32(0.9084), np.float32(0.775), np.float32(0.0)]
2025-11-23 10:01:59.372629: Epoch time: 70.24 s
2025-11-23 10:02:00.894729: 
2025-11-23 10:02:00.894946: Epoch 552
2025-11-23 10:02:00.895072: Current learning rate: 0.00485
2025-11-23 10:03:06.464913: train_loss -0.726
2025-11-23 10:03:06.465153: val_loss -0.6806
2025-11-23 10:03:06.465257: Pseudo dice [np.float32(0.9183), np.float32(0.7785), np.float32(0.0)]
2025-11-23 10:03:06.465358: Epoch time: 65.57 s
2025-11-23 10:03:07.639195: 
2025-11-23 10:03:07.639459: Epoch 553
2025-11-23 10:03:07.639572: Current learning rate: 0.00484
2025-11-23 10:04:17.326736: train_loss -0.7221
2025-11-23 10:04:17.327001: val_loss -0.6501
2025-11-23 10:04:17.327106: Pseudo dice [np.float32(0.8916), np.float32(0.735), np.float32(0.0)]
2025-11-23 10:04:17.327207: Epoch time: 69.69 s
2025-11-23 10:04:19.161587: 
2025-11-23 10:04:19.161789: Epoch 554
2025-11-23 10:04:19.161906: Current learning rate: 0.00484
2025-11-23 10:05:24.009227: train_loss -0.7361
2025-11-23 10:05:24.009473: val_loss -0.6823
2025-11-23 10:05:24.009582: Pseudo dice [np.float32(0.9032), np.float32(0.7713), np.float32(0.0)]
2025-11-23 10:05:24.009697: Epoch time: 64.85 s
2025-11-23 10:05:25.147682: 
2025-11-23 10:05:25.147991: Epoch 555
2025-11-23 10:05:25.148125: Current learning rate: 0.00483
2025-11-23 10:06:33.223342: train_loss -0.7207
2025-11-23 10:06:33.223681: val_loss -0.7268
2025-11-23 10:06:33.223788: Pseudo dice [np.float32(0.914), np.float32(0.7523), np.float32(0.0)]
2025-11-23 10:06:33.223889: Epoch time: 68.08 s
2025-11-23 10:06:34.711557: 
2025-11-23 10:06:34.711741: Epoch 556
2025-11-23 10:06:34.711861: Current learning rate: 0.00482
2025-11-23 10:07:42.669507: train_loss -0.7255
2025-11-23 10:07:42.671383: val_loss -0.6508
2025-11-23 10:07:42.671494: Pseudo dice [np.float32(0.902), np.float32(0.7715), np.float32(0.0)]
2025-11-23 10:07:42.671595: Epoch time: 67.96 s
2025-11-23 10:07:43.864356: 
2025-11-23 10:07:43.864536: Epoch 557
2025-11-23 10:07:43.864650: Current learning rate: 0.00481
2025-11-23 10:08:51.241442: train_loss -0.7333
2025-11-23 10:08:51.241748: val_loss -0.6403
2025-11-23 10:08:51.241859: Pseudo dice [np.float32(0.9051), np.float32(0.7621), np.float32(0.0)]
2025-11-23 10:08:51.242036: Epoch time: 67.38 s
2025-11-23 10:08:52.603040: 
2025-11-23 10:08:52.603234: Epoch 558
2025-11-23 10:08:52.603346: Current learning rate: 0.0048
2025-11-23 10:09:57.367388: train_loss -0.7332
2025-11-23 10:09:57.367623: val_loss -0.6541
2025-11-23 10:09:57.367720: Pseudo dice [np.float32(0.9109), np.float32(0.7708), np.float32(0.0)]
2025-11-23 10:09:57.367817: Epoch time: 64.77 s
2025-11-23 10:09:58.487004: 
2025-11-23 10:09:58.487164: Epoch 559
2025-11-23 10:09:58.487259: Current learning rate: 0.00479
2025-11-23 10:11:07.916572: train_loss -0.7275
2025-11-23 10:11:07.916924: val_loss -0.6877
2025-11-23 10:11:07.917028: Pseudo dice [np.float32(0.8965), np.float32(0.7678), np.float32(0.0)]
2025-11-23 10:11:07.917124: Epoch time: 69.43 s
2025-11-23 10:11:09.386617: 
2025-11-23 10:11:09.386857: Epoch 560
2025-11-23 10:11:09.387003: Current learning rate: 0.00478
2025-11-23 10:12:17.061859: train_loss -0.7135
2025-11-23 10:12:17.062112: val_loss -0.6862
2025-11-23 10:12:17.066456: Pseudo dice [np.float32(0.9006), np.float32(0.7588), np.float32(0.0)]
2025-11-23 10:12:17.066576: Epoch time: 67.68 s
2025-11-23 10:12:18.536280: 
2025-11-23 10:12:18.536460: Epoch 561
2025-11-23 10:12:18.536574: Current learning rate: 0.00477
2025-11-23 10:13:25.061496: train_loss -0.7354
2025-11-23 10:13:25.061762: val_loss -0.6689
2025-11-23 10:13:25.061867: Pseudo dice [np.float32(0.9112), np.float32(0.7771), np.float32(0.0)]
2025-11-23 10:13:25.061964: Epoch time: 66.53 s
2025-11-23 10:13:26.184944: 
2025-11-23 10:13:26.185132: Epoch 562
2025-11-23 10:13:26.185274: Current learning rate: 0.00476
2025-11-23 10:14:34.292318: train_loss -0.7325
2025-11-23 10:14:34.292649: val_loss -0.6585
2025-11-23 10:14:34.292761: Pseudo dice [np.float32(0.9038), np.float32(0.7684), np.float32(0.0)]
2025-11-23 10:14:34.292862: Epoch time: 68.11 s
2025-11-23 10:14:35.557973: 
2025-11-23 10:14:35.558227: Epoch 563
2025-11-23 10:14:35.558347: Current learning rate: 0.00475
2025-11-23 10:15:42.724416: train_loss -0.7426
2025-11-23 10:15:42.724650: val_loss -0.6592
2025-11-23 10:15:42.730106: Pseudo dice [np.float32(0.9047), np.float32(0.7632), np.float32(0.0)]
2025-11-23 10:15:42.730232: Epoch time: 67.17 s
2025-11-23 10:15:44.123741: 
2025-11-23 10:15:44.123928: Epoch 564
2025-11-23 10:15:44.124049: Current learning rate: 0.00474
2025-11-23 10:16:53.584496: train_loss -0.7231
2025-11-23 10:16:53.586436: val_loss -0.6957
2025-11-23 10:16:53.586554: Pseudo dice [np.float32(0.9108), np.float32(0.7689), np.float32(0.0)]
2025-11-23 10:16:53.586655: Epoch time: 69.46 s
2025-11-23 10:16:55.088940: 
2025-11-23 10:16:55.089186: Epoch 565
2025-11-23 10:16:55.089310: Current learning rate: 0.00473
2025-11-23 10:18:04.126304: train_loss -0.7146
2025-11-23 10:18:04.126538: val_loss -0.6901
2025-11-23 10:18:04.126642: Pseudo dice [np.float32(0.9034), np.float32(0.7626), np.float32(0.0)]
2025-11-23 10:18:04.128939: Epoch time: 69.04 s
2025-11-23 10:18:05.909990: 
2025-11-23 10:18:05.910259: Epoch 566
2025-11-23 10:18:05.910390: Current learning rate: 0.00472
2025-11-23 10:19:13.115113: train_loss -0.7227
2025-11-23 10:19:13.115485: val_loss -0.6866
2025-11-23 10:19:13.115592: Pseudo dice [np.float32(0.9055), np.float32(0.7717), np.float32(0.0)]
2025-11-23 10:19:13.115696: Epoch time: 67.21 s
2025-11-23 10:19:14.541378: 
2025-11-23 10:19:14.541598: Epoch 567
2025-11-23 10:19:14.541719: Current learning rate: 0.00471
2025-11-23 10:20:22.286014: train_loss -0.7305
2025-11-23 10:20:22.286263: val_loss -0.6742
2025-11-23 10:20:22.286366: Pseudo dice [np.float32(0.9122), np.float32(0.7746), np.float32(0.0)]
2025-11-23 10:20:22.286465: Epoch time: 67.75 s
2025-11-23 10:20:23.443908: 
2025-11-23 10:20:23.444100: Epoch 568
2025-11-23 10:20:23.444214: Current learning rate: 0.0047
2025-11-23 10:21:30.664890: train_loss -0.7318
2025-11-23 10:21:30.665142: val_loss -0.6737
2025-11-23 10:21:30.665247: Pseudo dice [np.float32(0.9084), np.float32(0.7545), np.float32(0.0)]
2025-11-23 10:21:30.665345: Epoch time: 67.22 s
2025-11-23 10:21:32.370023: 
2025-11-23 10:21:32.370208: Epoch 569
2025-11-23 10:21:32.370323: Current learning rate: 0.00469
2025-11-23 10:22:46.161568: train_loss -0.7299
2025-11-23 10:22:46.161827: val_loss -0.6369
2025-11-23 10:22:46.161932: Pseudo dice [np.float32(0.9029), np.float32(0.7676), np.float32(0.0)]
2025-11-23 10:22:46.162045: Epoch time: 73.79 s
2025-11-23 10:22:47.307040: 
2025-11-23 10:22:47.307221: Epoch 570
2025-11-23 10:22:47.307331: Current learning rate: 0.00468
2025-11-23 10:23:53.868798: train_loss -0.7304
2025-11-23 10:23:53.869055: val_loss -0.6595
2025-11-23 10:23:53.869157: Pseudo dice [np.float32(0.9049), np.float32(0.7644), np.float32(0.0)]
2025-11-23 10:23:53.869255: Epoch time: 66.56 s
2025-11-23 10:23:55.251196: 
2025-11-23 10:23:55.251370: Epoch 571
2025-11-23 10:23:55.251481: Current learning rate: 0.00467
2025-11-23 10:25:03.234634: train_loss -0.7475
2025-11-23 10:25:03.234893: val_loss -0.6409
2025-11-23 10:25:03.235006: Pseudo dice [np.float32(0.9002), np.float32(0.7548), np.float32(0.0)]
2025-11-23 10:25:03.235110: Epoch time: 67.98 s
2025-11-23 10:25:04.384729: 
2025-11-23 10:25:04.384967: Epoch 572
2025-11-23 10:25:04.385131: Current learning rate: 0.00466
2025-11-23 10:26:13.587745: train_loss -0.7246
2025-11-23 10:26:13.587990: val_loss -0.7042
2025-11-23 10:26:13.588101: Pseudo dice [np.float32(0.9095), np.float32(0.7644), np.float32(0.0)]
2025-11-23 10:26:13.588201: Epoch time: 69.2 s
2025-11-23 10:26:14.723332: 
2025-11-23 10:26:14.723481: Epoch 573
2025-11-23 10:26:14.723571: Current learning rate: 0.00465
2025-11-23 10:27:20.274517: train_loss -0.7291
2025-11-23 10:27:20.274735: val_loss -0.6669
2025-11-23 10:27:20.274837: Pseudo dice [np.float32(0.9022), np.float32(0.77), np.float32(0.0)]
2025-11-23 10:27:20.274936: Epoch time: 65.55 s
2025-11-23 10:27:22.519684: 
2025-11-23 10:27:22.519897: Epoch 574
2025-11-23 10:27:22.520018: Current learning rate: 0.00464
2025-11-23 10:28:33.428051: train_loss -0.7341
2025-11-23 10:28:33.428263: val_loss -0.6621
2025-11-23 10:28:33.428367: Pseudo dice [np.float32(0.9085), np.float32(0.7596), np.float32(0.0)]
2025-11-23 10:28:33.428465: Epoch time: 70.91 s
2025-11-23 10:28:34.924509: 
2025-11-23 10:28:34.924698: Epoch 575
2025-11-23 10:28:34.924817: Current learning rate: 0.00463
2025-11-23 10:29:43.134000: train_loss -0.7316
2025-11-23 10:29:43.134640: val_loss -0.6588
2025-11-23 10:29:43.134753: Pseudo dice [np.float32(0.901), np.float32(0.7723), np.float32(0.0)]
2025-11-23 10:29:43.134855: Epoch time: 68.21 s
2025-11-23 10:29:44.500656: 
2025-11-23 10:29:44.500862: Epoch 576
2025-11-23 10:29:44.500988: Current learning rate: 0.00462
2025-11-23 10:30:54.303892: train_loss -0.7396
2025-11-23 10:30:54.304130: val_loss -0.6696
2025-11-23 10:30:54.304246: Pseudo dice [np.float32(0.9057), np.float32(0.7681), np.float32(0.0)]
2025-11-23 10:30:54.304350: Epoch time: 69.8 s
2025-11-23 10:30:56.039301: 
2025-11-23 10:30:56.039479: Epoch 577
2025-11-23 10:30:56.039589: Current learning rate: 0.00461
2025-11-23 10:32:02.060098: train_loss -0.7362
2025-11-23 10:32:02.060427: val_loss -0.695
2025-11-23 10:32:02.060537: Pseudo dice [np.float32(0.8915), np.float32(0.753), np.float32(0.0)]
2025-11-23 10:32:02.060639: Epoch time: 66.02 s
2025-11-23 10:32:03.227691: 
2025-11-23 10:32:03.227944: Epoch 578
2025-11-23 10:32:03.228091: Current learning rate: 0.0046
2025-11-23 10:33:13.177683: train_loss -0.7268
2025-11-23 10:33:13.180919: val_loss -0.6804
2025-11-23 10:33:13.181052: Pseudo dice [np.float32(0.8981), np.float32(0.7726), np.float32(0.0)]
2025-11-23 10:33:13.181152: Epoch time: 69.95 s
2025-11-23 10:33:15.136229: 
2025-11-23 10:33:15.136400: Epoch 579
2025-11-23 10:33:15.136508: Current learning rate: 0.00459
2025-11-23 10:34:24.856677: train_loss -0.7358
2025-11-23 10:34:24.857017: val_loss -0.6765
2025-11-23 10:34:24.857124: Pseudo dice [np.float32(0.9085), np.float32(0.7738), np.float32(0.0)]
2025-11-23 10:34:24.857224: Epoch time: 69.72 s
2025-11-23 10:34:26.103303: 
2025-11-23 10:34:26.103610: Epoch 580
2025-11-23 10:34:26.103791: Current learning rate: 0.00458
2025-11-23 10:35:32.230522: train_loss -0.7296
2025-11-23 10:35:32.230772: val_loss -0.6715
2025-11-23 10:35:32.230877: Pseudo dice [np.float32(0.907), np.float32(0.7805), np.float32(0.0)]
2025-11-23 10:35:32.235143: Epoch time: 66.13 s
2025-11-23 10:35:33.720800: 
2025-11-23 10:35:33.720993: Epoch 581
2025-11-23 10:35:33.721110: Current learning rate: 0.00457
2025-11-23 10:36:41.566061: train_loss -0.733
2025-11-23 10:36:41.566359: val_loss -0.6713
2025-11-23 10:36:41.566499: Pseudo dice [np.float32(0.9114), np.float32(0.7652), np.float32(0.0)]
2025-11-23 10:36:41.566610: Epoch time: 67.85 s
2025-11-23 10:36:43.306777: 
2025-11-23 10:36:43.307012: Epoch 582
2025-11-23 10:36:43.307134: Current learning rate: 0.00456
2025-11-23 10:37:50.338852: train_loss -0.7346
2025-11-23 10:37:50.339102: val_loss -0.7117
2025-11-23 10:37:50.339207: Pseudo dice [np.float32(0.9112), np.float32(0.7742), np.float32(0.0)]
2025-11-23 10:37:50.339307: Epoch time: 67.03 s
2025-11-23 10:37:51.464311: 
2025-11-23 10:37:51.464470: Epoch 583
2025-11-23 10:37:51.464563: Current learning rate: 0.00455
2025-11-23 10:38:58.653080: train_loss -0.73
2025-11-23 10:38:58.653303: val_loss -0.6843
2025-11-23 10:38:58.653406: Pseudo dice [np.float32(0.8992), np.float32(0.7576), np.float32(0.0)]
2025-11-23 10:38:58.653507: Epoch time: 67.19 s
2025-11-23 10:39:00.181693: 
2025-11-23 10:39:00.181880: Epoch 584
2025-11-23 10:39:00.182001: Current learning rate: 0.00454
2025-11-23 10:40:06.394487: train_loss -0.7302
2025-11-23 10:40:06.394753: val_loss -0.6769
2025-11-23 10:40:06.394864: Pseudo dice [np.float32(0.8955), np.float32(0.767), np.float32(0.0)]
2025-11-23 10:40:06.394966: Epoch time: 66.21 s
2025-11-23 10:40:07.533672: 
2025-11-23 10:40:07.533915: Epoch 585
2025-11-23 10:40:07.534065: Current learning rate: 0.00453
2025-11-23 10:41:19.195501: train_loss -0.7398
2025-11-23 10:41:19.197246: val_loss -0.6465
2025-11-23 10:41:19.197347: Pseudo dice [np.float32(0.9059), np.float32(0.7552), np.float32(0.0)]
2025-11-23 10:41:19.197440: Epoch time: 71.66 s
2025-11-23 10:41:20.608675: 
2025-11-23 10:41:20.608865: Epoch 586
2025-11-23 10:41:20.608986: Current learning rate: 0.00452
2025-11-23 10:42:27.674284: train_loss -0.7439
2025-11-23 10:42:27.674530: val_loss -0.6915
2025-11-23 10:42:27.674632: Pseudo dice [np.float32(0.8987), np.float32(0.7785), np.float32(0.0)]
2025-11-23 10:42:27.674731: Epoch time: 67.07 s
2025-11-23 10:42:28.819124: 
2025-11-23 10:42:28.819376: Epoch 587
2025-11-23 10:42:28.819507: Current learning rate: 0.00451
2025-11-23 10:43:43.335717: train_loss -0.7161
2025-11-23 10:43:43.335966: val_loss -0.6894
2025-11-23 10:43:43.340297: Pseudo dice [np.float32(0.9114), np.float32(0.779), np.float32(0.0)]
2025-11-23 10:43:43.344772: Epoch time: 74.52 s
2025-11-23 10:43:44.817461: 
2025-11-23 10:43:44.817642: Epoch 588
2025-11-23 10:43:44.817751: Current learning rate: 0.0045
2025-11-23 10:44:55.646371: train_loss -0.736
2025-11-23 10:44:55.646669: val_loss -0.7204
2025-11-23 10:44:55.646772: Pseudo dice [np.float32(0.9013), np.float32(0.7642), np.float32(0.0)]
2025-11-23 10:44:55.646872: Epoch time: 70.83 s
2025-11-23 10:44:57.024617: 
2025-11-23 10:44:57.024885: Epoch 589
2025-11-23 10:44:57.025008: Current learning rate: 0.00449
2025-11-23 10:46:05.858746: train_loss -0.7252
2025-11-23 10:46:05.859112: val_loss -0.6897
2025-11-23 10:46:05.859218: Pseudo dice [np.float32(0.9126), np.float32(0.7704), np.float32(0.0)]
2025-11-23 10:46:05.859322: Epoch time: 68.84 s
2025-11-23 10:46:07.007311: 
2025-11-23 10:46:07.007672: Epoch 590
2025-11-23 10:46:07.007853: Current learning rate: 0.00448
2025-11-23 10:47:14.707728: train_loss -0.7457
2025-11-23 10:47:14.708631: val_loss -0.7066
2025-11-23 10:47:14.708744: Pseudo dice [np.float32(0.9065), np.float32(0.7596), np.float32(0.0)]
2025-11-23 10:47:14.708846: Epoch time: 67.7 s
2025-11-23 10:47:16.020808: 
2025-11-23 10:47:16.021042: Epoch 591
2025-11-23 10:47:16.021160: Current learning rate: 0.00447
2025-11-23 10:48:23.771597: train_loss -0.7212
2025-11-23 10:48:23.774061: val_loss -0.6645
2025-11-23 10:48:23.774223: Pseudo dice [np.float32(0.9069), np.float32(0.7676), np.float32(0.0)]
2025-11-23 10:48:23.774328: Epoch time: 67.75 s
2025-11-23 10:48:25.187526: 
2025-11-23 10:48:25.187690: Epoch 592
2025-11-23 10:48:25.187800: Current learning rate: 0.00446
2025-11-23 10:49:35.722546: train_loss -0.7291
2025-11-23 10:49:35.722849: val_loss -0.6709
2025-11-23 10:49:35.722956: Pseudo dice [np.float32(0.9026), np.float32(0.7638), np.float32(0.0)]
2025-11-23 10:49:35.723060: Epoch time: 70.54 s
2025-11-23 10:49:36.874056: 
2025-11-23 10:49:36.874283: Epoch 593
2025-11-23 10:49:36.874401: Current learning rate: 0.00445
2025-11-23 10:50:42.275588: train_loss -0.7319
2025-11-23 10:50:42.277348: val_loss -0.6714
2025-11-23 10:50:42.277466: Pseudo dice [np.float32(0.913), np.float32(0.7588), np.float32(0.0)]
2025-11-23 10:50:42.277571: Epoch time: 65.4 s
2025-11-23 10:50:44.011930: 
2025-11-23 10:50:44.012116: Epoch 594
2025-11-23 10:50:44.012228: Current learning rate: 0.00444
2025-11-23 10:51:50.503004: train_loss -0.7233
2025-11-23 10:51:50.503214: val_loss -0.7065
2025-11-23 10:51:50.503315: Pseudo dice [np.float32(0.9124), np.float32(0.7695), np.float32(0.0)]
2025-11-23 10:51:50.503415: Epoch time: 66.49 s
2025-11-23 10:51:51.676346: 
2025-11-23 10:51:51.676560: Epoch 595
2025-11-23 10:51:51.676701: Current learning rate: 0.00443
2025-11-23 10:53:01.662320: train_loss -0.7423
2025-11-23 10:53:01.662572: val_loss -0.6896
2025-11-23 10:53:01.663892: Pseudo dice [np.float32(0.9112), np.float32(0.7584), np.float32(0.0)]
2025-11-23 10:53:01.664035: Epoch time: 69.99 s
2025-11-23 10:53:02.802289: 
2025-11-23 10:53:02.802443: Epoch 596
2025-11-23 10:53:02.802538: Current learning rate: 0.00442
2025-11-23 10:54:07.609630: train_loss -0.7462
2025-11-23 10:54:07.609872: val_loss -0.7045
2025-11-23 10:54:07.615092: Pseudo dice [np.float32(0.9077), np.float32(0.7681), np.float32(0.0)]
2025-11-23 10:54:07.615215: Epoch time: 64.81 s
2025-11-23 10:54:09.615300: 
2025-11-23 10:54:09.615521: Epoch 597
2025-11-23 10:54:09.615654: Current learning rate: 0.00441
2025-11-23 10:55:16.471597: train_loss -0.7412
2025-11-23 10:55:16.471833: val_loss -0.6878
2025-11-23 10:55:16.471938: Pseudo dice [np.float32(0.9081), np.float32(0.773), np.float32(0.0)]
2025-11-23 10:55:16.485350: Epoch time: 66.86 s
2025-11-23 10:55:17.676391: 
2025-11-23 10:55:17.676584: Epoch 598
2025-11-23 10:55:17.676694: Current learning rate: 0.0044
2025-11-23 10:56:21.715141: train_loss -0.7377
2025-11-23 10:56:21.715464: val_loss -0.6662
2025-11-23 10:56:21.715569: Pseudo dice [np.float32(0.9074), np.float32(0.7513), np.float32(0.0)]
2025-11-23 10:56:21.715670: Epoch time: 64.04 s
2025-11-23 10:56:22.851078: 
2025-11-23 10:56:22.851272: Epoch 599
2025-11-23 10:56:22.851362: Current learning rate: 0.00439
2025-11-23 10:57:31.030207: train_loss -0.747
2025-11-23 10:57:31.030472: val_loss -0.6626
2025-11-23 10:57:31.030575: Pseudo dice [np.float32(0.9048), np.float32(0.7617), np.float32(0.0)]
2025-11-23 10:57:31.030674: Epoch time: 68.18 s
2025-11-23 10:57:33.040940: 
2025-11-23 10:57:33.041131: Epoch 600
2025-11-23 10:57:33.041243: Current learning rate: 0.00438
2025-11-23 10:58:42.690955: train_loss -0.7198
2025-11-23 10:58:42.691256: val_loss -0.7351
2025-11-23 10:58:42.691360: Pseudo dice [np.float32(0.9024), np.float32(0.7701), np.float32(0.0)]
2025-11-23 10:58:42.691458: Epoch time: 69.65 s
2025-11-23 10:58:44.113518: 
2025-11-23 10:58:44.113722: Epoch 601
2025-11-23 10:58:44.113835: Current learning rate: 0.00437
2025-11-23 10:59:54.394248: train_loss -0.7291
2025-11-23 10:59:54.397010: val_loss -0.6613
2025-11-23 10:59:54.397110: Pseudo dice [np.float32(0.9119), np.float32(0.7619), np.float32(0.0)]
2025-11-23 10:59:54.397201: Epoch time: 70.28 s
2025-11-23 10:59:55.857793: 
2025-11-23 10:59:55.857968: Epoch 602
2025-11-23 10:59:55.858138: Current learning rate: 0.00436
2025-11-23 11:01:02.967980: train_loss -0.731
2025-11-23 11:01:02.968240: val_loss -0.6684
2025-11-23 11:01:02.968343: Pseudo dice [np.float32(0.9038), np.float32(0.784), np.float32(0.0)]
2025-11-23 11:01:02.968501: Epoch time: 67.11 s
2025-11-23 11:01:04.133324: 
2025-11-23 11:01:04.133576: Epoch 603
2025-11-23 11:01:04.133697: Current learning rate: 0.00435
2025-11-23 11:02:09.622775: train_loss -0.7302
2025-11-23 11:02:09.623009: val_loss -0.6903
2025-11-23 11:02:09.623116: Pseudo dice [np.float32(0.9057), np.float32(0.765), np.float32(0.0)]
2025-11-23 11:02:09.623215: Epoch time: 65.49 s
2025-11-23 11:02:10.780808: 
2025-11-23 11:02:10.781033: Epoch 604
2025-11-23 11:02:10.781161: Current learning rate: 0.00434
2025-11-23 11:03:16.149726: train_loss -0.7244
2025-11-23 11:03:16.149996: val_loss -0.6462
2025-11-23 11:03:16.150102: Pseudo dice [np.float32(0.9146), np.float32(0.7364), np.float32(0.0)]
2025-11-23 11:03:16.150239: Epoch time: 65.37 s
2025-11-23 11:03:17.447508: 
2025-11-23 11:03:17.447784: Epoch 605
2025-11-23 11:03:17.447942: Current learning rate: 0.00433
2025-11-23 11:04:22.494994: train_loss -0.7371
2025-11-23 11:04:22.495317: val_loss -0.6853
2025-11-23 11:04:22.495420: Pseudo dice [np.float32(0.9131), np.float32(0.762), np.float32(0.0)]
2025-11-23 11:04:22.495518: Epoch time: 65.05 s
2025-11-23 11:04:23.633009: 
2025-11-23 11:04:23.633193: Epoch 606
2025-11-23 11:04:23.633323: Current learning rate: 0.00432
2025-11-23 11:05:28.995758: train_loss -0.7358
2025-11-23 11:05:28.996015: val_loss -0.6793
2025-11-23 11:05:28.996123: Pseudo dice [np.float32(0.9044), np.float32(0.7632), np.float32(0.0)]
2025-11-23 11:05:28.996223: Epoch time: 65.36 s
2025-11-23 11:05:30.464766: 
2025-11-23 11:05:30.464932: Epoch 607
2025-11-23 11:05:30.465047: Current learning rate: 0.00431
2025-11-23 11:06:36.560163: train_loss -0.7326
2025-11-23 11:06:36.560534: val_loss -0.7109
2025-11-23 11:06:36.560761: Pseudo dice [np.float32(0.9047), np.float32(0.7742), np.float32(0.0)]
2025-11-23 11:06:36.560879: Epoch time: 66.1 s
2025-11-23 11:06:37.712170: 
2025-11-23 11:06:37.712345: Epoch 608
2025-11-23 11:06:37.712452: Current learning rate: 0.0043
2025-11-23 11:07:43.189312: train_loss -0.7455
2025-11-23 11:07:43.189561: val_loss -0.6776
2025-11-23 11:07:43.189662: Pseudo dice [np.float32(0.9085), np.float32(0.7563), np.float32(0.0)]
2025-11-23 11:07:43.189763: Epoch time: 65.48 s
2025-11-23 11:07:44.323033: 
2025-11-23 11:07:44.323198: Epoch 609
2025-11-23 11:07:44.323309: Current learning rate: 0.00429
2025-11-23 11:08:52.649322: train_loss -0.7299
2025-11-23 11:08:52.649610: val_loss -0.6855
2025-11-23 11:08:52.649714: Pseudo dice [np.float32(0.9063), np.float32(0.773), np.float32(0.0)]
2025-11-23 11:08:52.649813: Epoch time: 68.33 s
2025-11-23 11:08:53.817264: 
2025-11-23 11:08:53.817489: Epoch 610
2025-11-23 11:08:53.817613: Current learning rate: 0.00429
2025-11-23 11:10:01.727198: train_loss -0.7306
2025-11-23 11:10:01.727520: val_loss -0.6897
2025-11-23 11:10:01.727623: Pseudo dice [np.float32(0.917), np.float32(0.7524), np.float32(0.0)]
2025-11-23 11:10:01.727723: Epoch time: 67.91 s
2025-11-23 11:10:02.871044: 
2025-11-23 11:10:02.871235: Epoch 611
2025-11-23 11:10:02.871372: Current learning rate: 0.00428
2025-11-23 11:11:10.056509: train_loss -0.7421
2025-11-23 11:11:10.056743: val_loss -0.6903
2025-11-23 11:11:10.056844: Pseudo dice [np.float32(0.9015), np.float32(0.7677), np.float32(0.0)]
2025-11-23 11:11:10.056942: Epoch time: 67.19 s
2025-11-23 11:11:11.213210: 
2025-11-23 11:11:11.213418: Epoch 612
2025-11-23 11:11:11.213534: Current learning rate: 0.00427
2025-11-23 11:12:19.241320: train_loss -0.7422
2025-11-23 11:12:19.241538: val_loss -0.6889
2025-11-23 11:12:19.241638: Pseudo dice [np.float32(0.9053), np.float32(0.7634), np.float32(0.0)]
2025-11-23 11:12:19.243879: Epoch time: 68.03 s
2025-11-23 11:12:21.169753: 
2025-11-23 11:12:21.169942: Epoch 613
2025-11-23 11:12:21.170108: Current learning rate: 0.00426
2025-11-23 11:13:26.966198: train_loss -0.7259
2025-11-23 11:13:26.966497: val_loss -0.6717
2025-11-23 11:13:26.966601: Pseudo dice [np.float32(0.9034), np.float32(0.7629), np.float32(0.0)]
2025-11-23 11:13:26.966698: Epoch time: 65.8 s
2025-11-23 11:13:28.250846: 
2025-11-23 11:13:28.251149: Epoch 614
2025-11-23 11:13:28.251266: Current learning rate: 0.00425
2025-11-23 11:14:34.457299: train_loss -0.7313
2025-11-23 11:14:34.457533: val_loss -0.6776
2025-11-23 11:14:34.457663: Pseudo dice [np.float32(0.9029), np.float32(0.7693), np.float32(0.0)]
2025-11-23 11:14:34.457766: Epoch time: 66.21 s
2025-11-23 11:14:35.603746: 
2025-11-23 11:14:35.604031: Epoch 615
2025-11-23 11:14:35.604144: Current learning rate: 0.00424
2025-11-23 11:15:41.599424: train_loss -0.727
2025-11-23 11:15:41.599662: val_loss -0.6912
2025-11-23 11:15:41.599763: Pseudo dice [np.float32(0.9113), np.float32(0.7696), np.float32(0.0)]
2025-11-23 11:15:41.599861: Epoch time: 66.0 s
2025-11-23 11:15:42.769578: 
2025-11-23 11:15:42.769819: Epoch 616
2025-11-23 11:15:42.769944: Current learning rate: 0.00423
2025-11-23 11:16:48.378998: train_loss -0.746
2025-11-23 11:16:48.379215: val_loss -0.701
2025-11-23 11:16:48.379316: Pseudo dice [np.float32(0.9057), np.float32(0.7669), np.float32(0.0)]
2025-11-23 11:16:48.379414: Epoch time: 65.61 s
2025-11-23 11:16:49.536152: 
2025-11-23 11:16:49.536319: Epoch 617
2025-11-23 11:16:49.536430: Current learning rate: 0.00422
2025-11-23 11:17:54.361690: train_loss -0.745
2025-11-23 11:17:54.363558: val_loss -0.6718
2025-11-23 11:17:54.363672: Pseudo dice [np.float32(0.9088), np.float32(0.7796), np.float32(0.0)]
2025-11-23 11:17:54.363775: Epoch time: 64.83 s
2025-11-23 11:17:55.734223: 
2025-11-23 11:17:55.734403: Epoch 618
2025-11-23 11:17:55.734519: Current learning rate: 0.00421
2025-11-23 11:19:07.032651: train_loss -0.7424
2025-11-23 11:19:07.032910: val_loss -0.6685
2025-11-23 11:19:07.033022: Pseudo dice [np.float32(0.9107), np.float32(0.7554), np.float32(0.0)]
2025-11-23 11:19:07.033122: Epoch time: 71.3 s
2025-11-23 11:19:08.173966: 
2025-11-23 11:19:08.174219: Epoch 619
2025-11-23 11:19:08.174375: Current learning rate: 0.0042
2025-11-23 11:20:16.488331: train_loss -0.7298
2025-11-23 11:20:16.488677: val_loss -0.6976
2025-11-23 11:20:16.488780: Pseudo dice [np.float32(0.9081), np.float32(0.7664), np.float32(0.0)]
2025-11-23 11:20:16.488878: Epoch time: 68.32 s
2025-11-23 11:20:18.196149: 
2025-11-23 11:20:18.196400: Epoch 620
2025-11-23 11:20:18.196517: Current learning rate: 0.00419
2025-11-23 11:21:26.632607: train_loss -0.7485
2025-11-23 11:21:26.632855: val_loss -0.6718
2025-11-23 11:21:26.632958: Pseudo dice [np.float32(0.9045), np.float32(0.7636), np.float32(0.0)]
2025-11-23 11:21:26.633082: Epoch time: 68.44 s
2025-11-23 11:21:27.733654: 
2025-11-23 11:21:27.733831: Epoch 621
2025-11-23 11:21:27.733976: Current learning rate: 0.00418
2025-11-23 11:22:37.149022: train_loss -0.745
2025-11-23 11:22:37.149264: val_loss -0.728
2025-11-23 11:22:37.149365: Pseudo dice [np.float32(0.9037), np.float32(0.7717), np.float32(0.0)]
2025-11-23 11:22:37.149463: Epoch time: 69.42 s
2025-11-23 11:22:38.486414: 
2025-11-23 11:22:38.486610: Epoch 622
2025-11-23 11:22:38.486730: Current learning rate: 0.00417
2025-11-23 11:23:43.408497: train_loss -0.7443
2025-11-23 11:23:43.408744: val_loss -0.6908
2025-11-23 11:23:43.408850: Pseudo dice [np.float32(0.9124), np.float32(0.7598), np.float32(0.0)]
2025-11-23 11:23:43.408957: Epoch time: 64.92 s
2025-11-23 11:23:44.546317: 
2025-11-23 11:23:44.546484: Epoch 623
2025-11-23 11:23:44.546593: Current learning rate: 0.00416
2025-11-23 11:24:55.845120: train_loss -0.7185
2025-11-23 11:24:55.846354: val_loss -0.6743
2025-11-23 11:24:55.846462: Pseudo dice [np.float32(0.9048), np.float32(0.7452), np.float32(0.0)]
2025-11-23 11:24:55.846556: Epoch time: 71.3 s
2025-11-23 11:24:57.294357: 
2025-11-23 11:24:57.294526: Epoch 624
2025-11-23 11:24:57.294636: Current learning rate: 0.00415
2025-11-23 11:26:03.876750: train_loss -0.7316
2025-11-23 11:26:03.876986: val_loss -0.6955
2025-11-23 11:26:03.877092: Pseudo dice [np.float32(0.9125), np.float32(0.7773), np.float32(0.0)]
2025-11-23 11:26:03.877191: Epoch time: 66.58 s
2025-11-23 11:26:05.201837: 
2025-11-23 11:26:05.202091: Epoch 625
2025-11-23 11:26:05.202216: Current learning rate: 0.00414
2025-11-23 11:27:12.338234: train_loss -0.7252
2025-11-23 11:27:12.346157: val_loss -0.6963
2025-11-23 11:27:12.346382: Pseudo dice [np.float32(0.9204), np.float32(0.7625), np.float32(0.0)]
2025-11-23 11:27:12.346484: Epoch time: 67.14 s
2025-11-23 11:27:13.545074: 
2025-11-23 11:27:13.545244: Epoch 626
2025-11-23 11:27:13.545354: Current learning rate: 0.00413
2025-11-23 11:28:24.117334: train_loss -0.7512
2025-11-23 11:28:24.117568: val_loss -0.7181
2025-11-23 11:28:24.117669: Pseudo dice [np.float32(0.9044), np.float32(0.7679), np.float32(0.0)]
2025-11-23 11:28:24.120051: Epoch time: 70.57 s
2025-11-23 11:28:25.376009: 
2025-11-23 11:28:25.376230: Epoch 627
2025-11-23 11:28:25.376348: Current learning rate: 0.00412
2025-11-23 11:29:33.797659: train_loss -0.7419
2025-11-23 11:29:33.797895: val_loss -0.6654
2025-11-23 11:29:33.798006: Pseudo dice [np.float32(0.9116), np.float32(0.7526), np.float32(0.0)]
2025-11-23 11:29:33.800210: Epoch time: 68.42 s
2025-11-23 11:29:35.877936: 
2025-11-23 11:29:35.878185: Epoch 628
2025-11-23 11:29:35.878311: Current learning rate: 0.00411
2025-11-23 11:30:41.435992: train_loss -0.7458
2025-11-23 11:30:41.436326: val_loss -0.6906
2025-11-23 11:30:41.436434: Pseudo dice [np.float32(0.9209), np.float32(0.7694), np.float32(0.0)]
2025-11-23 11:30:41.436537: Epoch time: 65.56 s
2025-11-23 11:30:42.631319: 
2025-11-23 11:30:42.631570: Epoch 629
2025-11-23 11:30:42.631708: Current learning rate: 0.0041
2025-11-23 11:31:51.788076: train_loss -0.7359
2025-11-23 11:31:51.788346: val_loss -0.6713
2025-11-23 11:31:51.788449: Pseudo dice [np.float32(0.9025), np.float32(0.7639), np.float32(0.0)]
2025-11-23 11:31:51.788549: Epoch time: 69.16 s
2025-11-23 11:31:52.955542: 
2025-11-23 11:31:52.955768: Epoch 630
2025-11-23 11:31:52.955890: Current learning rate: 0.00409
2025-11-23 11:33:06.523530: train_loss -0.7418
2025-11-23 11:33:06.523765: val_loss -0.6653
2025-11-23 11:33:06.523865: Pseudo dice [np.float32(0.9021), np.float32(0.7472), np.float32(0.0)]
2025-11-23 11:33:06.523963: Epoch time: 73.57 s
2025-11-23 11:33:07.675409: 
2025-11-23 11:33:07.675702: Epoch 631
2025-11-23 11:33:07.675821: Current learning rate: 0.00408
2025-11-23 11:34:14.852962: train_loss -0.7479
2025-11-23 11:34:14.853223: val_loss -0.6573
2025-11-23 11:34:14.853326: Pseudo dice [np.float32(0.8933), np.float32(0.7611), np.float32(0.0)]
2025-11-23 11:34:14.853424: Epoch time: 67.18 s
2025-11-23 11:34:16.511925: 
2025-11-23 11:34:16.512116: Epoch 632
2025-11-23 11:34:16.512230: Current learning rate: 0.00407
2025-11-23 11:35:26.830076: train_loss -0.7352
2025-11-23 11:35:26.830314: val_loss -0.6988
2025-11-23 11:35:26.830417: Pseudo dice [np.float32(0.9093), np.float32(0.7622), np.float32(0.0)]
2025-11-23 11:35:26.830514: Epoch time: 70.32 s
2025-11-23 11:35:28.626618: 
2025-11-23 11:35:28.626794: Epoch 633
2025-11-23 11:35:28.626903: Current learning rate: 0.00406
2025-11-23 11:36:37.426603: train_loss -0.7433
2025-11-23 11:36:37.426938: val_loss -0.6521
2025-11-23 11:36:37.427047: Pseudo dice [np.float32(0.8995), np.float32(0.7592), np.float32(0.0)]
2025-11-23 11:36:37.427147: Epoch time: 68.8 s
2025-11-23 11:36:38.650576: 
2025-11-23 11:36:38.650784: Epoch 634
2025-11-23 11:36:38.650916: Current learning rate: 0.00405
2025-11-23 11:37:47.747846: train_loss -0.7366
2025-11-23 11:37:47.748224: val_loss -0.679
2025-11-23 11:37:47.748337: Pseudo dice [np.float32(0.9187), np.float32(0.769), np.float32(0.0)]
2025-11-23 11:37:47.748437: Epoch time: 69.1 s
2025-11-23 11:37:48.929498: 
2025-11-23 11:37:48.929712: Epoch 635
2025-11-23 11:37:48.929835: Current learning rate: 0.00404
2025-11-23 11:38:57.990496: train_loss -0.7294
2025-11-23 11:38:57.990750: val_loss -0.6896
2025-11-23 11:38:57.990853: Pseudo dice [np.float32(0.9041), np.float32(0.7576), np.float32(0.0)]
2025-11-23 11:38:57.993062: Epoch time: 69.06 s
2025-11-23 11:38:59.534673: 
2025-11-23 11:38:59.553407: Epoch 636
2025-11-23 11:38:59.553559: Current learning rate: 0.00403
2025-11-23 11:40:09.814441: train_loss -0.7372
2025-11-23 11:40:09.814677: val_loss -0.7244
2025-11-23 11:40:09.814777: Pseudo dice [np.float32(0.9054), np.float32(0.7604), np.float32(0.0)]
2025-11-23 11:40:09.814977: Epoch time: 70.28 s
2025-11-23 11:40:10.969266: 
2025-11-23 11:40:10.969525: Epoch 637
2025-11-23 11:40:10.969658: Current learning rate: 0.00402
2025-11-23 11:41:17.916656: train_loss -0.7319
2025-11-23 11:41:17.927104: val_loss -0.6594
2025-11-23 11:41:17.927310: Pseudo dice [np.float32(0.914), np.float32(0.7468), np.float32(0.0)]
2025-11-23 11:41:17.927411: Epoch time: 66.95 s
2025-11-23 11:41:19.333294: 
2025-11-23 11:41:19.333476: Epoch 638
2025-11-23 11:41:19.333588: Current learning rate: 0.00401
2025-11-23 11:42:28.698442: train_loss -0.734
2025-11-23 11:42:28.698695: val_loss -0.7008
2025-11-23 11:42:28.698797: Pseudo dice [np.float32(0.9048), np.float32(0.7636), np.float32(0.0)]
2025-11-23 11:42:28.698898: Epoch time: 69.37 s
2025-11-23 11:42:30.113063: 
2025-11-23 11:42:30.113236: Epoch 639
2025-11-23 11:42:30.113344: Current learning rate: 0.004
2025-11-23 11:43:39.293599: train_loss -0.7362
2025-11-23 11:43:39.293872: val_loss -0.6599
2025-11-23 11:43:39.293981: Pseudo dice [np.float32(0.901), np.float32(0.7575), np.float32(0.0)]
2025-11-23 11:43:39.294083: Epoch time: 69.18 s
2025-11-23 11:43:40.450639: 
2025-11-23 11:43:40.450888: Epoch 640
2025-11-23 11:43:40.451013: Current learning rate: 0.00399
2025-11-23 11:44:50.855120: train_loss -0.7285
2025-11-23 11:44:50.855398: val_loss -0.6476
2025-11-23 11:44:50.855511: Pseudo dice [np.float32(0.8881), np.float32(0.7727), np.float32(0.0)]
2025-11-23 11:44:50.855612: Epoch time: 70.41 s
2025-11-23 11:44:52.098472: 
2025-11-23 11:44:52.098643: Epoch 641
2025-11-23 11:44:52.098773: Current learning rate: 0.00398
2025-11-23 11:46:01.263250: train_loss -0.7146
2025-11-23 11:46:01.263491: val_loss -0.6501
2025-11-23 11:46:01.263594: Pseudo dice [np.float32(0.907), np.float32(0.7574), np.float32(0.0)]
2025-11-23 11:46:01.263692: Epoch time: 69.17 s
2025-11-23 11:46:02.421643: 
2025-11-23 11:46:02.421875: Epoch 642
2025-11-23 11:46:02.422000: Current learning rate: 0.00397
2025-11-23 11:47:09.665858: train_loss -0.7425
2025-11-23 11:47:09.666121: val_loss -0.6666
2025-11-23 11:47:09.666232: Pseudo dice [np.float32(0.901), np.float32(0.7585), np.float32(0.0)]
2025-11-23 11:47:09.666333: Epoch time: 67.25 s
2025-11-23 11:47:10.801644: 
2025-11-23 11:47:10.801814: Epoch 643
2025-11-23 11:47:10.801981: Current learning rate: 0.00396
2025-11-23 11:48:18.505175: train_loss -0.7259
2025-11-23 11:48:18.505401: val_loss -0.6636
2025-11-23 11:48:18.505501: Pseudo dice [np.float32(0.9094), np.float32(0.7608), np.float32(0.0)]
2025-11-23 11:48:18.505670: Epoch time: 67.7 s
2025-11-23 11:48:20.936608: 
2025-11-23 11:48:20.936798: Epoch 644
2025-11-23 11:48:20.936916: Current learning rate: 0.00395
2025-11-23 11:49:29.109536: train_loss -0.7363
2025-11-23 11:49:29.109856: val_loss -0.6865
2025-11-23 11:49:29.109961: Pseudo dice [np.float32(0.9069), np.float32(0.7637), np.float32(0.0)]
2025-11-23 11:49:29.110066: Epoch time: 68.17 s
2025-11-23 11:49:30.598466: 
2025-11-23 11:49:30.598656: Epoch 645
2025-11-23 11:49:30.598776: Current learning rate: 0.00394
2025-11-23 11:50:40.122293: train_loss -0.7253
2025-11-23 11:50:40.122526: val_loss -0.7002
2025-11-23 11:50:40.122626: Pseudo dice [np.float32(0.9105), np.float32(0.7637), np.float32(0.0)]
2025-11-23 11:50:40.122724: Epoch time: 69.52 s
2025-11-23 11:50:41.313888: 
2025-11-23 11:50:41.314091: Epoch 646
2025-11-23 11:50:41.314211: Current learning rate: 0.00393
2025-11-23 11:51:49.699047: train_loss -0.7422
2025-11-23 11:51:49.699298: val_loss -0.6554
2025-11-23 11:51:49.699422: Pseudo dice [np.float32(0.8981), np.float32(0.7618), np.float32(0.0)]
2025-11-23 11:51:49.699523: Epoch time: 68.39 s
2025-11-23 11:51:50.885414: 
2025-11-23 11:51:50.885596: Epoch 647
2025-11-23 11:51:50.885706: Current learning rate: 0.00392
2025-11-23 11:53:00.379912: train_loss -0.7465
2025-11-23 11:53:00.380165: val_loss -0.659
2025-11-23 11:53:00.380264: Pseudo dice [np.float32(0.9106), np.float32(0.7708), np.float32(0.0)]
2025-11-23 11:53:00.380361: Epoch time: 69.5 s
2025-11-23 11:53:01.544881: 
2025-11-23 11:53:01.545089: Epoch 648
2025-11-23 11:53:01.545208: Current learning rate: 0.00391
2025-11-23 11:54:08.128296: train_loss -0.739
2025-11-23 11:54:08.128589: val_loss -0.6684
2025-11-23 11:54:08.128692: Pseudo dice [np.float32(0.911), np.float32(0.7693), np.float32(0.0)]
2025-11-23 11:54:08.128791: Epoch time: 66.58 s
2025-11-23 11:54:09.345968: 
2025-11-23 11:54:09.346175: Epoch 649
2025-11-23 11:54:09.346289: Current learning rate: 0.0039
2025-11-23 11:55:17.444087: train_loss -0.735
2025-11-23 11:55:17.444964: val_loss -0.6734
2025-11-23 11:55:17.445081: Pseudo dice [np.float32(0.8977), np.float32(0.7651), np.float32(0.0)]
2025-11-23 11:55:17.445179: Epoch time: 68.1 s
2025-11-23 11:55:19.116225: 
2025-11-23 11:55:19.116422: Epoch 650
2025-11-23 11:55:19.116543: Current learning rate: 0.00389
2025-11-23 11:56:28.299909: train_loss -0.7539
2025-11-23 11:56:28.300201: val_loss -0.6985
2025-11-23 11:56:28.300304: Pseudo dice [np.float32(0.9085), np.float32(0.7581), np.float32(0.0)]
2025-11-23 11:56:28.300403: Epoch time: 69.18 s
2025-11-23 11:56:30.843752: 
2025-11-23 11:56:30.843998: Epoch 651
2025-11-23 11:56:30.844122: Current learning rate: 0.00388
2025-11-23 11:57:41.183913: train_loss -0.7212
2025-11-23 11:57:41.184235: val_loss -0.7003
2025-11-23 11:57:41.184340: Pseudo dice [np.float32(0.9054), np.float32(0.7525), np.float32(0.0)]
2025-11-23 11:57:41.184439: Epoch time: 70.34 s
2025-11-23 11:57:42.683670: 
2025-11-23 11:57:42.683850: Epoch 652
2025-11-23 11:57:42.683963: Current learning rate: 0.00387
2025-11-23 11:58:45.148788: train_loss -0.7391
2025-11-23 11:58:45.149051: val_loss -0.7139
2025-11-23 11:58:45.149153: Pseudo dice [np.float32(0.9031), np.float32(0.7599), np.float32(0.0)]
2025-11-23 11:58:45.149250: Epoch time: 62.47 s
2025-11-23 11:58:46.293676: 
2025-11-23 11:58:46.293841: Epoch 653
2025-11-23 11:58:46.294001: Current learning rate: 0.00386
2025-11-23 11:59:55.970377: train_loss -0.7374
2025-11-23 11:59:55.970623: val_loss -0.6719
2025-11-23 11:59:55.970723: Pseudo dice [np.float32(0.9054), np.float32(0.7677), np.float32(0.0)]
2025-11-23 11:59:55.970822: Epoch time: 69.68 s
2025-11-23 11:59:58.295760: 
2025-11-23 11:59:58.295938: Epoch 654
2025-11-23 11:59:58.296054: Current learning rate: 0.00385
2025-11-23 12:01:06.639364: train_loss -0.7212
2025-11-23 12:01:06.639718: val_loss -0.6745
2025-11-23 12:01:06.639831: Pseudo dice [np.float32(0.9072), np.float32(0.7631), np.float32(0.0)]
2025-11-23 12:01:06.639937: Epoch time: 68.34 s
2025-11-23 12:01:08.063411: 
2025-11-23 12:01:08.063589: Epoch 655
2025-11-23 12:01:08.063700: Current learning rate: 0.00384
2025-11-23 12:02:16.438998: train_loss -0.7269
2025-11-23 12:02:16.439335: val_loss -0.6863
2025-11-23 12:02:16.439442: Pseudo dice [np.float32(0.9147), np.float32(0.7679), np.float32(0.0)]
2025-11-23 12:02:16.439543: Epoch time: 68.38 s
2025-11-23 12:02:17.589898: 
2025-11-23 12:02:17.590097: Epoch 656
2025-11-23 12:02:17.590214: Current learning rate: 0.00383
2025-11-23 12:03:23.345775: train_loss -0.7424
2025-11-23 12:03:23.346022: val_loss -0.7017
2025-11-23 12:03:23.346127: Pseudo dice [np.float32(0.9149), np.float32(0.7554), np.float32(0.0)]
2025-11-23 12:03:23.346227: Epoch time: 65.76 s
2025-11-23 12:03:24.489573: 
2025-11-23 12:03:24.489760: Epoch 657
2025-11-23 12:03:24.489879: Current learning rate: 0.00382
2025-11-23 12:04:32.162628: train_loss -0.7287
2025-11-23 12:04:32.162890: val_loss -0.6416
2025-11-23 12:04:32.163879: Pseudo dice [np.float32(0.8777), np.float32(0.7595), np.float32(0.0)]
2025-11-23 12:04:32.164115: Epoch time: 67.67 s
2025-11-23 12:04:33.419759: 
2025-11-23 12:04:33.420049: Epoch 658
2025-11-23 12:04:33.420187: Current learning rate: 0.00381
2025-11-23 12:05:38.992518: train_loss -0.7263
2025-11-23 12:05:38.992737: val_loss -0.6691
2025-11-23 12:05:38.992828: Pseudo dice [np.float32(0.8953), np.float32(0.7605), np.float32(0.0)]
2025-11-23 12:05:38.998696: Epoch time: 65.57 s
2025-11-23 12:05:41.521656: 
2025-11-23 12:05:41.521901: Epoch 659
2025-11-23 12:05:41.522027: Current learning rate: 0.0038
2025-11-23 12:06:46.766837: train_loss -0.7215
2025-11-23 12:06:46.767094: val_loss -0.672
2025-11-23 12:06:46.767195: Pseudo dice [np.float32(0.9072), np.float32(0.7578), np.float32(0.0)]
2025-11-23 12:06:46.767295: Epoch time: 65.25 s
2025-11-23 12:06:48.128000: 
2025-11-23 12:06:48.128278: Epoch 660
2025-11-23 12:06:48.128394: Current learning rate: 0.00379
2025-11-23 12:07:55.293555: train_loss -0.7473
2025-11-23 12:07:55.294852: val_loss -0.6859
2025-11-23 12:07:55.294963: Pseudo dice [np.float32(0.8948), np.float32(0.759), np.float32(0.0)]
2025-11-23 12:07:55.295074: Epoch time: 67.17 s
2025-11-23 12:07:56.499400: 
2025-11-23 12:07:56.499572: Epoch 661
2025-11-23 12:07:56.499684: Current learning rate: 0.00378
2025-11-23 12:09:00.422376: train_loss -0.7424
2025-11-23 12:09:00.422690: val_loss -0.6795
2025-11-23 12:09:00.422788: Pseudo dice [np.float32(0.9146), np.float32(0.7702), np.float32(0.0)]
2025-11-23 12:09:00.422880: Epoch time: 63.92 s
2025-11-23 12:09:01.737988: 
2025-11-23 12:09:01.738171: Epoch 662
2025-11-23 12:09:01.738281: Current learning rate: 0.00377
2025-11-23 12:10:09.820524: train_loss -0.7331
2025-11-23 12:10:09.820777: val_loss -0.6634
2025-11-23 12:10:09.820877: Pseudo dice [np.float32(0.9094), np.float32(0.7767), np.float32(0.0)]
2025-11-23 12:10:09.820982: Epoch time: 68.08 s
2025-11-23 12:10:10.973067: 
2025-11-23 12:10:10.973373: Epoch 663
2025-11-23 12:10:10.973501: Current learning rate: 0.00376
2025-11-23 12:11:17.376612: train_loss -0.732
2025-11-23 12:11:17.376845: val_loss -0.6815
2025-11-23 12:11:17.376943: Pseudo dice [np.float32(0.902), np.float32(0.7669), np.float32(0.0)]
2025-11-23 12:11:17.377047: Epoch time: 66.4 s
2025-11-23 12:11:18.557792: 
2025-11-23 12:11:18.558075: Epoch 664
2025-11-23 12:11:18.558191: Current learning rate: 0.00375
2025-11-23 12:12:24.216599: train_loss -0.7399
2025-11-23 12:12:24.221989: val_loss -0.6987
2025-11-23 12:12:24.222200: Pseudo dice [np.float32(0.9131), np.float32(0.7717), np.float32(0.0)]
2025-11-23 12:12:24.222301: Epoch time: 65.66 s
2025-11-23 12:12:25.777580: 
2025-11-23 12:12:25.777781: Epoch 665
2025-11-23 12:12:25.777953: Current learning rate: 0.00374
2025-11-23 12:13:32.873373: train_loss -0.7406
2025-11-23 12:13:32.873582: val_loss -0.6677
2025-11-23 12:13:32.873687: Pseudo dice [np.float32(0.9231), np.float32(0.7647), np.float32(0.0)]
2025-11-23 12:13:32.875880: Epoch time: 67.1 s
2025-11-23 12:13:34.882460: 
2025-11-23 12:13:34.882640: Epoch 666
2025-11-23 12:13:34.882744: Current learning rate: 0.00373
2025-11-23 12:14:43.448021: train_loss -0.7312
2025-11-23 12:14:43.448266: val_loss -0.6624
2025-11-23 12:14:43.448367: Pseudo dice [np.float32(0.9112), np.float32(0.766), np.float32(0.0)]
2025-11-23 12:14:43.448465: Epoch time: 68.57 s
2025-11-23 12:14:45.110880: 
2025-11-23 12:14:45.111065: Epoch 667
2025-11-23 12:14:45.111184: Current learning rate: 0.00372
2025-11-23 12:15:51.039107: train_loss -0.742
2025-11-23 12:15:51.039410: val_loss -0.6684
2025-11-23 12:15:51.039514: Pseudo dice [np.float32(0.9043), np.float32(0.7583), np.float32(0.0)]
2025-11-23 12:15:51.039616: Epoch time: 65.93 s
2025-11-23 12:15:52.299269: 
2025-11-23 12:15:52.299442: Epoch 668
2025-11-23 12:15:52.299553: Current learning rate: 0.00371
2025-11-23 12:16:56.014278: train_loss -0.7297
2025-11-23 12:16:56.014506: val_loss -0.6882
2025-11-23 12:16:56.014661: Pseudo dice [np.float32(0.9113), np.float32(0.7658), np.float32(0.0)]
2025-11-23 12:16:56.014769: Epoch time: 63.72 s
2025-11-23 12:16:57.164493: 
2025-11-23 12:16:57.164697: Epoch 669
2025-11-23 12:16:57.164808: Current learning rate: 0.0037
2025-11-23 12:18:04.574654: train_loss -0.744
2025-11-23 12:18:04.574903: val_loss -0.678
2025-11-23 12:18:04.575011: Pseudo dice [np.float32(0.9177), np.float32(0.7571), np.float32(0.0)]
2025-11-23 12:18:04.575113: Epoch time: 67.41 s
2025-11-23 12:18:05.770148: 
2025-11-23 12:18:05.770366: Epoch 670
2025-11-23 12:18:05.770479: Current learning rate: 0.00369
2025-11-23 12:19:13.238041: train_loss -0.7383
2025-11-23 12:19:13.238337: val_loss -0.6724
2025-11-23 12:19:13.238501: Pseudo dice [np.float32(0.9087), np.float32(0.7619), np.float32(0.0)]
2025-11-23 12:19:13.238610: Epoch time: 67.47 s
2025-11-23 12:19:14.863472: 
2025-11-23 12:19:14.863704: Epoch 671
2025-11-23 12:19:14.863817: Current learning rate: 0.00368
2025-11-23 12:20:20.191757: train_loss -0.7373
2025-11-23 12:20:20.192090: val_loss -0.7059
2025-11-23 12:20:20.192194: Pseudo dice [np.float32(0.9072), np.float32(0.76), np.float32(0.0)]
2025-11-23 12:20:20.192295: Epoch time: 65.33 s
2025-11-23 12:20:21.705463: 
2025-11-23 12:20:21.705703: Epoch 672
2025-11-23 12:20:21.705831: Current learning rate: 0.00367
2025-11-23 12:21:32.150394: train_loss -0.7364
2025-11-23 12:21:32.150689: val_loss -0.6809
2025-11-23 12:21:32.150795: Pseudo dice [np.float32(0.9047), np.float32(0.7647), np.float32(0.0)]
2025-11-23 12:21:32.150899: Epoch time: 70.45 s
2025-11-23 12:21:33.404975: 
2025-11-23 12:21:33.405169: Epoch 673
2025-11-23 12:21:33.405283: Current learning rate: 0.00366
2025-11-23 12:22:42.068344: train_loss -0.7367
2025-11-23 12:22:42.068561: val_loss -0.6384
2025-11-23 12:22:42.068660: Pseudo dice [np.float32(0.8863), np.float32(0.7624), np.float32(0.0)]
2025-11-23 12:22:42.068759: Epoch time: 68.66 s
2025-11-23 12:22:43.463268: 
2025-11-23 12:22:43.463469: Epoch 674
2025-11-23 12:22:43.463624: Current learning rate: 0.00365
2025-11-23 12:23:50.880320: train_loss -0.7073
2025-11-23 12:23:50.880571: val_loss -0.6642
2025-11-23 12:23:50.884890: Pseudo dice [np.float32(0.8881), np.float32(0.77), np.float32(0.0)]
2025-11-23 12:23:50.885029: Epoch time: 67.42 s
2025-11-23 12:23:53.252006: 
2025-11-23 12:23:53.252263: Epoch 675
2025-11-23 12:23:53.252376: Current learning rate: 0.00364
2025-11-23 12:25:01.123381: train_loss -0.7144
2025-11-23 12:25:01.123604: val_loss -0.6578
2025-11-23 12:25:01.124907: Pseudo dice [np.float32(0.9031), np.float32(0.7666), np.float32(0.0)]
2025-11-23 12:25:01.125024: Epoch time: 67.87 s
2025-11-23 12:25:02.392818: 
2025-11-23 12:25:02.393038: Epoch 676
2025-11-23 12:25:02.393155: Current learning rate: 0.00363
2025-11-23 12:26:09.837568: train_loss -0.7419
2025-11-23 12:26:09.837808: val_loss -0.6687
2025-11-23 12:26:09.837911: Pseudo dice [np.float32(0.9025), np.float32(0.7421), np.float32(0.0)]
2025-11-23 12:26:09.838017: Epoch time: 67.45 s
2025-11-23 12:26:10.989326: 
2025-11-23 12:26:10.989530: Epoch 677
2025-11-23 12:26:10.989638: Current learning rate: 0.00362
2025-11-23 12:27:16.754257: train_loss -0.7418
2025-11-23 12:27:16.754496: val_loss -0.6724
2025-11-23 12:27:16.754598: Pseudo dice [np.float32(0.909), np.float32(0.7669), np.float32(0.0)]
2025-11-23 12:27:16.754695: Epoch time: 65.77 s
2025-11-23 12:27:17.913537: 
2025-11-23 12:27:17.913758: Epoch 678
2025-11-23 12:27:17.913865: Current learning rate: 0.00361
2025-11-23 12:28:25.168277: train_loss -0.7313
2025-11-23 12:28:25.168540: val_loss -0.6409
2025-11-23 12:28:25.168646: Pseudo dice [np.float32(0.9138), np.float32(0.7559), np.float32(0.0)]
2025-11-23 12:28:25.168745: Epoch time: 67.26 s
2025-11-23 12:28:26.418013: 
2025-11-23 12:28:26.418275: Epoch 679
2025-11-23 12:28:26.418397: Current learning rate: 0.0036
2025-11-23 12:29:34.480057: train_loss -0.7358
2025-11-23 12:29:34.480283: val_loss -0.7125
2025-11-23 12:29:34.480384: Pseudo dice [np.float32(0.9143), np.float32(0.7727), np.float32(0.0)]
2025-11-23 12:29:34.480481: Epoch time: 68.06 s
2025-11-23 12:29:35.642793: 
2025-11-23 12:29:35.643041: Epoch 680
2025-11-23 12:29:35.643169: Current learning rate: 0.00359
2025-11-23 12:30:45.882481: train_loss -0.7409
2025-11-23 12:30:45.882814: val_loss -0.6951
2025-11-23 12:30:45.882918: Pseudo dice [np.float32(0.9054), np.float32(0.7554), np.float32(0.0)]
2025-11-23 12:30:45.883022: Epoch time: 70.24 s
2025-11-23 12:30:47.052608: 
2025-11-23 12:30:47.052842: Epoch 681
2025-11-23 12:30:47.052976: Current learning rate: 0.00358
2025-11-23 12:31:59.243728: train_loss -0.7399
2025-11-23 12:31:59.243987: val_loss -0.6849
2025-11-23 12:31:59.252204: Pseudo dice [np.float32(0.9006), np.float32(0.7542), np.float32(0.0)]
2025-11-23 12:31:59.252461: Epoch time: 72.19 s
2025-11-23 12:32:00.408714: 
2025-11-23 12:32:00.408882: Epoch 682
2025-11-23 12:32:00.408990: Current learning rate: 0.00357
2025-11-23 12:33:09.208910: train_loss -0.7513
2025-11-23 12:33:09.209169: val_loss -0.7063
2025-11-23 12:33:09.209271: Pseudo dice [np.float32(0.9147), np.float32(0.7765), np.float32(0.0)]
2025-11-23 12:33:09.209370: Epoch time: 68.8 s
2025-11-23 12:33:10.366462: 
2025-11-23 12:33:10.366722: Epoch 683
2025-11-23 12:33:10.366865: Current learning rate: 0.00356
2025-11-23 12:34:15.876875: train_loss -0.7527
2025-11-23 12:34:15.877124: val_loss -0.6986
2025-11-23 12:34:15.877228: Pseudo dice [np.float32(0.9077), np.float32(0.7633), np.float32(0.0)]
2025-11-23 12:34:15.877327: Epoch time: 65.51 s
2025-11-23 12:34:18.394155: 
2025-11-23 12:34:18.394384: Epoch 684
2025-11-23 12:34:18.394500: Current learning rate: 0.00355
2025-11-23 12:35:25.037390: train_loss -0.7375
2025-11-23 12:35:25.039827: val_loss -0.7168
2025-11-23 12:35:25.039965: Pseudo dice [np.float32(0.9023), np.float32(0.7596), np.float32(0.0)]
2025-11-23 12:35:25.040065: Epoch time: 66.64 s
2025-11-23 12:35:26.325805: 
2025-11-23 12:35:26.326059: Epoch 685
2025-11-23 12:35:26.326178: Current learning rate: 0.00354
2025-11-23 12:36:34.667428: train_loss -0.7458
2025-11-23 12:36:34.667751: val_loss -0.6544
2025-11-23 12:36:34.667854: Pseudo dice [np.float32(0.9047), np.float32(0.7689), np.float32(0.0)]
2025-11-23 12:36:34.667954: Epoch time: 68.34 s
2025-11-23 12:36:36.137501: 
2025-11-23 12:36:36.137760: Epoch 686
2025-11-23 12:36:36.137884: Current learning rate: 0.00353
2025-11-23 12:37:41.171226: train_loss -0.733
2025-11-23 12:37:41.173113: val_loss -0.6661
2025-11-23 12:37:41.173216: Pseudo dice [np.float32(0.9173), np.float32(0.7546), np.float32(0.0)]
2025-11-23 12:37:41.173304: Epoch time: 65.03 s
2025-11-23 12:37:42.622142: 
2025-11-23 12:37:42.622317: Epoch 687
2025-11-23 12:37:42.622428: Current learning rate: 0.00352
2025-11-23 12:38:49.869121: train_loss -0.7371
2025-11-23 12:38:49.869376: val_loss -0.6809
2025-11-23 12:38:49.869483: Pseudo dice [np.float32(0.9132), np.float32(0.7653), np.float32(0.0)]
2025-11-23 12:38:49.869582: Epoch time: 67.25 s
2025-11-23 12:38:51.040498: 
2025-11-23 12:38:51.040695: Epoch 688
2025-11-23 12:38:51.040812: Current learning rate: 0.00351
2025-11-23 12:40:00.648459: train_loss -0.7463
2025-11-23 12:40:00.648698: val_loss -0.6983
2025-11-23 12:40:00.648798: Pseudo dice [np.float32(0.9075), np.float32(0.7765), np.float32(0.0)]
2025-11-23 12:40:00.651147: Epoch time: 69.61 s
2025-11-23 12:40:01.994902: 
2025-11-23 12:40:01.995070: Epoch 689
2025-11-23 12:40:01.995178: Current learning rate: 0.0035
2025-11-23 12:41:10.791992: train_loss -0.7419
2025-11-23 12:41:10.792308: val_loss -0.6661
2025-11-23 12:41:10.792411: Pseudo dice [np.float32(0.8939), np.float32(0.7698), np.float32(0.0)]
2025-11-23 12:41:10.792509: Epoch time: 68.8 s
2025-11-23 12:41:13.218700: 
2025-11-23 12:41:13.218949: Epoch 690
2025-11-23 12:41:13.219121: Current learning rate: 0.00349
2025-11-23 12:42:17.504964: train_loss -0.7437
2025-11-23 12:42:17.505215: val_loss -0.6808
2025-11-23 12:42:17.505316: Pseudo dice [np.float32(0.9045), np.float32(0.7568), np.float32(0.0)]
2025-11-23 12:42:17.505415: Epoch time: 64.29 s
2025-11-23 12:42:18.908889: 
2025-11-23 12:42:18.909116: Epoch 691
2025-11-23 12:42:18.909231: Current learning rate: 0.00348
2025-11-23 12:43:26.758041: train_loss -0.7419
2025-11-23 12:43:26.758368: val_loss -0.6903
2025-11-23 12:43:26.758471: Pseudo dice [np.float32(0.9086), np.float32(0.7739), np.float32(0.0)]
2025-11-23 12:43:26.758571: Epoch time: 67.85 s
2025-11-23 12:43:27.940146: 
2025-11-23 12:43:27.940480: Epoch 692
2025-11-23 12:43:27.940632: Current learning rate: 0.00346
2025-11-23 12:44:35.112485: train_loss -0.7436
2025-11-23 12:44:35.112728: val_loss -0.7273
2025-11-23 12:44:35.112828: Pseudo dice [np.float32(0.9079), np.float32(0.7656), np.float32(0.0)]
2025-11-23 12:44:35.112926: Epoch time: 67.17 s
2025-11-23 12:44:36.822714: 
2025-11-23 12:44:36.822995: Epoch 693
2025-11-23 12:44:36.823173: Current learning rate: 0.00345
2025-11-23 12:45:47.390378: train_loss -0.7564
2025-11-23 12:45:47.390635: val_loss -0.7043
2025-11-23 12:45:47.390735: Pseudo dice [np.float32(0.9112), np.float32(0.7622), np.float32(0.0)]
2025-11-23 12:45:47.390833: Epoch time: 70.57 s
2025-11-23 12:45:48.720389: 
2025-11-23 12:45:48.720563: Epoch 694
2025-11-23 12:45:48.720673: Current learning rate: 0.00344
2025-11-23 12:46:56.487448: train_loss -0.7341
2025-11-23 12:46:56.487699: val_loss -0.6626
2025-11-23 12:46:56.487803: Pseudo dice [np.float32(0.9047), np.float32(0.7644), np.float32(0.0)]
2025-11-23 12:46:56.502266: Epoch time: 67.77 s
2025-11-23 12:46:57.806575: 
2025-11-23 12:46:57.806751: Epoch 695
2025-11-23 12:46:57.806862: Current learning rate: 0.00343
2025-11-23 12:48:06.483211: train_loss -0.7428
2025-11-23 12:48:06.483461: val_loss -0.6883
2025-11-23 12:48:06.483576: Pseudo dice [np.float32(0.9061), np.float32(0.7726), np.float32(0.0)]
2025-11-23 12:48:06.483821: Epoch time: 68.68 s
2025-11-23 12:48:07.924950: 
2025-11-23 12:48:07.925138: Epoch 696
2025-11-23 12:48:07.925248: Current learning rate: 0.00342
2025-11-23 12:49:14.446802: train_loss -0.7337
2025-11-23 12:49:14.447071: val_loss -0.6779
2025-11-23 12:49:14.447175: Pseudo dice [np.float32(0.9141), np.float32(0.7655), np.float32(0.0)]
2025-11-23 12:49:14.447272: Epoch time: 66.52 s
2025-11-23 12:49:15.611308: 
2025-11-23 12:49:15.611485: Epoch 697
2025-11-23 12:49:15.611597: Current learning rate: 0.00341
2025-11-23 12:50:25.369439: train_loss -0.7382
2025-11-23 12:50:25.369660: val_loss -0.6601
2025-11-23 12:50:25.369759: Pseudo dice [np.float32(0.9063), np.float32(0.7673), np.float32(0.0)]
2025-11-23 12:50:25.369856: Epoch time: 69.76 s
2025-11-23 12:50:27.000548: 
2025-11-23 12:50:27.000806: Epoch 698
2025-11-23 12:50:27.000929: Current learning rate: 0.0034
2025-11-23 12:51:34.609781: train_loss -0.7368
2025-11-23 12:51:34.610113: val_loss -0.6648
2025-11-23 12:51:34.610223: Pseudo dice [np.float32(0.9087), np.float32(0.7598), np.float32(0.0)]
2025-11-23 12:51:34.610323: Epoch time: 67.61 s
2025-11-23 12:51:35.799649: 
2025-11-23 12:51:35.799844: Epoch 699
2025-11-23 12:51:35.799954: Current learning rate: 0.00339
2025-11-23 12:52:41.951940: train_loss -0.7496
2025-11-23 12:52:41.952197: val_loss -0.6871
2025-11-23 12:52:41.952299: Pseudo dice [np.float32(0.9065), np.float32(0.7557), np.float32(0.0)]
2025-11-23 12:52:41.952400: Epoch time: 66.15 s
2025-11-23 12:52:44.433994: 
2025-11-23 12:52:44.434340: Epoch 700
2025-11-23 12:52:44.434471: Current learning rate: 0.00338
2025-11-23 12:53:49.226343: train_loss -0.7405
2025-11-23 12:53:49.226606: val_loss -0.6955
2025-11-23 12:53:49.226710: Pseudo dice [np.float32(0.9146), np.float32(0.7672), np.float32(0.0)]
2025-11-23 12:53:49.226808: Epoch time: 64.79 s
2025-11-23 12:53:50.624403: 
2025-11-23 12:53:50.624649: Epoch 701
2025-11-23 12:53:50.624766: Current learning rate: 0.00337
2025-11-23 12:55:01.109191: train_loss -0.7462
2025-11-23 12:55:01.109423: val_loss -0.6596
2025-11-23 12:55:01.109524: Pseudo dice [np.float32(0.9011), np.float32(0.774), np.float32(0.0)]
2025-11-23 12:55:01.109620: Epoch time: 70.49 s
2025-11-23 12:55:02.295702: 
2025-11-23 12:55:02.295866: Epoch 702
2025-11-23 12:55:02.295986: Current learning rate: 0.00336
2025-11-23 12:56:07.778395: train_loss -0.7477
2025-11-23 12:56:07.778696: val_loss -0.6701
2025-11-23 12:56:07.778799: Pseudo dice [np.float32(0.9116), np.float32(0.7776), np.float32(0.0)]
2025-11-23 12:56:07.778913: Epoch time: 65.48 s
2025-11-23 12:56:08.998592: 
2025-11-23 12:56:08.998753: Epoch 703
2025-11-23 12:56:08.998903: Current learning rate: 0.00335
2025-11-23 12:57:15.529493: train_loss -0.7656
2025-11-23 12:57:15.529789: val_loss -0.6949
2025-11-23 12:57:15.529895: Pseudo dice [np.float32(0.9158), np.float32(0.7561), np.float32(0.0)]
2025-11-23 12:57:15.530002: Epoch time: 66.53 s
2025-11-23 12:57:17.153087: 
2025-11-23 12:57:17.153267: Epoch 704
2025-11-23 12:57:17.153381: Current learning rate: 0.00334
2025-11-23 12:58:24.863939: train_loss -0.7185
2025-11-23 12:58:24.864232: val_loss -0.6627
2025-11-23 12:58:24.864336: Pseudo dice [np.float32(0.9122), np.float32(0.7646), np.float32(0.0)]
2025-11-23 12:58:24.864433: Epoch time: 67.71 s
2025-11-23 12:58:26.966841: 
2025-11-23 12:58:26.967039: Epoch 705
2025-11-23 12:58:26.967154: Current learning rate: 0.00333
2025-11-23 12:59:32.870986: train_loss -0.7409
2025-11-23 12:59:32.871212: val_loss -0.6686
2025-11-23 12:59:32.871317: Pseudo dice [np.float32(0.9062), np.float32(0.7534), np.float32(0.0)]
2025-11-23 12:59:32.871416: Epoch time: 65.91 s
2025-11-23 12:59:34.229588: 
2025-11-23 12:59:34.229863: Epoch 706
2025-11-23 12:59:34.229994: Current learning rate: 0.00332
2025-11-23 13:00:41.344533: train_loss -0.7384
2025-11-23 13:00:41.346074: val_loss -0.6822
2025-11-23 13:00:41.346178: Pseudo dice [np.float32(0.9033), np.float32(0.7552), np.float32(0.0)]
2025-11-23 13:00:41.346270: Epoch time: 67.12 s
2025-11-23 13:00:43.433841: 
2025-11-23 13:00:43.434025: Epoch 707
2025-11-23 13:00:43.434139: Current learning rate: 0.00331
2025-11-23 13:01:49.668316: train_loss -0.737
2025-11-23 13:01:49.668531: val_loss -0.7144
2025-11-23 13:01:49.668633: Pseudo dice [np.float32(0.9108), np.float32(0.7582), np.float32(0.0)]
2025-11-23 13:01:49.668729: Epoch time: 66.24 s
2025-11-23 13:01:51.661289: 
2025-11-23 13:01:51.661476: Epoch 708
2025-11-23 13:01:51.661590: Current learning rate: 0.0033
2025-11-23 13:03:02.555438: train_loss -0.7536
2025-11-23 13:03:02.557215: val_loss -0.6815
2025-11-23 13:03:02.557315: Pseudo dice [np.float32(0.9099), np.float32(0.7548), np.float32(0.0)]
2025-11-23 13:03:02.557408: Epoch time: 70.9 s
2025-11-23 13:03:04.256147: 
2025-11-23 13:03:04.256325: Epoch 709
2025-11-23 13:03:04.256434: Current learning rate: 0.00329
2025-11-23 13:04:09.954058: train_loss -0.7425
2025-11-23 13:04:09.954271: val_loss -0.7331
2025-11-23 13:04:09.964619: Pseudo dice [np.float32(0.9124), np.float32(0.7631), np.float32(0.0)]
2025-11-23 13:04:09.964812: Epoch time: 65.7 s
2025-11-23 13:04:12.328715: 
2025-11-23 13:04:12.328908: Epoch 710
2025-11-23 13:04:12.329030: Current learning rate: 0.00328
2025-11-23 13:05:17.414920: train_loss -0.752
2025-11-23 13:05:17.415272: val_loss -0.6614
2025-11-23 13:05:17.415402: Pseudo dice [np.float32(0.9082), np.float32(0.7565), np.float32(0.0)]
2025-11-23 13:05:17.415524: Epoch time: 65.09 s
2025-11-23 13:05:18.584849: 
2025-11-23 13:05:18.585109: Epoch 711
2025-11-23 13:05:18.585235: Current learning rate: 0.00327
2025-11-23 13:06:25.146590: train_loss -0.7276
2025-11-23 13:06:25.146878: val_loss -0.6815
2025-11-23 13:06:25.146987: Pseudo dice [np.float32(0.913), np.float32(0.7585), np.float32(0.0)]
2025-11-23 13:06:25.147087: Epoch time: 66.56 s
2025-11-23 13:06:26.425248: 
2025-11-23 13:06:26.425455: Epoch 712
2025-11-23 13:06:26.425586: Current learning rate: 0.00326
2025-11-23 13:07:29.706830: train_loss -0.7514
2025-11-23 13:07:29.707096: val_loss -0.7073
2025-11-23 13:07:29.707197: Pseudo dice [np.float32(0.9133), np.float32(0.7647), np.float32(0.0)]
2025-11-23 13:07:29.707294: Epoch time: 63.28 s
2025-11-23 13:07:30.869601: 
2025-11-23 13:07:30.869776: Epoch 713
2025-11-23 13:07:30.869879: Current learning rate: 0.00325
2025-11-23 13:08:38.069160: train_loss -0.7383
2025-11-23 13:08:38.069399: val_loss -0.6471
2025-11-23 13:08:38.070405: Pseudo dice [np.float32(0.8942), np.float32(0.7651), np.float32(0.0)]
2025-11-23 13:08:38.070524: Epoch time: 67.2 s
2025-11-23 13:08:39.521507: 
2025-11-23 13:08:39.521680: Epoch 714
2025-11-23 13:08:39.521791: Current learning rate: 0.00324
2025-11-23 13:09:43.617874: train_loss -0.746
2025-11-23 13:09:43.629088: val_loss -0.694
2025-11-23 13:09:43.629313: Pseudo dice [np.float32(0.9162), np.float32(0.7742), np.float32(0.0)]
2025-11-23 13:09:43.629436: Epoch time: 64.1 s
2025-11-23 13:09:44.834965: 
2025-11-23 13:09:44.835230: Epoch 715
2025-11-23 13:09:44.835347: Current learning rate: 0.00323
2025-11-23 13:10:49.902559: train_loss -0.7502
2025-11-23 13:10:49.902796: val_loss -0.6653
2025-11-23 13:10:49.902896: Pseudo dice [np.float32(0.9011), np.float32(0.7769), np.float32(0.0)]
2025-11-23 13:10:49.903059: Epoch time: 65.07 s
2025-11-23 13:10:51.267825: 
2025-11-23 13:10:51.267995: Epoch 716
2025-11-23 13:10:51.268142: Current learning rate: 0.00322
2025-11-23 13:12:00.099284: train_loss -0.7363
2025-11-23 13:12:00.099502: val_loss -0.6629
2025-11-23 13:12:00.099604: Pseudo dice [np.float32(0.9092), np.float32(0.737), np.float32(0.0)]
2025-11-23 13:12:00.099702: Epoch time: 68.83 s
2025-11-23 13:12:01.607161: 
2025-11-23 13:12:01.607409: Epoch 717
2025-11-23 13:12:01.607527: Current learning rate: 0.00321
2025-11-23 13:13:08.845718: train_loss -0.7449
2025-11-23 13:13:08.846562: val_loss -0.6988
2025-11-23 13:13:08.846673: Pseudo dice [np.float32(0.907), np.float32(0.7482), np.float32(0.0)]
2025-11-23 13:13:08.846774: Epoch time: 67.24 s
2025-11-23 13:13:10.515877: 
2025-11-23 13:13:10.516053: Epoch 718
2025-11-23 13:13:10.516163: Current learning rate: 0.0032
2025-11-23 13:14:15.108365: train_loss -0.7456
2025-11-23 13:14:15.108625: val_loss -0.6771
2025-11-23 13:14:15.108727: Pseudo dice [np.float32(0.9057), np.float32(0.7566), np.float32(0.0)]
2025-11-23 13:14:15.110940: Epoch time: 64.59 s
2025-11-23 13:14:16.328744: 
2025-11-23 13:14:16.328959: Epoch 719
2025-11-23 13:14:16.329078: Current learning rate: 0.00319
2025-11-23 13:15:27.056225: train_loss -0.7394
2025-11-23 13:15:27.056455: val_loss -0.6945
2025-11-23 13:15:27.056555: Pseudo dice [np.float32(0.893), np.float32(0.7652), np.float32(0.0)]
2025-11-23 13:15:27.056651: Epoch time: 70.73 s
2025-11-23 13:15:29.266672: 
2025-11-23 13:15:29.267026: Epoch 720
2025-11-23 13:15:29.267231: Current learning rate: 0.00318
2025-11-23 13:16:37.183380: train_loss -0.7313
2025-11-23 13:16:37.187719: val_loss -0.6795
2025-11-23 13:16:37.187891: Pseudo dice [np.float32(0.9062), np.float32(0.767), np.float32(0.0)]
2025-11-23 13:16:37.187997: Epoch time: 67.92 s
2025-11-23 13:16:39.084891: 
2025-11-23 13:16:39.085114: Epoch 721
2025-11-23 13:16:39.085286: Current learning rate: 0.00317
2025-11-23 13:17:44.778628: train_loss -0.7415
2025-11-23 13:17:44.779377: val_loss -0.7296
2025-11-23 13:17:44.779487: Pseudo dice [np.float32(0.9124), np.float32(0.7628), np.float32(0.0)]
2025-11-23 13:17:44.779587: Epoch time: 65.69 s
2025-11-23 13:17:46.044374: 
2025-11-23 13:17:46.044572: Epoch 722
2025-11-23 13:17:46.044686: Current learning rate: 0.00316
2025-11-23 13:18:55.626260: train_loss -0.7385
2025-11-23 13:18:55.630756: val_loss -0.6777
2025-11-23 13:18:55.630878: Pseudo dice [np.float32(0.9148), np.float32(0.7698), np.float32(0.0)]
2025-11-23 13:18:55.632646: Epoch time: 69.58 s
2025-11-23 13:18:57.256070: 
2025-11-23 13:18:57.256274: Epoch 723
2025-11-23 13:18:57.256387: Current learning rate: 0.00315
2025-11-23 13:20:03.696551: train_loss -0.7474
2025-11-23 13:20:03.696810: val_loss -0.6952
2025-11-23 13:20:03.696942: Pseudo dice [np.float32(0.91), np.float32(0.7719), np.float32(0.0)]
2025-11-23 13:20:03.697053: Epoch time: 66.44 s
2025-11-23 13:20:04.865802: 
2025-11-23 13:20:04.865979: Epoch 724
2025-11-23 13:20:04.866092: Current learning rate: 0.00314
2025-11-23 13:21:09.819066: train_loss -0.7435
2025-11-23 13:21:09.819404: val_loss -0.702
2025-11-23 13:21:09.819510: Pseudo dice [np.float32(0.9036), np.float32(0.7632), np.float32(0.0)]
2025-11-23 13:21:09.819611: Epoch time: 64.95 s
2025-11-23 13:21:10.994917: 
2025-11-23 13:21:10.995167: Epoch 725
2025-11-23 13:21:10.995352: Current learning rate: 0.00313
2025-11-23 13:22:21.658505: train_loss -0.7409
2025-11-23 13:22:21.660336: val_loss -0.7171
2025-11-23 13:22:21.660438: Pseudo dice [np.float32(0.9155), np.float32(0.7548), np.float32(0.0)]
2025-11-23 13:22:21.660532: Epoch time: 70.66 s
2025-11-23 13:22:23.030012: 
2025-11-23 13:22:23.030208: Epoch 726
2025-11-23 13:22:23.030321: Current learning rate: 0.00312
2025-11-23 13:23:32.075192: train_loss -0.7469
2025-11-23 13:23:32.075428: val_loss -0.6901
2025-11-23 13:23:32.075529: Pseudo dice [np.float32(0.9113), np.float32(0.7696), np.float32(0.0)]
2025-11-23 13:23:32.075628: Epoch time: 69.05 s
2025-11-23 13:23:33.425911: 
2025-11-23 13:23:33.426171: Epoch 727
2025-11-23 13:23:33.426318: Current learning rate: 0.00311
2025-11-23 13:24:41.534364: train_loss -0.7408
2025-11-23 13:24:41.534585: val_loss -0.6898
2025-11-23 13:24:41.534687: Pseudo dice [np.float32(0.9027), np.float32(0.7643), np.float32(0.0)]
2025-11-23 13:24:41.534786: Epoch time: 68.11 s
2025-11-23 13:24:42.850138: 
2025-11-23 13:24:42.850303: Epoch 728
2025-11-23 13:24:42.850414: Current learning rate: 0.0031
2025-11-23 13:25:53.990855: train_loss -0.7337
2025-11-23 13:25:53.991114: val_loss -0.6762
2025-11-23 13:25:53.991219: Pseudo dice [np.float32(0.9169), np.float32(0.7628), np.float32(0.0)]
2025-11-23 13:25:53.991317: Epoch time: 71.14 s
2025-11-23 13:25:55.697615: 
2025-11-23 13:25:55.697782: Epoch 729
2025-11-23 13:25:55.697973: Current learning rate: 0.00309
2025-11-23 13:27:03.111523: train_loss -0.7473
2025-11-23 13:27:03.111778: val_loss -0.7009
2025-11-23 13:27:03.111880: Pseudo dice [np.float32(0.9027), np.float32(0.7766), np.float32(0.0)]
2025-11-23 13:27:03.111985: Epoch time: 67.41 s
2025-11-23 13:27:04.286552: 
2025-11-23 13:27:04.286723: Epoch 730
2025-11-23 13:27:04.286831: Current learning rate: 0.00308
2025-11-23 13:28:12.514985: train_loss -0.7284
2025-11-23 13:28:12.515316: val_loss -0.6781
2025-11-23 13:28:12.515420: Pseudo dice [np.float32(0.9097), np.float32(0.7682), np.float32(0.0)]
2025-11-23 13:28:12.515518: Epoch time: 68.23 s
2025-11-23 13:28:14.045064: 
2025-11-23 13:28:14.045293: Epoch 731
2025-11-23 13:28:14.045427: Current learning rate: 0.00307
2025-11-23 13:29:19.210999: train_loss -0.7444
2025-11-23 13:29:19.211248: val_loss -0.6791
2025-11-23 13:29:19.211352: Pseudo dice [np.float32(0.9133), np.float32(0.7732), np.float32(0.0)]
2025-11-23 13:29:19.211451: Epoch time: 65.17 s
2025-11-23 13:29:20.470521: 
2025-11-23 13:29:20.470787: Epoch 732
2025-11-23 13:29:20.470916: Current learning rate: 0.00306
2025-11-23 13:30:28.277428: train_loss -0.7361
2025-11-23 13:30:28.277682: val_loss -0.6839
2025-11-23 13:30:28.277785: Pseudo dice [np.float32(0.9174), np.float32(0.7692), np.float32(0.0)]
2025-11-23 13:30:28.277882: Epoch time: 67.81 s
2025-11-23 13:30:29.462974: 
2025-11-23 13:30:29.463137: Epoch 733
2025-11-23 13:30:29.463248: Current learning rate: 0.00305
2025-11-23 13:31:37.903122: train_loss -0.7419
2025-11-23 13:31:37.903372: val_loss -0.6854
2025-11-23 13:31:37.903472: Pseudo dice [np.float32(0.9212), np.float32(0.7612), np.float32(0.0)]
2025-11-23 13:31:37.903569: Epoch time: 68.44 s
2025-11-23 13:31:39.651688: 
2025-11-23 13:31:39.652000: Epoch 734
2025-11-23 13:31:39.652150: Current learning rate: 0.00304
2025-11-23 13:32:49.293329: train_loss -0.7398
2025-11-23 13:32:49.293642: val_loss -0.7121
2025-11-23 13:32:49.293752: Pseudo dice [np.float32(0.9183), np.float32(0.7632), np.float32(0.0)]
2025-11-23 13:32:49.293851: Epoch time: 69.64 s
2025-11-23 13:32:50.442090: 
2025-11-23 13:32:50.442393: Epoch 735
2025-11-23 13:32:50.442516: Current learning rate: 0.00303
2025-11-23 13:33:58.846020: train_loss -0.7518
2025-11-23 13:33:58.846306: val_loss -0.6573
2025-11-23 13:33:58.846412: Pseudo dice [np.float32(0.9035), np.float32(0.7679), np.float32(0.0)]
2025-11-23 13:33:58.846512: Epoch time: 68.4 s
2025-11-23 13:34:00.112649: 
2025-11-23 13:34:00.112840: Epoch 736
2025-11-23 13:34:00.112988: Current learning rate: 0.00302
2025-11-23 13:35:07.931072: train_loss -0.7424
2025-11-23 13:35:07.933933: val_loss -0.6915
2025-11-23 13:35:07.934041: Pseudo dice [np.float32(0.909), np.float32(0.7666), np.float32(0.0)]
2025-11-23 13:35:07.934134: Epoch time: 67.82 s
2025-11-23 13:35:09.286589: 
2025-11-23 13:35:09.286834: Epoch 737
2025-11-23 13:35:09.286951: Current learning rate: 0.00301
2025-11-23 13:36:19.701236: train_loss -0.738
2025-11-23 13:36:19.701490: val_loss -0.69
2025-11-23 13:36:19.701595: Pseudo dice [np.float32(0.9094), np.float32(0.768), np.float32(0.0)]
2025-11-23 13:36:19.701693: Epoch time: 70.42 s
2025-11-23 13:36:21.414226: 
2025-11-23 13:36:21.414486: Epoch 738
2025-11-23 13:36:21.414605: Current learning rate: 0.003
2025-11-23 13:37:27.121776: train_loss -0.7456
2025-11-23 13:37:27.122046: val_loss -0.6882
2025-11-23 13:37:27.122150: Pseudo dice [np.float32(0.9133), np.float32(0.7598), np.float32(0.0)]
2025-11-23 13:37:27.122252: Epoch time: 65.71 s
2025-11-23 13:37:28.451022: 
2025-11-23 13:37:28.451188: Epoch 739
2025-11-23 13:37:28.451298: Current learning rate: 0.00299
2025-11-23 13:38:33.166907: train_loss -0.7427
2025-11-23 13:38:33.169107: val_loss -0.6499
2025-11-23 13:38:33.169229: Pseudo dice [np.float32(0.9035), np.float32(0.7558), np.float32(0.0)]
2025-11-23 13:38:33.169322: Epoch time: 64.72 s
2025-11-23 13:38:34.368479: 
2025-11-23 13:38:34.368724: Epoch 740
2025-11-23 13:38:34.368885: Current learning rate: 0.00297
2025-11-23 13:39:44.349371: train_loss -0.7309
2025-11-23 13:39:44.349607: val_loss -0.6798
2025-11-23 13:39:44.349709: Pseudo dice [np.float32(0.9006), np.float32(0.7604), np.float32(0.0)]
2025-11-23 13:39:44.349809: Epoch time: 69.98 s
2025-11-23 13:39:46.006689: 
2025-11-23 13:39:46.006896: Epoch 741
2025-11-23 13:39:46.007019: Current learning rate: 0.00296
2025-11-23 13:40:54.058516: train_loss -0.7566
2025-11-23 13:40:54.058858: val_loss -0.716
2025-11-23 13:40:54.058962: Pseudo dice [np.float32(0.904), np.float32(0.7591), np.float32(0.0)]
2025-11-23 13:40:54.059069: Epoch time: 68.05 s
2025-11-23 13:40:55.365356: 
2025-11-23 13:40:55.365535: Epoch 742
2025-11-23 13:40:55.365643: Current learning rate: 0.00295
2025-11-23 13:42:02.193109: train_loss -0.7594
2025-11-23 13:42:02.193349: val_loss -0.6935
2025-11-23 13:42:02.193513: Pseudo dice [np.float32(0.9035), np.float32(0.7721), np.float32(0.0)]
2025-11-23 13:42:02.193670: Epoch time: 66.83 s
2025-11-23 13:42:03.406947: 
2025-11-23 13:42:03.407130: Epoch 743
2025-11-23 13:42:03.407239: Current learning rate: 0.00294
2025-11-23 13:43:08.201224: train_loss -0.7482
2025-11-23 13:43:08.203053: val_loss -0.6772
2025-11-23 13:43:08.203170: Pseudo dice [np.float32(0.9099), np.float32(0.7688), np.float32(0.0)]
2025-11-23 13:43:08.203274: Epoch time: 64.8 s
2025-11-23 13:43:09.584262: 
2025-11-23 13:43:09.584440: Epoch 744
2025-11-23 13:43:09.584553: Current learning rate: 0.00293
2025-11-23 13:44:16.631461: train_loss -0.7563
2025-11-23 13:44:16.633235: val_loss -0.6643
2025-11-23 13:44:16.633338: Pseudo dice [np.float32(0.9075), np.float32(0.7473), np.float32(0.0)]
2025-11-23 13:44:16.633429: Epoch time: 67.05 s
2025-11-23 13:44:18.276319: 
2025-11-23 13:44:18.276499: Epoch 745
2025-11-23 13:44:18.276615: Current learning rate: 0.00292
2025-11-23 13:45:28.852458: train_loss -0.7333
2025-11-23 13:45:28.852709: val_loss -0.6536
2025-11-23 13:45:28.852809: Pseudo dice [np.float32(0.9042), np.float32(0.7637), np.float32(0.0)]
2025-11-23 13:45:28.852908: Epoch time: 70.58 s
2025-11-23 13:45:30.115376: 
2025-11-23 13:45:30.115620: Epoch 746
2025-11-23 13:45:30.115792: Current learning rate: 0.00291
2025-11-23 13:46:37.560415: train_loss -0.7502
2025-11-23 13:46:37.560667: val_loss -0.712
2025-11-23 13:46:37.560847: Pseudo dice [np.float32(0.9107), np.float32(0.7691), np.float32(0.0)]
2025-11-23 13:46:37.560951: Epoch time: 67.45 s
2025-11-23 13:46:38.716407: 
2025-11-23 13:46:38.716616: Epoch 747
2025-11-23 13:46:38.716730: Current learning rate: 0.0029
2025-11-23 13:47:44.782745: train_loss -0.7459
2025-11-23 13:47:44.783002: val_loss -0.6915
2025-11-23 13:47:44.787290: Pseudo dice [np.float32(0.9012), np.float32(0.7605), np.float32(0.0)]
2025-11-23 13:47:44.787530: Epoch time: 66.07 s
2025-11-23 13:47:46.203485: 
2025-11-23 13:47:46.203671: Epoch 748
2025-11-23 13:47:46.203784: Current learning rate: 0.00289
2025-11-23 13:48:54.546673: train_loss -0.7616
2025-11-23 13:48:54.546966: val_loss -0.7029
2025-11-23 13:48:54.547080: Pseudo dice [np.float32(0.9102), np.float32(0.7703), np.float32(0.0)]
2025-11-23 13:48:54.547181: Epoch time: 68.34 s
2025-11-23 13:48:55.734987: 
2025-11-23 13:48:55.735181: Epoch 749
2025-11-23 13:48:55.735299: Current learning rate: 0.00288
2025-11-23 13:50:03.807544: train_loss -0.7358
2025-11-23 13:50:03.807782: val_loss -0.6723
2025-11-23 13:50:03.807882: Pseudo dice [np.float32(0.9071), np.float32(0.7813), np.float32(0.0)]
2025-11-23 13:50:03.808028: Epoch time: 68.07 s
2025-11-23 13:50:05.780821: 
2025-11-23 13:50:05.781109: Epoch 750
2025-11-23 13:50:05.781234: Current learning rate: 0.00287
2025-11-23 13:51:13.779632: train_loss -0.7473
2025-11-23 13:51:13.781585: val_loss -0.6584
2025-11-23 13:51:13.781698: Pseudo dice [np.float32(0.9013), np.float32(0.7613), np.float32(0.0)]
2025-11-23 13:51:13.781791: Epoch time: 68.0 s
2025-11-23 13:51:15.823636: 
2025-11-23 13:51:15.823858: Epoch 751
2025-11-23 13:51:15.823979: Current learning rate: 0.00286
2025-11-23 13:52:26.871547: train_loss -0.7367
2025-11-23 13:52:26.871800: val_loss -0.6919
2025-11-23 13:52:26.871903: Pseudo dice [np.float32(0.9104), np.float32(0.7716), np.float32(0.0)]
2025-11-23 13:52:26.872014: Epoch time: 71.05 s
2025-11-23 13:52:28.366010: 
2025-11-23 13:52:28.366193: Epoch 752
2025-11-23 13:52:28.366302: Current learning rate: 0.00285
2025-11-23 13:53:37.283885: train_loss -0.7617
2025-11-23 13:53:37.284132: val_loss -0.696
2025-11-23 13:53:37.284234: Pseudo dice [np.float32(0.914), np.float32(0.7338), np.float32(0.0)]
2025-11-23 13:53:37.284332: Epoch time: 68.92 s
2025-11-23 13:53:38.552015: 
2025-11-23 13:53:38.552202: Epoch 753
2025-11-23 13:53:38.552315: Current learning rate: 0.00284
2025-11-23 13:54:45.437062: train_loss -0.741
2025-11-23 13:54:45.437299: val_loss -0.6983
2025-11-23 13:54:45.437401: Pseudo dice [np.float32(0.9059), np.float32(0.7654), np.float32(0.0)]
2025-11-23 13:54:45.437502: Epoch time: 66.89 s
2025-11-23 13:54:46.605978: 
2025-11-23 13:54:46.606155: Epoch 754
2025-11-23 13:54:46.606268: Current learning rate: 0.00283
2025-11-23 13:55:54.348026: train_loss -0.7436
2025-11-23 13:55:54.348285: val_loss -0.6471
2025-11-23 13:55:54.348391: Pseudo dice [np.float32(0.9112), np.float32(0.7651), np.float32(0.0)]
2025-11-23 13:55:54.348490: Epoch time: 67.74 s
2025-11-23 13:55:55.524872: 
2025-11-23 13:55:55.525110: Epoch 755
2025-11-23 13:55:55.525229: Current learning rate: 0.00282
2025-11-23 13:57:05.846067: train_loss -0.7479
2025-11-23 13:57:05.846331: val_loss -0.7098
2025-11-23 13:57:05.846486: Pseudo dice [np.float32(0.9232), np.float32(0.7686), np.float32(0.0)]
2025-11-23 13:57:05.846657: Epoch time: 70.32 s
2025-11-23 13:57:07.060112: 
2025-11-23 13:57:07.060300: Epoch 756
2025-11-23 13:57:07.060415: Current learning rate: 0.00281
2025-11-23 13:58:14.357987: train_loss -0.7389
2025-11-23 13:58:14.358232: val_loss -0.6728
2025-11-23 13:58:14.358334: Pseudo dice [np.float32(0.9022), np.float32(0.7621), np.float32(0.0)]
2025-11-23 13:58:14.358433: Epoch time: 67.3 s
2025-11-23 13:58:15.514216: 
2025-11-23 13:58:15.514393: Epoch 757
2025-11-23 13:58:15.514522: Current learning rate: 0.0028
2025-11-23 13:59:21.762504: train_loss -0.7428
2025-11-23 13:59:21.762811: val_loss -0.6869
2025-11-23 13:59:21.762916: Pseudo dice [np.float32(0.9153), np.float32(0.765), np.float32(0.0)]
2025-11-23 13:59:21.763022: Epoch time: 66.25 s
2025-11-23 13:59:22.981306: 
2025-11-23 13:59:22.981493: Epoch 758
2025-11-23 13:59:22.981607: Current learning rate: 0.00279
2025-11-23 14:00:30.584759: train_loss -0.7481
2025-11-23 14:00:30.584999: val_loss -0.6796
2025-11-23 14:00:30.585105: Pseudo dice [np.float32(0.915), np.float32(0.758), np.float32(0.0)]
2025-11-23 14:00:30.585203: Epoch time: 67.6 s
2025-11-23 14:00:32.343062: 
2025-11-23 14:00:32.343277: Epoch 759
2025-11-23 14:00:32.343394: Current learning rate: 0.00278
2025-11-23 14:01:42.083703: train_loss -0.7403
2025-11-23 14:01:42.083952: val_loss -0.6838
2025-11-23 14:01:42.084062: Pseudo dice [np.float32(0.9106), np.float32(0.7693), np.float32(0.0)]
2025-11-23 14:01:42.084159: Epoch time: 69.74 s
2025-11-23 14:01:43.737534: 
2025-11-23 14:01:43.737754: Epoch 760
2025-11-23 14:01:43.737870: Current learning rate: 0.00277
2025-11-23 14:02:47.788454: train_loss -0.748
2025-11-23 14:02:47.788692: val_loss -0.7087
2025-11-23 14:02:47.788793: Pseudo dice [np.float32(0.9206), np.float32(0.7614), np.float32(0.0)]
2025-11-23 14:02:47.788946: Epoch time: 64.05 s
2025-11-23 14:02:48.981658: 
2025-11-23 14:02:48.981845: Epoch 761
2025-11-23 14:02:48.982021: Current learning rate: 0.00276
2025-11-23 14:04:00.619202: train_loss -0.7552
2025-11-23 14:04:00.619440: val_loss -0.6684
2025-11-23 14:04:00.619539: Pseudo dice [np.float32(0.9153), np.float32(0.7655), np.float32(0.0)]
2025-11-23 14:04:00.619637: Epoch time: 71.64 s
2025-11-23 14:04:02.159026: 
2025-11-23 14:04:02.159262: Epoch 762
2025-11-23 14:04:02.159409: Current learning rate: 0.00275
2025-11-23 14:05:08.293690: train_loss -0.7648
2025-11-23 14:05:08.294020: val_loss -0.6754
2025-11-23 14:05:08.294129: Pseudo dice [np.float32(0.9084), np.float32(0.7629), np.float32(0.0)]
2025-11-23 14:05:08.294229: Epoch time: 66.14 s
2025-11-23 14:05:09.479635: 
2025-11-23 14:05:09.479878: Epoch 763
2025-11-23 14:05:09.480057: Current learning rate: 0.00274
2025-11-23 14:06:15.775666: train_loss -0.7525
2025-11-23 14:06:15.777471: val_loss -0.6479
2025-11-23 14:06:15.777594: Pseudo dice [np.float32(0.8886), np.float32(0.7686), np.float32(0.0)]
2025-11-23 14:06:15.777698: Epoch time: 66.3 s
2025-11-23 14:06:17.403687: 
2025-11-23 14:06:17.403873: Epoch 764
2025-11-23 14:06:17.403991: Current learning rate: 0.00273
2025-11-23 14:07:25.227773: train_loss -0.7422
2025-11-23 14:07:25.228132: val_loss -0.682
2025-11-23 14:07:25.228238: Pseudo dice [np.float32(0.9069), np.float32(0.7567), np.float32(0.0)]
2025-11-23 14:07:25.232483: Epoch time: 67.83 s
2025-11-23 14:07:26.925646: 
2025-11-23 14:07:26.925923: Epoch 765
2025-11-23 14:07:26.926048: Current learning rate: 0.00272
2025-11-23 14:08:33.198029: train_loss -0.755
2025-11-23 14:08:33.198949: val_loss -0.6773
2025-11-23 14:08:33.199067: Pseudo dice [np.float32(0.9035), np.float32(0.7499), np.float32(0.0)]
2025-11-23 14:08:33.199169: Epoch time: 66.27 s
2025-11-23 14:08:34.771062: 
2025-11-23 14:08:34.771253: Epoch 766
2025-11-23 14:08:34.771365: Current learning rate: 0.00271
2025-11-23 14:09:41.944071: train_loss -0.7503
2025-11-23 14:09:41.944328: val_loss -0.6671
2025-11-23 14:09:41.944430: Pseudo dice [np.float32(0.9052), np.float32(0.7617), np.float32(0.0)]
2025-11-23 14:09:41.944532: Epoch time: 67.17 s
2025-11-23 14:09:43.221525: 
2025-11-23 14:09:43.221720: Epoch 767
2025-11-23 14:09:43.221838: Current learning rate: 0.0027
2025-11-23 14:10:49.083594: train_loss -0.7424
2025-11-23 14:10:49.083918: val_loss -0.7016
2025-11-23 14:10:49.084031: Pseudo dice [np.float32(0.9055), np.float32(0.7626), np.float32(0.0)]
2025-11-23 14:10:49.084134: Epoch time: 65.86 s
2025-11-23 14:10:50.401196: 
2025-11-23 14:10:50.401459: Epoch 768
2025-11-23 14:10:50.401620: Current learning rate: 0.00268
2025-11-23 14:12:00.491264: train_loss -0.7375
2025-11-23 14:12:00.491525: val_loss -0.7066
2025-11-23 14:12:00.491627: Pseudo dice [np.float32(0.9079), np.float32(0.76), np.float32(0.0)]
2025-11-23 14:12:00.491728: Epoch time: 70.09 s
2025-11-23 14:12:01.663860: 
2025-11-23 14:12:01.664091: Epoch 769
2025-11-23 14:12:01.664199: Current learning rate: 0.00267
2025-11-23 14:13:07.068139: train_loss -0.7447
2025-11-23 14:13:07.068478: val_loss -0.6644
2025-11-23 14:13:07.068586: Pseudo dice [np.float32(0.9048), np.float32(0.7601), np.float32(0.0)]
2025-11-23 14:13:07.068688: Epoch time: 65.41 s
2025-11-23 14:13:08.294553: 
2025-11-23 14:13:08.294726: Epoch 770
2025-11-23 14:13:08.294835: Current learning rate: 0.00266
2025-11-23 14:14:12.810144: train_loss -0.7349
2025-11-23 14:14:12.810393: val_loss -0.667
2025-11-23 14:14:12.810493: Pseudo dice [np.float32(0.9067), np.float32(0.7468), np.float32(0.0)]
2025-11-23 14:14:12.810591: Epoch time: 64.52 s
2025-11-23 14:14:14.441719: 
2025-11-23 14:14:14.441988: Epoch 771
2025-11-23 14:14:14.442110: Current learning rate: 0.00265
2025-11-23 14:15:22.790353: train_loss -0.7535
2025-11-23 14:15:22.790678: val_loss -0.6812
2025-11-23 14:15:22.790773: Pseudo dice [np.float32(0.9098), np.float32(0.7703), np.float32(0.0)]
2025-11-23 14:15:22.790862: Epoch time: 68.35 s
2025-11-23 14:15:24.141215: 
2025-11-23 14:15:24.141503: Epoch 772
2025-11-23 14:15:24.141747: Current learning rate: 0.00264
2025-11-23 14:16:32.456779: train_loss -0.7529
2025-11-23 14:16:32.457043: val_loss -0.6871
2025-11-23 14:16:32.457146: Pseudo dice [np.float32(0.9144), np.float32(0.7661), np.float32(0.0)]
2025-11-23 14:16:32.457243: Epoch time: 68.32 s
2025-11-23 14:16:33.724953: 
2025-11-23 14:16:33.725182: Epoch 773
2025-11-23 14:16:33.725297: Current learning rate: 0.00263
2025-11-23 14:17:41.543723: train_loss -0.7494
2025-11-23 14:17:41.543936: val_loss -0.6859
2025-11-23 14:17:41.544047: Pseudo dice [np.float32(0.9083), np.float32(0.7634), np.float32(0.0)]
2025-11-23 14:17:41.544144: Epoch time: 67.82 s
2025-11-23 14:17:42.763765: 
2025-11-23 14:17:42.763930: Epoch 774
2025-11-23 14:17:42.764048: Current learning rate: 0.00262
2025-11-23 14:18:46.832959: train_loss -0.7511
2025-11-23 14:18:46.833786: val_loss -0.6703
2025-11-23 14:18:46.833896: Pseudo dice [np.float32(0.9094), np.float32(0.7547), np.float32(0.0)]
2025-11-23 14:18:46.834003: Epoch time: 64.07 s
2025-11-23 14:18:48.565368: 
2025-11-23 14:18:48.565534: Epoch 775
2025-11-23 14:18:48.565641: Current learning rate: 0.00261
2025-11-23 14:19:57.943664: train_loss -0.7438
2025-11-23 14:19:57.943892: val_loss -0.6724
2025-11-23 14:19:57.944000: Pseudo dice [np.float32(0.9133), np.float32(0.7618), np.float32(0.0)]
2025-11-23 14:19:57.944102: Epoch time: 69.38 s
2025-11-23 14:19:59.533184: 
2025-11-23 14:19:59.533435: Epoch 776
2025-11-23 14:19:59.533554: Current learning rate: 0.0026
2025-11-23 14:21:10.809328: train_loss -0.7301
2025-11-23 14:21:10.809576: val_loss -0.7006
2025-11-23 14:21:10.809678: Pseudo dice [np.float32(0.8979), np.float32(0.7385), np.float32(0.0)]
2025-11-23 14:21:10.809775: Epoch time: 71.28 s
2025-11-23 14:21:12.355474: 
2025-11-23 14:21:12.355657: Epoch 777
2025-11-23 14:21:12.355773: Current learning rate: 0.00259
2025-11-23 14:22:20.217837: train_loss -0.7311
2025-11-23 14:22:20.218187: val_loss -0.6498
2025-11-23 14:22:20.218297: Pseudo dice [np.float32(0.9026), np.float32(0.7521), np.float32(0.0)]
2025-11-23 14:22:20.218399: Epoch time: 67.86 s
2025-11-23 14:22:21.849720: 
2025-11-23 14:22:21.849917: Epoch 778
2025-11-23 14:22:21.850034: Current learning rate: 0.00258
2025-11-23 14:23:28.009051: train_loss -0.7357
2025-11-23 14:23:28.009302: val_loss -0.6806
2025-11-23 14:23:28.009403: Pseudo dice [np.float32(0.907), np.float32(0.7686), np.float32(0.0)]
2025-11-23 14:23:28.009500: Epoch time: 66.16 s
2025-11-23 14:23:30.909681: 
2025-11-23 14:23:30.909939: Epoch 779
2025-11-23 14:23:30.910066: Current learning rate: 0.00257
2025-11-23 14:24:38.990369: train_loss -0.7382
2025-11-23 14:24:38.990700: val_loss -0.6806
2025-11-23 14:24:38.990808: Pseudo dice [np.float32(0.9037), np.float32(0.7553), np.float32(0.0)]
2025-11-23 14:24:38.990905: Epoch time: 68.08 s
2025-11-23 14:24:40.355675: 
2025-11-23 14:24:40.355883: Epoch 780
2025-11-23 14:24:40.356014: Current learning rate: 0.00256
2025-11-23 14:25:49.589965: train_loss -0.747
2025-11-23 14:25:49.590233: val_loss -0.6841
2025-11-23 14:25:49.590340: Pseudo dice [np.float32(0.9095), np.float32(0.7632), np.float32(0.0)]
2025-11-23 14:25:49.590441: Epoch time: 69.24 s
2025-11-23 14:25:50.755708: 
2025-11-23 14:25:50.755886: Epoch 781
2025-11-23 14:25:50.756002: Current learning rate: 0.00255
2025-11-23 14:26:57.422599: train_loss -0.7412
2025-11-23 14:26:57.422907: val_loss -0.6754
2025-11-23 14:26:57.423019: Pseudo dice [np.float32(0.9145), np.float32(0.7689), np.float32(0.0)]
2025-11-23 14:26:57.423125: Epoch time: 66.67 s
2025-11-23 14:26:58.610523: 
2025-11-23 14:26:58.610751: Epoch 782
2025-11-23 14:26:58.610879: Current learning rate: 0.00254
2025-11-23 14:28:07.321541: train_loss -0.7491
2025-11-23 14:28:07.321895: val_loss -0.672
2025-11-23 14:28:07.322008: Pseudo dice [np.float32(0.9049), np.float32(0.7701), np.float32(0.0)]
2025-11-23 14:28:07.322109: Epoch time: 68.71 s
2025-11-23 14:28:08.566822: 
2025-11-23 14:28:08.567022: Epoch 783
2025-11-23 14:28:08.567254: Current learning rate: 0.00253
2025-11-23 14:29:14.976011: train_loss -0.7305
2025-11-23 14:29:14.976324: val_loss -0.6974
2025-11-23 14:29:14.977426: Pseudo dice [np.float32(0.8949), np.float32(0.7733), np.float32(0.0)]
2025-11-23 14:29:14.978745: Epoch time: 66.41 s
2025-11-23 14:29:16.393950: 
2025-11-23 14:29:16.394136: Epoch 784
2025-11-23 14:29:16.394284: Current learning rate: 0.00252
2025-11-23 14:30:23.605924: train_loss -0.7396
2025-11-23 14:30:23.606268: val_loss -0.7067
2025-11-23 14:30:23.606373: Pseudo dice [np.float32(0.9176), np.float32(0.7736), np.float32(0.0)]
2025-11-23 14:30:23.606472: Epoch time: 67.21 s
2025-11-23 14:30:24.790691: 
2025-11-23 14:30:24.790893: Epoch 785
2025-11-23 14:30:24.791012: Current learning rate: 0.00251
2025-11-23 14:31:32.486451: train_loss -0.7467
2025-11-23 14:31:32.486758: val_loss -0.6761
2025-11-23 14:31:32.486863: Pseudo dice [np.float32(0.9175), np.float32(0.776), np.float32(0.0)]
2025-11-23 14:31:32.486961: Epoch time: 67.7 s
2025-11-23 14:31:34.013250: 
2025-11-23 14:31:34.013433: Epoch 786
2025-11-23 14:31:34.013545: Current learning rate: 0.0025
2025-11-23 14:32:40.155021: train_loss -0.7356
2025-11-23 14:32:40.155333: val_loss -0.6801
2025-11-23 14:32:40.155438: Pseudo dice [np.float32(0.8997), np.float32(0.7687), np.float32(0.0)]
2025-11-23 14:32:40.155579: Epoch time: 66.14 s
2025-11-23 14:32:41.353861: 
2025-11-23 14:32:41.354053: Epoch 787
2025-11-23 14:32:41.354168: Current learning rate: 0.00249
2025-11-23 14:33:45.360875: train_loss -0.7315
2025-11-23 14:33:45.361195: val_loss -0.6768
2025-11-23 14:33:45.361298: Pseudo dice [np.float32(0.9098), np.float32(0.7548), np.float32(0.0)]
2025-11-23 14:33:45.361396: Epoch time: 64.01 s
2025-11-23 14:33:46.940960: 
2025-11-23 14:33:46.941139: Epoch 788
2025-11-23 14:33:46.941243: Current learning rate: 0.00248
2025-11-23 14:34:53.504703: train_loss -0.7379
2025-11-23 14:34:53.504956: val_loss -0.7041
2025-11-23 14:34:53.505065: Pseudo dice [np.float32(0.9047), np.float32(0.7625), np.float32(0.0)]
2025-11-23 14:34:53.505163: Epoch time: 66.56 s
2025-11-23 14:34:54.699822: 
2025-11-23 14:34:54.699994: Epoch 789
2025-11-23 14:34:54.700103: Current learning rate: 0.00247
2025-11-23 14:35:58.852790: train_loss -0.7392
2025-11-23 14:35:58.853045: val_loss -0.7202
2025-11-23 14:35:58.853152: Pseudo dice [np.float32(0.9164), np.float32(0.7584), np.float32(0.0)]
2025-11-23 14:35:58.853248: Epoch time: 64.15 s
2025-11-23 14:36:00.030015: 
2025-11-23 14:36:00.030184: Epoch 790
2025-11-23 14:36:00.030293: Current learning rate: 0.00245
2025-11-23 14:37:09.328911: train_loss -0.7425
2025-11-23 14:37:09.329166: val_loss -0.6686
2025-11-23 14:37:09.329310: Pseudo dice [np.float32(0.9199), np.float32(0.7685), np.float32(0.0)]
2025-11-23 14:37:09.329414: Epoch time: 69.3 s
2025-11-23 14:37:10.519606: 
2025-11-23 14:37:10.519767: Epoch 791
2025-11-23 14:37:10.519873: Current learning rate: 0.00244
2025-11-23 14:38:17.551327: train_loss -0.7443
2025-11-23 14:38:17.551663: val_loss -0.6608
2025-11-23 14:38:17.551764: Pseudo dice [np.float32(0.9072), np.float32(0.7663), np.float32(0.0)]
2025-11-23 14:38:17.551865: Epoch time: 67.03 s
2025-11-23 14:38:18.735324: 
2025-11-23 14:38:18.735488: Epoch 792
2025-11-23 14:38:18.735601: Current learning rate: 0.00243
2025-11-23 14:39:27.628642: train_loss -0.7509
2025-11-23 14:39:27.629906: val_loss -0.6926
2025-11-23 14:39:27.630026: Pseudo dice [np.float32(0.91), np.float32(0.7626), np.float32(0.0)]
2025-11-23 14:39:27.630129: Epoch time: 68.89 s
2025-11-23 14:39:28.833408: 
2025-11-23 14:39:28.833579: Epoch 793
2025-11-23 14:39:28.833690: Current learning rate: 0.00242
2025-11-23 14:40:38.401662: train_loss -0.7429
2025-11-23 14:40:38.401908: val_loss -0.6991
2025-11-23 14:40:38.402017: Pseudo dice [np.float32(0.9109), np.float32(0.7631), np.float32(0.0)]
2025-11-23 14:40:38.402119: Epoch time: 69.57 s
2025-11-23 14:40:41.119064: 
2025-11-23 14:40:41.119340: Epoch 794
2025-11-23 14:40:41.119477: Current learning rate: 0.00241
2025-11-23 14:41:52.663422: train_loss -0.7192
2025-11-23 14:41:52.663638: val_loss -0.7105
2025-11-23 14:41:52.663741: Pseudo dice [np.float32(0.9059), np.float32(0.7616), np.float32(0.0)]
2025-11-23 14:41:52.663837: Epoch time: 71.55 s
2025-11-23 14:41:54.093868: 
2025-11-23 14:41:54.094162: Epoch 795
2025-11-23 14:41:54.094284: Current learning rate: 0.0024
2025-11-23 14:42:59.004965: train_loss -0.7393
2025-11-23 14:42:59.005305: val_loss -0.703
2025-11-23 14:42:59.005412: Pseudo dice [np.float32(0.909), np.float32(0.7612), np.float32(0.0)]
2025-11-23 14:42:59.005511: Epoch time: 64.91 s
2025-11-23 14:43:00.230273: 
2025-11-23 14:43:00.230507: Epoch 796
2025-11-23 14:43:00.230667: Current learning rate: 0.00239
2025-11-23 14:44:05.703595: train_loss -0.7573
2025-11-23 14:44:05.703819: val_loss -0.7153
2025-11-23 14:44:05.706118: Pseudo dice [np.float32(0.9099), np.float32(0.7638), np.float32(0.0)]
2025-11-23 14:44:05.706245: Epoch time: 65.47 s
2025-11-23 14:44:07.517536: 
2025-11-23 14:44:07.517792: Epoch 797
2025-11-23 14:44:07.517911: Current learning rate: 0.00238
2025-11-23 14:45:14.707190: train_loss -0.7572
2025-11-23 14:45:14.707439: val_loss -0.6965
2025-11-23 14:45:14.707542: Pseudo dice [np.float32(0.9036), np.float32(0.7669), np.float32(0.0)]
2025-11-23 14:45:14.707641: Epoch time: 67.19 s
2025-11-23 14:45:16.181294: 
2025-11-23 14:45:16.181464: Epoch 798
2025-11-23 14:45:16.181569: Current learning rate: 0.00237
2025-11-23 14:46:22.016654: train_loss -0.7459
2025-11-23 14:46:22.016896: val_loss -0.667
2025-11-23 14:46:22.017009: Pseudo dice [np.float32(0.9137), np.float32(0.7654), np.float32(0.0)]
2025-11-23 14:46:22.017112: Epoch time: 65.84 s
2025-11-23 14:46:23.227482: 
2025-11-23 14:46:23.227752: Epoch 799
2025-11-23 14:46:23.227890: Current learning rate: 0.00236
2025-11-23 14:47:28.692924: train_loss -0.764
2025-11-23 14:47:28.693178: val_loss -0.7196
2025-11-23 14:47:28.693281: Pseudo dice [np.float32(0.9093), np.float32(0.7669), np.float32(0.0)]
2025-11-23 14:47:28.693379: Epoch time: 65.47 s
2025-11-23 14:47:30.427910: 
2025-11-23 14:47:30.428102: Epoch 800
2025-11-23 14:47:30.428213: Current learning rate: 0.00235
2025-11-23 14:48:40.222109: train_loss -0.7327
2025-11-23 14:48:40.222352: val_loss -0.6655
2025-11-23 14:48:40.222455: Pseudo dice [np.float32(0.9023), np.float32(0.7655), np.float32(0.0)]
2025-11-23 14:48:40.222555: Epoch time: 69.8 s
2025-11-23 14:48:41.394483: 
2025-11-23 14:48:41.394650: Epoch 801
2025-11-23 14:48:41.394749: Current learning rate: 0.00234
2025-11-23 14:49:52.103328: train_loss -0.7317
2025-11-23 14:49:52.103572: val_loss -0.6565
2025-11-23 14:49:52.103673: Pseudo dice [np.float32(0.9084), np.float32(0.7607), np.float32(0.0)]
2025-11-23 14:49:52.103769: Epoch time: 70.71 s
2025-11-23 14:49:53.606231: 
2025-11-23 14:49:53.606410: Epoch 802
2025-11-23 14:49:53.606516: Current learning rate: 0.00233
2025-11-23 14:51:00.423104: train_loss -0.7583
2025-11-23 14:51:00.424830: val_loss -0.7022
2025-11-23 14:51:00.424933: Pseudo dice [np.float32(0.9119), np.float32(0.7701), np.float32(0.0)]
2025-11-23 14:51:00.425032: Epoch time: 66.82 s
2025-11-23 14:51:01.883530: 
2025-11-23 14:51:01.883752: Epoch 803
2025-11-23 14:51:01.883872: Current learning rate: 0.00232
2025-11-23 14:52:12.646930: train_loss -0.7526
2025-11-23 14:52:12.647267: val_loss -0.6759
2025-11-23 14:52:12.647372: Pseudo dice [np.float32(0.9114), np.float32(0.7511), np.float32(0.0)]
2025-11-23 14:52:12.647470: Epoch time: 70.76 s
2025-11-23 14:52:14.214292: 
2025-11-23 14:52:14.214486: Epoch 804
2025-11-23 14:52:14.214596: Current learning rate: 0.00231
2025-11-23 14:53:18.526433: train_loss -0.7497
2025-11-23 14:53:18.529490: val_loss -0.6375
2025-11-23 14:53:18.529738: Pseudo dice [np.float32(0.9092), np.float32(0.7592), np.float32(0.0)]
2025-11-23 14:53:18.529839: Epoch time: 64.31 s
2025-11-23 14:53:19.916106: 
2025-11-23 14:53:19.916274: Epoch 805
2025-11-23 14:53:19.916380: Current learning rate: 0.0023
2025-11-23 14:54:27.327399: train_loss -0.759
2025-11-23 14:54:27.327650: val_loss -0.6844
2025-11-23 14:54:27.327750: Pseudo dice [np.float32(0.901), np.float32(0.755), np.float32(0.0)]
2025-11-23 14:54:27.327851: Epoch time: 67.41 s
2025-11-23 14:54:29.785988: 
2025-11-23 14:54:29.786247: Epoch 806
2025-11-23 14:54:29.786368: Current learning rate: 0.00229
2025-11-23 14:55:38.628663: train_loss -0.7478
2025-11-23 14:55:38.628978: val_loss -0.6575
2025-11-23 14:55:38.629086: Pseudo dice [np.float32(0.904), np.float32(0.7751), np.float32(0.0)]
2025-11-23 14:55:38.629185: Epoch time: 68.84 s
2025-11-23 14:55:40.257435: 
2025-11-23 14:55:40.257600: Epoch 807
2025-11-23 14:55:40.257735: Current learning rate: 0.00228
2025-11-23 14:56:52.925961: train_loss -0.7338
2025-11-23 14:56:52.926223: val_loss -0.6711
2025-11-23 14:56:52.926326: Pseudo dice [np.float32(0.9028), np.float32(0.7578), np.float32(0.0)]
2025-11-23 14:56:52.926427: Epoch time: 72.67 s
2025-11-23 14:56:54.143934: 
2025-11-23 14:56:54.144098: Epoch 808
2025-11-23 14:56:54.144208: Current learning rate: 0.00226
2025-11-23 14:58:02.082956: train_loss -0.759
2025-11-23 14:58:02.083222: val_loss -0.6711
2025-11-23 14:58:02.083326: Pseudo dice [np.float32(0.9111), np.float32(0.7596), np.float32(0.0)]
2025-11-23 14:58:02.083427: Epoch time: 67.94 s
2025-11-23 14:58:03.753233: 
2025-11-23 14:58:03.753510: Epoch 809
2025-11-23 14:58:03.753633: Current learning rate: 0.00225
2025-11-23 14:59:13.768169: train_loss -0.7559
2025-11-23 14:59:13.768393: val_loss -0.6495
2025-11-23 14:59:13.768494: Pseudo dice [np.float32(0.9027), np.float32(0.7784), np.float32(0.0)]
2025-11-23 14:59:13.768593: Epoch time: 70.02 s
2025-11-23 14:59:14.933100: 
2025-11-23 14:59:14.933332: Epoch 810
2025-11-23 14:59:14.933438: Current learning rate: 0.00224
2025-11-23 15:00:19.145488: train_loss -0.7456
2025-11-23 15:00:19.145751: val_loss -0.6917
2025-11-23 15:00:19.145856: Pseudo dice [np.float32(0.9086), np.float32(0.7664), np.float32(0.0)]
2025-11-23 15:00:19.145956: Epoch time: 64.21 s
2025-11-23 15:00:20.360073: 
2025-11-23 15:00:20.360348: Epoch 811
2025-11-23 15:00:20.360512: Current learning rate: 0.00223
2025-11-23 15:01:27.442526: train_loss -0.7291
2025-11-23 15:01:27.443794: val_loss -0.666
2025-11-23 15:01:27.443899: Pseudo dice [np.float32(0.9072), np.float32(0.7529), np.float32(0.0)]
2025-11-23 15:01:27.444003: Epoch time: 67.08 s
2025-11-23 15:01:28.794290: 
2025-11-23 15:01:28.794509: Epoch 812
2025-11-23 15:01:28.794625: Current learning rate: 0.00222
2025-11-23 15:02:36.328439: train_loss -0.7527
2025-11-23 15:02:36.328665: val_loss -0.6713
2025-11-23 15:02:36.328764: Pseudo dice [np.float32(0.9004), np.float32(0.7685), np.float32(0.0)]
2025-11-23 15:02:36.328859: Epoch time: 67.54 s
2025-11-23 15:02:37.497892: 
2025-11-23 15:02:37.498164: Epoch 813
2025-11-23 15:02:37.498323: Current learning rate: 0.00221
2025-11-23 15:03:46.751667: train_loss -0.728
2025-11-23 15:03:46.752011: val_loss -0.6914
2025-11-23 15:03:46.752119: Pseudo dice [np.float32(0.9159), np.float32(0.774), np.float32(0.0)]
2025-11-23 15:03:46.752220: Epoch time: 69.25 s
2025-11-23 15:03:47.934301: 
2025-11-23 15:03:47.934464: Epoch 814
2025-11-23 15:03:47.934567: Current learning rate: 0.0022
2025-11-23 15:04:56.504009: train_loss -0.7272
2025-11-23 15:04:56.504313: val_loss -0.6787
2025-11-23 15:04:56.504419: Pseudo dice [np.float32(0.9042), np.float32(0.7546), np.float32(0.0)]
2025-11-23 15:04:56.504519: Epoch time: 68.57 s
2025-11-23 15:04:57.714206: 
2025-11-23 15:04:57.714385: Epoch 815
2025-11-23 15:04:57.714496: Current learning rate: 0.00219
2025-11-23 15:06:06.904393: train_loss -0.7422
2025-11-23 15:06:06.904631: val_loss -0.6751
2025-11-23 15:06:06.904734: Pseudo dice [np.float32(0.9053), np.float32(0.7568), np.float32(0.0)]
2025-11-23 15:06:06.904835: Epoch time: 69.19 s
2025-11-23 15:06:08.198614: 
2025-11-23 15:06:08.198800: Epoch 816
2025-11-23 15:06:08.198917: Current learning rate: 0.00218
2025-11-23 15:07:17.866477: train_loss -0.7364
2025-11-23 15:07:17.874040: val_loss -0.6131
2025-11-23 15:07:17.874146: Pseudo dice [np.float32(0.8991), np.float32(0.7542), np.float32(0.0)]
2025-11-23 15:07:17.874239: Epoch time: 69.67 s
2025-11-23 15:07:19.680055: 
2025-11-23 15:07:19.680227: Epoch 817
2025-11-23 15:07:19.680336: Current learning rate: 0.00217
2025-11-23 15:08:27.769386: train_loss -0.7451
2025-11-23 15:08:27.769630: val_loss -0.687
2025-11-23 15:08:27.769724: Pseudo dice [np.float32(0.9092), np.float32(0.7663), np.float32(0.0)]
2025-11-23 15:08:27.769818: Epoch time: 68.09 s
2025-11-23 15:08:29.622563: 
2025-11-23 15:08:29.622748: Epoch 818
2025-11-23 15:08:29.622861: Current learning rate: 0.00216
2025-11-23 15:09:37.582137: train_loss -0.7475
2025-11-23 15:09:37.582397: val_loss -0.6718
2025-11-23 15:09:37.582498: Pseudo dice [np.float32(0.9134), np.float32(0.7568), np.float32(0.0)]
2025-11-23 15:09:37.582596: Epoch time: 67.96 s
2025-11-23 15:09:38.918942: 
2025-11-23 15:09:38.919114: Epoch 819
2025-11-23 15:09:38.919226: Current learning rate: 0.00215
2025-11-23 15:10:43.258119: train_loss -0.7531
2025-11-23 15:10:43.258444: val_loss -0.6842
2025-11-23 15:10:43.258551: Pseudo dice [np.float32(0.9077), np.float32(0.7629), np.float32(0.0)]
2025-11-23 15:10:43.258652: Epoch time: 64.34 s
2025-11-23 15:10:44.773429: 
2025-11-23 15:10:44.773627: Epoch 820
2025-11-23 15:10:44.773738: Current learning rate: 0.00214
2025-11-23 15:11:53.858541: train_loss -0.7515
2025-11-23 15:11:53.858793: val_loss -0.6835
2025-11-23 15:11:53.858896: Pseudo dice [np.float32(0.9104), np.float32(0.7795), np.float32(0.0)]
2025-11-23 15:11:53.859008: Epoch time: 69.09 s
2025-11-23 15:11:55.286356: 
2025-11-23 15:11:55.286627: Epoch 821
2025-11-23 15:11:55.286751: Current learning rate: 0.00213
2025-11-23 15:13:05.887892: train_loss -0.7519
2025-11-23 15:13:05.888146: val_loss -0.6712
2025-11-23 15:13:05.888242: Pseudo dice [np.float32(0.9001), np.float32(0.7594), np.float32(0.0)]
2025-11-23 15:13:05.888331: Epoch time: 70.6 s
2025-11-23 15:13:07.265126: 
2025-11-23 15:13:07.265342: Epoch 822
2025-11-23 15:13:07.265460: Current learning rate: 0.00212
2025-11-23 15:14:16.738267: train_loss -0.7214
2025-11-23 15:14:16.738477: val_loss -0.6788
2025-11-23 15:14:16.738579: Pseudo dice [np.float32(0.9063), np.float32(0.7619), np.float32(0.0)]
2025-11-23 15:14:16.738677: Epoch time: 69.47 s
2025-11-23 15:14:17.973210: 
2025-11-23 15:14:17.973404: Epoch 823
2025-11-23 15:14:17.973516: Current learning rate: 0.0021
2025-11-23 15:15:27.441407: train_loss -0.7317
2025-11-23 15:15:27.441660: val_loss -0.6965
2025-11-23 15:15:27.441760: Pseudo dice [np.float32(0.9022), np.float32(0.7588), np.float32(0.0)]
2025-11-23 15:15:27.441857: Epoch time: 69.47 s
2025-11-23 15:15:29.263499: 
2025-11-23 15:15:29.263747: Epoch 824
2025-11-23 15:15:29.263891: Current learning rate: 0.00209
2025-11-23 15:16:38.310236: train_loss -0.7388
2025-11-23 15:16:38.310541: val_loss -0.6494
2025-11-23 15:16:38.310647: Pseudo dice [np.float32(0.9165), np.float32(0.7701), np.float32(0.0)]
2025-11-23 15:16:38.310746: Epoch time: 69.05 s
2025-11-23 15:16:39.782413: 
2025-11-23 15:16:39.782596: Epoch 825
2025-11-23 15:16:39.782708: Current learning rate: 0.00208
2025-11-23 15:17:45.390462: train_loss -0.7409
2025-11-23 15:17:45.390756: val_loss -0.6687
2025-11-23 15:17:45.390865: Pseudo dice [np.float32(0.9027), np.float32(0.7609), np.float32(0.0)]
2025-11-23 15:17:45.390985: Epoch time: 65.61 s
2025-11-23 15:17:46.542592: 
2025-11-23 15:17:46.542825: Epoch 826
2025-11-23 15:17:46.542951: Current learning rate: 0.00207
2025-11-23 15:18:54.554295: train_loss -0.7344
2025-11-23 15:18:54.554623: val_loss -0.6699
2025-11-23 15:18:54.554726: Pseudo dice [np.float32(0.905), np.float32(0.7653), np.float32(0.0)]
2025-11-23 15:18:54.554827: Epoch time: 68.01 s
2025-11-23 15:18:56.302040: 
2025-11-23 15:18:56.302225: Epoch 827
2025-11-23 15:18:56.302335: Current learning rate: 0.00206
2025-11-23 15:20:02.296761: train_loss -0.75
2025-11-23 15:20:02.297009: val_loss -0.6787
2025-11-23 15:20:02.297110: Pseudo dice [np.float32(0.9135), np.float32(0.7658), np.float32(0.0)]
2025-11-23 15:20:02.297208: Epoch time: 66.0 s
2025-11-23 15:20:03.442920: 
2025-11-23 15:20:03.443102: Epoch 828
2025-11-23 15:20:03.443211: Current learning rate: 0.00205
2025-11-23 15:21:09.775334: train_loss -0.727
2025-11-23 15:21:09.775671: val_loss -0.7077
2025-11-23 15:21:09.775832: Pseudo dice [np.float32(0.9118), np.float32(0.7633), np.float32(0.0)]
2025-11-23 15:21:09.775935: Epoch time: 66.33 s
2025-11-23 15:21:11.482985: 
2025-11-23 15:21:11.483167: Epoch 829
2025-11-23 15:21:11.483311: Current learning rate: 0.00204
2025-11-23 15:22:22.432896: train_loss -0.7448
2025-11-23 15:22:22.433119: val_loss -0.6847
2025-11-23 15:22:22.433221: Pseudo dice [np.float32(0.9039), np.float32(0.7583), np.float32(0.0)]
2025-11-23 15:22:22.433320: Epoch time: 70.95 s
2025-11-23 15:22:23.846249: 
2025-11-23 15:22:23.846455: Epoch 830
2025-11-23 15:22:23.846607: Current learning rate: 0.00203
2025-11-23 15:23:31.981639: train_loss -0.7422
2025-11-23 15:23:31.983341: val_loss -0.6668
2025-11-23 15:23:31.983442: Pseudo dice [np.float32(0.9011), np.float32(0.7695), np.float32(0.0)]
2025-11-23 15:23:31.983535: Epoch time: 68.14 s
2025-11-23 15:23:33.650621: 
2025-11-23 15:23:33.650810: Epoch 831
2025-11-23 15:23:33.650930: Current learning rate: 0.00202
2025-11-23 15:24:42.414314: train_loss -0.7323
2025-11-23 15:24:42.414649: val_loss -0.6272
2025-11-23 15:24:42.414752: Pseudo dice [np.float32(0.9169), np.float32(0.7754), np.float32(0.0)]
2025-11-23 15:24:42.414853: Epoch time: 68.76 s
2025-11-23 15:24:43.986843: 
2025-11-23 15:24:43.987034: Epoch 832
2025-11-23 15:24:43.987146: Current learning rate: 0.00201
2025-11-23 15:25:52.630442: train_loss -0.7263
2025-11-23 15:25:52.631921: val_loss -0.6856
2025-11-23 15:25:52.632046: Pseudo dice [np.float32(0.9194), np.float32(0.7604), np.float32(0.0)]
2025-11-23 15:25:52.632139: Epoch time: 68.64 s
2025-11-23 15:25:54.014195: 
2025-11-23 15:25:54.014379: Epoch 833
2025-11-23 15:25:54.014490: Current learning rate: 0.002
2025-11-23 15:27:02.209313: train_loss -0.754
2025-11-23 15:27:02.209632: val_loss -0.6408
2025-11-23 15:27:02.209739: Pseudo dice [np.float32(0.9023), np.float32(0.7485), np.float32(0.0)]
2025-11-23 15:27:02.209838: Epoch time: 68.2 s
2025-11-23 15:27:03.384131: 
2025-11-23 15:27:03.384303: Epoch 834
2025-11-23 15:27:03.384415: Current learning rate: 0.00199
2025-11-23 15:28:12.661526: train_loss -0.7374
2025-11-23 15:28:12.661768: val_loss -0.6771
2025-11-23 15:28:12.661874: Pseudo dice [np.float32(0.9022), np.float32(0.7612), np.float32(0.0)]
2025-11-23 15:28:12.661984: Epoch time: 69.28 s
2025-11-23 15:28:14.057627: 
2025-11-23 15:28:14.057798: Epoch 835
2025-11-23 15:28:14.057910: Current learning rate: 0.00198
2025-11-23 15:29:22.408708: train_loss -0.7531
2025-11-23 15:29:22.409807: val_loss -0.7068
2025-11-23 15:29:22.409919: Pseudo dice [np.float32(0.9169), np.float32(0.7683), np.float32(0.0)]
2025-11-23 15:29:22.410621: Epoch time: 68.35 s
2025-11-23 15:29:23.966457: 
2025-11-23 15:29:23.966703: Epoch 836
2025-11-23 15:29:23.966832: Current learning rate: 0.00196
2025-11-23 15:30:30.599761: train_loss -0.7383
2025-11-23 15:30:30.604240: val_loss -0.7267
2025-11-23 15:30:30.604379: Pseudo dice [np.float32(0.9082), np.float32(0.7484), np.float32(0.0)]
2025-11-23 15:30:30.604474: Epoch time: 66.63 s
2025-11-23 15:30:31.998588: 
2025-11-23 15:30:31.998775: Epoch 837
2025-11-23 15:30:31.998896: Current learning rate: 0.00195
2025-11-23 15:31:40.395854: train_loss -0.7449
2025-11-23 15:31:40.396097: val_loss -0.6638
2025-11-23 15:31:40.396201: Pseudo dice [np.float32(0.9061), np.float32(0.7649), np.float32(0.0)]
2025-11-23 15:31:40.396300: Epoch time: 68.4 s
2025-11-23 15:31:41.600591: 
2025-11-23 15:31:41.600766: Epoch 838
2025-11-23 15:31:41.600882: Current learning rate: 0.00194
2025-11-23 15:32:46.453048: train_loss -0.7429
2025-11-23 15:32:46.454787: val_loss -0.6833
2025-11-23 15:32:46.454914: Pseudo dice [np.float32(0.9117), np.float32(0.7446), np.float32(0.0)]
2025-11-23 15:32:46.455023: Epoch time: 64.85 s
2025-11-23 15:32:47.634814: 
2025-11-23 15:32:47.634984: Epoch 839
2025-11-23 15:32:47.635093: Current learning rate: 0.00193
2025-11-23 15:33:57.518513: train_loss -0.7505
2025-11-23 15:33:57.518771: val_loss -0.7112
2025-11-23 15:33:57.518874: Pseudo dice [np.float32(0.9132), np.float32(0.7529), np.float32(0.0)]
2025-11-23 15:33:57.518981: Epoch time: 69.88 s
2025-11-23 15:33:59.345200: 
2025-11-23 15:33:59.345419: Epoch 840
2025-11-23 15:33:59.345526: Current learning rate: 0.00192
2025-11-23 15:35:08.396688: train_loss -0.7418
2025-11-23 15:35:08.396949: val_loss -0.6769
2025-11-23 15:35:08.397060: Pseudo dice [np.float32(0.911), np.float32(0.7632), np.float32(0.0)]
2025-11-23 15:35:08.397159: Epoch time: 69.05 s
2025-11-23 15:35:09.589479: 
2025-11-23 15:35:09.589676: Epoch 841
2025-11-23 15:35:09.589797: Current learning rate: 0.00191
2025-11-23 15:36:14.272864: train_loss -0.7393
2025-11-23 15:36:14.273198: val_loss -0.6742
2025-11-23 15:36:14.273307: Pseudo dice [np.float32(0.9106), np.float32(0.7552), np.float32(0.0)]
2025-11-23 15:36:14.273405: Epoch time: 64.68 s
2025-11-23 15:36:15.415750: 
2025-11-23 15:36:15.415931: Epoch 842
2025-11-23 15:36:15.416048: Current learning rate: 0.0019
2025-11-23 15:37:21.779009: train_loss -0.7454
2025-11-23 15:37:21.779319: val_loss -0.6952
2025-11-23 15:37:21.779425: Pseudo dice [np.float32(0.9063), np.float32(0.7602), np.float32(0.0)]
2025-11-23 15:37:21.779525: Epoch time: 66.36 s
2025-11-23 15:37:23.020763: 
2025-11-23 15:37:23.020942: Epoch 843
2025-11-23 15:37:23.021061: Current learning rate: 0.00189
2025-11-23 15:38:30.845220: train_loss -0.7553
2025-11-23 15:38:30.845507: val_loss -0.6427
2025-11-23 15:38:30.845608: Pseudo dice [np.float32(0.9158), np.float32(0.7481), np.float32(0.0)]
2025-11-23 15:38:30.845703: Epoch time: 67.83 s
2025-11-23 15:38:31.995949: 
2025-11-23 15:38:31.996157: Epoch 844
2025-11-23 15:38:31.996272: Current learning rate: 0.00188
2025-11-23 15:39:40.641275: train_loss -0.7543
2025-11-23 15:39:40.641602: val_loss -0.6701
2025-11-23 15:39:40.641706: Pseudo dice [np.float32(0.9137), np.float32(0.762), np.float32(0.0)]
2025-11-23 15:39:40.641803: Epoch time: 68.65 s
2025-11-23 15:39:41.956080: 
2025-11-23 15:39:41.956268: Epoch 845
2025-11-23 15:39:41.956382: Current learning rate: 0.00187
2025-11-23 15:40:47.632311: train_loss -0.7448
2025-11-23 15:40:47.632560: val_loss -0.6995
2025-11-23 15:40:47.632660: Pseudo dice [np.float32(0.9135), np.float32(0.767), np.float32(0.0)]
2025-11-23 15:40:47.632819: Epoch time: 65.68 s
2025-11-23 15:40:48.807572: 
2025-11-23 15:40:48.807759: Epoch 846
2025-11-23 15:40:48.807915: Current learning rate: 0.00186
2025-11-23 15:41:54.258149: train_loss -0.7494
2025-11-23 15:41:54.258450: val_loss -0.6912
2025-11-23 15:41:54.258554: Pseudo dice [np.float32(0.9105), np.float32(0.7603), np.float32(0.0)]
2025-11-23 15:41:54.258652: Epoch time: 65.45 s
2025-11-23 15:41:55.677765: 
2025-11-23 15:41:55.678022: Epoch 847
2025-11-23 15:41:55.678144: Current learning rate: 0.00185
2025-11-23 15:43:04.902933: train_loss -0.7515
2025-11-23 15:43:04.903239: val_loss -0.6864
2025-11-23 15:43:04.903342: Pseudo dice [np.float32(0.9037), np.float32(0.7564), np.float32(0.0)]
2025-11-23 15:43:04.903440: Epoch time: 69.23 s
2025-11-23 15:43:06.102909: 
2025-11-23 15:43:06.103168: Epoch 848
2025-11-23 15:43:06.103288: Current learning rate: 0.00184
2025-11-23 15:44:13.328902: train_loss -0.7506
2025-11-23 15:44:13.329159: val_loss -0.6742
2025-11-23 15:44:13.329260: Pseudo dice [np.float32(0.9068), np.float32(0.7483), np.float32(0.0)]
2025-11-23 15:44:13.329357: Epoch time: 67.23 s
2025-11-23 15:44:14.495060: 
2025-11-23 15:44:14.495257: Epoch 849
2025-11-23 15:44:14.495372: Current learning rate: 0.00182
2025-11-23 15:45:21.546216: train_loss -0.7484
2025-11-23 15:45:21.546462: val_loss -0.7083
2025-11-23 15:45:21.546562: Pseudo dice [np.float32(0.9091), np.float32(0.7746), np.float32(0.0)]
2025-11-23 15:45:21.546658: Epoch time: 67.05 s
2025-11-23 15:45:23.275629: 
2025-11-23 15:45:23.275796: Epoch 850
2025-11-23 15:45:23.275903: Current learning rate: 0.00181
2025-11-23 15:46:32.443900: train_loss -0.7514
2025-11-23 15:46:32.444221: val_loss -0.6776
2025-11-23 15:46:32.444327: Pseudo dice [np.float32(0.9039), np.float32(0.7707), np.float32(0.0)]
2025-11-23 15:46:32.444427: Epoch time: 69.17 s
2025-11-23 15:46:33.664517: 
2025-11-23 15:46:33.664730: Epoch 851
2025-11-23 15:46:33.664888: Current learning rate: 0.0018
2025-11-23 15:47:40.379958: train_loss -0.7503
2025-11-23 15:47:40.380246: val_loss -0.6754
2025-11-23 15:47:40.380348: Pseudo dice [np.float32(0.9067), np.float32(0.7566), np.float32(0.0)]
2025-11-23 15:47:40.380444: Epoch time: 66.72 s
2025-11-23 15:47:41.521812: 
2025-11-23 15:47:41.521956: Epoch 852
2025-11-23 15:47:41.522055: Current learning rate: 0.00179
2025-11-23 15:48:48.783983: train_loss -0.747
2025-11-23 15:48:48.787797: val_loss -0.6771
2025-11-23 15:48:48.787980: Pseudo dice [np.float32(0.9007), np.float32(0.761), np.float32(0.0)]
2025-11-23 15:48:48.788106: Epoch time: 67.26 s
2025-11-23 15:48:50.593570: 
2025-11-23 15:48:50.593827: Epoch 853
2025-11-23 15:48:50.686608: Current learning rate: 0.00178
2025-11-23 15:49:56.252869: train_loss -0.7512
2025-11-23 15:49:56.253519: val_loss -0.6807
2025-11-23 15:49:56.253661: Pseudo dice [np.float32(0.9088), np.float32(0.7503), np.float32(0.0)]
2025-11-23 15:49:56.253794: Epoch time: 65.66 s
2025-11-23 15:49:57.397340: 
2025-11-23 15:49:57.397527: Epoch 854
2025-11-23 15:49:57.397657: Current learning rate: 0.00177
2025-11-23 15:51:03.837907: train_loss -0.7443
2025-11-23 15:51:03.838407: val_loss -0.7007
2025-11-23 15:51:03.838559: Pseudo dice [np.float32(0.9108), np.float32(0.7621), np.float32(0.0)]
2025-11-23 15:51:03.838689: Epoch time: 66.44 s
2025-11-23 15:51:05.003436: 
2025-11-23 15:51:05.003634: Epoch 855
2025-11-23 15:51:05.003778: Current learning rate: 0.00176
2025-11-23 15:52:11.748481: train_loss -0.7501
2025-11-23 15:52:11.748872: val_loss -0.6861
2025-11-23 15:52:11.749006: Pseudo dice [np.float32(0.9033), np.float32(0.763), np.float32(0.0)]
2025-11-23 15:52:11.749144: Epoch time: 66.75 s
2025-11-23 15:52:13.463486: 
2025-11-23 15:52:13.463725: Epoch 856
2025-11-23 15:52:13.463864: Current learning rate: 0.00175
2025-11-23 15:53:20.642140: train_loss -0.7534
2025-11-23 15:53:20.642595: val_loss -0.6827
2025-11-23 15:53:20.642735: Pseudo dice [np.float32(0.9238), np.float32(0.7707), np.float32(0.0)]
2025-11-23 15:53:20.642866: Epoch time: 67.18 s
2025-11-23 15:53:21.784815: 
2025-11-23 15:53:21.785044: Epoch 857
2025-11-23 15:53:21.785193: Current learning rate: 0.00174
2025-11-23 15:54:27.893809: train_loss -0.7616
2025-11-23 15:54:27.896688: val_loss -0.685
2025-11-23 15:54:27.897631: Pseudo dice [np.float32(0.9129), np.float32(0.7678), np.float32(0.0)]
2025-11-23 15:54:27.898769: Epoch time: 66.11 s
2025-11-23 15:54:29.203927: 
2025-11-23 15:54:29.204146: Epoch 858
2025-11-23 15:54:29.204290: Current learning rate: 0.00173
2025-11-23 15:55:39.386082: train_loss -0.7667
2025-11-23 15:55:39.389896: val_loss -0.7041
2025-11-23 15:55:39.391951: Pseudo dice [np.float32(0.9192), np.float32(0.7665), np.float32(0.0)]
2025-11-23 15:55:39.392108: Epoch time: 70.18 s
2025-11-23 15:55:40.863480: 
2025-11-23 15:55:40.863699: Epoch 859
2025-11-23 15:55:40.863845: Current learning rate: 0.00172
2025-11-23 15:56:45.536333: train_loss -0.7578
2025-11-23 15:56:45.539283: val_loss -0.6962
2025-11-23 15:56:45.541373: Pseudo dice [np.float32(0.9055), np.float32(0.7645), np.float32(0.0)]
2025-11-23 15:56:45.541797: Epoch time: 64.67 s
2025-11-23 15:56:47.516278: 
2025-11-23 15:56:47.516492: Epoch 860
2025-11-23 15:56:47.516639: Current learning rate: 0.0017
2025-11-23 15:57:54.971827: train_loss -0.7612
2025-11-23 15:57:54.975728: val_loss -0.6968
2025-11-23 15:57:54.977795: Pseudo dice [np.float32(0.9064), np.float32(0.771), np.float32(0.0)]
2025-11-23 15:57:54.979853: Epoch time: 67.46 s
2025-11-23 15:57:56.508949: 
2025-11-23 15:57:56.509197: Epoch 861
2025-11-23 15:57:56.509346: Current learning rate: 0.00169
2025-11-23 15:59:07.244287: train_loss -0.7511
2025-11-23 15:59:07.257236: val_loss -0.6594
2025-11-23 15:59:07.257432: Pseudo dice [np.float32(0.9144), np.float32(0.7619), np.float32(0.0)]
2025-11-23 15:59:07.257575: Epoch time: 70.74 s
2025-11-23 15:59:08.441881: 
2025-11-23 15:59:08.442103: Epoch 862
2025-11-23 15:59:08.442277: Current learning rate: 0.00168
2025-11-23 16:00:15.028697: train_loss -0.7405
2025-11-23 16:00:15.029171: val_loss -0.6562
2025-11-23 16:00:15.029306: Pseudo dice [np.float32(0.9134), np.float32(0.7595), np.float32(0.0)]
2025-11-23 16:00:15.029433: Epoch time: 66.59 s
2025-11-23 16:00:16.164613: 
2025-11-23 16:00:16.164855: Epoch 863
2025-11-23 16:00:16.165004: Current learning rate: 0.00167
2025-11-23 16:01:25.443203: train_loss -0.7551
2025-11-23 16:01:25.445428: val_loss -0.6721
2025-11-23 16:01:25.447154: Pseudo dice [np.float32(0.9091), np.float32(0.7619), np.float32(0.0)]
2025-11-23 16:01:25.447516: Epoch time: 69.28 s
2025-11-23 16:01:27.008931: 
2025-11-23 16:01:27.009124: Epoch 864
2025-11-23 16:01:27.009266: Current learning rate: 0.00166
2025-11-23 16:02:34.120113: train_loss -0.723
2025-11-23 16:02:34.122410: val_loss -0.69
2025-11-23 16:02:34.123862: Pseudo dice [np.float32(0.9153), np.float32(0.7618), np.float32(0.0)]
2025-11-23 16:02:34.125921: Epoch time: 67.11 s
2025-11-23 16:02:35.271092: 
2025-11-23 16:02:35.271366: Epoch 865
2025-11-23 16:02:35.271510: Current learning rate: 0.00165
2025-11-23 16:03:42.828116: train_loss -0.7485
2025-11-23 16:03:42.831920: val_loss -0.6843
2025-11-23 16:03:42.833987: Pseudo dice [np.float32(0.9049), np.float32(0.7673), np.float32(0.0)]
2025-11-23 16:03:42.834217: Epoch time: 67.56 s
2025-11-23 16:03:44.423823: 
2025-11-23 16:03:44.424031: Epoch 866
2025-11-23 16:03:44.424176: Current learning rate: 0.00164
2025-11-23 16:04:51.212530: train_loss -0.7498
2025-11-23 16:04:51.223225: val_loss -0.6545
2025-11-23 16:04:51.225305: Pseudo dice [np.float32(0.9146), np.float32(0.7678), np.float32(0.0)]
2025-11-23 16:04:51.227410: Epoch time: 66.79 s
2025-11-23 16:04:53.620006: 
2025-11-23 16:04:53.620217: Epoch 867
2025-11-23 16:04:53.620357: Current learning rate: 0.00163
2025-11-23 16:06:01.843391: train_loss -0.7551
2025-11-23 16:06:01.845662: val_loss -0.7128
2025-11-23 16:06:01.846045: Pseudo dice [np.float32(0.9158), np.float32(0.7619), np.float32(0.0)]
2025-11-23 16:06:01.846996: Epoch time: 68.22 s
2025-11-23 16:06:03.049931: 
2025-11-23 16:06:03.050134: Epoch 868
2025-11-23 16:06:03.050275: Current learning rate: 0.00162
2025-11-23 16:07:08.548817: train_loss -0.7685
2025-11-23 16:07:08.551066: val_loss -0.6803
2025-11-23 16:07:08.552710: Pseudo dice [np.float32(0.9153), np.float32(0.7638), np.float32(0.0)]
2025-11-23 16:07:08.553125: Epoch time: 65.5 s
2025-11-23 16:07:10.333237: 
2025-11-23 16:07:10.333487: Epoch 869
2025-11-23 16:07:10.333635: Current learning rate: 0.00161
2025-11-23 16:08:17.301018: train_loss -0.7483
2025-11-23 16:08:17.304027: val_loss -0.6713
2025-11-23 16:08:17.304794: Pseudo dice [np.float32(0.9115), np.float32(0.7721), np.float32(0.0)]
2025-11-23 16:08:17.306077: Epoch time: 66.97 s
2025-11-23 16:08:19.007402: 
2025-11-23 16:08:19.007664: Epoch 870
2025-11-23 16:08:19.007803: Current learning rate: 0.00159
2025-11-23 16:09:29.828410: train_loss -0.7346
2025-11-23 16:09:29.828892: val_loss -0.6818
2025-11-23 16:09:29.829085: Pseudo dice [np.float32(0.9131), np.float32(0.7619), np.float32(0.0)]
2025-11-23 16:09:29.829220: Epoch time: 70.82 s
2025-11-23 16:09:30.988764: 
2025-11-23 16:09:30.989089: Epoch 871
2025-11-23 16:09:30.989260: Current learning rate: 0.00158
2025-11-23 16:10:40.023659: train_loss -0.7718
2025-11-23 16:10:40.026149: val_loss -0.6802
2025-11-23 16:10:40.026994: Pseudo dice [np.float32(0.9021), np.float32(0.7597), np.float32(0.0)]
2025-11-23 16:10:40.028241: Epoch time: 69.04 s
2025-11-23 16:10:41.743788: 
2025-11-23 16:10:41.744013: Epoch 872
2025-11-23 16:10:41.744156: Current learning rate: 0.00157
2025-11-23 16:11:49.698879: train_loss -0.7571
2025-11-23 16:11:49.701059: val_loss -0.6603
2025-11-23 16:11:49.702683: Pseudo dice [np.float32(0.9122), np.float32(0.7702), np.float32(0.0)]
2025-11-23 16:11:49.703140: Epoch time: 67.96 s
2025-11-23 16:11:51.287954: 
2025-11-23 16:11:51.288232: Epoch 873
2025-11-23 16:11:51.288379: Current learning rate: 0.00156
2025-11-23 16:13:02.049659: train_loss -0.7566
2025-11-23 16:13:02.051876: val_loss -0.6442
2025-11-23 16:13:02.053623: Pseudo dice [np.float32(0.9115), np.float32(0.7713), np.float32(0.0)]
2025-11-23 16:13:02.054009: Epoch time: 70.76 s
2025-11-23 16:13:03.422414: 
2025-11-23 16:13:03.422674: Epoch 874
2025-11-23 16:13:03.422818: Current learning rate: 0.00155
2025-11-23 16:14:13.825006: train_loss -0.7606
2025-11-23 16:14:13.825492: val_loss -0.6544
2025-11-23 16:14:13.825635: Pseudo dice [np.float32(0.896), np.float32(0.7642), np.float32(0.0)]
2025-11-23 16:14:13.825819: Epoch time: 70.4 s
2025-11-23 16:14:14.968012: 
2025-11-23 16:14:14.968314: Epoch 875
2025-11-23 16:14:14.968463: Current learning rate: 0.00154
2025-11-23 16:15:21.252622: train_loss -0.7493
2025-11-23 16:15:21.253082: val_loss -0.6748
2025-11-23 16:15:21.253229: Pseudo dice [np.float32(0.9124), np.float32(0.7525), np.float32(0.0)]
2025-11-23 16:15:21.253367: Epoch time: 66.29 s
2025-11-23 16:15:22.425005: 
2025-11-23 16:15:22.425224: Epoch 876
2025-11-23 16:15:22.425365: Current learning rate: 0.00153
2025-11-23 16:16:26.825311: train_loss -0.7607
2025-11-23 16:16:26.826367: val_loss -0.6526
2025-11-23 16:16:26.826521: Pseudo dice [np.float32(0.9052), np.float32(0.7685), np.float32(0.0)]
2025-11-23 16:16:26.826654: Epoch time: 64.4 s
2025-11-23 16:16:28.269118: 
2025-11-23 16:16:28.269349: Epoch 877
2025-11-23 16:16:28.269525: Current learning rate: 0.00152
2025-11-23 16:17:35.091533: train_loss -0.7543
2025-11-23 16:17:35.091967: val_loss -0.6778
2025-11-23 16:17:35.092109: Pseudo dice [np.float32(0.9106), np.float32(0.751), np.float32(0.0)]
2025-11-23 16:17:35.092323: Epoch time: 66.82 s
2025-11-23 16:17:36.646139: 
2025-11-23 16:17:36.646421: Epoch 878
2025-11-23 16:17:36.646564: Current learning rate: 0.00151
2025-11-23 16:18:43.872368: train_loss -0.7544
2025-11-23 16:18:43.875333: val_loss -0.7136
2025-11-23 16:18:43.877424: Pseudo dice [np.float32(0.9123), np.float32(0.764), np.float32(0.0)]
2025-11-23 16:18:43.877584: Epoch time: 67.23 s
2025-11-23 16:18:45.273243: 
2025-11-23 16:18:45.273434: Epoch 879
2025-11-23 16:18:45.273568: Current learning rate: 0.00149
2025-11-23 16:19:54.051720: train_loss -0.7594
2025-11-23 16:19:54.067259: val_loss -0.6793
2025-11-23 16:19:54.067452: Pseudo dice [np.float32(0.9148), np.float32(0.7568), np.float32(0.0)]
2025-11-23 16:19:54.067580: Epoch time: 68.78 s
2025-11-23 16:19:55.233214: 
2025-11-23 16:19:55.233412: Epoch 880
2025-11-23 16:19:55.233549: Current learning rate: 0.00148
2025-11-23 16:21:03.146361: train_loss -0.7604
2025-11-23 16:21:03.148141: val_loss -0.6834
2025-11-23 16:21:03.148297: Pseudo dice [np.float32(0.9111), np.float32(0.7613), np.float32(0.0)]
2025-11-23 16:21:03.148423: Epoch time: 67.91 s
2025-11-23 16:21:04.376691: 
2025-11-23 16:21:04.376898: Epoch 881
2025-11-23 16:21:04.377047: Current learning rate: 0.00147
2025-11-23 16:22:11.476048: train_loss -0.7643
2025-11-23 16:22:11.477800: val_loss -0.6873
2025-11-23 16:22:11.478008: Pseudo dice [np.float32(0.9154), np.float32(0.7641), np.float32(0.0)]
2025-11-23 16:22:11.478169: Epoch time: 67.1 s
2025-11-23 16:22:12.672928: 
2025-11-23 16:22:12.673174: Epoch 882
2025-11-23 16:22:12.673316: Current learning rate: 0.00146
2025-11-23 16:23:19.572757: train_loss -0.7614
2025-11-23 16:23:19.573213: val_loss -0.6825
2025-11-23 16:23:19.573353: Pseudo dice [np.float32(0.9156), np.float32(0.7677), np.float32(0.0)]
2025-11-23 16:23:19.573484: Epoch time: 66.9 s
2025-11-23 16:23:20.740074: 
2025-11-23 16:23:20.740329: Epoch 883
2025-11-23 16:23:20.740464: Current learning rate: 0.00145
2025-11-23 16:24:28.453638: train_loss -0.7671
2025-11-23 16:24:28.454088: val_loss -0.6737
2025-11-23 16:24:28.454224: Pseudo dice [np.float32(0.9167), np.float32(0.7678), np.float32(0.0)]
2025-11-23 16:24:28.454349: Epoch time: 67.71 s
2025-11-23 16:24:29.580376: 
2025-11-23 16:24:29.580567: Epoch 884
2025-11-23 16:24:29.580701: Current learning rate: 0.00144
2025-11-23 16:25:39.733014: train_loss -0.7568
2025-11-23 16:25:39.733471: val_loss -0.6715
2025-11-23 16:25:39.733610: Pseudo dice [np.float32(0.9148), np.float32(0.7644), np.float32(0.0)]
2025-11-23 16:25:39.733740: Epoch time: 70.15 s
2025-11-23 16:25:40.907034: 
2025-11-23 16:25:40.907228: Epoch 885
2025-11-23 16:25:40.907367: Current learning rate: 0.00143
2025-11-23 16:26:48.237567: train_loss -0.7652
2025-11-23 16:26:48.238039: val_loss -0.7154
2025-11-23 16:26:48.238179: Pseudo dice [np.float32(0.9124), np.float32(0.7534), np.float32(0.0)]
2025-11-23 16:26:48.238306: Epoch time: 67.33 s
2025-11-23 16:26:49.402705: 
2025-11-23 16:26:49.402905: Epoch 886
2025-11-23 16:26:49.403087: Current learning rate: 0.00142
2025-11-23 16:28:01.466208: train_loss -0.766
2025-11-23 16:28:01.466746: val_loss -0.6946
2025-11-23 16:28:01.466884: Pseudo dice [np.float32(0.9077), np.float32(0.7592), np.float32(0.0)]
2025-11-23 16:28:01.467028: Epoch time: 72.06 s
2025-11-23 16:28:02.674874: 
2025-11-23 16:28:02.675123: Epoch 887
2025-11-23 16:28:02.675284: Current learning rate: 0.00141
2025-11-23 16:29:09.704043: train_loss -0.7577
2025-11-23 16:29:09.708694: val_loss -0.6963
2025-11-23 16:29:09.709221: Pseudo dice [np.float32(0.9251), np.float32(0.7694), np.float32(0.0)]
2025-11-23 16:29:09.710746: Epoch time: 67.03 s
2025-11-23 16:29:11.573766: 
2025-11-23 16:29:11.574054: Epoch 888
2025-11-23 16:29:11.574191: Current learning rate: 0.00139
2025-11-23 16:30:17.150297: train_loss -0.7623
2025-11-23 16:30:17.153894: val_loss -0.6697
2025-11-23 16:30:17.155991: Pseudo dice [np.float32(0.9038), np.float32(0.7525), np.float32(0.0)]
2025-11-23 16:30:17.158074: Epoch time: 65.58 s
2025-11-23 16:30:18.985527: 
2025-11-23 16:30:18.985820: Epoch 889
2025-11-23 16:30:18.985968: Current learning rate: 0.00138
2025-11-23 16:31:25.764451: train_loss -0.7619
2025-11-23 16:31:25.769292: val_loss -0.6681
2025-11-23 16:31:25.771359: Pseudo dice [np.float32(0.9065), np.float32(0.7557), np.float32(0.0)]
2025-11-23 16:31:25.771574: Epoch time: 66.78 s
2025-11-23 16:31:26.967509: 
2025-11-23 16:31:26.967725: Epoch 890
2025-11-23 16:31:26.967904: Current learning rate: 0.00137
2025-11-23 16:32:38.631264: train_loss -0.7665
2025-11-23 16:32:38.633664: val_loss -0.6813
2025-11-23 16:32:38.633804: Pseudo dice [np.float32(0.9145), np.float32(0.7672), np.float32(0.0)]
2025-11-23 16:32:38.633928: Epoch time: 71.66 s
2025-11-23 16:32:40.000039: 
2025-11-23 16:32:40.000251: Epoch 891
2025-11-23 16:32:40.000401: Current learning rate: 0.00136
2025-11-23 16:33:44.688977: train_loss -0.7649
2025-11-23 16:33:44.691220: val_loss -0.6923
2025-11-23 16:33:44.692733: Pseudo dice [np.float32(0.9254), np.float32(0.772), np.float32(0.0)]
2025-11-23 16:33:44.693312: Epoch time: 64.69 s
2025-11-23 16:33:45.902436: 
2025-11-23 16:33:45.902731: Epoch 892
2025-11-23 16:33:45.902880: Current learning rate: 0.00135
2025-11-23 16:34:52.230553: train_loss -0.766
2025-11-23 16:34:52.231101: val_loss -0.6913
2025-11-23 16:34:52.231271: Pseudo dice [np.float32(0.9107), np.float32(0.7665), np.float32(0.0)]
2025-11-23 16:34:52.231416: Epoch time: 66.33 s
2025-11-23 16:34:53.379443: 
2025-11-23 16:34:53.379640: Epoch 893
2025-11-23 16:34:53.379780: Current learning rate: 0.00134
2025-11-23 16:36:00.909164: train_loss -0.7546
2025-11-23 16:36:00.911668: val_loss -0.6811
2025-11-23 16:36:00.912751: Pseudo dice [np.float32(0.9229), np.float32(0.7762), np.float32(0.0)]
2025-11-23 16:36:00.913733: Epoch time: 67.53 s
2025-11-23 16:36:02.237219: 
2025-11-23 16:36:02.237628: Epoch 894
2025-11-23 16:36:02.237872: Current learning rate: 0.00133
2025-11-23 16:37:10.739111: train_loss -0.7582
2025-11-23 16:37:10.739608: val_loss -0.6918
2025-11-23 16:37:10.739755: Pseudo dice [np.float32(0.918), np.float32(0.7658), np.float32(0.0)]
2025-11-23 16:37:10.739887: Epoch time: 68.5 s
2025-11-23 16:37:11.930700: 
2025-11-23 16:37:11.930903: Epoch 895
2025-11-23 16:37:11.931058: Current learning rate: 0.00132
2025-11-23 16:38:19.068195: train_loss -0.7469
2025-11-23 16:38:19.071633: val_loss -0.7051
2025-11-23 16:38:19.072829: Pseudo dice [np.float32(0.9155), np.float32(0.7636), np.float32(0.0)]
2025-11-23 16:38:19.073693: Epoch time: 67.14 s
2025-11-23 16:38:20.391949: 
2025-11-23 16:38:20.392162: Epoch 896
2025-11-23 16:38:20.392311: Current learning rate: 0.0013
2025-11-23 16:39:26.861169: train_loss -0.7657
2025-11-23 16:39:26.863985: val_loss -0.6499
2025-11-23 16:39:26.864843: Pseudo dice [np.float32(0.9164), np.float32(0.7495), np.float32(0.0)]
2025-11-23 16:39:26.866042: Epoch time: 66.47 s
2025-11-23 16:39:28.259063: 
2025-11-23 16:39:28.259271: Epoch 897
2025-11-23 16:39:28.259417: Current learning rate: 0.00129
2025-11-23 16:40:32.919283: train_loss -0.7678
2025-11-23 16:40:32.940919: val_loss -0.6694
2025-11-23 16:40:32.941133: Pseudo dice [np.float32(0.9146), np.float32(0.767), np.float32(0.0)]
2025-11-23 16:40:32.941287: Epoch time: 64.66 s
2025-11-23 16:40:34.448131: 
2025-11-23 16:40:34.448349: Epoch 898
2025-11-23 16:40:34.448488: Current learning rate: 0.00128
2025-11-23 16:41:40.403318: train_loss -0.7515
2025-11-23 16:41:40.408222: val_loss -0.6493
2025-11-23 16:41:40.410292: Pseudo dice [np.float32(0.9069), np.float32(0.7404), np.float32(0.0)]
2025-11-23 16:41:40.410489: Epoch time: 65.96 s
2025-11-23 16:41:41.575441: 
2025-11-23 16:41:41.575646: Epoch 899
2025-11-23 16:41:41.575792: Current learning rate: 0.00127
2025-11-23 16:42:50.622821: train_loss -0.7551
2025-11-23 16:42:50.628722: val_loss -0.6986
2025-11-23 16:42:50.630784: Pseudo dice [np.float32(0.9149), np.float32(0.7588), np.float32(0.0)]
2025-11-23 16:42:50.632840: Epoch time: 69.05 s
2025-11-23 16:42:52.434643: 
2025-11-23 16:42:52.434848: Epoch 900
2025-11-23 16:42:52.434994: Current learning rate: 0.00126
2025-11-23 16:44:01.753056: train_loss -0.7571
2025-11-23 16:44:01.756764: val_loss -0.6725
2025-11-23 16:44:01.758065: Pseudo dice [np.float32(0.9055), np.float32(0.7598), np.float32(0.0)]
2025-11-23 16:44:01.758816: Epoch time: 69.32 s
2025-11-23 16:44:03.021233: 
2025-11-23 16:44:03.021494: Epoch 901
2025-11-23 16:44:03.021691: Current learning rate: 0.00125
2025-11-23 16:45:08.872717: train_loss -0.7638
2025-11-23 16:45:08.879680: val_loss -0.653
2025-11-23 16:45:08.883807: Pseudo dice [np.float32(0.9178), np.float32(0.7667), np.float32(0.0)]
2025-11-23 16:45:08.887942: Epoch time: 65.85 s
2025-11-23 16:45:10.507509: 
2025-11-23 16:45:10.507714: Epoch 902
2025-11-23 16:45:10.507856: Current learning rate: 0.00124
2025-11-23 16:46:19.051304: train_loss -0.7657
2025-11-23 16:46:19.051829: val_loss -0.6815
2025-11-23 16:46:19.051985: Pseudo dice [np.float32(0.9146), np.float32(0.7651), np.float32(0.0)]
2025-11-23 16:46:19.052111: Epoch time: 68.54 s
2025-11-23 16:46:20.553737: 
2025-11-23 16:46:20.553932: Epoch 903
2025-11-23 16:46:20.554074: Current learning rate: 0.00122
2025-11-23 16:47:27.417290: train_loss -0.7634
2025-11-23 16:47:27.417763: val_loss -0.7131
2025-11-23 16:47:27.417952: Pseudo dice [np.float32(0.9123), np.float32(0.7594), np.float32(0.0)]
2025-11-23 16:47:27.418091: Epoch time: 66.86 s
2025-11-23 16:47:28.567093: 
2025-11-23 16:47:28.567367: Epoch 904
2025-11-23 16:47:28.567513: Current learning rate: 0.00121
2025-11-23 16:48:39.397802: train_loss -0.7732
2025-11-23 16:48:39.399931: val_loss -0.6765
2025-11-23 16:48:39.401453: Pseudo dice [np.float32(0.9112), np.float32(0.7671), np.float32(0.0)]
2025-11-23 16:48:39.401996: Epoch time: 70.83 s
2025-11-23 16:48:41.642675: 
2025-11-23 16:48:41.642877: Epoch 905
2025-11-23 16:48:41.643064: Current learning rate: 0.0012
2025-11-23 16:49:46.601295: train_loss -0.7556
2025-11-23 16:49:46.605784: val_loss -0.6825
2025-11-23 16:49:46.606269: Pseudo dice [np.float32(0.907), np.float32(0.7639), np.float32(0.0)]
2025-11-23 16:49:46.606760: Epoch time: 64.96 s
2025-11-23 16:49:47.880481: 
2025-11-23 16:49:47.880714: Epoch 906
2025-11-23 16:49:47.880880: Current learning rate: 0.00119
2025-11-23 16:50:57.158442: train_loss -0.7608
2025-11-23 16:50:57.158932: val_loss -0.6627
2025-11-23 16:50:57.159078: Pseudo dice [np.float32(0.9167), np.float32(0.7619), np.float32(0.0)]
2025-11-23 16:50:57.159209: Epoch time: 69.28 s
2025-11-23 16:50:58.279352: 
2025-11-23 16:50:58.279553: Epoch 907
2025-11-23 16:50:58.279683: Current learning rate: 0.00118
2025-11-23 16:52:08.408361: train_loss -0.7638
2025-11-23 16:52:08.410990: val_loss -0.6609
2025-11-23 16:52:08.411992: Pseudo dice [np.float32(0.9145), np.float32(0.762), np.float32(0.0)]
2025-11-23 16:52:08.413048: Epoch time: 70.13 s
2025-11-23 16:52:10.271264: 
2025-11-23 16:52:10.271479: Epoch 908
2025-11-23 16:52:10.271619: Current learning rate: 0.00117
2025-11-23 16:53:19.754986: train_loss -0.7647
2025-11-23 16:53:19.757830: val_loss -0.6389
2025-11-23 16:53:19.758877: Pseudo dice [np.float32(0.9131), np.float32(0.762), np.float32(0.0)]
2025-11-23 16:53:19.759889: Epoch time: 69.48 s
2025-11-23 16:53:21.124798: 
2025-11-23 16:53:21.125073: Epoch 909
2025-11-23 16:53:21.125217: Current learning rate: 0.00116
2025-11-23 16:54:30.203869: train_loss -0.7654
2025-11-23 16:54:30.206107: val_loss -0.639
2025-11-23 16:54:30.207680: Pseudo dice [np.float32(0.9124), np.float32(0.7557), np.float32(0.0)]
2025-11-23 16:54:30.208206: Epoch time: 69.08 s
2025-11-23 16:54:31.434578: 
2025-11-23 16:54:31.434839: Epoch 910
2025-11-23 16:54:31.434983: Current learning rate: 0.00115
2025-11-23 16:55:37.352701: train_loss -0.7698
2025-11-23 16:55:37.357718: val_loss -0.6976
2025-11-23 16:55:37.359773: Pseudo dice [np.float32(0.9118), np.float32(0.7662), np.float32(0.0)]
2025-11-23 16:55:37.359985: Epoch time: 65.92 s
2025-11-23 16:55:39.232617: 
2025-11-23 16:55:39.232874: Epoch 911
2025-11-23 16:55:39.233024: Current learning rate: 0.00113
2025-11-23 16:56:49.067826: train_loss -0.7634
2025-11-23 16:56:49.071479: val_loss -0.7065
2025-11-23 16:56:49.073579: Pseudo dice [np.float32(0.9093), np.float32(0.7627), np.float32(0.0)]
2025-11-23 16:56:49.075660: Epoch time: 69.84 s
2025-11-23 16:56:50.676737: 
2025-11-23 16:56:50.677032: Epoch 912
2025-11-23 16:56:50.677174: Current learning rate: 0.00112
2025-11-23 16:57:57.335394: train_loss -0.7649
2025-11-23 16:57:57.337701: val_loss -0.6907
2025-11-23 16:57:57.339084: Pseudo dice [np.float32(0.8995), np.float32(0.7582), np.float32(0.0)]
2025-11-23 16:57:57.339814: Epoch time: 66.66 s
2025-11-23 16:57:58.527075: 
2025-11-23 16:57:58.527341: Epoch 913
2025-11-23 16:57:58.527485: Current learning rate: 0.00111
2025-11-23 16:59:05.476142: train_loss -0.7528
2025-11-23 16:59:05.478497: val_loss -0.6735
2025-11-23 16:59:05.480420: Pseudo dice [np.float32(0.9103), np.float32(0.7668), np.float32(0.0)]
2025-11-23 16:59:05.480579: Epoch time: 66.95 s
2025-11-23 16:59:06.820383: 
2025-11-23 16:59:06.820639: Epoch 914
2025-11-23 16:59:06.820783: Current learning rate: 0.0011
2025-11-23 17:00:13.314525: train_loss -0.7621
2025-11-23 17:00:13.316901: val_loss -0.6952
2025-11-23 17:00:13.317452: Pseudo dice [np.float32(0.9175), np.float32(0.7691), np.float32(0.0)]
2025-11-23 17:00:13.318955: Epoch time: 66.5 s
2025-11-23 17:00:14.739378: 
2025-11-23 17:00:14.739577: Epoch 915
2025-11-23 17:00:14.739719: Current learning rate: 0.00109
2025-11-23 17:01:19.648574: train_loss -0.7492
2025-11-23 17:01:19.675210: val_loss -0.6478
2025-11-23 17:01:19.675414: Pseudo dice [np.float32(0.9107), np.float32(0.754), np.float32(0.0)]
2025-11-23 17:01:19.675513: Epoch time: 64.91 s
2025-11-23 17:01:21.728988: 
2025-11-23 17:01:21.729168: Epoch 916
2025-11-23 17:01:21.729285: Current learning rate: 0.00108
2025-11-23 17:02:30.690977: train_loss -0.7666
2025-11-23 17:02:30.691213: val_loss -0.6719
2025-11-23 17:02:30.691314: Pseudo dice [np.float32(0.9159), np.float32(0.7628), np.float32(0.0)]
2025-11-23 17:02:30.691413: Epoch time: 68.96 s
2025-11-23 17:02:32.087063: 
2025-11-23 17:02:32.087240: Epoch 917
2025-11-23 17:02:32.087384: Current learning rate: 0.00106
2025-11-23 17:03:40.266999: train_loss -0.7618
2025-11-23 17:03:40.267201: val_loss -0.6371
2025-11-23 17:03:40.267300: Pseudo dice [np.float32(0.918), np.float32(0.752), np.float32(0.0)]
2025-11-23 17:03:40.267397: Epoch time: 68.18 s
2025-11-23 17:03:41.960717: 
2025-11-23 17:03:41.961041: Epoch 918
2025-11-23 17:03:41.961168: Current learning rate: 0.00105
2025-11-23 17:04:50.345086: train_loss -0.7676
2025-11-23 17:04:50.345325: val_loss -0.6808
2025-11-23 17:04:50.345432: Pseudo dice [np.float32(0.916), np.float32(0.7643), np.float32(0.0)]
2025-11-23 17:04:50.345588: Epoch time: 68.39 s
2025-11-23 17:04:51.645608: 
2025-11-23 17:04:51.645780: Epoch 919
2025-11-23 17:04:51.645892: Current learning rate: 0.00104
2025-11-23 17:05:56.564453: train_loss -0.7789
2025-11-23 17:05:56.565738: val_loss -0.6965
2025-11-23 17:05:56.565858: Pseudo dice [np.float32(0.9083), np.float32(0.77), np.float32(0.0)]
2025-11-23 17:05:56.565987: Epoch time: 64.92 s
2025-11-23 17:05:58.060439: 
2025-11-23 17:05:58.060621: Epoch 920
2025-11-23 17:05:58.060735: Current learning rate: 0.00103
2025-11-23 17:07:04.780261: train_loss -0.7744
2025-11-23 17:07:04.780494: val_loss -0.7008
2025-11-23 17:07:04.780597: Pseudo dice [np.float32(0.9129), np.float32(0.7648), np.float32(0.0)]
2025-11-23 17:07:04.780797: Epoch time: 66.72 s
2025-11-23 17:07:05.920101: 
2025-11-23 17:07:05.920269: Epoch 921
2025-11-23 17:07:05.920382: Current learning rate: 0.00102
2025-11-23 17:08:15.828753: train_loss -0.7792
2025-11-23 17:08:15.829018: val_loss -0.6847
2025-11-23 17:08:15.829126: Pseudo dice [np.float32(0.9152), np.float32(0.7819), np.float32(0.0)]
2025-11-23 17:08:15.829225: Epoch time: 69.91 s
2025-11-23 17:08:16.979555: 
2025-11-23 17:08:16.979762: Epoch 922
2025-11-23 17:08:16.979879: Current learning rate: 0.00101
2025-11-23 17:09:28.336766: train_loss -0.7713
2025-11-23 17:09:28.339987: val_loss -0.6665
2025-11-23 17:09:28.340138: Pseudo dice [np.float32(0.9121), np.float32(0.7659), np.float32(0.0)]
2025-11-23 17:09:28.340233: Epoch time: 71.36 s
2025-11-23 17:09:29.826789: 
2025-11-23 17:09:29.827064: Epoch 923
2025-11-23 17:09:29.827196: Current learning rate: 0.001
2025-11-23 17:10:34.874600: train_loss -0.7739
2025-11-23 17:10:34.874830: val_loss -0.6782
2025-11-23 17:10:34.874930: Pseudo dice [np.float32(0.9127), np.float32(0.7614), np.float32(0.0)]
2025-11-23 17:10:34.875038: Epoch time: 65.05 s
2025-11-23 17:10:36.023751: 
2025-11-23 17:10:36.024009: Epoch 924
2025-11-23 17:10:36.024152: Current learning rate: 0.00098
2025-11-23 17:11:44.522478: train_loss -0.7645
2025-11-23 17:11:44.522823: val_loss -0.6864
2025-11-23 17:11:44.522928: Pseudo dice [np.float32(0.9147), np.float32(0.7632), np.float32(0.0)]
2025-11-23 17:11:44.523035: Epoch time: 68.5 s
2025-11-23 17:11:45.968271: 
2025-11-23 17:11:45.968526: Epoch 925
2025-11-23 17:11:45.968656: Current learning rate: 0.00097
2025-11-23 17:12:52.349956: train_loss -0.7838
2025-11-23 17:12:52.350215: val_loss -0.6851
2025-11-23 17:12:52.350318: Pseudo dice [np.float32(0.9165), np.float32(0.7643), np.float32(0.0)]
2025-11-23 17:12:52.354733: Epoch time: 66.38 s
2025-11-23 17:12:53.586597: 
2025-11-23 17:12:53.586795: Epoch 926
2025-11-23 17:12:53.586913: Current learning rate: 0.00096
2025-11-23 17:13:57.751324: train_loss -0.7776
2025-11-23 17:13:57.751618: val_loss -0.6588
2025-11-23 17:13:57.751720: Pseudo dice [np.float32(0.9173), np.float32(0.7661), np.float32(0.0)]
2025-11-23 17:13:57.751819: Epoch time: 64.17 s
2025-11-23 17:13:58.909827: 
2025-11-23 17:13:58.910042: Epoch 927
2025-11-23 17:13:58.910155: Current learning rate: 0.00095
2025-11-23 17:15:10.525402: train_loss -0.7684
2025-11-23 17:15:10.525755: val_loss -0.6646
2025-11-23 17:15:10.525863: Pseudo dice [np.float32(0.9085), np.float32(0.7671), np.float32(0.0)]
2025-11-23 17:15:10.525963: Epoch time: 71.62 s
2025-11-23 17:15:12.079853: 
2025-11-23 17:15:12.080075: Epoch 928
2025-11-23 17:15:12.080194: Current learning rate: 0.00094
2025-11-23 17:16:18.023118: train_loss -0.7722
2025-11-23 17:16:18.023354: val_loss -0.6876
2025-11-23 17:16:18.023444: Pseudo dice [np.float32(0.9168), np.float32(0.7558), np.float32(0.0)]
2025-11-23 17:16:18.023532: Epoch time: 65.94 s
2025-11-23 17:16:19.159523: 
2025-11-23 17:16:19.159790: Epoch 929
2025-11-23 17:16:19.159935: Current learning rate: 0.00092
2025-11-23 17:17:29.199653: train_loss -0.7837
2025-11-23 17:17:29.199994: val_loss -0.6849
2025-11-23 17:17:29.200104: Pseudo dice [np.float32(0.9154), np.float32(0.7662), np.float32(0.0)]
2025-11-23 17:17:29.200223: Epoch time: 70.04 s
2025-11-23 17:17:30.492465: 
2025-11-23 17:17:30.492647: Epoch 930
2025-11-23 17:17:30.492765: Current learning rate: 0.00091
2025-11-23 17:18:39.258502: train_loss -0.7889
2025-11-23 17:18:39.258718: val_loss -0.7152
2025-11-23 17:18:39.258820: Pseudo dice [np.float32(0.9138), np.float32(0.7664), np.float32(0.0)]
2025-11-23 17:18:39.258919: Epoch time: 68.77 s
2025-11-23 17:18:40.516211: 
2025-11-23 17:18:40.516386: Epoch 931
2025-11-23 17:18:40.516506: Current learning rate: 0.0009
2025-11-23 17:19:46.928633: train_loss -0.7769
2025-11-23 17:19:46.928903: val_loss -0.6824
2025-11-23 17:19:46.929017: Pseudo dice [np.float32(0.9083), np.float32(0.76), np.float32(0.0)]
2025-11-23 17:19:46.929117: Epoch time: 66.41 s
2025-11-23 17:19:48.054927: 
2025-11-23 17:19:48.055120: Epoch 932
2025-11-23 17:19:48.055236: Current learning rate: 0.00089
2025-11-23 17:20:54.436568: train_loss -0.7844
2025-11-23 17:20:54.436791: val_loss -0.6438
2025-11-23 17:20:54.436893: Pseudo dice [np.float32(0.9163), np.float32(0.758), np.float32(0.0123)]
2025-11-23 17:20:54.437000: Epoch time: 66.38 s
2025-11-23 17:20:55.767057: 
2025-11-23 17:20:55.767321: Epoch 933
2025-11-23 17:20:55.767478: Current learning rate: 0.00088
2025-11-23 17:22:01.386512: train_loss -0.7756
2025-11-23 17:22:01.386739: val_loss -0.6341
2025-11-23 17:22:01.386838: Pseudo dice [np.float32(0.917), np.float32(0.7574), np.float32(0.0)]
2025-11-23 17:22:01.386935: Epoch time: 65.62 s
2025-11-23 17:22:03.413647: 
2025-11-23 17:22:03.413812: Epoch 934
2025-11-23 17:22:03.413922: Current learning rate: 0.00087
2025-11-23 17:23:12.711151: train_loss -0.775
2025-11-23 17:23:12.711432: val_loss -0.6956
2025-11-23 17:23:12.711541: Pseudo dice [np.float32(0.9213), np.float32(0.7574), np.float32(0.1775)]
2025-11-23 17:23:12.711643: Epoch time: 69.3 s
2025-11-23 17:23:14.000115: 
2025-11-23 17:23:14.000340: Epoch 935
2025-11-23 17:23:14.000455: Current learning rate: 0.00085
2025-11-23 17:24:19.735663: train_loss -0.793
2025-11-23 17:24:19.738043: val_loss -0.7012
2025-11-23 17:24:19.738175: Pseudo dice [np.float32(0.912), np.float32(0.7644), np.float32(0.2674)]
2025-11-23 17:24:19.738269: Epoch time: 65.74 s
2025-11-23 17:24:21.003842: 
2025-11-23 17:24:21.004035: Epoch 936
2025-11-23 17:24:21.004195: Current learning rate: 0.00084
2025-11-23 17:25:29.736053: train_loss -0.7772
2025-11-23 17:25:29.736314: val_loss -0.6811
2025-11-23 17:25:29.736415: Pseudo dice [np.float32(0.9149), np.float32(0.7554), np.float32(0.3024)]
2025-11-23 17:25:29.736515: Epoch time: 68.73 s
2025-11-23 17:25:31.386869: 
2025-11-23 17:25:31.387046: Epoch 937
2025-11-23 17:25:31.387160: Current learning rate: 0.00083
2025-11-23 17:26:39.878336: train_loss -0.7757
2025-11-23 17:26:39.878585: val_loss -0.6872
2025-11-23 17:26:39.878687: Pseudo dice [np.float32(0.9043), np.float32(0.7614), np.float32(0.0)]
2025-11-23 17:26:39.878786: Epoch time: 68.49 s
2025-11-23 17:26:42.500974: 
2025-11-23 17:26:42.501146: Epoch 938
2025-11-23 17:26:42.501240: Current learning rate: 0.00082
2025-11-23 17:27:46.718726: train_loss -0.7704
2025-11-23 17:27:46.721200: val_loss -0.6686
2025-11-23 17:27:46.721388: Pseudo dice [np.float32(0.9099), np.float32(0.7621), np.float32(0.0)]
2025-11-23 17:27:46.721491: Epoch time: 64.22 s
2025-11-23 17:27:48.100155: 
2025-11-23 17:27:48.100346: Epoch 939
2025-11-23 17:27:48.100453: Current learning rate: 0.00081
2025-11-23 17:28:56.377441: train_loss -0.7714
2025-11-23 17:28:56.377705: val_loss -0.694
2025-11-23 17:28:56.384135: Pseudo dice [np.float32(0.9144), np.float32(0.7624), np.float32(0.0)]
2025-11-23 17:28:56.384301: Epoch time: 68.28 s
2025-11-23 17:28:57.752838: 
2025-11-23 17:28:57.753063: Epoch 940
2025-11-23 17:28:57.753188: Current learning rate: 0.00079
2025-11-23 17:30:03.756664: train_loss -0.7829
2025-11-23 17:30:03.756979: val_loss -0.6913
2025-11-23 17:30:03.757090: Pseudo dice [np.float32(0.9181), np.float32(0.7553), np.float32(0.0)]
2025-11-23 17:30:03.757189: Epoch time: 66.0 s
2025-11-23 17:30:04.915867: 
2025-11-23 17:30:04.916083: Epoch 941
2025-11-23 17:30:04.916197: Current learning rate: 0.00078
2025-11-23 17:31:11.658033: train_loss -0.7851
2025-11-23 17:31:11.660313: val_loss -0.6704
2025-11-23 17:31:11.668263: Pseudo dice [np.float32(0.9163), np.float32(0.759), np.float32(0.0)]
2025-11-23 17:31:11.668505: Epoch time: 66.74 s
2025-11-23 17:31:13.220148: 
2025-11-23 17:31:13.220422: Epoch 942
2025-11-23 17:31:13.220546: Current learning rate: 0.00077
2025-11-23 17:32:20.525510: train_loss -0.7878
2025-11-23 17:32:20.525786: val_loss -0.7013
2025-11-23 17:32:20.525887: Pseudo dice [np.float32(0.9128), np.float32(0.7656), np.float32(0.0092)]
2025-11-23 17:32:20.525993: Epoch time: 67.31 s
2025-11-23 17:32:21.658382: 
2025-11-23 17:32:21.658651: Epoch 943
2025-11-23 17:32:21.658830: Current learning rate: 0.00076
2025-11-23 17:33:28.207374: train_loss -0.7768
2025-11-23 17:33:28.207687: val_loss -0.6779
2025-11-23 17:33:28.207797: Pseudo dice [np.float32(0.9202), np.float32(0.7676), np.float32(0.0)]
2025-11-23 17:33:28.207895: Epoch time: 66.55 s
2025-11-23 17:33:29.346235: 
2025-11-23 17:33:29.346408: Epoch 944
2025-11-23 17:33:29.346519: Current learning rate: 0.00075
2025-11-23 17:34:39.989592: train_loss -0.7857
2025-11-23 17:34:39.989832: val_loss -0.7084
2025-11-23 17:34:39.989939: Pseudo dice [np.float32(0.9121), np.float32(0.7645), np.float32(0.5058)]
2025-11-23 17:34:39.990054: Epoch time: 70.64 s
2025-11-23 17:34:41.614736: 
2025-11-23 17:34:41.614948: Epoch 945
2025-11-23 17:34:41.615074: Current learning rate: 0.00074
2025-11-23 17:35:47.580398: train_loss -0.7824
2025-11-23 17:35:47.580640: val_loss -0.7031
2025-11-23 17:35:47.580741: Pseudo dice [np.float32(0.9108), np.float32(0.757), np.float32(0.394)]
2025-11-23 17:35:47.580843: Epoch time: 65.97 s
2025-11-23 17:35:49.033341: 
2025-11-23 17:35:49.033525: Epoch 946
2025-11-23 17:35:49.033642: Current learning rate: 0.00072
2025-11-23 17:36:57.035673: train_loss -0.7833
2025-11-23 17:36:57.035931: val_loss -0.6547
2025-11-23 17:36:57.036039: Pseudo dice [np.float32(0.917), np.float32(0.7691), np.float32(0.0)]
2025-11-23 17:36:57.051178: Epoch time: 68.0 s
2025-11-23 17:36:58.348724: 
2025-11-23 17:36:58.348930: Epoch 947
2025-11-23 17:36:58.349122: Current learning rate: 0.00071
2025-11-23 17:38:05.880129: train_loss -0.7835
2025-11-23 17:38:05.882005: val_loss -0.6908
2025-11-23 17:38:05.882112: Pseudo dice [np.float32(0.9177), np.float32(0.7692), np.float32(0.3507)]
2025-11-23 17:38:05.882209: Epoch time: 67.53 s
2025-11-23 17:38:07.268730: 
2025-11-23 17:38:07.268899: Epoch 948
2025-11-23 17:38:07.269015: Current learning rate: 0.0007
2025-11-23 17:39:14.491967: train_loss -0.7894
2025-11-23 17:39:14.492290: val_loss -0.703
2025-11-23 17:39:14.492392: Pseudo dice [np.float32(0.9008), np.float32(0.7666), np.float32(0.0)]
2025-11-23 17:39:14.492491: Epoch time: 67.22 s
2025-11-23 17:39:16.170598: 
2025-11-23 17:39:16.170893: Epoch 949
2025-11-23 17:39:16.171198: Current learning rate: 0.00069
2025-11-23 17:40:22.417588: train_loss -0.7827
2025-11-23 17:40:22.417822: val_loss -0.6691
2025-11-23 17:40:22.422158: Pseudo dice [np.float32(0.9169), np.float32(0.7631), np.float32(0.0)]
2025-11-23 17:40:22.422292: Epoch time: 66.25 s
2025-11-23 17:40:24.805366: 
2025-11-23 17:40:24.805530: Epoch 950
2025-11-23 17:40:24.805670: Current learning rate: 0.00067
2025-11-23 17:41:32.310838: train_loss -0.8011
2025-11-23 17:41:32.312057: val_loss -0.6567
2025-11-23 17:41:32.312211: Pseudo dice [np.float32(0.9131), np.float32(0.7617), np.float32(0.0)]
2025-11-23 17:41:32.312309: Epoch time: 67.51 s
2025-11-23 17:41:33.642501: 
2025-11-23 17:41:33.642671: Epoch 951
2025-11-23 17:41:33.642789: Current learning rate: 0.00066
2025-11-23 17:42:41.232593: train_loss -0.7983
2025-11-23 17:42:41.232817: val_loss -0.6785
2025-11-23 17:42:41.232915: Pseudo dice [np.float32(0.9004), np.float32(0.7634), np.float32(0.0)]
2025-11-23 17:42:41.233023: Epoch time: 67.59 s
2025-11-23 17:42:42.366862: 
2025-11-23 17:42:42.367035: Epoch 952
2025-11-23 17:42:42.367148: Current learning rate: 0.00065
2025-11-23 17:43:47.104393: train_loss -0.7748
2025-11-23 17:43:47.104740: val_loss -0.6678
2025-11-23 17:43:47.104842: Pseudo dice [np.float32(0.9214), np.float32(0.7644), np.float32(0.2902)]
2025-11-23 17:43:47.104941: Epoch time: 64.74 s
2025-11-23 17:43:48.240808: 
2025-11-23 17:43:48.241029: Epoch 953
2025-11-23 17:43:48.241132: Current learning rate: 0.00064
2025-11-23 17:44:54.767081: train_loss -0.7872
2025-11-23 17:44:54.767331: val_loss -0.6943
2025-11-23 17:44:54.767436: Pseudo dice [np.float32(0.9177), np.float32(0.7631), np.float32(0.1022)]
2025-11-23 17:44:54.767537: Epoch time: 66.53 s
2025-11-23 17:44:57.194698: 
2025-11-23 17:44:57.194890: Epoch 954
2025-11-23 17:44:57.195002: Current learning rate: 0.00063
2025-11-23 17:46:03.670292: train_loss -0.7862
2025-11-23 17:46:03.670632: val_loss -0.704
2025-11-23 17:46:03.670741: Pseudo dice [np.float32(0.9088), np.float32(0.7598), np.float32(0.0)]
2025-11-23 17:46:03.670843: Epoch time: 66.48 s
2025-11-23 17:46:05.364908: 
2025-11-23 17:46:05.365100: Epoch 955
2025-11-23 17:46:05.365216: Current learning rate: 0.00061
2025-11-23 17:47:13.021497: train_loss -0.7827
2025-11-23 17:47:13.021756: val_loss -0.6966
2025-11-23 17:47:13.021856: Pseudo dice [np.float32(0.9141), np.float32(0.7699), np.float32(0.0)]
2025-11-23 17:47:13.021952: Epoch time: 67.66 s
2025-11-23 17:47:14.408839: 
2025-11-23 17:47:14.409030: Epoch 956
2025-11-23 17:47:14.409139: Current learning rate: 0.0006
2025-11-23 17:48:22.057946: train_loss -0.7839
2025-11-23 17:48:22.058243: val_loss -0.6787
2025-11-23 17:48:22.058353: Pseudo dice [np.float32(0.9144), np.float32(0.7568), np.float32(0.0)]
2025-11-23 17:48:22.058454: Epoch time: 67.65 s
2025-11-23 17:48:23.149924: 
2025-11-23 17:48:23.150110: Epoch 957
2025-11-23 17:48:23.150221: Current learning rate: 0.00059
2025-11-23 17:49:30.158520: train_loss -0.7866
2025-11-23 17:49:30.163056: val_loss -0.6836
2025-11-23 17:49:30.163215: Pseudo dice [np.float32(0.9146), np.float32(0.7585), np.float32(0.0)]
2025-11-23 17:49:30.163318: Epoch time: 67.01 s
2025-11-23 17:49:31.400747: 
2025-11-23 17:49:31.401032: Epoch 958
2025-11-23 17:49:31.401165: Current learning rate: 0.00058
2025-11-23 17:50:37.776293: train_loss -0.784
2025-11-23 17:50:37.777614: val_loss -0.6558
2025-11-23 17:50:37.777725: Pseudo dice [np.float32(0.9115), np.float32(0.7534), np.float32(0.0)]
2025-11-23 17:50:37.777828: Epoch time: 66.38 s
2025-11-23 17:50:39.171147: 
2025-11-23 17:50:39.171415: Epoch 959
2025-11-23 17:50:39.171531: Current learning rate: 0.00056
2025-11-23 17:51:48.500453: train_loss -0.7808
2025-11-23 17:51:48.509272: val_loss -0.6501
2025-11-23 17:51:48.509440: Pseudo dice [np.float32(0.9079), np.float32(0.7569), np.float32(0.0)]
2025-11-23 17:51:48.509547: Epoch time: 69.33 s
2025-11-23 17:51:49.678750: 
2025-11-23 17:51:49.678955: Epoch 960
2025-11-23 17:51:49.679057: Current learning rate: 0.00055
2025-11-23 17:52:59.184166: train_loss -0.7851
2025-11-23 17:52:59.184394: val_loss -0.6945
2025-11-23 17:52:59.184499: Pseudo dice [np.float32(0.9184), np.float32(0.7645), np.float32(0.223)]
2025-11-23 17:52:59.184598: Epoch time: 69.51 s
2025-11-23 17:53:00.570923: 
2025-11-23 17:53:00.571158: Epoch 961
2025-11-23 17:53:00.571276: Current learning rate: 0.00054
2025-11-23 17:54:06.588862: train_loss -0.7877
2025-11-23 17:54:06.589145: val_loss -0.7002
2025-11-23 17:54:06.589248: Pseudo dice [np.float32(0.9185), np.float32(0.7651), np.float32(0.0)]
2025-11-23 17:54:06.589346: Epoch time: 66.02 s
2025-11-23 17:54:07.790286: 
2025-11-23 17:54:07.790458: Epoch 962
2025-11-23 17:54:07.790597: Current learning rate: 0.00053
2025-11-23 17:55:13.456105: train_loss -0.7849
2025-11-23 17:55:13.456367: val_loss -0.6838
2025-11-23 17:55:13.456466: Pseudo dice [np.float32(0.9172), np.float32(0.7679), np.float32(0.078)]
2025-11-23 17:55:13.456566: Epoch time: 65.67 s
2025-11-23 17:55:15.081380: 
2025-11-23 17:55:15.081663: Epoch 963
2025-11-23 17:55:15.081803: Current learning rate: 0.00051
2025-11-23 17:56:23.066909: train_loss -0.7804
2025-11-23 17:56:23.067139: val_loss -0.667
2025-11-23 17:56:23.073629: Pseudo dice [np.float32(0.9226), np.float32(0.7547), np.float32(0.0)]
2025-11-23 17:56:23.073770: Epoch time: 67.99 s
2025-11-23 17:56:24.475739: 
2025-11-23 17:56:24.475917: Epoch 964
2025-11-23 17:56:24.476039: Current learning rate: 0.0005
2025-11-23 17:57:27.685392: train_loss -0.7815
2025-11-23 17:57:27.685721: val_loss -0.6665
2025-11-23 17:57:27.685823: Pseudo dice [np.float32(0.918), np.float32(0.7631), np.float32(0.0)]
2025-11-23 17:57:27.685921: Epoch time: 63.21 s
2025-11-23 17:57:28.864555: 
2025-11-23 17:57:28.864730: Epoch 965
2025-11-23 17:57:28.864842: Current learning rate: 0.00049
2025-11-23 17:58:36.201673: train_loss -0.7772
2025-11-23 17:58:36.201975: val_loss -0.6821
2025-11-23 17:58:36.202081: Pseudo dice [np.float32(0.9088), np.float32(0.7682), np.float32(0.0)]
2025-11-23 17:58:36.202213: Epoch time: 67.34 s
2025-11-23 17:58:37.377229: 
2025-11-23 17:58:37.377451: Epoch 966
2025-11-23 17:58:37.377572: Current learning rate: 0.00048
2025-11-23 17:59:42.405986: train_loss -0.7975
2025-11-23 17:59:42.406317: val_loss -0.6938
2025-11-23 17:59:42.406431: Pseudo dice [np.float32(0.9148), np.float32(0.7635), np.float32(0.2308)]
2025-11-23 17:59:42.406532: Epoch time: 65.03 s
2025-11-23 17:59:43.559919: 
2025-11-23 17:59:43.560227: Epoch 967
2025-11-23 17:59:43.560345: Current learning rate: 0.00046
2025-11-23 18:00:49.867026: train_loss -0.7865
2025-11-23 18:00:49.872462: val_loss -0.6936
2025-11-23 18:00:49.872595: Pseudo dice [np.float32(0.918), np.float32(0.7525), np.float32(0.1091)]
2025-11-23 18:00:49.872689: Epoch time: 66.31 s
2025-11-23 18:00:52.277726: 
2025-11-23 18:00:52.277964: Epoch 968
2025-11-23 18:00:52.278092: Current learning rate: 0.00045
2025-11-23 18:01:58.801540: train_loss -0.7805
2025-11-23 18:01:58.801786: val_loss -0.6566
2025-11-23 18:01:58.801893: Pseudo dice [np.float32(0.9109), np.float32(0.7627), np.float32(0.0062)]
2025-11-23 18:01:58.802001: Epoch time: 66.52 s
2025-11-23 18:02:00.056915: 
2025-11-23 18:02:00.057087: Epoch 969
2025-11-23 18:02:00.057198: Current learning rate: 0.00044
2025-11-23 18:03:07.081430: train_loss -0.7918
2025-11-23 18:03:07.081681: val_loss -0.6572
2025-11-23 18:03:07.081786: Pseudo dice [np.float32(0.914), np.float32(0.7603), np.float32(0.0)]
2025-11-23 18:03:07.081886: Epoch time: 67.03 s
2025-11-23 18:03:08.732582: 
2025-11-23 18:03:08.732791: Epoch 970
2025-11-23 18:03:08.732911: Current learning rate: 0.00043
2025-11-23 18:04:18.671031: train_loss -0.7925
2025-11-23 18:04:18.671351: val_loss -0.6953
2025-11-23 18:04:18.671455: Pseudo dice [np.float32(0.9201), np.float32(0.766), np.float32(0.0)]
2025-11-23 18:04:18.671556: Epoch time: 69.94 s
2025-11-23 18:04:20.347897: 
2025-11-23 18:04:20.348097: Epoch 971
2025-11-23 18:04:20.348276: Current learning rate: 0.00041
2025-11-23 18:05:27.990257: train_loss -0.7984
2025-11-23 18:05:27.990530: val_loss -0.6965
2025-11-23 18:05:27.990634: Pseudo dice [np.float32(0.9127), np.float32(0.7656), np.float32(0.0)]
2025-11-23 18:05:27.990737: Epoch time: 67.64 s
2025-11-23 18:05:29.722034: 
2025-11-23 18:05:29.722203: Epoch 972
2025-11-23 18:05:29.722317: Current learning rate: 0.0004
2025-11-23 18:06:38.259335: train_loss -0.7926
2025-11-23 18:06:38.259611: val_loss -0.6923
2025-11-23 18:06:38.259719: Pseudo dice [np.float32(0.9098), np.float32(0.7587), np.float32(0.3043)]
2025-11-23 18:06:38.259818: Epoch time: 68.54 s
2025-11-23 18:06:39.714940: 
2025-11-23 18:06:39.715217: Epoch 973
2025-11-23 18:06:39.715374: Current learning rate: 0.00039
2025-11-23 18:07:51.220416: train_loss -0.7826
2025-11-23 18:07:51.222250: val_loss -0.6683
2025-11-23 18:07:51.222369: Pseudo dice [np.float32(0.9151), np.float32(0.761), np.float32(0.0)]
2025-11-23 18:07:51.222472: Epoch time: 71.51 s
2025-11-23 18:07:52.587133: 
2025-11-23 18:07:52.587310: Epoch 974
2025-11-23 18:07:52.587420: Current learning rate: 0.00037
2025-11-23 18:08:58.205662: train_loss -0.7868
2025-11-23 18:08:58.205933: val_loss -0.6615
2025-11-23 18:08:58.206051: Pseudo dice [np.float32(0.9219), np.float32(0.7568), np.float32(0.0)]
2025-11-23 18:08:58.206155: Epoch time: 65.62 s
2025-11-23 18:08:59.418537: 
2025-11-23 18:08:59.418801: Epoch 975
2025-11-23 18:08:59.418945: Current learning rate: 0.00036
2025-11-23 18:10:03.668328: train_loss -0.7986
2025-11-23 18:10:03.668572: val_loss -0.6797
2025-11-23 18:10:03.668680: Pseudo dice [np.float32(0.9173), np.float32(0.7673), np.float32(0.0)]
2025-11-23 18:10:03.668783: Epoch time: 64.25 s
2025-11-23 18:10:04.887362: 
2025-11-23 18:10:04.887535: Epoch 976
2025-11-23 18:10:04.887647: Current learning rate: 0.00035
2025-11-23 18:11:11.275988: train_loss -0.792
2025-11-23 18:11:11.276234: val_loss -0.6974
2025-11-23 18:11:11.276335: Pseudo dice [np.float32(0.9215), np.float32(0.768), np.float32(0.0)]
2025-11-23 18:11:11.278531: Epoch time: 66.39 s
2025-11-23 18:11:12.578446: 
2025-11-23 18:11:12.578625: Epoch 977
2025-11-23 18:11:12.578739: Current learning rate: 0.00034
2025-11-23 18:12:19.983300: train_loss -0.7879
2025-11-23 18:12:19.983556: val_loss -0.691
2025-11-23 18:12:19.983657: Pseudo dice [np.float32(0.9151), np.float32(0.7708), np.float32(0.0)]
2025-11-23 18:12:19.983756: Epoch time: 67.41 s
2025-11-23 18:12:21.182988: 
2025-11-23 18:12:21.183159: Epoch 978
2025-11-23 18:12:21.183269: Current learning rate: 0.00032
2025-11-23 18:13:31.874839: train_loss -0.7889
2025-11-23 18:13:31.875103: val_loss -0.6897
2025-11-23 18:13:31.875214: Pseudo dice [np.float32(0.9147), np.float32(0.7652), np.float32(0.246)]
2025-11-23 18:13:31.875315: Epoch time: 70.69 s
2025-11-23 18:13:33.023962: 
2025-11-23 18:13:33.024236: Epoch 979
2025-11-23 18:13:33.024394: Current learning rate: 0.00031
2025-11-23 18:14:42.416534: train_loss -0.7978
2025-11-23 18:14:42.416813: val_loss -0.6794
2025-11-23 18:14:42.416918: Pseudo dice [np.float32(0.9091), np.float32(0.7539), np.float32(0.1231)]
2025-11-23 18:14:42.417023: Epoch time: 69.39 s
2025-11-23 18:14:43.589399: 
2025-11-23 18:14:43.589645: Epoch 980
2025-11-23 18:14:43.589767: Current learning rate: 0.0003
2025-11-23 18:15:55.478102: train_loss -0.771
2025-11-23 18:15:55.482599: val_loss -0.7171
2025-11-23 18:15:55.482747: Pseudo dice [np.float32(0.9118), np.float32(0.7711), np.float32(0.061)]
2025-11-23 18:15:55.482844: Epoch time: 71.89 s
2025-11-23 18:15:57.061185: 
2025-11-23 18:15:57.061357: Epoch 981
2025-11-23 18:15:57.061471: Current learning rate: 0.00028
2025-11-23 18:17:04.390787: train_loss -0.784
2025-11-23 18:17:04.391024: val_loss -0.682
2025-11-23 18:17:04.391126: Pseudo dice [np.float32(0.9191), np.float32(0.7625), np.float32(0.0379)]
2025-11-23 18:17:04.391225: Epoch time: 67.33 s
2025-11-23 18:17:06.028895: 
2025-11-23 18:17:06.029162: Epoch 982
2025-11-23 18:17:06.029303: Current learning rate: 0.00027
2025-11-23 18:18:11.921366: train_loss -0.7857
2025-11-23 18:18:11.921629: val_loss -0.7084
2025-11-23 18:18:11.921731: Pseudo dice [np.float32(0.9055), np.float32(0.7641), np.float32(0.1833)]
2025-11-23 18:18:11.921831: Epoch time: 65.89 s
2025-11-23 18:18:13.101232: 
2025-11-23 18:18:13.101394: Epoch 983
2025-11-23 18:18:13.101509: Current learning rate: 0.00026
2025-11-23 18:19:20.601507: train_loss -0.7769
2025-11-23 18:19:20.604832: val_loss -0.6804
2025-11-23 18:19:20.604966: Pseudo dice [np.float32(0.9068), np.float32(0.7644), np.float32(0.1456)]
2025-11-23 18:19:20.605084: Epoch time: 67.5 s
2025-11-23 18:19:22.129412: 
2025-11-23 18:19:22.129584: Epoch 984
2025-11-23 18:19:22.129697: Current learning rate: 0.00024
2025-11-23 18:20:28.994966: train_loss -0.7897
2025-11-23 18:20:28.995216: val_loss -0.6592
2025-11-23 18:20:28.995317: Pseudo dice [np.float32(0.9117), np.float32(0.7562), np.float32(0.0)]
2025-11-23 18:20:28.995416: Epoch time: 66.87 s
2025-11-23 18:20:30.185003: 
2025-11-23 18:20:30.185269: Epoch 985
2025-11-23 18:20:30.185391: Current learning rate: 0.00023
2025-11-23 18:21:39.077410: train_loss -0.7905
2025-11-23 18:21:39.077750: val_loss -0.6761
2025-11-23 18:21:39.077856: Pseudo dice [np.float32(0.9132), np.float32(0.7625), np.float32(0.0)]
2025-11-23 18:21:39.081857: Epoch time: 68.89 s
2025-11-23 18:21:41.353059: 
2025-11-23 18:21:41.353282: Epoch 986
2025-11-23 18:21:41.353396: Current learning rate: 0.00021
2025-11-23 18:22:49.784641: train_loss -0.8008
2025-11-23 18:22:49.785012: val_loss -0.6917
2025-11-23 18:22:49.785131: Pseudo dice [np.float32(0.9169), np.float32(0.7656), np.float32(0.0932)]
2025-11-23 18:22:49.785232: Epoch time: 68.43 s
2025-11-23 18:22:51.231329: 
2025-11-23 18:22:51.231519: Epoch 987
2025-11-23 18:22:51.231628: Current learning rate: 0.0002
2025-11-23 18:24:01.275361: train_loss -0.7857
2025-11-23 18:24:01.275601: val_loss -0.689
2025-11-23 18:24:01.275708: Pseudo dice [np.float32(0.9119), np.float32(0.7615), np.float32(0.0494)]
2025-11-23 18:24:01.275808: Epoch time: 70.04 s
2025-11-23 18:24:02.424812: 
2025-11-23 18:24:02.424989: Epoch 988
2025-11-23 18:24:02.425097: Current learning rate: 0.00019
2025-11-23 18:25:10.870390: train_loss -0.7869
2025-11-23 18:25:10.870691: val_loss -0.6974
2025-11-23 18:25:10.870794: Pseudo dice [np.float32(0.9063), np.float32(0.7546), np.float32(0.1158)]
2025-11-23 18:25:10.870892: Epoch time: 68.45 s
2025-11-23 18:25:12.158252: 
2025-11-23 18:25:12.158469: Epoch 989
2025-11-23 18:25:12.158586: Current learning rate: 0.00017
2025-11-23 18:26:21.175071: train_loss -0.7925
2025-11-23 18:26:21.175309: val_loss -0.6736
2025-11-23 18:26:21.175413: Pseudo dice [np.float32(0.9144), np.float32(0.7624), np.float32(0.0)]
2025-11-23 18:26:21.175512: Epoch time: 69.02 s
2025-11-23 18:26:22.702461: 
2025-11-23 18:26:22.702669: Epoch 990
2025-11-23 18:26:22.702856: Current learning rate: 0.00016
2025-11-23 18:27:29.518356: train_loss -0.7943
2025-11-23 18:27:29.518700: val_loss -0.6978
2025-11-23 18:27:29.518806: Pseudo dice [np.float32(0.9154), np.float32(0.7613), np.float32(0.1197)]
2025-11-23 18:27:29.518906: Epoch time: 66.82 s
2025-11-23 18:27:30.945558: 
2025-11-23 18:27:30.945736: Epoch 991
2025-11-23 18:27:30.945844: Current learning rate: 0.00014
2025-11-23 18:28:39.762190: train_loss -0.7954
2025-11-23 18:28:39.762864: val_loss -0.688
2025-11-23 18:28:39.762988: Pseudo dice [np.float32(0.9214), np.float32(0.7654), np.float32(0.0359)]
2025-11-23 18:28:39.763094: Epoch time: 68.82 s
2025-11-23 18:28:41.434704: 
2025-11-23 18:28:41.434983: Epoch 992
2025-11-23 18:28:41.435100: Current learning rate: 0.00013
2025-11-23 18:29:48.514670: train_loss -0.7859
2025-11-23 18:29:48.515021: val_loss -0.7045
2025-11-23 18:29:48.515130: Pseudo dice [np.float32(0.9041), np.float32(0.7615), np.float32(0.0159)]
2025-11-23 18:29:48.515232: Epoch time: 67.08 s
2025-11-23 18:29:50.017075: 
2025-11-23 18:29:50.017276: Epoch 993
2025-11-23 18:29:50.017394: Current learning rate: 0.00011
2025-11-23 18:30:58.165004: train_loss -0.7926
2025-11-23 18:30:58.165261: val_loss -0.686
2025-11-23 18:30:58.165362: Pseudo dice [np.float32(0.913), np.float32(0.7618), np.float32(0.2423)]
2025-11-23 18:30:58.165460: Epoch time: 68.15 s
2025-11-23 18:30:59.316728: 
2025-11-23 18:30:59.316903: Epoch 994
2025-11-23 18:30:59.317021: Current learning rate: 0.0001
2025-11-23 18:32:07.708111: train_loss -0.7958
2025-11-23 18:32:07.708475: val_loss -0.6752
2025-11-23 18:32:07.708583: Pseudo dice [np.float32(0.9199), np.float32(0.7705), np.float32(0.2654)]
2025-11-23 18:32:07.708685: Epoch time: 68.39 s
2025-11-23 18:32:09.554382: 
2025-11-23 18:32:09.554551: Epoch 995
2025-11-23 18:32:09.554663: Current learning rate: 8e-05
2025-11-23 18:33:16.111016: train_loss -0.7905
2025-11-23 18:33:16.126549: val_loss -0.6537
2025-11-23 18:33:16.126653: Pseudo dice [np.float32(0.9154), np.float32(0.7663), np.float32(0.2576)]
2025-11-23 18:33:16.126747: Epoch time: 66.56 s
2025-11-23 18:33:18.030638: 
2025-11-23 18:33:18.030879: Epoch 996
2025-11-23 18:33:18.031002: Current learning rate: 7e-05
2025-11-23 18:34:23.899682: train_loss -0.7893
2025-11-23 18:34:23.899895: val_loss -0.6841
2025-11-23 18:34:23.900005: Pseudo dice [np.float32(0.912), np.float32(0.7691), np.float32(0.2662)]
2025-11-23 18:34:23.900107: Epoch time: 65.87 s
2025-11-23 18:34:26.145210: 
2025-11-23 18:34:26.145390: Epoch 997
2025-11-23 18:34:26.145506: Current learning rate: 5e-05
2025-11-23 18:35:34.620085: train_loss -0.7825
2025-11-23 18:35:34.620322: val_loss -0.6999
2025-11-23 18:35:34.620422: Pseudo dice [np.float32(0.9126), np.float32(0.7693), np.float32(0.0)]
2025-11-23 18:35:34.620522: Epoch time: 68.48 s
2025-11-23 18:35:35.914871: 
2025-11-23 18:35:35.915104: Epoch 998
2025-11-23 18:35:35.915245: Current learning rate: 4e-05
2025-11-23 18:36:39.578770: train_loss -0.7939
2025-11-23 18:36:39.578985: val_loss -0.672
2025-11-23 18:36:39.579091: Pseudo dice [np.float32(0.9224), np.float32(0.7671), np.float32(0.121)]
2025-11-23 18:36:39.579201: Epoch time: 63.66 s
2025-11-23 18:36:40.734081: 
2025-11-23 18:36:40.734299: Epoch 999
2025-11-23 18:36:40.734416: Current learning rate: 2e-05
2025-11-23 18:37:51.113072: train_loss -0.7959
2025-11-23 18:37:51.113398: val_loss -0.6928
2025-11-23 18:37:51.113505: Pseudo dice [np.float32(0.911), np.float32(0.7631), np.float32(0.3552)]
2025-11-23 18:37:51.113608: Epoch time: 70.38 s
2025-11-23 18:37:52.730248: Training done.
2025-11-23 18:37:52.925803: Using splits from existing split file: /work/u4526725/Dataset/nnUNet/nnUNet_preprocessed/Dataset306_aicup2025/splits_final.json
2025-11-23 18:37:52.959177: The split file contains 5 splits.
2025-11-23 18:37:52.959285: Desired fold for training: 4
2025-11-23 18:37:52.959344: This split has 40 training and 10 validation cases.
2025-11-23 18:37:52.959479: predicting patient0002
2025-11-23 18:37:53.849349: patient0002, shape torch.Size([1, 313, 558, 558]), rank 0
2025-11-23 18:39:00.991098: predicting patient0030
2025-11-23 18:39:01.642518: patient0030, shape torch.Size([1, 319, 535, 535]), rank 0
2025-11-23 18:39:56.551231: predicting patient0035
2025-11-23 18:39:57.119437: patient0035, shape torch.Size([1, 322, 540, 540]), rank 0
2025-11-23 18:40:51.917495: predicting patient0037
2025-11-23 18:40:52.312243: patient0037, shape torch.Size([1, 302, 400, 400]), rank 0
2025-11-23 18:41:16.802191: predicting patient0038
2025-11-23 18:41:17.367381: patient0038, shape torch.Size([1, 316, 540, 540]), rank 0
2025-11-23 18:42:12.154259: predicting patient0042
2025-11-23 18:42:12.796787: patient0042, shape torch.Size([1, 311, 540, 540]), rank 0
2025-11-23 18:43:07.623323: predicting patient0047
2025-11-23 18:43:08.495718: patient0047, shape torch.Size([1, 344, 601, 601]), rank 0
2025-11-23 18:44:35.419735: predicting patient0048
2025-11-23 18:44:36.051879: patient0048, shape torch.Size([1, 302, 558, 558]), rank 0
2025-11-23 18:45:30.938236: predicting patient0049
2025-11-23 18:45:31.548882: patient0049, shape torch.Size([1, 301, 497, 497]), rank 0
2025-11-23 18:46:26.306633: predicting patient0050
2025-11-23 18:46:27.099947: patient0050, shape torch.Size([1, 314, 540, 540]), rank 0
2025-11-23 18:48:06.594444: Validation complete
2025-11-23 18:48:06.594563: Mean Validation Dice:  0.5627828532071938
