+----------------------------------------------------+
| loading miniforge with conda 24.7.1 and python 3.9 |
+----------------------------------------------------+

Fri Nov 14 01:18:12 CST 2025
/work/u4526725/ntuh/nnUNet
/work/u4526725/Dataset/nnUNet/nnUNet_raw
/work/u4526725/Dataset/nnUNet/nnUNet_preprocessed
/work/u4526725/Dataset/nnUNet/nnUNet_results
/work/u4526725/Dataset/nnUNet/nnUNet_predictions
/home/u4526725/.conda/envs/nnUNet/bin:/work/HPC_SYS/twnia2/pkg-rocky8/tools/miniforge/Miniforge-pypy3-24.7.1-2/condabin:/opt/conda/bin:/opt/conda/bin:/usr/local/bin:/usr/bin:/usr/local/sbin:/usr/sbin:/home/u4526725/.local/bin:/home/u4526725/bin:/home/u4526725/.local/bin:/home/u4526725/bin:/home/u4526725/.local/bin

############################
INFO: You are using the old nnU-Net default plans. We have updated our recommendations. Please consider using those instead! Read more here: https://github.com/MIC-DKFZ/nnUNet/blob/master/documentation/resenc_presets.md
############################

Using device: cuda:0

#######################################################################
Please cite the following paper when using nnU-Net:
Isensee, F., Jaeger, P. F., Kohl, S. A., Petersen, J., & Maier-Hein, K. H. (2021). nnU-Net: a self-configuring method for deep learning-based biomedical image segmentation. Nature methods, 18(2), 203-211.
#######################################################################

2025-11-14 01:18:25.216116: Using torch.compile...
2025-11-14 01:18:26.994765: do_dummy_2d_data_aug: False
2025-11-14 01:18:26.995208: Using splits from existing split file: /work/u4526725/Dataset/nnUNet/nnUNet_preprocessed/Dataset306_aicup2025/splits_final.json
2025-11-14 01:18:26.995418: The split file contains 5 splits.
2025-11-14 01:18:26.995504: Desired fold for training: 4
2025-11-14 01:18:26.995583: This split has 40 training and 10 validation cases.
/home/u4526725/.local/lib/python3.12/site-packages/fft_conv_pytorch/fft_conv.py:139: UserWarning: Using a non-tuple sequence for multidimensional indexing is deprecated and will be changed in pytorch 2.9; use x[tuple(seq)] instead of x[seq]. In pytorch 2.9 this will be interpreted as tensor index, x[torch.tensor(seq)], which will result either in an error or a different result (Triggered internally at /pytorch/torch/csrc/autograd/python_variable_indexing.cpp:345.)
  output = output[crop_slices].contiguous()
/home/u4526725/.local/lib/python3.12/site-packages/fft_conv_pytorch/fft_conv.py:139: UserWarning: Using a non-tuple sequence for multidimensional indexing is deprecated and will be changed in pytorch 2.9; use x[tuple(seq)] instead of x[seq]. In pytorch 2.9 this will be interpreted as tensor index, x[torch.tensor(seq)], which will result either in an error or a different result (Triggered internally at /pytorch/torch/csrc/autograd/python_variable_indexing.cpp:345.)
  output = output[crop_slices].contiguous()
/home/u4526725/.local/lib/python3.12/site-packages/fft_conv_pytorch/fft_conv.py:139: UserWarning: Using a non-tuple sequence for multidimensional indexing is deprecated and will be changed in pytorch 2.9; use x[tuple(seq)] instead of x[seq]. In pytorch 2.9 this will be interpreted as tensor index, x[torch.tensor(seq)], which will result either in an error or a different result (Triggered internally at /pytorch/torch/csrc/autograd/python_variable_indexing.cpp:345.)
  output = output[crop_slices].contiguous()
/home/u4526725/.local/lib/python3.12/site-packages/fft_conv_pytorch/fft_conv.py:139: UserWarning: Using a non-tuple sequence for multidimensional indexing is deprecated and will be changed in pytorch 2.9; use x[tuple(seq)] instead of x[seq]. In pytorch 2.9 this will be interpreted as tensor index, x[torch.tensor(seq)], which will result either in an error or a different result (Triggered internally at /pytorch/torch/csrc/autograd/python_variable_indexing.cpp:345.)
  output = output[crop_slices].contiguous()
/home/u4526725/.local/lib/python3.12/site-packages/fft_conv_pytorch/fft_conv.py:139: UserWarning: Using a non-tuple sequence for multidimensional indexing is deprecated and will be changed in pytorch 2.9; use x[tuple(seq)] instead of x[seq]. In pytorch 2.9 this will be interpreted as tensor index, x[torch.tensor(seq)], which will result either in an error or a different result (Triggered internally at /pytorch/torch/csrc/autograd/python_variable_indexing.cpp:345.)
  output = output[crop_slices].contiguous()
/home/u4526725/.local/lib/python3.12/site-packages/fft_conv_pytorch/fft_conv.py:139: UserWarning: Using a non-tuple sequence for multidimensional indexing is deprecated and will be changed in pytorch 2.9; use x[tuple(seq)] instead of x[seq]. In pytorch 2.9 this will be interpreted as tensor index, x[torch.tensor(seq)], which will result either in an error or a different result (Triggered internally at /pytorch/torch/csrc/autograd/python_variable_indexing.cpp:345.)
  output = output[crop_slices].contiguous()
/home/u4526725/.local/lib/python3.12/site-packages/fft_conv_pytorch/fft_conv.py:139: UserWarning: Using a non-tuple sequence for multidimensional indexing is deprecated and will be changed in pytorch 2.9; use x[tuple(seq)] instead of x[seq]. In pytorch 2.9 this will be interpreted as tensor index, x[torch.tensor(seq)], which will result either in an error or a different result (Triggered internally at /pytorch/torch/csrc/autograd/python_variable_indexing.cpp:345.)
  output = output[crop_slices].contiguous()
/home/u4526725/.local/lib/python3.12/site-packages/fft_conv_pytorch/fft_conv.py:139: UserWarning: Using a non-tuple sequence for multidimensional indexing is deprecated and will be changed in pytorch 2.9; use x[tuple(seq)] instead of x[seq]. In pytorch 2.9 this will be interpreted as tensor index, x[torch.tensor(seq)], which will result either in an error or a different result (Triggered internally at /pytorch/torch/csrc/autograd/python_variable_indexing.cpp:345.)
  output = output[crop_slices].contiguous()
/home/u4526725/.local/lib/python3.12/site-packages/fft_conv_pytorch/fft_conv.py:139: UserWarning: Using a non-tuple sequence for multidimensional indexing is deprecated and will be changed in pytorch 2.9; use x[tuple(seq)] instead of x[seq]. In pytorch 2.9 this will be interpreted as tensor index, x[torch.tensor(seq)], which will result either in an error or a different result (Triggered internally at /pytorch/torch/csrc/autograd/python_variable_indexing.cpp:345.)
  output = output[crop_slices].contiguous()
/home/u4526725/.local/lib/python3.12/site-packages/fft_conv_pytorch/fft_conv.py:139: UserWarning: Using a non-tuple sequence for multidimensional indexing is deprecated and will be changed in pytorch 2.9; use x[tuple(seq)] instead of x[seq]. In pytorch 2.9 this will be interpreted as tensor index, x[torch.tensor(seq)], which will result either in an error or a different result (Triggered internally at /pytorch/torch/csrc/autograd/python_variable_indexing.cpp:345.)
  output = output[crop_slices].contiguous()
using pin_memory on device 0
/home/u4526725/.local/lib/python3.12/site-packages/fft_conv_pytorch/fft_conv.py:139: UserWarning: Using a non-tuple sequence for multidimensional indexing is deprecated and will be changed in pytorch 2.9; use x[tuple(seq)] instead of x[seq]. In pytorch 2.9 this will be interpreted as tensor index, x[torch.tensor(seq)], which will result either in an error or a different result (Triggered internally at /pytorch/torch/csrc/autograd/python_variable_indexing.cpp:345.)
  output = output[crop_slices].contiguous()
/home/u4526725/.local/lib/python3.12/site-packages/fft_conv_pytorch/fft_conv.py:139: UserWarning: Using a non-tuple sequence for multidimensional indexing is deprecated and will be changed in pytorch 2.9; use x[tuple(seq)] instead of x[seq]. In pytorch 2.9 this will be interpreted as tensor index, x[torch.tensor(seq)], which will result either in an error or a different result (Triggered internally at /pytorch/torch/csrc/autograd/python_variable_indexing.cpp:345.)
  output = output[crop_slices].contiguous()
/home/u4526725/.local/lib/python3.12/site-packages/torch/_inductor/lowering.py:7242: UserWarning: 
Online softmax is disabled on the fly since Inductor decides to
split the reduction. Cut an issue to PyTorch if this is an
important use case and you want to speed it up with online
softmax.

  warnings.warn(
/home/u4526725/.local/lib/python3.12/site-packages/torch/_inductor/lowering.py:7242: UserWarning: 
Online softmax is disabled on the fly since Inductor decides to
split the reduction. Cut an issue to PyTorch if this is an
important use case and you want to speed it up with online
softmax.

  warnings.warn(
/home/u4526725/.local/lib/python3.12/site-packages/torch/_inductor/lowering.py:7242: UserWarning: 
Online softmax is disabled on the fly since Inductor decides to
split the reduction. Cut an issue to PyTorch if this is an
important use case and you want to speed it up with online
softmax.

  warnings.warn(
/home/u4526725/.local/lib/python3.12/site-packages/torch/_inductor/lowering.py:7242: UserWarning: 
Online softmax is disabled on the fly since Inductor decides to
split the reduction. Cut an issue to PyTorch if this is an
important use case and you want to speed it up with online
softmax.

  warnings.warn(
using pin_memory on device 0

This is the configuration used by this training:
Configuration name: 3d_cascade_fullres
 {'data_identifier': 'nnUNetPlans_3d_fullres', 'preprocessor_name': 'DefaultPreprocessor', 'batch_size': 2, 'patch_size': [96, 160, 160], 'median_image_size_in_voxels': [302.5, 512.0, 512.0], 'spacing': [0.5, 0.39453125, 0.39453125], 'normalization_schemes': ['CTNormalization'], 'use_mask_for_norm': [False], 'resampling_fn_data': 'resample_data_or_seg_to_shape', 'resampling_fn_seg': 'resample_data_or_seg_to_shape', 'resampling_fn_data_kwargs': {'is_seg': False, 'order': 3, 'order_z': 0, 'force_separate_z': None}, 'resampling_fn_seg_kwargs': {'is_seg': True, 'order': 1, 'order_z': 0, 'force_separate_z': None}, 'resampling_fn_probabilities': 'resample_data_or_seg_to_shape', 'resampling_fn_probabilities_kwargs': {'is_seg': False, 'order': 1, 'order_z': 0, 'force_separate_z': None}, 'architecture': {'network_class_name': 'dynamic_network_architectures.architectures.unet.PlainConvUNet', 'arch_kwargs': {'n_stages': 6, 'features_per_stage': [32, 64, 128, 256, 320, 320], 'conv_op': 'torch.nn.modules.conv.Conv3d', 'kernel_sizes': [[3, 3, 3], [3, 3, 3], [3, 3, 3], [3, 3, 3], [3, 3, 3], [3, 3, 3]], 'strides': [[1, 1, 1], [2, 2, 2], [2, 2, 2], [2, 2, 2], [2, 2, 2], [1, 2, 2]], 'n_conv_per_stage': [2, 2, 2, 2, 2, 2], 'n_conv_per_stage_decoder': [2, 2, 2, 2, 2], 'conv_bias': True, 'norm_op': 'torch.nn.modules.instancenorm.InstanceNorm3d', 'norm_op_kwargs': {'eps': 1e-05, 'affine': True}, 'dropout_op': None, 'dropout_op_kwargs': None, 'nonlin': 'torch.nn.LeakyReLU', 'nonlin_kwargs': {'inplace': True}}, '_kw_requires_import': ['conv_op', 'norm_op', 'dropout_op', 'nonlin']}, 'batch_dice': True, 'inherits_from': '3d_fullres', 'previous_stage': '3d_lowres'} 

These are the global plan.json settings:
 {'dataset_name': 'Dataset306_aicup2025', 'plans_name': 'nnUNetPlans', 'original_median_spacing_after_transp': [0.5, 0.39453125, 0.39453125], 'original_median_shape_after_transp': [340, 512, 512], 'image_reader_writer': 'NibabelIOWithReorient', 'transpose_forward': [0, 1, 2], 'transpose_backward': [0, 1, 2], 'experiment_planner_used': 'ExperimentPlanner', 'label_manager': 'LabelManager', 'foreground_intensity_properties_per_channel': {'0': {'max': 1819.0, 'mean': 136.50274658203125, 'median': 115.0, 'min': -873.0, 'percentile_00_5': -30.0, 'percentile_99_5': 478.0, 'std': 91.3067398071289}}} 

2025-11-14 01:18:41.106404: Unable to plot network architecture: nnUNet_compile is enabled!
2025-11-14 01:18:41.198751: 
2025-11-14 01:18:41.198909: Epoch 0
2025-11-14 01:18:41.199081: Current learning rate: 0.01
2025-11-14 01:23:53.730884: train_loss -0.0089
2025-11-14 01:23:53.735070: val_loss -0.2405
2025-11-14 01:23:53.735198: Pseudo dice [np.float32(0.9034), np.float32(0.0626), np.float32(0.0)]
2025-11-14 01:23:53.735328: Epoch time: 312.53 s
2025-11-14 01:23:53.735412: Yayy! New best EMA pseudo Dice: 0.32199999690055847
2025-11-14 01:23:54.980325: 
2025-11-14 01:23:54.984387: Epoch 1
2025-11-14 01:23:54.984520: Current learning rate: 0.00999
2025-11-14 01:28:06.863464: train_loss -0.1723
2025-11-14 01:28:06.870436: val_loss -0.3443
2025-11-14 01:28:06.870646: Pseudo dice [np.float32(0.9059), np.float32(0.737), np.float32(0.0)]
2025-11-14 01:28:06.870751: Epoch time: 251.88 s
2025-11-14 01:28:06.870830: Yayy! New best EMA pseudo Dice: 0.34459999203681946
2025-11-14 01:28:08.198598: 
2025-11-14 01:28:08.198879: Epoch 2
2025-11-14 01:28:08.199008: Current learning rate: 0.00998
2025-11-14 01:32:20.438285: train_loss -0.2467
2025-11-14 01:32:20.438622: val_loss -0.359
2025-11-14 01:32:20.438734: Pseudo dice [np.float32(0.914), np.float32(0.7518), np.float32(0.0)]
2025-11-14 01:32:20.438838: Epoch time: 252.24 s
2025-11-14 01:32:20.438920: Yayy! New best EMA pseudo Dice: 0.36559998989105225
2025-11-14 01:32:21.862430: 
2025-11-14 01:32:21.862644: Epoch 3
2025-11-14 01:32:21.862767: Current learning rate: 0.00997
2025-11-14 01:36:33.857771: train_loss -0.2724
2025-11-14 01:36:33.859537: val_loss -0.3595
2025-11-14 01:36:33.859656: Pseudo dice [np.float32(0.9079), np.float32(0.7455), np.float32(0.0)]
2025-11-14 01:36:33.859758: Epoch time: 252.0 s
2025-11-14 01:36:33.859839: Yayy! New best EMA pseudo Dice: 0.38420000672340393
2025-11-14 01:36:35.157874: 
2025-11-14 01:36:35.158045: Epoch 4
2025-11-14 01:36:35.158195: Current learning rate: 0.00996
2025-11-14 01:40:47.104026: train_loss -0.2711
2025-11-14 01:40:47.105031: val_loss -0.3544
2025-11-14 01:40:47.105143: Pseudo dice [np.float32(0.9105), np.float32(0.7375), np.float32(0.0)]
2025-11-14 01:40:47.105246: Epoch time: 251.95 s
2025-11-14 01:40:47.105334: Yayy! New best EMA pseudo Dice: 0.40070000290870667
2025-11-14 01:40:48.405060: 
2025-11-14 01:40:48.405348: Epoch 5
2025-11-14 01:40:48.405486: Current learning rate: 0.00995
2025-11-14 01:45:00.174319: train_loss -0.2812
2025-11-14 01:45:00.174831: val_loss -0.3675
2025-11-14 01:45:00.174942: Pseudo dice [np.float32(0.9101), np.float32(0.7398), np.float32(0.0)]
2025-11-14 01:45:00.175099: Epoch time: 251.77 s
2025-11-14 01:45:00.175183: Yayy! New best EMA pseudo Dice: 0.4156000018119812
2025-11-14 01:45:01.526787: 
2025-11-14 01:45:01.526964: Epoch 6
2025-11-14 01:45:01.527116: Current learning rate: 0.00995
2025-11-14 01:49:13.049192: train_loss -0.3021
2025-11-14 01:49:13.049646: val_loss -0.4072
2025-11-14 01:49:13.049756: Pseudo dice [np.float32(0.9075), np.float32(0.7684), np.float32(0.0)]
2025-11-14 01:49:13.049858: Epoch time: 251.52 s
2025-11-14 01:49:13.049937: Yayy! New best EMA pseudo Dice: 0.42989999055862427
2025-11-14 01:49:15.010529: 
2025-11-14 01:49:15.010693: Epoch 7
2025-11-14 01:49:15.010810: Current learning rate: 0.00994
2025-11-14 01:53:27.064504: train_loss -0.3165
2025-11-14 01:53:27.064920: val_loss -0.3773
2025-11-14 01:53:27.065023: Pseudo dice [np.float32(0.919), np.float32(0.7444), np.float32(0.0)]
2025-11-14 01:53:27.065122: Epoch time: 252.05 s
2025-11-14 01:53:27.065200: Yayy! New best EMA pseudo Dice: 0.4424000084400177
2025-11-14 01:53:28.418760: 
2025-11-14 01:53:28.418928: Epoch 8
2025-11-14 01:53:28.419040: Current learning rate: 0.00993
2025-11-14 01:57:40.438342: train_loss -0.3171
2025-11-14 01:57:40.438782: val_loss -0.3912
2025-11-14 01:57:40.438921: Pseudo dice [np.float32(0.9107), np.float32(0.7467), np.float32(0.0)]
2025-11-14 01:57:40.439037: Epoch time: 252.02 s
2025-11-14 01:57:40.439153: Yayy! New best EMA pseudo Dice: 0.45339998602867126
2025-11-14 01:57:41.912541: 
2025-11-14 01:57:41.912771: Epoch 9
2025-11-14 01:57:41.912902: Current learning rate: 0.00992
2025-11-14 02:01:54.139478: train_loss -0.3339
2025-11-14 02:01:54.139924: val_loss -0.3932
2025-11-14 02:01:54.140029: Pseudo dice [np.float32(0.9056), np.float32(0.7619), np.float32(0.0)]
2025-11-14 02:01:54.140129: Epoch time: 252.23 s
2025-11-14 02:01:54.140208: Yayy! New best EMA pseudo Dice: 0.4636000096797943
2025-11-14 02:01:55.518211: 
2025-11-14 02:01:55.518400: Epoch 10
2025-11-14 02:01:55.518517: Current learning rate: 0.00991
2025-11-14 02:06:07.981868: train_loss -0.3255
2025-11-14 02:06:07.982296: val_loss -0.3874
2025-11-14 02:06:07.982402: Pseudo dice [np.float32(0.9074), np.float32(0.7292), np.float32(0.0)]
2025-11-14 02:06:07.982500: Epoch time: 252.46 s
2025-11-14 02:06:08.001133: Yayy! New best EMA pseudo Dice: 0.4717999994754791
2025-11-14 02:06:09.316569: 
2025-11-14 02:06:09.316869: Epoch 11
2025-11-14 02:06:09.317015: Current learning rate: 0.0099
2025-11-14 02:10:21.268342: train_loss -0.3225
2025-11-14 02:10:21.268793: val_loss -0.3909
2025-11-14 02:10:21.268901: Pseudo dice [np.float32(0.9243), np.float32(0.7295), np.float32(0.0)]
2025-11-14 02:10:21.269029: Epoch time: 251.95 s
2025-11-14 02:10:21.269113: Yayy! New best EMA pseudo Dice: 0.4797999858856201
2025-11-14 02:10:22.681809: 
2025-11-14 02:10:22.682001: Epoch 12
2025-11-14 02:10:22.682144: Current learning rate: 0.00989
2025-11-14 02:14:34.679663: train_loss -0.3404
2025-11-14 02:14:34.680166: val_loss -0.4131
2025-11-14 02:14:34.680290: Pseudo dice [np.float32(0.9199), np.float32(0.7838), np.float32(0.0)]
2025-11-14 02:14:34.680422: Epoch time: 252.0 s
2025-11-14 02:14:34.680522: Yayy! New best EMA pseudo Dice: 0.4885999858379364
2025-11-14 02:14:36.062786: 
2025-11-14 02:14:36.062988: Epoch 13
2025-11-14 02:14:36.063126: Current learning rate: 0.00988
2025-11-14 02:18:48.136693: train_loss -0.3346
2025-11-14 02:18:48.137142: val_loss -0.4151
2025-11-14 02:18:48.137279: Pseudo dice [np.float32(0.9078), np.float32(0.771), np.float32(0.0)]
2025-11-14 02:18:48.137409: Epoch time: 252.07 s
2025-11-14 02:18:48.137492: Yayy! New best EMA pseudo Dice: 0.49570000171661377
2025-11-14 02:18:49.519100: 
2025-11-14 02:18:49.519313: Epoch 14
2025-11-14 02:18:49.519459: Current learning rate: 0.00987
2025-11-14 02:23:01.444561: train_loss -0.3583
2025-11-14 02:23:01.445189: val_loss -0.4091
2025-11-14 02:23:01.445309: Pseudo dice [np.float32(0.9021), np.float32(0.7504), np.float32(0.0)]
2025-11-14 02:23:01.445413: Epoch time: 251.93 s
2025-11-14 02:23:01.445492: Yayy! New best EMA pseudo Dice: 0.5012000203132629
2025-11-14 02:23:02.848074: 
2025-11-14 02:23:02.848468: Epoch 15
2025-11-14 02:23:02.848616: Current learning rate: 0.00986
2025-11-14 02:27:14.556753: train_loss -0.36
2025-11-14 02:27:14.557150: val_loss -0.4341
2025-11-14 02:27:14.557264: Pseudo dice [np.float32(0.9227), np.float32(0.7468), np.float32(0.0)]
2025-11-14 02:27:14.557375: Epoch time: 251.71 s
2025-11-14 02:27:14.557502: Yayy! New best EMA pseudo Dice: 0.5066999793052673
2025-11-14 02:27:15.861928: 
2025-11-14 02:27:15.862120: Epoch 16
2025-11-14 02:27:15.862238: Current learning rate: 0.00986
2025-11-14 02:31:27.807834: train_loss -0.3487
2025-11-14 02:31:27.808251: val_loss -0.4167
2025-11-14 02:31:27.808396: Pseudo dice [np.float32(0.9104), np.float32(0.7562), np.float32(0.0)]
2025-11-14 02:31:27.808504: Epoch time: 251.95 s
2025-11-14 02:31:27.808591: Yayy! New best EMA pseudo Dice: 0.5116000175476074
2025-11-14 02:31:29.228476: 
2025-11-14 02:31:29.485915: Epoch 17
2025-11-14 02:31:29.486246: Current learning rate: 0.00985
2025-11-14 02:35:41.675065: train_loss -0.3408
2025-11-14 02:35:41.675568: val_loss -0.4016
2025-11-14 02:35:41.675672: Pseudo dice [np.float32(0.9061), np.float32(0.7593), np.float32(0.0)]
2025-11-14 02:35:41.675771: Epoch time: 252.45 s
2025-11-14 02:35:41.675851: Yayy! New best EMA pseudo Dice: 0.515999972820282
2025-11-14 02:35:43.098627: 
2025-11-14 02:35:43.098835: Epoch 18
2025-11-14 02:35:43.098967: Current learning rate: 0.00984
2025-11-14 02:39:55.299336: train_loss -0.3708
2025-11-14 02:39:55.299751: val_loss -0.4251
2025-11-14 02:39:55.299853: Pseudo dice [np.float32(0.9079), np.float32(0.7741), np.float32(0.0)]
2025-11-14 02:39:55.299950: Epoch time: 252.2 s
2025-11-14 02:39:55.300027: Yayy! New best EMA pseudo Dice: 0.5203999876976013
2025-11-14 02:39:56.684819: 
2025-11-14 02:39:56.685051: Epoch 19
2025-11-14 02:39:56.685166: Current learning rate: 0.00983
2025-11-14 02:44:08.543951: train_loss -0.3639
2025-11-14 02:44:08.544370: val_loss -0.4144
2025-11-14 02:44:08.544477: Pseudo dice [np.float32(0.9162), np.float32(0.7688), np.float32(0.0)]
2025-11-14 02:44:08.544576: Epoch time: 251.86 s
2025-11-14 02:44:08.568174: Yayy! New best EMA pseudo Dice: 0.5246000289916992
2025-11-14 02:44:09.931036: 
2025-11-14 02:44:09.931284: Epoch 20
2025-11-14 02:44:09.931426: Current learning rate: 0.00982
2025-11-14 02:48:21.526698: train_loss -0.3795
2025-11-14 02:48:21.527120: val_loss -0.4439
2025-11-14 02:48:21.527225: Pseudo dice [np.float32(0.9043), np.float32(0.7621), np.float32(0.0)]
2025-11-14 02:48:21.527366: Epoch time: 251.6 s
2025-11-14 02:48:21.527456: Yayy! New best EMA pseudo Dice: 0.5275999903678894
2025-11-14 02:48:22.967643: 
2025-11-14 02:48:22.967888: Epoch 21
2025-11-14 02:48:22.968033: Current learning rate: 0.00981
2025-11-14 02:52:35.099236: train_loss -0.3629
2025-11-14 02:52:35.099700: val_loss -0.4268
2025-11-14 02:52:35.099843: Pseudo dice [np.float32(0.8962), np.float32(0.7647), np.float32(0.0)]
2025-11-14 02:52:35.099951: Epoch time: 252.13 s
2025-11-14 02:52:35.100041: Yayy! New best EMA pseudo Dice: 0.5302000045776367
2025-11-14 02:52:36.490965: 
2025-11-14 02:52:36.491286: Epoch 22
2025-11-14 02:52:36.491415: Current learning rate: 0.0098
2025-11-14 02:56:48.364488: train_loss -0.3709
2025-11-14 02:56:48.364909: val_loss -0.4282
2025-11-14 02:56:48.365037: Pseudo dice [np.float32(0.9011), np.float32(0.7717), np.float32(0.0)]
2025-11-14 02:56:48.365136: Epoch time: 251.87 s
2025-11-14 02:56:48.365213: Yayy! New best EMA pseudo Dice: 0.5329999923706055
2025-11-14 02:56:50.399178: 
2025-11-14 02:56:50.399356: Epoch 23
2025-11-14 02:56:50.399471: Current learning rate: 0.00979
2025-11-14 03:01:02.409490: train_loss -0.3706
2025-11-14 03:01:02.409935: val_loss -0.408
2025-11-14 03:01:02.410047: Pseudo dice [np.float32(0.9146), np.float32(0.7537), np.float32(0.0)]
2025-11-14 03:01:02.410177: Epoch time: 252.01 s
2025-11-14 03:01:02.410265: Yayy! New best EMA pseudo Dice: 0.5353000164031982
2025-11-14 03:01:03.795184: 
2025-11-14 03:01:03.795451: Epoch 24
2025-11-14 03:01:03.795568: Current learning rate: 0.00978
2025-11-14 03:05:15.950873: train_loss -0.3826
2025-11-14 03:05:15.951354: val_loss -0.4258
2025-11-14 03:05:15.951463: Pseudo dice [np.float32(0.9152), np.float32(0.7615), np.float32(0.0)]
2025-11-14 03:05:15.951562: Epoch time: 252.16 s
2025-11-14 03:05:15.951641: Yayy! New best EMA pseudo Dice: 0.5376999974250793
2025-11-14 03:05:17.295560: 
2025-11-14 03:05:17.295752: Epoch 25
2025-11-14 03:05:17.295869: Current learning rate: 0.00977
2025-11-14 03:09:28.944483: train_loss -0.3869
2025-11-14 03:09:28.944980: val_loss -0.4426
2025-11-14 03:09:28.945094: Pseudo dice [np.float32(0.9025), np.float32(0.7602), np.float32(0.0)]
2025-11-14 03:09:28.945205: Epoch time: 251.65 s
2025-11-14 03:09:28.945360: Yayy! New best EMA pseudo Dice: 0.5393000245094299
2025-11-14 03:09:30.204613: 
2025-11-14 03:09:30.204787: Epoch 26
2025-11-14 03:09:30.204904: Current learning rate: 0.00977
2025-11-14 03:13:42.122998: train_loss -0.3871
2025-11-14 03:13:42.123418: val_loss -0.4115
2025-11-14 03:13:42.123546: Pseudo dice [np.float32(0.9163), np.float32(0.7475), np.float32(0.0)]
2025-11-14 03:13:42.123653: Epoch time: 251.92 s
2025-11-14 03:13:42.123734: Yayy! New best EMA pseudo Dice: 0.5407999753952026
2025-11-14 03:13:43.486742: 
2025-11-14 03:13:43.487011: Epoch 27
2025-11-14 03:13:43.487136: Current learning rate: 0.00976
2025-11-14 03:17:55.495727: train_loss -0.3888
2025-11-14 03:17:55.496144: val_loss -0.4098
2025-11-14 03:17:55.496289: Pseudo dice [np.float32(0.9117), np.float32(0.7448), np.float32(0.0)]
2025-11-14 03:17:55.496417: Epoch time: 252.01 s
2025-11-14 03:17:55.496507: Yayy! New best EMA pseudo Dice: 0.5419999957084656
2025-11-14 03:17:56.881048: 
2025-11-14 03:17:56.881313: Epoch 28
2025-11-14 03:17:56.881469: Current learning rate: 0.00975
2025-11-14 03:22:08.780833: train_loss -0.3785
2025-11-14 03:22:08.781283: val_loss -0.4084
2025-11-14 03:22:08.781392: Pseudo dice [np.float32(0.9204), np.float32(0.7352), np.float32(0.0)]
2025-11-14 03:22:08.781493: Epoch time: 251.9 s
2025-11-14 03:22:08.781572: Yayy! New best EMA pseudo Dice: 0.5429999828338623
2025-11-14 03:22:10.303831: 
2025-11-14 03:22:10.304039: Epoch 29
2025-11-14 03:22:10.304217: Current learning rate: 0.00974
2025-11-14 03:26:22.348805: train_loss -0.3785
2025-11-14 03:26:22.349344: val_loss -0.4229
2025-11-14 03:26:22.349483: Pseudo dice [np.float32(0.9175), np.float32(0.766), np.float32(0.0)]
2025-11-14 03:26:22.349619: Epoch time: 252.05 s
2025-11-14 03:26:22.349732: Yayy! New best EMA pseudo Dice: 0.5447999835014343
2025-11-14 03:26:23.641049: 
2025-11-14 03:26:23.641358: Epoch 30
2025-11-14 03:26:23.641513: Current learning rate: 0.00973
2025-11-14 03:30:35.858733: train_loss -0.3846
2025-11-14 03:30:35.859207: val_loss -0.4226
2025-11-14 03:30:35.859327: Pseudo dice [np.float32(0.9114), np.float32(0.7656), np.float32(0.0)]
2025-11-14 03:30:35.859429: Epoch time: 252.22 s
2025-11-14 03:30:35.859510: Yayy! New best EMA pseudo Dice: 0.5461999773979187
2025-11-14 03:30:37.249779: 
2025-11-14 03:30:37.249967: Epoch 31
2025-11-14 03:30:37.250086: Current learning rate: 0.00972
2025-11-14 03:34:49.360452: train_loss -0.3867
2025-11-14 03:34:49.360763: val_loss -0.4337
2025-11-14 03:34:49.360945: Pseudo dice [np.float32(0.919), np.float32(0.7696), np.float32(0.0)]
2025-11-14 03:34:49.361053: Epoch time: 252.11 s
2025-11-14 03:34:49.361133: Yayy! New best EMA pseudo Dice: 0.5479000210762024
2025-11-14 03:34:50.727008: 
2025-11-14 03:34:50.727297: Epoch 32
2025-11-14 03:34:50.727427: Current learning rate: 0.00971
2025-11-14 03:39:02.704459: train_loss -0.3794
2025-11-14 03:39:02.704757: val_loss -0.426
2025-11-14 03:39:02.704864: Pseudo dice [np.float32(0.9172), np.float32(0.751), np.float32(0.0)]
2025-11-14 03:39:02.704966: Epoch time: 251.98 s
2025-11-14 03:39:02.705046: Yayy! New best EMA pseudo Dice: 0.5486999750137329
2025-11-14 03:39:04.057364: 
2025-11-14 03:39:04.057555: Epoch 33
2025-11-14 03:39:04.057675: Current learning rate: 0.0097
2025-11-14 03:43:16.073247: train_loss -0.3897
2025-11-14 03:43:16.073560: val_loss -0.4392
2025-11-14 03:43:16.073672: Pseudo dice [np.float32(0.9208), np.float32(0.7598), np.float32(0.0)]
2025-11-14 03:43:16.073798: Epoch time: 252.02 s
2025-11-14 03:43:16.073897: Yayy! New best EMA pseudo Dice: 0.5497999787330627
2025-11-14 03:43:17.485967: 
2025-11-14 03:43:17.486138: Epoch 34
2025-11-14 03:43:17.486251: Current learning rate: 0.00969
2025-11-14 03:47:29.280238: train_loss -0.3789
2025-11-14 03:47:29.280490: val_loss -0.4161
2025-11-14 03:47:29.280590: Pseudo dice [np.float32(0.9096), np.float32(0.7573), np.float32(0.0)]
2025-11-14 03:47:29.280688: Epoch time: 251.8 s
2025-11-14 03:47:29.280763: Yayy! New best EMA pseudo Dice: 0.5504000186920166
2025-11-14 03:47:30.649442: 
2025-11-14 03:47:30.649623: Epoch 35
2025-11-14 03:47:30.649739: Current learning rate: 0.00968
2025-11-14 03:51:42.889032: train_loss -0.3897
2025-11-14 03:51:42.889292: val_loss -0.4225
2025-11-14 03:51:42.889396: Pseudo dice [np.float32(0.913), np.float32(0.7723), np.float32(0.0)]
2025-11-14 03:51:42.889499: Epoch time: 252.24 s
2025-11-14 03:51:42.889579: Yayy! New best EMA pseudo Dice: 0.5515999794006348
2025-11-14 03:51:44.226320: 
2025-11-14 03:51:44.226532: Epoch 36
2025-11-14 03:51:44.226675: Current learning rate: 0.00968
2025-11-14 03:55:56.403213: train_loss -0.389
2025-11-14 03:55:56.403464: val_loss -0.4209
2025-11-14 03:55:56.403567: Pseudo dice [np.float32(0.9156), np.float32(0.7601), np.float32(0.0)]
2025-11-14 03:55:56.403717: Epoch time: 252.18 s
2025-11-14 03:55:56.403807: Yayy! New best EMA pseudo Dice: 0.552299976348877
2025-11-14 03:55:57.786046: 
2025-11-14 03:55:57.786338: Epoch 37
2025-11-14 03:55:57.786492: Current learning rate: 0.00967
2025-11-14 04:00:09.955689: train_loss -0.3893
2025-11-14 04:00:09.955977: val_loss -0.417
2025-11-14 04:00:09.956172: Pseudo dice [np.float32(0.9166), np.float32(0.7748), np.float32(0.0)]
2025-11-14 04:00:09.956279: Epoch time: 252.17 s
2025-11-14 04:00:09.956361: Yayy! New best EMA pseudo Dice: 0.5533999800682068
2025-11-14 04:00:11.405349: 
2025-11-14 04:00:11.405543: Epoch 38
2025-11-14 04:00:11.405676: Current learning rate: 0.00966
2025-11-14 04:04:23.480356: train_loss -0.3881
2025-11-14 04:04:23.480599: val_loss -0.4017
2025-11-14 04:04:23.480706: Pseudo dice [np.float32(0.9117), np.float32(0.7592), np.float32(0.0)]
2025-11-14 04:04:23.480808: Epoch time: 252.08 s
2025-11-14 04:04:23.480887: Yayy! New best EMA pseudo Dice: 0.5537999868392944
2025-11-14 04:04:24.855087: 
2025-11-14 04:04:24.855359: Epoch 39
2025-11-14 04:04:24.855485: Current learning rate: 0.00965
2025-11-14 04:08:36.503402: train_loss -0.3867
2025-11-14 04:08:36.503640: val_loss -0.407
2025-11-14 04:08:36.503744: Pseudo dice [np.float32(0.9184), np.float32(0.7665), np.float32(0.0)]
2025-11-14 04:08:36.503844: Epoch time: 251.65 s
2025-11-14 04:08:36.503946: Yayy! New best EMA pseudo Dice: 0.5546000003814697
2025-11-14 04:08:38.511159: 
2025-11-14 04:08:38.511466: Epoch 40
2025-11-14 04:08:38.511587: Current learning rate: 0.00964
2025-11-14 04:12:50.662636: train_loss -0.3837
2025-11-14 04:12:50.662873: val_loss -0.4446
2025-11-14 04:12:50.662973: Pseudo dice [np.float32(0.9045), np.float32(0.7691), np.float32(0.0)]
2025-11-14 04:12:50.663074: Epoch time: 252.15 s
2025-11-14 04:12:50.663153: Yayy! New best EMA pseudo Dice: 0.5548999905586243
2025-11-14 04:12:51.957366: 
2025-11-14 04:12:51.957541: Epoch 41
2025-11-14 04:12:51.957654: Current learning rate: 0.00963
2025-11-14 04:17:04.105174: train_loss -0.3856
2025-11-14 04:17:04.105495: val_loss -0.408
2025-11-14 04:17:04.105603: Pseudo dice [np.float32(0.9168), np.float32(0.7701), np.float32(0.0)]
2025-11-14 04:17:04.105704: Epoch time: 252.15 s
2025-11-14 04:17:04.105784: Yayy! New best EMA pseudo Dice: 0.5555999875068665
2025-11-14 04:17:05.440660: 
2025-11-14 04:17:05.440837: Epoch 42
2025-11-14 04:17:05.440980: Current learning rate: 0.00962
2025-11-14 04:21:17.627200: train_loss -0.3796
2025-11-14 04:21:17.627450: val_loss -0.429
2025-11-14 04:21:17.627553: Pseudo dice [np.float32(0.9026), np.float32(0.7819), np.float32(0.0)]
2025-11-14 04:21:17.627652: Epoch time: 252.19 s
2025-11-14 04:21:17.627732: Yayy! New best EMA pseudo Dice: 0.5562000274658203
2025-11-14 04:21:18.971785: 
2025-11-14 04:21:18.971951: Epoch 43
2025-11-14 04:21:18.972066: Current learning rate: 0.00961
2025-11-14 04:25:31.094038: train_loss -0.3913
2025-11-14 04:25:31.094290: val_loss -0.4367
2025-11-14 04:25:31.094393: Pseudo dice [np.float32(0.9129), np.float32(0.7468), np.float32(0.0)]
2025-11-14 04:25:31.094496: Epoch time: 252.12 s
2025-11-14 04:25:32.165574: 
2025-11-14 04:25:32.165750: Epoch 44
2025-11-14 04:25:32.165863: Current learning rate: 0.0096
2025-11-14 04:29:44.061512: train_loss -0.381
2025-11-14 04:29:44.061763: val_loss -0.4362
2025-11-14 04:29:44.061885: Pseudo dice [np.float32(0.9187), np.float32(0.7647), np.float32(0.0)]
2025-11-14 04:29:44.061983: Epoch time: 251.9 s
2025-11-14 04:29:44.062062: Yayy! New best EMA pseudo Dice: 0.5564000010490417
2025-11-14 04:29:45.427869: 
2025-11-14 04:29:45.428085: Epoch 45
2025-11-14 04:29:45.428227: Current learning rate: 0.00959
2025-11-14 04:33:57.626444: train_loss -0.399
2025-11-14 04:33:57.626697: val_loss -0.4303
2025-11-14 04:33:57.626860: Pseudo dice [np.float32(0.9173), np.float32(0.7678), np.float32(0.0)]
2025-11-14 04:33:57.626995: Epoch time: 252.2 s
2025-11-14 04:33:57.627097: Yayy! New best EMA pseudo Dice: 0.5569999814033508
2025-11-14 04:33:59.017138: 
2025-11-14 04:33:59.017360: Epoch 46
2025-11-14 04:33:59.017470: Current learning rate: 0.00959
2025-11-14 04:38:11.185051: train_loss -0.4007
2025-11-14 04:38:11.185279: val_loss -0.4262
2025-11-14 04:38:11.185383: Pseudo dice [np.float32(0.9147), np.float32(0.7619), np.float32(0.0)]
2025-11-14 04:38:11.185482: Epoch time: 252.17 s
2025-11-14 04:38:11.185561: Yayy! New best EMA pseudo Dice: 0.557200014591217
2025-11-14 04:38:12.496580: 
2025-11-14 04:38:12.496834: Epoch 47
2025-11-14 04:38:12.496955: Current learning rate: 0.00958
2025-11-14 04:42:24.678322: train_loss -0.4099
2025-11-14 04:42:24.678580: val_loss -0.4336
2025-11-14 04:42:24.678685: Pseudo dice [np.float32(0.9167), np.float32(0.7676), np.float32(0.0)]
2025-11-14 04:42:24.678786: Epoch time: 252.18 s
2025-11-14 04:42:24.678864: Yayy! New best EMA pseudo Dice: 0.5576000213623047
2025-11-14 04:42:25.990797: 
2025-11-14 04:42:25.991005: Epoch 48
2025-11-14 04:42:25.991179: Current learning rate: 0.00957
2025-11-14 04:46:37.690927: train_loss -0.3994
2025-11-14 04:46:37.691173: val_loss -0.4272
2025-11-14 04:46:37.691281: Pseudo dice [np.float32(0.9192), np.float32(0.7657), np.float32(0.0)]
2025-11-14 04:46:37.691381: Epoch time: 251.7 s
2025-11-14 04:46:37.691462: Yayy! New best EMA pseudo Dice: 0.5580000281333923
2025-11-14 04:46:39.031770: 
2025-11-14 04:46:39.031958: Epoch 49
2025-11-14 04:46:39.032080: Current learning rate: 0.00956
2025-11-14 04:50:51.088101: train_loss -0.3971
2025-11-14 04:50:51.088382: val_loss -0.4366
2025-11-14 04:50:51.088486: Pseudo dice [np.float32(0.9071), np.float32(0.7685), np.float32(0.0)]
2025-11-14 04:50:51.088585: Epoch time: 252.06 s
2025-11-14 04:50:51.349560: Yayy! New best EMA pseudo Dice: 0.5580000281333923
2025-11-14 04:50:52.658867: 
2025-11-14 04:50:52.659084: Epoch 50
2025-11-14 04:50:52.659218: Current learning rate: 0.00955
2025-11-14 04:55:04.466148: train_loss -0.3964
2025-11-14 04:55:04.466403: val_loss -0.4207
2025-11-14 04:55:04.466503: Pseudo dice [np.float32(0.922), np.float32(0.7716), np.float32(0.0)]
2025-11-14 04:55:04.466603: Epoch time: 251.81 s
2025-11-14 04:55:04.466685: Yayy! New best EMA pseudo Dice: 0.5587000250816345
2025-11-14 04:55:05.831879: 
2025-11-14 04:55:05.832189: Epoch 51
2025-11-14 04:55:05.832325: Current learning rate: 0.00954
2025-11-14 04:59:17.865951: train_loss -0.3905
2025-11-14 04:59:17.866219: val_loss -0.413
2025-11-14 04:59:17.866350: Pseudo dice [np.float32(0.9215), np.float32(0.7645), np.float32(0.0)]
2025-11-14 04:59:17.866484: Epoch time: 252.04 s
2025-11-14 04:59:17.866572: Yayy! New best EMA pseudo Dice: 0.5590000152587891
2025-11-14 04:59:19.262069: 
2025-11-14 04:59:19.262261: Epoch 52
2025-11-14 04:59:19.262403: Current learning rate: 0.00953
2025-11-14 05:03:31.452904: train_loss -0.3934
2025-11-14 05:03:31.453146: val_loss -0.4483
2025-11-14 05:03:31.453244: Pseudo dice [np.float32(0.9095), np.float32(0.7773), np.float32(0.0)]
2025-11-14 05:03:31.453353: Epoch time: 252.19 s
2025-11-14 05:03:31.453431: Yayy! New best EMA pseudo Dice: 0.5593000054359436
2025-11-14 05:03:32.786188: 
2025-11-14 05:03:32.786445: Epoch 53
2025-11-14 05:03:32.786560: Current learning rate: 0.00952
2025-11-14 05:07:44.585907: train_loss -0.3937
2025-11-14 05:07:44.586156: val_loss -0.414
2025-11-14 05:07:44.586258: Pseudo dice [np.float32(0.9247), np.float32(0.7621), np.float32(0.0)]
2025-11-14 05:07:44.586365: Epoch time: 251.8 s
2025-11-14 05:07:44.586492: Yayy! New best EMA pseudo Dice: 0.5595999956130981
2025-11-14 05:07:45.923013: 
2025-11-14 05:07:45.923237: Epoch 54
2025-11-14 05:07:45.923362: Current learning rate: 0.00951
2025-11-14 05:11:57.763794: train_loss -0.3844
2025-11-14 05:11:57.764030: val_loss -0.3822
2025-11-14 05:11:57.764128: Pseudo dice [np.float32(0.9127), np.float32(0.7299), np.float32(0.0)]
2025-11-14 05:11:57.764229: Epoch time: 251.84 s
2025-11-14 05:11:58.791585: 
2025-11-14 05:11:58.791758: Epoch 55
2025-11-14 05:11:58.791874: Current learning rate: 0.0095
2025-11-14 05:16:10.602010: train_loss -0.3969
2025-11-14 05:16:10.602289: val_loss -0.423
2025-11-14 05:16:10.602398: Pseudo dice [np.float32(0.9125), np.float32(0.7561), np.float32(0.0)]
2025-11-14 05:16:10.602498: Epoch time: 251.81 s
2025-11-14 05:16:11.651988: 
2025-11-14 05:16:11.652174: Epoch 56
2025-11-14 05:16:11.652297: Current learning rate: 0.00949
2025-11-14 05:20:23.395304: train_loss -0.4003
2025-11-14 05:20:23.395543: val_loss -0.415
2025-11-14 05:20:23.395646: Pseudo dice [np.float32(0.9076), np.float32(0.7631), np.float32(0.0)]
2025-11-14 05:20:23.395746: Epoch time: 251.74 s
2025-11-14 05:20:25.003429: 
2025-11-14 05:20:25.003607: Epoch 57
2025-11-14 05:20:25.003746: Current learning rate: 0.00949
2025-11-14 05:24:37.159623: train_loss -0.3983
2025-11-14 05:24:37.159893: val_loss -0.4121
2025-11-14 05:24:37.160001: Pseudo dice [np.float32(0.9216), np.float32(0.7554), np.float32(0.0)]
2025-11-14 05:24:37.160102: Epoch time: 252.16 s
2025-11-14 05:24:38.205722: 
2025-11-14 05:24:38.205914: Epoch 58
2025-11-14 05:24:38.206029: Current learning rate: 0.00948
2025-11-14 05:28:50.436358: train_loss -0.4081
2025-11-14 05:28:50.436603: val_loss -0.444
2025-11-14 05:28:50.436704: Pseudo dice [np.float32(0.9225), np.float32(0.7528), np.float32(0.0)]
2025-11-14 05:28:50.436804: Epoch time: 252.23 s
2025-11-14 05:28:51.525451: 
2025-11-14 05:28:51.525697: Epoch 59
2025-11-14 05:28:51.525805: Current learning rate: 0.00947
2025-11-14 05:33:03.686198: train_loss -0.3988
2025-11-14 05:33:03.686474: val_loss -0.402
2025-11-14 05:33:03.686609: Pseudo dice [np.float32(0.9172), np.float32(0.769), np.float32(0.0)]
2025-11-14 05:33:03.686714: Epoch time: 252.16 s
2025-11-14 05:33:04.696466: 
2025-11-14 05:33:04.696709: Epoch 60
2025-11-14 05:33:04.696859: Current learning rate: 0.00946
2025-11-14 05:37:16.827077: train_loss -0.3953
2025-11-14 05:37:16.827362: val_loss -0.4265
2025-11-14 05:37:16.827466: Pseudo dice [np.float32(0.9128), np.float32(0.7728), np.float32(0.0)]
2025-11-14 05:37:16.827568: Epoch time: 252.13 s
2025-11-14 05:37:17.890532: 
2025-11-14 05:37:17.890792: Epoch 61
2025-11-14 05:37:17.890918: Current learning rate: 0.00945
2025-11-14 05:41:29.863380: train_loss -0.4011
2025-11-14 05:41:29.863589: val_loss -0.4251
2025-11-14 05:41:29.863690: Pseudo dice [np.float32(0.9012), np.float32(0.7658), np.float32(0.0)]
2025-11-14 05:41:29.863788: Epoch time: 251.97 s
2025-11-14 05:41:30.932031: 
2025-11-14 05:41:30.932221: Epoch 62
2025-11-14 05:41:30.932348: Current learning rate: 0.00944
2025-11-14 05:45:42.583329: train_loss -0.4096
2025-11-14 05:45:42.583602: val_loss -0.4366
2025-11-14 05:45:42.583745: Pseudo dice [np.float32(0.9122), np.float32(0.7633), np.float32(0.0)]
2025-11-14 05:45:42.583858: Epoch time: 251.65 s
2025-11-14 05:45:43.649863: 
2025-11-14 05:45:43.650042: Epoch 63
2025-11-14 05:45:43.650187: Current learning rate: 0.00943
2025-11-14 05:49:55.389167: train_loss -0.4084
2025-11-14 05:49:55.389406: val_loss -0.4364
2025-11-14 05:49:55.389513: Pseudo dice [np.float32(0.9119), np.float32(0.7475), np.float32(0.0)]
2025-11-14 05:49:55.389636: Epoch time: 251.74 s
2025-11-14 05:49:56.452041: 
2025-11-14 05:49:56.452241: Epoch 64
2025-11-14 05:49:56.452386: Current learning rate: 0.00942
2025-11-14 05:54:08.502164: train_loss -0.3927
2025-11-14 05:54:08.502427: val_loss -0.4303
2025-11-14 05:54:08.502532: Pseudo dice [np.float32(0.9081), np.float32(0.7722), np.float32(0.0)]
2025-11-14 05:54:08.502629: Epoch time: 252.05 s
2025-11-14 05:54:09.551118: 
2025-11-14 05:54:09.551362: Epoch 65
2025-11-14 05:54:09.551494: Current learning rate: 0.00941
2025-11-14 05:58:21.435110: train_loss -0.4112
2025-11-14 05:58:21.435398: val_loss -0.4291
2025-11-14 05:58:21.435508: Pseudo dice [np.float32(0.9182), np.float32(0.7693), np.float32(0.0)]
2025-11-14 05:58:21.435608: Epoch time: 251.89 s
2025-11-14 05:58:22.503578: 
2025-11-14 05:58:22.503790: Epoch 66
2025-11-14 05:58:22.503907: Current learning rate: 0.0094
2025-11-14 06:02:34.611143: train_loss -0.3904
2025-11-14 06:02:34.611389: val_loss -0.4359
2025-11-14 06:02:34.611488: Pseudo dice [np.float32(0.916), np.float32(0.7691), np.float32(0.0)]
2025-11-14 06:02:34.611609: Epoch time: 252.11 s
2025-11-14 06:02:35.677760: 
2025-11-14 06:02:35.677939: Epoch 67
2025-11-14 06:02:35.678061: Current learning rate: 0.00939
2025-11-14 06:06:47.633069: train_loss -0.4047
2025-11-14 06:06:47.633317: val_loss -0.4361
2025-11-14 06:06:47.633422: Pseudo dice [np.float32(0.9174), np.float32(0.7695), np.float32(0.0)]
2025-11-14 06:06:47.633522: Epoch time: 251.96 s
2025-11-14 06:06:48.711191: 
2025-11-14 06:06:48.711364: Epoch 68
2025-11-14 06:06:48.711504: Current learning rate: 0.00939
2025-11-14 06:11:00.967552: train_loss -0.3992
2025-11-14 06:11:00.967795: val_loss -0.4337
2025-11-14 06:11:00.967934: Pseudo dice [np.float32(0.9126), np.float32(0.7547), np.float32(0.0)]
2025-11-14 06:11:00.968040: Epoch time: 252.26 s
2025-11-14 06:11:02.036176: 
2025-11-14 06:11:02.036426: Epoch 69
2025-11-14 06:11:02.036564: Current learning rate: 0.00938
2025-11-14 06:15:13.524349: train_loss -0.4019
2025-11-14 06:15:13.524588: val_loss -0.4145
2025-11-14 06:15:13.524695: Pseudo dice [np.float32(0.9168), np.float32(0.7697), np.float32(0.0)]
2025-11-14 06:15:13.524794: Epoch time: 251.49 s
2025-11-14 06:15:14.582802: 
2025-11-14 06:15:14.582981: Epoch 70
2025-11-14 06:15:14.583107: Current learning rate: 0.00937
2025-11-14 06:19:27.204237: train_loss -0.4094
2025-11-14 06:19:27.204488: val_loss -0.4344
2025-11-14 06:19:27.204587: Pseudo dice [np.float32(0.9112), np.float32(0.7737), np.float32(0.0)]
2025-11-14 06:19:27.204686: Epoch time: 252.62 s
2025-11-14 06:19:28.265250: 
2025-11-14 06:19:28.265408: Epoch 71
2025-11-14 06:19:28.265511: Current learning rate: 0.00936
2025-11-14 06:23:40.326885: train_loss -0.3938
2025-11-14 06:23:40.327127: val_loss -0.4391
2025-11-14 06:23:40.327230: Pseudo dice [np.float32(0.9101), np.float32(0.7624), np.float32(0.0)]
2025-11-14 06:23:40.327338: Epoch time: 252.06 s
2025-11-14 06:23:41.393696: 
2025-11-14 06:23:41.393898: Epoch 72
2025-11-14 06:23:41.394022: Current learning rate: 0.00935
2025-11-14 06:27:53.255903: train_loss -0.4141
2025-11-14 06:27:53.256177: val_loss -0.4245
2025-11-14 06:27:53.256299: Pseudo dice [np.float32(0.9149), np.float32(0.7723), np.float32(0.0)]
2025-11-14 06:27:53.256429: Epoch time: 251.86 s
2025-11-14 06:27:54.935963: 
2025-11-14 06:27:54.936161: Epoch 73
2025-11-14 06:27:54.936281: Current learning rate: 0.00934
2025-11-14 06:32:07.028481: train_loss -0.4163
2025-11-14 06:32:07.028725: val_loss -0.4364
2025-11-14 06:32:07.028829: Pseudo dice [np.float32(0.917), np.float32(0.7607), np.float32(0.0)]
2025-11-14 06:32:07.028928: Epoch time: 252.09 s
2025-11-14 06:32:08.113035: 
2025-11-14 06:32:08.113239: Epoch 74
2025-11-14 06:32:08.113358: Current learning rate: 0.00933
2025-11-14 06:36:19.964664: train_loss -0.4024
2025-11-14 06:36:19.964913: val_loss -0.4569
2025-11-14 06:36:19.965142: Pseudo dice [np.float32(0.923), np.float32(0.7797), np.float32(0.0)]
2025-11-14 06:36:19.965252: Epoch time: 251.85 s
2025-11-14 06:36:19.965351: Yayy! New best EMA pseudo Dice: 0.5604000091552734
2025-11-14 06:36:21.293962: 
2025-11-14 06:36:21.294205: Epoch 75
2025-11-14 06:36:21.294326: Current learning rate: 0.00932
2025-11-14 06:40:33.425177: train_loss -0.4045
2025-11-14 06:40:33.425416: val_loss -0.4351
2025-11-14 06:40:33.425518: Pseudo dice [np.float32(0.9171), np.float32(0.7705), np.float32(0.0)]
2025-11-14 06:40:33.425618: Epoch time: 252.13 s
2025-11-14 06:40:33.425697: Yayy! New best EMA pseudo Dice: 0.5605999827384949
2025-11-14 06:40:34.894335: 
2025-11-14 06:40:34.894596: Epoch 76
2025-11-14 06:40:34.894730: Current learning rate: 0.00931
2025-11-14 06:44:47.082504: train_loss -0.4045
2025-11-14 06:44:47.082847: val_loss -0.4455
2025-11-14 06:44:47.082957: Pseudo dice [np.float32(0.9024), np.float32(0.7513), np.float32(0.0)]
2025-11-14 06:44:47.083060: Epoch time: 252.19 s
2025-11-14 06:44:48.160233: 
2025-11-14 06:44:48.160431: Epoch 77
2025-11-14 06:44:48.160542: Current learning rate: 0.0093
2025-11-14 06:49:00.139566: train_loss -0.4076
2025-11-14 06:49:00.139806: val_loss -0.443
2025-11-14 06:49:00.139908: Pseudo dice [np.float32(0.9143), np.float32(0.757), np.float32(0.0)]
2025-11-14 06:49:00.140007: Epoch time: 251.98 s
2025-11-14 06:49:01.221919: 
2025-11-14 06:49:01.222100: Epoch 78
2025-11-14 06:49:01.222211: Current learning rate: 0.0093
2025-11-14 06:53:13.239931: train_loss -0.4062
2025-11-14 06:53:13.240278: val_loss -0.4343
2025-11-14 06:53:13.240389: Pseudo dice [np.float32(0.9139), np.float32(0.7511), np.float32(0.0)]
2025-11-14 06:53:13.240486: Epoch time: 252.02 s
2025-11-14 06:53:14.310486: 
2025-11-14 06:53:14.310636: Epoch 79
2025-11-14 06:53:14.310744: Current learning rate: 0.00929
2025-11-14 06:57:26.363994: train_loss -0.4069
2025-11-14 06:57:26.364240: val_loss -0.4401
2025-11-14 06:57:26.364353: Pseudo dice [np.float32(0.9115), np.float32(0.7707), np.float32(0.0)]
2025-11-14 06:57:26.364455: Epoch time: 252.05 s
2025-11-14 06:57:27.439443: 
2025-11-14 06:57:27.439668: Epoch 80
2025-11-14 06:57:27.439789: Current learning rate: 0.00928
2025-11-14 07:01:39.430823: train_loss -0.4059
2025-11-14 07:01:39.431088: val_loss -0.4346
2025-11-14 07:01:39.431189: Pseudo dice [np.float32(0.9211), np.float32(0.7689), np.float32(0.0)]
2025-11-14 07:01:39.431300: Epoch time: 251.99 s
2025-11-14 07:01:40.522506: 
2025-11-14 07:01:40.522669: Epoch 81
2025-11-14 07:01:40.522776: Current learning rate: 0.00927
2025-11-14 07:05:52.314343: train_loss -0.4052
2025-11-14 07:05:52.314588: val_loss -0.4474
2025-11-14 07:05:52.314694: Pseudo dice [np.float32(0.9202), np.float32(0.7573), np.float32(0.0)]
2025-11-14 07:05:52.314793: Epoch time: 251.79 s
2025-11-14 07:05:53.430689: 
2025-11-14 07:05:53.430888: Epoch 82
2025-11-14 07:05:53.431009: Current learning rate: 0.00926
2025-11-14 07:10:05.718455: train_loss -0.4159
2025-11-14 07:10:05.718717: val_loss -0.4217
2025-11-14 07:10:05.718820: Pseudo dice [np.float32(0.9132), np.float32(0.7557), np.float32(0.0)]
2025-11-14 07:10:05.718922: Epoch time: 252.29 s
2025-11-14 07:10:06.777888: 
2025-11-14 07:10:06.778064: Epoch 83
2025-11-14 07:10:06.778218: Current learning rate: 0.00925
2025-11-14 07:14:18.553158: train_loss -0.4165
2025-11-14 07:14:18.553408: val_loss -0.41
2025-11-14 07:14:18.553514: Pseudo dice [np.float32(0.9136), np.float32(0.7602), np.float32(0.0)]
2025-11-14 07:14:18.553612: Epoch time: 251.78 s
2025-11-14 07:14:19.598896: 
2025-11-14 07:14:19.599082: Epoch 84
2025-11-14 07:14:19.599195: Current learning rate: 0.00924
2025-11-14 07:18:31.738621: train_loss -0.4039
2025-11-14 07:18:31.738855: val_loss -0.4306
2025-11-14 07:18:31.738956: Pseudo dice [np.float32(0.9118), np.float32(0.7786), np.float32(0.0)]
2025-11-14 07:18:31.739056: Epoch time: 252.14 s
2025-11-14 07:18:32.817690: 
2025-11-14 07:18:32.817903: Epoch 85
2025-11-14 07:18:32.818023: Current learning rate: 0.00923
2025-11-14 07:22:44.789759: train_loss -0.4113
2025-11-14 07:22:44.789985: val_loss -0.4547
2025-11-14 07:22:44.790095: Pseudo dice [np.float32(0.9198), np.float32(0.7694), np.float32(0.0)]
2025-11-14 07:22:44.790194: Epoch time: 251.97 s
2025-11-14 07:22:45.841576: 
2025-11-14 07:22:45.841744: Epoch 86
2025-11-14 07:22:45.841851: Current learning rate: 0.00922
2025-11-14 07:26:57.732624: train_loss -0.418
2025-11-14 07:26:57.732877: val_loss -0.4428
2025-11-14 07:26:57.732984: Pseudo dice [np.float32(0.9271), np.float32(0.757), np.float32(0.0)]
2025-11-14 07:26:57.733103: Epoch time: 251.89 s
2025-11-14 07:26:58.738294: 
2025-11-14 07:26:58.738550: Epoch 87
2025-11-14 07:26:58.738675: Current learning rate: 0.00921
2025-11-14 07:31:10.741129: train_loss -0.4045
2025-11-14 07:31:10.741373: val_loss -0.4557
2025-11-14 07:31:10.741473: Pseudo dice [np.float32(0.9162), np.float32(0.7787), np.float32(0.0)]
2025-11-14 07:31:10.741680: Epoch time: 252.0 s
2025-11-14 07:31:11.783249: 
2025-11-14 07:31:11.783466: Epoch 88
2025-11-14 07:31:11.783619: Current learning rate: 0.0092
2025-11-14 07:35:23.663499: train_loss -0.4125
2025-11-14 07:35:23.663736: val_loss -0.4431
2025-11-14 07:35:23.663835: Pseudo dice [np.float32(0.9152), np.float32(0.7785), np.float32(0.0)]
2025-11-14 07:35:23.663933: Epoch time: 251.88 s
2025-11-14 07:35:23.664010: Yayy! New best EMA pseudo Dice: 0.5608999729156494
2025-11-14 07:35:25.088698: 
2025-11-14 07:35:25.088953: Epoch 89
2025-11-14 07:35:25.089074: Current learning rate: 0.0092
2025-11-14 07:39:36.978606: train_loss -0.4171
2025-11-14 07:39:36.978892: val_loss -0.423
2025-11-14 07:39:36.978997: Pseudo dice [np.float32(0.9214), np.float32(0.7727), np.float32(0.0)]
2025-11-14 07:39:36.979129: Epoch time: 251.89 s
2025-11-14 07:39:36.979223: Yayy! New best EMA pseudo Dice: 0.5612999796867371
2025-11-14 07:39:38.939304: 
2025-11-14 07:39:38.939564: Epoch 90
2025-11-14 07:39:38.939698: Current learning rate: 0.00919
2025-11-14 07:43:50.746422: train_loss -0.4099
2025-11-14 07:43:50.746659: val_loss -0.4402
2025-11-14 07:43:50.746760: Pseudo dice [np.float32(0.9111), np.float32(0.765), np.float32(0.0)]
2025-11-14 07:43:50.746860: Epoch time: 251.81 s
2025-11-14 07:43:51.789470: 
2025-11-14 07:43:51.789638: Epoch 91
2025-11-14 07:43:51.789772: Current learning rate: 0.00918
2025-11-14 07:48:03.942344: train_loss -0.4135
2025-11-14 07:48:03.942583: val_loss -0.4337
2025-11-14 07:48:03.942684: Pseudo dice [np.float32(0.9199), np.float32(0.7699), np.float32(0.0)]
2025-11-14 07:48:03.942782: Epoch time: 252.15 s
2025-11-14 07:48:04.977926: 
2025-11-14 07:48:04.978213: Epoch 92
2025-11-14 07:48:04.978352: Current learning rate: 0.00917
2025-11-14 07:52:17.503630: train_loss -0.4154
2025-11-14 07:52:17.503907: val_loss -0.4314
2025-11-14 07:52:17.504012: Pseudo dice [np.float32(0.9119), np.float32(0.7816), np.float32(0.0)]
2025-11-14 07:52:17.504115: Epoch time: 252.53 s
2025-11-14 07:52:17.504199: Yayy! New best EMA pseudo Dice: 0.5616000294685364
2025-11-14 07:52:18.823081: 
2025-11-14 07:52:18.823377: Epoch 93
2025-11-14 07:52:18.823520: Current learning rate: 0.00916
2025-11-14 07:56:30.780232: train_loss -0.3997
2025-11-14 07:56:30.780536: val_loss -0.4226
2025-11-14 07:56:30.780650: Pseudo dice [np.float32(0.9217), np.float32(0.757), np.float32(0.0)]
2025-11-14 07:56:30.780752: Epoch time: 251.96 s
2025-11-14 07:56:31.814372: 
2025-11-14 07:56:31.814553: Epoch 94
2025-11-14 07:56:31.814705: Current learning rate: 0.00915
2025-11-14 08:00:43.879824: train_loss -0.4078
2025-11-14 08:00:43.880148: val_loss -0.442
2025-11-14 08:00:43.880279: Pseudo dice [np.float32(0.9191), np.float32(0.773), np.float32(0.0)]
2025-11-14 08:00:43.880414: Epoch time: 252.07 s
2025-11-14 08:00:43.880504: Yayy! New best EMA pseudo Dice: 0.5616000294685364
2025-11-14 08:00:45.266811: 
2025-11-14 08:00:45.267071: Epoch 95
2025-11-14 08:00:45.267190: Current learning rate: 0.00914
2025-11-14 08:04:57.287836: train_loss -0.4056
2025-11-14 08:04:57.288075: val_loss -0.4439
2025-11-14 08:04:57.288202: Pseudo dice [np.float32(0.9159), np.float32(0.7717), np.float32(0.0)]
2025-11-14 08:04:57.288318: Epoch time: 252.02 s
2025-11-14 08:04:57.288422: Yayy! New best EMA pseudo Dice: 0.5616999864578247
2025-11-14 08:04:58.596715: 
2025-11-14 08:04:58.596901: Epoch 96
2025-11-14 08:04:58.597036: Current learning rate: 0.00913
2025-11-14 08:09:10.570803: train_loss -0.4214
2025-11-14 08:09:10.571066: val_loss -0.435
2025-11-14 08:09:10.571175: Pseudo dice [np.float32(0.9226), np.float32(0.7803), np.float32(0.0)]
2025-11-14 08:09:10.571308: Epoch time: 251.98 s
2025-11-14 08:09:10.571396: Yayy! New best EMA pseudo Dice: 0.5623000264167786
2025-11-14 08:09:11.956605: 
2025-11-14 08:09:11.956783: Epoch 97
2025-11-14 08:09:11.956954: Current learning rate: 0.00912
2025-11-14 08:13:23.929710: train_loss -0.412
2025-11-14 08:13:23.929953: val_loss -0.4537
2025-11-14 08:13:23.930055: Pseudo dice [np.float32(0.9155), np.float32(0.7713), np.float32(0.0)]
2025-11-14 08:13:23.930175: Epoch time: 251.97 s
2025-11-14 08:13:24.976198: 
2025-11-14 08:13:24.976465: Epoch 98
2025-11-14 08:13:24.976616: Current learning rate: 0.00911
2025-11-14 08:17:36.813599: train_loss -0.406
2025-11-14 08:17:36.813802: val_loss -0.4315
2025-11-14 08:17:36.813901: Pseudo dice [np.float32(0.9084), np.float32(0.7646), np.float32(0.0)]
2025-11-14 08:17:36.813998: Epoch time: 251.84 s
2025-11-14 08:17:37.844226: 
2025-11-14 08:17:37.844380: Epoch 99
2025-11-14 08:17:37.844488: Current learning rate: 0.0091
2025-11-14 08:21:49.655474: train_loss -0.4086
2025-11-14 08:21:49.655774: val_loss -0.4281
2025-11-14 08:21:49.655879: Pseudo dice [np.float32(0.9181), np.float32(0.7649), np.float32(0.0)]
2025-11-14 08:21:49.655981: Epoch time: 251.81 s
2025-11-14 08:21:50.997524: 
2025-11-14 08:21:50.997736: Epoch 100
2025-11-14 08:21:50.997862: Current learning rate: 0.0091
2025-11-14 08:26:03.307851: train_loss -0.4096
2025-11-14 08:26:03.308096: val_loss -0.4389
2025-11-14 08:26:03.308194: Pseudo dice [np.float32(0.9196), np.float32(0.7682), np.float32(0.0)]
2025-11-14 08:26:03.308298: Epoch time: 252.31 s
2025-11-14 08:26:04.293019: 
2025-11-14 08:26:04.293295: Epoch 101
2025-11-14 08:26:04.293426: Current learning rate: 0.00909
2025-11-14 08:30:16.209076: train_loss -0.404
2025-11-14 08:30:16.209379: val_loss -0.4318
2025-11-14 08:30:16.209485: Pseudo dice [np.float32(0.919), np.float32(0.771), np.float32(0.0)]
2025-11-14 08:30:16.209585: Epoch time: 251.92 s
2025-11-14 08:30:17.238200: 
2025-11-14 08:30:17.238438: Epoch 102
2025-11-14 08:30:17.238560: Current learning rate: 0.00908
2025-11-14 08:34:29.134180: train_loss -0.4157
2025-11-14 08:34:29.134424: val_loss -0.4249
2025-11-14 08:34:29.134524: Pseudo dice [np.float32(0.9214), np.float32(0.7621), np.float32(0.0)]
2025-11-14 08:34:29.134622: Epoch time: 251.9 s
2025-11-14 08:34:30.179698: 
2025-11-14 08:34:30.179980: Epoch 103
2025-11-14 08:34:30.180158: Current learning rate: 0.00907
2025-11-14 08:38:41.888970: train_loss -0.4043
2025-11-14 08:38:41.889211: val_loss -0.447
2025-11-14 08:38:41.889318: Pseudo dice [np.float32(0.9215), np.float32(0.7595), np.float32(0.0)]
2025-11-14 08:38:41.889419: Epoch time: 251.71 s
2025-11-14 08:38:42.928390: 
2025-11-14 08:38:42.928550: Epoch 104
2025-11-14 08:38:42.928681: Current learning rate: 0.00906
2025-11-14 08:42:54.617193: train_loss -0.4055
2025-11-14 08:42:54.617433: val_loss -0.4425
2025-11-14 08:42:54.617542: Pseudo dice [np.float32(0.9085), np.float32(0.7715), np.float32(0.0)]
2025-11-14 08:42:54.617675: Epoch time: 251.69 s
2025-11-14 08:42:55.593530: 
2025-11-14 08:42:55.593720: Epoch 105
2025-11-14 08:42:55.593839: Current learning rate: 0.00905
2025-11-14 08:47:07.547428: train_loss -0.4042
2025-11-14 08:47:07.547657: val_loss -0.4258
2025-11-14 08:47:07.547758: Pseudo dice [np.float32(0.9123), np.float32(0.7604), np.float32(0.0)]
2025-11-14 08:47:07.547855: Epoch time: 251.95 s
2025-11-14 08:47:08.587930: 
2025-11-14 08:47:08.588109: Epoch 106
2025-11-14 08:47:08.588233: Current learning rate: 0.00904
2025-11-14 08:51:20.705881: train_loss -0.4156
2025-11-14 08:51:20.706134: val_loss -0.4211
2025-11-14 08:51:20.706265: Pseudo dice [np.float32(0.9056), np.float32(0.7679), np.float32(0.0)]
2025-11-14 08:51:20.706381: Epoch time: 252.12 s
2025-11-14 08:51:22.373293: 
2025-11-14 08:51:22.373550: Epoch 107
2025-11-14 08:51:22.373680: Current learning rate: 0.00903
2025-11-14 08:55:34.416766: train_loss -0.4213
2025-11-14 08:55:34.416991: val_loss -0.4413
2025-11-14 08:55:34.417089: Pseudo dice [np.float32(0.9126), np.float32(0.7797), np.float32(0.0)]
2025-11-14 08:55:34.417188: Epoch time: 252.04 s
2025-11-14 08:55:35.414932: 
2025-11-14 08:55:35.415097: Epoch 108
2025-11-14 08:55:35.415212: Current learning rate: 0.00902
2025-11-14 08:59:47.500872: train_loss -0.4057
2025-11-14 08:59:47.501140: val_loss -0.4265
2025-11-14 08:59:47.501281: Pseudo dice [np.float32(0.914), np.float32(0.7541), np.float32(0.0)]
2025-11-14 08:59:47.501394: Epoch time: 252.09 s
2025-11-14 08:59:48.565974: 
2025-11-14 08:59:48.566246: Epoch 109
2025-11-14 08:59:48.566411: Current learning rate: 0.00901
2025-11-14 09:04:00.399576: train_loss -0.4077
2025-11-14 09:04:00.399821: val_loss -0.4023
2025-11-14 09:04:00.399928: Pseudo dice [np.float32(0.9196), np.float32(0.7528), np.float32(0.0)]
2025-11-14 09:04:00.400028: Epoch time: 251.83 s
2025-11-14 09:04:01.453935: 
2025-11-14 09:04:01.454114: Epoch 110
2025-11-14 09:04:01.454237: Current learning rate: 0.009
2025-11-14 09:08:13.340953: train_loss -0.4102
2025-11-14 09:08:13.346197: val_loss -0.4306
2025-11-14 09:08:13.346504: Pseudo dice [np.float32(0.9209), np.float32(0.7718), np.float32(0.0)]
2025-11-14 09:08:13.346606: Epoch time: 251.89 s
2025-11-14 09:08:14.395536: 
2025-11-14 09:08:14.395703: Epoch 111
2025-11-14 09:08:14.395813: Current learning rate: 0.009
2025-11-14 09:12:26.115549: train_loss -0.4103
2025-11-14 09:12:26.115799: val_loss -0.4268
2025-11-14 09:12:26.115901: Pseudo dice [np.float32(0.9118), np.float32(0.755), np.float32(0.0)]
2025-11-14 09:12:26.116001: Epoch time: 251.72 s
2025-11-14 09:12:27.130424: 
2025-11-14 09:12:27.130744: Epoch 112
2025-11-14 09:12:27.130866: Current learning rate: 0.00899
2025-11-14 09:16:39.296707: train_loss -0.4218
2025-11-14 09:16:39.296999: val_loss -0.4454
2025-11-14 09:16:39.297102: Pseudo dice [np.float32(0.9147), np.float32(0.7708), np.float32(0.0)]
2025-11-14 09:16:39.297205: Epoch time: 252.17 s
2025-11-14 09:16:40.285050: 
2025-11-14 09:16:40.285223: Epoch 113
2025-11-14 09:16:40.285342: Current learning rate: 0.00898
2025-11-14 09:20:52.462041: train_loss -0.4043
2025-11-14 09:20:52.462314: val_loss -0.4459
2025-11-14 09:20:52.462425: Pseudo dice [np.float32(0.915), np.float32(0.765), np.float32(0.0)]
2025-11-14 09:20:52.462526: Epoch time: 252.18 s
2025-11-14 09:20:53.524196: 
2025-11-14 09:20:53.524383: Epoch 114
2025-11-14 09:20:53.524521: Current learning rate: 0.00897
2025-11-14 09:25:05.746894: train_loss -0.4158
2025-11-14 09:25:05.747139: val_loss -0.4301
2025-11-14 09:25:05.747243: Pseudo dice [np.float32(0.9088), np.float32(0.7678), np.float32(0.0)]
2025-11-14 09:25:05.747407: Epoch time: 252.22 s
2025-11-14 09:25:06.768762: 
2025-11-14 09:25:06.768995: Epoch 115
2025-11-14 09:25:06.769109: Current learning rate: 0.00896
2025-11-14 09:29:18.785798: train_loss -0.4175
2025-11-14 09:29:18.786020: val_loss -0.431
2025-11-14 09:29:18.786134: Pseudo dice [np.float32(0.9114), np.float32(0.761), np.float32(0.0)]
2025-11-14 09:29:18.786232: Epoch time: 252.02 s
2025-11-14 09:29:19.852948: 
2025-11-14 09:29:19.853172: Epoch 116
2025-11-14 09:29:19.853292: Current learning rate: 0.00895
2025-11-14 09:33:31.787945: train_loss -0.4064
2025-11-14 09:33:31.788218: val_loss -0.44
2025-11-14 09:33:31.788343: Pseudo dice [np.float32(0.9109), np.float32(0.7769), np.float32(0.0)]
2025-11-14 09:33:31.788451: Epoch time: 251.94 s
2025-11-14 09:33:32.853544: 
2025-11-14 09:33:32.853717: Epoch 117
2025-11-14 09:33:32.853831: Current learning rate: 0.00894
2025-11-14 09:37:45.129189: train_loss -0.4055
2025-11-14 09:37:45.129467: val_loss -0.439
2025-11-14 09:37:45.129599: Pseudo dice [np.float32(0.9036), np.float32(0.7742), np.float32(0.0)]
2025-11-14 09:37:45.129730: Epoch time: 252.28 s
2025-11-14 09:37:46.204317: 
2025-11-14 09:37:46.204483: Epoch 118
2025-11-14 09:37:46.204597: Current learning rate: 0.00893
2025-11-14 09:41:57.923613: train_loss -0.4203
2025-11-14 09:41:57.923844: val_loss -0.4137
2025-11-14 09:41:57.923944: Pseudo dice [np.float32(0.9056), np.float32(0.7482), np.float32(0.0)]
2025-11-14 09:41:57.924043: Epoch time: 251.72 s
2025-11-14 09:41:58.980520: 
2025-11-14 09:41:58.980699: Epoch 119
2025-11-14 09:41:58.980814: Current learning rate: 0.00892
2025-11-14 09:46:10.819606: train_loss -0.4126
2025-11-14 09:46:10.819882: val_loss -0.427
2025-11-14 09:46:10.819986: Pseudo dice [np.float32(0.915), np.float32(0.7725), np.float32(0.0)]
2025-11-14 09:46:10.820085: Epoch time: 251.84 s
2025-11-14 09:46:11.872798: 
2025-11-14 09:46:11.872963: Epoch 120
2025-11-14 09:46:11.873083: Current learning rate: 0.00891
2025-11-14 09:50:23.804521: train_loss -0.407
2025-11-14 09:50:23.804786: val_loss -0.447
2025-11-14 09:50:23.804903: Pseudo dice [np.float32(0.9117), np.float32(0.7506), np.float32(0.0)]
2025-11-14 09:50:23.805006: Epoch time: 251.93 s
2025-11-14 09:50:24.879756: 
2025-11-14 09:50:24.879968: Epoch 121
2025-11-14 09:50:24.880101: Current learning rate: 0.0089
2025-11-14 09:54:36.748691: train_loss -0.4176
2025-11-14 09:54:36.748926: val_loss -0.4403
2025-11-14 09:54:36.749026: Pseudo dice [np.float32(0.9146), np.float32(0.7715), np.float32(0.0)]
2025-11-14 09:54:36.749123: Epoch time: 251.87 s
2025-11-14 09:54:37.856235: 
2025-11-14 09:54:37.856404: Epoch 122
2025-11-14 09:54:37.856520: Current learning rate: 0.00889
2025-11-14 09:58:49.998036: train_loss -0.4128
2025-11-14 09:58:49.998283: val_loss -0.4269
2025-11-14 09:58:49.998386: Pseudo dice [np.float32(0.9076), np.float32(0.7673), np.float32(0.0)]
2025-11-14 09:58:49.998487: Epoch time: 252.14 s
2025-11-14 09:58:51.058378: 
2025-11-14 09:58:51.058543: Epoch 123
2025-11-14 09:58:51.058655: Current learning rate: 0.00889
2025-11-14 10:03:02.889011: train_loss -0.4167
2025-11-14 10:03:02.889300: val_loss -0.4116
2025-11-14 10:03:02.889410: Pseudo dice [np.float32(0.9175), np.float32(0.7427), np.float32(0.0)]
2025-11-14 10:03:02.889513: Epoch time: 251.83 s
2025-11-14 10:03:04.602927: 
2025-11-14 10:03:04.603125: Epoch 124
2025-11-14 10:03:04.603247: Current learning rate: 0.00888
2025-11-14 10:07:16.456557: train_loss -0.4022
2025-11-14 10:07:16.456778: val_loss -0.4288
2025-11-14 10:07:16.456878: Pseudo dice [np.float32(0.9164), np.float32(0.7626), np.float32(0.0)]
2025-11-14 10:07:16.456974: Epoch time: 251.85 s
2025-11-14 10:07:17.498979: 
2025-11-14 10:07:17.499195: Epoch 125
2025-11-14 10:07:17.499320: Current learning rate: 0.00887
2025-11-14 10:11:29.469752: train_loss -0.4095
2025-11-14 10:11:29.470000: val_loss -0.4328
2025-11-14 10:11:29.470149: Pseudo dice [np.float32(0.9133), np.float32(0.7703), np.float32(0.0)]
2025-11-14 10:11:29.470256: Epoch time: 251.97 s
2025-11-14 10:11:30.559417: 
2025-11-14 10:11:30.559617: Epoch 126
2025-11-14 10:11:30.559790: Current learning rate: 0.00886
2025-11-14 10:15:42.753744: train_loss -0.4225
2025-11-14 10:15:42.753999: val_loss -0.4567
2025-11-14 10:15:42.754102: Pseudo dice [np.float32(0.918), np.float32(0.7658), np.float32(0.0)]
2025-11-14 10:15:42.754202: Epoch time: 252.2 s
2025-11-14 10:15:43.839029: 
2025-11-14 10:15:43.839219: Epoch 127
2025-11-14 10:15:43.839348: Current learning rate: 0.00885
2025-11-14 10:19:55.884543: train_loss -0.4264
2025-11-14 10:19:55.884791: val_loss -0.4471
2025-11-14 10:19:55.884917: Pseudo dice [np.float32(0.9126), np.float32(0.7636), np.float32(0.0)]
2025-11-14 10:19:55.885022: Epoch time: 252.05 s
2025-11-14 10:19:56.950114: 
2025-11-14 10:19:56.950356: Epoch 128
2025-11-14 10:19:56.950521: Current learning rate: 0.00884
2025-11-14 10:24:09.219247: train_loss -0.4296
2025-11-14 10:24:09.219502: val_loss -0.4334
2025-11-14 10:24:09.219620: Pseudo dice [np.float32(0.9217), np.float32(0.7745), np.float32(0.0)]
2025-11-14 10:24:09.219724: Epoch time: 252.27 s
2025-11-14 10:24:10.305855: 
2025-11-14 10:24:10.306030: Epoch 129
2025-11-14 10:24:10.306150: Current learning rate: 0.00883
2025-11-14 10:28:21.976876: train_loss -0.4362
2025-11-14 10:28:21.977148: val_loss -0.4508
2025-11-14 10:28:21.977259: Pseudo dice [np.float32(0.9183), np.float32(0.755), np.float32(0.0)]
2025-11-14 10:28:21.977372: Epoch time: 251.67 s
2025-11-14 10:28:23.048505: 
2025-11-14 10:28:23.048682: Epoch 130
2025-11-14 10:28:23.048792: Current learning rate: 0.00882
2025-11-14 10:32:35.335064: train_loss -0.4179
2025-11-14 10:32:35.335326: val_loss -0.4257
2025-11-14 10:32:35.335430: Pseudo dice [np.float32(0.9136), np.float32(0.7653), np.float32(0.0)]
2025-11-14 10:32:35.335529: Epoch time: 252.29 s
2025-11-14 10:32:36.409714: 
2025-11-14 10:32:36.409937: Epoch 131
2025-11-14 10:32:36.410076: Current learning rate: 0.00881
2025-11-14 10:36:48.537698: train_loss -0.4217
2025-11-14 10:36:48.537994: val_loss -0.439
2025-11-14 10:36:48.538096: Pseudo dice [np.float32(0.9068), np.float32(0.7687), np.float32(0.0)]
2025-11-14 10:36:48.538198: Epoch time: 252.13 s
2025-11-14 10:36:49.620629: 
2025-11-14 10:36:49.620895: Epoch 132
2025-11-14 10:36:49.621023: Current learning rate: 0.0088
2025-11-14 10:41:01.224341: train_loss -0.4098
2025-11-14 10:41:01.224570: val_loss -0.4437
2025-11-14 10:41:01.224670: Pseudo dice [np.float32(0.9077), np.float32(0.7843), np.float32(0.0)]
2025-11-14 10:41:01.224774: Epoch time: 251.6 s
2025-11-14 10:41:02.282622: 
2025-11-14 10:41:02.282889: Epoch 133
2025-11-14 10:41:02.283031: Current learning rate: 0.00879
2025-11-14 10:45:14.449202: train_loss -0.4222
2025-11-14 10:45:14.449426: val_loss -0.4621
2025-11-14 10:45:14.449525: Pseudo dice [np.float32(0.9188), np.float32(0.7811), np.float32(0.0)]
2025-11-14 10:45:14.449622: Epoch time: 252.17 s
2025-11-14 10:45:15.498058: 
2025-11-14 10:45:15.498229: Epoch 134
2025-11-14 10:45:15.498348: Current learning rate: 0.00879
2025-11-14 10:49:27.647792: train_loss -0.4253
2025-11-14 10:49:27.648031: val_loss -0.4353
2025-11-14 10:49:27.648132: Pseudo dice [np.float32(0.9197), np.float32(0.7684), np.float32(0.0)]
2025-11-14 10:49:27.648232: Epoch time: 252.15 s
2025-11-14 10:49:28.642098: 
2025-11-14 10:49:28.642293: Epoch 135
2025-11-14 10:49:28.642415: Current learning rate: 0.00878
2025-11-14 10:53:40.416961: train_loss -0.4314
2025-11-14 10:53:40.417263: val_loss -0.4297
2025-11-14 10:53:40.417380: Pseudo dice [np.float32(0.9123), np.float32(0.7744), np.float32(0.0)]
2025-11-14 10:53:40.417481: Epoch time: 251.78 s
2025-11-14 10:53:41.452954: 
2025-11-14 10:53:41.453209: Epoch 136
2025-11-14 10:53:41.453334: Current learning rate: 0.00877
2025-11-14 10:57:53.246694: train_loss -0.419
2025-11-14 10:57:53.246931: val_loss -0.4363
2025-11-14 10:57:53.247031: Pseudo dice [np.float32(0.9075), np.float32(0.7528), np.float32(0.0)]
2025-11-14 10:57:53.247133: Epoch time: 251.79 s
2025-11-14 10:57:54.322299: 
2025-11-14 10:57:54.322472: Epoch 137
2025-11-14 10:57:54.322587: Current learning rate: 0.00876
2025-11-14 11:02:06.034327: train_loss -0.4102
2025-11-14 11:02:06.034611: val_loss -0.4428
2025-11-14 11:02:06.034718: Pseudo dice [np.float32(0.9122), np.float32(0.7773), np.float32(0.0)]
2025-11-14 11:02:06.034890: Epoch time: 251.71 s
2025-11-14 11:02:07.127087: 
2025-11-14 11:02:07.127276: Epoch 138
2025-11-14 11:02:07.127397: Current learning rate: 0.00875
2025-11-14 11:06:19.045413: train_loss -0.4189
2025-11-14 11:06:19.045664: val_loss -0.4176
2025-11-14 11:06:19.045765: Pseudo dice [np.float32(0.9166), np.float32(0.7597), np.float32(0.0)]
2025-11-14 11:06:19.045864: Epoch time: 251.92 s
2025-11-14 11:06:20.122568: 
2025-11-14 11:06:20.122738: Epoch 139
2025-11-14 11:06:20.122878: Current learning rate: 0.00874
2025-11-14 11:10:32.071108: train_loss -0.4093
2025-11-14 11:10:32.071393: val_loss -0.4405
2025-11-14 11:10:32.071514: Pseudo dice [np.float32(0.9184), np.float32(0.7769), np.float32(0.0)]
2025-11-14 11:10:32.071631: Epoch time: 251.95 s
2025-11-14 11:10:33.142366: 
2025-11-14 11:10:33.142556: Epoch 140
2025-11-14 11:10:33.142692: Current learning rate: 0.00873
2025-11-14 11:14:44.937083: train_loss -0.4266
2025-11-14 11:14:44.937352: val_loss -0.4207
2025-11-14 11:14:44.937464: Pseudo dice [np.float32(0.9173), np.float32(0.7664), np.float32(0.0)]
2025-11-14 11:14:44.937626: Epoch time: 251.8 s
2025-11-14 11:14:46.668905: 
2025-11-14 11:14:46.669266: Epoch 141
2025-11-14 11:14:46.669422: Current learning rate: 0.00872
2025-11-14 11:18:58.518835: train_loss -0.4261
2025-11-14 11:18:58.519099: val_loss -0.4389
2025-11-14 11:18:58.519207: Pseudo dice [np.float32(0.9172), np.float32(0.7676), np.float32(0.0)]
2025-11-14 11:18:58.519316: Epoch time: 251.85 s
2025-11-14 11:18:59.583833: 
2025-11-14 11:18:59.584079: Epoch 142
2025-11-14 11:18:59.584203: Current learning rate: 0.00871
2025-11-14 11:23:11.466873: train_loss -0.4226
2025-11-14 11:23:11.467103: val_loss -0.4482
2025-11-14 11:23:11.467236: Pseudo dice [np.float32(0.9139), np.float32(0.7789), np.float32(0.0)]
2025-11-14 11:23:11.467347: Epoch time: 251.88 s
2025-11-14 11:23:12.536561: 
2025-11-14 11:23:12.536747: Epoch 143
2025-11-14 11:23:12.536872: Current learning rate: 0.0087
2025-11-14 11:27:24.673064: train_loss -0.4254
2025-11-14 11:27:24.673302: val_loss -0.4499
2025-11-14 11:27:24.673404: Pseudo dice [np.float32(0.9158), np.float32(0.7781), np.float32(0.0)]
2025-11-14 11:27:24.673503: Epoch time: 252.14 s
2025-11-14 11:27:25.743512: 
2025-11-14 11:27:25.743793: Epoch 144
2025-11-14 11:27:25.743917: Current learning rate: 0.00869
2025-11-14 11:31:37.996972: train_loss -0.4263
2025-11-14 11:31:37.997215: val_loss -0.4465
2025-11-14 11:31:37.997326: Pseudo dice [np.float32(0.9121), np.float32(0.7727), np.float32(0.0)]
2025-11-14 11:31:37.997426: Epoch time: 252.25 s
2025-11-14 11:31:39.075159: 
2025-11-14 11:31:39.075458: Epoch 145
2025-11-14 11:31:39.075585: Current learning rate: 0.00868
2025-11-14 11:35:50.947963: train_loss -0.4113
2025-11-14 11:35:50.948216: val_loss -0.453
2025-11-14 11:35:50.948338: Pseudo dice [np.float32(0.91), np.float32(0.7631), np.float32(0.0)]
2025-11-14 11:35:50.948450: Epoch time: 251.87 s
2025-11-14 11:35:52.038841: 
2025-11-14 11:35:52.039068: Epoch 146
2025-11-14 11:35:52.039186: Current learning rate: 0.00868
2025-11-14 11:40:04.079569: train_loss -0.421
2025-11-14 11:40:04.079805: val_loss -0.4477
2025-11-14 11:40:04.079905: Pseudo dice [np.float32(0.9134), np.float32(0.7792), np.float32(0.0)]
2025-11-14 11:40:04.080003: Epoch time: 252.04 s
2025-11-14 11:40:05.173995: 
2025-11-14 11:40:05.174183: Epoch 147
2025-11-14 11:40:05.174304: Current learning rate: 0.00867
2025-11-14 11:44:17.105560: train_loss -0.4227
2025-11-14 11:44:17.105802: val_loss -0.4446
2025-11-14 11:44:17.105903: Pseudo dice [np.float32(0.9267), np.float32(0.7751), np.float32(0.0)]
2025-11-14 11:44:17.106000: Epoch time: 251.93 s
2025-11-14 11:44:18.197689: 
2025-11-14 11:44:18.197858: Epoch 148
2025-11-14 11:44:18.197995: Current learning rate: 0.00866
2025-11-14 11:48:30.011544: train_loss -0.4224
2025-11-14 11:48:30.011789: val_loss -0.4445
2025-11-14 11:48:30.011891: Pseudo dice [np.float32(0.92), np.float32(0.7607), np.float32(0.0)]
2025-11-14 11:48:30.011991: Epoch time: 251.81 s
2025-11-14 11:48:31.100506: 
2025-11-14 11:48:31.100669: Epoch 149
2025-11-14 11:48:31.100783: Current learning rate: 0.00865
2025-11-14 11:52:43.102957: train_loss -0.4211
2025-11-14 11:52:43.103242: val_loss -0.4428
2025-11-14 11:52:43.103354: Pseudo dice [np.float32(0.9186), np.float32(0.763), np.float32(0.0)]
2025-11-14 11:52:43.103452: Epoch time: 252.0 s
2025-11-14 11:52:44.425226: 
2025-11-14 11:52:44.425442: Epoch 150
2025-11-14 11:52:44.425563: Current learning rate: 0.00864
2025-11-14 11:56:56.195235: train_loss -0.4196
2025-11-14 11:56:56.195498: val_loss -0.4452
2025-11-14 11:56:56.195606: Pseudo dice [np.float32(0.9136), np.float32(0.7487), np.float32(0.0)]
2025-11-14 11:56:56.195706: Epoch time: 251.77 s
2025-11-14 11:56:57.276976: 
2025-11-14 11:56:57.277157: Epoch 151
2025-11-14 11:56:57.277283: Current learning rate: 0.00863
2025-11-14 12:01:09.279797: train_loss -0.4133
2025-11-14 12:01:09.280041: val_loss -0.4534
2025-11-14 12:01:09.280176: Pseudo dice [np.float32(0.9218), np.float32(0.7754), np.float32(0.0)]
2025-11-14 12:01:09.280288: Epoch time: 252.0 s
2025-11-14 12:01:10.366138: 
2025-11-14 12:01:10.366362: Epoch 152
2025-11-14 12:01:10.366481: Current learning rate: 0.00862
2025-11-14 12:05:22.401893: train_loss -0.4242
2025-11-14 12:05:22.402122: val_loss -0.4211
2025-11-14 12:05:22.402223: Pseudo dice [np.float32(0.9182), np.float32(0.7747), np.float32(0.0)]
2025-11-14 12:05:22.402335: Epoch time: 252.04 s
2025-11-14 12:05:23.496213: 
2025-11-14 12:05:23.496399: Epoch 153
2025-11-14 12:05:23.496521: Current learning rate: 0.00861
2025-11-14 12:09:35.245439: train_loss -0.4278
2025-11-14 12:09:35.245707: val_loss -0.4096
2025-11-14 12:09:35.245839: Pseudo dice [np.float32(0.9133), np.float32(0.7682), np.float32(0.0)]
2025-11-14 12:09:35.245948: Epoch time: 251.75 s
2025-11-14 12:09:36.335108: 
2025-11-14 12:09:36.335354: Epoch 154
2025-11-14 12:09:36.335488: Current learning rate: 0.0086
2025-11-14 12:13:48.765260: train_loss -0.4229
2025-11-14 12:13:48.765521: val_loss -0.4511
2025-11-14 12:13:48.768260: Pseudo dice [np.float32(0.9065), np.float32(0.7716), np.float32(0.0)]
2025-11-14 12:13:48.768374: Epoch time: 252.43 s
2025-11-14 12:13:49.859681: 
2025-11-14 12:13:49.859905: Epoch 155
2025-11-14 12:13:49.860026: Current learning rate: 0.00859
2025-11-14 12:18:01.899721: train_loss -0.4274
2025-11-14 12:18:01.900044: val_loss -0.4356
2025-11-14 12:18:01.900151: Pseudo dice [np.float32(0.917), np.float32(0.7708), np.float32(0.0)]
2025-11-14 12:18:01.900252: Epoch time: 252.04 s
2025-11-14 12:18:02.983214: 
2025-11-14 12:18:02.983495: Epoch 156
2025-11-14 12:18:02.983674: Current learning rate: 0.00858
2025-11-14 12:22:14.518169: train_loss -0.428
2025-11-14 12:22:14.518421: val_loss -0.457
2025-11-14 12:22:14.518521: Pseudo dice [np.float32(0.9176), np.float32(0.778), np.float32(0.0)]
2025-11-14 12:22:14.518620: Epoch time: 251.54 s
2025-11-14 12:22:15.608072: 
2025-11-14 12:22:15.608242: Epoch 157
2025-11-14 12:22:15.608359: Current learning rate: 0.00858
2025-11-14 12:26:27.512996: train_loss -0.4158
2025-11-14 12:26:27.513253: val_loss -0.4335
2025-11-14 12:26:27.513383: Pseudo dice [np.float32(0.913), np.float32(0.7633), np.float32(0.0)]
2025-11-14 12:26:27.513486: Epoch time: 251.91 s
2025-11-14 12:26:29.203136: 
2025-11-14 12:26:29.203351: Epoch 158
2025-11-14 12:26:29.203466: Current learning rate: 0.00857
2025-11-14 12:30:41.102674: train_loss -0.4275
2025-11-14 12:30:41.102906: val_loss -0.4244
2025-11-14 12:30:41.103013: Pseudo dice [np.float32(0.9252), np.float32(0.7551), np.float32(0.0)]
2025-11-14 12:30:41.103111: Epoch time: 251.9 s
2025-11-14 12:30:42.181588: 
2025-11-14 12:30:42.181840: Epoch 159
2025-11-14 12:30:42.182000: Current learning rate: 0.00856
2025-11-14 12:34:53.980919: train_loss -0.4141
2025-11-14 12:34:53.981153: val_loss -0.4502
2025-11-14 12:34:53.981253: Pseudo dice [np.float32(0.9177), np.float32(0.7632), np.float32(0.0)]
2025-11-14 12:34:53.981362: Epoch time: 251.8 s
2025-11-14 12:34:55.059042: 
2025-11-14 12:34:55.059306: Epoch 160
2025-11-14 12:34:55.059444: Current learning rate: 0.00855
2025-11-14 12:39:06.943878: train_loss -0.4258
2025-11-14 12:39:06.944180: val_loss -0.4396
2025-11-14 12:39:06.944293: Pseudo dice [np.float32(0.9191), np.float32(0.7624), np.float32(0.0)]
2025-11-14 12:39:06.944393: Epoch time: 251.89 s
2025-11-14 12:39:08.048706: 
2025-11-14 12:39:08.048908: Epoch 161
2025-11-14 12:39:08.049055: Current learning rate: 0.00854
2025-11-14 12:43:19.970065: train_loss -0.4237
2025-11-14 12:43:19.970310: val_loss -0.4424
2025-11-14 12:43:19.970412: Pseudo dice [np.float32(0.9114), np.float32(0.7613), np.float32(0.0)]
2025-11-14 12:43:19.970509: Epoch time: 251.92 s
2025-11-14 12:43:21.049807: 
2025-11-14 12:43:21.050047: Epoch 162
2025-11-14 12:43:21.050186: Current learning rate: 0.00853
2025-11-14 12:47:32.979535: train_loss -0.4223
2025-11-14 12:47:32.979796: val_loss -0.4362
2025-11-14 12:47:32.979904: Pseudo dice [np.float32(0.9128), np.float32(0.7682), np.float32(0.0)]
2025-11-14 12:47:32.980020: Epoch time: 251.93 s
2025-11-14 12:47:34.087568: 
2025-11-14 12:47:34.087837: Epoch 163
2025-11-14 12:47:34.087977: Current learning rate: 0.00852
2025-11-14 12:51:46.072651: train_loss -0.4184
2025-11-14 12:51:46.072907: val_loss -0.4403
2025-11-14 12:51:46.073012: Pseudo dice [np.float32(0.9173), np.float32(0.7789), np.float32(0.0)]
2025-11-14 12:51:46.073110: Epoch time: 251.99 s
2025-11-14 12:51:47.160812: 
2025-11-14 12:51:47.161069: Epoch 164
2025-11-14 12:51:47.161194: Current learning rate: 0.00851
2025-11-14 12:55:58.811595: train_loss -0.4233
2025-11-14 12:55:58.811824: val_loss -0.4306
2025-11-14 12:55:58.811925: Pseudo dice [np.float32(0.921), np.float32(0.7616), np.float32(0.0)]
2025-11-14 12:55:58.812025: Epoch time: 251.65 s
2025-11-14 12:55:59.886088: 
2025-11-14 12:55:59.886386: Epoch 165
2025-11-14 12:55:59.886531: Current learning rate: 0.0085
2025-11-14 13:00:11.711590: train_loss -0.4308
2025-11-14 13:00:11.711834: val_loss -0.4734
2025-11-14 13:00:11.711940: Pseudo dice [np.float32(0.9185), np.float32(0.7668), np.float32(0.0)]
2025-11-14 13:00:11.712041: Epoch time: 251.83 s
2025-11-14 13:00:12.792122: 
2025-11-14 13:00:12.792301: Epoch 166
2025-11-14 13:00:12.792424: Current learning rate: 0.00849
2025-11-14 13:04:24.422935: train_loss -0.4376
2025-11-14 13:04:24.423197: val_loss -0.4181
2025-11-14 13:04:24.423309: Pseudo dice [np.float32(0.9139), np.float32(0.7603), np.float32(0.0)]
2025-11-14 13:04:24.423413: Epoch time: 251.63 s
2025-11-14 13:04:25.502102: 
2025-11-14 13:04:25.502427: Epoch 167
2025-11-14 13:04:25.502651: Current learning rate: 0.00848
2025-11-14 13:08:37.401953: train_loss -0.4271
2025-11-14 13:08:37.402220: val_loss -0.4433
2025-11-14 13:08:37.402344: Pseudo dice [np.float32(0.911), np.float32(0.7651), np.float32(0.0)]
2025-11-14 13:08:37.402479: Epoch time: 251.9 s
2025-11-14 13:08:38.517362: 
2025-11-14 13:08:38.517612: Epoch 168
2025-11-14 13:08:38.517737: Current learning rate: 0.00847
2025-11-14 13:12:50.258792: train_loss -0.4303
2025-11-14 13:12:50.259054: val_loss -0.4465
2025-11-14 13:12:50.259157: Pseudo dice [np.float32(0.9093), np.float32(0.7674), np.float32(0.0)]
2025-11-14 13:12:50.259259: Epoch time: 251.74 s
2025-11-14 13:12:51.338197: 
2025-11-14 13:12:51.338366: Epoch 169
2025-11-14 13:12:51.338475: Current learning rate: 0.00847
2025-11-14 13:17:03.130450: train_loss -0.4264
2025-11-14 13:17:03.130725: val_loss -0.4282
2025-11-14 13:17:03.130832: Pseudo dice [np.float32(0.9137), np.float32(0.7657), np.float32(0.0)]
2025-11-14 13:17:03.130961: Epoch time: 251.79 s
2025-11-14 13:17:04.221782: 
2025-11-14 13:17:04.222041: Epoch 170
2025-11-14 13:17:04.222205: Current learning rate: 0.00846
2025-11-14 13:21:16.088863: train_loss -0.396
2025-11-14 13:21:16.089131: val_loss -0.4222
2025-11-14 13:21:16.089254: Pseudo dice [np.float32(0.9104), np.float32(0.7603), np.float32(0.0)]
2025-11-14 13:21:16.089394: Epoch time: 251.87 s
2025-11-14 13:21:17.106195: 
2025-11-14 13:21:17.106428: Epoch 171
2025-11-14 13:21:17.106581: Current learning rate: 0.00845
2025-11-14 13:25:29.487870: train_loss -0.3996
2025-11-14 13:25:29.488116: val_loss -0.4281
2025-11-14 13:25:29.488233: Pseudo dice [np.float32(0.9118), np.float32(0.7688), np.float32(0.0)]
2025-11-14 13:25:29.488342: Epoch time: 252.38 s
2025-11-14 13:25:30.591395: 
2025-11-14 13:25:30.591678: Epoch 172
2025-11-14 13:25:30.591802: Current learning rate: 0.00844
2025-11-14 13:29:42.784951: train_loss -0.409
2025-11-14 13:29:42.785215: val_loss -0.4385
2025-11-14 13:29:42.785330: Pseudo dice [np.float32(0.9194), np.float32(0.7467), np.float32(0.0)]
2025-11-14 13:29:42.785435: Epoch time: 252.19 s
2025-11-14 13:29:43.878488: 
2025-11-14 13:29:43.878676: Epoch 173
2025-11-14 13:29:43.878811: Current learning rate: 0.00843
2025-11-14 13:33:55.747090: train_loss -0.4172
2025-11-14 13:33:55.747364: val_loss -0.429
2025-11-14 13:33:55.747470: Pseudo dice [np.float32(0.919), np.float32(0.757), np.float32(0.0)]
2025-11-14 13:33:55.747571: Epoch time: 251.87 s
2025-11-14 13:33:57.406148: 
2025-11-14 13:33:57.406332: Epoch 174
2025-11-14 13:33:57.406471: Current learning rate: 0.00842
2025-11-14 13:38:09.147435: train_loss -0.4181
2025-11-14 13:38:09.147683: val_loss -0.4382
2025-11-14 13:38:09.147842: Pseudo dice [np.float32(0.9164), np.float32(0.7603), np.float32(0.0)]
2025-11-14 13:38:09.147954: Epoch time: 251.74 s
2025-11-14 13:38:10.230260: 
2025-11-14 13:38:10.230552: Epoch 175
2025-11-14 13:38:10.230697: Current learning rate: 0.00841
2025-11-14 13:42:22.193715: train_loss -0.4195
2025-11-14 13:42:22.193958: val_loss -0.4482
2025-11-14 13:42:22.194061: Pseudo dice [np.float32(0.9203), np.float32(0.7772), np.float32(0.0)]
2025-11-14 13:42:22.194161: Epoch time: 251.96 s
2025-11-14 13:42:23.293246: 
2025-11-14 13:42:23.293447: Epoch 176
2025-11-14 13:42:23.293565: Current learning rate: 0.0084
2025-11-14 13:46:35.104850: train_loss -0.4125
2025-11-14 13:46:35.105084: val_loss -0.4349
2025-11-14 13:46:35.105182: Pseudo dice [np.float32(0.9145), np.float32(0.7776), np.float32(0.0)]
2025-11-14 13:46:35.105319: Epoch time: 251.81 s
2025-11-14 13:46:36.178669: 
2025-11-14 13:46:36.178948: Epoch 177
2025-11-14 13:46:36.179067: Current learning rate: 0.00839
2025-11-14 13:50:48.062948: train_loss -0.4156
2025-11-14 13:50:48.063210: val_loss -0.4251
2025-11-14 13:50:48.063321: Pseudo dice [np.float32(0.9187), np.float32(0.773), np.float32(0.0)]
2025-11-14 13:50:48.063426: Epoch time: 251.89 s
2025-11-14 13:50:49.156358: 
2025-11-14 13:50:49.156595: Epoch 178
2025-11-14 13:50:49.156720: Current learning rate: 0.00838
2025-11-14 13:55:01.236228: train_loss -0.4197
2025-11-14 13:55:01.236510: val_loss -0.4668
2025-11-14 13:55:01.236645: Pseudo dice [np.float32(0.9228), np.float32(0.776), np.float32(0.0)]
2025-11-14 13:55:01.236752: Epoch time: 252.08 s
2025-11-14 13:55:02.320939: 
2025-11-14 13:55:02.321125: Epoch 179
2025-11-14 13:55:02.321238: Current learning rate: 0.00837
2025-11-14 13:59:14.065841: train_loss -0.4233
2025-11-14 13:59:14.066130: val_loss -0.4255
2025-11-14 13:59:14.066238: Pseudo dice [np.float32(0.9173), np.float32(0.7741), np.float32(0.0414)]
2025-11-14 13:59:14.066354: Epoch time: 251.75 s
2025-11-14 13:59:14.066436: Yayy! New best EMA pseudo Dice: 0.5630000233650208
2025-11-14 13:59:15.456402: 
2025-11-14 13:59:15.456583: Epoch 180
2025-11-14 13:59:15.456818: Current learning rate: 0.00836
2025-11-14 14:03:27.475451: train_loss -0.4228
2025-11-14 14:03:27.475719: val_loss -0.4541
2025-11-14 14:03:27.475821: Pseudo dice [np.float32(0.9193), np.float32(0.7553), np.float32(0.001)]
2025-11-14 14:03:27.475919: Epoch time: 252.02 s
2025-11-14 14:03:28.506775: 
2025-11-14 14:03:28.506944: Epoch 181
2025-11-14 14:03:28.507054: Current learning rate: 0.00836
2025-11-14 14:07:40.293124: train_loss -0.4399
2025-11-14 14:07:40.293368: val_loss -0.4379
2025-11-14 14:07:40.293468: Pseudo dice [np.float32(0.9156), np.float32(0.7538), np.float32(0.0232)]
2025-11-14 14:07:40.293567: Epoch time: 251.79 s
2025-11-14 14:07:41.375328: 
2025-11-14 14:07:41.375541: Epoch 182
2025-11-14 14:07:41.375661: Current learning rate: 0.00835
2025-11-14 14:11:53.465605: train_loss -0.4286
2025-11-14 14:11:53.465853: val_loss -0.4521
2025-11-14 14:11:53.465957: Pseudo dice [np.float32(0.9198), np.float32(0.7766), np.float32(0.1023)]
2025-11-14 14:11:53.466138: Epoch time: 252.09 s
2025-11-14 14:11:53.466226: Yayy! New best EMA pseudo Dice: 0.5663999915122986
2025-11-14 14:11:54.899778: 
2025-11-14 14:11:54.900016: Epoch 183
2025-11-14 14:11:54.900159: Current learning rate: 0.00834
2025-11-14 14:16:06.592475: train_loss -0.4113
2025-11-14 14:16:06.592714: val_loss -0.4224
2025-11-14 14:16:06.592815: Pseudo dice [np.float32(0.9101), np.float32(0.7656), np.float32(0.0838)]
2025-11-14 14:16:06.592913: Epoch time: 251.69 s
2025-11-14 14:16:06.592991: Yayy! New best EMA pseudo Dice: 0.5684000253677368
2025-11-14 14:16:07.959827: 
2025-11-14 14:16:07.960008: Epoch 184
2025-11-14 14:16:07.960124: Current learning rate: 0.00833
2025-11-14 14:20:20.047014: train_loss -0.4227
2025-11-14 14:20:20.047281: val_loss -0.4218
2025-11-14 14:20:20.047386: Pseudo dice [np.float32(0.9235), np.float32(0.7456), np.float32(0.0748)]
2025-11-14 14:20:20.047494: Epoch time: 252.09 s
2025-11-14 14:20:20.047579: Yayy! New best EMA pseudo Dice: 0.5697000026702881
2025-11-14 14:20:21.652738: 
2025-11-14 14:20:21.652900: Epoch 185
2025-11-14 14:20:21.653006: Current learning rate: 0.00832
2025-11-14 14:24:33.667124: train_loss -0.4214
2025-11-14 14:24:33.667387: val_loss -0.4436
2025-11-14 14:24:33.667495: Pseudo dice [np.float32(0.9192), np.float32(0.7576), np.float32(0.0552)]
2025-11-14 14:24:33.667740: Epoch time: 252.02 s
2025-11-14 14:24:33.667894: Yayy! New best EMA pseudo Dice: 0.5705000162124634
2025-11-14 14:24:35.138532: 
2025-11-14 14:24:35.138769: Epoch 186
2025-11-14 14:24:35.138884: Current learning rate: 0.00831
2025-11-14 14:28:47.131440: train_loss -0.4294
2025-11-14 14:28:47.131674: val_loss -0.4366
2025-11-14 14:28:47.131775: Pseudo dice [np.float32(0.9167), np.float32(0.7639), np.float32(0.0321)]
2025-11-14 14:28:47.131874: Epoch time: 251.99 s
2025-11-14 14:28:47.131953: Yayy! New best EMA pseudo Dice: 0.5705000162124634
2025-11-14 14:28:48.585254: 
2025-11-14 14:28:48.585444: Epoch 187
2025-11-14 14:28:48.585562: Current learning rate: 0.0083
2025-11-14 14:33:00.722937: train_loss -0.4176
2025-11-14 14:33:00.723252: val_loss -0.4365
2025-11-14 14:33:00.723368: Pseudo dice [np.float32(0.9136), np.float32(0.7645), np.float32(0.1037)]
2025-11-14 14:33:00.723470: Epoch time: 252.14 s
2025-11-14 14:33:00.723549: Yayy! New best EMA pseudo Dice: 0.5728999972343445
2025-11-14 14:33:02.118770: 
2025-11-14 14:33:02.118933: Epoch 188
2025-11-14 14:33:02.119051: Current learning rate: 0.00829
2025-11-14 14:37:14.080654: train_loss -0.4294
2025-11-14 14:37:14.080909: val_loss -0.4704
2025-11-14 14:37:14.081013: Pseudo dice [np.float32(0.9215), np.float32(0.774), np.float32(0.3711)]
2025-11-14 14:37:14.081117: Epoch time: 251.96 s
2025-11-14 14:37:14.081196: Yayy! New best EMA pseudo Dice: 0.5845000147819519
2025-11-14 14:37:15.562645: 
2025-11-14 14:37:15.562792: Epoch 189
2025-11-14 14:37:15.562897: Current learning rate: 0.00828
2025-11-14 14:41:27.820378: train_loss -0.4404
2025-11-14 14:41:27.820606: val_loss -0.4358
2025-11-14 14:41:27.820703: Pseudo dice [np.float32(0.9218), np.float32(0.7655), np.float32(0.0)]
2025-11-14 14:41:27.820801: Epoch time: 252.26 s
2025-11-14 14:41:28.906478: 
2025-11-14 14:41:28.906673: Epoch 190
2025-11-14 14:41:28.906787: Current learning rate: 0.00827
2025-11-14 14:45:41.041182: train_loss -0.4325
2025-11-14 14:45:41.041437: val_loss -0.4412
2025-11-14 14:45:41.041537: Pseudo dice [np.float32(0.9131), np.float32(0.7581), np.float32(0.1104)]
2025-11-14 14:45:41.041784: Epoch time: 252.14 s
2025-11-14 14:45:42.154711: 
2025-11-14 14:45:42.154891: Epoch 191
2025-11-14 14:45:42.154998: Current learning rate: 0.00826
2025-11-14 14:49:54.050114: train_loss -0.4165
2025-11-14 14:49:54.050364: val_loss -0.4371
2025-11-14 14:49:54.050503: Pseudo dice [np.float32(0.9155), np.float32(0.766), np.float32(0.0)]
2025-11-14 14:49:54.050663: Epoch time: 251.9 s
2025-11-14 14:49:55.153398: 
2025-11-14 14:49:55.153635: Epoch 192
2025-11-14 14:49:55.153755: Current learning rate: 0.00825
2025-11-14 14:54:07.196528: train_loss -0.4371
2025-11-14 14:54:07.196796: val_loss -0.428
2025-11-14 14:54:07.196902: Pseudo dice [np.float32(0.9152), np.float32(0.7633), np.float32(0.0607)]
2025-11-14 14:54:07.197004: Epoch time: 252.04 s
2025-11-14 14:54:08.286901: 
2025-11-14 14:54:08.287103: Epoch 193
2025-11-14 14:54:08.287228: Current learning rate: 0.00824
2025-11-14 14:58:20.405699: train_loss -0.4426
2025-11-14 14:58:20.405997: val_loss -0.4206
2025-11-14 14:58:20.406107: Pseudo dice [np.float32(0.9132), np.float32(0.7493), np.float32(0.0)]
2025-11-14 14:58:20.406212: Epoch time: 252.12 s
2025-11-14 14:58:21.522298: 
2025-11-14 14:58:21.522597: Epoch 194
2025-11-14 14:58:21.522753: Current learning rate: 0.00824
2025-11-14 15:02:33.398657: train_loss -0.4353
2025-11-14 15:02:33.398905: val_loss -0.4388
2025-11-14 15:02:33.399006: Pseudo dice [np.float32(0.9219), np.float32(0.7741), np.float32(0.274)]
2025-11-14 15:02:33.399106: Epoch time: 251.88 s
2025-11-14 15:02:33.399184: Yayy! New best EMA pseudo Dice: 0.5860999822616577
2025-11-14 15:02:34.822461: 
2025-11-14 15:02:34.822631: Epoch 195
2025-11-14 15:02:34.822745: Current learning rate: 0.00823
2025-11-14 15:06:46.352536: train_loss -0.4321
2025-11-14 15:06:46.352791: val_loss -0.4362
2025-11-14 15:06:46.352896: Pseudo dice [np.float32(0.9169), np.float32(0.7737), np.float32(0.038)]
2025-11-14 15:06:46.352998: Epoch time: 251.53 s
2025-11-14 15:06:47.476646: 
2025-11-14 15:06:47.476816: Epoch 196
2025-11-14 15:06:47.476929: Current learning rate: 0.00822
2025-11-14 15:10:59.481814: train_loss -0.4287
2025-11-14 15:10:59.482059: val_loss -0.4094
2025-11-14 15:10:59.482166: Pseudo dice [np.float32(0.9038), np.float32(0.7319), np.float32(0.0468)]
2025-11-14 15:10:59.485387: Epoch time: 252.01 s
2025-11-14 15:11:00.597454: 
2025-11-14 15:11:00.597688: Epoch 197
2025-11-14 15:11:00.597805: Current learning rate: 0.00821
2025-11-14 15:15:12.573519: train_loss -0.436
2025-11-14 15:15:12.573782: val_loss -0.4332
2025-11-14 15:15:12.573885: Pseudo dice [np.float32(0.917), np.float32(0.7563), np.float32(0.2682)]
2025-11-14 15:15:12.573987: Epoch time: 251.98 s
2025-11-14 15:15:12.574063: Yayy! New best EMA pseudo Dice: 0.5892000198364258
2025-11-14 15:15:14.056259: 
2025-11-14 15:15:14.056474: Epoch 198
2025-11-14 15:15:14.056629: Current learning rate: 0.0082
2025-11-14 15:19:25.973454: train_loss -0.4273
2025-11-14 15:19:25.973726: val_loss -0.4319
2025-11-14 15:19:25.973829: Pseudo dice [np.float32(0.9164), np.float32(0.7469), np.float32(0.067)]
2025-11-14 15:19:25.973931: Epoch time: 251.92 s
2025-11-14 15:19:27.075358: 
2025-11-14 15:19:27.075652: Epoch 199
2025-11-14 15:19:27.075794: Current learning rate: 0.00819
2025-11-14 15:23:38.903039: train_loss -0.4424
2025-11-14 15:23:38.903294: val_loss -0.4445
2025-11-14 15:23:38.903399: Pseudo dice [np.float32(0.9192), np.float32(0.7532), np.float32(0.0511)]
2025-11-14 15:23:38.903502: Epoch time: 251.83 s
2025-11-14 15:23:40.225587: 
2025-11-14 15:23:40.225781: Epoch 200
2025-11-14 15:23:40.225899: Current learning rate: 0.00818
2025-11-14 15:27:52.455984: train_loss -0.4436
2025-11-14 15:27:52.456200: val_loss -0.4707
2025-11-14 15:27:52.456305: Pseudo dice [np.float32(0.9121), np.float32(0.7722), np.float32(0.3919)]
2025-11-14 15:27:52.456405: Epoch time: 252.23 s
2025-11-14 15:27:52.456482: Yayy! New best EMA pseudo Dice: 0.597100019454956
2025-11-14 15:27:54.125534: 
2025-11-14 15:27:54.125728: Epoch 201
2025-11-14 15:27:54.125844: Current learning rate: 0.00817
2025-11-14 15:32:05.897254: train_loss -0.4471
2025-11-14 15:32:05.897504: val_loss -0.455
2025-11-14 15:32:05.897605: Pseudo dice [np.float32(0.9145), np.float32(0.7697), np.float32(0.3088)]
2025-11-14 15:32:05.897730: Epoch time: 251.77 s
2025-11-14 15:32:05.897811: Yayy! New best EMA pseudo Dice: 0.6037999987602234
2025-11-14 15:32:07.358009: 
2025-11-14 15:32:07.358192: Epoch 202
2025-11-14 15:32:07.358313: Current learning rate: 0.00816
2025-11-14 15:36:19.371740: train_loss -0.4379
2025-11-14 15:36:19.372018: val_loss -0.4469
2025-11-14 15:36:19.372122: Pseudo dice [np.float32(0.9202), np.float32(0.7702), np.float32(0.1559)]
2025-11-14 15:36:19.372308: Epoch time: 252.01 s
2025-11-14 15:36:19.372399: Yayy! New best EMA pseudo Dice: 0.6050000190734863
2025-11-14 15:36:20.875699: 
2025-11-14 15:36:20.875934: Epoch 203
2025-11-14 15:36:20.876050: Current learning rate: 0.00815
2025-11-14 15:40:33.005471: train_loss -0.4314
2025-11-14 15:40:33.005783: val_loss -0.4639
2025-11-14 15:40:33.005886: Pseudo dice [np.float32(0.9147), np.float32(0.7625), np.float32(0.3187)]
2025-11-14 15:40:33.005986: Epoch time: 252.13 s
2025-11-14 15:40:33.006062: Yayy! New best EMA pseudo Dice: 0.6110000014305115
2025-11-14 15:40:34.480311: 
2025-11-14 15:40:34.480567: Epoch 204
2025-11-14 15:40:34.480709: Current learning rate: 0.00814
2025-11-14 15:44:46.318660: train_loss -0.437
2025-11-14 15:44:46.318887: val_loss -0.441
2025-11-14 15:44:46.318986: Pseudo dice [np.float32(0.9199), np.float32(0.7641), np.float32(0.0547)]
2025-11-14 15:44:46.319114: Epoch time: 251.84 s
2025-11-14 15:44:48.002524: 
2025-11-14 15:44:48.002796: Epoch 205
2025-11-14 15:44:48.002914: Current learning rate: 0.00813
2025-11-14 15:49:00.189065: train_loss -0.4428
2025-11-14 15:49:00.189310: val_loss -0.47
2025-11-14 15:49:00.189437: Pseudo dice [np.float32(0.9233), np.float32(0.7829), np.float32(0.3873)]
2025-11-14 15:49:00.189541: Epoch time: 252.19 s
2025-11-14 15:49:00.189623: Yayy! New best EMA pseudo Dice: 0.6169000267982483
2025-11-14 15:49:01.609157: 
2025-11-14 15:49:01.609427: Epoch 206
2025-11-14 15:49:01.609549: Current learning rate: 0.00813
2025-11-14 15:53:13.492808: train_loss -0.4404
2025-11-14 15:53:13.493053: val_loss -0.4472
2025-11-14 15:53:13.493159: Pseudo dice [np.float32(0.9133), np.float32(0.7528), np.float32(0.0)]
2025-11-14 15:53:13.493268: Epoch time: 251.88 s
2025-11-14 15:53:14.530935: 
2025-11-14 15:53:14.531132: Epoch 207
2025-11-14 15:53:14.531246: Current learning rate: 0.00812
2025-11-14 15:57:26.837153: train_loss -0.4289
2025-11-14 15:57:26.837406: val_loss -0.4445
2025-11-14 15:57:26.837509: Pseudo dice [np.float32(0.9101), np.float32(0.7743), np.float32(0.0)]
2025-11-14 15:57:26.837608: Epoch time: 252.31 s
2025-11-14 15:57:27.923403: 
2025-11-14 15:57:27.923592: Epoch 208
2025-11-14 15:57:27.923708: Current learning rate: 0.00811
2025-11-14 16:01:39.958634: train_loss -0.4456
2025-11-14 16:01:39.958923: val_loss -0.4504
2025-11-14 16:01:39.959024: Pseudo dice [np.float32(0.9233), np.float32(0.7717), np.float32(0.1888)]
2025-11-14 16:01:39.959124: Epoch time: 252.04 s
2025-11-14 16:01:41.064260: 
2025-11-14 16:01:41.064521: Epoch 209
2025-11-14 16:01:41.064664: Current learning rate: 0.0081
2025-11-14 16:05:53.549724: train_loss -0.4458
2025-11-14 16:05:53.549993: val_loss -0.4468
2025-11-14 16:05:53.550094: Pseudo dice [np.float32(0.9069), np.float32(0.7555), np.float32(0.0467)]
2025-11-14 16:05:53.550194: Epoch time: 252.49 s
2025-11-14 16:05:54.647091: 
2025-11-14 16:05:54.647324: Epoch 210
2025-11-14 16:05:54.647434: Current learning rate: 0.00809
2025-11-14 16:10:06.578539: train_loss -0.4309
2025-11-14 16:10:06.578792: val_loss -0.4611
2025-11-14 16:10:06.578892: Pseudo dice [np.float32(0.9194), np.float32(0.7558), np.float32(0.414)]
2025-11-14 16:10:06.578996: Epoch time: 251.93 s
2025-11-14 16:10:07.662028: 
2025-11-14 16:10:07.662202: Epoch 211
2025-11-14 16:10:07.662320: Current learning rate: 0.00808
2025-11-14 16:14:19.973966: train_loss -0.4355
2025-11-14 16:14:19.974188: val_loss -0.4799
2025-11-14 16:14:19.974297: Pseudo dice [np.float32(0.9191), np.float32(0.7681), np.float32(0.2405)]
2025-11-14 16:14:19.974400: Epoch time: 252.31 s
2025-11-14 16:14:21.059761: 
2025-11-14 16:14:21.059937: Epoch 212
2025-11-14 16:14:21.060052: Current learning rate: 0.00807
2025-11-14 16:18:33.193684: train_loss -0.4387
2025-11-14 16:18:33.193912: val_loss -0.445
2025-11-14 16:18:33.194012: Pseudo dice [np.float32(0.9165), np.float32(0.7527), np.float32(0.1519)]
2025-11-14 16:18:33.194113: Epoch time: 252.13 s
2025-11-14 16:18:34.264375: 
2025-11-14 16:18:34.264562: Epoch 213
2025-11-14 16:18:34.264684: Current learning rate: 0.00806
2025-11-14 16:22:46.192654: train_loss -0.43
2025-11-14 16:22:46.192884: val_loss -0.4486
2025-11-14 16:22:46.192982: Pseudo dice [np.float32(0.9162), np.float32(0.7481), np.float32(0.1313)]
2025-11-14 16:22:46.193081: Epoch time: 251.93 s
2025-11-14 16:22:47.181487: 
2025-11-14 16:22:47.181664: Epoch 214
2025-11-14 16:22:47.181774: Current learning rate: 0.00805
2025-11-14 16:26:59.571371: train_loss -0.447
2025-11-14 16:26:59.571604: val_loss -0.4549
2025-11-14 16:26:59.571703: Pseudo dice [np.float32(0.92), np.float32(0.7682), np.float32(0.0679)]
2025-11-14 16:26:59.571805: Epoch time: 252.39 s
2025-11-14 16:27:00.654697: 
2025-11-14 16:27:00.654924: Epoch 215
2025-11-14 16:27:00.655055: Current learning rate: 0.00804
2025-11-14 16:31:12.728428: train_loss -0.4438
2025-11-14 16:31:12.728681: val_loss -0.4677
2025-11-14 16:31:12.728784: Pseudo dice [np.float32(0.9138), np.float32(0.7677), np.float32(0.4045)]
2025-11-14 16:31:12.728886: Epoch time: 252.07 s
2025-11-14 16:31:12.728967: Yayy! New best EMA pseudo Dice: 0.6193000078201294
2025-11-14 16:31:14.174287: 
2025-11-14 16:31:14.174486: Epoch 216
2025-11-14 16:31:14.174605: Current learning rate: 0.00803
2025-11-14 16:35:26.338202: train_loss -0.44
2025-11-14 16:35:26.338432: val_loss -0.4544
2025-11-14 16:35:26.338531: Pseudo dice [np.float32(0.9127), np.float32(0.7773), np.float32(0.0651)]
2025-11-14 16:35:26.338629: Epoch time: 252.16 s
2025-11-14 16:35:27.414529: 
2025-11-14 16:35:27.414720: Epoch 217
2025-11-14 16:35:27.414838: Current learning rate: 0.00802
2025-11-14 16:39:39.315527: train_loss -0.4465
2025-11-14 16:39:39.315765: val_loss -0.4322
2025-11-14 16:39:39.315869: Pseudo dice [np.float32(0.9116), np.float32(0.7699), np.float32(0.3217)]
2025-11-14 16:39:39.315969: Epoch time: 251.9 s
2025-11-14 16:39:39.316047: Yayy! New best EMA pseudo Dice: 0.6211000084877014
2025-11-14 16:39:40.762192: 
2025-11-14 16:39:40.762485: Epoch 218
2025-11-14 16:39:40.762622: Current learning rate: 0.00801
2025-11-14 16:43:52.601959: train_loss -0.4451
2025-11-14 16:43:52.602200: val_loss -0.4307
2025-11-14 16:43:52.602305: Pseudo dice [np.float32(0.9139), np.float32(0.7589), np.float32(0.111)]
2025-11-14 16:43:52.602406: Epoch time: 251.84 s
2025-11-14 16:43:53.676256: 
2025-11-14 16:43:53.676428: Epoch 219
2025-11-14 16:43:53.676540: Current learning rate: 0.00801
2025-11-14 16:48:05.874502: train_loss -0.4394
2025-11-14 16:48:05.874728: val_loss -0.4549
2025-11-14 16:48:05.874833: Pseudo dice [np.float32(0.9246), np.float32(0.7734), np.float32(0.3866)]
2025-11-14 16:48:05.874933: Epoch time: 252.2 s
2025-11-14 16:48:05.875009: Yayy! New best EMA pseudo Dice: 0.6261000037193298
2025-11-14 16:48:07.253182: 
2025-11-14 16:48:07.253369: Epoch 220
2025-11-14 16:48:07.253485: Current learning rate: 0.008
2025-11-14 16:52:19.231734: train_loss -0.4507
2025-11-14 16:52:19.231974: val_loss -0.4555
2025-11-14 16:52:19.232077: Pseudo dice [np.float32(0.9067), np.float32(0.7571), np.float32(0.2037)]
2025-11-14 16:52:19.232177: Epoch time: 251.98 s
2025-11-14 16:52:20.295780: 
2025-11-14 16:52:20.295944: Epoch 221
2025-11-14 16:52:20.296059: Current learning rate: 0.00799
2025-11-14 16:56:32.176998: train_loss -0.4468
2025-11-14 16:56:32.177241: val_loss -0.4545
2025-11-14 16:56:32.177349: Pseudo dice [np.float32(0.9094), np.float32(0.7748), np.float32(0.3812)]
2025-11-14 16:56:32.177453: Epoch time: 251.88 s
2025-11-14 16:56:32.177539: Yayy! New best EMA pseudo Dice: 0.6320000290870667
2025-11-14 16:56:34.258065: 
2025-11-14 16:56:34.258336: Epoch 222
2025-11-14 16:56:34.258451: Current learning rate: 0.00798
2025-11-14 17:00:46.361502: train_loss -0.4424
2025-11-14 17:00:46.361753: val_loss -0.4776
2025-11-14 17:00:46.361851: Pseudo dice [np.float32(0.9222), np.float32(0.7653), np.float32(0.3811)]
2025-11-14 17:00:46.361951: Epoch time: 252.1 s
2025-11-14 17:00:46.362030: Yayy! New best EMA pseudo Dice: 0.6377000212669373
2025-11-14 17:00:47.717180: 
2025-11-14 17:00:47.717356: Epoch 223
2025-11-14 17:00:47.717508: Current learning rate: 0.00797
2025-11-14 17:04:59.498829: train_loss -0.4479
2025-11-14 17:04:59.499067: val_loss -0.4361
2025-11-14 17:04:59.499168: Pseudo dice [np.float32(0.9193), np.float32(0.7626), np.float32(0.2556)]
2025-11-14 17:04:59.499269: Epoch time: 251.78 s
2025-11-14 17:04:59.499359: Yayy! New best EMA pseudo Dice: 0.6385999917984009
2025-11-14 17:05:00.915822: 
2025-11-14 17:05:00.916020: Epoch 224
2025-11-14 17:05:00.916146: Current learning rate: 0.00796
2025-11-14 17:09:13.187527: train_loss -0.4547
2025-11-14 17:09:13.187762: val_loss -0.4308
2025-11-14 17:09:13.187863: Pseudo dice [np.float32(0.9264), np.float32(0.7722), np.float32(0.1447)]
2025-11-14 17:09:13.187964: Epoch time: 252.27 s
2025-11-14 17:09:14.268319: 
2025-11-14 17:09:14.268512: Epoch 225
2025-11-14 17:09:14.268627: Current learning rate: 0.00795
2025-11-14 17:13:26.473543: train_loss -0.44
2025-11-14 17:13:26.474066: val_loss -0.4269
2025-11-14 17:13:26.474377: Pseudo dice [np.float32(0.9141), np.float32(0.7661), np.float32(0.3626)]
2025-11-14 17:13:26.474629: Epoch time: 252.21 s
2025-11-14 17:13:26.474844: Yayy! New best EMA pseudo Dice: 0.6406000256538391
2025-11-14 17:13:28.069844: 
2025-11-14 17:13:28.070022: Epoch 226
2025-11-14 17:13:28.070205: Current learning rate: 0.00794
2025-11-14 17:17:40.563936: train_loss -0.4485
2025-11-14 17:17:40.564189: val_loss -0.4545
2025-11-14 17:17:40.564298: Pseudo dice [np.float32(0.921), np.float32(0.7355), np.float32(0.1109)]
2025-11-14 17:17:40.564403: Epoch time: 252.5 s
2025-11-14 17:17:41.630929: 
2025-11-14 17:17:41.631133: Epoch 227
2025-11-14 17:17:41.631253: Current learning rate: 0.00793
2025-11-14 17:21:53.666512: train_loss -0.4592
2025-11-14 17:21:53.666830: val_loss -0.4513
2025-11-14 17:21:53.666941: Pseudo dice [np.float32(0.908), np.float32(0.7756), np.float32(0.1168)]
2025-11-14 17:21:53.667041: Epoch time: 252.04 s
2025-11-14 17:21:54.734550: 
2025-11-14 17:21:54.734776: Epoch 228
2025-11-14 17:21:54.734895: Current learning rate: 0.00792
2025-11-14 17:26:07.202636: train_loss -0.4298
2025-11-14 17:26:07.202875: val_loss -0.4307
2025-11-14 17:26:07.202974: Pseudo dice [np.float32(0.9201), np.float32(0.7552), np.float32(0.0438)]
2025-11-14 17:26:07.203076: Epoch time: 252.47 s
2025-11-14 17:26:08.271184: 
2025-11-14 17:26:08.271367: Epoch 229
2025-11-14 17:26:08.271485: Current learning rate: 0.00791
2025-11-14 17:30:20.470556: train_loss -0.4326
2025-11-14 17:30:20.470811: val_loss -0.4825
2025-11-14 17:30:20.470912: Pseudo dice [np.float32(0.9103), np.float32(0.7674), np.float32(0.0)]
2025-11-14 17:30:20.471014: Epoch time: 252.2 s
2025-11-14 17:30:21.566810: 
2025-11-14 17:30:21.567013: Epoch 230
2025-11-14 17:30:21.567135: Current learning rate: 0.0079
2025-11-14 17:34:33.597152: train_loss -0.5162
2025-11-14 17:34:33.597396: val_loss -0.646
2025-11-14 17:34:33.597500: Pseudo dice [np.float32(0.9172), np.float32(0.7686), np.float32(0.0)]
2025-11-14 17:34:33.597598: Epoch time: 252.03 s
2025-11-14 17:34:34.666633: 
2025-11-14 17:34:34.666867: Epoch 231
2025-11-14 17:34:34.666985: Current learning rate: 0.00789
2025-11-14 17:38:46.795344: train_loss -0.6475
2025-11-14 17:38:46.795598: val_loss -0.6469
2025-11-14 17:38:46.795701: Pseudo dice [np.float32(0.9118), np.float32(0.775), np.float32(0.0)]
2025-11-14 17:38:46.795801: Epoch time: 252.13 s
2025-11-14 17:38:47.869047: 
2025-11-14 17:38:47.869217: Epoch 232
2025-11-14 17:38:47.869337: Current learning rate: 0.00789
2025-11-14 17:42:59.668497: train_loss -0.6421
2025-11-14 17:42:59.668729: val_loss -0.6653
2025-11-14 17:42:59.668828: Pseudo dice [np.float32(0.9154), np.float32(0.7796), np.float32(0.0)]
2025-11-14 17:42:59.668931: Epoch time: 251.8 s
2025-11-14 17:43:00.734691: 
2025-11-14 17:43:00.735034: Epoch 233
2025-11-14 17:43:00.735182: Current learning rate: 0.00788
2025-11-14 17:47:12.950991: train_loss -0.6543
2025-11-14 17:47:12.951214: val_loss -0.6576
2025-11-14 17:47:12.951324: Pseudo dice [np.float32(0.9177), np.float32(0.7611), np.float32(0.0)]
2025-11-14 17:47:12.951423: Epoch time: 252.22 s
2025-11-14 17:47:14.015592: 
2025-11-14 17:47:14.015762: Epoch 234
2025-11-14 17:47:14.015876: Current learning rate: 0.00787
2025-11-14 17:51:26.277741: train_loss -0.6543
2025-11-14 17:51:26.295463: val_loss -0.648
2025-11-14 17:51:26.295598: Pseudo dice [np.float32(0.9212), np.float32(0.7762), np.float32(0.0)]
2025-11-14 17:51:26.295696: Epoch time: 252.26 s
2025-11-14 17:51:27.363287: 
2025-11-14 17:51:27.363489: Epoch 235
2025-11-14 17:51:27.363608: Current learning rate: 0.00786
2025-11-14 17:55:39.169158: train_loss -0.6562
2025-11-14 17:55:39.169587: val_loss -0.6497
2025-11-14 17:55:39.169695: Pseudo dice [np.float32(0.9146), np.float32(0.7693), np.float32(0.0)]
2025-11-14 17:55:39.169796: Epoch time: 251.81 s
2025-11-14 17:55:40.227960: 
2025-11-14 17:55:40.228179: Epoch 236
2025-11-14 17:55:40.228325: Current learning rate: 0.00785
2025-11-14 17:59:52.133017: train_loss -0.6555
2025-11-14 17:59:52.133523: val_loss -0.6387
2025-11-14 17:59:52.133692: Pseudo dice [np.float32(0.9209), np.float32(0.7721), np.float32(0.0)]
2025-11-14 17:59:52.133826: Epoch time: 251.91 s
2025-11-14 17:59:53.206124: 
2025-11-14 17:59:53.206310: Epoch 237
2025-11-14 17:59:53.206446: Current learning rate: 0.00784
2025-11-14 18:04:05.310020: train_loss -0.6394
2025-11-14 18:04:05.310512: val_loss -0.5904
2025-11-14 18:04:05.310616: Pseudo dice [np.float32(0.915), np.float32(0.7562), np.float32(0.0)]
2025-11-14 18:04:05.487152: Epoch time: 252.1 s
2025-11-14 18:04:07.180882: 
2025-11-14 18:04:07.181136: Epoch 238
2025-11-14 18:04:07.181332: Current learning rate: 0.00783
2025-11-14 18:08:19.117177: train_loss -0.6721
2025-11-14 18:08:19.117617: val_loss -0.6565
2025-11-14 18:08:19.117762: Pseudo dice [np.float32(0.914), np.float32(0.7752), np.float32(0.0)]
2025-11-14 18:08:19.117902: Epoch time: 251.94 s
2025-11-14 18:08:20.177161: 
2025-11-14 18:08:20.177452: Epoch 239
2025-11-14 18:08:20.177595: Current learning rate: 0.00782
2025-11-14 18:12:32.095824: train_loss -0.6524
2025-11-14 18:12:32.096209: val_loss -0.6385
2025-11-14 18:12:32.096345: Pseudo dice [np.float32(0.9185), np.float32(0.7613), np.float32(0.0)]
2025-11-14 18:12:32.096473: Epoch time: 251.92 s
2025-11-14 18:12:33.173109: 
2025-11-14 18:12:33.173435: Epoch 240
2025-11-14 18:12:33.173579: Current learning rate: 0.00781
2025-11-14 18:16:45.170214: train_loss -0.64
2025-11-14 18:16:45.170693: val_loss -0.6101
2025-11-14 18:16:45.170829: Pseudo dice [np.float32(0.9139), np.float32(0.757), np.float32(0.0)]
2025-11-14 18:16:45.170962: Epoch time: 252.0 s
2025-11-14 18:16:46.239267: 
2025-11-14 18:16:46.239533: Epoch 241
2025-11-14 18:16:46.239773: Current learning rate: 0.0078
2025-11-14 18:20:58.421231: train_loss -0.6585
2025-11-14 18:20:58.421748: val_loss -0.6601
2025-11-14 18:20:58.421884: Pseudo dice [np.float32(0.9038), np.float32(0.776), np.float32(0.0)]
2025-11-14 18:20:58.422015: Epoch time: 252.18 s
2025-11-14 18:20:59.504529: 
2025-11-14 18:20:59.504868: Epoch 242
2025-11-14 18:20:59.505017: Current learning rate: 0.00779
2025-11-14 18:25:11.461341: train_loss -0.665
2025-11-14 18:25:11.461783: val_loss -0.6423
2025-11-14 18:25:11.461921: Pseudo dice [np.float32(0.9139), np.float32(0.7689), np.float32(0.0)]
2025-11-14 18:25:11.462060: Epoch time: 251.96 s
2025-11-14 18:25:12.491589: 
2025-11-14 18:25:12.491827: Epoch 243
2025-11-14 18:25:12.491987: Current learning rate: 0.00778
2025-11-14 18:29:24.693281: train_loss -0.6549
2025-11-14 18:29:24.693791: val_loss -0.6639
2025-11-14 18:29:24.693921: Pseudo dice [np.float32(0.9124), np.float32(0.7745), np.float32(0.0)]
2025-11-14 18:29:24.694049: Epoch time: 252.2 s
2025-11-14 18:29:25.769348: 
2025-11-14 18:29:25.769614: Epoch 244
2025-11-14 18:29:25.769759: Current learning rate: 0.00777
2025-11-14 18:33:37.549963: train_loss -0.672
2025-11-14 18:33:37.550479: val_loss -0.6213
2025-11-14 18:33:37.550611: Pseudo dice [np.float32(0.9156), np.float32(0.7661), np.float32(0.0)]
2025-11-14 18:33:37.550738: Epoch time: 251.78 s
2025-11-14 18:33:38.628119: 
2025-11-14 18:33:38.628339: Epoch 245
2025-11-14 18:33:38.628487: Current learning rate: 0.00777
2025-11-14 18:37:50.483551: train_loss -0.6625
2025-11-14 18:37:50.484107: val_loss -0.6473
2025-11-14 18:37:50.484246: Pseudo dice [np.float32(0.911), np.float32(0.7537), np.float32(0.0)]
2025-11-14 18:37:50.484388: Epoch time: 251.86 s
2025-11-14 18:37:51.567891: 
2025-11-14 18:37:51.568119: Epoch 246
2025-11-14 18:37:51.568320: Current learning rate: 0.00776
2025-11-14 18:42:03.852568: train_loss -0.6438
2025-11-14 18:42:03.853073: val_loss -0.6333
2025-11-14 18:42:03.853233: Pseudo dice [np.float32(0.9191), np.float32(0.7738), np.float32(0.0)]
2025-11-14 18:42:03.853379: Epoch time: 252.29 s
2025-11-14 18:42:04.939464: 
2025-11-14 18:42:04.939684: Epoch 247
2025-11-14 18:42:04.939832: Current learning rate: 0.00775
2025-11-14 18:46:17.143534: train_loss -0.66
2025-11-14 18:46:17.143996: val_loss -0.6226
2025-11-14 18:46:17.144129: Pseudo dice [np.float32(0.9254), np.float32(0.7623), np.float32(0.0)]
2025-11-14 18:46:17.144257: Epoch time: 252.21 s
2025-11-14 18:46:18.176479: 
2025-11-14 18:46:18.176761: Epoch 248
2025-11-14 18:46:18.176904: Current learning rate: 0.00774
2025-11-14 18:50:29.955237: train_loss -0.6491
2025-11-14 18:50:29.955724: val_loss -0.6298
2025-11-14 18:50:29.955873: Pseudo dice [np.float32(0.907), np.float32(0.7741), np.float32(0.0)]
2025-11-14 18:50:29.956006: Epoch time: 251.78 s
2025-11-14 18:50:31.031637: 
2025-11-14 18:50:31.031852: Epoch 249
2025-11-14 18:50:31.031999: Current learning rate: 0.00773
2025-11-14 18:54:42.990377: train_loss -0.6628
2025-11-14 18:54:42.990852: val_loss -0.6526
2025-11-14 18:54:42.990994: Pseudo dice [np.float32(0.917), np.float32(0.7813), np.float32(0.0)]
2025-11-14 18:54:42.991132: Epoch time: 251.96 s
2025-11-14 18:54:44.372573: 
2025-11-14 18:54:44.372837: Epoch 250
2025-11-14 18:54:44.372974: Current learning rate: 0.00772
2025-11-14 18:58:56.402303: train_loss -0.6496
2025-11-14 18:58:56.402845: val_loss -0.6206
2025-11-14 18:58:56.402983: Pseudo dice [np.float32(0.9077), np.float32(0.7591), np.float32(0.0)]
2025-11-14 18:58:56.403118: Epoch time: 252.03 s
2025-11-14 18:58:57.486609: 
2025-11-14 18:58:57.486818: Epoch 251
2025-11-14 18:58:57.486964: Current learning rate: 0.00771
2025-11-14 19:03:09.585881: train_loss -0.6662
2025-11-14 19:03:09.586391: val_loss -0.6325
2025-11-14 19:03:09.586530: Pseudo dice [np.float32(0.9245), np.float32(0.7651), np.float32(0.0)]
2025-11-14 19:03:09.586667: Epoch time: 252.1 s
2025-11-14 19:03:10.664188: 
2025-11-14 19:03:10.664432: Epoch 252
2025-11-14 19:03:10.664579: Current learning rate: 0.0077
2025-11-14 19:07:22.665136: train_loss -0.6492
2025-11-14 19:07:22.665641: val_loss -0.6181
2025-11-14 19:07:22.665777: Pseudo dice [np.float32(0.912), np.float32(0.7718), np.float32(0.0)]
2025-11-14 19:07:22.665909: Epoch time: 252.0 s
2025-11-14 19:07:23.755540: 
2025-11-14 19:07:23.755913: Epoch 253
2025-11-14 19:07:23.756064: Current learning rate: 0.00769
2025-11-14 19:11:35.752591: train_loss -0.6527
2025-11-14 19:11:35.753052: val_loss -0.6324
2025-11-14 19:11:35.753194: Pseudo dice [np.float32(0.9091), np.float32(0.7795), np.float32(0.0)]
2025-11-14 19:11:35.753334: Epoch time: 252.0 s
2025-11-14 19:11:36.825608: 
2025-11-14 19:11:36.825846: Epoch 254
2025-11-14 19:11:36.825996: Current learning rate: 0.00768
2025-11-14 19:15:49.337841: train_loss -0.6527
2025-11-14 19:15:49.338325: val_loss -0.626
2025-11-14 19:15:49.338461: Pseudo dice [np.float32(0.9193), np.float32(0.7698), np.float32(0.0)]
2025-11-14 19:15:49.338587: Epoch time: 252.51 s
2025-11-14 19:15:50.404064: 
2025-11-14 19:15:50.404268: Epoch 255
2025-11-14 19:15:50.404469: Current learning rate: 0.00767
2025-11-14 19:20:02.490263: train_loss -0.665
2025-11-14 19:20:02.490866: val_loss -0.6287
2025-11-14 19:20:02.491004: Pseudo dice [np.float32(0.9031), np.float32(0.7685), np.float32(0.0)]
2025-11-14 19:20:02.491143: Epoch time: 252.09 s
2025-11-14 19:20:03.574513: 
2025-11-14 19:20:03.574813: Epoch 256
2025-11-14 19:20:03.574956: Current learning rate: 0.00766
2025-11-14 19:24:15.456547: train_loss -0.662
2025-11-14 19:24:15.457000: val_loss -0.6229
2025-11-14 19:24:15.457132: Pseudo dice [np.float32(0.9154), np.float32(0.7541), np.float32(0.0)]
2025-11-14 19:24:15.457262: Epoch time: 251.88 s
2025-11-14 19:24:16.522009: 
2025-11-14 19:24:16.522217: Epoch 257
2025-11-14 19:24:16.522389: Current learning rate: 0.00765
2025-11-14 19:28:28.511686: train_loss -0.6601
2025-11-14 19:28:28.512163: val_loss -0.6575
2025-11-14 19:28:28.512310: Pseudo dice [np.float32(0.9196), np.float32(0.7672), np.float32(0.0)]
2025-11-14 19:28:28.512450: Epoch time: 251.99 s
2025-11-14 19:28:29.582168: 
2025-11-14 19:28:29.582441: Epoch 258
2025-11-14 19:28:29.582592: Current learning rate: 0.00764
2025-11-14 19:32:41.304635: train_loss -0.649
2025-11-14 19:32:41.305123: val_loss -0.6416
2025-11-14 19:32:41.305261: Pseudo dice [np.float32(0.9238), np.float32(0.7697), np.float32(0.0)]
2025-11-14 19:32:41.305403: Epoch time: 251.72 s
2025-11-14 19:32:42.390558: 
2025-11-14 19:32:42.390800: Epoch 259
2025-11-14 19:32:42.390960: Current learning rate: 0.00764
2025-11-14 19:36:54.213758: train_loss -0.6698
2025-11-14 19:36:54.214240: val_loss -0.6355
2025-11-14 19:36:54.214388: Pseudo dice [np.float32(0.9152), np.float32(0.7744), np.float32(0.0)]
2025-11-14 19:36:54.214527: Epoch time: 251.82 s
2025-11-14 19:36:55.290338: 
2025-11-14 19:36:55.290547: Epoch 260
2025-11-14 19:36:55.290679: Current learning rate: 0.00763
2025-11-14 19:41:07.438727: train_loss -0.6467
2025-11-14 19:41:07.439137: val_loss -0.652
2025-11-14 19:41:07.439269: Pseudo dice [np.float32(0.918), np.float32(0.7776), np.float32(0.0)]
2025-11-14 19:41:07.439408: Epoch time: 252.15 s
2025-11-14 19:41:08.510287: 
2025-11-14 19:41:08.510512: Epoch 261
2025-11-14 19:41:08.510654: Current learning rate: 0.00762
2025-11-14 19:45:20.417229: train_loss -0.653
2025-11-14 19:45:20.417731: val_loss -0.6382
2025-11-14 19:45:20.417875: Pseudo dice [np.float32(0.9223), np.float32(0.7743), np.float32(0.0)]
2025-11-14 19:45:20.417990: Epoch time: 251.91 s
2025-11-14 19:45:21.528260: 
2025-11-14 19:45:21.528488: Epoch 262
2025-11-14 19:45:21.528629: Current learning rate: 0.00761
2025-11-14 19:49:33.487873: train_loss -0.6518
2025-11-14 19:49:33.488328: val_loss -0.6609
2025-11-14 19:49:33.488435: Pseudo dice [np.float32(0.9137), np.float32(0.7705), np.float32(0.0)]
2025-11-14 19:49:33.488537: Epoch time: 251.96 s
2025-11-14 19:49:34.567445: 
2025-11-14 19:49:34.567624: Epoch 263
2025-11-14 19:49:34.567741: Current learning rate: 0.0076
2025-11-14 19:53:46.331084: train_loss -0.6466
2025-11-14 19:53:46.331325: val_loss -0.654
2025-11-14 19:53:46.331426: Pseudo dice [np.float32(0.9186), np.float32(0.7749), np.float32(0.0)]
2025-11-14 19:53:46.331524: Epoch time: 251.76 s
2025-11-14 19:53:47.435193: 
2025-11-14 19:53:47.435379: Epoch 264
2025-11-14 19:53:47.435502: Current learning rate: 0.00759
2025-11-14 19:57:59.583785: train_loss -0.6636
2025-11-14 19:57:59.584022: val_loss -0.6311
2025-11-14 19:57:59.584122: Pseudo dice [np.float32(0.9056), np.float32(0.7636), np.float32(0.0)]
2025-11-14 19:57:59.584220: Epoch time: 252.15 s
2025-11-14 19:58:00.660941: 
2025-11-14 19:58:00.661188: Epoch 265
2025-11-14 19:58:00.661317: Current learning rate: 0.00758
2025-11-14 20:02:12.689872: train_loss -0.6638
2025-11-14 20:02:12.690116: val_loss -0.6374
2025-11-14 20:02:12.690215: Pseudo dice [np.float32(0.9208), np.float32(0.775), np.float32(0.0)]
2025-11-14 20:02:12.690321: Epoch time: 252.03 s
2025-11-14 20:02:13.780289: 
2025-11-14 20:02:13.780562: Epoch 266
2025-11-14 20:02:13.780693: Current learning rate: 0.00757
2025-11-14 20:06:25.598590: train_loss -0.6534
2025-11-14 20:06:25.598890: val_loss -0.6537
2025-11-14 20:06:25.598993: Pseudo dice [np.float32(0.9126), np.float32(0.7699), np.float32(0.0)]
2025-11-14 20:06:25.599092: Epoch time: 251.82 s
2025-11-14 20:06:26.689013: 
2025-11-14 20:06:26.689189: Epoch 267
2025-11-14 20:06:26.689306: Current learning rate: 0.00756
2025-11-14 20:10:38.857541: train_loss -0.6555
2025-11-14 20:10:38.857791: val_loss -0.6483
2025-11-14 20:10:38.857893: Pseudo dice [np.float32(0.9206), np.float32(0.7736), np.float32(0.0)]
2025-11-14 20:10:38.857999: Epoch time: 252.17 s
2025-11-14 20:10:39.950142: 
2025-11-14 20:10:39.950328: Epoch 268
2025-11-14 20:10:39.950456: Current learning rate: 0.00755
2025-11-14 20:14:51.990682: train_loss -0.6532
2025-11-14 20:14:51.990925: val_loss -0.6524
2025-11-14 20:14:51.991024: Pseudo dice [np.float32(0.9147), np.float32(0.7501), np.float32(0.0)]
2025-11-14 20:14:51.991123: Epoch time: 252.04 s
2025-11-14 20:14:53.095393: 
2025-11-14 20:14:53.095664: Epoch 269
2025-11-14 20:14:53.095808: Current learning rate: 0.00754
2025-11-14 20:19:05.218823: train_loss -0.6615
2025-11-14 20:19:05.219042: val_loss -0.6337
2025-11-14 20:19:05.219140: Pseudo dice [np.float32(0.9203), np.float32(0.7768), np.float32(0.0)]
2025-11-14 20:19:05.219238: Epoch time: 252.12 s
2025-11-14 20:19:06.308339: 
2025-11-14 20:19:06.308508: Epoch 270
2025-11-14 20:19:06.308623: Current learning rate: 0.00753
2025-11-14 20:23:18.085103: train_loss -0.6677
2025-11-14 20:23:18.085345: val_loss -0.6497
2025-11-14 20:23:18.085446: Pseudo dice [np.float32(0.9168), np.float32(0.7641), np.float32(0.0)]
2025-11-14 20:23:18.085545: Epoch time: 251.78 s
2025-11-14 20:23:19.821281: 
2025-11-14 20:23:19.821599: Epoch 271
2025-11-14 20:23:19.821721: Current learning rate: 0.00752
2025-11-14 20:27:31.892927: train_loss -0.6584
2025-11-14 20:27:31.893172: val_loss -0.6423
2025-11-14 20:27:31.893283: Pseudo dice [np.float32(0.9199), np.float32(0.7691), np.float32(0.0)]
2025-11-14 20:27:31.893384: Epoch time: 252.07 s
2025-11-14 20:27:32.990670: 
2025-11-14 20:27:32.990871: Epoch 272
2025-11-14 20:27:32.990990: Current learning rate: 0.00751
2025-11-14 20:31:45.260486: train_loss -0.6522
2025-11-14 20:31:45.260760: val_loss -0.6632
2025-11-14 20:31:45.260864: Pseudo dice [np.float32(0.9135), np.float32(0.7667), np.float32(0.0)]
2025-11-14 20:31:45.260964: Epoch time: 252.27 s
2025-11-14 20:31:46.342292: 
2025-11-14 20:31:46.342517: Epoch 273
2025-11-14 20:31:46.342639: Current learning rate: 0.00751
2025-11-14 20:35:58.449105: train_loss -0.6589
2025-11-14 20:35:58.449416: val_loss -0.6626
2025-11-14 20:35:58.449521: Pseudo dice [np.float32(0.9141), np.float32(0.7601), np.float32(0.0)]
2025-11-14 20:35:58.449625: Epoch time: 252.11 s
2025-11-14 20:35:59.535500: 
2025-11-14 20:35:59.535686: Epoch 274
2025-11-14 20:35:59.535799: Current learning rate: 0.0075
2025-11-14 20:40:11.438335: train_loss -0.6481
2025-11-14 20:40:11.438772: val_loss -0.6202
2025-11-14 20:40:11.438877: Pseudo dice [np.float32(0.9143), np.float32(0.7621), np.float32(0.0)]
2025-11-14 20:40:11.438978: Epoch time: 251.9 s
2025-11-14 20:40:12.519022: 
2025-11-14 20:40:12.519396: Epoch 275
2025-11-14 20:40:12.519613: Current learning rate: 0.00749
2025-11-14 20:44:24.254335: train_loss -0.6587
2025-11-14 20:44:24.254654: val_loss -0.6663
2025-11-14 20:44:24.254764: Pseudo dice [np.float32(0.9166), np.float32(0.7806), np.float32(0.0)]
2025-11-14 20:44:24.254870: Epoch time: 251.74 s
2025-11-14 20:44:25.350353: 
2025-11-14 20:44:25.350532: Epoch 276
2025-11-14 20:44:25.350643: Current learning rate: 0.00748
2025-11-14 20:48:37.152690: train_loss -0.6693
2025-11-14 20:48:37.152911: val_loss -0.6458
2025-11-14 20:48:37.153009: Pseudo dice [np.float32(0.9067), np.float32(0.7662), np.float32(0.0)]
2025-11-14 20:48:37.153107: Epoch time: 251.8 s
2025-11-14 20:48:38.222365: 
2025-11-14 20:48:38.222639: Epoch 277
2025-11-14 20:48:38.222777: Current learning rate: 0.00747
2025-11-14 20:52:50.295154: train_loss -0.6521
2025-11-14 20:52:50.295396: val_loss -0.6692
2025-11-14 20:52:50.295497: Pseudo dice [np.float32(0.913), np.float32(0.7818), np.float32(0.0)]
2025-11-14 20:52:50.295595: Epoch time: 252.07 s
2025-11-14 20:52:51.370205: 
2025-11-14 20:52:51.370364: Epoch 278
2025-11-14 20:52:51.370471: Current learning rate: 0.00746
2025-11-14 20:57:03.123122: train_loss -0.6419
2025-11-14 20:57:03.123421: val_loss -0.688
2025-11-14 20:57:03.123529: Pseudo dice [np.float32(0.9125), np.float32(0.7757), np.float32(0.0)]
2025-11-14 20:57:03.123632: Epoch time: 251.75 s
2025-11-14 20:57:04.234317: 
2025-11-14 20:57:04.234478: Epoch 279
2025-11-14 20:57:04.234591: Current learning rate: 0.00745
2025-11-14 21:01:16.499133: train_loss -0.6506
2025-11-14 21:01:16.499376: val_loss -0.6521
2025-11-14 21:01:16.499480: Pseudo dice [np.float32(0.9082), np.float32(0.7566), np.float32(0.0)]
2025-11-14 21:01:16.499581: Epoch time: 252.27 s
2025-11-14 21:01:17.571831: 
2025-11-14 21:01:17.572013: Epoch 280
2025-11-14 21:01:17.572128: Current learning rate: 0.00744
2025-11-14 21:05:29.556471: train_loss -0.6551
2025-11-14 21:05:29.556743: val_loss -0.65
2025-11-14 21:05:29.556846: Pseudo dice [np.float32(0.92), np.float32(0.7802), np.float32(0.0)]
2025-11-14 21:05:29.556945: Epoch time: 251.99 s
2025-11-14 21:05:30.644846: 
2025-11-14 21:05:30.645057: Epoch 281
2025-11-14 21:05:30.645179: Current learning rate: 0.00743
2025-11-14 21:09:42.207640: train_loss -0.6569
2025-11-14 21:09:42.207945: val_loss -0.626
2025-11-14 21:09:42.208050: Pseudo dice [np.float32(0.9132), np.float32(0.768), np.float32(0.0)]
2025-11-14 21:09:42.208149: Epoch time: 251.56 s
2025-11-14 21:09:43.292069: 
2025-11-14 21:09:43.292348: Epoch 282
2025-11-14 21:09:43.292471: Current learning rate: 0.00742
2025-11-14 21:13:55.229879: train_loss -0.6695
2025-11-14 21:13:55.230148: val_loss -0.6225
2025-11-14 21:13:55.230255: Pseudo dice [np.float32(0.9112), np.float32(0.7471), np.float32(0.0)]
2025-11-14 21:13:55.230363: Epoch time: 251.94 s
2025-11-14 21:13:56.309526: 
2025-11-14 21:13:56.309803: Epoch 283
2025-11-14 21:13:56.309979: Current learning rate: 0.00741
2025-11-14 21:18:07.892575: train_loss -0.6523
2025-11-14 21:18:07.892849: val_loss -0.6302
2025-11-14 21:18:07.892952: Pseudo dice [np.float32(0.9151), np.float32(0.7572), np.float32(0.0)]
2025-11-14 21:18:07.893051: Epoch time: 251.58 s
2025-11-14 21:18:08.969553: 
2025-11-14 21:18:08.969736: Epoch 284
2025-11-14 21:18:08.969850: Current learning rate: 0.0074
2025-11-14 21:22:20.837315: train_loss -0.6523
2025-11-14 21:22:20.837550: val_loss -0.6344
2025-11-14 21:22:20.837649: Pseudo dice [np.float32(0.9185), np.float32(0.7681), np.float32(0.0)]
2025-11-14 21:22:20.837746: Epoch time: 251.87 s
2025-11-14 21:22:21.923829: 
2025-11-14 21:22:21.924007: Epoch 285
2025-11-14 21:22:21.924119: Current learning rate: 0.00739
2025-11-14 21:26:33.885150: train_loss -0.6659
2025-11-14 21:26:33.885401: val_loss -0.6453
2025-11-14 21:26:33.885503: Pseudo dice [np.float32(0.9165), np.float32(0.7613), np.float32(0.0)]
2025-11-14 21:26:33.885642: Epoch time: 251.96 s
2025-11-14 21:26:34.967808: 
2025-11-14 21:26:34.968010: Epoch 286
2025-11-14 21:26:34.968136: Current learning rate: 0.00738
2025-11-14 21:30:46.891934: train_loss -0.6579
2025-11-14 21:30:46.892173: val_loss -0.628
2025-11-14 21:30:46.892278: Pseudo dice [np.float32(0.9168), np.float32(0.7696), np.float32(0.0)]
2025-11-14 21:30:46.892379: Epoch time: 251.93 s
2025-11-14 21:30:47.967207: 
2025-11-14 21:30:47.967376: Epoch 287
2025-11-14 21:30:47.967490: Current learning rate: 0.00738
2025-11-14 21:35:00.050603: train_loss -0.6713
2025-11-14 21:35:00.050894: val_loss -0.6388
2025-11-14 21:35:00.051002: Pseudo dice [np.float32(0.9181), np.float32(0.7573), np.float32(0.0)]
2025-11-14 21:35:00.051101: Epoch time: 252.08 s
2025-11-14 21:35:01.659294: 
2025-11-14 21:35:01.659481: Epoch 288
2025-11-14 21:35:01.659591: Current learning rate: 0.00737
2025-11-14 21:39:13.315038: train_loss -0.6688
2025-11-14 21:39:13.315290: val_loss -0.6319
2025-11-14 21:39:13.315394: Pseudo dice [np.float32(0.9252), np.float32(0.7573), np.float32(0.0)]
2025-11-14 21:39:13.315492: Epoch time: 251.66 s
2025-11-14 21:39:14.383882: 
2025-11-14 21:39:14.384075: Epoch 289
2025-11-14 21:39:14.384188: Current learning rate: 0.00736
2025-11-14 21:43:25.944849: train_loss -0.6691
2025-11-14 21:43:25.945073: val_loss -0.645
2025-11-14 21:43:25.945172: Pseudo dice [np.float32(0.9161), np.float32(0.7679), np.float32(0.0)]
2025-11-14 21:43:25.945268: Epoch time: 251.56 s
2025-11-14 21:43:27.021677: 
2025-11-14 21:43:27.021946: Epoch 290
2025-11-14 21:43:27.022092: Current learning rate: 0.00735
2025-11-14 21:47:38.713002: train_loss -0.6559
2025-11-14 21:47:38.713385: val_loss -0.6319
2025-11-14 21:47:38.713519: Pseudo dice [np.float32(0.9184), np.float32(0.7753), np.float32(0.0)]
2025-11-14 21:47:38.713621: Epoch time: 251.69 s
2025-11-14 21:47:39.799283: 
2025-11-14 21:47:39.799468: Epoch 291
2025-11-14 21:47:39.799578: Current learning rate: 0.00734
2025-11-14 21:51:51.487483: train_loss -0.6514
2025-11-14 21:51:51.487734: val_loss -0.6143
2025-11-14 21:51:51.487836: Pseudo dice [np.float32(0.9158), np.float32(0.7559), np.float32(0.0)]
2025-11-14 21:51:51.487932: Epoch time: 251.69 s
2025-11-14 21:51:52.569047: 
2025-11-14 21:51:52.569227: Epoch 292
2025-11-14 21:51:52.569389: Current learning rate: 0.00733
2025-11-14 21:56:04.852628: train_loss -0.6687
2025-11-14 21:56:04.852862: val_loss -0.6411
2025-11-14 21:56:04.852962: Pseudo dice [np.float32(0.9119), np.float32(0.7768), np.float32(0.0)]
2025-11-14 21:56:04.853062: Epoch time: 252.28 s
2025-11-14 21:56:05.934844: 
2025-11-14 21:56:05.935020: Epoch 293
2025-11-14 21:56:05.935131: Current learning rate: 0.00732
2025-11-14 22:00:17.875135: train_loss -0.6605
2025-11-14 22:00:17.875380: val_loss -0.6438
2025-11-14 22:00:17.875483: Pseudo dice [np.float32(0.9209), np.float32(0.7643), np.float32(0.0)]
2025-11-14 22:00:17.875583: Epoch time: 251.94 s
2025-11-14 22:00:18.954656: 
2025-11-14 22:00:18.954905: Epoch 294
2025-11-14 22:00:18.955074: Current learning rate: 0.00731
2025-11-14 22:04:30.368969: train_loss -0.6538
2025-11-14 22:04:30.369168: val_loss -0.6597
2025-11-14 22:04:30.369265: Pseudo dice [np.float32(0.9197), np.float32(0.7744), np.float32(0.0)]
2025-11-14 22:04:30.369370: Epoch time: 251.42 s
2025-11-14 22:04:31.445059: 
2025-11-14 22:04:31.445239: Epoch 295
2025-11-14 22:04:31.445367: Current learning rate: 0.0073
2025-11-14 22:08:43.311774: train_loss -0.66
2025-11-14 22:08:43.311964: val_loss -0.6357
2025-11-14 22:08:43.312093: Pseudo dice [np.float32(0.9174), np.float32(0.7659), np.float32(0.0)]
2025-11-14 22:08:43.312207: Epoch time: 251.87 s
2025-11-14 22:08:44.398139: 
2025-11-14 22:08:44.398316: Epoch 296
2025-11-14 22:08:44.398422: Current learning rate: 0.00729
2025-11-14 22:12:56.216549: train_loss -0.6547
2025-11-14 22:12:56.216786: val_loss -0.6412
2025-11-14 22:12:56.216884: Pseudo dice [np.float32(0.9178), np.float32(0.7658), np.float32(0.0)]
2025-11-14 22:12:56.216981: Epoch time: 251.82 s
2025-11-14 22:12:57.298487: 
2025-11-14 22:12:57.298658: Epoch 297
2025-11-14 22:12:57.298770: Current learning rate: 0.00728
2025-11-14 22:17:08.887691: train_loss -0.6769
2025-11-14 22:17:08.887924: val_loss -0.6055
2025-11-14 22:17:08.888021: Pseudo dice [np.float32(0.9118), np.float32(0.7629), np.float32(0.0)]
2025-11-14 22:17:08.888118: Epoch time: 251.59 s
2025-11-14 22:17:09.966588: 
2025-11-14 22:17:09.966768: Epoch 298
2025-11-14 22:17:09.966875: Current learning rate: 0.00727
2025-11-14 22:21:22.079532: train_loss -0.6536
2025-11-14 22:21:22.079777: val_loss -0.619
2025-11-14 22:21:22.079889: Pseudo dice [np.float32(0.9151), np.float32(0.7762), np.float32(0.0)]
2025-11-14 22:21:22.079990: Epoch time: 252.11 s
2025-11-14 22:21:23.158622: 
2025-11-14 22:21:23.158796: Epoch 299
2025-11-14 22:21:23.158912: Current learning rate: 0.00726
2025-11-14 22:25:35.570776: train_loss -0.6463
2025-11-14 22:25:35.571015: val_loss -0.6612
2025-11-14 22:25:35.571115: Pseudo dice [np.float32(0.9255), np.float32(0.7768), np.float32(0.0)]
2025-11-14 22:25:35.571211: Epoch time: 252.41 s
2025-11-14 22:25:36.960223: 
2025-11-14 22:25:36.960418: Epoch 300
2025-11-14 22:25:36.960579: Current learning rate: 0.00725
2025-11-14 22:29:48.447350: train_loss -0.6568
2025-11-14 22:29:48.447575: val_loss -0.6233
2025-11-14 22:29:48.447708: Pseudo dice [np.float32(0.9131), np.float32(0.767), np.float32(0.0)]
2025-11-14 22:29:48.447817: Epoch time: 251.49 s
2025-11-14 22:29:49.518666: 
2025-11-14 22:29:49.518823: Epoch 301
2025-11-14 22:29:49.518933: Current learning rate: 0.00724
2025-11-14 22:34:01.400331: train_loss -0.6621
2025-11-14 22:34:01.400562: val_loss -0.6394
2025-11-14 22:34:01.400659: Pseudo dice [np.float32(0.913), np.float32(0.7708), np.float32(0.0)]
2025-11-14 22:34:01.400754: Epoch time: 251.88 s
2025-11-14 22:34:02.473236: 
2025-11-14 22:34:02.473500: Epoch 302
2025-11-14 22:34:02.473636: Current learning rate: 0.00724
2025-11-14 22:38:14.478188: train_loss -0.659
2025-11-14 22:38:14.478424: val_loss -0.6468
2025-11-14 22:38:14.478522: Pseudo dice [np.float32(0.9217), np.float32(0.7736), np.float32(0.0)]
2025-11-14 22:38:14.478619: Epoch time: 252.01 s
2025-11-14 22:38:15.566254: 
2025-11-14 22:38:15.566447: Epoch 303
2025-11-14 22:38:15.566560: Current learning rate: 0.00723
2025-11-14 22:42:27.449155: train_loss -0.6798
2025-11-14 22:42:27.449397: val_loss -0.6669
2025-11-14 22:42:27.449495: Pseudo dice [np.float32(0.9185), np.float32(0.767), np.float32(0.0)]
2025-11-14 22:42:27.449721: Epoch time: 251.88 s
2025-11-14 22:42:29.100502: 
2025-11-14 22:42:29.100695: Epoch 304
2025-11-14 22:42:29.100803: Current learning rate: 0.00722
2025-11-14 22:46:40.798169: train_loss -0.6909
2025-11-14 22:46:40.798392: val_loss -0.6852
2025-11-14 22:46:40.798490: Pseudo dice [np.float32(0.9114), np.float32(0.7752), np.float32(0.0)]
2025-11-14 22:46:40.798585: Epoch time: 251.7 s
2025-11-14 22:46:41.880597: 
2025-11-14 22:46:41.880784: Epoch 305
2025-11-14 22:46:41.880897: Current learning rate: 0.00721
2025-11-14 22:50:53.535265: train_loss -0.6857
2025-11-14 22:50:53.535511: val_loss -0.661
2025-11-14 22:50:53.535609: Pseudo dice [np.float32(0.9189), np.float32(0.7563), np.float32(0.0)]
2025-11-14 22:50:53.535708: Epoch time: 251.66 s
2025-11-14 22:50:54.622383: 
2025-11-14 22:50:54.622567: Epoch 306
2025-11-14 22:50:54.622682: Current learning rate: 0.0072
2025-11-14 22:55:06.351362: train_loss -0.6969
2025-11-14 22:55:06.351608: val_loss -0.6765
2025-11-14 22:55:06.351707: Pseudo dice [np.float32(0.9208), np.float32(0.7757), np.float32(0.0)]
2025-11-14 22:55:06.351804: Epoch time: 251.73 s
2025-11-14 22:55:07.427075: 
2025-11-14 22:55:07.427262: Epoch 307
2025-11-14 22:55:07.427384: Current learning rate: 0.00719
2025-11-14 22:59:19.208520: train_loss -0.7043
2025-11-14 22:59:19.208742: val_loss -0.6704
2025-11-14 22:59:19.208875: Pseudo dice [np.float32(0.9195), np.float32(0.7743), np.float32(0.0)]
2025-11-14 22:59:19.208976: Epoch time: 251.78 s
2025-11-14 22:59:20.300936: 
2025-11-14 22:59:20.301169: Epoch 308
2025-11-14 22:59:20.301292: Current learning rate: 0.00718
2025-11-14 23:03:32.089576: train_loss -0.706
2025-11-14 23:03:32.089792: val_loss -0.6867
2025-11-14 23:03:32.089889: Pseudo dice [np.float32(0.9205), np.float32(0.768), np.float32(0.0)]
2025-11-14 23:03:32.089985: Epoch time: 251.79 s
2025-11-14 23:03:33.179791: 
2025-11-14 23:03:33.179965: Epoch 309
2025-11-14 23:03:33.180080: Current learning rate: 0.00717
2025-11-14 23:07:44.857616: train_loss -0.7055
2025-11-14 23:07:44.857832: val_loss -0.6244
2025-11-14 23:07:44.857929: Pseudo dice [np.float32(0.9211), np.float32(0.762), np.float32(0.0)]
2025-11-14 23:07:44.858026: Epoch time: 251.68 s
2025-11-14 23:07:45.942689: 
2025-11-14 23:07:45.942894: Epoch 310
2025-11-14 23:07:45.943025: Current learning rate: 0.00716
2025-11-14 23:11:57.704045: train_loss -0.7031
2025-11-14 23:11:57.704289: val_loss -0.6879
2025-11-14 23:11:57.704391: Pseudo dice [np.float32(0.9219), np.float32(0.7839), np.float32(0.0)]
2025-11-14 23:11:57.704490: Epoch time: 251.76 s
2025-11-14 23:11:58.785310: 
2025-11-14 23:11:58.785531: Epoch 311
2025-11-14 23:11:58.785649: Current learning rate: 0.00715
2025-11-14 23:16:10.466215: train_loss -0.7
2025-11-14 23:16:10.466458: val_loss -0.6677
2025-11-14 23:16:10.466557: Pseudo dice [np.float32(0.9059), np.float32(0.7581), np.float32(0.0)]
2025-11-14 23:16:10.466654: Epoch time: 251.68 s
2025-11-14 23:16:11.544149: 
2025-11-14 23:16:11.544378: Epoch 312
2025-11-14 23:16:11.544493: Current learning rate: 0.00714
2025-11-14 23:20:23.337056: train_loss -0.7027
2025-11-14 23:20:23.337303: val_loss -0.6678
2025-11-14 23:20:23.337409: Pseudo dice [np.float32(0.9168), np.float32(0.7531), np.float32(0.0)]
2025-11-14 23:20:23.337531: Epoch time: 251.79 s
2025-11-14 23:20:24.414946: 
2025-11-14 23:20:24.415230: Epoch 313
2025-11-14 23:20:24.415359: Current learning rate: 0.00713
2025-11-14 23:24:35.961227: train_loss -0.6888
2025-11-14 23:24:35.961467: val_loss -0.6698
2025-11-14 23:24:35.961567: Pseudo dice [np.float32(0.9172), np.float32(0.7582), np.float32(0.0)]
2025-11-14 23:24:35.961665: Epoch time: 251.55 s
2025-11-14 23:24:37.054651: 
2025-11-14 23:24:37.054814: Epoch 314
2025-11-14 23:24:37.054927: Current learning rate: 0.00712
2025-11-14 23:28:49.185832: train_loss -0.6859
2025-11-14 23:28:49.186063: val_loss -0.6374
2025-11-14 23:28:49.186163: Pseudo dice [np.float32(0.9143), np.float32(0.773), np.float32(0.0)]
2025-11-14 23:28:49.186262: Epoch time: 252.13 s
2025-11-14 23:28:50.273408: 
2025-11-14 23:28:50.273681: Epoch 315
2025-11-14 23:28:50.273807: Current learning rate: 0.00711
2025-11-14 23:33:02.268280: train_loss -0.697
2025-11-14 23:33:02.268508: val_loss -0.6912
2025-11-14 23:33:02.268608: Pseudo dice [np.float32(0.9202), np.float32(0.7559), np.float32(0.0)]
2025-11-14 23:33:02.268722: Epoch time: 252.0 s
2025-11-14 23:33:03.346347: 
2025-11-14 23:33:03.346587: Epoch 316
2025-11-14 23:33:03.346739: Current learning rate: 0.0071
2025-11-14 23:37:14.727690: train_loss -0.6994
2025-11-14 23:37:14.727918: val_loss -0.6559
2025-11-14 23:37:14.728017: Pseudo dice [np.float32(0.9091), np.float32(0.7472), np.float32(0.0)]
2025-11-14 23:37:14.728145: Epoch time: 251.38 s
2025-11-14 23:37:15.817012: 
2025-11-14 23:37:15.817176: Epoch 317
2025-11-14 23:37:15.817286: Current learning rate: 0.0071
2025-11-14 23:41:27.743580: train_loss -0.6747
2025-11-14 23:41:27.743811: val_loss -0.6691
2025-11-14 23:41:27.743911: Pseudo dice [np.float32(0.9182), np.float32(0.7727), np.float32(0.0)]
2025-11-14 23:41:27.744007: Epoch time: 251.93 s
2025-11-14 23:41:28.834898: 
2025-11-14 23:41:28.835076: Epoch 318
2025-11-14 23:41:28.835255: Current learning rate: 0.00709
2025-11-14 23:45:40.642247: train_loss -0.6964
2025-11-14 23:45:40.642501: val_loss -0.6632
2025-11-14 23:45:40.642599: Pseudo dice [np.float32(0.9176), np.float32(0.7755), np.float32(0.0)]
2025-11-14 23:45:40.642699: Epoch time: 251.81 s
2025-11-14 23:45:41.740459: 
2025-11-14 23:45:41.740624: Epoch 319
2025-11-14 23:45:41.740726: Current learning rate: 0.00708
2025-11-14 23:49:53.562835: train_loss -0.7159
2025-11-14 23:49:53.563085: val_loss -0.6444
2025-11-14 23:49:53.563192: Pseudo dice [np.float32(0.9262), np.float32(0.738), np.float32(0.0)]
2025-11-14 23:49:53.563301: Epoch time: 251.82 s
2025-11-14 23:49:55.172821: 
2025-11-14 23:49:55.173040: Epoch 320
2025-11-14 23:49:55.173187: Current learning rate: 0.00707
2025-11-14 23:54:06.701244: train_loss -0.7112
2025-11-14 23:54:06.701475: val_loss -0.677
2025-11-14 23:54:06.701584: Pseudo dice [np.float32(0.9217), np.float32(0.7614), np.float32(0.0)]
2025-11-14 23:54:06.701682: Epoch time: 251.53 s
2025-11-14 23:54:07.777433: 
2025-11-14 23:54:07.777617: Epoch 321
2025-11-14 23:54:07.777730: Current learning rate: 0.00706
2025-11-14 23:58:19.730740: train_loss -0.7034
2025-11-14 23:58:19.730972: val_loss -0.6537
2025-11-14 23:58:19.731068: Pseudo dice [np.float32(0.9147), np.float32(0.7663), np.float32(0.0)]
2025-11-14 23:58:19.731167: Epoch time: 251.95 s
2025-11-14 23:58:20.816586: 
2025-11-14 23:58:20.816772: Epoch 322
2025-11-14 23:58:20.816892: Current learning rate: 0.00705
2025-11-15 00:02:32.676678: train_loss -0.7007
2025-11-15 00:02:32.676951: val_loss -0.6771
2025-11-15 00:02:32.677052: Pseudo dice [np.float32(0.9143), np.float32(0.7797), np.float32(0.0)]
2025-11-15 00:02:32.677149: Epoch time: 251.86 s
2025-11-15 00:02:33.749232: 
2025-11-15 00:02:33.749414: Epoch 323
2025-11-15 00:02:33.749533: Current learning rate: 0.00704
2025-11-15 00:06:45.667144: train_loss -0.71
2025-11-15 00:06:45.667400: val_loss -0.683
2025-11-15 00:06:45.667500: Pseudo dice [np.float32(0.9153), np.float32(0.7694), np.float32(0.0)]
2025-11-15 00:06:45.667596: Epoch time: 251.92 s
2025-11-15 00:06:46.756474: 
2025-11-15 00:06:46.756658: Epoch 324
2025-11-15 00:06:46.756771: Current learning rate: 0.00703
2025-11-15 00:10:58.409959: train_loss -0.6932
2025-11-15 00:10:58.410199: val_loss -0.6949
2025-11-15 00:10:58.410308: Pseudo dice [np.float32(0.9248), np.float32(0.7738), np.float32(0.0)]
2025-11-15 00:10:58.410408: Epoch time: 251.65 s
2025-11-15 00:10:59.487419: 
2025-11-15 00:10:59.487655: Epoch 325
2025-11-15 00:10:59.487784: Current learning rate: 0.00702
2025-11-15 00:15:11.753458: train_loss -0.6776
2025-11-15 00:15:11.753660: val_loss -0.6417
2025-11-15 00:15:11.753759: Pseudo dice [np.float32(0.9012), np.float32(0.759), np.float32(0.0)]
2025-11-15 00:15:11.753853: Epoch time: 252.27 s
2025-11-15 00:15:12.860685: 
2025-11-15 00:15:12.865786: Epoch 326
2025-11-15 00:15:12.865916: Current learning rate: 0.00701
2025-11-15 00:19:24.695860: train_loss -0.6885
2025-11-15 00:19:24.696097: val_loss -0.669
2025-11-15 00:19:24.696197: Pseudo dice [np.float32(0.9206), np.float32(0.7796), np.float32(0.0)]
2025-11-15 00:19:24.696303: Epoch time: 251.84 s
2025-11-15 00:19:25.780775: 
2025-11-15 00:19:25.780959: Epoch 327
2025-11-15 00:19:25.781077: Current learning rate: 0.007
2025-11-15 00:23:37.355853: train_loss -0.7012
2025-11-15 00:23:37.356086: val_loss -0.6623
2025-11-15 00:23:37.356184: Pseudo dice [np.float32(0.9183), np.float32(0.7763), np.float32(0.0)]
2025-11-15 00:23:37.356290: Epoch time: 251.58 s
2025-11-15 00:23:38.439585: 
2025-11-15 00:23:38.439828: Epoch 328
2025-11-15 00:23:38.439995: Current learning rate: 0.00699
2025-11-15 00:27:50.245054: train_loss -0.6951
2025-11-15 00:27:50.245306: val_loss -0.6706
2025-11-15 00:27:50.245408: Pseudo dice [np.float32(0.9128), np.float32(0.7722), np.float32(0.0)]
2025-11-15 00:27:50.245506: Epoch time: 251.81 s
2025-11-15 00:27:51.373018: 
2025-11-15 00:27:51.373175: Epoch 329
2025-11-15 00:27:51.373288: Current learning rate: 0.00698
2025-11-15 00:32:03.071268: train_loss -0.6886
2025-11-15 00:32:03.071523: val_loss -0.6871
2025-11-15 00:32:03.071623: Pseudo dice [np.float32(0.9193), np.float32(0.7632), np.float32(0.0)]
2025-11-15 00:32:03.071720: Epoch time: 251.7 s
2025-11-15 00:32:04.136480: 
2025-11-15 00:32:04.136693: Epoch 330
2025-11-15 00:32:04.136811: Current learning rate: 0.00697
2025-11-15 00:36:16.049997: train_loss -0.6984
2025-11-15 00:36:16.050236: val_loss -0.644
2025-11-15 00:36:16.050391: Pseudo dice [np.float32(0.914), np.float32(0.7748), np.float32(0.0)]
2025-11-15 00:36:16.050523: Epoch time: 251.91 s
2025-11-15 00:36:17.133435: 
2025-11-15 00:36:17.133600: Epoch 331
2025-11-15 00:36:17.133751: Current learning rate: 0.00696
2025-11-15 00:40:28.616679: train_loss -0.7112
2025-11-15 00:40:28.616917: val_loss -0.6432
2025-11-15 00:40:28.617017: Pseudo dice [np.float32(0.9167), np.float32(0.7814), np.float32(0.0)]
2025-11-15 00:40:28.617114: Epoch time: 251.48 s
2025-11-15 00:40:29.693212: 
2025-11-15 00:40:29.693395: Epoch 332
2025-11-15 00:40:29.693511: Current learning rate: 0.00696
2025-11-15 00:44:41.516400: train_loss -0.7061
2025-11-15 00:44:41.516638: val_loss -0.6758
2025-11-15 00:44:41.516740: Pseudo dice [np.float32(0.916), np.float32(0.779), np.float32(0.0)]
2025-11-15 00:44:41.516857: Epoch time: 251.82 s
2025-11-15 00:44:42.622327: 
2025-11-15 00:44:42.622497: Epoch 333
2025-11-15 00:44:42.622611: Current learning rate: 0.00695
2025-11-15 00:48:54.468748: train_loss -0.69
2025-11-15 00:48:54.468967: val_loss -0.7026
2025-11-15 00:48:54.469065: Pseudo dice [np.float32(0.9124), np.float32(0.7691), np.float32(0.0)]
2025-11-15 00:48:54.469165: Epoch time: 251.85 s
2025-11-15 00:48:55.544114: 
2025-11-15 00:48:55.544343: Epoch 334
2025-11-15 00:48:55.544461: Current learning rate: 0.00694
2025-11-15 00:53:07.469924: train_loss -0.6908
2025-11-15 00:53:07.470170: val_loss -0.6927
2025-11-15 00:53:07.470265: Pseudo dice [np.float32(0.9104), np.float32(0.772), np.float32(0.0)]
2025-11-15 00:53:07.470406: Epoch time: 251.93 s
2025-11-15 00:53:08.561823: 
2025-11-15 00:53:08.562089: Epoch 335
2025-11-15 00:53:08.562253: Current learning rate: 0.00693
2025-11-15 00:57:20.383192: train_loss -0.6866
2025-11-15 00:57:20.383500: val_loss -0.6516
2025-11-15 00:57:20.383605: Pseudo dice [np.float32(0.9271), np.float32(0.7589), np.float32(0.0)]
2025-11-15 00:57:20.383705: Epoch time: 251.82 s
2025-11-15 00:57:22.046871: 
2025-11-15 00:57:22.047065: Epoch 336
2025-11-15 00:57:22.047251: Current learning rate: 0.00692
2025-11-15 01:01:33.874941: train_loss -0.7006
2025-11-15 01:01:33.875190: val_loss -0.6679
2025-11-15 01:01:33.875300: Pseudo dice [np.float32(0.9173), np.float32(0.7601), np.float32(0.0)]
2025-11-15 01:01:33.875399: Epoch time: 251.83 s
2025-11-15 01:01:34.982777: 
2025-11-15 01:01:34.982975: Epoch 337
2025-11-15 01:01:34.983099: Current learning rate: 0.00691
2025-11-15 01:05:46.871544: train_loss -0.7107
2025-11-15 01:05:46.871777: val_loss -0.6734
2025-11-15 01:05:46.871923: Pseudo dice [np.float32(0.9241), np.float32(0.7674), np.float32(0.0)]
2025-11-15 01:05:46.872052: Epoch time: 251.89 s
2025-11-15 01:05:47.955596: 
2025-11-15 01:05:47.955762: Epoch 338
2025-11-15 01:05:47.955871: Current learning rate: 0.0069
2025-11-15 01:09:59.777391: train_loss -0.698
2025-11-15 01:09:59.777650: val_loss -0.6934
2025-11-15 01:09:59.777762: Pseudo dice [np.float32(0.9147), np.float32(0.7687), np.float32(0.0)]
2025-11-15 01:09:59.777861: Epoch time: 251.82 s
2025-11-15 01:10:00.869500: 
2025-11-15 01:10:00.869684: Epoch 339
2025-11-15 01:10:00.869798: Current learning rate: 0.00689
2025-11-15 01:14:12.866291: train_loss -0.6981
2025-11-15 01:14:12.866530: val_loss -0.6639
2025-11-15 01:14:12.866627: Pseudo dice [np.float32(0.922), np.float32(0.7808), np.float32(0.0)]
2025-11-15 01:14:12.866725: Epoch time: 252.0 s
2025-11-15 01:14:13.956432: 
2025-11-15 01:14:13.956641: Epoch 340
2025-11-15 01:14:13.956764: Current learning rate: 0.00688
2025-11-15 01:18:25.695023: train_loss -0.7093
2025-11-15 01:18:25.695277: val_loss -0.6754
2025-11-15 01:18:25.695382: Pseudo dice [np.float32(0.916), np.float32(0.7571), np.float32(0.0)]
2025-11-15 01:18:25.695480: Epoch time: 251.74 s
2025-11-15 01:18:26.779656: 
2025-11-15 01:18:26.779906: Epoch 341
2025-11-15 01:18:26.780021: Current learning rate: 0.00687
2025-11-15 01:22:38.482572: train_loss -0.7114
2025-11-15 01:22:38.482848: val_loss -0.678
2025-11-15 01:22:38.482957: Pseudo dice [np.float32(0.9169), np.float32(0.7719), np.float32(0.0)]
2025-11-15 01:22:38.483058: Epoch time: 251.7 s
2025-11-15 01:22:39.566813: 
2025-11-15 01:22:39.567008: Epoch 342
2025-11-15 01:22:39.567168: Current learning rate: 0.00686
2025-11-15 01:26:51.551321: train_loss -0.7075
2025-11-15 01:26:51.551552: val_loss -0.6954
2025-11-15 01:26:51.551648: Pseudo dice [np.float32(0.9145), np.float32(0.7776), np.float32(0.0)]
2025-11-15 01:26:51.551744: Epoch time: 251.99 s
2025-11-15 01:26:52.644935: 
2025-11-15 01:26:52.645160: Epoch 343
2025-11-15 01:26:52.645291: Current learning rate: 0.00685
2025-11-15 01:31:04.347463: train_loss -0.7002
2025-11-15 01:31:04.347715: val_loss -0.637
2025-11-15 01:31:04.347812: Pseudo dice [np.float32(0.9245), np.float32(0.7714), np.float32(0.0)]
2025-11-15 01:31:04.347911: Epoch time: 251.7 s
2025-11-15 01:31:05.433456: 
2025-11-15 01:31:05.433718: Epoch 344
2025-11-15 01:31:05.433853: Current learning rate: 0.00684
2025-11-15 01:35:17.169018: train_loss -0.7016
2025-11-15 01:35:17.169255: val_loss -0.66
2025-11-15 01:35:17.169359: Pseudo dice [np.float32(0.915), np.float32(0.7764), np.float32(0.0)]
2025-11-15 01:35:17.169497: Epoch time: 251.74 s
2025-11-15 01:35:18.256022: 
2025-11-15 01:35:18.256248: Epoch 345
2025-11-15 01:35:18.256383: Current learning rate: 0.00683
2025-11-15 01:39:30.479036: train_loss -0.6858
2025-11-15 01:39:30.479286: val_loss -0.6843
2025-11-15 01:39:30.479386: Pseudo dice [np.float32(0.9119), np.float32(0.7719), np.float32(0.0)]
2025-11-15 01:39:30.479487: Epoch time: 252.22 s
2025-11-15 01:39:31.590313: 
2025-11-15 01:39:31.590565: Epoch 346
2025-11-15 01:39:31.590685: Current learning rate: 0.00682
2025-11-15 01:43:43.543476: train_loss -0.7069
2025-11-15 01:43:43.543693: val_loss -0.6769
2025-11-15 01:43:43.543792: Pseudo dice [np.float32(0.9148), np.float32(0.7841), np.float32(0.0)]
2025-11-15 01:43:43.543888: Epoch time: 251.95 s
2025-11-15 01:43:44.642886: 
2025-11-15 01:43:44.643045: Epoch 347
2025-11-15 01:43:44.643170: Current learning rate: 0.00681
2025-11-15 01:47:56.285255: train_loss -0.6902
2025-11-15 01:47:56.285495: val_loss -0.6726
2025-11-15 01:47:56.285593: Pseudo dice [np.float32(0.9125), np.float32(0.7631), np.float32(0.0)]
2025-11-15 01:47:56.285733: Epoch time: 251.64 s
2025-11-15 01:47:57.370258: 
2025-11-15 01:47:57.370470: Epoch 348
2025-11-15 01:47:57.370583: Current learning rate: 0.0068
2025-11-15 01:52:09.102649: train_loss -0.7081
2025-11-15 01:52:09.102889: val_loss -0.684
2025-11-15 01:52:09.102986: Pseudo dice [np.float32(0.9244), np.float32(0.7618), np.float32(0.0)]
2025-11-15 01:52:09.103084: Epoch time: 251.73 s
2025-11-15 01:52:10.198124: 
2025-11-15 01:52:10.198296: Epoch 349
2025-11-15 01:52:10.198403: Current learning rate: 0.0068
2025-11-15 01:56:21.762622: train_loss -0.7096
2025-11-15 01:56:21.762858: val_loss -0.681
2025-11-15 01:56:21.762957: Pseudo dice [np.float32(0.9053), np.float32(0.7767), np.float32(0.0)]
2025-11-15 01:56:21.763056: Epoch time: 251.57 s
2025-11-15 01:56:23.127330: 
2025-11-15 01:56:23.127470: Epoch 350
2025-11-15 01:56:23.127578: Current learning rate: 0.00679
2025-11-15 02:00:35.193366: train_loss -0.6953
2025-11-15 02:00:35.193595: val_loss -0.68
2025-11-15 02:00:35.193732: Pseudo dice [np.float32(0.9187), np.float32(0.7634), np.float32(0.0)]
2025-11-15 02:00:35.193846: Epoch time: 252.07 s
2025-11-15 02:00:36.286711: 
2025-11-15 02:00:36.286883: Epoch 351
2025-11-15 02:00:36.287003: Current learning rate: 0.00678
2025-11-15 02:04:48.133103: train_loss -0.6961
2025-11-15 02:04:48.133350: val_loss -0.6508
2025-11-15 02:04:48.133452: Pseudo dice [np.float32(0.9216), np.float32(0.7717), np.float32(0.0)]
2025-11-15 02:04:48.133586: Epoch time: 251.85 s
2025-11-15 02:04:49.762278: 
2025-11-15 02:04:49.762429: Epoch 352
2025-11-15 02:04:49.762533: Current learning rate: 0.00677
2025-11-15 02:09:01.741504: train_loss -0.7057
2025-11-15 02:09:01.741737: val_loss -0.6526
2025-11-15 02:09:01.741838: Pseudo dice [np.float32(0.9166), np.float32(0.7744), np.float32(0.0)]
2025-11-15 02:09:01.741941: Epoch time: 251.98 s
2025-11-15 02:09:02.827901: 
2025-11-15 02:09:02.828139: Epoch 353
2025-11-15 02:09:02.828260: Current learning rate: 0.00676
2025-11-15 02:13:14.817227: train_loss -0.6817
2025-11-15 02:13:14.817469: val_loss -0.6341
2025-11-15 02:13:14.817569: Pseudo dice [np.float32(0.9172), np.float32(0.7558), np.float32(0.0)]
2025-11-15 02:13:14.817703: Epoch time: 251.99 s
2025-11-15 02:13:15.917602: 
2025-11-15 02:13:15.917812: Epoch 354
2025-11-15 02:13:15.917981: Current learning rate: 0.00675
2025-11-15 02:17:27.748756: train_loss -0.6926
2025-11-15 02:17:27.748995: val_loss -0.6747
2025-11-15 02:17:27.749095: Pseudo dice [np.float32(0.9111), np.float32(0.7395), np.float32(0.0)]
2025-11-15 02:17:27.749193: Epoch time: 251.83 s
2025-11-15 02:17:28.837373: 
2025-11-15 02:17:28.837653: Epoch 355
2025-11-15 02:17:28.837773: Current learning rate: 0.00674
2025-11-15 02:21:40.553267: train_loss -0.6876
2025-11-15 02:21:40.553571: val_loss -0.6533
2025-11-15 02:21:40.553677: Pseudo dice [np.float32(0.9205), np.float32(0.7575), np.float32(0.0)]
2025-11-15 02:21:40.553779: Epoch time: 251.72 s
2025-11-15 02:21:41.648894: 
2025-11-15 02:21:41.649114: Epoch 356
2025-11-15 02:21:41.649247: Current learning rate: 0.00673
2025-11-15 02:25:53.342479: train_loss -0.7101
2025-11-15 02:25:53.342713: val_loss -0.675
2025-11-15 02:25:53.342829: Pseudo dice [np.float32(0.9276), np.float32(0.7593), np.float32(0.0)]
2025-11-15 02:25:53.342929: Epoch time: 251.69 s
2025-11-15 02:25:54.443432: 
2025-11-15 02:25:54.443668: Epoch 357
2025-11-15 02:25:54.443784: Current learning rate: 0.00672
2025-11-15 02:30:06.566358: train_loss -0.6958
2025-11-15 02:30:06.566580: val_loss -0.6678
2025-11-15 02:30:06.566677: Pseudo dice [np.float32(0.915), np.float32(0.7709), np.float32(0.0)]
2025-11-15 02:30:06.566777: Epoch time: 252.12 s
2025-11-15 02:30:07.656429: 
2025-11-15 02:30:07.656662: Epoch 358
2025-11-15 02:30:07.656773: Current learning rate: 0.00671
2025-11-15 02:34:19.302495: train_loss -0.6809
2025-11-15 02:34:19.302743: val_loss -0.7
2025-11-15 02:34:19.302842: Pseudo dice [np.float32(0.9158), np.float32(0.7598), np.float32(0.0)]
2025-11-15 02:34:19.302967: Epoch time: 251.65 s
2025-11-15 02:34:20.437995: 
2025-11-15 02:34:20.438252: Epoch 359
2025-11-15 02:34:20.438370: Current learning rate: 0.0067
2025-11-15 02:38:32.236255: train_loss -0.6932
2025-11-15 02:38:32.236559: val_loss -0.6673
2025-11-15 02:38:32.236663: Pseudo dice [np.float32(0.9126), np.float32(0.7659), np.float32(0.0)]
2025-11-15 02:38:32.236763: Epoch time: 251.8 s
2025-11-15 02:38:33.316029: 
2025-11-15 02:38:33.316245: Epoch 360
2025-11-15 02:38:33.316377: Current learning rate: 0.00669
2025-11-15 02:42:44.926008: train_loss -0.7118
2025-11-15 02:42:44.926288: val_loss -0.6889
2025-11-15 02:42:44.926396: Pseudo dice [np.float32(0.9127), np.float32(0.7704), np.float32(0.0)]
2025-11-15 02:42:44.926497: Epoch time: 251.61 s
2025-11-15 02:42:45.991610: 
2025-11-15 02:42:45.991872: Epoch 361
2025-11-15 02:42:45.991999: Current learning rate: 0.00668
2025-11-15 02:46:57.850572: train_loss -0.6911
2025-11-15 02:46:57.850811: val_loss -0.6936
2025-11-15 02:46:57.850910: Pseudo dice [np.float32(0.9113), np.float32(0.7773), np.float32(0.0)]
2025-11-15 02:46:57.851009: Epoch time: 251.86 s
2025-11-15 02:46:58.938865: 
2025-11-15 02:46:58.939044: Epoch 362
2025-11-15 02:46:58.939164: Current learning rate: 0.00667
2025-11-15 02:51:10.524684: train_loss -0.7026
2025-11-15 02:51:10.524897: val_loss -0.6858
2025-11-15 02:51:10.524996: Pseudo dice [np.float32(0.916), np.float32(0.7773), np.float32(0.0)]
2025-11-15 02:51:10.525092: Epoch time: 251.59 s
2025-11-15 02:51:11.610328: 
2025-11-15 02:51:11.610586: Epoch 363
2025-11-15 02:51:11.610728: Current learning rate: 0.00666
2025-11-15 02:55:23.249390: train_loss -0.7112
2025-11-15 02:55:23.249626: val_loss -0.6893
2025-11-15 02:55:23.249726: Pseudo dice [np.float32(0.9138), np.float32(0.7687), np.float32(0.0)]
2025-11-15 02:55:23.249825: Epoch time: 251.64 s
2025-11-15 02:55:24.344235: 
2025-11-15 02:55:24.344395: Epoch 364
2025-11-15 02:55:24.344506: Current learning rate: 0.00665
2025-11-15 02:59:36.172741: train_loss -0.7141
2025-11-15 02:59:36.172989: val_loss -0.6738
2025-11-15 02:59:36.173089: Pseudo dice [np.float32(0.926), np.float32(0.7631), np.float32(0.0)]
2025-11-15 02:59:36.173186: Epoch time: 251.83 s
2025-11-15 02:59:37.264484: 
2025-11-15 02:59:37.264691: Epoch 365
2025-11-15 02:59:37.264805: Current learning rate: 0.00665
2025-11-15 03:03:49.086529: train_loss -0.7048
2025-11-15 03:03:49.086762: val_loss -0.6785
2025-11-15 03:03:49.086861: Pseudo dice [np.float32(0.9186), np.float32(0.756), np.float32(0.0)]
2025-11-15 03:03:49.086961: Epoch time: 251.82 s
2025-11-15 03:03:50.200827: 
2025-11-15 03:03:50.201097: Epoch 366
2025-11-15 03:03:50.201244: Current learning rate: 0.00664
2025-11-15 03:08:01.803632: train_loss -0.7014
2025-11-15 03:08:01.803860: val_loss -0.7404
2025-11-15 03:08:01.803960: Pseudo dice [np.float32(0.9163), np.float32(0.7788), np.float32(0.0)]
2025-11-15 03:08:01.804059: Epoch time: 251.6 s
2025-11-15 03:08:02.811404: 
2025-11-15 03:08:02.811589: Epoch 367
2025-11-15 03:08:02.811701: Current learning rate: 0.00663
2025-11-15 03:12:14.665292: train_loss -0.7143
2025-11-15 03:12:14.665565: val_loss -0.6543
2025-11-15 03:12:14.665673: Pseudo dice [np.float32(0.9146), np.float32(0.777), np.float32(0.0)]
2025-11-15 03:12:14.665771: Epoch time: 251.85 s
2025-11-15 03:12:16.342227: 
2025-11-15 03:12:16.342491: Epoch 368
2025-11-15 03:12:16.342707: Current learning rate: 0.00662
2025-11-15 03:16:28.096371: train_loss -0.7089
2025-11-15 03:16:28.096603: val_loss -0.6577
2025-11-15 03:16:28.096700: Pseudo dice [np.float32(0.9149), np.float32(0.7676), np.float32(0.0)]
2025-11-15 03:16:28.096797: Epoch time: 251.76 s
2025-11-15 03:16:29.192383: 
2025-11-15 03:16:29.192572: Epoch 369
2025-11-15 03:16:29.192685: Current learning rate: 0.00661
2025-11-15 03:20:41.027289: train_loss -0.7104
2025-11-15 03:20:41.027581: val_loss -0.6423
2025-11-15 03:20:41.027688: Pseudo dice [np.float32(0.9107), np.float32(0.779), np.float32(0.0)]
2025-11-15 03:20:41.027790: Epoch time: 251.84 s
2025-11-15 03:20:42.127239: 
2025-11-15 03:20:42.127430: Epoch 370
2025-11-15 03:20:42.127542: Current learning rate: 0.0066
2025-11-15 03:24:53.804564: train_loss -0.6827
2025-11-15 03:24:53.804809: val_loss -0.6906
2025-11-15 03:24:53.804908: Pseudo dice [np.float32(0.9118), np.float32(0.7561), np.float32(0.0)]
2025-11-15 03:24:53.805006: Epoch time: 251.68 s
2025-11-15 03:24:54.906687: 
2025-11-15 03:24:54.906884: Epoch 371
2025-11-15 03:24:54.907002: Current learning rate: 0.00659
2025-11-15 03:29:06.685920: train_loss -0.7008
2025-11-15 03:29:06.686140: val_loss -0.6507
2025-11-15 03:29:06.686254: Pseudo dice [np.float32(0.9157), np.float32(0.7548), np.float32(0.0)]
2025-11-15 03:29:06.686371: Epoch time: 251.78 s
2025-11-15 03:29:07.775243: 
2025-11-15 03:29:07.775437: Epoch 372
2025-11-15 03:29:07.775553: Current learning rate: 0.00658
2025-11-15 03:33:19.571109: train_loss -0.6862
2025-11-15 03:33:19.571341: val_loss -0.699
2025-11-15 03:33:19.571440: Pseudo dice [np.float32(0.9234), np.float32(0.7726), np.float32(0.0)]
2025-11-15 03:33:19.571573: Epoch time: 251.8 s
2025-11-15 03:33:20.666513: 
2025-11-15 03:33:20.666702: Epoch 373
2025-11-15 03:33:20.666816: Current learning rate: 0.00657
2025-11-15 03:37:32.650236: train_loss -0.6734
2025-11-15 03:37:32.650472: val_loss -0.7036
2025-11-15 03:37:32.650612: Pseudo dice [np.float32(0.9185), np.float32(0.7732), np.float32(0.0)]
2025-11-15 03:37:32.650714: Epoch time: 251.98 s
2025-11-15 03:37:33.743909: 
2025-11-15 03:37:33.744115: Epoch 374
2025-11-15 03:37:33.744235: Current learning rate: 0.00656
2025-11-15 03:41:45.683783: train_loss -0.718
2025-11-15 03:41:45.684024: val_loss -0.6584
2025-11-15 03:41:45.684123: Pseudo dice [np.float32(0.92), np.float32(0.7688), np.float32(0.0)]
2025-11-15 03:41:45.684221: Epoch time: 251.94 s
2025-11-15 03:41:46.777061: 
2025-11-15 03:41:46.777223: Epoch 375
2025-11-15 03:41:46.777340: Current learning rate: 0.00655
2025-11-15 03:45:58.899585: train_loss -0.6974
2025-11-15 03:45:58.899822: val_loss -0.6925
2025-11-15 03:45:58.899922: Pseudo dice [np.float32(0.9132), np.float32(0.7693), np.float32(0.0)]
2025-11-15 03:45:58.900018: Epoch time: 252.12 s
2025-11-15 03:45:59.987418: 
2025-11-15 03:45:59.987589: Epoch 376
2025-11-15 03:45:59.987700: Current learning rate: 0.00654
2025-11-15 03:50:11.851114: train_loss -0.6875
2025-11-15 03:50:11.851361: val_loss -0.7147
2025-11-15 03:50:11.851461: Pseudo dice [np.float32(0.9166), np.float32(0.7771), np.float32(0.0)]
2025-11-15 03:50:11.851561: Epoch time: 251.86 s
2025-11-15 03:50:12.953551: 
2025-11-15 03:50:12.953833: Epoch 377
2025-11-15 03:50:12.953988: Current learning rate: 0.00653
2025-11-15 03:54:25.200946: train_loss -0.7027
2025-11-15 03:54:25.201198: val_loss -0.6991
2025-11-15 03:54:25.201304: Pseudo dice [np.float32(0.9116), np.float32(0.7608), np.float32(0.0)]
2025-11-15 03:54:25.201406: Epoch time: 252.25 s
2025-11-15 03:54:26.297448: 
2025-11-15 03:54:26.297620: Epoch 378
2025-11-15 03:54:26.297730: Current learning rate: 0.00652
2025-11-15 03:58:38.537225: train_loss -0.6883
2025-11-15 03:58:38.537456: val_loss -0.6514
2025-11-15 03:58:38.537558: Pseudo dice [np.float32(0.9191), np.float32(0.7467), np.float32(0.0)]
2025-11-15 03:58:38.537657: Epoch time: 252.24 s
2025-11-15 03:58:39.627854: 
2025-11-15 03:58:39.628103: Epoch 379
2025-11-15 03:58:39.628232: Current learning rate: 0.00651
2025-11-15 04:02:51.524579: train_loss -0.7115
2025-11-15 04:02:51.524818: val_loss -0.6551
2025-11-15 04:02:51.524916: Pseudo dice [np.float32(0.9122), np.float32(0.7642), np.float32(0.0)]
2025-11-15 04:02:51.525015: Epoch time: 251.9 s
2025-11-15 04:02:52.623692: 
2025-11-15 04:02:52.623916: Epoch 380
2025-11-15 04:02:52.624065: Current learning rate: 0.0065
2025-11-15 04:07:04.954793: train_loss -0.6994
2025-11-15 04:07:04.955020: val_loss -0.6731
2025-11-15 04:07:04.955183: Pseudo dice [np.float32(0.9142), np.float32(0.7779), np.float32(0.0)]
2025-11-15 04:07:04.955296: Epoch time: 252.33 s
2025-11-15 04:07:06.048093: 
2025-11-15 04:07:06.048352: Epoch 381
2025-11-15 04:07:06.048477: Current learning rate: 0.00649
2025-11-15 04:11:17.799909: train_loss -0.702
2025-11-15 04:11:17.800138: val_loss -0.6705
2025-11-15 04:11:17.800236: Pseudo dice [np.float32(0.9135), np.float32(0.7654), np.float32(0.0)]
2025-11-15 04:11:17.800339: Epoch time: 251.75 s
2025-11-15 04:11:18.902195: 
2025-11-15 04:11:18.902436: Epoch 382
2025-11-15 04:11:18.902556: Current learning rate: 0.00648
2025-11-15 04:15:30.677710: train_loss -0.7102
2025-11-15 04:15:30.677943: val_loss -0.6561
2025-11-15 04:15:30.678040: Pseudo dice [np.float32(0.9113), np.float32(0.772), np.float32(0.0)]
2025-11-15 04:15:30.678139: Epoch time: 251.78 s
2025-11-15 04:15:31.776246: 
2025-11-15 04:15:31.776503: Epoch 383
2025-11-15 04:15:31.776684: Current learning rate: 0.00648
2025-11-15 04:19:43.765780: train_loss -0.6946
2025-11-15 04:19:43.766017: val_loss -0.6672
2025-11-15 04:19:43.766116: Pseudo dice [np.float32(0.9128), np.float32(0.7685), np.float32(0.0)]
2025-11-15 04:19:43.766216: Epoch time: 251.99 s
2025-11-15 04:19:45.473532: 
2025-11-15 04:19:45.473785: Epoch 384
2025-11-15 04:19:45.473894: Current learning rate: 0.00647
2025-11-15 04:23:57.400326: train_loss -0.7083
2025-11-15 04:23:57.400593: val_loss -0.6677
2025-11-15 04:23:57.400696: Pseudo dice [np.float32(0.916), np.float32(0.7749), np.float32(0.0)]
2025-11-15 04:23:57.400796: Epoch time: 251.93 s
2025-11-15 04:23:58.500983: 
2025-11-15 04:23:58.501339: Epoch 385
2025-11-15 04:23:58.501599: Current learning rate: 0.00646
2025-11-15 04:28:10.031781: train_loss -0.7027
2025-11-15 04:28:10.032024: val_loss -0.6953
2025-11-15 04:28:10.032125: Pseudo dice [np.float32(0.9212), np.float32(0.768), np.float32(0.0)]
2025-11-15 04:28:10.032223: Epoch time: 251.53 s
2025-11-15 04:28:11.137220: 
2025-11-15 04:28:11.137464: Epoch 386
2025-11-15 04:28:11.137621: Current learning rate: 0.00645
2025-11-15 04:32:23.013493: train_loss -0.7019
2025-11-15 04:32:23.013736: val_loss -0.6783
2025-11-15 04:32:23.013838: Pseudo dice [np.float32(0.9163), np.float32(0.7794), np.float32(0.0)]
2025-11-15 04:32:23.013937: Epoch time: 251.88 s
2025-11-15 04:32:24.096058: 
2025-11-15 04:32:24.096339: Epoch 387
2025-11-15 04:32:24.096458: Current learning rate: 0.00644
2025-11-15 04:36:35.753210: train_loss -0.7047
2025-11-15 04:36:35.753467: val_loss -0.67
2025-11-15 04:36:35.753601: Pseudo dice [np.float32(0.9142), np.float32(0.7769), np.float32(0.0)]
2025-11-15 04:36:35.753707: Epoch time: 251.66 s
2025-11-15 04:36:36.856835: 
2025-11-15 04:36:36.857015: Epoch 388
2025-11-15 04:36:36.857135: Current learning rate: 0.00643
2025-11-15 04:40:48.581852: train_loss -0.6846
2025-11-15 04:40:48.582081: val_loss -0.7113
2025-11-15 04:40:48.582181: Pseudo dice [np.float32(0.9192), np.float32(0.7774), np.float32(0.0)]
2025-11-15 04:40:48.582288: Epoch time: 251.73 s
2025-11-15 04:40:49.681223: 
2025-11-15 04:40:49.681457: Epoch 389
2025-11-15 04:40:49.681568: Current learning rate: 0.00642
2025-11-15 04:45:01.136225: train_loss -0.6971
2025-11-15 04:45:01.136518: val_loss -0.6931
2025-11-15 04:45:01.136624: Pseudo dice [np.float32(0.9211), np.float32(0.7721), np.float32(0.0)]
2025-11-15 04:45:01.136722: Epoch time: 251.46 s
2025-11-15 04:45:02.180694: 
2025-11-15 04:45:02.180943: Epoch 390
2025-11-15 04:45:02.181073: Current learning rate: 0.00641
2025-11-15 04:49:13.972655: train_loss -0.6897
2025-11-15 04:49:13.972885: val_loss -0.6945
2025-11-15 04:49:13.972985: Pseudo dice [np.float32(0.9158), np.float32(0.7763), np.float32(0.0)]
2025-11-15 04:49:13.973084: Epoch time: 251.79 s
2025-11-15 04:49:15.077935: 
2025-11-15 04:49:15.078104: Epoch 391
2025-11-15 04:49:15.078215: Current learning rate: 0.0064
2025-11-15 04:53:26.944844: train_loss -0.7174
2025-11-15 04:53:26.945076: val_loss -0.6825
2025-11-15 04:53:26.945174: Pseudo dice [np.float32(0.9168), np.float32(0.7551), np.float32(0.0)]
2025-11-15 04:53:26.945282: Epoch time: 251.87 s
2025-11-15 04:53:28.054607: 
2025-11-15 04:53:28.054769: Epoch 392
2025-11-15 04:53:28.054876: Current learning rate: 0.00639
2025-11-15 04:57:39.634334: train_loss -0.7152
2025-11-15 04:57:39.634632: val_loss -0.686
2025-11-15 04:57:39.634734: Pseudo dice [np.float32(0.9138), np.float32(0.7728), np.float32(0.0)]
2025-11-15 04:57:39.634829: Epoch time: 251.58 s
2025-11-15 04:57:40.736989: 
2025-11-15 04:57:40.737152: Epoch 393
2025-11-15 04:57:40.737262: Current learning rate: 0.00638
2025-11-15 05:01:52.325383: train_loss -0.7031
2025-11-15 05:01:52.325627: val_loss -0.6808
2025-11-15 05:01:52.325725: Pseudo dice [np.float32(0.9193), np.float32(0.7661), np.float32(0.0)]
2025-11-15 05:01:52.325824: Epoch time: 251.59 s
2025-11-15 05:01:53.426112: 
2025-11-15 05:01:53.426289: Epoch 394
2025-11-15 05:01:53.426399: Current learning rate: 0.00637
2025-11-15 05:06:05.213483: train_loss -0.6995
2025-11-15 05:06:05.213777: val_loss -0.6678
2025-11-15 05:06:05.213879: Pseudo dice [np.float32(0.9217), np.float32(0.7753), np.float32(0.0)]
2025-11-15 05:06:05.213979: Epoch time: 251.79 s
2025-11-15 05:06:06.316553: 
2025-11-15 05:06:06.316724: Epoch 395
2025-11-15 05:06:06.316838: Current learning rate: 0.00636
2025-11-15 05:10:17.739735: train_loss -0.7048
2025-11-15 05:10:17.739956: val_loss -0.6766
2025-11-15 05:10:17.740055: Pseudo dice [np.float32(0.9162), np.float32(0.7815), np.float32(0.0)]
2025-11-15 05:10:17.740152: Epoch time: 251.42 s
2025-11-15 05:10:18.836517: 
2025-11-15 05:10:18.836689: Epoch 396
2025-11-15 05:10:18.836799: Current learning rate: 0.00635
2025-11-15 05:14:30.785179: train_loss -0.6919
2025-11-15 05:14:30.785389: val_loss -0.669
2025-11-15 05:14:30.785488: Pseudo dice [np.float32(0.9165), np.float32(0.762), np.float32(0.0)]
2025-11-15 05:14:30.785585: Epoch time: 251.95 s
2025-11-15 05:14:31.903710: 
2025-11-15 05:14:31.903873: Epoch 397
2025-11-15 05:14:31.903994: Current learning rate: 0.00634
2025-11-15 05:18:43.880033: train_loss -0.7017
2025-11-15 05:18:43.880265: val_loss -0.6783
2025-11-15 05:18:43.880373: Pseudo dice [np.float32(0.9231), np.float32(0.7793), np.float32(0.0)]
2025-11-15 05:18:43.880470: Epoch time: 251.98 s
2025-11-15 05:18:45.000663: 
2025-11-15 05:18:45.000868: Epoch 398
2025-11-15 05:18:45.001007: Current learning rate: 0.00633
2025-11-15 05:22:56.903006: train_loss -0.7145
2025-11-15 05:22:56.903237: val_loss -0.6536
2025-11-15 05:22:56.903341: Pseudo dice [np.float32(0.9115), np.float32(0.7759), np.float32(0.0)]
2025-11-15 05:22:56.903439: Epoch time: 251.9 s
2025-11-15 05:22:58.530334: 
2025-11-15 05:22:58.530622: Epoch 399
2025-11-15 05:22:58.530762: Current learning rate: 0.00632
2025-11-15 05:27:10.521481: train_loss -0.7046
2025-11-15 05:27:10.521707: val_loss -0.6779
2025-11-15 05:27:10.521805: Pseudo dice [np.float32(0.9188), np.float32(0.7842), np.float32(0.0)]
2025-11-15 05:27:10.521903: Epoch time: 251.99 s
2025-11-15 05:27:11.950111: 
2025-11-15 05:27:11.950290: Epoch 400
2025-11-15 05:27:11.950408: Current learning rate: 0.00631
2025-11-15 05:31:24.010950: train_loss -0.7008
2025-11-15 05:31:24.011179: val_loss -0.647
2025-11-15 05:31:24.011286: Pseudo dice [np.float32(0.9102), np.float32(0.7599), np.float32(0.0)]
2025-11-15 05:31:24.011386: Epoch time: 252.06 s
2025-11-15 05:31:25.120313: 
2025-11-15 05:31:25.120504: Epoch 401
2025-11-15 05:31:25.120612: Current learning rate: 0.0063
2025-11-15 05:35:37.016474: train_loss -0.7044
2025-11-15 05:35:37.016694: val_loss -0.6367
2025-11-15 05:35:37.016791: Pseudo dice [np.float32(0.9192), np.float32(0.7735), np.float32(0.0)]
2025-11-15 05:35:37.016887: Epoch time: 251.9 s
2025-11-15 05:35:38.118455: 
2025-11-15 05:35:38.118757: Epoch 402
2025-11-15 05:35:38.118879: Current learning rate: 0.0063
2025-11-15 05:39:49.794929: train_loss -0.7065
2025-11-15 05:39:49.795175: val_loss -0.6956
2025-11-15 05:39:49.795281: Pseudo dice [np.float32(0.9167), np.float32(0.772), np.float32(0.0)]
2025-11-15 05:39:49.795427: Epoch time: 251.68 s
2025-11-15 05:39:50.898443: 
2025-11-15 05:39:50.898797: Epoch 403
2025-11-15 05:39:50.898960: Current learning rate: 0.00629
2025-11-15 05:44:02.616899: train_loss -0.7104
2025-11-15 05:44:02.617137: val_loss -0.6685
2025-11-15 05:44:02.617234: Pseudo dice [np.float32(0.9121), np.float32(0.7569), np.float32(0.0)]
2025-11-15 05:44:02.617336: Epoch time: 251.72 s
2025-11-15 05:44:03.721284: 
2025-11-15 05:44:03.721540: Epoch 404
2025-11-15 05:44:03.721674: Current learning rate: 0.00628
2025-11-15 05:48:15.224542: train_loss -0.714
2025-11-15 05:48:15.224783: val_loss -0.6428
2025-11-15 05:48:15.224884: Pseudo dice [np.float32(0.9122), np.float32(0.7566), np.float32(0.0)]
2025-11-15 05:48:15.224982: Epoch time: 251.5 s
2025-11-15 05:48:16.333420: 
2025-11-15 05:48:16.333649: Epoch 405
2025-11-15 05:48:16.333811: Current learning rate: 0.00627
2025-11-15 05:52:28.044999: train_loss -0.7026
2025-11-15 05:52:28.045252: val_loss -0.6891
2025-11-15 05:52:28.045362: Pseudo dice [np.float32(0.9166), np.float32(0.7662), np.float32(0.0)]
2025-11-15 05:52:28.045467: Epoch time: 251.71 s
2025-11-15 05:52:29.138408: 
2025-11-15 05:52:29.138684: Epoch 406
2025-11-15 05:52:29.138800: Current learning rate: 0.00626
2025-11-15 05:56:40.809123: train_loss -0.7183
2025-11-15 05:56:40.809396: val_loss -0.6525
2025-11-15 05:56:40.809501: Pseudo dice [np.float32(0.9156), np.float32(0.7644), np.float32(0.0)]
2025-11-15 05:56:40.809602: Epoch time: 251.67 s
2025-11-15 05:56:41.913281: 
2025-11-15 05:56:41.913513: Epoch 407
2025-11-15 05:56:41.913627: Current learning rate: 0.00625
2025-11-15 06:00:53.575518: train_loss -0.6962
2025-11-15 06:00:53.575759: val_loss -0.6778
2025-11-15 06:00:53.575859: Pseudo dice [np.float32(0.9097), np.float32(0.7565), np.float32(0.0)]
2025-11-15 06:00:53.575958: Epoch time: 251.66 s
2025-11-15 06:00:54.673798: 
2025-11-15 06:00:54.673959: Epoch 408
2025-11-15 06:00:54.674075: Current learning rate: 0.00624
2025-11-15 06:05:06.440936: train_loss -0.6991
2025-11-15 06:05:06.441319: val_loss -0.7016
2025-11-15 06:05:06.441523: Pseudo dice [np.float32(0.9134), np.float32(0.7745), np.float32(0.0)]
2025-11-15 06:05:06.441688: Epoch time: 251.77 s
2025-11-15 06:05:07.546070: 
2025-11-15 06:05:07.546254: Epoch 409
2025-11-15 06:05:07.546378: Current learning rate: 0.00623
2025-11-15 06:09:19.296879: train_loss -0.7042
2025-11-15 06:09:19.297112: val_loss -0.6772
2025-11-15 06:09:19.297210: Pseudo dice [np.float32(0.9231), np.float32(0.7642), np.float32(0.0)]
2025-11-15 06:09:19.297317: Epoch time: 251.75 s
2025-11-15 06:09:20.402609: 
2025-11-15 06:09:20.402825: Epoch 410
2025-11-15 06:09:20.402941: Current learning rate: 0.00622
2025-11-15 06:13:32.454147: train_loss -0.71
2025-11-15 06:13:32.454371: val_loss -0.6772
2025-11-15 06:13:32.454470: Pseudo dice [np.float32(0.9164), np.float32(0.7583), np.float32(0.0)]
2025-11-15 06:13:32.454569: Epoch time: 252.05 s
2025-11-15 06:13:33.517581: 
2025-11-15 06:13:33.517750: Epoch 411
2025-11-15 06:13:33.517860: Current learning rate: 0.00621
2025-11-15 06:17:45.222346: train_loss -0.701
2025-11-15 06:17:45.222656: val_loss -0.6635
2025-11-15 06:17:45.222766: Pseudo dice [np.float32(0.9148), np.float32(0.7764), np.float32(0.0)]
2025-11-15 06:17:45.222866: Epoch time: 251.71 s
2025-11-15 06:17:46.286635: 
2025-11-15 06:17:46.286901: Epoch 412
2025-11-15 06:17:46.287030: Current learning rate: 0.0062
2025-11-15 06:21:58.161569: train_loss -0.6915
2025-11-15 06:21:58.161819: val_loss -0.6804
2025-11-15 06:21:58.161922: Pseudo dice [np.float32(0.924), np.float32(0.7677), np.float32(0.0)]
2025-11-15 06:21:58.162021: Epoch time: 251.88 s
2025-11-15 06:21:59.243602: 
2025-11-15 06:21:59.243996: Epoch 413
2025-11-15 06:21:59.244262: Current learning rate: 0.00619
2025-11-15 06:26:11.412454: train_loss -0.7088
2025-11-15 06:26:11.412700: val_loss -0.6675
2025-11-15 06:26:11.412804: Pseudo dice [np.float32(0.9169), np.float32(0.7456), np.float32(0.0)]
2025-11-15 06:26:11.412901: Epoch time: 252.17 s
2025-11-15 06:26:12.494720: 
2025-11-15 06:26:12.495016: Epoch 414
2025-11-15 06:26:12.495136: Current learning rate: 0.00618
2025-11-15 06:30:24.381758: train_loss -0.7014
2025-11-15 06:30:24.382012: val_loss -0.6862
2025-11-15 06:30:24.382122: Pseudo dice [np.float32(0.922), np.float32(0.7719), np.float32(0.0)]
2025-11-15 06:30:24.382223: Epoch time: 251.89 s
2025-11-15 06:30:26.060917: 
2025-11-15 06:30:26.061165: Epoch 415
2025-11-15 06:30:26.061289: Current learning rate: 0.00617
2025-11-15 06:34:38.194866: train_loss -0.6965
2025-11-15 06:34:38.195107: val_loss -0.6902
2025-11-15 06:34:38.195207: Pseudo dice [np.float32(0.9156), np.float32(0.7654), np.float32(0.0)]
2025-11-15 06:34:38.195309: Epoch time: 252.13 s
2025-11-15 06:34:39.269911: 
2025-11-15 06:34:39.270192: Epoch 416
2025-11-15 06:34:39.270334: Current learning rate: 0.00616
2025-11-15 06:38:51.156896: train_loss -0.7103
2025-11-15 06:38:51.157141: val_loss -0.6401
2025-11-15 06:38:51.157244: Pseudo dice [np.float32(0.9125), np.float32(0.7867), np.float32(0.0)]
2025-11-15 06:38:51.157352: Epoch time: 251.89 s
2025-11-15 06:38:52.233999: 
2025-11-15 06:38:52.234285: Epoch 417
2025-11-15 06:38:52.234400: Current learning rate: 0.00615
2025-11-15 06:43:03.992390: train_loss -0.6935
2025-11-15 06:43:03.992627: val_loss -0.7025
2025-11-15 06:43:03.992726: Pseudo dice [np.float32(0.9101), np.float32(0.7696), np.float32(0.0)]
2025-11-15 06:43:03.992825: Epoch time: 251.76 s
2025-11-15 06:43:05.069593: 
2025-11-15 06:43:05.069821: Epoch 418
2025-11-15 06:43:05.069940: Current learning rate: 0.00614
2025-11-15 06:47:16.902208: train_loss -0.7004
2025-11-15 06:47:16.902443: val_loss -0.6621
2025-11-15 06:47:16.902543: Pseudo dice [np.float32(0.9147), np.float32(0.767), np.float32(0.0)]
2025-11-15 06:47:16.902641: Epoch time: 251.83 s
2025-11-15 06:47:17.977499: 
2025-11-15 06:47:17.977675: Epoch 419
2025-11-15 06:47:17.977785: Current learning rate: 0.00613
2025-11-15 06:51:29.631451: train_loss -0.704
2025-11-15 06:51:29.631698: val_loss -0.6718
2025-11-15 06:51:29.631797: Pseudo dice [np.float32(0.9135), np.float32(0.7675), np.float32(0.0)]
2025-11-15 06:51:29.631895: Epoch time: 251.65 s
2025-11-15 06:51:30.708575: 
2025-11-15 06:51:30.708771: Epoch 420
2025-11-15 06:51:30.708892: Current learning rate: 0.00612
2025-11-15 06:55:42.336527: train_loss -0.7228
2025-11-15 06:55:42.336767: val_loss -0.6752
2025-11-15 06:55:42.336926: Pseudo dice [np.float32(0.9166), np.float32(0.7746), np.float32(0.0)]
2025-11-15 06:55:42.337071: Epoch time: 251.63 s
2025-11-15 06:55:43.411169: 
2025-11-15 06:55:43.411486: Epoch 421
2025-11-15 06:55:43.411599: Current learning rate: 0.00612
2025-11-15 06:59:55.227841: train_loss -0.7054
2025-11-15 06:59:55.228077: val_loss -0.6347
2025-11-15 06:59:55.228177: Pseudo dice [np.float32(0.9155), np.float32(0.7754), np.float32(0.0)]
2025-11-15 06:59:55.228282: Epoch time: 251.82 s
2025-11-15 06:59:56.313599: 
2025-11-15 06:59:56.313757: Epoch 422
2025-11-15 06:59:56.313865: Current learning rate: 0.00611
2025-11-15 07:04:08.522202: train_loss -0.7016
2025-11-15 07:04:08.522442: val_loss -0.6864
2025-11-15 07:04:08.522541: Pseudo dice [np.float32(0.9189), np.float32(0.7588), np.float32(0.0)]
2025-11-15 07:04:08.522743: Epoch time: 252.21 s
2025-11-15 07:04:09.601286: 
2025-11-15 07:04:09.601524: Epoch 423
2025-11-15 07:04:09.601641: Current learning rate: 0.0061
2025-11-15 07:08:21.391239: train_loss -0.7067
2025-11-15 07:08:21.391469: val_loss -0.668
2025-11-15 07:08:21.391567: Pseudo dice [np.float32(0.9211), np.float32(0.7675), np.float32(0.0)]
2025-11-15 07:08:21.391665: Epoch time: 251.79 s
2025-11-15 07:08:22.461743: 
2025-11-15 07:08:22.462006: Epoch 424
2025-11-15 07:08:22.462137: Current learning rate: 0.00609
2025-11-15 07:12:34.816469: train_loss -0.6875
2025-11-15 07:12:34.816714: val_loss -0.661
2025-11-15 07:12:34.816842: Pseudo dice [np.float32(0.9183), np.float32(0.7838), np.float32(0.0)]
2025-11-15 07:12:34.816950: Epoch time: 252.36 s
2025-11-15 07:12:35.894653: 
2025-11-15 07:12:35.894831: Epoch 425
2025-11-15 07:12:35.894943: Current learning rate: 0.00608
2025-11-15 07:16:47.477103: train_loss -0.7008
2025-11-15 07:16:47.477352: val_loss -0.6678
2025-11-15 07:16:47.477514: Pseudo dice [np.float32(0.921), np.float32(0.7651), np.float32(0.0)]
2025-11-15 07:16:47.477617: Epoch time: 251.58 s
2025-11-15 07:16:48.553318: 
2025-11-15 07:16:48.553565: Epoch 426
2025-11-15 07:16:48.553711: Current learning rate: 0.00607
2025-11-15 07:21:00.122444: train_loss -0.7033
2025-11-15 07:21:00.122667: val_loss -0.6877
2025-11-15 07:21:00.122766: Pseudo dice [np.float32(0.9185), np.float32(0.7619), np.float32(0.0)]
2025-11-15 07:21:00.122925: Epoch time: 251.57 s
2025-11-15 07:21:01.195630: 
2025-11-15 07:21:01.195895: Epoch 427
2025-11-15 07:21:01.196078: Current learning rate: 0.00606
2025-11-15 07:25:12.720595: train_loss -0.6986
2025-11-15 07:25:12.720842: val_loss -0.6626
2025-11-15 07:25:12.720949: Pseudo dice [np.float32(0.9254), np.float32(0.7679), np.float32(0.0)]
2025-11-15 07:25:12.721082: Epoch time: 251.53 s
2025-11-15 07:25:13.792233: 
2025-11-15 07:25:13.792507: Epoch 428
2025-11-15 07:25:13.792623: Current learning rate: 0.00605
2025-11-15 07:29:25.295485: train_loss -0.6983
2025-11-15 07:29:25.295713: val_loss -0.6996
2025-11-15 07:29:25.295809: Pseudo dice [np.float32(0.9174), np.float32(0.7765), np.float32(0.0)]
2025-11-15 07:29:25.295913: Epoch time: 251.5 s
2025-11-15 07:29:26.370817: 
2025-11-15 07:29:26.370986: Epoch 429
2025-11-15 07:29:26.371095: Current learning rate: 0.00604
2025-11-15 07:33:38.137620: train_loss -0.698
2025-11-15 07:33:38.137855: val_loss -0.6648
2025-11-15 07:33:38.137954: Pseudo dice [np.float32(0.9098), np.float32(0.7708), np.float32(0.0)]
2025-11-15 07:33:38.138052: Epoch time: 251.77 s
2025-11-15 07:33:39.213897: 
2025-11-15 07:33:39.214183: Epoch 430
2025-11-15 07:33:39.214357: Current learning rate: 0.00603
2025-11-15 07:37:51.245323: train_loss -0.7025
2025-11-15 07:37:51.245618: val_loss -0.6546
2025-11-15 07:37:51.245726: Pseudo dice [np.float32(0.9221), np.float32(0.7619), np.float32(0.0)]
2025-11-15 07:37:51.245824: Epoch time: 252.03 s
2025-11-15 07:37:52.904521: 
2025-11-15 07:37:52.904800: Epoch 431
2025-11-15 07:37:52.904929: Current learning rate: 0.00602
2025-11-15 07:42:04.596195: train_loss -0.7114
2025-11-15 07:42:04.596441: val_loss -0.6906
2025-11-15 07:42:04.596542: Pseudo dice [np.float32(0.9165), np.float32(0.7613), np.float32(0.0)]
2025-11-15 07:42:04.596642: Epoch time: 251.69 s
2025-11-15 07:42:05.670367: 
2025-11-15 07:42:05.670567: Epoch 432
2025-11-15 07:42:05.670678: Current learning rate: 0.00601
2025-11-15 07:46:17.569687: train_loss -0.7004
2025-11-15 07:46:17.569938: val_loss -0.6811
2025-11-15 07:46:17.570037: Pseudo dice [np.float32(0.9184), np.float32(0.7527), np.float32(0.0)]
2025-11-15 07:46:17.570134: Epoch time: 251.9 s
2025-11-15 07:46:18.652296: 
2025-11-15 07:46:18.652564: Epoch 433
2025-11-15 07:46:18.652691: Current learning rate: 0.006
2025-11-15 07:50:30.822201: train_loss -0.7201
2025-11-15 07:50:30.822437: val_loss -0.6746
2025-11-15 07:50:30.822536: Pseudo dice [np.float32(0.9249), np.float32(0.7658), np.float32(0.0)]
2025-11-15 07:50:30.822633: Epoch time: 252.17 s
2025-11-15 07:50:31.892480: 
2025-11-15 07:50:31.892675: Epoch 434
2025-11-15 07:50:31.892792: Current learning rate: 0.00599
2025-11-15 07:54:43.656822: train_loss -0.7161
2025-11-15 07:54:43.657062: val_loss -0.7042
2025-11-15 07:54:43.657164: Pseudo dice [np.float32(0.9164), np.float32(0.7765), np.float32(0.0)]
2025-11-15 07:54:43.657263: Epoch time: 251.77 s
2025-11-15 07:54:44.733644: 
2025-11-15 07:54:44.733841: Epoch 435
2025-11-15 07:54:44.733977: Current learning rate: 0.00598
2025-11-15 07:58:56.572270: train_loss -0.7057
2025-11-15 07:58:56.572601: val_loss -0.6725
2025-11-15 07:58:56.572704: Pseudo dice [np.float32(0.9226), np.float32(0.7656), np.float32(0.0)]
2025-11-15 07:58:56.572803: Epoch time: 251.84 s
2025-11-15 07:58:57.646785: 
2025-11-15 07:58:57.647022: Epoch 436
2025-11-15 07:58:57.647150: Current learning rate: 0.00597
2025-11-15 08:03:09.676433: train_loss -0.7238
2025-11-15 08:03:09.676673: val_loss -0.6744
2025-11-15 08:03:09.676772: Pseudo dice [np.float32(0.9123), np.float32(0.7671), np.float32(0.0)]
2025-11-15 08:03:09.676870: Epoch time: 252.03 s
2025-11-15 08:03:10.705460: 
2025-11-15 08:03:10.705658: Epoch 437
2025-11-15 08:03:10.705774: Current learning rate: 0.00596
2025-11-15 08:07:22.558618: train_loss -0.7108
2025-11-15 08:07:22.558866: val_loss -0.6891
2025-11-15 08:07:22.558969: Pseudo dice [np.float32(0.9087), np.float32(0.7752), np.float32(0.0)]
2025-11-15 08:07:22.559066: Epoch time: 251.85 s
2025-11-15 08:07:23.561347: 
2025-11-15 08:07:23.561561: Epoch 438
2025-11-15 08:07:23.561682: Current learning rate: 0.00595
2025-11-15 08:11:35.682019: train_loss -0.6972
2025-11-15 08:11:35.682414: val_loss -0.6851
2025-11-15 08:11:35.682594: Pseudo dice [np.float32(0.9234), np.float32(0.7564), np.float32(0.0)]
2025-11-15 08:11:35.682737: Epoch time: 252.12 s
2025-11-15 08:11:36.762729: 
2025-11-15 08:11:36.762923: Epoch 439
2025-11-15 08:11:36.763039: Current learning rate: 0.00594
2025-11-15 08:15:48.612424: train_loss -0.7078
2025-11-15 08:15:48.612664: val_loss -0.6681
2025-11-15 08:15:48.612764: Pseudo dice [np.float32(0.9064), np.float32(0.7718), np.float32(0.0)]
2025-11-15 08:15:48.612862: Epoch time: 251.85 s
2025-11-15 08:15:49.687444: 
2025-11-15 08:15:49.687611: Epoch 440
2025-11-15 08:15:49.687732: Current learning rate: 0.00593
2025-11-15 08:20:01.306908: train_loss -0.7191
2025-11-15 08:20:01.307155: val_loss -0.652
2025-11-15 08:20:01.307252: Pseudo dice [np.float32(0.9201), np.float32(0.7777), np.float32(0.0)]
2025-11-15 08:20:01.307356: Epoch time: 251.62 s
2025-11-15 08:20:02.383239: 
2025-11-15 08:20:02.383427: Epoch 441
2025-11-15 08:20:02.383540: Current learning rate: 0.00592
2025-11-15 08:24:14.303180: train_loss -0.7134
2025-11-15 08:24:14.303450: val_loss -0.6624
2025-11-15 08:24:14.303549: Pseudo dice [np.float32(0.9202), np.float32(0.7852), np.float32(0.0)]
2025-11-15 08:24:14.303646: Epoch time: 251.92 s
2025-11-15 08:24:15.374836: 
2025-11-15 08:24:15.375055: Epoch 442
2025-11-15 08:24:15.375180: Current learning rate: 0.00592
2025-11-15 08:28:27.123010: train_loss -0.7109
2025-11-15 08:28:27.123244: val_loss -0.6842
2025-11-15 08:28:27.123351: Pseudo dice [np.float32(0.911), np.float32(0.7688), np.float32(0.0)]
2025-11-15 08:28:27.123450: Epoch time: 251.75 s
2025-11-15 08:28:28.208087: 
2025-11-15 08:28:28.208295: Epoch 443
2025-11-15 08:28:28.208416: Current learning rate: 0.00591
2025-11-15 08:32:40.283770: train_loss -0.7045
2025-11-15 08:32:40.284010: val_loss -0.6746
2025-11-15 08:32:40.284110: Pseudo dice [np.float32(0.9165), np.float32(0.7746), np.float32(0.0)]
2025-11-15 08:32:40.284241: Epoch time: 252.08 s
2025-11-15 08:32:41.348819: 
2025-11-15 08:32:41.349059: Epoch 444
2025-11-15 08:32:41.349179: Current learning rate: 0.0059
2025-11-15 08:36:53.225449: train_loss -0.7134
2025-11-15 08:36:53.225686: val_loss -0.7231
2025-11-15 08:36:53.225875: Pseudo dice [np.float32(0.9156), np.float32(0.7755), np.float32(0.0)]
2025-11-15 08:36:53.225980: Epoch time: 251.88 s
2025-11-15 08:36:54.289757: 
2025-11-15 08:36:54.289948: Epoch 445
2025-11-15 08:36:54.290071: Current learning rate: 0.00589
2025-11-15 08:41:06.424606: train_loss -0.7049
2025-11-15 08:41:06.424852: val_loss -0.6789
2025-11-15 08:41:06.424951: Pseudo dice [np.float32(0.9218), np.float32(0.766), np.float32(0.0)]
2025-11-15 08:41:06.425050: Epoch time: 252.14 s
2025-11-15 08:41:07.486667: 
2025-11-15 08:41:07.486846: Epoch 446
2025-11-15 08:41:07.486960: Current learning rate: 0.00588
2025-11-15 08:45:19.442299: train_loss -0.7079
2025-11-15 08:45:19.442547: val_loss -0.6938
2025-11-15 08:45:19.442652: Pseudo dice [np.float32(0.9196), np.float32(0.7606), np.float32(0.0)]
2025-11-15 08:45:19.442749: Epoch time: 251.96 s
2025-11-15 08:45:20.506515: 
2025-11-15 08:45:20.506713: Epoch 447
2025-11-15 08:45:20.506830: Current learning rate: 0.00587
2025-11-15 08:49:32.195849: train_loss -0.6895
2025-11-15 08:49:32.196075: val_loss -0.6699
2025-11-15 08:49:32.196174: Pseudo dice [np.float32(0.9218), np.float32(0.7718), np.float32(0.0)]
2025-11-15 08:49:32.196279: Epoch time: 251.69 s
2025-11-15 08:49:33.825633: 
2025-11-15 08:49:33.825891: Epoch 448
2025-11-15 08:49:33.826013: Current learning rate: 0.00586
2025-11-15 08:53:45.725004: train_loss -0.7126
2025-11-15 08:53:45.725249: val_loss -0.6533
2025-11-15 08:53:45.725358: Pseudo dice [np.float32(0.9243), np.float32(0.7512), np.float32(0.0)]
2025-11-15 08:53:45.725456: Epoch time: 251.9 s
2025-11-15 08:53:46.783706: 
2025-11-15 08:53:46.783899: Epoch 449
2025-11-15 08:53:46.784020: Current learning rate: 0.00585
2025-11-15 08:57:58.824329: train_loss -0.7227
2025-11-15 08:57:58.824568: val_loss -0.6729
2025-11-15 08:57:58.824671: Pseudo dice [np.float32(0.9172), np.float32(0.7767), np.float32(0.0)]
2025-11-15 08:57:58.824768: Epoch time: 252.04 s
2025-11-15 08:58:00.208668: 
2025-11-15 08:58:00.208838: Epoch 450
2025-11-15 08:58:00.208947: Current learning rate: 0.00584
2025-11-15 09:02:12.275656: train_loss -0.7168
2025-11-15 09:02:12.275892: val_loss -0.6736
2025-11-15 09:02:12.275989: Pseudo dice [np.float32(0.9142), np.float32(0.7627), np.float32(0.0)]
2025-11-15 09:02:12.276088: Epoch time: 252.07 s
2025-11-15 09:02:13.336665: 
2025-11-15 09:02:13.336923: Epoch 451
2025-11-15 09:02:13.337053: Current learning rate: 0.00583
2025-11-15 09:06:24.920831: train_loss -0.6983
2025-11-15 09:06:24.921053: val_loss -0.6766
2025-11-15 09:06:24.921150: Pseudo dice [np.float32(0.9185), np.float32(0.7826), np.float32(0.0)]
2025-11-15 09:06:24.921249: Epoch time: 251.59 s
2025-11-15 09:06:25.981180: 
2025-11-15 09:06:25.981446: Epoch 452
2025-11-15 09:06:25.981569: Current learning rate: 0.00582
2025-11-15 09:10:38.051305: train_loss -0.7011
2025-11-15 09:10:38.051592: val_loss -0.6634
2025-11-15 09:10:38.051694: Pseudo dice [np.float32(0.9158), np.float32(0.7604), np.float32(0.0)]
2025-11-15 09:10:38.051790: Epoch time: 252.07 s
2025-11-15 09:10:39.109971: 
2025-11-15 09:10:39.110157: Epoch 453
2025-11-15 09:10:39.110267: Current learning rate: 0.00581
2025-11-15 09:14:50.873686: train_loss -0.7055
2025-11-15 09:14:50.873912: val_loss -0.6937
2025-11-15 09:14:50.874010: Pseudo dice [np.float32(0.9133), np.float32(0.7809), np.float32(0.0)]
2025-11-15 09:14:50.874108: Epoch time: 251.76 s
2025-11-15 09:14:51.933258: 
2025-11-15 09:14:51.933439: Epoch 454
2025-11-15 09:14:51.933548: Current learning rate: 0.0058
2025-11-15 09:19:03.576747: train_loss -0.7173
2025-11-15 09:19:03.576993: val_loss -0.6832
2025-11-15 09:19:03.577092: Pseudo dice [np.float32(0.9175), np.float32(0.7673), np.float32(0.0)]
2025-11-15 09:19:03.577191: Epoch time: 251.64 s
2025-11-15 09:19:04.639605: 
2025-11-15 09:19:04.639769: Epoch 455
2025-11-15 09:19:04.639901: Current learning rate: 0.00579
2025-11-15 09:23:16.462395: train_loss -0.7028
2025-11-15 09:23:16.462640: val_loss -0.6736
2025-11-15 09:23:16.462737: Pseudo dice [np.float32(0.9187), np.float32(0.766), np.float32(0.0)]
2025-11-15 09:23:16.462834: Epoch time: 251.82 s
2025-11-15 09:23:17.528572: 
2025-11-15 09:23:17.528875: Epoch 456
2025-11-15 09:23:17.529005: Current learning rate: 0.00578
2025-11-15 09:27:29.385313: train_loss -0.7053
2025-11-15 09:27:29.385567: val_loss -0.6564
2025-11-15 09:27:29.385672: Pseudo dice [np.float32(0.9184), np.float32(0.7794), np.float32(0.0)]
2025-11-15 09:27:29.385771: Epoch time: 251.86 s
2025-11-15 09:27:30.449609: 
2025-11-15 09:27:30.449851: Epoch 457
2025-11-15 09:27:30.450078: Current learning rate: 0.00577
2025-11-15 09:31:42.174312: train_loss -0.7187
2025-11-15 09:31:42.174545: val_loss -0.6867
2025-11-15 09:31:42.174642: Pseudo dice [np.float32(0.9112), np.float32(0.781), np.float32(0.0)]
2025-11-15 09:31:42.174737: Epoch time: 251.73 s
2025-11-15 09:31:43.225012: 
2025-11-15 09:31:43.225235: Epoch 458
2025-11-15 09:31:43.225354: Current learning rate: 0.00576
2025-11-15 09:35:55.165279: train_loss -0.7065
2025-11-15 09:35:55.168748: val_loss -0.6542
2025-11-15 09:35:55.168866: Pseudo dice [np.float32(0.9135), np.float32(0.7657), np.float32(0.0)]
2025-11-15 09:35:55.168961: Epoch time: 251.94 s
2025-11-15 09:35:56.226742: 
2025-11-15 09:35:56.226915: Epoch 459
2025-11-15 09:35:56.227031: Current learning rate: 0.00575
2025-11-15 09:40:07.969894: train_loss -0.7169
2025-11-15 09:40:07.970137: val_loss -0.6847
2025-11-15 09:40:07.970236: Pseudo dice [np.float32(0.9186), np.float32(0.7588), np.float32(0.0)]
2025-11-15 09:40:07.970345: Epoch time: 251.74 s
2025-11-15 09:40:08.954752: 
2025-11-15 09:40:08.954943: Epoch 460
2025-11-15 09:40:08.955120: Current learning rate: 0.00574
2025-11-15 09:44:20.599061: train_loss -0.7061
2025-11-15 09:44:20.599376: val_loss -0.7206
2025-11-15 09:44:20.599478: Pseudo dice [np.float32(0.9233), np.float32(0.7733), np.float32(0.0)]
2025-11-15 09:44:20.599576: Epoch time: 251.65 s
2025-11-15 09:44:21.656439: 
2025-11-15 09:44:21.656623: Epoch 461
2025-11-15 09:44:21.656739: Current learning rate: 0.00573
2025-11-15 09:48:33.200639: train_loss -0.6986
2025-11-15 09:48:33.200866: val_loss -0.6417
2025-11-15 09:48:33.200963: Pseudo dice [np.float32(0.9196), np.float32(0.7769), np.float32(0.0)]
2025-11-15 09:48:33.201057: Epoch time: 251.55 s
2025-11-15 09:48:34.268816: 
2025-11-15 09:48:34.269011: Epoch 462
2025-11-15 09:48:34.269129: Current learning rate: 0.00572
2025-11-15 09:52:46.234786: train_loss -0.7192
2025-11-15 09:52:46.235025: val_loss -0.7105
2025-11-15 09:52:46.235126: Pseudo dice [np.float32(0.9184), np.float32(0.7669), np.float32(0.0)]
2025-11-15 09:52:46.235225: Epoch time: 251.97 s
2025-11-15 09:52:47.316313: 
2025-11-15 09:52:47.316494: Epoch 463
2025-11-15 09:52:47.316609: Current learning rate: 0.00571
2025-11-15 09:56:58.967093: train_loss -0.708
2025-11-15 09:56:58.967347: val_loss -0.6884
2025-11-15 09:56:58.967450: Pseudo dice [np.float32(0.9151), np.float32(0.7794), np.float32(0.0)]
2025-11-15 09:56:58.967593: Epoch time: 251.65 s
2025-11-15 09:57:00.025077: 
2025-11-15 09:57:00.025243: Epoch 464
2025-11-15 09:57:00.025358: Current learning rate: 0.0057
2025-11-15 10:01:12.211098: train_loss -0.7004
2025-11-15 10:01:12.211341: val_loss -0.6768
2025-11-15 10:01:12.211442: Pseudo dice [np.float32(0.9144), np.float32(0.7741), np.float32(0.0)]
2025-11-15 10:01:12.211540: Epoch time: 252.19 s
2025-11-15 10:01:13.855160: 
2025-11-15 10:01:13.855372: Epoch 465
2025-11-15 10:01:13.855483: Current learning rate: 0.0057
2025-11-15 10:05:25.519600: train_loss -0.7147
2025-11-15 10:05:25.519833: val_loss -0.6683
2025-11-15 10:05:25.519933: Pseudo dice [np.float32(0.9179), np.float32(0.755), np.float32(0.0)]
2025-11-15 10:05:25.520029: Epoch time: 251.67 s
2025-11-15 10:05:26.582901: 
2025-11-15 10:05:26.583107: Epoch 466
2025-11-15 10:05:26.583219: Current learning rate: 0.00569
2025-11-15 10:09:38.499711: train_loss -0.7058
2025-11-15 10:09:38.499951: val_loss -0.6716
2025-11-15 10:09:38.500051: Pseudo dice [np.float32(0.9178), np.float32(0.7601), np.float32(0.0)]
2025-11-15 10:09:38.500149: Epoch time: 251.92 s
2025-11-15 10:09:39.560001: 
2025-11-15 10:09:39.560207: Epoch 467
2025-11-15 10:09:39.560330: Current learning rate: 0.00568
2025-11-15 10:13:51.499748: train_loss -0.7272
2025-11-15 10:13:51.499984: val_loss -0.6863
2025-11-15 10:13:51.500084: Pseudo dice [np.float32(0.9162), np.float32(0.7757), np.float32(0.0)]
2025-11-15 10:13:51.500184: Epoch time: 251.94 s
2025-11-15 10:13:52.556340: 
2025-11-15 10:13:52.556626: Epoch 468
2025-11-15 10:13:52.556759: Current learning rate: 0.00567
2025-11-15 10:18:04.397489: train_loss -0.723
2025-11-15 10:18:04.397728: val_loss -0.6816
2025-11-15 10:18:04.397828: Pseudo dice [np.float32(0.9062), np.float32(0.7582), np.float32(0.0)]
2025-11-15 10:18:04.397925: Epoch time: 251.84 s
2025-11-15 10:18:05.462578: 
2025-11-15 10:18:05.462768: Epoch 469
2025-11-15 10:18:05.462873: Current learning rate: 0.00566
2025-11-15 10:22:17.591457: train_loss -0.7204
2025-11-15 10:22:17.591689: val_loss -0.6695
2025-11-15 10:22:17.591788: Pseudo dice [np.float32(0.9066), np.float32(0.7596), np.float32(0.0)]
2025-11-15 10:22:17.591883: Epoch time: 252.13 s
2025-11-15 10:22:18.659592: 
2025-11-15 10:22:18.659771: Epoch 470
2025-11-15 10:22:18.659882: Current learning rate: 0.00565
2025-11-15 10:26:30.431863: train_loss -0.6969
2025-11-15 10:26:30.432096: val_loss -0.652
2025-11-15 10:26:30.432249: Pseudo dice [np.float32(0.913), np.float32(0.7669), np.float32(0.0)]
2025-11-15 10:26:30.432381: Epoch time: 251.77 s
2025-11-15 10:26:31.500264: 
2025-11-15 10:26:31.500439: Epoch 471
2025-11-15 10:26:31.500548: Current learning rate: 0.00564
2025-11-15 10:30:43.149537: train_loss -0.7094
2025-11-15 10:30:43.149795: val_loss -0.6566
2025-11-15 10:30:43.149896: Pseudo dice [np.float32(0.92), np.float32(0.769), np.float32(0.0)]
2025-11-15 10:30:43.149994: Epoch time: 251.65 s
2025-11-15 10:30:44.211596: 
2025-11-15 10:30:44.211797: Epoch 472
2025-11-15 10:30:44.211915: Current learning rate: 0.00563
2025-11-15 10:34:56.081024: train_loss -0.695
2025-11-15 10:34:56.081262: val_loss -0.6618
2025-11-15 10:34:56.081368: Pseudo dice [np.float32(0.9179), np.float32(0.7709), np.float32(0.0)]
2025-11-15 10:34:56.081470: Epoch time: 251.87 s
2025-11-15 10:34:57.147393: 
2025-11-15 10:34:57.147663: Epoch 473
2025-11-15 10:34:57.147783: Current learning rate: 0.00562
2025-11-15 10:39:09.326302: train_loss -0.7099
2025-11-15 10:39:09.326562: val_loss -0.7147
2025-11-15 10:39:09.326663: Pseudo dice [np.float32(0.9197), np.float32(0.7718), np.float32(0.0)]
2025-11-15 10:39:09.326762: Epoch time: 252.18 s
2025-11-15 10:39:10.405726: 
2025-11-15 10:39:10.405964: Epoch 474
2025-11-15 10:39:10.406102: Current learning rate: 0.00561
2025-11-15 10:43:21.940395: train_loss -0.7027
2025-11-15 10:43:21.940626: val_loss -0.677
2025-11-15 10:43:21.940729: Pseudo dice [np.float32(0.9214), np.float32(0.7641), np.float32(0.0)]
2025-11-15 10:43:21.940828: Epoch time: 251.54 s
2025-11-15 10:43:23.003518: 
2025-11-15 10:43:23.003697: Epoch 475
2025-11-15 10:43:23.003811: Current learning rate: 0.0056
2025-11-15 10:47:34.830103: train_loss -0.7142
2025-11-15 10:47:34.830334: val_loss -0.6788
2025-11-15 10:47:34.830437: Pseudo dice [np.float32(0.922), np.float32(0.7742), np.float32(0.0)]
2025-11-15 10:47:34.830533: Epoch time: 251.83 s
2025-11-15 10:47:35.859681: 
2025-11-15 10:47:35.859986: Epoch 476
2025-11-15 10:47:35.860107: Current learning rate: 0.00559
2025-11-15 10:51:47.411240: train_loss -0.6995
2025-11-15 10:51:47.411495: val_loss -0.6913
2025-11-15 10:51:47.411596: Pseudo dice [np.float32(0.9187), np.float32(0.762), np.float32(0.0)]
2025-11-15 10:51:47.411692: Epoch time: 251.55 s
2025-11-15 10:51:48.468490: 
2025-11-15 10:51:48.468688: Epoch 477
2025-11-15 10:51:48.468796: Current learning rate: 0.00558
2025-11-15 10:56:00.314853: train_loss -0.7043
2025-11-15 10:56:00.315097: val_loss -0.6652
2025-11-15 10:56:00.315197: Pseudo dice [np.float32(0.9175), np.float32(0.7741), np.float32(0.0)]
2025-11-15 10:56:00.315305: Epoch time: 251.85 s
2025-11-15 10:56:01.387688: 
2025-11-15 10:56:01.387878: Epoch 478
2025-11-15 10:56:01.388054: Current learning rate: 0.00557
2025-11-15 11:00:13.134609: train_loss -0.6958
2025-11-15 11:00:13.134837: val_loss -0.7311
2025-11-15 11:00:13.134934: Pseudo dice [np.float32(0.925), np.float32(0.7678), np.float32(0.0)]
2025-11-15 11:00:13.135031: Epoch time: 251.75 s
2025-11-15 11:00:14.211216: 
2025-11-15 11:00:14.211379: Epoch 479
2025-11-15 11:00:14.211489: Current learning rate: 0.00556
2025-11-15 11:04:26.210510: train_loss -0.7326
2025-11-15 11:04:26.210738: val_loss -0.6499
2025-11-15 11:04:26.210837: Pseudo dice [np.float32(0.9132), np.float32(0.7642), np.float32(0.0)]
2025-11-15 11:04:26.210932: Epoch time: 252.0 s
2025-11-15 11:04:27.269541: 
2025-11-15 11:04:27.269697: Epoch 480
2025-11-15 11:04:27.269852: Current learning rate: 0.00555
2025-11-15 11:08:39.001068: train_loss -0.7189
2025-11-15 11:08:39.001308: val_loss -0.6587
2025-11-15 11:08:39.001407: Pseudo dice [np.float32(0.9152), np.float32(0.7606), np.float32(0.0)]
2025-11-15 11:08:39.001504: Epoch time: 251.73 s
2025-11-15 11:08:40.083165: 
2025-11-15 11:08:40.083408: Epoch 481
2025-11-15 11:08:40.083560: Current learning rate: 0.00554
2025-11-15 11:12:51.734669: train_loss -0.6837
2025-11-15 11:12:51.734893: val_loss -0.6783
2025-11-15 11:12:51.734991: Pseudo dice [np.float32(0.9092), np.float32(0.779), np.float32(0.0)]
2025-11-15 11:12:51.735085: Epoch time: 251.65 s
2025-11-15 11:12:53.370867: 
2025-11-15 11:12:53.371083: Epoch 482
2025-11-15 11:12:53.371206: Current learning rate: 0.00553
2025-11-15 11:17:04.967798: train_loss -0.692
2025-11-15 11:17:04.968037: val_loss -0.6865
2025-11-15 11:17:04.968135: Pseudo dice [np.float32(0.9182), np.float32(0.7769), np.float32(0.0)]
2025-11-15 11:17:04.968254: Epoch time: 251.6 s
2025-11-15 11:17:06.040911: 
2025-11-15 11:17:06.041094: Epoch 483
2025-11-15 11:17:06.041196: Current learning rate: 0.00552
2025-11-15 11:21:17.692567: train_loss -0.6986
2025-11-15 11:21:17.692842: val_loss -0.6411
2025-11-15 11:21:17.692943: Pseudo dice [np.float32(0.9082), np.float32(0.7723), np.float32(0.0)]
2025-11-15 11:21:17.693041: Epoch time: 251.65 s
2025-11-15 11:21:18.756235: 
2025-11-15 11:21:18.756514: Epoch 484
2025-11-15 11:21:18.756643: Current learning rate: 0.00551
2025-11-15 11:25:30.740267: train_loss -0.7126
2025-11-15 11:25:30.740509: val_loss -0.6535
2025-11-15 11:25:30.740605: Pseudo dice [np.float32(0.9206), np.float32(0.7672), np.float32(0.0)]
2025-11-15 11:25:30.740747: Epoch time: 251.98 s
2025-11-15 11:25:31.810502: 
2025-11-15 11:25:31.810781: Epoch 485
2025-11-15 11:25:31.810948: Current learning rate: 0.0055
2025-11-15 11:29:43.801669: train_loss -0.7006
2025-11-15 11:29:43.801957: val_loss -0.6607
2025-11-15 11:29:43.802071: Pseudo dice [np.float32(0.917), np.float32(0.7777), np.float32(0.0)]
2025-11-15 11:29:43.802172: Epoch time: 251.99 s
2025-11-15 11:29:44.873342: 
2025-11-15 11:29:44.873547: Epoch 486
2025-11-15 11:29:44.873659: Current learning rate: 0.00549
2025-11-15 11:33:56.733666: train_loss -0.7272
2025-11-15 11:33:56.733876: val_loss -0.6612
2025-11-15 11:33:56.734007: Pseudo dice [np.float32(0.9126), np.float32(0.7732), np.float32(0.0)]
2025-11-15 11:33:56.734112: Epoch time: 251.86 s
2025-11-15 11:33:57.795403: 
2025-11-15 11:33:57.795684: Epoch 487
2025-11-15 11:33:57.795840: Current learning rate: 0.00548
2025-11-15 11:38:09.615331: train_loss -0.723
2025-11-15 11:38:09.615565: val_loss -0.6521
2025-11-15 11:38:09.615666: Pseudo dice [np.float32(0.9126), np.float32(0.7761), np.float32(0.0)]
2025-11-15 11:38:09.615766: Epoch time: 251.82 s
2025-11-15 11:38:10.687230: 
2025-11-15 11:38:10.687438: Epoch 488
2025-11-15 11:38:10.687552: Current learning rate: 0.00547
2025-11-15 11:42:22.455021: train_loss -0.7178
2025-11-15 11:42:22.455296: val_loss -0.7045
2025-11-15 11:42:22.455403: Pseudo dice [np.float32(0.9174), np.float32(0.7723), np.float32(0.0)]
2025-11-15 11:42:22.455502: Epoch time: 251.77 s
2025-11-15 11:42:23.568167: 
2025-11-15 11:42:23.568401: Epoch 489
2025-11-15 11:42:23.568571: Current learning rate: 0.00546
2025-11-15 11:46:35.233289: train_loss -0.7203
2025-11-15 11:46:35.233532: val_loss -0.6677
2025-11-15 11:46:35.233629: Pseudo dice [np.float32(0.9147), np.float32(0.7681), np.float32(0.0)]
2025-11-15 11:46:35.233725: Epoch time: 251.67 s
2025-11-15 11:46:36.301754: 
2025-11-15 11:46:36.301958: Epoch 490
2025-11-15 11:46:36.302079: Current learning rate: 0.00546
2025-11-15 11:50:48.441955: train_loss -0.704
2025-11-15 11:50:48.442185: val_loss -0.6639
2025-11-15 11:50:48.442289: Pseudo dice [np.float32(0.9125), np.float32(0.7702), np.float32(0.0)]
2025-11-15 11:50:48.442387: Epoch time: 252.14 s
2025-11-15 11:50:49.520389: 
2025-11-15 11:50:49.520650: Epoch 491
2025-11-15 11:50:49.520944: Current learning rate: 0.00545
2025-11-15 11:55:01.203782: train_loss -0.718
2025-11-15 11:55:01.204011: val_loss -0.7124
2025-11-15 11:55:01.204167: Pseudo dice [np.float32(0.9143), np.float32(0.7625), np.float32(0.0)]
2025-11-15 11:55:01.204268: Epoch time: 251.68 s
2025-11-15 11:55:02.276571: 
2025-11-15 11:55:02.276747: Epoch 492
2025-11-15 11:55:02.276889: Current learning rate: 0.00544
2025-11-15 11:59:13.936410: train_loss -0.6973
2025-11-15 11:59:13.936640: val_loss -0.6781
2025-11-15 11:59:13.936737: Pseudo dice [np.float32(0.9098), np.float32(0.7729), np.float32(0.0)]
2025-11-15 11:59:13.936832: Epoch time: 251.66 s
2025-11-15 11:59:15.011595: 
2025-11-15 11:59:15.011907: Epoch 493
2025-11-15 11:59:15.012033: Current learning rate: 0.00543
2025-11-15 12:03:27.262880: train_loss -0.7096
2025-11-15 12:03:27.263124: val_loss -0.6763
2025-11-15 12:03:27.263223: Pseudo dice [np.float32(0.9207), np.float32(0.7608), np.float32(0.0)]
2025-11-15 12:03:27.263362: Epoch time: 252.25 s
2025-11-15 12:03:28.332232: 
2025-11-15 12:03:28.332419: Epoch 494
2025-11-15 12:03:28.332574: Current learning rate: 0.00542
2025-11-15 12:07:40.185343: train_loss -0.7172
2025-11-15 12:07:40.185596: val_loss -0.711
2025-11-15 12:07:40.185697: Pseudo dice [np.float32(0.923), np.float32(0.7641), np.float32(0.0)]
2025-11-15 12:07:40.185797: Epoch time: 251.85 s
2025-11-15 12:07:41.255594: 
2025-11-15 12:07:41.255786: Epoch 495
2025-11-15 12:07:41.255898: Current learning rate: 0.00541
2025-11-15 12:11:53.035695: train_loss -0.71
2025-11-15 12:11:53.035933: val_loss -0.6662
2025-11-15 12:11:53.036031: Pseudo dice [np.float32(0.9104), np.float32(0.7699), np.float32(0.0)]
2025-11-15 12:11:53.036130: Epoch time: 251.78 s
2025-11-15 12:11:54.108358: 
2025-11-15 12:11:54.108609: Epoch 496
2025-11-15 12:11:54.108739: Current learning rate: 0.0054
2025-11-15 12:16:05.746874: train_loss -0.7114
2025-11-15 12:16:05.747122: val_loss -0.6936
2025-11-15 12:16:05.747222: Pseudo dice [np.float32(0.9186), np.float32(0.7771), np.float32(0.0)]
2025-11-15 12:16:05.747331: Epoch time: 251.64 s
2025-11-15 12:16:06.826858: 
2025-11-15 12:16:06.827139: Epoch 497
2025-11-15 12:16:06.827264: Current learning rate: 0.00539
2025-11-15 12:20:18.905421: train_loss -0.6821
2025-11-15 12:20:18.905660: val_loss -0.7086
2025-11-15 12:20:18.905758: Pseudo dice [np.float32(0.9201), np.float32(0.778), np.float32(0.0)]
2025-11-15 12:20:18.905856: Epoch time: 252.08 s
2025-11-15 12:20:19.985672: 
2025-11-15 12:20:19.985836: Epoch 498
2025-11-15 12:20:19.985951: Current learning rate: 0.00538
2025-11-15 12:24:31.727737: train_loss -0.683
2025-11-15 12:24:31.727962: val_loss -0.6674
2025-11-15 12:24:31.728060: Pseudo dice [np.float32(0.9105), np.float32(0.7703), np.float32(0.0)]
2025-11-15 12:24:31.728157: Epoch time: 251.74 s
2025-11-15 12:24:33.360302: 
2025-11-15 12:24:33.360600: Epoch 499
2025-11-15 12:24:33.360716: Current learning rate: 0.00537
2025-11-15 12:28:45.227636: train_loss -0.6938
2025-11-15 12:28:45.227868: val_loss -0.6569
2025-11-15 12:28:45.227968: Pseudo dice [np.float32(0.9161), np.float32(0.7653), np.float32(0.0)]
2025-11-15 12:28:45.228066: Epoch time: 251.87 s
2025-11-15 12:28:46.615863: 
2025-11-15 12:28:46.616084: Epoch 500
2025-11-15 12:28:46.616211: Current learning rate: 0.00536
2025-11-15 12:32:58.271965: train_loss -0.711
2025-11-15 12:32:58.272166: val_loss -0.6547
2025-11-15 12:32:58.272265: Pseudo dice [np.float32(0.9115), np.float32(0.7685), np.float32(0.0)]
2025-11-15 12:32:58.272369: Epoch time: 251.66 s
2025-11-15 12:32:59.258169: 
2025-11-15 12:32:59.258368: Epoch 501
2025-11-15 12:32:59.258482: Current learning rate: 0.00535
2025-11-15 12:37:11.260584: train_loss -0.7005
2025-11-15 12:37:11.260814: val_loss -0.6918
2025-11-15 12:37:11.260916: Pseudo dice [np.float32(0.9092), np.float32(0.7658), np.float32(0.0)]
2025-11-15 12:37:11.261011: Epoch time: 252.0 s
2025-11-15 12:37:12.333752: 
2025-11-15 12:37:12.333953: Epoch 502
2025-11-15 12:37:12.334076: Current learning rate: 0.00534
2025-11-15 12:41:24.236337: train_loss -0.7321
2025-11-15 12:41:24.236583: val_loss -0.6924
2025-11-15 12:41:24.241464: Pseudo dice [np.float32(0.9232), np.float32(0.7749), np.float32(0.0)]
2025-11-15 12:41:24.241578: Epoch time: 251.9 s
2025-11-15 12:41:25.312621: 
2025-11-15 12:41:25.312798: Epoch 503
2025-11-15 12:41:25.312911: Current learning rate: 0.00533
2025-11-15 12:45:37.129241: train_loss -0.7205
2025-11-15 12:45:37.129484: val_loss -0.6896
2025-11-15 12:45:37.129583: Pseudo dice [np.float32(0.9101), np.float32(0.7686), np.float32(0.0)]
2025-11-15 12:45:37.129679: Epoch time: 251.82 s
2025-11-15 12:45:38.198094: 
2025-11-15 12:45:38.198370: Epoch 504
2025-11-15 12:45:38.198536: Current learning rate: 0.00532
2025-11-15 12:49:50.056257: train_loss -0.7103
2025-11-15 12:49:50.056505: val_loss -0.6675
2025-11-15 12:49:50.056602: Pseudo dice [np.float32(0.922), np.float32(0.7689), np.float32(0.0)]
2025-11-15 12:49:50.056698: Epoch time: 251.86 s
2025-11-15 12:49:51.123054: 
2025-11-15 12:49:51.123254: Epoch 505
2025-11-15 12:49:51.123393: Current learning rate: 0.00531
2025-11-15 12:54:02.724887: train_loss -0.6952
2025-11-15 12:54:02.725135: val_loss -0.6817
2025-11-15 12:54:02.725234: Pseudo dice [np.float32(0.919), np.float32(0.7774), np.float32(0.0)]
2025-11-15 12:54:02.725340: Epoch time: 251.6 s
2025-11-15 12:54:03.744005: 
2025-11-15 12:54:03.744186: Epoch 506
2025-11-15 12:54:03.744306: Current learning rate: 0.0053
2025-11-15 12:58:16.056699: train_loss -0.6962
2025-11-15 12:58:16.056925: val_loss -0.6744
2025-11-15 12:58:16.057024: Pseudo dice [np.float32(0.9052), np.float32(0.7824), np.float32(0.0)]
2025-11-15 12:58:16.057121: Epoch time: 252.31 s
2025-11-15 12:58:17.131493: 
2025-11-15 12:58:17.131661: Epoch 507
2025-11-15 12:58:17.131771: Current learning rate: 0.00529
2025-11-15 13:02:28.931927: train_loss -0.7021
2025-11-15 13:02:28.932173: val_loss -0.6822
2025-11-15 13:02:28.932281: Pseudo dice [np.float32(0.9151), np.float32(0.7819), np.float32(0.0)]
2025-11-15 13:02:28.932381: Epoch time: 251.8 s
2025-11-15 13:02:29.995548: 
2025-11-15 13:02:29.995799: Epoch 508
2025-11-15 13:02:29.995985: Current learning rate: 0.00528
2025-11-15 13:06:41.570778: train_loss -0.6932
2025-11-15 13:06:41.571002: val_loss -0.6816
2025-11-15 13:06:41.571097: Pseudo dice [np.float32(0.9131), np.float32(0.7815), np.float32(0.0)]
2025-11-15 13:06:41.571191: Epoch time: 251.58 s
2025-11-15 13:06:42.643158: 
2025-11-15 13:06:42.643344: Epoch 509
2025-11-15 13:06:42.643464: Current learning rate: 0.00527
2025-11-15 13:10:54.589606: train_loss -0.7183
2025-11-15 13:10:54.589854: val_loss -0.6913
2025-11-15 13:10:54.589960: Pseudo dice [np.float32(0.9137), np.float32(0.771), np.float32(0.0)]
2025-11-15 13:10:54.590059: Epoch time: 251.95 s
2025-11-15 13:10:55.606205: 
2025-11-15 13:10:55.606384: Epoch 510
2025-11-15 13:10:55.606500: Current learning rate: 0.00526
2025-11-15 13:15:07.661494: train_loss -0.7002
2025-11-15 13:15:07.661719: val_loss -0.6543
2025-11-15 13:15:07.661817: Pseudo dice [np.float32(0.9208), np.float32(0.7573), np.float32(0.0)]
2025-11-15 13:15:07.661911: Epoch time: 252.06 s
2025-11-15 13:15:08.741943: 
2025-11-15 13:15:08.742114: Epoch 511
2025-11-15 13:15:08.742218: Current learning rate: 0.00525
2025-11-15 13:19:20.441085: train_loss -0.7049
2025-11-15 13:19:20.441394: val_loss -0.6548
2025-11-15 13:19:20.441503: Pseudo dice [np.float32(0.9206), np.float32(0.7802), np.float32(0.0)]
2025-11-15 13:19:20.441604: Epoch time: 251.7 s
2025-11-15 13:19:21.445114: 
2025-11-15 13:19:21.445372: Epoch 512
2025-11-15 13:19:21.445491: Current learning rate: 0.00524
2025-11-15 13:23:33.157592: train_loss -0.7141
2025-11-15 13:23:33.157796: val_loss -0.6819
2025-11-15 13:23:33.157894: Pseudo dice [np.float32(0.9239), np.float32(0.7814), np.float32(0.0)]
2025-11-15 13:23:33.157993: Epoch time: 251.71 s
2025-11-15 13:23:34.226475: 
2025-11-15 13:23:34.226702: Epoch 513
2025-11-15 13:23:34.226825: Current learning rate: 0.00523
2025-11-15 13:27:45.906639: train_loss -0.7207
2025-11-15 13:27:45.906883: val_loss -0.6609
2025-11-15 13:27:45.906983: Pseudo dice [np.float32(0.9215), np.float32(0.7681), np.float32(0.0)]
2025-11-15 13:27:45.907082: Epoch time: 251.68 s
2025-11-15 13:27:46.981163: 
2025-11-15 13:27:46.981334: Epoch 514
2025-11-15 13:27:46.981446: Current learning rate: 0.00522
2025-11-15 13:31:58.622856: train_loss -0.7229
2025-11-15 13:31:58.623335: val_loss -0.66
2025-11-15 13:31:58.623440: Pseudo dice [np.float32(0.9159), np.float32(0.7329), np.float32(0.0)]
2025-11-15 13:31:58.623537: Epoch time: 251.64 s
2025-11-15 13:32:00.208429: 
2025-11-15 13:32:00.208613: Epoch 515
2025-11-15 13:32:00.208722: Current learning rate: 0.00521
2025-11-15 13:36:11.997587: train_loss -0.6902
2025-11-15 13:36:11.997827: val_loss -0.6772
2025-11-15 13:36:11.998001: Pseudo dice [np.float32(0.9087), np.float32(0.7645), np.float32(0.0)]
2025-11-15 13:36:11.998113: Epoch time: 251.79 s
2025-11-15 13:36:13.077856: 
2025-11-15 13:36:13.078069: Epoch 516
2025-11-15 13:36:13.078195: Current learning rate: 0.0052
2025-11-15 13:40:24.839801: train_loss -0.7022
2025-11-15 13:40:24.840043: val_loss -0.6664
2025-11-15 13:40:24.840141: Pseudo dice [np.float32(0.9234), np.float32(0.7795), np.float32(0.0)]
2025-11-15 13:40:24.840239: Epoch time: 251.76 s
2025-11-15 13:40:25.912374: 
2025-11-15 13:40:25.912627: Epoch 517
2025-11-15 13:40:25.912746: Current learning rate: 0.00519
2025-11-15 13:44:37.851931: train_loss -0.6962
2025-11-15 13:44:37.852165: val_loss -0.6666
2025-11-15 13:44:37.852265: Pseudo dice [np.float32(0.9138), np.float32(0.7772), np.float32(0.0)]
2025-11-15 13:44:37.852371: Epoch time: 251.94 s
2025-11-15 13:44:38.854921: 
2025-11-15 13:44:38.855195: Epoch 518
2025-11-15 13:44:38.855376: Current learning rate: 0.00518
2025-11-15 13:48:50.530961: train_loss -0.705
2025-11-15 13:48:50.531195: val_loss -0.6601
2025-11-15 13:48:50.531300: Pseudo dice [np.float32(0.9164), np.float32(0.7685), np.float32(0.0)]
2025-11-15 13:48:50.531402: Epoch time: 251.68 s
2025-11-15 13:48:51.613316: 
2025-11-15 13:48:51.613512: Epoch 519
2025-11-15 13:48:51.613627: Current learning rate: 0.00518
2025-11-15 13:53:03.341265: train_loss -0.7055
2025-11-15 13:53:03.341518: val_loss -0.6639
2025-11-15 13:53:03.341621: Pseudo dice [np.float32(0.9159), np.float32(0.7834), np.float32(0.0)]
2025-11-15 13:53:03.341720: Epoch time: 251.73 s
2025-11-15 13:53:04.421866: 
2025-11-15 13:53:04.422059: Epoch 520
2025-11-15 13:53:04.422187: Current learning rate: 0.00517
2025-11-15 13:57:16.176889: train_loss -0.697
2025-11-15 13:57:16.177108: val_loss -0.6893
2025-11-15 13:57:16.177206: Pseudo dice [np.float32(0.9177), np.float32(0.7618), np.float32(0.0)]
2025-11-15 13:57:16.177312: Epoch time: 251.76 s
2025-11-15 13:57:17.244421: 
2025-11-15 13:57:17.244584: Epoch 521
2025-11-15 13:57:17.244706: Current learning rate: 0.00516
2025-11-15 14:01:28.900836: train_loss -0.6998
2025-11-15 14:01:28.901123: val_loss -0.6688
2025-11-15 14:01:28.901227: Pseudo dice [np.float32(0.9097), np.float32(0.7855), np.float32(0.0)]
2025-11-15 14:01:28.901337: Epoch time: 251.66 s
2025-11-15 14:01:29.976832: 
2025-11-15 14:01:29.977011: Epoch 522
2025-11-15 14:01:29.977202: Current learning rate: 0.00515
2025-11-15 14:05:41.630921: train_loss -0.7128
2025-11-15 14:05:41.631169: val_loss -0.6888
2025-11-15 14:05:41.631268: Pseudo dice [np.float32(0.9143), np.float32(0.7783), np.float32(0.0)]
2025-11-15 14:05:41.631374: Epoch time: 251.66 s
2025-11-15 14:05:42.709768: 
2025-11-15 14:05:42.709963: Epoch 523
2025-11-15 14:05:42.710124: Current learning rate: 0.00514
2025-11-15 14:09:54.589141: train_loss -0.6958
2025-11-15 14:09:54.589371: val_loss -0.7173
2025-11-15 14:09:54.589471: Pseudo dice [np.float32(0.9318), np.float32(0.7721), np.float32(0.0)]
2025-11-15 14:09:54.589567: Epoch time: 251.88 s
2025-11-15 14:09:55.624850: 
2025-11-15 14:09:55.625097: Epoch 524
2025-11-15 14:09:55.625260: Current learning rate: 0.00513
2025-11-15 14:14:07.315137: train_loss -0.7269
2025-11-15 14:14:07.315390: val_loss -0.6859
2025-11-15 14:14:07.315491: Pseudo dice [np.float32(0.9132), np.float32(0.7773), np.float32(0.0)]
2025-11-15 14:14:07.315589: Epoch time: 251.69 s
2025-11-15 14:14:08.391244: 
2025-11-15 14:14:08.425019: Epoch 525
2025-11-15 14:14:08.425240: Current learning rate: 0.00512
2025-11-15 14:18:20.052938: train_loss -0.6931
2025-11-15 14:18:20.053173: val_loss -0.6732
2025-11-15 14:18:20.053270: Pseudo dice [np.float32(0.9154), np.float32(0.7716), np.float32(0.0)]
2025-11-15 14:18:20.053378: Epoch time: 251.66 s
2025-11-15 14:18:21.145468: 
2025-11-15 14:18:21.145651: Epoch 526
2025-11-15 14:18:21.145763: Current learning rate: 0.00511
2025-11-15 14:22:32.869431: train_loss -0.7099
2025-11-15 14:22:32.869660: val_loss -0.7106
2025-11-15 14:22:32.869758: Pseudo dice [np.float32(0.9197), np.float32(0.7769), np.float32(0.0)]
2025-11-15 14:22:32.869855: Epoch time: 251.72 s
2025-11-15 14:22:33.942223: 
2025-11-15 14:22:33.942389: Epoch 527
2025-11-15 14:22:33.942499: Current learning rate: 0.0051
2025-11-15 14:26:45.768809: train_loss -0.7118
2025-11-15 14:26:45.769039: val_loss -0.6434
2025-11-15 14:26:45.769135: Pseudo dice [np.float32(0.9074), np.float32(0.7692), np.float32(0.0)]
2025-11-15 14:26:45.769231: Epoch time: 251.83 s
2025-11-15 14:26:46.843655: 
2025-11-15 14:26:46.843910: Epoch 528
2025-11-15 14:26:46.844036: Current learning rate: 0.00509
2025-11-15 14:30:58.615835: train_loss -0.7007
2025-11-15 14:30:58.616079: val_loss -0.6727
2025-11-15 14:30:58.616176: Pseudo dice [np.float32(0.9165), np.float32(0.7778), np.float32(0.0)]
2025-11-15 14:30:58.616281: Epoch time: 251.77 s
2025-11-15 14:30:59.707445: 
2025-11-15 14:30:59.707672: Epoch 529
2025-11-15 14:30:59.707804: Current learning rate: 0.00508
2025-11-15 14:35:11.505914: train_loss -0.7289
2025-11-15 14:35:11.506149: val_loss -0.6343
2025-11-15 14:35:11.506249: Pseudo dice [np.float32(0.9202), np.float32(0.7707), np.float32(0.0)]
2025-11-15 14:35:11.506354: Epoch time: 251.8 s
2025-11-15 14:35:12.595038: 
2025-11-15 14:35:12.595200: Epoch 530
2025-11-15 14:35:12.595317: Current learning rate: 0.00507
2025-11-15 14:39:24.173878: train_loss -0.7254
2025-11-15 14:39:24.174105: val_loss -0.6348
2025-11-15 14:39:24.174203: Pseudo dice [np.float32(0.9182), np.float32(0.7701), np.float32(0.0)]
2025-11-15 14:39:24.174346: Epoch time: 251.58 s
2025-11-15 14:39:25.248114: 
2025-11-15 14:39:25.248375: Epoch 531
2025-11-15 14:39:25.248493: Current learning rate: 0.00506
2025-11-15 14:43:36.964231: train_loss -0.7135
2025-11-15 14:43:36.964476: val_loss -0.655
2025-11-15 14:43:36.964575: Pseudo dice [np.float32(0.9129), np.float32(0.7536), np.float32(0.0)]
2025-11-15 14:43:36.964670: Epoch time: 251.72 s
2025-11-15 14:43:38.609951: 
2025-11-15 14:43:38.610267: Epoch 532
2025-11-15 14:43:38.610427: Current learning rate: 0.00505
2025-11-15 14:47:50.216896: train_loss -0.713
2025-11-15 14:47:50.217148: val_loss -0.6693
2025-11-15 14:47:50.217249: Pseudo dice [np.float32(0.924), np.float32(0.774), np.float32(0.0)]
2025-11-15 14:47:50.217356: Epoch time: 251.61 s
2025-11-15 14:47:51.292538: 
2025-11-15 14:47:51.292721: Epoch 533
2025-11-15 14:47:51.292824: Current learning rate: 0.00504
2025-11-15 14:52:02.941056: train_loss -0.7177
2025-11-15 14:52:02.941303: val_loss -0.669
2025-11-15 14:52:02.941407: Pseudo dice [np.float32(0.9187), np.float32(0.7644), np.float32(0.0)]
2025-11-15 14:52:02.941505: Epoch time: 251.65 s
2025-11-15 14:52:04.014739: 
2025-11-15 14:52:04.014990: Epoch 534
2025-11-15 14:52:04.015125: Current learning rate: 0.00503
2025-11-15 14:56:16.082648: train_loss -0.7116
2025-11-15 14:56:16.082891: val_loss -0.6341
2025-11-15 14:56:16.082992: Pseudo dice [np.float32(0.9162), np.float32(0.758), np.float32(0.0)]
2025-11-15 14:56:16.083089: Epoch time: 252.07 s
2025-11-15 14:56:17.160119: 
2025-11-15 14:56:17.160304: Epoch 535
2025-11-15 14:56:17.160414: Current learning rate: 0.00502
2025-11-15 15:00:29.280128: train_loss -0.7076
2025-11-15 15:00:29.280376: val_loss -0.6921
2025-11-15 15:00:29.280478: Pseudo dice [np.float32(0.9209), np.float32(0.7594), np.float32(0.0)]
2025-11-15 15:00:29.280576: Epoch time: 252.12 s
2025-11-15 15:00:30.346989: 
2025-11-15 15:00:30.347168: Epoch 536
2025-11-15 15:00:30.347284: Current learning rate: 0.00501
2025-11-15 15:04:41.983536: train_loss -0.7288
2025-11-15 15:04:41.983777: val_loss -0.6746
2025-11-15 15:04:41.983875: Pseudo dice [np.float32(0.9207), np.float32(0.743), np.float32(0.0)]
2025-11-15 15:04:41.983972: Epoch time: 251.64 s
2025-11-15 15:04:43.059829: 
2025-11-15 15:04:43.060006: Epoch 537
2025-11-15 15:04:43.060118: Current learning rate: 0.005
2025-11-15 15:08:54.879611: train_loss -0.7134
2025-11-15 15:08:54.879858: val_loss -0.6625
2025-11-15 15:08:54.879960: Pseudo dice [np.float32(0.9147), np.float32(0.7674), np.float32(0.0)]
2025-11-15 15:08:54.880059: Epoch time: 251.82 s
2025-11-15 15:08:55.948967: 
2025-11-15 15:08:55.949287: Epoch 538
2025-11-15 15:08:55.949411: Current learning rate: 0.00499
2025-11-15 15:13:07.635758: train_loss -0.7025
2025-11-15 15:13:07.635998: val_loss -0.6598
2025-11-15 15:13:07.636097: Pseudo dice [np.float32(0.9078), np.float32(0.7657), np.float32(0.0)]
2025-11-15 15:13:07.636193: Epoch time: 251.69 s
2025-11-15 15:13:08.717564: 
2025-11-15 15:13:08.717771: Epoch 539
2025-11-15 15:13:08.717884: Current learning rate: 0.00498
2025-11-15 15:17:20.304016: train_loss -0.7016
2025-11-15 15:17:20.304266: val_loss -0.6691
2025-11-15 15:17:20.304373: Pseudo dice [np.float32(0.9219), np.float32(0.7678), np.float32(0.0)]
2025-11-15 15:17:20.304469: Epoch time: 251.59 s
2025-11-15 15:17:21.332435: 
2025-11-15 15:17:21.332663: Epoch 540
2025-11-15 15:17:21.332809: Current learning rate: 0.00497
2025-11-15 15:21:33.001563: train_loss -0.6892
2025-11-15 15:21:33.001802: val_loss -0.7006
2025-11-15 15:21:33.001900: Pseudo dice [np.float32(0.9207), np.float32(0.7763), np.float32(0.0)]
2025-11-15 15:21:33.002002: Epoch time: 251.67 s
2025-11-15 15:21:34.089990: 
2025-11-15 15:21:34.090144: Epoch 541
2025-11-15 15:21:34.090279: Current learning rate: 0.00496
2025-11-15 15:25:45.920828: train_loss -0.6986
2025-11-15 15:25:45.921072: val_loss -0.6555
2025-11-15 15:25:45.921168: Pseudo dice [np.float32(0.919), np.float32(0.7612), np.float32(0.0)]
2025-11-15 15:25:45.921293: Epoch time: 251.83 s
2025-11-15 15:25:46.991394: 
2025-11-15 15:25:46.991575: Epoch 542
2025-11-15 15:25:46.991754: Current learning rate: 0.00495
2025-11-15 15:29:58.434715: train_loss -0.7143
2025-11-15 15:29:58.434974: val_loss -0.6854
2025-11-15 15:29:58.435074: Pseudo dice [np.float32(0.9186), np.float32(0.7823), np.float32(0.0)]
2025-11-15 15:29:58.435170: Epoch time: 251.44 s
2025-11-15 15:29:59.519816: 
2025-11-15 15:29:59.520010: Epoch 543
2025-11-15 15:29:59.520164: Current learning rate: 0.00494
2025-11-15 15:34:11.474140: train_loss -0.6991
2025-11-15 15:34:11.474440: val_loss -0.6214
2025-11-15 15:34:11.474542: Pseudo dice [np.float32(0.9089), np.float32(0.761), np.float32(0.0)]
2025-11-15 15:34:11.474639: Epoch time: 251.96 s
2025-11-15 15:34:12.554398: 
2025-11-15 15:34:12.554633: Epoch 544
2025-11-15 15:34:12.554739: Current learning rate: 0.00493
2025-11-15 15:38:24.133853: train_loss -0.6988
2025-11-15 15:38:24.134077: val_loss -0.6656
2025-11-15 15:38:24.134176: Pseudo dice [np.float32(0.9195), np.float32(0.7591), np.float32(0.0)]
2025-11-15 15:38:24.134281: Epoch time: 251.58 s
2025-11-15 15:38:25.232518: 
2025-11-15 15:38:25.232675: Epoch 545
2025-11-15 15:38:25.232782: Current learning rate: 0.00492
2025-11-15 15:42:36.916428: train_loss -0.7146
2025-11-15 15:42:36.916648: val_loss -0.6311
2025-11-15 15:42:36.916746: Pseudo dice [np.float32(0.9101), np.float32(0.7606), np.float32(0.0)]
2025-11-15 15:42:36.916843: Epoch time: 251.68 s
2025-11-15 15:42:38.002242: 
2025-11-15 15:42:38.002486: Epoch 546
2025-11-15 15:42:38.002601: Current learning rate: 0.00491
2025-11-15 15:46:49.855729: train_loss -0.7128
2025-11-15 15:46:49.856050: val_loss -0.6553
2025-11-15 15:46:49.856154: Pseudo dice [np.float32(0.9133), np.float32(0.7603), np.float32(0.0)]
2025-11-15 15:46:49.861502: Epoch time: 251.85 s
2025-11-15 15:46:50.937151: 
2025-11-15 15:46:50.937315: Epoch 547
2025-11-15 15:46:50.937430: Current learning rate: 0.0049
2025-11-15 15:51:02.889399: train_loss -0.7064
2025-11-15 15:51:02.889636: val_loss -0.6624
2025-11-15 15:51:02.889754: Pseudo dice [np.float32(0.9107), np.float32(0.7796), np.float32(0.0)]
2025-11-15 15:51:02.889855: Epoch time: 251.95 s
2025-11-15 15:51:03.967312: 
2025-11-15 15:51:03.967568: Epoch 548
2025-11-15 15:51:03.967717: Current learning rate: 0.00489
2025-11-15 15:55:15.848691: train_loss -0.707
2025-11-15 15:55:15.848930: val_loss -0.6641
2025-11-15 15:55:15.849030: Pseudo dice [np.float32(0.9064), np.float32(0.7417), np.float32(0.0)]
2025-11-15 15:55:15.849126: Epoch time: 251.88 s
2025-11-15 15:55:17.478161: 
2025-11-15 15:55:17.478354: Epoch 549
2025-11-15 15:55:17.478460: Current learning rate: 0.00488
2025-11-15 15:59:29.215544: train_loss -0.7096
2025-11-15 15:59:29.215823: val_loss -0.6807
2025-11-15 15:59:29.215924: Pseudo dice [np.float32(0.9163), np.float32(0.7666), np.float32(0.0)]
2025-11-15 15:59:29.216022: Epoch time: 251.74 s
2025-11-15 15:59:30.632268: 
2025-11-15 15:59:30.632442: Epoch 550
2025-11-15 15:59:30.632552: Current learning rate: 0.00487
2025-11-15 16:03:42.479521: train_loss -0.7186
2025-11-15 16:03:42.479766: val_loss -0.6916
2025-11-15 16:03:42.479868: Pseudo dice [np.float32(0.9182), np.float32(0.7611), np.float32(0.0)]
2025-11-15 16:03:42.479966: Epoch time: 251.85 s
2025-11-15 16:03:43.556267: 
2025-11-15 16:03:43.556453: Epoch 551
2025-11-15 16:03:43.556566: Current learning rate: 0.00486
2025-11-15 16:07:55.549113: train_loss -0.6839
2025-11-15 16:07:55.549360: val_loss -0.6623
2025-11-15 16:07:55.549461: Pseudo dice [np.float32(0.915), np.float32(0.7712), np.float32(0.0)]
2025-11-15 16:07:55.549560: Epoch time: 251.99 s
2025-11-15 16:07:56.639369: 
2025-11-15 16:07:56.639610: Epoch 552
2025-11-15 16:07:56.639724: Current learning rate: 0.00485
2025-11-15 16:12:08.316206: train_loss -0.7146
2025-11-15 16:12:08.316560: val_loss -0.6655
2025-11-15 16:12:08.316729: Pseudo dice [np.float32(0.9243), np.float32(0.7758), np.float32(0.0)]
2025-11-15 16:12:08.316864: Epoch time: 251.68 s
2025-11-15 16:12:09.384312: 
2025-11-15 16:12:09.384490: Epoch 553
2025-11-15 16:12:09.384598: Current learning rate: 0.00484
2025-11-15 16:16:21.590541: train_loss -0.7111
2025-11-15 16:16:21.590774: val_loss -0.6549
2025-11-15 16:16:21.590871: Pseudo dice [np.float32(0.9172), np.float32(0.7614), np.float32(0.0)]
2025-11-15 16:16:21.590967: Epoch time: 252.21 s
2025-11-15 16:16:22.680671: 
2025-11-15 16:16:22.680865: Epoch 554
2025-11-15 16:16:22.681033: Current learning rate: 0.00484
2025-11-15 16:20:34.750316: train_loss -0.7017
2025-11-15 16:20:34.750553: val_loss -0.6946
2025-11-15 16:20:34.750653: Pseudo dice [np.float32(0.9235), np.float32(0.778), np.float32(0.0)]
2025-11-15 16:20:34.750751: Epoch time: 252.07 s
2025-11-15 16:20:35.824615: 
2025-11-15 16:20:35.824929: Epoch 555
2025-11-15 16:20:35.825078: Current learning rate: 0.00483
2025-11-15 16:24:47.680526: train_loss -0.7195
2025-11-15 16:24:47.680728: val_loss -0.6409
2025-11-15 16:24:47.680832: Pseudo dice [np.float32(0.9131), np.float32(0.7657), np.float32(0.0)]
2025-11-15 16:24:47.680928: Epoch time: 251.86 s
2025-11-15 16:24:48.751579: 
2025-11-15 16:24:48.751752: Epoch 556
2025-11-15 16:24:48.751856: Current learning rate: 0.00482
2025-11-15 16:29:00.758419: train_loss -0.7167
2025-11-15 16:29:00.758641: val_loss -0.6909
2025-11-15 16:29:00.758739: Pseudo dice [np.float32(0.9166), np.float32(0.773), np.float32(0.0)]
2025-11-15 16:29:00.758836: Epoch time: 252.01 s
2025-11-15 16:29:01.824506: 
2025-11-15 16:29:01.824741: Epoch 557
2025-11-15 16:29:01.824869: Current learning rate: 0.00481
2025-11-15 16:33:13.920779: train_loss -0.7153
2025-11-15 16:33:13.921018: val_loss -0.6701
2025-11-15 16:33:13.921117: Pseudo dice [np.float32(0.9059), np.float32(0.7709), np.float32(0.0)]
2025-11-15 16:33:13.921216: Epoch time: 252.1 s
2025-11-15 16:33:14.996332: 
2025-11-15 16:33:14.996601: Epoch 558
2025-11-15 16:33:14.996753: Current learning rate: 0.0048
2025-11-15 16:37:26.898945: train_loss -0.7143
2025-11-15 16:37:26.899193: val_loss -0.6705
2025-11-15 16:37:26.899301: Pseudo dice [np.float32(0.912), np.float32(0.7654), np.float32(0.0)]
2025-11-15 16:37:26.899402: Epoch time: 251.9 s
2025-11-15 16:37:27.975738: 
2025-11-15 16:37:27.975954: Epoch 559
2025-11-15 16:37:27.976070: Current learning rate: 0.00479
2025-11-15 16:41:39.657753: train_loss -0.7057
2025-11-15 16:41:39.657997: val_loss -0.7131
2025-11-15 16:41:39.658096: Pseudo dice [np.float32(0.9262), np.float32(0.7462), np.float32(0.0)]
2025-11-15 16:41:39.658195: Epoch time: 251.68 s
2025-11-15 16:41:40.745187: 
2025-11-15 16:41:40.745360: Epoch 560
2025-11-15 16:41:40.745470: Current learning rate: 0.00478
2025-11-15 16:45:52.629340: train_loss -0.7018
2025-11-15 16:45:52.629590: val_loss -0.67
2025-11-15 16:45:52.629752: Pseudo dice [np.float32(0.924), np.float32(0.7603), np.float32(0.0)]
2025-11-15 16:45:52.629900: Epoch time: 251.89 s
2025-11-15 16:45:53.711277: 
2025-11-15 16:45:53.711545: Epoch 561
2025-11-15 16:45:53.711662: Current learning rate: 0.00477
2025-11-15 16:50:05.433991: train_loss -0.7234
2025-11-15 16:50:05.434500: val_loss -0.6439
2025-11-15 16:50:05.434607: Pseudo dice [np.float32(0.9164), np.float32(0.7539), np.float32(0.0)]
2025-11-15 16:50:05.434708: Epoch time: 251.72 s
2025-11-15 16:50:06.504153: 
2025-11-15 16:50:06.504329: Epoch 562
2025-11-15 16:50:06.504439: Current learning rate: 0.00476
2025-11-15 16:54:18.023512: train_loss -0.7095
2025-11-15 16:54:18.023751: val_loss -0.646
2025-11-15 16:54:18.023848: Pseudo dice [np.float32(0.9194), np.float32(0.7557), np.float32(0.0)]
2025-11-15 16:54:18.023951: Epoch time: 251.52 s
2025-11-15 16:54:19.100702: 
2025-11-15 16:54:19.100871: Epoch 563
2025-11-15 16:54:19.100985: Current learning rate: 0.00475
2025-11-15 16:58:30.886141: train_loss -0.7119
2025-11-15 16:58:30.886391: val_loss -0.6495
2025-11-15 16:58:30.886491: Pseudo dice [np.float32(0.9131), np.float32(0.7678), np.float32(0.0)]
2025-11-15 16:58:30.886591: Epoch time: 251.79 s
2025-11-15 16:58:31.887298: 
2025-11-15 16:58:31.887480: Epoch 564
2025-11-15 16:58:31.887615: Current learning rate: 0.00474
2025-11-15 17:02:43.719472: train_loss -0.7094
2025-11-15 17:02:43.719810: val_loss -0.6448
2025-11-15 17:02:43.719917: Pseudo dice [np.float32(0.9056), np.float32(0.7688), np.float32(0.0)]
2025-11-15 17:02:43.720016: Epoch time: 251.83 s
2025-11-15 17:02:45.375392: 
2025-11-15 17:02:45.375630: Epoch 565
2025-11-15 17:02:45.375745: Current learning rate: 0.00473
2025-11-15 17:06:56.949806: train_loss -0.7158
2025-11-15 17:06:56.950054: val_loss -0.7099
2025-11-15 17:06:56.950288: Pseudo dice [np.float32(0.9195), np.float32(0.7622), np.float32(0.0)]
2025-11-15 17:06:56.950401: Epoch time: 251.58 s
2025-11-15 17:06:58.025457: 
2025-11-15 17:06:58.025637: Epoch 566
2025-11-15 17:06:58.025747: Current learning rate: 0.00472
2025-11-15 17:11:09.661561: train_loss -0.7115
2025-11-15 17:11:09.661802: val_loss -0.6819
2025-11-15 17:11:09.661988: Pseudo dice [np.float32(0.9126), np.float32(0.7659), np.float32(0.0)]
2025-11-15 17:11:09.662128: Epoch time: 251.64 s
2025-11-15 17:11:10.734578: 
2025-11-15 17:11:10.734763: Epoch 567
2025-11-15 17:11:10.734875: Current learning rate: 0.00471
2025-11-15 17:15:22.345549: train_loss -0.7065
2025-11-15 17:15:22.345790: val_loss -0.695
2025-11-15 17:15:22.345889: Pseudo dice [np.float32(0.9152), np.float32(0.7613), np.float32(0.0)]
2025-11-15 17:15:22.345987: Epoch time: 251.61 s
2025-11-15 17:15:23.356535: 
2025-11-15 17:15:23.356714: Epoch 568
2025-11-15 17:15:23.356827: Current learning rate: 0.0047
2025-11-15 17:19:35.124052: train_loss -0.7188
2025-11-15 17:19:35.124279: val_loss -0.6851
2025-11-15 17:19:35.124378: Pseudo dice [np.float32(0.9092), np.float32(0.7641), np.float32(0.0)]
2025-11-15 17:19:35.124476: Epoch time: 251.77 s
2025-11-15 17:19:36.204576: 
2025-11-15 17:19:36.204770: Epoch 569
2025-11-15 17:19:36.204880: Current learning rate: 0.00469
2025-11-15 17:23:48.014158: train_loss -0.7114
2025-11-15 17:23:48.014403: val_loss -0.6994
2025-11-15 17:23:48.014503: Pseudo dice [np.float32(0.9219), np.float32(0.7582), np.float32(0.0)]
2025-11-15 17:23:48.014601: Epoch time: 251.81 s
2025-11-15 17:23:49.090838: 
2025-11-15 17:23:49.091025: Epoch 570
2025-11-15 17:23:49.091147: Current learning rate: 0.00468
2025-11-15 17:28:01.041597: train_loss -0.7163
2025-11-15 17:28:01.041856: val_loss -0.6483
2025-11-15 17:28:01.041958: Pseudo dice [np.float32(0.9124), np.float32(0.7717), np.float32(0.0)]
2025-11-15 17:28:01.042054: Epoch time: 251.95 s
2025-11-15 17:28:02.100595: 
2025-11-15 17:28:02.100807: Epoch 571
2025-11-15 17:28:02.100918: Current learning rate: 0.00467
2025-11-15 17:32:13.991007: train_loss -0.7013
2025-11-15 17:32:13.991239: val_loss -0.6817
2025-11-15 17:32:13.991345: Pseudo dice [np.float32(0.9151), np.float32(0.7642), np.float32(0.0)]
2025-11-15 17:32:13.991443: Epoch time: 251.89 s
2025-11-15 17:32:15.065310: 
2025-11-15 17:32:15.065474: Epoch 572
2025-11-15 17:32:15.065585: Current learning rate: 0.00466
2025-11-15 17:36:26.645866: train_loss -0.7084
2025-11-15 17:36:26.646110: val_loss -0.6485
2025-11-15 17:36:26.646209: Pseudo dice [np.float32(0.9099), np.float32(0.7518), np.float32(0.0)]
2025-11-15 17:36:26.646317: Epoch time: 251.58 s
2025-11-15 17:36:27.726934: 
2025-11-15 17:36:27.727210: Epoch 573
2025-11-15 17:36:27.727340: Current learning rate: 0.00465
2025-11-15 17:40:39.489543: train_loss -0.7219
2025-11-15 17:40:39.489776: val_loss -0.7121
2025-11-15 17:40:39.489876: Pseudo dice [np.float32(0.9169), np.float32(0.7762), np.float32(0.0)]
2025-11-15 17:40:39.489973: Epoch time: 251.76 s
2025-11-15 17:40:40.589318: 
2025-11-15 17:40:40.589518: Epoch 574
2025-11-15 17:40:40.589639: Current learning rate: 0.00464
2025-11-15 17:44:52.555047: train_loss -0.7047
2025-11-15 17:44:52.555303: val_loss -0.6859
2025-11-15 17:44:52.555403: Pseudo dice [np.float32(0.9092), np.float32(0.774), np.float32(0.0)]
2025-11-15 17:44:52.555501: Epoch time: 251.97 s
2025-11-15 17:44:53.642088: 
2025-11-15 17:44:53.642429: Epoch 575
2025-11-15 17:44:53.642675: Current learning rate: 0.00463
2025-11-15 17:49:05.728346: train_loss -0.6998
2025-11-15 17:49:05.728625: val_loss -0.6927
2025-11-15 17:49:05.728728: Pseudo dice [np.float32(0.9159), np.float32(0.7688), np.float32(0.0)]
2025-11-15 17:49:05.728829: Epoch time: 252.09 s
2025-11-15 17:49:06.815025: 
2025-11-15 17:49:06.815188: Epoch 576
2025-11-15 17:49:06.815333: Current learning rate: 0.00462
2025-11-15 17:53:18.397229: train_loss -0.6985
2025-11-15 17:53:18.397502: val_loss -0.6026
2025-11-15 17:53:18.397608: Pseudo dice [np.float32(0.9023), np.float32(0.7628), np.float32(0.0)]
2025-11-15 17:53:18.397706: Epoch time: 251.58 s
2025-11-15 17:53:19.463957: 
2025-11-15 17:53:19.464140: Epoch 577
2025-11-15 17:53:19.464255: Current learning rate: 0.00461
2025-11-15 17:57:30.880410: train_loss -0.7296
2025-11-15 17:57:30.880661: val_loss -0.6608
2025-11-15 17:57:30.880761: Pseudo dice [np.float32(0.9255), np.float32(0.7616), np.float32(0.0)]
2025-11-15 17:57:30.880858: Epoch time: 251.42 s
2025-11-15 17:57:31.957203: 
2025-11-15 17:57:31.957372: Epoch 578
2025-11-15 17:57:31.957478: Current learning rate: 0.0046
2025-11-15 18:01:43.437930: train_loss -0.7157
2025-11-15 18:01:43.438160: val_loss -0.6983
2025-11-15 18:01:43.438257: Pseudo dice [np.float32(0.9144), np.float32(0.7693), np.float32(0.0)]
2025-11-15 18:01:43.438405: Epoch time: 251.48 s
2025-11-15 18:01:44.480570: 
2025-11-15 18:01:44.480732: Epoch 579
2025-11-15 18:01:44.480843: Current learning rate: 0.00459
2025-11-15 18:05:56.279797: train_loss -0.7235
2025-11-15 18:05:56.280101: val_loss -0.6773
2025-11-15 18:05:56.280210: Pseudo dice [np.float32(0.9188), np.float32(0.7672), np.float32(0.0)]
2025-11-15 18:05:56.280318: Epoch time: 251.8 s
2025-11-15 18:05:57.370461: 
2025-11-15 18:05:57.370672: Epoch 580
2025-11-15 18:05:57.370792: Current learning rate: 0.00458
2025-11-15 18:10:09.067788: train_loss -0.7393
2025-11-15 18:10:09.068026: val_loss -0.6759
2025-11-15 18:10:09.068127: Pseudo dice [np.float32(0.9127), np.float32(0.7659), np.float32(0.0)]
2025-11-15 18:10:09.068281: Epoch time: 251.7 s
2025-11-15 18:10:10.744448: 
2025-11-15 18:10:10.744646: Epoch 581
2025-11-15 18:10:10.744761: Current learning rate: 0.00457
2025-11-15 18:14:22.642424: train_loss -0.7176
2025-11-15 18:14:22.642672: val_loss -0.6753
2025-11-15 18:14:22.642770: Pseudo dice [np.float32(0.9163), np.float32(0.7531), np.float32(0.0)]
2025-11-15 18:14:22.642867: Epoch time: 251.9 s
2025-11-15 18:14:23.745190: 
2025-11-15 18:14:23.745437: Epoch 582
2025-11-15 18:14:23.745588: Current learning rate: 0.00456
2025-11-15 18:18:35.661470: train_loss -0.7307
2025-11-15 18:18:35.661751: val_loss -0.633
2025-11-15 18:18:35.661853: Pseudo dice [np.float32(0.9071), np.float32(0.7557), np.float32(0.0)]
2025-11-15 18:18:35.661952: Epoch time: 251.92 s
2025-11-15 18:18:36.743100: 
2025-11-15 18:18:36.743337: Epoch 583
2025-11-15 18:18:36.743463: Current learning rate: 0.00455
2025-11-15 18:22:48.420033: train_loss -0.7139
2025-11-15 18:22:48.420279: val_loss -0.6302
2025-11-15 18:22:48.420380: Pseudo dice [np.float32(0.9164), np.float32(0.7707), np.float32(0.0)]
2025-11-15 18:22:48.420476: Epoch time: 251.68 s
2025-11-15 18:22:49.497658: 
2025-11-15 18:22:49.497851: Epoch 584
2025-11-15 18:22:49.497970: Current learning rate: 0.00454
2025-11-15 18:27:01.114644: train_loss -0.7217
2025-11-15 18:27:01.114899: val_loss -0.6842
2025-11-15 18:27:01.115004: Pseudo dice [np.float32(0.9184), np.float32(0.7738), np.float32(0.0)]
2025-11-15 18:27:01.115104: Epoch time: 251.62 s
2025-11-15 18:27:02.203792: 
2025-11-15 18:27:02.224994: Epoch 585
2025-11-15 18:27:02.225148: Current learning rate: 0.00453
2025-11-15 18:31:14.292409: train_loss -0.7223
2025-11-15 18:31:14.292646: val_loss -0.6677
2025-11-15 18:31:14.292743: Pseudo dice [np.float32(0.9306), np.float32(0.7779), np.float32(0.0)]
2025-11-15 18:31:14.292843: Epoch time: 252.09 s
2025-11-15 18:31:15.373240: 
2025-11-15 18:31:15.373463: Epoch 586
2025-11-15 18:31:15.373581: Current learning rate: 0.00452
2025-11-15 18:35:27.018733: train_loss -0.7035
2025-11-15 18:35:27.018986: val_loss -0.6761
2025-11-15 18:35:27.019145: Pseudo dice [np.float32(0.9149), np.float32(0.7763), np.float32(0.0)]
2025-11-15 18:35:27.019255: Epoch time: 251.65 s
2025-11-15 18:35:28.105289: 
2025-11-15 18:35:28.105479: Epoch 587
2025-11-15 18:35:28.105592: Current learning rate: 0.00451
2025-11-15 18:39:39.778744: train_loss -0.7255
2025-11-15 18:39:39.778982: val_loss -0.6742
2025-11-15 18:39:39.779082: Pseudo dice [np.float32(0.924), np.float32(0.7688), np.float32(0.0)]
2025-11-15 18:39:39.779177: Epoch time: 251.67 s
2025-11-15 18:39:40.862126: 
2025-11-15 18:39:40.862441: Epoch 588
2025-11-15 18:39:40.862731: Current learning rate: 0.0045
2025-11-15 18:43:52.636465: train_loss -0.7191
2025-11-15 18:43:52.636698: val_loss -0.6882
2025-11-15 18:43:52.636797: Pseudo dice [np.float32(0.9252), np.float32(0.7631), np.float32(0.0)]
2025-11-15 18:43:52.636937: Epoch time: 251.78 s
2025-11-15 18:43:53.670860: 
2025-11-15 18:43:53.671021: Epoch 589
2025-11-15 18:43:53.671127: Current learning rate: 0.00449
2025-11-15 18:48:05.252768: train_loss -0.7173
2025-11-15 18:48:05.253012: val_loss -0.6483
2025-11-15 18:48:05.253110: Pseudo dice [np.float32(0.9149), np.float32(0.7605), np.float32(0.0)]
2025-11-15 18:48:05.253209: Epoch time: 251.58 s
2025-11-15 18:48:06.335758: 
2025-11-15 18:48:06.335988: Epoch 590
2025-11-15 18:48:06.336100: Current learning rate: 0.00448
2025-11-15 18:52:17.919806: train_loss -0.7103
2025-11-15 18:52:17.920049: val_loss -0.6731
2025-11-15 18:52:17.920212: Pseudo dice [np.float32(0.9193), np.float32(0.7719), np.float32(0.0)]
2025-11-15 18:52:17.925472: Epoch time: 251.59 s
2025-11-15 18:52:19.015892: 
2025-11-15 18:52:19.016164: Epoch 591
2025-11-15 18:52:19.016305: Current learning rate: 0.00447
2025-11-15 18:56:30.847494: train_loss -0.7344
2025-11-15 18:56:30.847731: val_loss -0.6817
2025-11-15 18:56:30.847826: Pseudo dice [np.float32(0.9186), np.float32(0.7729), np.float32(0.0)]
2025-11-15 18:56:30.847926: Epoch time: 251.83 s
2025-11-15 18:56:31.944825: 
2025-11-15 18:56:31.945109: Epoch 592
2025-11-15 18:56:31.945243: Current learning rate: 0.00446
2025-11-15 19:00:43.482896: train_loss -0.725
2025-11-15 19:00:43.483119: val_loss -0.6846
2025-11-15 19:00:43.483218: Pseudo dice [np.float32(0.9157), np.float32(0.7692), np.float32(0.0)]
2025-11-15 19:00:43.483322: Epoch time: 251.54 s
2025-11-15 19:00:44.562196: 
2025-11-15 19:00:44.562592: Epoch 593
2025-11-15 19:00:44.562873: Current learning rate: 0.00445
2025-11-15 19:04:56.506747: train_loss -0.7226
2025-11-15 19:04:56.507012: val_loss -0.6788
2025-11-15 19:04:56.507114: Pseudo dice [np.float32(0.9112), np.float32(0.767), np.float32(0.0)]
2025-11-15 19:04:56.507213: Epoch time: 251.95 s
2025-11-15 19:04:57.514947: 
2025-11-15 19:04:57.515137: Epoch 594
2025-11-15 19:04:57.515308: Current learning rate: 0.00444
2025-11-15 19:09:09.383598: train_loss -0.7336
2025-11-15 19:09:09.383834: val_loss -0.7084
2025-11-15 19:09:09.383931: Pseudo dice [np.float32(0.9151), np.float32(0.7711), np.float32(0.0)]
2025-11-15 19:09:09.384029: Epoch time: 251.87 s
2025-11-15 19:09:10.467863: 
2025-11-15 19:09:10.468054: Epoch 595
2025-11-15 19:09:10.468168: Current learning rate: 0.00443
2025-11-15 19:13:22.097122: train_loss -0.7121
2025-11-15 19:13:22.097364: val_loss -0.6574
2025-11-15 19:13:22.097463: Pseudo dice [np.float32(0.9147), np.float32(0.7723), np.float32(0.0)]
2025-11-15 19:13:22.097560: Epoch time: 251.63 s
2025-11-15 19:13:23.146349: 
2025-11-15 19:13:23.146520: Epoch 596
2025-11-15 19:13:23.146682: Current learning rate: 0.00442
2025-11-15 19:17:34.871586: train_loss -0.7396
2025-11-15 19:17:34.871829: val_loss -0.6742
2025-11-15 19:17:34.871930: Pseudo dice [np.float32(0.9176), np.float32(0.7762), np.float32(0.0)]
2025-11-15 19:17:34.872027: Epoch time: 251.73 s
2025-11-15 19:17:35.880511: 
2025-11-15 19:17:35.880666: Epoch 597
2025-11-15 19:17:35.880778: Current learning rate: 0.00441
2025-11-15 19:21:47.361719: train_loss -0.7401
2025-11-15 19:21:47.361950: val_loss -0.6845
2025-11-15 19:21:47.362049: Pseudo dice [np.float32(0.9194), np.float32(0.7669), np.float32(0.0)]
2025-11-15 19:21:47.362147: Epoch time: 251.48 s
2025-11-15 19:21:49.009636: 
2025-11-15 19:21:49.009923: Epoch 598
2025-11-15 19:21:49.010082: Current learning rate: 0.0044
2025-11-15 19:26:00.885475: train_loss -0.7258
2025-11-15 19:26:00.885729: val_loss -0.6346
2025-11-15 19:26:00.885827: Pseudo dice [np.float32(0.9105), np.float32(0.7631), np.float32(0.0)]
2025-11-15 19:26:00.885925: Epoch time: 251.88 s
2025-11-15 19:26:01.962845: 
2025-11-15 19:26:01.963085: Epoch 599
2025-11-15 19:26:01.963306: Current learning rate: 0.00439
2025-11-15 19:30:13.954523: train_loss -0.7158
2025-11-15 19:30:13.954755: val_loss -0.7045
2025-11-15 19:30:13.954854: Pseudo dice [np.float32(0.922), np.float32(0.7626), np.float32(0.0)]
2025-11-15 19:30:13.954950: Epoch time: 251.99 s
2025-11-15 19:30:15.346565: 
2025-11-15 19:30:15.346738: Epoch 600
2025-11-15 19:30:15.346893: Current learning rate: 0.00438
2025-11-15 19:34:27.322064: train_loss -0.7222
2025-11-15 19:34:27.322357: val_loss -0.6951
2025-11-15 19:34:27.322474: Pseudo dice [np.float32(0.9288), np.float32(0.764), np.float32(0.0)]
2025-11-15 19:34:27.322575: Epoch time: 251.98 s
2025-11-15 19:34:28.401111: 
2025-11-15 19:34:28.401291: Epoch 601
2025-11-15 19:34:28.401402: Current learning rate: 0.00437
2025-11-15 19:38:40.189141: train_loss -0.7265
2025-11-15 19:38:40.189381: val_loss -0.7014
2025-11-15 19:38:40.189481: Pseudo dice [np.float32(0.9142), np.float32(0.7734), np.float32(0.0)]
2025-11-15 19:38:40.189579: Epoch time: 251.79 s
2025-11-15 19:38:41.287043: 
2025-11-15 19:38:41.287224: Epoch 602
2025-11-15 19:38:41.287343: Current learning rate: 0.00436
2025-11-15 19:42:53.155902: train_loss -0.7155
2025-11-15 19:42:53.156126: val_loss -0.651
2025-11-15 19:42:53.156224: Pseudo dice [np.float32(0.9154), np.float32(0.7537), np.float32(0.0)]
2025-11-15 19:42:53.156332: Epoch time: 251.87 s
2025-11-15 19:42:54.241191: 
2025-11-15 19:42:54.241350: Epoch 603
2025-11-15 19:42:54.241461: Current learning rate: 0.00435
2025-11-15 19:47:05.862432: train_loss -0.7244
2025-11-15 19:47:05.862667: val_loss -0.6623
2025-11-15 19:47:05.862767: Pseudo dice [np.float32(0.9085), np.float32(0.7745), np.float32(0.0)]
2025-11-15 19:47:05.862864: Epoch time: 251.62 s
2025-11-15 19:47:06.951974: 
2025-11-15 19:47:06.952148: Epoch 604
2025-11-15 19:47:06.952260: Current learning rate: 0.00434
2025-11-15 19:51:18.865076: train_loss -0.7164
2025-11-15 19:51:18.865320: val_loss -0.6926
2025-11-15 19:51:18.865421: Pseudo dice [np.float32(0.9162), np.float32(0.754), np.float32(0.0)]
2025-11-15 19:51:18.865555: Epoch time: 251.91 s
2025-11-15 19:51:19.963223: 
2025-11-15 19:51:19.963394: Epoch 605
2025-11-15 19:51:19.963500: Current learning rate: 0.00433
2025-11-15 19:55:31.866729: train_loss -0.7348
2025-11-15 19:55:31.866980: val_loss -0.7088
2025-11-15 19:55:31.867139: Pseudo dice [np.float32(0.9189), np.float32(0.7507), np.float32(0.0)]
2025-11-15 19:55:31.867249: Epoch time: 251.9 s
2025-11-15 19:55:32.961149: 
2025-11-15 19:55:32.961336: Epoch 606
2025-11-15 19:55:32.961450: Current learning rate: 0.00432
2025-11-15 19:59:44.406013: train_loss -0.725
2025-11-15 19:59:44.406257: val_loss -0.6626
2025-11-15 19:59:44.406366: Pseudo dice [np.float32(0.9197), np.float32(0.7699), np.float32(0.0)]
2025-11-15 19:59:44.406468: Epoch time: 251.45 s
2025-11-15 19:59:45.488694: 
2025-11-15 19:59:45.488899: Epoch 607
2025-11-15 19:59:45.489022: Current learning rate: 0.00431
2025-11-15 20:03:57.345644: train_loss -0.7249
2025-11-15 20:03:57.345884: val_loss -0.6816
2025-11-15 20:03:57.345984: Pseudo dice [np.float32(0.9194), np.float32(0.7575), np.float32(0.0)]
2025-11-15 20:03:57.346131: Epoch time: 251.86 s
2025-11-15 20:03:58.430740: 
2025-11-15 20:03:58.430953: Epoch 608
2025-11-15 20:03:58.431074: Current learning rate: 0.0043
2025-11-15 20:08:10.158542: train_loss -0.7247
2025-11-15 20:08:10.158833: val_loss -0.6404
2025-11-15 20:08:10.158940: Pseudo dice [np.float32(0.9195), np.float32(0.7669), np.float32(0.0)]
2025-11-15 20:08:10.159038: Epoch time: 251.73 s
2025-11-15 20:08:11.250576: 
2025-11-15 20:08:11.250745: Epoch 609
2025-11-15 20:08:11.250856: Current learning rate: 0.00429
2025-11-15 20:12:23.006893: train_loss -0.709
2025-11-15 20:12:23.007145: val_loss -0.6359
2025-11-15 20:12:23.007245: Pseudo dice [np.float32(0.9176), np.float32(0.7503), np.float32(0.0)]
2025-11-15 20:12:23.007352: Epoch time: 251.76 s
2025-11-15 20:12:24.095551: 
2025-11-15 20:12:24.095745: Epoch 610
2025-11-15 20:12:24.095860: Current learning rate: 0.00429
2025-11-15 20:16:36.125388: train_loss -0.7111
2025-11-15 20:16:36.125624: val_loss -0.7
2025-11-15 20:16:36.125723: Pseudo dice [np.float32(0.9192), np.float32(0.7556), np.float32(0.0)]
2025-11-15 20:16:36.125821: Epoch time: 252.03 s
2025-11-15 20:16:37.219938: 
2025-11-15 20:16:37.220210: Epoch 611
2025-11-15 20:16:37.220348: Current learning rate: 0.00428
2025-11-15 20:20:49.080912: train_loss -0.7167
2025-11-15 20:20:49.081188: val_loss -0.665
2025-11-15 20:20:49.081301: Pseudo dice [np.float32(0.9057), np.float32(0.7635), np.float32(0.0)]
2025-11-15 20:20:49.081402: Epoch time: 251.86 s
2025-11-15 20:20:50.124297: 
2025-11-15 20:20:50.124540: Epoch 612
2025-11-15 20:20:50.124697: Current learning rate: 0.00427
2025-11-15 20:25:02.009494: train_loss -0.7246
2025-11-15 20:25:02.009717: val_loss -0.646
2025-11-15 20:25:02.009815: Pseudo dice [np.float32(0.9121), np.float32(0.7514), np.float32(0.0)]
2025-11-15 20:25:02.009914: Epoch time: 251.89 s
2025-11-15 20:25:03.100812: 
2025-11-15 20:25:03.101084: Epoch 613
2025-11-15 20:25:03.101234: Current learning rate: 0.00426
2025-11-15 20:29:14.948082: train_loss -0.7276
2025-11-15 20:29:14.948389: val_loss -0.6731
2025-11-15 20:29:14.948495: Pseudo dice [np.float32(0.917), np.float32(0.7587), np.float32(0.0)]
2025-11-15 20:29:14.948593: Epoch time: 251.85 s
2025-11-15 20:29:16.620204: 
2025-11-15 20:29:16.620410: Epoch 614
2025-11-15 20:29:16.620522: Current learning rate: 0.00425
2025-11-15 20:33:28.308856: train_loss -0.7124
2025-11-15 20:33:28.309109: val_loss -0.6522
2025-11-15 20:33:28.309210: Pseudo dice [np.float32(0.9127), np.float32(0.7634), np.float32(0.0)]
2025-11-15 20:33:28.309314: Epoch time: 251.69 s
2025-11-15 20:33:29.401977: 
2025-11-15 20:33:29.402158: Epoch 615
2025-11-15 20:33:29.402268: Current learning rate: 0.00424
2025-11-15 20:37:40.951070: train_loss -0.707
2025-11-15 20:37:40.951325: val_loss -0.6717
2025-11-15 20:37:40.951426: Pseudo dice [np.float32(0.91), np.float32(0.7643), np.float32(0.0)]
2025-11-15 20:37:40.951522: Epoch time: 251.55 s
2025-11-15 20:37:42.043410: 
2025-11-15 20:37:42.043606: Epoch 616
2025-11-15 20:37:42.043712: Current learning rate: 0.00423
2025-11-15 20:41:53.897110: train_loss -0.7116
2025-11-15 20:41:53.897357: val_loss -0.6481
2025-11-15 20:41:53.897460: Pseudo dice [np.float32(0.9141), np.float32(0.7658), np.float32(0.0)]
2025-11-15 20:41:53.897560: Epoch time: 251.85 s
2025-11-15 20:41:54.989460: 
2025-11-15 20:41:54.989631: Epoch 617
2025-11-15 20:41:54.989743: Current learning rate: 0.00422
2025-11-15 20:46:06.871355: train_loss -0.7376
2025-11-15 20:46:06.871591: val_loss -0.6245
2025-11-15 20:46:06.871691: Pseudo dice [np.float32(0.9054), np.float32(0.7658), np.float32(0.0)]
2025-11-15 20:46:06.871789: Epoch time: 251.88 s
2025-11-15 20:46:07.965208: 
2025-11-15 20:46:07.965387: Epoch 618
2025-11-15 20:46:07.965494: Current learning rate: 0.00421
2025-11-15 20:50:19.818873: train_loss -0.6953
2025-11-15 20:50:19.819127: val_loss -0.7045
2025-11-15 20:50:19.819226: Pseudo dice [np.float32(0.9235), np.float32(0.7564), np.float32(0.0)]
2025-11-15 20:50:19.819332: Epoch time: 251.85 s
2025-11-15 20:50:20.913080: 
2025-11-15 20:50:20.913253: Epoch 619
2025-11-15 20:50:20.913370: Current learning rate: 0.0042
2025-11-15 20:54:32.769611: train_loss -0.7078
2025-11-15 20:54:32.769850: val_loss -0.7048
2025-11-15 20:54:32.769946: Pseudo dice [np.float32(0.9145), np.float32(0.7487), np.float32(0.0)]
2025-11-15 20:54:32.770043: Epoch time: 251.86 s
2025-11-15 20:54:33.862505: 
2025-11-15 20:54:33.862746: Epoch 620
2025-11-15 20:54:33.862952: Current learning rate: 0.00419
2025-11-15 20:58:45.447764: train_loss -0.7153
2025-11-15 20:58:45.448043: val_loss -0.6699
2025-11-15 20:58:45.448146: Pseudo dice [np.float32(0.9245), np.float32(0.7629), np.float32(0.0)]
2025-11-15 20:58:45.448248: Epoch time: 251.59 s
2025-11-15 20:58:46.527242: 
2025-11-15 20:58:46.527445: Epoch 621
2025-11-15 20:58:46.527558: Current learning rate: 0.00418
2025-11-15 21:02:58.179815: train_loss -0.7281
2025-11-15 21:02:58.180046: val_loss -0.6428
2025-11-15 21:02:58.180143: Pseudo dice [np.float32(0.9173), np.float32(0.7673), np.float32(0.0)]
2025-11-15 21:02:58.180240: Epoch time: 251.65 s
2025-11-15 21:02:59.266464: 
2025-11-15 21:02:59.266648: Epoch 622
2025-11-15 21:02:59.266762: Current learning rate: 0.00417
2025-11-15 21:07:10.989856: train_loss -0.7158
2025-11-15 21:07:10.990086: val_loss -0.6771
2025-11-15 21:07:10.990183: Pseudo dice [np.float32(0.9115), np.float32(0.7568), np.float32(0.0)]
2025-11-15 21:07:10.990289: Epoch time: 251.72 s
2025-11-15 21:07:12.076646: 
2025-11-15 21:07:12.076818: Epoch 623
2025-11-15 21:07:12.076947: Current learning rate: 0.00416
2025-11-15 21:11:23.761756: train_loss -0.7281
2025-11-15 21:11:23.761985: val_loss -0.6786
2025-11-15 21:11:23.762081: Pseudo dice [np.float32(0.9294), np.float32(0.7663), np.float32(0.0)]
2025-11-15 21:11:23.762177: Epoch time: 251.69 s
2025-11-15 21:11:24.848022: 
2025-11-15 21:11:24.848201: Epoch 624
2025-11-15 21:11:24.848314: Current learning rate: 0.00415
2025-11-15 21:15:36.636043: train_loss -0.715
2025-11-15 21:15:36.636281: val_loss -0.6871
2025-11-15 21:15:36.636382: Pseudo dice [np.float32(0.9116), np.float32(0.7619), np.float32(0.0)]
2025-11-15 21:15:36.636479: Epoch time: 251.79 s
2025-11-15 21:15:37.733450: 
2025-11-15 21:15:37.733662: Epoch 625
2025-11-15 21:15:37.733799: Current learning rate: 0.00414
2025-11-15 21:19:49.491820: train_loss -0.7267
2025-11-15 21:19:49.492052: val_loss -0.6656
2025-11-15 21:19:49.492150: Pseudo dice [np.float32(0.911), np.float32(0.7583), np.float32(0.0)]
2025-11-15 21:19:49.492247: Epoch time: 251.76 s
2025-11-15 21:19:50.591962: 
2025-11-15 21:19:50.592225: Epoch 626
2025-11-15 21:19:50.592371: Current learning rate: 0.00413
2025-11-15 21:24:02.505585: train_loss -0.7155
2025-11-15 21:24:02.505886: val_loss -0.6826
2025-11-15 21:24:02.505992: Pseudo dice [np.float32(0.9179), np.float32(0.7603), np.float32(0.0)]
2025-11-15 21:24:02.506090: Epoch time: 251.91 s
2025-11-15 21:24:03.604353: 
2025-11-15 21:24:03.604656: Epoch 627
2025-11-15 21:24:03.604776: Current learning rate: 0.00412
2025-11-15 21:28:15.244446: train_loss -0.7211
2025-11-15 21:28:15.244677: val_loss -0.675
2025-11-15 21:28:15.244775: Pseudo dice [np.float32(0.9216), np.float32(0.7649), np.float32(0.0)]
2025-11-15 21:28:15.245005: Epoch time: 251.64 s
2025-11-15 21:28:16.343091: 
2025-11-15 21:28:16.343331: Epoch 628
2025-11-15 21:28:16.343516: Current learning rate: 0.00411
2025-11-15 21:32:28.017398: train_loss -0.7229
2025-11-15 21:32:28.017641: val_loss -0.6578
2025-11-15 21:32:28.017742: Pseudo dice [np.float32(0.9212), np.float32(0.7474), np.float32(0.0)]
2025-11-15 21:32:28.017840: Epoch time: 251.68 s
2025-11-15 21:32:29.104762: 
2025-11-15 21:32:29.104951: Epoch 629
2025-11-15 21:32:29.105105: Current learning rate: 0.0041
2025-11-15 21:36:40.890667: train_loss -0.7166
2025-11-15 21:36:40.890903: val_loss -0.651
2025-11-15 21:36:40.891001: Pseudo dice [np.float32(0.9047), np.float32(0.7609), np.float32(0.0)]
2025-11-15 21:36:40.891098: Epoch time: 251.79 s
2025-11-15 21:36:42.579270: 
2025-11-15 21:36:42.579467: Epoch 630
2025-11-15 21:36:42.579581: Current learning rate: 0.00409
2025-11-15 21:40:54.511467: train_loss -0.7174
2025-11-15 21:40:54.511713: val_loss -0.6639
2025-11-15 21:40:54.511828: Pseudo dice [np.float32(0.9134), np.float32(0.7626), np.float32(0.0)]
2025-11-15 21:40:54.511926: Epoch time: 251.93 s
2025-11-15 21:40:55.609209: 
2025-11-15 21:40:55.609445: Epoch 631
2025-11-15 21:40:55.609563: Current learning rate: 0.00408
2025-11-15 21:45:07.202261: train_loss -0.7148
2025-11-15 21:45:07.202503: val_loss -0.6807
2025-11-15 21:45:07.202600: Pseudo dice [np.float32(0.9145), np.float32(0.7671), np.float32(0.0)]
2025-11-15 21:45:07.202698: Epoch time: 251.59 s
2025-11-15 21:45:08.306248: 
2025-11-15 21:45:08.306496: Epoch 632
2025-11-15 21:45:08.306658: Current learning rate: 0.00407
2025-11-15 21:49:19.883412: train_loss -0.7074
2025-11-15 21:49:19.883654: val_loss -0.6929
2025-11-15 21:49:19.883752: Pseudo dice [np.float32(0.9144), np.float32(0.774), np.float32(0.0)]
2025-11-15 21:49:19.883851: Epoch time: 251.58 s
2025-11-15 21:49:20.981515: 
2025-11-15 21:49:20.981735: Epoch 633
2025-11-15 21:49:20.981856: Current learning rate: 0.00406
2025-11-15 21:53:32.696449: train_loss -0.7164
2025-11-15 21:53:32.696681: val_loss -0.6933
2025-11-15 21:53:32.696778: Pseudo dice [np.float32(0.9126), np.float32(0.7745), np.float32(0.0)]
2025-11-15 21:53:32.696875: Epoch time: 251.72 s
2025-11-15 21:53:33.781912: 
2025-11-15 21:53:33.782141: Epoch 634
2025-11-15 21:53:33.782294: Current learning rate: 0.00405
2025-11-15 21:57:45.780488: train_loss -0.7235
2025-11-15 21:57:45.780790: val_loss -0.6789
2025-11-15 21:57:45.780893: Pseudo dice [np.float32(0.9221), np.float32(0.759), np.float32(0.0)]
2025-11-15 21:57:45.780993: Epoch time: 252.0 s
2025-11-15 21:57:46.873509: 
2025-11-15 21:57:46.873785: Epoch 635
2025-11-15 21:57:46.873924: Current learning rate: 0.00404
2025-11-15 22:01:58.644084: train_loss -0.7245
2025-11-15 22:01:58.644535: val_loss -0.666
2025-11-15 22:01:58.644639: Pseudo dice [np.float32(0.9215), np.float32(0.7704), np.float32(0.0)]
2025-11-15 22:01:58.644736: Epoch time: 251.77 s
2025-11-15 22:01:59.738032: 
2025-11-15 22:01:59.738350: Epoch 636
2025-11-15 22:01:59.738566: Current learning rate: 0.00403
2025-11-15 22:06:11.235835: train_loss -0.7114
2025-11-15 22:06:11.236075: val_loss -0.6775
2025-11-15 22:06:11.236175: Pseudo dice [np.float32(0.9125), np.float32(0.7688), np.float32(0.0)]
2025-11-15 22:06:11.236279: Epoch time: 251.5 s
2025-11-15 22:06:12.279716: 
2025-11-15 22:06:12.279890: Epoch 637
2025-11-15 22:06:12.279998: Current learning rate: 0.00402
2025-11-15 22:10:24.138374: train_loss -0.7263
2025-11-15 22:10:24.138649: val_loss -0.6942
2025-11-15 22:10:24.138751: Pseudo dice [np.float32(0.9186), np.float32(0.7591), np.float32(0.0)]
2025-11-15 22:10:24.138849: Epoch time: 251.86 s
2025-11-15 22:10:25.229842: 
2025-11-15 22:10:25.292260: Epoch 638
2025-11-15 22:10:25.292599: Current learning rate: 0.00401
2025-11-15 22:14:36.695943: train_loss -0.7234
2025-11-15 22:14:36.696235: val_loss -0.6949
2025-11-15 22:14:36.696362: Pseudo dice [np.float32(0.9155), np.float32(0.7662), np.float32(0.0)]
2025-11-15 22:14:36.696465: Epoch time: 251.47 s
2025-11-15 22:14:37.780693: 
2025-11-15 22:14:37.780858: Epoch 639
2025-11-15 22:14:37.781043: Current learning rate: 0.004
2025-11-15 22:18:49.487527: train_loss -0.712
2025-11-15 22:18:49.487761: val_loss -0.6785
2025-11-15 22:18:49.487884: Pseudo dice [np.float32(0.9178), np.float32(0.756), np.float32(0.0)]
2025-11-15 22:18:49.487986: Epoch time: 251.71 s
2025-11-15 22:18:50.578564: 
2025-11-15 22:18:50.578780: Epoch 640
2025-11-15 22:18:50.578895: Current learning rate: 0.00399
2025-11-15 22:23:02.382981: train_loss -0.7269
2025-11-15 22:23:02.383176: val_loss -0.672
2025-11-15 22:23:02.383414: Pseudo dice [np.float32(0.9099), np.float32(0.7688), np.float32(0.0)]
2025-11-15 22:23:02.383518: Epoch time: 251.81 s
2025-11-15 22:23:03.466364: 
2025-11-15 22:23:03.466595: Epoch 641
2025-11-15 22:23:03.466724: Current learning rate: 0.00398
2025-11-15 22:27:15.267079: train_loss -0.7116
2025-11-15 22:27:15.267319: val_loss -0.6757
2025-11-15 22:27:15.267426: Pseudo dice [np.float32(0.9203), np.float32(0.7719), np.float32(0.0)]
2025-11-15 22:27:15.267522: Epoch time: 251.8 s
2025-11-15 22:27:16.356568: 
2025-11-15 22:27:16.356832: Epoch 642
2025-11-15 22:27:16.356965: Current learning rate: 0.00397
2025-11-15 22:31:27.967440: train_loss -0.7289
2025-11-15 22:31:27.967671: val_loss -0.6448
2025-11-15 22:31:27.967768: Pseudo dice [np.float32(0.916), np.float32(0.76), np.float32(0.0)]
2025-11-15 22:31:27.967912: Epoch time: 251.61 s
2025-11-15 22:31:29.054832: 
2025-11-15 22:31:29.055082: Epoch 643
2025-11-15 22:31:29.055206: Current learning rate: 0.00396
2025-11-15 22:35:40.766670: train_loss -0.7221
2025-11-15 22:35:40.766894: val_loss -0.6861
2025-11-15 22:35:40.766991: Pseudo dice [np.float32(0.9213), np.float32(0.7546), np.float32(0.0)]
2025-11-15 22:35:40.767089: Epoch time: 251.71 s
2025-11-15 22:35:41.844373: 
2025-11-15 22:35:41.844540: Epoch 644
2025-11-15 22:35:41.844650: Current learning rate: 0.00395
2025-11-15 22:39:53.379219: train_loss -0.726
2025-11-15 22:39:53.379471: val_loss -0.6982
2025-11-15 22:39:53.379569: Pseudo dice [np.float32(0.9227), np.float32(0.7637), np.float32(0.0)]
2025-11-15 22:39:53.379665: Epoch time: 251.54 s
2025-11-15 22:39:54.468127: 
2025-11-15 22:39:54.468292: Epoch 645
2025-11-15 22:39:54.468402: Current learning rate: 0.00394
2025-11-15 22:44:06.389669: train_loss -0.712
2025-11-15 22:44:06.389951: val_loss -0.6955
2025-11-15 22:44:06.390054: Pseudo dice [np.float32(0.9138), np.float32(0.7494), np.float32(0.0)]
2025-11-15 22:44:06.390152: Epoch time: 251.92 s
2025-11-15 22:44:07.446512: 
2025-11-15 22:44:07.446771: Epoch 646
2025-11-15 22:44:07.446923: Current learning rate: 0.00393
2025-11-15 22:48:19.564966: train_loss -0.7277
2025-11-15 22:48:19.565217: val_loss -0.7124
2025-11-15 22:48:19.565327: Pseudo dice [np.float32(0.9237), np.float32(0.7642), np.float32(0.0)]
2025-11-15 22:48:19.565427: Epoch time: 252.12 s
2025-11-15 22:48:20.659199: 
2025-11-15 22:48:20.659374: Epoch 647
2025-11-15 22:48:20.659485: Current learning rate: 0.00392
2025-11-15 22:52:32.518774: train_loss -0.7339
2025-11-15 22:52:32.519014: val_loss -0.6736
2025-11-15 22:52:32.519116: Pseudo dice [np.float32(0.9142), np.float32(0.7679), np.float32(0.0)]
2025-11-15 22:52:32.519219: Epoch time: 251.86 s
2025-11-15 22:52:33.619790: 
2025-11-15 22:52:33.619974: Epoch 648
2025-11-15 22:52:33.620094: Current learning rate: 0.00391
2025-11-15 22:56:45.393708: train_loss -0.7324
2025-11-15 22:56:45.393923: val_loss -0.7176
2025-11-15 22:56:45.394020: Pseudo dice [np.float32(0.9186), np.float32(0.7674), np.float32(0.0)]
2025-11-15 22:56:45.394115: Epoch time: 251.77 s
2025-11-15 22:56:46.492975: 
2025-11-15 22:56:46.493146: Epoch 649
2025-11-15 22:56:46.493259: Current learning rate: 0.0039
2025-11-15 23:00:58.236822: train_loss -0.7116
2025-11-15 23:00:58.237083: val_loss -0.71
2025-11-15 23:00:58.237184: Pseudo dice [np.float32(0.9183), np.float32(0.7631), np.float32(0.0)]
2025-11-15 23:00:58.237289: Epoch time: 251.74 s
2025-11-15 23:00:59.543385: 
2025-11-15 23:00:59.543639: Epoch 650
2025-11-15 23:00:59.543758: Current learning rate: 0.00389
2025-11-15 23:05:11.314600: train_loss -0.7173
2025-11-15 23:05:11.314905: val_loss -0.6757
2025-11-15 23:05:11.315072: Pseudo dice [np.float32(0.9152), np.float32(0.7681), np.float32(0.0)]
2025-11-15 23:05:11.315177: Epoch time: 251.77 s
2025-11-15 23:05:12.411820: 
2025-11-15 23:05:12.412133: Epoch 651
2025-11-15 23:05:12.412306: Current learning rate: 0.00388
2025-11-15 23:09:24.446698: train_loss -0.726
2025-11-15 23:09:24.446927: val_loss -0.6714
2025-11-15 23:09:24.447025: Pseudo dice [np.float32(0.9131), np.float32(0.7567), np.float32(0.0)]
2025-11-15 23:09:24.447123: Epoch time: 252.04 s
2025-11-15 23:09:25.550427: 
2025-11-15 23:09:25.550605: Epoch 652
2025-11-15 23:09:25.550713: Current learning rate: 0.00387
2025-11-15 23:13:37.445705: train_loss -0.7278
2025-11-15 23:13:37.445947: val_loss -0.6312
2025-11-15 23:13:37.446048: Pseudo dice [np.float32(0.9), np.float32(0.7524), np.float32(0.0)]
2025-11-15 23:13:37.446144: Epoch time: 251.9 s
2025-11-15 23:13:38.536546: 
2025-11-15 23:13:38.536714: Epoch 653
2025-11-15 23:13:38.536825: Current learning rate: 0.00386
2025-11-15 23:17:50.285834: train_loss -0.7302
2025-11-15 23:17:50.286093: val_loss -0.6808
2025-11-15 23:17:50.286195: Pseudo dice [np.float32(0.9104), np.float32(0.7713), np.float32(0.0)]
2025-11-15 23:17:50.286299: Epoch time: 251.75 s
2025-11-15 23:17:51.381560: 
2025-11-15 23:17:51.381796: Epoch 654
2025-11-15 23:17:51.381943: Current learning rate: 0.00385
2025-11-15 23:22:02.845635: train_loss -0.7233
2025-11-15 23:22:02.845872: val_loss -0.684
2025-11-15 23:22:02.845969: Pseudo dice [np.float32(0.9154), np.float32(0.7706), np.float32(0.0)]
2025-11-15 23:22:02.846066: Epoch time: 251.47 s
2025-11-15 23:22:03.932945: 
2025-11-15 23:22:03.933236: Epoch 655
2025-11-15 23:22:03.933392: Current learning rate: 0.00384
2025-11-15 23:26:16.332076: train_loss -0.7055
2025-11-15 23:26:16.332340: val_loss -0.6743
2025-11-15 23:26:16.332443: Pseudo dice [np.float32(0.9059), np.float32(0.7648), np.float32(0.0)]
2025-11-15 23:26:16.332543: Epoch time: 252.4 s
2025-11-15 23:26:17.430582: 
2025-11-15 23:26:17.430765: Epoch 656
2025-11-15 23:26:17.430930: Current learning rate: 0.00383
2025-11-15 23:30:29.215352: train_loss -0.7238
2025-11-15 23:30:29.215582: val_loss -0.6452
2025-11-15 23:30:29.215852: Pseudo dice [np.float32(0.9194), np.float32(0.7632), np.float32(0.0)]
2025-11-15 23:30:29.216068: Epoch time: 251.79 s
2025-11-15 23:30:30.314252: 
2025-11-15 23:30:30.314497: Epoch 657
2025-11-15 23:30:30.314634: Current learning rate: 0.00382
2025-11-15 23:34:42.108343: train_loss -0.7293
2025-11-15 23:34:42.108577: val_loss -0.6816
2025-11-15 23:34:42.108680: Pseudo dice [np.float32(0.9254), np.float32(0.7586), np.float32(0.0)]
2025-11-15 23:34:42.108779: Epoch time: 251.8 s
2025-11-15 23:34:43.204228: 
2025-11-15 23:34:43.204397: Epoch 658
2025-11-15 23:34:43.204541: Current learning rate: 0.00381
2025-11-15 23:38:55.042702: train_loss -0.7224
2025-11-15 23:38:55.042936: val_loss -0.6431
2025-11-15 23:38:55.043038: Pseudo dice [np.float32(0.9141), np.float32(0.7688), np.float32(0.0)]
2025-11-15 23:38:55.043137: Epoch time: 251.84 s
2025-11-15 23:38:56.136648: 
2025-11-15 23:38:56.136839: Epoch 659
2025-11-15 23:38:56.136961: Current learning rate: 0.0038
2025-11-15 23:43:08.246262: train_loss -0.7326
2025-11-15 23:43:08.246513: val_loss -0.6487
2025-11-15 23:43:08.246614: Pseudo dice [np.float32(0.9225), np.float32(0.7618), np.float32(0.0)]
2025-11-15 23:43:08.246713: Epoch time: 252.11 s
2025-11-15 23:43:09.334374: 
2025-11-15 23:43:09.334570: Epoch 660
2025-11-15 23:43:09.334685: Current learning rate: 0.00379
2025-11-15 23:47:21.201770: train_loss -0.7184
2025-11-15 23:47:21.202001: val_loss -0.6755
2025-11-15 23:47:21.202120: Pseudo dice [np.float32(0.9237), np.float32(0.7724), np.float32(0.0)]
2025-11-15 23:47:21.202236: Epoch time: 251.87 s
2025-11-15 23:47:22.837231: 
2025-11-15 23:47:22.837432: Epoch 661
2025-11-15 23:47:22.837546: Current learning rate: 0.00378
2025-11-15 23:51:34.609265: train_loss -0.7249
2025-11-15 23:51:34.609509: val_loss -0.6587
2025-11-15 23:51:34.609608: Pseudo dice [np.float32(0.9124), np.float32(0.757), np.float32(0.0)]
2025-11-15 23:51:34.609705: Epoch time: 251.77 s
2025-11-15 23:51:35.693616: 
2025-11-15 23:51:35.693794: Epoch 662
2025-11-15 23:51:35.693905: Current learning rate: 0.00377
2025-11-15 23:55:47.365079: train_loss -0.7245
2025-11-15 23:55:47.365343: val_loss -0.6732
2025-11-15 23:55:47.365447: Pseudo dice [np.float32(0.9167), np.float32(0.7679), np.float32(0.0)]
2025-11-15 23:55:47.365547: Epoch time: 251.67 s
2025-11-15 23:55:48.459873: 
2025-11-15 23:55:48.460088: Epoch 663
2025-11-15 23:55:48.460209: Current learning rate: 0.00376
2025-11-16 00:00:00.472078: train_loss -0.7229
2025-11-16 00:00:00.472330: val_loss -0.6919
2025-11-16 00:00:00.472433: Pseudo dice [np.float32(0.9141), np.float32(0.7708), np.float32(0.0)]
2025-11-16 00:00:00.472530: Epoch time: 252.01 s
2025-11-16 00:00:01.565043: 
2025-11-16 00:00:01.565236: Epoch 664
2025-11-16 00:00:01.565383: Current learning rate: 0.00375
2025-11-16 00:04:13.310444: train_loss -0.723
2025-11-16 00:04:13.310684: val_loss -0.6547
2025-11-16 00:04:13.310782: Pseudo dice [np.float32(0.9088), np.float32(0.7637), np.float32(0.0)]
2025-11-16 00:04:13.310880: Epoch time: 251.75 s
2025-11-16 00:04:14.403430: 
2025-11-16 00:04:14.403661: Epoch 665
2025-11-16 00:04:14.403791: Current learning rate: 0.00374
2025-11-16 00:08:26.342865: train_loss -0.7169
2025-11-16 00:08:26.343058: val_loss -0.653
2025-11-16 00:08:26.343153: Pseudo dice [np.float32(0.913), np.float32(0.7715), np.float32(0.0)]
2025-11-16 00:08:26.343249: Epoch time: 251.94 s
2025-11-16 00:08:27.439079: 
2025-11-16 00:08:27.439268: Epoch 666
2025-11-16 00:08:27.439390: Current learning rate: 0.00373
2025-11-16 00:12:39.432894: train_loss -0.7273
2025-11-16 00:12:39.433125: val_loss -0.6631
2025-11-16 00:12:39.433222: Pseudo dice [np.float32(0.9202), np.float32(0.7585), np.float32(0.0)]
2025-11-16 00:12:39.433326: Epoch time: 251.99 s
2025-11-16 00:12:40.532299: 
2025-11-16 00:12:40.532480: Epoch 667
2025-11-16 00:12:40.532592: Current learning rate: 0.00372
2025-11-16 00:16:52.344288: train_loss -0.7329
2025-11-16 00:16:52.344528: val_loss -0.6792
2025-11-16 00:16:52.344660: Pseudo dice [np.float32(0.9225), np.float32(0.765), np.float32(0.0)]
2025-11-16 00:16:52.344761: Epoch time: 251.81 s
2025-11-16 00:16:53.439739: 
2025-11-16 00:16:53.439964: Epoch 668
2025-11-16 00:16:53.440087: Current learning rate: 0.00371
2025-11-16 00:21:05.207642: train_loss -0.7339
2025-11-16 00:21:05.207872: val_loss -0.6952
2025-11-16 00:21:05.207971: Pseudo dice [np.float32(0.9193), np.float32(0.7684), np.float32(0.0)]
2025-11-16 00:21:05.208105: Epoch time: 251.77 s
2025-11-16 00:21:06.307292: 
2025-11-16 00:21:06.307463: Epoch 669
2025-11-16 00:21:06.307571: Current learning rate: 0.0037
2025-11-16 00:25:18.089670: train_loss -0.7247
2025-11-16 00:25:18.089907: val_loss -0.6928
2025-11-16 00:25:18.090006: Pseudo dice [np.float32(0.9201), np.float32(0.7727), np.float32(0.0)]
2025-11-16 00:25:18.090104: Epoch time: 251.78 s
2025-11-16 00:25:19.187266: 
2025-11-16 00:25:19.187447: Epoch 670
2025-11-16 00:25:19.187559: Current learning rate: 0.00369
2025-11-16 00:29:31.116808: train_loss -0.7333
2025-11-16 00:29:31.117041: val_loss -0.6909
2025-11-16 00:29:31.117138: Pseudo dice [np.float32(0.9176), np.float32(0.7625), np.float32(0.0)]
2025-11-16 00:29:31.117234: Epoch time: 251.93 s
2025-11-16 00:29:32.229002: 
2025-11-16 00:29:32.229174: Epoch 671
2025-11-16 00:29:32.229294: Current learning rate: 0.00368
2025-11-16 00:33:43.921753: train_loss -0.7229
2025-11-16 00:33:43.921994: val_loss -0.6812
2025-11-16 00:33:43.922092: Pseudo dice [np.float32(0.9145), np.float32(0.7611), np.float32(0.0)]
2025-11-16 00:33:43.922191: Epoch time: 251.69 s
2025-11-16 00:33:45.026579: 
2025-11-16 00:33:45.026850: Epoch 672
2025-11-16 00:33:45.027044: Current learning rate: 0.00367
2025-11-16 00:37:57.021311: train_loss -0.7196
2025-11-16 00:37:57.021532: val_loss -0.6908
2025-11-16 00:37:57.021629: Pseudo dice [np.float32(0.9147), np.float32(0.757), np.float32(0.0)]
2025-11-16 00:37:57.021723: Epoch time: 252.0 s
2025-11-16 00:37:58.111985: 
2025-11-16 00:37:58.112339: Epoch 673
2025-11-16 00:37:58.112479: Current learning rate: 0.00366
2025-11-16 00:42:10.117012: train_loss -0.7202
2025-11-16 00:42:10.117243: val_loss -0.6587
2025-11-16 00:42:10.117347: Pseudo dice [np.float32(0.9197), np.float32(0.7673), np.float32(0.0)]
2025-11-16 00:42:10.117445: Epoch time: 252.01 s
2025-11-16 00:42:11.227284: 
2025-11-16 00:42:11.227493: Epoch 674
2025-11-16 00:42:11.227612: Current learning rate: 0.00365
2025-11-16 00:46:23.007830: train_loss -0.7246
2025-11-16 00:46:23.008078: val_loss -0.6504
2025-11-16 00:46:23.008200: Pseudo dice [np.float32(0.9156), np.float32(0.7701), np.float32(0.0)]
2025-11-16 00:46:23.008308: Epoch time: 251.78 s
2025-11-16 00:46:24.102522: 
2025-11-16 00:46:24.102786: Epoch 675
2025-11-16 00:46:24.102900: Current learning rate: 0.00364
2025-11-16 00:50:35.928521: train_loss -0.7151
2025-11-16 00:50:35.928764: val_loss -0.7014
2025-11-16 00:50:35.928862: Pseudo dice [np.float32(0.9199), np.float32(0.7732), np.float32(0.0)]
2025-11-16 00:50:35.928960: Epoch time: 251.83 s
2025-11-16 00:50:37.026736: 
2025-11-16 00:50:37.026970: Epoch 676
2025-11-16 00:50:37.027123: Current learning rate: 0.00363
2025-11-16 00:54:48.928794: train_loss -0.7192
2025-11-16 00:54:48.929042: val_loss -0.6804
2025-11-16 00:54:48.929143: Pseudo dice [np.float32(0.9192), np.float32(0.7568), np.float32(0.0)]
2025-11-16 00:54:48.929243: Epoch time: 251.9 s
2025-11-16 00:54:50.618335: 
2025-11-16 00:54:50.618533: Epoch 677
2025-11-16 00:54:50.618647: Current learning rate: 0.00362
2025-11-16 00:59:02.541573: train_loss -0.73
2025-11-16 00:59:02.541806: val_loss -0.6368
2025-11-16 00:59:02.541904: Pseudo dice [np.float32(0.9127), np.float32(0.7574), np.float32(0.0)]
2025-11-16 00:59:02.542002: Epoch time: 251.92 s
2025-11-16 00:59:03.636544: 
2025-11-16 00:59:03.636758: Epoch 678
2025-11-16 00:59:03.636880: Current learning rate: 0.00361
2025-11-16 01:03:15.394097: train_loss -0.7315
2025-11-16 01:03:15.394404: val_loss -0.6988
2025-11-16 01:03:15.394508: Pseudo dice [np.float32(0.9295), np.float32(0.7668), np.float32(0.0)]
2025-11-16 01:03:15.394608: Epoch time: 251.76 s
2025-11-16 01:03:16.486909: 
2025-11-16 01:03:16.490165: Epoch 679
2025-11-16 01:03:16.490298: Current learning rate: 0.0036
2025-11-16 01:07:28.344590: train_loss -0.7376
2025-11-16 01:07:28.344850: val_loss -0.6668
2025-11-16 01:07:28.344954: Pseudo dice [np.float32(0.9121), np.float32(0.766), np.float32(0.0)]
2025-11-16 01:07:28.345055: Epoch time: 251.86 s
2025-11-16 01:07:29.447010: 
2025-11-16 01:07:29.447188: Epoch 680
2025-11-16 01:07:29.447356: Current learning rate: 0.00359
2025-11-16 01:11:41.371512: train_loss -0.7191
2025-11-16 01:11:41.371755: val_loss -0.6762
2025-11-16 01:11:41.371854: Pseudo dice [np.float32(0.9201), np.float32(0.749), np.float32(0.0)]
2025-11-16 01:11:41.371951: Epoch time: 251.93 s
2025-11-16 01:11:42.464936: 
2025-11-16 01:11:42.465170: Epoch 681
2025-11-16 01:11:42.465343: Current learning rate: 0.00358
2025-11-16 01:15:54.157701: train_loss -0.7309
2025-11-16 01:15:54.158009: val_loss -0.6716
2025-11-16 01:15:54.158113: Pseudo dice [np.float32(0.9176), np.float32(0.7714), np.float32(0.0)]
2025-11-16 01:15:54.158212: Epoch time: 251.69 s
2025-11-16 01:15:55.262879: 
2025-11-16 01:15:55.263061: Epoch 682
2025-11-16 01:15:55.263181: Current learning rate: 0.00357
2025-11-16 01:20:07.050545: train_loss -0.7156
2025-11-16 01:20:07.050784: val_loss -0.6592
2025-11-16 01:20:07.050882: Pseudo dice [np.float32(0.916), np.float32(0.7483), np.float32(0.0)]
2025-11-16 01:20:07.050980: Epoch time: 251.79 s
2025-11-16 01:20:08.149326: 
2025-11-16 01:20:08.149616: Epoch 683
2025-11-16 01:20:08.149769: Current learning rate: 0.00356
2025-11-16 01:24:19.983710: train_loss -0.7191
2025-11-16 01:24:19.984000: val_loss -0.6853
2025-11-16 01:24:19.984111: Pseudo dice [np.float32(0.9057), np.float32(0.7692), np.float32(0.0)]
2025-11-16 01:24:19.984210: Epoch time: 251.84 s
2025-11-16 01:24:21.088880: 
2025-11-16 01:24:21.089065: Epoch 684
2025-11-16 01:24:21.089182: Current learning rate: 0.00355
2025-11-16 01:28:33.022696: train_loss -0.7391
2025-11-16 01:28:33.022935: val_loss -0.6582
2025-11-16 01:28:33.023033: Pseudo dice [np.float32(0.9012), np.float32(0.7615), np.float32(0.0)]
2025-11-16 01:28:33.023131: Epoch time: 251.93 s
2025-11-16 01:28:34.122407: 
2025-11-16 01:28:34.122593: Epoch 685
2025-11-16 01:28:34.122705: Current learning rate: 0.00354
2025-11-16 01:32:46.079696: train_loss -0.7318
2025-11-16 01:32:46.079940: val_loss -0.6906
2025-11-16 01:32:46.080037: Pseudo dice [np.float32(0.9053), np.float32(0.7754), np.float32(0.0)]
2025-11-16 01:32:46.080135: Epoch time: 251.96 s
2025-11-16 01:32:47.179661: 
2025-11-16 01:32:47.179845: Epoch 686
2025-11-16 01:32:47.179962: Current learning rate: 0.00353
2025-11-16 01:36:58.961175: train_loss -0.7246
2025-11-16 01:36:58.961424: val_loss -0.6806
2025-11-16 01:36:58.961523: Pseudo dice [np.float32(0.9164), np.float32(0.7663), np.float32(0.0)]
2025-11-16 01:36:58.961620: Epoch time: 251.78 s
2025-11-16 01:37:00.062432: 
2025-11-16 01:37:00.062620: Epoch 687
2025-11-16 01:37:00.062774: Current learning rate: 0.00352
2025-11-16 01:41:11.730015: train_loss -0.7268
2025-11-16 01:41:11.730241: val_loss -0.6968
2025-11-16 01:41:11.730347: Pseudo dice [np.float32(0.9229), np.float32(0.7689), np.float32(0.0)]
2025-11-16 01:41:11.730446: Epoch time: 251.67 s
2025-11-16 01:41:12.851256: 
2025-11-16 01:41:12.851437: Epoch 688
2025-11-16 01:41:12.851548: Current learning rate: 0.00351
2025-11-16 01:45:24.717201: train_loss -0.7174
2025-11-16 01:45:24.717450: val_loss -0.6699
2025-11-16 01:45:24.717547: Pseudo dice [np.float32(0.9175), np.float32(0.7381), np.float32(0.0)]
2025-11-16 01:45:24.717643: Epoch time: 251.87 s
2025-11-16 01:45:25.815098: 
2025-11-16 01:45:25.815262: Epoch 689
2025-11-16 01:45:25.815381: Current learning rate: 0.0035
2025-11-16 01:49:37.417380: train_loss -0.7239
2025-11-16 01:49:37.417608: val_loss -0.6702
2025-11-16 01:49:37.417706: Pseudo dice [np.float32(0.9087), np.float32(0.7651), np.float32(0.0)]
2025-11-16 01:49:37.417803: Epoch time: 251.6 s
2025-11-16 01:49:38.462876: 
2025-11-16 01:49:38.463095: Epoch 690
2025-11-16 01:49:38.463208: Current learning rate: 0.00349
2025-11-16 01:53:50.391186: train_loss -0.7111
2025-11-16 01:53:50.391450: val_loss -0.6989
2025-11-16 01:53:50.391551: Pseudo dice [np.float32(0.9101), np.float32(0.7808), np.float32(0.0)]
2025-11-16 01:53:50.391651: Epoch time: 251.93 s
2025-11-16 01:53:51.490085: 
2025-11-16 01:53:51.490335: Epoch 691
2025-11-16 01:53:51.490457: Current learning rate: 0.00348
2025-11-16 01:58:03.563639: train_loss -0.7356
2025-11-16 01:58:03.563878: val_loss -0.6472
2025-11-16 01:58:03.563976: Pseudo dice [np.float32(0.9186), np.float32(0.7541), np.float32(0.0)]
2025-11-16 01:58:03.564073: Epoch time: 252.07 s
2025-11-16 01:58:04.680889: 
2025-11-16 01:58:04.681181: Epoch 692
2025-11-16 01:58:04.681308: Current learning rate: 0.00346
2025-11-16 02:02:16.668682: train_loss -0.7388
2025-11-16 02:02:16.668915: val_loss -0.6716
2025-11-16 02:02:16.669013: Pseudo dice [np.float32(0.9105), np.float32(0.7592), np.float32(0.0)]
2025-11-16 02:02:16.669114: Epoch time: 251.99 s
2025-11-16 02:02:18.299260: 
2025-11-16 02:02:18.299539: Epoch 693
2025-11-16 02:02:18.299680: Current learning rate: 0.00345
2025-11-16 02:06:30.229010: train_loss -0.7203
2025-11-16 02:06:30.229240: val_loss -0.6611
2025-11-16 02:06:30.229349: Pseudo dice [np.float32(0.9198), np.float32(0.7561), np.float32(0.0)]
2025-11-16 02:06:30.229487: Epoch time: 251.93 s
2025-11-16 02:06:31.330180: 
2025-11-16 02:06:31.330362: Epoch 694
2025-11-16 02:06:31.330467: Current learning rate: 0.00344
2025-11-16 02:10:43.084446: train_loss -0.7152
2025-11-16 02:10:43.084689: val_loss -0.6503
2025-11-16 02:10:43.084789: Pseudo dice [np.float32(0.915), np.float32(0.7535), np.float32(0.0)]
2025-11-16 02:10:43.084887: Epoch time: 251.76 s
2025-11-16 02:10:44.131581: 
2025-11-16 02:10:44.131753: Epoch 695
2025-11-16 02:10:44.131861: Current learning rate: 0.00343
2025-11-16 02:14:55.953586: train_loss -0.7169
2025-11-16 02:14:55.953911: val_loss -0.6247
2025-11-16 02:14:55.954077: Pseudo dice [np.float32(0.9109), np.float32(0.758), np.float32(0.0)]
2025-11-16 02:14:55.954183: Epoch time: 251.82 s
2025-11-16 02:14:57.051827: 
2025-11-16 02:14:57.052115: Epoch 696
2025-11-16 02:14:57.052239: Current learning rate: 0.00342
2025-11-16 02:19:08.821851: train_loss -0.7365
2025-11-16 02:19:08.822085: val_loss -0.6579
2025-11-16 02:19:08.822220: Pseudo dice [np.float32(0.911), np.float32(0.7461), np.float32(0.0)]
2025-11-16 02:19:08.822332: Epoch time: 251.77 s
2025-11-16 02:19:09.880768: 
2025-11-16 02:19:09.881016: Epoch 697
2025-11-16 02:19:09.881129: Current learning rate: 0.00341
2025-11-16 02:23:21.772373: train_loss -0.7295
2025-11-16 02:23:21.772612: val_loss -0.6549
2025-11-16 02:23:21.772712: Pseudo dice [np.float32(0.9132), np.float32(0.7727), np.float32(0.0)]
2025-11-16 02:23:21.772855: Epoch time: 251.89 s
2025-11-16 02:23:22.873863: 
2025-11-16 02:23:22.874106: Epoch 698
2025-11-16 02:23:22.874295: Current learning rate: 0.0034
2025-11-16 02:27:34.544356: train_loss -0.7346
2025-11-16 02:27:34.544588: val_loss -0.6945
2025-11-16 02:27:34.544687: Pseudo dice [np.float32(0.9201), np.float32(0.7652), np.float32(0.0)]
2025-11-16 02:27:34.544787: Epoch time: 251.67 s
2025-11-16 02:27:35.622656: 
2025-11-16 02:27:35.622944: Epoch 699
2025-11-16 02:27:35.623082: Current learning rate: 0.00339
2025-11-16 02:31:47.480686: train_loss -0.7116
2025-11-16 02:31:47.480916: val_loss -0.6785
2025-11-16 02:31:47.481014: Pseudo dice [np.float32(0.9196), np.float32(0.7635), np.float32(0.0)]
2025-11-16 02:31:47.481112: Epoch time: 251.86 s
2025-11-16 02:31:48.879433: 
2025-11-16 02:31:48.879720: Epoch 700
2025-11-16 02:31:48.879838: Current learning rate: 0.00338
2025-11-16 02:36:00.713792: train_loss -0.7272
2025-11-16 02:36:00.714013: val_loss -0.6833
2025-11-16 02:36:00.714112: Pseudo dice [np.float32(0.9133), np.float32(0.7615), np.float32(0.0)]
2025-11-16 02:36:00.714209: Epoch time: 251.84 s
2025-11-16 02:36:01.813849: 
2025-11-16 02:36:01.814093: Epoch 701
2025-11-16 02:36:01.814229: Current learning rate: 0.00337
2025-11-16 02:40:13.546549: train_loss -0.7089
2025-11-16 02:40:13.546782: val_loss -0.6738
2025-11-16 02:40:13.546880: Pseudo dice [np.float32(0.9154), np.float32(0.7553), np.float32(0.0)]
2025-11-16 02:40:13.546978: Epoch time: 251.73 s
2025-11-16 02:40:14.655042: 
2025-11-16 02:40:14.655294: Epoch 702
2025-11-16 02:40:14.655458: Current learning rate: 0.00336
2025-11-16 02:44:26.564728: train_loss -0.7328
2025-11-16 02:44:26.565049: val_loss -0.6801
2025-11-16 02:44:26.565155: Pseudo dice [np.float32(0.9135), np.float32(0.7445), np.float32(0.0)]
2025-11-16 02:44:26.565255: Epoch time: 251.91 s
2025-11-16 02:44:27.661026: 
2025-11-16 02:44:27.661170: Epoch 703
2025-11-16 02:44:27.661310: Current learning rate: 0.00335
2025-11-16 02:48:39.288279: train_loss -0.7159
2025-11-16 02:48:39.288517: val_loss -0.7056
2025-11-16 02:48:39.288616: Pseudo dice [np.float32(0.9199), np.float32(0.7718), np.float32(0.0)]
2025-11-16 02:48:39.288753: Epoch time: 251.63 s
2025-11-16 02:48:40.386537: 
2025-11-16 02:48:40.386778: Epoch 704
2025-11-16 02:48:40.386923: Current learning rate: 0.00334
2025-11-16 02:52:52.272408: train_loss -0.7303
2025-11-16 02:52:52.272648: val_loss -0.6713
2025-11-16 02:52:52.272750: Pseudo dice [np.float32(0.9154), np.float32(0.7728), np.float32(0.0)]
2025-11-16 02:52:52.272847: Epoch time: 251.89 s
2025-11-16 02:52:53.360157: 
2025-11-16 02:52:53.360394: Epoch 705
2025-11-16 02:52:53.360564: Current learning rate: 0.00333
2025-11-16 02:57:05.269904: train_loss -0.7322
2025-11-16 02:57:05.270130: val_loss -0.6876
2025-11-16 02:57:05.270231: Pseudo dice [np.float32(0.9181), np.float32(0.7614), np.float32(0.0)]
2025-11-16 02:57:05.270337: Epoch time: 251.91 s
2025-11-16 02:57:06.375262: 
2025-11-16 02:57:06.375419: Epoch 706
2025-11-16 02:57:06.375564: Current learning rate: 0.00332
2025-11-16 03:01:18.286705: train_loss -0.7295
2025-11-16 03:01:18.286940: val_loss -0.6612
2025-11-16 03:01:18.287039: Pseudo dice [np.float32(0.9122), np.float32(0.7668), np.float32(0.0)]
2025-11-16 03:01:18.287196: Epoch time: 251.91 s
2025-11-16 03:01:19.387517: 
2025-11-16 03:01:19.387720: Epoch 707
2025-11-16 03:01:19.387838: Current learning rate: 0.00331
2025-11-16 03:05:31.534395: train_loss -0.7316
2025-11-16 03:05:31.534634: val_loss -0.6877
2025-11-16 03:05:31.534734: Pseudo dice [np.float32(0.9106), np.float32(0.7573), np.float32(0.0)]
2025-11-16 03:05:31.534831: Epoch time: 252.15 s
2025-11-16 03:05:32.655483: 
2025-11-16 03:05:32.655697: Epoch 708
2025-11-16 03:05:32.655835: Current learning rate: 0.0033
2025-11-16 03:09:44.552282: train_loss -0.7196
2025-11-16 03:09:44.552524: val_loss -0.6539
2025-11-16 03:09:44.552625: Pseudo dice [np.float32(0.913), np.float32(0.755), np.float32(0.0)]
2025-11-16 03:09:44.552722: Epoch time: 251.9 s
2025-11-16 03:09:46.235221: 
2025-11-16 03:09:46.235496: Epoch 709
2025-11-16 03:09:46.235651: Current learning rate: 0.00329
2025-11-16 03:13:58.352818: train_loss -0.7338
2025-11-16 03:13:58.353055: val_loss -0.6812
2025-11-16 03:13:58.353152: Pseudo dice [np.float32(0.9091), np.float32(0.7664), np.float32(0.0)]
2025-11-16 03:13:58.353251: Epoch time: 252.12 s
2025-11-16 03:13:59.478636: 
2025-11-16 03:13:59.478875: Epoch 710
2025-11-16 03:13:59.479004: Current learning rate: 0.00328
2025-11-16 03:18:11.186060: train_loss -0.7219
2025-11-16 03:18:11.186285: val_loss -0.7015
2025-11-16 03:18:11.186385: Pseudo dice [np.float32(0.9193), np.float32(0.7701), np.float32(0.0)]
2025-11-16 03:18:11.186484: Epoch time: 251.71 s
2025-11-16 03:18:12.281684: 
2025-11-16 03:18:12.281869: Epoch 711
2025-11-16 03:18:12.281988: Current learning rate: 0.00327
2025-11-16 03:22:24.420398: train_loss -0.731
2025-11-16 03:22:24.420649: val_loss -0.7147
2025-11-16 03:22:24.420751: Pseudo dice [np.float32(0.9194), np.float32(0.7523), np.float32(0.0)]
2025-11-16 03:22:24.420850: Epoch time: 252.14 s
2025-11-16 03:22:25.536232: 
2025-11-16 03:22:25.536472: Epoch 712
2025-11-16 03:22:25.536636: Current learning rate: 0.00326
2025-11-16 03:26:37.396968: train_loss -0.7194
2025-11-16 03:26:37.397225: val_loss -0.6491
2025-11-16 03:26:37.397336: Pseudo dice [np.float32(0.9152), np.float32(0.7638), np.float32(0.0)]
2025-11-16 03:26:37.397439: Epoch time: 251.86 s
2025-11-16 03:26:38.500739: 
2025-11-16 03:26:38.501018: Epoch 713
2025-11-16 03:26:38.501185: Current learning rate: 0.00325
2025-11-16 03:30:50.223978: train_loss -0.7219
2025-11-16 03:30:50.224219: val_loss -0.6436
2025-11-16 03:30:50.224327: Pseudo dice [np.float32(0.9166), np.float32(0.7649), np.float32(0.0)]
2025-11-16 03:30:50.224428: Epoch time: 251.72 s
2025-11-16 03:30:51.339153: 
2025-11-16 03:30:51.339333: Epoch 714
2025-11-16 03:30:51.339445: Current learning rate: 0.00324
2025-11-16 03:35:03.095227: train_loss -0.7255
2025-11-16 03:35:03.095458: val_loss -0.6413
2025-11-16 03:35:03.095615: Pseudo dice [np.float32(0.9192), np.float32(0.7559), np.float32(0.0)]
2025-11-16 03:35:03.095751: Epoch time: 251.76 s
2025-11-16 03:35:04.199505: 
2025-11-16 03:35:04.199664: Epoch 715
2025-11-16 03:35:04.199772: Current learning rate: 0.00323
2025-11-16 03:39:15.863097: train_loss -0.7269
2025-11-16 03:39:15.863358: val_loss -0.6696
2025-11-16 03:39:15.863460: Pseudo dice [np.float32(0.9152), np.float32(0.7745), np.float32(0.0)]
2025-11-16 03:39:15.863558: Epoch time: 251.66 s
2025-11-16 03:39:16.970363: 
2025-11-16 03:39:16.970530: Epoch 716
2025-11-16 03:39:16.970654: Current learning rate: 0.00322
2025-11-16 03:43:28.609064: train_loss -0.727
2025-11-16 03:43:28.609333: val_loss -0.6712
2025-11-16 03:43:28.609434: Pseudo dice [np.float32(0.9111), np.float32(0.7653), np.float32(0.0)]
2025-11-16 03:43:28.609534: Epoch time: 251.64 s
2025-11-16 03:43:29.725841: 
2025-11-16 03:43:29.726037: Epoch 717
2025-11-16 03:43:29.726151: Current learning rate: 0.00321
2025-11-16 03:47:41.712868: train_loss -0.7389
2025-11-16 03:47:41.713107: val_loss -0.6635
2025-11-16 03:47:41.713206: Pseudo dice [np.float32(0.9201), np.float32(0.7702), np.float32(0.0)]
2025-11-16 03:47:41.713311: Epoch time: 251.99 s
2025-11-16 03:47:42.803378: 
2025-11-16 03:47:42.803583: Epoch 718
2025-11-16 03:47:42.803728: Current learning rate: 0.0032
2025-11-16 03:51:55.021681: train_loss -0.7129
2025-11-16 03:51:55.022000: val_loss -0.6813
2025-11-16 03:51:55.022104: Pseudo dice [np.float32(0.9158), np.float32(0.761), np.float32(0.0)]
2025-11-16 03:51:55.022205: Epoch time: 252.22 s
2025-11-16 03:51:56.112270: 
2025-11-16 03:51:56.112490: Epoch 719
2025-11-16 03:51:56.112645: Current learning rate: 0.00319
2025-11-16 03:56:07.858946: train_loss -0.7144
2025-11-16 03:56:07.859245: val_loss -0.6096
2025-11-16 03:56:07.859354: Pseudo dice [np.float32(0.9105), np.float32(0.7385), np.float32(0.0)]
2025-11-16 03:56:07.859454: Epoch time: 251.75 s
2025-11-16 03:56:08.967635: 
2025-11-16 03:56:08.967899: Epoch 720
2025-11-16 03:56:08.968046: Current learning rate: 0.00318
2025-11-16 04:00:21.042504: train_loss -0.7267
2025-11-16 04:00:21.042736: val_loss -0.6892
2025-11-16 04:00:21.042833: Pseudo dice [np.float32(0.9154), np.float32(0.7724), np.float32(0.0)]
2025-11-16 04:00:21.042933: Epoch time: 252.08 s
2025-11-16 04:00:22.120727: 
2025-11-16 04:00:22.120981: Epoch 721
2025-11-16 04:00:22.121106: Current learning rate: 0.00317
2025-11-16 04:04:34.193639: train_loss -0.7372
2025-11-16 04:04:34.193866: val_loss -0.6993
2025-11-16 04:04:34.193967: Pseudo dice [np.float32(0.9135), np.float32(0.7701), np.float32(0.0)]
2025-11-16 04:04:34.194097: Epoch time: 252.07 s
2025-11-16 04:04:35.296851: 
2025-11-16 04:04:35.297024: Epoch 722
2025-11-16 04:04:35.297143: Current learning rate: 0.00316
2025-11-16 04:08:47.348436: train_loss -0.712
2025-11-16 04:08:47.348677: val_loss -0.6833
2025-11-16 04:08:47.348777: Pseudo dice [np.float32(0.9152), np.float32(0.7715), np.float32(0.0)]
2025-11-16 04:08:47.348876: Epoch time: 252.05 s
2025-11-16 04:08:48.456152: 
2025-11-16 04:08:48.456320: Epoch 723
2025-11-16 04:08:48.458986: Current learning rate: 0.00315
2025-11-16 04:13:00.234559: train_loss -0.7269
2025-11-16 04:13:00.234830: val_loss -0.7035
2025-11-16 04:13:00.234932: Pseudo dice [np.float32(0.9161), np.float32(0.7636), np.float32(0.0)]
2025-11-16 04:13:00.235029: Epoch time: 251.78 s
2025-11-16 04:13:01.342576: 
2025-11-16 04:13:01.342762: Epoch 724
2025-11-16 04:13:01.342870: Current learning rate: 0.00314
2025-11-16 04:17:13.266366: train_loss -0.7281
2025-11-16 04:17:13.266600: val_loss -0.6678
2025-11-16 04:17:13.266699: Pseudo dice [np.float32(0.9105), np.float32(0.7543), np.float32(0.0)]
2025-11-16 04:17:13.266798: Epoch time: 251.92 s
2025-11-16 04:17:14.976725: 
2025-11-16 04:17:14.977035: Epoch 725
2025-11-16 04:17:14.977161: Current learning rate: 0.00313
2025-11-16 04:21:26.654239: train_loss -0.721
2025-11-16 04:21:26.654560: val_loss -0.6691
2025-11-16 04:21:26.654665: Pseudo dice [np.float32(0.9102), np.float32(0.7505), np.float32(0.0)]
2025-11-16 04:21:26.654772: Epoch time: 251.68 s
2025-11-16 04:21:27.734718: 
2025-11-16 04:21:27.734969: Epoch 726
2025-11-16 04:21:27.735087: Current learning rate: 0.00312
2025-11-16 04:25:39.171482: train_loss -0.7193
2025-11-16 04:25:39.171768: val_loss -0.6834
2025-11-16 04:25:39.171870: Pseudo dice [np.float32(0.9143), np.float32(0.7731), np.float32(0.0)]
2025-11-16 04:25:39.171969: Epoch time: 251.44 s
2025-11-16 04:25:40.277531: 
2025-11-16 04:25:40.277699: Epoch 727
2025-11-16 04:25:40.277806: Current learning rate: 0.00311
2025-11-16 04:29:51.894758: train_loss -0.7332
2025-11-16 04:29:51.895047: val_loss -0.6632
2025-11-16 04:29:51.895150: Pseudo dice [np.float32(0.9202), np.float32(0.7571), np.float32(0.0)]
2025-11-16 04:29:51.895248: Epoch time: 251.62 s
2025-11-16 04:29:53.001863: 
2025-11-16 04:29:53.002164: Epoch 728
2025-11-16 04:29:53.002331: Current learning rate: 0.0031
2025-11-16 04:34:04.856787: train_loss -0.7221
2025-11-16 04:34:04.857036: val_loss -0.6768
2025-11-16 04:34:04.857137: Pseudo dice [np.float32(0.9177), np.float32(0.7533), np.float32(0.0)]
2025-11-16 04:34:04.857236: Epoch time: 251.86 s
2025-11-16 04:34:05.984452: 
2025-11-16 04:34:05.984618: Epoch 729
2025-11-16 04:34:05.984724: Current learning rate: 0.00309
2025-11-16 04:38:17.809448: train_loss -0.7406
2025-11-16 04:38:17.809689: val_loss -0.6992
2025-11-16 04:38:17.809791: Pseudo dice [np.float32(0.9165), np.float32(0.7623), np.float32(0.0)]
2025-11-16 04:38:17.809891: Epoch time: 251.83 s
2025-11-16 04:38:18.916128: 
2025-11-16 04:38:18.916317: Epoch 730
2025-11-16 04:38:18.916429: Current learning rate: 0.00308
2025-11-16 04:42:30.637300: train_loss -0.7257
2025-11-16 04:42:30.637532: val_loss -0.6619
2025-11-16 04:42:30.637631: Pseudo dice [np.float32(0.9186), np.float32(0.7579), np.float32(0.0)]
2025-11-16 04:42:30.637729: Epoch time: 251.72 s
2025-11-16 04:42:31.737331: 
2025-11-16 04:42:31.737500: Epoch 731
2025-11-16 04:42:31.737606: Current learning rate: 0.00307
2025-11-16 04:46:43.542571: train_loss -0.726
2025-11-16 04:46:43.542825: val_loss -0.6811
2025-11-16 04:46:43.542928: Pseudo dice [np.float32(0.914), np.float32(0.7457), np.float32(0.0)]
2025-11-16 04:46:43.543067: Epoch time: 251.81 s
2025-11-16 04:46:44.651517: 
2025-11-16 04:46:44.651708: Epoch 732
2025-11-16 04:46:44.651827: Current learning rate: 0.00306
2025-11-16 04:50:56.146744: train_loss -0.7343
2025-11-16 04:50:56.146987: val_loss -0.6508
2025-11-16 04:50:56.147147: Pseudo dice [np.float32(0.9152), np.float32(0.7632), np.float32(0.0)]
2025-11-16 04:50:56.147317: Epoch time: 251.5 s
2025-11-16 04:50:57.259056: 
2025-11-16 04:50:57.259310: Epoch 733
2025-11-16 04:50:57.259452: Current learning rate: 0.00305
2025-11-16 04:55:08.681130: train_loss -0.7328
2025-11-16 04:55:08.681384: val_loss -0.659
2025-11-16 04:55:08.681484: Pseudo dice [np.float32(0.9083), np.float32(0.7507), np.float32(0.0)]
2025-11-16 04:55:08.681583: Epoch time: 251.42 s
2025-11-16 04:55:09.790799: 
2025-11-16 04:55:09.790975: Epoch 734
2025-11-16 04:55:09.791098: Current learning rate: 0.00304
2025-11-16 04:59:21.399144: train_loss -0.7299
2025-11-16 04:59:21.399387: val_loss -0.709
2025-11-16 04:59:21.399486: Pseudo dice [np.float32(0.9204), np.float32(0.7683), np.float32(0.0)]
2025-11-16 04:59:21.399585: Epoch time: 251.61 s
2025-11-16 04:59:22.507528: 
2025-11-16 04:59:22.507715: Epoch 735
2025-11-16 04:59:22.507829: Current learning rate: 0.00303
2025-11-16 05:03:34.413491: train_loss -0.7406
2025-11-16 05:03:34.413738: val_loss -0.6812
2025-11-16 05:03:34.413840: Pseudo dice [np.float32(0.9162), np.float32(0.7702), np.float32(0.0)]
2025-11-16 05:03:34.413939: Epoch time: 251.91 s
2025-11-16 05:03:35.524714: 
2025-11-16 05:03:35.525004: Epoch 736
2025-11-16 05:03:35.525134: Current learning rate: 0.00302
2025-11-16 05:07:47.357418: train_loss -0.7365
2025-11-16 05:07:47.357645: val_loss -0.6672
2025-11-16 05:07:47.357746: Pseudo dice [np.float32(0.9054), np.float32(0.7668), np.float32(0.0)]
2025-11-16 05:07:47.357843: Epoch time: 251.83 s
2025-11-16 05:07:48.472006: 
2025-11-16 05:07:48.472181: Epoch 737
2025-11-16 05:07:48.472298: Current learning rate: 0.00301
2025-11-16 05:12:00.271723: train_loss -0.7356
2025-11-16 05:12:00.271965: val_loss -0.7025
2025-11-16 05:12:00.272065: Pseudo dice [np.float32(0.9167), np.float32(0.777), np.float32(0.0)]
2025-11-16 05:12:00.272196: Epoch time: 251.8 s
2025-11-16 05:12:01.390109: 
2025-11-16 05:12:01.390359: Epoch 738
2025-11-16 05:12:01.390508: Current learning rate: 0.003
2025-11-16 05:16:12.931367: train_loss -0.7371
2025-11-16 05:16:12.931606: val_loss -0.6888
2025-11-16 05:16:12.931703: Pseudo dice [np.float32(0.9181), np.float32(0.7673), np.float32(0.0)]
2025-11-16 05:16:12.931803: Epoch time: 251.54 s
2025-11-16 05:16:14.038497: 
2025-11-16 05:16:14.038667: Epoch 739
2025-11-16 05:16:14.038778: Current learning rate: 0.00299
2025-11-16 05:20:25.660685: train_loss -0.734
2025-11-16 05:20:25.660933: val_loss -0.6703
2025-11-16 05:20:25.661034: Pseudo dice [np.float32(0.9112), np.float32(0.7676), np.float32(0.0)]
2025-11-16 05:20:25.661135: Epoch time: 251.62 s
2025-11-16 05:20:27.351299: 
2025-11-16 05:20:27.351532: Epoch 740
2025-11-16 05:20:27.351647: Current learning rate: 0.00297
2025-11-16 05:24:38.936914: train_loss -0.7245
2025-11-16 05:24:38.937155: val_loss -0.6736
2025-11-16 05:24:38.937324: Pseudo dice [np.float32(0.9058), np.float32(0.7677), np.float32(0.0)]
2025-11-16 05:24:38.937483: Epoch time: 251.59 s
2025-11-16 05:24:40.036015: 
2025-11-16 05:24:40.036204: Epoch 741
2025-11-16 05:24:40.036322: Current learning rate: 0.00296
2025-11-16 05:28:52.018216: train_loss -0.7279
2025-11-16 05:28:52.018455: val_loss -0.6556
2025-11-16 05:28:52.018555: Pseudo dice [np.float32(0.9074), np.float32(0.7537), np.float32(0.0)]
2025-11-16 05:28:52.018654: Epoch time: 251.98 s
2025-11-16 05:28:53.137811: 
2025-11-16 05:28:53.138047: Epoch 742
2025-11-16 05:28:53.138196: Current learning rate: 0.00295
2025-11-16 05:33:05.086731: train_loss -0.7274
2025-11-16 05:33:05.086967: val_loss -0.6492
2025-11-16 05:33:05.087124: Pseudo dice [np.float32(0.9185), np.float32(0.7642), np.float32(0.0)]
2025-11-16 05:33:05.087251: Epoch time: 251.95 s
2025-11-16 05:33:06.112651: 
2025-11-16 05:33:06.112838: Epoch 743
2025-11-16 05:33:06.112952: Current learning rate: 0.00294
2025-11-16 05:37:17.820663: train_loss -0.7333
2025-11-16 05:37:17.820915: val_loss -0.652
2025-11-16 05:37:17.821015: Pseudo dice [np.float32(0.9151), np.float32(0.7692), np.float32(0.0)]
2025-11-16 05:37:17.821115: Epoch time: 251.71 s
2025-11-16 05:37:18.922834: 
2025-11-16 05:37:18.923019: Epoch 744
2025-11-16 05:37:18.923200: Current learning rate: 0.00293
2025-11-16 05:41:30.880537: train_loss -0.7297
2025-11-16 05:41:30.880775: val_loss -0.6947
2025-11-16 05:41:30.880879: Pseudo dice [np.float32(0.9096), np.float32(0.7641), np.float32(0.0)]
2025-11-16 05:41:30.880976: Epoch time: 251.96 s
2025-11-16 05:41:31.990306: 
2025-11-16 05:41:31.990486: Epoch 745
2025-11-16 05:41:31.990599: Current learning rate: 0.00292
2025-11-16 05:45:43.709039: train_loss -0.7344
2025-11-16 05:45:43.709262: val_loss -0.701
2025-11-16 05:45:43.709372: Pseudo dice [np.float32(0.9206), np.float32(0.7613), np.float32(0.0)]
2025-11-16 05:45:43.709473: Epoch time: 251.72 s
2025-11-16 05:45:44.840326: 
2025-11-16 05:45:44.840509: Epoch 746
2025-11-16 05:45:44.840621: Current learning rate: 0.00291
2025-11-16 05:49:56.802775: train_loss -0.7317
2025-11-16 05:49:56.803046: val_loss -0.6794
2025-11-16 05:49:56.803152: Pseudo dice [np.float32(0.921), np.float32(0.7557), np.float32(0.0)]
2025-11-16 05:49:56.803250: Epoch time: 251.96 s
2025-11-16 05:49:57.920069: 
2025-11-16 05:49:57.920253: Epoch 747
2025-11-16 05:49:57.920432: Current learning rate: 0.0029
2025-11-16 05:54:09.861165: train_loss -0.7256
2025-11-16 05:54:09.861416: val_loss -0.7109
2025-11-16 05:54:09.861516: Pseudo dice [np.float32(0.9149), np.float32(0.7598), np.float32(0.0)]
2025-11-16 05:54:09.861616: Epoch time: 251.94 s
2025-11-16 05:54:10.964354: 
2025-11-16 05:54:10.964542: Epoch 748
2025-11-16 05:54:10.964656: Current learning rate: 0.00289
2025-11-16 05:58:22.424468: train_loss -0.7455
2025-11-16 05:58:22.424699: val_loss -0.6426
2025-11-16 05:58:22.424806: Pseudo dice [np.float32(0.9141), np.float32(0.7601), np.float32(0.0)]
2025-11-16 05:58:22.424904: Epoch time: 251.46 s
2025-11-16 05:58:23.523075: 
2025-11-16 05:58:23.523329: Epoch 749
2025-11-16 05:58:23.523474: Current learning rate: 0.00288
2025-11-16 06:02:35.347593: train_loss -0.7322
2025-11-16 06:02:35.347836: val_loss -0.6371
2025-11-16 06:02:35.347939: Pseudo dice [np.float32(0.9123), np.float32(0.7675), np.float32(0.0)]
2025-11-16 06:02:35.348039: Epoch time: 251.83 s
2025-11-16 06:02:36.744962: 
2025-11-16 06:02:36.745349: Epoch 750
2025-11-16 06:02:36.745584: Current learning rate: 0.00287
2025-11-16 06:06:48.339704: train_loss -0.7338
2025-11-16 06:06:48.339931: val_loss -0.678
2025-11-16 06:06:48.340154: Pseudo dice [np.float32(0.9213), np.float32(0.7718), np.float32(0.0)]
2025-11-16 06:06:48.340315: Epoch time: 251.6 s
2025-11-16 06:06:49.443116: 
2025-11-16 06:06:49.443345: Epoch 751
2025-11-16 06:06:49.443502: Current learning rate: 0.00286
2025-11-16 06:11:01.467828: train_loss -0.7274
2025-11-16 06:11:01.468127: val_loss -0.6956
2025-11-16 06:11:01.468229: Pseudo dice [np.float32(0.915), np.float32(0.7767), np.float32(0.0)]
2025-11-16 06:11:01.468335: Epoch time: 252.03 s
2025-11-16 06:11:02.569000: 
2025-11-16 06:11:02.569249: Epoch 752
2025-11-16 06:11:02.569383: Current learning rate: 0.00285
2025-11-16 06:15:14.657144: train_loss -0.7384
2025-11-16 06:15:14.657390: val_loss -0.6547
2025-11-16 06:15:14.657490: Pseudo dice [np.float32(0.9183), np.float32(0.7526), np.float32(0.0)]
2025-11-16 06:15:14.657586: Epoch time: 252.09 s
2025-11-16 06:15:15.753612: 
2025-11-16 06:15:15.753773: Epoch 753
2025-11-16 06:15:15.753883: Current learning rate: 0.00284
2025-11-16 06:19:27.756725: train_loss -0.7496
2025-11-16 06:19:27.756962: val_loss -0.6808
2025-11-16 06:19:27.757061: Pseudo dice [np.float32(0.9143), np.float32(0.7527), np.float32(0.0)]
2025-11-16 06:19:27.757157: Epoch time: 252.0 s
2025-11-16 06:19:28.772397: 
2025-11-16 06:19:28.772608: Epoch 754
2025-11-16 06:19:28.772781: Current learning rate: 0.00283
2025-11-16 06:23:40.650703: train_loss -0.7471
2025-11-16 06:23:40.650945: val_loss -0.6814
2025-11-16 06:23:40.651046: Pseudo dice [np.float32(0.9162), np.float32(0.7569), np.float32(0.0)]
2025-11-16 06:23:40.651144: Epoch time: 251.88 s
2025-11-16 06:23:41.717506: 
2025-11-16 06:23:41.723011: Epoch 755
2025-11-16 06:23:41.723149: Current learning rate: 0.00282
2025-11-16 06:27:53.468351: train_loss -0.7364
2025-11-16 06:27:53.468586: val_loss -0.6297
2025-11-16 06:27:53.468684: Pseudo dice [np.float32(0.9068), np.float32(0.7674), np.float32(0.0)]
2025-11-16 06:27:53.468781: Epoch time: 251.75 s
2025-11-16 06:27:54.568448: 
2025-11-16 06:27:54.568698: Epoch 756
2025-11-16 06:27:54.568862: Current learning rate: 0.00281
2025-11-16 06:32:06.451563: train_loss -0.7351
2025-11-16 06:32:06.451802: val_loss -0.6606
2025-11-16 06:32:06.451902: Pseudo dice [np.float32(0.9271), np.float32(0.758), np.float32(0.0)]
2025-11-16 06:32:06.452001: Epoch time: 251.88 s
2025-11-16 06:32:07.532990: 
2025-11-16 06:32:07.533282: Epoch 757
2025-11-16 06:32:07.533402: Current learning rate: 0.0028
2025-11-16 06:36:19.437327: train_loss -0.7149
2025-11-16 06:36:19.437612: val_loss -0.6793
2025-11-16 06:36:19.437714: Pseudo dice [np.float32(0.9137), np.float32(0.7597), np.float32(0.0)]
2025-11-16 06:36:19.437811: Epoch time: 251.91 s
2025-11-16 06:36:20.545223: 
2025-11-16 06:36:20.545494: Epoch 758
2025-11-16 06:36:20.545615: Current learning rate: 0.00279
2025-11-16 06:40:32.381733: train_loss -0.7196
2025-11-16 06:40:32.381976: val_loss -0.6693
2025-11-16 06:40:32.382075: Pseudo dice [np.float32(0.9223), np.float32(0.7655), np.float32(0.0)]
2025-11-16 06:40:32.382174: Epoch time: 251.84 s
2025-11-16 06:40:33.484220: 
2025-11-16 06:40:33.484399: Epoch 759
2025-11-16 06:40:33.484580: Current learning rate: 0.00278
2025-11-16 06:44:45.355535: train_loss -0.7256
2025-11-16 06:44:45.355807: val_loss -0.677
2025-11-16 06:44:45.355910: Pseudo dice [np.float32(0.9205), np.float32(0.7787), np.float32(0.0)]
2025-11-16 06:44:45.356009: Epoch time: 251.87 s
2025-11-16 06:44:46.462857: 
2025-11-16 06:44:46.463108: Epoch 760
2025-11-16 06:44:46.463259: Current learning rate: 0.00277
2025-11-16 06:48:58.375548: train_loss -0.7196
2025-11-16 06:48:58.375781: val_loss -0.6944
2025-11-16 06:48:58.375880: Pseudo dice [np.float32(0.9257), np.float32(0.762), np.float32(0.0)]
2025-11-16 06:48:58.375979: Epoch time: 251.91 s
2025-11-16 06:48:59.488143: 
2025-11-16 06:48:59.488323: Epoch 761
2025-11-16 06:48:59.488435: Current learning rate: 0.00276
2025-11-16 06:53:11.363490: train_loss -0.7289
2025-11-16 06:53:11.363727: val_loss -0.6753
2025-11-16 06:53:11.363827: Pseudo dice [np.float32(0.9225), np.float32(0.7615), np.float32(0.0)]
2025-11-16 06:53:11.363925: Epoch time: 251.88 s
2025-11-16 06:53:12.468544: 
2025-11-16 06:53:12.468722: Epoch 762
2025-11-16 06:53:12.468833: Current learning rate: 0.00275
2025-11-16 06:57:24.287633: train_loss -0.7341
2025-11-16 06:57:24.287900: val_loss -0.6917
2025-11-16 06:57:24.288001: Pseudo dice [np.float32(0.9196), np.float32(0.762), np.float32(0.0)]
2025-11-16 06:57:24.288099: Epoch time: 251.82 s
2025-11-16 06:57:25.402569: 
2025-11-16 06:57:25.403215: Epoch 763
2025-11-16 06:57:25.403385: Current learning rate: 0.00274
2025-11-16 07:01:36.939179: train_loss -0.7367
2025-11-16 07:01:36.939468: val_loss -0.6567
2025-11-16 07:01:36.939574: Pseudo dice [np.float32(0.9209), np.float32(0.7491), np.float32(0.0)]
2025-11-16 07:01:36.939674: Epoch time: 251.54 s
2025-11-16 07:01:38.064962: 
2025-11-16 07:01:38.065151: Epoch 764
2025-11-16 07:01:38.065269: Current learning rate: 0.00273
2025-11-16 07:05:49.799327: train_loss -0.7361
2025-11-16 07:05:49.799569: val_loss -0.6667
2025-11-16 07:05:49.799669: Pseudo dice [np.float32(0.9146), np.float32(0.7567), np.float32(0.0)]
2025-11-16 07:05:49.799767: Epoch time: 251.74 s
2025-11-16 07:05:50.915658: 
2025-11-16 07:05:50.915831: Epoch 765
2025-11-16 07:05:50.915951: Current learning rate: 0.00272
2025-11-16 07:10:02.706663: train_loss -0.7181
2025-11-16 07:10:02.706902: val_loss -0.6596
2025-11-16 07:10:02.707000: Pseudo dice [np.float32(0.9112), np.float32(0.7689), np.float32(0.0)]
2025-11-16 07:10:02.707154: Epoch time: 251.79 s
2025-11-16 07:10:03.818572: 
2025-11-16 07:10:03.818771: Epoch 766
2025-11-16 07:10:03.818885: Current learning rate: 0.00271
2025-11-16 07:14:15.537055: train_loss -0.7405
2025-11-16 07:14:15.537313: val_loss -0.6502
2025-11-16 07:14:15.537416: Pseudo dice [np.float32(0.9176), np.float32(0.7636), np.float32(0.0)]
2025-11-16 07:14:15.537518: Epoch time: 251.72 s
2025-11-16 07:14:16.650314: 
2025-11-16 07:14:16.650483: Epoch 767
2025-11-16 07:14:16.650596: Current learning rate: 0.0027
2025-11-16 07:18:28.598557: train_loss -0.7374
2025-11-16 07:18:28.598805: val_loss -0.6715
2025-11-16 07:18:28.598905: Pseudo dice [np.float32(0.9204), np.float32(0.7724), np.float32(0.0)]
2025-11-16 07:18:28.599004: Epoch time: 251.95 s
2025-11-16 07:18:29.717895: 
2025-11-16 07:18:29.718067: Epoch 768
2025-11-16 07:18:29.718182: Current learning rate: 0.00268
2025-11-16 07:22:41.389283: train_loss -0.7307
2025-11-16 07:22:41.389537: val_loss -0.649
2025-11-16 07:22:41.389669: Pseudo dice [np.float32(0.9129), np.float32(0.7466), np.float32(0.0)]
2025-11-16 07:22:41.389771: Epoch time: 251.67 s
2025-11-16 07:22:42.501962: 
2025-11-16 07:22:42.502143: Epoch 769
2025-11-16 07:22:42.502258: Current learning rate: 0.00267
2025-11-16 07:26:54.368296: train_loss -0.7344
2025-11-16 07:26:54.368567: val_loss -0.7087
2025-11-16 07:26:54.368675: Pseudo dice [np.float32(0.9111), np.float32(0.7769), np.float32(0.0)]
2025-11-16 07:26:54.368778: Epoch time: 251.87 s
2025-11-16 07:26:55.487682: 
2025-11-16 07:26:55.487963: Epoch 770
2025-11-16 07:26:55.488109: Current learning rate: 0.00266
2025-11-16 07:31:07.670046: train_loss -0.7324
2025-11-16 07:31:07.670302: val_loss -0.697
2025-11-16 07:31:07.670405: Pseudo dice [np.float32(0.9262), np.float32(0.7726), np.float32(0.0)]
2025-11-16 07:31:07.670503: Epoch time: 252.18 s
2025-11-16 07:31:09.354561: 
2025-11-16 07:31:09.354802: Epoch 771
2025-11-16 07:31:09.354944: Current learning rate: 0.00265
2025-11-16 07:35:21.131434: train_loss -0.7368
2025-11-16 07:35:21.131680: val_loss -0.6439
2025-11-16 07:35:21.131778: Pseudo dice [np.float32(0.9172), np.float32(0.7675), np.float32(0.0)]
2025-11-16 07:35:21.131874: Epoch time: 251.78 s
2025-11-16 07:35:22.169323: 
2025-11-16 07:35:22.169509: Epoch 772
2025-11-16 07:35:22.169624: Current learning rate: 0.00264
2025-11-16 07:39:33.752286: train_loss -0.7219
2025-11-16 07:39:33.752514: val_loss -0.707
2025-11-16 07:39:33.752612: Pseudo dice [np.float32(0.9211), np.float32(0.7625), np.float32(0.0)]
2025-11-16 07:39:33.752709: Epoch time: 251.58 s
2025-11-16 07:39:34.865729: 
2025-11-16 07:39:34.865935: Epoch 773
2025-11-16 07:39:34.866064: Current learning rate: 0.00263
2025-11-16 07:43:46.527534: train_loss -0.7196
2025-11-16 07:43:46.527769: val_loss -0.6498
2025-11-16 07:43:46.527866: Pseudo dice [np.float32(0.9187), np.float32(0.7741), np.float32(0.0)]
2025-11-16 07:43:46.527974: Epoch time: 251.66 s
2025-11-16 07:43:47.640488: 
2025-11-16 07:43:47.640716: Epoch 774
2025-11-16 07:43:47.640855: Current learning rate: 0.00262
2025-11-16 07:47:59.293852: train_loss -0.7335
2025-11-16 07:47:59.294083: val_loss -0.6748
2025-11-16 07:47:59.294181: Pseudo dice [np.float32(0.9209), np.float32(0.7687), np.float32(0.0)]
2025-11-16 07:47:59.294284: Epoch time: 251.65 s
2025-11-16 07:48:00.415947: 
2025-11-16 07:48:00.416234: Epoch 775
2025-11-16 07:48:00.416374: Current learning rate: 0.00261
2025-11-16 07:52:12.095844: train_loss -0.7315
2025-11-16 07:52:12.096084: val_loss -0.6625
2025-11-16 07:52:12.096184: Pseudo dice [np.float32(0.9173), np.float32(0.7728), np.float32(0.0)]
2025-11-16 07:52:12.096357: Epoch time: 251.68 s
2025-11-16 07:52:13.216224: 
2025-11-16 07:52:13.216524: Epoch 776
2025-11-16 07:52:13.216692: Current learning rate: 0.0026
2025-11-16 07:56:24.841361: train_loss -0.7226
2025-11-16 07:56:24.841603: val_loss -0.675
2025-11-16 07:56:24.841701: Pseudo dice [np.float32(0.9201), np.float32(0.7738), np.float32(0.0)]
2025-11-16 07:56:24.841799: Epoch time: 251.63 s
2025-11-16 07:56:25.954689: 
2025-11-16 07:56:25.954931: Epoch 777
2025-11-16 07:56:25.955077: Current learning rate: 0.00259
2025-11-16 08:00:37.643933: train_loss -0.7292
2025-11-16 08:00:37.644167: val_loss -0.6769
2025-11-16 08:00:37.644267: Pseudo dice [np.float32(0.9203), np.float32(0.7683), np.float32(0.0)]
2025-11-16 08:00:37.644373: Epoch time: 251.69 s
2025-11-16 08:00:38.753093: 
2025-11-16 08:00:38.753254: Epoch 778
2025-11-16 08:00:38.753373: Current learning rate: 0.00258
2025-11-16 08:04:50.649205: train_loss -0.7408
2025-11-16 08:04:50.649453: val_loss -0.6756
2025-11-16 08:04:50.649552: Pseudo dice [np.float32(0.9075), np.float32(0.774), np.float32(0.0)]
2025-11-16 08:04:50.649650: Epoch time: 251.9 s
2025-11-16 08:04:51.733793: 
2025-11-16 08:04:51.734069: Epoch 779
2025-11-16 08:04:51.734187: Current learning rate: 0.00257
2025-11-16 08:09:03.776859: train_loss -0.7277
2025-11-16 08:09:03.777097: val_loss -0.6933
2025-11-16 08:09:03.777197: Pseudo dice [np.float32(0.9132), np.float32(0.7609), np.float32(0.0)]
2025-11-16 08:09:03.777304: Epoch time: 252.04 s
2025-11-16 08:09:04.887778: 
2025-11-16 08:09:04.887954: Epoch 780
2025-11-16 08:09:04.888073: Current learning rate: 0.00256
2025-11-16 08:13:16.657551: train_loss -0.7359
2025-11-16 08:13:16.657836: val_loss -0.6658
2025-11-16 08:13:16.657992: Pseudo dice [np.float32(0.914), np.float32(0.7543), np.float32(0.0)]
2025-11-16 08:13:16.658129: Epoch time: 251.77 s
2025-11-16 08:13:17.781621: 
2025-11-16 08:13:17.781801: Epoch 781
2025-11-16 08:13:17.781910: Current learning rate: 0.00255
2025-11-16 08:17:29.517257: train_loss -0.7312
2025-11-16 08:17:29.517501: val_loss -0.6731
2025-11-16 08:17:29.517602: Pseudo dice [np.float32(0.9138), np.float32(0.7642), np.float32(0.0)]
2025-11-16 08:17:29.517701: Epoch time: 251.74 s
2025-11-16 08:17:30.635932: 
2025-11-16 08:17:30.636116: Epoch 782
2025-11-16 08:17:30.636231: Current learning rate: 0.00254
2025-11-16 08:21:42.542762: train_loss -0.7511
2025-11-16 08:21:42.542981: val_loss -0.6265
2025-11-16 08:21:42.543079: Pseudo dice [np.float32(0.9066), np.float32(0.7669), np.float32(0.0)]
2025-11-16 08:21:42.543177: Epoch time: 251.91 s
2025-11-16 08:21:43.591433: 
2025-11-16 08:21:43.591640: Epoch 783
2025-11-16 08:21:43.591748: Current learning rate: 0.00253
2025-11-16 08:25:55.383669: train_loss -0.738
2025-11-16 08:25:55.383902: val_loss -0.6692
2025-11-16 08:25:55.384000: Pseudo dice [np.float32(0.9132), np.float32(0.7659), np.float32(0.0)]
2025-11-16 08:25:55.384096: Epoch time: 251.79 s
2025-11-16 08:25:56.428010: 
2025-11-16 08:25:56.428259: Epoch 784
2025-11-16 08:25:56.428379: Current learning rate: 0.00252
2025-11-16 08:30:08.372562: train_loss -0.7454
2025-11-16 08:30:08.372799: val_loss -0.6946
2025-11-16 08:30:08.372900: Pseudo dice [np.float32(0.9217), np.float32(0.7617), np.float32(0.0)]
2025-11-16 08:30:08.372998: Epoch time: 251.95 s
2025-11-16 08:30:09.488072: 
2025-11-16 08:30:09.488316: Epoch 785
2025-11-16 08:30:09.488434: Current learning rate: 0.00251
2025-11-16 08:34:21.370056: train_loss -0.7424
2025-11-16 08:34:21.370297: val_loss -0.6873
2025-11-16 08:34:21.370447: Pseudo dice [np.float32(0.9095), np.float32(0.7627), np.float32(0.0)]
2025-11-16 08:34:21.370548: Epoch time: 251.88 s
2025-11-16 08:34:23.070612: 
2025-11-16 08:34:23.070815: Epoch 786
2025-11-16 08:34:23.070937: Current learning rate: 0.0025
2025-11-16 08:38:34.922267: train_loss -0.7297
2025-11-16 08:38:34.922550: val_loss -0.6715
2025-11-16 08:38:34.922656: Pseudo dice [np.float32(0.913), np.float32(0.7592), np.float32(0.0)]
2025-11-16 08:38:34.922757: Epoch time: 251.85 s
2025-11-16 08:38:36.035935: 
2025-11-16 08:38:36.036178: Epoch 787
2025-11-16 08:38:36.036365: Current learning rate: 0.00249
2025-11-16 08:42:47.938370: train_loss -0.7252
2025-11-16 08:42:47.938648: val_loss -0.6671
2025-11-16 08:42:47.938754: Pseudo dice [np.float32(0.9105), np.float32(0.7642), np.float32(0.0)]
2025-11-16 08:42:47.938854: Epoch time: 251.9 s
2025-11-16 08:42:49.050652: 
2025-11-16 08:42:49.050837: Epoch 788
2025-11-16 08:42:49.050953: Current learning rate: 0.00248
2025-11-16 08:47:00.509311: train_loss -0.7352
2025-11-16 08:47:00.509539: val_loss -0.7032
2025-11-16 08:47:00.509638: Pseudo dice [np.float32(0.9155), np.float32(0.7639), np.float32(0.0)]
2025-11-16 08:47:00.509766: Epoch time: 251.46 s
2025-11-16 08:47:01.553034: 
2025-11-16 08:47:01.553340: Epoch 789
2025-11-16 08:47:01.553468: Current learning rate: 0.00247
2025-11-16 08:51:13.452558: train_loss -0.7162
2025-11-16 08:51:13.452805: val_loss -0.6811
2025-11-16 08:51:13.452904: Pseudo dice [np.float32(0.9125), np.float32(0.7595), np.float32(0.0)]
2025-11-16 08:51:13.453003: Epoch time: 251.9 s
2025-11-16 08:51:14.574693: 
2025-11-16 08:51:14.575000: Epoch 790
2025-11-16 08:51:14.575116: Current learning rate: 0.00245
2025-11-16 08:55:26.557465: train_loss -0.7349
2025-11-16 08:55:26.557704: val_loss -0.6974
2025-11-16 08:55:26.557837: Pseudo dice [np.float32(0.9203), np.float32(0.7676), np.float32(0.0)]
2025-11-16 08:55:26.557981: Epoch time: 251.98 s
2025-11-16 08:55:27.679085: 
2025-11-16 08:55:27.679341: Epoch 791
2025-11-16 08:55:27.679459: Current learning rate: 0.00244
2025-11-16 08:59:39.800019: train_loss -0.7438
2025-11-16 08:59:39.800256: val_loss -0.6658
2025-11-16 08:59:39.800364: Pseudo dice [np.float32(0.9067), np.float32(0.7642), np.float32(0.0)]
2025-11-16 08:59:39.800464: Epoch time: 252.12 s
2025-11-16 08:59:40.915865: 
2025-11-16 08:59:40.916121: Epoch 792
2025-11-16 08:59:40.916284: Current learning rate: 0.00243
2025-11-16 09:03:52.689682: train_loss -0.7399
2025-11-16 09:03:52.689921: val_loss -0.6458
2025-11-16 09:03:52.690021: Pseudo dice [np.float32(0.9255), np.float32(0.7577), np.float32(0.0)]
2025-11-16 09:03:52.690117: Epoch time: 251.77 s
2025-11-16 09:03:53.800720: 
2025-11-16 09:03:53.800960: Epoch 793
2025-11-16 09:03:53.801096: Current learning rate: 0.00242
2025-11-16 09:08:05.879975: train_loss -0.7309
2025-11-16 09:08:05.880293: val_loss -0.6952
2025-11-16 09:08:05.880397: Pseudo dice [np.float32(0.9174), np.float32(0.7565), np.float32(0.0)]
2025-11-16 09:08:05.880494: Epoch time: 252.08 s
2025-11-16 09:08:06.982266: 
2025-11-16 09:08:06.982537: Epoch 794
2025-11-16 09:08:06.982652: Current learning rate: 0.00241
2025-11-16 09:12:18.937112: train_loss -0.7283
2025-11-16 09:12:18.937360: val_loss -0.6669
2025-11-16 09:12:18.937463: Pseudo dice [np.float32(0.9238), np.float32(0.7705), np.float32(0.0)]
2025-11-16 09:12:18.937561: Epoch time: 251.96 s
2025-11-16 09:12:20.046718: 
2025-11-16 09:12:20.046892: Epoch 795
2025-11-16 09:12:20.047002: Current learning rate: 0.0024
2025-11-16 09:16:31.917031: train_loss -0.7546
2025-11-16 09:16:31.917283: val_loss -0.6488
2025-11-16 09:16:31.917385: Pseudo dice [np.float32(0.9267), np.float32(0.7689), np.float32(0.0)]
2025-11-16 09:16:31.917484: Epoch time: 251.87 s
2025-11-16 09:16:33.022269: 
2025-11-16 09:16:33.022468: Epoch 796
2025-11-16 09:16:33.022582: Current learning rate: 0.00239
2025-11-16 09:20:45.157477: train_loss -0.7234
2025-11-16 09:20:45.157705: val_loss -0.6806
2025-11-16 09:20:45.157802: Pseudo dice [np.float32(0.9227), np.float32(0.7577), np.float32(0.0)]
2025-11-16 09:20:45.157898: Epoch time: 252.14 s
2025-11-16 09:20:46.270929: 
2025-11-16 09:20:46.271167: Epoch 797
2025-11-16 09:20:46.271300: Current learning rate: 0.00238
2025-11-16 09:24:58.150834: train_loss -0.7363
2025-11-16 09:24:58.151094: val_loss -0.7027
2025-11-16 09:24:58.151199: Pseudo dice [np.float32(0.9258), np.float32(0.7665), np.float32(0.0)]
2025-11-16 09:24:58.151306: Epoch time: 251.88 s
2025-11-16 09:24:59.268559: 
2025-11-16 09:24:59.268735: Epoch 798
2025-11-16 09:24:59.268848: Current learning rate: 0.00237
2025-11-16 09:29:10.878260: train_loss -0.7202
2025-11-16 09:29:10.878504: val_loss -0.6653
2025-11-16 09:29:10.878601: Pseudo dice [np.float32(0.9105), np.float32(0.7649), np.float32(0.0)]
2025-11-16 09:29:10.878697: Epoch time: 251.61 s
2025-11-16 09:29:12.004754: 
2025-11-16 09:29:12.005041: Epoch 799
2025-11-16 09:29:12.005168: Current learning rate: 0.00236
2025-11-16 09:33:23.837018: train_loss -0.7441
2025-11-16 09:33:23.837249: val_loss -0.6808
2025-11-16 09:33:23.837353: Pseudo dice [np.float32(0.9183), np.float32(0.7681), np.float32(0.0)]
2025-11-16 09:33:23.837450: Epoch time: 251.83 s
2025-11-16 09:33:25.281353: 
2025-11-16 09:33:25.281568: Epoch 800
2025-11-16 09:33:25.281686: Current learning rate: 0.00235
2025-11-16 09:37:36.962469: train_loss -0.7553
2025-11-16 09:37:36.962711: val_loss -0.667
2025-11-16 09:37:36.962842: Pseudo dice [np.float32(0.9226), np.float32(0.7517), np.float32(0.0)]
2025-11-16 09:37:36.962949: Epoch time: 251.68 s
2025-11-16 09:37:38.090565: 
2025-11-16 09:37:38.090770: Epoch 801
2025-11-16 09:37:38.090928: Current learning rate: 0.00234
2025-11-16 09:41:49.935884: train_loss -0.7367
2025-11-16 09:41:49.936107: val_loss -0.6858
2025-11-16 09:41:49.936208: Pseudo dice [np.float32(0.9155), np.float32(0.7653), np.float32(0.0)]
2025-11-16 09:41:49.936314: Epoch time: 251.85 s
2025-11-16 09:41:51.653699: 
2025-11-16 09:41:51.653888: Epoch 802
2025-11-16 09:41:51.654006: Current learning rate: 0.00233
2025-11-16 09:46:03.362300: train_loss -0.7413
2025-11-16 09:46:03.362539: val_loss -0.6656
2025-11-16 09:46:03.362637: Pseudo dice [np.float32(0.9124), np.float32(0.7571), np.float32(0.0)]
2025-11-16 09:46:03.362819: Epoch time: 251.71 s
2025-11-16 09:46:04.475921: 
2025-11-16 09:46:04.476134: Epoch 803
2025-11-16 09:46:04.476299: Current learning rate: 0.00232
2025-11-16 09:50:16.560977: train_loss -0.7443
2025-11-16 09:50:16.561227: val_loss -0.6695
2025-11-16 09:50:16.561370: Pseudo dice [np.float32(0.9173), np.float32(0.763), np.float32(0.0)]
2025-11-16 09:50:16.561476: Epoch time: 252.09 s
2025-11-16 09:50:17.682823: 
2025-11-16 09:50:17.683079: Epoch 804
2025-11-16 09:50:17.683246: Current learning rate: 0.00231
2025-11-16 09:54:29.657749: train_loss -0.7389
2025-11-16 09:54:29.657985: val_loss -0.6712
2025-11-16 09:54:29.658082: Pseudo dice [np.float32(0.9139), np.float32(0.7615), np.float32(0.0)]
2025-11-16 09:54:29.658175: Epoch time: 251.98 s
2025-11-16 09:54:30.796218: 
2025-11-16 09:54:30.796405: Epoch 805
2025-11-16 09:54:30.796544: Current learning rate: 0.0023
2025-11-16 09:58:42.636359: train_loss -0.7547
2025-11-16 09:58:42.636596: val_loss -0.7132
2025-11-16 09:58:42.636694: Pseudo dice [np.float32(0.9136), np.float32(0.7548), np.float32(0.0)]
2025-11-16 09:58:42.636793: Epoch time: 251.84 s
2025-11-16 09:58:43.755926: 
2025-11-16 09:58:43.756137: Epoch 806
2025-11-16 09:58:43.756259: Current learning rate: 0.00229
2025-11-16 10:02:55.640602: train_loss -0.7419
2025-11-16 10:02:55.640842: val_loss -0.6678
2025-11-16 10:02:55.640941: Pseudo dice [np.float32(0.9142), np.float32(0.7616), np.float32(0.0)]
2025-11-16 10:02:55.641038: Epoch time: 251.89 s
2025-11-16 10:02:56.761016: 
2025-11-16 10:02:56.761198: Epoch 807
2025-11-16 10:02:56.761317: Current learning rate: 0.00228
2025-11-16 10:07:08.522747: train_loss -0.7551
2025-11-16 10:07:08.522983: val_loss -0.672
2025-11-16 10:07:08.523080: Pseudo dice [np.float32(0.9164), np.float32(0.7682), np.float32(0.0)]
2025-11-16 10:07:08.523200: Epoch time: 251.76 s
2025-11-16 10:07:09.648253: 
2025-11-16 10:07:09.648543: Epoch 808
2025-11-16 10:07:09.648691: Current learning rate: 0.00226
2025-11-16 10:11:21.390250: train_loss -0.7395
2025-11-16 10:11:21.390496: val_loss -0.6814
2025-11-16 10:11:21.390594: Pseudo dice [np.float32(0.9124), np.float32(0.7582), np.float32(0.0)]
2025-11-16 10:11:21.390692: Epoch time: 251.74 s
2025-11-16 10:11:22.521040: 
2025-11-16 10:11:22.521215: Epoch 809
2025-11-16 10:11:22.521327: Current learning rate: 0.00225
2025-11-16 10:15:34.505439: train_loss -0.7457
2025-11-16 10:15:34.505667: val_loss -0.6247
2025-11-16 10:15:34.505766: Pseudo dice [np.float32(0.9147), np.float32(0.7539), np.float32(0.0)]
2025-11-16 10:15:34.505863: Epoch time: 251.99 s
2025-11-16 10:15:35.615576: 
2025-11-16 10:15:35.615798: Epoch 810
2025-11-16 10:15:35.615916: Current learning rate: 0.00224
2025-11-16 10:19:47.768801: train_loss -0.7421
2025-11-16 10:19:47.769052: val_loss -0.688
2025-11-16 10:19:47.769158: Pseudo dice [np.float32(0.9181), np.float32(0.7582), np.float32(0.0)]
2025-11-16 10:19:47.769297: Epoch time: 252.15 s
2025-11-16 10:19:48.885932: 
2025-11-16 10:19:48.886128: Epoch 811
2025-11-16 10:19:48.886285: Current learning rate: 0.00223
2025-11-16 10:24:00.579151: train_loss -0.7254
2025-11-16 10:24:00.579389: val_loss -0.6664
2025-11-16 10:24:00.579489: Pseudo dice [np.float32(0.9199), np.float32(0.7423), np.float32(0.0)]
2025-11-16 10:24:00.579588: Epoch time: 251.69 s
2025-11-16 10:24:01.688447: 
2025-11-16 10:24:01.688671: Epoch 812
2025-11-16 10:24:01.688788: Current learning rate: 0.00222
2025-11-16 10:28:13.334767: train_loss -0.7432
2025-11-16 10:28:13.334991: val_loss -0.6546
2025-11-16 10:28:13.335122: Pseudo dice [np.float32(0.922), np.float32(0.7545), np.float32(0.0)]
2025-11-16 10:28:13.335221: Epoch time: 251.65 s
2025-11-16 10:28:14.448559: 
2025-11-16 10:28:14.448720: Epoch 813
2025-11-16 10:28:14.448823: Current learning rate: 0.00221
2025-11-16 10:32:26.295325: train_loss -0.736
2025-11-16 10:32:26.295567: val_loss -0.6582
2025-11-16 10:32:26.295670: Pseudo dice [np.float32(0.9175), np.float32(0.7593), np.float32(0.0)]
2025-11-16 10:32:26.295770: Epoch time: 251.85 s
2025-11-16 10:32:27.416295: 
2025-11-16 10:32:27.416475: Epoch 814
2025-11-16 10:32:27.416584: Current learning rate: 0.0022
2025-11-16 10:36:39.243483: train_loss -0.7424
2025-11-16 10:36:39.243716: val_loss -0.6741
2025-11-16 10:36:39.243814: Pseudo dice [np.float32(0.9098), np.float32(0.7555), np.float32(0.0)]
2025-11-16 10:36:39.243912: Epoch time: 251.83 s
2025-11-16 10:36:40.351504: 
2025-11-16 10:36:40.351724: Epoch 815
2025-11-16 10:36:40.351870: Current learning rate: 0.00219
2025-11-16 10:40:51.967413: train_loss -0.737
2025-11-16 10:40:51.967659: val_loss -0.6971
2025-11-16 10:40:51.967781: Pseudo dice [np.float32(0.9241), np.float32(0.767), np.float32(0.0)]
2025-11-16 10:40:51.967881: Epoch time: 251.62 s
2025-11-16 10:40:53.082163: 
2025-11-16 10:40:53.082314: Epoch 816
2025-11-16 10:40:53.082421: Current learning rate: 0.00218
2025-11-16 10:45:04.909087: train_loss -0.7343
2025-11-16 10:45:04.909346: val_loss -0.6731
2025-11-16 10:45:04.909447: Pseudo dice [np.float32(0.9267), np.float32(0.7634), np.float32(0.0)]
2025-11-16 10:45:04.909547: Epoch time: 251.83 s
2025-11-16 10:45:06.616340: 
2025-11-16 10:45:06.616526: Epoch 817
2025-11-16 10:45:06.616635: Current learning rate: 0.00217
2025-11-16 10:49:18.430228: train_loss -0.7413
2025-11-16 10:49:18.430469: val_loss -0.6813
2025-11-16 10:49:18.430568: Pseudo dice [np.float32(0.9239), np.float32(0.7698), np.float32(0.0)]
2025-11-16 10:49:18.430747: Epoch time: 251.81 s
2025-11-16 10:49:19.575417: 
2025-11-16 10:49:19.575741: Epoch 818
2025-11-16 10:49:19.575859: Current learning rate: 0.00216
2025-11-16 10:53:31.194976: train_loss -0.7349
2025-11-16 10:53:31.195214: val_loss -0.6851
2025-11-16 10:53:31.195483: Pseudo dice [np.float32(0.906), np.float32(0.7649), np.float32(0.0)]
2025-11-16 10:53:31.195623: Epoch time: 251.62 s
2025-11-16 10:53:32.314145: 
2025-11-16 10:53:32.314361: Epoch 819
2025-11-16 10:53:32.314516: Current learning rate: 0.00215
2025-11-16 10:57:44.414976: train_loss -0.7589
2025-11-16 10:57:44.415216: val_loss -0.6594
2025-11-16 10:57:44.415321: Pseudo dice [np.float32(0.9106), np.float32(0.7617), np.float32(0.0)]
2025-11-16 10:57:44.415421: Epoch time: 252.1 s
2025-11-16 10:57:45.522700: 
2025-11-16 10:57:45.523026: Epoch 820
2025-11-16 10:57:45.523151: Current learning rate: 0.00214
2025-11-16 11:01:57.425050: train_loss -0.7467
2025-11-16 11:01:57.425308: val_loss -0.7081
2025-11-16 11:01:57.425411: Pseudo dice [np.float32(0.9076), np.float32(0.7652), np.float32(0.0)]
2025-11-16 11:01:57.425509: Epoch time: 251.9 s
2025-11-16 11:01:58.453966: 
2025-11-16 11:01:58.454163: Epoch 821
2025-11-16 11:01:58.454283: Current learning rate: 0.00213
2025-11-16 11:06:10.073778: train_loss -0.7357
2025-11-16 11:06:10.074089: val_loss -0.6651
2025-11-16 11:06:10.074237: Pseudo dice [np.float32(0.9139), np.float32(0.7522), np.float32(0.0)]
2025-11-16 11:06:10.074347: Epoch time: 251.62 s
2025-11-16 11:06:11.108019: 
2025-11-16 11:06:11.108299: Epoch 822
2025-11-16 11:06:11.108452: Current learning rate: 0.00212
2025-11-16 11:10:23.193975: train_loss -0.7401
2025-11-16 11:10:23.194199: val_loss -0.6835
2025-11-16 11:10:23.194337: Pseudo dice [np.float32(0.9108), np.float32(0.7607), np.float32(0.0)]
2025-11-16 11:10:23.194445: Epoch time: 252.09 s
2025-11-16 11:10:24.280350: 
2025-11-16 11:10:24.280541: Epoch 823
2025-11-16 11:10:24.280651: Current learning rate: 0.0021
2025-11-16 11:14:36.110405: train_loss -0.7155
2025-11-16 11:14:36.110638: val_loss -0.7017
2025-11-16 11:14:36.110738: Pseudo dice [np.float32(0.9131), np.float32(0.756), np.float32(0.0)]
2025-11-16 11:14:36.110835: Epoch time: 251.83 s
2025-11-16 11:14:37.204238: 
2025-11-16 11:14:37.204425: Epoch 824
2025-11-16 11:14:37.204543: Current learning rate: 0.00209
2025-11-16 11:18:49.300771: train_loss -0.7448
2025-11-16 11:18:49.301015: val_loss -0.6518
2025-11-16 11:18:49.301115: Pseudo dice [np.float32(0.9193), np.float32(0.7471), np.float32(0.0)]
2025-11-16 11:18:49.301215: Epoch time: 252.1 s
2025-11-16 11:18:50.397267: 
2025-11-16 11:18:50.397432: Epoch 825
2025-11-16 11:18:50.397540: Current learning rate: 0.00208
2025-11-16 11:23:02.558795: train_loss -0.7428
2025-11-16 11:23:02.559030: val_loss -0.6657
2025-11-16 11:23:02.559130: Pseudo dice [np.float32(0.9109), np.float32(0.7642), np.float32(0.0)]
2025-11-16 11:23:02.559226: Epoch time: 252.16 s
2025-11-16 11:23:03.639391: 
2025-11-16 11:23:03.639574: Epoch 826
2025-11-16 11:23:03.639726: Current learning rate: 0.00207
2025-11-16 11:27:15.411942: train_loss -0.7298
2025-11-16 11:27:15.412186: val_loss -0.6897
2025-11-16 11:27:15.412291: Pseudo dice [np.float32(0.9167), np.float32(0.7663), np.float32(0.0)]
2025-11-16 11:27:15.412389: Epoch time: 251.77 s
2025-11-16 11:27:16.503370: 
2025-11-16 11:27:16.503537: Epoch 827
2025-11-16 11:27:16.503641: Current learning rate: 0.00206
2025-11-16 11:31:28.164252: train_loss -0.746
2025-11-16 11:31:28.164552: val_loss -0.6479
2025-11-16 11:31:28.164659: Pseudo dice [np.float32(0.9187), np.float32(0.7569), np.float32(0.0)]
2025-11-16 11:31:28.164761: Epoch time: 251.66 s
2025-11-16 11:31:29.269368: 
2025-11-16 11:31:29.269608: Epoch 828
2025-11-16 11:31:29.269736: Current learning rate: 0.00205
2025-11-16 11:35:41.047098: train_loss -0.739
2025-11-16 11:35:41.047346: val_loss -0.63
2025-11-16 11:35:41.047450: Pseudo dice [np.float32(0.9152), np.float32(0.7563), np.float32(0.0)]
2025-11-16 11:35:41.047550: Epoch time: 251.78 s
2025-11-16 11:35:42.131726: 
2025-11-16 11:35:42.131961: Epoch 829
2025-11-16 11:35:42.132106: Current learning rate: 0.00204
2025-11-16 11:39:54.048123: train_loss -0.7307
2025-11-16 11:39:54.048372: val_loss -0.6999
2025-11-16 11:39:54.048470: Pseudo dice [np.float32(0.9169), np.float32(0.7526), np.float32(0.0)]
2025-11-16 11:39:54.048566: Epoch time: 251.92 s
2025-11-16 11:39:55.132394: 
2025-11-16 11:39:55.132562: Epoch 830
2025-11-16 11:39:55.132669: Current learning rate: 0.00203
2025-11-16 11:44:06.909981: train_loss -0.7479
2025-11-16 11:44:06.910230: val_loss -0.6981
2025-11-16 11:44:06.910388: Pseudo dice [np.float32(0.911), np.float32(0.767), np.float32(0.0)]
2025-11-16 11:44:06.910489: Epoch time: 251.78 s
2025-11-16 11:44:07.991368: 
2025-11-16 11:44:07.991654: Epoch 831
2025-11-16 11:44:07.991828: Current learning rate: 0.00202
2025-11-16 11:48:19.860987: train_loss -0.7438
2025-11-16 11:48:19.861218: val_loss -0.6711
2025-11-16 11:48:19.861326: Pseudo dice [np.float32(0.9168), np.float32(0.7669), np.float32(0.0)]
2025-11-16 11:48:19.861424: Epoch time: 251.87 s
2025-11-16 11:48:20.945347: 
2025-11-16 11:48:20.945522: Epoch 832
2025-11-16 11:48:20.945636: Current learning rate: 0.00201
2025-11-16 11:52:32.954223: train_loss -0.7482
2025-11-16 11:52:32.954458: val_loss -0.6622
2025-11-16 11:52:32.954556: Pseudo dice [np.float32(0.9125), np.float32(0.7502), np.float32(0.0)]
2025-11-16 11:52:32.954656: Epoch time: 252.01 s
2025-11-16 11:52:34.636966: 
2025-11-16 11:52:34.637166: Epoch 833
2025-11-16 11:52:34.637285: Current learning rate: 0.002
2025-11-16 11:56:46.592348: train_loss -0.7383
2025-11-16 11:56:46.592584: val_loss -0.7032
2025-11-16 11:56:46.592682: Pseudo dice [np.float32(0.9223), np.float32(0.7614), np.float32(0.0)]
2025-11-16 11:56:46.592779: Epoch time: 251.96 s
2025-11-16 11:56:47.681601: 
2025-11-16 11:56:47.681827: Epoch 834
2025-11-16 11:56:47.681952: Current learning rate: 0.00199
2025-11-16 12:00:59.293786: train_loss -0.7449
2025-11-16 12:00:59.294033: val_loss -0.6819
2025-11-16 12:00:59.294135: Pseudo dice [np.float32(0.9156), np.float32(0.7596), np.float32(0.0)]
2025-11-16 12:00:59.294231: Epoch time: 251.61 s
2025-11-16 12:01:00.380483: 
2025-11-16 12:01:00.380677: Epoch 835
2025-11-16 12:01:00.380794: Current learning rate: 0.00198
2025-11-16 12:05:12.134552: train_loss -0.7415
2025-11-16 12:05:12.134797: val_loss -0.6577
2025-11-16 12:05:12.134897: Pseudo dice [np.float32(0.9245), np.float32(0.7628), np.float32(0.0)]
2025-11-16 12:05:12.134996: Epoch time: 251.76 s
2025-11-16 12:05:13.218745: 
2025-11-16 12:05:13.218921: Epoch 836
2025-11-16 12:05:13.219032: Current learning rate: 0.00196
2025-11-16 12:09:25.137247: train_loss -0.733
2025-11-16 12:09:25.137507: val_loss -0.6996
2025-11-16 12:09:25.137606: Pseudo dice [np.float32(0.9276), np.float32(0.7551), np.float32(0.0)]
2025-11-16 12:09:25.137704: Epoch time: 251.92 s
2025-11-16 12:09:26.231100: 
2025-11-16 12:09:26.231295: Epoch 837
2025-11-16 12:09:26.231420: Current learning rate: 0.00195
2025-11-16 12:13:37.885886: train_loss -0.7592
2025-11-16 12:13:37.886123: val_loss -0.6838
2025-11-16 12:13:37.886221: Pseudo dice [np.float32(0.9125), np.float32(0.7558), np.float32(0.0)]
2025-11-16 12:13:37.886329: Epoch time: 251.66 s
2025-11-16 12:13:38.976504: 
2025-11-16 12:13:38.976697: Epoch 838
2025-11-16 12:13:38.976815: Current learning rate: 0.00194
2025-11-16 12:17:50.620852: train_loss -0.7442
2025-11-16 12:17:50.621108: val_loss -0.6957
2025-11-16 12:17:50.621209: Pseudo dice [np.float32(0.9193), np.float32(0.7587), np.float32(0.0)]
2025-11-16 12:17:50.621316: Epoch time: 251.65 s
2025-11-16 12:17:51.706948: 
2025-11-16 12:17:51.707182: Epoch 839
2025-11-16 12:17:51.707329: Current learning rate: 0.00193
2025-11-16 12:22:03.563544: train_loss -0.7433
2025-11-16 12:22:03.563745: val_loss -0.6116
2025-11-16 12:22:03.563846: Pseudo dice [np.float32(0.9132), np.float32(0.7535), np.float32(0.0)]
2025-11-16 12:22:03.563943: Epoch time: 251.86 s
2025-11-16 12:22:04.655479: 
2025-11-16 12:22:04.655669: Epoch 840
2025-11-16 12:22:04.655786: Current learning rate: 0.00192
2025-11-16 12:26:16.423390: train_loss -0.737
2025-11-16 12:26:16.423628: val_loss -0.6916
2025-11-16 12:26:16.423727: Pseudo dice [np.float32(0.9106), np.float32(0.7608), np.float32(0.0)]
2025-11-16 12:26:16.423826: Epoch time: 251.77 s
2025-11-16 12:26:17.510843: 
2025-11-16 12:26:17.511123: Epoch 841
2025-11-16 12:26:17.511239: Current learning rate: 0.00191
2025-11-16 12:30:29.417790: train_loss -0.7447
2025-11-16 12:30:29.418039: val_loss -0.6822
2025-11-16 12:30:29.418137: Pseudo dice [np.float32(0.9019), np.float32(0.76), np.float32(0.0)]
2025-11-16 12:30:29.418235: Epoch time: 251.91 s
2025-11-16 12:30:30.495807: 
2025-11-16 12:30:30.495982: Epoch 842
2025-11-16 12:30:30.496099: Current learning rate: 0.0019
2025-11-16 12:34:42.153042: train_loss -0.7418
2025-11-16 12:34:42.153321: val_loss -0.6772
2025-11-16 12:34:42.153425: Pseudo dice [np.float32(0.9118), np.float32(0.761), np.float32(0.0)]
2025-11-16 12:34:42.153525: Epoch time: 251.66 s
2025-11-16 12:34:43.241736: 
2025-11-16 12:34:43.241992: Epoch 843
2025-11-16 12:34:43.242141: Current learning rate: 0.00189
2025-11-16 12:38:54.984826: train_loss -0.756
2025-11-16 12:38:54.985045: val_loss -0.6616
2025-11-16 12:38:54.985143: Pseudo dice [np.float32(0.9246), np.float32(0.762), np.float32(0.0)]
2025-11-16 12:38:54.985240: Epoch time: 251.74 s
2025-11-16 12:38:56.060672: 
2025-11-16 12:38:56.060852: Epoch 844
2025-11-16 12:38:56.060966: Current learning rate: 0.00188
2025-11-16 12:43:07.732432: train_loss -0.739
2025-11-16 12:43:07.732660: val_loss -0.6519
2025-11-16 12:43:07.732759: Pseudo dice [np.float32(0.9125), np.float32(0.7618), np.float32(0.0)]
2025-11-16 12:43:07.732857: Epoch time: 251.67 s
2025-11-16 12:43:08.819324: 
2025-11-16 12:43:08.819542: Epoch 845
2025-11-16 12:43:08.819656: Current learning rate: 0.00187
2025-11-16 12:47:20.524423: train_loss -0.7492
2025-11-16 12:47:20.524652: val_loss -0.6573
2025-11-16 12:47:20.524749: Pseudo dice [np.float32(0.9127), np.float32(0.7653), np.float32(0.0)]
2025-11-16 12:47:20.524846: Epoch time: 251.71 s
2025-11-16 12:47:21.619769: 
2025-11-16 12:47:21.619941: Epoch 846
2025-11-16 12:47:21.620053: Current learning rate: 0.00186
2025-11-16 12:51:33.390866: train_loss -0.7318
2025-11-16 12:51:33.391104: val_loss -0.6933
2025-11-16 12:51:33.391200: Pseudo dice [np.float32(0.9186), np.float32(0.7604), np.float32(0.0)]
2025-11-16 12:51:33.391304: Epoch time: 251.77 s
2025-11-16 12:51:34.473735: 
2025-11-16 12:51:34.473917: Epoch 847
2025-11-16 12:51:34.474036: Current learning rate: 0.00185
2025-11-16 12:55:46.213222: train_loss -0.7475
2025-11-16 12:55:46.213487: val_loss -0.6941
2025-11-16 12:55:46.213597: Pseudo dice [np.float32(0.916), np.float32(0.7711), np.float32(0.0)]
2025-11-16 12:55:46.213698: Epoch time: 251.74 s
2025-11-16 12:55:47.301093: 
2025-11-16 12:55:47.301256: Epoch 848
2025-11-16 12:55:47.301370: Current learning rate: 0.00184
2025-11-16 12:59:59.131371: train_loss -0.7327
2025-11-16 12:59:59.131599: val_loss -0.6594
2025-11-16 12:59:59.131697: Pseudo dice [np.float32(0.9146), np.float32(0.7618), np.float32(0.0)]
2025-11-16 12:59:59.131795: Epoch time: 251.83 s
2025-11-16 13:00:00.218297: 
2025-11-16 13:00:00.218474: Epoch 849
2025-11-16 13:00:00.218588: Current learning rate: 0.00182
2025-11-16 13:04:11.984789: train_loss -0.7482
2025-11-16 13:04:11.985020: val_loss -0.6493
2025-11-16 13:04:11.985121: Pseudo dice [np.float32(0.9145), np.float32(0.7552), np.float32(0.0)]
2025-11-16 13:04:11.985221: Epoch time: 251.77 s
2025-11-16 13:04:13.983806: 
2025-11-16 13:04:13.984004: Epoch 850
2025-11-16 13:04:13.984125: Current learning rate: 0.00181
2025-11-16 13:08:25.904298: train_loss -0.7395
2025-11-16 13:08:25.904547: val_loss -0.6324
2025-11-16 13:08:25.904645: Pseudo dice [np.float32(0.9119), np.float32(0.7623), np.float32(0.0)]
2025-11-16 13:08:25.904742: Epoch time: 251.92 s
2025-11-16 13:08:26.977015: 
2025-11-16 13:08:26.977316: Epoch 851
2025-11-16 13:08:26.977459: Current learning rate: 0.0018
2025-11-16 13:12:39.060589: train_loss -0.7469
2025-11-16 13:12:39.060841: val_loss -0.6917
2025-11-16 13:12:39.060961: Pseudo dice [np.float32(0.9194), np.float32(0.7562), np.float32(0.0)]
2025-11-16 13:12:39.061059: Epoch time: 252.08 s
2025-11-16 13:12:40.127774: 
2025-11-16 13:12:40.127987: Epoch 852
2025-11-16 13:12:40.128109: Current learning rate: 0.00179
2025-11-16 13:16:52.111011: train_loss -0.7443
2025-11-16 13:16:52.111260: val_loss -0.6735
2025-11-16 13:16:52.111366: Pseudo dice [np.float32(0.9117), np.float32(0.7601), np.float32(0.0)]
2025-11-16 13:16:52.111493: Epoch time: 251.98 s
2025-11-16 13:16:53.203044: 
2025-11-16 13:16:53.203342: Epoch 853
2025-11-16 13:16:53.203492: Current learning rate: 0.00178
2025-11-16 13:21:04.990634: train_loss -0.7343
2025-11-16 13:21:04.990873: val_loss -0.6566
2025-11-16 13:21:04.990971: Pseudo dice [np.float32(0.9147), np.float32(0.7568), np.float32(0.0)]
2025-11-16 13:21:04.991073: Epoch time: 251.79 s
2025-11-16 13:21:06.054662: 
2025-11-16 13:21:06.054833: Epoch 854
2025-11-16 13:21:06.054944: Current learning rate: 0.00177
2025-11-16 13:25:17.931888: train_loss -0.7361
2025-11-16 13:25:17.932107: val_loss -0.6331
2025-11-16 13:25:17.932208: Pseudo dice [np.float32(0.9131), np.float32(0.7492), np.float32(0.0)]
2025-11-16 13:25:17.932328: Epoch time: 251.88 s
2025-11-16 13:25:18.993701: 
2025-11-16 13:25:18.993984: Epoch 855
2025-11-16 13:25:18.994113: Current learning rate: 0.00176
2025-11-16 13:29:30.692978: train_loss -0.7429
2025-11-16 13:29:30.696586: val_loss -0.6127
2025-11-16 13:29:30.696727: Pseudo dice [np.float32(0.9093), np.float32(0.7484), np.float32(0.0)]
2025-11-16 13:29:30.696821: Epoch time: 251.7 s
2025-11-16 13:29:31.772960: 
2025-11-16 13:29:31.773178: Epoch 856
2025-11-16 13:29:31.773302: Current learning rate: 0.00175
2025-11-16 13:33:43.339803: train_loss -0.7488
2025-11-16 13:33:43.340029: val_loss -0.6856
2025-11-16 13:33:43.340127: Pseudo dice [np.float32(0.9213), np.float32(0.7595), np.float32(0.0)]
2025-11-16 13:33:43.340226: Epoch time: 251.57 s
2025-11-16 13:33:44.408279: 
2025-11-16 13:33:44.408492: Epoch 857
2025-11-16 13:33:44.408597: Current learning rate: 0.00174
2025-11-16 13:37:55.909397: train_loss -0.7413
2025-11-16 13:37:55.909638: val_loss -0.6656
2025-11-16 13:37:55.909736: Pseudo dice [np.float32(0.9218), np.float32(0.7606), np.float32(0.0)]
2025-11-16 13:37:55.909835: Epoch time: 251.5 s
2025-11-16 13:37:56.993736: 
2025-11-16 13:37:56.994002: Epoch 858
2025-11-16 13:37:56.994128: Current learning rate: 0.00173
2025-11-16 13:42:08.761182: train_loss -0.7354
2025-11-16 13:42:08.761410: val_loss -0.635
2025-11-16 13:42:08.761508: Pseudo dice [np.float32(0.9115), np.float32(0.7571), np.float32(0.0)]
2025-11-16 13:42:08.761676: Epoch time: 251.77 s
2025-11-16 13:42:09.834305: 
2025-11-16 13:42:09.834466: Epoch 859
2025-11-16 13:42:09.834577: Current learning rate: 0.00172
2025-11-16 13:46:21.538166: train_loss -0.7407
2025-11-16 13:46:21.538413: val_loss -0.6447
2025-11-16 13:46:21.538513: Pseudo dice [np.float32(0.9144), np.float32(0.7515), np.float32(0.0)]
2025-11-16 13:46:21.538614: Epoch time: 251.7 s
2025-11-16 13:46:22.544448: 
2025-11-16 13:46:22.544616: Epoch 860
2025-11-16 13:46:22.544732: Current learning rate: 0.0017
2025-11-16 13:50:34.222018: train_loss -0.7431
2025-11-16 13:50:34.222247: val_loss -0.6782
2025-11-16 13:50:34.222358: Pseudo dice [np.float32(0.9099), np.float32(0.7547), np.float32(0.0)]
2025-11-16 13:50:34.222459: Epoch time: 251.68 s
2025-11-16 13:50:35.290833: 
2025-11-16 13:50:35.291075: Epoch 861
2025-11-16 13:50:35.291196: Current learning rate: 0.00169
2025-11-16 13:54:47.086444: train_loss -0.7505
2025-11-16 13:54:47.086717: val_loss -0.6836
2025-11-16 13:54:47.086818: Pseudo dice [np.float32(0.9202), np.float32(0.7697), np.float32(0.0)]
2025-11-16 13:54:47.086915: Epoch time: 251.8 s
2025-11-16 13:54:48.117003: 
2025-11-16 13:54:48.117168: Epoch 862
2025-11-16 13:54:48.117353: Current learning rate: 0.00168
2025-11-16 13:58:59.702213: train_loss -0.7465
2025-11-16 13:58:59.702467: val_loss -0.6862
2025-11-16 13:58:59.702566: Pseudo dice [np.float32(0.9161), np.float32(0.7523), np.float32(0.0)]
2025-11-16 13:58:59.702664: Epoch time: 251.59 s
2025-11-16 13:59:00.769945: 
2025-11-16 13:59:00.770208: Epoch 863
2025-11-16 13:59:00.770363: Current learning rate: 0.00167
2025-11-16 14:03:12.701267: train_loss -0.7358
2025-11-16 14:03:12.701652: val_loss -0.6876
2025-11-16 14:03:12.701755: Pseudo dice [np.float32(0.9238), np.float32(0.7605), np.float32(0.0)]
2025-11-16 14:03:12.701853: Epoch time: 251.93 s
2025-11-16 14:03:13.771767: 
2025-11-16 14:03:13.771981: Epoch 864
2025-11-16 14:03:13.772104: Current learning rate: 0.00166
2025-11-16 14:07:25.532267: train_loss -0.7341
2025-11-16 14:07:25.532514: val_loss -0.6745
2025-11-16 14:07:25.532613: Pseudo dice [np.float32(0.9188), np.float32(0.7649), np.float32(0.0)]
2025-11-16 14:07:25.532713: Epoch time: 251.76 s
2025-11-16 14:07:26.601360: 
2025-11-16 14:07:26.601524: Epoch 865
2025-11-16 14:07:26.601640: Current learning rate: 0.00165
2025-11-16 14:11:38.386986: train_loss -0.7429
2025-11-16 14:11:38.387211: val_loss -0.689
2025-11-16 14:11:38.387316: Pseudo dice [np.float32(0.9163), np.float32(0.7647), np.float32(0.0)]
2025-11-16 14:11:38.387416: Epoch time: 251.79 s
2025-11-16 14:11:39.457456: 
2025-11-16 14:11:39.457646: Epoch 866
2025-11-16 14:11:39.457758: Current learning rate: 0.00164
2025-11-16 14:15:51.129045: train_loss -0.7479
2025-11-16 14:15:51.129304: val_loss -0.6516
2025-11-16 14:15:51.129406: Pseudo dice [np.float32(0.9174), np.float32(0.7705), np.float32(0.0)]
2025-11-16 14:15:51.129504: Epoch time: 251.67 s
2025-11-16 14:15:52.765292: 
2025-11-16 14:15:52.765547: Epoch 867
2025-11-16 14:15:52.765665: Current learning rate: 0.00163
2025-11-16 14:20:04.601758: train_loss -0.7282
2025-11-16 14:20:04.601998: val_loss -0.6296
2025-11-16 14:20:04.602098: Pseudo dice [np.float32(0.912), np.float32(0.7552), np.float32(0.0)]
2025-11-16 14:20:04.602197: Epoch time: 251.84 s
2025-11-16 14:20:05.677045: 
2025-11-16 14:20:05.677320: Epoch 868
2025-11-16 14:20:05.677449: Current learning rate: 0.00162
2025-11-16 14:24:17.490563: train_loss -0.7451
2025-11-16 14:24:17.490798: val_loss -0.6962
2025-11-16 14:24:17.490895: Pseudo dice [np.float32(0.9143), np.float32(0.769), np.float32(0.0)]
2025-11-16 14:24:17.490992: Epoch time: 251.81 s
2025-11-16 14:24:18.565474: 
2025-11-16 14:24:18.565696: Epoch 869
2025-11-16 14:24:18.565815: Current learning rate: 0.00161
2025-11-16 14:28:30.370450: train_loss -0.7466
2025-11-16 14:28:30.370686: val_loss -0.6439
2025-11-16 14:28:30.370783: Pseudo dice [np.float32(0.911), np.float32(0.7626), np.float32(0.0)]
2025-11-16 14:28:30.370880: Epoch time: 251.81 s
2025-11-16 14:28:31.435755: 
2025-11-16 14:28:31.435940: Epoch 870
2025-11-16 14:28:31.436058: Current learning rate: 0.00159
2025-11-16 14:32:43.282360: train_loss -0.7253
2025-11-16 14:32:43.282597: val_loss -0.6609
2025-11-16 14:32:43.282696: Pseudo dice [np.float32(0.915), np.float32(0.7574), np.float32(0.0)]
2025-11-16 14:32:43.282793: Epoch time: 251.85 s
2025-11-16 14:32:44.365336: 
2025-11-16 14:32:44.365522: Epoch 871
2025-11-16 14:32:44.365636: Current learning rate: 0.00158
2025-11-16 14:36:56.388215: train_loss -0.7353
2025-11-16 14:36:56.388469: val_loss -0.701
2025-11-16 14:36:56.388569: Pseudo dice [np.float32(0.915), np.float32(0.7696), np.float32(0.0)]
2025-11-16 14:36:56.388667: Epoch time: 252.02 s
2025-11-16 14:36:57.466562: 
2025-11-16 14:36:57.466769: Epoch 872
2025-11-16 14:36:57.466883: Current learning rate: 0.00157
2025-11-16 14:41:08.930846: train_loss -0.75
2025-11-16 14:41:08.931079: val_loss -0.6627
2025-11-16 14:41:08.931179: Pseudo dice [np.float32(0.9236), np.float32(0.7639), np.float32(0.0)]
2025-11-16 14:41:08.931287: Epoch time: 251.47 s
2025-11-16 14:41:10.003373: 
2025-11-16 14:41:10.003575: Epoch 873
2025-11-16 14:41:10.003690: Current learning rate: 0.00156
2025-11-16 14:45:22.005784: train_loss -0.7373
2025-11-16 14:45:22.006023: val_loss -0.6411
2025-11-16 14:45:22.006121: Pseudo dice [np.float32(0.9123), np.float32(0.7604), np.float32(0.0)]
2025-11-16 14:45:22.006217: Epoch time: 252.0 s
2025-11-16 14:45:23.066344: 
2025-11-16 14:45:23.066570: Epoch 874
2025-11-16 14:45:23.066681: Current learning rate: 0.00155
2025-11-16 14:49:35.105515: train_loss -0.7436
2025-11-16 14:49:35.105753: val_loss -0.6487
2025-11-16 14:49:35.105851: Pseudo dice [np.float32(0.92), np.float32(0.7673), np.float32(0.0)]
2025-11-16 14:49:35.105949: Epoch time: 252.04 s
2025-11-16 14:49:36.193010: 
2025-11-16 14:49:36.193258: Epoch 875
2025-11-16 14:49:36.193384: Current learning rate: 0.00154
2025-11-16 14:53:47.735534: train_loss -0.7467
2025-11-16 14:53:47.735772: val_loss -0.6953
2025-11-16 14:53:47.735923: Pseudo dice [np.float32(0.9168), np.float32(0.7614), np.float32(0.0)]
2025-11-16 14:53:47.736146: Epoch time: 251.54 s
2025-11-16 14:53:48.807901: 
2025-11-16 14:53:48.808189: Epoch 876
2025-11-16 14:53:48.808326: Current learning rate: 0.00153
2025-11-16 14:58:00.588155: train_loss -0.7473
2025-11-16 14:58:00.588399: val_loss -0.6439
2025-11-16 14:58:00.588542: Pseudo dice [np.float32(0.9137), np.float32(0.7672), np.float32(0.0)]
2025-11-16 14:58:00.588642: Epoch time: 251.78 s
2025-11-16 14:58:01.665442: 
2025-11-16 14:58:01.665613: Epoch 877
2025-11-16 14:58:01.665726: Current learning rate: 0.00152
2025-11-16 15:02:13.477135: train_loss -0.751
2025-11-16 15:02:13.477345: val_loss -0.6594
2025-11-16 15:02:13.477447: Pseudo dice [np.float32(0.9262), np.float32(0.7632), np.float32(0.0)]
2025-11-16 15:02:13.477543: Epoch time: 251.81 s
2025-11-16 15:02:14.553428: 
2025-11-16 15:02:14.553588: Epoch 878
2025-11-16 15:02:14.553700: Current learning rate: 0.00151
2025-11-16 15:06:26.530006: train_loss -0.7622
2025-11-16 15:06:26.530225: val_loss -0.6512
2025-11-16 15:06:26.530331: Pseudo dice [np.float32(0.911), np.float32(0.7611), np.float32(0.0)]
2025-11-16 15:06:26.530432: Epoch time: 251.98 s
2025-11-16 15:06:27.599259: 
2025-11-16 15:06:27.599441: Epoch 879
2025-11-16 15:06:27.599558: Current learning rate: 0.00149
2025-11-16 15:10:39.413679: train_loss -0.7315
2025-11-16 15:10:39.413954: val_loss -0.6915
2025-11-16 15:10:39.414059: Pseudo dice [np.float32(0.9201), np.float32(0.7597), np.float32(0.0)]
2025-11-16 15:10:39.414158: Epoch time: 251.82 s
2025-11-16 15:10:40.478605: 
2025-11-16 15:10:40.478787: Epoch 880
2025-11-16 15:10:40.478903: Current learning rate: 0.00148
2025-11-16 15:14:52.677297: train_loss -0.7314
2025-11-16 15:14:52.677542: val_loss -0.6865
2025-11-16 15:14:52.677681: Pseudo dice [np.float32(0.9257), np.float32(0.7653), np.float32(0.0)]
2025-11-16 15:14:52.677782: Epoch time: 252.2 s
2025-11-16 15:14:53.744198: 
2025-11-16 15:14:53.744372: Epoch 881
2025-11-16 15:14:53.744485: Current learning rate: 0.00147
2025-11-16 15:19:05.580942: train_loss -0.7507
2025-11-16 15:19:05.581185: val_loss -0.6865
2025-11-16 15:19:05.581291: Pseudo dice [np.float32(0.9006), np.float32(0.7595), np.float32(0.0)]
2025-11-16 15:19:05.581390: Epoch time: 251.84 s
2025-11-16 15:19:06.657465: 
2025-11-16 15:19:06.657637: Epoch 882
2025-11-16 15:19:06.657751: Current learning rate: 0.00146
2025-11-16 15:23:18.432228: train_loss -0.7568
2025-11-16 15:23:18.432631: val_loss -0.6805
2025-11-16 15:23:18.432811: Pseudo dice [np.float32(0.9154), np.float32(0.7575), np.float32(0.0)]
2025-11-16 15:23:18.432956: Epoch time: 251.78 s
2025-11-16 15:23:19.508324: 
2025-11-16 15:23:19.508504: Epoch 883
2025-11-16 15:23:19.508620: Current learning rate: 0.00145
2025-11-16 15:27:31.465410: train_loss -0.7314
2025-11-16 15:27:31.465650: val_loss -0.6676
2025-11-16 15:27:31.465752: Pseudo dice [np.float32(0.919), np.float32(0.769), np.float32(0.0)]
2025-11-16 15:27:31.465848: Epoch time: 251.96 s
2025-11-16 15:27:33.099483: 
2025-11-16 15:27:33.099674: Epoch 884
2025-11-16 15:27:33.099794: Current learning rate: 0.00144
2025-11-16 15:31:44.946818: train_loss -0.7407
2025-11-16 15:31:44.947040: val_loss -0.6776
2025-11-16 15:31:44.947140: Pseudo dice [np.float32(0.9196), np.float32(0.7712), np.float32(0.0)]
2025-11-16 15:31:44.947271: Epoch time: 251.85 s
2025-11-16 15:31:46.030769: 
2025-11-16 15:31:46.031046: Epoch 885
2025-11-16 15:31:46.031160: Current learning rate: 0.00143
2025-11-16 15:35:58.163289: train_loss -0.7419
2025-11-16 15:35:58.163522: val_loss -0.6653
2025-11-16 15:35:58.163620: Pseudo dice [np.float32(0.9165), np.float32(0.7592), np.float32(0.0)]
2025-11-16 15:35:58.163716: Epoch time: 252.13 s
2025-11-16 15:35:59.236843: 
2025-11-16 15:35:59.237027: Epoch 886
2025-11-16 15:35:59.237146: Current learning rate: 0.00142
2025-11-16 15:40:11.149880: train_loss -0.7416
2025-11-16 15:40:11.150117: val_loss -0.6472
2025-11-16 15:40:11.150215: Pseudo dice [np.float32(0.9107), np.float32(0.7629), np.float32(0.0)]
2025-11-16 15:40:11.150318: Epoch time: 251.91 s
2025-11-16 15:40:12.196585: 
2025-11-16 15:40:12.196866: Epoch 887
2025-11-16 15:40:12.197005: Current learning rate: 0.00141
2025-11-16 15:44:24.054535: train_loss -0.7454
2025-11-16 15:44:24.054772: val_loss -0.6569
2025-11-16 15:44:24.054872: Pseudo dice [np.float32(0.9188), np.float32(0.7603), np.float32(0.0)]
2025-11-16 15:44:24.055015: Epoch time: 251.86 s
2025-11-16 15:44:25.125600: 
2025-11-16 15:44:25.125768: Epoch 888
2025-11-16 15:44:25.125878: Current learning rate: 0.00139
2025-11-16 15:48:37.189075: train_loss -0.74
2025-11-16 15:48:37.189308: val_loss -0.6697
2025-11-16 15:48:37.189409: Pseudo dice [np.float32(0.921), np.float32(0.7607), np.float32(0.0)]
2025-11-16 15:48:37.189507: Epoch time: 252.06 s
2025-11-16 15:48:38.259764: 
2025-11-16 15:48:38.260022: Epoch 889
2025-11-16 15:48:38.260192: Current learning rate: 0.00138
2025-11-16 15:52:49.868678: train_loss -0.7416
2025-11-16 15:52:49.868910: val_loss -0.6818
2025-11-16 15:52:49.869008: Pseudo dice [np.float32(0.9089), np.float32(0.7509), np.float32(0.0)]
2025-11-16 15:52:49.869104: Epoch time: 251.61 s
2025-11-16 15:52:50.938455: 
2025-11-16 15:52:50.938619: Epoch 890
2025-11-16 15:52:50.938728: Current learning rate: 0.00137
2025-11-16 15:57:02.793679: train_loss -0.7463
2025-11-16 15:57:02.793910: val_loss -0.6742
2025-11-16 15:57:02.794013: Pseudo dice [np.float32(0.9126), np.float32(0.7583), np.float32(0.0)]
2025-11-16 15:57:02.794111: Epoch time: 251.86 s
2025-11-16 15:57:03.848489: 
2025-11-16 15:57:03.848658: Epoch 891
2025-11-16 15:57:03.848769: Current learning rate: 0.00136
2025-11-16 16:01:15.297469: train_loss -0.7303
2025-11-16 16:01:15.297706: val_loss -0.698
2025-11-16 16:01:15.297807: Pseudo dice [np.float32(0.92), np.float32(0.7648), np.float32(0.0)]
2025-11-16 16:01:15.297904: Epoch time: 251.45 s
2025-11-16 16:01:16.375018: 
2025-11-16 16:01:16.375214: Epoch 892
2025-11-16 16:01:16.375333: Current learning rate: 0.00135
2025-11-16 16:05:28.565678: train_loss -0.7391
2025-11-16 16:05:28.565906: val_loss -0.665
2025-11-16 16:05:28.566005: Pseudo dice [np.float32(0.9122), np.float32(0.7665), np.float32(0.0)]
2025-11-16 16:05:28.566104: Epoch time: 252.19 s
2025-11-16 16:05:29.624994: 
2025-11-16 16:05:29.625161: Epoch 893
2025-11-16 16:05:29.625269: Current learning rate: 0.00134
2025-11-16 16:09:41.589633: train_loss -0.7378
2025-11-16 16:09:41.589882: val_loss -0.6696
2025-11-16 16:09:41.589982: Pseudo dice [np.float32(0.9151), np.float32(0.7611), np.float32(0.0)]
2025-11-16 16:09:41.590080: Epoch time: 251.97 s
2025-11-16 16:09:42.658127: 
2025-11-16 16:09:42.658350: Epoch 894
2025-11-16 16:09:42.658510: Current learning rate: 0.00133
2025-11-16 16:13:54.883058: train_loss -0.7361
2025-11-16 16:13:54.883304: val_loss -0.6532
2025-11-16 16:13:54.883402: Pseudo dice [np.float32(0.9182), np.float32(0.765), np.float32(0.0)]
2025-11-16 16:13:54.883496: Epoch time: 252.23 s
2025-11-16 16:13:55.961161: 
2025-11-16 16:13:55.961441: Epoch 895
2025-11-16 16:13:55.961574: Current learning rate: 0.00132
2025-11-16 16:18:07.884657: train_loss -0.7467
2025-11-16 16:18:07.884892: val_loss -0.6312
2025-11-16 16:18:07.884991: Pseudo dice [np.float32(0.9175), np.float32(0.7467), np.float32(0.0)]
2025-11-16 16:18:07.885090: Epoch time: 251.92 s
2025-11-16 16:18:08.954249: 
2025-11-16 16:18:08.954681: Epoch 896
2025-11-16 16:18:08.954996: Current learning rate: 0.0013
2025-11-16 16:22:20.818415: train_loss -0.7368
2025-11-16 16:22:20.818654: val_loss -0.685
2025-11-16 16:22:20.818752: Pseudo dice [np.float32(0.9146), np.float32(0.751), np.float32(0.0)]
2025-11-16 16:22:20.818850: Epoch time: 251.87 s
2025-11-16 16:22:21.890988: 
2025-11-16 16:22:21.891243: Epoch 897
2025-11-16 16:22:21.891366: Current learning rate: 0.00129
2025-11-16 16:26:33.970615: train_loss -0.7395
2025-11-16 16:26:33.970832: val_loss -0.6698
2025-11-16 16:26:33.970928: Pseudo dice [np.float32(0.9176), np.float32(0.7611), np.float32(0.0)]
2025-11-16 16:26:33.971026: Epoch time: 252.08 s
2025-11-16 16:26:35.040306: 
2025-11-16 16:26:35.040604: Epoch 898
2025-11-16 16:26:35.040740: Current learning rate: 0.00128
2025-11-16 16:30:47.097440: train_loss -0.7485
2025-11-16 16:30:47.097673: val_loss -0.6352
2025-11-16 16:30:47.097771: Pseudo dice [np.float32(0.9141), np.float32(0.7539), np.float32(0.0)]
2025-11-16 16:30:47.097869: Epoch time: 252.06 s
2025-11-16 16:30:48.162183: 
2025-11-16 16:30:48.162445: Epoch 899
2025-11-16 16:30:48.162573: Current learning rate: 0.00127
2025-11-16 16:34:59.878187: train_loss -0.7382
2025-11-16 16:34:59.878429: val_loss -0.6876
2025-11-16 16:34:59.881929: Pseudo dice [np.float32(0.9102), np.float32(0.7618), np.float32(0.0)]
2025-11-16 16:34:59.882073: Epoch time: 251.72 s
2025-11-16 16:35:01.869666: 
2025-11-16 16:35:01.869869: Epoch 900
2025-11-16 16:35:01.869980: Current learning rate: 0.00126
2025-11-16 16:39:13.735415: train_loss -0.7459
2025-11-16 16:39:13.735645: val_loss -0.6534
2025-11-16 16:39:13.735744: Pseudo dice [np.float32(0.9129), np.float32(0.762), np.float32(0.0)]
2025-11-16 16:39:13.735846: Epoch time: 251.87 s
2025-11-16 16:39:14.722974: 
2025-11-16 16:39:14.723253: Epoch 901
2025-11-16 16:39:14.723390: Current learning rate: 0.00125
2025-11-16 16:43:26.587329: train_loss -0.737
2025-11-16 16:43:26.587558: val_loss -0.6816
2025-11-16 16:43:26.587715: Pseudo dice [np.float32(0.9188), np.float32(0.7501), np.float32(0.0)]
2025-11-16 16:43:26.587823: Epoch time: 251.87 s
2025-11-16 16:43:27.657206: 
2025-11-16 16:43:27.657384: Epoch 902
2025-11-16 16:43:27.657487: Current learning rate: 0.00124
2025-11-16 16:47:39.376850: train_loss -0.7463
2025-11-16 16:47:39.377134: val_loss -0.7113
2025-11-16 16:47:39.377279: Pseudo dice [np.float32(0.9162), np.float32(0.7687), np.float32(0.0)]
2025-11-16 16:47:39.377381: Epoch time: 251.72 s
2025-11-16 16:47:40.448563: 
2025-11-16 16:47:40.448837: Epoch 903
2025-11-16 16:47:40.449040: Current learning rate: 0.00122
2025-11-16 16:51:52.231795: train_loss -0.7483
2025-11-16 16:51:52.232052: val_loss -0.6618
2025-11-16 16:51:52.232161: Pseudo dice [np.float32(0.9083), np.float32(0.761), np.float32(0.0)]
2025-11-16 16:51:52.232260: Epoch time: 251.78 s
2025-11-16 16:51:53.303793: 
2025-11-16 16:51:53.304050: Epoch 904
2025-11-16 16:51:53.304301: Current learning rate: 0.00121
2025-11-16 16:56:05.084098: train_loss -0.7565
2025-11-16 16:56:05.084346: val_loss -0.6682
2025-11-16 16:56:05.084445: Pseudo dice [np.float32(0.9182), np.float32(0.7615), np.float32(0.0)]
2025-11-16 16:56:05.084545: Epoch time: 251.78 s
2025-11-16 16:56:06.161897: 
2025-11-16 16:56:06.162168: Epoch 905
2025-11-16 16:56:06.162471: Current learning rate: 0.0012
2025-11-16 17:00:17.699163: train_loss -0.7554
2025-11-16 17:00:17.699442: val_loss -0.6961
2025-11-16 17:00:17.699544: Pseudo dice [np.float32(0.9177), np.float32(0.7678), np.float32(0.0)]
2025-11-16 17:00:17.699643: Epoch time: 251.54 s
2025-11-16 17:00:18.767933: 
2025-11-16 17:00:18.768328: Epoch 906
2025-11-16 17:00:18.768639: Current learning rate: 0.00119
2025-11-16 17:04:30.391580: train_loss -0.7452
2025-11-16 17:04:30.391823: val_loss -0.7055
2025-11-16 17:04:30.391922: Pseudo dice [np.float32(0.9218), np.float32(0.7621), np.float32(0.0)]
2025-11-16 17:04:30.392021: Epoch time: 251.62 s
2025-11-16 17:04:31.467710: 
2025-11-16 17:04:31.467894: Epoch 907
2025-11-16 17:04:31.468006: Current learning rate: 0.00118
2025-11-16 17:08:43.449092: train_loss -0.7461
2025-11-16 17:08:43.449342: val_loss -0.7001
2025-11-16 17:08:43.449444: Pseudo dice [np.float32(0.9287), np.float32(0.7537), np.float32(0.0)]
2025-11-16 17:08:43.449543: Epoch time: 251.98 s
2025-11-16 17:08:44.528868: 
2025-11-16 17:08:44.529036: Epoch 908
2025-11-16 17:08:44.529152: Current learning rate: 0.00117
2025-11-16 17:12:56.487083: train_loss -0.7583
2025-11-16 17:12:56.487320: val_loss -0.6799
2025-11-16 17:12:56.487420: Pseudo dice [np.float32(0.9138), np.float32(0.764), np.float32(0.0)]
2025-11-16 17:12:56.487518: Epoch time: 251.96 s
2025-11-16 17:12:57.554723: 
2025-11-16 17:12:57.554909: Epoch 909
2025-11-16 17:12:57.555022: Current learning rate: 0.00116
2025-11-16 17:17:09.536378: train_loss -0.7511
2025-11-16 17:17:09.536606: val_loss -0.6717
2025-11-16 17:17:09.536704: Pseudo dice [np.float32(0.912), np.float32(0.7563), np.float32(0.0)]
2025-11-16 17:17:09.536803: Epoch time: 251.98 s
2025-11-16 17:17:10.616496: 
2025-11-16 17:17:10.616784: Epoch 910
2025-11-16 17:17:10.616912: Current learning rate: 0.00115
2025-11-16 17:21:22.525130: train_loss -0.7665
2025-11-16 17:21:22.525367: val_loss -0.6707
2025-11-16 17:21:22.525464: Pseudo dice [np.float32(0.917), np.float32(0.7553), np.float32(0.0)]
2025-11-16 17:21:22.525560: Epoch time: 251.91 s
2025-11-16 17:21:23.597447: 
2025-11-16 17:21:23.597672: Epoch 911
2025-11-16 17:21:23.597797: Current learning rate: 0.00113
2025-11-16 17:25:35.359835: train_loss -0.7309
2025-11-16 17:25:35.360058: val_loss -0.6905
2025-11-16 17:25:35.360158: Pseudo dice [np.float32(0.9187), np.float32(0.7584), np.float32(0.0)]
2025-11-16 17:25:35.360256: Epoch time: 251.76 s
2025-11-16 17:25:36.411833: 
2025-11-16 17:25:36.412034: Epoch 912
2025-11-16 17:25:36.412176: Current learning rate: 0.00112
2025-11-16 17:29:48.125554: train_loss -0.7479
2025-11-16 17:29:48.125783: val_loss -0.6929
2025-11-16 17:29:48.125883: Pseudo dice [np.float32(0.9154), np.float32(0.7673), np.float32(0.0)]
2025-11-16 17:29:48.125981: Epoch time: 251.71 s
2025-11-16 17:29:49.203903: 
2025-11-16 17:29:49.204059: Epoch 913
2025-11-16 17:29:49.204164: Current learning rate: 0.00111
2025-11-16 17:34:00.958282: train_loss -0.7458
2025-11-16 17:34:00.958514: val_loss -0.6905
2025-11-16 17:34:00.958612: Pseudo dice [np.float32(0.9142), np.float32(0.7673), np.float32(0.0)]
2025-11-16 17:34:00.958710: Epoch time: 251.76 s
2025-11-16 17:34:02.026122: 
2025-11-16 17:34:02.026305: Epoch 914
2025-11-16 17:34:02.026416: Current learning rate: 0.0011
2025-11-16 17:38:13.480962: train_loss -0.7538
2025-11-16 17:38:13.481198: val_loss -0.6703
2025-11-16 17:38:13.481302: Pseudo dice [np.float32(0.9228), np.float32(0.7577), np.float32(0.0)]
2025-11-16 17:38:13.481400: Epoch time: 251.46 s
2025-11-16 17:38:14.551237: 
2025-11-16 17:38:14.551407: Epoch 915
2025-11-16 17:38:14.551517: Current learning rate: 0.00109
2025-11-16 17:42:26.549783: train_loss -0.7619
2025-11-16 17:42:26.550014: val_loss -0.7024
2025-11-16 17:42:26.550114: Pseudo dice [np.float32(0.9207), np.float32(0.7682), np.float32(0.0)]
2025-11-16 17:42:26.550210: Epoch time: 252.0 s
2025-11-16 17:42:27.629610: 
2025-11-16 17:42:27.629813: Epoch 916
2025-11-16 17:42:27.629964: Current learning rate: 0.00108
2025-11-16 17:46:39.631707: train_loss -0.7619
2025-11-16 17:46:39.631940: val_loss -0.706
2025-11-16 17:46:39.632038: Pseudo dice [np.float32(0.9222), np.float32(0.7583), np.float32(0.0)]
2025-11-16 17:46:39.632135: Epoch time: 252.0 s
2025-11-16 17:46:41.288640: 
2025-11-16 17:46:41.288910: Epoch 917
2025-11-16 17:46:41.289081: Current learning rate: 0.00106
2025-11-16 17:50:53.133327: train_loss -0.7571
2025-11-16 17:50:53.133597: val_loss -0.6665
2025-11-16 17:50:53.133704: Pseudo dice [np.float32(0.9134), np.float32(0.7652), np.float32(0.0)]
2025-11-16 17:50:53.133805: Epoch time: 251.85 s
2025-11-16 17:50:54.190003: 
2025-11-16 17:50:54.190226: Epoch 918
2025-11-16 17:50:54.190355: Current learning rate: 0.00105
2025-11-16 17:55:06.119202: train_loss -0.7464
2025-11-16 17:55:06.119441: val_loss -0.6638
2025-11-16 17:55:06.119542: Pseudo dice [np.float32(0.9153), np.float32(0.7629), np.float32(0.0)]
2025-11-16 17:55:06.119640: Epoch time: 251.93 s
2025-11-16 17:55:07.197506: 
2025-11-16 17:55:07.197685: Epoch 919
2025-11-16 17:55:07.197797: Current learning rate: 0.00104
2025-11-16 17:59:19.120403: train_loss -0.7399
2025-11-16 17:59:19.120702: val_loss -0.6782
2025-11-16 17:59:19.120806: Pseudo dice [np.float32(0.9187), np.float32(0.7537), np.float32(0.0)]
2025-11-16 17:59:19.120905: Epoch time: 251.92 s
2025-11-16 17:59:20.137354: 
2025-11-16 17:59:20.137562: Epoch 920
2025-11-16 17:59:20.137678: Current learning rate: 0.00103
2025-11-16 18:03:31.921531: train_loss -0.7483
2025-11-16 18:03:31.940187: val_loss -0.6684
2025-11-16 18:03:31.940382: Pseudo dice [np.float32(0.9153), np.float32(0.7638), np.float32(0.0)]
2025-11-16 18:03:31.940481: Epoch time: 251.79 s
2025-11-16 18:03:32.936605: 
2025-11-16 18:03:32.936803: Epoch 921
2025-11-16 18:03:32.936916: Current learning rate: 0.00102
2025-11-16 18:07:44.773647: train_loss -0.7436
2025-11-16 18:07:44.775730: val_loss -0.6657
2025-11-16 18:07:44.775858: Pseudo dice [np.float32(0.9168), np.float32(0.76), np.float32(0.0)]
2025-11-16 18:07:44.803088: Epoch time: 251.84 s
2025-11-16 18:07:45.877157: 
2025-11-16 18:07:45.877411: Epoch 922
2025-11-16 18:07:45.877533: Current learning rate: 0.00101
2025-11-16 18:11:57.526560: train_loss -0.7509
2025-11-16 18:11:57.527074: val_loss -0.6067
2025-11-16 18:11:57.527182: Pseudo dice [np.float32(0.9097), np.float32(0.7489), np.float32(0.0)]
2025-11-16 18:11:57.527291: Epoch time: 251.65 s
2025-11-16 18:11:58.603374: 
2025-11-16 18:11:58.603554: Epoch 923
2025-11-16 18:11:58.603747: Current learning rate: 0.001
2025-11-16 18:16:10.391350: train_loss -0.7518
2025-11-16 18:16:10.391785: val_loss -0.6265
2025-11-16 18:16:10.391891: Pseudo dice [np.float32(0.9128), np.float32(0.7588), np.float32(0.0)]
2025-11-16 18:16:10.391995: Epoch time: 251.79 s
2025-11-16 18:16:11.474259: 
2025-11-16 18:16:11.474450: Epoch 924
2025-11-16 18:16:11.474562: Current learning rate: 0.00098
2025-11-16 18:20:23.855886: train_loss -0.7435
2025-11-16 18:20:23.856991: val_loss -0.6619
2025-11-16 18:20:23.857087: Pseudo dice [np.float32(0.9166), np.float32(0.7611), np.float32(0.0)]
2025-11-16 18:20:23.857183: Epoch time: 252.38 s
2025-11-16 18:20:24.857620: 
2025-11-16 18:20:24.857840: Epoch 925
2025-11-16 18:20:24.858008: Current learning rate: 0.00097
2025-11-16 18:24:36.636990: train_loss -0.7497
2025-11-16 18:24:36.637442: val_loss -0.6458
2025-11-16 18:24:36.637546: Pseudo dice [np.float32(0.9133), np.float32(0.7664), np.float32(0.0)]
2025-11-16 18:24:36.637647: Epoch time: 251.78 s
2025-11-16 18:24:37.635988: 
2025-11-16 18:24:37.636221: Epoch 926
2025-11-16 18:24:37.636391: Current learning rate: 0.00096
2025-11-16 18:28:49.308131: train_loss -0.7526
2025-11-16 18:28:49.308505: val_loss -0.6703
2025-11-16 18:28:49.308607: Pseudo dice [np.float32(0.9215), np.float32(0.761), np.float32(0.0)]
2025-11-16 18:28:49.308704: Epoch time: 251.67 s
2025-11-16 18:28:50.381665: 
2025-11-16 18:28:50.381868: Epoch 927
2025-11-16 18:28:50.382003: Current learning rate: 0.00095
2025-11-16 18:33:02.188471: train_loss -0.7476
2025-11-16 18:33:02.188918: val_loss -0.6272
2025-11-16 18:33:02.189020: Pseudo dice [np.float32(0.918), np.float32(0.763), np.float32(0.0)]
2025-11-16 18:33:02.189120: Epoch time: 251.81 s
2025-11-16 18:33:03.268442: 
2025-11-16 18:33:03.268655: Epoch 928
2025-11-16 18:33:03.268812: Current learning rate: 0.00094
2025-11-16 18:37:14.997840: train_loss -0.7594
2025-11-16 18:37:14.998231: val_loss -0.7012
2025-11-16 18:37:14.998340: Pseudo dice [np.float32(0.9155), np.float32(0.7516), np.float32(0.0)]
2025-11-16 18:37:14.998438: Epoch time: 251.73 s
2025-11-16 18:37:16.069554: 
2025-11-16 18:37:16.069744: Epoch 929
2025-11-16 18:37:16.069859: Current learning rate: 0.00092
2025-11-16 18:41:27.729630: train_loss -0.752
2025-11-16 18:41:27.730058: val_loss -0.6567
2025-11-16 18:41:27.730161: Pseudo dice [np.float32(0.9231), np.float32(0.7619), np.float32(0.0)]
2025-11-16 18:41:27.730258: Epoch time: 251.66 s
2025-11-16 18:41:28.806156: 
2025-11-16 18:41:28.806345: Epoch 930
2025-11-16 18:41:28.806460: Current learning rate: 0.00091
2025-11-16 18:45:40.852914: train_loss -0.7511
2025-11-16 18:45:40.853353: val_loss -0.6478
2025-11-16 18:45:40.853454: Pseudo dice [np.float32(0.9162), np.float32(0.7617), np.float32(0.0)]
2025-11-16 18:45:40.853551: Epoch time: 252.05 s
2025-11-16 18:45:41.853364: 
2025-11-16 18:45:41.853646: Epoch 931
2025-11-16 18:45:41.853766: Current learning rate: 0.0009
2025-11-16 18:49:53.854664: train_loss -0.7523
2025-11-16 18:49:53.855170: val_loss -0.646
2025-11-16 18:49:53.855281: Pseudo dice [np.float32(0.9062), np.float32(0.7647), np.float32(0.0)]
2025-11-16 18:49:53.855378: Epoch time: 252.0 s
2025-11-16 18:49:54.929587: 
2025-11-16 18:49:54.929826: Epoch 932
2025-11-16 18:49:54.929949: Current learning rate: 0.00089
2025-11-16 18:54:06.522462: train_loss -0.751
2025-11-16 18:54:06.522908: val_loss -0.6741
2025-11-16 18:54:06.523032: Pseudo dice [np.float32(0.9138), np.float32(0.7651), np.float32(0.0)]
2025-11-16 18:54:06.544064: Epoch time: 251.59 s
2025-11-16 18:54:07.620888: 
2025-11-16 18:54:07.621067: Epoch 933
2025-11-16 18:54:07.621177: Current learning rate: 0.00088
2025-11-16 18:58:19.376977: train_loss -0.7461
2025-11-16 18:58:19.377462: val_loss -0.6676
2025-11-16 18:58:19.377567: Pseudo dice [np.float32(0.9171), np.float32(0.7626), np.float32(0.0)]
2025-11-16 18:58:19.377668: Epoch time: 251.76 s
2025-11-16 18:58:22.211063: 
2025-11-16 18:58:22.211251: Epoch 934
2025-11-16 18:58:22.211366: Current learning rate: 0.00087
2025-11-16 19:02:34.040562: train_loss -0.7615
2025-11-16 19:02:34.041019: val_loss -0.6595
2025-11-16 19:02:34.041120: Pseudo dice [np.float32(0.9109), np.float32(0.7686), np.float32(0.0)]
2025-11-16 19:02:34.041221: Epoch time: 251.83 s
2025-11-16 19:02:35.121637: 
2025-11-16 19:02:35.121841: Epoch 935
2025-11-16 19:02:35.121956: Current learning rate: 0.00085
2025-11-16 19:06:47.054000: train_loss -0.7601
2025-11-16 19:06:47.054440: val_loss -0.6733
2025-11-16 19:06:47.054542: Pseudo dice [np.float32(0.9137), np.float32(0.7582), np.float32(0.0)]
2025-11-16 19:06:47.054640: Epoch time: 251.93 s
2025-11-16 19:06:48.132751: 
2025-11-16 19:06:48.132922: Epoch 936
2025-11-16 19:06:48.133027: Current learning rate: 0.00084
2025-11-16 19:10:59.758565: train_loss -0.7408
2025-11-16 19:10:59.759130: val_loss -0.6622
2025-11-16 19:10:59.759320: Pseudo dice [np.float32(0.9121), np.float32(0.7503), np.float32(0.0)]
2025-11-16 19:10:59.759446: Epoch time: 251.63 s
2025-11-16 19:11:00.807002: 
2025-11-16 19:11:00.807294: Epoch 937
2025-11-16 19:11:00.807460: Current learning rate: 0.00083
2025-11-16 19:15:12.558608: train_loss -0.7498
2025-11-16 19:15:12.559042: val_loss -0.6284
2025-11-16 19:15:12.559142: Pseudo dice [np.float32(0.9082), np.float32(0.7595), np.float32(0.0)]
2025-11-16 19:15:12.559240: Epoch time: 251.75 s
2025-11-16 19:15:13.649955: 
2025-11-16 19:15:13.650215: Epoch 938
2025-11-16 19:15:13.650345: Current learning rate: 0.00082
2025-11-16 19:19:25.409671: train_loss -0.7507
2025-11-16 19:19:25.410080: val_loss -0.653
2025-11-16 19:19:25.410192: Pseudo dice [np.float32(0.9176), np.float32(0.7634), np.float32(0.0)]
2025-11-16 19:19:25.410296: Epoch time: 251.76 s
2025-11-16 19:19:26.482323: 
2025-11-16 19:19:26.482507: Epoch 939
2025-11-16 19:19:26.482626: Current learning rate: 0.00081
2025-11-16 19:23:38.185434: train_loss -0.7518
2025-11-16 19:23:38.185886: val_loss -0.6719
2025-11-16 19:23:38.185987: Pseudo dice [np.float32(0.9158), np.float32(0.7682), np.float32(0.0)]
2025-11-16 19:23:38.186085: Epoch time: 251.7 s
2025-11-16 19:23:39.273866: 
2025-11-16 19:23:39.274136: Epoch 940
2025-11-16 19:23:39.274286: Current learning rate: 0.00079
2025-11-16 19:27:51.010961: train_loss -0.7424
2025-11-16 19:27:51.011405: val_loss -0.6483
2025-11-16 19:27:51.011509: Pseudo dice [np.float32(0.9152), np.float32(0.7679), np.float32(0.0)]
2025-11-16 19:27:51.011607: Epoch time: 251.74 s
2025-11-16 19:27:52.092554: 
2025-11-16 19:27:52.092732: Epoch 941
2025-11-16 19:27:52.092841: Current learning rate: 0.00078
2025-11-16 19:32:03.978234: train_loss -0.7299
2025-11-16 19:32:03.978701: val_loss -0.6507
2025-11-16 19:32:03.978804: Pseudo dice [np.float32(0.9209), np.float32(0.7593), np.float32(0.0)]
2025-11-16 19:32:03.978903: Epoch time: 251.89 s
2025-11-16 19:32:05.062720: 
2025-11-16 19:32:05.062898: Epoch 942
2025-11-16 19:32:05.063012: Current learning rate: 0.00077
2025-11-16 19:36:16.894876: train_loss -0.7546
2025-11-16 19:36:16.896843: val_loss -0.6724
2025-11-16 19:36:16.896939: Pseudo dice [np.float32(0.9155), np.float32(0.7564), np.float32(0.0)]
2025-11-16 19:36:16.897065: Epoch time: 251.83 s
2025-11-16 19:36:17.978064: 
2025-11-16 19:36:17.978290: Epoch 943
2025-11-16 19:36:17.978408: Current learning rate: 0.00076
2025-11-16 19:40:29.930027: train_loss -0.7589
2025-11-16 19:40:29.930517: val_loss -0.6889
2025-11-16 19:40:29.930630: Pseudo dice [np.float32(0.9258), np.float32(0.7648), np.float32(0.0)]
2025-11-16 19:40:30.038175: Epoch time: 251.95 s
2025-11-16 19:40:31.122449: 
2025-11-16 19:40:31.122729: Epoch 944
2025-11-16 19:40:31.122885: Current learning rate: 0.00075
2025-11-16 19:44:42.996610: train_loss -0.747
2025-11-16 19:44:42.997067: val_loss -0.6489
2025-11-16 19:44:42.997212: Pseudo dice [np.float32(0.9198), np.float32(0.7621), np.float32(0.0)]
2025-11-16 19:44:42.997353: Epoch time: 251.88 s
2025-11-16 19:44:44.076679: 
2025-11-16 19:44:44.076940: Epoch 945
2025-11-16 19:44:44.077079: Current learning rate: 0.00074
2025-11-16 19:48:55.881744: train_loss -0.7373
2025-11-16 19:48:55.882267: val_loss -0.6681
2025-11-16 19:48:55.882413: Pseudo dice [np.float32(0.916), np.float32(0.7535), np.float32(0.0)]
2025-11-16 19:48:55.882548: Epoch time: 251.81 s
2025-11-16 19:48:56.968435: 
2025-11-16 19:48:56.968621: Epoch 946
2025-11-16 19:48:56.968766: Current learning rate: 0.00072
2025-11-16 19:53:09.021334: train_loss -0.7557
2025-11-16 19:53:09.021842: val_loss -0.6985
2025-11-16 19:53:09.021976: Pseudo dice [np.float32(0.9164), np.float32(0.763), np.float32(0.0)]
2025-11-16 19:53:09.022111: Epoch time: 252.05 s
2025-11-16 19:53:10.098715: 
2025-11-16 19:53:10.098944: Epoch 947
2025-11-16 19:53:10.099094: Current learning rate: 0.00071
2025-11-16 19:57:21.797951: train_loss -0.7538
2025-11-16 19:57:21.798488: val_loss -0.7085
2025-11-16 19:57:21.798625: Pseudo dice [np.float32(0.9188), np.float32(0.7636), np.float32(0.0)]
2025-11-16 19:57:21.798758: Epoch time: 251.7 s
2025-11-16 19:57:22.870890: 
2025-11-16 19:57:22.871108: Epoch 948
2025-11-16 19:57:22.871265: Current learning rate: 0.0007
2025-11-16 20:01:34.804766: train_loss -0.7375
2025-11-16 20:01:34.805190: val_loss -0.6385
2025-11-16 20:01:34.805327: Pseudo dice [np.float32(0.9179), np.float32(0.7643), np.float32(0.0)]
2025-11-16 20:01:34.805456: Epoch time: 251.93 s
2025-11-16 20:01:35.898213: 
2025-11-16 20:01:35.898509: Epoch 949
2025-11-16 20:01:35.898657: Current learning rate: 0.00069
2025-11-16 20:05:47.612761: train_loss -0.7615
2025-11-16 20:05:47.613235: val_loss -0.6721
2025-11-16 20:05:47.613382: Pseudo dice [np.float32(0.9242), np.float32(0.7597), np.float32(0.0)]
2025-11-16 20:05:47.613520: Epoch time: 251.72 s
2025-11-16 20:05:48.964276: 
2025-11-16 20:05:48.964470: Epoch 950
2025-11-16 20:05:48.964613: Current learning rate: 0.00067
2025-11-16 20:10:00.630005: train_loss -0.746
2025-11-16 20:10:00.630542: val_loss -0.6627
2025-11-16 20:10:00.630682: Pseudo dice [np.float32(0.9135), np.float32(0.7587), np.float32(0.0)]
2025-11-16 20:10:00.630816: Epoch time: 251.67 s
2025-11-16 20:10:02.324006: 
2025-11-16 20:10:02.324519: Epoch 951
2025-11-16 20:10:02.324877: Current learning rate: 0.00066
2025-11-16 20:14:14.215577: train_loss -0.741
2025-11-16 20:14:14.216031: val_loss -0.6934
2025-11-16 20:14:14.216168: Pseudo dice [np.float32(0.9155), np.float32(0.7558), np.float32(0.0)]
2025-11-16 20:14:14.216349: Epoch time: 251.89 s
2025-11-16 20:14:15.292802: 
2025-11-16 20:14:15.293015: Epoch 952
2025-11-16 20:14:15.293160: Current learning rate: 0.00065
2025-11-16 20:18:27.274240: train_loss -0.7493
2025-11-16 20:18:27.274751: val_loss -0.7088
2025-11-16 20:18:27.274887: Pseudo dice [np.float32(0.9208), np.float32(0.7678), np.float32(0.0)]
2025-11-16 20:18:27.275022: Epoch time: 251.98 s
2025-11-16 20:18:28.352237: 
2025-11-16 20:18:28.352452: Epoch 953
2025-11-16 20:18:28.352588: Current learning rate: 0.00064
2025-11-16 20:22:40.001631: train_loss -0.7507
2025-11-16 20:22:40.002095: val_loss -0.6543
2025-11-16 20:22:40.002226: Pseudo dice [np.float32(0.9062), np.float32(0.7612), np.float32(0.0)]
2025-11-16 20:22:40.002359: Epoch time: 251.65 s
2025-11-16 20:22:41.100307: 
2025-11-16 20:22:41.100558: Epoch 954
2025-11-16 20:22:41.100732: Current learning rate: 0.00063
2025-11-16 20:26:52.982741: train_loss -0.7546
2025-11-16 20:26:52.983230: val_loss -0.6718
2025-11-16 20:26:52.983379: Pseudo dice [np.float32(0.9144), np.float32(0.7575), np.float32(0.0)]
2025-11-16 20:26:52.983517: Epoch time: 251.88 s
2025-11-16 20:26:54.074916: 
2025-11-16 20:26:54.075123: Epoch 955
2025-11-16 20:26:54.075289: Current learning rate: 0.00061
2025-11-16 20:31:05.922345: train_loss -0.7629
2025-11-16 20:31:05.922805: val_loss -0.6888
2025-11-16 20:31:05.922941: Pseudo dice [np.float32(0.9184), np.float32(0.7673), np.float32(0.0)]
2025-11-16 20:31:05.923076: Epoch time: 251.85 s
2025-11-16 20:31:07.009897: 
2025-11-16 20:31:07.010177: Epoch 956
2025-11-16 20:31:07.010326: Current learning rate: 0.0006
2025-11-16 20:35:18.605755: train_loss -0.7402
2025-11-16 20:35:18.606231: val_loss -0.6632
2025-11-16 20:35:18.606374: Pseudo dice [np.float32(0.9149), np.float32(0.7674), np.float32(0.0)]
2025-11-16 20:35:18.606508: Epoch time: 251.6 s
2025-11-16 20:35:19.690717: 
2025-11-16 20:35:19.690945: Epoch 957
2025-11-16 20:35:19.691100: Current learning rate: 0.00059
2025-11-16 20:39:31.603292: train_loss -0.7617
2025-11-16 20:39:31.603755: val_loss -0.6656
2025-11-16 20:39:31.603892: Pseudo dice [np.float32(0.9169), np.float32(0.7616), np.float32(0.0)]
2025-11-16 20:39:31.604024: Epoch time: 251.91 s
2025-11-16 20:39:32.700163: 
2025-11-16 20:39:32.700437: Epoch 958
2025-11-16 20:39:32.700587: Current learning rate: 0.00058
2025-11-16 20:43:44.567057: train_loss -0.7491
2025-11-16 20:43:44.567571: val_loss -0.7048
2025-11-16 20:43:44.567708: Pseudo dice [np.float32(0.9233), np.float32(0.7657), np.float32(0.0)]
2025-11-16 20:43:44.567842: Epoch time: 251.87 s
2025-11-16 20:43:45.668143: 
2025-11-16 20:43:45.668367: Epoch 959
2025-11-16 20:43:45.668514: Current learning rate: 0.00056
2025-11-16 20:47:57.554991: train_loss -0.755
2025-11-16 20:47:57.555521: val_loss -0.7042
2025-11-16 20:47:57.555659: Pseudo dice [np.float32(0.9174), np.float32(0.7588), np.float32(0.0)]
2025-11-16 20:47:57.555791: Epoch time: 251.89 s
2025-11-16 20:47:58.650649: 
2025-11-16 20:47:58.650914: Epoch 960
2025-11-16 20:47:58.651056: Current learning rate: 0.00055
2025-11-16 20:52:10.380897: train_loss -0.747
2025-11-16 20:52:10.381488: val_loss -0.6824
2025-11-16 20:52:10.381697: Pseudo dice [np.float32(0.9211), np.float32(0.7672), np.float32(0.0)]
2025-11-16 20:52:10.381922: Epoch time: 251.73 s
2025-11-16 20:52:11.472331: 
2025-11-16 20:52:11.472547: Epoch 961
2025-11-16 20:52:11.472693: Current learning rate: 0.00054
2025-11-16 20:56:23.228615: train_loss -0.7503
2025-11-16 20:56:23.229076: val_loss -0.7067
2025-11-16 20:56:23.229209: Pseudo dice [np.float32(0.9169), np.float32(0.7621), np.float32(0.0)]
2025-11-16 20:56:23.229384: Epoch time: 251.76 s
2025-11-16 20:56:24.306124: 
2025-11-16 20:56:24.306447: Epoch 962
2025-11-16 20:56:24.306590: Current learning rate: 0.00053
2025-11-16 21:00:36.019454: train_loss -0.7335
2025-11-16 21:00:36.019923: val_loss -0.6546
2025-11-16 21:00:36.020060: Pseudo dice [np.float32(0.916), np.float32(0.7536), np.float32(0.0)]
2025-11-16 21:00:36.020193: Epoch time: 251.71 s
2025-11-16 21:00:37.050974: 
2025-11-16 21:00:37.051252: Epoch 963
2025-11-16 21:00:37.051426: Current learning rate: 0.00051
2025-11-16 21:04:48.618391: train_loss -0.7549
2025-11-16 21:04:48.618904: val_loss -0.6471
2025-11-16 21:04:48.619043: Pseudo dice [np.float32(0.9124), np.float32(0.7654), np.float32(0.0)]
2025-11-16 21:04:48.619175: Epoch time: 251.57 s
2025-11-16 21:04:49.702624: 
2025-11-16 21:04:49.702880: Epoch 964
2025-11-16 21:04:49.703022: Current learning rate: 0.0005
2025-11-16 21:09:01.386476: train_loss -0.7505
2025-11-16 21:09:01.386912: val_loss -0.659
2025-11-16 21:09:01.387051: Pseudo dice [np.float32(0.9118), np.float32(0.7664), np.float32(0.0)]
2025-11-16 21:09:01.387186: Epoch time: 251.68 s
2025-11-16 21:09:02.468420: 
2025-11-16 21:09:02.468702: Epoch 965
2025-11-16 21:09:02.468852: Current learning rate: 0.00049
2025-11-16 21:13:14.077507: train_loss -0.7533
2025-11-16 21:13:14.077973: val_loss -0.6878
2025-11-16 21:13:14.078159: Pseudo dice [np.float32(0.9194), np.float32(0.7693), np.float32(0.0)]
2025-11-16 21:13:14.078321: Epoch time: 251.61 s
2025-11-16 21:13:15.163185: 
2025-11-16 21:13:15.163395: Epoch 966
2025-11-16 21:13:15.163543: Current learning rate: 0.00048
2025-11-16 21:17:27.055856: train_loss -0.7657
2025-11-16 21:17:27.056303: val_loss -0.6478
2025-11-16 21:17:27.056442: Pseudo dice [np.float32(0.9073), np.float32(0.755), np.float32(0.0)]
2025-11-16 21:17:27.056607: Epoch time: 251.89 s
2025-11-16 21:17:28.137386: 
2025-11-16 21:17:28.137576: Epoch 967
2025-11-16 21:17:28.137786: Current learning rate: 0.00046
2025-11-16 21:21:40.048211: train_loss -0.7543
2025-11-16 21:21:40.048777: val_loss -0.6936
2025-11-16 21:21:40.048917: Pseudo dice [np.float32(0.9149), np.float32(0.7663), np.float32(0.0)]
2025-11-16 21:21:40.049054: Epoch time: 251.91 s
2025-11-16 21:21:41.700641: 
2025-11-16 21:21:41.700969: Epoch 968
2025-11-16 21:21:41.701125: Current learning rate: 0.00045
2025-11-16 21:25:53.567300: train_loss -0.7354
2025-11-16 21:25:53.568945: val_loss -0.6739
2025-11-16 21:25:53.569055: Pseudo dice [np.float32(0.9202), np.float32(0.7569), np.float32(0.0)]
2025-11-16 21:25:53.569147: Epoch time: 251.87 s
2025-11-16 21:25:54.613448: 
2025-11-16 21:25:54.613731: Epoch 969
2025-11-16 21:25:54.613852: Current learning rate: 0.00044
2025-11-16 21:30:06.136131: train_loss -0.7553
2025-11-16 21:30:06.136371: val_loss -0.644
2025-11-16 21:30:06.136482: Pseudo dice [np.float32(0.9082), np.float32(0.7645), np.float32(0.0)]
2025-11-16 21:30:06.136580: Epoch time: 251.52 s
2025-11-16 21:30:07.223076: 
2025-11-16 21:30:07.223258: Epoch 970
2025-11-16 21:30:07.223377: Current learning rate: 0.00043
2025-11-16 21:34:18.815605: train_loss -0.7406
2025-11-16 21:34:18.816081: val_loss -0.6673
2025-11-16 21:34:18.816186: Pseudo dice [np.float32(0.9185), np.float32(0.7612), np.float32(0.0)]
2025-11-16 21:34:18.816292: Epoch time: 251.59 s
2025-11-16 21:34:19.906790: 
2025-11-16 21:34:19.906975: Epoch 971
2025-11-16 21:34:19.907096: Current learning rate: 0.00041
2025-11-16 21:38:32.061203: train_loss -0.765
2025-11-16 21:38:32.061465: val_loss -0.6784
2025-11-16 21:38:32.061572: Pseudo dice [np.float32(0.9094), np.float32(0.7588), np.float32(0.0)]
2025-11-16 21:38:32.061672: Epoch time: 252.16 s
2025-11-16 21:38:33.154847: 
2025-11-16 21:38:33.155054: Epoch 972
2025-11-16 21:38:33.155257: Current learning rate: 0.0004
2025-11-16 21:42:44.983537: train_loss -0.7683
2025-11-16 21:42:44.983773: val_loss -0.6945
2025-11-16 21:42:44.983869: Pseudo dice [np.float32(0.917), np.float32(0.764), np.float32(0.0)]
2025-11-16 21:42:44.983967: Epoch time: 251.83 s
2025-11-16 21:42:46.072206: 
2025-11-16 21:42:46.072471: Epoch 973
2025-11-16 21:42:46.072634: Current learning rate: 0.00039
2025-11-16 21:46:57.960968: train_loss -0.7564
2025-11-16 21:46:57.961199: val_loss -0.7189
2025-11-16 21:46:57.961304: Pseudo dice [np.float32(0.9226), np.float32(0.7682), np.float32(0.0)]
2025-11-16 21:46:57.961402: Epoch time: 251.89 s
2025-11-16 21:46:59.038816: 
2025-11-16 21:46:59.039009: Epoch 974
2025-11-16 21:46:59.039132: Current learning rate: 0.00037
2025-11-16 21:51:10.648330: train_loss -0.7521
2025-11-16 21:51:10.648607: val_loss -0.6586
2025-11-16 21:51:10.648708: Pseudo dice [np.float32(0.917), np.float32(0.7662), np.float32(0.0)]
2025-11-16 21:51:10.648806: Epoch time: 251.61 s
2025-11-16 21:51:11.741939: 
2025-11-16 21:51:11.742136: Epoch 975
2025-11-16 21:51:11.742251: Current learning rate: 0.00036
2025-11-16 21:55:23.336876: train_loss -0.751
2025-11-16 21:55:23.337113: val_loss -0.6558
2025-11-16 21:55:23.337280: Pseudo dice [np.float32(0.917), np.float32(0.7629), np.float32(0.0)]
2025-11-16 21:55:23.337384: Epoch time: 251.6 s
2025-11-16 21:55:24.419861: 
2025-11-16 21:55:24.420125: Epoch 976
2025-11-16 21:55:24.420285: Current learning rate: 0.00035
2025-11-16 21:59:36.200813: train_loss -0.7495
2025-11-16 21:59:36.201045: val_loss -0.6363
2025-11-16 21:59:36.201143: Pseudo dice [np.float32(0.9127), np.float32(0.7617), np.float32(0.0)]
2025-11-16 21:59:36.201239: Epoch time: 251.78 s
2025-11-16 21:59:37.292215: 
2025-11-16 21:59:37.292392: Epoch 977
2025-11-16 21:59:37.292518: Current learning rate: 0.00034
2025-11-16 22:03:49.096734: train_loss -0.76
2025-11-16 22:03:49.096969: val_loss -0.6763
2025-11-16 22:03:49.097067: Pseudo dice [np.float32(0.9092), np.float32(0.7619), np.float32(0.0)]
2025-11-16 22:03:49.097163: Epoch time: 251.81 s
2025-11-16 22:03:50.179489: 
2025-11-16 22:03:50.179723: Epoch 978
2025-11-16 22:03:50.179849: Current learning rate: 0.00032
2025-11-16 22:08:02.160078: train_loss -0.7699
2025-11-16 22:08:02.160330: val_loss -0.6797
2025-11-16 22:08:02.160430: Pseudo dice [np.float32(0.9235), np.float32(0.7615), np.float32(0.0)]
2025-11-16 22:08:02.160529: Epoch time: 251.98 s
2025-11-16 22:08:03.242891: 
2025-11-16 22:08:03.243151: Epoch 979
2025-11-16 22:08:03.243285: Current learning rate: 0.00031
2025-11-16 22:12:14.873487: train_loss -0.7565
2025-11-16 22:12:14.873738: val_loss -0.7175
2025-11-16 22:12:14.873843: Pseudo dice [np.float32(0.9202), np.float32(0.7621), np.float32(0.0)]
2025-11-16 22:12:14.873942: Epoch time: 251.63 s
2025-11-16 22:12:15.965711: 
2025-11-16 22:12:15.965991: Epoch 980
2025-11-16 22:12:15.966123: Current learning rate: 0.0003
2025-11-16 22:16:27.658937: train_loss -0.7615
2025-11-16 22:16:27.659176: val_loss -0.6493
2025-11-16 22:16:27.659306: Pseudo dice [np.float32(0.9125), np.float32(0.7613), np.float32(0.0)]
2025-11-16 22:16:27.659407: Epoch time: 251.69 s
2025-11-16 22:16:28.750599: 
2025-11-16 22:16:28.750767: Epoch 981
2025-11-16 22:16:28.750876: Current learning rate: 0.00028
2025-11-16 22:20:40.494521: train_loss -0.7522
2025-11-16 22:20:40.494756: val_loss -0.6796
2025-11-16 22:20:40.494854: Pseudo dice [np.float32(0.9193), np.float32(0.7597), np.float32(0.0)]
2025-11-16 22:20:40.494951: Epoch time: 251.74 s
2025-11-16 22:20:41.504200: 
2025-11-16 22:20:41.504459: Epoch 982
2025-11-16 22:20:41.504580: Current learning rate: 0.00027
2025-11-16 22:24:52.928083: train_loss -0.7742
2025-11-16 22:24:52.928324: val_loss -0.6797
2025-11-16 22:24:52.928425: Pseudo dice [np.float32(0.9184), np.float32(0.7626), np.float32(0.0)]
2025-11-16 22:24:52.928521: Epoch time: 251.42 s
2025-11-16 22:24:54.022267: 
2025-11-16 22:24:54.022434: Epoch 983
2025-11-16 22:24:54.022546: Current learning rate: 0.00026
2025-11-16 22:29:05.296100: train_loss -0.7584
2025-11-16 22:29:05.296337: val_loss -0.6654
2025-11-16 22:29:05.296439: Pseudo dice [np.float32(0.9171), np.float32(0.7608), np.float32(0.0)]
2025-11-16 22:29:05.296537: Epoch time: 251.27 s
2025-11-16 22:29:06.977831: 
2025-11-16 22:29:06.978074: Epoch 984
2025-11-16 22:29:06.978202: Current learning rate: 0.00024
2025-11-16 22:33:18.546280: train_loss -0.7521
2025-11-16 22:33:18.546515: val_loss -0.6476
2025-11-16 22:33:18.546631: Pseudo dice [np.float32(0.9091), np.float32(0.7594), np.float32(0.0)]
2025-11-16 22:33:18.546731: Epoch time: 251.57 s
2025-11-16 22:33:19.645530: 
2025-11-16 22:33:19.645714: Epoch 985
2025-11-16 22:33:19.645819: Current learning rate: 0.00023
2025-11-16 22:37:31.464235: train_loss -0.743
2025-11-16 22:37:31.464480: val_loss -0.6954
2025-11-16 22:37:31.464603: Pseudo dice [np.float32(0.9182), np.float32(0.763), np.float32(0.0)]
2025-11-16 22:37:31.464703: Epoch time: 251.82 s
2025-11-16 22:37:32.555145: 
2025-11-16 22:37:32.555329: Epoch 986
2025-11-16 22:37:32.555441: Current learning rate: 0.00021
2025-11-16 22:41:44.293854: train_loss -0.7511
2025-11-16 22:41:44.294100: val_loss -0.681
2025-11-16 22:41:44.294200: Pseudo dice [np.float32(0.9131), np.float32(0.7694), np.float32(0.0)]
2025-11-16 22:41:44.294306: Epoch time: 251.74 s
2025-11-16 22:41:45.386189: 
2025-11-16 22:41:45.386444: Epoch 987
2025-11-16 22:41:45.386572: Current learning rate: 0.0002
2025-11-16 22:45:57.068612: train_loss -0.7542
2025-11-16 22:45:57.068852: val_loss -0.7025
2025-11-16 22:45:57.068951: Pseudo dice [np.float32(0.9142), np.float32(0.7613), np.float32(0.0)]
2025-11-16 22:45:57.072323: Epoch time: 251.68 s
2025-11-16 22:45:58.167050: 
2025-11-16 22:45:58.167270: Epoch 988
2025-11-16 22:45:58.167393: Current learning rate: 0.00019
2025-11-16 22:50:09.664227: train_loss -0.7707
2025-11-16 22:50:09.664478: val_loss -0.6623
2025-11-16 22:50:09.664624: Pseudo dice [np.float32(0.9118), np.float32(0.763), np.float32(0.0)]
2025-11-16 22:50:09.664729: Epoch time: 251.5 s
2025-11-16 22:50:10.745925: 
2025-11-16 22:50:10.746086: Epoch 989
2025-11-16 22:50:10.746234: Current learning rate: 0.00017
2025-11-16 22:54:22.885403: train_loss -0.752
2025-11-16 22:54:22.885631: val_loss -0.6729
2025-11-16 22:54:22.885729: Pseudo dice [np.float32(0.9147), np.float32(0.7651), np.float32(0.0)]
2025-11-16 22:54:22.885826: Epoch time: 252.14 s
2025-11-16 22:54:23.891929: 
2025-11-16 22:54:23.892122: Epoch 990
2025-11-16 22:54:23.892236: Current learning rate: 0.00016
2025-11-16 22:58:35.352697: train_loss -0.7542
2025-11-16 22:58:35.352938: val_loss -0.6805
2025-11-16 22:58:35.353035: Pseudo dice [np.float32(0.918), np.float32(0.7539), np.float32(0.0)]
2025-11-16 22:58:35.353134: Epoch time: 251.46 s
2025-11-16 22:58:36.455138: 
2025-11-16 22:58:36.455337: Epoch 991
2025-11-16 22:58:36.455499: Current learning rate: 0.00014
2025-11-16 23:02:48.403920: train_loss -0.751
2025-11-16 23:02:48.404118: val_loss -0.652
2025-11-16 23:02:48.404214: Pseudo dice [np.float32(0.91), np.float32(0.7627), np.float32(0.0)]
2025-11-16 23:02:48.404317: Epoch time: 251.95 s
2025-11-16 23:02:49.487589: 
2025-11-16 23:02:49.487774: Epoch 992
2025-11-16 23:02:49.487885: Current learning rate: 0.00013
2025-11-16 23:07:01.285609: train_loss -0.7563
2025-11-16 23:07:01.285825: val_loss -0.7362
2025-11-16 23:07:01.285922: Pseudo dice [np.float32(0.9192), np.float32(0.7642), np.float32(0.0)]
2025-11-16 23:07:01.286017: Epoch time: 251.8 s
2025-11-16 23:07:02.378150: 
2025-11-16 23:07:02.378329: Epoch 993
2025-11-16 23:07:02.378440: Current learning rate: 0.00011
2025-11-16 23:11:13.838602: train_loss -0.7628
2025-11-16 23:11:13.838897: val_loss -0.6768
2025-11-16 23:11:13.838998: Pseudo dice [np.float32(0.9106), np.float32(0.7687), np.float32(0.0)]
2025-11-16 23:11:13.839094: Epoch time: 251.46 s
2025-11-16 23:11:14.940157: 
2025-11-16 23:11:14.940334: Epoch 994
2025-11-16 23:11:14.940446: Current learning rate: 0.0001
2025-11-16 23:15:26.564188: train_loss -0.7508
2025-11-16 23:15:26.564428: val_loss -0.6872
2025-11-16 23:15:26.564528: Pseudo dice [np.float32(0.9195), np.float32(0.767), np.float32(0.0)]
2025-11-16 23:15:26.564626: Epoch time: 251.62 s
2025-11-16 23:15:27.642637: 
2025-11-16 23:15:27.642793: Epoch 995
2025-11-16 23:15:27.642904: Current learning rate: 8e-05
2025-11-16 23:19:39.078141: train_loss -0.7743
2025-11-16 23:19:39.078382: val_loss -0.638
2025-11-16 23:19:39.078479: Pseudo dice [np.float32(0.9156), np.float32(0.7581), np.float32(0.0)]
2025-11-16 23:19:39.078638: Epoch time: 251.44 s
2025-11-16 23:19:40.163083: 
2025-11-16 23:19:40.163426: Epoch 996
2025-11-16 23:19:40.163670: Current learning rate: 7e-05
2025-11-16 23:23:51.897875: train_loss -0.753
2025-11-16 23:23:51.898098: val_loss -0.6696
2025-11-16 23:23:51.898193: Pseudo dice [np.float32(0.915), np.float32(0.7625), np.float32(0.0)]
2025-11-16 23:23:51.898297: Epoch time: 251.74 s
2025-11-16 23:23:52.989742: 
2025-11-16 23:23:52.989910: Epoch 997
2025-11-16 23:23:52.990030: Current learning rate: 5e-05
2025-11-16 23:28:04.812198: train_loss -0.7592
2025-11-16 23:28:04.812448: val_loss -0.6152
2025-11-16 23:28:04.812547: Pseudo dice [np.float32(0.9091), np.float32(0.7622), np.float32(0.0)]
2025-11-16 23:28:04.812647: Epoch time: 251.82 s
2025-11-16 23:28:05.908041: 
2025-11-16 23:28:05.908281: Epoch 998
2025-11-16 23:28:05.908409: Current learning rate: 4e-05
2025-11-16 23:32:17.445371: train_loss -0.7606
2025-11-16 23:32:17.445609: val_loss -0.7001
2025-11-16 23:32:17.445707: Pseudo dice [np.float32(0.9247), np.float32(0.7618), np.float32(0.0)]
2025-11-16 23:32:17.445805: Epoch time: 251.54 s
2025-11-16 23:32:18.530716: 
2025-11-16 23:32:18.530903: Epoch 999
2025-11-16 23:32:18.531176: Current learning rate: 2e-05
2025-11-16 23:36:30.147160: train_loss -0.7435
2025-11-16 23:36:30.147413: val_loss -0.6362
2025-11-16 23:36:30.147514: Pseudo dice [np.float32(0.9106), np.float32(0.7653), np.float32(0.0)]
2025-11-16 23:36:30.147612: Epoch time: 251.62 s
2025-11-16 23:36:32.263974: Training done.
2025-11-16 23:36:32.397885: Using splits from existing split file: /work/u4526725/Dataset/nnUNet/nnUNet_preprocessed/Dataset306_aicup2025/splits_final.json
2025-11-16 23:36:32.454639: The split file contains 5 splits.
2025-11-16 23:36:32.454776: Desired fold for training: 4
2025-11-16 23:36:32.454834: This split has 40 training and 10 validation cases.
2025-11-16 23:36:32.454967: predicting patient0002
2025-11-16 23:36:34.234619: patient0002, shape torch.Size([4, 313, 558, 558]), rank 0
2025-11-16 23:39:35.560198: predicting patient0030
2025-11-16 23:39:37.291390: patient0030, shape torch.Size([4, 319, 535, 535]), rank 0
2025-11-16 23:42:35.560023: predicting patient0035
2025-11-16 23:42:37.358888: patient0035, shape torch.Size([4, 322, 540, 540]), rank 0
2025-11-16 23:45:35.689075: predicting patient0037
2025-11-16 23:45:36.684074: patient0037, shape torch.Size([4, 302, 400, 400]), rank 0
2025-11-16 23:46:56.032696: predicting patient0038
2025-11-16 23:46:57.731936: patient0038, shape torch.Size([4, 316, 540, 540]), rank 0
2025-11-16 23:49:55.924784: predicting patient0042
2025-11-16 23:49:57.537416: patient0042, shape torch.Size([4, 311, 540, 540]), rank 0
2025-11-16 23:52:55.782401: predicting patient0047
2025-11-16 23:52:58.151280: patient0047, shape torch.Size([4, 344, 601, 601]), rank 0
2025-11-16 23:57:41.061749: predicting patient0048
2025-11-16 23:57:42.816941: patient0048, shape torch.Size([4, 302, 558, 558]), rank 0
2025-11-17 00:00:41.213390: predicting patient0049
2025-11-17 00:00:42.585653: patient0049, shape torch.Size([4, 301, 497, 497]), rank 0
2025-11-17 00:03:40.773407: predicting patient0050
2025-11-17 00:03:42.534884: patient0050, shape torch.Size([4, 314, 540, 540]), rank 0
2025-11-17 00:07:25.784663: Validation complete
2025-11-17 00:07:25.784943: Mean Validation Dice:  0.5616593569940068
